major_category,major_code,mid_category,sub_category,sub_category_en,typical_education,typical_entry_age,locality,country_count,learning_cost,education_req,growth_coeff,career_lifespan,opportunity,market_size,supply_demand,developed_scarcity,value_added,cost_performance,stability,safety,occupational_disease,overtime,burnout,skill_versatility,career_switch,reputation_variance,ai_resistance,social_status,remote_friendly,autonomy,family_friendly,fulfillment,entrepreneurship,gender_equality,age_flexibility,social_interaction,physical_demand,license_barrier,cycle_sensitivity,side_job_compat,intl_mobility,industry_monopoly,composite_global_mean,composite_min,composite_max,composite_std,best_country,worst_country,trend_2000_2026,trend_5yr,employer_type,demand_direction,ai_timeline,composite_东亚,composite_东南亚,composite_东欧,composite_中亚/西亚,composite_北欧,composite_北美,composite_南亚,composite_南欧,composite_南美,composite_大洋洲,composite_西欧,composite_非洲,generated_date,data_snapshot_date,source_period
信息技术与数字化,TECH,软件开发,软件架构师,Software Architect,本科/硕士,28-35,global,45,7.58,6.56,8.12,8.0,7.6,4.64,8.11,8.23,8.37,8.0,7.59,9.53,6.53,5.25,5.63,8.07,7.51,0.89,7.04,8.1,8.44,8.48,6.06,8.04,7.58,5.29,7.54,6.49,1.0,1.05,4.46,7.12,8.68,2.12,7.29,6.0,8.19,0.61,芬兰,孟加拉国,4,2,general,↑,2032-2038,7.32,7.0,7.42,7.29,8.17,7.63,6.56,7.23,6.87,7.92,8.05,6.41,2026-04-13,2026-04-13,2000-2026
信息技术与数字化,TECH,人工智能与数据,机器学习工程师,Machine Learning Engineer,硕士/博士,24-30,global,45,7.12,7.08,8.6,7.07,8.55,6.02,8.63,8.74,8.31,8.01,6.05,9.55,6.52,4.68,5.12,8.13,7.15,1.45,7.02,8.12,8.5,7.56,5.49,8.09,7.57,5.27,5.6,4.98,1.0,0.51,3.96,7.07,9.11,3.1,7.14,5.97,8.11,0.61,荷兰,孟加拉国,5,5,general,↑↑,2032-2038,7.17,6.82,7.23,7.17,7.99,7.47,6.41,7.15,6.72,7.76,7.91,6.27,2026-04-13,2026-04-13,2000-2026
信息技术与数字化,TECH,人工智能与数据,AI研究科学家,AI Research Scientist,博士,27-35,global,45,9.03,9.61,8.67,8.11,7.68,3.02,9.07,9.48,8.77,7.08,6.6,9.53,7.0,4.77,5.15,7.57,6.61,0.91,8.04,8.99,7.96,8.55,5.61,9.03,7.02,5.25,5.06,5.51,0.48,1.07,3.44,6.08,9.4,4.1,7.11,6.02,8.0,0.57,荷兰,孟加拉国,5,5,general,↑↑,2035+,7.17,6.82,7.21,7.11,7.96,7.4,6.46,7.08,6.72,7.72,7.83,6.28,2026-04-13,2026-04-13,2000-2026
信息技术与数字化,TECH,网络与安全,信息安全工程师,Cybersecurity Engineer,本科/硕士,23-30,global,45,6.57,5.56,8.09,8.06,8.13,6.04,8.65,8.74,7.57,7.61,7.6,9.01,6.52,4.69,5.19,7.14,6.03,0.87,7.53,7.61,7.64,7.01,5.52,7.53,7.07,4.77,6.53,5.51,0.99,3.52,2.95,7.01,8.3,3.18,7.06,5.68,8.06,0.63,荷兰,孟加拉国,5,4,general,↑↑,2035+,7.18,6.74,7.08,7.09,7.98,7.43,6.25,6.98,6.62,7.74,7.85,6.2,2026-04-13,2026-04-13,2000-2026
信息技术与数字化,TECH,新兴数字职业,AI安全研究员,AI Safety Researcher,博士,27-35,global,45,8.6,9.05,8.15,8.06,7.21,2.02,9.11,9.51,8.43,7.08,6.12,9.51,7.48,5.7,5.61,6.56,5.69,1.39,8.51,8.66,8.03,8.54,5.54,9.08,5.5,5.32,5.1,5.49,0.53,1.01,3.52,5.54,9.08,4.01,6.99,5.82,7.98,0.59,瑞典,孟加拉国,3,5,general,↑↑,2035+,6.95,6.7,7.07,7.06,7.86,7.31,6.32,6.87,6.61,7.58,7.78,6.14,2026-04-13,2026-04-13,2000-2026
信息技术与数字化,TECH,网络与安全,云计算工程师,Cloud Engineer,本科,22-30,global,45,6.01,5.11,8.15,6.98,8.11,7.1,8.19,7.72,7.7,7.58,6.64,9.48,6.52,4.73,5.12,8.11,7.03,1.4,5.51,7.14,8.91,7.01,5.57,7.02,6.51,5.32,6.08,5.51,1.02,1.5,4.0,7.04,8.65,4.08,6.92,5.68,7.89,0.62,德国,孟加拉国,5,4,general,↑↑,2028-2033,7.01,6.6,7.0,6.98,7.76,7.18,6.13,6.88,6.54,7.54,7.76,6.05,2026-04-13,2026-04-13,2000-2026
信息技术与数字化,TECH,人工智能与数据,数据科学家,Data Scientist,硕士/博士,24-30,global,45,7.08,7.09,7.64,7.05,8.12,6.58,7.12,7.26,8.01,7.55,6.14,9.56,6.5,5.23,5.1,8.57,7.06,1.41,5.97,7.67,8.51,7.52,6.05,7.53,7.1,5.74,6.06,5.46,0.52,0.5,4.44,7.49,8.71,2.57,6.92,5.67,7.93,0.63,荷兰,孟加拉国,5,3,general,↑↑,2032-2038,7.02,6.62,6.93,6.9,7.79,7.27,6.18,6.84,6.52,7.58,7.75,6.0,2026-04-13,2026-04-13,2000-2026
信息技术与数字化,TECH,网络与安全,渗透测试工程师,Penetration Tester,本科/自学,22-30,global,45,6.12,5.07,7.64,7.02,7.6,4.03,8.68,8.72,7.63,7.55,7.11,8.52,6.56,5.24,5.12,6.6,5.52,1.42,7.53,7.13,7.61,7.54,5.5,7.58,7.6,4.27,6.02,4.96,0.99,3.0,2.93,7.6,8.2,2.56,6.92,5.76,7.93,0.65,瑞典,尼日利亚,4,4,general,↑↑,2035+,7.04,6.57,6.94,6.95,7.85,7.27,6.22,6.83,6.39,7.56,7.75,6.01,2026-04-13,2026-04-13,2000-2026
信息技术与数字化,TECH,人工智能与数据,大数据架构师,Big Data Architect,本科/硕士,27-35,global,45,7.09,6.56,7.62,7.51,7.14,4.52,7.65,7.75,8.03,7.64,7.13,9.54,6.54,5.18,5.1,7.08,6.59,0.9,5.98,7.62,8.08,8.05,6.01,7.53,6.57,5.28,7.05,6.02,0.96,0.56,3.95,6.59,8.22,3.05,6.91,5.71,7.86,0.62,荷兰,孟加拉国,4,2,general,↑,2032-2038,6.93,6.55,7.1,6.94,7.78,7.29,6.18,6.82,6.54,7.48,7.71,6.01,2026-04-13,2026-04-13,2000-2026
信息技术与数字化,TECH,人工智能与数据,NLP工程师,NLP Engineer,硕士/博士,24-30,global,45,7.54,7.58,8.15,6.55,8.13,5.19,8.68,8.72,8.37,7.55,5.55,9.51,6.53,4.75,5.11,7.54,6.52,1.41,6.49,7.62,8.57,7.54,5.5,8.06,7.06,5.27,5.56,5.03,0.53,0.52,4.45,6.53,8.65,3.52,6.89,5.62,7.83,0.61,瑞典,孟加拉国,5,5,general,↑↑,2032-2038,6.96,6.55,6.98,6.92,7.7,7.23,6.09,6.87,6.45,7.48,7.71,6.02,2026-04-13,2026-04-13,2000-2026
信息技术与数字化,TECH,新兴数字职业,MLOps工程师,MLOps Engineer,本科/硕士,23-30,global,45,6.58,5.61,8.13,6.62,7.67,4.6,8.66,8.2,7.64,7.58,6.07,9.51,6.49,4.74,5.1,7.53,6.57,1.41,6.01,7.14,8.49,7.09,5.58,7.02,6.5,5.23,5.61,5.5,1.0,0.55,3.97,6.53,8.64,3.13,6.84,5.65,7.79,0.62,荷兰,孟加拉国,4,5,general,↑↑,2032-2038,6.88,6.53,6.89,6.88,7.7,7.2,6.09,6.75,6.42,7.51,7.65,5.93,2026-04-13,2026-04-13,2000-2026
信息技术与数字化,TECH,产品与设计,产品经理,Product Manager,本科/硕士,24-30,global,45,5.62,5.58,8.12,7.51,8.1,6.64,6.13,5.77,7.31,7.07,5.54,9.53,7.05,4.69,4.62,8.14,7.53,2.42,6.53,7.11,8.0,7.48,5.56,7.58,8.47,6.23,6.51,8.45,0.5,0.57,5.53,6.51,7.27,2.05,6.81,5.64,7.87,0.65,荷兰,巴基斯坦,4,2,general,↑,2032-2038,6.85,6.49,6.85,6.9,7.69,7.18,6.02,6.64,6.42,7.5,7.66,5.84,2026-04-13,2026-04-13,2000-2026
信息技术与数字化,TECH,软件开发,DevOps工程师,DevOps Engineer,本科,22-30,global,45,6.08,5.04,7.67,7.05,7.64,6.68,7.6,7.27,7.31,7.6,6.59,9.53,6.04,4.74,5.62,7.56,6.56,1.38,5.54,6.64,8.51,7.02,5.52,6.57,6.56,5.31,6.06,5.48,1.0,0.52,4.0,6.56,8.29,2.58,6.79,5.61,7.79,0.65,荷兰,孟加拉国,4,3,general,↑↑,2032-2038,6.91,6.47,6.84,6.81,7.64,7.15,6.04,6.66,6.34,7.45,7.66,5.82,2026-04-13,2026-04-13,2000-2026
信息技术与数字化,TECH,软件开发,全栈工程师,Full-stack Engineer,本科/自学,21-28,global,45,6.06,5.12,7.61,6.51,8.12,7.03,6.64,6.28,7.23,7.54,5.65,9.53,6.51,4.7,5.18,8.5,7.04,1.88,5.07,6.61,8.92,7.56,5.54,7.07,8.57,5.83,5.58,5.5,1.0,0.54,5.48,8.51,8.25,1.56,6.76,5.6,7.7,0.63,德国,孟加拉国,4,2,general,↑,2028-2033,6.84,6.5,6.78,6.78,7.64,7.15,6.06,6.65,6.28,7.37,7.57,5.85,2026-04-13,2026-04-13,2000-2026
信息技术与数字化,TECH,人工智能与数据,计算机视觉工程师,Computer Vision Engineer,硕士/博士,24-30,global,45,7.57,7.48,7.67,7.08,7.62,5.03,8.16,8.27,7.94,7.06,6.11,9.52,6.52,5.24,5.15,7.12,6.07,1.41,6.5,7.69,8.02,7.06,5.51,7.67,7.02,4.77,5.56,4.99,1.0,0.55,4.44,6.56,8.68,3.6,6.74,5.46,7.71,0.63,芬兰,孟加拉国,4,4,general,↑↑,2032-2038,6.83,6.43,6.82,6.75,7.66,7.07,5.97,6.69,6.33,7.31,7.55,5.82,2026-04-13,2026-04-13,2000-2026
信息技术与数字化,TECH,人工智能与数据,数据工程师,Data Engineer,本科/硕士,22-28,global,45,6.08,5.54,7.68,7.0,7.6,6.53,7.66,7.24,7.22,7.52,6.57,9.51,6.5,5.23,5.13,7.02,6.6,1.39,5.45,6.6,8.47,7.05,6.05,6.59,6.07,5.77,6.03,4.96,1.0,0.5,4.46,6.56,8.19,2.52,6.74,5.46,7.73,0.65,瑞典,孟加拉国,4,3,general,↑↑,2028-2033,6.79,6.41,6.83,6.75,7.6,7.17,6.02,6.64,6.28,7.44,7.59,5.81,2026-04-13,2026-04-13,2000-2026
医疗与健康,MED,心理健康,心理治疗师,Psychotherapist,硕士/博士,26-32,global,45,7.57,7.56,7.28,8.58,7.19,6.24,7.76,7.71,6.39,6.01,7.67,8.58,5.45,5.62,4.54,6.02,5.61,1.84,7.98,7.18,6.59,7.45,5.91,9.09,7.95,6.56,7.57,8.99,0.98,7.59,1.92,6.91,6.28,2.05,6.7,5.38,7.75,0.7,德国,孟加拉国,4,4,general,↑↑,2035+,6.76,6.3,6.57,6.75,7.65,7.09,5.64,6.96,6.33,7.58,7.55,5.78,2026-04-13,2026-04-13,2000-2026
信息技术与数字化,TECH,软件开发,站点可靠性工程师(SRE),Site Reliability Engineer (SRE),本科,23-30,global,45,6.56,5.6,7.68,7.03,7.14,5.03,8.15,7.76,7.65,7.51,6.62,9.51,5.53,4.22,4.64,7.01,6.61,1.38,5.96,7.14,8.53,7.1,5.08,6.61,5.51,5.3,6.02,5.49,0.97,0.6,3.93,5.51,8.65,3.06,6.69,5.46,7.63,0.64,瑞典,孟加拉国,4,3,general,↑↑,2032-2038,6.73,6.38,6.79,6.71,7.53,7.08,5.9,6.63,6.29,7.4,7.5,5.73,2026-04-13,2026-04-13,2000-2026
教育与学术,EDU,在线教育,教育科技产品经理,EdTech Product Manager,本科/硕士,25-33,global,45,6.1,5.55,7.7,7.12,7.75,5.72,7.07,6.72,6.89,7.06,5.27,9.56,6.5,4.73,4.58,8.02,7.57,2.42,6.0,6.66,7.77,7.63,5.49,7.61,8.51,6.21,6.08,7.91,0.52,1.1,5.4,6.59,7.73,3.09,6.68,5.47,7.79,0.63,芬兰,孟加拉国,5,4,general,↑↑,2032-2038,6.82,6.4,6.62,6.66,7.74,6.9,5.86,6.66,6.2,7.43,7.42,5.87,2026-04-13,2026-04-13,2000-2026
信息技术与数字化,TECH,产品与设计,技术项目经理,Technical Project Manager,本科/硕士,26-35,global,45,5.57,5.62,7.16,8.01,7.69,6.58,5.67,5.78,6.87,6.6,6.09,9.52,6.98,4.73,5.08,7.58,7.08,1.9,6.47,7.14,8.07,7.04,5.56,6.54,7.08,6.25,7.04,8.0,0.53,1.55,5.06,6.01,7.76,2.1,6.67,5.35,7.64,0.66,瑞典,孟加拉国,3,1,general,↑,2032-2038,6.73,6.31,6.73,6.73,7.58,7.05,5.89,6.58,6.23,7.42,7.48,5.72,2026-04-13,2026-04-13,2000-2026
医疗与健康,MED,心理健康,精神科护士,Psychiatric Nurse,大专/本科,22-26,global,45,5.53,5.55,7.24,8.54,7.25,6.26,8.1,8.26,5.52,6.11,7.7,7.08,5.44,5.66,4.58,6.08,5.59,1.9,7.44,7.22,5.67,7.41,5.91,8.52,6.97,6.68,7.54,8.98,1.01,7.64,1.89,5.91,6.22,2.04,6.66,5.21,7.74,0.71,丹麦,孟加拉国,4,3,general,↑↑,2032-2038,6.66,6.28,6.51,6.67,7.59,7.02,5.58,6.9,6.3,7.54,7.57,5.75,2026-04-13,2026-04-13,2000-2026
医疗与健康,MED,心理健康,心理咨询师,Counseling Psychologist,硕士/博士,26-32,global,45,6.6,6.63,7.23,8.61,7.14,6.16,7.37,7.74,5.44,6.06,7.64,8.58,5.44,5.68,4.67,6.03,5.66,1.92,7.46,7.15,6.65,7.44,5.94,8.6,7.44,6.69,7.59,9.0,1.01,6.66,1.92,6.59,6.23,2.1,6.65,5.32,7.71,0.68,瑞士,孟加拉国,4,4,general,↑↑,2032-2038,6.73,6.27,6.52,6.71,7.52,7.01,5.6,6.91,6.28,7.51,7.5,5.74,2026-04-13,2026-04-13,2000-2026
信息技术与数字化,TECH,软件开发,后端工程师,Back-end Engineer,本科,21-28,global,45,5.62,5.06,7.11,7.06,7.68,8.02,6.11,5.68,6.85,7.05,6.09,9.51,6.51,5.26,5.68,7.66,6.63,1.43,4.98,6.58,8.4,7.07,5.53,7.09,7.05,5.72,6.07,4.95,1.01,0.52,4.95,7.55,8.24,2.1,6.64,5.31,7.66,0.65,瑞典,孟加拉国,4,2,general,↑,2028-2033,6.73,6.35,6.63,6.7,7.54,7.01,5.89,6.58,6.11,7.31,7.46,5.77,2026-04-13,2026-04-13,2000-2026
法律与社会服务,LAW,合规与监管,数据保护官(DPO),Data Protection Officer (DPO),法学/IT硕士,26-32,global,45,6.59,6.54,8.12,7.04,7.55,5.01,7.56,7.66,7.38,7.01,7.11,9.49,6.55,5.54,5.07,7.02,6.41,1.46,6.04,7.06,7.0,7.02,6.06,6.55,6.09,6.7,6.48,7.02,0.48,6.57,2.41,4.55,7.53,3.06,6.63,5.57,7.58,0.58,瑞士,孟加拉国,4,4,general,↑↑,2032-2038,6.67,6.31,6.56,6.54,7.36,6.92,5.85,6.7,6.25,7.48,7.4,5.96,2026-04-13,2026-04-13,2000-2026
医疗与健康,MED,心理健康,临床心理学家,Clinical Psychologist,硕士/博士,26-32,global,45,7.55,7.55,7.34,8.63,7.17,6.21,7.84,7.78,6.35,6.12,7.65,8.56,5.47,5.62,4.67,6.09,5.55,1.88,7.46,7.1,6.11,7.44,5.87,8.52,7.43,6.65,7.52,9.01,0.96,7.62,1.99,6.02,6.19,2.09,6.62,5.23,7.65,0.7,瑞士,孟加拉国,4,4,general,↑↑,2032-2038,6.64,6.24,6.54,6.62,7.58,6.93,5.54,6.86,6.26,7.48,7.49,5.71,2026-04-13,2026-04-13,2000-2026
信息技术与数字化,TECH,新兴数字职业,量子计算研究员,Quantum Computing Researcher,博士,27-35,global,45,9.61,9.59,7.11,8.09,5.09,1.52,9.15,9.45,8.39,5.51,6.6,9.56,7.53,5.21,5.62,5.06,4.58,0.88,8.46,9.04,7.1,8.55,5.53,9.06,4.96,4.8,4.5,4.98,0.49,1.04,3.42,4.04,9.06,5.1,6.61,5.46,7.59,0.57,瑞典,孟加拉国,3,4,general,↑↑,2035+,6.57,6.33,6.72,6.65,7.46,6.87,5.94,6.53,6.22,7.21,7.37,5.82,2026-04-13,2026-04-13,2000-2026
医疗与健康,MED,心理健康,儿童心理学家,Child Psychologist,硕士/博士,26-32,global,45,7.56,7.6,7.22,8.62,7.12,6.16,7.78,8.3,6.3,6.12,7.62,8.55,5.45,5.68,4.53,6.08,5.58,1.92,7.44,7.26,5.65,7.42,5.86,9.08,6.94,6.61,7.58,9.0,1.01,7.61,1.88,5.97,6.17,2.06,6.61,5.18,7.68,0.7,丹麦,孟加拉国,4,4,general,↑↑,2032-2038,6.64,6.23,6.44,6.66,7.62,6.95,5.56,6.84,6.22,7.48,7.49,5.72,2026-04-13,2026-04-13,2000-2026
信息技术与数字化,TECH,产品与设计,UX设计师,UX Designer,本科/硕士,22-28,global,45,5.09,5.1,6.61,7.11,7.17,5.62,5.68,5.74,6.52,6.55,5.61,9.48,7.04,5.68,5.12,7.1,6.57,1.89,6.0,6.1,8.48,7.03,6.51,7.16,7.06,7.49,6.01,6.99,0.48,0.54,5.41,7.59,7.74,2.05,6.6,5.34,7.55,0.64,荷兰,孟加拉国,4,2,general,↑,2032-2038,6.68,6.25,6.58,6.66,7.44,6.97,5.84,6.58,6.19,7.25,7.46,5.7,2026-04-13,2026-04-13,2000-2026
医疗与健康,MED,心理健康,精神科医生,Psychiatrist,博士/医学学位,30-36,global,45,9.52,9.5,7.23,8.66,7.14,6.2,8.19,8.74,7.42,6.11,7.64,8.55,5.42,5.67,4.62,6.1,5.6,1.89,7.52,8.56,5.66,7.46,5.89,8.6,6.97,6.69,7.56,9.02,0.99,9.11,1.91,6.0,6.24,2.01,6.6,5.26,7.6,0.66,荷兰,巴基斯坦,4,4,general,↑↑,2035+,6.68,6.24,6.46,6.64,7.45,6.94,5.59,6.89,6.24,7.41,7.41,5.72,2026-04-13,2026-04-13,2000-2026
法律与社会服务,LAW,律师各专业,隐私与数据保护律师,Privacy & Data Protection Lawyer,法学博士/硕士+技术背景,25-32,global,45,7.58,7.53,8.52,7.08,8.02,4.44,8.09,8.2,8.08,7.6,7.12,9.39,6.49,4.48,4.52,7.03,6.48,1.44,6.08,8.05,6.55,7.07,5.07,6.97,6.95,6.25,6.03,7.01,0.45,8.53,2.97,3.97,8.04,3.57,6.59,5.35,7.53,0.64,澳大利亚,孟加拉国,4,5,general,↑↑,2032-2038,6.71,6.24,6.45,6.46,7.39,6.88,5.73,6.63,6.22,7.43,7.42,5.91,2026-04-13,2026-04-13,2000-2026
医疗与健康,MED,心理健康,成瘾咨询师,Addiction Counselor,本科/硕士,24-30,global,45,5.58,5.57,7.28,8.57,7.15,6.12,7.72,7.8,5.07,6.11,7.7,7.55,5.45,5.65,3.6,6.03,5.59,1.9,7.5,7.16,5.57,7.41,5.91,7.57,6.98,6.65,7.63,8.99,1.03,5.61,1.91,6.0,6.22,1.98,6.59,5.25,7.69,0.7,瑞士,巴基斯坦,4,3,general,↑↑,2035+,6.65,6.24,6.47,6.62,7.47,7.03,5.47,6.81,6.18,7.4,7.48,5.72,2026-04-13,2026-04-13,2000-2026
教育与学术,EDU,在线教育,教学设计师,Instructional Designer,本科/硕士(教育技术),24-32,global,45,5.05,5.54,6.71,7.15,6.74,5.78,6.6,5.76,5.67,6.58,5.78,9.53,6.5,6.16,5.69,7.01,6.59,1.38,5.56,5.62,8.3,7.06,7.0,7.09,6.56,7.14,7.07,5.99,0.5,2.05,3.92,7.59,7.28,1.93,6.58,5.42,7.79,0.62,芬兰,孟加拉国,3,2,general,↑,2028-2033,6.66,6.26,6.51,6.57,7.69,6.81,5.83,6.54,6.12,7.32,7.32,5.78,2026-04-13,2026-04-13,2000-2026
信息技术与数字化,TECH,新兴数字职业,数字无障碍专家,Digital Accessibility Specialist,本科,22-30,global,45,4.07,4.05,5.61,7.06,6.12,3.52,6.68,6.72,5.51,6.02,6.14,9.53,7.04,6.68,6.1,5.57,5.57,1.39,5.96,5.6,8.56,6.48,7.06,7.56,5.57,7.54,7.11,6.02,0.5,1.01,3.49,7.02,7.29,2.11,6.57,5.43,7.57,0.65,瑞士,巴基斯坦,3,3,general,↑↑,2032-2038,6.63,6.21,6.65,6.64,7.41,7.0,5.85,6.41,6.08,7.22,7.43,5.68,2026-04-13,2026-04-13,2000-2026
医疗与健康,MED,心理健康,法医心理学家,Forensic Psychologist,硕士/博士,26-32,global,45,7.61,7.6,7.27,8.6,7.11,3.69,7.75,7.76,6.77,6.14,7.63,8.57,5.53,5.65,4.57,6.09,5.59,1.87,7.97,7.17,5.65,6.89,5.9,8.59,6.94,6.68,7.53,7.99,0.99,7.61,1.91,5.92,6.23,2.01,6.55,5.26,7.55,0.68,瑞士,尼日利亚,4,2,general,↑,2035+,6.66,6.16,6.43,6.53,7.44,6.92,5.59,6.77,6.16,7.4,7.4,5.65,2026-04-13,2026-04-13,2000-2026
教育与学术,EDU,在线教育,在线课程设计师,Online Course Designer,本科/硕士(教育技术),24-32,global,45,5.03,5.03,6.68,6.65,7.24,6.3,6.61,5.79,5.65,6.61,5.79,9.49,6.54,5.73,5.11,7.01,6.61,1.87,5.03,5.7,8.67,7.04,7.06,7.03,7.04,7.12,7.14,5.53,0.49,1.6,4.35,8.04,7.25,2.01,6.54,5.46,7.83,0.63,芬兰,尼日利亚,4,3,general,↑↑,2028-2033,6.64,6.19,6.49,6.51,7.59,6.75,5.75,6.54,6.05,7.23,7.37,5.74,2026-04-13,2026-04-13,2000-2026
法律与社会服务,LAW,合规与监管,法律科技产品经理,Legal Tech Product Manager,法学+技术背景,26-32,global,45,6.6,6.06,7.99,6.58,7.0,3.51,7.54,7.64,7.8,6.95,5.61,9.49,6.48,4.53,4.52,7.56,7.05,1.95,5.54,7.04,7.55,7.51,5.59,7.08,8.57,6.2,5.55,7.48,0.5,3.52,5.0,4.92,7.58,3.05,6.54,5.54,7.51,0.59,瑞士,巴基斯坦,4,5,general,↑↑,2028-2033,6.58,6.24,6.48,6.43,7.29,6.79,5.8,6.58,6.14,7.26,7.4,5.89,2026-04-13,2026-04-13,2000-2026
工程与制造,ENG,生物医学工程,医疗器械设计工程师,Medical Device Design Engineer,硕士,24-30,global,45,7.1,7.08,7.1,8.05,7.18,5.53,7.67,7.3,7.46,6.66,7.16,8.13,6.6,6.17,5.15,7.01,6.09,0.92,7.52,7.6,4.53,6.55,6.03,8.0,5.08,5.67,6.06,5.48,2.5,5.61,3.98,4.03,7.7,4.54,6.49,5.25,7.58,0.65,瑞士,巴基斯坦,4,3,general,↑↑,2035+,6.6,6.19,6.55,6.43,7.45,6.77,5.57,6.49,5.99,7.06,7.39,5.63,2026-04-13,2026-04-13,2000-2026
工程与制造,ENG,生物医学工程,生物医学工程师,Biomedical Engineer,硕士,24-30,global,45,7.03,7.08,7.04,8.03,7.13,5.7,7.2,7.21,7.5,6.64,7.14,8.15,6.6,6.15,5.12,7.05,6.05,0.9,7.53,7.65,4.43,6.54,5.98,8.05,5.03,5.73,6.08,5.52,2.49,4.61,3.98,4.01,7.74,4.7,6.48,5.27,7.64,0.64,瑞士,孟加拉国,4,3,general,↑↑,2035+,6.58,6.16,6.53,6.47,7.39,6.82,5.57,6.51,5.99,7.03,7.38,5.68,2026-04-13,2026-04-13,2000-2026
教育与学术,EDU,K12教育,信息技术教师,IT / Computer Science Teacher,本科(计算机/教育),22-30,global,45,5.52,5.57,6.05,7.62,6.67,6.22,7.07,7.79,5.57,6.08,7.83,9.5,6.5,6.17,5.13,7.05,7.04,1.92,5.97,6.25,5.71,6.03,6.55,7.06,5.5,5.76,6.63,7.52,1.53,5.57,1.87,7.02,6.23,2.45,6.48,5.42,7.64,0.59,芬兰,孟加拉国,3,3,general,↑↑,2032-2038,6.54,6.2,6.42,6.45,7.54,6.69,5.75,6.39,6.04,7.18,7.21,5.76,2026-04-13,2026-04-13,2000-2026
医疗与健康,MED,公共卫生,卫生统计师,Biostatistician,硕士/博士,24-30,global,45,7.62,8.08,6.23,8.12,6.21,5.02,7.17,7.22,7.37,6.1,8.14,9.05,6.97,6.1,5.61,7.05,6.08,1.37,5.98,7.06,7.69,6.44,6.39,7.56,4.46,6.69,7.04,6.99,1.99,6.1,1.91,4.49,7.19,3.56,6.47,5.41,7.33,0.55,瑞士,孟加拉国,3,4,general,↑↑,2028-2033,6.49,6.18,6.34,6.5,7.16,6.76,5.63,6.59,6.14,7.14,7.22,5.78,2026-04-13,2026-04-13,2000-2026
法律与社会服务,LAW,律师各专业,知识产权律师,Intellectual Property Lawyer,法学博士+理工背景,26-32,global,45,8.6,8.61,8.05,8.09,7.56,5.08,7.54,7.65,8.96,7.58,7.15,9.39,6.5,3.99,4.06,6.51,5.94,1.45,6.54,8.44,6.0,7.09,4.52,6.98,7.58,5.69,6.56,7.01,0.47,9.08,3.45,3.54,8.09,4.06,6.46,5.35,7.35,0.59,澳大利亚,孟加拉国,4,3,general,↑,2032-2038,6.59,6.14,6.35,6.31,7.19,6.72,5.71,6.55,6.04,7.28,7.21,5.81,2026-04-13,2026-04-13,2000-2026
医疗与健康,MED,心理健康,神经心理学家,Neuropsychologist,博士,28-34,global,45,8.59,9.04,7.36,8.59,7.17,4.17,7.29,7.77,7.02,6.12,7.61,8.55,5.5,5.65,4.6,6.01,5.61,1.91,7.0,7.17,5.63,7.42,5.89,8.58,6.94,6.67,7.58,9.02,1.0,7.59,1.97,5.99,6.26,2.04,6.46,5.13,7.48,0.69,瑞士,巴基斯坦,4,3,general,↑↑,2032-2038,6.49,6.1,6.3,6.46,7.34,6.83,5.39,6.76,6.1,7.28,7.34,5.6,2026-04-13,2026-04-13,2000-2026
信息技术与数字化,TECH,新兴数字职业,物联网工程师,IoT Engineer,本科/硕士,22-28,global,45,6.09,5.61,7.19,7.07,7.14,5.58,7.15,6.8,6.83,6.59,6.12,9.02,7.05,5.75,5.12,6.58,5.56,1.4,6.49,6.52,5.63,6.6,6.03,7.01,7.1,4.75,6.07,5.54,2.52,1.01,4.47,5.59,7.34,3.14,6.45,5.19,7.55,0.66,荷兰,孟加拉国,4,3,general,↑↑,2032-2038,6.49,6.11,6.46,6.52,7.29,6.92,5.72,6.33,6.08,7.1,7.28,5.48,2026-04-13,2026-04-13,2000-2026
医疗与健康,MED,公共卫生,流行病学家,Epidemiologist,硕士/博士,24-30,global,45,7.04,7.55,6.27,8.12,6.22,5.02,7.26,5.72,6.0,6.08,8.16,9.05,6.95,6.16,5.58,7.06,6.02,1.39,7.46,7.17,7.04,6.44,6.42,7.63,4.5,6.64,7.03,7.01,2.0,6.12,1.93,4.49,7.25,3.51,6.45,5.34,7.38,0.56,荷兰,孟加拉国,4,4,general,↑↑,2035+,6.49,6.16,6.36,6.47,7.17,6.73,5.61,6.62,6.14,7.11,7.18,5.71,2026-04-13,2026-04-13,2000-2026
技术工种与手工业,SKL,管道暖通,水管工,Plumber,职校/学徒,18-25,global,45,4.02,2.98,6.2,8.04,7.21,7.24,8.36,8.3,6.49,7.53,7.68,5.7,5.07,5.25,5.62,6.06,5.09,1.51,9.02,5.03,0.62,7.0,4.98,6.54,8.1,2.69,6.55,6.5,6.99,6.61,4.42,8.09,6.68,2.53,6.45,5.25,7.63,0.68,澳大利亚,孟加拉国,3,2,general,↑,2035+,6.39,6.06,6.59,6.45,7.3,6.75,5.45,6.49,5.92,7.55,7.33,5.7,2026-04-13,2026-04-13,2000-2026
医疗与健康,MED,公共卫生,营养师,Dietitian / Nutritionist,本科,22-26,global,45,5.56,5.61,6.22,8.11,6.12,5.08,6.27,5.75,5.56,6.09,8.19,9.08,7.05,6.18,5.55,7.0,6.01,1.37,6.98,7.13,5.04,6.38,6.4,7.59,6.96,4.17,7.19,7.0,2.01,5.08,1.92,5.96,7.28,3.55,6.45,5.46,7.44,0.55,瑞士,巴基斯坦,3,3,general,↑↑,2032-2038,6.51,6.18,6.35,6.47,7.17,6.75,5.64,6.53,6.12,7.18,7.17,5.73,2026-04-13,2026-04-13,2000-2026
技术工种与手工业,SKL,管道暖通,暖通空调技师,HVAC Technician,职校/学徒,18-25,global,45,3.99,3.0,7.16,7.97,7.25,7.18,8.32,8.34,6.87,7.57,7.62,5.69,5.04,5.25,5.62,6.0,5.03,1.49,8.49,5.04,0.58,7.04,5.08,6.51,7.49,2.73,6.54,6.01,6.97,6.06,4.41,7.56,6.67,2.57,6.45,5.34,7.61,0.69,澳大利亚,巴基斯坦,3,3,general,↑↑,2035+,6.43,6.06,6.59,6.38,7.37,6.77,5.45,6.4,5.95,7.52,7.37,5.66,2026-04-13,2026-04-13,2000-2026
工程与制造,ENG,生物医学工程,组织工程研究员,Tissue Engineering Researcher,博士,26-33,global,45,8.07,8.55,7.18,8.08,6.62,3.05,7.68,7.19,7.48,6.65,7.1,8.19,6.59,6.23,5.12,7.03,6.02,0.9,8.06,8.18,5.07,6.56,6.02,8.6,5.0,5.73,6.04,5.51,2.46,4.6,3.92,4.02,7.74,4.61,6.45,5.28,7.68,0.64,瑞士,尼日利亚,4,3,general,↑↑,2035+,6.51,6.13,6.57,6.47,7.37,6.72,5.54,6.5,5.97,7.07,7.32,5.61,2026-04-13,2026-04-13,2000-2026
信息技术与数字化,TECH,软件开发,前端工程师,Front-end Engineer,本科/自学,20-28,global,45,5.11,4.59,6.6,6.02,7.64,8.43,5.68,5.23,6.4,7.08,5.61,9.5,6.58,5.19,5.11,7.07,6.53,1.89,4.53,6.12,8.86,7.02,6.06,6.62,7.54,6.15,5.53,4.97,1.01,0.55,5.5,8.01,7.69,2.06,6.45,5.25,7.37,0.65,荷兰,孟加拉国,4,1,general,↑,2028-2033,6.53,6.14,6.54,6.52,7.23,6.82,5.71,6.38,5.98,7.12,7.3,5.51,2026-04-13,2026-04-13,2000-2026
教育与学术,EDU,特殊教育与辅助,STEM教育专家,STEM Education Specialist,硕士(STEM+教育),25-33,global,45,6.04,6.01,6.55,7.68,6.12,5.15,6.57,6.71,5.59,6.06,6.75,9.51,6.53,6.17,5.09,7.03,6.56,1.91,6.5,6.69,5.64,6.51,6.53,7.6,6.57,6.26,6.62,7.46,1.95,3.58,2.9,7.01,6.71,2.53,6.45,5.42,7.5,0.57,芬兰,尼日利亚,3,3,general,↑↑,2032-2038,6.53,6.21,6.4,6.44,7.45,6.68,5.73,6.37,5.98,7.09,7.15,5.68,2026-04-13,2026-04-13,2000-2026
教育与学术,EDU,特殊教育与辅助,教育数据分析师,Education Data Analyst,本科/硕士(数据科学),23-30,global,45,5.5,5.58,6.58,7.15,6.65,4.65,6.55,6.28,5.6,6.6,6.28,9.52,6.51,5.66,5.14,7.57,7.02,1.39,4.52,5.61,8.14,6.54,6.58,6.57,6.03,6.72,6.62,6.01,0.5,1.61,3.9,7.56,7.22,2.45,6.43,5.49,7.54,0.56,芬兰,巴基斯坦,4,3,general,↑↑,2028-2033,6.46,6.16,6.45,6.42,7.43,6.63,5.67,6.38,6.03,7.03,7.12,5.68,2026-04-13,2026-04-13,2000-2026
教育与学术,EDU,特殊教育与辅助,教育心理学家,Educational Psychologist,博士/硕士(心理学),26-33,global,45,8.06,8.05,5.51,8.68,5.62,4.17,6.62,7.22,6.48,6.12,7.26,9.02,4.98,6.18,4.1,6.52,5.5,1.4,8.07,7.67,5.11,7.54,6.56,8.56,6.07,7.18,7.68,8.49,1.52,8.08,1.36,6.45,6.77,2.56,6.43,5.46,7.41,0.54,丹麦,尼日利亚,2,2,general,↑,2035+,6.48,6.17,6.37,6.38,7.37,6.73,5.75,6.37,6.08,7.06,7.1,5.68,2026-04-13,2026-04-13,2000-2026
工程与制造,ENG,生物医学工程,康复工程师,Rehabilitation Engineer,硕士,24-30,global,45,7.09,7.04,7.15,8.08,6.64,4.15,6.12,7.2,7.44,6.67,7.22,8.15,6.61,6.21,5.15,7.08,6.07,0.94,8.09,7.13,4.57,6.57,6.02,8.1,5.09,5.8,6.09,5.51,3.45,4.6,3.95,4.04,7.79,4.62,6.42,5.17,7.5,0.64,德国,孟加拉国,4,3,general,↑↑,2035+,6.52,6.12,6.55,6.39,7.39,6.67,5.51,6.36,5.95,7.05,7.31,5.6,2026-04-13,2026-04-13,2000-2026
医疗与健康,MED,公共卫生,卫生教育专家,Health Education Specialist,本科/硕士,22-28,global,45,5.58,5.58,6.2,8.12,6.18,5.05,6.2,5.74,5.04,6.12,8.18,9.06,6.91,6.15,5.58,7.15,6.14,1.39,6.96,7.16,5.63,6.4,6.38,7.58,4.49,6.62,7.06,8.51,2.02,6.09,1.87,4.56,7.21,3.56,6.42,5.36,7.36,0.56,瑞士,孟加拉国,3,2,general,↑,2032-2038,6.48,6.1,6.31,6.42,7.19,6.75,5.64,6.61,6.07,7.01,7.15,5.69,2026-04-13,2026-04-13,2000-2026
农业、资源与环境,AGR,新能源,新能源项目开发经理,Renewable Energy Project Developer,本科/硕士,28-38,global,45,6.58,6.03,8.61,7.59,7.69,6.26,7.68,7.21,7.53,7.04,6.12,6.62,6.58,5.77,5.6,5.58,6.04,1.42,6.03,7.62,4.06,7.04,5.51,7.56,7.5,5.71,5.44,7.48,2.49,4.5,5.43,3.47,7.78,4.64,6.41,5.08,7.58,0.67,丹麦,孟加拉国,4,4,general,↑↑,2032-2038,6.34,5.95,6.3,6.54,7.49,6.62,5.44,6.57,6.08,7.18,7.29,5.61,2026-04-13,2026-04-13,2000-2026
工程与制造,ENG,制造管理,智能制造工程师,Smart Manufacturing / Industry 4.0 Engineer,本科,22-30,global,45,5.58,5.61,8.1,8.01,8.09,7.16,8.18,7.75,7.47,6.64,7.18,7.13,5.58,5.27,5.16,7.07,6.06,1.4,5.56,7.68,4.55,6.52,5.55,6.09,4.96,4.75,7.09,6.97,3.0,3.13,5.42,3.49,5.72,3.64,6.41,5.13,7.56,0.63,瑞士,孟加拉国,4,4,general,↑↑,2028-2033,6.5,6.13,6.43,6.36,7.31,6.68,5.54,6.43,5.94,6.99,7.34,5.59,2026-04-13,2026-04-13,2000-2026
信息技术与数字化,TECH,软件开发,嵌入式软件工程师,Embedded Software Engineer,本科/硕士,22-28,global,45,6.55,6.08,6.63,7.5,6.16,5.57,6.68,7.31,6.88,6.6,7.09,9.52,7.02,5.72,5.14,5.55,5.02,0.89,6.5,6.6,5.65,6.55,6.01,7.06,5.52,4.79,6.56,4.5,2.02,1.01,4.45,5.58,7.26,3.1,6.39,5.17,7.44,0.66,荷兰,孟加拉国,3,2,general,↑,2032-2038,6.43,6.02,6.47,6.43,7.26,6.83,5.66,6.3,5.91,6.96,7.28,5.46,2026-04-13,2026-04-13,2000-2026
医疗与健康,MED,医疗管理,健康数据分析师,Health Data Analyst,本科/硕士,22-28,global,45,6.1,6.08,6.25,7.62,6.68,6.51,7.76,7.35,6.91,6.66,7.12,8.54,6.96,5.67,5.56,6.58,6.02,1.36,4.96,6.1,7.65,5.44,5.92,6.09,4.98,6.13,6.56,7.0,2.01,4.09,1.91,4.97,6.27,3.09,6.39,5.3,7.27,0.55,荷兰,孟加拉国,3,4,general,↑↑,2028-2033,6.45,6.14,6.27,6.44,7.06,6.65,5.57,6.56,5.99,7.12,7.06,5.67,2026-04-13,2026-04-13,2000-2026
工程与制造,ENG,生物医学工程,生物力学工程师,Biomechanical Engineer,硕士,24-30,global,45,7.1,7.07,7.1,8.08,6.67,4.12,6.61,7.22,7.44,6.65,7.16,8.15,6.54,6.24,5.14,7.05,6.08,0.9,6.97,7.62,4.51,6.57,6.03,8.05,5.03,5.77,6.09,5.51,3.02,4.6,3.92,4.09,7.71,4.6,6.39,5.13,7.49,0.65,德国,巴基斯坦,4,3,general,↑↑,2032-2038,6.53,6.08,6.44,6.38,7.36,6.71,5.44,6.35,5.92,6.92,7.27,5.52,2026-04-13,2026-04-13,2000-2026
医疗与健康,MED,医疗管理,医疗信息化专家,Health Informatics Specialist,本科/硕士,24-30,global,45,6.54,6.6,6.21,7.6,6.67,6.61,7.64,7.74,6.83,6.61,7.18,8.56,6.92,5.6,5.55,6.56,6.02,1.36,5.5,6.06,7.14,5.44,5.94,6.01,4.99,6.19,6.62,6.96,2.01,4.1,1.94,4.99,6.23,3.03,6.38,5.26,7.35,0.58,澳大利亚,孟加拉国,3,4,general,↑↑,2028-2033,6.38,6.07,6.28,6.45,7.19,6.65,5.58,6.49,5.99,7.16,7.08,5.63,2026-04-13,2026-04-13,2000-2026
工程与制造,ENG,机械工程,机器人工程师,Robotics Engineer,本科/硕士,22-28,global,45,6.01,6.02,7.61,7.6,7.61,6.51,7.68,7.74,7.46,6.19,7.11,7.62,5.59,5.72,5.15,6.57,5.53,1.4,7.0,7.64,4.98,6.06,6.0,6.54,4.56,4.71,6.51,4.98,3.48,3.1,5.45,4.08,6.72,3.06,6.38,5.13,7.44,0.64,瑞典,尼日利亚,4,4,general,↑↑,2032-2038,6.44,6.08,6.41,6.32,7.34,6.7,5.46,6.45,5.98,6.88,7.27,5.55,2026-04-13,2026-04-13,2000-2026
信息技术与数字化,TECH,新兴数字职业,数字孪生工程师,Digital Twin Engineer,本科/硕士,24-30,global,45,7.12,6.57,7.16,7.03,7.12,3.06,7.66,7.7,7.28,6.58,6.06,9.5,6.98,5.18,5.13,6.02,5.11,1.43,6.5,6.56,6.59,6.52,6.06,7.1,6.03,4.71,5.6,5.51,1.5,1.03,4.5,5.01,7.74,3.57,6.37,5.15,7.37,0.64,荷兰,孟加拉国,3,4,general,↑↑,2032-2038,6.44,6.01,6.41,6.46,7.28,6.77,5.7,6.28,5.91,6.98,7.19,5.47,2026-04-13,2026-04-13,2000-2026
医疗与健康,MED,口腔,牙科卫生师,Dental Hygienist,大专/本科,20-24,global,45,4.58,4.62,6.24,8.07,6.68,6.09,6.78,6.77,5.21,6.71,8.18,8.06,5.04,7.59,6.6,4.52,3.61,1.4,7.97,5.68,1.02,7.46,7.38,7.09,8.49,6.12,6.01,7.54,5.01,5.64,2.98,4.97,6.24,3.04,6.37,5.28,7.23,0.54,瑞士,巴基斯坦,3,2,general,↑,2035+,6.48,6.08,6.25,6.46,6.99,6.61,5.54,6.54,6.05,6.98,7.08,5.63,2026-04-13,2026-04-13,2000-2026
金融与商业,FIN,人力资源,HRBP(人力资源业务伙伴),HR Business Partner,本科,22-28,global,45,4.57,5.09,6.6,7.49,6.56,7.43,5.96,4.53,6.48,6.07,6.72,9.54,7.48,6.17,5.64,6.43,6.07,1.5,5.84,5.58,6.54,5.92,6.45,5.97,5.49,7.07,6.49,8.51,1.0,2.64,4.95,4.94,6.3,2.49,6.37,5.09,7.56,0.66,瑞士,孟加拉国,2,2,general,↑,2028-2033,6.56,6.05,6.17,6.46,6.98,6.79,5.44,6.26,5.94,7.04,7.27,5.62,2026-04-13,2026-04-13,2000-2026
医疗与健康,MED,康复与治疗,物理治疗师,Physical Therapist,本科/硕士,22-26,global,45,6.04,6.11,6.74,7.65,6.61,5.57,7.72,7.77,5.45,6.11,7.15,8.56,5.44,6.16,5.64,5.52,5.04,1.38,7.98,6.15,3.04,6.44,5.95,7.62,6.91,6.66,6.14,8.02,6.02,6.58,1.98,5.4,6.7,2.54,6.36,5.29,7.28,0.54,瑞士,孟加拉国,3,3,general,↑↑,2035+,6.36,6.11,6.29,6.43,7.02,6.71,5.52,6.48,6.0,6.95,7.03,5.67,2026-04-13,2026-04-13,2000-2026
医疗与健康,MED,医疗管理,临床试验管理员,Clinical Trial Manager,本科/硕士,26-32,global,45,6.54,6.6,6.28,7.58,6.61,6.63,7.24,7.37,7.37,6.62,7.19,8.55,6.95,5.65,5.55,6.62,6.16,1.4,5.48,7.05,5.58,5.4,5.94,6.03,4.99,6.14,6.59,6.98,2.01,4.14,1.93,5.04,6.22,3.06,6.36,5.19,7.27,0.58,荷兰,巴基斯坦,3,3,general,↑↑,2028-2033,6.42,6.09,6.25,6.44,7.06,6.64,5.5,6.52,5.91,7.03,7.12,5.64,2026-04-13,2026-04-13,2000-2026
信息技术与数字化,TECH,新兴数字职业,合成数据工程师,Synthetic Data Engineer,硕士/博士,24-30,global,45,7.09,6.61,7.17,6.0,6.69,2.57,7.63,7.72,7.29,6.57,5.1,9.52,7.05,5.74,5.15,6.04,5.56,1.91,5.48,6.64,8.49,7.05,6.02,6.58,6.52,5.34,5.59,4.5,0.51,0.52,4.46,6.11,8.18,3.59,6.34,5.12,7.33,0.64,瑞典,孟加拉国,2,4,general,↑↑,2028-2033,6.4,6.04,6.39,6.42,7.23,6.73,5.59,6.22,5.92,7.0,7.16,5.4,2026-04-13,2026-04-13,2000-2026
信息技术与数字化,TECH,新兴数字职业,边缘计算工程师,Edge Computing Engineer,本科/硕士,23-30,global,45,6.62,6.03,7.14,6.52,6.68,3.59,7.69,7.22,7.27,6.62,6.06,9.54,7.04,5.21,5.11,6.09,5.11,1.38,6.5,6.68,6.15,6.59,6.08,6.6,6.01,4.73,5.56,4.98,1.97,1.02,4.49,5.02,7.7,3.61,6.34,5.11,7.31,0.65,瑞典,孟加拉国,3,4,general,↑↑,2032-2038,6.37,6.0,6.47,6.37,7.25,6.73,5.6,6.3,5.88,7.06,7.12,5.39,2026-04-13,2026-04-13,2000-2026
金融与商业,FIN,人力资源,人力资源总监,HR Director,硕士,32-42,global,45,4.56,5.07,5.62,7.51,6.6,7.4,4.99,4.51,7.3,6.0,6.74,9.54,7.44,4.63,5.58,6.5,6.02,1.51,5.93,7.54,6.54,6.01,6.43,6.0,5.42,7.08,6.47,8.5,1.02,2.62,4.96,5.03,6.28,2.54,6.34,5.12,7.41,0.64,瑞士,孟加拉国,2,1,general,↑,2028-2033,6.5,6.01,6.19,6.5,6.94,6.77,5.47,6.28,5.88,6.97,7.23,5.6,2026-04-13,2026-04-13,2000-2026
金融与商业,FIN,市场营销与销售,数字营销专员,Digital Marketing Specialist,本科/自学,20-28,global,45,3.48,4.61,7.55,7.03,7.08,8.42,6.5,3.99,5.98,6.48,5.23,9.01,6.95,4.62,4.62,6.97,6.54,2.47,4.45,6.08,8.53,6.44,4.94,6.05,8.52,6.18,5.93,8.98,2.02,1.6,6.46,7.96,6.75,2.5,6.33,5.05,7.4,0.64,瑞士,孟加拉国,4,3,general,↑↑,2026-2030,6.46,5.99,6.13,6.49,6.96,6.68,5.4,6.28,5.88,6.94,7.25,5.68,2026-04-13,2026-04-13,2000-2026
教育与学术,EDU,K12教育,学校心理咨询师,School Counselor,硕士(心理学/教育),24-30,global,45,6.53,6.48,5.09,8.64,5.61,5.19,6.57,7.23,5.11,5.59,7.84,8.99,5.05,6.63,4.18,6.07,5.55,1.4,8.53,6.21,4.15,6.52,7.02,8.07,4.11,7.94,7.56,8.97,1.51,7.05,1.39,5.59,5.28,2.09,6.33,5.2,7.37,0.56,芬兰,尼日利亚,2,2,general,↑,2035+,6.41,6.09,6.33,6.3,7.29,6.48,5.57,6.4,5.89,6.99,7.03,5.6,2026-04-13,2026-04-13,2000-2026
金融与商业,FIN,管理咨询,数字化转型咨询顾问,Digital Transformation Consultant,硕士,24-30,global,45,7.06,7.1,8.17,6.51,7.13,5.87,7.5,5.97,7.42,6.47,5.74,9.49,6.01,3.67,3.6,8.0,7.53,1.99,5.94,7.5,7.61,6.51,3.98,6.46,7.46,5.59,4.99,8.49,1.48,2.62,5.98,4.95,8.24,3.48,6.33,4.84,7.52,0.68,瑞士,孟加拉国,4,4,general,↑↑,2028-2033,6.5,5.98,6.14,6.51,6.98,6.7,5.4,6.32,5.86,7.01,7.26,5.57,2026-04-13,2026-04-13,2000-2026
医疗与健康,MED,公共卫生,疾控中心研究员,CDC Researcher,硕士/博士,26-32,global,45,8.09,8.61,6.26,8.08,6.19,5.15,6.16,5.82,6.38,6.05,8.6,9.08,6.96,6.1,5.56,7.16,6.18,1.41,6.94,7.11,5.62,6.45,6.35,8.05,4.43,6.64,7.06,7.01,2.02,6.09,1.88,4.46,7.26,3.5,6.33,5.24,7.19,0.56,瑞士,巴基斯坦,3,3,general,↑↑,2032-2038,6.36,6.05,6.23,6.35,7.0,6.62,5.46,6.48,6.0,7.0,7.06,5.62,2026-04-13,2026-04-13,2000-2026
信息技术与数字化,TECH,网络与安全,安全运维工程师,Security Operations Engineer,本科,22-28,global,45,5.61,5.12,6.64,7.04,6.63,5.61,7.2,7.28,6.73,6.54,7.1,9.0,6.0,4.73,5.1,6.1,5.63,1.4,5.99,6.02,7.17,5.98,5.05,6.1,5.05,4.73,6.03,5.53,0.96,2.51,2.93,5.56,7.26,3.06,6.32,5.09,7.39,0.65,荷兰,孟加拉国,3,3,general,↑↑,2032-2038,6.41,5.95,6.39,6.35,7.17,6.68,5.56,6.21,5.89,7.01,7.23,5.44,2026-04-13,2026-04-13,2000-2026
文化、艺术与传媒,ART,设计创意,花艺设计师,Floral Designer,本科,20-28,global,45,3.58,3.03,5.69,8.12,6.17,6.14,5.59,5.15,4.27,5.66,5.16,8.54,6.98,5.24,5.68,7.02,6.03,1.95,7.56,5.68,7.03,7.05,5.55,7.59,8.58,5.77,6.56,6.0,3.5,1.52,5.41,7.0,6.24,3.52,6.32,5.03,7.26,0.6,荷兰,孟加拉国,2,1,general,→,2035+,6.38,5.97,6.33,6.18,7.06,6.71,5.41,6.4,5.94,6.98,7.18,5.64,2026-04-13,2026-04-13,2000-2026
医疗与健康,MED,康复与治疗,言语治疗师,Speech-Language Pathologist,本科/硕士,22-26,global,45,6.07,6.01,6.75,7.59,6.67,5.63,7.7,8.36,5.5,6.14,7.15,8.57,5.45,6.14,5.54,5.57,5.06,1.38,7.36,6.13,4.11,6.42,5.86,8.06,5.91,3.66,6.06,8.02,4.99,6.61,1.96,5.53,6.69,2.58,6.32,5.28,7.3,0.57,瑞士,孟加拉国,3,3,general,↑↑,2035+,6.37,6.01,6.2,6.3,7.05,6.66,5.52,6.44,5.94,7.05,7.07,5.59,2026-04-13,2026-04-13,2000-2026
医疗与健康,MED,医疗管理,远程医疗协调员,Telemedicine Coordinator,本科,22-28,global,45,4.55,5.06,6.22,7.59,6.68,6.63,7.24,5.8,5.45,6.6,7.19,8.56,6.98,5.66,5.57,6.56,6.01,1.36,5.0,6.11,8.15,5.44,5.86,6.08,4.94,6.11,6.65,7.0,2.03,4.14,1.91,4.96,6.24,3.01,6.32,5.14,7.22,0.58,瑞士,孟加拉国,3,4,general,↑↑,2028-2033,6.32,6.05,6.19,6.4,7.07,6.62,5.44,6.5,6.0,6.99,7.06,5.58,2026-04-13,2026-04-13,2000-2026
技术工种与手工业,SKL,管道暖通,制冷技师,Refrigeration Technician,职校/学徒,18-25,global,45,3.99,2.98,6.17,8.1,7.26,7.19,7.49,7.57,6.5,7.54,7.62,5.68,5.02,5.25,5.62,6.04,5.06,1.5,8.48,4.95,0.56,7.0,5.05,6.52,7.53,2.65,6.56,5.98,6.98,6.14,4.45,7.45,6.69,2.6,6.32,5.18,7.56,0.71,瑞士,巴基斯坦,3,2,general,↑,2035+,6.28,5.92,6.41,6.33,7.2,6.62,5.29,6.28,5.77,7.39,7.31,5.55,2026-04-13,2026-04-13,2000-2026
农业、资源与环境,AGR,新能源,储能系统工程师,Energy Storage Engineer,本科/硕士,24-32,global,45,6.55,6.01,9.03,7.5,7.68,6.23,8.59,8.23,7.4,7.05,6.11,6.68,6.57,5.68,5.63,5.45,5.04,1.4,6.49,7.0,3.05,6.06,5.56,7.55,6.5,5.66,5.53,5.5,4.51,4.48,5.47,3.51,7.26,4.57,6.32,4.98,7.46,0.69,丹麦,孟加拉国,4,5,general,↑↑,2032-2038,6.28,5.91,6.25,6.43,7.38,6.57,5.28,6.47,5.96,7.11,7.19,5.45,2026-04-13,2026-04-13,2000-2026
教育与学术,EDU,职业培训,企业培训师,Corporate Trainer,本科/硕士,25-35,global,45,4.53,5.03,5.53,7.13,6.63,6.62,5.59,4.76,5.7,6.09,5.79,9.52,6.02,6.2,5.18,7.04,6.54,1.91,6.6,5.75,6.63,6.53,5.56,6.6,7.07,6.73,6.62,8.49,2.01,2.55,4.92,7.53,5.73,1.97,6.31,5.33,7.4,0.57,芬兰,孟加拉国,2,1,general,↑,2032-2038,6.37,6.07,6.31,6.28,7.31,6.55,5.57,6.24,5.85,6.9,7.07,5.56,2026-04-13,2026-04-13,2000-2026
教育与学术,EDU,K12教育,高中数学教师,High School Math Teacher,本科/硕士(数学),22-28,global,45,6.06,6.08,4.56,8.69,6.63,7.62,6.69,7.17,5.65,6.08,8.33,9.01,5.5,5.71,4.58,6.1,5.52,1.41,7.02,6.21,4.11,5.54,6.55,7.02,5.1,5.74,7.13,8.0,2.0,6.03,1.43,7.05,5.7,2.5,6.31,5.33,7.38,0.56,芬兰,孟加拉国,1,1,general,↑,2032-2038,6.36,6.1,6.23,6.32,7.29,6.54,5.58,6.3,5.89,6.94,6.98,5.57,2026-04-13,2026-04-13,2000-2026
医疗与健康,MED,康复与治疗,运动治疗师,Exercise Therapist / Kinesiologist,本科/硕士,22-26,global,45,5.08,6.05,6.71,7.62,6.66,5.52,6.67,6.79,5.01,6.07,7.18,8.59,5.51,6.12,5.54,5.54,5.04,1.4,7.44,6.03,2.99,6.44,5.91,7.59,7.4,6.64,6.08,7.99,6.51,4.63,1.93,6.43,6.74,2.54,6.31,5.23,7.29,0.54,瑞士,孟加拉国,3,3,general,↑↑,2032-2038,6.33,6.06,6.11,6.38,6.99,6.64,5.52,6.47,5.99,6.9,6.97,5.59,2026-04-13,2026-04-13,2000-2026
信息技术与数字化,TECH,人工智能与数据,数据分析师,Data Analyst,本科,22-28,global,45,4.6,4.58,5.64,7.05,7.12,8.11,5.65,4.74,5.41,6.51,5.59,9.53,7.03,5.73,5.62,7.52,6.61,1.42,4.05,5.61,8.04,6.05,6.52,5.66,5.57,6.76,6.5,6.0,0.46,0.54,4.94,7.07,7.28,2.07,6.31,5.06,7.32,0.67,英国,孟加拉国,4,2,general,↑,2026-2030,6.34,6.0,6.33,6.33,7.24,6.68,5.57,6.27,5.83,7.02,7.17,5.4,2026-04-13,2026-04-13,2000-2026
医疗与健康,MED,公共卫生,环境卫生工程师,Environmental Health Engineer,本科/硕士,22-28,global,45,7.08,7.58,6.17,8.1,6.17,5.02,6.2,5.83,6.44,6.15,8.21,9.07,6.96,6.13,5.56,7.08,6.1,1.42,6.97,7.09,4.53,6.46,6.41,7.55,4.41,6.68,7.1,7.06,3.49,6.12,1.92,4.46,7.27,3.51,6.31,5.14,7.2,0.56,瑞士,孟加拉国,3,2,general,↑,2032-2038,6.36,6.03,6.22,6.36,7.04,6.61,5.52,6.49,5.9,6.95,6.99,5.61,2026-04-13,2026-04-13,2000-2026
技术工种与手工业,SKL,管道暖通,管道安装工,Pipefitter,职校/学徒,18-25,global,45,3.99,2.97,6.17,7.99,7.27,7.2,7.46,7.53,6.48,7.59,7.61,5.21,5.04,5.2,5.64,6.05,5.06,1.5,8.46,5.09,0.6,7.04,5.05,6.52,7.52,2.62,6.52,5.99,7.49,6.1,4.46,7.52,6.6,2.58,6.3,5.17,7.49,0.69,德国,孟加拉国,3,2,general,↑,2035+,6.24,5.88,6.45,6.31,7.17,6.63,5.28,6.21,5.78,7.38,7.24,5.58,2026-04-13,2026-04-13,2000-2026
医疗与健康,MED,医疗管理,健康保险管理师,Health Insurance Manager,本科/硕士,22-28,global,45,5.08,5.07,6.22,7.6,6.69,6.58,6.16,5.78,6.9,6.6,7.2,8.55,6.95,5.72,5.55,6.6,6.02,1.42,5.46,6.19,6.09,5.43,5.88,6.08,4.94,6.22,6.58,6.95,2.02,4.1,1.96,5.01,6.25,3.08,6.3,5.18,7.26,0.58,瑞士,巴基斯坦,3,2,general,↑,2028-2033,6.33,6.02,6.24,6.32,7.04,6.58,5.42,6.47,5.92,6.98,7.09,5.56,2026-04-13,2026-04-13,2000-2026
医疗与健康,MED,医疗管理,患者体验官,Patient Experience Officer,本科/硕士,24-30,global,45,4.53,5.09,6.26,7.55,6.67,6.56,5.68,5.88,5.5,6.58,7.17,8.55,6.95,5.64,5.56,6.52,6.06,1.4,6.44,6.07,5.17,5.41,5.93,6.1,4.97,6.17,6.59,9.0,1.98,4.14,1.99,4.99,6.18,3.06,6.3,5.26,7.25,0.56,瑞士,巴基斯坦,3,3,general,↑↑,2032-2038,6.27,6.01,6.2,6.29,7.01,6.64,5.51,6.39,5.94,7.04,7.04,5.59,2026-04-13,2026-04-13,2000-2026
技术工种与手工业,SKL,管道暖通,洒水/消防系统安装工,Sprinkler Fitter / Fire Suppression Installer,职校/学徒,18-25,global,45,3.98,3.0,6.16,7.99,7.21,7.14,7.51,7.87,6.49,7.56,7.63,4.69,5.05,5.19,5.63,6.08,5.0,1.48,8.54,5.05,0.52,7.06,5.06,6.53,7.58,2.65,6.5,6.0,7.0,6.62,4.49,7.5,6.74,2.52,6.3,5.11,7.43,0.69,瑞士,孟加拉国,3,2,general,↑,2035+,6.28,5.9,6.39,6.25,7.14,6.65,5.24,6.31,5.82,7.32,7.24,5.56,2026-04-13,2026-04-13,2000-2026
医疗与健康,MED,医疗管理,医院管理者,Hospital Administrator,硕士/MBA,30-40,global,45,7.02,7.06,6.29,7.64,6.74,6.51,6.78,5.76,7.73,6.67,7.15,8.56,7.02,5.67,5.63,6.53,6.05,1.4,5.47,7.59,4.03,7.44,5.92,6.04,4.96,6.2,6.55,7.03,2.03,4.11,1.98,5.0,6.29,3.06,6.3,5.2,7.18,0.55,丹麦,巴基斯坦,3,2,general,↑,2028-2033,6.36,6.06,6.17,6.36,7.08,6.55,5.49,6.44,5.92,6.88,6.96,5.61,2026-04-13,2026-04-13,2000-2026
金融与商业,FIN,管理咨询,ESG咨询顾问,ESG Consultant,硕士,24-30,global,45,7.05,7.08,8.68,6.53,7.07,4.51,7.52,6.02,6.75,6.55,5.71,9.5,6.02,3.67,3.63,8.01,7.48,2.01,5.96,7.47,6.53,6.52,3.92,7.41,7.59,5.7,4.95,8.51,1.51,2.6,5.97,5.0,8.21,3.52,6.3,4.92,7.43,0.71,瑞士,孟加拉国,5,5,general,↑↑,2028-2033,6.51,5.87,6.09,6.5,7.0,6.77,5.36,6.23,5.76,6.96,7.26,5.5,2026-04-13,2026-04-13,2000-2026
金融与商业,FIN,人力资源,员工关系专员,Employee Relations Specialist,本科,22-28,global,45,4.54,5.11,5.68,7.58,6.69,7.5,5.1,4.47,5.49,5.99,7.24,9.48,7.46,6.14,5.54,6.42,5.94,1.47,6.44,5.56,6.51,5.94,6.45,6.03,5.56,7.01,6.53,8.57,1.0,2.59,4.99,4.98,6.2,2.5,6.3,5.03,7.53,0.66,瑞士,孟加拉国,2,1,general,↑,2032-2038,6.45,6.0,6.12,6.48,6.9,6.68,5.39,6.19,5.85,6.9,7.23,5.51,2026-04-13,2026-04-13,2000-2026
医疗与健康,MED,公共卫生,公共卫生官员,Public Health Officer,硕士/博士,24-30,global,45,6.6,7.62,6.23,8.04,6.12,5.14,6.2,5.8,5.95,6.1,8.66,9.09,6.93,6.11,5.59,7.09,6.02,1.4,6.96,7.14,5.12,5.91,6.47,7.57,2.95,6.59,7.1,7.0,1.97,6.09,1.93,4.47,7.29,3.52,6.3,5.12,7.32,0.57,瑞士,孟加拉国,3,3,general,↑↑,2032-2038,6.32,6.04,6.19,6.31,7.05,6.6,5.4,6.53,5.95,6.96,7.03,5.6,2026-04-13,2026-04-13,2000-2026
医疗与健康,MED,医疗管理,医疗翻译,Medical Interpreter,本科,22-30,global,45,5.06,4.99,6.21,7.61,6.67,6.62,6.12,5.8,4.99,6.63,7.13,8.54,6.9,5.61,5.58,6.58,6.06,1.38,5.47,6.08,6.18,5.43,5.87,6.0,4.91,6.24,6.59,7.0,2.0,3.67,1.91,6.49,7.73,3.04,6.29,5.17,7.31,0.57,瑞士,孟加拉国,3,2,general,↑,2028-2033,6.29,6.0,6.24,6.32,7.0,6.63,5.45,6.47,5.93,7.02,7.0,5.55,2026-04-13,2026-04-13,2000-2026
法律与社会服务,LAW,公证与仲裁,仲裁员,Arbitrator,法学硕士+行业经验,35-50,global,45,8.06,8.11,6.09,8.6,4.55,3.48,6.09,6.19,8.11,6.58,7.16,9.52,6.51,5.53,5.07,6.06,5.48,1.44,7.56,8.56,4.6,8.52,5.51,7.6,7.06,5.22,8.0,7.43,0.53,8.55,3.46,4.0,8.06,4.99,6.29,5.16,7.26,0.62,荷兰,孟加拉国,2,2,general,↑,2035+,6.41,5.93,6.06,6.15,7.02,6.58,5.47,6.45,5.94,7.15,7.12,5.59,2026-04-13,2026-04-13,2000-2026
工程与制造,ENG,汽车,自动驾驶工程师,Autonomous Driving Engineer,硕士,22-28,global,45,7.58,7.6,8.56,7.07,8.11,6.68,8.66,8.7,8.19,6.68,6.64,7.15,5.6,5.24,5.15,6.61,5.53,1.38,5.56,8.16,5.43,5.55,5.58,6.53,4.08,4.78,6.6,5.46,3.0,3.07,5.92,3.48,6.71,4.55,6.29,5.02,7.4,0.64,瑞典,巴基斯坦,5,5,general,↑↑,2028-2033,6.4,5.95,6.43,6.26,7.21,6.68,5.38,6.35,5.83,6.68,7.17,5.41,2026-04-13,2026-04-13,2000-2026
医疗与健康,MED,医疗管理,医疗质量管理师,Healthcare Quality Manager,本科/硕士,22-28,global,45,5.04,5.09,6.29,7.62,6.67,6.6,6.76,5.73,6.51,6.54,7.2,8.59,6.97,5.65,5.61,6.55,6.01,1.35,5.46,6.07,5.15,5.43,5.88,6.09,4.9,6.11,6.62,7.04,1.97,4.19,1.9,5.01,6.28,3.09,6.28,5.18,7.12,0.55,瑞士,巴基斯坦,3,2,general,↑,2028-2033,6.33,6.02,6.14,6.31,6.92,6.58,5.45,6.56,5.95,6.93,6.94,5.56,2026-04-13,2026-04-13,2000-2026
农业、资源与环境,AGR,农业科技,农业物联网工程师,Agricultural IoT Engineer,本科/硕士,24-32,global,45,7.06,6.55,8.16,7.54,6.77,5.39,7.82,7.76,7.47,6.62,6.16,7.66,6.53,5.72,5.6,6.11,5.6,1.4,5.02,7.08,5.55,6.57,5.52,7.09,6.13,5.77,5.6,5.49,2.01,3.58,4.98,4.06,7.28,3.59,6.28,5.16,7.36,0.61,荷兰,巴基斯坦,3,4,general,↑↑,2028-2033,6.17,5.94,6.26,6.28,7.12,6.57,5.35,6.39,6.0,7.14,7.09,5.56,2026-04-13,2026-04-13,2000-2026
医疗与健康,MED,康复与治疗,听力师,Audiologist,本科/硕士,22-26,global,45,6.05,6.05,6.76,7.59,6.68,5.54,7.28,7.34,5.42,6.14,7.18,8.54,5.44,6.66,5.56,5.54,5.09,1.38,6.44,6.07,2.98,6.51,6.89,7.57,6.96,6.63,6.07,8.0,5.02,6.62,1.95,5.5,6.76,2.59,6.28,5.25,7.26,0.54,瑞士,巴基斯坦,3,2,general,↑,2032-2038,6.29,6.03,6.16,6.29,6.96,6.66,5.51,6.36,5.91,6.93,7.01,5.6,2026-04-13,2026-04-13,2000-2026
技术工种与手工业,SKL,管道暖通,燃气安装维修工,Gas Fitter,职校/学徒,18-25,global,45,4.0,2.98,6.13,8.07,7.25,7.16,7.48,7.49,6.52,7.57,7.64,4.2,5.06,5.18,5.63,6.01,5.08,1.51,8.97,5.05,0.58,6.95,4.99,6.52,7.55,2.66,6.55,6.0,6.98,7.13,4.47,7.58,6.66,2.58,6.28,5.06,7.46,0.71,瑞士,孟加拉国,3,2,general,↑,2035+,6.24,5.87,6.41,6.29,7.15,6.6,5.23,6.25,5.81,7.38,7.23,5.48,2026-04-13,2026-04-13,2000-2026
技术工种与手工业,SKL,电气技术,电动车充电桩安装技师,EV Charging Station Installer,职校/学徒,18-25,global,45,4.48,3.48,8.69,8.06,7.24,5.65,7.86,7.58,6.44,7.08,7.17,5.68,5.62,5.24,5.56,6.54,5.53,1.49,7.5,5.51,0.55,6.53,5.0,6.58,7.05,3.05,6.59,5.49,6.04,5.59,4.99,7.08,6.12,3.13,6.28,5.11,7.44,0.7,德国,孟加拉国,4,5,general,↑↑,2032-2038,6.24,5.89,6.43,6.28,7.26,6.57,5.22,6.22,5.77,7.33,7.2,5.51,2026-04-13,2026-04-13,2000-2026
医疗与健康,MED,康复与治疗,职业治疗师,Occupational Therapist,本科/硕士,22-26,global,45,6.1,6.1,6.78,7.6,6.68,5.64,7.15,7.24,5.47,6.08,7.16,8.57,5.44,6.09,5.61,5.57,5.14,1.4,7.42,6.2,3.01,6.45,5.89,8.07,5.94,6.67,6.07,7.98,5.01,6.64,1.95,5.54,6.72,2.57,6.28,5.31,7.21,0.55,瑞士,巴基斯坦,3,3,general,↑↑,2032-2038,6.29,6.03,6.15,6.24,7.01,6.62,5.47,6.43,5.9,6.96,7.05,5.59,2026-04-13,2026-04-13,2000-2026
技术工种与手工业,SKL,电气技术,电工,Electrician,职校/学徒,18-25,global,45,4.5,3.48,6.75,8.06,7.26,7.76,7.81,7.96,6.42,7.05,7.13,5.7,5.52,5.2,5.65,6.45,5.54,1.48,8.02,5.55,0.63,6.45,5.09,6.6,7.5,3.06,6.51,5.49,6.5,6.61,4.93,7.5,6.19,3.01,6.28,5.09,7.49,0.68,澳大利亚,孟加拉国,3,2,general,↑,2035+,6.26,5.92,6.42,6.3,7.15,6.57,5.28,6.22,5.73,7.36,7.2,5.53,2026-04-13,2026-04-13,2000-2026
农业、资源与环境,AGR,新能源,太阳能工程师,Solar Energy Engineer,本科/硕士,24-32,global,45,6.6,6.12,8.58,7.51,7.62,6.2,8.14,7.74,7.44,7.11,6.16,7.16,6.59,5.69,5.66,5.6,5.1,1.41,6.02,7.09,3.02,6.0,5.55,7.57,6.58,5.75,5.51,5.51,3.53,4.5,5.48,3.54,7.23,4.61,6.27,4.95,7.39,0.67,瑞典,尼日利亚,4,5,general,↑↑,2032-2038,6.23,5.87,6.13,6.35,7.34,6.45,5.32,6.48,5.89,7.09,7.13,5.41,2026-04-13,2026-04-13,2000-2026
工程与制造,ENG,汽车,电池系统工程师,Battery Systems Engineer,本科/硕士,22-28,global,45,6.6,6.08,8.15,7.05,8.03,6.63,8.16,8.2,7.79,6.72,6.71,7.14,5.64,5.2,5.12,6.53,5.58,1.41,6.52,7.64,3.55,5.55,5.57,6.58,4.01,4.77,6.56,5.5,3.02,3.05,5.96,3.44,6.74,4.6,6.27,4.92,7.4,0.66,德国,孟加拉国,5,5,general,↑↑,2032-2038,6.46,5.97,6.44,6.18,7.18,6.58,5.3,6.32,5.76,6.7,7.19,5.34,2026-04-13,2026-04-13,2000-2026
技术工种与手工业,SKL,电气技术,电梯维修技师,Elevator Repair Technician,职校/学徒,18-25,global,45,4.5,3.5,6.69,7.99,7.22,7.74,7.81,7.93,6.83,7.09,7.11,5.21,5.53,5.22,5.63,6.58,5.52,1.53,8.03,5.52,0.51,6.52,5.09,6.56,7.07,3.07,6.58,5.49,5.99,6.59,4.92,6.92,6.29,3.07,6.27,5.16,7.4,0.67,澳大利亚,孟加拉国,3,2,general,↑,2035+,6.24,5.86,6.4,6.28,7.16,6.54,5.29,6.27,5.82,7.26,7.19,5.5,2026-04-13,2026-04-13,2000-2026
金融与商业,FIN,人力资源,劳动关系专员,Labor Relations Specialist,本科,22-28,global,45,4.59,5.05,5.57,7.55,6.56,7.46,5.01,4.43,5.56,6.03,7.26,9.48,7.49,6.13,5.6,6.47,5.92,1.54,6.38,5.6,6.58,6.01,6.45,6.04,5.47,7.11,6.49,8.51,1.01,3.62,4.99,4.96,6.29,2.48,6.27,5.03,7.46,0.65,瑞士,孟加拉国,2,1,general,↑,2032-2038,6.43,5.92,6.11,6.4,6.95,6.69,5.4,6.14,5.81,6.9,7.16,5.53,2026-04-13,2026-04-13,2000-2026
金融与商业,FIN,管理咨询,IT咨询顾问,IT Consultant,硕士,24-30,global,45,7.11,7.1,7.63,6.55,7.1,5.97,6.96,5.99,7.03,6.58,5.76,9.5,5.96,3.69,3.64,7.99,7.41,1.99,5.94,7.54,7.55,6.45,3.91,6.42,7.48,5.66,4.91,8.5,1.45,2.62,5.94,4.95,8.26,3.53,6.27,4.89,7.41,0.7,瑞士,孟加拉国,3,3,general,↑↑,2032-2038,6.51,5.94,6.1,6.38,7.01,6.7,5.33,6.2,5.75,6.9,7.17,5.44,2026-04-13,2026-04-13,2000-2026
医疗与健康,MED,眼科,验光师,Optometrist,博士/医学学位,28-34,global,45,7.04,7.08,6.78,8.11,6.69,5.58,7.2,7.32,6.65,6.75,8.18,8.58,5.5,7.04,6.59,4.55,3.55,1.42,6.5,6.61,1.45,6.92,6.88,7.54,7.99,5.67,6.56,7.54,4.04,7.14,2.38,4.53,6.65,3.09,6.27,5.14,7.12,0.56,瑞士,孟加拉国,3,2,general,↑,2032-2038,6.33,5.98,6.14,6.38,6.9,6.6,5.41,6.44,5.93,6.96,6.98,5.56,2026-04-13,2026-04-13,2000-2026
技术工种与手工业,SKL,管道暖通,锅炉技师,Boiler Technician,职校/学徒,18-25,global,45,4.03,3.0,6.14,7.99,7.27,7.24,6.96,7.95,6.04,7.54,7.56,4.71,5.01,5.21,5.62,6.08,5.0,1.52,8.53,5.08,0.59,7.02,5.1,6.6,7.5,2.69,6.49,6.0,6.51,6.58,4.5,7.52,6.69,2.53,6.26,5.05,7.43,0.72,瑞士,孟加拉国,3,0,general,→,2035+,6.21,5.87,6.38,6.23,7.26,6.55,5.21,6.24,5.69,7.33,7.22,5.51,2026-04-13,2026-04-13,2000-2026
技术工种与手工业,SKL,电气技术,工业电气技师,Industrial Electrician,职校/学徒,18-25,global,45,4.97,4.0,6.69,8.02,7.23,7.76,7.82,7.96,6.95,7.03,7.1,5.69,5.58,5.26,5.65,6.55,5.5,1.52,8.0,5.55,0.55,6.5,5.01,6.53,7.03,3.13,6.6,5.48,6.5,6.05,4.98,6.99,6.17,3.02,6.26,5.11,7.41,0.69,澳大利亚,孟加拉国,3,2,general,↑,2035+,6.24,5.85,6.42,6.33,7.14,6.59,5.22,6.12,5.8,7.34,7.14,5.53,2026-04-13,2026-04-13,2000-2026
金融与商业,FIN,银行,金融科技产品经理,FinTech Product Manager,本科/硕士,22-28,global,45,6.11,5.58,8.13,7.49,6.6,7.91,7.44,5.02,7.62,6.06,7.25,9.02,6.46,5.66,5.09,6.05,5.51,1.53,5.97,6.54,7.61,5.45,5.43,5.48,4.56,5.67,5.98,7.02,0.99,4.08,4.92,3.48,6.2,4.54,6.26,5.02,7.36,0.64,瑞士,孟加拉国,4,4,general,↑↑,2028-2033,6.41,5.91,6.11,6.38,6.95,6.65,5.35,6.26,5.81,6.88,7.1,5.51,2026-04-13,2026-04-13,2000-2026
金融与商业,FIN,人力资源,组织发展顾问,Organizational Development Consultant,硕士,28-35,global,45,6.62,6.59,5.54,7.49,6.56,7.53,5.0,4.5,6.88,6.07,6.73,9.55,7.51,6.11,5.56,6.5,6.04,1.51,5.96,5.54,6.53,6.03,6.4,7.59,5.56,7.05,6.5,8.55,0.99,2.61,4.94,5.03,6.27,2.49,6.26,4.98,7.3,0.62,瑞士,孟加拉国,2,1,general,↑,2028-2033,6.44,5.95,6.1,6.39,6.89,6.6,5.39,6.19,5.8,6.86,7.13,5.51,2026-04-13,2026-04-13,2000-2026
教育与学术,EDU,学术研究,科学传播者/科普作家,Science Communicator,硕士/博士,25-35,global,45,6.06,6.02,5.57,7.64,5.69,4.2,5.09,4.7,4.93,5.11,5.32,9.53,6.06,6.14,5.66,7.06,6.05,1.87,6.56,6.21,7.64,7.07,6.54,7.52,7.07,6.69,7.18,8.02,1.54,2.09,3.37,8.09,6.78,2.0,6.26,5.09,7.54,0.7,芬兰,尼日利亚,3,2,general,↑,2032-2038,6.43,5.89,6.24,6.23,7.42,6.56,5.43,6.24,5.68,7.04,7.13,5.36,2026-04-13,2026-04-13,2000-2026
金融与商业,FIN,供应链,供应链经理,Supply Chain Manager,本科/硕士,28-35,global,45,5.08,5.0,7.15,7.53,6.64,7.03,7.02,5.59,6.86,6.54,6.67,8.98,7.46,5.68,5.64,6.54,5.55,1.52,5.44,6.03,5.59,5.93,5.44,5.49,5.43,5.64,6.0,6.97,2.02,3.12,5.45,4.05,7.26,2.92,6.26,4.94,7.34,0.65,瑞士,孟加拉国,3,3,general,↑↑,2028-2033,6.42,5.93,6.05,6.45,6.97,6.56,5.36,6.22,5.78,6.88,7.17,5.55,2026-04-13,2026-04-13,2000-2026
信息技术与数字化,TECH,软件开发,移动应用开发工程师,Mobile App Developer,本科/自学,20-28,global,45,5.08,4.5,6.16,5.61,7.2,7.52,5.1,4.73,6.46,6.55,5.58,9.49,6.53,5.2,5.63,6.56,6.07,1.91,4.0,6.15,8.5,7.08,5.55,6.6,8.1,5.76,5.57,4.98,1.02,0.53,5.44,8.01,7.8,2.68,6.25,5.01,7.36,0.66,荷兰,孟加拉国,3,0,general,→,2026-2030,6.3,5.92,6.26,6.33,7.13,6.63,5.49,6.13,5.77,6.96,7.12,5.4,2026-04-13,2026-04-13,2000-2026
金融与商业,FIN,人力资源,培训与发展经理,Training & Development Manager,本科/硕士,28-35,global,45,5.58,5.12,5.56,7.54,6.58,7.47,5.06,4.46,5.95,6.02,6.68,9.51,7.51,6.12,5.54,6.44,6.0,1.51,5.94,5.51,6.54,5.98,6.45,6.99,5.58,7.06,6.46,8.48,0.98,2.6,4.91,4.91,6.22,2.56,6.25,4.97,7.51,0.68,瑞士,巴基斯坦,2,1,general,↑,2028-2033,6.42,5.92,6.11,6.39,7.01,6.63,5.37,6.12,5.7,6.88,7.19,5.5,2026-04-13,2026-04-13,2000-2026
文化、艺术与传媒,ART,文化产业管理,文化投资人,Cultural Industry Investor,本科/硕士,30-45,global,45,5.09,5.59,6.1,7.57,6.17,5.61,5.57,5.13,7.77,6.16,5.68,8.55,7.04,5.25,5.65,7.08,6.54,3.44,5.5,7.55,5.93,8.5,5.02,6.96,9.0,5.8,6.53,7.46,1.99,1.98,5.45,6.08,6.73,4.61,6.25,5.06,7.15,0.56,荷兰,巴基斯坦,3,2,general,↑,2028-2033,6.29,5.94,6.29,6.1,6.92,6.53,5.37,6.38,5.87,6.96,7.06,5.65,2026-04-13,2026-04-13,2000-2026
法律与社会服务,LAW,公证与仲裁,调解员,Mediator,法学/心理学学位,30-45,global,45,6.12,6.1,6.07,8.03,5.03,4.49,5.55,5.11,6.03,5.63,6.65,9.05,6.52,6.05,5.53,6.5,5.92,1.96,7.53,7.0,4.99,7.58,6.03,7.55,6.97,6.68,7.51,8.98,0.5,6.58,2.95,5.07,6.1,3.51,6.25,5.13,7.22,0.63,英国,巴基斯坦,2,2,general,↑,2035+,6.31,5.9,6.15,6.14,7.05,6.58,5.43,6.26,5.9,7.06,7.08,5.55,2026-04-13,2026-04-13,2000-2026
文化、艺术与传媒,ART,文化产业管理,IP运营经理,IP Operations Manager,本科/硕士,25-35,global,45,5.09,5.59,7.14,7.53,6.12,5.77,6.07,5.18,7.07,6.12,5.59,8.55,6.98,5.23,5.62,7.04,6.53,2.45,5.53,6.61,5.98,7.01,5.05,7.02,8.06,5.81,6.54,7.52,1.97,2.02,5.47,6.08,6.71,4.54,6.25,5.1,7.15,0.56,荷兰,巴基斯坦,3,3,general,↑,2028-2033,6.33,5.91,6.29,6.08,6.97,6.55,5.46,6.28,5.91,6.91,7.05,5.59,2026-04-13,2026-04-13,2000-2026
农业、资源与环境,AGR,农业科技,农业生物技术研究员,Agricultural Biotechnology Researcher,硕士/博士,26-35,global,45,8.1,8.58,7.67,7.58,6.72,5.36,7.35,7.65,7.07,6.63,6.15,7.69,6.54,5.74,5.61,6.08,5.64,1.39,6.96,7.59,3.97,6.52,5.55,8.03,6.09,5.77,5.54,5.49,2.48,3.54,4.92,4.06,7.7,3.58,6.25,5.24,7.36,0.61,丹麦,孟加拉国,3,3,general,↑↑,2032-2038,6.16,5.87,6.32,6.21,7.18,6.51,5.4,6.37,5.98,7.06,7.02,5.48,2026-04-13,2026-04-13,2000-2026
法律与社会服务,LAW,律师各专业,国际法律师,International Lawyer,法学博士+LLM,26-32,global,45,8.57,8.62,7.02,8.01,5.51,3.56,6.6,7.12,8.5,7.02,7.21,8.57,6.02,4.01,4.04,7.03,6.53,1.45,7.04,9.03,5.51,7.02,3.55,7.49,6.55,5.73,6.03,7.96,0.49,9.08,2.96,2.45,9.42,4.54,6.24,5.12,7.2,0.62,瑞士,巴基斯坦,3,2,general,↑,2032-2038,6.33,5.91,6.11,6.18,7.01,6.52,5.45,6.33,5.82,6.98,7.08,5.56,2026-04-13,2026-04-13,2000-2026
金融与商业,FIN,市场营销与销售,大客户经理,Key Account Manager,本科,22-28,global,45,4.12,4.62,5.56,7.05,7.02,8.44,5.02,3.94,6.83,6.51,5.7,9.01,6.99,4.61,4.59,6.96,6.56,2.49,6.39,6.02,6.55,6.5,4.99,6.03,7.53,6.11,5.98,9.51,2.03,1.61,6.38,6.05,6.72,2.52,6.24,4.87,7.33,0.65,瑞士,孟加拉国,2,1,general,↑,2032-2038,6.4,5.93,6.06,6.36,6.91,6.65,5.33,6.08,5.75,6.86,7.16,5.55,2026-04-13,2026-04-13,2000-2026
医疗与健康,MED,药学,药品研发科学家,Pharmaceutical R&D Scientist,硕士/博士,26-32,global,45,8.63,8.59,5.76,8.1,6.11,6.64,7.28,7.28,7.86,6.63,7.69,8.6,6.42,5.66,5.6,5.52,5.06,1.42,6.46,8.11,4.59,5.88,5.92,8.04,6.5,6.17,6.52,6.52,2.0,7.61,1.93,4.43,6.28,4.01,6.24,5.05,7.25,0.59,瑞士,孟加拉国,2,3,general,↑↑,2032-2038,6.32,5.94,6.13,6.27,6.99,6.54,5.37,6.43,5.91,6.89,7.04,5.39,2026-04-13,2026-04-13,2000-2026
工程与制造,ENG,通信工程,5G系统工程师,5G Systems Engineer,本科/硕士,22-28,global,45,6.55,6.06,7.57,7.52,7.64,6.1,7.62,7.71,7.54,6.64,7.13,7.64,5.62,5.21,5.13,6.01,5.52,1.43,6.06,7.69,4.57,6.06,5.58,6.09,4.55,4.72,6.55,5.46,3.48,3.62,5.01,4.07,6.79,4.09,6.24,5.04,7.35,0.63,德国,尼日利亚,4,4,general,↑↑,2032-2038,6.35,5.96,6.27,6.19,7.19,6.52,5.34,6.25,5.79,6.84,7.09,5.36,2026-04-13,2026-04-13,2000-2026
教育与学术,EDU,高等教育,终身教职教授,Tenured Professor,博士+多年研究,35-50,global,45,9.53,9.89,4.53,9.86,3.66,3.19,3.18,3.72,7.19,6.08,9.58,9.51,6.01,5.7,4.64,7.52,5.03,1.88,8.06,8.9,6.17,9.41,7.06,9.09,5.56,5.22,9.19,7.01,0.99,9.58,0.4,7.02,7.72,3.51,6.24,5.09,7.28,0.6,芬兰,尼日利亚,0,-1,general,→,2035+,6.36,5.91,6.31,6.22,7.19,6.54,5.43,6.26,5.78,6.98,6.94,5.45,2026-04-13,2026-04-13,2000-2026
农业、资源与环境,AGR,新能源,氢能工程师,Hydrogen Energy Engineer,本科/硕士,24-32,global,45,6.6,6.12,8.6,7.52,7.55,3.73,8.15,8.29,7.45,7.14,6.18,6.67,6.57,5.7,5.62,5.59,5.1,1.38,6.52,7.05,2.99,5.99,5.57,7.54,6.52,5.73,5.46,5.52,4.5,4.51,5.49,3.55,7.29,4.62,6.24,5.0,7.44,0.69,丹麦,孟加拉国,4,5,general,↑↑,2032-2038,6.21,5.86,6.06,6.3,7.34,6.47,5.28,6.4,5.88,7.05,7.15,5.39,2026-04-13,2026-04-13,2000-2026
工程与制造,ENG,机械工程,机电一体化工程师,Mechatronics Engineer,本科/硕士,22-28,global,45,5.99,6.1,7.12,7.54,7.09,6.62,7.19,7.26,7.16,6.15,7.19,7.64,5.58,5.72,5.18,6.63,5.54,1.45,6.55,7.16,4.06,6.12,6.08,6.52,4.51,4.73,6.58,4.99,3.49,3.12,5.4,4.06,6.74,3.06,6.23,5.04,7.24,0.65,荷兰,孟加拉国,3,3,general,↑↑,2032-2038,6.3,5.94,6.34,6.21,7.16,6.5,5.36,6.27,5.73,6.91,7.11,5.35,2026-04-13,2026-04-13,2000-2026
教育与学术,EDU,K12教育,特殊教育教师,Special Education Teacher,本科/硕士(特教),22-28,global,45,6.04,6.07,5.09,8.17,6.2,5.65,7.11,7.72,5.08,5.62,8.29,8.04,5.01,6.22,3.67,5.05,4.55,0.89,8.98,6.24,2.67,6.05,6.54,8.56,3.14,7.99,7.1,8.52,5.0,7.08,0.86,4.1,5.26,2.01,6.23,5.25,7.31,0.56,芬兰,尼日利亚,2,2,general,↑,2035+,6.28,6.03,6.17,6.22,7.22,6.42,5.55,6.14,5.77,6.9,6.92,5.46,2026-04-13,2026-04-13,2000-2026
医疗与健康,MED,康复与治疗,假肢矫形师,Prosthetist / Orthotist,本科/硕士,22-26,global,45,6.54,6.1,6.72,7.63,6.68,3.58,7.19,6.83,5.49,6.11,7.23,8.57,5.45,6.13,5.61,5.6,5.06,1.39,8.01,6.18,3.03,6.47,5.9,7.52,5.92,6.69,6.04,8.01,5.54,6.58,2.01,5.44,6.74,2.58,6.23,5.1,7.15,0.55,瑞士,孟加拉国,3,2,general,↑,2035+,6.25,5.97,6.17,6.22,6.97,6.5,5.41,6.45,5.94,6.8,6.93,5.51,2026-04-13,2026-04-13,2000-2026
医疗与健康,MED,护理,护理师,Nurse Practitioner,大专/本科,20-24,global,45,6.61,6.56,6.71,7.08,7.61,8.4,9.17,9.17,6.23,6.42,8.15,6.58,4.45,4.15,3.58,5.08,4.62,1.42,7.49,7.06,3.05,6.93,4.36,7.08,3.46,4.19,5.59,8.5,6.49,6.6,0.98,3.99,7.74,2.04,6.23,5.24,7.06,0.52,荷兰,巴基斯坦,3,4,general,↑↑,2032-2038,6.15,5.95,6.19,6.22,7.0,6.51,5.46,6.42,5.94,6.74,6.88,5.63,2026-04-13,2026-04-13,2000-2026
金融与商业,FIN,银行,私人银行家,Private Banker,本科,22-28,global,45,5.07,5.52,5.62,7.48,6.53,7.98,6.58,4.97,7.97,6.06,7.2,9.02,6.45,5.67,5.09,5.9,5.54,1.52,6.42,7.97,5.01,5.49,5.47,5.46,6.04,5.71,5.95,8.99,1.03,4.11,4.99,3.5,6.24,4.51,6.23,4.92,7.29,0.61,瑞士,孟加拉国,2,1,general,↑,2032-2038,6.38,5.94,6.14,6.36,6.87,6.57,5.36,6.19,5.73,6.8,7.06,5.54,2026-04-13,2026-04-13,2000-2026
文化、艺术与传媒,ART,广告公关,创意总监,Creative Director,本科,30-40,global,45,4.54,5.06,5.64,8.07,6.17,6.62,5.54,5.15,7.86,5.62,5.72,8.51,7.04,4.72,6.11,7.05,6.51,1.9,4.52,7.59,6.53,8.06,5.05,6.07,6.11,5.7,6.53,7.0,1.97,1.52,5.4,6.04,6.24,4.11,6.23,5.01,7.21,0.56,荷兰,巴基斯坦,2,1,general,→,2028-2033,6.3,5.88,6.24,6.1,6.92,6.52,5.35,6.36,5.92,6.86,7.04,5.6,2026-04-13,2026-04-13,2000-2026
信息技术与数字化,TECH,产品与设计,交互设计师,Interaction Designer,本科,22-28,global,45,5.02,5.12,6.17,6.61,6.61,4.57,5.12,5.24,6.03,6.08,5.11,9.49,7.05,5.7,5.07,6.56,6.02,2.44,5.5,5.68,8.12,7.05,6.12,6.61,6.58,7.09,5.56,6.48,0.49,0.52,5.45,7.02,7.24,2.17,6.22,4.99,7.14,0.64,英国,孟加拉国,3,1,general,↑,2028-2033,6.28,5.92,6.28,6.26,7.03,6.58,5.49,6.13,5.76,6.87,7.02,5.32,2026-04-13,2026-04-13,2000-2026
教育与学术,EDU,高等教育,大学教授,University Professor,博士,30-40,global,45,8.99,9.53,5.54,9.14,5.65,5.15,5.17,5.8,6.62,5.6,7.78,9.55,6.01,5.2,4.12,7.07,5.53,2.38,7.52,8.04,5.75,8.57,6.04,8.52,5.12,5.75,8.14,7.5,1.49,8.08,1.91,6.57,7.68,3.04,6.22,5.02,7.4,0.65,芬兰,尼日利亚,1,0,general,→,2032-2038,6.34,5.85,6.26,6.16,7.31,6.49,5.36,6.27,5.72,6.86,7.0,5.38,2026-04-13,2026-04-13,2000-2026
金融与商业,FIN,管理咨询,供应链咨询顾问,Supply Chain Consultant,硕士,24-30,global,45,7.12,7.1,7.1,6.56,7.09,5.91,7.02,5.99,7.06,6.55,5.68,9.5,5.96,3.67,3.59,8.0,7.49,2.0,5.9,7.5,6.55,6.46,3.99,6.48,7.57,5.63,4.95,8.5,1.53,2.62,5.94,5.02,8.25,3.54,6.22,4.9,7.4,0.69,瑞士,孟加拉国,3,3,general,↑↑,2028-2033,6.4,5.85,6.06,6.35,6.9,6.69,5.27,6.1,5.74,6.87,7.19,5.43,2026-04-13,2026-04-13,2000-2026
医疗与健康,MED,口腔,正畸医生,Orthodontist,博士/医学学位,26-32,global,45,9.1,9.12,6.29,8.09,6.62,6.09,7.18,6.78,8.55,6.69,8.2,8.04,4.96,6.61,5.6,4.56,3.58,1.35,7.92,8.67,0.95,7.4,6.45,7.08,8.95,6.19,6.04,7.52,5.51,8.59,2.98,4.95,6.21,2.94,6.22,5.24,7.04,0.52,瑞士,巴基斯坦,3,3,general,↑↑,2035+,6.32,5.95,6.14,6.25,6.93,6.48,5.44,6.32,5.92,6.81,6.89,5.54,2026-04-13,2026-04-13,2000-2026
文化、艺术与传媒,ART,文化产业管理,艺术节总监,Festival Director,本科/硕士,30-40,global,45,5.09,5.58,6.18,7.59,6.14,5.64,5.64,5.09,6.61,6.15,5.62,8.53,7.01,5.23,5.66,7.07,6.56,2.45,5.52,7.01,6.06,8.08,5.03,7.05,7.51,5.73,6.5,8.48,1.97,2.04,5.43,6.01,6.7,4.5,6.22,5.1,7.17,0.57,瑞士,孟加拉国,3,2,general,↑,2028-2033,6.28,5.82,6.24,6.13,6.87,6.56,5.4,6.32,5.86,6.9,7.08,5.55,2026-04-13,2026-04-13,2000-2026
技术工种与手工业,SKL,电气技术,太阳能电池板安装工,Solar Panel Installer,职校/学徒,18-25,global,45,4.49,3.42,8.21,8.0,7.23,7.68,7.38,6.59,6.53,7.06,7.12,5.2,5.52,5.21,5.6,6.53,5.56,1.52,7.54,5.57,0.55,6.53,5.08,6.51,7.08,3.08,6.52,5.52,6.96,5.63,4.9,7.01,6.22,3.14,6.22,4.95,7.33,0.7,荷兰,孟加拉国,4,4,general,↑↑,2032-2038,6.18,5.8,6.34,6.26,7.12,6.5,5.21,6.29,5.77,7.28,7.14,5.4,2026-04-13,2026-04-13,2000-2026
医疗与健康,MED,护理,社区护士,Community Health Nurse,大专/本科,20-24,global,45,5.09,5.08,6.74,7.1,7.61,8.43,8.19,8.22,4.33,6.46,8.12,6.56,4.47,6.14,5.6,5.12,4.56,1.42,7.46,6.01,3.07,4.4,5.9,7.15,3.38,4.21,5.57,8.5,5.08,6.59,0.91,4.05,7.77,2.04,6.22,5.05,7.14,0.54,荷兰,孟加拉国,3,3,general,↑↑,2032-2038,6.23,5.95,6.13,6.27,6.94,6.53,5.33,6.39,5.85,6.89,6.92,5.58,2026-04-13,2026-04-13,2000-2026
医疗与健康,MED,护理,麻醉护士,Nurse Anesthetist,大专/本科,20-24,global,45,7.05,7.02,6.8,7.11,7.63,8.5,8.78,9.12,7.61,6.51,8.21,6.56,4.46,4.2,3.58,5.1,4.63,1.38,7.49,7.52,1.52,6.94,4.49,7.07,3.53,4.16,5.56,8.52,6.49,8.12,0.94,3.91,7.74,2.02,6.21,5.22,7.07,0.53,瑞典,孟加拉国,3,3,general,↑↑,2035+,6.24,5.92,6.13,6.21,6.97,6.46,5.45,6.32,5.87,6.89,6.9,5.53,2026-04-13,2026-04-13,2000-2026
技术工种与手工业,SKL,电气技术,安防监控安装技师,Security & CCTV Installation Technician,职校/学徒,18-25,global,45,4.02,3.51,7.19,8.09,7.31,7.65,6.82,7.55,6.11,7.03,7.15,5.68,5.53,5.21,5.61,6.5,5.53,1.52,7.46,5.51,0.59,6.48,5.02,6.5,7.08,3.06,6.53,5.52,5.48,5.59,4.91,7.0,6.17,3.08,6.21,5.05,7.36,0.7,德国,孟加拉国,3,2,general,↑,2032-2038,6.21,5.84,6.27,6.25,7.07,6.43,5.19,6.22,5.7,7.24,7.16,5.45,2026-04-13,2026-04-13,2000-2026
医疗与健康,MED,口腔,牙科医生,Dentist,博士/医学学位,26-32,global,45,8.1,8.07,6.29,8.1,6.69,6.04,6.69,6.76,7.54,6.71,8.14,8.06,5.0,7.07,6.05,4.59,3.59,1.38,7.94,7.58,1.02,7.47,6.88,7.01,8.46,6.11,6.02,7.52,5.48,8.63,2.99,5.03,6.21,3.02,6.21,5.08,7.02,0.54,德国,孟加拉国,3,2,general,↑,2035+,6.24,5.94,6.02,6.28,6.91,6.5,5.37,6.38,5.89,6.84,6.93,5.54,2026-04-13,2026-04-13,2000-2026
工程与制造,ENG,汽车,新能源汽车工程师,New Energy Vehicle Engineer,本科/硕士,22-28,global,45,6.6,6.1,8.1,7.08,8.02,6.67,8.13,7.76,7.81,6.7,6.66,7.13,5.54,5.22,5.1,6.58,5.53,1.4,6.54,6.65,3.57,5.57,5.52,6.51,4.02,4.69,6.54,5.5,2.98,3.11,5.98,3.53,6.69,4.55,6.21,4.84,7.32,0.66,德国,孟加拉国,4,5,general,↑↑,2032-2038,6.34,5.94,6.39,6.14,7.12,6.53,5.27,6.28,5.75,6.72,7.1,5.27,2026-04-13,2026-04-13,2000-2026
医疗与健康,MED,临床医学,皮肤科医生,Dermatologist,博士/医学学位,28-35,global,45,9.1,9.05,6.83,8.58,7.18,7.04,7.13,7.25,7.91,5.68,8.15,7.05,4.98,6.6,6.57,5.57,4.1,1.91,5.5,8.62,2.0,6.39,6.88,8.0,7.92,5.13,6.61,7.97,2.52,9.12,1.47,6.04,6.73,3.1,6.21,5.07,6.99,0.52,荷兰,孟加拉国,3,2,general,↑,2028-2033,6.26,5.98,6.19,6.28,6.91,6.52,5.33,6.32,5.93,6.74,6.83,5.5,2026-04-13,2026-04-13,2000-2026
医疗与健康,MED,医疗管理,临床研究协调员,Clinical Research Coordinator,本科/硕士,24-30,global,45,5.6,5.05,6.28,7.63,6.61,6.55,7.22,5.87,5.46,6.62,7.14,8.56,7.01,5.58,5.63,6.54,6.1,1.42,5.41,6.14,4.59,5.4,5.88,6.09,4.93,6.22,6.61,7.01,1.99,4.1,1.98,4.94,6.24,3.07,6.21,5.15,7.09,0.57,瑞士,巴基斯坦,3,3,general,↑↑,2028-2033,6.3,5.99,6.06,6.18,6.91,6.54,5.36,6.42,5.86,6.81,6.93,5.43,2026-04-13,2026-04-13,2000-2026
金融与商业,FIN,会计审计,ERP财务顾问,ERP Financial Consultant,本科/硕士,22-28,global,45,6.59,6.08,5.09,8.49,6.62,7.97,6.5,5.07,7.26,6.02,7.78,9.5,7.04,4.62,4.59,6.48,6.04,1.5,5.41,6.5,7.61,5.98,4.96,5.48,6.5,6.12,6.49,6.52,0.49,7.1,3.44,5.48,7.76,3.46,6.21,4.86,7.29,0.63,瑞士,孟加拉国,2,2,general,↑,2028-2033,6.38,5.93,6.06,6.3,6.92,6.57,5.33,6.09,5.72,6.92,7.02,5.52,2026-04-13,2026-04-13,2000-2026
教育与学术,EDU,职业培训,语言培训教师,Language Training Teacher,本科(语言)+认证,22-30,global,45,5.02,5.01,4.58,7.63,6.14,7.2,5.06,4.75,4.62,5.62,5.76,9.51,5.5,6.22,5.14,5.53,5.09,1.91,6.06,5.13,7.6,6.55,5.98,7.09,7.15,7.59,7.16,8.46,1.5,3.08,3.41,8.07,7.27,1.56,6.2,5.27,7.36,0.56,芬兰,尼日利亚,1,-1,general,→,2032-2038,6.26,5.95,6.17,6.17,7.18,6.45,5.49,6.18,5.78,6.87,6.89,5.45,2026-04-13,2026-04-13,2000-2026
金融与商业,FIN,管理咨询,战略咨询顾问,Strategy Consultant,硕士/MBA,24-30,global,45,7.11,7.11,6.57,6.5,7.04,5.91,5.46,5.95,8.13,6.54,5.71,9.47,5.97,2.68,2.54,8.01,7.54,2.01,5.94,8.91,6.49,6.51,3.93,7.52,7.58,5.72,4.93,8.53,1.45,2.63,6.0,4.95,8.21,3.51,6.2,4.79,7.24,0.66,瑞士,孟加拉国,3,1,general,↑,2032-2038,6.42,5.84,6.05,6.35,6.88,6.51,5.24,6.17,5.75,6.78,7.11,5.44,2026-04-13,2026-04-13,2000-2026
农业、资源与环境,AGR,新能源,碳交易分析师,Carbon Trading Analyst,本科/硕士,24-32,global,45,6.04,6.12,8.09,7.5,7.66,6.23,7.15,7.3,6.97,7.08,6.17,6.63,6.56,5.7,5.66,5.55,6.06,1.4,5.03,6.57,6.54,6.0,5.55,6.58,5.56,5.73,5.6,5.49,1.48,4.54,5.41,3.5,7.38,4.58,6.2,4.92,7.52,0.7,丹麦,巴基斯坦,4,5,general,↑↑,2028-2033,6.16,5.78,5.99,6.34,7.4,6.39,5.21,6.34,5.81,7.12,7.04,5.39,2026-04-13,2026-04-13,2000-2026
医疗与健康,MED,眼科,眼科医生,Ophthalmologist,博士/医学学位,28-34,global,45,8.6,8.58,6.79,8.15,6.68,5.56,7.73,7.25,8.24,6.7,8.19,8.56,5.51,5.65,5.09,4.65,3.62,1.37,6.44,8.19,1.53,6.96,5.91,7.55,8.45,5.71,6.6,7.52,4.01,8.66,2.41,4.47,6.77,3.09,6.2,5.09,7.04,0.54,瑞典,孟加拉国,3,2,general,↑,2032-2038,6.27,5.95,6.08,6.22,6.9,6.49,5.41,6.39,5.82,6.83,6.86,5.5,2026-04-13,2026-04-13,2000-2026
金融与商业,FIN,人力资源,薪酬福利经理,Compensation & Benefits Manager,本科/硕士,22-28,global,45,5.61,5.09,5.51,7.56,6.55,7.49,5.03,4.51,6.42,6.04,6.69,9.53,7.49,6.2,5.58,6.51,6.02,1.51,4.98,5.54,6.5,6.01,6.44,5.97,5.53,7.09,6.41,8.51,0.98,2.67,4.98,5.02,6.21,2.48,6.2,4.84,7.34,0.64,瑞士,孟加拉国,2,1,general,↑,2028-2033,6.36,5.84,5.98,6.3,6.84,6.58,5.3,6.14,5.76,6.85,7.1,5.48,2026-04-13,2026-04-13,2000-2026
金融与商业,FIN,供应链,进出口经理,Import/Export Manager,本科,22-28,global,45,5.13,5.08,6.08,7.52,6.59,7.03,6.08,5.52,6.43,6.56,6.73,9.02,7.45,5.64,5.62,6.45,5.5,1.51,5.44,6.08,5.53,6.02,5.47,5.49,5.51,5.69,6.0,7.0,2.01,3.08,5.37,4.01,8.21,3.03,6.19,4.87,7.42,0.67,瑞士,孟加拉国,3,2,general,↑,2028-2033,6.32,5.82,6.02,6.36,6.91,6.63,5.22,6.18,5.64,6.77,7.11,5.47,2026-04-13,2026-04-13,2000-2026
工程与制造,ENG,航空航天,飞机设计工程师,Aircraft Design Engineer,硕士,24-30,global,45,7.56,7.54,6.7,8.02,6.16,4.16,7.18,7.66,8.13,6.67,7.62,6.65,5.64,5.21,5.12,6.06,5.03,0.88,8.07,8.66,3.97,6.05,5.54,8.63,3.05,4.19,6.06,5.51,3.46,4.07,4.48,3.01,6.67,5.52,6.19,4.9,7.27,0.65,瑞典,孟加拉国,3,2,general,↑,2035+,6.3,5.85,6.32,6.22,7.09,6.48,5.27,6.25,5.7,6.72,7.06,5.3,2026-04-13,2026-04-13,2000-2026
医疗与健康,MED,医疗管理,病案编码员,Health Information Technician,大专/本科,20-26,global,45,4.1,4.1,6.25,7.62,6.69,6.65,6.23,5.75,4.98,6.6,7.18,8.58,6.89,5.69,5.61,6.57,6.08,1.41,3.96,6.07,6.59,5.44,5.94,6.06,5.01,6.19,6.61,6.98,2.02,4.17,1.95,5.0,6.17,3.08,6.19,5.13,7.2,0.57,瑞士,巴基斯坦,3,0,general,→,2026-2030,6.18,5.9,6.14,6.16,6.92,6.57,5.37,6.39,5.84,6.84,6.94,5.45,2026-04-13,2026-04-13,2000-2026
法律与社会服务,LAW,合规与监管,法律AI训练师,Legal AI Trainer / Specialist,法学+AI/数据,24-30,global,45,5.61,5.58,7.54,5.56,6.53,3.01,7.01,7.17,6.49,6.49,5.11,9.53,6.58,5.06,5.06,6.55,6.47,2.42,4.56,6.04,7.99,7.05,6.06,6.56,7.05,6.67,5.96,6.02,0.48,3.58,4.98,6.01,7.02,3.58,6.19,5.17,7.2,0.58,瑞士,孟加拉国,3,5,general,↑↑,2028-2033,6.23,5.87,6.04,6.11,6.9,6.54,5.41,6.3,5.82,6.86,7.02,5.54,2026-04-13,2026-04-13,2000-2026
文化、艺术与传媒,ART,设计创意,工业设计师,Industrial Designer,本科,20-28,global,45,5.11,6.08,5.66,7.52,6.11,6.16,5.66,5.13,6.65,5.66,5.12,8.51,7.0,5.29,5.6,7.01,6.04,1.92,6.04,6.6,6.99,7.05,5.52,7.47,7.07,5.81,6.58,5.99,2.49,1.5,5.42,7.01,6.27,3.69,6.19,5.02,7.15,0.57,荷兰,巴基斯坦,2,1,general,→,2032-2038,6.21,5.84,6.16,6.09,6.97,6.53,5.29,6.27,5.84,6.93,6.97,5.54,2026-04-13,2026-04-13,2000-2026
金融与商业,FIN,银行,风控专员,Risk Management Specialist,本科,22-28,global,45,5.06,5.57,7.09,7.55,6.52,7.95,6.94,6.51,7.3,6.04,7.23,9.03,6.51,5.66,5.1,5.98,5.42,1.48,5.93,6.45,5.05,5.52,5.45,5.46,4.55,5.59,5.96,7.0,0.95,4.19,4.91,3.52,6.26,4.45,6.19,4.92,7.39,0.62,瑞士,孟加拉国,2,2,general,↑,2028-2033,6.34,5.87,6.02,6.3,6.8,6.5,5.37,6.08,5.77,6.84,7.06,5.53,2026-04-13,2026-04-13,2000-2026
工程与制造,ENG,机械工程,3D打印/增材制造工程师,Additive Manufacturing Engineer,本科/硕士,22-28,global,45,6.08,6.07,7.68,7.57,7.13,6.6,7.12,7.22,7.07,6.15,7.1,7.64,5.58,5.76,5.11,6.51,5.55,1.4,6.05,6.69,4.05,6.06,6.05,6.55,4.56,4.75,6.51,5.0,3.48,3.11,5.42,4.05,6.75,3.12,6.19,5.02,7.29,0.64,德国,尼日利亚,4,4,general,↑↑,2028-2033,6.32,5.82,6.25,6.18,7.06,6.5,5.31,6.19,5.71,6.82,7.1,5.37,2026-04-13,2026-04-13,2000-2026
金融与商业,FIN,供应链,采购经理,Procurement Manager,本科/硕士,28-35,global,45,5.06,5.11,6.1,7.51,6.53,6.98,6.02,5.5,6.42,6.53,6.73,9.03,7.43,5.65,5.58,6.45,5.42,1.48,5.41,6.02,5.57,6.98,5.43,5.53,5.44,5.71,5.92,7.54,2.02,3.08,5.42,4.01,7.29,3.0,6.19,4.83,7.42,0.65,瑞士,孟加拉国,3,2,general,↑,2028-2033,6.37,5.8,6.06,6.3,6.85,6.57,5.29,6.13,5.72,6.87,7.08,5.45,2026-04-13,2026-04-13,2000-2026
医疗与健康,MED,康复与治疗,呼吸治疗师,Respiratory Therapist,本科/硕士,22-26,global,45,6.1,6.11,6.7,7.62,6.71,5.54,7.7,6.77,5.48,6.1,7.15,7.08,5.49,6.09,5.61,5.54,5.03,1.38,6.96,6.18,3.01,6.4,5.92,7.52,5.99,6.71,6.07,7.98,4.97,6.72,1.98,5.46,6.75,2.54,6.19,5.07,7.08,0.55,荷兰,孟加拉国,3,3,general,↑↑,2032-2038,6.24,5.92,6.12,6.2,6.89,6.49,5.34,6.36,5.9,6.76,6.9,5.5,2026-04-13,2026-04-13,2000-2026
金融与商业,FIN,市场营销与销售,商务拓展经理(BD),Business Development Manager,本科,22-28,global,45,4.07,4.54,5.69,7.07,7.09,8.46,5.03,4.05,6.85,6.54,5.25,9.02,6.93,4.18,4.58,6.96,6.51,2.52,5.41,5.96,6.6,6.48,5.02,6.55,8.44,6.2,5.93,8.98,1.93,1.63,6.97,5.94,6.73,2.47,6.18,4.84,7.33,0.63,瑞士,孟加拉国,2,1,general,↑,2028-2033,6.33,5.88,6.02,6.33,6.73,6.58,5.32,6.16,5.7,6.85,7.04,5.44,2026-04-13,2026-04-13,2000-2026
金融与商业,FIN,管理咨询,财务咨询顾问,Financial Advisory Consultant,硕士,24-30,global,45,7.03,7.1,6.56,6.56,7.09,5.92,5.95,6.04,7.77,6.55,5.75,9.52,6.0,3.2,3.11,8.02,7.5,2.0,5.95,7.58,6.55,6.46,3.96,7.04,7.6,5.71,4.96,8.48,1.51,2.6,7.0,5.0,8.22,3.56,6.18,4.75,7.29,0.66,瑞士,孟加拉国,3,1,general,↑,2028-2033,6.35,5.84,6.01,6.31,6.86,6.56,5.25,6.14,5.69,6.74,7.1,5.42,2026-04-13,2026-04-13,2000-2026
医疗与健康,MED,医疗管理,医疗编码员,Medical Coder,大专/本科,20-28,global,45,4.1,4.1,6.27,7.61,6.63,6.51,6.16,5.73,5.06,6.6,7.17,8.56,6.97,5.62,5.62,6.58,6.11,1.4,3.49,6.06,7.63,5.39,5.94,6.12,4.92,6.17,6.53,7.01,1.99,4.58,1.94,4.98,6.2,3.05,6.18,5.11,7.11,0.57,德国,孟加拉国,3,-1,general,→,2026-2030,6.23,5.88,6.09,6.21,6.93,6.52,5.31,6.32,5.83,6.74,6.96,5.45,2026-04-13,2026-04-13,2000-2026
工程与制造,ENG,半导体,模拟IC设计工程师,Analog IC Design Engineer,硕士/博士,23-28,global,45,8.1,8.04,7.02,7.08,6.95,4.01,8.56,9.05,8.49,7.12,6.66,7.15,5.14,4.69,5.09,6.04,5.0,0.92,7.56,8.7,4.01,6.04,5.04,7.14,3.54,4.28,5.56,4.5,2.53,2.62,5.44,3.45,7.22,6.15,6.18,4.86,7.35,0.66,德国,尼日利亚,4,3,general,↑↑,2035+,6.35,5.96,6.29,6.09,7.06,6.51,5.23,6.17,5.68,6.66,7.08,5.25,2026-04-13,2026-04-13,2000-2026
技术工种与手工业,SKL,电气技术,电力线路工人,Power Line Worker / Lineman,职校/学徒,18-25,global,45,4.5,3.5,6.67,8.04,7.22,7.77,7.32,8.39,6.86,7.04,7.14,3.72,5.58,4.28,5.65,6.54,5.51,1.5,8.48,5.53,0.54,6.54,3.48,6.52,7.08,3.12,6.56,5.49,8.49,5.1,4.91,7.0,6.28,3.13,6.18,5.0,7.24,0.68,瑞士,尼日利亚,3,2,general,↑,2035+,6.09,5.81,6.34,6.21,7.13,6.48,5.19,6.17,5.68,7.18,7.07,5.43,2026-04-13,2026-04-13,2000-2026
文化、艺术与传媒,ART,广告公关,危机公关专家,Crisis Communications Specialist,本科,22-28,global,45,4.59,5.08,5.51,7.49,6.12,4.67,5.14,5.2,7.07,5.65,5.62,8.52,7.05,4.69,6.15,7.01,6.53,1.92,7.02,7.1,6.48,5.98,5.08,6.06,6.08,5.74,6.52,7.04,2.04,1.51,5.44,6.02,6.27,4.05,6.18,5.02,7.04,0.55,荷兰,孟加拉国,2,1,general,→,2032-2038,6.21,5.86,6.17,6.08,6.83,6.55,5.33,6.25,5.83,6.87,6.93,5.62,2026-04-13,2026-04-13,2000-2026
技术工种与手工业,SKL,传统手工艺,制表师/钟表匠,Watchmaker / Horologist,师徒制(3-5年),18-25,global,45,7.5,4.48,3.8,8.6,4.31,2.91,6.83,7.06,7.27,5.03,5.62,6.72,5.58,6.22,6.62,4.55,3.59,2.0,9.49,7.05,2.01,8.0,6.08,8.64,7.57,4.52,7.55,5.01,3.0,2.11,4.49,7.0,7.24,2.04,6.18,5.06,7.43,0.67,德国,孟加拉国,0,-1,general,→,2035+,6.19,5.74,6.32,6.09,7.18,6.38,5.25,6.29,5.65,6.96,7.16,5.43,2026-04-13,2026-04-13,2000-2026
文化、艺术与传媒,ART,设计创意,动态图形设计师,Motion Graphics Designer,本科,20-28,global,45,5.09,5.08,6.68,7.57,6.13,6.14,6.62,5.17,6.14,5.65,5.08,8.55,6.99,5.19,5.68,7.01,6.01,1.94,4.52,5.53,8.01,7.06,5.52,7.59,7.09,5.74,6.55,6.02,2.49,1.51,5.48,7.05,6.25,3.6,6.18,4.96,7.06,0.57,英国,巴基斯坦,2,2,general,↑,2028-2033,6.23,5.87,6.13,6.03,6.89,6.49,5.28,6.3,5.88,6.89,7.01,5.52,2026-04-13,2026-04-13,2000-2026
金融与商业,FIN,保险,精算师,Actuary,本科/硕士(精算),24-28,global,45,8.58,8.07,5.62,7.97,6.06,6.96,7.59,7.5,7.51,6.06,8.69,9.52,6.99,6.14,5.59,5.58,4.99,2.02,6.44,7.47,5.57,5.54,5.96,7.04,6.49,5.21,6.49,7.02,1.02,8.62,3.94,4.47,5.75,4.52,6.18,4.66,7.34,0.68,瑞士,孟加拉国,2,2,general,↑,2032-2038,6.44,5.81,5.94,6.35,6.83,6.61,5.13,6.13,5.68,6.74,7.11,5.46,2026-04-13,2026-04-13,2000-2026
法律与社会服务,LAW,合规与监管,知识产权分析师,Intellectual Property Analyst,理工+法学,24-30,global,45,6.58,6.55,6.57,7.6,5.95,4.54,6.14,6.12,7.0,6.48,7.11,9.51,6.54,5.55,5.05,6.06,5.99,1.45,5.56,6.5,6.57,6.59,5.52,6.49,6.03,6.24,6.55,6.48,0.49,6.56,2.92,4.5,7.01,3.54,6.18,5.08,7.15,0.6,瑞士,孟加拉国,3,2,general,↑,2028-2033,6.26,5.86,6.01,6.11,6.94,6.44,5.39,6.27,5.86,6.86,7.04,5.46,2026-04-13,2026-04-13,2000-2026
工程与制造,ENG,半导体,芯片设计工程师(IC Designer),IC Design Engineer,硕士/博士,23-28,global,45,8.09,8.05,7.04,7.0,6.99,5.0,8.54,9.11,8.57,7.17,6.66,7.15,5.05,4.76,5.11,6.12,5.03,0.9,7.07,8.64,4.01,6.03,5.04,7.14,3.58,4.27,5.53,4.47,2.49,2.58,5.55,3.51,7.23,6.18,6.18,4.82,7.28,0.65,德国,孟加拉国,4,4,general,↑↑,2032-2038,6.39,5.91,6.31,6.14,7.03,6.48,5.26,6.24,5.68,6.62,7.01,5.3,2026-04-13,2026-04-13,2000-2026
技术工种与手工业,SKL,美发美容技术,化妆师,Makeup Artist,职校/短期培训,18-25,global,45,3.0,1.98,5.08,7.06,6.63,7.12,5.39,5.02,5.61,6.06,5.62,7.17,5.56,5.72,5.65,4.02,4.03,2.01,8.96,4.42,0.63,7.08,5.55,7.6,8.04,7.37,6.49,8.52,5.03,3.54,3.95,8.08,6.26,1.61,6.18,4.96,7.64,0.75,瑞士,孟加拉国,2,1,general,↑,2035+,6.14,5.76,6.26,6.19,7.11,6.55,5.1,6.24,5.66,7.2,7.2,5.32,2026-04-13,2026-04-13,2000-2026
技术工种与手工业,SKL,电气技术,弱电工程师,Low-Voltage Systems Technician,职校/学徒,18-25,global,45,4.99,4.45,7.15,8.1,7.26,7.69,7.39,7.49,6.5,6.99,7.13,5.73,5.56,5.24,5.63,6.59,5.52,1.51,6.98,5.59,0.6,6.5,5.08,6.59,7.05,3.07,6.58,5.5,5.0,5.6,4.94,7.07,6.27,3.1,6.18,4.94,7.44,0.68,瑞士,孟加拉国,3,2,general,↑,2032-2038,6.09,5.83,6.26,6.2,7.07,6.5,5.13,6.15,5.66,7.16,7.15,5.5,2026-04-13,2026-04-13,2000-2026
金融与商业,FIN,企业管理,首席数据官(CDO),Chief Data Officer (CDO),硕士/博士,30-42,global,45,8.07,7.53,8.04,6.98,5.62,4.98,7.02,5.5,8.33,6.53,5.26,9.49,5.48,3.19,3.61,7.51,5.48,3.5,7.48,8.88,5.56,9.0,3.35,7.44,9.04,4.69,5.55,8.52,1.52,2.12,5.49,2.98,7.27,3.06,6.18,4.91,7.17,0.61,瑞士,孟加拉国,4,4,general,↑↑,2032-2038,6.32,5.84,6.07,6.33,6.86,6.55,5.3,6.09,5.75,6.8,7.01,5.48,2026-04-13,2026-04-13,2000-2026
金融与商业,FIN,会计审计,法务会计师,Forensic Accountant,本科,22-28,global,45,7.03,6.09,5.18,8.55,6.62,3.57,6.5,5.02,7.22,6.01,7.69,9.54,7.02,4.65,4.62,6.5,5.9,1.51,6.41,7.02,6.53,6.02,4.88,6.97,6.52,6.18,6.52,6.52,0.52,7.18,3.48,5.46,7.21,3.49,6.18,4.85,7.31,0.66,瑞士,孟加拉国,2,0,general,→,2032-2038,6.33,5.84,6.02,6.35,6.81,6.45,5.23,6.15,5.66,6.79,7.1,5.52,2026-04-13,2026-04-13,2000-2026
金融与商业,FIN,市场营销与销售,市场营销经理,Marketing Manager,本科/硕士,26-32,global,45,4.08,4.59,5.5,6.99,7.05,8.42,4.95,4.04,6.92,6.51,5.24,9.0,7.01,4.64,4.59,6.92,6.5,2.51,5.42,6.06,6.53,6.48,4.95,6.49,7.54,6.16,5.99,9.0,1.99,1.62,6.42,5.95,6.7,2.54,6.17,4.86,7.24,0.64,瑞士,孟加拉国,2,1,general,↑,2028-2033,6.32,5.82,6.07,6.3,6.81,6.54,5.25,6.09,5.72,6.75,7.07,5.46,2026-04-13,2026-04-13,2000-2026
金融与商业,FIN,供应链,合同管理专员,Contract Manager,本科,22-28,global,45,5.1,5.06,6.16,7.53,6.56,6.97,6.04,5.49,6.03,6.57,7.22,9.01,7.46,5.7,5.54,6.48,5.53,1.52,5.93,5.95,5.57,6.0,5.43,5.44,5.42,5.73,5.99,7.01,2.02,3.59,5.44,3.94,7.26,3.05,6.17,4.93,7.36,0.65,瑞士,孟加拉国,3,2,general,↑,2028-2033,6.37,5.83,6.02,6.34,6.91,6.48,5.25,6.06,5.7,6.76,7.07,5.41,2026-04-13,2026-04-13,2000-2026
工程与制造,ENG,汽车,车联网(V2X)工程师,V2X / Connected Vehicle Engineer,本科/硕士,22-28,global,45,6.58,6.06,8.1,7.04,7.53,6.66,7.72,7.74,7.47,6.65,6.65,7.18,5.58,5.2,5.15,6.51,5.53,1.42,5.53,6.58,5.45,5.61,5.52,6.59,4.05,4.78,6.57,5.48,2.97,3.06,6.0,3.56,6.75,4.58,6.17,4.86,7.32,0.66,瑞典,尼日利亚,4,4,general,↑↑,2028-2033,6.36,5.85,6.23,6.09,7.13,6.55,5.25,6.2,5.62,6.71,7.05,5.25,2026-04-13,2026-04-13,2000-2026
医疗与健康,MED,口腔,牙周病医生,Periodontist,博士/医学学位,26-32,global,45,9.13,9.08,6.27,8.08,6.65,6.13,7.17,6.78,8.18,6.72,8.2,8.08,4.92,6.61,5.58,4.55,3.57,1.41,8.01,7.7,0.98,7.43,6.39,7.08,8.45,6.16,6.06,7.5,5.47,8.63,2.96,4.91,6.28,3.09,6.17,5.05,6.99,0.53,德国,孟加拉国,3,2,general,↑,2035+,6.23,5.91,6.03,6.18,6.88,6.42,5.35,6.44,5.85,6.78,6.81,5.46,2026-04-13,2026-04-13,2000-2026
信息技术与数字化,TECH,新兴数字职业,增强现实/虚拟现实开发工程师,AR/VR Developer,本科/硕士,22-28,global,45,6.55,5.58,7.09,6.02,7.2,3.53,7.18,6.71,6.92,6.08,4.62,9.55,6.47,4.7,5.11,6.0,5.02,2.9,6.02,6.68,7.13,7.06,5.57,7.64,7.59,5.31,5.55,5.54,1.49,0.57,6.96,6.52,7.8,3.58,6.17,4.96,7.25,0.66,荷兰,孟加拉国,3,2,general,↑,2032-2038,6.21,5.83,6.21,6.16,7.13,6.58,5.42,6.09,5.75,6.78,7.04,5.29,2026-04-13,2026-04-13,2000-2026
教育与学术,EDU,特殊教育与辅助,学习障碍辅导师,Learning Disability Specialist,硕士(特殊教育),24-30,global,45,6.6,6.52,5.1,8.18,5.64,4.63,6.53,7.29,5.1,5.63,7.77,8.54,5.03,6.2,4.15,5.1,4.57,0.89,8.53,6.12,3.15,6.0,6.52,8.55,4.12,8.03,7.1,8.48,3.48,6.58,1.4,5.05,5.25,2.01,6.17,5.25,7.17,0.55,芬兰,尼日利亚,2,2,general,↑,2035+,6.24,5.94,6.05,6.11,7.1,6.39,5.52,6.07,5.72,6.76,6.92,5.43,2026-04-13,2026-04-13,2000-2026
金融与商业,FIN,加密货币与去中心化金融,智能合约审计师,Smart Contract Auditor,本科/硕士,22-30,global,45,7.57,6.55,7.57,4.5,7.15,4.17,8.49,7.01,8.37,6.55,3.71,9.02,5.95,4.22,4.12,6.52,5.46,3.99,6.47,5.48,8.9,7.51,4.97,6.5,8.99,5.21,6.44,5.5,0.46,1.58,8.92,7.0,8.27,2.05,6.17,4.87,7.2,0.62,瑞士,孟加拉国,4,4,general,↑↑,2032-2038,6.32,5.87,5.98,6.3,6.86,6.48,5.27,6.1,5.74,6.83,6.97,5.46,2026-04-13,2026-04-13,2000-2026
农业、资源与环境,AGR,新能源,风电工程师,Wind Energy Engineer,本科/硕士,24-32,global,45,6.59,6.07,8.1,7.54,7.61,6.22,7.63,7.25,7.07,7.07,6.19,6.63,6.55,5.74,5.63,5.53,5.02,1.41,6.03,7.1,2.98,6.06,5.54,7.53,6.58,5.79,5.51,5.49,4.02,4.52,5.43,3.51,7.28,4.63,6.17,4.81,7.5,0.69,丹麦,尼日利亚,4,4,general,↑↑,2028-2033,6.16,5.73,6.06,6.31,7.29,6.39,5.25,6.26,5.77,6.94,7.02,5.32,2026-04-13,2026-04-13,2000-2026
金融与商业,FIN,企业管理,首席技术官(CTO),Chief Technology Officer (CTO),硕士/博士,30-42,global,45,8.08,7.54,7.59,6.98,5.65,5.01,6.59,5.56,8.72,6.56,5.22,9.52,5.46,3.17,3.57,7.54,5.55,3.5,7.46,8.87,5.54,9.01,3.42,7.51,9.03,4.7,5.52,8.48,1.51,2.12,5.47,2.99,7.25,2.96,6.17,5.01,7.1,0.58,瑞士,孟加拉国,2,3,general,↑↑,2032-2038,6.26,5.85,6.1,6.26,6.83,6.51,5.38,6.18,5.72,6.77,6.97,5.52,2026-04-13,2026-04-13,2000-2026
医疗与健康,MED,眼科,配镜师,Optician / Dispensing Optician,大专,18-24,global,45,4.06,3.53,6.73,8.11,6.64,5.57,7.24,7.22,4.73,6.74,8.09,8.57,5.47,5.69,5.0,4.52,3.57,1.38,4.97,4.66,1.47,6.94,5.92,7.58,7.42,5.72,6.53,7.48,1.99,4.09,2.44,4.51,6.76,3.08,6.17,5.01,7.15,0.57,瑞士,孟加拉国,3,1,general,↑,2028-2033,6.25,5.89,6.13,6.22,6.88,6.47,5.32,6.25,5.86,6.76,6.91,5.39,2026-04-13,2026-04-13,2000-2026
金融与商业,FIN,市场营销与销售,产品营销经理,Product Marketing Manager,本科/硕士,22-28,global,45,5.04,4.61,5.61,7.07,7.09,8.4,5.98,3.98,6.91,6.52,5.22,9.0,6.95,4.65,4.58,6.98,6.54,2.5,5.41,6.05,6.52,6.51,4.98,6.05,7.55,6.2,5.96,9.01,1.96,1.66,6.49,5.92,6.77,2.52,6.17,4.97,7.34,0.65,瑞士,巴基斯坦,2,2,general,↑,2028-2033,6.28,5.85,5.99,6.34,6.84,6.53,5.32,6.05,5.69,6.78,7.11,5.47,2026-04-13,2026-04-13,2000-2026
工程与制造,ENG,航空航天,航空电子工程师,Avionics Engineer,硕士,24-30,global,45,7.6,7.57,7.15,8.07,5.69,4.67,7.68,7.77,7.77,6.7,7.67,6.67,5.58,5.17,5.18,6.06,5.03,0.91,7.54,8.14,4.52,6.06,5.53,8.01,3.08,4.27,6.06,5.5,3.49,4.08,4.49,3.04,6.71,5.6,6.16,4.87,7.33,0.68,瑞典,孟加拉国,3,2,general,↑,2035+,6.27,5.81,6.23,6.2,7.16,6.49,5.25,6.21,5.6,6.65,7.09,5.27,2026-04-13,2026-04-13,2000-2026
文化、艺术与传媒,ART,设计创意,用户体验设计师(非IT),Service Designer / Experience Designer,本科,20-28,global,45,5.07,5.11,6.57,7.51,6.11,6.24,6.06,5.17,6.22,5.67,5.14,8.54,7.01,5.21,5.62,7.1,6.02,1.95,5.06,5.55,7.05,7.03,5.51,7.54,7.04,5.69,6.54,6.01,2.5,1.57,5.4,6.98,6.26,3.61,6.16,5.01,7.13,0.58,英国,巴基斯坦,2,2,general,↑,2028-2033,6.19,5.82,6.14,6.06,6.92,6.56,5.32,6.25,5.79,6.86,6.98,5.45,2026-04-13,2026-04-13,2000-2026
医疗与健康,MED,康复与治疗,康复医学科医生,Rehabilitation Physician,博士/医学学位,28-34,global,45,8.58,8.56,6.75,7.63,6.71,5.6,6.67,6.76,6.96,6.1,7.11,8.55,5.42,6.11,5.64,5.55,5.06,1.38,7.47,7.6,3.0,6.41,5.88,7.54,5.97,6.63,6.05,8.0,4.98,8.59,1.91,5.45,6.74,2.58,6.16,5.12,6.95,0.53,丹麦,巴基斯坦,3,3,general,↑↑,2035+,6.2,5.88,6.04,6.21,6.86,6.41,5.37,6.33,5.82,6.76,6.83,5.48,2026-04-13,2026-04-13,2000-2026
教育与学术,EDU,K12教育,科学教师,Science Teacher,本科/硕士(理科),22-28,global,45,5.96,6.07,4.5,8.61,6.58,7.67,6.11,6.73,5.21,5.56,8.31,8.03,5.55,5.68,5.09,6.02,5.62,1.39,7.0,6.17,3.68,5.59,6.55,7.52,4.11,5.67,7.14,7.94,2.99,6.1,1.32,6.0,5.73,2.52,6.16,5.16,7.26,0.59,瑞典,巴基斯坦,2,1,general,↑,2032-2038,6.24,5.9,6.22,6.13,7.18,6.35,5.39,6.06,5.72,6.83,6.9,5.41,2026-04-13,2026-04-13,2000-2026
金融与商业,FIN,管理咨询,人力资源咨询顾问,HR Consultant,硕士,24-30,global,45,7.09,7.09,6.67,6.5,7.1,5.94,5.98,5.99,6.3,6.53,5.79,9.48,5.92,3.66,3.6,7.96,7.54,2.03,5.94,7.53,6.53,6.51,3.99,6.49,7.5,7.05,4.98,8.54,1.5,2.59,6.0,4.93,8.24,3.54,6.16,4.72,7.32,0.71,瑞士,孟加拉国,3,1,general,↑,2028-2033,6.36,5.79,5.92,6.34,6.9,6.53,5.13,6.08,5.67,6.76,7.15,5.37,2026-04-13,2026-04-13,2000-2026
金融与商业,FIN,人力资源,人才测评顾问,Talent Assessment Consultant,本科/硕士,26-32,global,45,6.05,6.11,5.58,7.56,6.61,3.93,5.53,4.48,6.46,6.06,6.71,9.49,7.46,6.15,5.61,6.54,5.91,1.49,5.9,5.47,6.51,6.05,6.44,6.02,5.46,7.14,6.54,8.47,1.0,2.63,4.92,5.0,6.26,2.52,6.16,4.97,7.25,0.64,瑞士,孟加拉国,2,1,general,↑,2028-2033,6.27,5.84,5.96,6.33,6.74,6.6,5.32,6.04,5.7,6.75,7.09,5.48,2026-04-13,2026-04-13,2000-2026
医疗与健康,MED,临床医学,运动医学科医生,Sports Medicine Physician,博士/医学学位,28-35,global,45,9.08,9.06,6.73,8.66,7.15,7.14,7.17,7.23,7.09,5.72,8.17,7.05,4.94,6.14,6.12,5.54,4.06,1.9,7.0,8.69,2.05,6.4,6.42,8.14,7.44,5.25,6.58,7.98,4.0,9.1,2.99,5.48,6.71,3.05,6.16,5.07,7.05,0.54,瑞典,孟加拉国,3,3,general,↑↑,2032-2038,6.25,5.87,5.99,6.22,6.85,6.44,5.36,6.3,5.9,6.82,6.83,5.45,2026-04-13,2026-04-13,2000-2026
技术工种与手工业,SKL,管道暖通,管道清洗工,Drain Technician / Sewer Cleaner,职校/学徒,18-25,global,45,2.56,1.98,6.19,8.02,7.26,7.22,6.51,6.2,5.06,7.56,7.64,5.71,5.08,5.3,5.64,6.02,5.07,1.48,9.04,3.54,0.53,6.97,5.02,4.54,7.57,2.58,6.57,5.98,7.48,6.1,4.44,7.5,6.7,2.53,6.16,4.94,7.49,0.73,澳大利亚,孟加拉国,3,2,general,↑,2035+,6.09,5.78,6.37,6.1,7.04,6.49,5.05,6.08,5.61,7.38,7.14,5.38,2026-04-13,2026-04-13,2000-2026
医疗与健康,MED,医疗管理,医疗器械技师,Biomedical Equipment Technician,大专/本科,20-26,global,45,5.54,5.1,6.28,7.61,6.68,6.52,6.69,5.82,5.48,6.61,7.16,8.59,6.92,5.64,5.62,6.54,6.1,1.43,6.45,6.15,1.98,5.4,5.93,6.05,5.08,6.09,6.6,7.0,4.0,4.1,1.92,4.9,6.26,3.06,6.16,5.16,7.03,0.53,瑞士,尼日利亚,3,2,general,↑,2032-2038,6.2,5.83,6.05,6.21,6.82,6.52,5.38,6.3,5.85,6.76,6.84,5.46,2026-04-13,2026-04-13,2000-2026
法律与社会服务,LAW,律师各专业,公司法律师,Corporate Lawyer,法学博士/硕士,25-30,global,45,8.08,8.07,7.54,8.05,6.97,6.03,6.51,6.13,8.51,7.08,7.17,9.38,6.04,3.57,3.6,7.08,6.52,1.95,6.05,8.56,5.53,6.59,3.98,6.46,7.55,5.74,6.45,7.49,0.48,9.08,4.0,2.99,7.05,4.06,6.16,5.0,7.17,0.63,瑞士,孟加拉国,3,2,general,↑,2032-2038,6.27,5.79,6.05,6.07,6.96,6.4,5.32,6.31,5.76,6.94,7.01,5.46,2026-04-13,2026-04-13,2000-2026
金融与商业,FIN,供应链,关务经理,Customs Compliance Manager,本科,22-28,global,45,5.11,5.06,6.13,7.53,6.56,6.96,6.08,5.42,5.99,6.5,7.73,9.06,7.46,5.62,5.63,6.42,5.53,1.5,5.93,6.07,5.55,6.01,5.46,5.53,5.53,5.73,5.95,7.02,2.01,5.15,5.49,3.99,7.34,3.05,6.16,4.86,7.39,0.67,瑞士,孟加拉国,3,2,general,↑,2028-2033,6.33,5.8,5.97,6.28,6.84,6.58,5.23,6.09,5.7,6.83,7.09,5.4,2026-04-13,2026-04-13,2000-2026
金融与商业,FIN,人力资源,猎头顾问,Executive Search Consultant / Headhunter,本科,22-28,global,45,4.6,5.04,5.61,7.5,6.56,7.49,4.95,4.58,6.84,6.06,4.74,9.52,7.47,4.15,4.12,6.58,6.01,1.49,5.96,5.57,6.58,5.98,6.49,6.1,7.97,7.15,6.46,8.48,0.96,2.6,7.42,5.99,6.23,2.51,6.16,4.92,7.38,0.65,瑞士,孟加拉国,2,1,general,↑,2028-2033,6.26,5.8,6.0,6.28,6.81,6.61,5.29,6.13,5.68,6.79,7.09,5.45,2026-04-13,2026-04-13,2000-2026
农业、资源与环境,AGR,农业科技,农业经济学家,Agricultural Economist,硕士/博士,26-35,global,45,7.56,7.59,7.17,7.55,6.67,4.32,6.81,6.73,6.61,6.62,6.15,7.64,6.62,5.68,5.62,6.1,5.59,1.44,6.55,7.1,6.5,6.55,5.56,6.55,6.04,5.81,5.49,5.5,1.49,3.52,4.92,4.02,7.28,3.57,6.15,4.98,7.17,0.61,荷兰,尼日利亚,3,3,general,↑↑,2032-2038,6.04,5.8,6.17,6.21,7.0,6.5,5.24,6.24,5.88,6.95,6.97,5.34,2026-04-13,2026-04-13,2000-2026
金融与商业,FIN,会计审计,财务分析师,Financial Analyst,本科/硕士,22-28,global,45,6.54,6.11,5.04,8.58,6.63,7.95,6.02,5.06,6.83,6.03,7.75,9.52,7.01,4.68,4.63,7.56,7.02,1.51,4.44,6.48,7.08,6.03,4.93,5.48,6.49,6.13,6.58,6.51,0.49,7.13,3.43,5.42,7.26,3.45,6.15,4.83,7.17,0.66,瑞士,孟加拉国,2,0,general,→,2026-2030,6.31,5.82,5.97,6.29,6.77,6.52,5.22,6.11,5.65,6.86,7.05,5.41,2026-04-13,2026-04-13,2000-2026
金融与商业,FIN,供应链,国际贸易专员,International Trade Specialist,本科,22-28,global,45,5.05,5.12,6.12,7.52,6.63,7.0,6.04,5.48,5.98,6.52,6.68,9.03,7.5,5.63,5.54,6.42,5.45,1.52,5.37,6.02,5.52,5.99,5.47,5.52,5.59,5.7,5.96,7.02,1.97,3.14,6.49,4.03,8.73,3.0,6.15,4.82,7.41,0.65,瑞士,孟加拉国,3,2,general,↑,2028-2033,6.4,5.79,5.97,6.28,6.75,6.44,5.28,6.09,5.64,6.75,7.06,5.43,2026-04-13,2026-04-13,2000-2026
文化、艺术与传媒,ART,新媒体内容,YouTuber/视频博主,YouTuber / Video Content Creator,无要求,16-30,global,45,3.07,3.1,7.23,5.02,7.77,7.82,6.12,4.69,5.72,5.11,2.67,8.53,6.98,3.76,6.63,6.1,5.58,3.96,6.06,5.11,8.51,8.99,4.06,8.08,9.48,5.72,4.5,7.49,2.57,1.08,4.93,8.0,5.26,3.06,6.15,4.98,7.03,0.54,荷兰,孟加拉国,5,4,general,↑↑,2032-2038,6.2,5.88,6.19,6.05,6.82,6.54,5.34,6.13,5.8,6.73,6.94,5.52,2026-04-13,2026-04-13,2000-2026
金融与商业,FIN,会计审计,税务师,Tax Advisor,本科,22-28,global,45,6.06,6.04,5.05,8.47,6.61,7.9,5.92,4.98,6.8,5.98,7.73,9.5,7.0,4.66,4.58,6.49,6.05,1.48,5.42,6.53,6.62,6.0,4.95,5.47,7.43,6.23,6.56,6.5,0.47,7.62,3.38,5.52,7.27,3.42,6.15,4.76,7.19,0.65,瑞士,孟加拉国,2,1,general,↑,2028-2033,6.31,5.83,5.95,6.3,6.78,6.62,5.2,6.07,5.66,6.76,7.03,5.42,2026-04-13,2026-04-13,2000-2026
金融与商业,FIN,企业管理,首席可持续发展官(CSO),Chief Sustainability Officer (CSO),硕士/MBA,32-45,global,45,8.09,7.62,8.52,6.99,5.5,3.51,7.0,5.42,7.64,6.49,5.26,9.54,5.52,3.16,3.59,7.47,5.46,3.5,7.45,8.8,5.55,8.97,3.43,8.41,9.04,4.67,5.5,8.51,1.54,2.04,5.38,3.0,7.27,2.96,6.15,4.83,7.11,0.61,瑞士,孟加拉国,5,5,general,↑↑,2032-2038,6.31,5.86,5.99,6.28,6.79,6.44,5.26,6.08,5.71,6.84,7.0,5.44,2026-04-13,2026-04-13,2000-2026
工程与制造,ENG,航空航天,无人机工程师,Drone Engineer / UAV Engineer,硕士,24-30,global,45,7.57,7.57,8.09,8.04,7.6,5.1,8.14,7.12,7.07,6.66,7.62,6.66,5.58,5.21,5.18,6.05,5.06,0.89,6.58,8.11,3.97,6.04,5.55,8.05,3.1,4.27,6.04,5.57,3.48,4.09,4.49,3.09,6.72,5.63,6.15,4.77,7.24,0.67,德国,孟加拉国,4,4,general,↑↑,2032-2038,6.24,5.78,6.29,6.17,7.07,6.54,5.2,6.21,5.67,6.65,7.06,5.21,2026-04-13,2026-04-13,2000-2026
文化、艺术与传媒,ART,文化产业管理,艺人经纪人,Talent Agent / Artist Manager,本科/硕士,25-35,global,45,5.06,5.53,6.11,7.49,6.18,5.66,5.59,5.17,6.63,6.11,5.66,8.54,7.02,5.23,5.64,7.01,6.58,2.97,5.5,6.08,6.03,7.09,5.05,7.04,8.02,5.7,6.52,8.99,2.01,2.02,5.46,6.04,6.8,4.55,6.15,4.99,7.01,0.56,德国,孟加拉国,3,2,general,↑,2028-2033,6.19,5.82,6.1,5.96,6.87,6.5,5.33,6.22,5.85,6.86,6.95,5.54,2026-04-13,2026-04-13,2000-2026
工程与制造,ENG,航空航天,推进系统工程师,Propulsion Engineer,硕士,24-30,global,45,7.54,7.6,6.63,8.08,5.64,3.68,7.7,7.7,7.71,6.72,7.61,6.64,5.62,5.21,5.15,6.1,5.06,0.91,8.04,8.64,4.03,6.09,5.52,8.05,3.06,4.2,6.08,5.52,3.52,4.08,4.46,3.0,6.77,5.61,6.15,4.98,7.27,0.66,德国,孟加拉国,3,2,general,↑,2035+,6.29,5.77,6.22,6.15,7.13,6.45,5.26,6.19,5.62,6.72,7.06,5.25,2026-04-13,2026-04-13,2000-2026
金融与商业,FIN,会计审计,注册会计师,Certified Public Accountant (CPA),本科,22-28,global,45,6.11,6.08,5.02,8.49,6.59,7.95,6.02,4.97,6.83,6.01,8.24,9.53,6.91,4.67,4.6,6.48,6.04,1.48,4.94,7.47,6.58,5.96,4.97,5.45,7.5,6.11,6.52,6.51,0.52,8.6,3.48,5.42,7.73,3.42,6.15,4.93,7.2,0.64,瑞士,孟加拉国,2,0,general,→,2028-2033,6.27,5.81,6.01,6.28,6.77,6.49,5.29,6.13,5.72,6.79,7.05,5.44,2026-04-13,2026-04-13,2000-2026
教育与学术,EDU,K12教育,外语教师(K12),Foreign Language Teacher (K-12),本科(外语),22-28,global,45,5.53,5.43,4.02,8.16,6.16,7.17,5.11,5.23,4.57,5.06,7.84,9.53,5.52,6.7,5.1,5.57,5.65,1.4,6.52,5.74,5.17,5.56,6.5,7.02,5.17,7.55,7.08,8.03,2.01,5.53,1.44,7.01,6.72,2.07,6.15,5.04,7.21,0.57,瑞典,尼日利亚,1,0,general,→,2032-2038,6.18,5.93,6.1,6.18,7.17,6.35,5.44,6.05,5.74,6.81,6.83,5.41,2026-04-13,2026-04-13,2000-2026
工程与制造,ENG,制造管理,工厂厂长,Plant Manager,本科,30-40,global,45,6.54,6.11,5.65,8.52,6.63,7.1,5.66,5.24,7.45,6.65,7.14,7.13,5.53,5.18,5.18,7.06,6.08,1.39,7.03,7.61,2.57,8.0,5.51,7.06,5.0,4.75,7.03,7.02,3.02,3.09,5.48,3.55,5.73,3.6,6.14,4.9,7.23,0.63,瑞士,孟加拉国,2,1,general,↑,2032-2038,6.25,5.87,6.15,6.01,7.06,6.46,5.21,6.2,5.71,6.72,7.02,5.29,2026-04-13,2026-04-13,2000-2026
文化、艺术与传媒,ART,新媒体内容,社交媒体经理,Social Media Manager,无要求,16-30,global,45,3.11,4.55,7.18,5.06,7.77,7.83,6.69,4.61,5.65,5.12,5.08,8.52,6.98,3.69,6.65,6.06,5.54,4.43,6.03,4.66,8.55,8.99,4.05,7.07,9.02,5.77,4.53,7.51,2.52,1.08,4.93,8.09,5.3,3.08,6.14,5.18,7.03,0.53,澳大利亚,孟加拉国,5,3,general,↑,2032-2038,6.25,5.87,6.09,5.98,6.79,6.46,5.44,6.18,5.76,6.84,6.88,5.5,2026-04-13,2026-04-13,2000-2026
工程与制造,ENG,制造管理,自动化产线工程师,Automated Production Line Engineer,本科,22-30,global,45,5.54,5.6,7.18,8.09,7.14,7.15,7.08,6.76,7.07,6.66,7.18,7.16,5.56,5.3,5.16,7.09,6.02,1.44,5.04,6.63,3.03,6.53,5.61,6.14,5.04,4.81,7.02,7.01,2.99,3.1,5.51,3.47,5.77,3.65,6.14,4.96,7.18,0.64,瑞士,尼日利亚,3,3,general,↑↑,2028-2033,6.27,5.84,6.19,6.06,7.11,6.42,5.28,6.16,5.64,6.76,7.0,5.33,2026-04-13,2026-04-13,2000-2026
金融与商业,FIN,供应链,供应链分析师,Supply Chain Analyst,本科,22-28,global,45,5.08,5.08,6.56,7.59,6.57,6.96,6.0,5.43,6.02,6.49,6.77,9.01,7.45,5.64,5.62,6.51,5.44,1.49,4.94,6.03,6.49,6.0,5.49,5.47,5.5,5.65,5.92,7.0,2.03,3.1,5.36,3.95,7.19,2.99,6.14,4.8,7.33,0.66,瑞士,孟加拉国,3,2,general,↑,2028-2033,6.27,5.79,5.97,6.34,6.76,6.53,5.23,6.04,5.67,6.82,7.08,5.41,2026-04-13,2026-04-13,2000-2026
医疗与健康,MED,护理,护士长,Head Nurse / Nurse Manager,大专/本科,20-24,global,45,6.1,6.04,6.78,7.12,7.61,8.5,8.2,8.21,5.82,6.52,8.13,6.56,4.47,4.58,4.1,5.1,5.56,1.42,7.42,6.58,1.45,5.93,4.42,7.02,3.5,4.25,5.54,8.99,6.54,6.59,0.91,3.92,7.76,2.02,6.14,5.0,7.06,0.54,德国,孟加拉国,3,2,general,↑,2035+,6.13,5.89,6.04,6.18,6.86,6.45,5.3,6.26,5.8,6.72,6.87,5.46,2026-04-13,2026-04-13,2000-2026
金融与商业,FIN,市场营销与销售,渠道经理,Channel Manager,本科,22-28,global,45,4.1,4.58,5.66,7.02,7.15,8.42,5.02,4.07,6.46,6.51,5.18,9.0,6.98,4.63,4.59,6.94,6.45,2.5,5.46,6.06,6.57,6.49,4.97,5.98,7.5,6.17,6.05,8.5,1.98,1.68,6.4,6.0,6.75,2.53,6.14,4.86,7.18,0.64,英国,孟加拉国,2,1,general,↑,2028-2033,6.26,5.78,5.94,6.27,6.78,6.54,5.22,6.12,5.72,6.82,7.02,5.42,2026-04-13,2026-04-13,2000-2026
文化、艺术与传媒,ART,文化产业管理,剧院经理,Theatre Manager,本科/硕士,25-35,global,45,5.08,5.61,6.15,7.59,6.15,5.7,5.63,5.19,5.8,6.16,6.17,8.54,6.99,5.26,5.64,7.04,6.5,2.4,5.53,6.55,6.07,7.04,5.06,7.07,7.1,5.8,6.54,7.52,2.0,2.04,5.48,6.09,6.76,4.52,6.14,5.0,7.09,0.57,荷兰,孟加拉国,3,2,general,↑,2028-2033,6.21,5.82,6.11,6.01,6.85,6.47,5.31,6.2,5.82,6.79,6.96,5.46,2026-04-13,2026-04-13,2000-2026
教育与学术,EDU,K12教育,国际学校教师,International School Teacher,本科/硕士,22-30,global,45,5.57,6.04,5.58,7.62,5.6,4.15,6.1,5.24,6.48,6.6,6.34,9.05,5.99,6.21,5.1,6.02,5.6,1.92,7.56,6.77,3.16,6.04,5.55,7.52,3.56,7.09,6.56,7.96,3.0,5.57,2.92,4.52,8.67,2.56,6.14,5.06,7.3,0.58,芬兰,巴基斯坦,3,2,general,↑,2035+,6.2,5.86,6.16,6.12,7.17,6.38,5.38,6.11,5.73,6.82,6.79,5.39,2026-04-13,2026-04-13,2000-2026
金融与商业,FIN,会计审计,管理会计师,Management Accountant,本科,22-28,global,45,6.05,6.12,5.06,8.51,6.51,7.96,5.53,5.06,6.38,6.11,7.77,9.49,7.02,5.6,5.58,6.46,5.96,1.48,4.43,6.55,7.0,6.02,5.97,5.47,6.5,6.22,6.47,6.54,0.56,7.11,3.47,5.52,7.28,3.52,6.14,4.84,7.3,0.67,瑞士,巴基斯坦,2,0,general,→,2026-2030,6.28,5.78,5.94,6.32,6.77,6.49,5.22,6.07,5.71,6.8,7.07,5.43,2026-04-13,2026-04-13,2000-2026
医疗与健康,MED,康复与治疗,音乐治疗师,Music Therapist,本科/硕士,22-28,global,45,5.11,6.06,6.71,7.59,6.63,3.1,5.25,6.77,4.56,6.12,7.18,8.57,5.47,6.15,5.54,5.51,5.14,1.46,7.53,5.14,2.99,6.4,5.88,9.05,7.06,6.68,6.01,7.99,5.02,6.6,1.9,5.49,6.72,2.54,6.14,5.04,7.04,0.55,瑞士,孟加拉国,3,2,general,↑,2032-2038,6.13,5.89,6.02,6.2,6.85,6.46,5.29,6.32,5.82,6.78,6.85,5.44,2026-04-13,2026-04-13,2000-2026
工程与制造,ENG,航空航天,卫星工程师,Satellite Engineer,硕士,24-30,global,45,7.61,7.6,7.12,8.08,6.15,4.11,7.63,7.73,7.79,6.68,7.64,6.63,5.62,5.27,5.1,6.04,5.03,0.89,7.5,8.12,4.07,6.04,5.56,8.01,3.01,4.27,6.03,5.53,3.47,4.17,4.45,3.07,6.71,5.59,6.14,4.77,7.25,0.67,德国,尼日利亚,3,3,general,↑↑,2035+,6.28,5.75,6.28,6.14,7.06,6.5,5.25,6.18,5.64,6.65,7.07,5.18,2026-04-13,2026-04-13,2000-2026
农业、资源与环境,AGR,环保,环保合规顾问,Environmental Compliance Consultant,本科/硕士,26-35,global,45,6.07,6.08,7.05,7.5,6.6,5.68,6.14,6.22,7.02,6.08,6.13,7.15,6.07,6.26,5.62,5.56,6.11,1.41,5.96,6.03,5.56,6.07,6.08,7.41,7.0,6.21,6.04,7.5,3.98,5.52,4.45,3.59,7.27,4.05,6.14,4.79,7.4,0.78,瑞典,尼日利亚,3,3,general,↑↑,2032-2038,6.18,5.67,6.07,6.16,7.38,6.36,5.02,6.31,5.66,6.98,7.18,5.24,2026-04-13,2026-04-13,2000-2026
工程与制造,ENG,航空航天,航天工程师,Aerospace Engineer,硕士,24-30,global,45,7.54,7.5,6.62,8.1,5.68,4.18,7.13,7.67,8.19,6.7,7.67,6.65,5.56,5.26,5.14,6.02,4.96,0.93,7.54,8.59,4.03,6.05,5.56,8.59,3.08,4.34,6.03,5.51,3.46,4.08,4.5,2.97,6.74,5.66,6.14,4.87,7.23,0.66,瑞典,尼日利亚,3,2,general,↑,2035+,6.21,5.8,6.26,6.14,7.05,6.48,5.29,6.16,5.66,6.75,7.04,5.22,2026-04-13,2026-04-13,2000-2026
文化、艺术与传媒,ART,设计创意,家具设计师,Furniture Designer,本科,20-28,global,45,5.12,5.09,5.63,7.54,6.15,5.16,5.66,5.1,5.69,5.62,5.17,8.54,7.04,5.25,5.61,7.01,6.0,1.93,6.51,5.56,7.01,7.1,5.55,7.58,7.02,5.68,6.51,6.0,3.49,1.53,5.45,7.03,6.22,3.65,6.13,5.02,7.17,0.59,荷兰,孟加拉国,2,1,general,→,2032-2038,6.13,5.79,6.09,6.0,6.87,6.45,5.32,6.3,5.75,6.84,7.02,5.44,2026-04-13,2026-04-13,2000-2026
文化、艺术与传媒,ART,文化产业管理,版权管理专员,Copyright/Licensing Manager,本科/硕士,25-35,global,45,5.11,5.56,6.11,7.61,6.15,5.72,5.6,5.1,5.71,6.16,5.64,8.54,7.01,5.25,5.65,7.02,6.5,2.44,5.53,6.63,6.97,7.05,5.03,7.08,7.03,5.68,6.6,7.54,2.0,2.08,5.51,6.08,6.77,4.55,6.13,5.06,7.04,0.57,荷兰,巴基斯坦,3,2,general,↑,2028-2033,6.22,5.73,6.17,6.01,6.85,6.51,5.36,6.21,5.78,6.76,6.94,5.45,2026-04-13,2026-04-13,2000-2026
文化、艺术与传媒,ART,设计创意,品牌设计师,Brand Identity Designer,本科,20-28,global,45,5.05,5.08,6.04,7.5,6.11,6.21,6.13,5.1,6.21,5.61,5.18,8.54,7.02,5.25,5.6,7.03,6.02,1.96,5.02,5.56,7.01,7.01,5.52,7.57,7.06,5.72,6.51,6.0,2.48,1.56,5.5,7.02,6.22,3.6,6.13,4.89,7.12,0.58,荷兰,巴基斯坦,2,1,general,→,2028-2033,6.18,5.84,6.11,6.0,6.88,6.45,5.26,6.26,5.76,6.74,6.95,5.46,2026-04-13,2026-04-13,2000-2026
文化、艺术与传媒,ART,文化产业管理,音乐节运营总监,Music Festival Director,本科/硕士,28-38,global,45,5.1,5.59,6.14,7.55,6.12,5.62,5.52,5.11,6.66,6.11,4.66,8.54,7.01,5.25,5.58,7.08,6.46,2.43,5.58,6.6,6.05,7.03,5.01,7.08,7.57,5.76,6.51,8.5,2.01,2.02,5.49,6.09,6.71,4.65,6.13,4.91,7.04,0.58,英国,巴基斯坦,3,2,general,↑,2028-2033,6.22,5.74,6.17,5.98,6.85,6.51,5.24,6.15,5.8,6.82,6.98,5.51,2026-04-13,2026-04-13,2000-2026
医疗与健康,MED,康复与治疗,艺术治疗师,Art Therapist,本科/硕士,22-28,global,45,5.08,6.11,6.73,7.59,6.67,3.03,5.21,6.74,4.53,6.16,7.14,8.57,5.44,6.1,5.55,5.59,5.08,1.38,7.45,5.05,2.97,6.42,5.89,9.05,6.97,6.63,6.04,8.02,4.96,6.61,1.94,5.42,6.7,2.57,6.13,5.01,7.0,0.55,瑞士,孟加拉国,3,2,general,↑,2035+,6.15,5.83,5.99,6.18,6.81,6.51,5.36,6.36,5.84,6.74,6.8,5.38,2026-04-13,2026-04-13,2000-2026
信息技术与数字化,TECH,新兴数字职业,区块链开发工程师,Blockchain Developer,本科/自学,22-30,global,45,6.52,5.6,6.66,5.08,6.69,3.64,7.12,6.72,7.25,6.59,3.66,9.51,7.0,5.21,5.12,5.51,5.06,3.89,5.53,6.11,8.84,7.52,5.55,6.58,9.0,5.31,5.58,5.48,0.48,0.5,7.99,7.52,8.28,2.1,6.13,4.89,7.12,0.67,德国,孟加拉国,3,0,general,→,2028-2033,6.16,5.74,6.22,6.18,7.04,6.47,5.38,6.06,5.72,6.8,7.04,5.2,2026-04-13,2026-04-13,2000-2026
工程与制造,ENG,电气工程,射频工程师(RF),RF Engineer,本科/硕士,22-28,global,45,7.05,7.09,6.2,7.56,6.56,4.6,7.14,7.75,7.43,6.69,7.18,7.17,5.6,5.7,5.16,6.58,5.58,1.42,7.0,7.63,4.46,6.04,5.48,6.61,4.51,4.71,6.6,5.0,3.0,3.58,4.92,4.09,6.22,3.6,6.13,4.83,7.27,0.66,德国,孟加拉国,2,1,general,↑,2032-2038,6.25,5.79,6.23,6.14,7.08,6.42,5.19,6.11,5.72,6.7,7.02,5.25,2026-04-13,2026-04-13,2000-2026
法律与社会服务,LAW,心理社会服务,婚姻家庭咨询师,Marriage & Family Therapist,硕士/博士,26-32,global,45,6.51,6.6,5.52,8.07,5.53,5.02,5.57,5.6,5.5,4.95,6.61,9.03,6.08,5.53,4.06,5.52,4.99,1.93,8.02,6.59,6.06,7.56,6.06,7.51,7.05,7.53,7.5,9.51,0.48,6.98,1.92,5.51,4.54,3.08,6.13,5.12,7.04,0.57,瑞士,孟加拉国,2,2,general,↑,2035+,6.11,5.8,6.06,6.04,6.9,6.38,5.37,6.24,5.8,6.8,6.92,5.52,2026-04-13,2026-04-13,2000-2026
教育与学术,EDU,在线教育,在线教育运营,Online Education Operations Manager,本科,24-30,global,45,4.49,5.08,6.16,6.64,6.73,5.38,5.59,4.76,5.59,6.06,5.24,9.54,6.59,4.74,4.59,6.56,6.7,2.38,5.49,5.65,7.91,6.56,6.06,6.06,7.12,6.67,6.1,7.5,0.49,1.12,5.45,6.08,6.31,2.95,6.13,4.97,7.42,0.65,芬兰,孟加拉国,4,3,general,↑↑,2028-2033,6.23,5.81,6.08,6.09,7.26,6.4,5.28,6.07,5.62,6.89,6.9,5.32,2026-04-13,2026-04-13,2000-2026
农业、资源与环境,AGR,农业科技,农业保险评估师,Agricultural Insurance Assessor,本科,24-32,global,45,5.6,5.61,7.15,7.59,6.79,5.97,6.88,6.7,6.17,6.53,6.16,7.65,6.57,5.71,5.64,6.04,6.19,1.4,5.04,6.66,5.5,6.58,5.53,6.97,5.62,5.7,5.56,6.95,2.01,5.12,4.93,4.0,6.22,3.59,6.13,5.01,7.3,0.62,荷兰,孟加拉国,3,3,general,↑↑,2028-2033,6.03,5.72,6.19,6.07,6.98,6.53,5.22,6.32,5.86,6.96,6.96,5.35,2026-04-13,2026-04-13,2000-2026
教育与学术,EDU,K12教育,小学教师,Elementary School Teacher,本科/教育学,22-28,global,45,5.07,5.54,4.09,8.61,6.64,9.0,5.1,5.66,4.68,5.12,8.36,9.03,5.54,6.66,4.61,5.54,5.03,1.41,8.05,5.68,3.1,5.55,7.04,7.61,3.51,7.57,7.08,8.5,3.97,6.1,1.41,5.02,4.79,2.56,6.13,4.97,7.17,0.58,瑞典,尼日利亚,1,0,general,→,2035+,6.18,5.84,6.06,6.12,7.08,6.35,5.42,6.13,5.68,6.74,6.87,5.4,2026-04-13,2026-04-13,2000-2026
文化、艺术与传媒,ART,广告公关,品牌经理,Brand Manager,本科,22-28,global,45,4.5,5.05,6.15,7.51,6.18,6.75,6.1,5.16,7.06,5.62,5.62,8.54,7.04,4.7,6.12,7.06,6.57,1.92,4.51,7.08,6.49,5.98,4.99,6.03,6.08,5.75,6.59,6.94,1.98,1.62,5.48,5.97,6.25,4.15,6.13,5.14,7.06,0.56,荷兰,巴基斯坦,2,1,general,→,2026-2030,6.19,5.79,6.1,5.94,6.8,6.51,5.4,6.24,5.75,6.81,6.96,5.47,2026-04-13,2026-04-13,2000-2026
技术工种与手工业,SKL,美发美容技术,美发师,Hairdresser / Barber,职校/短期培训,18-25,global,45,3.02,2.0,5.03,7.05,6.64,7.14,5.82,5.0,4.6,6.06,5.63,7.21,5.57,5.7,5.63,4.0,3.99,2.01,9.0,5.01,0.57,7.03,5.5,7.01,8.5,6.91,6.58,8.95,4.95,3.6,3.95,8.08,5.15,1.65,6.12,4.89,7.42,0.73,瑞士,孟加拉国,2,1,general,↑,2035+,6.08,5.71,6.11,6.1,7.06,6.43,5.08,6.12,5.57,7.18,7.16,5.33,2026-04-13,2026-04-13,2000-2026
文化、艺术与传媒,ART,设计创意,珠宝设计师,Jewelry Designer,本科,20-28,global,45,5.1,5.0,5.62,7.49,6.14,4.24,5.66,5.13,5.18,5.66,5.11,8.52,7.0,5.24,5.65,7.05,6.03,1.91,6.52,5.58,6.93,6.99,5.53,7.59,8.09,5.71,6.48,6.0,3.48,1.52,5.37,7.09,6.24,3.68,6.12,4.95,7.09,0.58,荷兰,孟加拉国,2,1,general,→,2032-2038,6.25,5.77,6.04,5.99,6.88,6.44,5.27,6.18,5.73,6.68,6.96,5.46,2026-04-13,2026-04-13,2000-2026
工程与制造,ENG,航空航天,航空结构工程师,Aerospace Structural Engineer,硕士,24-30,global,45,7.56,7.55,6.64,8.03,5.66,4.11,7.18,7.73,7.76,6.63,7.7,6.65,5.56,5.18,5.1,6.05,5.02,0.92,8.04,8.08,3.98,6.11,5.54,8.1,3.07,4.28,6.1,5.55,3.49,4.11,4.41,2.97,6.76,5.64,6.12,4.82,7.33,0.68,德国,孟加拉国,3,2,general,↑,2035+,6.22,5.74,6.26,6.09,7.05,6.48,5.22,6.11,5.64,6.62,7.11,5.2,2026-04-13,2026-04-13,2000-2026
医疗与健康,MED,药学,药品销售代表,Pharmaceutical Sales Representative,本科,22-28,global,45,4.11,4.53,5.72,8.09,6.16,6.65,6.25,5.75,6.3,6.54,7.63,8.57,6.43,5.64,5.62,5.6,5.09,2.88,4.95,7.12,4.15,5.93,5.9,6.64,6.94,6.12,6.51,8.96,3.52,3.12,3.97,3.49,6.28,4.06,6.12,4.99,7.12,0.63,瑞典,孟加拉国,2,0,general,→,2028-2033,6.22,5.8,6.03,6.14,6.93,6.44,5.31,6.29,5.7,6.76,6.94,5.27,2026-04-13,2026-04-13,2000-2026
金融与商业,FIN,银行,合规专员,Compliance Officer,本科,22-28,global,45,5.1,5.53,7.1,7.55,6.64,7.94,7.0,4.92,6.88,6.03,8.22,9.01,6.44,5.64,5.08,5.98,5.52,1.5,5.91,6.54,5.01,5.46,5.46,5.56,4.44,5.68,6.01,6.98,1.02,5.62,4.94,3.5,6.28,4.45,6.12,4.83,7.2,0.65,瑞士,巴基斯坦,4,3,general,↑↑,2028-2033,6.28,5.77,5.99,6.29,6.7,6.52,5.22,6.08,5.61,6.86,7.0,5.42,2026-04-13,2026-04-13,2000-2026
文化、艺术与传媒,ART,新媒体内容,直播带货主播,Livestream Commerce Host,无要求,16-30,regional,45,3.04,3.08,8.15,4.99,7.77,6.34,6.15,4.63,6.19,5.16,2.66,8.55,6.97,3.75,6.6,6.08,5.51,4.44,6.03,4.55,8.48,8.99,4.08,7.02,9.48,5.77,4.51,8.52,2.52,1.1,4.98,8.01,5.25,3.08,6.12,5.02,7.06,0.53,荷兰,巴基斯坦,5,5,general,↑↑,2028-2033,6.2,5.88,6.07,6.02,6.81,6.41,5.29,6.11,5.74,6.72,6.92,5.56,2026-04-13,2026-04-13,2000-2026
文化、艺术与传媒,ART,文化产业管理,文化政策研究员,Cultural Policy Researcher,硕士/博士,25-35,global,45,5.06,7.55,6.14,7.57,6.15,5.64,5.57,5.1,5.19,6.16,7.14,8.51,7.02,5.17,5.65,7.02,6.57,2.46,5.54,6.56,7.05,7.03,5.08,7.55,7.01,5.79,6.54,7.48,2.01,1.99,5.48,5.95,6.78,4.59,6.12,5.01,7.12,0.57,荷兰,孟加拉国,3,2,general,↑,2028-2033,6.17,5.77,6.21,5.93,6.86,6.5,5.3,6.14,5.73,6.75,6.98,5.44,2026-04-13,2026-04-13,2000-2026
技术工种与手工业,SKL,传统手工艺,酿酒师(手工啤酒),Craft Brewer,师徒制/自学,16-30,global,45,5.01,2.97,6.23,8.56,4.33,4.4,5.91,5.53,5.98,5.13,5.64,6.71,5.59,6.21,6.61,4.57,3.52,1.98,8.97,6.07,2.0,8.01,6.04,8.58,9.05,4.58,7.52,6.47,5.54,4.61,4.42,7.09,4.69,2.17,6.11,4.86,7.48,0.7,瑞士,孟加拉国,3,2,general,↑,2035+,6.14,5.72,6.17,5.95,7.07,6.32,5.08,6.23,5.58,6.98,7.18,5.31,2026-04-13,2026-04-13,2000-2026
法律与社会服务,LAW,法律助理/律师助理,专利代理人,Patent Agent,理工+法学,24-30,global,45,7.59,7.54,6.56,8.02,6.04,4.04,6.55,6.64,7.4,6.49,7.19,9.49,6.51,5.02,5.04,5.59,4.96,1.47,5.55,7.05,6.57,6.58,5.53,6.52,7.03,5.79,7.03,6.01,0.51,8.05,3.0,4.46,7.06,4.06,6.11,5.0,7.03,0.61,荷兰,孟加拉国,3,2,general,↑,2028-2033,6.21,5.8,6.01,5.99,6.87,6.36,5.33,6.22,5.71,6.9,6.97,5.34,2026-04-13,2026-04-13,2000-2026
医疗与健康,MED,临床医学,全科医生,General Practitioner,博士/医学学位,28-35,global,45,8.1,8.1,6.76,9.1,7.19,7.08,7.7,7.87,6.1,5.7,8.15,7.07,4.93,5.18,5.06,5.57,4.04,1.92,6.97,7.11,3.49,6.44,5.4,8.01,5.96,5.23,7.66,8.02,4.98,9.15,1.45,4.03,6.66,3.04,6.11,4.9,7.1,0.56,瑞典,孟加拉国,3,2,general,↑,2032-2038,6.18,5.81,5.99,6.13,6.86,6.42,5.27,6.3,5.76,6.76,6.81,5.42,2026-04-13,2026-04-13,2000-2026
信息技术与数字化,TECH,新兴数字职业,AI提示工程师,AI Prompt Engineer,本科/自学,20-35,global,45,3.1,3.6,5.12,3.5,7.1,4.06,6.17,5.28,5.9,7.51,3.59,9.54,7.54,6.3,5.66,6.66,6.05,3.4,3.01,5.18,9.35,7.08,6.51,5.57,7.58,7.14,7.5,5.52,0.52,0.18,6.5,8.57,7.29,3.14,6.11,4.88,7.06,0.64,瑞士,尼日利亚,2,4,general,↑↑,2026-2030,6.12,5.82,6.08,6.16,6.93,6.56,5.41,5.95,5.66,6.74,6.99,5.2,2026-04-13,2026-04-13,2000-2026
文化、艺术与传媒,ART,新媒体内容,KOL/网红,Key Opinion Leader (KOL) / Influencer,无要求,16-30,global,45,3.02,3.01,7.17,4.59,7.76,7.87,6.16,4.64,6.58,5.13,2.18,8.54,6.96,3.74,6.61,6.05,5.55,4.42,5.98,5.58,8.39,8.98,4.05,7.0,9.54,5.72,4.58,7.48,2.51,1.07,5.03,8.06,5.24,3.1,6.11,4.9,7.03,0.54,荷兰,孟加拉国,5,4,general,↑↑,2032-2038,6.2,5.88,6.05,5.94,6.77,6.42,5.29,6.19,5.74,6.74,6.89,5.48,2026-04-13,2026-04-13,2000-2026
金融与商业,FIN,管理咨询,运营咨询顾问,Operations Consultant,硕士,24-30,global,45,7.04,7.11,6.62,6.49,7.12,5.95,5.91,5.99,6.67,6.53,5.73,9.49,5.99,3.68,3.59,7.92,7.49,2.01,5.42,7.44,6.57,6.49,3.96,6.42,7.54,5.67,5.02,8.5,1.5,2.66,5.94,4.99,8.19,3.51,6.11,4.69,7.25,0.71,瑞士,孟加拉国,3,1,general,↑,2028-2033,6.34,5.69,5.83,6.28,6.81,6.53,5.17,6.03,5.6,6.7,7.13,5.32,2026-04-13,2026-04-13,2000-2026
信息技术与数字化,TECH,产品与设计,UI设计师,UI Designer,本科/专科,20-26,global,45,4.63,4.1,5.7,6.06,6.14,6.08,4.68,4.25,5.48,6.1,5.14,9.52,7.04,5.2,5.09,6.6,6.11,1.9,4.04,5.62,8.45,7.01,6.12,6.58,7.04,7.11,5.62,6.04,0.48,0.51,5.93,8.09,7.23,2.16,6.11,4.83,7.08,0.65,瑞士,孟加拉国,3,0,general,→,2026-2030,6.19,5.8,6.08,6.1,6.97,6.49,5.33,6.07,5.65,6.78,6.99,5.23,2026-04-13,2026-04-13,2000-2026
文化、艺术与传媒,ART,文化产业管理,演出经纪人,Talent Booking Agent,本科/硕士,25-35,global,45,5.11,5.58,6.02,7.54,6.11,5.64,5.61,5.16,5.7,6.09,5.58,8.54,6.97,5.21,5.6,7.01,6.52,2.44,5.5,6.58,5.99,7.05,5.05,7.01,7.58,5.68,6.58,8.47,2.0,2.08,5.48,6.04,6.76,4.52,6.11,4.87,6.99,0.58,荷兰,孟加拉国,3,2,general,↑,2028-2033,6.19,5.76,6.14,6.02,6.79,6.48,5.21,6.22,5.77,6.79,6.91,5.44,2026-04-13,2026-04-13,2000-2026
金融与商业,FIN,加密货币与去中心化金融,加密合规专员,Crypto Compliance Specialist,本科/自学,22-30,global,45,6.01,5.51,8.1,4.59,7.12,4.15,7.07,6.91,7.37,6.53,4.23,9.01,5.95,4.15,4.11,6.54,5.47,3.98,5.93,5.51,8.96,7.45,4.94,6.44,9.07,5.17,6.49,5.49,0.51,3.6,8.97,6.99,8.28,1.98,6.1,4.75,7.32,0.67,瑞士,孟加拉国,4,4,general,↑↑,2028-2033,6.28,5.76,5.96,6.23,6.79,6.5,5.14,5.97,5.59,6.76,7.04,5.38,2026-04-13,2026-04-13,2000-2026
金融与商业,FIN,企业管理,首席信息官(CIO),Chief Information Officer (CIO),硕士/MBA,32-45,global,45,8.07,7.59,7.1,7.04,5.61,5.03,6.03,5.53,8.39,6.57,5.21,9.5,5.42,3.16,3.55,7.54,5.55,3.49,7.44,8.78,5.58,8.95,3.48,7.42,8.99,4.65,5.53,8.47,1.48,2.09,5.42,2.99,7.26,3.03,6.1,4.87,7.08,0.6,瑞士,孟加拉国,2,3,general,↑↑,2032-2038,6.18,5.8,5.99,6.22,6.7,6.48,5.26,6.01,5.7,6.71,6.96,5.4,2026-04-13,2026-04-13,2000-2026
文化、艺术与传媒,ART,广告公关,影响力营销专员,Influencer Marketing Specialist,本科,22-28,global,45,4.62,5.03,7.15,7.55,6.16,6.71,6.13,5.18,5.66,5.6,5.68,8.51,7.03,4.7,6.13,7.09,6.56,1.93,4.53,5.63,7.58,6.05,5.07,5.97,6.07,5.79,6.54,6.99,2.02,1.54,5.48,5.99,6.29,4.06,6.1,4.92,7.15,0.58,荷兰,巴基斯坦,2,3,general,↑,2026-2030,6.11,5.75,6.14,5.99,6.8,6.42,5.32,6.16,5.72,6.8,6.97,5.4,2026-04-13,2026-04-13,2000-2026
教育与学术,EDU,K12教育,中学教师,Secondary School Teacher,本科/硕士,22-28,global,45,5.5,6.01,4.07,8.69,6.6,8.54,5.6,6.28,5.14,5.66,8.33,8.55,5.52,5.72,4.61,5.57,5.02,1.4,7.53,5.72,3.63,5.56,6.5,7.03,3.53,6.68,7.1,8.5,3.48,6.1,1.38,5.52,5.25,2.47,6.1,4.98,7.16,0.57,芬兰,尼日利亚,1,0,general,→,2035+,6.13,5.83,6.11,6.09,7.11,6.33,5.37,6.08,5.69,6.8,6.8,5.35,2026-04-13,2026-04-13,2000-2026
医疗与健康,MED,口腔,牙科技师,Dental Technician,大专/本科,20-24,global,45,5.09,4.62,6.27,8.08,6.62,6.09,6.72,6.78,5.2,6.65,8.14,8.05,4.95,6.53,5.61,4.52,3.52,1.38,5.96,5.18,1.02,7.4,6.38,7.03,6.46,6.19,6.02,7.5,4.5,4.64,2.96,5.06,6.21,3.04,6.1,5.01,6.98,0.57,瑞士,巴基斯坦,3,1,general,↑,2032-2038,6.1,5.82,5.92,6.17,6.74,6.47,5.27,6.23,5.78,6.75,6.85,5.39,2026-04-13,2026-04-13,2000-2026
医疗与健康,MED,药学,药物警戒专员,Pharmacovigilance Specialist,本科/硕士,22-26,global,45,6.57,7.08,5.71,8.11,6.12,6.7,6.71,5.72,6.32,6.6,7.66,8.57,6.42,5.69,5.64,5.6,5.08,1.35,5.49,7.16,6.12,5.96,5.92,6.53,6.41,6.13,6.53,6.52,1.99,7.63,1.95,4.5,6.21,4.05,6.1,4.94,7.11,0.63,德国,孟加拉国,2,2,general,↑,2028-2033,6.21,5.71,5.94,6.18,6.92,6.46,5.25,6.22,5.75,6.7,6.96,5.27,2026-04-13,2026-04-13,2000-2026
工程与制造,ENG,电气工程,自动化工程师,Automation Engineer,本科/硕士,22-28,global,45,6.07,6.08,7.07,7.51,7.17,6.65,7.07,7.26,7.12,6.69,7.16,7.18,5.56,5.74,5.13,6.55,5.58,1.4,5.56,6.6,3.5,6.04,5.48,6.69,4.57,4.74,6.53,5.01,2.98,3.58,4.91,4.0,6.21,3.63,6.1,4.9,7.17,0.64,瑞士,孟加拉国,3,3,general,↑↑,2028-2033,6.21,5.76,6.24,6.12,7.01,6.36,5.19,6.11,5.65,6.64,7.0,5.23,2026-04-13,2026-04-13,2000-2026
信息技术与数字化,TECH,新兴数字职业,机器人流程自动化工程师,RPA Developer,本科/大专,22-30,global,45,4.54,4.1,5.7,5.5,6.13,5.14,6.13,5.73,5.86,6.58,5.61,9.52,7.01,5.72,5.62,6.09,5.59,1.97,3.54,5.65,8.09,6.55,6.02,5.56,6.55,6.19,6.55,5.44,0.51,0.53,4.92,7.09,6.79,3.6,6.1,4.87,7.1,0.66,德国,孟加拉国,3,1,general,↑,2026-2030,6.08,5.7,6.12,6.14,7.03,6.55,5.32,6.01,5.66,6.86,6.96,5.21,2026-04-13,2026-04-13,2000-2026
医疗与健康,MED,药学,药品注册专员,Drug Regulatory Affairs Specialist,本科/硕士,22-26,global,45,6.59,7.09,5.72,8.08,6.18,6.67,6.71,5.76,6.8,6.59,7.69,8.61,6.48,5.72,5.56,5.51,5.02,1.38,5.49,7.09,5.06,5.92,5.92,6.58,6.44,6.15,6.53,6.49,1.98,7.7,1.93,4.44,6.18,4.02,6.09,4.89,7.09,0.63,德国,孟加拉国,2,2,general,↑,2028-2033,6.2,5.78,5.94,6.1,6.85,6.33,5.18,6.36,5.68,6.8,6.94,5.22,2026-04-13,2026-04-13,2000-2026
金融与商业,FIN,银行,反洗钱分析师,Anti-Money Laundering (AML) Analyst,本科,22-28,global,45,5.06,5.55,7.01,7.49,6.57,7.99,7.02,4.96,6.36,6.05,8.21,9.03,6.51,5.67,5.13,5.97,5.5,1.57,5.43,6.47,5.07,5.52,5.46,5.43,4.51,5.69,5.99,6.95,1.03,4.1,4.94,3.5,6.28,4.45,6.09,4.8,7.18,0.65,瑞士,孟加拉国,2,3,general,↑↑,2028-2033,6.25,5.75,6.01,6.21,6.77,6.46,5.17,5.99,5.64,6.7,6.96,5.39,2026-04-13,2026-04-13,2000-2026
医疗与健康,MED,护理,护理助理,Nursing Assistant,高中/大专,18-25,global,45,3.04,3.06,6.77,7.16,7.67,8.48,8.71,8.22,3.3,6.49,8.18,6.56,4.45,3.71,3.15,5.14,4.53,1.4,7.99,4.08,1.45,4.42,4.42,7.0,3.41,4.24,5.62,8.47,7.5,3.56,0.97,4.04,7.72,2.07,6.09,5.07,7.07,0.54,瑞士,孟加拉国,3,3,general,↑↑,2035+,6.06,5.82,5.98,6.05,6.76,6.41,5.3,6.26,5.78,6.8,6.79,5.46,2026-04-13,2026-04-13,2000-2026
技术工种与手工业,SKL,美发美容技术,美容师,Beautician / Esthetician,职校/短期培训,18-25,global,45,2.99,1.94,5.7,6.99,6.63,7.17,5.35,5.11,4.59,6.03,5.61,7.18,5.55,5.73,5.65,4.05,4.03,2.02,8.96,4.54,0.64,7.01,5.54,7.05,8.47,6.87,6.56,8.51,4.98,3.58,4.0,7.5,5.11,1.61,6.09,4.91,7.59,0.75,瑞士,巴基斯坦,2,1,general,↑,2035+,6.07,5.66,6.22,6.04,7.02,6.44,5.0,6.15,5.58,7.08,7.16,5.24,2026-04-13,2026-04-13,2000-2026
文化、艺术与传媒,ART,新媒体内容,MCN运营经理,MCN Operations Manager,无要求,25-35,global,45,3.11,5.12,7.21,5.09,7.72,7.8,6.18,4.6,6.17,5.18,4.08,8.55,7.02,3.74,6.65,6.07,5.56,4.43,5.97,5.59,8.5,8.99,4.03,7.08,7.63,5.79,4.57,7.51,2.51,1.0,4.98,8.09,5.28,3.08,6.09,4.9,6.96,0.53,德国,巴基斯坦,5,4,general,↑↑,2032-2038,6.16,5.8,6.07,5.95,6.76,6.43,5.29,6.07,5.77,6.78,6.86,5.48,2026-04-13,2026-04-13,2000-2026
文化、艺术与传媒,ART,广告公关,SEO/SEM专家,SEO/SEM Specialist,本科,22-28,global,45,4.55,5.12,6.59,7.55,6.17,6.7,5.6,5.17,5.66,5.65,5.63,8.55,6.97,4.78,6.16,7.05,6.53,1.95,4.51,5.58,8.48,6.09,4.99,6.0,6.01,5.73,6.54,7.0,2.03,1.58,5.4,6.04,6.22,4.07,6.08,4.91,7.03,0.57,荷兰,孟加拉国,2,2,general,↑,2028-2033,6.07,5.73,6.06,5.98,6.72,6.49,5.22,6.14,5.72,6.74,6.92,5.46,2026-04-13,2026-04-13,2000-2026
法律与社会服务,LAW,心理社会服务,遗产规划顾问,Estate Planning Advisor,法学/金融硕士,26-32,global,45,7.06,7.03,5.53,8.54,5.5,4.56,5.52,5.6,7.4,6.43,7.12,9.53,6.55,5.5,5.5,5.58,5.51,1.43,6.02,7.08,5.53,7.08,5.51,6.57,7.03,5.71,7.55,7.52,0.43,7.54,2.49,3.99,5.08,4.01,6.08,5.14,7.08,0.55,瑞士,孟加拉国,2,1,general,→,2028-2033,6.13,5.76,5.95,5.97,6.85,6.35,5.37,6.16,5.73,6.76,6.85,5.45,2026-04-13,2026-04-13,2000-2026
文化、艺术与传媒,ART,新媒体内容,短视频创作者,Short-form Video Creator,无要求,16-30,global,45,3.09,3.09,8.16,5.06,7.78,7.74,6.09,4.68,5.21,5.13,2.66,8.51,7.02,3.74,6.61,6.0,5.55,4.43,6.04,4.59,8.45,9.03,4.05,7.05,9.51,5.76,4.52,7.51,2.56,1.02,4.93,7.97,5.19,3.12,6.08,4.99,7.08,0.55,荷兰,巴基斯坦,5,5,general,↑↑,2028-2033,6.19,5.77,6.06,5.92,6.77,6.45,5.25,6.14,5.7,6.76,6.85,5.46,2026-04-13,2026-04-13,2000-2026
教育与学术,EDU,早期教育,儿童发展评估师,Child Development Assessor,硕士(发展心理学),25-32,global,45,6.52,6.5,5.02,7.67,4.64,3.68,5.62,6.26,5.08,5.61,6.83,9.0,5.56,6.6,5.17,5.55,5.17,1.38,7.99,6.15,4.18,6.54,6.49,8.01,5.06,7.94,7.13,7.99,1.96,6.59,1.97,5.6,5.71,2.58,6.08,5.16,7.15,0.55,芬兰,尼日利亚,2,2,general,↑,2035+,6.16,5.82,6.06,6.03,7.01,6.28,5.39,5.99,5.67,6.72,6.77,5.36,2026-04-13,2026-04-13,2000-2026
医疗与健康,MED,临床医学,整形外科医生,Plastic Surgeon,博士/医学学位,28-35,global,45,9.08,9.12,6.71,8.59,7.13,7.02,7.26,7.29,9.06,5.71,8.15,7.06,4.98,4.67,4.6,5.56,4.04,2.9,6.99,8.6,2.06,6.42,5.43,8.05,8.99,5.21,6.6,8.01,5.01,9.1,3.9,5.42,6.71,3.08,6.08,5.11,6.82,0.5,加拿大,孟加拉国,3,2,general,↑,2032-2038,6.16,5.78,6.0,6.07,6.7,6.35,5.37,6.25,5.84,6.64,6.68,5.42,2026-04-13,2026-04-13,2000-2026
医疗与健康,MED,临床医学,内分泌科医生,Endocrinologist,博士/医学学位,28-35,global,45,9.1,9.1,6.79,8.65,7.12,7.09,7.25,7.28,7.0,5.78,8.15,7.09,4.98,5.2,5.15,5.54,4.05,1.92,6.98,8.64,3.47,6.39,5.43,8.1,5.91,5.17,6.59,7.99,4.99,9.1,1.43,4.02,6.71,3.08,6.08,4.96,6.93,0.55,瑞士,孟加拉国,3,3,general,↑↑,2032-2038,6.15,5.82,5.94,6.12,6.8,6.34,5.28,6.2,5.71,6.66,6.81,5.34,2026-04-13,2026-04-13,2000-2026
工程与制造,ENG,电气工程,控制工程师,Control Systems Engineer,本科/硕士,22-28,global,45,6.09,6.07,6.59,7.57,6.65,6.64,6.7,6.14,6.63,6.65,7.16,7.15,5.59,5.72,5.08,6.59,5.53,1.41,6.5,6.67,4.91,6.03,5.55,6.63,4.56,4.75,6.48,4.99,2.98,3.59,4.92,4.09,6.22,3.59,6.08,4.8,7.23,0.64,德国,孟加拉国,2,1,general,↑,2032-2038,6.17,5.77,6.17,6.04,7.04,6.38,5.14,6.05,5.58,6.65,6.97,5.31,2026-04-13,2026-04-13,2000-2026
医疗与健康,MED,临床医学,放射科医生,Radiologist,博士/医学学位,28-35,global,45,9.09,9.03,6.7,8.59,7.11,7.11,7.25,7.24,7.89,5.71,8.22,7.05,4.98,5.68,5.64,5.54,4.08,1.88,3.95,8.61,5.07,6.48,6.46,8.05,5.99,5.22,6.6,7.99,2.01,9.1,1.48,4.04,6.79,3.01,6.08,5.02,6.96,0.55,德国,巴基斯坦,3,0,general,→,2026-2030,6.13,5.8,5.96,6.07,6.77,6.3,5.28,6.25,5.79,6.74,6.83,5.37,2026-04-13,2026-04-13,2000-2026
金融与商业,FIN,市场营销与销售,销售经理,Sales Manager,本科,22-28,global,45,4.08,4.7,5.56,7.06,7.02,8.45,4.97,4.02,6.85,6.58,4.71,9.01,6.97,3.67,4.13,7.01,6.44,2.51,5.36,5.94,6.49,6.52,4.98,5.92,8.03,6.22,5.97,9.01,2.02,1.65,6.92,5.93,6.78,2.51,6.08,4.64,7.14,0.64,瑞士,孟加拉国,2,1,general,↑,2028-2033,6.24,5.74,5.92,6.22,6.7,6.46,5.11,6.02,5.61,6.78,6.98,5.43,2026-04-13,2026-04-13,2000-2026
金融与商业,FIN,保险,保险经纪人,Insurance Broker,本科,22-28,global,45,5.56,5.6,5.58,8.02,6.09,6.91,5.54,5.03,6.3,6.13,7.74,9.5,7.01,6.15,5.6,5.5,5.04,2.0,5.41,5.5,5.61,6.99,6.01,5.41,8.0,5.77,6.45,6.95,1.03,5.11,3.94,5.5,5.79,4.41,6.08,4.61,7.31,0.73,瑞士,孟加拉国,2,1,general,↑,2028-2033,6.31,5.71,5.88,6.2,6.78,6.48,5.01,5.99,5.58,6.86,7.1,5.19,2026-04-13,2026-04-13,2000-2026
文化、艺术与传媒,ART,设计创意,字体设计师,Type Designer / Typographer,本科,20-28,global,45,5.09,5.04,5.66,7.52,6.04,3.75,5.63,5.2,5.19,5.65,5.16,8.51,6.98,5.24,5.62,7.09,6.05,1.92,5.52,5.54,8.5,7.03,5.54,7.55,7.08,5.81,6.57,5.99,2.51,1.48,5.52,6.97,6.21,3.57,6.08,4.87,7.11,0.6,瑞士,巴基斯坦,2,1,general,→,2028-2033,6.14,5.74,6.04,5.93,6.83,6.46,5.2,6.17,5.72,6.62,7.01,5.41,2026-04-13,2026-04-13,2000-2026
文化、艺术与传媒,ART,广告公关,内容策略师,Content Strategist,本科,22-28,global,45,4.55,5.04,6.7,7.54,6.15,6.7,5.62,5.17,5.73,5.68,5.61,8.57,7.0,4.71,6.09,7.0,6.52,1.91,4.52,5.65,8.02,5.98,5.07,6.01,6.06,5.71,6.5,7.02,1.92,1.49,5.45,6.05,6.3,4.07,6.08,4.91,6.99,0.54,美国,孟加拉国,2,2,general,↑,2028-2033,6.2,5.75,6.11,5.94,6.67,6.48,5.24,6.11,5.76,6.66,6.84,5.46,2026-04-13,2026-04-13,2000-2026
金融与商业,FIN,会计审计,内部审计师,Internal Auditor,本科,22-28,global,45,6.08,6.11,5.09,8.54,6.61,7.99,5.54,5.0,6.41,6.06,7.76,9.5,6.92,5.11,4.59,6.52,5.9,1.51,4.43,6.54,6.55,6.01,5.42,5.57,6.51,6.14,6.54,6.5,0.48,7.08,3.41,5.52,7.3,3.48,6.07,4.72,7.24,0.66,瑞士,孟加拉国,2,0,general,→,2026-2030,6.23,5.74,5.91,6.26,6.7,6.52,5.15,5.97,5.61,6.7,6.94,5.32,2026-04-13,2026-04-13,2000-2026
工程与制造,ENG,半导体,光刻工程师,Lithography Engineer,硕士,23-28,global,45,8.08,8.05,7.03,7.05,7.03,3.93,8.0,8.69,7.85,7.24,6.7,7.15,5.04,4.72,5.12,6.07,5.05,0.88,7.05,8.13,3.93,6.02,5.0,7.09,3.59,4.24,5.65,4.49,2.5,2.64,5.44,3.51,7.24,6.06,6.07,4.73,7.27,0.7,德国,孟加拉国,4,3,general,↑↑,2032-2038,6.24,5.75,6.16,6.02,6.98,6.4,5.11,6.07,5.54,6.7,7.07,5.13,2026-04-13,2026-04-13,2000-2026
文化、艺术与传媒,ART,设计创意,时装设计师,Fashion Designer,本科,20-28,global,45,5.04,5.03,5.68,7.54,6.11,6.16,5.67,5.14,5.65,5.64,5.18,8.54,7.05,5.19,5.59,7.0,6.0,3.41,5.03,7.06,7.08,7.07,5.55,8.47,7.52,5.25,6.6,5.95,2.52,1.52,5.5,7.06,6.26,3.59,6.07,4.86,6.97,0.59,荷兰,巴基斯坦,2,1,general,→,2028-2033,6.13,5.71,6.02,5.9,6.83,6.44,5.19,6.17,5.74,6.71,6.92,5.42,2026-04-13,2026-04-13,2000-2026
文化、艺术与传媒,ART,设计创意,文创产品设计师,Cultural/Creative Product Designer,本科,20-28,global,45,5.04,5.1,6.15,7.5,6.2,5.22,5.53,5.12,5.19,5.61,5.17,8.51,7.02,5.22,5.63,7.05,6.05,1.93,5.05,5.64,7.03,7.02,5.52,7.57,7.57,5.73,6.59,6.02,2.49,1.51,5.48,6.99,6.21,3.55,6.07,4.87,7.0,0.59,荷兰,巴基斯坦,2,2,general,↑,2028-2033,6.05,5.76,6.06,5.96,6.81,6.41,5.16,6.13,5.73,6.78,6.91,5.4,2026-04-13,2026-04-13,2000-2026
金融与商业,FIN,加密货币与去中心化金融,DeFi策略师,DeFi Strategist,本科/自学,22-30,global,45,6.07,5.61,7.54,4.48,7.13,3.17,7.61,6.95,7.63,6.48,2.78,8.95,6.05,4.16,4.1,6.53,5.45,4.02,5.94,5.54,9.03,7.52,4.99,6.52,9.05,5.24,6.49,5.5,0.51,1.65,8.99,7.02,8.21,1.92,6.07,4.76,7.18,0.63,瑞士,孟加拉国,4,3,general,↑↑,2028-2033,6.23,5.75,5.88,6.18,6.83,6.46,5.23,5.97,5.58,6.72,6.92,5.36,2026-04-13,2026-04-13,2000-2026
金融与商业,FIN,人力资源,招聘专员,Recruiter,本科,22-28,global,45,4.61,5.06,5.7,7.5,6.59,7.52,5.04,4.49,5.52,6.03,5.16,9.53,7.45,6.19,5.61,6.46,5.98,1.49,4.93,5.55,6.52,5.98,6.52,5.45,5.5,6.97,6.57,8.47,1.0,2.62,6.92,4.94,6.22,2.51,6.07,4.85,7.22,0.66,瑞士,孟加拉国,2,0,general,→,2026-2030,6.27,5.69,5.94,6.16,6.69,6.5,5.2,5.95,5.6,6.78,6.98,5.32,2026-04-13,2026-04-13,2000-2026
医疗与健康,MED,护理,注册护士,Registered Nurse,大专/本科,20-24,global,45,5.1,5.09,6.71,7.12,7.62,8.48,8.74,8.73,4.79,6.52,8.21,6.58,4.5,4.13,3.6,5.09,4.59,1.39,7.44,6.03,1.51,4.43,4.38,7.07,3.45,4.14,5.58,8.5,6.53,6.67,1.0,3.96,8.14,2.08,6.07,5.08,6.96,0.54,瑞士,孟加拉国,3,3,general,↑↑,2035+,6.09,5.81,6.01,6.11,6.87,6.4,5.23,6.12,5.77,6.66,6.76,5.36,2026-04-13,2026-04-13,2000-2026
法律与社会服务,LAW,法律助理/律师助理,法律翻译,Legal Translator,法学/语言本科,22-28,global,45,6.54,6.6,5.51,7.52,5.04,3.48,5.55,5.63,5.98,5.5,6.12,9.51,7.08,5.47,5.5,6.08,5.44,1.43,4.59,6.03,8.11,7.08,6.5,6.05,6.54,7.12,7.09,5.48,0.53,4.98,3.0,7.54,7.53,2.54,6.07,5.03,7.19,0.61,瑞士,孟加拉国,1,-1,general,→,2028-2033,6.09,5.74,6.01,5.98,6.88,6.32,5.32,6.18,5.67,6.82,6.92,5.38,2026-04-13,2026-04-13,2000-2026
金融与商业,FIN,证券投资,量化交易员,Quantitative Trader,硕士/博士,24-30,global,45,8.54,8.58,7.08,6.54,7.6,6.33,7.97,8.42,8.99,7.07,4.72,8.99,5.46,3.14,3.16,6.41,5.53,2.48,6.44,8.01,7.61,6.48,3.94,6.45,6.96,3.75,5.0,7.03,0.54,5.61,7.38,4.48,7.72,4.1,6.06,4.71,7.17,0.64,瑞士,孟加拉国,3,1,general,↑,2032-2038,6.25,5.73,5.98,6.22,6.71,6.4,5.22,5.99,5.6,6.57,6.95,5.3,2026-04-13,2026-04-13,2000-2026
法律与社会服务,LAW,合规与监管,法规事务专员,Regulatory Affairs Specialist,本科/硕士,24-30,global,45,6.04,6.08,5.55,8.01,6.02,5.47,6.1,5.63,6.51,5.95,7.14,9.52,7.02,6.12,5.52,5.54,5.55,1.45,5.57,6.54,6.04,6.06,6.06,5.55,4.53,6.17,7.1,6.94,0.5,6.07,2.4,3.54,6.09,4.01,6.06,5.07,6.98,0.56,瑞士,孟加拉国,2,2,general,↑,2028-2033,6.09,5.74,5.91,6.02,6.73,6.36,5.33,6.13,5.7,6.79,6.86,5.44,2026-04-13,2026-04-13,2000-2026
技术工种与手工业,SKL,电气技术,通信线路技师,Telecommunications Line Technician,职校/学徒,18-25,global,45,4.47,3.5,6.64,8.0,7.26,7.67,6.35,6.55,6.03,7.1,7.1,5.22,5.54,5.21,5.63,6.55,5.57,1.49,6.97,5.51,0.55,6.58,5.06,6.48,7.0,3.08,6.5,5.53,7.06,5.59,4.96,7.05,6.1,3.11,6.06,4.91,7.33,0.71,德国,孟加拉国,3,2,general,↑,2032-2038,6.01,5.67,6.21,6.02,6.98,6.33,5.03,5.98,5.51,7.2,7.04,5.29,2026-04-13,2026-04-13,2000-2026
教育与学术,EDU,K12教育,美术教师,Art Teacher,本科(美术),22-28,global,45,5.56,5.5,3.54,8.1,5.13,5.61,4.6,5.24,4.24,4.61,7.28,9.51,6.52,6.68,5.63,5.58,5.06,1.9,7.54,5.76,3.59,6.56,6.53,8.08,6.1,7.18,7.64,7.5,2.07,4.08,1.88,7.52,5.28,1.99,6.06,5.03,7.18,0.58,芬兰,尼日利亚,0,0,general,→,2035+,6.13,5.78,6.09,6.02,7.07,6.25,5.36,5.98,5.64,6.7,6.74,5.3,2026-04-13,2026-04-13,2000-2026
技术工种与手工业,SKL,美发美容技术,美甲师,Nail Technician / Manicurist,职校/短期培训,18-25,global,45,1.96,1.98,5.07,7.08,6.72,7.07,5.34,5.05,4.24,6.04,5.57,7.19,5.07,5.78,5.66,3.92,4.06,2.05,9.04,4.55,0.55,7.0,5.54,6.56,8.56,6.87,6.55,7.99,3.99,3.62,3.93,7.54,5.25,1.67,6.06,4.88,7.46,0.73,瑞士,孟加拉国,2,1,general,↑,2035+,6.01,5.62,6.14,6.02,6.98,6.38,5.07,6.09,5.57,7.12,7.12,5.2,2026-04-13,2026-04-13,2000-2026
技术工种与手工业,SKL,美发美容技术,美睫师,Eyelash Extension Technician,职校/短期培训,18-25,global,45,2.51,2.02,6.05,7.04,6.61,5.04,5.33,5.07,4.66,6.07,5.63,7.2,5.6,5.71,5.66,3.96,4.01,2.02,9.04,4.49,0.54,6.95,5.52,6.58,8.09,6.91,6.57,7.47,3.51,3.59,3.96,7.59,5.23,1.6,6.06,4.79,7.46,0.76,瑞士,尼日利亚,2,2,general,↑,2035+,6.04,5.63,6.1,6.07,7.04,6.36,4.95,6.14,5.49,7.12,7.1,5.2,2026-04-13,2026-04-13,2000-2026
文化、艺术与传媒,ART,新媒体内容,播客主持人,Podcast Host,无要求,16-30,global,45,3.09,3.04,7.67,5.08,7.72,7.84,6.13,4.66,4.74,5.18,2.64,8.52,7.03,3.76,6.65,6.07,5.59,4.46,6.02,4.58,9.31,9.02,4.02,7.03,9.04,5.75,4.56,7.49,2.5,1.02,4.99,7.96,5.26,3.11,6.06,4.87,6.93,0.55,荷兰,巴基斯坦,5,4,general,↑↑,2028-2033,6.18,5.75,6.02,5.96,6.76,6.44,5.21,6.06,5.75,6.63,6.84,5.41,2026-04-13,2026-04-13,2000-2026
技术工种与手工业,SKL,电气技术,家电维修技师,Appliance Repair Technician,职校/学徒,18-25,global,45,4.52,3.51,6.69,8.01,7.21,6.65,5.83,5.1,5.12,7.08,7.1,5.72,5.54,5.25,5.63,6.54,5.51,1.51,8.0,5.5,0.47,6.56,5.0,6.55,8.04,3.04,6.53,7.01,6.48,5.63,4.97,8.0,6.2,3.11,6.06,4.96,7.23,0.7,德国,巴基斯坦,3,2,general,↑,2035+,6.0,5.64,6.11,6.02,6.97,6.38,5.04,5.99,5.53,7.08,7.05,5.42,2026-04-13,2026-04-13,2000-2026
技术工种与手工业,SKL,传统手工艺,珠宝工匠,Jewelry Craftsman / Goldsmith,师徒制/自学,16-30,global,45,6.48,2.99,3.67,8.5,4.27,3.39,5.86,5.55,6.52,5.07,5.57,6.68,5.55,6.24,6.62,4.57,3.52,1.99,9.51,6.65,2.07,8.02,6.02,8.64,8.01,4.55,7.6,5.02,3.99,2.12,4.35,7.02,5.78,2.04,6.06,4.89,7.5,0.69,瑞士,孟加拉国,0,-1,general,→,2035+,6.06,5.64,6.11,5.99,6.95,6.28,5.08,6.23,5.56,6.92,7.12,5.26,2026-04-13,2026-04-13,2000-2026
法律与社会服务,LAW,律师各专业,税法律师,Tax Lawyer,法学博士/硕士+会计,25-32,global,45,8.09,8.07,6.06,8.58,6.02,4.96,6.57,6.62,8.07,7.09,7.56,9.38,6.57,4.04,4.06,6.04,5.96,1.44,5.55,7.99,6.07,6.58,4.54,5.54,7.09,5.71,6.95,6.45,0.48,9.09,2.95,3.51,6.52,4.06,6.06,4.91,7.02,0.64,英国,孟加拉国,2,1,general,→,2028-2033,6.16,5.67,5.93,5.94,6.87,6.39,5.27,6.12,5.66,6.84,6.9,5.37,2026-04-13,2026-04-13,2000-2026
金融与商业,FIN,加密货币与去中心化金融,加密货币分析师,Cryptocurrency Analyst,本科/自学,22-30,global,45,6.05,5.6,7.61,4.51,7.22,4.09,7.04,7.05,6.91,6.54,3.21,9.02,5.93,4.11,4.11,6.49,5.47,4.01,5.93,5.47,9.01,7.5,4.96,6.5,9.07,5.16,6.45,5.52,0.51,1.59,8.87,6.97,8.24,2.0,6.06,4.73,7.23,0.65,瑞士,孟加拉国,4,2,general,↑,2028-2033,6.19,5.76,5.84,6.19,6.69,6.49,5.14,5.97,5.61,6.72,6.95,5.3,2026-04-13,2026-04-13,2000-2026
医疗与健康,MED,药学,临床药师,Clinical Pharmacist,本科/硕士,22-26,global,45,7.56,7.06,5.84,8.12,6.14,6.73,6.26,5.76,6.79,6.65,7.72,8.58,6.5,5.67,5.62,5.52,5.09,1.38,5.99,7.14,3.01,5.94,5.93,6.52,6.42,6.19,6.52,7.47,2.0,7.6,1.98,4.44,6.27,4.0,6.05,4.91,6.97,0.6,荷兰,孟加拉国,2,2,general,↑,2032-2038,6.16,5.72,5.92,6.01,6.82,6.37,5.19,6.29,5.63,6.65,6.84,5.28,2026-04-13,2026-04-13,2000-2026
金融与商业,FIN,市场营销与销售,CRM分析师,CRM Analyst,本科,22-28,global,45,5.07,4.61,5.55,7.01,7.01,8.4,5.02,3.99,5.97,6.48,5.24,9.01,6.99,4.64,4.61,6.99,6.59,2.5,4.38,6.0,7.6,6.48,5.01,5.97,7.53,6.17,5.92,8.95,1.98,1.61,6.39,5.98,6.79,2.45,6.05,4.75,7.16,0.66,瑞士,孟加拉国,2,2,general,↑,2028-2033,6.2,5.68,5.86,6.18,6.75,6.43,5.21,5.99,5.61,6.71,6.94,5.31,2026-04-13,2026-04-13,2000-2026
技术工种与手工业,SKL,传统手工艺,乐器制作师,Musical Instrument Maker / Luthier,师徒制/专业学校,16-30,global,45,6.99,3.03,3.72,8.55,4.37,2.46,5.82,5.58,6.51,5.03,5.56,6.7,5.55,6.18,6.65,4.51,3.54,1.98,9.47,7.15,2.06,8.0,6.04,9.08,7.55,4.52,7.6,5.01,4.0,2.09,4.48,6.99,6.23,2.12,6.05,4.93,7.41,0.68,瑞士,孟加拉国,0,-1,general,→,2035+,6.06,5.67,6.14,5.93,6.95,6.24,5.11,6.16,5.5,6.98,7.07,5.32,2026-04-13,2026-04-13,2000-2026
教育与学术,EDU,K12教育,音乐教师,Music Teacher,本科(音乐),22-28,global,45,6.04,5.56,3.57,8.16,5.16,5.62,4.53,5.27,4.17,4.62,7.34,9.54,5.99,6.62,5.14,5.64,5.07,1.91,8.58,5.79,4.09,6.08,6.56,8.03,5.62,7.16,7.61,7.49,2.49,4.59,1.89,7.56,5.3,2.01,6.05,5.0,7.1,0.58,丹麦,孟加拉国,0,0,general,→,2035+,6.1,5.8,5.97,6.04,7.09,6.26,5.25,6.04,5.6,6.74,6.77,5.37,2026-04-13,2026-04-13,2000-2026
工程与制造,ENG,电气工程,电子工程师,Electronics Engineer,本科/硕士,22-28,global,45,6.05,6.09,6.61,7.57,6.6,6.55,6.62,6.21,6.65,6.64,7.15,7.18,5.56,5.73,5.12,6.52,5.55,1.4,6.03,6.62,5.0,6.08,5.54,6.6,4.47,4.77,6.53,5.0,3.0,3.6,4.98,3.98,6.25,3.6,6.05,4.78,7.28,0.64,瑞士,尼日利亚,2,1,general,↑,2032-2038,6.13,5.72,6.09,5.98,7.02,6.31,5.23,6.06,5.56,6.62,6.96,5.21,2026-04-13,2026-04-13,2000-2026
文化、艺术与传媒,ART,广告公关,社会化媒体分析师,Social Media Analyst,本科,22-28,global,45,4.58,5.09,6.12,7.57,6.18,6.71,5.69,5.19,5.18,5.64,5.66,8.52,6.99,4.71,6.11,7.04,6.54,1.94,5.03,5.53,8.05,6.06,4.98,6.07,6.1,5.73,6.58,6.99,1.99,1.54,5.48,6.01,6.25,4.19,6.05,4.87,6.92,0.55,澳大利亚,孟加拉国,2,1,general,→,2028-2033,6.15,5.73,6.01,5.94,6.7,6.41,5.2,6.09,5.67,6.72,6.83,5.48,2026-04-13,2026-04-13,2000-2026
技术工种与手工业,SKL,汽车维修,新能源汽车维修技师,EV Repair Technician,职校/学徒,18-25,global,45,5.01,3.98,7.61,7.55,6.66,7.52,7.87,7.53,6.47,6.53,6.55,5.7,5.05,5.29,5.59,5.53,4.99,1.52,6.46,5.05,0.58,6.49,5.04,6.58,7.58,2.63,6.53,6.51,6.5,4.12,5.41,6.96,5.18,2.67,6.05,4.66,7.33,0.75,瑞士,孟加拉国,4,4,general,↑↑,2032-2038,6.0,5.62,6.15,5.99,7.09,6.37,4.93,6.07,5.49,7.12,7.06,5.26,2026-04-13,2026-04-13,2000-2026
文化、艺术与传媒,ART,设计创意,包装设计师,Packaging Designer,本科,20-28,global,45,5.01,5.04,5.54,7.54,6.11,6.17,5.68,5.13,5.32,5.61,5.12,8.52,7.05,5.25,5.63,7.0,6.02,1.97,4.58,5.6,7.07,7.05,5.57,7.53,7.05,5.82,6.52,5.97,2.5,1.48,5.46,7.06,6.23,3.64,6.04,4.81,6.99,0.59,荷兰,孟加拉国,2,1,general,→,2028-2033,6.08,5.67,6.0,5.92,6.8,6.38,5.16,6.15,5.7,6.75,6.88,5.34,2026-04-13,2026-04-13,2000-2026
工程与制造,ENG,航空航天,空气动力学工程师,Aerodynamics Engineer,硕士/博士,24-30,global,45,8.1,8.08,6.65,8.07,5.68,3.12,7.1,7.72,7.85,6.69,7.65,6.66,5.61,5.26,5.15,6.11,5.02,0.91,7.48,8.13,3.97,6.06,5.52,8.09,3.0,4.29,6.03,5.5,3.52,4.05,4.43,2.99,6.76,5.5,6.04,4.78,7.16,0.67,瑞典,尼日利亚,3,2,general,↑,2035+,6.17,5.68,6.2,6.03,6.98,6.35,5.2,6.04,5.5,6.62,6.96,5.15,2026-04-13,2026-04-13,2000-2026
文化、艺术与传媒,ART,广告公关,公关专员,Public Relations Specialist,本科,22-28,global,45,4.59,5.08,5.64,7.6,6.14,6.62,5.62,5.1,5.22,5.64,5.66,8.53,6.96,4.72,6.08,7.01,6.52,1.95,5.55,5.58,6.56,6.02,5.01,6.05,6.04,5.67,6.52,8.51,1.98,1.52,5.41,6.01,6.26,4.17,6.04,4.86,6.94,0.57,澳大利亚,孟加拉国,2,1,general,→,2028-2033,6.08,5.7,6.05,5.91,6.73,6.48,5.22,6.05,5.67,6.76,6.85,5.4,2026-04-13,2026-04-13,2000-2026
医疗与健康,MED,临床医学,老年科医生,Geriatrician,博士/医学学位,28-35,global,45,9.08,9.0,6.74,8.62,7.16,7.02,8.21,8.74,6.13,5.71,8.2,7.07,4.92,5.12,5.08,5.59,4.1,1.88,6.97,7.15,2.0,6.46,5.46,8.07,5.91,5.17,6.64,7.98,5.01,9.12,1.44,4.04,6.77,3.13,6.04,4.94,6.85,0.55,德国,孟加拉国,4,4,general,↑↑,2032-2038,6.08,5.78,5.86,6.06,6.76,6.36,5.2,6.19,5.76,6.74,6.73,5.34,2026-04-13,2026-04-13,2000-2026
医疗与健康,MED,护理,肿瘤科护士,Oncology Nurse,大专/本科,20-24,global,45,5.11,5.1,6.72,7.08,7.64,8.47,8.17,8.28,5.3,6.48,8.18,6.55,3.97,4.1,3.12,5.09,4.52,1.38,7.45,6.07,1.52,4.45,4.42,7.59,3.51,4.23,5.59,8.5,6.49,6.64,0.96,4.0,7.71,2.1,6.04,4.97,6.92,0.54,瑞士,孟加拉国,3,2,general,↑,2035+,6.03,5.77,5.93,6.06,6.71,6.38,5.21,6.17,5.73,6.64,6.76,5.38,2026-04-13,2026-04-13,2000-2026
医疗与健康,MED,医疗管理,急救技术员/急救员,Emergency Medical Technician (EMT),大专/培训,18-25,global,45,3.58,3.59,6.29,7.63,6.61,6.54,6.13,5.76,4.51,6.54,7.11,5.58,6.91,3.15,3.07,6.56,6.05,1.41,7.96,6.68,5.13,5.48,2.91,7.59,4.9,6.16,6.64,6.94,7.48,5.13,1.99,5.01,6.27,3.01,6.04,4.86,7.03,0.56,瑞士,孟加拉国,3,2,general,↑,2035+,6.02,5.76,5.94,6.11,6.72,6.35,5.18,6.22,5.7,6.74,6.77,5.37,2026-04-13,2026-04-13,2000-2026
金融与商业,FIN,供应链,采购分析师,Procurement Analyst,本科,22-28,global,45,5.1,5.07,6.1,7.5,6.58,6.92,5.99,5.58,5.55,6.57,6.68,9.01,7.49,5.63,5.63,6.49,5.58,1.53,4.4,5.96,5.51,5.98,5.42,5.51,5.52,5.68,5.97,6.96,2.01,3.19,5.41,3.91,7.24,2.93,6.04,4.77,7.22,0.65,瑞士,孟加拉国,3,2,general,↑,2026-2030,6.23,5.69,5.83,6.13,6.69,6.38,5.14,5.95,5.6,6.7,6.99,5.35,2026-04-13,2026-04-13,2000-2026
工程与制造,ENG,制造管理,供应商质量工程师,Supplier Quality Engineer,本科,22-30,global,45,5.57,5.54,5.69,8.01,6.62,7.19,6.1,5.16,6.57,6.64,7.18,7.18,5.58,5.23,5.13,7.06,6.0,1.4,6.54,6.63,3.48,6.54,5.52,6.06,5.02,4.73,7.06,6.98,3.02,3.12,5.48,3.54,5.71,3.68,6.04,4.85,7.2,0.64,瑞士,孟加拉国,2,1,general,↑,2032-2038,6.12,5.72,6.1,6.01,7.05,6.28,5.19,5.98,5.56,6.57,6.92,5.22,2026-04-13,2026-04-13,2000-2026
医疗与健康,MED,护理,儿科护士,Pediatric Nurse,大专/本科,20-24,global,45,5.07,5.11,6.77,7.06,7.64,8.42,8.3,8.26,4.85,6.46,8.19,6.59,4.41,4.17,3.59,5.02,4.6,1.42,7.46,6.08,1.51,4.39,4.38,7.62,3.46,4.19,5.53,8.52,6.49,6.58,0.97,3.99,7.77,2.05,6.04,5.02,7.03,0.55,瑞士,孟加拉国,3,2,general,↑,2035+,6.08,5.76,5.86,6.03,6.82,6.36,5.29,6.21,5.69,6.7,6.78,5.31,2026-04-13,2026-04-13,2000-2026
文化、艺术与传媒,ART,新媒体内容,游戏直播主播,Game Streamer,无要求,16-30,global,45,3.04,3.07,7.14,5.04,7.75,7.89,6.15,4.63,5.22,5.12,2.66,8.53,7.01,3.78,6.63,6.03,5.51,4.45,6.0,4.61,8.43,9.04,4.09,7.04,9.04,5.71,4.43,7.5,2.51,1.06,4.97,8.04,5.25,3.06,6.04,5.02,6.97,0.52,荷兰,孟加拉国,5,4,general,↑↑,2032-2038,6.14,5.74,5.94,5.86,6.68,6.37,5.3,6.07,5.69,6.69,6.81,5.46,2026-04-13,2026-04-13,2000-2026
文化、艺术与传媒,ART,出版写作,书法家,Calligrapher,本科,25-40,regional,45,5.08,5.1,4.1,9.52,4.71,2.24,3.12,4.15,4.27,4.64,4.62,8.52,7.03,5.68,5.13,7.03,5.98,2.94,9.04,5.6,7.97,8.0,6.55,8.99,7.1,6.2,7.07,4.97,1.45,1.54,4.43,7.0,6.73,3.56,6.04,4.89,7.01,0.58,荷兰,孟加拉国,0,-1,general,→,2035+,6.1,5.68,6.0,5.91,6.76,6.44,5.19,6.06,5.74,6.7,6.89,5.35,2026-04-13,2026-04-13,2000-2026
医疗与健康,MED,护理,手术室护士,Operating Room Nurse,大专/本科,20-24,global,45,5.59,5.03,6.78,7.1,7.61,8.53,8.17,8.3,5.27,6.51,8.11,6.57,4.44,3.71,3.62,5.02,4.61,1.38,7.49,6.05,1.5,4.5,4.43,7.09,3.48,4.2,5.59,8.51,6.0,6.59,0.91,3.98,7.79,2.07,6.04,5.03,7.04,0.56,瑞士,巴基斯坦,3,2,general,↑,2035+,6.03,5.79,5.92,5.98,6.81,6.3,5.27,6.22,5.68,6.78,6.75,5.34,2026-04-13,2026-04-13,2000-2026
农业、资源与环境,AGR,农业科技,食品科学家,Food Scientist,本科/硕士,24-32,global,45,7.08,7.09,7.1,7.52,6.74,6.34,6.25,6.79,6.59,6.56,6.16,7.65,6.58,5.74,5.64,6.0,5.6,1.42,5.5,6.57,4.05,6.54,5.59,7.08,6.16,5.71,5.54,5.49,2.5,4.07,4.93,4.05,6.8,3.64,6.03,4.9,6.99,0.58,丹麦,孟加拉国,3,3,general,↑↑,2028-2033,5.93,5.66,6.16,6.0,6.88,6.21,5.12,6.16,5.83,6.78,6.8,5.3,2026-04-13,2026-04-13,2000-2026
医疗与健康,MED,口腔,口腔颌面外科医生,Oral & Maxillofacial Surgeon,博士/医学学位,26-32,global,45,9.59,9.58,6.22,8.09,6.69,6.09,6.7,6.78,9.0,6.68,8.17,6.58,4.92,4.16,4.12,4.6,3.56,1.4,7.97,9.04,1.03,7.47,6.39,7.1,8.45,6.24,6.1,7.51,6.48,8.59,2.91,4.99,6.21,3.05,6.03,4.97,6.86,0.49,瑞典,巴基斯坦,3,2,general,↑,2035+,6.08,5.8,6.02,6.0,6.76,6.24,5.22,6.18,5.76,6.56,6.64,5.42,2026-04-13,2026-04-13,2000-2026
技术工种与手工业,SKL,汽车维修,汽车贴膜/改色技师,Vehicle Wrap / Tinting Technician,职校/学徒,18-25,global,45,3.04,2.97,6.18,7.57,6.63,5.58,6.32,6.52,5.08,6.55,6.6,5.71,5.13,5.22,5.64,5.51,5.0,1.48,8.48,5.08,0.53,6.48,5.05,6.53,8.08,2.68,6.52,6.51,4.48,4.1,5.43,6.95,5.14,2.57,6.03,4.76,7.43,0.78,瑞士,巴基斯坦,2,2,general,↑,2035+,5.99,5.54,6.09,5.96,7.08,6.39,4.9,6.05,5.53,7.08,7.12,5.18,2026-04-13,2026-04-13,2000-2026
法律与社会服务,LAW,合规与监管,反垄断合规专员,Antitrust Compliance Specialist,法学/经济学硕士,25-32,global,45,7.04,7.08,6.05,7.5,5.55,3.51,6.15,6.71,7.39,6.49,7.12,9.51,6.54,5.04,5.04,5.58,5.54,1.42,6.03,7.04,5.98,6.54,5.58,5.97,4.52,5.73,6.46,7.0,0.52,7.05,2.54,3.03,7.05,4.58,6.03,5.1,6.96,0.55,瑞士,孟加拉国,2,2,general,↑,2028-2033,6.06,5.76,5.91,5.96,6.71,6.3,5.34,6.05,5.68,6.68,6.82,5.37,2026-04-13,2026-04-13,2000-2026
工程与制造,ENG,电气工程,信号与通信工程师,Signal & Communications Engineer,本科/硕士,22-28,global,45,6.07,6.12,6.63,7.56,6.67,5.61,6.69,6.22,6.64,6.61,7.16,7.16,5.58,5.77,5.15,6.6,5.53,1.41,6.02,6.66,4.55,6.03,5.54,6.63,4.53,4.69,6.58,5.02,3.01,3.61,4.96,4.02,6.24,3.59,6.03,4.82,7.12,0.63,瑞士,尼日利亚,2,1,general,↑,2032-2038,6.13,5.71,6.06,6.0,6.93,6.26,5.16,6.06,5.57,6.62,6.89,5.2,2026-04-13,2026-04-13,2000-2026
教育与学术,EDU,职业培训,职业认证讲师,Certification Instructor,本科+行业认证,25-35,global,45,5.56,5.52,5.06,7.1,5.67,5.16,5.56,5.27,5.59,6.08,5.74,9.55,6.04,6.64,5.6,6.05,5.53,1.92,6.03,5.62,6.17,6.04,6.02,6.62,6.05,6.25,7.11,7.52,1.52,4.59,3.89,7.06,5.23,2.51,6.03,5.02,7.2,0.57,芬兰,尼日利亚,2,1,general,↑,2032-2038,6.0,5.72,5.98,6.02,7.05,6.29,5.39,6.04,5.56,6.69,6.73,5.31,2026-04-13,2026-04-13,2000-2026
工程与制造,ENG,半导体,封装测试工程师,Packaging & Testing Engineer,硕士,23-28,global,45,6.53,6.08,6.95,7.05,6.92,5.53,7.13,8.27,7.79,7.19,6.68,7.18,5.01,4.8,5.14,6.06,5.04,0.92,6.55,6.61,2.55,6.06,4.98,7.07,3.53,4.32,5.55,4.48,2.99,2.58,5.42,3.55,7.29,6.07,6.03,4.74,7.19,0.67,瑞士,尼日利亚,4,3,general,↑↑,2032-2038,6.3,5.72,6.07,5.98,6.93,6.35,5.16,5.95,5.5,6.52,6.95,5.09,2026-04-13,2026-04-13,2000-2026
工程与制造,ENG,航空航天,航空材料工程师,Aerospace Materials Engineer,硕士,24-30,global,45,7.59,7.6,6.66,8.06,5.66,3.58,6.61,7.72,7.8,6.63,7.66,6.65,5.57,5.21,5.18,6.09,5.09,0.97,7.04,8.14,3.98,6.04,5.54,8.09,3.09,4.25,6.02,5.46,3.49,4.08,4.46,3.04,6.73,5.6,6.03,4.76,7.21,0.66,瑞士,孟加拉国,3,2,general,↑,2032-2038,6.06,5.69,6.15,6.02,6.93,6.35,5.09,6.1,5.57,6.51,6.97,5.15,2026-04-13,2026-04-13,2000-2026
金融与商业,FIN,企业管理,首席财务官(CFO),Chief Financial Officer (CFO),硕士/MBA/CPA,32-45,global,45,8.03,7.6,6.1,7.02,5.56,5.0,5.07,5.53,8.8,6.51,5.24,9.48,5.52,3.15,3.62,7.55,5.57,3.48,7.43,9.32,5.58,8.99,3.48,7.52,9.01,4.77,5.45,8.52,1.48,4.16,5.42,2.98,7.27,3.01,6.03,4.89,6.96,0.57,瑞士,孟加拉国,2,1,general,↑,2035+,6.13,5.71,5.88,6.11,6.67,6.35,5.24,6.03,5.66,6.6,6.82,5.37,2026-04-13,2026-04-13,2000-2026
农业、资源与环境,AGR,农业科技,农产品质量检测员,Agricultural Product Quality Inspector,大专/本科,22-30,global,45,4.08,4.09,7.18,7.54,6.74,5.3,6.85,6.77,5.18,6.59,6.66,7.68,6.6,5.71,5.62,6.09,5.64,1.41,4.46,6.66,2.57,6.56,5.51,7.05,6.06,5.76,5.58,5.53,3.51,4.5,5.0,3.99,6.29,3.64,6.03,4.97,7.12,0.62,荷兰,巴基斯坦,3,3,general,↑↑,2026-2030,5.89,5.66,6.06,6.02,6.88,6.29,5.07,6.19,5.76,6.89,6.87,5.28,2026-04-13,2026-04-13,2000-2026
技术工种与手工业,SKL,工业维护,锁匠,Locksmith,职校/技校,20-28,global,45,4.5,3.49,5.67,7.57,6.16,5.04,6.86,7.09,5.08,6.54,7.09,7.2,5.09,5.25,5.62,5.51,5.09,1.48,8.5,5.02,0.55,6.04,5.06,6.1,8.03,3.12,6.56,6.5,4.52,4.12,4.97,7.5,5.69,3.63,6.03,4.63,7.34,0.74,瑞士,尼日利亚,2,1,general,↑,2035+,6.09,5.65,6.2,5.91,7.02,6.39,4.93,6.1,5.52,6.9,7.05,5.07,2026-04-13,2026-04-13,2000-2026
教育与学术,EDU,在线教育,MOOC讲师,MOOC Instructor,硕士/博士,28-40,global,45,6.49,7.07,5.7,6.08,6.33,5.25,5.06,4.24,5.18,5.63,4.31,9.5,6.49,6.15,5.1,6.08,5.67,2.41,5.52,6.21,9.12,7.08,7.01,7.56,7.05,6.7,7.11,4.98,0.54,3.62,4.36,8.58,8.23,3.43,6.03,4.86,7.18,0.6,芬兰,尼日利亚,4,2,general,↑,2028-2033,6.1,5.74,6.09,6.03,7.1,6.25,5.23,6.0,5.54,6.7,6.74,5.25,2026-04-13,2026-04-13,2000-2026
工程与制造,ENG,半导体,EDA工具工程师,EDA Tools Engineer,硕士,23-28,global,45,7.56,7.08,6.92,7.12,6.96,3.95,7.14,7.76,8.13,7.18,6.64,7.14,5.12,4.71,5.1,6.1,5.04,0.9,5.57,7.67,6.54,6.03,5.06,7.12,3.56,4.26,5.59,4.52,2.54,2.61,5.45,3.58,7.24,6.13,6.03,4.66,7.21,0.66,瑞士,孟加拉国,4,3,general,↑↑,2028-2033,6.27,5.74,6.12,5.97,6.87,6.32,5.04,5.98,5.64,6.46,6.97,5.1,2026-04-13,2026-04-13,2000-2026
农业、资源与环境,AGR,环保,环境科学家,Environmental Scientist,硕士/博士,26-35,global,45,7.08,7.57,6.61,7.58,6.58,5.63,6.11,6.26,6.64,6.09,6.18,7.15,6.06,6.22,5.61,5.54,5.06,1.4,6.97,7.03,4.49,6.02,6.14,8.05,5.0,6.18,6.05,5.99,3.54,5.08,4.42,3.46,7.25,4.12,6.02,4.59,7.31,0.8,荷兰,尼日利亚,3,3,general,↑↑,2032-2038,6.06,5.53,6.0,6.0,7.22,6.26,4.85,6.18,5.54,6.92,7.09,5.1,2026-04-13,2026-04-13,2000-2026
技术工种与手工业,SKL,美发美容技术,纹身师,Tattoo Artist,职校/短期培训,18-25,global,45,4.5,2.02,5.12,7.01,6.62,4.67,5.33,5.07,5.56,6.0,5.62,7.21,5.58,5.73,5.62,4.03,3.98,2.02,8.96,4.53,0.47,7.01,5.51,8.04,8.46,6.93,6.52,8.0,5.02,4.61,3.94,7.57,5.23,1.53,6.02,4.81,7.32,0.72,瑞士,孟加拉国,2,1,general,↑,2035+,6.03,5.58,6.17,6.02,6.9,6.31,4.9,6.08,5.5,7.03,7.01,5.21,2026-04-13,2026-04-13,2000-2026
信息技术与数字化,TECH,软件开发,数据库管理员,Database Administrator,本科,22-30,global,45,5.07,5.07,5.12,7.54,5.65,6.52,5.13,5.23,5.94,6.08,6.58,9.52,6.58,5.78,5.65,5.55,5.06,1.43,4.46,5.53,7.62,6.08,6.06,5.61,5.09,5.79,6.6,4.49,1.01,1.62,3.95,6.03,7.21,3.13,6.02,4.85,7.04,0.67,美国,孟加拉国,1,-1,general,→,2028-2033,6.07,5.65,6.05,6.12,6.92,6.49,5.3,5.98,5.52,6.72,6.85,5.08,2026-04-13,2026-04-13,2000-2026
工程与制造,ENG,机械工程,设备工程师,Equipment Engineer,本科/硕士,22-28,global,45,5.51,5.58,5.62,8.1,6.13,6.59,5.66,5.8,6.6,6.14,7.6,7.62,5.62,5.71,5.11,6.57,5.65,1.38,7.02,6.7,2.51,6.0,6.06,6.59,4.58,4.79,6.55,4.98,4.0,3.08,5.44,4.06,6.73,3.05,6.02,4.92,7.11,0.64,德国,尼日利亚,2,1,general,↑,2032-2038,6.1,5.7,6.13,5.97,6.92,6.34,5.17,6.07,5.56,6.57,6.93,5.14,2026-04-13,2026-04-13,2000-2026
医疗与健康,MED,护理,透析护士,Dialysis Nurse,大专/本科,20-24,global,45,5.09,5.09,6.79,7.1,7.61,8.45,7.7,8.31,4.84,6.51,8.14,6.58,4.44,5.15,5.14,5.04,4.59,1.38,6.47,6.01,1.47,4.44,4.34,7.06,3.43,4.17,5.51,8.51,6.51,6.62,1.0,3.97,7.7,2.01,6.02,5.04,6.93,0.54,瑞士,孟加拉国,3,2,general,↑,2032-2038,5.97,5.77,5.94,6.04,6.77,6.34,5.25,6.08,5.69,6.68,6.74,5.32,2026-04-13,2026-04-13,2000-2026
文化、艺术与传媒,ART,广告公关,广告客户经理,Account Executive (Advertising),本科,22-28,global,45,4.61,5.11,5.61,7.54,6.17,6.69,5.62,5.19,5.71,5.65,5.63,8.53,7.03,4.72,6.65,7.06,6.56,1.95,4.52,5.54,6.49,6.01,5.03,5.93,6.01,5.8,6.54,8.47,2.02,1.56,5.42,6.08,6.2,4.12,6.02,4.89,6.95,0.58,荷兰,巴基斯坦,2,1,general,→,2028-2033,6.09,5.65,5.98,5.88,6.74,6.4,5.19,6.03,5.7,6.63,6.9,5.36,2026-04-13,2026-04-13,2000-2026
农业、资源与环境,AGR,农业科技,垂直农场运营经理,Vertical Farm Operations Manager,本科,24-35,global,45,6.57,6.56,8.2,7.51,6.75,3.85,7.38,6.79,6.16,6.58,6.11,7.67,6.53,5.69,5.67,6.05,5.65,1.41,5.53,6.14,2.55,6.55,5.5,7.06,7.07,5.7,5.52,5.53,4.0,3.55,4.9,3.97,6.28,3.56,6.02,5.02,7.04,0.59,荷兰,尼日利亚,3,4,general,↑↑,2028-2033,5.92,5.65,6.05,5.98,6.81,6.34,5.13,6.2,5.78,6.81,6.8,5.27,2026-04-13,2026-04-13,2000-2026
工程与制造,ENG,汽车,汽车电子工程师,Automotive Electronics Engineer,本科/硕士,22-28,global,45,6.61,6.11,7.1,7.06,6.65,6.66,7.14,7.22,7.43,6.64,6.7,7.19,5.53,5.21,5.11,6.57,5.59,1.46,6.01,6.63,3.47,5.56,5.5,6.54,4.03,4.78,6.54,5.45,3.01,3.11,5.97,3.52,6.79,4.6,6.02,4.6,7.2,0.68,瑞典,尼日利亚,3,3,general,↑↑,2032-2038,6.16,5.69,6.18,5.92,6.92,6.41,5.09,6.05,5.54,6.45,6.96,5.08,2026-04-13,2026-04-13,2000-2026
医疗与健康,MED,医疗管理,护理人员(院前急救),Paramedic,大专/本科,20-26,global,45,5.05,5.11,6.21,7.56,6.66,6.55,6.18,5.75,5.49,6.61,7.18,5.57,6.97,3.13,3.12,6.56,6.14,1.38,7.94,7.15,5.11,5.42,2.93,8.04,4.94,6.24,6.52,7.0,6.97,6.12,1.97,5.02,6.23,3.09,6.02,4.99,6.91,0.56,瑞士,巴基斯坦,3,2,general,↑,2035+,6.05,5.74,5.88,6.07,6.71,6.35,5.2,6.09,5.7,6.71,6.75,5.32,2026-04-13,2026-04-13,2000-2026
交通运输与物流,TRA,物流管理,物流自动化工程师,Logistics Automation Engineer,本科/硕士,24-32,global,45,7.11,6.57,8.17,7.01,6.79,7.35,7.2,7.17,7.41,6.11,6.12,7.68,6.04,5.25,5.67,5.58,5.02,1.4,6.56,6.68,4.01,5.52,5.07,5.12,5.59,5.26,6.02,5.97,2.46,3.06,6.42,3.46,5.74,3.55,6.02,4.65,7.14,0.71,荷兰,孟加拉国,3,4,general,↑↑,2032-2038,6.15,5.73,6.05,6.06,6.99,6.31,4.96,6.11,5.5,6.79,6.93,5.07,2026-04-13,2026-04-13,2000-2026
技术工种与手工业,SKL,传统手工艺,木工/细木工,Carpenter / Joiner,学徒/职校,18-25,global,45,4.5,3.01,3.64,8.53,5.72,5.93,6.33,6.57,5.53,5.1,5.62,5.73,5.56,6.21,6.58,4.59,3.56,2.02,8.48,5.62,1.97,7.99,6.11,8.14,7.57,4.52,7.51,5.01,7.0,2.05,4.45,7.08,4.72,2.1,6.02,4.83,7.45,0.71,瑞士,巴基斯坦,0,0,general,→,2035+,6.05,5.57,6.12,5.92,7.0,6.28,5.02,6.15,5.42,6.81,7.1,5.22,2026-04-13,2026-04-13,2000-2026
工程与制造,ENG,半导体,FPGA工程师,FPGA Engineer,硕士,23-28,global,45,7.57,7.08,7.08,7.05,7.08,5.02,7.1,7.77,7.83,7.15,6.66,7.15,5.06,4.69,5.11,6.08,5.08,0.9,6.06,7.15,5.49,6.05,5.07,7.04,3.58,4.23,5.54,4.51,2.52,2.63,5.46,3.56,7.28,6.15,6.02,4.72,7.13,0.68,德国,孟加拉国,4,3,general,↑↑,2032-2038,6.22,5.75,6.11,5.92,6.9,6.41,5.09,6.06,5.49,6.52,6.99,5.03,2026-04-13,2026-04-13,2000-2026
文化、艺术与传媒,ART,动画游戏,游戏策划,Game Designer / Game Planner,本科,20-28,global,45,5.48,5.11,6.67,7.02,6.62,6.15,6.04,5.65,6.23,5.58,5.14,8.02,6.48,3.75,6.64,6.57,5.51,2.5,7.06,5.68,6.49,6.52,4.04,7.44,5.52,5.25,6.04,6.48,2.49,1.55,6.0,5.55,6.79,5.02,6.02,4.84,6.96,0.6,荷兰,孟加拉国,3,2,general,↑,2032-2038,6.05,5.63,6.0,5.79,6.84,6.39,5.17,6.08,5.64,6.79,6.87,5.4,2026-04-13,2026-04-13,2000-2026
工程与制造,ENG,电气工程,电气设计工程师,Electrical Design Engineer,本科/硕士,22-28,global,45,6.08,5.98,6.1,7.61,6.66,6.5,6.16,6.21,6.68,6.68,7.15,7.14,5.65,5.75,5.15,6.59,5.53,1.42,6.06,6.63,4.97,6.09,5.6,6.55,4.56,4.78,6.5,4.99,3.0,3.6,5.04,4.03,6.22,3.7,6.02,4.85,7.15,0.64,瑞士,尼日利亚,2,1,general,↑,2028-2033,6.13,5.74,6.01,6.02,6.95,6.27,5.14,6.06,5.54,6.62,6.92,5.14,2026-04-13,2026-04-13,2000-2026
农业、资源与环境,AGR,新能源,生物质能工程师,Biomass Energy Engineer,本科/硕士,24-32,global,45,6.6,6.08,6.58,7.49,7.67,4.25,7.67,7.21,6.2,7.06,6.12,6.64,6.54,5.74,5.59,5.6,5.02,1.41,6.03,7.14,3.03,6.01,5.52,7.5,6.56,5.66,5.56,5.53,4.47,4.56,5.46,3.49,7.2,4.66,6.01,4.63,7.22,0.7,丹麦,孟加拉国,4,3,general,↑↑,2032-2038,6.0,5.59,5.88,6.08,7.08,6.21,5.0,6.2,5.6,6.82,6.94,5.2,2026-04-13,2026-04-13,2000-2026
文化、艺术与传媒,ART,广告公关,市场研究分析师,Market Research Analyst,本科,22-28,global,45,4.56,5.57,5.68,7.51,6.14,6.68,5.69,5.18,5.69,5.66,5.58,8.52,6.99,4.74,6.16,7.01,6.52,1.94,4.96,5.62,7.02,5.99,5.0,6.06,6.02,5.68,6.59,6.99,2.0,1.5,5.42,6.01,6.25,4.18,6.01,4.82,6.99,0.57,荷兰,巴基斯坦,2,1,general,→,2028-2033,6.07,5.66,5.93,5.86,6.64,6.32,5.14,6.07,5.66,6.74,6.89,5.42,2026-04-13,2026-04-13,2000-2026
文化、艺术与传媒,ART,设计创意,室内设计师,Interior Designer,本科,20-28,global,45,5.08,5.15,5.61,7.52,6.06,6.68,5.65,5.14,5.67,5.59,5.08,8.51,6.98,5.23,5.66,7.08,6.1,1.95,5.04,5.52,5.56,7.02,5.59,7.53,7.52,5.73,6.6,5.99,2.99,2.99,5.46,7.02,6.21,3.59,6.01,4.85,7.04,0.6,荷兰,巴基斯坦,2,1,general,→,2028-2033,6.01,5.7,6.01,5.86,6.77,6.4,5.19,6.06,5.64,6.71,6.88,5.28,2026-04-13,2026-04-13,2000-2026
工程与制造,ENG,航空航天,飞行测试工程师,Flight Test Engineer,硕士,24-30,global,45,7.53,7.6,6.69,8.06,5.63,3.66,7.11,7.76,7.76,6.64,7.66,5.17,5.55,5.27,5.12,6.07,5.07,0.91,8.07,8.12,2.03,6.1,5.48,8.1,3.0,4.26,6.09,5.51,3.98,4.12,4.45,3.07,6.78,5.61,6.01,4.72,7.05,0.65,瑞典,孟加拉国,3,2,general,↑,2035+,6.09,5.64,6.1,5.99,6.94,6.36,5.06,6.03,5.58,6.57,6.92,5.13,2026-04-13,2026-04-13,2000-2026
工程与制造,ENG,质量控制,可靠性工程师,Reliability Engineer,本科,22-28,global,45,5.6,5.58,6.1,8.06,6.11,6.65,6.16,5.25,5.79,5.58,7.65,7.62,6.07,6.23,5.69,6.52,5.62,0.9,6.56,5.62,4.49,5.57,6.04,5.65,4.08,5.29,7.02,5.96,2.98,4.07,4.49,3.46,6.26,3.17,6.01,4.82,7.14,0.65,瑞士,巴基斯坦,2,1,general,↑,2032-2038,6.1,5.69,6.07,6.03,6.93,6.28,5.1,6.04,5.52,6.65,6.92,5.16,2026-04-13,2026-04-13,2000-2026
法律与社会服务,LAW,合规与监管,贸易合规专员,Trade Compliance Specialist,本科/硕士,24-30,global,45,6.08,6.12,6.06,7.59,6.0,4.46,6.05,5.67,6.44,5.98,7.13,9.5,7.04,5.5,5.55,5.52,5.49,1.42,5.55,6.47,6.03,6.1,5.6,5.5,4.54,5.75,7.01,7.01,0.47,5.99,3.97,3.1,7.55,4.08,6.01,5.0,7.02,0.59,瑞士,巴基斯坦,2,2,general,↑,2028-2033,6.04,5.62,5.95,5.93,6.79,6.3,5.23,6.1,5.67,6.7,6.8,5.35,2026-04-13,2026-04-13,2000-2026
医疗与健康,MED,药学,药品质量管理员,Pharmaceutical QA Specialist,本科/硕士,22-26,global,45,6.05,7.08,5.8,8.07,6.13,6.67,6.34,5.75,5.91,6.58,7.64,8.59,6.45,5.64,5.57,5.58,5.1,1.39,5.44,7.13,3.47,5.88,5.91,6.58,6.48,6.1,6.56,6.5,2.03,7.62,1.94,4.47,6.25,4.02,6.0,4.81,6.96,0.63,瑞士,尼日利亚,2,1,general,↑,2028-2033,6.1,5.72,5.8,6.06,6.8,6.33,5.17,6.15,5.55,6.7,6.81,5.13,2026-04-13,2026-04-13,2000-2026
农业、资源与环境,AGR,环保,环境工程师,Environmental Engineer,本科/硕士,24-32,global,45,6.06,6.09,6.51,7.5,6.55,5.6,6.63,6.73,6.59,6.12,6.15,7.12,6.08,6.26,5.63,5.47,5.02,1.41,6.5,6.05,4.03,6.02,6.02,7.5,5.06,6.21,5.97,6.04,3.99,5.52,4.43,3.58,6.74,4.07,6.0,4.5,7.42,0.8,丹麦,孟加拉国,3,3,general,↑↑,2032-2038,6.01,5.6,5.98,5.99,7.27,6.22,4.77,6.17,5.55,6.9,7.03,5.03,2026-04-13,2026-04-13,2000-2026
文化、艺术与传媒,ART,动画游戏,游戏叙事设计师,Narrative Designer,本科,20-28,global,45,5.57,5.05,6.58,7.02,6.69,6.23,6.01,5.64,5.7,5.66,5.14,8.04,6.51,3.75,6.65,6.52,5.53,2.5,7.01,5.58,7.53,6.06,4.04,8.09,5.6,5.23,6.02,5.49,2.5,1.49,5.96,5.5,6.74,5.02,6.0,4.87,7.01,0.58,荷兰,孟加拉国,3,2,general,↑,2032-2038,6.04,5.63,5.91,5.88,6.68,6.31,5.17,6.14,5.69,6.62,6.91,5.36,2026-04-13,2026-04-13,2000-2026
交通运输与物流,TRA,物流管理,物流经理,Logistics Manager,本科,28-38,global,45,4.61,4.06,6.71,7.02,6.8,7.37,5.69,5.22,7.13,6.12,6.18,7.72,6.04,5.24,5.66,5.57,6.04,1.41,5.51,6.69,4.54,7.03,5.04,5.04,5.6,5.21,6.08,7.52,4.51,3.03,6.47,3.42,5.78,3.56,6.0,4.61,7.2,0.72,荷兰,孟加拉国,3,2,general,↑,2028-2033,6.14,5.67,5.97,6.02,6.93,6.32,4.91,6.07,5.52,6.81,6.95,5.07,2026-04-13,2026-04-13,2000-2026
农业、资源与环境,AGR,新能源,风电场运维技术员,Wind Turbine Technician,技校/培训,20-30,global,45,4.01,3.55,7.58,7.58,7.64,6.29,7.12,7.26,5.16,7.05,6.12,4.63,6.52,5.75,5.64,5.56,5.05,1.42,6.99,5.03,0.55,6.0,5.47,7.5,6.53,5.76,5.5,5.47,8.01,4.62,5.49,3.51,7.26,4.52,6.0,4.63,7.32,0.7,丹麦,尼日利亚,4,4,general,↑↑,2032-2038,5.94,5.58,5.78,6.13,7.13,6.27,5.06,6.2,5.59,6.86,6.87,5.14,2026-04-13,2026-04-13,2000-2026
金融与商业,FIN,加密货币与去中心化金融,代币经济学设计师,Tokenomics Designer,本科/自学,22-30,global,45,7.1,6.53,7.6,4.51,7.22,2.63,7.5,7.04,7.55,6.52,2.69,9.03,5.97,4.19,4.16,6.53,5.52,3.98,5.92,5.45,8.98,7.46,4.96,6.54,9.0,5.23,6.5,5.48,0.5,1.6,8.94,6.94,8.25,2.08,6.0,4.63,7.07,0.64,瑞士,孟加拉国,4,2,general,↑,2028-2033,6.16,5.69,5.77,6.1,6.74,6.35,5.08,5.95,5.54,6.64,6.86,5.3,2026-04-13,2026-04-13,2000-2026
工程与制造,ENG,半导体,芯片验证工程师,Chip Verification Engineer,硕士,23-28,global,45,7.66,7.09,6.97,7.06,6.95,5.0,7.08,7.79,7.88,7.13,6.66,7.15,5.08,4.72,5.08,6.08,5.0,0.91,5.55,7.62,5.52,6.05,5.04,7.12,3.51,4.24,5.58,4.51,2.49,2.59,5.49,3.53,7.28,6.1,6.0,4.67,7.19,0.67,德国,孟加拉国,4,3,general,↑↑,2028-2033,6.19,5.72,6.06,6.0,6.91,6.32,5.03,5.96,5.48,6.48,6.91,5.06,2026-04-13,2026-04-13,2000-2026
金融与商业,FIN,证券投资,风险投资人,Venture Capitalist,硕士/MBA,28-35,global,45,7.01,7.09,7.08,6.57,6.08,3.57,4.96,6.47,8.08,7.0,5.23,9.03,5.49,3.15,3.64,6.48,5.48,2.5,7.44,8.41,6.6,6.49,3.93,7.97,9.46,4.68,4.95,6.98,0.4,5.57,7.44,4.5,7.76,4.04,6.0,4.58,7.03,0.67,瑞士,孟加拉国,3,1,general,↑,2032-2038,6.25,5.69,5.84,6.18,6.62,6.31,5.07,5.93,5.48,6.67,6.92,5.21,2026-04-13,2026-04-13,2000-2026
文化、艺术与传媒,ART,动画游戏,游戏程序员,Game Programmer,本科,20-28,global,45,6.15,5.58,7.05,7.04,6.69,6.24,7.11,5.68,7.08,5.62,5.18,8.05,6.54,3.76,6.62,6.58,5.51,2.48,5.97,5.53,6.5,6.07,4.12,7.54,5.64,5.24,5.96,5.47,2.47,1.5,5.92,5.6,6.78,5.1,6.0,4.83,7.01,0.6,荷兰,巴基斯坦,3,3,general,↑,2032-2038,6.05,5.65,5.97,5.9,6.82,6.34,5.09,6.12,5.64,6.64,6.85,5.27,2026-04-13,2026-04-13,2000-2026
工程与制造,ENG,制造管理,设备维护经理,Maintenance Manager,本科,28-38,global,45,5.59,5.5,5.64,8.09,6.69,7.16,5.66,5.27,6.65,6.66,7.67,6.15,5.58,5.22,5.12,7.05,5.99,1.42,7.06,6.68,2.03,6.5,5.58,6.02,5.08,4.77,6.97,6.96,4.02,3.09,5.44,3.58,5.72,3.64,6.0,4.73,7.08,0.64,瑞士,尼日利亚,2,1,general,↑,2032-2038,6.07,5.69,6.1,6.02,6.84,6.24,5.06,6.03,5.54,6.6,6.9,5.18,2026-04-13,2026-04-13,2000-2026
教育与学术,EDU,特殊教育与辅助,手语教师/翻译,Sign Language Teacher/Interpreter,大专/本科(手语),22-30,global,45,5.52,5.01,4.06,7.63,4.67,3.19,6.06,6.72,4.14,5.07,6.81,9.05,5.52,6.63,5.55,4.1,4.08,0.9,7.53,5.72,4.59,6.06,6.05,8.09,4.59,7.59,7.09,8.5,2.96,5.58,1.32,6.51,4.78,2.03,6.0,5.07,7.09,0.54,芬兰,孟加拉国,1,0,general,→,2035+,6.05,5.78,6.01,5.98,6.96,6.2,5.27,5.95,5.57,6.6,6.64,5.31,2026-04-13,2026-04-13,2000-2026
工程与制造,ENG,制造管理,工业工程师,Industrial Engineer,本科,22-30,global,45,5.58,5.59,5.58,8.1,7.09,7.61,6.16,5.29,6.62,6.61,7.13,7.14,5.58,5.26,5.15,7.13,6.09,1.4,5.04,6.57,4.04,6.53,5.56,6.09,5.02,4.75,7.07,6.97,2.99,3.15,5.49,3.55,5.75,3.55,6.0,4.8,7.17,0.64,瑞典,尼日利亚,2,1,general,↑,2028-2033,6.09,5.7,6.08,5.97,6.98,6.23,5.13,5.97,5.49,6.54,6.87,5.2,2026-04-13,2026-04-13,2000-2026
教育与学术,EDU,早期教育,蒙特梭利教师,Montessori Teacher,蒙氏认证+大专以上,22-28,global,45,5.53,5.05,5.05,7.6,5.14,4.14,5.67,5.72,4.66,5.07,6.37,8.54,5.04,6.61,5.07,5.03,4.52,1.39,9.03,5.7,1.66,6.53,6.05,8.05,6.07,8.32,6.59,8.53,5.5,5.11,2.94,4.54,6.26,1.92,6.0,5.06,6.96,0.54,芬兰,巴基斯坦,2,1,general,↑,2035+,6.05,5.7,6.04,5.95,6.88,6.2,5.33,5.97,5.6,6.65,6.71,5.33,2026-04-13,2026-04-13,2000-2026
技术工种与手工业,SKL,汽车维修,柴油机技师,Diesel Mechanic,职校/学徒,18-25,global,45,4.02,3.04,5.64,7.48,6.64,7.51,7.39,7.54,6.07,6.55,6.62,5.2,5.07,5.19,5.64,5.46,5.06,1.53,6.97,5.05,0.56,6.55,4.99,6.6,7.54,2.58,6.54,6.48,7.0,4.12,5.44,7.02,5.19,2.51,6.0,4.72,7.36,0.75,瑞士,孟加拉国,2,0,general,→,2032-2038,5.98,5.64,6.14,5.95,6.99,6.29,4.84,6.06,5.45,7.04,7.01,5.14,2026-04-13,2026-04-13,2000-2026
工程与制造,ENG,制造管理,精益生产工程师,Lean Manufacturing Engineer,本科,22-30,global,45,5.62,5.55,6.15,8.06,6.65,7.07,6.14,5.19,6.6,6.68,7.16,7.16,5.56,5.22,5.09,7.15,6.12,1.41,5.54,6.68,3.05,6.6,5.56,6.08,5.03,4.75,7.05,6.98,3.04,3.08,5.48,3.53,5.78,3.59,6.0,4.82,7.17,0.65,德国,尼日利亚,2,2,general,↑,2028-2033,6.08,5.64,6.08,5.96,7.0,6.23,5.06,6.04,5.52,6.63,6.91,5.19,2026-04-13,2026-04-13,2000-2026
技术工种与手工业,SKL,汽车维修,汽车改装技师,Automotive Customization Technician,职校/学徒,18-25,global,45,4.01,3.02,5.68,7.52,6.65,5.07,6.34,6.59,6.02,6.53,6.6,5.7,5.05,5.23,5.6,5.52,5.0,1.57,8.04,5.06,0.62,6.53,5.06,7.58,8.08,2.73,6.56,6.98,6.52,4.12,5.49,7.07,5.11,2.6,6.0,4.84,7.26,0.76,瑞士,巴基斯坦,2,1,general,↑,2035+,5.99,5.58,6.07,5.94,7.0,6.36,4.93,6.03,5.42,7.12,7.05,5.16,2026-04-13,2026-04-13,2000-2026
金融与商业,FIN,保险,再保险专员,Reinsurance Specialist,本科,22-28,global,45,5.56,5.58,5.59,8.06,6.08,3.71,6.04,4.95,6.75,6.02,7.68,9.53,6.98,6.12,5.59,5.46,4.99,2.0,5.38,5.47,5.61,5.44,5.97,5.44,6.46,5.64,6.43,6.99,1.01,5.12,3.98,4.49,7.77,4.46,6.0,4.58,7.21,0.72,瑞士,孟加拉国,2,1,general,↑,2028-2033,6.27,5.6,5.76,6.14,6.7,6.39,5.0,5.92,5.5,6.72,6.96,5.19,2026-04-13,2026-04-13,2000-2026
医疗与健康,MED,护理,助产士,Midwife,大专/本科,20-24,global,45,5.05,5.12,6.73,7.1,7.64,8.42,7.69,8.27,4.78,6.46,8.12,6.05,4.49,4.19,3.61,5.03,4.58,1.43,7.47,6.02,1.48,4.4,4.38,8.55,3.4,3.33,5.57,8.48,5.97,6.6,0.96,3.98,7.26,1.95,6.0,4.92,6.94,0.54,瑞士,巴基斯坦,3,2,general,↑,2035+,6.0,5.73,5.9,6.02,6.68,6.33,5.19,6.21,5.62,6.62,6.7,5.33,2026-04-13,2026-04-13,2000-2026
农业、资源与环境,AGR,农业科技,土壤科学家,Soil Scientist,硕士/博士,26-35,global,45,7.52,7.56,7.19,7.57,6.79,5.38,6.35,6.74,6.21,6.65,6.09,7.66,6.53,5.74,5.62,6.02,5.7,1.39,6.5,6.57,2.99,6.5,5.48,7.08,6.15,5.78,5.55,5.52,4.5,3.53,4.98,4.02,6.74,3.56,5.99,4.95,7.1,0.61,荷兰,孟加拉国,3,3,general,↑↑,2032-2038,5.86,5.62,6.01,5.96,6.82,6.34,5.05,6.13,5.8,6.88,6.78,5.22,2026-04-13,2026-04-13,2000-2026
金融与商业,FIN,企业管理,首席人力资源官(CHRO),Chief Human Resources Officer (CHRO),硕士/MBA,35-45,global,45,8.04,7.54,6.06,7.03,5.56,5.0,4.54,5.53,8.01,6.54,5.19,9.48,5.49,3.19,3.6,7.59,5.47,3.49,7.45,8.03,5.58,8.99,3.42,7.48,9.07,6.15,5.47,8.54,1.48,2.1,5.48,2.92,7.21,3.08,5.99,4.66,6.95,0.6,瑞士,孟加拉国,2,1,general,↑,2035+,6.15,5.68,5.87,6.1,6.63,6.28,5.1,5.97,5.57,6.59,6.82,5.3,2026-04-13,2026-04-13,2000-2026
农业、资源与环境,AGR,环保,环境影响评价师,Environmental Impact Assessor,本科/硕士+资格证,26-35,global,45,6.05,6.08,6.54,7.55,6.57,5.66,6.14,6.26,6.59,6.09,6.12,7.14,6.01,6.23,5.61,5.54,5.01,1.43,6.03,6.06,5.11,5.99,6.01,7.52,6.01,6.26,6.02,6.94,3.97,6.54,4.48,3.49,6.8,4.08,5.99,4.66,7.31,0.78,瑞典,孟加拉国,3,3,general,↑↑,2032-2038,6.03,5.54,5.97,5.94,7.2,6.17,4.85,6.17,5.54,6.9,7.03,5.02,2026-04-13,2026-04-13,2000-2026
技术工种与手工业,SKL,汽车维修,汽车维修技师,Automotive Mechanic / Technician,职校/学徒,18-25,global,45,3.99,2.97,5.6,7.52,6.65,7.62,6.85,7.04,5.57,6.58,6.64,5.71,5.01,5.23,5.58,5.59,5.03,1.51,7.03,5.08,0.54,6.52,5.05,6.58,8.04,2.68,6.58,6.52,6.52,4.04,5.44,7.5,5.19,2.62,5.99,4.62,7.27,0.76,瑞士,孟加拉国,2,1,general,↑,2032-2038,5.97,5.58,6.18,6.0,6.94,6.3,4.8,6.04,5.43,7.08,7.03,5.1,2026-04-13,2026-04-13,2000-2026
农业、资源与环境,AGR,环保,水资源管理师,Water Resources Manager,本科/硕士,24-32,global,45,6.04,6.1,6.58,7.5,6.59,5.61,6.55,6.79,6.64,6.05,6.12,7.16,6.1,6.21,5.65,5.52,5.1,1.4,6.53,6.01,3.5,6.0,6.05,7.46,5.01,6.23,6.09,6.54,3.51,5.52,4.48,3.52,6.22,4.1,5.99,4.67,7.28,0.8,荷兰,巴基斯坦,3,3,general,↑↑,2032-2038,6.03,5.53,6.0,6.02,7.18,6.32,4.81,6.17,5.42,6.94,6.99,5.07,2026-04-13,2026-04-13,2000-2026
农业、资源与环境,AGR,农业科技,农业气象学家,Agricultural Meteorologist,本科/硕士,24-32,global,45,7.58,7.52,7.11,7.54,6.73,3.84,5.77,6.7,6.2,6.65,6.17,7.65,6.52,5.7,5.64,6.06,5.5,1.42,6.06,6.58,5.05,6.58,5.54,7.07,6.17,5.68,5.5,5.51,2.02,3.52,5.0,4.07,6.74,3.6,5.99,4.91,7.12,0.62,荷兰,尼日利亚,3,3,general,↑↑,2032-2038,5.83,5.6,6.07,5.94,6.79,6.3,5.07,6.17,5.79,6.86,6.81,5.17,2026-04-13,2026-04-13,2000-2026
金融与商业,FIN,证券投资,财富管理顾问,Wealth Management Advisor,本科/硕士,22-28,global,45,7.1,7.09,7.1,6.5,7.54,6.43,6.45,6.5,7.25,7.01,5.2,9.0,5.48,3.67,3.63,6.48,5.52,2.52,6.46,7.49,6.53,6.46,3.94,6.45,7.48,4.65,5.04,8.5,0.48,5.58,7.46,4.43,7.77,4.02,5.99,4.56,7.07,0.7,英国,孟加拉国,3,2,general,↑,2032-2038,6.2,5.6,5.74,6.19,6.67,6.39,5.03,5.9,5.48,6.62,6.95,5.24,2026-04-13,2026-04-13,2000-2026
文化、艺术与传媒,ART,设计创意,平面设计师,Graphic Designer,本科,20-28,global,45,5.07,5.06,5.65,7.56,6.08,6.21,5.12,5.14,4.75,5.65,5.18,8.52,7.02,5.24,5.63,7.07,5.97,1.94,4.02,5.57,8.09,7.0,5.6,7.54,7.04,5.77,6.49,6.04,2.51,1.55,5.42,7.08,6.26,3.62,5.99,4.73,6.93,0.57,澳大利亚,孟加拉国,2,1,general,→,2026-2030,6.04,5.66,6.01,5.79,6.71,6.3,5.07,6.08,5.69,6.67,6.81,5.4,2026-04-13,2026-04-13,2000-2026
教育与学术,EDU,教育管理,教育政策研究员,Education Policy Researcher,博士,28-35,global,45,7.54,8.13,4.56,8.18,4.65,3.15,4.53,5.28,5.7,5.17,7.35,9.54,6.49,5.67,5.12,6.56,5.55,1.42,6.5,7.15,6.66,7.54,6.59,7.56,3.54,6.23,7.18,7.01,0.51,6.6,1.85,6.1,7.27,3.53,5.99,4.86,7.1,0.57,芬兰,尼日利亚,1,1,general,↑,2032-2038,6.03,5.72,6.04,6.0,7.03,6.2,5.25,5.95,5.53,6.64,6.64,5.22,2026-04-13,2026-04-13,2000-2026
医疗与健康,MED,临床医学,风湿免疫科医生,Rheumatologist,博士/医学学位,28-35,global,45,9.08,9.12,6.72,8.58,7.11,5.62,7.21,7.27,7.04,5.74,8.15,7.07,4.94,5.64,5.63,5.56,4.11,1.9,6.96,8.63,1.98,6.49,3.9,8.09,5.92,5.25,6.58,8.06,4.99,9.08,1.41,3.95,6.79,3.02,5.99,4.93,6.8,0.54,荷兰,孟加拉国,3,2,general,↑,2032-2038,6.08,5.71,5.85,5.98,6.7,6.32,5.2,6.15,5.66,6.64,6.67,5.24,2026-04-13,2026-04-13,2000-2026
文化、艺术与传媒,ART,出版写作,技术文档写作,Technical Writer,本科,22-35,global,45,5.1,5.08,5.14,8.03,4.65,4.69,5.08,4.13,5.7,4.63,6.16,8.55,7.0,5.71,5.13,7.07,6.02,2.89,4.04,5.55,8.45,8.09,6.52,7.51,7.06,6.21,7.0,5.08,1.49,1.5,4.36,7.07,6.78,3.56,5.98,4.83,6.91,0.57,荷兰,孟加拉国,0,-1,general,→,2026-2030,6.03,5.62,5.97,5.84,6.63,6.41,5.16,6.1,5.61,6.61,6.8,5.29,2026-04-13,2026-04-13,2000-2026
农业、资源与环境,AGR,新能源,地热工程师,Geothermal Engineer,本科/硕士,24-32,global,45,6.54,6.11,6.64,7.58,7.61,3.73,6.66,7.29,6.7,7.07,6.14,6.64,6.52,5.73,5.62,5.46,5.04,1.41,6.02,7.06,3.01,6.06,5.54,7.56,6.52,5.67,5.49,5.48,5.02,4.62,5.48,3.51,7.24,4.55,5.98,4.65,7.17,0.68,瑞典,尼日利亚,4,3,general,↑↑,2032-2038,5.92,5.58,5.8,6.12,7.1,6.15,5.06,6.12,5.63,6.78,6.9,5.12,2026-04-13,2026-04-13,2000-2026
农业、资源与环境,AGR,农业科技,植物保护员/植检员,Plant Protection / Phytosanitary Inspector,大专/本科,22-30,global,45,4.54,4.56,7.17,7.51,6.73,5.41,6.78,6.75,5.14,6.58,6.65,7.18,6.62,5.79,5.61,6.1,5.62,1.4,6.03,5.1,2.01,6.58,5.48,7.05,6.07,5.78,5.59,5.49,4.48,5.59,4.95,4.02,6.2,3.58,5.98,4.86,7.12,0.61,荷兰,尼日利亚,3,3,general,↑↑,2028-2033,5.81,5.65,6.03,5.96,6.82,6.27,5.09,6.08,5.76,6.76,6.8,5.22,2026-04-13,2026-04-13,2000-2026
工程与制造,ENG,电气工程,电磁兼容工程师,EMC Engineer,本科/硕士,22-28,global,45,7.1,7.08,6.09,7.54,6.67,4.1,6.67,6.22,6.57,6.65,7.2,7.14,5.59,5.72,5.1,6.55,5.59,1.43,7.01,7.17,4.52,6.06,5.51,6.54,4.54,4.79,6.54,4.99,3.02,3.6,4.92,4.09,6.2,3.67,5.98,4.79,7.1,0.64,瑞士,孟加拉国,2,1,general,↑,2032-2038,6.11,5.69,6.0,5.94,6.86,6.31,5.06,6.0,5.47,6.55,6.89,5.13,2026-04-13,2026-04-13,2000-2026
法律与社会服务,LAW,律师各专业,并购律师,M&A Lawyer,法学博士/硕士+MBA,26-32,global,45,8.57,8.58,7.51,7.57,6.52,4.0,7.02,7.21,8.89,7.16,6.62,9.38,5.52,2.56,3.01,7.01,7.03,1.44,6.02,8.92,5.03,6.07,3.09,6.53,7.05,5.27,5.54,7.97,0.54,9.56,5.98,2.06,8.07,5.03,5.98,4.81,6.9,0.62,英国,孟加拉国,3,2,general,↑,2032-2038,6.04,5.67,5.85,5.91,6.8,6.22,5.19,6.06,5.55,6.76,6.8,5.3,2026-04-13,2026-04-13,2000-2026
金融与商业,FIN,企业管理,首席营销官(CMO),Chief Marketing Officer (CMO),硕士/MBA,32-45,global,45,8.06,7.53,6.16,6.98,5.53,5.04,4.42,5.5,8.35,6.58,5.23,9.51,5.49,3.16,3.59,7.51,5.49,3.52,7.44,8.83,5.53,8.98,3.49,7.48,9.0,4.67,5.43,8.52,1.43,2.14,6.0,2.91,7.2,3.08,5.98,4.62,6.93,0.6,瑞士,孟加拉国,2,1,general,↑,2032-2038,6.11,5.68,5.89,6.06,6.71,6.33,5.02,5.86,5.6,6.57,6.77,5.36,2026-04-13,2026-04-13,2000-2026
文化、艺术与传媒,ART,设计创意,展览设计师,Exhibition Designer,本科,20-28,global,45,5.12,5.08,5.63,7.6,6.13,5.22,5.64,5.17,5.66,5.62,5.17,8.56,6.99,5.22,5.63,7.07,6.02,1.89,5.0,5.53,4.54,7.07,5.61,7.6,7.16,5.79,6.59,5.96,3.53,1.5,5.47,7.04,6.27,3.68,5.98,4.81,6.91,0.59,瑞士,孟加拉国,2,1,general,→,2028-2033,6.01,5.68,5.97,5.76,6.78,6.37,5.11,6.06,5.61,6.65,6.84,5.32,2026-04-13,2026-04-13,2000-2026
教育与学术,EDU,早期教育,幼儿园教师,Kindergarten Teacher,大专/本科(学前教育),20-26,global,45,4.07,4.58,4.05,7.61,6.67,8.22,5.56,6.28,3.73,4.61,7.74,8.56,5.02,6.68,4.65,4.56,4.62,1.45,9.0,5.16,1.69,5.06,6.5,7.56,4.54,8.8,6.09,8.98,6.01,5.6,1.9,4.02,4.21,2.04,5.98,5.04,6.96,0.53,芬兰,巴基斯坦,1,1,general,↑,2035+,6.01,5.72,5.96,6.01,6.89,6.22,5.29,5.85,5.54,6.64,6.63,5.33,2026-04-13,2026-04-13,2000-2026
医疗与健康,MED,临床医学,心血管科医生,Cardiologist,博士/医学学位,28-35,global,45,9.57,9.1,6.74,8.55,7.14,7.04,7.75,7.79,8.19,5.71,8.17,7.09,4.92,3.7,3.6,5.55,4.05,1.92,6.94,9.03,1.96,6.4,3.91,8.02,5.95,5.19,6.5,8.02,4.98,9.1,1.5,4.03,6.74,2.95,5.98,4.89,6.74,0.53,瑞士,巴基斯坦,3,3,general,↑↑,2032-2038,6.06,5.67,5.95,6.06,6.65,6.27,5.14,6.18,5.68,6.52,6.63,5.28,2026-04-13,2026-04-13,2000-2026
工程与制造,ENG,制造管理,制造工程师,Manufacturing Engineer,本科,22-30,global,45,5.6,5.54,5.67,8.02,6.64,7.08,5.66,5.27,6.69,6.61,7.16,7.18,5.6,5.29,5.11,7.08,6.11,1.4,6.04,6.62,3.02,6.55,5.53,6.07,5.04,4.67,7.05,7.01,3.48,3.07,5.45,3.46,5.73,3.56,5.98,4.76,7.12,0.64,德国,尼日利亚,2,1,general,↑,2032-2038,6.09,5.71,5.96,5.95,6.92,6.26,5.06,5.97,5.58,6.54,6.91,5.09,2026-04-13,2026-04-13,2000-2026
金融与商业,FIN,企业管理,首席运营官(COO),Chief Operating Officer (COO),硕士/MBA,33-45,global,45,8.08,7.56,6.12,7.03,5.52,5.0,3.46,5.45,8.83,6.54,5.2,9.5,5.45,2.69,3.67,7.56,5.46,3.49,7.46,8.8,5.59,8.96,3.46,7.56,9.01,4.71,5.55,8.52,1.58,2.14,5.42,3.0,7.25,3.01,5.97,4.68,7.01,0.6,瑞士,孟加拉国,2,1,general,↑,2032-2038,6.08,5.64,5.88,6.06,6.61,6.25,5.14,5.91,5.61,6.56,6.8,5.31,2026-04-13,2026-04-13,2000-2026
文化、艺术与传媒,ART,新媒体内容,声优/配音演员,Voice Actor (Seiyuu),无要求,16-30,regional,45,6.05,3.05,7.15,5.02,7.75,5.86,6.13,4.62,4.78,5.11,2.61,8.54,6.96,3.75,6.55,6.07,5.58,4.51,7.52,4.57,7.57,9.06,4.05,8.03,9.0,5.74,4.5,7.51,2.48,1.05,4.98,7.98,5.24,3.0,5.97,4.85,6.81,0.53,澳大利亚,巴基斯坦,5,4,general,↑↑,2035+,6.08,5.7,5.92,5.84,6.62,6.32,5.17,6.0,5.6,6.6,6.73,5.35,2026-04-13,2026-04-13,2000-2026
金融与商业,FIN,加密货币与去中心化金融,量化加密交易员,Quantitative Crypto Trader,硕士/博士,22-30,global,45,8.09,7.62,7.56,4.55,7.21,4.12,7.53,7.06,8.88,6.54,2.8,8.99,5.93,3.14,3.05,6.54,5.49,3.99,5.93,5.44,8.97,7.48,4.88,6.45,9.01,5.19,6.4,5.48,0.45,1.62,8.9,6.95,8.24,1.91,5.97,4.76,7.04,0.6,瑞士,孟加拉国,4,2,general,↑,2032-2038,6.06,5.7,5.79,6.08,6.67,6.29,5.14,5.95,5.56,6.54,6.79,5.26,2026-04-13,2026-04-13,2000-2026
医疗与健康,MED,护理,ICU护士,ICU Nurse,大专/本科,20-24,global,45,6.09,5.09,6.73,7.07,7.61,8.48,8.6,9.15,5.72,6.5,8.22,6.05,4.45,3.24,2.57,5.04,4.53,1.41,7.5,6.04,1.5,4.41,2.94,7.05,3.44,4.23,5.53,8.5,6.51,6.62,0.97,4.01,7.69,2.07,5.97,4.96,6.83,0.53,瑞士,孟加拉国,3,3,general,↑↑,2035+,5.97,5.71,5.87,5.94,6.7,6.29,5.19,6.13,5.59,6.66,6.67,5.31,2026-04-13,2026-04-13,2000-2026
金融与商业,FIN,银行,银行分行行长,Bank Branch Manager,本科/硕士,30-40,global,45,6.05,5.52,5.62,7.54,6.59,8.0,5.5,5.02,6.91,6.04,7.21,9.0,6.48,5.61,5.15,5.99,5.49,1.49,4.95,7.0,5.07,6.95,5.47,5.44,4.5,5.71,6.01,6.95,1.02,4.1,4.99,3.45,6.25,4.55,5.97,4.65,7.1,0.65,瑞士,孟加拉国,0,-1,general,→,2028-2033,6.14,5.58,5.83,6.13,6.61,6.3,5.07,5.91,5.5,6.62,6.87,5.26,2026-04-13,2026-04-13,2000-2026
文化、艺术与传媒,ART,动画游戏,技术美术(TA),Technical Artist,本科,20-28,global,45,6.54,5.02,7.15,7.1,6.65,6.16,7.09,5.62,6.66,5.65,5.12,8.02,6.5,3.77,6.64,6.52,5.5,2.44,6.01,5.5,6.49,6.02,4.02,7.51,5.54,5.22,6.04,5.48,2.52,1.51,5.95,5.53,6.71,5.06,5.97,4.74,6.9,0.58,荷兰,巴基斯坦,3,3,general,↑,2032-2038,6.01,5.63,5.92,5.87,6.67,6.31,5.1,6.12,5.64,6.62,6.81,5.33,2026-04-13,2026-04-13,2000-2026
工程与制造,ENG,通信工程,卫星通信工程师,Satellite Communications Engineer,本科/硕士,22-28,global,45,7.61,7.59,6.15,7.59,6.54,4.17,7.17,6.19,6.61,6.63,7.16,7.65,5.58,5.19,5.2,6.04,5.59,1.42,7.07,7.63,4.51,6.01,5.53,6.02,4.54,4.75,6.56,5.48,3.51,3.61,4.93,4.05,6.72,4.04,5.97,4.73,7.12,0.65,瑞士,巴基斯坦,3,3,general,↑↑,2032-2038,6.09,5.66,6.05,5.96,6.89,6.22,5.05,5.96,5.44,6.54,6.91,5.1,2026-04-13,2026-04-13,2000-2026
工程与制造,ENG,机械工程,机械设计工程师,Mechanical Design Engineer,本科/硕士,22-28,global,45,6.02,6.11,5.58,7.54,6.18,6.59,5.69,5.72,6.64,6.15,7.23,7.63,5.58,5.72,5.15,6.62,5.52,1.43,6.52,6.66,3.99,6.01,6.04,6.5,4.5,4.78,6.59,4.99,3.5,3.08,5.47,4.04,6.78,3.14,5.97,4.77,7.11,0.66,瑞士,孟加拉国,2,1,general,↑,2032-2038,6.11,5.62,6.04,6.0,6.89,6.16,5.12,5.99,5.42,6.66,6.88,5.11,2026-04-13,2026-04-13,2000-2026
农业、资源与环境,AGR,农业科技,昆虫学家,Entomologist,硕士/博士,26-35,global,45,8.06,8.06,7.15,7.56,6.7,3.33,5.71,6.83,6.13,6.58,6.14,7.63,6.58,5.74,5.61,6.06,5.64,1.42,7.02,6.65,2.99,6.55,5.56,8.05,6.09,5.75,5.48,5.56,4.0,3.51,5.01,4.1,7.25,3.52,5.97,4.81,7.14,0.62,荷兰,尼日利亚,3,3,general,↑↑,2032-2038,5.79,5.62,5.99,5.99,6.81,6.31,5.09,6.09,5.71,6.82,6.81,5.18,2026-04-13,2026-04-13,2000-2026
医疗与健康,MED,临床医学,神经内科医生,Neurologist,博士/医学学位,28-35,global,45,9.59,9.04,6.77,8.52,7.19,7.15,7.64,7.84,7.41,5.67,8.15,7.06,4.99,3.67,3.6,5.58,4.12,1.87,7.49,8.65,1.93,6.43,3.9,8.07,6.01,5.21,6.57,7.98,5.06,9.13,1.36,3.95,6.78,3.06,5.97,4.88,6.89,0.54,荷兰,巴基斯坦,3,3,general,↑↑,2035+,6.03,5.73,5.89,6.01,6.68,6.22,5.15,6.05,5.68,6.57,6.67,5.26,2026-04-13,2026-04-13,2000-2026
文化、艺术与传媒,ART,新媒体内容,博客作者,Blogger / Online Writer,无要求,16-30,global,45,3.09,3.09,7.19,7.11,7.73,7.8,6.26,4.63,3.81,5.14,2.66,8.55,7.02,3.74,6.62,6.02,5.54,4.4,4.52,4.58,9.36,9.02,4.0,7.09,9.11,5.75,4.52,7.48,2.5,1.01,4.95,7.95,5.24,3.1,5.97,4.99,6.91,0.54,澳大利亚,巴基斯坦,5,4,general,↑↑,2028-2033,6.04,5.69,5.96,5.84,6.61,6.36,5.27,5.99,5.56,6.64,6.72,5.34,2026-04-13,2026-04-13,2000-2026
教育与学术,EDU,高等教育,大学讲师,University Lecturer,硕士/博士,27-35,global,45,7.52,7.5,4.59,8.1,5.67,5.62,4.69,4.72,5.56,5.01,6.82,9.5,6.0,5.71,4.63,6.52,5.01,1.88,7.0,7.17,5.67,7.1,6.08,7.56,4.6,5.82,7.68,7.49,1.5,7.11,2.4,6.55,7.23,3.06,5.96,4.71,7.22,0.69,芬兰,尼日利亚,1,-1,general,→,2032-2038,6.08,5.56,5.9,5.95,7.12,6.26,5.11,5.93,5.45,6.72,6.79,5.05,2026-04-13,2026-04-13,2000-2026
法律与社会服务,LAW,NGO与人道主义,筹款经理,Fundraising Manager,本科,22-28,global,45,4.6,4.55,5.11,7.08,5.11,5.18,5.08,4.62,5.19,5.08,5.15,9.05,6.53,5.07,4.57,6.54,6.56,1.94,6.03,6.01,5.5,6.56,4.97,7.06,6.51,7.11,7.02,9.0,1.01,2.51,4.92,4.04,6.62,2.02,5.96,4.99,7.04,0.61,芬兰,巴基斯坦,2,1,general,→,2032-2038,5.82,5.53,5.89,5.68,7.02,6.15,5.28,6.1,5.72,6.75,6.8,5.41,2026-04-13,2026-04-13,2000-2026
法律与社会服务,LAW,律师各专业,移民律师,Immigration Lawyer,法学博士/硕士,25-30,global,45,7.1,7.06,6.55,7.56,6.56,5.04,6.04,5.68,6.47,6.1,6.66,8.57,6.09,4.55,4.55,5.5,4.92,2.42,6.46,7.02,5.55,7.08,5.11,7.09,7.08,6.29,6.47,8.01,0.48,8.59,3.96,3.91,7.55,3.52,5.96,4.82,7.09,0.66,瑞士,孟加拉国,3,2,general,↑,2032-2038,6.08,5.57,5.79,5.89,6.76,6.3,5.18,5.97,5.54,6.78,6.88,5.19,2026-04-13,2026-04-13,2000-2026
文化、艺术与传媒,ART,动画游戏,3D动画师,3D Animator,本科,20-28,global,45,5.54,5.08,7.06,7.02,6.67,6.17,6.66,5.69,6.67,5.67,5.15,8.01,6.54,3.7,6.67,6.53,5.52,2.4,5.53,5.51,6.58,6.04,4.02,7.54,5.62,5.22,6.07,5.44,2.52,1.52,6.0,5.5,6.75,5.16,5.96,4.72,6.96,0.59,荷兰,巴基斯坦,3,3,general,↑,2028-2033,6.01,5.63,5.96,5.84,6.75,6.23,5.05,6.07,5.61,6.68,6.81,5.28,2026-04-13,2026-04-13,2000-2026
医疗与健康,MED,临床医学,泌尿科医生,Urologist,博士/医学学位,28-35,global,45,9.03,9.07,6.74,8.63,7.2,7.02,7.29,7.22,7.79,5.72,8.18,7.08,4.94,4.22,4.04,5.58,4.09,1.91,6.98,8.6,2.02,6.51,3.92,8.04,5.92,5.24,6.53,7.98,5.56,9.15,1.46,3.96,6.77,3.0,5.96,4.86,6.82,0.55,德国,孟加拉国,3,2,general,↑,2032-2038,6.02,5.66,5.96,5.98,6.7,6.25,5.12,6.16,5.59,6.64,6.64,5.22,2026-04-13,2026-04-13,2000-2026
医疗与健康,MED,临床医学,消化科医生,Gastroenterologist,博士/医学学位,28-35,global,45,9.11,9.05,6.84,8.64,7.17,7.05,7.2,7.24,7.82,5.73,8.15,7.05,4.97,4.15,4.12,5.55,4.04,1.9,6.94,8.62,2.0,6.47,3.92,8.07,5.94,5.21,6.6,7.98,5.0,9.14,1.49,4.04,6.8,3.06,5.96,4.86,6.85,0.52,荷兰,孟加拉国,3,2,general,↑,2032-2038,6.02,5.68,5.9,6.03,6.66,6.21,5.18,6.15,5.65,6.54,6.61,5.28,2026-04-13,2026-04-13,2000-2026
技术工种与手工业,SKL,传统手工艺,雕刻师,Engraver / Carver,师徒制/自学,16-30,global,45,5.48,3.01,3.63,8.56,4.23,3.93,5.44,5.58,5.55,5.03,5.61,6.72,5.51,6.18,6.63,4.52,3.5,1.98,9.4,6.17,2.05,8.03,6.02,8.62,7.53,4.49,7.55,5.0,5.01,2.06,4.48,6.99,4.76,2.17,5.96,4.75,7.35,0.7,瑞士,孟加拉国,0,-1,general,→,2035+,5.91,5.56,6.07,5.83,6.83,6.21,5.04,6.13,5.45,6.9,7.0,5.09,2026-04-13,2026-04-13,2000-2026
技术工种与手工业,SKL,汽车维修,汽车诊断技师,Automotive Diagnostic Technician,职校/学徒,18-25,global,45,4.98,4.01,6.69,7.52,6.65,7.5,7.3,7.03,6.42,6.56,6.6,5.7,5.07,5.18,5.59,5.53,4.96,1.52,6.46,5.02,0.49,6.52,5.03,6.52,7.5,2.66,6.53,6.5,6.52,4.11,5.45,7.03,5.11,2.6,5.96,4.71,7.21,0.76,德国,孟加拉国,2,2,general,↑,2032-2038,5.97,5.49,6.05,5.93,6.99,6.34,4.84,5.97,5.4,7.04,6.96,5.13,2026-04-13,2026-04-13,2000-2026
工程与制造,ENG,汽车,汽车设计工程师,Automotive Design Engineer,本科/硕士,22-28,global,45,6.61,6.04,6.67,7.06,6.66,6.6,6.19,6.2,7.04,6.67,6.66,7.14,5.61,5.26,5.13,6.62,5.57,1.39,6.52,6.65,3.99,5.57,5.51,6.61,4.08,4.76,6.5,5.52,2.97,3.11,5.95,3.47,6.78,4.68,5.96,4.6,7.12,0.68,德国,孟加拉国,3,2,general,↑,2032-2038,6.15,5.61,6.09,5.89,6.87,6.35,4.97,6.03,5.47,6.49,6.86,5.01,2026-04-13,2026-04-13,2000-2026
农业、资源与环境,AGR,农业科技,智能温室管理员,Smart Greenhouse Manager,大专/本科,22-32,global,45,6.61,6.57,7.67,7.56,6.7,5.32,6.81,6.7,5.62,6.62,6.16,7.65,6.53,5.68,5.61,6.07,5.56,1.41,5.05,6.64,3.01,6.57,5.5,7.06,6.56,5.78,5.48,5.5,3.51,3.6,4.96,4.04,6.24,3.66,5.96,4.9,7.08,0.59,荷兰,尼日利亚,3,4,general,↑↑,2028-2033,5.81,5.6,6.05,5.95,6.79,6.25,5.13,6.06,5.73,6.83,6.75,5.18,2026-04-13,2026-04-13,2000-2026
工程与制造,ENG,半导体,半导体工艺工程师,Semiconductor Process Engineer,硕士,23-28,global,45,7.55,7.09,6.93,7.02,6.95,5.58,7.58,8.29,7.79,7.14,6.69,6.14,5.09,4.68,5.11,6.03,5.03,0.91,6.53,7.62,2.04,6.09,5.08,7.11,3.59,4.21,5.55,4.52,3.57,2.61,5.42,3.5,7.3,6.14,5.96,4.66,7.11,0.67,瑞士,孟加拉国,4,3,general,↑↑,2032-2038,6.17,5.68,6.06,5.91,6.91,6.29,4.98,5.9,5.44,6.46,6.87,5.07,2026-04-13,2026-04-13,2000-2026
工程与制造,ENG,化学工程,纳米材料研究员,Nanomaterials Researcher,硕士/博士,25-32,global,45,8.06,8.52,7.09,7.59,6.16,5.55,7.1,7.67,7.47,6.13,7.14,6.17,4.55,5.74,5.16,6.13,5.03,1.42,7.05,7.69,4.48,5.62,5.54,6.57,4.01,4.81,6.53,5.01,3.48,3.59,4.94,3.43,6.2,3.55,5.96,4.82,7.2,0.64,德国,尼日利亚,4,3,general,↑↑,2032-2038,6.01,5.68,5.97,5.94,6.89,6.25,5.08,5.89,5.5,6.64,6.89,5.12,2026-04-13,2026-04-13,2000-2026
工程与制造,ENG,电气工程,光电工程师,Optoelectronics Engineer,本科/硕士,22-28,global,45,7.11,7.08,6.6,7.59,6.61,4.58,6.12,6.13,6.59,6.61,7.15,7.15,5.62,5.72,5.12,6.55,5.54,1.4,6.96,6.66,4.56,6.05,5.49,6.56,4.55,4.71,6.54,5.0,3.02,3.59,4.91,3.96,6.2,3.68,5.96,4.74,7.12,0.65,瑞士,孟加拉国,2,1,general,↑,2032-2038,6.05,5.63,6.0,5.92,6.92,6.21,5.02,5.93,5.49,6.57,6.91,5.16,2026-04-13,2026-04-13,2000-2026
金融与商业,FIN,保险,保险产品开发师,Insurance Product Developer,本科,22-28,global,45,6.55,5.55,5.6,8.01,6.09,6.9,5.53,5.0,6.78,6.04,7.69,9.49,6.95,6.12,5.58,5.5,5.01,2.03,5.42,5.59,5.57,5.47,5.98,5.5,6.5,5.73,6.5,6.99,0.99,5.11,3.9,4.45,5.73,4.59,5.96,4.52,7.13,0.71,瑞士,孟加拉国,2,1,general,↑,2028-2033,6.2,5.66,5.72,6.04,6.78,6.29,5.0,5.9,5.47,6.52,6.94,5.12,2026-04-13,2026-04-13,2000-2026
技术工种与手工业,SKL,美发美容技术,假发制作师,Wig Maker,职校/短期培训,18-25,global,45,4.51,2.01,5.1,6.98,6.66,3.63,5.81,5.08,5.11,6.06,5.64,7.18,5.54,5.7,5.63,4.0,3.96,2.03,9.51,4.51,0.55,7.05,5.52,6.57,8.09,6.82,6.53,5.45,4.01,3.64,3.94,7.53,5.25,1.63,5.95,4.69,7.21,0.73,瑞士,孟加拉国,2,1,general,↑,2035+,5.95,5.54,6.08,5.95,6.87,6.27,4.88,5.93,5.41,7.08,6.95,5.1,2026-04-13,2026-04-13,2000-2026
金融与商业,FIN,企业管理,总经理,General Manager,本科/硕士,30-40,global,45,8.09,7.55,6.11,7.06,5.61,4.99,5.07,5.47,7.61,6.48,5.23,9.53,5.44,3.2,3.58,7.51,5.46,3.48,7.44,7.56,5.59,8.98,3.45,7.46,9.03,4.68,5.43,8.5,1.49,2.12,5.46,3.02,7.22,2.97,5.95,4.79,7.02,0.64,瑞士,巴基斯坦,2,1,general,↑,2032-2038,6.09,5.6,5.74,6.09,6.68,6.27,5.11,5.86,5.48,6.6,6.84,5.22,2026-04-13,2026-04-13,2000-2026
信息技术与数字化,TECH,新兴数字职业,Web3开发工程师,Web3 Developer,本科/自学,22-30,global,45,6.11,5.04,6.11,4.52,6.63,3.08,6.61,6.24,6.84,6.01,3.08,9.52,7.12,5.18,5.15,5.64,5.07,4.4,4.98,5.63,9.32,8.03,5.57,6.06,9.01,5.27,6.05,5.47,0.54,0.48,8.46,7.52,8.26,2.14,5.95,4.76,6.9,0.64,瑞典,孟加拉国,2,-1,general,→,2028-2033,5.98,5.62,6.04,6.0,6.77,6.34,5.23,5.84,5.51,6.62,6.75,5.05,2026-04-13,2026-04-13,2000-2026
法律与社会服务,LAW,法律助理/律师助理,商标代理人,Trademark Agent,法学本科/硕士,22-28,global,45,6.11,6.12,5.59,8.04,5.53,4.03,5.5,5.66,6.49,6.01,7.2,9.51,6.5,5.53,5.58,5.07,4.96,1.45,5.04,6.55,6.43,6.54,5.48,5.55,6.51,6.29,7.02,5.99,0.51,7.02,2.96,4.95,6.56,4.06,5.95,4.91,6.97,0.6,瑞士,孟加拉国,2,1,general,→,2028-2033,6.02,5.58,5.83,5.93,6.71,6.25,5.2,6.07,5.57,6.68,6.76,5.23,2026-04-13,2026-04-13,2000-2026
医疗与健康,MED,临床医学,呼吸科医生,Pulmonologist,博士/医学学位,28-35,global,45,9.12,9.08,6.78,8.61,7.19,7.13,7.67,7.26,7.05,5.74,8.2,7.06,4.95,4.17,4.12,5.59,4.1,1.86,6.95,8.67,2.04,6.41,3.92,8.06,5.95,5.2,6.53,8.08,5.04,9.08,1.4,3.93,6.64,3.09,5.95,4.9,6.96,0.55,德国,孟加拉国,3,3,general,↑↑,2032-2038,6.01,5.69,5.84,5.97,6.63,6.26,5.15,6.12,5.58,6.5,6.68,5.23,2026-04-13,2026-04-13,2000-2026
文化、艺术与传媒,ART,博物馆与文化遗产,非物质文化遗产传承人,Intangible Cultural Heritage Practitioner,硕士,24-32,regional,45,7.62,4.05,4.76,9.52,4.46,2.51,4.72,5.11,3.76,4.58,7.1,8.52,7.51,6.7,4.6,6.05,5.06,0.96,9.49,6.61,3.98,5.97,6.53,9.04,3.52,6.19,7.57,6.5,3.01,3.59,3.48,3.96,5.76,5.66,5.95,4.91,6.83,0.52,瑞士,巴基斯坦,1,0,general,→,2035+,5.93,5.61,6.02,5.79,6.57,6.23,5.21,6.1,5.64,6.62,6.72,5.4,2026-04-13,2026-04-13,2000-2026
医疗与健康,MED,护理,急诊护士,Emergency Room Nurse,大专/本科,20-24,global,45,5.05,5.1,6.75,7.08,7.63,8.47,8.76,8.27,5.29,6.54,8.12,6.09,4.44,3.19,2.59,5.04,4.56,1.39,7.43,5.98,1.53,4.41,2.92,7.08,3.47,4.24,5.6,8.52,6.49,6.6,0.9,4.02,7.71,2.04,5.95,4.9,6.77,0.54,荷兰,孟加拉国,3,3,general,↑↑,2032-2038,5.93,5.72,5.8,5.92,6.69,6.27,5.12,6.14,5.62,6.64,6.65,5.3,2026-04-13,2026-04-13,2000-2026
医疗与健康,MED,临床医学,肾内科医生,Nephrologist,博士/医学学位,28-35,global,45,9.03,9.1,6.73,8.62,7.1,7.04,7.2,7.26,7.17,5.67,8.18,7.09,4.95,4.65,4.51,5.5,4.13,1.88,6.97,8.62,1.95,6.43,3.89,8.08,5.92,5.2,6.6,8.0,5.0,9.08,1.49,4.01,6.74,3.02,5.95,4.88,6.76,0.53,荷兰,孟加拉国,3,2,general,↑,2032-2038,5.97,5.64,5.85,6.01,6.58,6.27,5.15,6.09,5.66,6.64,6.64,5.29,2026-04-13,2026-04-13,2000-2026
金融与商业,FIN,银行,贸易融资专员,Trade Finance Specialist,本科,22-28,global,45,5.06,5.58,5.55,7.49,6.51,7.93,5.49,4.94,6.43,6.02,7.22,9.06,6.48,5.62,5.1,6.07,5.47,1.5,4.93,6.49,5.01,5.48,5.48,5.43,4.55,5.74,5.92,7.01,1.04,4.09,4.92,3.54,7.79,4.59,5.95,4.66,7.08,0.66,瑞士,孟加拉国,2,0,general,→,2028-2033,6.09,5.57,5.79,6.1,6.67,6.39,5.07,5.78,5.48,6.61,6.84,5.23,2026-04-13,2026-04-13,2000-2026
工程与制造,ENG,电气工程,电力系统规划工程师,Power System Planning Engineer,本科/硕士,22-28,global,45,6.02,6.06,5.58,7.49,6.57,5.61,6.12,6.27,6.62,6.7,7.66,7.13,5.58,5.69,5.17,6.56,5.55,1.42,6.04,6.63,4.53,6.09,5.54,6.66,4.55,4.78,6.56,5.0,3.03,5.12,4.98,3.93,6.24,3.55,5.95,4.8,7.14,0.64,瑞士,尼日利亚,2,1,general,↑,2028-2033,6.04,5.6,5.99,5.95,6.83,6.27,5.11,6.0,5.42,6.5,6.87,5.14,2026-04-13,2026-04-13,2000-2026
工程与制造,ENG,半导体,半导体制造工程师,Semiconductor Fabrication Engineer,硕士,23-28,global,45,7.08,7.1,6.99,7.04,6.98,5.06,7.08,8.29,7.83,7.15,6.72,6.16,5.05,4.74,5.17,6.1,5.01,0.93,6.49,7.66,2.08,6.02,5.01,7.04,3.51,4.22,5.56,4.48,3.5,2.6,5.48,3.52,7.21,6.1,5.95,4.64,7.12,0.67,瑞士,孟加拉国,4,3,general,↑↑,2032-2038,6.15,5.7,5.99,5.94,6.81,6.24,4.98,5.98,5.38,6.42,6.87,5.04,2026-04-13,2026-04-13,2000-2026
医疗与健康,MED,临床医学,病理科医生,Pathologist,博士/医学学位,28-35,global,45,9.07,9.11,6.77,8.58,7.2,7.09,7.23,7.29,7.08,5.68,8.2,7.08,5.0,6.11,6.13,5.57,4.06,1.87,3.96,8.6,4.06,6.42,6.38,8.07,5.92,5.18,6.56,4.01,2.03,9.13,1.47,4.07,6.75,3.03,5.95,4.87,6.84,0.55,荷兰,孟加拉国,3,0,general,→,2026-2030,6.08,5.62,5.87,6.01,6.64,6.21,5.15,6.07,5.65,6.61,6.65,5.22,2026-04-13,2026-04-13,2000-2026
工程与制造,ENG,电气工程,电力工程师,Power Engineer,本科/硕士,22-28,global,45,6.09,6.1,6.1,7.55,6.63,7.09,6.12,6.24,6.67,6.67,7.63,6.66,5.52,5.72,5.13,6.55,5.56,1.39,6.06,6.65,3.01,6.01,5.52,6.54,4.54,4.81,6.57,5.02,3.52,4.57,4.98,4.08,6.28,3.53,5.95,4.76,7.07,0.65,德国,尼日利亚,2,1,general,↑,2032-2038,6.05,5.62,6.09,5.88,6.89,6.23,5.07,5.96,5.48,6.54,6.83,5.06,2026-04-13,2026-04-13,2000-2026
工程与制造,ENG,半导体,晶圆代工工程师,Foundry / Wafer Fab Engineer,硕士,23-28,global,45,7.56,7.12,6.98,7.03,6.98,5.0,7.57,8.23,7.75,7.15,6.71,6.15,5.13,4.69,5.17,6.03,5.1,0.94,6.55,7.63,2.06,6.04,5.01,7.07,3.52,4.29,5.6,4.47,3.49,2.59,5.51,3.53,7.28,6.09,5.95,4.65,7.13,0.69,瑞士,尼日利亚,4,3,general,↑↑,2032-2038,6.16,5.66,5.99,5.85,6.95,6.22,5.02,5.92,5.42,6.51,6.91,5.0,2026-04-13,2026-04-13,2000-2026
教育与学术,EDU,特殊教育与辅助,留学顾问,Study Abroad Counselor / Education Agent,本科+留学经历,23-30,global,45,3.99,4.49,5.07,7.13,6.1,5.6,4.62,3.71,4.65,5.61,5.25,9.53,6.02,5.63,5.13,5.53,6.11,2.89,6.04,5.17,6.21,6.09,5.55,6.04,7.59,7.15,6.09,8.56,1.5,2.12,5.42,7.05,7.73,1.91,5.95,4.82,7.09,0.58,芬兰,尼日利亚,2,0,general,→,2032-2038,5.96,5.72,5.96,5.94,6.93,6.19,5.25,5.9,5.5,6.67,6.68,5.16,2026-04-13,2026-04-13,2000-2026
文化、艺术与传媒,ART,动画游戏,关卡设计师,Level Designer,本科,20-28,global,45,5.55,5.1,6.6,7.09,6.62,6.16,6.14,5.63,5.68,5.64,5.17,8.02,6.48,3.75,6.65,6.6,5.51,2.47,6.47,5.55,7.07,6.06,4.1,7.53,5.52,5.26,6.08,5.51,2.5,1.48,5.96,5.53,6.71,5.06,5.95,4.7,6.93,0.59,荷兰,孟加拉国,3,2,general,↑,2032-2038,6.0,5.6,5.93,5.81,6.72,6.27,5.06,6.08,5.61,6.57,6.8,5.25,2026-04-13,2026-04-13,2000-2026
公共管理与公务员,GOV,情报安全,网络安全分析师(政府),Government Cybersecurity Analyst,本科/硕士,22-28,global,45,7.08,7.08,7.12,7.15,5.68,3.78,7.47,7.07,7.51,6.2,8.21,9.06,6.59,5.07,4.99,7.14,6.02,1.41,5.56,7.55,5.05,5.56,5.61,7.06,3.07,5.18,5.54,5.02,1.0,8.02,1.41,1.58,5.58,8.0,5.94,5.03,6.84,0.47,丹麦,尼日利亚,3,4,general,↑↑,2028-2033,6.08,5.72,5.85,5.9,6.71,5.98,5.43,6.07,5.59,6.52,6.51,5.27,2026-04-13,2026-04-13,2000-2026
技术工种与手工业,SKL,电气技术,防雷工程师,Lightning Protection Technician,职校/学徒,18-25,global,45,4.54,3.49,6.62,8.0,4.74,3.7,5.9,5.58,6.49,7.11,7.08,5.7,5.52,5.25,5.65,6.58,5.45,1.49,7.97,5.54,0.61,6.5,5.08,6.52,7.1,3.12,6.54,5.53,6.5,6.13,4.9,7.05,6.18,3.04,5.94,4.86,7.15,0.69,澳大利亚,巴基斯坦,3,2,general,↑,2035+,5.96,5.57,6.07,5.86,6.85,6.27,4.95,5.89,5.43,7.02,6.86,5.15,2026-04-13,2026-04-13,2000-2026
金融与商业,FIN,企业管理,董事会秘书,Corporate Secretary,硕士/MBA,30-40,global,45,8.04,7.57,6.08,7.05,5.56,4.99,4.57,5.41,6.9,6.44,7.21,9.5,5.52,5.11,3.62,7.47,5.5,3.48,7.41,7.02,5.51,8.96,3.46,7.54,9.01,4.76,5.42,8.53,1.49,5.17,5.48,2.94,7.31,3.06,5.94,4.58,7.0,0.66,瑞士,孟加拉国,2,1,general,↑,2035+,6.12,5.58,5.74,6.1,6.64,6.31,4.98,5.92,5.45,6.58,6.85,5.24,2026-04-13,2026-04-13,2000-2026
文化、艺术与传媒,ART,广告公关,活动策划师,Event Planner,本科,22-28,global,45,4.6,4.98,5.63,7.59,6.17,6.69,5.64,5.13,5.72,5.67,5.62,8.54,6.98,4.68,6.16,7.04,6.52,1.91,4.54,5.63,3.53,6.08,5.02,6.01,7.62,5.81,6.57,8.52,4.47,1.54,5.49,6.04,6.26,4.03,5.94,4.83,6.92,0.56,澳大利亚,巴基斯坦,2,1,general,→,2028-2033,5.98,5.61,5.87,5.82,6.64,6.28,5.13,5.92,5.6,6.69,6.76,5.33,2026-04-13,2026-04-13,2000-2026
文化、艺术与传媒,ART,新媒体内容,VTuber(虚拟主播),VTuber (Virtual YouTuber),无要求,16-30,regional,45,3.07,3.12,7.68,5.03,7.75,4.89,6.14,4.65,4.75,5.11,2.62,8.53,7.02,3.74,6.65,6.01,5.52,4.45,5.54,4.55,8.5,9.01,4.04,7.04,9.09,5.74,4.56,7.52,2.52,1.0,4.97,8.06,5.21,3.13,5.94,4.8,6.86,0.55,荷兰,巴基斯坦,5,4,general,↑↑,2028-2033,6.0,5.64,5.91,5.82,6.61,6.29,5.12,6.06,5.57,6.57,6.74,5.3,2026-04-13,2026-04-13,2000-2026
教育与学术,EDU,教育管理,校长(中小学),School Principal,硕士+教学经验,35-45,global,45,7.05,7.08,4.54,8.12,4.59,5.64,5.12,5.23,6.6,6.11,8.33,9.04,5.56,4.7,3.66,6.56,5.04,1.91,8.48,7.61,2.69,7.56,5.04,8.07,4.56,5.72,6.6,8.94,2.51,7.12,1.38,3.07,4.71,3.07,5.94,4.82,6.97,0.57,荷兰,孟加拉国,1,0,general,→,2035+,5.99,5.67,5.95,5.98,6.9,6.15,5.18,5.89,5.54,6.57,6.64,5.18,2026-04-13,2026-04-13,2000-2026
医疗与健康,MED,临床医学,外科医生,Surgeon,博士/医学学位,28-35,global,45,9.61,9.59,6.76,7.58,7.15,7.07,7.77,8.22,8.58,5.7,8.18,6.57,4.98,2.66,2.63,5.64,4.01,1.88,8.02,9.51,0.94,6.45,3.94,8.52,5.45,5.13,6.56,8.0,7.0,9.14,1.44,3.93,6.71,3.04,5.94,4.84,6.7,0.52,德国,孟加拉国,3,1,general,↑,2035+,5.97,5.64,5.81,5.91,6.62,6.23,5.19,6.12,5.61,6.6,6.59,5.32,2026-04-13,2026-04-13,2000-2026
工程与制造,ENG,汽车,汽车安全工程师,Automotive Safety Engineer,本科/硕士,22-28,global,45,6.58,6.08,6.64,7.12,6.67,6.66,6.19,6.21,7.06,6.64,6.67,6.14,5.61,5.25,5.12,6.58,5.55,1.43,7.04,7.11,3.52,5.56,5.55,6.64,4.01,4.73,6.57,5.53,2.98,4.08,5.92,3.48,6.62,4.64,5.94,4.56,7.22,0.66,德国,尼日利亚,3,2,general,↑,2032-2038,6.07,5.61,6.03,5.87,6.83,6.34,5.05,5.99,5.47,6.36,6.86,5.0,2026-04-13,2026-04-13,2000-2026
文化、艺术与传媒,ART,出版写作,漫画家/插画师,Comic Artist / Illustrator,本科,22-35,global,45,5.06,5.08,4.1,8.01,4.6,4.74,4.1,4.2,4.25,4.65,4.64,8.53,7.04,5.73,5.11,7.04,6.03,3.46,6.54,5.55,8.49,8.05,6.49,9.07,8.03,6.21,7.0,5.02,1.51,1.54,4.46,7.03,6.73,3.59,5.94,4.84,6.86,0.57,荷兰,孟加拉国,0,-1,general,→,2032-2038,6.03,5.62,5.96,5.8,6.63,6.27,5.12,6.01,5.56,6.56,6.75,5.27,2026-04-13,2026-04-13,2000-2026
工程与制造,ENG,制造管理,安全工程师(工厂),Factory Safety Engineer,本科,22-30,global,45,5.53,5.58,5.56,8.08,6.57,7.04,5.67,5.21,6.59,6.64,7.12,5.68,5.55,5.23,5.04,7.11,6.05,1.41,7.04,6.62,2.45,6.5,5.53,6.59,5.05,4.77,7.08,6.98,3.51,5.09,5.46,3.5,5.71,3.54,5.94,4.74,7.01,0.63,德国,孟加拉国,2,1,general,↑,2032-2038,6.05,5.66,5.95,5.86,6.81,6.23,5.03,5.94,5.48,6.52,6.86,5.11,2026-04-13,2026-04-13,2000-2026
文化、艺术与传媒,ART,出版写作,出版发行人,Publisher,本科,30-40,global,45,5.05,5.02,4.09,8.0,4.67,4.72,4.19,4.14,6.57,4.61,4.62,8.54,7.01,5.71,5.14,7.08,6.01,2.99,4.52,6.55,7.97,8.05,6.57,7.6,8.13,6.23,7.0,5.01,1.48,1.57,4.47,7.02,6.72,3.56,5.94,4.86,6.94,0.57,荷兰,孟加拉国,0,-1,general,→,2028-2033,5.99,5.57,5.85,5.86,6.64,6.27,5.13,6.03,5.59,6.56,6.8,5.29,2026-04-13,2026-04-13,2000-2026
文化、艺术与传媒,ART,广告公关,媒介购买,Media Buyer,本科,22-28,global,45,4.61,5.1,5.67,7.58,6.17,6.72,5.62,5.15,5.3,5.64,5.62,8.53,6.99,4.67,6.15,7.03,6.55,1.99,4.06,5.52,6.98,6.09,5.08,6.05,6.03,5.72,6.57,7.0,2.05,1.55,5.45,6.01,6.16,4.03,5.94,4.79,6.88,0.55,荷兰,孟加拉国,2,1,general,→,2026-2030,5.99,5.58,5.93,5.8,6.57,6.3,5.13,5.99,5.61,6.6,6.75,5.39,2026-04-13,2026-04-13,2000-2026
工程与制造,ENG,质量控制,六西格玛黑带,Six Sigma Black Belt,本科,22-28,global,45,6.02,5.61,5.07,8.08,6.14,6.69,5.67,5.23,6.64,5.64,7.63,7.63,6.12,6.18,5.64,6.57,6.03,0.91,5.01,6.61,4.53,5.57,6.06,5.56,4.08,5.27,7.04,5.98,2.91,4.09,4.46,3.57,6.25,3.12,5.94,4.79,7.16,0.63,德国,孟加拉国,2,1,general,↑,2028-2033,6.07,5.62,5.97,5.97,6.8,6.2,5.1,5.87,5.41,6.53,6.84,5.12,2026-04-13,2026-04-13,2000-2026
法律与社会服务,LAW,社会工作,社会政策分析师,Social Policy Analyst,硕士/博士,24-30,global,45,7.1,7.11,5.62,8.06,4.64,3.69,5.04,5.18,6.16,5.59,7.16,9.53,7.06,6.07,5.51,6.59,5.99,1.4,6.06,6.52,6.08,6.02,6.08,7.0,3.47,6.63,7.03,7.0,0.5,6.57,1.94,3.54,6.6,5.06,5.94,5.07,7.0,0.59,丹麦,巴基斯坦,2,1,general,→,2032-2038,5.8,5.6,5.87,5.62,6.94,6.18,5.29,6.04,5.63,6.72,6.76,5.34,2026-04-13,2026-04-13,2000-2026
金融与商业,FIN,企业管理,投资者关系总监,Investor Relations Director,硕士/MBA,30-40,global,45,8.06,7.54,6.14,6.99,5.61,3.42,4.57,5.54,7.32,6.49,5.26,9.5,5.47,3.13,3.61,7.41,5.55,3.48,7.46,8.91,5.61,8.96,3.48,7.44,8.93,4.72,5.43,8.52,1.51,2.12,5.48,3.07,7.79,2.98,5.94,4.67,7.01,0.62,瑞士,孟加拉国,2,1,general,↑,2035+,6.09,5.6,5.79,6.1,6.57,6.33,5.04,5.87,5.53,6.52,6.79,5.24,2026-04-13,2026-04-13,2000-2026
文化、艺术与传媒,ART,广告公关,广告文案,Advertising Copywriter,本科,22-28,global,45,4.58,5.09,5.6,7.53,6.19,6.68,5.56,5.12,5.24,5.66,5.6,8.54,6.98,4.71,6.11,7.09,6.56,1.96,3.48,5.66,7.56,6.04,5.02,6.58,6.03,5.77,6.52,7.01,2.0,1.5,5.45,6.07,6.28,4.12,5.94,4.72,6.86,0.58,荷兰,孟加拉国,2,1,general,→,2026-2030,5.98,5.63,5.9,5.78,6.59,6.29,5.1,6.07,5.58,6.6,6.8,5.3,2026-04-13,2026-04-13,2000-2026
工程与制造,ENG,机械工程,CAD/CAM工程师,CAD/CAM Engineer,本科/硕士,22-28,global,45,5.1,5.03,5.63,6.62,6.18,6.65,5.62,5.74,6.63,6.18,7.17,7.61,5.59,5.74,5.14,6.63,5.52,1.4,5.04,5.67,5.51,6.09,6.02,6.57,4.56,4.72,6.57,5.02,3.54,3.05,5.49,4.04,6.78,3.15,5.94,4.73,7.07,0.65,德国,巴基斯坦,2,0,general,→,2028-2033,6.0,5.61,5.95,5.85,6.93,6.21,5.01,5.98,5.51,6.6,6.86,5.08,2026-04-13,2026-04-13,2000-2026
金融与商业,FIN,保险,保险核保师,Insurance Underwriter,本科,22-28,global,45,5.55,5.57,5.61,7.98,6.09,7.02,5.54,4.99,6.4,6.06,7.74,9.53,6.95,6.14,5.56,5.46,4.96,1.98,4.91,5.59,5.49,5.5,5.88,5.46,6.44,5.71,6.52,6.98,1.01,5.08,3.91,4.5,5.8,4.5,5.94,4.5,7.14,0.72,瑞士,巴基斯坦,2,1,general,↑,2028-2033,6.25,5.52,5.66,6.11,6.63,6.36,4.93,5.82,5.49,6.67,6.92,5.14,2026-04-13,2026-04-13,2000-2026
信息技术与数字化,TECH,网络与安全,网络工程师,Network Engineer,本科/大专,22-28,global,45,5.58,5.07,5.68,7.08,6.12,7.13,5.68,5.22,5.89,6.01,6.58,9.52,6.49,5.27,5.68,5.6,5.03,1.41,5.04,5.54,6.67,6.04,5.48,5.61,5.05,4.81,6.12,5.01,2.0,3.0,3.98,5.55,6.72,3.67,5.94,4.75,6.99,0.67,芬兰,孟加拉国,2,0,general,→,2028-2033,6.01,5.61,5.92,5.89,6.86,6.37,5.22,5.85,5.47,6.58,6.86,5.01,2026-04-13,2026-04-13,2000-2026
文化、艺术与传媒,ART,动画游戏,游戏音效设计师,Game Sound Designer,本科,20-28,global,45,5.53,5.09,6.53,7.08,6.64,4.66,6.08,5.69,5.74,5.6,5.13,7.99,6.5,3.73,6.68,6.56,5.54,2.44,7.02,5.63,6.54,6.06,4.04,7.59,5.54,5.26,6.02,5.47,2.5,1.54,5.92,5.54,6.74,5.17,5.93,4.63,6.9,0.6,荷兰,孟加拉国,3,2,general,↑,2032-2038,6.05,5.6,5.95,5.79,6.69,6.29,5.02,5.99,5.59,6.6,6.75,5.21,2026-04-13,2026-04-13,2000-2026
法律与社会服务,LAW,NGO与人道主义,NGO项目经理,NGO Program Manager,本科/硕士,24-30,global,45,5.52,5.59,5.63,7.05,5.64,5.16,5.01,4.71,5.11,4.55,5.22,7.53,6.09,4.51,4.03,7.01,6.42,1.94,7.04,6.58,5.5,7.03,4.56,8.02,6.02,7.17,6.55,8.46,1.99,3.55,3.58,2.9,8.13,2.56,5.93,5.04,7.06,0.6,瑞典,巴基斯坦,2,1,general,→,2032-2038,5.77,5.55,5.82,5.65,7.0,6.17,5.27,6.08,5.7,6.62,6.75,5.28,2026-04-13,2026-04-13,2000-2026
医疗与健康,MED,临床医学,肿瘤科医生,Oncologist,博士/医学学位,28-35,global,45,9.08,9.11,6.76,8.64,7.18,7.08,7.68,7.28,7.77,5.67,8.19,6.57,4.46,3.69,3.12,5.58,4.1,1.89,6.93,8.68,2.0,6.46,3.89,8.53,5.96,5.14,6.58,7.99,4.99,9.09,1.45,4.03,6.77,3.0,5.93,4.88,6.8,0.52,荷兰,孟加拉国,3,3,general,↑↑,2032-2038,6.03,5.63,5.79,5.95,6.6,6.25,5.12,6.11,5.63,6.53,6.59,5.23,2026-04-13,2026-04-13,2000-2026
教育与学术,EDU,高等教育,学术顾问/导师,Academic Advisor,硕士,25-32,global,45,5.57,5.99,3.99,7.68,5.18,4.62,5.14,4.76,4.88,5.1,7.33,9.48,6.08,6.66,5.64,5.04,5.01,1.39,7.0,5.75,5.66,5.56,6.52,7.02,3.52,7.17,7.15,8.52,1.02,4.6,1.94,4.58,5.26,2.96,5.93,4.77,7.12,0.68,芬兰,孟加拉国,1,1,general,↑,2032-2038,6.06,5.59,5.93,5.9,7.01,6.22,5.06,5.93,5.44,6.74,6.75,5.03,2026-04-13,2026-04-13,2000-2026
工程与制造,ENG,汽车,汽车NVH工程师,Automotive NVH Engineer,本科/硕士,22-28,global,45,6.6,6.08,6.57,7.04,6.64,5.2,5.62,6.26,7.08,6.7,6.68,7.2,5.54,5.22,5.11,6.64,5.58,1.38,7.05,6.69,3.53,5.52,5.54,6.56,4.04,4.71,6.54,5.52,3.02,3.11,5.93,3.57,6.73,4.62,5.93,4.6,7.11,0.68,德国,孟加拉国,3,2,general,↑,2032-2038,6.08,5.58,6.02,5.88,6.84,6.21,4.96,5.97,5.47,6.55,6.87,4.99,2026-04-13,2026-04-13,2000-2026
文化、艺术与传媒,ART,动画游戏,概念艺术家,Concept Artist,本科,20-28,global,45,5.56,5.1,6.52,7.05,6.69,6.19,6.17,5.6,5.77,5.61,5.12,8.04,6.51,3.73,6.7,6.52,5.55,2.91,5.98,5.52,7.49,6.01,4.03,8.6,5.54,5.15,6.05,5.52,2.5,1.51,5.99,5.56,6.71,5.09,5.93,4.78,6.84,0.6,德国,孟加拉国,3,2,general,↑,2032-2038,6.0,5.54,5.93,5.78,6.66,6.27,5.06,6.05,5.54,6.64,6.8,5.24,2026-04-13,2026-04-13,2000-2026
金融与商业,FIN,银行,客户经理(银行),Bank Relationship Manager,本科,22-28,global,45,5.03,5.62,5.52,7.51,6.62,7.93,5.53,5.0,6.4,6.02,7.28,9.0,6.44,4.62,5.1,6.07,5.48,1.49,4.94,6.5,4.98,5.55,5.45,5.54,5.54,5.66,5.96,8.49,0.96,4.12,4.92,3.48,6.21,4.49,5.93,4.73,7.03,0.64,瑞士,孟加拉国,2,0,general,→,2028-2033,6.08,5.6,5.82,6.1,6.55,6.26,5.09,5.84,5.41,6.6,6.82,5.23,2026-04-13,2026-04-13,2000-2026
医疗与健康,MED,临床医学,儿科医生,Pediatrician,博士/医学学位,28-35,global,45,9.11,9.08,6.77,8.63,7.13,7.14,7.16,7.3,6.56,5.73,8.15,7.07,4.97,4.16,4.13,5.56,4.09,1.89,6.99,8.11,2.06,6.46,3.91,8.59,5.91,6.21,6.6,8.01,4.96,9.13,1.47,3.94,6.74,2.98,5.93,4.69,6.8,0.56,瑞士,孟加拉国,3,2,general,↑,2032-2038,6.0,5.63,5.8,5.97,6.59,6.2,5.06,6.14,5.6,6.57,6.65,5.23,2026-04-13,2026-04-13,2000-2026
金融与商业,FIN,保险,保险精算分析师,Actuarial Analyst,本科/硕士,22-26,global,45,7.53,7.12,5.57,8.07,6.03,6.96,6.99,4.98,6.79,5.99,7.72,9.51,6.97,6.2,5.62,5.5,5.04,1.99,5.94,5.56,5.59,5.52,5.89,5.56,6.44,5.67,6.41,7.05,1.0,7.62,3.94,4.44,5.7,4.5,5.93,4.42,7.01,0.7,瑞士,孟加拉国,2,1,general,↑,2032-2038,6.22,5.55,5.79,6.07,6.6,6.34,4.94,5.89,5.44,6.58,6.85,5.09,2026-04-13,2026-04-13,2000-2026
教育与学术,EDU,职业培训,职业技术教师,Vocational Education Teacher,大专/本科+实操经验,25-35,global,45,5.08,5.07,4.08,8.19,5.6,6.61,5.52,5.71,4.62,5.59,7.79,8.52,5.53,6.6,5.61,5.02,5.07,1.9,7.55,5.18,3.65,5.52,6.49,7.06,4.07,5.79,7.09,7.98,4.03,4.56,2.88,5.57,4.2,2.6,5.93,4.87,7.05,0.57,芬兰,孟加拉国,2,1,general,↑,2035+,6.01,5.66,5.84,5.92,6.93,6.16,5.18,5.88,5.51,6.46,6.66,5.18,2026-04-13,2026-04-13,2000-2026
医疗与健康,MED,临床医学,麻醉科医生,Anesthesiologist,博士/医学学位,28-35,global,45,9.02,9.12,6.76,8.59,7.14,7.08,7.76,8.26,8.14,5.73,8.19,6.08,4.92,3.15,3.11,5.54,4.15,1.86,6.4,8.65,2.0,6.4,3.92,8.03,5.91,5.23,6.65,8.01,5.52,9.09,1.44,3.97,6.71,3.08,5.92,4.91,6.75,0.52,德国,尼日利亚,3,2,general,↑,2032-2038,5.96,5.67,5.79,5.98,6.64,6.17,5.18,6.05,5.57,6.54,6.53,5.24,2026-04-13,2026-04-13,2000-2026
工程与制造,ENG,汽车,车身工程师,Vehicle Body Engineer,本科/硕士,22-28,global,45,6.56,6.08,6.69,7.07,6.64,6.11,6.12,6.24,7.03,6.68,6.68,7.19,5.55,5.25,5.15,6.52,5.54,1.41,6.54,6.2,3.58,5.58,5.56,6.56,4.01,4.78,6.55,5.55,2.99,3.07,5.97,3.52,6.74,4.59,5.92,4.62,7.08,0.67,德国,孟加拉国,3,1,general,↑,2032-2038,6.08,5.62,6.01,5.85,6.85,6.24,4.95,6.04,5.41,6.46,6.84,5.0,2026-04-13,2026-04-13,2000-2026
工程与制造,ENG,土木与建筑,BIM工程师,BIM Engineer,本科/硕士,22-28,global,45,6.12,6.08,7.2,8.06,7.26,7.28,7.26,6.64,6.59,5.68,7.15,5.68,5.12,5.68,5.11,6.11,5.04,1.38,5.52,6.65,6.06,5.56,5.46,6.07,4.56,4.23,7.11,6.52,5.0,5.08,6.49,3.49,5.22,3.54,5.92,4.74,7.05,0.65,德国,孟加拉国,4,4,general,↑↑,2028-2033,6.07,5.58,5.97,5.99,6.77,6.21,5.05,5.8,5.42,6.54,6.85,5.08,2026-04-13,2026-04-13,2000-2026
文化、艺术与传媒,ART,出版写作,口译员,Interpreter,本科,22-35,global,45,5.1,5.01,4.1,8.04,4.61,4.65,4.1,4.15,5.64,4.62,4.62,8.56,7.02,5.78,5.12,7.1,6.02,2.98,5.53,5.58,5.0,8.07,6.52,7.53,7.07,6.22,7.02,8.01,1.99,1.49,4.48,7.03,8.65,3.57,5.92,4.68,6.87,0.59,瑞士,孟加拉国,0,-1,general,→,2028-2033,5.99,5.57,5.9,5.78,6.61,6.29,5.06,5.99,5.52,6.64,6.8,5.26,2026-04-13,2026-04-13,2000-2026
技术工种与手工业,SKL,传统手工艺,皮革工匠,Leather Worker / Saddler,师徒制/自学,16-30,global,45,5.52,3.02,3.75,8.55,4.27,3.34,4.86,5.53,5.57,5.03,5.63,6.72,5.56,6.2,6.61,4.59,3.58,2.0,9.52,5.64,2.03,8.05,6.04,8.08,8.08,4.58,7.58,5.02,4.47,2.09,4.45,7.02,4.63,2.02,5.92,4.76,7.24,0.7,瑞士,孟加拉国,0,-1,general,→,2035+,5.88,5.54,6.01,5.81,6.89,6.23,4.94,6.06,5.36,6.84,6.95,5.11,2026-04-13,2026-04-13,2000-2026
金融与商业,FIN,证券投资,资产管理经理,Asset Manager,硕士,26-32,global,45,7.08,7.09,7.09,6.5,7.54,6.4,5.48,6.53,7.62,6.98,5.22,9.01,5.42,3.7,3.63,6.53,5.5,2.52,5.96,7.93,6.61,6.55,3.98,6.56,7.0,4.66,4.97,7.02,0.5,5.65,7.45,4.49,7.74,4.04,5.92,4.55,7.12,0.68,瑞士,孟加拉国,3,1,general,↑,2028-2033,6.16,5.57,5.77,6.01,6.58,6.21,4.99,5.84,5.4,6.63,6.88,5.16,2026-04-13,2026-04-13,2000-2026
文化、艺术与传媒,ART,博物馆与文化遗产,文物修复师,Art/Artifact Conservator,硕士,24-32,global,45,6.61,6.6,4.81,9.06,4.45,3.5,4.72,5.13,5.28,4.63,7.12,8.56,7.49,6.72,4.6,5.94,5.08,0.92,9.04,6.59,4.1,6.01,6.52,7.59,3.54,6.27,7.54,6.47,4.51,3.52,3.43,4.02,5.74,5.6,5.92,4.78,6.8,0.54,法国,孟加拉国,1,0,general,→,2035+,5.98,5.61,5.92,5.77,6.55,6.15,5.12,6.07,5.54,6.57,6.73,5.34,2026-04-13,2026-04-13,2000-2026
教育与学术,EDU,学术研究,实验室主任,Laboratory Director,博士+管理经验,35-45,global,45,8.54,9.01,5.56,8.61,4.65,3.19,5.64,6.28,6.72,6.04,7.83,7.05,5.06,4.73,4.21,6.57,5.13,1.4,7.56,8.18,3.67,8.11,5.03,8.08,6.14,5.23,6.6,7.0,2.5,8.01,2.89,4.59,7.73,4.04,5.92,4.65,6.99,0.68,芬兰,尼日利亚,2,1,general,↑,2035+,6.09,5.5,6.0,5.96,6.93,6.12,5.03,5.99,5.41,6.78,6.74,4.96,2026-04-13,2026-04-13,2000-2026
交通运输与物流,TRA,城市交通,交通规划师,Transportation Planner,本科/硕士,26-35,global,45,7.02,7.09,7.24,7.58,6.32,5.36,6.22,5.72,7.01,6.05,6.65,7.68,6.53,5.66,5.58,5.67,5.06,1.43,6.48,6.7,4.95,6.57,5.58,6.01,4.67,5.74,6.09,5.48,1.51,4.0,3.92,3.5,5.26,5.64,5.92,4.45,7.06,0.7,德国,孟加拉国,3,3,general,↑↑,2032-2038,6.01,5.62,5.89,6.01,6.87,6.27,4.75,5.98,5.42,6.68,6.86,5.05,2026-04-13,2026-04-13,2000-2026
金融与商业,FIN,会计审计,会计文员,Bookkeeper / Accounting Clerk,大专/自学,20-30,global,45,2.56,2.55,5.14,8.5,6.51,7.86,3.47,4.98,3.65,6.03,7.75,9.51,6.98,4.71,4.64,6.52,5.99,1.52,2.42,4.06,6.55,5.98,4.96,5.47,6.5,6.19,6.5,6.49,0.5,2.62,3.41,5.48,7.27,3.56,5.92,4.64,7.29,0.66,瑞士,孟加拉国,-1,-2,general,→,2025-2028,6.04,5.61,5.74,6.04,6.52,6.35,4.99,5.81,5.46,6.54,6.91,5.17,2026-04-13,2026-04-13,2000-2026
技术工种与手工业,SKL,汽车维修,汽车钣金工,Auto Body Repairer,职校/学徒,18-25,global,45,4.02,2.96,5.62,7.61,6.68,7.55,6.26,6.52,5.56,6.61,6.63,5.21,5.14,5.2,5.64,5.41,4.97,1.51,7.48,5.08,0.48,6.47,5.04,6.58,7.55,2.65,6.58,6.52,6.98,4.08,5.5,7.0,5.15,2.64,5.92,4.65,7.37,0.77,瑞士,尼日利亚,2,1,general,↑,2035+,5.88,5.51,5.96,5.94,6.94,6.28,4.81,6.02,5.36,7.01,6.97,5.01,2026-04-13,2026-04-13,2000-2026
文化、艺术与传媒,ART,博物馆与文化遗产,博物馆策展人,Museum Curator,硕士,24-32,global,45,6.58,6.54,4.8,8.5,4.45,4.02,4.77,5.15,5.67,4.58,7.18,8.52,7.52,6.67,4.56,6.07,5.03,0.92,7.52,7.1,3.98,7.02,6.51,8.09,3.6,6.2,7.53,6.52,2.99,3.53,3.49,4.03,5.69,5.53,5.92,4.9,6.87,0.51,荷兰,巴基斯坦,1,0,general,→,2035+,5.89,5.58,5.99,5.78,6.6,6.2,5.18,6.1,5.62,6.42,6.69,5.31,2026-04-13,2026-04-13,2000-2026
技术工种与手工业,SKL,传统手工艺,陶艺师,Potter / Ceramicist,师徒制/自学,16-30,global,45,5.52,3.0,3.79,8.54,4.25,3.44,5.32,5.57,4.66,5.03,5.64,6.71,5.56,6.21,6.61,4.58,3.58,1.98,9.5,5.64,2.05,8.04,6.05,8.67,8.09,4.59,7.55,5.02,4.46,2.12,4.4,7.06,4.66,2.13,5.92,4.75,7.35,0.7,瑞士,孟加拉国,0,-1,general,→,2035+,5.91,5.53,5.99,5.75,6.87,6.17,4.99,6.05,5.37,6.83,7.0,5.08,2026-04-13,2026-04-13,2000-2026
医疗与健康,MED,临床医学,感染科医生,Infectious Disease Physician,博士/医学学位,28-35,global,45,9.1,9.12,6.73,8.58,7.12,7.08,7.72,7.3,6.65,5.7,8.15,5.54,4.95,4.69,4.12,5.6,4.1,1.89,7.47,8.55,2.01,6.42,3.88,8.09,6.01,5.2,6.56,8.0,4.98,9.1,1.42,3.96,6.79,3.09,5.92,4.83,6.85,0.55,瑞士,孟加拉国,4,4,general,↑↑,2035+,5.95,5.64,5.85,5.99,6.59,6.18,5.12,6.03,5.55,6.59,6.65,5.26,2026-04-13,2026-04-13,2000-2026
交通运输与物流,TRA,城市交通,共享出行运营经理,Shared Mobility Operations Manager,本科,26-35,global,45,6.1,5.6,7.72,7.58,6.34,5.41,5.79,5.78,6.65,6.11,6.65,7.67,6.59,5.75,5.62,5.55,5.13,1.45,5.56,5.61,4.49,5.59,5.53,6.1,6.65,5.78,6.08,7.49,3.0,4.04,4.0,3.48,5.25,5.57,5.92,4.52,7.01,0.71,德国,孟加拉国,3,3,general,↑↑,2028-2033,6.03,5.58,5.98,5.96,6.91,6.25,4.81,5.98,5.44,6.65,6.85,5.0,2026-04-13,2026-04-13,2000-2026
教育与学术,EDU,学术研究,科研基金管理员,Research Grants Administrator,硕士,25-33,global,45,5.01,6.05,4.53,7.61,4.67,3.62,5.11,5.26,5.31,5.62,7.3,9.52,6.57,6.7,5.57,5.03,5.6,0.88,5.53,5.69,6.61,5.51,7.05,5.56,3.1,7.21,7.18,7.0,0.49,3.62,2.82,4.04,5.71,3.54,5.92,4.71,7.04,0.69,芬兰,尼日利亚,1,1,general,↑,2028-2033,6.13,5.52,5.94,5.88,6.95,6.13,5.1,5.91,5.36,6.76,6.78,5.06,2026-04-13,2026-04-13,2000-2026
医疗与健康,MED,临床医学,血液科医生,Hematologist,博士/医学学位,28-35,global,45,9.13,9.06,6.75,8.6,7.2,5.1,7.21,7.24,7.5,5.7,8.17,7.08,4.95,4.7,4.17,5.5,4.01,1.92,6.9,8.62,2.07,6.4,3.92,8.05,5.94,5.19,6.6,8.02,4.98,9.15,1.43,4.0,6.72,3.0,5.92,4.81,6.77,0.55,瑞士,孟加拉国,3,2,general,↑,2032-2038,6.0,5.64,5.79,5.9,6.62,6.15,5.12,6.09,5.53,6.62,6.65,5.2,2026-04-13,2026-04-13,2000-2026
金融与商业,FIN,证券投资,基金经理,Fund Manager,本科/硕士,22-28,global,45,7.06,7.02,7.08,6.59,7.54,6.35,5.5,6.56,8.54,6.95,4.75,9.03,5.41,3.14,3.12,6.52,5.46,2.5,5.46,8.89,6.58,6.52,3.94,6.97,7.06,4.69,4.99,6.96,0.51,5.61,7.91,4.45,7.75,4.02,5.92,4.49,6.89,0.63,瑞士,孟加拉国,3,1,general,↑,2028-2033,6.09,5.64,5.72,6.08,6.54,6.26,5.02,5.9,5.47,6.54,6.77,5.18,2026-04-13,2026-04-13,2000-2026
工程与制造,ENG,汽车,底盘工程师,Chassis Engineer,本科/硕士,22-28,global,45,6.59,6.05,6.59,7.1,6.62,5.61,6.16,6.24,7.08,6.67,6.69,7.19,5.57,5.25,5.09,6.59,5.56,1.39,6.48,6.64,3.48,5.52,5.52,6.51,4.09,4.72,6.57,5.51,3.05,3.1,5.95,3.57,6.77,4.6,5.92,4.61,7.13,0.67,德国,孟加拉国,3,1,general,↑,2032-2038,6.08,5.57,6.05,5.78,6.82,6.32,4.98,5.96,5.45,6.43,6.84,5.03,2026-04-13,2026-04-13,2000-2026
农业、资源与环境,AGR,环保,生态修复专家,Ecological Restoration Specialist,本科/硕士,24-32,global,45,6.08,6.13,6.01,7.56,6.5,3.72,5.62,6.23,6.21,6.02,6.23,7.15,6.08,6.19,5.62,5.57,5.05,1.4,7.55,6.55,1.98,6.02,6.02,8.5,5.02,6.64,5.95,6.04,5.48,5.11,4.42,3.58,6.7,4.11,5.91,4.57,7.18,0.79,丹麦,尼日利亚,3,3,general,↑↑,2032-2038,5.99,5.42,5.95,5.94,7.08,6.18,4.74,6.07,5.44,6.78,6.92,4.97,2026-04-13,2026-04-13,2000-2026
医疗与健康,MED,临床医学,耳鼻喉科医生,Otolaryngologist (ENT),博士/医学学位,28-35,global,45,9.06,9.08,6.75,8.61,7.15,7.01,7.28,7.21,7.44,5.73,8.18,7.07,4.99,3.7,3.61,5.57,4.02,1.88,6.93,8.69,1.97,6.39,3.92,8.03,5.92,5.18,6.54,7.98,5.02,9.12,1.47,3.99,6.74,3.0,5.91,4.84,6.76,0.53,德国,孟加拉国,3,1,general,↑,2032-2038,5.99,5.62,5.84,5.95,6.53,6.21,5.13,6.05,5.6,6.52,6.6,5.2,2026-04-13,2026-04-13,2000-2026
技术工种与手工业,SKL,传统手工艺,裁缝,Tailor / Dressmaker,师徒制/自学,16-30,global,45,5.5,2.98,3.7,8.58,4.28,5.4,4.9,5.56,4.59,5.08,5.64,6.7,5.57,6.17,6.6,4.55,3.52,2.02,8.03,5.68,2.1,8.02,5.99,8.11,7.55,6.87,7.56,6.49,3.48,2.08,4.44,7.02,4.69,2.01,5.91,4.78,7.34,0.69,瑞士,孟加拉国,0,0,general,→,2035+,5.89,5.48,5.94,5.76,6.87,6.14,4.98,6.12,5.4,6.79,6.93,5.11,2026-04-13,2026-04-13,2000-2026
工程与制造,ENG,环境工程,绿色建筑工程师,Green Building / LEED Engineer,本科/硕士,22-28,global,45,6.1,6.1,7.19,7.57,6.6,5.6,6.65,5.75,6.25,5.64,7.12,6.18,5.07,6.16,5.17,6.58,5.59,1.38,6.04,6.67,4.49,5.58,6.08,6.53,4.01,5.22,7.08,5.5,3.99,5.03,4.48,3.52,5.79,3.56,5.91,4.69,7.05,0.65,瑞典,尼日利亚,4,3,general,↑↑,2032-2038,6.01,5.62,5.92,5.91,6.86,6.25,4.99,5.88,5.42,6.54,6.77,5.04,2026-04-13,2026-04-13,2000-2026
技术工种与手工业,SKL,汽车维修,汽车空调维修技师,Automotive AC Technician,职校/学徒,18-25,global,45,4.01,2.99,5.71,7.55,6.55,7.59,6.35,6.54,5.55,6.55,6.58,5.69,5.09,5.25,5.65,5.59,5.0,1.48,6.98,5.06,0.6,6.56,5.01,6.47,7.58,2.75,6.49,6.49,6.48,4.62,5.49,6.95,5.2,2.6,5.91,4.57,7.34,0.78,瑞士,孟加拉国,2,1,general,↑,2032-2038,5.87,5.42,6.05,5.9,6.95,6.22,4.78,5.9,5.38,7.01,7.0,5.07,2026-04-13,2026-04-13,2000-2026
工程与制造,ENG,通信工程,光纤工程师,Fiber Optics Engineer,本科/硕士,22-28,global,45,6.55,6.1,6.14,7.61,6.7,5.06,6.15,6.17,6.62,6.65,7.14,7.65,5.57,5.26,5.09,6.06,5.55,1.39,6.55,6.61,2.99,5.99,5.55,6.08,4.51,4.73,6.58,5.52,4.49,3.59,5.06,4.06,6.8,4.14,5.91,4.66,7.08,0.64,德国,孟加拉国,3,2,general,↑,2032-2038,5.93,5.63,6.02,5.9,6.81,6.17,4.99,5.86,5.42,6.52,6.81,5.14,2026-04-13,2026-04-13,2000-2026
金融与商业,FIN,银行,信用卡业务经理,Credit Card Business Manager,本科,22-28,global,45,5.06,5.53,5.56,7.55,6.57,7.96,5.43,4.94,6.39,6.01,7.26,9.05,6.5,5.69,5.1,5.99,5.5,1.51,4.94,6.53,5.12,5.51,5.46,5.49,4.53,5.66,5.96,6.96,1.02,4.08,4.88,3.52,6.23,4.58,5.91,4.65,7.06,0.65,瑞士,孟加拉国,2,0,general,→,2028-2033,6.12,5.53,5.75,5.96,6.54,6.3,5.01,5.8,5.47,6.54,6.87,5.2,2026-04-13,2026-04-13,2000-2026
工程与制造,ENG,电气工程,仪器仪表工程师,Instrumentation Engineer,本科/硕士,22-28,global,45,6.11,6.12,6.16,7.56,6.67,5.66,5.65,6.2,6.68,6.67,7.18,7.18,5.58,5.75,5.14,6.52,5.51,1.39,6.02,6.6,2.96,6.05,5.57,6.57,4.52,4.73,6.55,5.0,3.49,3.59,4.92,3.98,6.23,3.6,5.91,4.71,7.05,0.64,德国,尼日利亚,2,1,general,↑,2032-2038,5.98,5.64,5.98,5.86,6.76,6.18,5.05,5.86,5.45,6.54,6.84,5.08,2026-04-13,2026-04-13,2000-2026
工程与制造,ENG,通信工程,天线工程师,Antenna Engineer,本科/硕士,22-28,global,45,7.12,7.1,6.1,7.5,6.58,4.61,6.19,6.21,6.62,6.64,7.17,7.62,5.57,5.18,5.1,6.11,5.56,1.42,6.6,6.68,4.52,6.12,5.5,6.11,4.56,4.74,6.53,5.5,3.48,3.56,4.96,4.04,6.72,4.09,5.91,4.67,7.01,0.65,瑞士,尼日利亚,3,2,general,↑,2032-2038,6.0,5.57,5.96,5.9,6.86,6.2,5.0,5.93,5.42,6.52,6.83,5.06,2026-04-13,2026-04-13,2000-2026
金融与商业,FIN,会计审计,审计师,Auditor,本科,22-28,global,45,6.06,6.08,5.16,8.53,6.52,8.01,5.51,4.92,6.47,6.03,7.73,9.52,6.99,3.17,3.08,6.49,6.06,1.48,4.44,6.58,6.53,6.0,3.45,5.42,6.47,6.23,6.47,6.5,0.48,7.03,3.45,5.5,7.29,3.55,5.91,4.66,7.1,0.65,瑞士,巴基斯坦,2,0,general,→,2026-2030,6.05,5.59,5.73,6.0,6.59,6.27,5.04,5.88,5.43,6.56,6.8,5.16,2026-04-13,2026-04-13,2000-2026
工程与制造,ENG,机械工程,包装工程师,Packaging Engineer,本科/硕士,22-28,global,45,5.09,5.03,5.64,7.06,6.12,6.08,5.62,5.79,6.6,6.17,7.13,7.63,5.57,5.7,5.08,6.51,5.53,1.39,5.5,5.65,4.06,6.02,6.06,6.55,4.59,4.75,6.51,4.96,3.46,3.07,5.5,3.95,6.74,3.07,5.91,4.67,7.03,0.66,瑞士,尼日利亚,2,0,general,→,2028-2033,6.01,5.58,6.04,5.93,6.8,6.16,5.01,5.99,5.4,6.48,6.83,4.98,2026-04-13,2026-04-13,2000-2026
技术工种与手工业,SKL,汽车维修,轮胎技师,Tire Technician,职校/学徒,18-25,global,45,1.99,1.48,5.67,6.57,6.65,7.51,6.26,6.57,4.11,6.52,6.65,5.71,5.06,5.24,5.63,5.51,4.93,1.52,7.46,3.57,0.62,6.54,5.01,6.56,7.49,2.62,6.48,6.49,6.99,4.09,5.42,7.03,5.2,2.6,5.9,4.58,7.3,0.77,瑞士,孟加拉国,2,1,general,↑,2032-2038,5.92,5.42,5.99,5.93,6.92,6.22,4.72,5.91,5.35,6.99,6.92,5.09,2026-04-13,2026-04-13,2000-2026
文化、艺术与传媒,ART,会展,画廊经营者,Gallery Owner / Dealer,本科,30-40,global,45,4.53,4.5,5.12,7.55,5.69,5.16,5.12,4.63,6.13,5.12,5.12,8.04,7.0,5.27,5.12,6.09,6.03,3.38,6.49,6.61,4.1,8.55,5.07,6.56,9.04,5.75,6.58,7.49,3.98,2.02,6.41,5.51,6.29,4.13,5.9,4.77,6.91,0.56,荷兰,巴基斯坦,2,1,general,→,2032-2038,5.94,5.57,5.91,5.72,6.58,6.32,5.05,5.94,5.56,6.57,6.71,5.24,2026-04-13,2026-04-13,2000-2026
工程与制造,ENG,质量控制,认证工程师(CE/UL),Certification Engineer (CE/UL),本科,22-28,global,45,5.59,5.6,5.08,8.04,6.14,6.61,5.18,5.27,5.71,5.62,7.59,7.65,6.1,6.18,5.65,6.52,5.58,0.9,6.07,6.19,4.01,5.52,6.05,5.52,4.06,5.27,7.01,5.99,2.98,5.62,4.41,3.55,7.2,3.05,5.9,4.65,6.94,0.65,德国,尼日利亚,2,1,general,↑,2032-2038,6.0,5.58,5.99,5.92,6.8,6.13,4.99,5.89,5.44,6.6,6.76,5.01,2026-04-13,2026-04-13,2000-2026
文化、艺术与传媒,ART,出版写作,文学经纪人,Literary Agent,本科,22-35,global,45,5.07,5.12,4.15,8.04,4.66,3.7,4.16,4.12,6.09,4.69,4.67,8.54,6.98,5.7,5.1,7.07,6.08,2.95,4.49,5.56,8.03,8.03,6.52,7.51,7.53,6.16,7.0,7.53,1.42,1.6,4.53,7.04,6.76,3.52,5.9,4.72,6.91,0.59,德国,巴基斯坦,0,-1,general,→,2028-2033,5.93,5.54,5.77,5.79,6.65,6.27,4.99,6.05,5.6,6.56,6.77,5.26,2026-04-13,2026-04-13,2000-2026
文化、艺术与传媒,ART,会展,拍卖师,Auctioneer,本科,22-30,global,45,4.57,4.6,5.15,8.1,5.69,5.2,5.09,4.61,5.72,5.08,5.14,8.03,7.02,5.24,5.12,6.01,6.05,1.97,7.56,6.14,4.05,6.02,5.06,6.5,6.59,5.74,6.54,9.02,4.07,3.01,6.41,5.52,6.29,4.13,5.9,4.78,6.82,0.56,荷兰,巴基斯坦,2,1,general,→,2035+,5.94,5.56,5.87,5.77,6.62,6.17,5.12,5.99,5.59,6.52,6.72,5.24,2026-04-13,2026-04-13,2000-2026
工程与制造,ENG,机械工程,有限元分析工程师(FEA),Finite Element Analysis (FEA) Engineer,本科/硕士,22-28,global,45,7.09,7.1,5.57,7.55,5.06,4.08,5.69,5.66,6.59,6.17,7.15,7.64,5.62,5.74,5.13,6.62,5.56,1.41,7.03,7.06,5.03,6.06,6.03,6.6,4.54,4.71,6.55,5.01,3.49,3.08,5.48,4.02,6.78,3.11,5.9,4.63,7.02,0.65,瑞典,尼日利亚,2,1,general,↑,2032-2038,6.01,5.6,5.95,5.84,6.85,6.14,5.01,5.94,5.44,6.52,6.79,5.04,2026-04-13,2026-04-13,2000-2026
工程与制造,ENG,通信工程,通信网络工程师,Telecommunications Network Engineer,本科/硕士,22-28,global,45,6.58,6.08,6.12,7.55,6.69,6.06,6.17,6.21,6.61,6.68,7.17,7.64,5.58,5.24,5.11,6.02,5.58,1.38,5.54,6.62,4.05,6.0,5.57,6.02,4.56,4.7,6.52,5.5,4.06,3.54,5.05,3.94,6.78,4.11,5.9,4.75,7.03,0.64,瑞士,巴基斯坦,3,2,general,↑,2028-2033,5.97,5.58,5.97,5.9,6.79,6.21,4.98,5.89,5.44,6.54,6.82,5.06,2026-04-13,2026-04-13,2000-2026
金融与商业,FIN,证券投资,债券分析师,Fixed Income Analyst,本科/硕士,22-28,global,45,7.07,7.08,7.14,6.54,7.51,6.45,6.45,6.49,6.85,7.0,5.71,9.02,5.49,3.66,3.56,6.45,5.46,2.5,5.45,7.93,6.57,6.44,3.9,6.5,7.01,4.65,5.03,6.98,0.45,5.62,7.5,4.41,7.77,4.05,5.9,4.39,7.04,0.71,瑞士,孟加拉国,3,1,general,↑,2028-2033,6.18,5.54,5.7,6.13,6.6,6.31,4.95,5.67,5.37,6.56,6.83,5.08,2026-04-13,2026-04-13,2000-2026
医疗与健康,MED,药学,药剂师,Pharmacist,本科/硕士,22-26,global,45,7.1,7.07,5.8,8.1,6.19,6.66,6.21,5.74,6.27,6.62,7.7,8.56,6.48,5.6,5.56,5.52,5.03,1.38,4.4,7.18,2.52,5.91,5.95,6.57,6.94,6.12,6.56,6.51,2.01,7.65,1.98,4.52,6.19,4.05,5.9,4.72,6.86,0.62,荷兰,孟加拉国,2,0,general,→,2026-2030,6.01,5.56,5.73,5.9,6.72,6.21,5.08,6.15,5.52,6.54,6.67,5.1,2026-04-13,2026-04-13,2000-2026
工程与制造,ENG,汽车,车辆动力系统工程师,Powertrain Engineer,本科/硕士,22-28,global,45,6.61,6.03,6.61,7.06,6.62,6.67,6.11,6.21,7.06,6.58,6.68,7.18,5.57,5.18,5.13,6.65,5.58,1.39,6.02,6.67,3.03,5.61,5.56,6.57,4.04,4.78,6.55,5.52,3.48,3.11,5.95,3.59,6.78,4.57,5.89,4.6,7.14,0.67,德国,尼日利亚,3,2,general,↑,2028-2033,6.04,5.62,6.04,5.8,6.79,6.27,4.94,5.88,5.36,6.42,6.83,4.99,2026-04-13,2026-04-13,2000-2026
教育与学术,EDU,早期教育,早教中心教师,Early Childhood Center Teacher,大专/本科(学前教育),20-26,global,45,4.04,4.56,4.51,7.11,6.05,6.68,5.68,5.75,3.64,4.58,6.83,8.55,4.97,6.64,4.64,4.57,4.54,1.41,9.07,5.2,1.71,5.06,5.99,7.6,5.09,8.84,6.17,8.99,5.98,4.57,2.38,4.07,4.27,2.07,5.89,5.02,6.93,0.54,瑞典,孟加拉国,2,1,general,↑,2035+,5.97,5.67,5.88,5.86,6.83,6.17,5.23,5.79,5.46,6.44,6.56,5.15,2026-04-13,2026-04-13,2000-2026
医疗与健康,MED,临床医学,神经外科医生,Neurosurgeon,博士/医学学位,28-35,global,45,9.87,9.88,6.71,7.09,7.15,7.17,8.68,9.15,9.42,5.72,8.13,6.06,5.02,2.23,2.08,5.52,4.09,1.9,6.97,9.76,2.01,6.46,1.96,8.08,5.93,5.19,6.6,8.02,6.49,9.18,1.5,3.96,6.72,3.15,5.89,4.99,6.6,0.46,丹麦,孟加拉国,3,2,general,↑,2032-2038,5.91,5.64,5.81,5.9,6.54,6.08,5.25,6.02,5.73,6.36,6.48,5.23,2026-04-13,2026-04-13,2000-2026
医疗与健康,MED,临床医学,急诊科医生,Emergency Medicine Physician,博士/医学学位,28-35,global,45,9.06,9.09,6.77,8.63,7.17,7.09,8.26,8.76,7.47,5.76,8.13,6.11,4.96,2.3,2.08,5.57,4.0,1.91,7.99,8.12,2.0,6.44,2.45,8.06,5.93,5.16,6.59,7.95,6.51,9.1,1.42,3.95,6.76,3.06,5.89,4.76,6.76,0.55,德国,巴基斯坦,3,3,general,↑↑,2035+,5.96,5.6,5.75,5.91,6.63,6.16,5.02,6.06,5.54,6.54,6.6,5.19,2026-04-13,2026-04-13,2000-2026
医疗与健康,MED,临床医学,内科医生,Internal Medicine Physician,博士/医学学位,28-35,global,45,9.07,9.05,6.8,8.62,7.12,7.01,7.17,7.3,7.01,5.73,8.12,7.06,4.97,3.61,3.6,5.52,4.07,1.92,6.48,8.67,2.52,6.39,3.91,8.15,5.9,5.27,6.56,8.02,3.99,9.13,1.41,4.04,6.79,3.07,5.89,4.86,6.91,0.53,德国,孟加拉国,3,2,general,↑,2032-2038,5.96,5.6,5.71,5.96,6.57,6.14,5.09,5.96,5.6,6.4,6.62,5.26,2026-04-13,2026-04-13,2000-2026
服务业与消费,SVC,家政照护,私人厨师,Private Chef,高中/证书,20-40,global,45,6.01,2.55,6.14,6.55,6.63,6.67,6.6,5.92,6.12,4.06,4.19,7.05,5.55,4.72,6.65,4.56,4.49,1.48,8.47,5.58,1.49,4.54,4.01,7.59,8.09,6.69,5.5,7.52,6.5,2.01,3.45,4.5,6.23,3.56,5.89,4.71,6.91,0.63,丹麦,尼日利亚,3,3,general,↑↑,2035+,5.99,5.6,5.87,5.88,6.79,6.08,4.98,5.92,5.44,6.7,6.71,5.13,2026-04-13,2026-04-13,2000-2026
金融与商业,FIN,保险,损失评估师,Loss Adjuster,本科,22-28,global,45,5.57,5.59,5.52,8.02,6.12,6.88,5.49,5.0,5.9,6.04,7.75,9.52,7.02,6.08,5.59,5.46,5.0,1.98,5.86,5.54,3.58,5.51,6.0,5.48,6.49,5.71,6.59,7.01,3.49,5.18,3.92,4.51,5.71,4.46,5.89,4.5,7.17,0.7,瑞士,巴基斯坦,2,1,general,↑,2028-2033,6.19,5.49,5.68,6.05,6.58,6.24,4.87,5.72,5.45,6.57,6.89,5.1,2026-04-13,2026-04-13,2000-2026
服务业与消费,SVC,美容养生,瑜伽教练,Yoga Instructor,专科/证书,20-30,global,45,4.52,3.52,7.1,7.03,6.17,6.22,5.62,4.93,4.62,5.06,5.18,7.56,6.0,4.75,5.63,5.54,5.01,1.96,7.48,5.03,2.02,6.01,4.58,8.03,8.58,6.74,6.09,7.5,5.5,3.09,4.98,6.54,5.78,3.57,5.89,4.84,6.9,0.58,丹麦,孟加拉国,3,3,general,↑↑,2035+,5.87,5.63,5.89,5.9,6.72,6.16,5.04,6.0,5.5,6.63,6.64,5.16,2026-04-13,2026-04-13,2000-2026
法律与社会服务,LAW,律师各专业,娱乐法律师,Entertainment Lawyer,法学博士/硕士,25-30,global,45,7.55,7.56,6.55,7.6,5.07,3.52,5.51,5.63,7.75,6.62,5.69,9.39,6.04,3.99,4.03,6.06,6.01,2.44,6.53,8.02,5.48,7.13,4.51,7.55,7.55,5.78,6.04,8.5,0.52,8.57,4.94,3.6,7.07,4.58,5.89,4.77,6.94,0.61,瑞士,孟加拉国,2,2,general,↑,2032-2038,6.01,5.52,5.72,5.84,6.6,6.17,5.07,5.97,5.52,6.67,6.75,5.2,2026-04-13,2026-04-13,2000-2026
技术工种与手工业,SKL,汽车维修,汽车喷漆工,Automotive Painter,职校/学徒,18-25,global,45,4.03,2.99,5.65,7.56,6.62,7.5,6.33,6.51,5.16,6.54,6.64,4.74,4.12,5.27,5.64,5.5,5.06,1.55,7.48,5.0,0.54,6.49,5.03,6.43,7.56,2.7,6.54,6.47,5.98,4.06,5.48,7.04,5.26,2.6,5.88,4.53,7.24,0.75,瑞士,孟加拉国,2,1,general,↑,2032-2038,5.85,5.42,5.92,5.9,6.84,6.24,4.77,5.83,5.35,7.0,6.95,5.07,2026-04-13,2026-04-13,2000-2026
教育与学术,EDU,教育管理,教务主任,Academic Dean,硕士/博士,35-45,global,45,7.52,7.52,4.57,7.64,4.09,4.19,4.62,4.7,6.53,6.12,7.88,9.53,6.03,5.21,4.18,6.02,5.09,1.38,7.55,7.65,4.16,7.09,5.57,7.61,4.15,5.73,7.12,8.52,1.48,6.54,1.4,3.59,5.28,3.57,5.88,4.86,7.01,0.58,芬兰,孟加拉国,1,0,general,→,2035+,5.93,5.63,5.9,5.87,6.94,6.03,5.09,5.81,5.45,6.54,6.57,5.13,2026-04-13,2026-04-13,2000-2026
服务业与消费,SVC,美容养生,SPA技师/水疗师,Spa Therapist,专科/证书,20-30,global,45,4.51,3.5,6.01,7.02,6.15,6.27,5.62,4.98,5.16,5.13,5.16,7.56,5.98,4.78,5.61,5.59,5.02,1.98,8.48,5.04,2.02,6.1,4.52,7.54,7.53,6.65,6.07,7.55,6.99,3.0,5.0,6.51,5.27,3.55,5.88,4.74,6.89,0.59,澳大利亚,巴基斯坦,3,2,general,↑,2035+,5.94,5.64,5.81,5.89,6.72,6.08,4.96,5.92,5.5,6.7,6.62,5.15,2026-04-13,2026-04-13,2000-2026
服务业与消费,SVC,酒店旅游,酒店总经理,Hotel General Manager,本科,30-40,global,45,4.54,6.11,5.14,8.03,5.7,6.18,5.17,4.97,7.22,4.5,6.69,7.05,6.51,4.2,5.67,6.05,5.54,1.98,7.03,7.58,2.48,8.06,4.04,6.0,7.54,5.74,5.57,8.0,5.01,2.53,7.58,4.44,7.76,4.55,5.88,4.76,6.78,0.56,瑞士,孟加拉国,2,1,general,↑,2032-2038,5.8,5.62,5.92,5.87,6.66,6.15,4.97,5.96,5.53,6.6,6.59,5.31,2026-04-13,2026-04-13,2000-2026
金融与商业,FIN,会计审计,出纳员,Cashier / Treasury Clerk,高中/大专,18-25,global,45,2.06,2.05,5.06,8.52,6.58,7.95,3.08,4.99,3.21,6.06,7.7,9.49,6.95,4.62,4.59,6.52,5.92,1.5,1.9,3.52,6.6,6.01,4.99,5.51,6.56,6.15,6.45,6.49,0.54,1.61,3.48,5.56,7.2,3.58,5.88,4.66,7.1,0.66,瑞士,孟加拉国,-2,-3,general,↓,2025-2028,6.03,5.53,5.72,5.99,6.59,6.3,5.03,5.82,5.4,6.46,6.79,5.15,2026-04-13,2026-04-13,2000-2026
文化、艺术与传媒,ART,动画游戏,游戏UI设计师,Game UI Designer,本科,20-28,global,45,5.58,5.03,6.64,7.05,6.62,6.16,6.12,5.66,5.73,5.65,5.19,8.03,6.56,3.69,6.65,6.53,5.5,2.41,5.0,5.56,7.53,6.07,4.08,7.59,5.54,5.22,6.02,5.47,2.46,1.52,5.95,5.54,6.72,5.11,5.88,4.66,6.85,0.59,德国,巴基斯坦,3,2,general,↑,2028-2033,5.98,5.56,5.87,5.65,6.62,6.14,5.01,5.94,5.53,6.57,6.77,5.2,2026-04-13,2026-04-13,2000-2026
工程与制造,ENG,化学工程,复合材料工程师,Composite Materials Engineer,本科/硕士,22-28,global,45,6.56,6.59,6.6,7.56,6.1,5.54,6.64,6.78,7.05,6.16,7.2,6.13,4.59,5.72,5.13,6.02,5.01,1.41,6.55,6.62,3.49,5.56,5.54,6.61,4.06,4.76,6.56,5.02,3.49,3.59,4.92,3.48,6.26,3.59,5.88,4.68,6.99,0.64,德国,孟加拉国,3,2,general,↑,2032-2038,5.95,5.55,6.0,5.84,6.8,6.19,4.99,5.9,5.4,6.46,6.74,5.06,2026-04-13,2026-04-13,2000-2026
工程与制造,ENG,化学工程,生物化学工程师,Biochemical Engineer,本科/硕士,22-28,global,45,6.58,6.5,6.61,7.6,6.09,5.61,6.68,6.75,7.1,6.11,7.14,6.14,4.55,5.72,5.1,6.08,5.08,1.42,6.55,6.69,3.52,5.58,5.51,6.52,4.07,4.74,6.55,5.01,3.51,3.62,4.96,3.56,6.24,3.52,5.88,4.66,7.0,0.66,瑞典,巴基斯坦,3,2,general,↑,2032-2038,6.02,5.58,5.91,5.88,6.83,6.18,4.97,5.79,5.45,6.45,6.79,4.97,2026-04-13,2026-04-13,2000-2026
教育与学术,EDU,学术研究,学术期刊编辑,Academic Journal Editor,博士/硕士,28-38,global,45,7.04,7.51,3.51,8.19,4.13,2.67,4.65,5.3,5.24,4.64,7.24,9.5,6.51,5.68,5.08,5.58,5.05,0.91,5.52,6.69,8.11,7.02,7.05,7.02,3.54,6.67,8.14,6.07,0.52,6.05,1.4,6.56,7.22,3.54,5.88,4.8,7.16,0.69,芬兰,尼日利亚,0,-1,general,→,2028-2033,6.05,5.46,5.89,5.88,7.03,6.17,5.08,5.83,5.34,6.65,6.74,4.99,2026-04-13,2026-04-13,2000-2026
工程与制造,ENG,电气工程,PLC编程工程师,PLC Programmer,本科/硕士,22-28,global,45,5.56,5.08,6.02,7.54,6.68,5.59,6.1,6.23,6.65,6.61,7.23,7.14,5.58,5.71,5.14,6.54,5.52,1.42,5.04,5.69,2.95,6.06,5.5,6.62,4.55,4.78,6.54,5.02,3.53,3.58,4.96,3.99,6.22,3.64,5.88,4.66,7.07,0.64,德国,尼日利亚,2,1,general,↑,2028-2033,5.95,5.55,5.94,5.88,6.8,6.16,4.98,5.89,5.38,6.52,6.79,5.03,2026-04-13,2026-04-13,2000-2026
文化、艺术与传媒,ART,会展,艺术博览会策展人,Art Fair Curator,本科,22-30,global,45,4.58,4.53,5.1,7.51,5.72,5.15,5.19,4.62,5.72,5.13,5.14,8.03,7.01,5.24,5.12,6.11,6.0,1.93,6.53,6.54,3.99,6.04,5.04,7.53,6.61,5.75,6.57,8.01,4.02,1.99,6.42,5.57,6.23,4.06,5.87,4.73,6.88,0.58,荷兰,孟加拉国,2,1,general,→,2032-2038,5.93,5.55,5.83,5.72,6.6,6.22,5.02,5.99,5.52,6.59,6.7,5.17,2026-04-13,2026-04-13,2000-2026
工程与制造,ENG,机械工程,热能工程师,Thermal Engineer,本科/硕士,22-28,global,45,6.62,6.62,5.65,7.52,5.14,5.59,5.17,5.78,6.66,6.14,7.19,7.66,5.57,5.7,5.12,6.64,5.5,1.42,6.54,6.62,3.96,6.01,6.06,6.63,4.51,4.71,6.59,4.97,3.48,3.09,5.44,4.02,6.78,3.16,5.87,4.58,6.98,0.65,瑞士,孟加拉国,2,1,general,↑,2032-2038,5.97,5.56,5.96,5.82,6.83,6.11,4.96,5.9,5.39,6.44,6.8,5.0,2026-04-13,2026-04-13,2000-2026
文化、艺术与传媒,ART,博物馆与文化遗产,古建筑修复专家,Heritage Building Restorer,硕士,24-32,global,45,6.56,6.52,4.79,8.52,4.37,3.5,4.66,5.12,5.22,4.63,7.09,8.52,7.57,6.69,4.6,6.01,5.03,0.94,9.02,6.56,4.03,6.0,6.57,7.57,3.51,6.1,7.51,6.48,5.49,4.03,3.48,4.02,5.73,5.59,5.87,4.82,6.72,0.5,瑞士,孟加拉国,1,0,general,→,2035+,5.84,5.61,5.93,5.68,6.5,6.21,5.16,6.07,5.5,6.32,6.62,5.29,2026-04-13,2026-04-13,2000-2026
文化、艺术与传媒,ART,出版写作,自出版作者,Self-publishing Author,本科,22-35,global,45,5.1,3.05,4.12,8.06,4.69,4.7,4.14,4.11,3.72,4.62,2.19,8.48,7.02,5.75,5.07,7.08,6.04,2.94,5.01,5.55,9.39,9.39,6.6,7.53,9.5,6.25,7.06,5.0,1.48,1.54,4.49,7.07,6.8,3.62,5.87,4.8,6.75,0.56,瑞士,孟加拉国,0,-1,general,→,2028-2033,5.91,5.55,5.84,5.72,6.57,6.19,5.16,5.94,5.55,6.52,6.68,5.19,2026-04-13,2026-04-13,2000-2026
金融与商业,FIN,保险,保险理赔员,Claims Adjuster,本科,22-28,global,45,5.57,5.57,5.55,8.01,6.08,6.91,5.52,4.94,5.96,6.04,7.76,9.49,6.96,6.13,5.59,5.58,5.04,1.96,4.94,5.45,4.04,5.5,5.92,5.53,6.48,5.76,6.45,7.0,3.01,5.1,3.93,4.52,5.7,4.55,5.86,4.41,7.14,0.73,瑞士,孟加拉国,2,1,general,↑,2028-2033,6.13,5.46,5.64,6.02,6.49,6.2,4.83,5.81,5.36,6.6,6.86,5.04,2026-04-13,2026-04-13,2000-2026
教育与学术,EDU,学术研究,自然科学研究员,Natural Science Researcher,博士,27-35,global,45,9.0,9.07,5.1,8.12,5.7,4.17,5.6,6.84,6.06,5.06,6.79,7.55,5.57,4.74,4.2,7.06,5.61,1.4,6.95,7.75,4.56,7.5,5.11,8.58,5.13,5.31,6.64,6.02,3.48,8.09,2.9,5.06,8.58,3.51,5.86,4.52,7.02,0.68,芬兰,尼日利亚,2,1,general,↑,2032-2038,6.06,5.48,5.86,5.85,6.89,6.11,4.96,5.88,5.35,6.54,6.7,4.96,2026-04-13,2026-04-13,2000-2026
工程与制造,ENG,机械工程,液压工程师,Hydraulic Systems Engineer,本科/硕士,22-28,global,45,6.1,6.09,5.62,7.58,5.62,5.02,5.13,5.72,6.64,6.14,7.12,7.64,5.65,5.72,5.16,6.57,5.58,1.41,6.57,6.68,2.55,6.03,6.03,6.51,4.52,4.81,6.52,5.02,3.98,3.09,5.45,4.02,6.78,3.15,5.86,4.67,7.09,0.64,瑞士,尼日利亚,2,1,general,↑,2032-2038,5.97,5.51,5.91,5.81,6.76,6.12,5.01,5.82,5.37,6.47,6.81,5.02,2026-04-13,2026-04-13,2000-2026
工程与制造,ENG,质量控制,标准化工程师,Standards Engineer,本科,22-28,global,45,5.57,5.52,5.2,8.09,6.19,5.64,5.18,5.14,5.77,5.68,7.65,7.64,6.12,6.2,5.69,6.59,5.56,0.92,5.0,6.19,5.05,5.55,6.08,5.55,4.04,5.22,7.04,6.01,2.98,4.08,4.45,3.55,6.27,3.17,5.86,4.74,7.01,0.63,瑞士,孟加拉国,2,1,general,↑,2028-2033,5.94,5.53,5.91,5.82,6.84,6.12,5.02,5.85,5.4,6.42,6.75,5.04,2026-04-13,2026-04-13,2000-2026
教育与学术,EDU,学术研究,社会科学研究员,Social Science Researcher,博士,27-35,global,45,8.02,8.59,4.03,8.09,5.1,4.25,4.6,5.2,5.53,4.6,6.28,9.49,6.05,5.21,4.6,7.0,5.55,1.9,6.49,7.18,7.15,8.1,5.56,8.06,4.54,6.29,7.69,6.51,1.0,7.6,2.92,6.56,7.73,3.08,5.86,4.75,7.09,0.67,芬兰,孟加拉国,1,0,general,→,2032-2038,6.05,5.46,5.88,5.86,7.04,6.13,4.98,5.86,5.34,6.62,6.64,5.0,2026-04-13,2026-04-13,2000-2026
金融与商业,FIN,企业管理,首席执行官(CEO),Chief Executive Officer (CEO),硕士/MBA/博士,35-50,global,45,8.1,8.62,6.03,6.98,5.59,5.01,3.53,5.45,9.22,6.56,4.23,9.54,5.45,2.21,2.59,7.52,5.5,4.45,7.44,9.61,5.55,8.97,3.46,8.42,8.9,4.75,5.48,8.51,1.5,2.13,5.42,3.0,7.3,3.03,5.86,4.63,6.79,0.56,瑞士,孟加拉国,2,1,general,↑,2032-2038,5.96,5.61,5.79,5.95,6.43,6.16,5.05,5.83,5.45,6.49,6.64,5.21,2026-04-13,2026-04-13,2000-2026
医疗与健康,MED,兽医学,兽医公共卫生专家,Veterinary Public Health Specialist,博士/兽医学位,26-30,global,45,7.58,7.61,5.77,7.58,6.18,4.61,6.15,6.72,5.49,5.6,8.2,6.58,4.98,5.14,4.61,4.54,3.65,1.39,7.97,6.6,4.07,6.93,4.92,7.66,7.51,7.06,6.03,6.5,5.98,7.66,2.48,4.43,6.25,2.52,5.86,4.8,6.78,0.57,瑞士,巴基斯坦,3,2,general,↑,2035+,5.91,5.49,5.71,5.92,6.61,6.24,5.02,6.01,5.52,6.54,6.61,5.16,2026-04-13,2026-04-13,2000-2026
工程与制造,ENG,电气工程,变电站工程师,Substation Engineer,本科/硕士,22-28,global,45,6.06,6.07,6.18,7.54,6.68,5.12,6.19,6.2,6.67,6.62,8.09,5.62,5.58,5.7,5.11,6.57,5.5,1.41,5.99,6.62,2.54,6.06,5.59,6.51,4.57,4.78,6.51,5.01,4.47,5.1,4.93,4.02,6.29,3.57,5.86,4.69,6.95,0.64,瑞士,孟加拉国,2,1,general,↑,2032-2038,5.99,5.53,5.91,5.84,6.79,6.1,4.98,5.87,5.33,6.44,6.78,5.03,2026-04-13,2026-04-13,2000-2026
法律与社会服务,LAW,律师各专业,劳动法律师,Employment / Labor Lawyer,法学博士/硕士,25-30,global,45,7.56,7.59,5.6,8.0,6.04,5.48,5.59,5.64,6.96,6.08,7.18,9.03,5.95,4.55,4.03,6.07,5.99,1.94,6.54,7.58,4.93,6.58,4.51,6.58,6.52,5.71,6.58,7.51,0.51,8.59,3.45,3.02,5.56,3.48,5.86,4.64,7.01,0.67,英国,孟加拉国,2,1,general,→,2032-2038,6.0,5.48,5.65,5.75,6.72,6.12,4.98,5.88,5.41,6.7,6.78,5.18,2026-04-13,2026-04-13,2000-2026
工程与制造,ENG,机械工程,流体力学工程师,Fluid Mechanics Engineer,本科/硕士,22-28,global,45,7.06,7.12,5.63,7.53,5.08,4.6,5.17,5.74,6.61,6.16,7.14,7.68,5.61,5.72,5.1,6.59,5.54,1.39,7.06,7.15,4.06,6.06,6.03,6.54,4.51,4.76,6.53,4.96,3.52,3.1,5.49,3.96,6.74,3.08,5.86,4.67,7.02,0.64,瑞士,孟加拉国,2,1,general,↑,2032-2038,5.95,5.53,6.0,5.77,6.79,6.17,4.97,5.84,5.39,6.42,6.79,5.06,2026-04-13,2026-04-13,2000-2026
金融与商业,FIN,证券投资,信托经理,Trust Manager,本科/硕士,22-28,global,45,7.05,7.12,7.12,6.53,7.62,4.47,5.49,6.46,6.47,7.01,6.72,9.02,5.45,3.63,3.63,6.46,5.49,2.51,5.48,8.08,6.59,6.48,3.94,6.46,7.08,4.66,5.05,7.01,0.52,5.6,7.49,4.55,7.73,4.09,5.85,4.42,7.06,0.72,瑞士,孟加拉国,3,1,general,↑,2028-2033,6.13,5.46,5.63,6.04,6.55,6.22,4.92,5.78,5.27,6.52,6.83,5.05,2026-04-13,2026-04-13,2000-2026
公共管理与公务员,GOV,中央/联邦公务员,政策分析师,Policy Analyst,硕士,24-30,global,45,6.6,7.52,5.15,8.15,5.11,4.17,4.94,4.43,6.59,5.65,8.18,9.55,7.07,6.08,5.58,6.59,5.52,1.39,6.05,7.57,5.49,5.55,6.1,7.01,3.07,6.23,6.51,7.06,0.51,7.06,1.94,2.53,5.59,6.58,5.85,4.96,6.64,0.48,丹麦,尼日利亚,1,1,general,↑,2032-2038,5.97,5.68,5.72,5.83,6.55,5.86,5.34,5.98,5.51,6.43,6.47,5.14,2026-04-13,2026-04-13,2000-2026
服务业与消费,SVC,美容养生,按摩治疗师,Massage Therapist,专科/证书,20-30,global,45,4.51,3.49,6.01,7.06,6.12,6.16,5.57,4.84,4.67,5.08,5.17,7.53,6.03,4.72,5.72,5.5,5.04,1.99,9.06,5.08,2.01,6.03,4.52,7.06,7.54,6.68,6.09,7.45,7.51,3.56,4.98,6.57,5.23,3.63,5.85,4.82,6.84,0.58,瑞士,孟加拉国,3,2,general,↑,2035+,5.86,5.6,5.74,5.89,6.69,5.99,5.02,5.89,5.46,6.54,6.63,5.13,2026-04-13,2026-04-13,2000-2026
工程与制造,ENG,机械工程,振动与噪声工程师,Vibration & Acoustics Engineer,本科/硕士,22-28,global,45,7.04,7.09,5.65,7.5,5.08,4.13,5.19,5.73,6.57,6.11,7.14,7.64,5.55,5.75,5.12,6.6,5.52,1.38,7.06,6.67,3.99,6.08,6.08,6.54,4.59,4.76,6.56,5.0,3.49,3.07,5.41,4.04,6.73,3.01,5.85,4.62,7.0,0.67,瑞士,尼日利亚,2,1,general,↑,2032-2038,5.97,5.49,5.89,5.86,6.81,6.13,4.94,5.87,5.35,6.45,6.75,4.98,2026-04-13,2026-04-13,2000-2026
医疗与健康,MED,兽医学,小动物兽医,Small Animal Veterinarian,博士/兽医学位,26-30,global,45,7.6,7.62,5.72,7.62,6.15,5.51,7.2,6.78,6.01,5.58,7.16,6.59,4.98,5.19,4.61,4.52,3.58,1.39,7.96,6.62,1.51,6.88,4.92,8.08,7.97,7.1,6.06,6.49,5.98,7.6,2.47,4.46,6.24,2.59,5.85,4.74,6.76,0.55,荷兰,孟加拉国,3,3,general,↑↑,2035+,5.87,5.59,5.73,5.9,6.51,6.2,4.96,6.04,5.53,6.48,6.55,5.15,2026-04-13,2026-04-13,2000-2026
医疗与健康,MED,临床医学,骨科医生,Orthopedic Surgeon,博士/医学学位,28-35,global,45,9.55,9.58,6.75,8.59,7.14,7.06,7.22,7.32,8.6,5.7,8.18,6.58,4.99,3.21,3.12,5.55,4.11,1.91,6.97,8.66,2.01,6.38,3.96,8.09,5.94,4.17,6.53,7.99,7.5,9.11,1.5,3.97,6.7,3.06,5.85,4.78,6.63,0.51,荷兰,孟加拉国,3,2,general,↑,2032-2038,5.87,5.58,5.78,5.9,6.52,6.09,5.07,6.03,5.56,6.45,6.52,5.18,2026-04-13,2026-04-13,2000-2026
文化、艺术与传媒,ART,动画游戏,游戏美术设计师,Game Artist,本科,20-28,global,45,5.56,5.1,6.56,6.99,6.67,6.24,6.13,5.68,5.72,5.62,5.16,8.02,6.48,3.73,6.64,6.52,5.55,2.48,5.02,5.58,7.0,6.09,4.04,7.57,5.56,5.19,6.07,5.48,2.53,1.49,5.93,5.45,6.78,5.11,5.85,4.77,6.78,0.58,德国,孟加拉国,3,2,general,↑,2028-2033,5.91,5.49,5.81,5.74,6.55,6.21,5.03,6.01,5.51,6.44,6.71,5.15,2026-04-13,2026-04-13,2000-2026
法律与社会服务,LAW,律师各专业,环境法律师,Environmental Lawyer,法学博士/硕士,25-30,global,45,7.6,7.6,6.5,7.55,5.46,4.01,6.08,6.17,6.54,5.6,6.66,9.02,6.52,5.04,4.47,5.58,4.99,1.89,6.58,7.1,5.07,6.61,5.06,7.52,5.51,6.22,6.58,6.99,1.0,8.59,2.91,3.08,6.03,3.53,5.85,4.67,6.92,0.64,英国,孟加拉国,3,3,general,↑,2032-2038,5.95,5.54,5.65,5.69,6.61,6.2,5.05,5.82,5.4,6.66,6.74,5.17,2026-04-13,2026-04-13,2000-2026
文化、艺术与传媒,ART,博物馆与文化遗产,博物馆教育员,Museum Educator,硕士,24-32,global,45,6.62,6.11,4.8,8.55,4.4,3.95,4.69,5.11,4.28,4.62,7.16,8.52,7.53,6.69,4.63,6.07,5.05,0.92,7.54,6.67,3.97,5.99,6.55,8.01,3.59,6.22,7.54,8.01,3.0,3.49,3.47,4.02,5.74,5.53,5.85,4.83,6.8,0.52,荷兰,巴基斯坦,1,0,general,→,2035+,5.82,5.54,5.83,5.69,6.51,6.17,5.08,6.02,5.53,6.36,6.67,5.26,2026-04-13,2026-04-13,2000-2026
技术工种与手工业,SKL,传统手工艺,烟斗工匠,Pipe Maker,师徒制/自学,16-30,global,45,5.47,3.01,3.66,8.58,4.24,1.93,4.82,5.52,5.07,5.08,5.58,6.7,5.58,6.14,6.66,4.52,3.56,1.98,9.45,5.61,2.06,8.05,6.02,8.14,7.46,4.49,7.55,4.97,3.88,2.06,4.42,7.01,4.71,2.06,5.85,4.81,7.31,0.68,瑞士,尼日利亚,0,-1,general,→,2035+,5.83,5.49,5.91,5.73,6.77,6.11,4.97,5.94,5.31,6.75,6.87,5.05,2026-04-13,2026-04-13,2000-2026
工程与制造,ENG,汽车,汽车标定工程师,Automotive Calibration Engineer,本科/硕士,22-28,global,45,6.62,6.08,6.68,7.05,6.6,5.12,5.69,6.29,7.07,6.65,6.66,7.12,5.6,5.26,5.15,6.6,5.55,1.41,6.0,6.18,3.08,5.55,5.57,6.54,4.06,4.74,6.58,5.51,2.97,3.08,5.98,3.58,6.68,4.56,5.84,4.5,7.12,0.68,德国,孟加拉国,3,2,general,↑,2032-2038,5.97,5.46,5.97,5.81,6.75,6.24,4.87,5.89,5.36,6.32,6.79,4.89,2026-04-13,2026-04-13,2000-2026
技术工种与手工业,SKL,工业维护,工业机械维修工,Industrial Machinery Mechanic,职校/技校,20-28,global,45,4.48,3.52,5.61,7.5,6.23,6.54,7.38,7.56,6.05,6.5,7.12,5.19,5.13,5.31,5.64,5.51,5.01,1.48,7.0,5.06,0.6,6.01,5.01,6.05,5.55,3.13,6.57,5.01,6.51,4.1,4.96,4.96,5.64,3.68,5.84,4.66,7.2,0.72,德国,巴基斯坦,2,1,general,↑,2032-2038,5.88,5.46,6.07,5.76,6.78,6.11,4.79,5.89,5.29,6.72,6.87,4.96,2026-04-13,2026-04-13,2000-2026
服务业与消费,SVC,美容养生,康体私教(功能训练),Functional Training Coach,专科/证书,20-30,global,45,4.54,3.53,7.03,7.05,6.17,6.21,5.54,5.0,5.2,5.07,5.15,7.55,5.98,4.72,5.65,5.55,4.93,1.97,7.48,5.09,2.07,6.01,4.53,7.08,8.08,6.71,6.09,7.98,5.49,3.04,4.94,6.47,4.23,3.57,5.84,4.71,6.86,0.57,丹麦,孟加拉国,3,3,general,↑↑,2035+,5.88,5.61,5.8,5.86,6.61,6.09,4.97,5.87,5.44,6.61,6.61,5.12,2026-04-13,2026-04-13,2000-2026
交通运输与物流,TRA,物流管理,跨境电商物流专员,Cross-border E-commerce Logistics Specialist,本科,22-30,global,45,4.6,4.1,7.29,7.04,6.77,7.36,5.64,5.24,5.77,6.17,6.13,7.67,6.05,5.24,5.66,5.55,5.13,1.39,4.98,5.18,4.99,5.54,5.0,5.07,5.55,5.22,6.0,6.48,4.48,3.09,6.46,3.53,7.25,3.54,5.84,4.51,6.98,0.74,瑞士,孟加拉国,3,3,general,↑↑,2028-2033,5.93,5.47,5.83,5.93,6.84,6.22,4.78,5.87,5.25,6.7,6.82,4.91,2026-04-13,2026-04-13,2000-2026
金融与商业,FIN,证券投资,投资组合分析师,Portfolio Analyst,本科/硕士,22-28,global,45,6.61,7.09,7.15,6.5,7.54,6.35,6.48,6.59,6.56,7.06,5.22,9.01,5.49,3.63,3.61,6.55,5.52,2.5,4.44,8.02,6.55,6.49,3.94,6.52,7.02,4.66,5.04,7.02,0.47,5.64,7.44,4.55,7.74,3.92,5.84,4.41,7.02,0.7,英国,孟加拉国,3,1,general,↑,2026-2030,6.14,5.48,5.66,5.96,6.49,6.15,4.87,5.78,5.34,6.48,6.83,5.03,2026-04-13,2026-04-13,2000-2026
文化、艺术与传媒,ART,摄影,时尚摄影师,Fashion Photographer,本科/专科,20-30,global,45,4.6,4.04,4.56,7.51,5.15,4.66,4.63,4.15,6.16,4.63,4.16,8.05,7.05,5.18,5.13,6.05,5.59,2.44,5.04,6.63,5.56,8.01,5.07,7.54,8.04,5.7,6.57,6.5,3.51,1.5,5.41,7.54,6.8,3.13,5.84,4.69,6.94,0.59,荷兰,孟加拉国,1,0,general,→,2028-2033,5.91,5.47,5.82,5.69,6.62,6.18,4.96,6.03,5.5,6.5,6.68,5.14,2026-04-13,2026-04-13,2000-2026
医疗与健康,MED,临床医学,新生儿科医生,Neonatologist,博士/医学学位,28-35,global,45,9.03,9.1,6.79,8.59,7.14,7.06,7.76,7.26,7.47,5.66,8.15,6.09,4.91,2.77,2.58,5.56,4.01,1.92,6.94,8.68,2.07,6.42,2.91,9.04,5.94,5.15,6.64,8.0,5.04,9.12,1.49,4.0,6.73,3.07,5.84,4.75,6.76,0.54,瑞士,孟加拉国,3,2,general,↑,2032-2038,5.84,5.54,5.72,5.92,6.55,6.14,5.01,5.93,5.56,6.5,6.57,5.17,2026-04-13,2026-04-13,2000-2026
文化、艺术与传媒,ART,图书馆信息,数字档案管理员,Digital Archivist,硕士,24-30,global,45,5.1,5.56,5.61,9.05,3.64,3.68,5.15,3.67,4.68,4.6,8.0,9.04,7.97,7.2,3.69,5.58,5.04,0.48,5.5,5.08,7.01,5.58,7.47,6.57,2.57,6.67,8.02,4.96,1.53,2.56,2.48,4.07,4.73,4.65,5.84,4.67,6.75,0.56,德国,巴基斯坦,0,1,general,→,2028-2033,5.85,5.56,5.84,5.73,6.46,6.18,4.95,5.94,5.47,6.52,6.65,5.2,2026-04-13,2026-04-13,2000-2026
交通运输与物流,TRA,物流管理,仓储经理,Warehouse Manager,大专/本科,26-35,global,45,4.52,4.1,6.22,7.06,6.74,7.35,5.72,5.27,6.23,6.12,6.17,7.68,6.08,5.27,5.65,5.59,5.12,1.43,5.54,5.63,3.44,6.52,5.05,5.03,5.55,5.25,6.04,6.98,3.97,2.59,6.49,3.59,5.71,3.53,5.84,4.48,6.98,0.72,德国,孟加拉国,3,2,general,↑,2028-2033,5.94,5.5,5.87,5.87,6.8,6.11,4.79,5.88,5.27,6.69,6.79,4.94,2026-04-13,2026-04-13,2000-2026
工程与制造,ENG,环境工程,可靠性/可用性工程师(RAMS),"RAMS Engineer (Reliability, Availability)",本科/硕士,22-28,global,45,6.1,6.04,6.06,7.5,5.56,5.64,6.1,5.71,6.23,5.67,7.15,6.12,5.11,6.17,5.15,6.52,5.58,1.4,6.52,6.16,4.51,5.52,6.11,6.57,4.08,5.19,7.02,5.46,3.99,4.09,4.4,3.58,5.8,3.67,5.84,4.64,6.99,0.66,德国,尼日利亚,3,2,general,↑,2032-2038,5.93,5.49,5.89,5.78,6.79,6.17,4.99,5.86,5.36,6.42,6.78,4.93,2026-04-13,2026-04-13,2000-2026
文化、艺术与传媒,ART,动画游戏,2D动画师,2D Animator,本科,20-28,global,45,5.59,5.13,6.68,7.0,6.63,6.19,6.12,5.57,5.2,5.65,5.12,8.06,6.52,3.72,6.58,6.58,5.57,2.42,4.96,5.56,7.45,6.05,4.05,7.57,5.54,5.19,6.06,5.51,2.5,1.48,6.0,5.51,6.76,5.16,5.84,4.7,6.82,0.6,荷兰,巴基斯坦,3,2,general,↑,2028-2033,5.88,5.47,5.79,5.7,6.58,6.23,4.99,5.94,5.44,6.5,6.73,5.17,2026-04-13,2026-04-13,2000-2026
金融与商业,FIN,银行,信贷审批员,Credit Analyst,本科,22-28,global,45,5.1,6.11,5.59,7.55,6.58,7.95,5.57,5.08,5.96,6.0,7.25,9.03,6.48,5.61,5.15,5.96,5.5,1.51,4.43,6.51,5.04,5.51,5.44,5.43,4.48,5.65,6.0,7.02,1.0,4.09,4.95,3.48,6.25,4.53,5.84,4.42,7.0,0.65,瑞士,孟加拉国,2,0,general,→,2026-2030,5.99,5.56,5.72,6.06,6.5,6.15,4.9,5.7,5.35,6.43,6.74,5.13,2026-04-13,2026-04-13,2000-2026
技术工种与手工业,SKL,传统手工艺,编织工艺师,Weaver / Textile Artisan,师徒制/自学,16-30,global,45,5.52,3.0,3.79,8.56,4.24,2.91,4.37,5.57,4.16,4.98,5.62,6.7,5.52,6.22,6.61,4.55,3.53,2.02,9.53,5.63,2.07,8.03,6.01,7.62,7.57,6.47,7.54,4.99,4.02,2.1,4.5,7.09,4.63,2.11,5.84,4.79,7.31,0.69,瑞士,巴基斯坦,0,-1,general,→,2035+,5.85,5.44,5.9,5.7,6.72,6.08,4.9,5.95,5.3,6.66,6.91,5.03,2026-04-13,2026-04-13,2000-2026
文化、艺术与传媒,ART,博物馆与文化遗产,博物馆讲解员,Museum Guide / Docent,硕士,24-32,global,45,4.04,4.08,4.77,7.55,4.38,4.07,4.7,5.13,3.33,4.62,7.18,8.55,7.5,6.73,4.58,6.03,5.01,0.97,7.55,4.65,3.99,6.04,6.48,7.45,3.53,6.22,7.5,9.0,2.99,3.55,3.44,3.98,5.71,5.62,5.84,4.9,6.66,0.52,瑞士,巴基斯坦,1,0,general,→,2035+,5.86,5.52,5.85,5.66,6.53,6.18,5.12,5.97,5.49,6.42,6.63,5.22,2026-04-13,2026-04-13,2000-2026
文化、艺术与传媒,ART,出版写作,图书编辑,Book Editor,本科,22-35,global,45,5.07,5.09,4.08,8.03,4.61,4.67,4.15,4.18,4.25,4.62,5.66,8.51,6.98,5.75,5.13,7.04,6.1,2.93,5.06,5.54,8.01,8.1,6.55,7.5,7.03,6.21,7.08,4.98,1.56,1.53,4.46,7.05,6.68,3.59,5.84,4.64,6.82,0.58,荷兰,孟加拉国,0,-1,general,→,2028-2033,5.91,5.5,5.86,5.62,6.55,6.21,5.0,5.9,5.48,6.5,6.71,5.2,2026-04-13,2026-04-13,2000-2026
文化、艺术与传媒,ART,出版写作,小说家/作家,Novelist / Author,本科,22-35,global,45,5.13,5.08,4.09,8.01,4.66,4.77,4.18,4.07,4.23,4.58,2.69,8.54,6.96,5.72,5.12,7.04,6.01,3.95,5.48,5.53,9.36,9.44,6.54,9.0,8.08,6.24,7.09,4.97,1.54,1.5,4.51,7.05,6.77,3.52,5.83,4.76,6.72,0.57,澳大利亚,孟加拉国,0,-1,general,→,2028-2033,5.88,5.47,5.85,5.67,6.51,6.21,5.05,5.95,5.46,6.56,6.64,5.16,2026-04-13,2026-04-13,2000-2026
技术工种与手工业,SKL,汽车维修,摩托车维修技师,Motorcycle Mechanic,职校/学徒,18-25,global,45,3.98,2.98,5.66,7.5,6.68,5.52,5.85,6.56,5.08,6.57,6.67,5.69,5.06,5.22,5.61,5.53,4.98,1.52,7.01,5.01,0.49,6.53,5.03,6.53,7.52,2.67,6.55,6.48,6.49,4.09,5.42,6.96,5.14,2.64,5.83,4.6,7.32,0.75,瑞士,孟加拉国,2,1,general,↑,2032-2038,5.79,5.4,5.96,5.76,6.84,6.14,4.79,5.82,5.24,6.88,6.92,5.03,2026-04-13,2026-04-13,2000-2026
信息技术与数字化,TECH,软件开发,软件测试工程师,Software QA Engineer,本科/大专,21-28,global,45,4.07,4.08,5.14,6.08,6.11,7.08,4.61,4.24,5.41,6.06,5.58,9.51,6.51,5.69,5.1,6.03,5.58,2.42,3.47,5.18,7.94,5.51,6.06,5.01,5.02,6.24,6.07,5.46,0.98,0.54,5.46,6.57,7.29,2.16,5.83,4.56,6.84,0.66,瑞士,孟加拉国,2,-1,general,→,2026-2030,5.85,5.52,5.92,5.89,6.72,6.27,5.07,5.73,5.35,6.48,6.67,4.89,2026-04-13,2026-04-13,2000-2026
交通运输与物流,TRA,物流管理,货运代理人,Freight Forwarder,大专/本科,22-32,global,45,4.56,4.04,6.21,7.05,6.81,7.29,5.63,5.28,5.69,6.12,6.08,7.68,6.08,5.22,5.61,5.52,5.06,1.41,5.04,5.15,4.03,5.53,5.06,5.05,6.56,5.25,6.08,7.04,2.5,3.09,6.46,3.54,7.74,3.59,5.83,4.43,7.0,0.72,荷兰,孟加拉国,3,2,general,↑,2028-2033,5.92,5.5,5.81,5.88,6.8,6.19,4.73,5.81,5.32,6.62,6.82,4.9,2026-04-13,2026-04-13,2000-2026
农业、资源与环境,AGR,环保,污水处理工程师,Wastewater Treatment Engineer,本科/硕士,24-32,global,45,6.08,6.1,6.59,7.55,6.53,5.72,6.09,6.2,5.69,6.04,6.16,6.17,6.08,6.2,5.61,5.5,5.1,1.42,6.47,6.02,2.45,6.0,6.01,7.58,5.07,6.23,6.06,6.02,5.01,5.02,4.41,3.53,6.21,4.15,5.83,4.47,7.1,0.78,瑞典,尼日利亚,3,3,general,↑↑,2032-2038,5.85,5.41,5.8,5.88,7.05,6.02,4.65,6.01,5.38,6.66,6.82,4.85,2026-04-13,2026-04-13,2000-2026
金融与商业,FIN,证券投资,PE投资经理,Private Equity Manager,硕士/MBA,26-32,global,45,7.04,7.12,7.02,6.52,5.57,4.09,4.97,6.06,8.51,7.02,5.28,9.01,5.51,2.74,2.57,6.45,5.5,2.52,6.43,8.88,6.57,6.54,3.98,6.96,6.99,4.76,5.01,6.96,0.5,5.59,7.49,4.55,7.78,4.08,5.83,4.5,6.9,0.66,瑞士,孟加拉国,3,1,general,↑,2032-2038,5.98,5.52,5.65,5.97,6.54,6.2,5.01,5.77,5.38,6.42,6.7,5.03,2026-04-13,2026-04-13,2000-2026
农业、资源与环境,AGR,环保,空气质量分析师,Air Quality Analyst,本科/硕士,24-32,global,45,6.06,5.99,6.06,7.52,6.56,5.66,5.61,6.28,5.67,6.07,6.13,7.12,6.07,6.22,5.66,5.58,5.05,1.42,5.45,6.04,4.04,6.0,6.06,7.53,5.08,6.18,6.07,5.99,2.98,5.05,4.46,3.56,6.2,4.15,5.83,4.4,7.12,0.79,丹麦,尼日利亚,3,3,general,↑↑,2028-2033,5.88,5.32,5.9,5.84,7.04,6.07,4.67,6.0,5.33,6.7,6.84,4.89,2026-04-13,2026-04-13,2000-2026
金融与商业,FIN,房地产,土地规划师,Land Use Planner,本科/硕士,24-30,global,45,6.08,6.11,5.08,7.06,6.67,7.61,4.51,3.48,5.93,6.56,7.21,9.02,6.99,4.65,5.09,5.0,4.97,2.97,6.95,5.46,4.59,6.98,4.94,6.96,8.5,5.13,6.45,7.98,3.01,4.59,5.56,6.47,4.7,2.45,5.83,4.44,7.02,0.67,瑞士,孟加拉国,2,-1,general,→,2032-2038,6.01,5.52,5.54,5.94,6.47,6.25,4.89,5.77,5.34,6.45,6.79,5.07,2026-04-13,2026-04-13,2000-2026
文化、艺术与传媒,ART,摄影,航拍摄影师,Aerial/Drone Photographer,本科/专科,20-30,global,45,4.62,4.11,6.16,7.52,5.14,5.64,4.65,4.12,5.27,4.61,4.12,8.04,7.04,5.26,5.16,6.1,5.55,2.42,6.03,5.04,5.53,8.08,5.06,7.5,8.01,5.69,6.53,6.48,2.98,2.52,5.49,7.58,5.28,3.12,5.83,4.66,6.81,0.58,德国,孟加拉国,1,2,general,↑,2032-2038,5.84,5.52,5.9,5.65,6.57,6.22,4.95,5.89,5.44,6.5,6.66,5.17,2026-04-13,2026-04-13,2000-2026
文化、艺术与传媒,ART,动画游戏,游戏测试员(QA),Game QA Tester,本科,20-28,global,45,3.55,3.62,6.6,6.05,6.62,6.19,6.15,5.69,4.21,5.63,5.18,8.03,6.52,3.72,6.62,6.61,5.58,2.42,5.53,4.03,6.49,5.99,4.04,7.42,5.6,5.23,6.03,5.58,2.5,1.49,6.0,5.53,6.77,5.12,5.83,4.71,6.73,0.59,荷兰,孟加拉国,3,2,general,↑,2028-2033,5.88,5.48,5.79,5.65,6.65,6.2,4.98,5.9,5.48,6.52,6.67,5.15,2026-04-13,2026-04-13,2000-2026
工程与制造,ENG,质量控制,质量保证工程师(QA),Quality Assurance Engineer,本科,22-28,global,45,5.59,5.62,5.14,8.02,6.09,6.62,5.16,5.23,5.7,5.68,7.67,7.64,6.05,6.23,5.66,6.59,5.6,0.95,5.06,5.64,3.99,5.55,6.08,5.55,4.1,5.24,7.04,5.94,3.0,4.1,4.46,3.59,6.29,3.17,5.83,4.66,6.97,0.64,德国,尼日利亚,2,1,general,↑,2028-2033,5.85,5.48,5.87,5.79,6.75,6.12,5.02,5.91,5.32,6.45,6.75,4.96,2026-04-13,2026-04-13,2000-2026
教育与学术,EDU,教育管理,学生事务主任,Dean of Students,硕士+学生工作经验,30-40,global,45,6.08,6.57,4.05,7.62,4.64,4.18,4.64,4.28,5.77,5.58,7.38,9.53,5.53,5.23,4.6,5.57,5.02,1.39,8.05,6.71,3.67,6.62,5.56,7.54,3.59,6.69,6.6,8.99,2.04,5.12,1.34,3.04,5.21,3.0,5.83,4.76,6.89,0.58,瑞典,尼日利亚,1,1,general,↑,2035+,5.88,5.58,5.8,5.79,6.86,6.03,5.07,5.84,5.44,6.5,6.56,5.03,2026-04-13,2026-04-13,2000-2026
工程与制造,ENG,质量控制,质量控制工程师(QC),Quality Control Engineer,本科,22-28,global,45,5.59,5.54,5.14,8.04,6.17,6.57,5.19,5.22,5.73,5.65,7.63,7.61,6.05,6.18,5.63,6.63,5.53,0.91,5.56,5.65,2.98,5.51,6.04,5.53,4.02,5.23,7.06,5.97,3.48,4.07,4.47,3.53,6.16,3.1,5.82,4.68,6.92,0.64,瑞士,尼日利亚,2,1,general,↑,2028-2033,5.93,5.51,5.85,5.78,6.73,6.09,4.98,5.83,5.3,6.46,6.7,4.98,2026-04-13,2026-04-13,2000-2026
文化、艺术与传媒,ART,会展,会展组织者,Conference/Exhibition Organizer,本科,22-30,global,45,4.61,4.62,5.05,7.58,5.68,5.17,5.1,4.74,5.7,5.14,5.13,8.04,7.03,5.24,5.15,6.09,6.01,1.97,6.56,5.55,4.05,6.04,5.03,6.43,7.02,5.76,6.55,8.5,4.03,2.0,6.49,5.48,6.29,4.06,5.82,4.62,6.72,0.58,瑞士,巴基斯坦,2,1,general,→,2032-2038,5.9,5.51,5.76,5.67,6.55,6.21,4.9,5.93,5.45,6.5,6.66,5.17,2026-04-13,2026-04-13,2000-2026
工程与制造,ENG,制造管理,生产计划员,Production Planner,本科,22-30,global,45,4.6,4.52,5.6,6.99,6.7,7.13,5.68,5.28,5.21,6.65,7.18,7.17,5.63,5.24,5.11,7.04,6.03,1.4,4.54,5.09,3.52,6.51,5.54,6.1,5.01,4.78,7.08,6.93,3.01,3.11,5.49,3.42,5.72,3.67,5.82,4.57,7.06,0.66,瑞士,孟加拉国,2,1,general,↑,2028-2033,5.86,5.47,5.92,5.8,6.74,6.13,4.94,5.76,5.35,6.45,6.76,4.96,2026-04-13,2026-04-13,2000-2026
金融与商业,FIN,伊斯兰金融,伊斯兰教法合规分析师,Sharia Compliance Analyst,本科/硕士,24-30,regional,45,6.55,6.54,6.67,7.48,5.43,3.69,6.29,5.06,6.21,6.03,6.68,9.0,6.97,6.21,5.55,4.5,4.08,2.01,7.4,6.48,4.99,5.53,5.94,6.99,5.58,4.2,5.92,7.03,1.01,7.11,4.39,4.04,5.24,4.06,5.82,4.73,6.9,0.61,英国,越南,3,3,general,↑↑,2035+,5.86,5.6,5.52,6.25,6.28,6.09,5.3,5.59,5.2,6.34,6.65,5.21,2026-04-13,2026-04-13,2000-2026
技术工种与手工业,SKL,传统手工艺,鞋匠/制鞋师,Cobbler / Shoemaker,师徒制/自学,16-30,global,45,5.48,3.02,3.62,8.57,4.29,3.41,4.39,5.6,4.11,5.06,5.6,6.69,5.6,6.18,6.69,4.56,3.49,2.02,9.51,5.69,2.06,7.92,6.03,8.12,7.51,4.53,7.56,5.0,4.48,2.06,4.4,7.04,4.7,2.06,5.82,4.73,7.35,0.71,瑞士,巴基斯坦,0,-1,general,→,2035+,5.77,5.35,5.85,5.76,6.78,6.07,4.92,6.0,5.3,6.72,6.89,4.97,2026-04-13,2026-04-13,2000-2026
金融与商业,FIN,证券投资,股票分析师,Equity Analyst,本科/硕士,22-28,global,45,7.1,7.09,7.06,6.49,7.5,6.39,6.54,6.47,6.94,7.04,5.21,9.0,5.42,3.66,3.62,6.43,5.51,2.52,4.4,8.02,6.54,6.5,3.95,6.46,7.01,4.72,4.92,6.99,0.5,5.59,7.44,4.48,7.78,4.0,5.82,4.37,6.95,0.7,瑞士,孟加拉国,3,1,general,↑,2026-2030,6.12,5.5,5.56,5.99,6.48,6.18,4.83,5.73,5.33,6.47,6.76,5.03,2026-04-13,2026-04-13,2000-2026
公共管理与公务员,GOV,国际组织,国际发展顾问,International Development Advisor,硕士/博士,28-38,global,45,7.08,8.06,5.14,7.69,3.63,2.21,4.9,5.01,7.51,5.69,6.94,6.56,6.58,5.55,5.09,7.01,6.05,1.89,7.1,8.09,5.49,6.59,4.11,8.54,3.52,7.2,5.58,8.49,2.99,7.02,2.97,2.09,9.4,6.02,5.82,4.95,6.69,0.49,瑞典,孟加拉国,1,1,general,↑,2032-2038,5.92,5.56,5.7,5.81,6.61,5.82,5.24,5.94,5.51,6.42,6.42,5.18,2026-04-13,2026-04-13,2000-2026
医疗与健康,MED,临床医学,心胸外科医生,Cardiothoracic Surgeon,博士/医学学位,28-35,global,45,9.9,9.88,6.8,7.08,7.17,7.09,8.25,9.07,9.07,5.65,8.17,5.56,4.93,2.22,2.05,5.6,4.0,1.92,6.96,9.47,2.03,6.45,1.92,8.0,5.92,5.19,6.59,7.96,6.99,9.15,1.44,3.96,6.74,3.03,5.82,4.78,6.62,0.5,瑞典,孟加拉国,3,1,general,↑,2032-2038,5.9,5.56,5.71,5.81,6.54,6.04,5.07,6.03,5.52,6.37,6.41,5.18,2026-04-13,2026-04-13,2000-2026
医疗与健康,MED,临床医学,重症医学科医生,Intensivist (ICU Physician),博士/医学学位,28-35,global,45,9.08,9.09,6.73,8.58,7.11,7.01,8.27,7.23,7.46,5.73,8.11,6.07,4.95,2.25,2.05,5.69,4.09,1.91,7.45,8.58,2.0,6.46,2.44,8.18,5.95,5.13,6.58,7.99,4.99,9.11,1.4,3.96,6.75,3.03,5.82,4.76,6.64,0.54,荷兰,孟加拉国,3,3,general,↑↑,2035+,5.93,5.55,5.76,5.82,6.53,6.09,5.02,5.96,5.47,6.46,6.5,5.08,2026-04-13,2026-04-13,2000-2026
服务业与消费,SVC,美容养生,健身教练,Fitness Trainer / Personal Trainer,专科/证书,20-30,global,45,4.56,3.54,7.1,7.09,6.24,6.18,5.55,4.92,5.11,5.14,4.62,7.54,6.0,4.75,5.62,5.59,5.07,2.02,7.53,5.02,2.05,6.03,4.53,7.05,8.02,6.68,6.04,8.5,6.99,3.01,4.92,6.48,4.25,3.61,5.82,4.75,6.82,0.59,瑞士,孟加拉国,3,3,general,↑↑,2035+,5.85,5.54,5.76,5.82,6.63,6.06,4.97,5.89,5.41,6.62,6.57,5.09,2026-04-13,2026-04-13,2000-2026
工程与制造,ENG,土木与建筑,建筑师,Architect,本科/硕士,22-28,global,45,7.08,7.07,5.34,9.08,6.76,7.2,5.72,5.21,6.61,5.64,7.21,5.65,5.08,5.74,5.12,6.06,5.04,1.43,7.04,8.18,4.56,5.56,5.45,7.62,6.02,4.18,7.1,6.52,4.97,7.1,6.42,3.56,5.24,3.67,5.81,4.53,6.97,0.65,瑞士,尼日利亚,2,1,general,↑,2032-2038,5.93,5.52,5.89,5.84,6.73,6.12,4.9,5.75,5.28,6.46,6.67,4.93,2026-04-13,2026-04-13,2000-2026
法律与社会服务,LAW,宗教,基督教牧师,Christian Pastor / Minister,神学本科/硕士,24-35,global,45,5.56,5.03,3.57,9.02,5.14,5.6,4.56,4.19,4.03,4.02,7.1,8.56,6.53,4.54,4.04,5.51,4.46,2.99,9.05,7.09,3.05,7.6,5.54,9.07,4.53,5.17,8.55,9.48,1.52,5.49,0.94,3.54,5.54,3.5,5.81,4.99,6.53,0.44,荷兰,巴基斯坦,0,0,general,→,2035+,5.8,5.63,5.74,5.58,6.38,6.01,5.28,5.87,5.54,6.46,6.4,5.41,2026-04-13,2026-04-13,2000-2026
工程与制造,ENG,化学工程,材料工程师,Materials Engineer,本科/硕士,22-28,global,45,6.54,6.6,6.1,7.57,6.16,6.08,6.14,6.23,6.71,6.15,7.18,6.16,4.55,5.73,5.08,6.04,5.04,1.4,6.5,6.67,3.47,5.54,5.54,6.56,4.07,4.73,6.54,5.0,3.49,3.54,4.92,3.55,6.27,3.58,5.81,4.51,7.02,0.64,德国,尼日利亚,2,1,general,↑,2032-2038,5.89,5.5,5.91,5.78,6.76,6.07,4.9,5.78,5.32,6.34,6.73,4.97,2026-04-13,2026-04-13,2000-2026
文化、艺术与传媒,ART,动画游戏,动作捕捉技术员,Motion Capture Technician,本科,20-28,global,45,5.53,5.01,6.61,7.09,6.66,4.15,6.14,5.56,6.23,5.65,5.13,8.07,6.46,3.72,6.61,6.64,5.5,2.42,7.04,5.56,2.47,6.01,3.99,7.51,5.51,5.25,6.07,5.48,3.99,1.52,5.92,5.49,6.75,5.17,5.81,4.58,6.69,0.58,加拿大,巴基斯坦,3,2,general,↑,2032-2038,5.87,5.5,5.74,5.66,6.53,6.17,4.94,5.98,5.48,6.47,6.61,5.11,2026-04-13,2026-04-13,2000-2026
金融与商业,FIN,房地产,商业地产经理,Commercial Real Estate Manager,本科/硕士,28-35,global,45,4.07,4.08,5.01,7.05,6.64,7.63,4.5,3.48,6.77,6.54,5.73,9.04,6.98,4.65,5.08,4.97,5.08,3.01,5.94,5.45,4.54,7.01,4.96,5.54,8.58,5.16,6.56,8.51,2.98,4.61,8.51,6.54,5.76,2.48,5.81,4.45,7.01,0.67,瑞士,孟加拉国,2,-1,general,→,2032-2038,6.0,5.46,5.58,6.02,6.51,6.22,4.91,5.68,5.33,6.52,6.68,5.07,2026-04-13,2026-04-13,2000-2026
法律与社会服务,LAW,心理社会服务,职业康复咨询师,Vocational Rehabilitation Counselor,硕士,24-30,global,45,5.61,5.61,5.0,7.59,5.05,4.55,5.08,5.14,4.51,4.51,6.58,9.02,6.5,6.06,5.04,5.58,5.0,1.47,7.54,5.59,4.58,6.09,6.04,7.52,4.05,7.17,7.1,8.53,1.48,6.06,2.4,3.99,4.57,4.02,5.81,4.76,6.82,0.58,瑞士,孟加拉国,1,1,general,→,2032-2038,5.89,5.47,5.66,5.72,6.6,6.0,5.1,5.95,5.45,6.55,6.61,5.12,2026-04-13,2026-04-13,2000-2026
文化、艺术与传媒,ART,博物馆与文化遗产,考古学家,Archaeologist,硕士/博士,24-32,global,45,7.58,8.07,4.78,8.53,4.43,4.0,4.71,5.12,5.28,4.59,7.1,8.54,7.54,6.71,4.62,6.08,5.02,0.95,8.03,7.13,3.98,5.98,6.58,8.55,3.65,6.22,7.44,6.5,4.99,3.53,3.47,4.08,5.71,5.58,5.81,4.8,6.77,0.52,荷兰,巴基斯坦,1,0,general,→,2035+,5.85,5.48,5.91,5.61,6.46,6.13,5.07,5.97,5.46,6.26,6.62,5.24,2026-04-13,2026-04-13,2000-2026
文化、艺术与传媒,ART,出版写作,翻译,Translator,本科,22-35,global,45,5.12,5.06,4.12,8.02,4.62,4.68,4.63,4.18,4.24,4.61,4.67,8.54,6.98,5.7,5.15,7.06,6.04,2.96,3.55,5.57,8.89,8.05,6.56,7.57,7.06,6.21,7.08,5.0,1.53,1.54,4.47,7.06,8.22,3.56,5.81,4.72,6.84,0.57,瑞士,巴基斯坦,0,-1,general,→,2026-2030,5.86,5.43,5.77,5.68,6.47,6.16,5.07,5.85,5.43,6.47,6.7,5.14,2026-04-13,2026-04-13,2000-2026
服务业与消费,SVC,家政照护,老年护理员,Elderly Care Worker,高中/证书,20-40,global,45,3.51,2.52,7.65,6.52,6.63,6.75,7.68,5.92,3.76,4.13,4.24,7.03,5.53,4.79,7.14,4.52,4.58,1.48,9.0,3.58,1.56,4.53,4.05,6.58,4.56,6.67,5.58,7.46,6.5,2.07,3.5,4.58,4.78,3.6,5.81,4.7,6.96,0.64,瑞士,巴基斯坦,3,4,general,↑↑,2035+,5.89,5.5,5.72,5.81,6.78,5.97,4.9,5.81,5.33,6.61,6.65,5.08,2026-04-13,2026-04-13,2000-2026
工程与制造,ENG,环境工程,能源审计师,Energy Auditor,本科/硕士,22-28,global,45,5.0,5.11,5.68,7.53,5.65,5.55,5.64,5.78,6.21,5.66,7.18,6.13,5.06,6.23,5.15,6.65,5.58,1.39,5.53,5.69,5.05,5.6,6.05,6.55,4.03,5.27,7.01,5.52,4.0,4.57,4.43,3.56,5.77,3.61,5.81,4.65,6.95,0.63,瑞士,孟加拉国,3,2,general,↑,2028-2033,5.93,5.49,5.89,5.77,6.71,6.07,4.92,5.82,5.39,6.37,6.69,4.96,2026-04-13,2026-04-13,2000-2026
医疗与健康,MED,临床医学,妇产科医生,Obstetrician/Gynecologist,博士/医学学位,28-35,global,45,9.07,9.06,6.79,8.64,7.14,7.06,7.2,7.29,7.42,5.7,8.13,6.05,4.96,2.74,2.57,5.5,4.02,2.39,7.01,8.59,2.06,6.42,3.9,8.09,5.96,6.58,6.58,8.01,6.02,9.11,1.48,3.98,6.78,3.05,5.81,4.73,6.72,0.55,德国,孟加拉国,3,1,general,↑,2032-2038,5.9,5.49,5.69,5.92,6.44,6.09,5.0,5.97,5.44,6.46,6.54,5.14,2026-04-13,2026-04-13,2000-2026
信息技术与数字化,TECH,软件开发,低代码/无代码开发者,Low-Code/No-Code Developer,大专/自学,20-35,global,45,2.59,2.52,5.19,4.56,6.17,5.11,5.11,3.71,4.45,6.55,4.54,9.5,7.04,6.21,6.09,5.1,5.08,2.92,3.02,4.59,8.38,6.08,6.53,5.1,7.1,6.64,7.04,5.03,0.49,0.17,4.95,7.58,6.35,3.1,5.81,4.59,6.8,0.66,瑞士,孟加拉国,2,3,general,↑↑,2026-2030,5.85,5.49,5.83,5.88,6.63,6.23,5.07,5.75,5.39,6.48,6.69,4.85,2026-04-13,2026-04-13,2000-2026
工程与制造,ENG,质量控制,计量工程师,Metrology Engineer,本科,22-28,global,45,6.09,6.11,5.17,8.04,6.13,5.04,5.19,5.23,5.73,5.68,7.64,7.65,6.01,6.25,5.64,6.55,5.58,0.96,6.53,5.6,2.95,5.58,6.03,5.56,4.12,5.29,7.09,6.01,3.02,4.62,4.45,3.41,6.25,3.15,5.81,4.51,6.92,0.65,德国,尼日利亚,2,1,general,↑,2032-2038,5.91,5.51,5.91,5.8,6.76,6.06,4.95,5.77,5.3,6.4,6.71,4.94,2026-04-13,2026-04-13,2000-2026
技术工种与手工业,SKL,焊接,焊接检验员,Welding Inspector,职校/短期培训,18-25,global,45,5.52,4.51,5.62,7.0,6.24,6.07,6.87,7.07,6.82,6.57,6.14,7.2,4.07,5.24,5.63,5.52,5.09,1.52,7.51,6.02,2.45,5.52,4.49,6.05,5.56,2.24,5.52,4.97,3.96,6.1,6.43,5.57,6.7,3.11,5.81,4.62,6.93,0.7,德国,孟加拉国,2,1,general,↑,2032-2038,5.84,5.45,5.99,5.79,6.72,6.07,4.83,5.79,5.21,6.8,6.79,4.97,2026-04-13,2026-04-13,2000-2026
农业、资源与环境,AGR,环保,土壤修复工程师,Soil Remediation Engineer,本科/硕士,24-32,global,45,6.07,6.05,6.51,7.58,6.51,5.6,6.14,6.23,6.1,6.1,6.16,5.69,5.58,6.2,5.66,5.55,5.01,1.39,6.54,6.08,1.98,5.98,6.06,7.52,5.0,6.26,6.09,5.99,5.46,5.01,4.47,3.53,6.25,4.14,5.81,4.42,7.09,0.79,丹麦,孟加拉国,3,3,general,↑↑,2032-2038,5.86,5.34,5.84,5.85,7.0,6.02,4.61,5.98,5.29,6.67,6.88,4.89,2026-04-13,2026-04-13,2000-2026
服务业与消费,SVC,美容养生,体重管理顾问,Weight Management Consultant,专科/证书,20-30,global,45,4.53,3.5,6.6,7.08,6.13,6.15,5.58,4.91,5.15,5.09,5.17,7.53,5.96,4.76,5.66,5.54,5.01,1.99,6.01,5.09,5.01,6.05,4.52,7.07,7.59,6.7,6.01,7.51,6.48,2.98,4.93,6.53,4.27,3.64,5.8,4.76,6.78,0.58,澳大利亚,孟加拉国,3,2,general,↑,2028-2033,5.87,5.54,5.78,5.84,6.6,6.0,4.92,5.77,5.41,6.56,6.52,5.07,2026-04-13,2026-04-13,2000-2026
教育与学术,EDU,教育管理,招生主任,Director of Admissions,硕士,28-38,global,45,4.99,6.07,4.58,7.6,4.67,3.61,4.61,4.23,5.67,5.58,7.41,9.55,6.1,5.22,5.11,5.59,5.56,1.9,6.56,6.16,4.62,6.05,6.03,6.66,3.56,6.68,6.68,8.45,1.48,4.11,2.39,3.56,5.79,3.53,5.8,4.81,6.94,0.57,芬兰,尼日利亚,1,0,general,→,2032-2038,5.88,5.57,5.81,5.76,6.85,5.98,5.03,5.78,5.38,6.45,6.47,5.04,2026-04-13,2026-04-13,2000-2026
医疗与健康,MED,兽医学,动物外科兽医,Veterinary Surgeon,博士/兽医学位,26-30,global,45,8.59,8.56,5.8,7.58,6.16,4.53,7.24,6.78,6.88,5.57,7.13,6.58,4.94,5.21,4.57,4.55,3.52,1.39,7.96,6.63,1.5,6.92,4.92,8.02,7.45,7.04,6.01,6.44,6.5,7.6,2.45,4.45,6.27,2.57,5.8,4.74,6.69,0.53,德国,孟加拉国,3,2,general,↑,2035+,5.82,5.55,5.69,5.82,6.48,6.1,4.96,5.97,5.47,6.32,6.55,5.1,2026-04-13,2026-04-13,2000-2026
服务业与消费,SVC,美容养生,皮肤管理师,Skin Care Specialist,专科/证书,20-30,global,45,4.54,3.49,7.09,7.03,6.12,6.16,5.58,4.95,5.19,5.11,5.17,7.56,6.01,4.72,5.62,5.57,5.08,2.01,7.03,5.03,2.03,6.02,4.52,7.03,7.57,6.73,6.07,7.99,6.48,3.07,4.93,6.54,4.3,3.53,5.8,4.72,6.79,0.57,瑞士,孟加拉国,3,3,general,↑↑,2032-2038,5.85,5.59,5.78,5.82,6.53,6.04,4.93,5.75,5.43,6.5,6.53,5.1,2026-04-13,2026-04-13,2000-2026
信息技术与数字化,TECH,软件开发,游戏服务器工程师,Game Server Engineer,本科,21-28,global,45,6.05,5.14,6.13,6.03,5.65,4.63,6.14,5.74,6.48,6.05,4.61,9.51,6.0,3.69,4.18,6.09,5.57,2.4,5.47,5.51,7.65,6.02,4.04,7.04,6.09,4.75,5.04,5.52,1.06,0.58,6.49,5.6,7.26,3.63,5.8,4.55,6.82,0.65,瑞典,孟加拉国,3,1,general,↑,2028-2033,5.87,5.47,5.89,5.81,6.73,6.2,4.98,5.67,5.37,6.44,6.63,4.87,2026-04-13,2026-04-13,2000-2026
服务业与消费,SVC,家政照护,管家(私人/豪宅),Butler / Estate Manager,高中/证书,20-40,global,45,5.03,2.5,6.15,6.57,6.63,3.67,6.7,5.85,6.49,4.08,4.16,7.02,5.55,4.72,6.58,4.57,4.55,1.48,8.53,5.56,1.49,4.54,4.04,6.53,4.64,6.68,5.57,7.5,6.5,2.1,3.41,4.56,6.77,3.67,5.8,4.62,6.8,0.63,荷兰,孟加拉国,3,3,general,↑↑,2035+,5.93,5.44,5.72,5.82,6.72,6.0,4.9,5.84,5.34,6.58,6.62,5.08,2026-04-13,2026-04-13,2000-2026
金融与商业,FIN,伊斯兰金融,伊斯兰银行产品经理,Islamic Banking Product Manager,本科/硕士,24-30,regional,45,6.53,6.52,7.1,7.51,5.44,3.69,6.35,4.97,6.54,6.04,6.74,9.0,6.99,6.12,5.64,4.55,3.98,2.02,6.42,6.37,5.03,5.48,5.94,6.47,5.44,4.28,5.98,7.0,1.03,5.6,4.48,3.96,5.22,4.07,5.8,4.68,6.83,0.64,英国,越南,3,3,general,↑↑,2032-2038,5.79,5.65,5.53,6.21,6.4,6.1,5.22,5.51,5.1,6.3,6.68,5.2,2026-04-13,2026-04-13,2000-2026
技术工种与手工业,SKL,传统手工艺,玻璃工匠,Glassblower / Glass Artisan,师徒制/自学,16-30,global,45,6.5,3.0,3.77,8.5,4.31,2.43,5.31,5.5,5.54,5.03,5.64,4.22,5.55,6.15,6.61,4.47,3.54,1.98,9.46,5.57,1.99,7.96,6.0,8.61,7.58,4.49,7.58,5.02,5.01,2.1,4.49,7.03,4.67,2.09,5.8,4.62,7.08,0.69,德国,巴基斯坦,0,-1,general,→,2035+,5.84,5.32,5.9,5.65,6.75,6.06,4.85,5.96,5.26,6.78,6.78,5.04,2026-04-13,2026-04-13,2000-2026
文化、艺术与传媒,ART,图书馆信息,信息科学专家,Information Scientist,硕士,24-30,global,45,5.06,5.55,5.14,9.04,3.6,3.68,4.58,3.69,5.22,4.61,8.1,9.03,8.04,7.18,3.6,5.54,5.08,0.49,5.07,5.04,6.98,5.5,7.49,6.54,2.52,6.76,7.96,5.02,1.5,2.5,2.42,4.02,4.74,4.52,5.8,4.6,6.71,0.56,荷兰,巴基斯坦,0,0,general,→,2028-2033,5.89,5.44,5.86,5.62,6.42,6.15,4.98,5.91,5.5,6.43,6.62,5.13,2026-04-13,2026-04-13,2000-2026
文化、艺术与传媒,ART,会展,会展设计师,Exhibition Designer,本科,22-30,global,45,4.6,4.6,5.05,7.52,5.66,5.16,5.11,4.67,5.6,5.1,5.16,8.04,6.98,5.25,5.2,6.08,6.05,1.92,6.0,5.57,4.51,6.09,5.04,7.07,6.56,5.69,6.6,7.5,3.99,2.02,6.43,5.54,6.2,4.16,5.79,4.7,6.74,0.57,荷兰,巴基斯坦,2,1,general,→,2032-2038,5.81,5.39,5.79,5.66,6.55,6.14,4.99,5.81,5.45,6.47,6.61,5.2,2026-04-13,2026-04-13,2000-2026
工程与制造,ENG,环境工程,环境工程师(制造),Environmental Engineer (Manufacturing),本科/硕士,22-28,global,45,6.08,6.11,6.06,7.5,5.68,6.1,5.67,5.7,6.25,5.65,7.17,6.16,5.08,6.22,5.08,6.51,5.51,1.38,6.51,6.18,3.51,5.52,6.02,6.58,4.09,5.22,7.06,5.51,4.02,4.53,4.42,3.56,5.78,3.62,5.79,4.58,6.98,0.66,德国,孟加拉国,3,2,general,↑,2032-2038,5.9,5.43,5.84,5.78,6.73,6.11,4.81,5.82,5.35,6.4,6.68,4.98,2026-04-13,2026-04-13,2000-2026
金融与商业,FIN,保险,保险代理人,Insurance Agent,大专/本科,20-35,global,45,3.09,3.0,5.61,8.02,6.04,6.95,4.09,4.96,4.62,6.06,4.79,9.53,6.99,6.12,5.54,5.54,5.02,3.0,4.91,3.98,5.55,5.48,5.95,5.58,7.96,5.73,6.44,7.02,1.01,5.22,3.96,6.4,5.74,4.48,5.79,4.42,7.02,0.72,瑞士,孟加拉国,2,-1,general,→,2028-2033,6.07,5.38,5.55,5.95,6.48,6.22,4.79,5.72,5.27,6.52,6.78,5.0,2026-04-13,2026-04-13,2000-2026
农业、资源与环境,AGR,环保,野生动物保护专家,Wildlife Conservation Specialist,本科/硕士,24-32,global,45,6.05,6.08,5.54,7.58,6.54,3.17,5.17,6.28,5.17,6.08,6.18,7.16,6.12,6.23,5.59,5.47,5.06,1.46,8.05,6.54,1.51,6.04,4.5,8.99,5.1,6.63,6.06,6.0,5.54,5.05,4.48,3.52,6.28,4.18,5.79,4.36,7.05,0.8,瑞典,尼日利亚,3,3,general,↑↑,2035+,5.81,5.3,5.78,5.85,7.0,6.04,4.56,5.93,5.32,6.68,6.83,4.87,2026-04-13,2026-04-13,2000-2026
金融与商业,FIN,证券投资,外汇交易员,Forex Trader,本科/硕士,22-28,global,45,7.05,7.03,7.15,6.48,7.5,6.35,6.5,6.52,6.51,7.0,4.21,9.05,5.49,3.16,3.06,6.52,5.57,2.49,5.44,8.08,6.55,6.5,3.97,6.52,7.02,4.68,5.08,6.98,0.52,5.6,8.43,4.42,7.76,4.06,5.79,4.32,6.99,0.7,瑞士,孟加拉国,3,1,general,↑,2028-2033,6.05,5.44,5.59,5.93,6.49,6.17,4.85,5.65,5.26,6.48,6.75,4.99,2026-04-13,2026-04-13,2000-2026
技术工种与手工业,SKL,传统手工艺,铁匠/锻工,Blacksmith,师徒制/自学,16-30,global,45,5.57,3.0,3.75,8.51,4.32,2.89,5.38,5.56,5.1,5.02,5.64,4.68,5.58,6.22,6.61,4.53,3.56,2.01,9.54,5.55,1.97,8.02,5.98,8.11,7.53,4.52,7.51,5.02,8.5,2.13,4.44,7.0,4.73,2.02,5.79,4.69,7.22,0.71,瑞士,巴基斯坦,0,-1,general,→,2035+,5.73,5.38,5.93,5.64,6.78,6.01,4.83,5.94,5.24,6.68,6.87,5.01,2026-04-13,2026-04-13,2000-2026
金融与商业,FIN,证券投资,商品期货交易员,Commodity Futures Trader,本科/硕士,22-28,global,45,7.09,7.08,7.08,6.53,7.57,6.41,6.53,6.4,6.92,6.98,4.24,9.0,5.52,3.21,3.13,6.52,5.5,2.48,5.43,8.0,6.59,6.5,3.96,6.49,7.03,4.69,4.95,6.95,0.51,5.63,8.92,4.43,7.76,4.02,5.79,4.22,6.98,0.71,瑞士,孟加拉国,3,1,general,↑,2028-2033,6.11,5.47,5.55,5.93,6.42,6.24,4.84,5.67,5.3,6.4,6.76,4.92,2026-04-13,2026-04-13,2000-2026
工程与制造,ENG,环境工程,激光工程师,Laser Engineer,本科/硕士,22-28,global,45,7.07,7.07,6.09,7.51,5.54,4.13,6.18,5.71,6.19,5.63,7.2,6.16,5.04,6.22,5.13,6.58,5.59,1.39,7.04,7.15,3.53,5.58,6.09,6.57,4.06,5.25,7.06,5.48,4.01,4.09,4.47,3.5,5.76,3.58,5.79,4.58,6.86,0.64,德国,尼日利亚,3,2,general,↑,2032-2038,5.91,5.49,5.83,5.75,6.72,6.08,4.95,5.75,5.28,6.44,6.64,4.92,2026-04-13,2026-04-13,2000-2026
工程与制造,ENG,环境工程,安全评价工程师,Safety Assessment Engineer (HAZOP),本科/硕士,22-28,global,45,6.04,6.08,5.54,7.52,5.66,5.6,5.58,5.74,6.24,5.66,7.13,5.64,5.12,6.21,5.16,6.51,5.51,1.38,7.0,6.68,4.01,5.56,6.04,6.57,4.08,5.24,7.07,5.5,4.02,5.58,4.46,3.57,5.76,3.67,5.79,4.54,6.93,0.64,德国,孟加拉国,3,2,general,↑,2032-2038,5.86,5.51,5.84,5.76,6.68,6.09,4.85,5.8,5.3,6.34,6.67,4.99,2026-04-13,2026-04-13,2000-2026
金融与商业,FIN,伊斯兰金融,伊斯兰金融顾问,Islamic Finance Advisor,本科/硕士,24-30,regional,45,6.55,6.59,6.63,7.49,5.39,3.74,5.82,5.02,6.6,6.01,6.75,9.01,6.96,6.11,5.62,4.52,3.93,2.0,6.47,6.44,5.01,5.52,5.96,6.52,5.59,4.17,5.98,8.02,1.0,5.59,4.48,4.02,5.22,4.0,5.79,4.85,6.89,0.63,瑞士,越南,3,3,general,↑↑,2032-2038,5.88,5.65,5.5,6.2,6.3,6.03,5.22,5.52,5.08,6.28,6.67,5.16,2026-04-13,2026-04-13,2000-2026
交通运输与物流,TRA,城市交通,交通工程师,Traffic Engineer,本科/硕士,24-32,global,45,7.05,7.11,6.77,7.58,6.3,5.38,6.2,5.71,6.95,6.11,6.64,7.68,6.52,5.71,5.66,5.64,5.18,1.39,6.07,6.56,3.98,5.58,5.51,6.08,4.56,5.81,6.01,5.48,2.0,5.59,3.98,3.58,5.24,5.52,5.79,4.38,6.94,0.72,荷兰,孟加拉国,3,2,general,↑,2032-2038,5.88,5.48,5.83,5.86,6.81,6.12,4.64,5.8,5.22,6.62,6.71,4.86,2026-04-13,2026-04-13,2000-2026
服务业与消费,SVC,美容养生,足疗师/反射疗法师,Reflexologist / Foot Massage Therapist,专科/证书,20-30,global,45,4.58,3.56,6.02,7.07,6.17,5.18,5.57,4.92,4.17,5.04,5.18,7.55,6.01,4.76,5.58,5.56,5.03,2.0,9.05,5.08,1.98,6.08,4.49,7.09,7.61,6.71,6.02,7.54,6.98,3.04,4.98,6.54,4.29,3.65,5.79,4.63,6.82,0.59,澳大利亚,孟加拉国,3,2,general,↑,2035+,5.82,5.57,5.71,5.82,6.53,6.01,4.87,5.82,5.41,6.62,6.57,5.03,2026-04-13,2026-04-13,2000-2026
工程与制造,ENG,土木与建筑,景观设计师,Landscape Architect,本科/硕士,22-28,global,45,6.55,6.6,5.28,8.04,6.84,7.3,5.71,5.25,6.16,5.66,7.17,5.63,5.09,5.72,5.12,6.0,5.08,1.38,7.55,6.63,4.03,5.55,5.48,7.52,5.52,4.27,6.99,6.5,4.99,5.05,6.46,3.54,5.23,3.56,5.78,4.58,6.87,0.65,瑞士,孟加拉国,2,1,general,↑,2035+,5.87,5.47,5.85,5.76,6.68,6.17,4.91,5.76,5.26,6.42,6.67,4.94,2026-04-13,2026-04-13,2000-2026
教育与学术,EDU,高等教育,大学招生官,University Admissions Officer,本科/硕士,24-30,global,45,4.61,5.56,4.05,7.6,4.65,4.12,4.62,4.24,4.84,5.14,7.28,9.55,6.55,6.24,5.66,5.03,5.53,1.43,6.0,5.73,5.11,5.08,6.56,6.01,3.09,7.19,7.1,8.0,1.0,3.52,1.86,4.08,5.29,3.51,5.78,4.62,6.96,0.65,瑞典,尼日利亚,1,0,general,→,2032-2038,5.89,5.45,5.8,5.67,6.86,6.1,5.02,5.74,5.26,6.5,6.58,4.92,2026-04-13,2026-04-13,2000-2026
工程与制造,ENG,质量控制,无损检测工程师,Non-Destructive Testing (NDT) Engineer,本科,22-28,global,45,5.56,5.6,5.18,8.09,6.08,5.18,5.17,5.23,5.68,5.65,7.63,6.16,6.09,6.22,5.64,6.6,5.56,0.94,7.02,6.18,1.93,5.56,6.0,5.61,4.03,5.28,7.02,6.0,4.49,5.61,4.44,3.43,6.25,3.15,5.78,4.55,6.9,0.66,瑞士,孟加拉国,2,1,general,↑,2032-2038,5.87,5.45,5.81,5.8,6.67,6.07,4.86,5.78,5.24,6.42,6.72,4.96,2026-04-13,2026-04-13,2000-2026
文化、艺术与传媒,ART,博物馆与文化遗产,文化遗产保护规划师,Heritage Conservation Planner,硕士,24-32,global,45,6.6,7.06,4.72,8.51,4.44,3.53,4.7,5.13,5.28,4.64,7.11,8.56,7.54,6.71,4.68,6.06,5.07,0.94,7.03,6.58,4.03,6.02,6.48,7.52,3.53,6.19,7.56,6.5,2.99,3.52,3.42,4.05,5.73,5.6,5.78,4.73,6.7,0.53,荷兰,孟加拉国,1,0,general,→,2032-2038,5.78,5.49,5.85,5.6,6.42,6.01,5.06,5.88,5.38,6.45,6.62,5.16,2026-04-13,2026-04-13,2000-2026
技术工种与手工业,SKL,工业维护,液压系统维修工,Hydraulic Systems Technician,职校/技校,20-28,global,45,4.47,3.54,5.65,7.53,6.13,5.64,6.87,7.07,6.02,6.51,7.1,5.18,5.12,5.21,5.6,5.47,5.01,1.49,7.0,4.97,0.62,6.0,5.05,6.0,5.47,3.17,6.53,5.04,6.5,4.11,4.96,5.04,5.71,3.6,5.78,4.46,7.09,0.73,德国,巴基斯坦,2,1,general,↑,2032-2038,5.84,5.36,6.06,5.66,6.71,6.12,4.66,5.81,5.21,6.64,6.81,4.9,2026-04-13,2026-04-13,2000-2026
工程与制造,ENG,环境工程,噪声控制工程师,Noise Control / Acoustic Engineer,本科/硕士,22-28,global,45,6.08,6.03,5.62,7.61,5.62,4.65,5.11,5.74,6.27,5.62,7.12,6.14,5.08,6.24,5.14,6.57,5.53,1.39,7.05,6.15,3.56,5.58,6.03,6.57,4.04,5.24,7.01,5.46,3.5,4.03,4.43,3.56,5.74,3.6,5.78,4.52,6.92,0.66,瑞士,尼日利亚,3,2,general,↑,2032-2038,5.85,5.47,5.82,5.73,6.73,6.09,4.89,5.78,5.26,6.38,6.71,4.9,2026-04-13,2026-04-13,2000-2026
服务业与消费,SVC,家政照护,家庭护理协调员,Home Care Coordinator,高中/证书,20-40,global,45,3.48,2.54,7.14,6.51,6.63,6.67,6.72,5.96,4.21,4.08,4.13,7.04,5.46,4.71,6.64,4.53,4.55,1.52,7.51,4.57,4.57,4.54,4.04,6.5,4.66,6.64,5.5,7.51,6.48,2.09,3.44,4.44,4.78,3.58,5.77,4.65,6.83,0.64,荷兰,巴基斯坦,3,3,general,↑↑,2032-2038,5.88,5.49,5.7,5.76,6.7,5.95,4.84,5.87,5.3,6.51,6.59,5.0,2026-04-13,2026-04-13,2000-2026
工程与制造,ENG,土木与建筑,结构工程师,Structural Engineer,本科/硕士,22-28,global,45,6.07,6.07,5.29,8.07,6.87,7.28,6.23,5.65,6.66,5.63,7.1,5.62,5.12,5.69,5.09,6.02,5.1,1.39,7.56,7.08,3.01,5.52,5.56,6.05,4.55,4.24,7.09,6.44,5.0,6.12,6.44,3.45,5.29,3.61,5.77,4.5,6.85,0.64,瑞士,巴基斯坦,2,1,general,↑,2035+,5.96,5.42,5.85,5.8,6.69,6.07,4.85,5.72,5.28,6.38,6.62,4.95,2026-04-13,2026-04-13,2000-2026
金融与商业,FIN,证券投资,衍生品交易员,Derivatives Trader,本科/硕士,22-28,global,45,8.1,7.56,7.11,6.54,7.57,6.4,6.58,6.53,8.06,7.01,4.2,9.0,5.48,2.71,2.6,6.48,5.54,2.49,4.96,8.03,6.61,6.49,3.96,6.5,6.94,4.67,5.04,7.02,0.48,5.6,8.45,4.54,7.71,4.05,5.77,4.31,6.88,0.66,瑞士,孟加拉国,3,1,general,↑,2028-2033,5.96,5.52,5.61,5.87,6.4,6.11,4.81,5.78,5.28,6.34,6.67,4.96,2026-04-13,2026-04-13,2000-2026
文化、艺术与传媒,ART,摄影,婚礼摄影师,Wedding Photographer,本科/专科,20-30,global,45,4.59,4.1,4.63,7.54,5.16,5.62,4.64,4.2,5.16,4.63,4.61,8.0,7.0,5.22,5.14,6.09,5.53,2.44,5.04,5.12,5.49,8.01,5.07,7.59,9.02,5.77,6.52,7.48,3.48,1.5,5.98,7.54,5.29,3.09,5.77,4.63,6.75,0.58,荷兰,巴基斯坦,1,0,general,→,2028-2033,5.88,5.42,5.71,5.61,6.51,6.11,4.9,5.87,5.4,6.43,6.62,5.13,2026-04-13,2026-04-13,2000-2026
交通运输与物流,TRA,物流管理,物流分析师,Logistics Analyst,本科,24-32,global,45,5.6,5.59,7.18,7.03,6.78,7.36,5.78,5.21,6.14,6.09,6.16,7.69,6.08,5.26,5.62,5.53,5.09,1.41,4.54,5.19,6.56,5.54,5.03,5.05,5.58,5.23,6.02,5.45,1.52,3.09,6.42,3.48,5.77,3.58,5.77,4.42,6.98,0.74,荷兰,孟加拉国,3,3,general,↑↑,2028-2033,5.85,5.5,5.75,5.87,6.78,6.07,4.64,5.77,5.24,6.51,6.74,4.77,2026-04-13,2026-04-13,2000-2026
服务业与消费,SVC,婚庆活动,婚礼策划师,Wedding Planner,专科,20-32,global,45,3.56,3.52,5.18,6.98,5.79,5.72,5.13,4.48,5.12,4.62,4.14,7.55,7.07,4.21,5.67,5.54,5.54,2.0,7.5,5.58,2.01,7.57,4.08,7.53,8.59,6.21,5.46,9.02,4.49,2.08,7.03,5.46,5.31,3.59,5.77,4.73,6.75,0.57,瑞士,巴基斯坦,2,1,general,↑,2035+,5.76,5.56,5.69,5.78,6.56,5.99,4.91,5.88,5.37,6.49,6.52,5.07,2026-04-13,2026-04-13,2000-2026
服务业与消费,SVC,婚庆活动,司仪/婚礼主持人,Wedding Officiant / MC,专科,20-32,global,45,3.54,3.51,5.16,7.05,5.74,5.79,5.15,4.48,5.12,4.61,4.15,7.55,7.02,4.24,5.66,5.52,5.5,2.02,8.02,5.56,2.01,6.53,4.08,7.54,7.57,6.2,5.57,9.5,4.48,2.1,7.09,6.99,4.27,3.61,5.76,4.63,6.77,0.57,澳大利亚,孟加拉国,2,1,general,↑,2035+,5.75,5.51,5.69,5.76,6.49,5.92,4.87,5.86,5.38,6.6,6.51,5.11,2026-04-13,2026-04-13,2000-2026
服务业与消费,SVC,美容养生,普拉提教练,Pilates Instructor,专科/证书,20-30,global,45,4.55,3.53,6.68,7.01,6.13,4.67,5.64,4.91,4.68,5.08,5.16,7.54,6.04,4.79,5.66,5.5,5.01,1.99,7.5,5.1,2.01,6.02,4.51,7.01,8.12,6.67,6.01,7.49,5.5,3.04,4.95,6.53,4.22,3.61,5.76,4.6,6.83,0.59,瑞士,孟加拉国,3,2,general,↑,2032-2038,5.81,5.51,5.74,5.81,6.56,5.95,4.85,5.76,5.36,6.5,6.54,5.03,2026-04-13,2026-04-13,2000-2026
技术工种与手工业,SKL,传统手工艺,书籍装帧师,Bookbinder,师徒制/自学,16-30,global,45,5.51,2.95,3.79,8.51,4.35,2.42,4.31,5.53,4.59,5.09,5.65,6.68,5.58,6.23,6.61,4.53,3.5,2.05,8.96,5.62,2.03,8.0,6.08,7.6,7.57,4.58,7.52,5.02,5.53,2.08,4.52,7.0,4.67,2.08,5.76,4.68,7.14,0.7,瑞士,孟加拉国,0,-2,general,→,2035+,5.74,5.32,5.88,5.66,6.69,6.07,4.84,5.79,5.19,6.71,6.82,4.99,2026-04-13,2026-04-13,2000-2026
服务业与消费,SVC,美容养生,注册营养师,Registered Dietitian,本科,24-32,global,45,6.08,6.54,6.17,7.06,6.12,6.14,5.62,4.92,6.09,5.11,6.59,7.53,6.0,4.77,5.69,5.54,4.97,1.98,6.48,6.07,4.96,6.07,4.59,7.04,7.56,6.67,6.03,7.46,6.5,5.09,4.97,6.48,4.25,3.55,5.76,4.64,6.81,0.59,瑞典,巴基斯坦,3,2,general,↑,2032-2038,5.76,5.48,5.67,5.79,6.71,5.92,4.86,5.8,5.42,6.64,6.47,5.04,2026-04-13,2026-04-13,2000-2026
医疗与健康,MED,医学影像与检验,超声技师,Diagnostic Medical Sonographer,大专/本科,20-24,global,45,5.54,5.6,5.8,7.59,6.13,6.51,7.16,5.84,5.95,6.11,7.64,7.07,4.97,5.14,5.61,5.07,4.52,0.88,5.45,5.63,2.1,4.93,5.42,6.1,3.47,6.24,6.1,5.53,4.99,5.63,1.5,3.48,6.25,3.08,5.76,4.7,6.71,0.55,瑞士,孟加拉国,2,2,general,↑,2028-2033,5.8,5.49,5.63,5.8,6.43,6.06,4.94,5.98,5.4,6.37,6.48,5.04,2026-04-13,2026-04-13,2000-2026
文化、艺术与传媒,ART,会展,艺术品鉴定师,Art Appraiser / Authenticator,本科,22-30,global,45,7.06,7.11,5.11,7.57,5.61,3.66,5.15,4.6,6.22,5.11,5.1,8.04,7.0,5.25,5.1,6.02,6.04,1.9,8.03,6.66,4.01,6.01,5.06,6.55,6.58,5.72,6.57,7.48,3.99,2.04,6.44,5.49,6.27,4.09,5.76,4.66,6.71,0.57,荷兰,巴基斯坦,2,1,general,→,2035+,5.85,5.38,5.82,5.59,6.45,6.11,4.95,5.82,5.44,6.33,6.6,5.11,2026-04-13,2026-04-13,2000-2026
金融与商业,FIN,企业管理,企业家/创业者,Entrepreneur,不限,22-40,global,45,8.07,7.57,6.08,7.0,5.57,4.99,2.99,5.42,7.98,6.49,2.71,9.51,5.56,3.17,2.6,7.5,5.46,4.86,7.44,8.93,5.55,9.83,3.42,9.0,9.77,4.65,5.51,8.49,1.48,1.13,7.98,2.98,7.29,2.98,5.76,4.54,6.84,0.61,瑞士,孟加拉国,2,1,general,↑,2032-2038,5.93,5.44,5.6,5.9,6.49,6.04,4.93,5.67,5.32,6.29,6.62,5.04,2026-04-13,2026-04-13,2000-2026
工程与制造,ENG,土木与建筑,城市规划师,Urban Planner,本科/硕士,22-28,global,45,6.12,6.06,5.74,8.09,6.9,5.74,5.68,5.19,6.16,5.63,7.18,5.64,5.09,5.73,5.13,6.09,5.0,1.39,7.05,7.21,4.49,5.52,5.5,7.0,4.59,4.26,7.04,6.49,5.02,5.61,6.46,3.53,5.28,3.58,5.76,4.53,6.92,0.67,德国,孟加拉国,2,1,general,↑,2032-2038,5.91,5.43,5.79,5.79,6.69,6.07,4.83,5.69,5.22,6.43,6.65,4.92,2026-04-13,2026-04-13,2000-2026
技术工种与手工业,SKL,焊接,水下焊工,Underwater Welder,职校/短期培训,18-25,global,45,6.99,3.01,5.57,7.02,5.28,2.64,8.72,8.72,7.97,6.51,6.06,2.79,4.05,5.2,5.6,5.6,5.06,1.52,8.97,5.94,0.62,5.5,4.56,6.03,5.57,2.12,5.48,5.01,8.99,7.61,6.48,5.53,8.15,3.15,5.76,4.54,6.85,0.64,瑞士,孟加拉国,2,1,general,↑,2035+,5.78,5.44,5.94,5.76,6.63,6.08,4.81,5.76,5.25,6.56,6.62,4.97,2026-04-13,2026-04-13,2000-2026
公共管理与公务员,GOV,国际组织,国际组织项目官员,International Organization Program Officer,硕士,26-34,global,45,7.09,8.1,5.07,7.7,3.62,2.24,4.45,4.5,7.38,6.16,7.4,7.56,7.1,5.56,5.04,7.12,5.59,1.46,6.48,8.06,4.97,6.04,5.15,8.01,2.55,7.55,5.51,8.01,2.02,7.49,2.48,1.54,9.37,7.06,5.76,4.77,6.62,0.5,丹麦,尼日利亚,1,1,general,↑,2032-2038,5.85,5.55,5.7,5.69,6.56,5.81,5.16,5.87,5.44,6.42,6.37,5.04,2026-04-13,2026-04-13,2000-2026
技术工种与手工业,SKL,工业维护,仪表维修技师,Instrument Maintenance Technician,职校/技校,20-28,global,45,5.02,4.48,5.65,7.54,6.19,6.53,6.81,7.07,6.01,6.57,7.09,5.73,5.06,5.25,5.62,5.5,5.04,1.5,6.48,5.1,0.55,6.05,5.0,6.03,5.54,3.04,6.54,4.96,4.5,4.08,4.98,5.0,5.7,3.56,5.76,4.51,7.14,0.72,瑞士,巴基斯坦,2,1,general,↑,2032-2038,5.78,5.35,5.97,5.68,6.79,6.1,4.71,5.82,5.22,6.6,6.72,4.87,2026-04-13,2026-04-13,2000-2026
文化、艺术与传媒,ART,影视制作,电影导演,Film Director,本科,25-35,global,45,5.58,5.1,5.61,8.04,5.71,5.72,5.18,5.18,7.47,4.62,3.61,6.54,6.0,4.28,5.6,6.01,5.52,4.42,6.54,8.6,4.09,8.94,3.55,9.08,7.54,5.22,5.01,7.01,4.01,2.05,6.94,5.45,6.78,5.09,5.75,4.73,6.61,0.51,荷兰,巴基斯坦,2,1,general,→,2032-2038,5.84,5.45,5.72,5.6,6.37,6.16,5.0,5.82,5.42,6.29,6.48,5.14,2026-04-13,2026-04-13,2000-2026
技术工种与手工业,SKL,焊接,管道焊工,Pipe Welder,职校/短期培训,18-25,global,45,4.02,2.98,5.6,7.03,6.21,6.06,7.84,8.03,6.88,6.57,6.12,3.73,4.06,5.28,5.6,5.53,5.07,1.52,7.49,5.07,0.54,5.51,4.57,6.05,5.6,2.23,5.6,4.99,8.0,6.12,6.45,5.5,6.64,3.12,5.75,4.54,6.85,0.68,瑞士,尼日利亚,2,1,general,↑,2032-2038,5.81,5.36,5.89,5.71,6.71,6.06,4.79,5.79,5.22,6.68,6.63,4.9,2026-04-13,2026-04-13,2000-2026
工程与制造,ENG,环境工程,焊接工程师,Welding Engineer,大专/本科,22-28,global,45,5.61,5.05,5.6,7.54,5.64,6.12,5.69,5.72,6.28,5.71,7.16,5.12,5.08,6.21,5.13,6.57,5.53,1.4,7.03,5.65,1.97,5.51,6.03,6.61,4.06,5.25,7.03,5.5,5.45,4.59,4.42,3.55,5.79,3.56,5.75,4.58,6.9,0.64,瑞士,孟加拉国,3,2,general,↑,2032-2038,5.83,5.44,5.87,5.64,6.68,6.06,4.91,5.72,5.23,6.3,6.69,4.97,2026-04-13,2026-04-13,2000-2026
法律与社会服务,LAW,NGO与人道主义,环保NGO倡导者,Environmental NGO Advocate,本科/硕士,22-30,global,45,5.09,5.05,6.18,7.08,5.12,4.17,5.1,4.64,4.13,3.59,4.64,7.01,6.1,4.56,3.54,6.04,5.55,2.46,7.56,6.58,5.07,7.07,4.54,8.55,5.04,7.08,6.5,8.52,2.98,2.56,2.95,3.57,7.6,2.57,5.75,4.84,6.87,0.61,丹麦,巴基斯坦,3,3,general,↑,2035+,5.63,5.37,5.65,5.41,6.77,6.08,5.04,5.97,5.45,6.48,6.56,5.17,2026-04-13,2026-04-13,2000-2026
服务业与消费,SVC,酒店旅游,度假村经理,Resort Manager,专科/本科,28-38,global,45,4.51,4.02,5.1,7.09,5.64,6.2,5.11,4.89,6.46,4.53,4.62,7.03,6.49,4.25,5.62,6.01,5.5,2.0,7.04,6.99,2.55,7.52,4.06,6.96,7.07,5.74,5.53,8.02,4.99,2.58,7.5,4.47,6.7,4.66,5.74,4.61,6.79,0.57,瑞士,孟加拉国,2,1,general,↑,2032-2038,5.64,5.52,5.73,5.81,6.49,5.96,4.84,5.82,5.34,6.46,6.54,5.1,2026-04-13,2026-04-13,2000-2026
服务业与消费,SVC,家政照护,临终关怀护理员,Hospice Care Worker,高中/证书,20-40,global,45,3.57,2.51,6.18,6.49,6.76,6.63,6.66,5.98,3.72,4.1,4.18,6.54,5.49,4.76,7.59,4.6,4.46,1.45,9.04,3.98,1.51,4.57,4.05,7.55,4.59,6.67,5.53,7.48,6.47,2.05,3.46,4.59,4.71,3.55,5.74,4.57,6.84,0.65,瑞士,孟加拉国,3,3,general,↑↑,2035+,5.89,5.46,5.72,5.69,6.7,6.01,4.76,5.76,5.24,6.56,6.54,4.97,2026-04-13,2026-04-13,2000-2026
信息技术与数字化,TECH,软件开发,技术支持工程师,Technical Support Engineer,大专/本科,20-28,global,45,3.5,3.56,4.7,6.04,5.68,7.56,4.69,3.75,4.55,5.56,5.57,9.52,6.48,5.72,5.07,5.52,5.53,1.91,4.03,4.68,7.07,5.01,6.04,4.57,4.52,5.77,6.11,7.54,1.54,0.49,4.46,5.57,6.72,2.04,5.74,4.52,6.75,0.67,瑞士,孟加拉国,1,-1,general,→,2026-2030,5.76,5.36,5.77,5.81,6.6,6.18,4.97,5.67,5.28,6.46,6.64,4.84,2026-04-13,2026-04-13,2000-2026
服务业与消费,SVC,家政照护,宠物护理员/宠物美容师,Pet Groomer / Pet Care Worker,高中/证书,20-40,global,45,3.54,2.48,7.12,6.53,6.64,6.63,6.6,5.98,3.72,4.11,4.07,7.02,5.46,4.66,6.59,4.5,4.45,1.47,8.52,3.64,1.51,4.5,4.05,6.6,7.03,6.72,5.5,7.53,5.42,2.02,3.46,4.55,4.76,3.5,5.74,4.67,6.91,0.64,瑞士,尼日利亚,3,3,general,↑↑,2035+,5.87,5.43,5.66,5.76,6.73,5.91,4.87,5.69,5.3,6.56,6.57,4.92,2026-04-13,2026-04-13,2000-2026
交通运输与物流,TRA,太空运输,太空旅游顾问,Space Tourism Consultant,本科+旅游/航天知识,25-35,global,45,5.09,5.02,7.17,6.02,3.72,1.76,8.61,9.11,5.71,6.08,5.18,8.5,5.04,4.7,5.12,5.08,4.62,1.93,5.5,6.09,4.97,5.55,3.51,9.08,7.08,4.71,3.57,7.99,1.49,3.53,5.92,1.59,7.26,8.08,5.74,4.38,6.76,0.66,瑞士,孟加拉国,4,3,general,↑↑,2028-2033,5.85,5.45,5.64,5.84,6.5,6.12,4.72,5.77,5.22,6.48,6.62,4.94,2026-04-13,2026-04-13,2000-2026
金融与商业,FIN,房地产,物业管理经理,Property Manager,大专/本科,22-30,global,45,4.11,4.05,5.14,7.0,6.68,7.54,4.59,3.47,5.55,6.56,6.67,9.02,6.98,4.72,5.08,4.95,5.07,2.98,6.4,5.47,3.53,6.98,4.99,5.57,8.52,5.21,6.52,7.98,3.52,4.61,8.52,6.4,4.79,2.54,5.74,4.45,6.91,0.7,瑞士,孟加拉国,2,-1,general,→,2032-2038,5.98,5.4,5.47,5.91,6.4,6.11,4.88,5.6,5.24,6.43,6.74,4.9,2026-04-13,2026-04-13,2000-2026
工程与制造,ENG,化学工程,环境化学工程师,Environmental Chemical Engineer,本科/硕士,22-28,global,45,6.52,6.6,6.1,7.59,6.18,5.56,5.64,5.79,6.64,6.18,7.15,6.15,4.59,5.7,5.15,6.09,5.04,1.4,6.06,6.58,3.52,5.55,5.49,6.59,4.08,4.73,6.59,4.99,3.48,3.54,5.03,3.51,6.21,3.7,5.73,4.46,6.93,0.65,瑞士,尼日利亚,3,2,general,↑,2032-2038,5.81,5.39,5.78,5.7,6.73,5.99,4.87,5.73,5.25,6.28,6.63,4.9,2026-04-13,2026-04-13,2000-2026
交通运输与物流,TRA,航空,空中乘务员,Flight Attendant,大专/高中,20-28,global,45,3.56,3.6,5.67,7.04,6.25,5.36,6.7,6.7,4.75,6.66,6.65,5.68,5.57,5.22,5.64,5.01,4.6,1.42,7.52,6.07,0.98,5.52,3.01,7.58,3.04,5.72,4.54,8.49,5.51,4.53,6.99,2.0,8.57,5.13,5.73,4.29,6.81,0.7,瑞士,孟加拉国,2,1,general,↑,2035+,5.85,5.38,5.67,5.88,6.49,6.07,4.65,5.78,5.2,6.5,6.65,4.88,2026-04-13,2026-04-13,2000-2026
文化、艺术与传媒,ART,摄影,商业摄影师,Commercial Photographer,本科/专科,20-30,global,45,4.59,4.1,4.56,7.53,5.16,5.7,4.64,4.12,5.18,4.63,4.16,8.03,7.03,5.28,5.16,6.0,5.53,2.39,5.04,5.06,5.51,8.06,5.06,7.56,8.53,5.8,6.56,6.51,3.49,1.53,5.47,7.54,5.2,3.1,5.73,4.56,6.68,0.59,德国,巴基斯坦,1,0,general,→,2028-2033,5.78,5.36,5.75,5.61,6.54,6.12,4.84,5.79,5.38,6.43,6.56,5.05,2026-04-13,2026-04-13,2000-2026
交通运输与物流,TRA,物流管理,报关员,Customs Broker,大专/本科+报关资格,22-30,global,45,4.59,4.05,6.29,6.97,6.73,7.35,5.78,5.26,5.73,6.09,6.17,7.69,6.11,5.28,5.65,5.57,5.13,1.4,5.03,5.12,3.55,5.58,5.03,5.1,5.62,5.25,6.06,6.51,1.98,6.59,6.45,3.54,7.28,3.52,5.73,4.34,6.84,0.73,荷兰,孟加拉国,3,2,general,↑,2028-2033,5.84,5.38,5.68,5.8,6.71,6.11,4.61,5.73,5.24,6.52,6.69,4.78,2026-04-13,2026-04-13,2000-2026
法律与社会服务,LAW,NGO与人道主义,志愿者管理协调员,Volunteer Coordinator,本科/大专,22-30,global,45,3.49,3.55,4.16,6.57,5.22,5.14,4.01,3.67,3.67,4.05,5.15,8.54,6.54,5.56,4.56,5.52,5.45,1.98,7.04,5.0,4.51,6.03,5.56,7.5,4.51,7.5,7.52,9.52,1.98,2.06,3.48,5.0,5.63,2.06,5.73,4.89,6.89,0.61,荷兰,埃及,1,0,general,→,2032-2038,5.5,5.34,5.65,5.42,6.79,5.96,5.09,5.9,5.47,6.5,6.58,5.16,2026-04-13,2026-04-13,2000-2026
工程与制造,ENG,环境工程,防腐蚀工程师,Corrosion Protection Engineer,本科/硕士,22-28,global,45,6.07,6.11,5.56,7.62,5.62,5.18,5.57,5.69,6.15,5.64,7.16,6.12,5.08,6.2,5.13,6.6,5.56,1.38,6.56,6.14,2.49,5.62,6.01,6.57,4.02,5.25,7.07,5.5,4.0,4.12,4.4,3.48,5.73,3.64,5.73,4.58,6.91,0.65,瑞士,孟加拉国,3,2,general,↑,2032-2038,5.81,5.41,5.72,5.73,6.7,5.92,4.89,5.74,5.25,6.38,6.65,4.86,2026-04-13,2026-04-13,2000-2026
工程与制造,ENG,环境工程,水处理工程师(工业),Industrial Water Treatment Engineer,本科/硕士,22-28,global,45,6.06,6.09,5.6,7.58,5.68,5.68,5.68,5.7,6.22,5.68,7.15,5.62,5.11,6.27,5.1,6.53,5.53,1.4,6.52,6.11,2.49,5.6,6.05,6.57,4.01,5.16,7.08,5.53,4.02,4.06,4.47,3.49,5.78,3.55,5.73,4.49,6.87,0.65,瑞士,孟加拉国,3,2,general,↑,2032-2038,5.87,5.41,5.81,5.65,6.62,6.0,4.83,5.77,5.26,6.38,6.65,4.86,2026-04-13,2026-04-13,2000-2026
交通运输与物流,TRA,物流管理,冷链物流专员,Cold Chain Logistics Specialist,大专/本科,24-32,global,45,4.55,4.1,6.77,7.0,6.72,7.3,5.82,5.25,5.76,6.07,6.15,6.68,6.03,5.25,5.64,5.59,5.06,1.38,5.52,5.18,3.98,5.53,5.04,5.1,5.55,5.25,6.08,5.96,4.01,4.07,6.46,3.57,5.78,3.55,5.73,4.34,6.88,0.7,荷兰,孟加拉国,3,2,general,↑,2028-2033,5.84,5.44,5.76,5.78,6.67,6.01,4.64,5.71,5.2,6.42,6.67,4.86,2026-04-13,2026-04-13,2000-2026
服务业与消费,SVC,美容养生,芳香治疗师,Aromatherapist,专科/证书,20-30,global,45,4.58,3.5,6.18,7.01,6.12,4.11,5.54,4.96,4.61,5.1,5.12,7.56,6.01,4.69,5.6,5.51,5.03,1.95,8.01,5.04,2.01,6.08,4.54,6.96,7.56,6.66,6.03,7.5,6.51,2.99,4.95,6.56,4.28,3.61,5.73,4.67,6.75,0.58,丹麦,孟加拉国,3,2,general,↑,2035+,5.76,5.47,5.69,5.76,6.53,6.05,4.92,5.7,5.3,6.4,6.52,5.02,2026-04-13,2026-04-13,2000-2026
金融与商业,FIN,伊斯兰金融,塔卡福尔(伊斯兰保险)专员,Takaful Specialist,本科/硕士,24-30,regional,45,6.62,6.53,6.6,7.55,5.47,2.84,5.39,4.97,6.2,6.05,6.74,9.0,7.04,6.17,5.57,4.5,4.08,2.02,6.42,6.44,5.01,5.48,5.92,6.57,5.53,4.25,5.98,7.01,1.02,5.62,4.42,3.99,5.29,4.04,5.72,4.7,6.83,0.62,瑞士,越南,3,3,general,↑↑,2032-2038,5.7,5.55,5.35,6.14,6.31,5.98,5.17,5.44,5.07,6.22,6.55,5.22,2026-04-13,2026-04-13,2000-2026
法律与社会服务,LAW,律师各专业,航空法律师,Aviation Lawyer,法学博士/硕士,26-32,global,45,8.1,8.0,5.48,8.07,3.51,2.03,6.05,6.68,8.11,6.58,7.17,9.05,6.48,4.48,4.59,4.57,4.01,1.44,6.56,8.05,5.07,6.54,4.52,6.54,5.02,4.75,7.0,6.49,0.48,9.07,4.94,2.49,8.51,5.56,5.72,4.59,6.72,0.64,瑞士,孟加拉国,2,1,general,→,2032-2038,5.8,5.29,5.56,5.63,6.56,6.03,4.94,5.84,5.33,6.49,6.62,5.0,2026-04-13,2026-04-13,2000-2026
工程与制造,ENG,环境工程,真空技术工程师,Vacuum Technology Engineer,本科/硕士,22-28,global,45,7.08,7.1,5.6,7.55,5.68,3.61,5.66,5.79,6.19,5.64,7.14,6.15,5.1,6.22,5.14,6.58,5.51,1.37,7.02,6.56,3.54,5.51,6.02,6.51,4.05,5.22,7.0,5.5,3.98,4.01,4.47,3.58,5.8,3.65,5.72,4.47,6.92,0.66,瑞士,孟加拉国,3,2,general,↑,2032-2038,5.81,5.36,5.71,5.76,6.7,6.0,4.79,5.69,5.27,6.34,6.64,4.87,2026-04-13,2026-04-13,2000-2026
医疗与健康,MED,传统与替代医学,整骨师,Osteopath,本科/硕士,22-28,global,45,7.08,7.06,4.79,8.59,5.12,4.82,4.84,3.85,6.18,5.61,6.66,8.58,5.92,6.15,6.08,4.01,3.58,2.3,6.98,5.74,2.47,7.45,5.94,7.07,7.94,5.74,7.64,7.53,4.02,6.72,2.43,6.48,5.21,2.59,5.72,4.66,6.62,0.52,瑞士,孟加拉国,1,1,general,↑,2032-2038,5.92,5.6,5.49,5.69,6.28,5.98,5.05,5.77,5.27,6.3,6.39,5.05,2026-04-13,2026-04-13,2000-2026
医疗与健康,MED,医学影像与检验,MRI技师,MRI Technologist,大专/本科,20-24,global,45,6.13,5.57,5.71,7.62,6.12,6.59,7.22,5.78,5.94,6.13,7.59,7.04,4.96,5.16,5.56,5.06,4.55,0.91,5.0,5.53,1.99,4.95,5.43,6.11,3.45,6.12,6.09,5.5,3.5,5.62,1.4,3.5,6.22,3.04,5.72,4.58,6.58,0.55,瑞士,孟加拉国,2,2,general,↑,2028-2033,5.71,5.44,5.6,5.78,6.44,6.02,4.86,5.87,5.39,6.4,6.41,5.02,2026-04-13,2026-04-13,2000-2026
教育与学术,EDU,特殊教育与辅助,课后辅导教师/补习教师,After-school Tutor,大专/本科,20-30,global,45,3.04,3.54,4.01,6.1,6.63,7.68,4.08,3.22,3.76,5.09,4.34,9.53,5.56,5.21,4.64,4.07,5.03,2.4,6.02,4.18,6.63,6.62,5.06,6.01,7.11,6.67,6.56,7.98,1.51,1.62,3.44,9.0,3.74,1.07,5.72,4.75,6.82,0.56,芬兰,尼日利亚,1,-1,general,→,2032-2038,5.71,5.45,5.67,5.73,6.72,5.88,5.06,5.68,5.33,6.36,6.42,4.96,2026-04-13,2026-04-13,2000-2026
交通运输与物流,TRA,航空,机场运营经理,Airport Operations Manager,本科,28-38,global,45,6.07,6.0,5.68,7.05,6.23,5.39,6.61,6.78,6.99,6.54,6.66,5.18,5.58,5.27,5.64,5.0,5.53,1.38,6.54,7.18,2.48,6.53,4.04,7.58,3.1,4.25,4.47,7.52,4.98,5.04,6.93,2.02,8.19,5.06,5.72,4.43,6.74,0.69,德国,巴基斯坦,2,1,general,↑,2032-2038,5.88,5.38,5.7,5.84,6.55,6.06,4.72,5.7,5.21,6.48,6.6,4.84,2026-04-13,2026-04-13,2000-2026
文化、艺术与传媒,ART,摄影,肖像摄影师,Portrait Photographer,本科/专科,20-30,global,45,4.59,4.06,4.69,7.58,5.16,5.65,4.6,4.16,4.68,4.65,4.18,8.04,7.01,5.25,5.16,6.07,5.54,2.4,5.03,5.0,5.48,8.01,5.05,7.58,8.55,5.69,6.54,7.01,3.5,1.49,5.44,7.52,5.26,3.04,5.72,4.56,6.68,0.58,荷兰,孟加拉国,1,0,general,→,2028-2033,5.76,5.35,5.75,5.65,6.41,6.05,4.87,5.85,5.31,6.42,6.58,5.08,2026-04-13,2026-04-13,2000-2026
服务业与消费,SVC,美容养生,游泳教练,Swimming Coach / Instructor,专科/证书,20-30,global,45,4.57,3.5,6.05,7.04,6.19,6.2,5.54,4.94,4.18,5.1,5.18,6.54,6.0,4.69,5.61,5.56,5.1,1.98,8.03,5.1,2.11,6.05,4.55,7.01,7.57,6.65,6.05,7.5,5.5,3.52,5.47,6.54,4.25,3.66,5.72,4.61,6.77,0.59,丹麦,巴基斯坦,3,2,general,↑,2035+,5.71,5.46,5.66,5.73,6.6,5.96,4.81,5.71,5.32,6.52,6.49,5.02,2026-04-13,2026-04-13,2000-2026
金融与商业,FIN,伊斯兰金融,穆拉巴哈融资专员,Murabaha Finance Specialist,本科/硕士,24-30,regional,45,6.61,6.59,6.67,7.5,5.43,2.82,5.82,5.03,6.16,5.97,6.73,9.0,6.97,6.15,5.64,4.53,4.05,1.99,6.45,6.4,5.08,5.51,5.98,6.5,5.48,4.2,6.01,6.98,1.01,5.65,4.48,3.98,4.72,4.02,5.72,4.77,6.83,0.62,英国,孟加拉国,3,3,general,↑↑,2032-2038,5.73,5.46,5.38,6.15,6.18,6.02,5.1,5.48,5.14,6.3,6.61,5.17,2026-04-13,2026-04-13,2000-2026
工程与制造,ENG,化学工程,食品工程师,Food Engineer,本科/硕士,22-28,global,45,5.59,5.59,5.13,7.53,5.64,6.55,5.61,5.78,6.7,6.19,7.14,6.68,4.57,5.73,5.11,6.14,5.1,1.4,5.53,5.65,3.48,5.53,5.55,6.57,4.07,4.75,6.54,5.0,3.5,3.59,4.93,3.51,6.22,3.51,5.71,4.37,6.8,0.65,瑞士,尼日利亚,2,0,general,→,2028-2033,5.83,5.41,5.79,5.73,6.65,6.01,4.82,5.71,5.19,6.37,6.59,4.78,2026-04-13,2026-04-13,2000-2026
信息技术与数字化,TECH,网络与安全,系统管理员,System Administrator,大专/本科,22-28,global,45,4.6,4.09,4.66,6.57,5.68,7.57,4.64,4.2,5.03,5.6,6.09,9.49,6.53,5.24,5.63,5.56,5.08,1.92,4.47,5.13,6.66,6.04,5.54,5.02,4.52,4.76,6.06,5.02,2.02,2.01,3.47,5.56,6.27,2.6,5.71,4.34,6.81,0.68,瑞典,孟加拉国,0,-2,general,→,2028-2033,5.76,5.35,5.77,5.75,6.66,6.12,4.92,5.58,5.22,6.32,6.62,4.79,2026-04-13,2026-04-13,2000-2026
文化、艺术与传媒,ART,新媒体内容,内容审核员,Content Moderator,无要求,16-30,global,45,2.02,2.54,7.11,5.1,7.77,7.84,6.18,4.69,3.34,5.11,4.66,8.52,6.98,3.72,7.62,6.06,5.57,4.46,4.53,4.62,6.98,4.05,4.07,3.56,9.04,5.73,4.43,7.49,2.49,0.99,5.0,8.09,5.2,3.1,5.71,4.53,6.58,0.54,德国,巴基斯坦,5,4,general,↑↑,2028-2033,5.82,5.42,5.72,5.62,6.37,6.04,4.93,5.74,5.28,6.33,6.48,5.11,2026-04-13,2026-04-13,2000-2026
金融与商业,FIN,房地产,房地产开发商,Real Estate Developer,本科/硕士,30-40,global,45,7.04,4.09,5.19,7.01,6.7,7.6,4.56,3.49,8.35,6.51,3.2,9.01,6.98,4.7,3.56,4.98,4.92,4.01,7.44,7.55,4.56,6.95,4.88,5.5,9.77,5.19,6.49,8.01,2.97,4.67,9.56,6.5,4.79,2.49,5.71,4.35,6.74,0.62,瑞士,孟加拉国,2,-1,general,→,2032-2038,5.86,5.38,5.49,5.8,6.31,6.09,4.84,5.7,5.28,6.32,6.56,5.05,2026-04-13,2026-04-13,2000-2026
医疗与健康,MED,兽医学,大动物/农场兽医,Large Animal / Farm Veterinarian,博士/兽医学位,26-30,global,45,7.56,7.6,5.75,7.55,6.12,4.09,6.66,7.3,5.91,5.6,7.12,5.54,4.99,5.13,4.61,4.59,3.55,1.39,7.99,6.65,1.0,6.94,3.9,8.1,7.5,7.1,6.09,6.51,8.02,7.6,2.49,4.43,6.21,2.56,5.71,4.62,6.58,0.55,瑞士,孟加拉国,3,1,general,↑,2035+,5.72,5.46,5.63,5.78,6.5,6.01,4.88,5.9,5.37,6.24,6.41,4.95,2026-04-13,2026-04-13,2000-2026
农业、资源与环境,AGR,环保,废物管理专员,Waste Management Specialist,本科/硕士,24-32,global,45,6.1,6.02,6.54,7.56,6.6,5.68,5.68,6.24,5.18,6.09,6.14,5.65,6.1,6.23,5.65,5.5,5.01,1.4,5.48,6.1,2.49,6.01,6.01,7.5,5.03,6.19,6.07,6.0,5.53,5.03,4.42,3.51,6.2,4.15,5.71,4.4,7.03,0.79,荷兰,尼日利亚,3,3,general,↑↑,2028-2033,5.73,5.19,5.67,5.72,6.9,5.89,4.51,5.93,5.26,6.68,6.78,4.79,2026-04-13,2026-04-13,2000-2026
服务业与消费,SVC,家政照护,月嫂/产后护理师,Maternity Nurse / Postpartum Doula,高中/证书,20-40,regional,45,3.49,2.52,7.19,6.55,6.64,5.12,6.62,5.95,5.07,4.05,4.16,7.05,5.52,4.72,6.62,4.55,4.47,1.48,9.04,4.59,1.48,4.49,4.05,6.57,4.59,3.29,5.54,7.46,6.52,2.01,3.48,4.49,4.73,3.63,5.71,4.58,6.79,0.64,瑞士,孟加拉国,3,3,general,↑↑,2035+,5.76,5.46,5.64,5.7,6.67,5.97,4.75,5.71,5.3,6.51,6.53,4.92,2026-04-13,2026-04-13,2000-2026
交通运输与物流,TRA,航空,航空安全检查员,Aviation Safety Inspector,本科+工程经验,28-38,global,45,6.08,6.05,5.65,7.02,6.2,5.35,6.63,6.72,6.66,6.56,7.58,8.14,5.55,5.21,5.65,5.06,4.57,1.4,6.96,7.03,2.06,5.57,4.09,7.61,3.03,4.24,4.53,5.99,2.99,7.48,7.03,1.97,8.2,5.16,5.71,4.34,6.75,0.68,德国,孟加拉国,2,1,general,↑,2032-2038,5.8,5.38,5.62,5.82,6.54,6.15,4.67,5.75,5.24,6.42,6.61,4.85,2026-04-13,2026-04-13,2000-2026
工程与制造,ENG,环境工程,电镀工程师,Electroplating / Surface Treatment Engineer,本科/硕士,22-28,global,45,5.1,5.13,5.63,7.59,5.68,5.09,5.68,5.77,6.21,5.68,7.14,4.62,5.09,6.22,5.18,6.52,5.54,1.4,6.51,5.16,2.02,5.56,6.05,6.59,4.08,5.28,7.02,5.48,4.47,4.1,4.43,3.55,5.77,3.65,5.7,4.53,6.94,0.65,瑞士,尼日利亚,3,2,general,↑,2032-2038,5.85,5.38,5.78,5.7,6.58,5.92,4.84,5.69,5.16,6.29,6.67,4.86,2026-04-13,2026-04-13,2000-2026
技术工种与手工业,SKL,工业维护,电池回收技术员,Battery Recycling Technician,职校/技校,20-28,global,45,4.52,3.5,7.09,7.61,6.13,4.11,6.38,7.0,5.49,6.55,7.13,4.19,5.04,5.22,5.6,5.47,5.0,1.52,6.54,5.04,0.54,6.01,5.05,6.07,5.54,3.17,6.52,4.94,6.5,4.1,4.95,5.08,5.65,3.67,5.7,4.5,7.07,0.73,德国,孟加拉国,3,3,general,↑↑,2032-2038,5.73,5.29,5.91,5.62,6.63,6.04,4.7,5.7,5.11,6.58,6.75,4.82,2026-04-13,2026-04-13,2000-2026
法律与社会服务,LAW,社会工作,学校社工,School Social Worker,社工本科/硕士,23-28,global,45,5.61,5.58,5.14,7.56,5.68,5.68,5.05,5.08,4.13,4.56,7.19,8.53,6.01,6.06,4.04,5.58,5.0,1.92,7.54,5.54,3.0,5.54,6.57,7.05,2.52,7.49,6.94,9.0,1.49,6.07,1.43,2.98,4.56,4.08,5.7,4.87,6.67,0.57,丹麦,尼日利亚,2,1,general,→,2032-2038,5.57,5.35,5.62,5.42,6.63,5.94,5.01,5.9,5.4,6.38,6.48,5.14,2026-04-13,2026-04-13,2000-2026
服务业与消费,SVC,家政照护,宠物训练师,Pet/Dog Trainer,高中/证书,20-40,global,45,4.51,2.51,6.09,6.61,6.73,4.64,6.67,5.92,4.62,4.11,4.08,7.09,5.52,4.75,6.65,4.54,4.42,1.49,8.48,3.59,1.43,4.5,4.03,7.02,7.52,6.69,5.53,7.49,5.05,2.08,3.48,4.51,4.8,3.64,5.7,4.55,6.71,0.62,德国,孟加拉国,3,3,general,↑↑,2035+,5.77,5.37,5.64,5.73,6.65,5.94,4.77,5.69,5.28,6.41,6.56,4.97,2026-04-13,2026-04-13,2000-2026
法律与社会服务,LAW,律师各专业,体育法律师,Sports Lawyer,法学博士/硕士,25-30,global,45,7.57,7.53,6.03,7.59,4.07,2.56,5.51,5.68,7.35,6.15,5.64,9.38,6.45,4.51,4.48,5.53,5.54,2.42,6.53,7.5,5.0,6.6,4.56,7.09,7.03,5.22,5.98,8.02,0.53,8.59,4.4,3.57,6.59,4.52,5.7,4.55,6.72,0.64,瑞士,孟加拉国,2,1,general,→,2032-2038,5.82,5.28,5.54,5.66,6.49,6.01,4.87,5.79,5.3,6.4,6.58,4.99,2026-04-13,2026-04-13,2000-2026
教育与学术,EDU,教育管理,教育督导,Education Inspector / Superintendent,硕士+行政经验,35-45,global,45,6.53,7.02,3.51,7.68,4.11,3.7,4.04,4.22,6.17,5.59,8.34,9.52,6.05,5.7,5.09,5.57,4.61,1.38,7.53,7.16,3.71,6.57,6.06,7.08,3.16,5.75,7.03,8.0,1.99,6.56,0.89,3.01,4.28,4.02,5.7,4.63,6.73,0.57,芬兰,尼日利亚,0,0,general,→,2035+,5.81,5.41,5.67,5.76,6.68,5.87,4.96,5.7,5.24,6.38,6.35,4.93,2026-04-13,2026-04-13,2000-2026
教育与学术,EDU,特殊教育与辅助,考试出题人/评分员,Test Developer / Exam Grader,硕士(教育测量),25-33,global,45,6.01,6.57,3.56,7.57,4.68,4.11,4.67,4.75,5.14,5.56,7.36,9.53,6.55,5.69,5.61,5.03,5.17,1.39,5.06,5.69,6.67,6.11,6.54,6.0,3.54,6.64,7.12,5.47,0.52,5.12,2.36,6.08,5.77,3.57,5.7,4.68,6.77,0.56,芬兰,尼日利亚,0,-1,general,→,2028-2033,5.74,5.44,5.65,5.7,6.64,5.96,4.92,5.65,5.32,6.36,6.42,4.96,2026-04-13,2026-04-13,2000-2026
服务业与消费,SVC,家政照护,残障护理员,Disability Support Worker,高中/证书,20-40,global,45,3.56,2.6,7.19,6.59,6.7,6.64,7.17,5.96,3.72,4.06,4.15,7.06,5.56,4.64,6.61,4.53,4.59,1.47,8.47,3.54,1.49,4.58,4.03,6.53,4.61,6.7,5.54,7.52,6.47,2.09,3.45,4.41,4.74,3.6,5.7,4.56,6.87,0.64,瑞典,孟加拉国,3,3,general,↑↑,2035+,5.77,5.4,5.69,5.69,6.71,5.93,4.82,5.69,5.21,6.44,6.53,4.96,2026-04-13,2026-04-13,2000-2026
文化、艺术与传媒,ART,音乐产业,音乐制作人,Music Producer,本科/专科,18-28,global,45,6.09,5.09,6.03,6.58,5.18,5.23,5.65,4.67,6.65,4.15,3.14,7.55,6.44,4.76,5.62,6.56,5.05,3.88,7.03,7.01,5.05,7.56,3.54,8.51,8.01,5.21,5.55,6.95,3.48,2.0,6.48,6.52,6.74,4.64,5.7,4.61,6.58,0.53,德国,孟加拉国,1,0,general,→,2032-2038,5.77,5.39,5.69,5.6,6.33,6.06,4.94,5.76,5.32,6.28,6.46,5.15,2026-04-13,2026-04-13,2000-2026
医疗与健康,MED,传统与替代医学,针灸师,Acupuncturist,本科/硕士,22-28,global,45,6.6,6.05,4.75,8.61,5.12,4.82,4.84,3.72,5.14,5.58,6.65,8.56,5.98,6.11,6.02,4.07,3.64,2.85,6.99,5.88,2.52,7.44,5.88,7.16,7.93,5.71,7.51,7.5,4.01,5.69,2.4,6.47,5.2,2.57,5.7,4.62,6.61,0.52,瑞士,孟加拉国,1,2,general,↑,2032-2038,5.89,5.56,5.5,5.71,6.19,5.97,4.96,5.73,5.22,6.3,6.42,5.06,2026-04-13,2026-04-13,2000-2026
法律与社会服务,LAW,律师各专业,海事律师,Maritime / Admiralty Lawyer,法学博士/硕士,26-32,global,45,8.12,8.07,4.51,8.0,3.54,2.54,6.07,6.64,7.74,6.12,7.14,9.04,6.55,5.06,4.52,4.58,3.95,1.47,7.08,7.54,4.58,6.53,4.55,6.53,5.56,4.73,7.08,6.52,0.98,9.04,4.42,2.47,8.5,5.04,5.69,4.64,6.85,0.64,瑞士,孟加拉国,1,0,general,→,2032-2038,5.74,5.38,5.46,5.6,6.45,6.05,4.9,5.74,5.32,6.5,6.58,4.97,2026-04-13,2026-04-13,2000-2026
医疗与健康,MED,兽医学,动物急诊兽医,Emergency Veterinarian,博士/兽医学位,26-30,global,45,7.62,7.54,5.75,7.63,6.17,4.55,7.77,6.8,6.4,5.59,7.14,5.54,5.0,3.19,3.07,4.57,3.56,1.39,7.96,6.62,1.55,6.94,3.4,8.08,7.49,7.11,6.1,6.5,6.0,7.6,2.45,4.42,6.24,2.54,5.69,4.63,6.6,0.56,瑞士,孟加拉国,3,3,general,↑↑,2035+,5.71,5.44,5.51,5.74,6.41,6.04,4.84,5.89,5.36,6.29,6.39,4.96,2026-04-13,2026-04-13,2000-2026
文化、艺术与传媒,ART,音乐产业,DJ/电子音乐人,DJ / Electronic Music Producer,本科/专科,18-28,global,45,4.12,3.0,6.11,6.57,5.19,5.22,4.6,4.67,5.18,4.1,3.15,7.54,6.59,4.72,5.61,6.53,4.94,3.96,7.04,6.04,5.03,7.56,3.54,8.47,8.59,5.3,5.58,7.01,3.48,2.02,6.41,6.57,6.78,4.57,5.69,4.53,6.63,0.54,德国,巴基斯坦,1,2,general,↑,2032-2038,5.74,5.37,5.62,5.57,6.27,6.09,4.91,5.7,5.39,6.32,6.53,5.11,2026-04-13,2026-04-13,2000-2026
医疗与健康,MED,传统与替代医学,脊椎指压治疗师,Chiropractor,本科/硕士,22-28,global,45,7.04,7.08,4.77,8.59,5.14,4.79,4.83,3.8,6.65,5.51,6.67,8.54,5.93,6.05,6.1,4.0,3.6,3.32,6.98,5.72,2.48,7.46,5.82,7.05,8.44,5.66,7.68,7.5,4.02,7.22,2.43,6.5,5.76,2.58,5.69,4.61,6.52,0.51,瑞士,孟加拉国,1,1,general,↑,2032-2038,5.88,5.54,5.43,5.68,6.22,6.02,4.94,5.78,5.24,6.32,6.31,5.04,2026-04-13,2026-04-13,2000-2026
文化、艺术与传媒,ART,摄影,纪实摄影师,Documentary Photographer,本科/专科,20-30,global,45,4.6,4.06,4.61,7.51,5.16,3.71,4.63,4.14,4.26,4.59,4.14,8.04,7.04,5.28,5.11,6.04,5.56,2.42,4.98,6.19,5.51,8.05,5.02,8.5,8.14,5.78,6.53,6.52,3.5,1.52,5.41,7.41,5.21,3.09,5.69,4.54,6.64,0.6,德国,孟加拉国,1,0,general,→,2028-2033,5.72,5.31,5.72,5.59,6.45,6.04,4.8,5.84,5.32,6.4,6.58,5.01,2026-04-13,2026-04-13,2000-2026
工程与制造,ENG,土木与建筑,桥梁工程师,Bridge Engineer,本科/硕士,22-28,global,45,6.11,6.08,5.29,8.1,6.86,5.77,5.71,5.28,6.21,5.67,7.2,5.6,5.03,5.68,5.15,6.02,5.0,1.41,7.54,7.17,3.05,5.54,5.56,6.01,4.56,4.16,7.1,6.5,5.02,6.07,6.49,3.52,5.22,3.58,5.69,4.48,6.87,0.66,瑞士,孟加拉国,2,1,general,↑,2032-2038,5.8,5.38,5.79,5.7,6.59,5.87,4.83,5.67,5.18,6.24,6.63,4.83,2026-04-13,2026-04-13,2000-2026
工程与制造,ENG,环境工程,管道完整性工程师,Pipeline Integrity Engineer,本科/硕士,22-28,global,45,6.04,6.08,5.59,7.61,5.56,5.1,5.61,5.78,6.11,5.61,7.16,5.14,5.07,6.24,5.15,6.54,5.52,1.4,6.54,6.12,2.55,5.5,6.04,6.6,4.05,5.28,7.13,5.5,4.52,4.56,4.4,3.56,5.74,3.56,5.69,4.47,6.91,0.65,德国,孟加拉国,3,2,general,↑,2032-2038,5.78,5.36,5.75,5.64,6.57,5.98,4.84,5.68,5.22,6.38,6.6,4.82,2026-04-13,2026-04-13,2000-2026
技术工种与手工业,SKL,机械加工,模具制造技师,Tool & Die Maker,职校/技校,18-25,global,45,5.96,4.48,5.05,8.01,5.7,6.06,7.37,7.54,6.9,6.08,6.12,5.74,5.08,5.22,5.68,5.05,4.48,1.55,6.96,6.01,0.5,5.57,5.07,7.06,5.06,2.67,6.0,4.52,6.5,3.62,5.93,4.54,5.7,3.6,5.69,4.53,6.88,0.69,瑞士,孟加拉国,1,0,general,→,2032-2038,5.8,5.31,5.85,5.55,6.69,5.92,4.65,5.75,5.14,6.48,6.66,4.85,2026-04-13,2026-04-13,2000-2026
工程与制造,ENG,化学工程,化工工艺工程师,Chemical Process Engineer,本科/硕士,22-28,global,45,6.53,6.6,5.13,7.52,5.59,6.11,5.63,5.73,6.72,6.14,7.15,5.64,4.65,5.74,5.19,6.13,5.13,1.42,6.47,6.65,3.06,5.55,5.55,6.57,4.02,4.71,6.56,5.0,3.49,3.6,4.9,3.53,6.22,3.61,5.69,4.4,6.86,0.64,瑞士,孟加拉国,2,0,general,→,2032-2038,5.81,5.36,5.77,5.64,6.56,5.93,4.77,5.8,5.19,6.28,6.58,4.86,2026-04-13,2026-04-13,2000-2026
服务业与消费,SVC,美容养生,美容顾问,Beauty Consultant / Advisor,专科/证书,20-30,global,45,4.58,3.51,6.1,7.09,6.19,6.12,5.58,4.93,4.21,5.09,5.2,7.55,6.06,4.73,5.66,5.54,5.08,2.01,6.98,5.08,1.98,6.01,4.5,7.01,7.07,6.63,5.99,7.99,6.54,3.08,4.99,6.59,4.3,3.62,5.69,4.6,6.79,0.6,瑞士,巴基斯坦,3,2,general,↑,2032-2038,5.74,5.46,5.63,5.67,6.54,5.83,4.79,5.77,5.3,6.48,6.49,4.96,2026-04-13,2026-04-13,2000-2026
交通运输与物流,TRA,城市交通,自动驾驶安全员,Autonomous Vehicle Safety Operator,技术培训+驾照,22-35,global,45,5.02,4.59,8.22,7.52,6.39,5.4,7.29,5.74,5.62,6.11,6.64,6.72,6.57,5.75,5.64,5.52,5.12,1.41,4.01,5.66,0.57,5.57,5.54,6.08,4.62,5.66,6.09,5.48,3.01,4.54,3.97,3.46,5.26,5.55,5.68,4.26,6.82,0.73,德国,孟加拉国,3,4,general,↑↑,2026-2030,5.79,5.32,5.67,5.71,6.61,6.0,4.49,5.73,5.21,6.52,6.67,4.8,2026-04-13,2026-04-13,2000-2026
交通运输与物流,TRA,物流管理,危险品运输管理员,Hazardous Materials Transport Manager,本科+危险品资格,25-35,global,45,4.56,4.1,6.19,7.02,6.75,7.3,5.65,5.23,6.14,6.1,6.66,5.19,6.06,5.23,5.67,5.59,5.1,1.42,6.06,5.62,4.0,5.55,5.05,5.04,5.65,5.23,6.02,6.02,3.52,7.06,6.42,3.44,5.79,3.56,5.68,4.28,6.85,0.73,荷兰,孟加拉国,3,2,general,↑,2032-2038,5.82,5.33,5.73,5.73,6.68,5.98,4.61,5.65,5.2,6.44,6.65,4.73,2026-04-13,2026-04-13,2000-2026
交通运输与物流,TRA,航空,航空管制员,Air Traffic Controller,本科+专业资格,22-30,global,45,7.06,6.61,5.66,7.02,6.25,5.33,6.6,6.8,7.33,6.53,8.12,8.48,5.51,5.25,4.2,5.05,4.58,1.39,7.0,7.61,2.05,5.53,4.04,7.52,3.05,4.22,4.54,6.01,2.02,9.05,6.98,1.96,8.21,5.1,5.68,4.39,6.78,0.68,荷兰,孟加拉国,2,1,general,↑,2032-2038,5.86,5.35,5.61,5.79,6.45,6.0,4.64,5.77,5.16,6.44,6.58,4.85,2026-04-13,2026-04-13,2000-2026
教育与学术,EDU,K12教育,体育教师,Physical Education Teacher,本科(体育),22-28,global,45,4.56,5.01,3.52,7.11,5.67,7.14,4.61,4.68,4.15,5.13,7.86,7.52,4.49,7.08,5.66,4.05,4.58,1.88,9.02,5.17,1.67,5.57,6.58,7.08,4.11,5.7,5.04,8.48,7.5,5.63,1.42,5.54,4.26,2.58,5.68,4.66,6.81,0.58,芬兰,孟加拉国,1,0,general,→,2035+,5.71,5.42,5.67,5.71,6.73,5.84,4.98,5.61,5.21,6.39,6.37,4.96,2026-04-13,2026-04-13,2000-2026
文化、艺术与传媒,ART,新闻传媒,数据新闻记者,Data Journalist,本科,22-28,global,45,5.09,5.52,6.13,7.0,4.7,5.29,4.64,4.62,5.67,4.61,4.62,6.15,6.45,4.21,6.64,6.6,6.03,2.46,5.54,6.04,7.57,6.11,4.01,7.63,5.06,5.73,6.56,7.5,3.49,2.53,4.99,5.53,6.8,4.68,5.68,4.48,6.65,0.62,德国,孟加拉国,-1,1,general,→,2028-2033,5.69,5.28,5.65,5.49,6.55,6.02,4.77,5.85,5.38,6.44,6.55,5.0,2026-04-13,2026-04-13,2000-2026
教育与学术,EDU,学术研究,人文学科研究员,Humanities Researcher,博士,27-35,global,45,8.04,8.54,3.01,8.67,4.17,3.11,3.59,3.74,4.97,3.62,5.83,9.53,6.02,6.13,5.13,6.54,5.1,1.89,6.49,6.66,7.68,8.58,6.08,8.54,4.02,6.66,8.16,5.53,0.52,7.56,2.47,7.06,7.32,2.53,5.68,4.53,6.87,0.7,芬兰,孟加拉国,-1,-1,general,→,2032-2038,5.82,5.34,5.67,5.6,6.81,5.98,4.82,5.65,5.1,6.42,6.56,4.78,2026-04-13,2026-04-13,2000-2026
服务业与消费,SVC,家政照护,家庭收纳师,Professional Home Organizer,高中/证书,20-40,global,45,3.49,2.58,6.63,6.62,6.73,3.72,6.7,5.92,4.21,4.1,4.15,7.06,5.52,4.73,6.64,4.54,4.6,1.48,7.54,3.54,1.47,4.55,4.03,6.57,8.55,6.65,5.52,7.54,4.47,2.03,3.46,4.57,4.78,3.6,5.68,4.56,6.83,0.64,丹麦,尼日利亚,3,2,general,↑,2032-2038,5.74,5.39,5.6,5.72,6.71,5.82,4.75,5.6,5.27,6.43,6.55,4.9,2026-04-13,2026-04-13,2000-2026
交通运输与物流,TRA,城市交通,交通信号技术员,Traffic Signal Technician,技校/大专,20-30,global,45,4.58,4.1,6.72,7.52,6.31,5.39,5.75,5.76,5.24,6.12,7.16,6.68,6.54,5.71,5.63,5.53,5.11,1.38,5.54,5.64,1.03,5.53,5.56,6.0,4.65,5.67,6.08,5.43,5.52,4.09,3.99,3.51,5.3,5.55,5.68,4.31,6.89,0.73,荷兰,尼日利亚,3,2,general,↑,2028-2033,5.79,5.36,5.67,5.72,6.69,6.01,4.63,5.67,5.14,6.39,6.65,4.71,2026-04-13,2026-04-13,2000-2026
公共管理与公务员,GOV,情报安全,密码学专家(政府),Government Cryptographer,硕士/博士,24-30,global,45,8.49,8.57,6.16,7.68,3.2,1.71,6.92,8.02,8.3,6.24,8.59,9.06,7.03,5.55,5.05,5.6,5.04,0.89,6.06,8.09,4.51,6.09,5.12,7.53,2.59,4.74,5.0,3.99,0.54,9.46,0.93,1.0,4.51,9.54,5.68,4.89,6.41,0.45,丹麦,尼日利亚,2,3,general,↑↑,2032-2038,5.77,5.42,5.63,5.64,6.39,5.7,5.17,5.87,5.35,6.19,6.25,5.08,2026-04-13,2026-04-13,2000-2026
服务业与消费,SVC,餐饮,行政总厨,Executive Chef,专科/职校,30-40,global,45,7.04,3.54,5.1,7.49,5.59,6.15,5.55,5.36,6.9,4.57,5.63,6.01,5.53,3.77,6.11,6.03,5.59,2.48,7.01,7.46,1.5,8.04,3.49,7.01,8.05,5.31,5.56,7.53,7.02,3.04,5.92,5.51,5.29,4.6,5.68,4.56,6.59,0.55,丹麦,孟加拉国,2,1,general,↑,2032-2038,5.64,5.44,5.69,5.7,6.44,5.95,4.79,5.68,5.28,6.37,6.43,5.08,2026-04-13,2026-04-13,2000-2026
文化、艺术与传媒,ART,影视制作,视觉特效师(VFX),Visual Effects (VFX) Artist,本科,20-30,global,45,5.61,5.09,7.6,5.99,5.69,5.71,7.15,5.12,6.58,4.67,3.63,6.55,6.0,4.23,5.63,6.04,5.55,3.41,5.52,6.09,7.06,6.55,3.61,8.09,6.0,5.24,4.97,7.01,4.08,2.01,6.9,5.56,6.75,5.15,5.68,4.56,6.57,0.54,英国,孟加拉国,4,3,general,↑,2028-2033,5.79,5.36,5.65,5.55,6.27,6.05,4.94,5.71,5.34,6.29,6.48,5.08,2026-04-13,2026-04-13,2000-2026
金融与商业,FIN,证券投资,证券经纪人,Stockbroker,本科/硕士,22-28,global,45,4.56,4.55,7.1,6.49,7.5,6.39,4.05,6.46,5.47,7.01,5.26,9.02,5.43,3.68,3.55,6.51,5.46,2.48,3.48,5.58,6.57,6.59,3.92,6.46,7.0,4.74,4.98,6.96,0.5,5.61,7.45,4.48,7.69,4.08,5.68,4.3,6.86,0.72,瑞士,巴基斯坦,-1,-2,general,→,2026-2030,5.95,5.34,5.51,5.83,6.37,6.13,4.72,5.52,5.12,6.24,6.68,4.83,2026-04-13,2026-04-13,2000-2026
教育与学术,EDU,早期教育,育婴师,Infant Care Specialist / Nanny,高中/大专+育婴证,20-35,global,45,2.49,2.49,4.02,6.67,6.11,7.12,5.11,5.7,3.32,4.57,5.83,8.03,4.53,5.2,4.62,2.97,3.52,1.92,9.54,4.17,0.78,5.08,5.1,7.05,5.02,9.21,6.09,8.03,6.97,3.11,2.43,4.02,4.79,1.0,5.68,4.91,6.7,0.49,芬兰,肯尼亚,1,1,general,↑,2035+,5.66,5.5,5.65,5.61,6.59,5.85,5.13,5.58,5.33,6.24,6.34,5.04,2026-04-13,2026-04-13,2000-2026
医疗与健康,MED,医学影像与检验,心电图技师,Electrocardiograph Technician,大专,20-24,global,45,4.09,4.1,5.73,7.59,6.12,6.58,6.26,5.79,4.42,6.11,7.7,7.05,4.9,5.21,5.59,5.03,4.55,0.89,3.96,5.64,1.99,4.91,5.42,6.0,3.45,6.12,6.08,5.52,3.49,4.17,1.42,3.48,6.24,3.07,5.68,4.53,6.49,0.55,瑞士,孟加拉国,2,0,general,→,2026-2030,5.72,5.39,5.58,5.73,6.37,6.05,4.8,5.87,5.37,6.36,6.36,4.93,2026-04-13,2026-04-13,2000-2026
文化、艺术与传媒,ART,会展,舞台搭建工,Stagehand / Set Builder,高中/大专,18-30,global,45,3.04,2.5,5.1,7.54,5.63,5.28,5.18,4.67,3.8,5.16,5.12,6.53,7.02,5.26,5.14,5.96,6.0,1.96,6.51,3.66,4.11,6.09,5.0,6.57,6.57,5.73,6.51,7.53,7.48,2.06,6.46,5.57,6.26,4.04,5.68,4.61,6.7,0.58,荷兰,孟加拉国,2,1,general,→,2032-2038,5.7,5.32,5.64,5.52,6.37,6.02,4.92,5.79,5.32,6.39,6.53,5.0,2026-04-13,2026-04-13,2000-2026
服务业与消费,SVC,酒店旅游,民宿经营者,B&B / Guesthouse Operator,专科/本科,20-30,global,45,4.54,4.02,6.6,7.04,5.61,6.11,5.15,4.87,5.18,4.56,3.65,7.06,6.51,4.25,5.65,6.05,5.54,1.99,6.99,5.56,2.53,8.54,4.08,5.96,9.07,5.76,5.51,8.0,4.95,2.6,7.57,4.57,6.21,4.55,5.68,4.45,6.64,0.57,瑞士,孟加拉国,2,2,general,↑,2032-2038,5.6,5.4,5.69,5.72,6.41,5.95,4.76,5.79,5.37,6.46,6.39,5.09,2026-04-13,2026-04-13,2000-2026
法律与社会服务,LAW,社会工作,医务社工,Medical Social Worker,社工硕士,23-30,global,45,6.05,6.09,5.61,7.61,5.66,5.12,5.53,5.75,4.68,4.61,7.2,8.03,5.55,5.04,3.54,5.49,5.01,1.43,7.57,5.53,3.01,5.55,5.55,7.6,2.5,7.61,6.54,9.0,1.98,6.53,1.47,2.5,5.06,4.08,5.68,4.75,6.73,0.6,荷兰,巴基斯坦,2,2,general,↑,2035+,5.55,5.29,5.57,5.36,6.65,5.9,5.0,5.89,5.42,6.52,6.53,5.09,2026-04-13,2026-04-13,2000-2026
文化、艺术与传媒,ART,影视制作,制片人,Film/TV Producer,本科,28-38,global,45,5.58,5.07,5.59,6.02,5.71,5.77,5.69,5.1,7.09,4.59,3.61,6.54,5.99,4.27,5.7,6.07,5.54,3.5,6.56,7.64,4.11,8.05,3.54,8.0,8.01,5.31,5.01,7.0,4.0,2.02,6.91,5.56,6.7,5.08,5.67,4.6,6.57,0.53,荷兰,巴基斯坦,2,1,general,→,2032-2038,5.72,5.37,5.59,5.53,6.33,6.05,4.92,5.74,5.38,6.28,6.43,5.04,2026-04-13,2026-04-13,2000-2026
法律与社会服务,LAW,社会工作,社会工作者,Social Worker,社工本科/硕士,22-28,global,45,5.58,5.6,5.17,7.57,6.11,6.69,5.58,5.12,4.14,4.58,6.67,7.53,5.51,4.98,3.53,5.5,4.95,1.98,7.55,5.6,3.57,5.58,5.55,7.53,3.0,7.57,6.96,9.02,1.96,5.99,1.92,3.02,5.03,3.47,5.67,4.81,6.63,0.58,丹麦,尼日利亚,2,1,general,→,2035+,5.56,5.28,5.58,5.4,6.61,5.91,4.97,5.89,5.38,6.48,6.48,5.08,2026-04-13,2026-04-13,2000-2026
服务业与消费,SVC,家政照护,家庭教师,Home Tutor,本科,20-40,global,45,5.06,5.06,6.21,6.6,6.69,6.69,6.68,5.9,5.14,4.05,4.12,7.04,5.53,4.72,6.58,4.59,4.52,1.52,6.51,5.09,5.04,4.54,4.09,6.58,4.52,6.71,5.52,7.52,1.99,2.04,3.43,4.49,4.73,3.58,5.67,4.53,6.78,0.63,荷兰,尼日利亚,3,3,general,↑↑,2032-2038,5.79,5.41,5.61,5.63,6.66,5.82,4.83,5.68,5.22,6.42,6.5,4.86,2026-04-13,2026-04-13,2000-2026
工程与制造,ENG,化学工程,腐蚀工程师,Corrosion Engineer,本科/硕士,22-28,global,45,6.57,6.57,5.13,7.62,5.68,5.11,5.67,5.68,6.67,6.17,7.15,6.15,4.58,5.65,5.12,6.07,5.08,1.39,6.55,6.57,2.55,5.58,5.52,6.56,4.08,4.69,6.56,4.98,3.51,3.5,4.95,3.5,6.24,3.6,5.67,4.36,6.76,0.63,德国,尼日利亚,2,0,general,→,2032-2038,5.78,5.34,5.71,5.64,6.54,5.93,4.78,5.71,5.22,6.3,6.55,4.81,2026-04-13,2026-04-13,2000-2026
服务业与消费,SVC,殡葬,哀伤辅导师,Grief Counselor,本科/硕士,22-35,global,45,6.01,6.08,4.58,8.03,5.08,4.0,5.58,5.45,5.61,5.54,6.64,6.56,5.0,5.76,5.64,4.45,4.03,0.99,8.51,5.51,5.09,5.56,5.03,7.07,4.58,5.18,6.54,6.48,2.0,4.55,1.98,2.99,3.72,5.1,5.67,4.62,6.67,0.55,荷兰,孟加拉国,1,0,general,→,2035+,5.65,5.43,5.6,5.66,6.49,5.8,4.86,5.73,5.33,6.36,6.41,5.02,2026-04-13,2026-04-13,2000-2026
法律与社会服务,LAW,宗教,犹太拉比,Rabbi,犹太神学院,25-32,global,45,7.11,7.05,3.53,9.04,3.16,2.14,4.01,4.62,5.11,4.5,7.54,7.51,6.51,5.06,5.05,5.53,4.44,1.93,9.1,8.05,2.93,7.56,5.53,8.59,4.08,4.26,8.57,9.51,1.02,7.52,0.5,3.0,5.58,4.6,5.67,4.9,6.46,0.45,荷兰,孟加拉国,0,0,general,→,2035+,5.65,5.45,5.55,5.47,6.23,5.9,5.14,5.55,5.47,6.38,6.28,5.28,2026-04-13,2026-04-13,2000-2026
金融与商业,FIN,证券投资,投行分析师,Investment Banking Analyst,本科/硕士,22-28,global,45,7.54,7.0,7.12,6.59,7.49,6.34,6.0,6.5,8.05,6.93,4.68,9.02,5.51,1.89,2.06,6.51,5.45,2.52,4.92,8.48,6.53,6.5,1.93,5.47,7.04,4.72,4.94,6.95,0.52,5.59,7.96,4.48,7.73,3.93,5.67,4.36,6.7,0.67,英国,孟加拉国,3,0,general,→,2028-2033,5.91,5.3,5.52,5.81,6.4,6.03,4.81,5.57,5.25,6.22,6.57,4.85,2026-04-13,2026-04-13,2000-2026
工程与制造,ENG,化学工程,涂料工程师,Coatings Engineer,本科/硕士,22-28,global,45,5.6,5.56,5.16,7.62,5.63,5.12,5.65,5.76,6.64,6.16,7.21,6.18,4.54,5.71,5.18,6.07,5.04,1.43,5.56,5.69,3.57,5.51,5.58,6.58,4.05,4.74,6.52,4.97,3.48,3.59,5.02,3.5,6.22,3.61,5.67,4.46,6.81,0.63,瑞典,孟加拉国,2,0,general,→,2028-2033,5.77,5.36,5.69,5.66,6.61,5.92,4.79,5.71,5.21,6.2,6.54,4.86,2026-04-13,2026-04-13,2000-2026
法律与社会服务,LAW,社会工作,社区组织者,Community Organizer,本科/大专,22-30,global,45,4.02,4.08,4.73,7.05,5.15,5.14,4.58,4.17,3.64,4.12,5.61,7.53,6.08,5.05,4.0,6.01,5.58,2.46,8.08,5.07,3.05,6.54,5.08,7.54,5.0,7.14,7.54,9.5,2.47,3.0,2.4,4.55,4.03,2.57,5.67,4.72,6.71,0.59,荷兰,尼日利亚,1,1,general,→,2035+,5.55,5.32,5.61,5.38,6.66,5.88,4.97,5.8,5.4,6.44,6.46,5.11,2026-04-13,2026-04-13,2000-2026
医疗与健康,MED,医学影像与检验,核医学技师,Nuclear Medicine Technologist,大专/本科,20-24,global,45,6.08,5.57,5.77,7.58,6.2,6.53,6.64,5.89,6.01,6.19,7.67,6.09,3.93,5.18,5.58,5.07,4.63,0.91,4.96,5.63,2.01,4.91,5.42,6.08,3.42,6.25,6.1,5.56,3.5,5.62,1.42,3.49,6.28,3.08,5.67,4.59,6.58,0.54,瑞士,孟加拉国,2,1,general,↑,2028-2033,5.59,5.46,5.48,5.75,6.36,5.98,4.85,5.88,5.35,6.34,6.33,4.99,2026-04-13,2026-04-13,2000-2026
工程与制造,ENG,土木与建筑,岩土工程师,Geotechnical Engineer,本科/硕士,22-28,global,45,6.05,6.06,5.3,8.05,6.8,5.28,5.68,5.2,6.24,5.65,7.08,5.65,5.09,5.69,5.16,6.06,5.06,1.41,7.57,6.69,3.01,5.54,5.53,6.09,4.57,4.29,7.01,6.47,5.51,5.62,6.46,3.51,5.22,3.59,5.67,4.44,6.79,0.64,德国,尼日利亚,2,1,general,↑,2035+,5.83,5.3,5.73,5.72,6.58,5.94,4.8,5.68,5.15,6.29,6.51,4.81,2026-04-13,2026-04-13,2000-2026
服务业与消费,SVC,殡葬,殡葬师/殡仪馆主任,Funeral Director / Mortician,专科/证书,22-35,global,45,4.02,4.09,4.55,8.08,5.09,4.05,5.59,5.41,5.63,5.63,7.18,6.55,4.94,5.78,5.62,4.5,4.05,0.93,8.49,5.04,1.51,5.57,5.06,5.99,6.16,5.24,6.51,7.01,4.97,5.01,1.93,2.95,3.66,5.08,5.67,4.74,6.64,0.53,丹麦,孟加拉国,1,0,general,→,2035+,5.61,5.42,5.61,5.7,6.45,5.82,4.91,5.82,5.29,6.36,6.35,5.05,2026-04-13,2026-04-13,2000-2026
法律与社会服务,LAW,律师各专业,医疗纠纷律师,Medical Malpractice Lawyer,法学博士/硕士,26-32,global,45,8.1,8.05,5.52,8.11,5.04,3.97,5.54,5.64,7.32,6.11,6.68,9.02,6.03,4.49,4.06,5.53,5.04,2.45,6.54,7.51,4.57,6.55,4.52,6.51,7.0,5.78,7.04,7.5,0.52,9.09,2.44,3.04,4.58,3.5,5.67,4.49,6.8,0.66,瑞士,孟加拉国,2,1,general,→,2032-2038,5.74,5.32,5.54,5.53,6.51,6.03,4.83,5.73,5.28,6.48,6.57,4.93,2026-04-13,2026-04-13,2000-2026
教育与学术,EDU,职业培训,礼仪培训师,Etiquette Trainer,大专/本科+培训,25-35,global,45,3.55,3.56,3.53,7.08,4.17,3.2,3.62,2.65,4.19,5.11,4.29,9.51,6.53,6.64,6.1,4.06,4.57,2.88,7.0,5.28,4.07,7.58,6.03,6.02,7.51,7.15,7.14,8.51,2.52,1.61,4.92,8.08,4.28,1.02,5.66,4.64,6.69,0.57,瑞典,孟加拉国,0,0,general,→,2032-2038,5.72,5.4,5.72,5.65,6.62,5.89,4.89,5.6,5.21,6.32,6.33,4.93,2026-04-13,2026-04-13,2000-2026
工程与制造,ENG,化学工程,高分子材料工程师,Polymer Engineer,本科/硕士,22-28,global,45,6.61,6.59,5.06,7.6,5.56,5.12,5.16,5.76,6.57,6.11,7.14,6.15,4.56,5.73,5.08,6.04,5.05,1.44,6.5,6.68,3.55,5.55,5.47,6.57,4.04,4.74,6.58,5.01,3.51,3.58,4.98,3.56,6.25,3.57,5.66,4.49,6.74,0.63,瑞士,孟加拉国,2,0,general,→,2032-2038,5.79,5.29,5.73,5.68,6.6,5.97,4.79,5.62,5.22,6.24,6.5,4.82,2026-04-13,2026-04-13,2000-2026
公共管理与公务员,GOV,国际组织,联合国职员,United Nations Staff,硕士/博士,27-35,global,45,7.56,8.51,4.6,8.19,2.69,1.7,3.49,3.46,7.71,6.18,8.26,7.59,7.05,5.58,5.53,6.6,5.05,1.4,7.03,8.94,4.55,5.58,5.1,8.52,1.5,7.62,5.56,8.51,1.46,8.46,1.92,1.06,9.44,8.04,5.66,4.73,6.51,0.49,丹麦,尼日利亚,0,0,general,→,2032-2038,5.77,5.42,5.64,5.57,6.45,5.71,5.08,5.81,5.29,6.19,6.25,5.03,2026-04-13,2026-04-13,2000-2026
服务业与消费,SVC,餐饮,美食评论家/美食博主,Food Critic / Food Blogger,专科/职校,18-28,global,45,5.52,4.09,5.12,6.56,5.62,6.11,5.52,5.48,5.01,4.61,4.63,6.02,5.5,3.72,6.18,6.04,5.56,2.51,6.01,5.47,7.55,5.56,3.52,7.05,9.0,5.25,5.51,7.54,1.96,3.03,6.0,8.04,5.21,4.54,5.66,4.62,6.79,0.58,瑞士,孟加拉国,2,1,general,↑,2032-2038,5.58,5.4,5.59,5.7,6.36,5.91,4.8,5.69,5.26,6.52,6.43,5.04,2026-04-13,2026-04-13,2000-2026
金融与商业,FIN,房地产,房地产估价师,Real Estate Appraiser,大专/本科,22-30,global,45,4.12,4.1,5.05,6.99,6.7,7.6,4.54,3.47,5.59,6.51,6.2,9.03,6.93,4.68,5.13,5.01,5.0,3.0,5.44,5.6,4.6,6.92,4.96,5.54,8.58,5.26,6.47,8.02,3.02,6.6,8.51,6.48,4.75,2.52,5.66,4.34,6.87,0.69,瑞士,孟加拉国,2,-1,general,→,2028-2033,5.87,5.31,5.37,5.83,6.3,6.06,4.77,5.55,5.23,6.34,6.61,4.86,2026-04-13,2026-04-13,2000-2026
技术工种与手工业,SKL,焊接,TIG焊工,TIG Welder,职校/短期培训,18-25,global,45,5.04,2.94,5.58,7.12,6.16,6.15,7.31,7.51,6.47,6.55,6.12,4.18,4.06,5.22,5.58,5.46,5.0,1.5,7.04,5.09,0.61,5.53,4.53,6.07,5.54,2.26,5.45,5.01,8.01,5.12,6.44,5.48,6.72,3.11,5.66,4.53,6.89,0.7,瑞士,尼日利亚,2,1,general,↑,2032-2038,5.72,5.29,5.88,5.58,6.67,5.94,4.7,5.64,5.04,6.58,6.6,4.83,2026-04-13,2026-04-13,2000-2026
公共管理与公务员,GOV,事业单位/公共机构,政府统计人员,Government Statistician,硕士,24-30,global,45,6.59,6.99,4.67,8.72,4.64,3.7,4.93,4.48,5.68,5.71,8.57,9.58,7.54,6.54,5.55,6.03,5.53,1.41,4.54,6.58,5.61,5.61,7.09,6.09,2.55,6.2,7.03,4.98,0.52,7.0,1.41,2.53,5.1,7.01,5.66,4.66,6.45,0.46,丹麦,尼日利亚,1,1,general,↑,2028-2033,5.74,5.44,5.65,5.57,6.38,5.71,5.16,5.76,5.37,6.18,6.23,4.98,2026-04-13,2026-04-13,2000-2026
医疗与健康,MED,兽医学,动物园兽医,Zoo / Wildlife Veterinarian,博士/兽医学位,26-30,global,45,7.6,7.55,5.79,7.62,6.12,2.06,5.65,6.81,4.98,5.6,7.12,5.07,4.98,5.17,4.59,4.66,3.57,1.38,8.02,6.56,1.49,6.89,4.95,9.58,7.46,7.08,6.08,6.51,6.99,7.62,2.43,4.46,6.23,2.59,5.66,4.54,6.55,0.55,瑞士,孟加拉国,3,2,general,↑,2035+,5.69,5.41,5.52,5.62,6.37,5.97,4.82,5.86,5.3,6.27,6.38,4.96,2026-04-13,2026-04-13,2000-2026
文化、艺术与传媒,ART,图书馆信息,档案管理员,Archivist,硕士,24-30,global,45,5.12,5.6,3.59,9.08,3.67,3.68,3.65,3.68,3.82,4.63,8.08,9.02,7.98,7.12,3.66,5.57,5.02,0.47,6.06,5.14,5.51,5.52,7.45,6.99,2.57,6.64,8.06,5.0,1.44,2.53,2.51,4.04,4.78,4.58,5.66,4.57,6.54,0.58,英国,孟加拉国,0,-1,general,→,2032-2038,5.73,5.29,5.72,5.5,6.37,6.01,4.83,5.74,5.27,6.35,6.51,4.98,2026-04-13,2026-04-13,2000-2026
工程与制造,ENG,化学工程,催化剂工程师,Catalyst Engineer,本科/硕士,22-28,global,45,7.61,7.52,5.1,7.49,5.54,3.53,6.19,5.69,6.64,6.14,7.16,6.12,4.62,5.74,5.17,6.07,5.02,1.42,6.98,7.12,3.54,5.61,5.52,6.61,4.01,4.76,6.54,5.02,3.51,3.59,4.93,3.49,6.26,3.54,5.66,4.43,6.94,0.65,瑞士,孟加拉国,2,0,general,→,2032-2038,5.77,5.33,5.72,5.65,6.6,5.86,4.77,5.58,5.22,6.28,6.58,4.82,2026-04-13,2026-04-13,2000-2026
技术工种与手工业,SKL,工业维护,自动售货机维修工,Vending Machine Technician,职校/技校,20-28,global,45,4.47,3.47,5.68,7.5,6.14,5.1,5.86,7.03,5.1,6.59,7.05,5.7,5.05,5.25,5.69,5.54,5.03,1.52,6.04,5.1,0.58,6.03,5.03,6.09,5.57,3.09,6.51,5.0,5.5,4.1,4.9,5.0,5.77,3.54,5.66,4.46,7.07,0.72,瑞士,巴基斯坦,2,1,general,↑,2032-2038,5.71,5.27,5.82,5.54,6.66,5.96,4.62,5.72,5.14,6.55,6.67,4.77,2026-04-13,2026-04-13,2000-2026
医疗与健康,MED,医学影像与检验,医学检验技师,Medical Laboratory Technologist,大专/本科,20-24,global,45,5.54,5.6,5.75,7.6,6.13,6.51,6.2,5.78,5.54,6.09,7.67,7.59,4.95,5.15,5.54,5.06,4.58,0.9,4.5,5.61,1.55,4.96,5.41,6.02,3.44,6.18,6.08,5.5,3.48,5.6,1.45,3.49,6.27,2.99,5.65,4.55,6.61,0.56,瑞士,孟加拉国,2,1,general,↑,2028-2033,5.67,5.37,5.51,5.71,6.36,6.01,4.82,5.79,5.31,6.3,6.38,4.89,2026-04-13,2026-04-13,2000-2026
工程与制造,ENG,土木与建筑,工程造价师,Quantity Surveyor / Cost Estimator,本科/硕士,22-28,global,45,5.58,5.59,5.26,8.01,6.81,6.72,5.77,5.2,6.19,5.71,7.17,5.65,5.04,5.67,5.08,6.06,5.11,1.44,5.5,6.15,5.01,5.56,5.58,6.01,4.54,4.32,7.02,6.5,5.03,5.54,6.46,3.56,5.2,3.67,5.65,4.36,6.81,0.65,德国,尼日利亚,2,1,general,↑,2028-2033,5.72,5.36,5.65,5.68,6.52,5.93,4.79,5.66,5.16,6.2,6.59,4.78,2026-04-13,2026-04-13,2000-2026
医疗与健康,MED,传统与替代医学,推拿师,Tui Na Massage Therapist,大专/本科,20-28,regional,45,4.56,4.11,4.74,8.62,5.14,4.85,4.85,3.76,4.11,5.61,6.67,8.54,5.98,6.13,6.11,4.13,3.65,3.34,6.96,5.71,2.5,7.41,5.88,7.0,7.46,5.68,7.53,7.5,7.02,3.71,2.42,6.47,2.21,2.54,5.65,4.64,6.53,0.52,瑞士,孟加拉国,1,0,general,→,2032-2038,5.82,5.43,5.45,5.67,6.18,5.89,4.95,5.75,5.24,6.28,6.34,4.95,2026-04-13,2026-04-13,2000-2026
服务业与消费,SVC,婚庆活动,婚礼花艺师,Wedding Florist,专科,20-32,global,45,3.5,3.5,5.13,7.06,5.69,5.74,5.19,4.47,4.69,4.64,4.08,7.53,6.99,4.27,5.64,5.53,5.43,1.98,8.0,5.01,2.03,6.52,4.05,7.51,8.06,6.23,5.53,7.98,5.04,2.08,7.55,5.42,4.22,3.54,5.65,4.57,6.54,0.55,澳大利亚,巴基斯坦,2,1,general,↑,2035+,5.66,5.44,5.59,5.64,6.41,5.84,4.82,5.72,5.27,6.39,6.32,5.0,2026-04-13,2026-04-13,2000-2026
工程与制造,ENG,土木与建筑,暖通空调设计工程师,HVAC Design Engineer,本科/硕士,22-28,global,45,6.0,6.08,5.24,8.1,6.88,6.25,5.71,5.2,6.15,5.66,7.13,5.62,5.08,5.72,5.12,6.11,5.07,1.39,6.06,6.64,4.01,5.51,5.53,6.04,4.56,4.23,7.02,6.52,4.99,4.58,6.48,3.56,5.23,3.61,5.65,4.42,6.76,0.65,德国,巴基斯坦,2,1,general,↑,2032-2038,5.77,5.35,5.69,5.66,6.54,5.97,4.75,5.63,5.18,6.3,6.52,4.76,2026-04-13,2026-04-13,2000-2026
技术工种与手工业,SKL,传统手工艺,猎鹰训练师,Falconer,师徒制/自学,16-30,country_specific,45,6.0,2.99,3.71,8.56,2.31,1.5,4.38,5.59,5.05,5.03,5.63,6.68,5.58,6.2,6.63,4.53,3.42,2.02,9.91,6.13,2.05,7.98,6.04,9.13,7.52,3.11,7.53,5.0,4.98,5.07,4.44,7.02,2.17,2.07,5.65,4.5,7.09,0.71,瑞士,尼日利亚,0,-1,general,→,2035+,5.64,5.21,5.66,5.47,6.62,5.85,4.7,5.79,5.18,6.58,6.74,4.84,2026-04-13,2026-04-13,2000-2026
服务业与消费,SVC,休闲娱乐,电子竞技赛事运营,Esports Event Organizer,专科/证书,20-32,global,45,3.99,3.5,7.63,7.0,5.73,5.77,5.12,4.46,5.1,4.55,4.62,6.05,6.04,4.75,5.13,5.03,5.04,1.49,6.53,4.55,5.05,5.97,4.0,7.02,6.63,5.75,5.58,7.98,3.0,3.08,6.59,5.53,4.75,4.11,5.65,4.43,6.67,0.58,瑞士,孟加拉国,2,3,general,↑↑,2032-2038,5.64,5.43,5.61,5.68,6.33,5.92,4.72,5.77,5.25,6.46,6.39,4.95,2026-04-13,2026-04-13,2000-2026
服务业与消费,SVC,酒店旅游,礼宾部经理,Concierge Manager,专科/本科,20-30,global,45,4.5,4.01,5.14,7.04,5.71,6.15,5.13,4.91,5.55,4.56,4.67,7.03,6.47,4.23,5.65,6.05,5.54,1.98,7.51,6.53,2.49,5.02,4.01,6.07,6.53,5.68,5.54,9.01,5.02,2.54,7.53,4.54,7.27,4.57,5.65,4.36,6.6,0.58,丹麦,孟加拉国,2,1,general,↑,2032-2038,5.58,5.4,5.65,5.62,6.41,6.01,4.73,5.7,5.32,6.44,6.36,4.97,2026-04-13,2026-04-13,2000-2026
工程与制造,ENG,土木与建筑,水利工程师,Hydraulic Engineer,本科/硕士,22-28,global,45,6.09,6.1,5.21,8.09,6.87,5.88,5.76,5.2,6.23,5.65,7.15,5.66,5.09,5.74,5.13,6.03,5.02,1.4,7.03,6.62,3.05,5.52,5.48,6.07,4.55,4.3,7.06,6.52,5.0,5.6,6.51,3.47,5.29,3.64,5.65,4.33,6.81,0.64,瑞士,尼日利亚,2,1,general,↑,2032-2038,5.78,5.35,5.66,5.75,6.53,5.94,4.79,5.62,5.11,6.2,6.55,4.76,2026-04-13,2026-04-13,2000-2026
法律与社会服务,LAW,公证与仲裁,公证人(大陆法系),Civil Law Notary,法学硕士+国家考试,28-35,regional,45,8.08,8.07,3.94,9.01,3.57,3.47,5.06,5.18,7.77,6.58,8.81,9.54,7.09,6.5,6.04,4.06,3.5,0.9,6.04,8.05,2.52,7.64,6.03,6.42,6.53,5.25,7.5,7.0,0.56,9.52,1.95,1.97,2.6,7.51,5.65,4.46,6.64,0.61,瑞士,孟加拉国,0,-1,general,→,2032-2038,5.71,5.3,5.51,5.6,6.39,5.98,4.81,5.73,5.26,6.44,6.47,5.0,2026-04-13,2026-04-13,2000-2026
交通运输与物流,TRA,航空,航空货运代理,Air Cargo Agent,大专/本科,22-30,global,45,4.09,4.09,5.61,7.0,6.13,5.35,6.68,6.8,5.22,6.55,6.69,5.22,5.57,5.26,5.64,5.06,5.03,1.39,4.54,7.56,3.53,5.6,4.04,7.5,3.04,4.27,4.59,6.99,2.98,3.58,6.98,2.0,7.85,5.07,5.65,4.3,6.73,0.69,荷兰,孟加拉国,2,1,general,↑,2028-2033,5.81,5.38,5.58,5.76,6.43,6.0,4.57,5.65,5.16,6.42,6.61,4.72,2026-04-13,2026-04-13,2000-2026
金融与商业,FIN,银行,外汇交易员(银行),Bank FX Trader,本科,22-28,global,45,5.11,5.55,5.53,7.51,6.56,7.88,5.47,5.01,7.71,5.99,4.69,9.0,6.55,3.23,3.11,5.96,5.41,1.51,4.41,6.47,5.05,5.53,5.47,5.51,4.52,5.67,5.98,6.98,1.04,4.14,7.49,3.54,6.25,4.43,5.65,4.42,6.67,0.62,瑞士,孟加拉国,2,0,general,→,2026-2030,5.81,5.36,5.52,5.7,6.32,5.97,4.8,5.56,5.25,6.33,6.5,4.9,2026-04-13,2026-04-13,2000-2026
工程与制造,ENG,土木与建筑,消防工程师,Fire Protection Engineer,本科/硕士,22-28,global,45,6.0,6.1,5.28,8.11,6.83,5.21,5.74,5.2,6.17,5.65,7.17,6.14,5.06,5.77,5.17,6.04,5.04,1.38,7.02,6.62,3.06,5.54,5.59,6.01,4.58,4.27,7.09,6.5,5.0,6.57,6.43,3.5,5.26,3.63,5.64,4.41,6.78,0.64,德国,孟加拉国,2,1,general,↑,2032-2038,5.72,5.35,5.67,5.7,6.53,5.93,4.8,5.63,5.12,6.22,6.52,4.81,2026-04-13,2026-04-13,2000-2026
工程与制造,ENG,化学工程,陶瓷工程师,Ceramic Engineer,本科/硕士,22-28,global,45,6.6,6.55,5.06,7.6,5.6,4.18,5.19,5.8,6.65,6.11,7.12,6.14,4.54,5.75,5.18,6.08,5.1,1.38,6.57,6.18,3.43,5.53,5.52,6.51,4.08,4.68,6.59,4.98,3.54,3.62,5.02,3.54,6.22,3.64,5.64,4.38,6.81,0.65,瑞士,孟加拉国,2,0,general,→,2032-2038,5.76,5.3,5.7,5.6,6.61,5.94,4.72,5.58,5.17,6.22,6.53,4.8,2026-04-13,2026-04-13,2000-2026
技术工种与手工业,SKL,机械加工,精密加工技师,Precision Machinist,职校/技校,18-25,global,45,5.98,4.56,5.04,7.57,5.69,6.1,7.37,7.57,6.82,6.01,6.11,5.69,5.1,5.27,5.66,5.09,4.57,1.5,7.02,6.01,0.55,5.45,5.04,6.1,5.06,2.75,6.01,4.52,6.5,3.59,5.98,4.51,5.69,3.6,5.64,4.44,6.88,0.71,德国,巴基斯坦,1,0,general,→,2032-2038,5.73,5.27,5.91,5.51,6.65,5.94,4.58,5.65,5.12,6.4,6.63,4.76,2026-04-13,2026-04-13,2000-2026
工程与制造,ENG,土木与建筑,给排水工程师,Water Supply & Drainage Engineer,本科/硕士,22-28,global,45,6.02,5.99,5.28,8.03,6.88,6.24,5.78,5.25,6.09,5.66,7.18,5.63,5.06,5.71,5.09,6.02,4.97,1.45,6.54,6.67,3.0,5.6,5.58,6.03,4.51,4.17,7.04,6.48,5.01,5.1,6.5,3.58,5.21,3.64,5.64,4.35,6.82,0.65,瑞士,孟加拉国,2,1,general,↑,2032-2038,5.78,5.31,5.71,5.66,6.49,5.97,4.7,5.55,5.14,6.21,6.57,4.79,2026-04-13,2026-04-13,2000-2026
工程与制造,ENG,土木与建筑,道路工程师,Highway Engineer,本科/硕士,22-28,global,45,6.04,6.05,5.22,8.05,6.76,6.77,5.71,5.16,6.19,5.66,7.14,5.64,5.14,5.7,5.18,6.03,5.08,1.44,7.05,6.64,1.98,5.51,5.59,6.02,4.55,4.23,7.04,6.46,5.52,5.09,6.45,3.44,5.24,3.56,5.64,4.31,6.75,0.67,瑞士,尼日利亚,2,1,general,↑,2032-2038,5.76,5.35,5.66,5.7,6.53,5.97,4.72,5.6,5.16,6.3,6.51,4.66,2026-04-13,2026-04-13,2000-2026
工程与制造,ENG,核工程,核电工程师,Nuclear Power Engineer,硕士/博士,25-32,global,45,8.08,8.05,5.09,8.54,4.67,3.17,6.62,7.24,7.84,6.19,8.47,4.64,4.08,6.21,4.58,5.09,4.03,0.88,8.54,8.68,2.01,5.56,5.08,7.61,2.01,4.2,7.07,5.5,3.97,8.12,3.4,2.57,5.72,7.19,5.64,4.39,6.8,0.64,瑞士,巴基斯坦,2,1,general,↑,2035+,5.73,5.3,5.72,5.62,6.57,5.94,4.7,5.73,5.2,6.21,6.51,4.8,2026-04-13,2026-04-13,2000-2026
文化、艺术与传媒,ART,新闻传媒,调查记者,Investigative Journalist,本科,22-28,global,45,5.08,5.58,4.14,7.06,4.7,5.23,4.69,4.61,5.24,4.62,4.65,4.1,6.55,4.21,6.6,6.59,6.03,2.91,7.52,7.6,5.56,6.11,4.05,9.05,5.05,5.7,6.5,7.5,3.48,2.57,5.0,5.58,6.68,4.61,5.64,4.32,6.68,0.63,荷兰,巴基斯坦,-1,-2,general,↓,2032-2038,5.66,5.24,5.58,5.46,6.43,6.03,4.69,5.78,5.32,6.42,6.56,4.96,2026-04-13,2026-04-13,2000-2026
服务业与消费,SVC,家政照护,育儿嫂,Childcare Nanny,高中/证书,20-40,global,45,3.51,2.52,6.07,6.57,6.73,6.66,6.67,5.94,3.8,4.1,4.64,7.03,5.53,4.65,6.61,4.54,4.51,1.51,9.03,3.59,1.49,4.53,4.04,6.53,4.56,3.83,5.47,7.52,6.48,2.07,3.43,4.54,4.75,3.65,5.64,4.51,6.74,0.63,荷兰,孟加拉国,3,3,general,↑↑,2035+,5.73,5.4,5.51,5.61,6.58,5.88,4.74,5.6,5.18,6.36,6.49,4.86,2026-04-13,2026-04-13,2000-2026
医疗与健康,MED,传统与替代医学,自然疗法医师,Naturopathic Physician,本科/硕士,22-28,global,45,6.56,6.07,4.77,8.61,5.25,4.85,4.86,3.74,5.6,5.65,6.66,8.58,5.98,6.14,6.12,4.09,3.58,3.85,6.93,5.84,2.46,7.41,5.89,7.07,7.97,5.66,7.56,7.52,4.06,4.74,2.49,6.46,3.68,2.58,5.64,4.56,6.52,0.51,德国,孟加拉国,1,1,general,↑,2032-2038,5.79,5.47,5.45,5.57,6.26,5.86,4.95,5.68,5.23,6.26,6.33,5.01,2026-04-13,2026-04-13,2000-2026
医疗与健康,MED,医学影像与检验,病理技师,Histotechnologist,大专/本科,20-24,global,45,5.61,5.53,5.83,7.62,6.17,6.56,6.25,5.72,4.98,6.11,7.66,7.09,4.94,5.13,5.61,5.05,4.55,0.88,4.48,5.62,1.98,4.91,5.46,6.09,3.45,6.24,6.07,5.49,3.49,5.59,1.49,3.48,6.25,3.05,5.63,4.62,6.52,0.55,瑞典,孟加拉国,2,1,general,↑,2028-2033,5.64,5.34,5.59,5.62,6.39,5.98,4.83,5.65,5.28,6.26,6.34,4.95,2026-04-13,2026-04-13,2000-2026
公共管理与公务员,GOV,消防应急,应急管理专员,Emergency Management Specialist,本科/硕士,24-32,global,45,5.62,6.1,5.64,8.17,5.12,4.16,5.47,4.91,6.14,5.74,7.81,6.62,5.55,5.06,4.52,6.52,5.54,1.43,6.52,6.54,3.99,5.57,4.58,7.57,3.01,5.7,5.99,7.5,4.02,6.52,1.95,2.02,5.52,7.0,5.63,4.75,6.47,0.49,瑞典,尼日利亚,2,2,general,↑,2032-2038,5.75,5.39,5.5,5.67,6.42,5.64,5.05,5.76,5.27,6.18,6.24,5.0,2026-04-13,2026-04-13,2000-2026
金融与商业,FIN,房地产,房地产经纪人,Real Estate Agent,大专/本科,22-30,global,45,4.12,4.09,5.16,7.0,6.71,7.59,4.6,3.44,5.64,6.48,3.77,9.0,6.96,4.62,5.09,4.99,5.03,2.98,5.4,5.5,4.5,6.97,4.95,5.54,8.98,5.14,6.54,8.0,2.98,4.12,8.51,6.99,4.8,2.53,5.63,4.24,6.88,0.68,英国,孟加拉国,2,-1,general,→,2028-2033,5.84,5.32,5.43,5.76,6.27,6.01,4.72,5.55,5.16,6.28,6.57,4.8,2026-04-13,2026-04-13,2000-2026
工程与制造,ENG,环境工程,爆炸力学工程师,Explosion Mechanics / Blast Engineer,本科/硕士,22-28,global,45,7.53,7.58,5.64,7.59,5.56,3.09,5.7,5.68,6.09,5.7,7.12,3.65,5.12,6.22,5.14,6.52,5.55,1.4,8.04,7.15,3.46,5.6,6.06,6.6,4.02,5.22,7.02,5.48,4.5,6.08,4.42,3.57,5.7,3.57,5.63,4.45,6.85,0.63,瑞士,尼日利亚,3,2,general,↑,2035+,5.69,5.29,5.66,5.67,6.53,5.93,4.77,5.65,5.16,6.2,6.54,4.78,2026-04-13,2026-04-13,2000-2026
法律与社会服务,LAW,法律助理/律师助理,律师助理,Paralegal,大专/本科,20-28,global,45,4.09,4.08,5.09,7.0,6.08,6.5,5.08,4.12,4.49,5.46,6.63,9.54,6.52,5.06,5.0,5.1,4.98,1.42,4.07,5.01,6.01,4.53,6.03,5.02,3.56,7.15,6.51,6.51,0.48,4.04,3.43,4.54,5.11,3.54,5.63,4.58,6.61,0.6,英国,孟加拉国,2,0,general,→,2026-2030,5.7,5.26,5.52,5.55,6.32,5.86,4.87,5.71,5.26,6.37,6.51,4.98,2026-04-13,2026-04-13,2000-2026
工程与制造,ENG,土木与建筑,隧道工程师,Tunnel Engineer,本科/硕士,22-28,global,45,6.05,6.1,5.21,8.07,6.86,4.78,5.75,5.29,6.19,5.69,7.21,4.62,5.08,5.78,5.12,6.15,5.03,1.4,7.56,6.67,3.02,5.54,5.51,6.1,4.53,4.25,7.01,6.5,5.5,5.59,6.43,3.44,5.21,3.64,5.63,4.45,6.77,0.63,德国,尼日利亚,2,1,general,↑,2035+,5.79,5.35,5.65,5.66,6.48,5.92,4.79,5.61,5.12,6.22,6.51,4.77,2026-04-13,2026-04-13,2000-2026
服务业与消费,SVC,休闲娱乐,密室逃脱设计师,Escape Room Designer,专科/证书,20-32,global,45,5.03,3.59,7.17,7.08,5.77,5.73,5.12,4.48,5.07,4.58,4.65,6.06,5.97,4.75,5.11,5.01,5.09,1.49,6.98,4.51,4.02,6.05,4.04,7.94,8.52,5.7,5.57,7.49,6.02,2.98,6.58,5.58,4.78,4.06,5.63,4.44,6.63,0.57,瑞士,孟加拉国,2,3,general,↑↑,2032-2038,5.61,5.38,5.62,5.58,6.35,5.91,4.73,5.72,5.29,6.36,6.41,4.94,2026-04-13,2026-04-13,2000-2026
文化、艺术与传媒,ART,音乐产业,作曲家/词曲创作人,Composer / Songwriter,本科/专科,18-28,global,45,6.09,5.1,5.09,6.54,5.13,5.21,4.62,4.69,5.19,4.17,3.17,7.54,6.49,4.73,5.68,6.55,5.04,3.9,6.54,6.08,8.0,9.02,3.57,9.48,6.58,5.22,5.57,7.0,3.5,2.02,6.48,6.53,6.78,4.62,5.63,4.51,6.49,0.54,美国,孟加拉国,1,0,general,→,2032-2038,5.71,5.3,5.63,5.5,6.27,6.0,4.85,5.69,5.28,6.26,6.39,5.04,2026-04-13,2026-04-13,2000-2026
工程与制造,ENG,核工程,辐射防护工程师,Radiation Protection Engineer,硕士/博士,25-32,global,45,8.09,8.09,5.14,8.55,4.65,3.54,6.64,7.18,7.52,6.17,8.54,4.62,4.06,6.22,4.65,5.03,4.02,0.88,8.54,8.19,2.03,5.53,5.08,7.59,2.09,4.25,7.02,5.51,4.48,7.53,3.44,2.48,5.78,7.14,5.63,4.45,6.72,0.61,瑞士,尼日利亚,2,1,general,↑,2035+,5.71,5.29,5.74,5.55,6.53,5.95,4.83,5.73,5.23,6.12,6.44,4.77,2026-04-13,2026-04-13,2000-2026
服务业与消费,SVC,酒店旅游,邮轮经理,Cruise Director,专科/本科,20-30,global,45,4.57,4.04,5.13,7.04,5.66,6.1,5.15,4.91,6.01,4.52,4.58,7.04,6.54,4.25,5.58,6.05,5.56,1.99,7.01,6.51,2.53,5.06,3.0,6.0,6.55,5.79,5.54,8.05,4.06,2.49,7.59,4.55,8.21,4.6,5.62,4.49,6.65,0.56,瑞士,孟加拉国,2,1,general,↑,2032-2038,5.55,5.31,5.61,5.7,6.31,5.89,4.71,5.67,5.28,6.36,6.39,5.0,2026-04-13,2026-04-13,2000-2026
技术工种与手工业,SKL,焊接,铝焊工,Aluminum Welder,职校/短期培训,18-25,global,45,5.0,3.0,5.6,7.02,6.28,4.62,7.38,7.06,6.47,6.58,6.08,4.2,4.06,5.2,5.65,5.6,5.01,1.51,7.05,5.04,0.56,5.53,4.55,6.04,5.52,2.17,5.56,4.99,8.01,5.12,6.48,5.59,6.67,3.11,5.62,4.38,6.92,0.72,瑞士,尼日利亚,2,1,general,↑,2032-2038,5.65,5.23,5.83,5.56,6.6,5.97,4.6,5.6,5.06,6.6,6.59,4.71,2026-04-13,2026-04-13,2000-2026
金融与商业,FIN,银行,银行柜员,Bank Teller,大专/本科,20-25,global,45,2.5,3.08,5.64,7.49,6.58,7.9,3.57,4.94,3.67,5.99,7.2,9.01,6.47,5.63,5.12,6.0,5.52,1.5,2.44,4.1,5.01,5.46,5.46,5.54,4.49,5.71,6.07,6.99,0.95,4.12,4.84,3.47,6.23,4.5,5.62,4.44,6.85,0.66,瑞士,孟加拉国,-1,-2,general,→,2025-2028,5.81,5.26,5.44,5.71,6.3,6.04,4.76,5.51,5.17,6.2,6.54,4.9,2026-04-13,2026-04-13,2000-2026
法律与社会服务,LAW,社会工作,社区发展工作者,Community Development Worker,本科/大专,22-30,global,45,4.6,4.59,4.62,7.06,5.17,5.16,4.52,4.16,3.7,4.06,5.63,7.56,6.0,5.55,4.09,6.05,5.54,1.9,7.62,5.09,3.02,6.06,5.05,7.1,5.09,7.14,7.44,9.02,3.01,3.55,2.48,4.02,5.55,3.08,5.62,4.72,6.72,0.6,瑞典,巴基斯坦,1,1,general,→,2035+,5.5,5.29,5.54,5.3,6.66,5.78,4.91,5.85,5.34,6.44,6.4,5.04,2026-04-13,2026-04-13,2000-2026
医疗与健康,MED,医学影像与检验,放射技师,Radiologic Technologist,大专/本科,20-24,global,45,5.59,5.6,5.77,7.58,6.13,6.62,6.19,5.74,5.49,6.13,7.74,6.58,4.45,5.15,5.61,5.02,4.52,0.89,4.5,5.66,1.97,4.89,5.4,6.07,3.45,6.2,6.09,5.49,3.52,5.6,1.5,3.57,6.21,3.02,5.62,4.64,6.44,0.55,瑞典,孟加拉国,2,1,general,↑,2028-2033,5.65,5.34,5.5,5.64,6.39,5.92,4.83,5.77,5.28,6.26,6.31,4.94,2026-04-13,2026-04-13,2000-2026
服务业与消费,SVC,客户服务,客服经理,Customer Service Manager,本科,28-38,global,45,2.99,3.48,4.11,6.5,5.65,7.21,5.13,3.93,5.58,4.09,6.16,8.52,6.99,4.76,6.63,5.01,5.56,1.52,4.98,5.08,6.57,6.06,5.03,3.51,3.55,6.17,5.57,8.01,2.02,1.53,4.92,4.5,4.25,4.67,5.62,4.55,6.56,0.57,瑞士,孟加拉国,-1,-2,general,→,2028-2033,5.62,5.42,5.61,5.62,6.4,5.86,4.78,5.64,5.22,6.32,6.38,4.87,2026-04-13,2026-04-13,2000-2026
法律与社会服务,LAW,律师各专业,家庭法律师,Family Lawyer,法学博士/硕士,25-30,global,45,7.06,6.98,4.58,8.06,5.46,6.05,5.02,4.61,5.54,5.1,7.16,8.1,5.54,5.02,4.08,5.1,4.97,2.42,7.06,6.54,4.52,6.54,5.02,6.55,6.55,6.68,7.02,8.51,0.52,8.6,1.92,3.51,4.04,3.08,5.61,4.35,6.74,0.66,瑞士,孟加拉国,1,0,general,→,2032-2038,5.75,5.23,5.38,5.46,6.42,5.91,4.8,5.69,5.22,6.38,6.54,4.9,2026-04-13,2026-04-13,2000-2026
法律与社会服务,LAW,律师各专业,破产律师,Bankruptcy Lawyer,法学博士/硕士,25-30,global,45,7.6,7.62,5.03,8.0,5.06,3.97,5.55,5.69,7.3,6.1,6.61,9.39,6.55,4.04,4.04,5.53,5.55,1.96,6.01,7.06,5.49,6.54,5.03,5.52,6.55,5.69,7.02,6.98,0.51,8.61,6.93,2.98,5.07,3.58,5.61,4.4,6.62,0.64,瑞士,孟加拉国,1,0,general,→,2028-2033,5.7,5.24,5.44,5.49,6.43,5.96,4.78,5.62,5.25,6.36,6.48,4.89,2026-04-13,2026-04-13,2000-2026
服务业与消费,SVC,酒店旅游,赌场酒店经理,Casino/Resort Hotel Manager,专科/本科,20-30,regional,45,4.5,4.08,5.15,7.02,5.61,4.26,5.1,4.95,6.89,4.56,6.17,7.04,6.5,4.29,5.59,5.97,5.51,2.03,7.04,7.06,2.43,5.05,4.06,6.04,6.52,5.76,5.51,8.0,5.0,5.04,7.56,4.55,6.28,4.62,5.61,4.53,6.48,0.55,荷兰,孟加拉国,2,1,general,↑,2032-2038,5.52,5.36,5.54,5.72,6.36,5.82,4.79,5.67,5.24,6.31,6.38,4.96,2026-04-13,2026-04-13,2000-2026
法律与社会服务,LAW,律师各专业,房地产律师,Real Estate Lawyer,法学博士/硕士,25-30,global,45,7.03,7.1,5.02,8.12,6.06,5.46,5.05,4.69,6.92,6.08,6.66,9.39,6.54,4.99,5.06,5.09,5.02,1.92,5.52,6.98,4.98,6.61,5.05,5.51,7.06,5.71,6.96,7.02,1.03,8.57,6.43,3.54,4.03,3.58,5.61,4.4,6.68,0.65,瑞士,孟加拉国,1,0,general,→,2028-2033,5.74,5.24,5.45,5.56,6.43,5.91,4.72,5.63,5.14,6.4,6.48,4.95,2026-04-13,2026-04-13,2000-2026
文化、艺术与传媒,ART,新闻传媒,事实核查员,Fact-checker,本科,22-28,global,45,5.01,5.58,5.1,7.07,4.68,3.72,4.57,4.66,4.27,4.67,4.71,6.13,6.55,4.27,6.62,6.53,5.97,2.44,6.49,6.13,7.56,6.11,4.12,7.58,5.09,5.73,6.5,7.52,3.52,2.51,4.98,5.48,6.73,4.63,5.61,4.38,6.66,0.62,荷兰,孟加拉国,-1,-2,general,↓,2032-2038,5.57,5.22,5.51,5.41,6.39,6.0,4.68,5.71,5.33,6.4,6.53,4.95,2026-04-13,2026-04-13,2000-2026
服务业与消费,SVC,零售,直播电商运营,Livestream E-commerce Operator,高中/专科,18-30,regional,45,3.04,3.02,8.16,6.53,5.61,6.61,4.65,3.83,5.59,4.1,4.65,8.04,6.99,4.73,5.62,5.55,5.48,1.53,5.52,4.11,5.05,4.04,4.06,4.46,8.1,5.76,5.51,8.03,4.51,1.62,5.93,5.09,3.71,4.01,5.61,4.59,6.57,0.58,澳大利亚,孟加拉国,0,4,general,↑↑,2028-2033,5.68,5.38,5.57,5.64,6.38,5.83,4.77,5.61,5.15,6.33,6.34,4.92,2026-04-13,2026-04-13,2000-2026
工程与制造,ENG,核工程,核燃料工程师,Nuclear Fuel Engineer,硕士/博士,25-32,global,45,8.09,8.09,5.18,8.54,4.68,2.56,6.61,7.25,7.47,6.22,8.54,4.66,4.1,6.25,4.61,5.04,4.08,0.92,8.54,8.16,2.03,5.51,5.01,7.58,2.05,4.24,7.05,5.46,3.99,7.58,3.42,2.55,5.72,7.07,5.61,4.48,6.73,0.61,瑞士,尼日利亚,2,1,general,↑,2035+,5.67,5.29,5.63,5.61,6.51,5.88,4.8,5.66,5.18,6.14,6.47,4.8,2026-04-13,2026-04-13,2000-2026
服务业与消费,SVC,零售,花店经营者,Florist / Flower Shop Owner,高中/专科,18-30,global,45,2.99,3.06,4.08,6.6,5.67,7.15,4.61,3.97,4.18,4.04,4.7,8.01,6.96,4.75,5.62,5.5,5.49,1.51,7.54,4.07,2.02,8.11,4.02,6.98,8.52,5.74,5.58,7.5,4.5,1.55,6.02,4.91,3.72,4.14,5.61,4.56,6.58,0.57,瑞士,巴基斯坦,0,-1,general,→,2032-2038,5.64,5.36,5.61,5.64,6.3,5.88,4.77,5.63,5.23,6.34,6.36,4.89,2026-04-13,2026-04-13,2000-2026
金融与商业,FIN,房地产,REITs分析师,REIT Analyst,本科/硕士,24-28,global,45,6.58,6.58,5.1,7.08,6.64,7.58,4.5,3.55,7.18,6.53,4.72,9.01,6.93,4.68,5.11,5.0,4.98,3.0,4.94,5.46,6.98,6.98,4.94,5.49,8.53,5.18,6.45,7.98,3.01,4.6,8.57,6.45,4.74,2.56,5.61,4.17,6.84,0.68,瑞士,孟加拉国,2,-1,general,→,2028-2033,5.85,5.22,5.41,5.74,6.26,5.99,4.66,5.54,5.06,6.32,6.56,4.88,2026-04-13,2026-04-13,2000-2026
法律与社会服务,LAW,心理社会服务,危机干预咨询师,Crisis Intervention Counselor,硕士,24-30,global,45,5.58,5.58,5.52,7.06,5.52,4.55,5.57,5.68,4.48,4.01,6.11,6.52,5.0,4.08,2.52,5.51,5.0,1.91,8.53,6.05,3.97,6.07,4.53,8.06,3.53,7.14,6.52,9.54,2.01,6.52,1.92,3.57,5.09,3.54,5.6,4.5,6.65,0.59,瑞士,孟加拉国,2,2,general,↑,2035+,5.63,5.27,5.57,5.52,6.46,5.81,4.79,5.63,5.22,6.22,6.43,4.95,2026-04-13,2026-04-13,2000-2026
医疗与健康,MED,传统与替代医学,中医师,Traditional Chinese Medicine Practitioner,本科/硕士,22-28,regional,45,6.61,6.09,4.72,8.58,5.19,6.27,5.34,3.77,5.17,5.58,6.65,8.58,5.97,6.15,6.14,4.09,3.56,3.8,6.95,5.71,2.51,7.43,5.92,7.06,7.43,5.66,7.53,7.48,4.02,5.72,2.46,6.46,2.7,2.59,5.6,4.59,6.45,0.51,瑞士,孟加拉国,1,2,general,↑,2032-2038,5.81,5.41,5.43,5.55,6.15,5.88,4.91,5.67,5.16,6.24,6.22,4.96,2026-04-13,2026-04-13,2000-2026
服务业与消费,SVC,酒店旅游,OTA运营经理,Online Travel Agency (OTA) Operations Manager,本科,25-35,global,45,4.5,5.04,6.62,7.08,5.62,6.24,5.13,4.9,5.97,4.57,4.65,7.04,6.52,4.21,5.62,6.04,5.58,2.0,5.02,5.58,6.99,5.0,4.02,6.02,6.55,5.76,5.54,8.0,4.92,2.54,7.59,4.51,6.28,4.63,5.6,4.46,6.55,0.57,瑞士,孟加拉国,2,2,general,↑,2028-2033,5.5,5.34,5.61,5.63,6.35,5.83,4.74,5.66,5.23,6.32,6.4,4.93,2026-04-13,2026-04-13,2000-2026
文化、艺术与传媒,ART,音乐产业,音乐版权管理人,Music Rights Manager,本科/专科,18-28,global,45,6.03,6.04,5.15,6.51,5.18,5.28,4.64,4.6,5.7,4.12,6.18,7.54,6.52,4.74,5.62,6.55,5.03,3.94,6.04,6.01,7.01,7.49,3.5,8.58,6.52,5.24,5.52,6.5,3.54,2.07,6.45,6.5,6.74,4.58,5.6,4.55,6.47,0.53,荷兰,孟加拉国,1,0,general,→,2032-2038,5.62,5.28,5.5,5.47,6.25,6.04,4.85,5.63,5.22,6.18,6.4,5.04,2026-04-13,2026-04-13,2000-2026
工程与制造,ENG,土木与建筑,地下管网工程师,Underground Utilities Engineer,本科/硕士,22-28,global,45,6.07,6.09,5.23,8.02,6.74,5.72,5.76,5.24,6.23,5.67,7.17,5.62,5.1,5.75,5.13,6.09,4.99,1.4,7.06,5.6,2.01,5.57,5.55,6.07,4.51,4.27,7.07,6.47,5.54,5.0,6.46,3.58,5.22,3.6,5.6,4.4,6.71,0.64,瑞士,巴基斯坦,2,1,general,↑,2032-2038,5.71,5.28,5.67,5.62,6.46,5.9,4.7,5.51,5.11,6.21,6.49,4.78,2026-04-13,2026-04-13,2000-2026
交通运输与物流,TRA,太空运输,航天任务控制员,Mission Control Specialist,硕士+航天培训,26-38,global,45,7.62,7.58,8.19,6.01,3.71,1.82,8.63,9.1,7.32,6.1,5.22,8.13,5.08,4.69,5.16,5.01,4.53,1.93,7.04,8.05,2.55,5.54,3.58,9.0,5.03,4.67,3.5,6.01,1.97,7.56,5.96,1.54,7.3,8.13,5.6,4.32,6.56,0.65,荷兰,孟加拉国,4,4,general,↑↑,2032-2038,5.74,5.3,5.56,5.74,6.45,5.97,4.57,5.55,5.16,6.32,6.41,4.77,2026-04-13,2026-04-13,2000-2026
交通运输与物流,TRA,城市交通,停车场管理员,Parking Manager / Attendant,无要求,18-40,global,45,1.62,1.58,6.74,6.51,6.32,5.33,5.78,5.77,3.0,6.12,6.61,7.2,6.55,5.72,5.6,5.58,5.08,1.42,3.02,3.08,3.54,5.6,5.54,6.08,4.63,5.75,6.02,5.47,4.51,1.56,3.99,3.46,5.29,5.53,5.6,4.3,6.78,0.7,瑞士,孟加拉国,3,2,general,↑,2025-2028,5.7,5.27,5.58,5.67,6.53,5.96,4.55,5.67,5.1,6.4,6.49,4.69,2026-04-13,2026-04-13,2000-2026
农业、资源与环境,AGR,种植,种子研究员,Seed Researcher / Plant Breeder,硕士/博士,26-35,global,45,8.05,8.07,6.14,7.49,5.69,8.64,6.62,7.22,7.1,4.64,5.17,5.62,4.5,4.23,5.12,3.56,3.07,1.92,6.39,7.02,3.43,7.05,5.05,7.5,6.57,5.72,7.09,3.98,2.42,1.0,7.98,3.0,6.77,3.03,5.6,4.93,6.57,0.47,新西兰,孟加拉国,0,-1,general,→,2032-2038,5.39,5.38,5.53,5.39,6.33,5.94,5.06,5.69,5.4,6.47,6.19,5.07,2026-04-13,2026-04-13,2000-2026
服务业与消费,SVC,家政照护,陪诊员,Medical Appointment Companion,高中/证书,20-40,regional,45,3.53,2.51,7.05,6.6,6.7,4.65,6.61,5.94,3.31,4.1,4.17,7.06,5.49,4.7,6.59,4.6,4.53,1.48,8.0,3.56,1.49,4.57,4.06,6.53,4.61,6.64,5.5,8.01,6.5,2.06,3.46,4.55,4.76,3.58,5.6,4.47,6.78,0.63,瑞士,孟加拉国,3,3,general,↑↑,2035+,5.68,5.33,5.53,5.52,6.55,5.87,4.68,5.61,5.2,6.34,6.43,4.84,2026-04-13,2026-04-13,2000-2026
文化、艺术与传媒,ART,美术/纯艺术,行为艺术家,Performance Artist,本科/硕士,20-30,global,45,5.99,5.57,4.02,8.98,3.68,2.13,3.69,3.61,3.35,3.08,3.13,8.54,7.49,6.22,5.15,5.58,4.6,4.43,9.46,6.14,6.06,9.06,5.55,9.54,7.63,5.74,8.08,5.01,6.01,1.01,3.97,7.08,5.7,3.59,5.6,4.37,6.68,0.58,瑞士,孟加拉国,0,-1,general,→,2035+,5.66,5.24,5.62,5.47,6.4,5.91,4.69,5.66,5.17,6.23,6.45,5.04,2026-04-13,2026-04-13,2000-2026
工程与制造,ENG,土木与建筑,海洋工程师,Ocean/Marine Engineer,本科/硕士,22-28,global,45,7.09,7.09,5.27,8.01,6.82,4.21,5.77,5.26,6.15,5.65,7.19,5.17,5.09,5.7,5.12,6.07,5.02,1.4,7.53,7.03,2.97,5.62,5.5,6.01,4.58,4.25,7.01,6.46,4.95,5.08,6.46,3.54,5.26,3.68,5.59,4.42,6.74,0.65,德国,孟加拉国,2,1,general,↑,2032-2038,5.74,5.3,5.61,5.6,6.46,5.87,4.72,5.6,5.06,6.25,6.46,4.73,2026-04-13,2026-04-13,2000-2026
文化、艺术与传媒,ART,音乐产业,声乐教师,Vocal Coach / Voice Teacher,本科/专科,18-28,global,45,6.05,5.08,5.08,8.06,5.17,5.14,4.55,4.63,4.27,4.1,5.69,7.54,6.53,4.74,5.62,6.54,5.05,3.95,7.51,6.02,4.96,7.53,3.52,7.96,7.04,5.23,5.54,7.0,3.56,2.52,6.42,6.45,6.72,4.64,5.59,4.52,6.52,0.54,荷兰,巴基斯坦,1,0,general,→,2032-2038,5.72,5.25,5.53,5.47,6.18,5.95,4.85,5.6,5.22,6.22,6.39,4.99,2026-04-13,2026-04-13,2000-2026
服务业与消费,SVC,餐饮,日料寿司师傅,Sushi Chef / Itamae,专科/职校,18-28,global,45,6.99,3.56,5.1,7.04,5.6,6.28,5.56,5.48,5.52,4.55,4.63,6.05,5.52,3.67,6.14,6.07,5.49,2.51,9.04,5.08,1.45,5.6,3.54,8.06,7.13,5.23,5.56,7.48,7.02,3.06,6.02,5.48,6.71,4.64,5.59,4.44,6.63,0.59,瑞士,巴基斯坦,2,1,general,↑,2035+,5.55,5.27,5.57,5.6,6.34,5.89,4.68,5.62,5.2,6.4,6.42,4.92,2026-04-13,2026-04-13,2000-2026
交通运输与物流,TRA,航空,飞行教官(民航),Certified Flight Instructor,ATPL+教官资格,28-40,global,45,7.53,6.54,5.65,7.07,6.26,3.38,6.7,6.72,6.61,6.58,6.69,5.22,5.56,5.27,5.66,5.09,4.58,1.41,8.07,7.01,1.01,5.52,4.04,8.02,5.54,4.19,4.56,7.52,3.5,9.01,6.95,1.97,8.18,5.05,5.59,4.22,6.74,0.7,荷兰,孟加拉国,2,1,general,↑,2035+,5.69,5.28,5.55,5.7,6.44,5.97,4.53,5.57,5.11,6.26,6.52,4.7,2026-04-13,2026-04-13,2000-2026
教育与学术,EDU,教育管理,大学校长,University President,博士+高管经验,45-60,global,45,9.49,9.54,4.04,7.1,2.68,1.69,2.55,3.27,8.87,7.05,7.37,9.48,5.55,3.72,3.16,7.55,5.05,2.92,9.06,9.4,3.15,8.99,4.0,8.5,5.54,4.78,6.1,9.53,2.02,9.55,0.85,2.52,6.26,4.04,5.59,4.62,6.57,0.49,芬兰,孟加拉国,0,0,general,→,2035+,5.57,5.36,5.68,5.56,6.45,5.76,4.93,5.68,5.24,6.19,6.1,4.95,2026-04-13,2026-04-13,2000-2026
服务业与消费,SVC,行政办公,办公室经理,Office Manager,专科/本科,28-38,global,45,3.05,3.48,3.52,7.01,5.14,6.58,4.6,3.93,5.12,4.06,6.16,8.58,7.47,5.24,5.11,5.53,5.5,0.99,5.03,5.14,6.07,6.52,5.52,4.02,3.5,6.26,6.08,5.95,2.03,1.52,3.92,4.04,4.27,4.08,5.59,4.54,6.64,0.55,瑞士,巴基斯坦,-1,-2,general,→,2028-2033,5.54,5.38,5.54,5.58,6.36,5.83,4.72,5.68,5.26,6.3,6.32,4.91,2026-04-13,2026-04-13,2000-2026
文化、艺术与传媒,ART,新闻传媒,电视主持人/主播,TV Anchor / Presenter,本科,22-28,global,45,5.02,5.63,4.12,7.06,4.69,5.2,4.7,4.68,7.02,4.65,5.16,6.16,6.51,4.26,6.64,6.56,5.98,3.41,5.48,7.51,5.46,6.05,4.03,7.59,5.05,4.74,6.51,7.52,3.55,2.59,4.89,5.56,6.72,4.68,5.59,4.3,6.63,0.62,荷兰,孟加拉国,-1,-2,general,↓,2028-2033,5.62,5.17,5.63,5.38,6.42,5.95,4.67,5.72,5.22,6.35,6.46,5.0,2026-04-13,2026-04-13,2000-2026
法律与社会服务,LAW,律师各专业,刑事辩护律师,Criminal Defense Lawyer,法学博士/硕士,25-30,global,45,7.6,7.61,5.05,8.07,5.53,5.46,5.04,5.2,6.46,5.61,6.62,7.6,5.49,4.04,3.61,6.06,5.56,2.92,7.52,6.98,3.53,7.1,4.02,7.51,7.04,5.23,7.04,8.5,1.01,9.08,2.48,3.01,4.58,3.57,5.59,4.38,6.64,0.65,瑞士,孟加拉国,1,0,general,→,2035+,5.66,5.25,5.51,5.47,6.36,5.89,4.76,5.61,5.21,6.36,6.49,4.88,2026-04-13,2026-04-13,2000-2026
服务业与消费,SVC,酒店旅游,主题公园运营经理,Theme Park Operations Manager,专科/本科,25-35,global,45,4.53,4.02,5.15,7.0,5.68,5.17,5.09,4.98,6.09,4.53,5.66,7.05,6.48,4.26,5.68,6.02,5.52,1.98,7.04,6.0,2.53,5.02,4.04,6.0,6.09,5.74,5.52,8.01,5.0,2.49,7.55,4.58,6.25,4.59,5.59,4.43,6.46,0.55,德国,孟加拉国,2,1,general,↑,2032-2038,5.46,5.32,5.61,5.69,6.27,5.88,4.76,5.67,5.24,6.32,6.3,4.94,2026-04-13,2026-04-13,2000-2026
交通运输与物流,TRA,航海,港口管理人员,Port Manager,本科+航运经验,30-40,global,45,6.08,6.08,4.3,7.58,5.37,5.14,6.31,6.73,7.14,6.08,6.15,7.68,4.54,4.7,5.1,4.1,3.66,1.41,6.54,7.12,3.07,6.58,5.01,6.54,3.63,3.3,5.05,7.5,3.02,5.0,7.5,1.55,9.1,4.64,5.59,4.42,6.73,0.62,丹麦,尼日利亚,1,0,general,→,2032-2038,5.78,5.4,5.44,5.64,6.52,5.71,4.67,5.64,5.04,6.2,6.36,4.86,2026-04-13,2026-04-13,2000-2026
医疗与健康,MED,传统与替代医学,中药师,Chinese Herbal Medicine Pharmacist,本科/硕士,22-28,regional,45,6.06,6.1,4.78,8.59,5.16,4.28,4.89,3.73,5.19,5.61,6.65,8.59,5.89,6.13,6.13,4.09,3.51,3.28,7.02,5.76,2.53,7.42,5.86,7.12,7.42,5.66,7.55,7.51,4.0,5.75,2.49,6.54,2.21,2.5,5.58,4.5,6.42,0.51,瑞士,孟加拉国,1,1,general,↑,2032-2038,5.78,5.44,5.44,5.49,6.14,5.89,4.88,5.69,5.06,6.18,6.2,4.95,2026-04-13,2026-04-13,2000-2026
服务业与消费,SVC,酒店旅游,生态旅游导游,Ecotourism Guide,专科/本科,20-30,global,45,4.52,4.05,6.67,7.07,5.65,4.65,5.12,4.94,4.21,4.53,4.63,7.06,6.5,4.2,5.6,6.06,5.53,1.97,8.01,5.54,2.55,5.08,4.06,7.5,6.6,5.71,5.59,7.96,6.51,2.52,7.56,4.45,6.22,4.65,5.58,4.55,6.55,0.56,澳大利亚,孟加拉国,2,2,general,↑,2035+,5.52,5.34,5.54,5.68,6.26,5.87,4.77,5.58,5.22,6.4,6.32,4.9,2026-04-13,2026-04-13,2000-2026
文化、艺术与传媒,ART,美术/纯艺术,雕塑家,Sculptor,本科/硕士,20-30,global,45,6.1,5.58,4.12,9.1,3.76,3.14,3.62,3.66,3.72,3.11,3.18,8.51,7.52,6.22,5.17,5.5,4.52,4.44,8.54,6.03,5.94,9.07,5.51,9.51,7.53,5.74,7.98,4.98,5.52,1.1,3.91,7.01,5.77,3.61,5.58,4.48,6.62,0.59,瑞士,巴基斯坦,0,-1,general,→,2035+,5.64,5.19,5.49,5.42,6.42,5.84,4.79,5.62,5.22,6.26,6.5,4.92,2026-04-13,2026-04-13,2000-2026
文化、艺术与传媒,ART,图书馆信息,图书馆员,Librarian,硕士,24-30,global,45,5.0,5.61,3.56,8.98,3.63,3.71,3.66,3.58,3.76,4.63,8.06,9.03,8.04,7.12,3.66,5.55,5.04,0.51,4.54,5.04,5.57,5.56,7.55,7.06,2.55,6.64,8.05,5.95,1.52,2.55,2.42,3.96,4.73,4.6,5.58,4.5,6.47,0.56,澳大利亚,巴基斯坦,0,-1,general,→,2026-2030,5.66,5.17,5.53,5.48,6.19,5.97,4.8,5.73,5.24,6.22,6.39,4.94,2026-04-13,2026-04-13,2000-2026
工程与制造,ENG,土木与建筑,测量工程师,Surveyor,本科/硕士,22-28,global,45,5.61,5.61,5.28,7.98,6.82,6.72,5.79,5.28,6.15,5.64,7.18,5.64,5.06,5.66,5.1,6.07,5.08,1.42,6.05,5.62,1.93,5.57,5.55,6.02,4.59,4.26,7.03,6.53,6.02,5.11,6.43,3.51,5.24,3.63,5.58,4.37,6.66,0.65,德国,孟加拉国,2,1,general,↑,2032-2038,5.7,5.27,5.62,5.64,6.43,5.88,4.7,5.54,5.06,6.15,6.48,4.69,2026-04-13,2026-04-13,2000-2026
技术工种与手工业,SKL,机械加工,3D打印技术员,3D Printing Technician / Additive Manufacturing,职校/技校,18-25,global,45,4.49,3.46,7.58,7.6,5.69,4.14,6.86,6.63,5.99,5.99,6.17,6.71,5.1,5.25,5.62,5.0,4.55,1.48,4.96,5.02,0.55,5.53,5.05,6.07,5.08,2.6,6.0,4.5,4.0,3.6,5.97,4.51,5.66,3.61,5.58,4.32,6.87,0.72,德国,孟加拉国,4,4,general,↑↑,2028-2033,5.67,5.2,5.76,5.49,6.51,5.91,4.57,5.6,4.97,6.49,6.59,4.7,2026-04-13,2026-04-13,2000-2026
工程与制造,ENG,核工程,核废料管理工程师,Nuclear Waste Management Engineer,硕士/博士,25-32,global,45,8.02,8.04,5.04,8.58,4.6,2.56,6.55,7.24,7.49,6.12,8.41,4.17,4.06,6.21,4.6,5.03,4.07,0.92,8.56,8.2,2.02,5.54,5.05,7.52,2.01,4.29,7.06,5.48,4.56,7.51,3.42,2.54,5.73,7.1,5.58,4.4,6.62,0.62,瑞典,孟加拉国,2,1,general,↑,2035+,5.7,5.25,5.66,5.54,6.51,5.89,4.68,5.58,5.09,6.15,6.41,4.8,2026-04-13,2026-04-13,2000-2026
工程与制造,ENG,核工程,核医学物理师,Medical Physicist (Nuclear),硕士/博士,25-32,global,45,8.54,9.09,5.11,8.59,4.65,3.6,6.63,7.22,7.79,6.14,8.53,4.64,4.11,6.2,4.62,5.1,4.01,0.92,8.07,8.56,2.09,5.62,5.0,7.59,2.01,4.19,7.1,5.49,3.98,8.0,3.49,2.56,5.8,7.07,5.58,4.45,6.56,0.61,瑞士,尼日利亚,2,1,general,↑,2035+,5.67,5.3,5.69,5.54,6.49,5.75,4.7,5.61,5.16,6.12,6.41,4.76,2026-04-13,2026-04-13,2000-2026
服务业与消费,SVC,休闲娱乐,攀岩教练,Rock Climbing Instructor,专科/证书,20-32,global,45,4.02,3.54,6.64,7.01,5.71,5.78,5.11,4.4,4.78,4.61,4.63,5.54,6.03,4.68,5.16,5.05,5.05,1.48,8.98,4.54,1.57,6.03,4.05,8.08,6.51,5.67,5.55,7.5,7.47,4.04,6.52,5.45,4.72,4.12,5.58,4.52,6.63,0.56,瑞士,尼日利亚,2,2,general,↑,2035+,5.61,5.33,5.46,5.58,6.27,5.81,4.76,5.69,5.2,6.34,6.31,4.87,2026-04-13,2026-04-13,2000-2026
服务业与消费,SVC,餐饮,侍酒师,Sommelier,专科/职校,18-28,global,45,6.06,4.56,5.03,6.54,5.67,4.15,5.6,5.38,6.03,4.58,4.68,6.05,5.55,3.74,6.11,6.07,5.52,2.46,8.54,6.6,1.54,5.52,3.56,7.01,7.11,5.28,5.57,7.48,7.0,3.01,5.91,5.5,7.3,4.62,5.57,4.46,6.56,0.57,澳大利亚,孟加拉国,2,1,general,↑,2035+,5.48,5.33,5.62,5.6,6.27,5.85,4.69,5.58,5.24,6.32,6.32,4.88,2026-04-13,2026-04-13,2000-2026
工程与制造,ENG,核工程,核反应堆操作员,Nuclear Reactor Operator,大专/本科,22-28,global,45,6.58,6.06,5.11,8.55,4.67,3.14,6.67,7.23,6.59,6.17,8.42,3.64,4.07,6.23,4.58,5.1,4.06,0.88,8.54,7.1,1.04,5.56,5.06,7.55,2.04,4.23,7.02,5.45,4.02,8.09,3.46,2.42,5.72,7.14,5.57,4.34,6.68,0.63,瑞士,尼日利亚,2,1,general,↑,2035+,5.62,5.28,5.72,5.55,6.46,5.91,4.72,5.56,5.06,6.14,6.45,4.72,2026-04-13,2026-04-13,2000-2026
文化、艺术与传媒,ART,音乐产业,音乐治疗师(临床),Clinical Music Therapist,本科/专科,18-28,global,45,6.1,6.52,5.14,6.51,5.22,5.17,4.63,4.68,5.25,4.14,5.63,7.56,6.48,4.73,5.59,6.53,5.09,3.96,8.04,6.0,5.01,7.56,3.55,8.57,6.56,5.27,5.57,6.96,3.52,4.06,6.42,6.49,6.74,4.55,5.57,4.47,6.56,0.53,荷兰,巴基斯坦,1,0,general,→,2035+,5.66,5.28,5.51,5.38,6.17,5.9,4.77,5.66,5.22,6.14,6.38,5.02,2026-04-13,2026-04-13,2000-2026
法律与社会服务,LAW,心理社会服务,戒瘾辅导员,Substance Abuse Counselor,本科/硕士,24-30,global,45,5.08,5.04,5.05,7.03,5.51,5.03,5.57,5.14,4.0,3.96,6.15,7.55,5.48,5.03,3.04,5.04,4.42,2.4,8.05,5.53,4.07,6.08,5.09,7.58,4.52,7.15,7.01,9.01,1.48,6.02,2.0,4.03,4.07,3.58,5.57,4.62,6.53,0.59,瑞士,尼日利亚,2,1,general,→,2035+,5.62,5.28,5.5,5.46,6.37,5.79,4.83,5.62,5.21,6.22,6.39,4.85,2026-04-13,2026-04-13,2000-2026
公共管理与公务员,GOV,国际组织,翻译/口译(国际组织),International Organization Translator/Interpreter,硕士,25-32,global,45,7.12,7.6,4.12,7.2,3.13,2.16,4.41,5.02,7.12,5.72,7.35,9.08,6.52,5.59,5.55,5.58,5.08,1.43,4.53,7.52,5.6,5.12,5.12,7.06,3.51,7.13,5.5,8.0,0.99,7.98,1.98,3.54,9.0,6.54,5.57,4.73,6.4,0.5,瑞典,尼日利亚,-1,-2,general,→,2028-2033,5.65,5.36,5.41,5.5,6.32,5.66,5.01,5.73,5.22,6.2,6.22,4.89,2026-04-13,2026-04-13,2000-2026
文化、艺术与传媒,ART,音乐产业,乐器调律师,Piano/Instrument Tuner,本科/专科,18-28,global,45,5.54,5.12,5.15,9.07,5.16,3.18,4.64,4.62,3.82,4.15,3.05,7.54,6.52,4.74,5.63,6.51,5.08,3.99,8.49,6.06,5.02,7.52,3.54,8.54,7.09,5.25,5.54,6.99,3.01,1.99,6.44,6.51,6.78,4.57,5.57,4.49,6.5,0.53,德国,巴基斯坦,1,0,general,→,2035+,5.64,5.28,5.56,5.45,6.23,5.94,4.78,5.61,5.21,6.17,6.36,4.97,2026-04-13,2026-04-13,2000-2026
交通运输与物流,TRA,航空,机务人员,Aircraft Mechanic,技校/大专,20-28,global,45,5.56,4.58,5.64,7.12,6.15,5.3,6.62,6.75,5.72,6.59,6.62,5.7,5.52,5.24,5.64,5.02,4.56,1.4,6.99,7.61,0.59,5.49,4.05,7.59,3.1,4.23,4.5,6.0,7.01,6.59,6.92,2.04,8.26,5.1,5.57,4.18,6.67,0.7,荷兰,孟加拉国,2,1,general,↑,2032-2038,5.7,5.27,5.49,5.66,6.42,5.94,4.5,5.5,5.02,6.36,6.51,4.72,2026-04-13,2026-04-13,2000-2026
公共管理与公务员,GOV,中央/联邦公务员,立法助理/政策顾问,Legislative Assistant / Policy Advisor,硕士,25-32,global,45,6.54,7.58,5.18,7.72,4.14,3.19,4.48,4.46,6.66,5.17,7.35,9.55,7.08,5.62,5.09,6.53,6.01,1.97,6.06,7.54,4.45,5.09,5.56,7.05,3.02,5.7,6.0,8.0,0.5,7.0,2.9,2.03,5.03,7.0,5.56,4.74,6.32,0.47,瑞士,尼日利亚,0,1,general,↑,2032-2038,5.66,5.36,5.46,5.53,6.29,5.61,5.01,5.7,5.18,6.09,6.14,4.94,2026-04-13,2026-04-13,2000-2026
服务业与消费,SVC,休闲娱乐,潜水教练,Scuba Diving Instructor,专科/证书,20-32,global,45,5.54,3.52,5.67,7.05,5.72,5.79,5.12,4.41,5.13,4.56,4.68,5.04,6.02,4.72,5.15,5.04,4.93,1.45,9.0,4.5,1.51,6.12,3.98,8.5,6.52,5.71,5.51,7.52,7.55,4.56,6.59,5.58,6.74,4.08,5.56,4.45,6.48,0.56,瑞士,孟加拉国,2,2,general,↑,2035+,5.6,5.31,5.5,5.61,6.3,5.78,4.67,5.62,5.2,6.3,6.28,4.88,2026-04-13,2026-04-13,2000-2026
服务业与消费,SVC,家政照护,保姆/家政服务员,Domestic Helper / Housekeeper,高中/证书,20-40,global,45,3.52,2.56,6.19,6.53,6.7,6.69,6.69,5.96,2.84,4.15,4.65,7.03,5.54,4.71,6.7,4.55,4.53,1.52,8.55,2.53,1.57,4.54,4.04,6.58,4.6,3.81,5.56,7.5,6.5,2.04,3.44,4.54,5.22,3.64,5.56,4.37,6.69,0.64,瑞典,孟加拉国,3,3,general,↑↑,2035+,5.63,5.28,5.43,5.57,6.58,5.77,4.6,5.62,5.05,6.34,6.37,4.85,2026-04-13,2026-04-13,2000-2026
文化、艺术与传媒,ART,美术/纯艺术,画家/油画家,Painter / Fine Artist,本科/硕士,20-30,global,45,6.05,5.6,4.12,9.51,3.66,3.2,3.64,3.66,3.71,3.09,3.2,8.54,7.52,6.21,5.14,5.58,4.57,4.45,7.5,6.14,5.99,9.42,5.49,9.52,7.51,5.68,8.0,5.02,3.53,1.03,3.97,7.0,5.7,3.55,5.56,4.42,6.51,0.58,德国,孟加拉国,0,-1,general,→,2035+,5.59,5.18,5.54,5.46,6.36,5.9,4.69,5.7,5.15,6.24,6.4,4.97,2026-04-13,2026-04-13,2000-2026
文化、艺术与传媒,ART,影视制作,后期制作总监,Post-production Supervisor,本科,20-30,global,45,5.58,5.1,5.6,6.0,5.64,5.66,5.13,5.12,6.19,4.62,3.68,6.55,6.06,4.24,5.64,6.08,5.6,3.44,6.54,6.55,6.02,7.03,3.52,8.06,6.08,5.28,5.08,6.99,3.97,2.06,6.93,5.57,6.79,5.17,5.56,4.53,6.41,0.53,英国,巴基斯坦,2,1,general,→,2032-2038,5.65,5.22,5.51,5.44,6.14,5.97,4.77,5.63,5.25,6.12,6.35,4.98,2026-04-13,2026-04-13,2000-2026
服务业与消费,SVC,休闲娱乐,马术教练,Equestrian Coach / Riding Instructor,专科/证书,20-32,global,45,5.54,3.57,5.67,7.03,5.7,4.25,5.17,4.39,5.61,4.61,4.68,6.02,6.0,4.7,5.13,5.07,5.04,1.47,8.99,5.54,1.51,6.0,4.02,8.02,6.59,5.74,5.54,7.52,6.5,4.05,6.55,5.58,4.73,4.09,5.56,4.57,6.5,0.55,澳大利亚,孟加拉国,2,2,general,↑,2035+,5.55,5.35,5.51,5.57,6.28,5.74,4.72,5.66,5.2,6.32,6.27,4.88,2026-04-13,2026-04-13,2000-2026
技术工种与手工业,SKL,焊接,电弧焊工,Arc Welder,职校/短期培训,18-25,global,45,4.02,2.99,5.64,7.0,6.11,6.07,6.84,7.01,5.47,6.55,6.11,3.7,4.04,5.23,5.65,5.53,5.03,1.5,6.52,5.02,0.5,5.48,4.54,6.06,5.59,2.25,5.56,5.06,7.98,5.09,6.38,5.44,6.68,3.06,5.56,4.38,6.72,0.69,瑞士,孟加拉国,2,1,general,↑,2032-2038,5.53,5.2,5.72,5.55,6.47,5.92,4.54,5.5,5.0,6.54,6.51,4.72,2026-04-13,2026-04-13,2000-2026
服务业与消费,SVC,酒店旅游,酒店收益管理师,Hotel Revenue Manager,本科,20-30,global,45,4.99,5.59,6.11,7.03,5.68,6.17,5.09,4.98,6.03,4.55,4.6,7.08,6.5,4.24,5.67,6.05,5.5,2.02,5.51,5.52,6.07,5.04,4.0,6.09,6.57,5.76,5.5,7.93,4.99,2.54,7.55,4.49,6.28,4.63,5.55,4.42,6.51,0.58,澳大利亚,孟加拉国,2,2,general,↑,2028-2033,5.45,5.25,5.51,5.59,6.3,5.8,4.66,5.7,5.16,6.34,6.32,4.94,2026-04-13,2026-04-13,2000-2026
服务业与消费,SVC,零售,二手店/古着店经营者,Secondhand / Vintage Shop Owner,高中/专科,18-30,global,45,3.06,3.05,5.52,6.56,5.66,7.16,4.58,3.95,4.66,4.07,4.65,8.04,6.98,4.68,5.6,5.54,5.48,1.49,5.03,4.08,2.09,8.51,4.04,6.53,9.1,5.7,5.53,7.52,4.5,1.54,5.92,5.07,3.78,4.2,5.55,4.5,6.52,0.58,瑞士,尼日利亚,0,1,general,↑,2028-2033,5.6,5.24,5.5,5.55,6.25,5.85,4.75,5.67,5.18,6.3,6.32,4.82,2026-04-13,2026-04-13,2000-2026
文化、艺术与传媒,ART,新闻传媒,记者,Journalist / Reporter,本科,22-28,global,45,5.08,5.53,4.17,6.99,4.7,5.15,4.6,4.63,4.73,4.62,4.61,5.12,6.49,4.28,6.61,6.6,6.02,2.47,6.54,6.62,5.55,6.12,3.99,8.06,5.02,5.75,6.54,7.51,3.5,2.49,5.02,5.56,6.75,4.57,5.55,4.36,6.54,0.62,荷兰,孟加拉国,-1,-2,general,↓,2032-2038,5.58,5.11,5.47,5.32,6.37,5.95,4.71,5.58,5.29,6.36,6.46,4.9,2026-04-13,2026-04-13,2000-2026
文化、艺术与传媒,ART,美术/纯艺术,装置艺术家,Installation Artist,本科/硕士,20-30,global,45,6.04,5.59,4.11,9.05,3.62,2.73,3.59,3.63,3.69,3.14,3.19,8.53,7.56,6.22,5.06,5.5,4.58,4.41,8.05,6.09,6.03,8.98,5.58,9.46,7.57,5.72,8.05,5.0,5.0,1.02,3.98,6.96,5.78,3.53,5.55,4.48,6.43,0.57,荷兰,孟加拉国,0,-1,general,→,2035+,5.61,5.18,5.48,5.41,6.29,5.86,4.74,5.64,5.22,6.22,6.37,4.9,2026-04-13,2026-04-13,2000-2026
文化、艺术与传媒,ART,影视制作,摄影指导,Cinematographer / Director of Photography,本科,20-30,global,45,6.59,5.1,5.61,6.1,5.66,5.8,5.16,5.13,6.64,4.61,3.67,6.53,5.95,4.21,5.66,6.08,5.53,3.44,7.5,7.04,4.07,6.52,3.54,7.99,6.04,5.22,4.99,7.02,4.52,1.99,6.97,5.52,6.72,5.09,5.55,4.46,6.5,0.53,荷兰,巴基斯坦,2,1,general,→,2035+,5.64,5.22,5.53,5.44,6.2,5.87,4.78,5.62,5.16,6.14,6.29,4.98,2026-04-13,2026-04-13,2000-2026
文化、艺术与传媒,ART,新闻传媒,新闻编辑,News Editor,本科,22-28,global,45,5.09,5.54,4.14,7.0,4.69,5.21,4.6,4.62,4.76,4.69,5.62,6.14,6.51,4.23,6.64,6.53,6.01,2.44,4.99,6.15,7.05,6.08,4.05,7.6,5.01,5.73,6.54,7.54,3.49,2.51,4.97,5.6,6.73,4.55,5.55,4.4,6.72,0.62,荷兰,巴基斯坦,-1,-2,general,↓,2028-2033,5.57,5.13,5.56,5.38,6.38,5.9,4.69,5.58,5.18,6.35,6.45,4.94,2026-04-13,2026-04-13,2000-2026
服务业与消费,SVC,餐饮,甜品师,Dessert Chef / Patissier,专科/职校,18-28,global,45,5.53,3.6,5.07,6.57,5.68,6.18,5.58,5.48,4.57,4.62,4.64,6.02,5.51,3.7,6.14,6.08,5.54,2.48,8.55,5.1,1.57,5.56,3.55,7.55,8.1,5.33,5.54,7.51,7.04,3.07,5.93,5.54,6.26,4.61,5.55,4.42,6.61,0.58,瑞士,孟加拉国,2,1,general,↑,2035+,5.51,5.28,5.57,5.58,6.25,5.85,4.65,5.51,5.16,6.36,6.32,4.89,2026-04-13,2026-04-13,2000-2026
技术工种与手工业,SKL,建筑工,石材工,Stone Mason,短期培训/学徒,18-25,global,45,5.01,2.0,5.13,6.56,6.7,8.17,6.31,7.02,5.53,6.0,5.63,5.2,4.09,4.68,4.64,4.57,4.0,1.98,9.03,4.07,0.61,5.05,4.02,7.05,5.49,2.23,5.03,5.52,8.52,3.09,7.43,5.53,5.64,2.63,5.55,4.39,6.67,0.65,瑞士,孟加拉国,2,1,general,↑,2035+,5.55,5.18,5.6,5.59,6.38,5.86,4.63,5.45,5.01,6.54,6.45,4.85,2026-04-13,2026-04-13,2000-2026
服务业与消费,SVC,平台零工,自由职业者平台接单,Freelancer (Fiverr/Upwork/etc.),无要求,18-40,global,45,4.04,4.07,6.67,5.02,7.27,7.79,5.08,3.46,5.1,3.49,2.19,6.03,5.52,3.7,6.12,7.05,5.02,1.5,5.06,3.08,8.99,7.5,4.5,4.05,6.59,5.32,5.04,4.99,1.98,1.06,5.49,8.09,6.25,3.05,5.55,4.51,6.56,0.54,澳大利亚,孟加拉国,4,3,general,↑↑,2028-2033,5.52,5.33,5.49,5.5,6.29,5.86,4.76,5.54,5.17,6.33,6.3,4.9,2026-04-13,2026-04-13,2000-2026
服务业与消费,SVC,休闲娱乐,滑雪教练,Ski Instructor,专科/证书,20-32,global,45,4.99,3.52,5.61,6.97,5.74,5.76,5.18,4.42,5.18,4.6,4.67,5.53,6.01,4.73,5.15,5.05,5.03,1.48,8.96,4.55,1.55,6.04,4.04,8.07,6.6,5.78,5.57,7.51,7.0,4.12,8.09,5.52,6.21,4.14,5.55,4.35,6.48,0.57,丹麦,孟加拉国,2,2,general,↑,2035+,5.55,5.33,5.47,5.57,6.28,5.83,4.65,5.7,5.17,6.32,6.25,4.84,2026-04-13,2026-04-13,2000-2026
文化、艺术与传媒,ART,影视制作,影视发行人,Film Distribution Executive,本科,30-40,global,45,5.59,5.08,5.67,6.03,5.6,5.71,5.11,5.11,7.17,4.59,3.65,6.55,6.02,4.22,5.64,6.07,5.6,3.46,6.03,7.09,4.01,6.57,3.52,8.03,7.56,5.27,5.04,7.02,4.0,2.04,6.98,5.56,6.71,5.13,5.55,4.52,6.41,0.52,英国,孟加拉国,2,1,general,→,2028-2033,5.61,5.25,5.46,5.38,6.17,5.92,4.84,5.61,5.24,6.14,6.29,4.95,2026-04-13,2026-04-13,2000-2026
医疗与健康,MED,传统与替代医学,阿育吠陀医师,Ayurveda Practitioner,本科/硕士,22-28,regional,45,6.6,6.07,4.78,8.62,5.18,4.26,4.81,3.82,5.21,5.61,6.68,8.56,5.98,6.15,6.12,4.02,3.58,3.81,6.94,5.78,2.43,7.42,5.91,7.06,7.47,5.72,7.6,7.51,3.98,5.7,2.41,6.42,2.68,2.56,5.55,4.55,6.33,0.51,瑞士,孟加拉国,1,1,general,↑,2032-2038,5.76,5.34,5.35,5.49,6.14,5.82,4.94,5.65,5.08,6.16,6.18,4.88,2026-04-13,2026-04-13,2000-2026
服务业与消费,SVC,餐饮,巧克力师,Chocolatier,专科/职校,18-28,global,45,6.11,3.5,5.14,6.55,5.62,4.15,5.67,5.47,5.08,4.55,4.7,6.04,5.52,3.73,6.13,6.07,5.52,2.51,8.55,5.0,1.55,5.51,3.51,8.02,8.57,5.25,5.53,7.53,6.99,3.04,5.98,5.51,6.72,4.57,5.55,4.46,6.65,0.58,瑞士,孟加拉国,2,1,general,↑,2035+,5.5,5.27,5.59,5.55,6.27,5.85,4.67,5.59,5.19,6.36,6.29,4.86,2026-04-13,2026-04-13,2000-2026
服务业与消费,SVC,平台零工,在线虚拟助理,Virtual Assistant (Online),无要求,18-40,global,45,2.03,1.53,7.11,5.0,7.29,7.78,5.11,3.38,3.76,3.52,2.15,6.03,5.52,3.76,6.14,4.56,5.07,1.52,4.05,3.02,9.48,7.53,4.53,4.02,6.57,5.2,5.04,6.48,1.51,1.1,5.45,8.06,6.22,3.08,5.55,4.61,6.53,0.53,瑞士,巴基斯坦,4,3,general,↑↑,2026-2030,5.48,5.34,5.44,5.52,6.23,5.76,4.83,5.63,5.19,6.31,6.28,4.93,2026-04-13,2026-04-13,2000-2026
教育与学术,EDU,K12教育,图书馆教师/媒体专员,School Library Media Specialist,本科/硕士(图书馆学),22-30,global,45,5.02,5.48,2.5,8.12,4.14,4.71,3.58,3.74,3.73,4.08,7.85,9.54,6.61,7.57,6.58,4.52,4.54,0.9,5.54,4.65,3.04,6.09,7.51,6.6,2.61,7.93,8.05,7.0,2.02,5.07,1.4,4.54,3.71,2.41,5.55,4.58,6.58,0.55,芬兰,尼日利亚,-1,-1,general,→,2028-2033,5.59,5.33,5.49,5.56,6.49,5.68,4.83,5.62,5.14,6.16,6.22,4.8,2026-04-13,2026-04-13,2000-2026
文化、艺术与传媒,ART,美术/纯艺术,数字艺术家/AI艺术家,Digital / AI Artist,本科/硕士,20-30,global,45,6.02,5.6,6.65,9.09,3.68,3.17,3.6,3.7,4.34,3.13,3.13,8.55,7.55,6.27,5.08,5.58,4.52,4.41,4.03,6.1,8.45,9.06,5.55,9.56,7.6,5.69,8.08,4.98,3.51,1.08,3.96,7.08,5.73,3.6,5.54,4.38,6.54,0.59,澳大利亚,孟加拉国,0,2,general,↑,2026-2030,5.6,5.18,5.48,5.45,6.23,5.87,4.67,5.71,5.15,6.3,6.4,4.88,2026-04-13,2026-04-13,2000-2026
文化、艺术与传媒,ART,美术/纯艺术,壁画师,Muralist,本科/硕士,20-30,global,45,6.05,5.59,4.07,9.08,3.62,3.23,3.6,3.63,3.75,3.09,3.14,8.56,7.49,6.24,5.16,5.56,4.58,4.44,8.09,6.06,6.05,8.98,5.54,9.54,7.06,5.66,8.09,5.0,5.46,1.07,3.9,7.0,5.75,3.6,5.54,4.43,6.5,0.58,瑞士,巴基斯坦,0,-1,general,→,2035+,5.58,5.16,5.57,5.4,6.29,5.86,4.71,5.66,5.2,6.18,6.41,4.88,2026-04-13,2026-04-13,2000-2026
公共管理与公务员,GOV,警察执法,网络警察,Cybercrime Police Officer,本科/硕士,22-28,global,45,6.6,6.06,6.14,7.68,5.18,3.68,6.47,5.94,6.65,5.69,8.28,8.2,6.57,4.59,4.61,6.55,5.52,1.9,5.55,7.13,4.52,5.04,5.02,7.14,1.97,5.24,5.5,5.51,1.49,7.98,1.42,1.07,3.97,8.58,5.54,4.52,6.44,0.52,丹麦,尼日利亚,2,3,general,↑↑,2028-2033,5.69,5.31,5.41,5.52,6.39,5.53,4.97,5.68,5.14,6.16,6.19,4.81,2026-04-13,2026-04-13,2000-2026
技术工种与手工业,SKL,建筑工,瓦工/贴砖工,Tile Setter,短期培训/学徒,18-25,global,45,3.0,2.07,5.14,6.49,6.72,8.19,6.36,7.03,5.08,6.1,5.58,5.71,4.04,4.71,4.66,4.49,3.97,2.03,8.5,4.02,0.62,4.98,4.01,6.5,5.57,2.21,5.04,4.96,8.0,3.09,7.43,5.53,5.63,2.64,5.54,4.4,6.86,0.69,瑞士,巴基斯坦,2,1,general,↑,2035+,5.44,5.18,5.56,5.6,6.42,5.8,4.58,5.45,4.98,6.6,6.53,4.86,2026-04-13,2026-04-13,2000-2026
公共管理与公务员,GOV,消防应急,灾害救援协调员,Disaster Relief Coordinator,本科/硕士,25-35,global,45,5.59,6.11,5.09,7.7,4.17,3.15,4.97,5.03,5.77,5.2,7.39,5.64,5.04,4.58,4.54,6.56,5.6,1.4,6.97,7.04,3.57,6.1,3.6,8.53,2.5,6.18,5.58,8.48,5.01,5.99,2.45,2.07,7.51,6.51,5.54,4.57,6.38,0.49,瑞士,尼日利亚,2,2,general,↑,2032-2038,5.64,5.33,5.5,5.52,6.32,5.55,4.95,5.65,5.24,6.15,6.13,4.86,2026-04-13,2026-04-13,2000-2026
技术工种与手工业,SKL,焊接,MIG焊工,MIG Welder,职校/短期培训,18-25,global,45,4.06,2.98,5.63,7.02,6.1,6.11,6.31,7.07,5.57,6.57,6.11,3.69,4.05,5.26,5.55,5.51,5.08,1.5,6.55,4.98,0.64,5.52,4.55,6.07,5.53,2.29,5.52,4.98,7.98,5.09,6.46,5.57,6.62,3.07,5.54,4.45,6.73,0.7,瑞士,巴基斯坦,2,1,general,↑,2032-2038,5.53,5.16,5.74,5.5,6.5,5.89,4.59,5.5,4.98,6.49,6.51,4.68,2026-04-13,2026-04-13,2000-2026
服务业与消费,SVC,餐饮,餐厅经理,Restaurant Manager,专科/职校,25-35,global,45,5.59,4.58,5.1,6.52,5.61,6.12,5.62,5.41,6.02,4.6,5.64,6.05,5.52,3.74,6.15,6.03,5.53,2.49,7.01,6.01,1.51,7.01,3.62,7.01,7.51,5.19,5.55,7.5,6.99,3.04,5.91,5.5,5.22,4.62,5.54,4.46,6.58,0.58,瑞士,孟加拉国,2,1,general,↑,2032-2038,5.54,5.31,5.43,5.57,6.26,5.79,4.72,5.57,5.16,6.31,6.29,4.84,2026-04-13,2026-04-13,2000-2026
服务业与消费,SVC,酒店旅游,客房管理主管,Housekeeping Manager,专科/本科,20-30,global,45,4.53,4.0,5.2,7.04,5.65,6.19,5.19,4.89,4.64,4.58,5.63,7.05,6.55,4.26,5.63,6.04,5.55,1.98,7.5,5.5,2.52,5.08,4.08,6.04,6.58,4.79,5.53,7.97,5.52,2.57,7.51,4.5,6.28,4.55,5.54,4.39,6.54,0.58,荷兰,孟加拉国,2,1,general,↑,2035+,5.45,5.26,5.42,5.61,6.3,5.87,4.66,5.67,5.18,6.26,6.3,4.91,2026-04-13,2026-04-13,2000-2026
文化、艺术与传媒,ART,新闻传媒,视频记者/多媒体记者,Video Journalist (VJ) / Multimedia Journalist,本科,22-28,global,45,5.06,5.5,5.68,7.02,4.7,5.27,4.64,4.63,4.76,4.59,4.66,6.12,6.54,4.22,6.64,6.52,6.05,2.48,5.53,6.04,5.05,6.14,4.04,7.51,5.06,5.68,6.59,7.41,3.99,2.54,4.93,5.5,6.7,4.66,5.53,4.38,6.58,0.61,荷兰,孟加拉国,-1,0,general,→,2028-2033,5.5,5.12,5.53,5.35,6.34,5.93,4.67,5.62,5.22,6.3,6.45,4.86,2026-04-13,2026-04-13,2000-2026
交通运输与物流,TRA,航空,飞行签派员,Flight Dispatcher,本科/专业培训,22-30,global,45,5.52,6.56,5.62,6.99,6.16,5.33,6.63,6.7,5.76,6.59,6.69,5.22,5.53,5.28,5.66,5.09,4.59,1.44,5.5,7.6,3.03,5.52,4.05,7.53,3.02,4.22,4.52,6.46,2.0,7.08,6.91,2.08,8.27,5.07,5.53,4.24,6.74,0.71,荷兰,尼日利亚,2,1,general,↑,2028-2033,5.57,5.21,5.46,5.67,6.36,5.95,4.52,5.48,4.97,6.2,6.56,4.67,2026-04-13,2026-04-13,2000-2026
文化、艺术与传媒,ART,美术/纯艺术,版画家,Printmaker,本科/硕士,20-30,global,45,6.08,5.57,4.11,9.02,3.65,2.18,3.68,3.67,3.32,3.1,3.1,8.53,7.51,6.21,5.12,5.52,4.47,4.45,7.97,6.1,6.05,9.0,5.58,9.53,7.58,5.81,8.01,4.98,3.51,1.03,3.91,6.99,5.78,3.59,5.53,4.28,6.46,0.58,瑞士,巴基斯坦,0,-1,general,→,2035+,5.57,5.21,5.49,5.34,6.3,5.84,4.64,5.6,5.21,6.18,6.39,4.88,2026-04-13,2026-04-13,2000-2026
法律与社会服务,LAW,法官,法官,Judge,法学博士/硕士+多年执业,35-50,global,45,9.1,9.1,4.06,9.49,2.98,3.44,4.05,4.15,7.38,6.15,9.17,8.1,6.56,5.52,4.53,5.0,4.02,1.46,8.58,9.34,2.57,8.54,5.54,8.5,1.07,5.2,7.98,7.5,0.51,9.53,0.98,0.52,3.51,8.98,5.53,4.46,6.47,0.61,英国,孟加拉国,0,0,general,→,2035+,5.57,5.19,5.4,5.49,6.3,5.81,4.75,5.58,5.2,6.3,6.37,4.82,2026-04-13,2026-04-13,2000-2026
文化、艺术与传媒,ART,出版写作,诗人,Poet,本科,22-35,global,45,5.09,5.04,4.07,7.99,4.68,2.23,4.14,4.16,2.49,4.62,1.68,8.53,7.02,5.71,5.13,7.08,6.0,4.42,4.46,5.58,8.0,9.46,6.54,9.56,7.06,6.19,7.05,5.0,1.49,1.54,4.46,7.08,6.78,3.58,5.53,4.56,6.43,0.54,英国,巴基斯坦,0,-1,general,→,2028-2033,5.58,5.18,5.47,5.39,6.18,5.96,4.78,5.66,5.12,6.15,6.31,4.92,2026-04-13,2026-04-13,2000-2026
文化、艺术与传媒,ART,新闻传媒,气象主播,Weather Anchor / Meteorologist Presenter,本科,22-28,global,45,5.56,5.64,4.12,7.02,4.61,5.27,4.55,4.64,5.68,4.65,5.56,6.12,6.56,4.19,6.62,6.55,6.01,2.45,5.03,6.1,5.57,6.09,4.01,7.5,5.13,5.71,6.47,7.49,3.48,2.49,4.96,5.5,6.8,4.61,5.53,4.34,6.49,0.61,荷兰,孟加拉国,-1,-2,general,↓,2028-2033,5.52,5.13,5.5,5.28,6.42,5.85,4.63,5.63,5.19,6.3,6.42,4.9,2026-04-13,2026-04-13,2000-2026
文化、艺术与传媒,ART,音乐产业,指挥,Orchestra Conductor,硕士,28-40,global,45,8.08,7.49,5.03,8.56,5.15,5.24,4.69,4.69,6.17,4.15,3.11,7.53,6.55,4.71,5.66,6.57,4.93,3.96,6.99,8.03,5.07,7.54,3.53,8.48,6.55,5.29,5.6,6.94,3.51,1.98,6.55,6.54,6.77,4.62,5.52,4.47,6.43,0.55,英国,巴基斯坦,1,0,general,→,2032-2038,5.59,5.2,5.5,5.36,6.12,5.83,4.76,5.64,5.15,6.15,6.34,4.93,2026-04-13,2026-04-13,2000-2026
交通运输与物流,TRA,物流管理,仓库管理员,Warehouse Operative / Stocker,高中/无要求,18-30,global,45,2.09,1.59,6.15,5.56,6.73,7.29,5.66,5.22,3.41,6.15,6.11,6.7,6.1,5.16,5.62,5.58,5.01,1.37,3.51,3.14,4.05,5.55,5.04,5.06,5.64,5.25,6.09,6.02,7.51,1.55,6.41,3.55,5.75,3.59,5.52,4.12,6.75,0.73,瑞士,孟加拉国,3,2,general,↑,2026-2030,5.65,5.22,5.49,5.53,6.53,5.85,4.48,5.51,4.87,6.32,6.5,4.63,2026-04-13,2026-04-13,2000-2026
服务业与消费,SVC,餐饮,餐饮连锁运营经理,Restaurant Chain Operations Manager,本科,28-38,global,45,5.51,5.0,5.12,6.51,5.65,6.14,5.55,5.41,6.47,4.56,5.64,6.05,5.48,3.7,6.14,6.04,5.59,2.48,6.97,6.02,1.51,6.51,3.57,6.98,7.07,5.27,5.48,7.5,6.98,3.08,5.99,5.52,5.22,4.68,5.52,4.35,6.48,0.57,丹麦,孟加拉国,2,1,general,↑,2032-2038,5.49,5.35,5.44,5.54,6.25,5.75,4.68,5.56,5.13,6.28,6.26,4.8,2026-04-13,2026-04-13,2000-2026
服务业与消费,SVC,殡葬,遗体化妆师,Embalmer / Mortuary Cosmetician,专科/证书,22-35,global,45,5.1,4.04,4.54,8.03,5.08,4.06,5.53,5.42,4.67,5.56,6.61,6.53,4.98,5.72,5.67,4.51,3.98,0.98,8.98,4.08,1.52,5.5,5.02,5.56,4.57,5.24,6.52,6.5,5.47,4.05,1.95,3.08,3.76,5.1,5.52,4.54,6.44,0.55,荷兰,孟加拉国,1,0,general,→,2035+,5.53,5.32,5.47,5.53,6.26,5.65,4.7,5.55,5.12,6.26,6.26,4.86,2026-04-13,2026-04-13,2000-2026
公共管理与公务员,GOV,中央/联邦公务员,财政预算官员,Budget Analyst,本科/硕士,23-30,global,45,6.04,6.61,4.12,8.68,4.6,4.68,4.47,3.97,6.14,5.72,9.04,9.58,7.53,6.14,5.58,5.52,5.01,1.41,5.04,7.09,4.57,4.59,6.57,5.58,2.02,5.72,7.09,6.02,0.5,7.51,1.92,1.53,4.02,7.09,5.52,4.64,6.32,0.46,丹麦,尼日利亚,0,0,general,→,2028-2033,5.63,5.31,5.47,5.48,6.23,5.57,4.99,5.61,5.21,6.02,6.1,4.88,2026-04-13,2026-04-13,2000-2026
文化、艺术与传媒,ART,影视制作,电视导演,Television Director,本科,20-30,global,45,5.52,5.13,5.66,6.02,5.7,5.74,5.14,5.11,6.21,4.61,4.21,6.53,5.96,4.22,5.66,6.02,5.55,3.42,6.54,7.09,4.07,6.52,3.53,8.02,6.01,5.15,4.98,7.01,4.05,2.06,6.99,5.47,6.76,5.12,5.52,4.46,6.39,0.52,澳大利亚,巴基斯坦,2,1,general,→,2032-2038,5.62,5.18,5.48,5.44,6.1,5.88,4.81,5.53,5.2,6.16,6.25,4.93,2026-04-13,2026-04-13,2000-2026
技术工种与手工业,SKL,建筑工,地板安装工,Floor Layer / Installer,短期培训/学徒,18-25,global,45,2.98,2.0,5.18,6.5,6.75,8.09,6.34,7.06,5.06,6.06,5.64,6.18,4.04,4.73,4.66,4.57,3.99,2.0,8.0,4.06,0.62,4.97,4.02,5.56,5.55,2.28,5.02,5.5,7.51,3.1,7.42,5.47,5.69,2.65,5.52,4.42,6.79,0.68,瑞士,孟加拉国,2,1,general,↑,2035+,5.49,5.14,5.61,5.58,6.28,5.87,4.6,5.46,4.94,6.59,6.47,4.81,2026-04-13,2026-04-13,2000-2026
公共管理与公务员,GOV,事业单位/公共机构,公共图书馆馆长,Public Library Director,硕士,28-40,global,45,5.56,6.58,3.12,8.68,3.63,3.25,3.49,3.5,4.75,4.69,8.6,9.54,7.49,7.52,7.07,5.06,4.51,1.46,6.04,6.03,3.57,6.09,7.55,7.06,2.04,7.14,8.04,6.49,1.5,6.5,0.84,2.57,3.59,7.06,5.52,4.51,6.23,0.47,丹麦,尼日利亚,-1,-1,general,→,2032-2038,5.61,5.32,5.44,5.53,6.17,5.62,4.95,5.68,5.19,6.04,6.08,4.86,2026-04-13,2026-04-13,2000-2026
服务业与消费,SVC,休闲娱乐,高尔夫球场管理员,Golf Course Superintendent,专科/证书,20-32,global,45,3.99,3.51,5.63,7.04,5.77,4.73,5.16,4.45,5.13,4.62,5.62,6.06,5.98,4.78,5.12,5.05,5.03,1.5,6.97,5.57,1.49,5.98,3.98,7.07,6.58,5.73,5.56,7.5,4.99,3.02,6.54,5.5,4.73,4.02,5.52,4.25,6.57,0.57,瑞士,孟加拉国,2,2,general,↑,2032-2038,5.48,5.35,5.47,5.56,6.24,5.74,4.6,5.59,5.09,6.28,6.26,4.87,2026-04-13,2026-04-13,2000-2026
技术工种与手工业,SKL,建筑工,玻璃安装工,Glazier,短期培训/学徒,18-25,global,45,3.0,2.04,5.2,6.58,6.71,8.18,6.89,7.05,5.6,6.06,5.6,4.19,4.13,4.7,4.72,4.57,3.95,2.02,8.01,3.99,0.59,5.01,4.02,5.57,5.51,2.28,5.08,5.49,7.47,3.09,7.49,5.54,5.7,2.56,5.52,4.44,6.67,0.67,澳大利亚,孟加拉国,2,1,general,↑,2035+,5.46,5.14,5.62,5.56,6.31,5.79,4.56,5.41,4.99,6.6,6.47,4.8,2026-04-13,2026-04-13,2000-2026
技术工种与手工业,SKL,焊接,机器人焊接技师,Robotic Welding Technician,职校/短期培训,18-25,global,45,5.51,4.5,6.61,6.98,6.18,6.14,6.86,7.04,6.47,6.58,6.12,6.18,4.09,5.22,5.68,5.59,5.03,1.49,3.96,4.95,0.61,5.5,4.54,6.02,5.59,2.22,5.55,5.0,4.98,5.13,6.46,5.53,6.75,3.1,5.51,4.3,6.77,0.71,瑞士,尼日利亚,2,2,general,↑,2026-2030,5.53,5.12,5.68,5.52,6.5,5.78,4.54,5.51,4.9,6.5,6.48,4.66,2026-04-13,2026-04-13,2000-2026
交通运输与物流,TRA,航空,飞机维修工程师,Aircraft Maintenance Engineer,大专/本科+执照,20-28,global,45,7.62,6.52,5.68,7.13,6.17,5.34,6.61,6.66,6.63,6.63,7.13,5.73,5.61,5.26,5.65,5.06,4.55,1.4,7.1,7.63,0.67,5.54,4.09,7.56,3.12,4.2,4.52,6.01,6.52,7.61,6.99,2.06,8.18,5.12,5.51,4.25,6.6,0.68,德国,孟加拉国,2,1,general,↑,2032-2038,5.65,5.22,5.4,5.6,6.3,5.92,4.51,5.5,5.0,6.3,6.41,4.62,2026-04-13,2026-04-13,2000-2026
法律与社会服务,LAW,NGO与人道主义,人权倡导者,Human Rights Advocate,本科/硕士,23-30,global,45,5.55,5.51,5.15,7.08,4.16,3.17,4.58,4.64,4.13,3.56,4.7,5.52,5.54,4.04,3.02,6.09,5.53,3.46,8.02,6.99,4.43,7.06,4.1,9.15,4.0,7.1,6.55,8.99,2.48,3.09,2.5,3.09,8.6,2.53,5.51,4.65,6.64,0.61,芬兰,巴基斯坦,1,1,general,→,2035+,5.39,5.1,5.4,5.19,6.61,5.7,4.79,5.65,5.2,6.24,6.39,4.97,2026-04-13,2026-04-13,2000-2026
服务业与消费,SVC,休闲娱乐,宠物酒店经理,Pet Hotel / Boarding Manager,专科/证书,20-32,global,45,4.05,3.51,7.1,7.04,5.75,4.22,5.15,4.49,4.69,4.56,4.59,6.06,6.02,4.77,5.18,5.0,5.07,1.52,7.46,4.59,1.51,6.0,4.05,6.97,8.06,5.69,5.49,6.96,6.02,3.08,6.55,5.59,4.74,4.04,5.51,4.31,6.59,0.57,瑞士,孟加拉国,2,3,general,↑↑,2035+,5.53,5.25,5.38,5.58,6.2,5.79,4.61,5.61,5.12,6.32,6.25,4.83,2026-04-13,2026-04-13,2000-2026
交通运输与物流,TRA,物流管理,叉车操作员,Forklift Operator,培训证书,18-30,global,45,2.09,1.54,6.18,5.5,6.7,7.36,5.72,5.25,3.86,6.12,6.2,5.73,6.05,5.19,5.62,5.52,5.04,1.39,4.04,3.14,3.99,5.58,5.02,5.02,5.56,5.18,6.03,6.02,7.04,3.54,6.48,3.47,5.72,3.52,5.51,4.1,6.66,0.75,荷兰,孟加拉国,3,2,general,↑,2026-2030,5.65,5.2,5.56,5.51,6.5,5.84,4.32,5.56,4.93,6.3,6.46,4.58,2026-04-13,2026-04-13,2000-2026
公共管理与公务员,GOV,事业单位/公共机构,气象预报员,Meteorologist,硕士/博士,24-30,global,45,7.06,7.58,4.66,8.69,3.61,3.16,5.49,5.47,5.74,5.2,8.58,9.05,7.0,6.12,5.61,4.51,4.06,1.45,5.53,6.55,5.01,5.61,6.62,7.03,2.02,5.73,7.05,5.0,2.0,7.52,0.9,2.04,5.59,7.56,5.51,4.66,6.34,0.47,瑞典,尼日利亚,1,2,general,↑,2028-2033,5.6,5.33,5.38,5.49,6.27,5.54,5.02,5.6,5.2,5.98,6.1,4.85,2026-04-13,2026-04-13,2000-2026
文化、艺术与传媒,ART,影视制作,编剧,Screenwriter,本科,20-30,global,45,5.57,5.09,5.62,6.04,5.68,5.69,5.15,5.15,5.26,4.62,3.66,6.54,6.02,4.24,5.64,5.99,5.54,3.43,4.54,6.59,7.97,8.54,3.55,8.47,6.1,5.27,5.06,6.99,4.02,2.02,6.94,5.56,6.72,5.14,5.51,4.37,6.44,0.55,英国,巴基斯坦,2,1,general,→,2028-2033,5.62,5.22,5.5,5.32,6.12,5.88,4.72,5.57,5.22,6.1,6.33,4.85,2026-04-13,2026-04-13,2000-2026
文化、艺术与传媒,ART,影视制作,选角导演,Casting Director,本科,20-30,global,45,5.53,5.1,5.64,6.02,5.71,3.76,5.11,5.14,5.68,4.63,3.59,6.52,6.0,4.23,5.64,6.07,5.58,3.41,7.46,6.11,4.03,6.54,3.55,8.08,6.06,5.23,5.08,8.48,4.0,2.07,6.91,5.53,6.78,5.02,5.5,4.4,6.53,0.55,英国,巴基斯坦,2,1,general,→,2035+,5.58,5.19,5.46,5.3,6.11,5.94,4.78,5.5,5.07,6.19,6.32,4.92,2026-04-13,2026-04-13,2000-2026
文化、艺术与传媒,ART,新闻传媒,广播电台主持人,Radio Host,本科,22-28,global,45,5.11,5.6,4.1,7.08,4.7,4.75,4.64,4.68,5.19,4.62,4.63,6.12,6.5,4.22,6.64,6.6,5.97,2.41,5.47,6.04,5.5,6.09,4.01,7.59,5.1,5.74,6.49,7.49,3.49,2.57,4.95,5.55,6.71,4.6,5.5,4.26,6.67,0.63,荷兰,巴基斯坦,-1,-2,general,↓,2028-2033,5.47,5.09,5.44,5.32,6.36,5.92,4.62,5.6,5.14,6.22,6.46,4.84,2026-04-13,2026-04-13,2000-2026
文化、艺术与传媒,ART,美术/纯艺术,艺术评论家,Art Critic,本科/硕士,20-30,global,45,7.05,7.58,4.19,9.02,3.65,2.61,3.66,3.6,4.23,3.12,3.16,8.55,7.48,6.22,5.15,5.57,4.5,4.44,7.5,6.56,8.03,9.02,5.48,8.1,7.54,5.72,8.08,4.98,3.49,0.98,3.97,7.1,5.75,3.59,5.5,4.35,6.44,0.57,荷兰,孟加拉国,0,-1,general,→,2035+,5.5,5.14,5.52,5.39,6.19,5.82,4.69,5.63,5.12,6.16,6.34,4.86,2026-04-13,2026-04-13,2000-2026
服务业与消费,SVC,餐饮,西餐厨师,Western Cuisine Chef,专科/职校,18-28,global,45,5.52,3.59,5.08,6.58,5.69,6.14,5.56,5.42,5.07,4.54,4.62,6.04,5.47,3.67,6.14,5.99,5.46,2.45,8.01,5.51,1.54,5.56,3.55,6.97,7.14,5.32,5.57,7.52,7.02,3.06,5.96,5.49,6.22,4.61,5.5,4.36,6.55,0.56,瑞士,孟加拉国,2,1,general,↑,2035+,5.42,5.28,5.51,5.57,6.18,5.87,4.64,5.48,5.08,6.24,6.24,4.86,2026-04-13,2026-04-13,2000-2026
服务业与消费,SVC,婚庆活动,婚纱礼服顾问,Bridal Gown Consultant,专科,20-32,global,45,3.51,3.48,5.1,7.06,5.7,5.72,5.15,4.46,3.72,4.59,4.15,7.56,7.05,4.18,5.63,5.53,5.53,1.97,6.48,5.06,2.0,6.51,4.04,7.04,7.52,6.19,5.53,8.47,4.52,2.02,7.54,5.55,4.25,3.58,5.5,4.47,6.5,0.55,瑞士,尼日利亚,2,1,general,↑,2032-2038,5.54,5.26,5.42,5.49,6.18,5.79,4.69,5.53,5.08,6.24,6.24,4.85,2026-04-13,2026-04-13,2000-2026
文化、艺术与传媒,ART,影视制作,美术指导(影视),Production Designer,本科,20-30,global,45,5.58,5.01,5.58,6.09,5.7,5.68,5.02,5.1,5.66,4.62,3.62,6.52,5.99,4.28,5.61,6.05,5.56,3.44,7.03,6.59,4.07,6.53,3.54,8.53,6.01,5.18,5.07,6.97,4.02,2.02,6.96,5.58,6.77,5.01,5.5,4.5,6.39,0.53,德国,孟加拉国,2,1,general,→,2032-2038,5.5,5.13,5.47,5.38,6.15,5.86,4.8,5.56,5.16,6.09,6.33,4.94,2026-04-13,2026-04-13,2000-2026
技术工种与手工业,SKL,建筑工,绝缘工,Insulation Worker,短期培训/学徒,18-25,global,45,3.02,2.01,5.14,6.53,6.64,8.18,6.33,7.02,5.05,6.08,5.61,5.2,4.15,4.72,4.62,4.53,4.07,1.98,7.94,4.05,0.56,5.04,4.02,5.56,5.6,2.26,5.08,5.49,7.0,3.11,7.44,5.57,5.67,2.52,5.5,4.38,6.74,0.67,瑞士,孟加拉国,2,1,general,↑,2035+,5.42,5.09,5.6,5.56,6.42,5.78,4.56,5.38,4.96,6.57,6.42,4.8,2026-04-13,2026-04-13,2000-2026
文化、艺术与传媒,ART,音乐产业,器乐演奏家,Instrumental Musician,本科/专科,18-28,global,45,8.11,6.6,5.19,8.08,5.14,5.27,4.63,4.63,4.72,4.11,3.19,7.54,6.48,4.69,5.62,6.51,5.03,3.94,8.01,6.08,4.99,7.54,3.58,9.52,6.57,5.17,5.57,7.03,3.5,2.01,6.42,6.56,6.76,4.64,5.5,4.41,6.41,0.55,加拿大,孟加拉国,1,0,general,→,2035+,5.5,5.18,5.5,5.35,6.13,5.94,4.74,5.56,5.16,6.16,6.28,4.86,2026-04-13,2026-04-13,2000-2026
法律与社会服务,LAW,心理社会服务,家庭暴力受害者倡导者,Domestic Violence Advocate,本科/硕士,23-30,global,45,4.61,4.56,5.01,7.09,5.02,4.52,5.05,5.11,3.52,3.47,5.63,6.55,5.06,4.51,3.08,5.59,4.99,1.96,8.53,5.54,3.55,5.54,4.54,7.97,3.01,7.97,7.01,9.03,2.5,4.58,2.0,3.06,5.02,3.58,5.5,4.54,6.53,0.57,瑞士,巴基斯坦,2,2,general,↑,2035+,5.51,5.2,5.48,5.36,6.21,5.74,4.73,5.54,5.17,6.14,6.35,4.88,2026-04-13,2026-04-13,2000-2026
法律与社会服务,LAW,NGO与人道主义,难民安置官员,Refugee Resettlement Officer,本科/硕士,23-30,global,45,5.08,5.07,5.68,7.04,4.68,3.66,5.02,5.22,4.66,4.1,5.64,6.54,5.55,4.5,3.51,5.64,4.96,2.49,7.57,6.1,3.04,5.56,4.02,8.55,2.55,6.64,6.52,9.01,3.02,5.02,2.98,2.03,8.6,3.53,5.5,4.62,6.56,0.59,瑞典,巴基斯坦,2,2,general,↑,2035+,5.33,5.13,5.38,5.23,6.54,5.75,4.83,5.72,5.21,6.23,6.31,4.93,2026-04-13,2026-04-13,2000-2026
服务业与消费,SVC,零售,电商运营专员,E-commerce Operations Specialist,高中/专科,18-30,global,45,3.04,4.0,7.04,6.54,5.65,7.13,4.63,3.96,5.06,4.08,4.66,8.03,7.05,4.72,5.64,5.51,5.57,1.44,4.51,4.09,6.95,4.03,4.02,4.56,5.56,5.7,5.56,7.48,1.48,1.6,5.93,4.98,3.75,4.1,5.49,4.43,6.46,0.57,丹麦,孟加拉国,0,3,general,↑↑,2026-2030,5.48,5.22,5.48,5.52,6.28,5.81,4.66,5.54,5.15,6.23,6.22,4.75,2026-04-13,2026-04-13,2000-2026
服务业与消费,SVC,酒店旅游,旅游规划师,Tourism Planner / Destination Manager,本科,20-30,global,45,5.52,6.0,5.16,7.04,5.63,6.18,5.11,4.94,5.58,4.61,4.64,7.03,6.52,4.24,5.63,6.01,5.53,1.99,6.53,6.05,4.94,5.01,4.06,6.0,6.03,5.71,5.57,8.0,4.99,2.52,7.51,4.52,6.2,4.56,5.49,4.39,6.48,0.58,瑞士,巴基斯坦,2,1,general,↑,2032-2038,5.38,5.26,5.47,5.47,6.23,5.79,4.61,5.55,5.14,6.28,6.29,4.83,2026-04-13,2026-04-13,2000-2026
技术工种与手工业,SKL,建筑工,油漆工,Painter (Construction),短期培训/学徒,18-25,global,45,3.0,2.02,5.1,6.51,6.72,8.02,6.36,7.07,4.63,6.07,5.58,5.68,4.56,4.78,4.65,4.53,4.01,2.04,8.04,4.07,0.58,4.99,4.0,5.55,5.52,2.26,4.99,5.49,7.5,3.09,7.42,5.48,5.62,2.6,5.49,4.31,6.7,0.67,瑞士,尼日利亚,2,1,general,↑,2035+,5.48,5.16,5.54,5.53,6.34,5.75,4.58,5.38,4.93,6.52,6.4,4.74,2026-04-13,2026-04-13,2000-2026
服务业与消费,SVC,餐饮,西点烘焙师,Pastry Chef / Baker,专科/职校,18-28,global,45,5.54,3.62,5.06,6.5,5.7,6.14,5.57,5.36,4.67,4.66,4.67,6.06,5.48,3.74,6.13,5.98,5.49,2.49,8.02,5.03,1.46,5.53,3.55,7.59,8.06,6.25,5.51,7.51,6.98,3.02,5.92,5.55,5.29,4.59,5.49,4.51,6.56,0.56,瑞士,尼日利亚,2,1,general,↑,2035+,5.45,5.24,5.49,5.54,6.18,5.77,4.72,5.45,5.13,6.26,6.28,4.79,2026-04-13,2026-04-13,2000-2026
法律与社会服务,LAW,宗教,伊斯兰阿訇/伊玛目,Islamic Imam,伊斯兰学院,22-30,global,45,5.56,5.07,3.62,9.08,5.07,5.06,4.53,4.11,3.57,3.45,7.04,7.03,6.51,4.55,4.55,4.57,3.56,3.44,9.05,7.57,2.53,7.02,5.58,8.54,3.54,2.87,8.07,9.49,1.52,5.99,0.46,2.96,5.12,4.55,5.48,4.76,6.31,0.44,荷兰,孟加拉国,1,0,general,→,2035+,5.43,5.28,5.35,5.29,6.02,5.71,4.99,5.45,5.23,6.14,6.11,5.11,2026-04-13,2026-04-13,2000-2026
法律与社会服务,LAW,宗教,印度教祭司,Hindu Priest (Pandit),家族传承/学院,18-30,regional,45,4.62,3.55,3.01,9.04,4.12,4.05,3.61,3.18,3.11,3.48,6.54,8.51,6.99,5.05,5.5,3.58,3.0,2.95,9.57,7.17,1.99,7.05,5.53,8.53,4.08,2.85,8.59,9.03,2.04,5.03,0.45,3.42,4.58,4.06,5.48,4.74,6.25,0.46,荷兰,孟加拉国,0,0,general,→,2035+,5.38,5.27,5.4,5.23,6.11,5.72,4.99,5.44,5.24,6.18,6.1,5.08,2026-04-13,2026-04-13,2000-2026
教育与学术,EDU,特殊教育与辅助,图书管理员(学校),School Librarian,本科/硕士(图书馆学),22-30,global,45,5.06,5.02,2.06,8.19,3.7,4.61,3.02,3.19,3.8,4.08,7.79,9.51,6.55,7.59,7.22,4.08,4.6,0.9,5.0,4.7,2.67,6.07,7.97,6.51,2.13,8.4,8.59,6.52,2.53,4.62,0.83,4.56,3.73,2.52,5.48,4.54,6.42,0.53,芬兰,尼日利亚,-2,-2,general,→,2028-2033,5.58,5.19,5.5,5.49,6.34,5.72,4.78,5.45,5.09,6.11,6.1,4.78,2026-04-13,2026-04-13,2000-2026
技术工种与手工业,SKL,机械加工,钣金工,Sheet Metal Worker,职校/技校,18-25,global,45,4.52,3.49,5.04,7.55,5.67,6.07,6.33,6.55,5.54,6.03,6.16,5.21,5.06,5.22,5.63,5.01,4.5,1.51,6.49,5.09,0.52,5.51,5.03,6.03,5.02,2.69,6.07,4.52,7.5,3.62,5.95,4.59,5.62,3.59,5.48,4.28,6.81,0.72,瑞士,孟加拉国,1,0,general,→,2032-2038,5.47,5.08,5.62,5.33,6.52,5.76,4.45,5.5,4.98,6.49,6.48,4.62,2026-04-13,2026-04-13,2000-2026
文化、艺术与传媒,ART,音乐产业,音乐编曲师,Music Arranger,本科/专科,18-28,global,45,6.11,5.07,5.14,6.51,5.14,5.22,4.57,4.64,5.25,4.16,3.16,7.51,6.53,4.73,5.64,6.59,5.01,3.93,5.58,6.09,7.51,7.5,3.52,8.55,6.54,5.21,5.55,7.06,3.56,2.07,6.44,6.54,6.77,4.5,5.48,4.37,6.39,0.55,法国,巴基斯坦,1,0,general,→,2028-2033,5.55,5.2,5.47,5.31,6.2,5.84,4.66,5.48,5.16,6.09,6.28,4.84,2026-04-13,2026-04-13,2000-2026
技术工种与手工业,SKL,建筑工,抹灰工,Plasterer,短期培训/学徒,18-25,global,45,3.01,2.02,5.15,6.53,6.78,8.17,6.39,7.08,4.52,6.07,5.61,4.69,4.08,4.79,4.64,4.58,4.01,2.03,8.5,4.08,0.61,5.04,4.04,5.55,5.51,2.29,5.02,5.49,8.52,3.09,7.43,5.55,5.64,2.61,5.48,4.35,6.76,0.68,瑞士,巴基斯坦,2,1,general,↑,2035+,5.39,5.1,5.58,5.57,6.32,5.76,4.55,5.39,4.91,6.62,6.41,4.76,2026-04-13,2026-04-13,2000-2026
文化、艺术与传媒,ART,音乐产业,歌手,Singer / Vocalist,本科/专科,18-28,global,45,6.08,5.07,5.13,5.62,5.18,5.2,4.59,4.67,5.64,4.12,2.16,7.56,6.53,4.7,5.61,6.58,5.05,4.46,7.06,7.62,5.03,7.5,3.48,9.56,6.57,4.73,5.56,7.07,3.48,1.98,6.45,6.53,6.73,4.63,5.48,4.29,6.37,0.54,荷兰,孟加拉国,1,0,general,→,2032-2038,5.55,5.19,5.45,5.37,6.1,5.9,4.64,5.54,5.11,6.06,6.26,4.9,2026-04-13,2026-04-13,2000-2026
公共管理与公务员,GOV,中央/联邦公务员,外交官,Diplomat,硕士/博士,25-32,global,45,7.55,8.1,4.64,8.7,3.09,2.22,3.94,3.98,7.09,5.74,9.01,7.07,7.01,5.06,5.59,6.18,4.51,1.9,7.56,9.0,2.09,5.06,4.09,8.04,1.0,5.23,5.92,8.98,1.5,9.0,0.99,0.56,9.47,9.03,5.48,4.67,6.22,0.43,丹麦,尼日利亚,0,0,general,→,2035+,5.59,5.28,5.37,5.45,6.18,5.5,4.95,5.64,5.2,5.94,5.98,4.88,2026-04-13,2026-04-13,2000-2026
服务业与消费,SVC,殡葬,公墓管理员,Cemetery Manager,专科/证书,22-35,global,45,3.96,4.07,4.58,8.02,5.06,4.06,5.58,5.37,4.17,5.56,7.17,6.54,5.02,5.71,5.65,4.53,4.02,1.01,7.54,4.55,1.54,5.56,5.04,5.97,4.58,5.27,6.55,5.0,4.49,4.03,1.96,3.01,3.76,5.08,5.47,4.55,6.46,0.54,荷兰,巴基斯坦,1,0,general,→,2035+,5.34,5.26,5.44,5.43,6.26,5.71,4.7,5.59,5.15,6.18,6.17,4.84,2026-04-13,2026-04-13,2000-2026
文化、艺术与传媒,ART,影视制作,动作导演/武术指导,Action Director / Stunt Coordinator,本科,20-35,global,45,5.56,5.05,5.67,5.02,5.73,5.72,5.09,5.08,5.73,4.64,3.72,4.51,6.01,4.25,5.61,6.05,5.52,3.42,9.01,6.06,4.05,6.56,3.52,8.08,6.01,5.19,4.99,7.04,8.01,2.08,6.96,5.42,6.73,5.01,5.47,4.43,6.48,0.56,德国,巴基斯坦,2,1,general,→,2035+,5.57,5.12,5.48,5.32,6.08,5.87,4.68,5.45,5.1,6.08,6.34,4.82,2026-04-13,2026-04-13,2000-2026
交通运输与物流,TRA,航海,船舶代理人,Ship Broker / Shipping Agent,本科,25-35,global,45,5.1,5.08,4.23,7.5,5.36,5.12,6.3,6.71,6.72,6.12,6.14,4.74,4.56,4.64,5.08,4.15,3.6,1.38,5.01,6.12,4.09,4.99,5.02,6.52,6.56,3.24,5.06,8.0,1.99,4.57,7.47,1.54,8.72,4.58,5.47,4.12,6.74,0.66,荷兰,巴基斯坦,1,0,general,→,2028-2033,5.69,5.3,5.27,5.52,6.46,5.6,4.48,5.5,4.9,6.2,6.27,4.69,2026-04-13,2026-04-13,2000-2026
服务业与消费,SVC,餐饮,中餐厨师,Chinese Cuisine Chef,专科/职校,18-28,global,45,5.57,3.52,5.05,6.51,5.68,6.18,5.53,5.42,5.06,4.55,4.65,6.04,5.51,3.72,6.15,6.03,5.54,2.46,8.02,5.55,1.51,5.58,3.56,7.47,7.1,5.19,5.53,7.47,7.0,3.04,5.98,5.5,4.79,4.58,5.47,4.35,6.49,0.58,澳大利亚,孟加拉国,2,1,general,↑,2035+,5.48,5.23,5.43,5.51,6.25,5.81,4.55,5.53,5.1,6.22,6.16,4.8,2026-04-13,2026-04-13,2000-2026
服务业与消费,SVC,餐饮,食品安全检查员,Food Safety Inspector,专科/职校,18-28,global,45,5.48,5.07,5.02,6.53,5.61,6.1,5.61,5.45,5.08,4.52,7.19,6.05,5.52,3.69,6.18,6.0,5.52,2.49,6.47,5.06,3.46,5.58,3.55,6.96,7.09,5.26,5.5,7.48,3.48,5.03,5.97,5.51,5.18,4.6,5.47,4.41,6.49,0.56,瑞士,孟加拉国,2,1,general,↑,2032-2038,5.44,5.26,5.42,5.5,6.14,5.8,4.64,5.49,5.07,6.15,6.25,4.8,2026-04-13,2026-04-13,2000-2026
服务业与消费,SVC,婚庆活动,活动安保经理,Event Security Manager,专科,20-32,global,45,3.51,3.6,5.16,7.05,5.69,5.76,5.08,4.42,4.7,4.6,4.11,6.09,6.98,4.23,5.65,5.53,5.53,1.97,7.04,4.56,2.02,6.54,4.05,7.07,7.55,4.28,5.54,8.03,5.99,2.07,7.01,5.6,4.27,3.68,5.47,4.32,6.46,0.58,瑞士,巴基斯坦,2,1,general,↑,2032-2038,5.47,5.25,5.47,5.46,6.18,5.75,4.57,5.66,5.04,6.15,6.19,4.75,2026-04-13,2026-04-13,2000-2026
服务业与消费,SVC,餐饮,面包师,Bread Baker / Boulanger,专科/职校,18-28,global,45,4.5,3.52,5.03,6.49,5.6,6.2,5.64,5.44,4.61,4.57,4.63,6.06,5.52,3.68,6.16,6.0,5.51,2.49,8.01,5.07,1.51,5.57,3.49,6.97,7.56,5.25,5.51,7.51,7.49,3.04,5.98,5.55,5.22,4.66,5.47,4.39,6.5,0.57,瑞士,孟加拉国,2,1,general,↑,2035+,5.38,5.24,5.44,5.63,6.14,5.81,4.63,5.5,4.99,6.22,6.21,4.79,2026-04-13,2026-04-13,2000-2026
文化、艺术与传媒,ART,音乐产业,录音工程师,Recording Engineer,本科/专科,18-28,global,45,6.05,5.03,5.16,6.53,5.23,5.27,4.6,4.6,5.69,4.06,3.13,7.53,6.54,4.71,5.66,6.52,5.07,3.97,6.53,6.09,4.01,7.53,3.55,8.54,6.52,5.29,5.54,6.98,2.5,2.04,6.57,6.56,6.78,4.68,5.46,4.23,6.36,0.55,荷兰,巴基斯坦,1,0,general,→,2032-2038,5.46,5.14,5.45,5.31,6.12,5.89,4.6,5.51,5.17,6.09,6.27,4.88,2026-04-13,2026-04-13,2000-2026
文化、艺术与传媒,ART,影视制作,综艺编导,Variety Show Director,本科,20-30,global,45,5.54,5.06,5.6,6.07,5.69,5.74,5.18,5.19,5.16,4.59,4.15,6.52,5.98,4.24,6.64,6.09,5.53,3.46,6.54,5.68,4.05,6.57,3.51,8.02,6.03,5.21,5.08,7.04,3.99,1.98,7.02,5.55,6.71,5.17,5.46,4.33,6.36,0.55,美国,孟加拉国,2,1,general,→,2032-2038,5.51,5.11,5.42,5.34,6.11,5.85,4.65,5.55,5.12,6.1,6.24,4.89,2026-04-13,2026-04-13,2000-2026
交通运输与物流,TRA,铁路,铁路客运服务员,Railway Passenger Service Agent,高中/大专,18-28,global,45,2.59,2.57,5.11,8.04,5.6,5.04,5.52,5.76,3.82,6.19,7.62,7.19,5.53,5.26,5.16,4.53,4.1,0.9,5.54,5.56,0.56,4.02,4.53,5.56,2.52,6.25,5.51,8.01,3.51,2.59,4.45,2.54,4.77,7.14,5.46,4.11,6.78,0.74,瑞士,尼日利亚,2,1,general,↑,2028-2033,5.66,4.98,5.57,5.38,6.43,5.63,4.54,5.56,4.85,6.12,6.57,4.56,2026-04-13,2026-04-13,2000-2026
技术工种与手工业,SKL,建筑工,防水工,Waterproofing Worker,短期培训/学徒,18-25,global,45,3.0,2.02,5.04,6.56,6.72,8.12,6.86,7.08,5.55,6.01,5.62,4.68,4.02,4.71,4.64,4.5,3.95,1.97,7.54,4.09,0.58,4.96,4.05,5.53,5.54,2.25,5.01,5.49,7.51,4.13,7.49,5.54,5.67,2.6,5.46,4.29,6.67,0.68,荷兰,孟加拉国,2,1,general,↑,2035+,5.44,5.15,5.54,5.52,6.29,5.79,4.5,5.34,4.89,6.46,6.42,4.7,2026-04-13,2026-04-13,2000-2026
文化、艺术与传媒,ART,影视制作,调色师,Colorist,本科,20-30,global,45,5.56,5.11,5.62,6.02,5.64,4.2,5.18,5.18,5.7,4.62,3.66,6.5,5.99,4.15,5.63,6.03,5.56,3.43,5.51,6.02,7.49,6.55,3.61,8.06,6.0,5.19,5.06,7.03,4.01,2.02,6.98,5.48,6.76,5.16,5.46,4.43,6.33,0.53,德国,巴基斯坦,2,1,general,→,2028-2033,5.58,5.1,5.43,5.3,6.06,5.78,4.74,5.53,5.15,6.1,6.22,4.82,2026-04-13,2026-04-13,2000-2026
技术工种与手工业,SKL,机械加工,电火花加工技师,EDM (Electrical Discharge Machining) Technician,职校/技校,18-25,global,45,5.5,3.49,5.15,7.56,5.62,3.56,6.39,6.55,6.47,6.06,6.15,5.68,5.12,5.24,5.65,5.07,4.49,1.5,5.98,4.96,0.54,5.49,5.11,6.06,5.06,2.64,6.05,4.49,5.01,3.59,5.9,4.44,5.66,3.61,5.46,4.29,6.79,0.72,瑞士,巴基斯坦,1,0,general,→,2028-2033,5.52,5.1,5.65,5.35,6.44,5.77,4.39,5.52,4.92,6.36,6.45,4.58,2026-04-13,2026-04-13,2000-2026
文化、艺术与传媒,ART,影视制作,化妆师(影视),Film/TV Makeup Artist,本科,20-30,global,45,5.61,5.05,5.65,6.04,5.61,5.77,5.11,5.11,4.74,4.55,3.62,6.54,5.99,4.26,5.64,6.1,5.52,3.44,7.54,6.07,4.0,6.53,3.49,8.04,6.51,5.3,5.06,7.01,3.52,2.51,6.95,5.55,6.72,5.18,5.46,4.4,6.39,0.53,德国,巴基斯坦,2,1,general,→,2032-2038,5.5,5.12,5.48,5.29,6.0,5.86,4.7,5.53,5.14,6.07,6.28,4.86,2026-04-13,2026-04-13,2000-2026
技术工种与手工业,SKL,建筑工,屋顶工,Roofer,短期培训/学徒,18-25,global,45,2.96,1.97,5.1,6.52,6.73,8.08,6.42,7.55,5.56,6.09,5.63,2.82,4.04,4.73,4.63,4.54,4.02,2.0,8.02,4.07,0.6,5.03,4.04,5.52,5.57,2.19,5.05,5.45,9.05,3.09,7.49,5.51,5.65,2.5,5.46,4.24,6.64,0.67,德国,孟加拉国,2,1,general,↑,2035+,5.41,5.09,5.52,5.49,6.22,5.75,4.52,5.35,4.93,6.52,6.4,4.76,2026-04-13,2026-04-13,2000-2026
法律与社会服务,LAW,公证与仲裁,公证人,Notary Public,法学本科/硕士,25-35,global,45,5.05,5.1,3.51,8.54,4.97,5.58,4.53,3.69,5.07,5.55,8.03,9.51,7.04,6.58,6.45,3.6,3.5,1.42,4.99,5.98,2.96,6.04,6.49,5.01,5.44,5.69,7.6,7.0,0.51,7.56,2.42,3.42,2.58,6.02,5.45,4.21,6.57,0.65,瑞士,孟加拉国,0,-1,general,→,2028-2033,5.52,5.12,5.37,5.37,6.19,5.82,4.63,5.48,4.99,6.2,6.37,4.71,2026-04-13,2026-04-13,2000-2026
技术工种与手工业,SKL,建筑工,砌筑工,Bricklayer / Mason,短期培训/学徒,18-25,global,45,3.05,2.01,5.2,6.57,6.77,8.06,6.31,7.08,5.15,6.08,5.62,4.2,4.04,4.68,4.7,4.57,4.05,2.04,7.98,4.0,0.57,5.02,4.03,5.5,5.55,2.21,5.07,5.5,8.99,3.09,7.41,5.49,5.65,2.58,5.45,4.31,6.61,0.67,瑞士,孟加拉国,2,1,general,↑,2035+,5.39,5.09,5.59,5.54,6.31,5.74,4.51,5.32,4.91,6.48,6.38,4.68,2026-04-13,2026-04-13,2000-2026
服务业与消费,SVC,餐饮,调酒师,Bartender / Mixologist,专科/职校,18-28,global,45,5.51,3.6,5.1,6.49,5.63,6.17,5.55,5.38,4.68,4.56,4.64,6.05,5.51,3.75,6.14,6.05,5.57,2.44,7.0,5.57,1.55,5.54,3.53,7.1,7.08,5.26,5.58,8.4,7.02,3.02,5.95,5.52,6.25,4.52,5.45,4.37,6.51,0.58,瑞士,巴基斯坦,2,1,general,↑,2032-2038,5.37,5.21,5.48,5.48,6.18,5.76,4.58,5.46,5.07,6.18,6.23,4.75,2026-04-13,2026-04-13,2000-2026
文化、艺术与传媒,ART,影视制作,服装设计师(影视),Costume Designer,本科,20-30,global,45,5.6,5.06,5.68,6.08,5.62,4.28,5.18,5.15,5.22,4.63,3.57,6.54,6.02,4.22,5.63,6.01,5.46,3.41,7.51,6.04,3.96,6.54,3.52,8.09,6.04,5.24,5.09,6.95,4.0,2.0,6.99,5.55,6.7,5.09,5.45,4.41,6.38,0.54,荷兰,孟加拉国,2,1,general,→,2035+,5.54,5.16,5.35,5.32,6.09,5.85,4.66,5.46,5.1,6.07,6.27,4.81,2026-04-13,2026-04-13,2000-2026
文化、艺术与传媒,ART,影视制作,纪录片导演,Documentary Director,本科,20-30,global,45,5.6,5.05,5.64,6.0,5.7,4.26,5.11,5.12,5.26,4.68,3.64,6.54,6.03,4.23,5.6,6.08,5.59,3.41,6.55,7.06,3.99,6.52,3.53,8.94,6.02,5.23,5.0,6.98,3.99,2.0,6.99,5.58,6.71,5.11,5.45,4.33,6.35,0.55,英国,巴基斯坦,2,1,general,→,2032-2038,5.51,5.11,5.4,5.32,6.12,5.82,4.69,5.53,5.13,6.03,6.25,4.85,2026-04-13,2026-04-13,2000-2026
服务业与消费,SVC,餐饮,中央厨房经理,Central Kitchen / Commissary Manager,专科/职校,28-38,global,45,5.57,4.55,5.12,6.53,5.66,6.22,5.58,5.44,5.49,4.56,5.72,6.03,5.49,3.79,6.17,5.98,5.55,2.48,7.04,5.01,1.51,6.54,3.54,7.04,7.04,5.18,5.55,5.0,4.01,3.05,5.95,5.51,5.24,4.56,5.45,4.46,6.47,0.56,瑞士,孟加拉国,2,1,general,↑,2032-2038,5.43,5.18,5.42,5.52,6.1,5.69,4.63,5.41,5.08,6.12,6.28,4.78,2026-04-13,2026-04-13,2000-2026
交通运输与物流,TRA,航空,直升机飞行员,Helicopter Pilot,本科/专业培训,24-35,global,45,7.6,6.54,5.71,7.12,6.25,3.78,6.7,6.66,7.43,6.6,6.61,4.21,5.53,5.24,5.61,5.01,4.55,1.42,7.54,7.62,1.04,5.54,4.03,7.5,3.06,3.24,4.54,5.99,4.97,9.04,6.92,1.93,7.74,5.15,5.44,4.08,6.51,0.68,德国,孟加拉国,2,1,general,↑,2032-2038,5.58,5.13,5.42,5.58,6.22,5.77,4.39,5.49,4.89,6.22,6.34,4.56,2026-04-13,2026-04-13,2000-2026
交通运输与物流,TRA,航空,民航飞行员,Commercial Airline Pilot,航校/本科+ATPL,23-32,global,45,9.1,7.62,5.61,6.6,6.16,5.31,6.7,6.77,7.91,6.58,6.65,4.7,5.54,5.26,5.61,5.06,4.59,1.4,7.03,8.6,1.04,5.57,3.06,7.54,3.09,3.31,4.58,5.98,3.97,9.51,6.9,2.04,9.02,5.05,5.44,4.17,6.38,0.64,德国,孟加拉国,2,1,general,↑,2032-2038,5.58,5.15,5.39,5.54,6.19,5.74,4.42,5.47,4.91,6.12,6.32,4.63,2026-04-13,2026-04-13,2000-2026
服务业与消费,SVC,休闲娱乐,保龄球馆/台球厅经理,Bowling Alley / Billiards Hall Manager,专科/证书,20-32,global,45,4.08,3.61,5.64,7.08,5.73,5.75,5.09,4.43,4.65,4.6,5.14,6.06,6.0,4.68,5.15,5.06,5.08,1.5,6.99,4.49,1.43,6.04,4.08,7.04,7.02,5.76,5.54,7.01,6.01,3.09,6.56,5.5,4.75,4.09,5.44,4.22,6.43,0.57,瑞士,孟加拉国,2,2,general,↑,2032-2038,5.42,5.24,5.39,5.49,6.16,5.65,4.45,5.58,5.04,6.18,6.21,4.79,2026-04-13,2026-04-13,2000-2026
服务业与消费,SVC,酒店旅游,导游,Tour Guide,专科/本科,20-30,global,45,4.52,3.99,5.16,7.04,5.62,6.25,5.06,4.96,3.74,4.54,3.66,7.03,6.49,4.18,5.64,6.01,5.53,2.02,7.54,5.54,2.6,5.02,4.02,6.95,6.52,5.78,5.59,8.98,6.02,2.54,8.08,4.58,5.74,4.66,5.44,4.43,6.4,0.57,瑞士,巴基斯坦,2,1,general,↑,2032-2038,5.34,5.18,5.37,5.45,6.18,5.79,4.65,5.5,5.05,6.23,6.2,4.82,2026-04-13,2026-04-13,2000-2026
医疗与健康,MED,传统与替代医学,顺势疗法医师,Homeopath,本科/硕士,22-28,regional,45,6.59,6.08,4.8,8.58,5.11,4.88,4.86,3.85,4.22,5.6,6.67,8.58,5.96,6.15,6.08,4.03,3.56,4.34,5.96,4.26,2.51,7.4,5.9,7.01,7.45,5.72,7.58,7.5,4.0,3.23,2.43,6.42,3.22,2.56,5.44,4.42,6.41,0.53,瑞士,孟加拉国,1,-1,general,→,2028-2033,5.63,5.24,5.24,5.41,5.95,5.68,4.75,5.55,4.97,6.1,6.16,4.76,2026-04-13,2026-04-13,2000-2026
服务业与消费,SVC,休闲娱乐,蹦极/跳伞教练,Bungee Jumping / Skydiving Instructor,专科/证书,20-32,global,45,4.05,3.6,5.64,5.55,5.75,3.68,5.03,4.44,5.17,4.61,4.68,4.05,5.99,4.68,5.06,4.99,5.06,1.48,9.05,4.56,1.51,6.04,4.0,8.58,6.5,5.77,5.58,7.52,6.58,5.03,6.57,5.54,4.76,4.11,5.43,4.25,6.5,0.58,丹麦,巴基斯坦,2,2,general,↑,2035+,5.47,5.18,5.31,5.41,6.22,5.73,4.49,5.56,5.03,6.16,6.17,4.76,2026-04-13,2026-04-13,2000-2026
服务业与消费,SVC,餐饮,食品研发工程师,Food Product Developer,本科,24-32,global,45,6.56,6.01,5.09,6.49,5.65,6.2,5.51,5.44,6.39,4.56,4.65,6.03,5.48,3.72,6.18,6.0,5.57,2.48,5.98,5.56,3.99,5.58,3.48,7.08,7.08,5.15,5.56,7.52,3.04,3.08,5.92,5.56,5.22,4.56,5.43,4.24,6.38,0.57,荷兰,孟加拉国,2,1,general,↑,2032-2038,5.41,5.17,5.37,5.46,6.17,5.7,4.49,5.43,5.06,6.2,6.2,4.83,2026-04-13,2026-04-13,2000-2026
法律与社会服务,LAW,社会工作,儿童福利社工,Child Welfare Social Worker,社工硕士,23-30,global,45,5.59,5.59,5.15,7.09,5.63,5.68,5.54,5.68,4.17,4.08,6.69,7.04,5.09,4.5,3.05,4.98,4.49,2.47,8.11,5.53,2.57,5.52,5.03,7.55,2.52,7.99,6.49,8.98,2.52,6.56,1.96,2.54,4.59,4.09,5.43,4.58,6.52,0.59,瑞典,巴基斯坦,2,1,general,→,2035+,5.31,5.02,5.4,5.14,6.44,5.6,4.71,5.6,5.19,6.18,6.26,4.88,2026-04-13,2026-04-13,2000-2026
技术工种与手工业,SKL,机械加工,CNC编程员,CNC Programmer,职校/技校,18-25,global,45,5.48,4.49,5.62,7.48,5.66,6.13,6.33,6.6,6.48,6.02,6.08,5.68,5.15,5.22,5.63,4.99,4.5,1.52,4.49,5.04,1.93,5.49,5.01,6.1,5.02,2.62,6.1,4.49,6.5,3.59,5.98,4.53,5.62,3.58,5.43,4.13,6.73,0.71,瑞士,孟加拉国,1,1,general,↑,2026-2030,5.56,5.01,5.67,5.33,6.34,5.76,4.35,5.45,4.91,6.24,6.44,4.57,2026-04-13,2026-04-13,2000-2026
文化、艺术与传媒,ART,影视制作,剪辑师,Film/Video Editor,本科,20-30,global,45,5.6,5.11,5.56,6.04,5.67,5.74,5.14,5.2,5.7,4.64,3.61,6.54,6.02,4.22,5.62,6.02,5.55,3.44,5.01,6.02,7.03,6.52,3.47,8.07,6.06,5.25,4.95,6.99,4.01,2.08,6.99,5.49,6.73,5.11,5.43,4.35,6.34,0.54,荷兰,孟加拉国,2,1,general,→,2028-2033,5.53,5.1,5.37,5.32,6.08,5.81,4.67,5.55,5.07,6.02,6.22,4.81,2026-04-13,2026-04-13,2000-2026
文化、艺术与传媒,ART,新闻传媒,摄影记者,Photojournalist,本科,22-28,global,45,5.04,5.53,4.09,7.01,4.68,5.28,4.58,4.54,4.19,4.64,4.63,5.1,6.48,4.22,6.65,6.52,5.99,2.44,7.06,6.03,3.07,6.17,4.02,7.54,5.09,5.73,6.5,7.51,5.5,2.54,4.99,5.55,6.68,4.54,5.43,4.32,6.51,0.61,荷兰,巴基斯坦,-1,-2,general,↓,2032-2038,5.44,5.03,5.35,5.2,6.27,5.79,4.6,5.5,5.14,6.2,6.29,4.77,2026-04-13,2026-04-13,2000-2026
交通运输与物流,TRA,铁路,高铁技术工程师,High-Speed Rail Engineer,本科/硕士,24-32,global,45,6.98,7.12,6.52,8.06,5.62,5.1,6.65,5.68,7.02,6.06,7.6,6.21,5.52,5.29,5.12,4.5,4.06,0.9,6.51,7.02,1.98,4.0,4.48,5.53,2.56,4.72,5.47,5.03,3.02,5.07,4.43,2.6,4.75,7.11,5.42,4.09,6.59,0.71,瑞士,孟加拉国,2,3,general,↑↑,2032-2038,5.62,4.98,5.65,5.35,6.4,5.62,4.49,5.6,4.76,6.06,6.4,4.52,2026-04-13,2026-04-13,2000-2026
服务业与消费,SVC,客户服务,技术支持专员,Technical Support Specialist,高中/专科,18-30,global,45,4.51,4.49,5.16,6.6,5.61,7.19,5.06,3.9,4.67,4.11,5.21,8.54,7.04,4.73,6.64,6.09,5.5,1.49,4.55,3.59,7.48,3.51,5.04,3.59,3.52,6.21,5.54,7.98,1.99,1.52,4.91,4.5,4.25,4.63,5.42,4.23,6.41,0.58,澳大利亚,孟加拉国,-1,-2,general,→,2026-2030,5.45,5.21,5.33,5.43,6.19,5.7,4.53,5.5,5.03,6.2,6.14,4.66,2026-04-13,2026-04-13,2000-2026
服务业与消费,SVC,休闲娱乐,射击教练,Shooting / Firearms Instructor,专科/证书,20-32,global,45,4.04,3.5,5.6,7.07,5.76,3.72,5.09,4.47,4.63,4.58,4.69,5.02,6.03,4.73,5.12,5.08,5.0,1.5,8.51,4.5,1.45,6.04,4.03,7.03,6.6,5.73,5.47,7.5,4.47,5.56,6.52,5.59,4.8,4.11,5.42,4.27,6.48,0.56,瑞士,巴基斯坦,2,2,general,↑,2035+,5.37,5.19,5.37,5.42,6.13,5.69,4.55,5.48,5.1,6.18,6.16,4.7,2026-04-13,2026-04-13,2000-2026
法律与社会服务,LAW,法官,行政法法官,Administrative Law Judge,法学博士/硕士,35-50,global,45,8.58,8.61,4.01,9.02,2.97,3.06,4.01,4.23,6.94,5.58,8.83,8.57,6.5,6.02,4.99,5.1,4.01,1.38,7.55,8.51,2.99,8.02,6.06,7.58,1.09,5.73,7.97,6.98,0.5,9.52,0.99,0.52,3.06,9.05,5.42,4.25,6.37,0.63,瑞士,孟加拉国,0,0,general,→,2035+,5.52,5.07,5.25,5.35,6.16,5.69,4.6,5.4,5.06,6.13,6.3,4.74,2026-04-13,2026-04-13,2000-2026
服务业与消费,SVC,平台零工,代购/个人购物者,Personal Shopper / Daigou Agent,无要求,18-40,global,45,2.05,1.54,6.67,5.08,7.19,7.8,5.01,3.46,3.72,3.59,2.17,6.07,5.54,3.75,6.09,4.54,5.04,1.5,6.03,3.04,3.47,7.51,4.49,3.99,7.01,5.22,5.02,7.02,5.5,1.04,5.49,8.03,5.3,3.09,5.42,4.43,6.51,0.53,瑞士,孟加拉国,4,3,general,↑↑,2028-2033,5.35,5.27,5.31,5.36,6.22,5.72,4.65,5.43,5.06,6.03,6.15,4.77,2026-04-13,2026-04-13,2000-2026
交通运输与物流,TRA,航空,航空地勤,Airport Ground Crew,高中,18-30,global,45,2.04,2.08,5.63,5.53,6.16,5.31,6.65,6.74,3.39,6.62,6.66,5.69,5.52,5.27,5.68,5.01,4.57,1.4,4.51,3.62,1.07,5.5,4.05,7.58,3.09,4.18,4.6,6.02,7.59,2.03,6.99,2.04,8.2,5.14,5.42,4.2,6.62,0.68,荷兰,孟加拉国,2,1,general,↑,2028-2033,5.54,5.13,5.27,5.45,6.24,5.79,4.47,5.36,4.9,6.2,6.37,4.58,2026-04-13,2026-04-13,2000-2026
技术工种与手工业,SKL,建筑工,木模工,Formwork Carpenter / Shuttering Joiner,短期培训/学徒,18-25,global,45,3.97,1.98,5.15,6.51,6.73,8.11,6.81,7.08,5.49,6.07,5.59,3.71,4.1,4.7,4.66,4.48,3.93,2.0,7.49,4.02,0.54,5.02,4.05,5.54,5.55,2.25,5.05,5.48,8.04,3.19,7.49,5.54,5.63,2.59,5.42,4.3,6.61,0.68,荷兰,孟加拉国,2,1,general,↑,2032-2038,5.39,5.05,5.46,5.47,6.24,5.72,4.44,5.36,4.86,6.52,6.35,4.67,2026-04-13,2026-04-13,2000-2026
服务业与消费,SVC,零售,奢侈品销售顾问,Luxury Retail Sales Advisor,高中/专科,18-30,global,45,4.08,2.97,4.11,6.56,5.69,4.62,4.57,3.99,5.64,4.03,4.63,8.07,6.95,4.73,5.62,5.51,5.53,1.49,6.53,5.56,2.07,4.02,4.04,4.51,5.52,5.79,5.51,8.5,4.5,1.54,5.95,5.0,5.73,4.09,5.42,4.39,6.4,0.56,澳大利亚,尼日利亚,0,-1,general,→,2032-2038,5.49,5.12,5.41,5.41,6.19,5.75,4.63,5.43,5.06,6.18,6.08,4.7,2026-04-13,2026-04-13,2000-2026
服务业与消费,SVC,零售,买手,Retail Buyer / Merchandiser,高中/专科,18-30,global,45,4.52,4.52,4.04,6.6,5.65,7.15,4.53,3.93,5.6,4.13,4.73,8.1,7.0,4.74,5.62,5.51,5.52,1.44,5.99,5.58,2.08,4.02,4.03,6.05,5.5,5.79,5.54,7.52,4.52,1.53,5.94,5.01,6.19,4.13,5.42,4.38,6.37,0.55,丹麦,孟加拉国,0,-1,general,→,2032-2038,5.43,5.16,5.39,5.5,6.2,5.63,4.64,5.47,5.05,6.07,6.12,4.72,2026-04-13,2026-04-13,2000-2026
技术工种与手工业,SKL,建筑工,脚手架工,Scaffolder,短期培训/学徒,18-25,global,45,2.96,2.0,5.13,6.5,6.77,8.16,6.38,7.08,5.51,6.08,5.57,2.79,4.06,4.71,4.64,4.58,4.0,2.0,8.02,4.03,0.59,5.01,4.03,5.56,5.56,2.17,4.98,5.48,8.47,4.6,7.47,5.55,5.68,2.6,5.41,4.21,6.57,0.68,瑞士,孟加拉国,2,1,general,↑,2035+,5.33,5.05,5.46,5.46,6.3,5.74,4.42,5.39,4.84,6.54,6.3,4.63,2026-04-13,2026-04-13,2000-2026
公共管理与公务员,GOV,军事,军医,Military Physician,医学本科+,24-30,global,45,9.09,9.09,5.16,8.15,3.62,2.73,5.97,5.99,7.37,5.69,9.0,5.12,5.05,4.58,4.58,7.0,6.52,0.93,7.56,8.61,1.11,5.64,3.59,8.58,2.1,5.28,5.59,7.51,5.0,9.47,0.49,1.01,5.01,9.03,5.41,4.47,6.16,0.47,丹麦,尼日利亚,0,1,general,↑,2035+,5.52,5.17,5.34,5.46,6.12,5.48,4.88,5.54,5.12,5.92,5.93,4.74,2026-04-13,2026-04-13,2000-2026
文化、艺术与传媒,ART,影视制作,演员,Actor / Actress,本科,18-30,global,45,5.55,5.04,5.62,5.54,5.67,5.73,5.16,5.16,6.17,4.65,2.17,6.56,5.94,4.19,5.66,6.0,5.59,4.44,6.54,8.11,4.04,6.59,3.5,9.06,6.09,4.71,5.09,6.95,5.5,2.0,6.98,5.58,6.8,5.11,5.41,4.41,6.22,0.53,瑞典,巴基斯坦,2,1,general,→,2032-2038,5.48,5.04,5.38,5.3,6.07,5.81,4.76,5.45,5.03,6.06,6.15,4.83,2026-04-13,2026-04-13,2000-2026
技术工种与手工业,SKL,建筑工,混凝土工,Concrete Finisher,短期培训/学徒,18-25,global,45,3.0,1.99,5.09,6.49,6.72,8.14,6.32,7.02,4.6,6.05,5.6,4.22,4.04,4.72,4.61,4.42,4.03,2.01,8.0,4.02,0.54,4.98,4.09,5.52,5.52,2.25,5.04,5.48,9.03,3.1,7.46,5.53,5.77,2.66,5.41,4.36,6.59,0.67,澳大利亚,孟加拉国,2,1,general,↑,2035+,5.31,5.01,5.48,5.46,6.36,5.68,4.54,5.36,4.88,6.5,6.33,4.68,2026-04-13,2026-04-13,2000-2026
服务业与消费,SVC,休闲娱乐,KTV/歌厅经理,Karaoke Venue Manager,专科/证书,20-32,regional,45,3.98,3.53,5.6,7.05,5.78,4.79,5.08,4.42,4.7,4.58,4.67,6.01,6.03,4.72,5.08,5.07,5.02,1.47,7.01,4.51,1.5,6.03,4.05,6.92,6.57,5.77,5.6,7.5,6.02,3.0,6.54,5.5,4.73,4.03,5.41,4.19,6.44,0.57,瑞士,孟加拉国,2,2,general,↑,2032-2038,5.39,5.17,5.33,5.44,6.15,5.6,4.5,5.51,5.08,6.19,6.17,4.78,2026-04-13,2026-04-13,2000-2026
服务业与消费,SVC,餐饮,屠宰师/肉类切割师,Butcher / Meat Cutter,专科/职校,18-28,global,45,4.06,3.54,5.05,6.52,5.61,5.16,5.58,5.39,4.16,4.59,4.65,5.56,5.53,3.71,6.15,6.09,5.52,2.48,8.03,5.01,1.55,5.52,3.53,7.0,7.06,5.18,5.52,7.51,8.02,3.02,6.08,5.43,5.22,4.56,5.41,4.3,6.5,0.57,瑞士,巴基斯坦,2,1,general,↑,2035+,5.32,5.18,5.34,5.46,6.13,5.77,4.56,5.38,5.02,6.16,6.19,4.76,2026-04-13,2026-04-13,2000-2026
交通运输与物流,TRA,航海,邮轮乘务员,Cruise Ship Crew,高中/大专,20-30,global,45,2.61,2.53,4.31,7.56,5.33,5.17,6.21,6.76,4.01,6.08,6.14,5.72,4.59,4.76,5.13,4.02,3.64,1.42,7.51,4.18,0.6,5.08,2.06,6.6,3.6,5.27,5.08,8.49,5.44,3.06,7.47,1.48,8.68,4.59,5.41,4.26,6.55,0.64,荷兰,巴基斯坦,1,0,general,→,2035+,5.61,5.24,5.22,5.42,6.32,5.52,4.49,5.39,4.82,6.11,6.24,4.69,2026-04-13,2026-04-13,2000-2026
服务业与消费,SVC,零售,店长,Store Manager,高中/专科,25-35,global,45,3.0,3.03,4.06,6.55,5.62,7.19,4.54,3.91,5.2,4.12,5.66,8.05,7.02,4.7,5.61,5.59,5.5,1.49,4.97,5.04,1.95,6.51,3.98,4.5,6.56,5.73,5.48,7.5,4.48,1.56,5.97,5.05,3.74,4.12,5.41,4.42,6.35,0.55,澳大利亚,巴基斯坦,0,-1,general,→,2028-2033,5.45,5.2,5.42,5.42,6.15,5.61,4.59,5.51,4.97,6.12,6.09,4.77,2026-04-13,2026-04-13,2000-2026
法律与社会服务,LAW,NGO与人道主义,人道主义援助工作者,Humanitarian Aid Worker,本科/硕士,22-30,global,45,5.08,5.09,5.7,6.48,5.18,4.15,5.03,4.69,4.11,3.58,4.18,4.53,4.58,3.49,3.1,6.54,5.47,1.92,8.04,7.02,2.09,6.55,2.55,9.12,3.57,6.75,5.95,9.03,5.52,3.48,3.04,1.51,9.33,2.53,5.41,4.48,6.52,0.6,丹麦,巴基斯坦,2,2,general,↑,2035+,5.28,4.99,5.34,5.14,6.45,5.7,4.74,5.53,5.16,6.16,6.21,4.83,2026-04-13,2026-04-13,2000-2026
教育与学术,EDU,职业培训,飞行教官,Flight Instructor,飞行执照+培训资质,25-35,global,45,7.98,5.5,4.57,6.66,4.61,2.65,6.53,6.74,6.49,5.59,5.81,5.04,3.99,5.69,5.15,3.58,3.59,0.91,8.04,7.15,0.85,6.58,4.04,8.0,5.61,3.82,5.14,6.99,4.0,9.11,4.89,4.03,7.28,4.0,5.41,4.4,6.6,0.56,芬兰,尼日利亚,1,1,general,↑,2035+,5.45,5.13,5.35,5.39,6.45,5.61,4.71,5.36,5.02,6.06,6.08,4.7,2026-04-13,2026-04-13,2000-2026
文化、艺术与传媒,ART,新闻传媒,战地记者,War Correspondent,本科,22-28,global,45,5.1,5.52,4.1,7.1,4.67,5.27,4.64,4.65,5.7,4.58,4.61,2.59,6.48,4.23,6.6,6.51,6.02,3.46,5.54,8.18,5.55,6.07,2.06,9.01,5.07,5.82,6.52,7.52,6.0,2.55,4.91,5.58,6.69,4.6,5.4,4.14,6.45,0.63,荷兰,孟加拉国,-1,-2,general,↓,2028-2033,5.39,4.97,5.32,5.2,6.25,5.79,4.47,5.44,5.14,6.07,6.33,4.77,2026-04-13,2026-04-13,2000-2026
文化、艺术与传媒,ART,影视制作,收音师,Production Sound Mixer,本科,20-30,global,45,5.58,5.08,5.66,6.06,5.61,4.75,5.08,5.19,5.66,4.62,3.63,6.54,6.04,4.24,5.58,6.06,5.44,3.42,7.03,6.07,1.98,6.56,3.55,8.06,6.07,5.28,5.08,6.98,3.51,2.01,6.98,5.55,6.7,5.1,5.4,4.37,6.29,0.54,美国,巴基斯坦,2,1,general,→,2032-2038,5.44,5.06,5.35,5.28,6.05,5.8,4.67,5.52,5.09,5.96,6.17,4.75,2026-04-13,2026-04-13,2000-2026
公共管理与公务员,GOV,地方公务员,公共卫生巡查员,Public Health Inspector,本科,22-28,global,45,5.06,5.59,4.67,8.65,5.13,5.12,4.43,3.44,5.27,5.71,8.67,7.58,6.07,6.57,5.56,5.04,4.63,1.89,6.04,6.02,2.07,5.12,6.05,6.54,2.07,6.23,7.07,7.03,3.5,7.08,1.41,1.52,3.5,7.1,5.4,4.57,6.21,0.45,丹麦,尼日利亚,1,1,general,↑,2032-2038,5.45,5.24,5.27,5.39,6.1,5.42,4.89,5.52,5.11,5.97,5.96,4.75,2026-04-13,2026-04-13,2000-2026
服务业与消费,SVC,餐饮,茶艺师,Tea Ceremony Master / Tea Specialist,专科/职校,18-28,regional,45,5.53,3.49,5.1,6.54,5.58,3.62,5.52,5.42,4.7,4.59,4.68,6.04,5.55,3.73,6.12,6.04,5.43,2.45,9.0,5.1,1.49,5.52,3.52,7.03,7.03,5.25,5.59,7.51,6.98,3.01,5.96,5.5,3.74,4.65,5.4,4.24,6.39,0.57,瑞士,巴基斯坦,2,1,general,↑,2035+,5.32,5.17,5.36,5.46,6.16,5.68,4.55,5.4,5.07,6.14,6.17,4.72,2026-04-13,2026-04-13,2000-2026
技术工种与手工业,SKL,建筑工,钢筋工,Rebar Worker / Ironworker,短期培训/学徒,18-25,global,45,2.95,2.0,5.15,6.55,6.79,8.15,6.38,7.05,5.12,6.07,5.59,3.26,4.0,4.72,4.63,4.48,4.04,2.02,7.47,4.02,0.54,5.06,4.04,5.5,5.55,2.29,5.04,5.49,9.02,3.09,7.46,5.48,5.66,2.55,5.39,4.29,6.69,0.68,澳大利亚,孟加拉国,2,1,general,↑,2032-2038,5.3,5.0,5.41,5.44,6.26,5.69,4.44,5.29,4.86,6.54,6.35,4.69,2026-04-13,2026-04-13,2000-2026
服务业与消费,SVC,平台零工,民宿清洁服务者,Airbnb / Vacation Rental Cleaner,无要求,18-40,global,45,2.01,1.61,6.52,5.06,7.36,7.75,5.09,3.5,2.9,3.65,3.11,6.05,5.53,3.75,6.1,4.52,5.1,1.48,7.53,3.03,3.51,7.55,4.52,4.05,6.64,5.28,5.07,5.06,7.01,0.97,5.96,8.0,3.3,3.05,5.39,4.52,6.36,0.52,瑞士,孟加拉国,4,3,general,↑↑,2032-2038,5.33,5.22,5.25,5.31,6.05,5.67,4.7,5.35,5.03,6.11,6.14,4.81,2026-04-13,2026-04-13,2000-2026
法律与社会服务,LAW,宗教,佛教僧侣,Buddhist Monk / Nun,寺院教育,15-30,global,45,4.05,3.1,2.6,9.54,3.03,3.11,3.08,3.15,2.1,2.94,7.55,9.04,7.54,7.01,7.09,3.57,3.04,1.92,9.55,7.06,2.03,7.06,2.08,9.1,2.03,3.77,9.02,7.51,3.0,5.05,0.5,0.93,4.1,4.05,5.39,4.44,6.22,0.47,荷兰,孟加拉国,-1,-1,general,→,2035+,5.3,5.23,5.26,5.2,5.97,5.68,4.76,5.37,5.16,6.06,6.01,4.99,2026-04-13,2026-04-13,2000-2026
服务业与消费,SVC,酒店旅游,前台接待员,Hotel Front Desk Receptionist,高中,18-25,global,45,2.53,2.54,5.11,7.0,5.62,6.16,5.05,4.89,3.29,4.58,4.66,7.08,6.53,4.26,5.2,6.08,5.56,2.0,6.0,3.58,2.43,5.05,4.07,6.05,6.56,5.77,5.48,8.02,4.98,2.52,7.55,4.5,6.26,4.67,5.39,4.37,6.36,0.56,瑞士,孟加拉国,2,1,general,↑,2028-2033,5.28,5.15,5.31,5.46,6.07,5.78,4.56,5.45,4.97,6.06,6.15,4.76,2026-04-13,2026-04-13,2000-2026
服务业与消费,SVC,酒店旅游,旅游顾问,Travel Consultant,专科/本科,20-30,global,45,4.55,4.02,5.13,7.06,5.63,6.15,5.13,4.85,3.68,4.58,4.65,7.04,6.47,4.24,5.64,6.09,5.5,2.01,4.96,5.58,5.49,5.05,4.01,5.99,6.61,5.8,5.56,7.5,5.0,2.54,7.56,4.49,6.22,4.6,5.39,4.41,6.43,0.57,瑞士,巴基斯坦,2,1,general,↑,2028-2033,5.29,5.12,5.33,5.46,6.06,5.68,4.56,5.5,5.01,6.16,6.19,4.74,2026-04-13,2026-04-13,2000-2026
农业、资源与环境,AGR,畜牧,兽医,Veterinarian,本科/硕士(兽医学),24-30,global,45,7.57,7.54,4.55,7.55,5.24,7.77,6.64,7.26,7.11,4.65,5.66,5.12,4.54,3.72,4.6,3.54,5.06,1.41,7.37,7.09,1.47,6.98,4.49,8.04,6.07,4.22,6.59,3.99,4.55,7.55,6.94,3.06,5.76,3.56,5.39,4.52,6.33,0.5,丹麦,尼日利亚,0,0,general,→,2032-2038,5.19,5.1,5.34,5.3,6.14,5.56,4.7,5.52,5.19,6.22,6.06,4.85,2026-04-13,2026-04-13,2000-2026
服务业与消费,SVC,酒店旅游,旅行社计调,Travel Agency Operations Planner,专科/本科,20-30,global,45,4.51,4.04,5.11,7.05,5.65,6.2,5.13,4.96,3.76,4.59,4.65,7.06,6.5,4.21,5.64,6.0,5.51,1.99,4.98,5.59,4.98,5.05,4.01,6.0,6.57,5.72,5.47,7.01,4.98,2.51,7.56,4.57,6.31,4.61,5.38,4.23,6.31,0.57,澳大利亚,孟加拉国,2,1,general,↑,2028-2033,5.23,5.14,5.35,5.43,6.08,5.69,4.5,5.45,5.0,6.12,6.14,4.78,2026-04-13,2026-04-13,2000-2026
法律与社会服务,LAW,律师各专业,人权律师,Human Rights Lawyer,法学博士/硕士,25-32,global,45,7.51,7.61,5.0,7.57,3.99,3.04,4.54,5.19,4.51,4.1,5.18,6.61,5.54,4.59,3.58,6.02,5.5,3.39,7.55,7.58,4.53,7.05,4.03,9.09,4.05,6.7,6.58,8.5,1.49,8.07,2.46,2.52,8.03,3.07,5.38,4.11,6.44,0.68,英国,巴基斯坦,2,1,general,→,2032-2038,5.45,4.99,5.24,5.31,6.16,5.78,4.52,5.38,4.99,6.23,6.32,4.6,2026-04-13,2026-04-13,2000-2026
服务业与消费,SVC,餐饮,食品卫生管理员,Food Hygiene Manager,专科/职校,18-28,global,45,5.57,3.52,5.0,6.52,5.56,6.16,5.54,5.36,4.64,4.61,6.66,6.04,5.49,3.77,6.11,6.03,5.52,2.48,6.0,4.58,1.45,5.5,3.53,7.02,7.09,5.19,5.56,7.5,3.0,4.48,5.9,5.54,5.27,4.64,5.38,4.32,6.49,0.58,瑞士,巴基斯坦,2,1,general,↑,2028-2033,5.32,5.12,5.37,5.39,6.13,5.75,4.51,5.36,5.04,6.11,6.13,4.74,2026-04-13,2026-04-13,2000-2026
法律与社会服务,LAW,宗教,军队牧师,Military Chaplain,神学硕士+军事训练,26-35,global,45,6.08,6.02,3.54,8.02,3.06,2.64,4.54,5.16,5.52,5.0,8.1,6.54,5.57,5.07,4.0,5.1,4.5,1.95,9.04,7.04,1.54,5.54,3.99,8.55,1.51,4.75,7.53,8.99,3.01,7.0,1.03,0.94,5.6,6.53,5.37,4.55,6.1,0.44,荷兰,孟加拉国,0,0,general,→,2035+,5.36,5.14,5.26,5.22,5.87,5.63,4.81,5.38,5.14,5.9,6.0,4.96,2026-04-13,2026-04-13,2000-2026
公共管理与公务员,GOV,情报安全,食品药品监管员,Food & Drug Inspector,本科,22-28,global,45,5.6,6.08,4.67,8.71,4.69,4.71,4.46,4.03,5.72,5.65,8.6,7.58,6.05,6.12,5.54,5.08,4.53,1.93,5.57,6.53,2.51,5.06,6.04,6.57,2.04,6.29,7.02,6.47,3.47,7.5,0.97,1.54,3.99,7.52,5.37,4.57,6.16,0.46,瑞士,尼日利亚,1,1,general,↑,2028-2033,5.43,5.2,5.29,5.38,6.06,5.4,4.81,5.43,5.01,5.86,5.97,4.75,2026-04-13,2026-04-13,2000-2026
文化、艺术与传媒,ART,音乐产业,调音师/音响师,Sound Engineer / Live Sound Technician,本科/专科,18-28,global,45,6.11,5.11,5.17,6.53,5.1,5.15,4.59,4.58,4.79,4.19,3.13,7.53,6.56,4.71,5.62,6.53,5.08,3.88,7.01,6.09,2.07,7.52,3.56,8.52,6.55,5.24,5.53,7.01,4.5,2.02,6.45,6.52,6.72,4.58,5.37,4.31,6.28,0.54,荷兰,巴基斯坦,1,0,general,→,2032-2038,5.42,5.06,5.24,5.27,6.04,5.79,4.65,5.46,4.99,5.93,6.18,4.72,2026-04-13,2026-04-13,2000-2026
服务业与消费,SVC,行政办公,前台接待员(企业),Corporate Receptionist,专科/本科,20-30,global,45,3.04,3.52,3.58,7.08,5.01,6.6,4.51,3.94,3.31,4.12,5.63,8.54,7.47,5.24,5.16,5.46,5.58,0.98,4.99,3.52,6.0,4.04,5.58,3.96,3.6,6.21,6.03,7.5,2.49,1.58,4.0,4.08,4.2,4.06,5.37,4.46,6.43,0.55,瑞士,巴基斯坦,-1,-1,general,→,2028-2033,5.3,5.14,5.37,5.36,6.13,5.58,4.61,5.43,5.01,6.13,6.1,4.72,2026-04-13,2026-04-13,2000-2026
公共管理与公务员,GOV,中央/联邦公务员,中央政府公务员,Central Government Civil Servant,本科/硕士,22-30,global,45,6.07,7.03,4.1,9.14,4.65,5.16,3.46,3.01,5.58,5.15,9.33,9.06,7.55,6.57,6.09,5.53,4.09,2.38,6.52,8.51,2.93,4.11,6.53,6.54,1.53,5.77,6.95,6.99,0.99,8.48,1.41,1.04,3.04,8.02,5.37,4.48,6.17,0.46,丹麦,尼日利亚,0,0,general,→,2032-2038,5.47,5.18,5.35,5.28,6.09,5.44,4.81,5.58,5.06,5.92,5.89,4.72,2026-04-13,2026-04-13,2000-2026
服务业与消费,SVC,休闲娱乐,赛车机械师,Motorsport Mechanic,专科/证书,20-32,global,45,5.53,3.49,5.6,7.01,5.78,3.67,5.14,4.41,4.69,4.56,4.64,5.54,5.96,4.69,5.08,5.59,5.06,1.5,7.53,4.49,1.43,5.99,4.01,7.02,6.58,5.74,5.55,7.48,6.53,3.07,6.53,5.52,4.78,4.12,5.36,4.26,6.45,0.58,瑞士,孟加拉国,2,2,general,↑,2035+,5.34,5.13,5.31,5.38,6.11,5.65,4.49,5.42,4.98,6.0,6.18,4.65,2026-04-13,2026-04-13,2000-2026
交通运输与物流,TRA,太空运输,商业航天飞行员,Commercial Space Pilot,硕士/博士+飞行员资格,30-42,global,45,9.57,9.09,8.18,6.05,3.74,1.37,8.71,9.09,8.89,6.17,5.14,3.23,5.06,4.75,5.15,5.0,4.53,1.9,7.96,9.46,1.01,5.49,2.59,9.02,5.09,3.73,3.51,6.04,8.0,9.57,5.97,1.55,8.25,8.13,5.36,4.17,6.31,0.59,荷兰,孟加拉国,4,4,general,↑↑,2035+,5.45,5.08,5.31,5.46,6.09,5.63,4.47,5.49,4.96,6.03,6.13,4.54,2026-04-13,2026-04-13,2000-2026
公共管理与公务员,GOV,地方公务员,规划审批官员,Planning & Zoning Officer,本科/硕士,23-30,global,45,5.55,6.01,4.14,8.68,4.61,4.68,3.95,3.56,5.73,5.69,8.61,9.58,7.57,6.65,5.56,5.09,4.5,2.41,5.53,6.61,3.53,4.59,6.61,6.08,2.03,5.76,7.04,6.49,1.99,7.48,1.97,1.59,3.02,7.5,5.36,4.5,6.17,0.47,丹麦,尼日利亚,0,0,general,→,2028-2033,5.5,5.14,5.29,5.33,6.04,5.35,4.85,5.52,5.02,5.88,5.98,4.7,2026-04-13,2026-04-13,2000-2026
法律与社会服务,LAW,检察官,检察官,Prosecutor,法学博士/硕士,25-32,global,45,8.08,8.1,4.52,8.55,4.03,4.01,4.52,4.67,6.41,5.58,8.44,7.08,6.0,4.56,4.04,5.55,5.52,1.97,7.5,8.51,2.45,6.52,5.03,7.54,1.53,5.68,6.93,8.04,0.49,9.1,1.42,1.03,3.6,8.44,5.35,4.09,6.41,0.66,瑞士,孟加拉国,0,0,general,→,2032-2038,5.47,4.97,5.15,5.24,6.19,5.63,4.51,5.39,4.93,6.1,6.25,4.65,2026-04-13,2026-04-13,2000-2026
服务业与消费,SVC,行政办公,会议/日程协调员,Meeting / Schedule Coordinator,专科/本科,20-30,global,45,3.01,3.55,3.58,7.05,5.07,6.59,4.53,3.96,3.67,4.06,5.64,8.53,7.48,5.24,5.13,5.51,5.56,0.94,3.47,4.04,6.97,4.08,5.57,4.02,3.52,6.27,6.08,6.98,1.96,1.56,3.97,4.0,4.3,4.11,5.35,4.42,6.23,0.53,瑞士,巴基斯坦,-1,-2,general,→,2026-2030,5.32,5.11,5.29,5.41,6.05,5.54,4.55,5.4,4.93,6.12,6.07,4.72,2026-04-13,2026-04-13,2000-2026
文化、艺术与传媒,ART,影视制作,外景制片,Location Manager,本科,20-30,global,45,5.56,5.05,5.66,6.05,5.66,5.68,5.1,5.13,4.77,4.66,3.66,6.53,6.0,4.19,5.71,6.01,5.54,3.43,6.55,6.08,2.01,6.49,3.61,8.03,6.09,5.2,5.0,7.48,4.52,2.06,6.92,5.52,6.75,5.08,5.35,4.35,6.3,0.53,荷兰,孟加拉国,2,1,general,→,2032-2038,5.42,5.0,5.24,5.22,5.94,5.77,4.61,5.44,4.99,5.97,6.15,4.77,2026-04-13,2026-04-13,2000-2026
法律与社会服务,LAW,宗教,天主教神父,Catholic Priest,神学院,25-35,global,45,6.58,6.11,2.59,9.57,3.62,4.58,5.58,5.63,3.5,3.48,8.05,8.01,6.52,5.02,4.48,4.52,3.51,3.43,9.1,7.52,2.53,6.62,2.03,9.04,2.05,1.96,8.55,9.03,1.51,7.06,0.53,1.53,6.01,5.05,5.34,4.59,6.04,0.43,荷兰,孟加拉国,-1,-1,general,→,2035+,5.31,5.17,5.22,5.11,5.87,5.57,4.84,5.3,5.08,5.96,5.94,4.99,2026-04-13,2026-04-13,2000-2026
文化、艺术与传媒,ART,影视制作,特技演员,Stunt Performer,本科,18-28,global,45,5.53,5.04,5.6,4.06,5.69,5.7,5.2,5.12,4.71,4.64,3.66,4.05,6.0,4.23,5.57,6.05,5.58,3.4,9.08,5.09,4.02,6.53,3.53,8.02,6.08,5.23,5.04,7.02,9.07,2.04,6.95,5.6,6.77,5.09,5.34,4.25,6.28,0.54,德国,巴基斯坦,2,1,general,→,2035+,5.44,4.97,5.33,5.17,5.91,5.8,4.58,5.4,4.99,5.97,6.17,4.75,2026-04-13,2026-04-13,2000-2026
服务业与消费,SVC,餐饮,咖啡师,Barista,专科/职校,18-28,global,45,3.55,3.5,5.11,6.52,5.6,6.16,5.52,5.46,3.32,4.59,4.69,6.02,5.49,3.7,6.13,6.0,5.52,2.51,7.04,4.02,1.51,5.54,3.56,7.01,6.15,5.23,5.59,7.5,7.01,3.05,5.98,6.48,5.27,4.63,5.34,4.27,6.45,0.57,瑞士,巴基斯坦,2,1,general,↑,2032-2038,5.28,5.1,5.3,5.28,6.03,5.68,4.51,5.37,4.98,6.1,6.15,4.69,2026-04-13,2026-04-13,2000-2026
服务业与消费,SVC,餐饮,服务员,Waiter / Waitress,无要求,16-25,global,45,2.02,1.5,5.07,6.5,5.63,6.18,5.58,5.47,2.83,4.54,3.63,6.03,5.51,3.7,6.64,6.01,5.52,2.48,6.54,2.99,1.52,5.45,3.46,6.96,7.1,5.22,5.51,7.55,7.0,3.07,5.93,5.57,5.25,4.56,5.33,4.32,6.47,0.58,瑞士,孟加拉国,2,1,general,↑,2032-2038,5.3,5.1,5.33,5.32,6.11,5.64,4.51,5.35,4.88,6.02,6.07,4.71,2026-04-13,2026-04-13,2000-2026
服务业与消费,SVC,零售,超市部门经理,Supermarket Department Manager,高中/专科,25-35,global,45,3.07,3.04,4.2,6.52,5.65,7.12,4.55,3.9,4.65,4.07,5.62,8.03,6.99,4.69,5.65,5.58,5.54,1.48,4.98,4.57,2.01,5.49,4.03,4.56,5.52,5.77,5.52,7.52,4.51,1.56,5.98,5.01,3.74,4.05,5.33,4.27,6.34,0.56,荷兰,巴基斯坦,0,-1,general,→,2028-2033,5.34,5.1,5.36,5.31,5.99,5.59,4.49,5.33,4.94,6.08,6.08,4.62,2026-04-13,2026-04-13,2000-2026
交通运输与物流,TRA,铁路,轨道车辆工程师,Rolling Stock Engineer,本科/硕士,24-32,global,45,7.09,7.03,5.11,8.01,5.56,5.15,6.18,5.71,6.96,6.07,7.54,6.2,5.59,5.21,5.1,4.51,4.02,0.9,6.48,6.51,2.0,4.06,4.54,5.41,2.51,4.75,5.52,4.99,2.99,5.09,4.46,2.51,4.75,7.15,5.32,3.98,6.53,0.72,瑞士,孟加拉国,2,2,general,↑,2032-2038,5.56,4.82,5.49,5.33,6.36,5.45,4.37,5.4,4.7,5.9,6.33,4.41,2026-04-13,2026-04-13,2000-2026
文化、艺术与传媒,ART,影视制作,灯光师,Lighting Technician / Gaffer,本科,20-30,global,45,4.1,3.54,5.65,6.07,5.66,5.76,5.1,5.13,4.27,4.62,3.65,6.52,6.01,4.31,5.62,6.04,5.58,3.47,6.47,4.5,1.48,6.52,3.51,8.02,6.02,5.2,5.0,6.96,5.48,2.04,6.98,5.58,6.78,5.18,5.32,4.16,6.25,0.55,美国,孟加拉国,2,1,general,→,2032-2038,5.35,5.0,5.28,5.2,5.96,5.7,4.54,5.32,4.99,5.95,6.11,4.75,2026-04-13,2026-04-13,2000-2026
服务业与消费,SVC,零售,视觉陈列设计师,Visual Merchandiser,高中/专科,18-30,global,45,3.98,4.01,4.13,6.53,5.58,7.13,4.59,3.91,4.63,4.12,4.66,8.05,7.06,4.75,5.65,5.51,5.48,1.52,6.46,4.08,2.07,4.02,4.06,6.55,5.59,5.71,5.52,7.51,4.01,1.51,5.98,5.03,3.76,4.17,5.32,4.23,6.34,0.59,瑞典,尼日利亚,0,-1,general,→,2032-2038,5.39,5.09,5.34,5.29,6.08,5.65,4.46,5.41,4.9,6.1,6.04,4.53,2026-04-13,2026-04-13,2000-2026
服务业与消费,SVC,休闲娱乐,游乐园操作员,Amusement Park Ride Operator,无要求,18-28,global,45,2.01,3.5,5.62,7.02,5.61,5.76,5.15,4.44,2.9,4.55,4.61,5.06,5.96,4.73,5.09,5.08,5.05,1.49,6.47,3.01,1.51,6.05,4.04,7.08,6.59,5.78,5.56,7.49,6.01,3.02,6.56,5.54,4.78,4.18,5.3,4.13,6.28,0.55,瑞士,孟加拉国,2,2,general,↑,2032-2038,5.28,5.08,5.25,5.28,5.98,5.52,4.4,5.41,4.94,6.06,6.02,4.64,2026-04-13,2026-04-13,2000-2026
服务业与消费,SVC,客户服务,投诉处理专员,Complaints Handler,高中/专科,18-30,global,45,3.07,3.54,4.04,6.58,5.62,7.22,5.09,3.89,3.31,4.04,5.15,8.57,6.98,4.7,7.61,5.05,5.59,1.5,3.96,3.51,6.51,3.53,5.04,3.05,3.59,6.24,5.5,8.48,1.97,1.59,4.98,4.56,4.29,4.66,5.3,4.33,6.31,0.56,瑞士,孟加拉国,-1,-2,general,→,2026-2030,5.33,5.05,5.3,5.3,6.06,5.52,4.47,5.32,4.94,6.03,6.03,4.6,2026-04-13,2026-04-13,2000-2026
交通运输与物流,TRA,航海,船舶调度员,Vessel Traffic Controller,航海院校/大专,24-32,global,45,5.57,5.13,4.22,7.56,5.32,5.1,6.27,6.76,5.79,6.1,6.15,7.68,4.54,4.76,5.13,4.05,3.62,1.44,6.05,6.16,2.57,5.04,2.52,6.55,3.58,3.29,5.01,5.51,2.51,6.61,7.41,1.49,9.04,4.52,5.3,4.16,6.62,0.64,荷兰,巴基斯坦,1,0,general,→,2032-2038,5.44,5.08,5.13,5.38,6.21,5.47,4.36,5.33,4.73,6.02,6.11,4.57,2026-04-13,2026-04-13,2000-2026
交通运输与物流,TRA,铁路,信号工程师(铁路),Railway Signal Engineer,本科,20-28,global,45,6.54,6.06,5.11,8.03,5.61,5.11,6.09,5.73,6.63,6.09,7.55,7.65,5.58,5.23,5.14,4.52,4.12,0.9,6.0,5.58,1.47,4.01,4.58,5.55,2.51,4.73,5.53,5.01,3.48,6.08,4.49,2.56,4.78,7.18,5.3,3.94,6.46,0.7,丹麦,孟加拉国,2,2,general,↑,2032-2038,5.53,4.87,5.45,5.32,6.27,5.45,4.37,5.44,4.64,5.87,6.26,4.47,2026-04-13,2026-04-13,2000-2026
农业、资源与环境,AGR,种植,农业无人机操作员,Agricultural Drone Operator,培训/大专,20-35,global,45,5.08,4.1,7.57,7.52,5.62,8.63,6.11,6.22,5.21,4.58,5.12,7.16,4.56,4.2,5.09,3.57,3.07,1.9,3.47,5.07,2.49,7.04,5.07,5.57,6.59,4.73,7.1,4.0,2.41,1.08,7.98,3.06,2.72,3.08,5.3,4.49,6.4,0.49,荷兰,尼日利亚,3,4,general,↑↑,2026-2030,5.0,5.07,5.31,5.12,5.97,5.59,4.76,5.48,5.12,6.08,5.93,4.7,2026-04-13,2026-04-13,2000-2026
教育与学术,EDU,高等教育,大学兼职讲师/客座教授,Adjunct / Visiting Professor,博士,30-45,global,45,8.09,8.57,4.05,6.12,5.16,4.69,3.66,3.21,4.55,3.65,3.29,9.52,6.51,5.68,4.13,6.52,5.01,2.41,7.0,6.72,5.59,7.06,4.55,7.07,5.08,5.71,6.62,7.0,1.52,7.6,3.89,7.06,8.18,3.03,5.3,4.14,6.45,0.66,芬兰,巴基斯坦,1,0,general,→,2032-2038,5.47,4.99,5.27,5.27,6.4,5.62,4.46,5.18,4.8,6.02,6.12,4.43,2026-04-13,2026-04-13,2000-2026
文化、艺术与传媒,ART,影视制作,场记,Script Supervisor / Continuity Person,本科,20-30,global,45,3.55,5.08,5.59,6.05,5.66,5.64,5.1,5.17,3.79,4.65,3.59,6.52,6.05,4.24,5.66,6.04,5.52,3.46,6.55,4.04,2.05,6.59,3.52,8.1,6.06,5.23,5.1,6.97,4.02,2.04,6.92,5.54,6.79,5.04,5.29,4.12,6.18,0.52,英国,巴基斯坦,2,1,general,→,2032-2038,5.34,4.96,5.32,5.12,5.95,5.64,4.55,5.33,5.0,5.85,6.07,4.73,2026-04-13,2026-04-13,2000-2026
技术工种与手工业,SKL,建筑工,吊车操作员,Crane Operator,短期培训/学徒,18-25,global,45,4.48,3.48,5.12,6.55,6.73,8.1,7.35,7.52,6.51,6.09,5.6,3.7,4.08,4.71,4.64,4.49,4.05,2.02,5.46,4.08,0.58,4.98,4.06,5.6,5.59,2.25,5.1,5.47,6.02,6.63,7.42,5.55,5.73,2.59,5.29,4.16,6.49,0.67,澳大利亚,孟加拉国,2,1,general,↑,2028-2033,5.21,4.93,5.34,5.33,6.11,5.6,4.3,5.26,4.8,6.38,6.18,4.55,2026-04-13,2026-04-13,2000-2026
公共管理与公务员,GOV,情报安全,劳动监察员,Labor Inspector,本科,22-28,global,45,5.04,5.59,4.12,8.68,4.62,4.68,3.98,3.52,5.17,5.23,8.61,7.56,6.51,6.6,5.55,5.09,4.55,1.9,6.01,6.0,2.53,5.11,6.12,6.05,1.52,5.7,7.02,7.01,3.0,7.0,1.43,1.53,3.5,7.51,5.29,4.42,6.08,0.48,丹麦,尼日利亚,0,0,general,→,2032-2038,5.37,5.11,5.22,5.26,5.99,5.3,4.7,5.45,4.98,5.94,5.89,4.61,2026-04-13,2026-04-13,2000-2026
农业、资源与环境,AGR,种植,农学家/农艺师,Agronomist,本科/硕士,24-32,global,45,7.08,7.06,5.08,7.55,5.65,8.64,5.62,4.77,6.7,4.65,5.2,5.66,4.57,4.22,5.12,3.55,5.07,1.9,5.9,6.56,3.03,7.02,4.99,5.5,6.58,4.7,7.05,3.98,3.38,4.0,7.95,2.98,5.72,3.16,5.29,4.59,6.32,0.49,丹麦,尼日利亚,0,-1,general,→,2028-2033,5.01,5.04,5.26,5.11,6.01,5.58,4.73,5.38,5.09,6.07,5.95,4.76,2026-04-13,2026-04-13,2000-2026
公共管理与公务员,GOV,中央/联邦公务员,政府发言人/新闻官,Government Spokesperson / Press Secretary,本科/硕士,26-35,global,45,5.59,6.6,4.67,7.22,3.64,2.66,4.0,4.41,6.15,5.23,6.89,8.04,6.55,4.61,4.52,6.58,6.5,3.4,6.52,7.6,3.53,4.64,4.59,6.59,3.54,5.72,5.6,9.53,1.04,6.04,2.93,2.03,4.5,7.52,5.29,4.31,6.05,0.48,瑞士,尼日利亚,0,0,general,→,2032-2038,5.4,5.1,5.25,5.25,5.98,5.38,4.69,5.34,4.96,5.88,5.87,4.62,2026-04-13,2026-04-13,2000-2026
服务业与消费,SVC,行政办公,行政助理/秘书,Administrative Assistant / Secretary,专科/本科,20-30,global,45,3.01,3.56,3.55,7.11,5.16,6.6,4.59,4.0,3.72,4.08,5.69,8.56,7.5,5.25,5.1,5.54,5.54,0.98,3.53,4.06,6.01,4.05,5.61,4.02,3.6,4.72,6.02,6.5,1.99,1.57,4.0,4.06,4.22,4.06,5.29,4.34,6.33,0.54,瑞士,孟加拉国,-1,-2,general,→,2026-2030,5.28,5.08,5.27,5.32,6.09,5.42,4.51,5.33,4.91,6.01,6.0,4.62,2026-04-13,2026-04-13,2000-2026
交通运输与物流,TRA,铁路,铁路调度员,Railway Dispatcher,大专/本科,20-28,global,45,5.59,5.14,5.05,8.09,5.52,5.08,5.63,5.75,5.25,6.12,8.02,7.66,5.55,5.2,5.12,4.42,4.01,0.89,5.46,5.59,1.5,3.96,4.53,5.59,2.55,4.79,5.58,5.49,1.99,6.02,4.49,2.54,4.76,7.08,5.28,3.94,6.52,0.74,瑞士,尼日利亚,2,1,general,↑,2028-2033,5.49,4.78,5.37,5.37,6.29,5.46,4.31,5.44,4.64,5.94,6.27,4.37,2026-04-13,2026-04-13,2000-2026
技术工种与手工业,SKL,机械加工,CNC操作员,CNC Machine Operator,职校/技校,18-25,global,45,4.52,3.51,4.13,7.5,5.61,6.1,5.86,6.5,5.55,6.04,6.1,5.7,5.08,5.23,5.61,5.1,4.48,1.54,3.47,5.07,0.56,5.52,5.01,6.03,4.99,2.68,6.02,4.56,6.06,3.55,5.93,4.53,5.67,3.58,5.27,4.11,6.65,0.71,瑞士,尼日利亚,1,-1,general,→,2026-2030,5.31,4.87,5.47,5.16,6.24,5.54,4.32,5.22,4.71,6.11,6.31,4.39,2026-04-13,2026-04-13,2000-2026
文化、艺术与传媒,ART,舞台表演,戏剧导演,Theatre Director,本科/专科,28-38,global,45,6.02,4.53,4.55,8.03,4.66,4.25,4.11,4.1,5.73,3.66,3.15,6.55,5.51,4.71,5.68,5.58,4.6,3.96,8.03,7.02,1.94,8.03,3.04,9.0,5.59,5.76,4.04,7.99,6.53,2.08,6.44,4.99,5.69,4.62,5.27,4.1,6.21,0.55,德国,孟加拉国,0,-1,general,→,2035+,5.36,4.94,5.23,5.06,5.93,5.66,4.5,5.31,4.87,5.9,6.09,4.7,2026-04-13,2026-04-13,2000-2026
技术工种与手工业,SKL,机械加工,铣工,Milling Machine Operator,职校/技校,18-25,global,45,4.49,3.52,3.53,7.63,5.67,6.07,5.33,6.59,5.59,6.06,6.18,5.68,5.07,5.18,5.63,5.02,4.59,1.51,4.03,5.05,0.57,5.5,5.08,6.06,5.01,2.65,6.02,4.52,6.47,3.59,5.96,4.56,5.68,3.61,5.27,3.98,6.59,0.72,瑞士,孟加拉国,1,-2,general,→,2026-2030,5.33,4.86,5.49,5.16,6.3,5.59,4.22,5.29,4.7,6.06,6.26,4.43,2026-04-13,2026-04-13,2000-2026
交通运输与物流,TRA,航海,海洋救助员,Maritime Search & Rescue Worker,救援培训+证书,22-32,global,45,5.12,4.07,4.26,7.49,5.34,5.14,6.26,6.75,5.26,6.11,6.17,2.76,4.62,4.75,5.19,4.15,3.57,1.4,8.06,6.64,0.58,5.07,2.54,8.04,3.64,3.75,5.05,5.5,8.49,5.62,7.53,1.54,9.04,4.58,5.27,4.19,6.42,0.62,荷兰,巴基斯坦,1,0,general,→,2035+,5.4,5.07,5.11,5.35,6.19,5.43,4.36,5.33,4.69,5.85,6.08,4.52,2026-04-13,2026-04-13,2000-2026
公共管理与公务员,GOV,地方公务员,民政事务员,Civil Affairs Officer,本科,22-28,global,45,4.59,5.02,3.64,8.71,4.65,5.68,3.42,2.5,4.67,5.23,8.66,9.07,7.56,6.55,6.06,5.14,3.54,1.9,6.03,6.08,2.52,3.6,6.68,6.57,1.58,5.74,7.54,8.0,2.03,6.99,1.45,1.07,2.0,7.6,5.27,4.4,6.1,0.46,丹麦,尼日利亚,0,0,general,→,2032-2038,5.35,5.06,5.24,5.28,5.98,5.32,4.68,5.38,4.97,5.77,5.82,4.62,2026-04-13,2026-04-13,2000-2026
农业、资源与环境,AGR,种植,葡萄酒酿造师,Winemaker / Viticulturist,专业培训/大专,22-35,global,45,6.03,4.56,3.64,7.52,5.66,4.2,4.18,4.75,6.27,4.58,5.15,5.65,4.58,4.22,5.16,3.52,3.17,1.89,7.39,6.09,0.66,7.04,4.98,8.03,8.1,4.76,7.04,4.0,5.39,1.04,6.49,2.94,5.23,3.09,5.27,4.59,6.19,0.45,荷兰,巴基斯坦,0,-1,general,→,2032-2038,4.99,5.01,5.29,5.15,5.91,5.45,4.73,5.35,5.13,6.03,5.96,4.78,2026-04-13,2026-04-13,2000-2026
技术工种与手工业,SKL,建筑工,挖掘机操作员,Excavator Operator,短期培训/学徒,18-25,global,45,3.49,1.98,5.19,6.49,6.73,8.16,6.38,7.02,5.59,6.08,5.57,4.2,4.08,4.79,4.68,4.59,3.93,2.0,4.51,4.06,0.51,4.99,4.07,5.59,5.5,2.15,5.06,5.49,5.05,4.58,7.42,5.52,5.79,2.57,5.27,4.17,6.59,0.69,澳大利亚,孟加拉国,2,0,general,→,2026-2030,5.24,4.86,5.37,5.3,6.07,5.63,4.35,5.18,4.72,6.42,6.21,4.44,2026-04-13,2026-04-13,2000-2026
技术工种与手工业,SKL,机械加工,数控磨床操作员,CNC Grinding Operator,职校/技校,18-25,global,45,4.44,3.49,3.64,7.5,5.62,6.1,5.88,6.51,5.55,6.11,6.15,5.7,5.07,5.27,5.67,5.02,4.51,1.5,3.53,5.0,0.61,5.53,5.04,6.05,5.1,2.66,6.02,4.47,6.01,3.6,5.94,4.54,5.72,3.64,5.27,3.99,6.63,0.72,德国,尼日利亚,1,-1,general,→,2026-2030,5.29,4.83,5.5,5.22,6.23,5.62,4.25,5.25,4.7,6.24,6.26,4.38,2026-04-13,2026-04-13,2000-2026
教育与学术,EDU,高等教育,博士后研究员,Postdoctoral Researcher,博士,27-35,global,45,9.54,9.56,5.05,4.14,5.12,3.68,4.58,5.22,5.23,3.53,3.76,9.52,5.51,4.21,3.62,7.08,5.54,1.88,7.57,7.19,6.17,7.05,4.01,7.55,4.58,5.19,3.62,6.48,1.98,9.05,2.85,5.06,8.94,3.57,5.27,4.08,6.47,0.65,芬兰,巴基斯坦,1,0,general,→,2035+,5.38,4.9,5.29,5.24,6.39,5.51,4.39,5.28,4.8,6.02,6.05,4.48,2026-04-13,2026-04-13,2000-2026
服务业与消费,SVC,平台零工,跑腿代办,Errand Runner / Task-based Worker,无要求,18-40,global,45,1.98,1.57,6.58,5.01,7.3,7.8,5.1,3.48,2.84,3.59,2.11,6.08,5.44,3.74,6.13,4.58,4.98,1.49,6.01,3.08,3.5,7.53,4.48,4.08,6.52,5.27,5.05,5.04,6.07,1.0,5.44,8.06,3.29,3.16,5.27,4.34,6.17,0.51,瑞士,巴基斯坦,4,3,general,↑↑,2028-2033,5.23,5.05,5.21,5.2,6.02,5.46,4.53,5.33,4.93,5.91,5.95,4.68,2026-04-13,2026-04-13,2000-2026
法律与社会服务,LAW,法律助理/律师助理,法律秘书,Legal Secretary,大专/高中,18-25,global,45,3.1,3.05,3.0,7.12,5.06,6.06,4.14,3.67,3.46,4.51,6.18,9.53,7.04,5.58,5.52,4.02,4.52,1.47,3.03,4.03,5.52,3.56,6.52,4.09,2.5,7.44,7.01,6.51,0.49,2.55,3.49,4.99,4.08,3.1,5.26,4.09,6.35,0.6,瑞士,孟加拉国,0,-2,general,↓,2026-2030,5.29,4.96,5.17,5.14,5.97,5.57,4.45,5.36,4.88,5.98,6.12,4.57,2026-04-13,2026-04-13,2000-2026
公共管理与公务员,GOV,情报安全,环境保护执法员,Environmental Enforcement Officer,本科,22-28,global,45,5.03,5.5,5.1,8.17,4.61,4.15,4.46,3.96,5.18,5.26,8.28,7.1,5.48,6.09,5.61,5.07,4.57,1.91,6.04,6.0,2.07,5.1,5.53,7.03,2.0,5.72,6.55,6.52,3.99,6.98,2.0,1.51,3.54,7.6,5.26,4.34,6.03,0.48,丹麦,尼日利亚,2,2,general,↑,2032-2038,5.33,5.03,5.18,5.22,5.96,5.34,4.68,5.42,4.94,5.82,5.85,4.61,2026-04-13,2026-04-13,2000-2026
教育与学术,EDU,学术研究,研究助理,Research Assistant,本科/硕士在读,22-28,global,45,5.51,5.56,4.07,4.61,5.66,5.12,4.63,4.25,4.36,4.1,4.28,8.02,5.57,5.7,4.66,5.58,5.03,1.39,6.03,5.21,5.14,4.56,5.03,6.56,3.58,6.15,4.67,6.5,3.01,4.58,3.43,4.56,6.76,3.08,5.26,4.17,6.39,0.68,丹麦,孟加拉国,1,0,general,→,2032-2038,5.42,4.94,5.15,5.2,6.38,5.52,4.49,5.22,4.69,6.03,6.13,4.39,2026-04-13,2026-04-13,2000-2026
交通运输与物流,TRA,铁路,列车长/车务员,Train Conductor,高中/大专,20-28,global,45,3.57,3.1,5.01,8.01,5.59,5.03,5.52,5.74,4.3,6.08,7.56,6.2,5.59,5.23,5.17,4.52,4.03,0.91,5.0,5.6,0.61,4.01,4.53,5.43,2.53,4.66,5.57,7.0,4.05,4.58,4.42,2.56,4.79,7.12,5.26,3.94,6.64,0.73,瑞士,尼日利亚,2,1,general,↑,2028-2033,5.52,4.82,5.44,5.24,6.24,5.44,4.37,5.41,4.56,5.82,6.3,4.33,2026-04-13,2026-04-13,2000-2026
技术工种与手工业,SKL,建筑工,桩基工,Pile Driver Operator,短期培训/学徒,18-25,global,45,3.06,2.02,5.14,6.53,6.77,8.08,6.3,7.02,5.59,6.08,5.64,3.71,4.13,4.68,4.64,4.55,4.04,1.98,5.03,4.01,0.63,5.03,4.06,5.52,5.53,2.16,5.07,5.49,6.99,5.54,7.41,5.59,5.69,2.6,5.25,4.17,6.46,0.66,瑞士,孟加拉国,2,1,general,↑,2028-2033,5.26,4.88,5.34,5.31,6.04,5.57,4.32,5.15,4.74,6.3,6.16,4.49,2026-04-13,2026-04-13,2000-2026
交通运输与物流,TRA,航海,船舶检验师,Marine Surveyor,航海+检验资格,28-38,global,45,6.59,6.11,4.24,7.5,5.34,5.09,6.3,6.72,6.61,6.12,6.12,6.2,4.54,4.72,5.12,4.16,3.56,1.4,6.53,6.12,2.04,5.12,3.54,6.51,3.55,3.27,5.03,5.49,4.41,7.06,7.46,1.52,9.03,4.54,5.25,4.17,6.34,0.6,荷兰,巴基斯坦,1,0,general,→,2032-2038,5.43,5.06,5.09,5.33,6.17,5.34,4.35,5.33,4.76,5.94,5.95,4.48,2026-04-13,2026-04-13,2000-2026
公共管理与公务员,GOV,事业单位/公共机构,事业编制人员,Public Institution Staff (Shiye Bian),本科/硕士,22-30,country_specific,45,5.07,5.61,3.64,8.67,5.59,6.7,2.96,2.42,4.65,5.7,8.23,9.05,7.53,6.59,6.1,5.06,4.14,1.91,5.53,6.03,3.03,4.06,6.61,5.57,1.92,5.74,7.04,6.53,1.49,7.02,1.5,2.01,2.0,7.05,5.25,4.4,6.01,0.46,丹麦,肯尼亚,0,-1,general,→,2028-2033,5.42,5.02,5.18,5.23,5.88,5.3,4.74,5.34,4.94,5.82,5.8,4.55,2026-04-13,2026-04-13,2000-2026
法律与社会服务,LAW,宗教,道教道士,Taoist Priest,道观教育,18-30,regional,45,4.61,3.63,2.52,9.1,2.64,2.09,3.1,3.18,2.66,2.95,6.56,9.05,7.52,6.52,6.55,3.07,3.04,2.41,9.58,5.55,2.01,7.04,5.07,8.1,3.06,4.77,9.0,7.0,2.5,4.51,0.54,2.46,2.03,4.07,5.25,4.38,6.01,0.45,瑞士,孟加拉国,-1,0,general,→,2035+,5.17,5.04,5.13,5.07,5.78,5.49,4.63,5.3,5.04,5.92,5.88,4.9,2026-04-13,2026-04-13,2000-2026
交通运输与物流,TRA,航海,引航员,Marine Pilot / Harbor Pilot,甲类船长+引航资格,30-45,global,45,7.6,6.58,4.25,7.57,5.31,5.12,7.19,7.77,7.77,6.12,6.19,4.7,4.55,4.71,5.17,4.06,3.65,1.4,7.51,7.14,0.63,5.05,2.58,6.57,3.64,3.33,5.1,5.49,4.0,9.53,7.47,1.58,7.8,4.58,5.24,4.07,6.33,0.61,荷兰,巴基斯坦,1,0,general,→,2032-2038,5.44,5.06,5.02,5.32,6.09,5.38,4.29,5.36,4.71,5.94,5.98,4.5,2026-04-13,2026-04-13,2000-2026
服务业与消费,SVC,平台零工,任务众包工人,Task-based Gig Worker (TaskRabbit/etc.),无要求,18-40,global,45,2.06,1.54,6.57,5.08,7.32,7.76,5.18,3.48,2.87,3.56,2.12,6.06,5.48,3.73,6.13,4.55,5.05,1.5,5.51,3.04,3.54,7.55,4.55,4.08,6.56,5.23,5.01,4.99,5.95,1.04,5.4,8.0,3.25,3.06,5.24,4.32,6.17,0.51,荷兰,巴基斯坦,4,3,general,↑↑,2028-2033,5.18,5.03,5.13,5.19,5.9,5.58,4.54,5.22,4.9,5.96,5.95,4.66,2026-04-13,2026-04-13,2000-2026
交通运输与物流,TRA,航空,货机飞行员,Cargo Pilot,本科/专业培训,22-30,global,45,9.06,7.56,5.7,7.06,6.15,5.34,6.65,6.76,7.7,6.58,6.6,4.19,5.55,5.25,5.61,5.03,4.5,1.39,6.02,7.51,1.06,5.54,2.07,7.58,3.0,2.75,4.59,3.53,5.02,9.47,6.95,2.1,9.4,5.09,5.24,3.98,6.18,0.64,瑞典,巴基斯坦,2,2,general,↑,2028-2033,5.37,4.93,5.14,5.38,6.07,5.58,4.22,5.27,4.78,5.89,6.06,4.44,2026-04-13,2026-04-13,2000-2026
教育与学术,EDU,高等教育,助教,Teaching Assistant,硕士在读/硕士,22-28,global,45,6.01,6.02,3.59,4.13,5.12,5.19,4.17,3.79,3.74,3.58,4.26,9.54,6.5,6.24,5.14,5.0,5.04,1.41,6.53,4.78,5.22,4.57,5.52,6.1,3.1,6.71,4.1,7.51,1.5,5.01,2.38,5.53,6.28,3.04,5.24,4.12,6.44,0.65,芬兰,尼日利亚,0,-1,general,→,2032-2038,5.33,4.96,5.12,5.17,6.35,5.56,4.42,5.12,4.72,5.99,6.07,4.44,2026-04-13,2026-04-13,2000-2026
公共管理与公务员,GOV,中央/联邦公务员,税务官员,Tax Official,本科,22-28,global,45,5.62,6.08,3.64,9.18,5.11,5.67,3.98,3.6,5.66,5.66,9.38,9.09,7.61,6.57,5.53,4.52,4.06,2.89,4.54,6.55,4.07,4.06,6.7,5.07,1.5,5.81,7.58,6.48,1.0,8.03,1.47,1.07,3.01,8.0,5.24,4.47,6.01,0.43,丹麦,巴基斯坦,-1,-1,general,→,2028-2033,5.33,5.04,5.21,5.2,5.9,5.25,4.7,5.36,4.96,5.78,5.77,4.65,2026-04-13,2026-04-13,2000-2026
服务业与消费,SVC,平台零工,共享单车运维员,Bike-sharing Maintenance Worker,无要求,18-40,global,45,2.09,1.53,6.68,5.02,7.37,5.32,5.15,3.46,2.89,3.61,2.15,5.52,5.54,3.77,6.12,4.58,5.04,1.5,6.5,3.07,3.58,7.54,4.48,4.06,6.51,5.27,5.0,4.96,6.51,1.01,5.49,8.01,3.33,3.09,5.24,4.3,6.21,0.51,瑞士,孟加拉国,4,1,general,↑,2032-2038,5.18,5.08,5.14,5.24,5.91,5.5,4.53,5.15,4.85,5.99,5.94,4.65,2026-04-13,2026-04-13,2000-2026
技术工种与手工业,SKL,机械加工,磨床操作员,Grinder Operator,职校/技校,18-25,global,45,4.49,3.53,3.16,7.53,5.74,6.13,6.34,6.56,5.54,6.03,6.08,5.2,5.05,5.25,5.64,5.01,4.49,1.53,3.51,5.07,0.56,5.51,5.06,6.02,5.07,2.67,6.1,4.5,6.55,3.63,5.98,4.52,5.65,3.58,5.24,3.98,6.69,0.73,瑞士,孟加拉国,1,-2,general,→,2026-2030,5.29,4.82,5.44,5.1,6.25,5.54,4.25,5.28,4.65,6.14,6.26,4.35,2026-04-13,2026-04-13,2000-2026
技术工种与手工业,SKL,工业维护,印刷机操作员,Printing Press Operator,职校/技校,20-28,global,45,4.47,3.51,2.68,7.53,6.1,6.6,4.91,4.51,4.62,6.58,7.12,5.68,5.06,5.2,5.6,5.49,5.0,1.57,3.53,4.95,0.57,6.01,5.03,6.02,5.53,3.05,6.56,4.99,5.02,4.12,4.91,5.05,5.66,3.64,5.24,3.99,6.52,0.72,瑞士,尼日利亚,-2,-3,general,↓,2026-2030,5.27,4.85,5.47,5.12,6.22,5.57,4.23,5.21,4.68,6.16,6.26,4.35,2026-04-13,2026-04-13,2000-2026
服务业与消费,SVC,客户服务,客服专员/呼叫中心坐席,Customer Service Representative / Call Center Agent,高中/专科,18-30,global,45,3.04,3.55,4.03,6.57,5.7,7.14,5.15,3.95,3.28,4.07,5.16,8.55,6.98,4.7,7.14,5.04,5.51,1.51,3.04,2.98,6.55,3.55,5.03,3.54,3.6,6.26,5.6,8.46,1.96,1.55,4.94,4.56,4.27,4.61,5.24,4.17,6.18,0.58,瑞士,巴基斯坦,-1,-2,general,→,2026-2030,5.27,4.99,5.21,5.22,6.03,5.42,4.36,5.29,4.79,5.91,6.06,4.56,2026-04-13,2026-04-13,2000-2026
服务业与消费,SVC,平台零工,M-Pesa代理人,M-Pesa Agent,无要求,18-40,regional,45,2.02,1.53,5.68,4.99,7.33,3.85,5.06,3.44,3.29,3.58,2.15,6.07,5.48,3.77,6.14,4.55,4.93,1.51,6.49,3.01,3.49,7.51,4.56,4.02,6.53,5.27,5.09,6.99,5.52,1.07,5.46,8.05,3.31,3.04,5.24,4.3,6.21,0.54,荷兰,巴基斯坦,4,3,general,↑↑,2032-2038,5.16,5.06,5.17,5.15,5.97,5.55,4.49,5.22,4.9,5.98,5.97,4.62,2026-04-13,2026-04-13,2000-2026
文化、艺术与传媒,ART,音乐产业,K-pop练习生,K-pop Trainee,无要求,12-18,regional,45,7.06,5.06,5.17,2.48,5.13,5.24,4.61,4.63,3.31,4.15,1.75,7.52,6.49,4.7,8.07,6.56,5.11,3.92,7.03,6.01,5.02,7.56,3.55,8.56,6.59,5.22,5.55,6.99,7.51,2.02,6.43,6.58,6.71,4.56,5.23,4.21,6.1,0.53,美国,孟加拉国,1,0,general,→,2032-2038,5.25,4.88,5.19,5.07,5.83,5.66,4.5,5.27,4.94,5.86,6.03,4.61,2026-04-13,2026-04-13,2000-2026
服务业与消费,SVC,安保,私家侦探,Private Investigator,高中/证书,20-35,global,45,5.08,4.57,4.6,6.61,5.56,5.54,5.02,4.93,5.65,4.13,5.63,5.03,6.02,4.23,5.09,4.01,4.51,1.49,6.52,5.06,4.01,7.54,3.54,4.48,8.06,3.82,5.04,6.49,6.99,4.53,3.92,4.51,3.77,4.52,5.23,4.27,6.16,0.54,荷兰,孟加拉国,1,0,general,→,2032-2038,5.19,4.98,5.2,5.22,5.96,5.48,4.46,5.36,4.84,5.88,5.94,4.59,2026-04-13,2026-04-13,2000-2026
技术工种与手工业,SKL,机械加工,车工,Lathe Operator / Turner,职校/技校,18-25,global,45,4.5,3.48,3.55,7.55,5.71,6.07,5.39,5.48,5.58,6.07,6.16,5.72,5.1,5.2,5.65,5.0,4.53,1.49,4.01,5.01,0.56,5.48,5.08,6.05,5.05,2.61,6.0,4.5,6.57,3.59,5.99,4.53,5.64,3.61,5.22,3.99,6.48,0.71,德国,尼日利亚,0,-2,general,→,2026-2030,5.25,4.79,5.42,5.15,6.18,5.52,4.18,5.3,4.71,6.09,6.18,4.38,2026-04-13,2026-04-13,2000-2026
文化、艺术与传媒,ART,体育竞技,体育经纪人,Sports Agent,本科,25-35,global,45,6.07,4.09,5.16,7.51,4.71,5.99,5.17,4.64,7.14,3.62,3.06,5.52,4.5,3.68,5.62,4.05,3.57,4.43,9.02,6.57,1.59,5.02,2.48,8.55,8.09,4.73,2.01,8.48,2.01,2.61,4.95,3.03,7.27,6.18,5.22,4.14,6.11,0.53,德国,巴基斯坦,2,1,general,→,2035+,5.17,4.84,5.17,5.13,5.79,5.58,4.45,5.32,5.0,5.87,6.02,4.67,2026-04-13,2026-04-13,2000-2026
交通运输与物流,TRA,航海,船长,Ship Captain / Master Mariner,航海院校+甲类适任证书,30-40,global,45,8.1,7.05,4.23,8.06,5.36,5.13,6.3,6.77,7.71,6.04,6.12,4.2,4.53,4.75,5.12,4.09,3.66,1.39,7.53,7.71,0.58,6.99,1.59,6.58,3.61,3.39,5.08,5.48,5.48,9.02,7.48,1.49,9.39,4.53,5.22,3.99,6.32,0.6,荷兰,巴基斯坦,1,0,general,→,2035+,5.44,5.01,5.09,5.27,6.08,5.38,4.26,5.32,4.67,5.88,5.96,4.46,2026-04-13,2026-04-13,2000-2026
公共管理与公务员,GOV,地方公务员,地方政府公务员,Local Government Officer,本科,22-28,global,45,5.08,5.5,3.62,9.2,5.12,7.18,2.91,2.46,4.59,5.22,9.01,9.05,7.57,6.62,6.09,5.07,3.54,2.43,6.04,7.1,2.48,3.62,6.62,5.55,1.5,5.72,7.56,7.48,1.49,8.01,1.43,1.05,2.06,8.07,5.22,4.37,5.94,0.46,丹麦,尼日利亚,0,0,general,→,2032-2038,5.32,4.97,5.12,5.25,5.88,5.28,4.7,5.24,4.91,5.81,5.8,4.62,2026-04-13,2026-04-13,2000-2026
交通运输与物流,TRA,铁路,地铁运营员,Metro Operations Staff,高中/技校,20-28,global,45,4.08,3.56,5.02,8.12,5.57,5.08,5.62,5.73,4.74,6.15,7.56,6.68,5.54,5.25,5.15,4.56,4.07,0.91,4.98,5.52,0.55,4.0,4.54,5.54,2.5,4.75,5.6,5.02,4.01,5.57,4.43,2.56,4.72,7.02,5.22,3.91,6.51,0.73,瑞士,孟加拉国,2,1,general,↑,2028-2033,5.49,4.73,5.37,5.14,6.23,5.35,4.32,5.25,4.6,5.88,6.28,4.38,2026-04-13,2026-04-13,2000-2026
农业、资源与环境,AGR,种植,精准农业技术员,Precision Agriculture Technician,大专/本科,22-32,global,45,5.56,4.54,7.15,7.58,5.71,8.65,6.61,6.22,5.72,4.64,5.12,5.65,4.52,4.28,5.11,3.55,3.12,1.89,2.96,5.04,1.98,7.02,5.06,5.52,6.66,4.73,7.04,4.04,3.4,1.04,7.99,3.08,2.79,3.06,5.21,4.41,6.17,0.47,丹麦,巴基斯坦,3,4,general,↑↑,2025-2028,5.0,4.97,5.16,4.96,5.94,5.39,4.65,5.27,5.0,6.06,5.84,4.75,2026-04-13,2026-04-13,2000-2026
公共管理与公务员,GOV,情报安全,情报分析师,Intelligence Analyst,硕士,24-30,global,45,7.0,7.59,5.65,7.7,3.66,2.66,5.49,5.49,7.47,6.21,8.21,6.1,5.51,4.61,4.58,6.14,5.09,1.92,6.11,7.52,3.45,5.07,4.03,7.56,1.5,4.69,5.57,5.5,1.49,9.02,1.46,0.62,3.54,9.5,5.21,4.27,5.99,0.48,瑞典,尼日利亚,1,2,general,↑,2032-2038,5.3,4.98,5.16,5.14,5.96,5.26,4.67,5.29,4.9,5.8,5.79,4.54,2026-04-13,2026-04-13,2000-2026
服务业与消费,SVC,零售,药房零售店员,Pharmacy Retail Assistant,高中/专科,18-30,global,45,3.5,2.99,4.01,6.58,5.6,7.12,4.56,3.97,3.74,4.03,5.66,8.03,7.02,4.7,5.65,5.59,5.49,1.5,5.5,4.09,2.0,4.0,4.02,4.54,5.58,5.76,5.5,7.48,4.52,3.0,5.95,5.02,3.76,4.1,5.21,4.2,6.23,0.56,瑞士,巴基斯坦,0,-1,general,→,2028-2033,5.3,4.88,5.14,5.22,5.98,5.48,4.42,5.18,4.89,5.91,5.91,4.52,2026-04-13,2026-04-13,2000-2026
服务业与消费,SVC,客户服务,在线客服(聊天),Online Chat Support Agent,高中/专科,18-30,global,45,2.98,3.52,4.09,6.53,5.7,7.2,5.05,3.91,2.9,4.04,5.16,8.53,7.01,4.72,6.58,5.0,5.53,1.52,2.51,3.58,8.61,3.51,5.11,3.56,3.57,6.24,5.59,6.47,1.02,1.59,4.98,4.54,4.24,4.6,5.21,4.24,6.08,0.54,荷兰,巴基斯坦,-1,-3,general,↓,2025-2028,5.25,5.02,5.27,5.19,5.93,5.43,4.43,5.26,4.76,5.85,5.91,4.55,2026-04-13,2026-04-13,2000-2026
服务业与消费,SVC,平台零工,网约车司机,Ride-hailing Driver (Uber/Didi/etc.),无要求,18-40,global,45,1.99,1.55,6.66,5.08,7.27,8.28,5.12,3.41,3.29,3.62,2.14,5.03,5.48,3.63,6.15,4.6,5.02,1.46,5.0,3.03,3.43,7.55,4.58,3.99,6.56,5.23,5.05,4.5,4.52,1.09,5.45,7.98,3.28,3.08,5.21,4.31,6.09,0.5,荷兰,孟加拉国,4,2,general,↑,2028-2033,5.07,5.0,5.13,5.21,5.95,5.46,4.52,5.21,4.92,5.87,5.9,4.65,2026-04-13,2026-04-13,2000-2026
服务业与消费,SVC,清洁与维护,园艺师/园丁,Gardener / Landscaper,无要求,18-45,global,45,2.08,1.54,3.52,7.07,5.63,6.07,5.0,5.46,3.23,3.55,5.18,6.07,5.04,5.17,5.15,3.52,4.5,0.99,7.52,2.56,0.96,3.51,4.05,5.59,6.56,5.24,6.48,4.52,7.03,1.03,4.95,6.06,3.22,3.66,5.2,4.28,6.2,0.52,瑞士,巴基斯坦,0,0,general,→,2035+,5.15,5.0,5.18,5.25,5.93,5.29,4.44,5.19,4.87,5.86,5.91,4.58,2026-04-13,2026-04-13,2000-2026
服务业与消费,SVC,零售,仓储会员店运营,Warehouse Club Operations Staff,高中/专科,18-30,global,45,2.99,3.03,4.04,6.52,5.62,7.11,4.51,3.98,3.7,4.1,5.14,8.03,6.95,4.72,5.66,5.54,5.54,1.5,5.05,4.07,2.0,4.03,4.03,4.59,5.52,5.73,5.53,7.46,4.53,1.52,5.9,4.98,3.71,4.14,5.2,4.23,6.14,0.54,澳大利亚,巴基斯坦,0,-1,general,→,2028-2033,5.22,4.95,5.11,5.25,5.92,5.52,4.43,5.22,4.77,5.94,5.89,4.53,2026-04-13,2026-04-13,2000-2026
法律与社会服务,LAW,NGO与人道主义,灾害救援工作者,Disaster Relief Worker,本科/培训,22-30,global,45,4.59,4.59,5.14,6.59,5.23,4.65,5.04,4.66,3.63,3.52,4.16,4.02,3.98,3.01,2.51,6.07,5.06,1.92,8.58,6.5,1.57,6.06,2.51,8.55,2.54,6.25,5.57,8.47,7.01,3.51,3.48,2.08,8.59,2.6,5.2,4.22,6.24,0.58,丹麦,巴基斯坦,2,2,general,↑,2035+,5.02,4.84,5.15,4.91,6.18,5.39,4.53,5.41,4.95,6.02,5.99,4.65,2026-04-13,2026-04-13,2000-2026
公共管理与公务员,GOV,司法行政,缓刑官/假释官,Probation / Parole Officer,本科,23-30,global,45,5.03,5.57,3.61,8.18,4.68,3.75,4.5,4.03,5.17,5.21,8.24,6.6,5.61,6.04,4.52,5.12,4.52,1.89,6.5,5.58,2.99,5.05,5.65,6.55,1.53,5.71,6.55,7.98,2.52,7.01,0.93,1.08,2.96,8.04,5.19,4.38,6.1,0.48,丹麦,尼日利亚,0,0,general,→,2032-2038,5.28,5.0,5.14,5.19,5.96,5.28,4.68,5.2,4.84,5.83,5.75,4.51,2026-04-13,2026-04-13,2000-2026
交通运输与物流,TRA,铁路,铁路维护工程师,Railway Maintenance Engineer,大专/本科,20-28,global,45,5.54,5.09,5.09,8.02,5.55,5.07,5.63,5.73,5.69,6.14,7.56,5.19,5.53,5.25,5.14,4.48,4.02,0.89,6.48,5.5,0.56,4.05,4.55,5.44,2.5,4.73,5.57,4.93,7.0,5.47,4.45,2.55,4.6,7.12,5.18,3.85,6.44,0.72,瑞士,孟加拉国,2,1,general,↑,2032-2038,5.41,4.78,5.31,5.22,6.12,5.32,4.22,5.29,4.51,5.79,6.22,4.3,2026-04-13,2026-04-13,2000-2026
交通运输与物流,TRA,管道运输,管道调度员,Pipeline Dispatcher,大专/技校,20-30,global,45,5.08,4.54,3.7,8.1,4.24,3.22,5.62,6.28,5.7,6.08,7.6,7.2,5.06,6.16,5.63,3.58,3.55,0.94,5.53,4.55,2.99,5.04,5.05,4.54,2.58,3.89,6.08,5.0,2.51,5.58,4.91,2.58,4.24,7.12,5.18,4.05,6.19,0.65,丹麦,孟加拉国,1,0,general,→,2028-2033,5.2,4.9,5.22,5.22,6.15,5.44,4.25,5.14,4.7,5.89,6.04,4.36,2026-04-13,2026-04-13,2000-2026
农业、资源与环境,AGR,渔业,海洋生物学家,Marine Biologist,硕士/博士,26-35,global,45,8.03,8.05,5.6,6.55,4.73,6.52,6.13,5.22,6.71,4.58,4.65,3.63,4.07,3.73,4.61,3.08,2.53,1.4,6.96,7.17,3.03,6.48,3.02,8.53,5.65,6.22,5.5,4.98,4.52,3.04,7.44,3.46,7.21,3.5,5.17,4.16,6.08,0.49,丹麦,肯尼亚,0,-1,general,→,2032-2038,5.23,5.04,5.13,5.06,5.89,5.37,4.48,5.29,4.88,5.86,5.72,4.4,2026-04-13,2026-04-13,2000-2026
技术工种与手工业,SKL,重型设备操作,高空作业车操作员,Aerial Work Platform Operator,驾照/培训,20-30,global,45,3.49,2.52,5.14,7.06,6.23,6.18,6.3,7.0,5.5,5.97,5.66,3.2,4.52,4.73,5.12,4.02,3.53,1.5,6.04,4.09,0.59,5.52,4.09,5.6,4.51,2.22,5.57,3.99,5.52,5.59,6.99,3.46,5.21,3.58,5.17,4.11,6.43,0.67,澳大利亚,孟加拉国,2,1,general,↑,2028-2033,5.09,4.77,5.37,5.25,5.96,5.44,4.27,5.06,4.63,6.23,6.1,4.44,2026-04-13,2026-04-13,2000-2026
教育与学术,EDU,职业培训,驾校教练,Driving Instructor,高中/大专+驾照,25-40,global,45,2.57,2.3,2.94,6.85,5.97,7.78,4.64,4.51,4.06,5.12,5.94,6.38,4.05,4.71,5.13,2.77,3.37,1.45,5.98,3.66,0.71,6.07,4.52,5.31,6.79,4.01,6.57,7.77,5.5,5.08,4.68,6.03,3.24,2.55,5.17,3.65,6.36,0.65,瑞典,巴基斯坦,0,-2,general,→,2032-2038,5.25,4.86,5.18,5.19,6.16,5.44,4.24,5.28,4.66,5.88,5.99,4.35,2026-04-13,2026-04-13,2000-2026
文化、艺术与传媒,ART,体育竞技,体育解说员/评论员,Sports Commentator / Analyst,本科,28-38,global,45,6.08,4.08,5.16,7.54,4.72,5.99,5.13,4.67,5.77,3.64,3.11,5.53,4.58,3.71,5.7,4.06,3.54,4.44,9.02,6.16,5.02,5.04,2.53,8.52,3.6,4.77,2.02,8.48,2.02,2.49,4.92,3.0,7.25,6.12,5.16,4.03,6.09,0.55,澳大利亚,孟加拉国,2,1,general,→,2035+,5.12,4.8,5.1,5.02,5.73,5.59,4.38,5.31,4.89,5.95,5.98,4.56,2026-04-13,2026-04-13,2000-2026
文化、艺术与传媒,ART,舞台表演,脱口秀演员,Stand-up Comedian,本科/专科,16-25,global,45,6.01,4.6,6.17,5.07,4.64,4.2,4.1,4.11,4.75,3.68,3.17,6.54,5.48,4.7,5.66,5.58,4.5,3.94,8.01,5.65,2.01,6.52,3.06,8.53,7.6,5.79,4.1,8.97,6.52,2.02,6.44,5.0,5.78,4.61,5.16,4.03,6.19,0.54,荷兰,巴基斯坦,0,1,general,→,2035+,5.23,4.83,5.15,4.99,5.73,5.52,4.39,5.21,4.82,5.74,5.98,4.54,2026-04-13,2026-04-13,2000-2026
农业、资源与环境,AGR,畜牧,养蜂人,Beekeeper / Apiarist,培训/自学,20-50,global,45,3.49,2.58,3.66,7.51,5.29,4.27,4.7,5.29,3.69,4.62,5.62,5.64,4.56,3.69,4.58,3.54,3.11,1.42,7.43,3.59,0.56,7.07,4.52,7.56,7.56,4.24,7.5,3.49,5.57,1.57,6.9,5.47,2.8,3.62,5.15,4.3,6.19,0.52,荷兰,尼日利亚,0,0,general,→,2035+,4.96,4.87,5.2,5.02,5.85,5.39,4.45,5.18,4.96,5.88,5.91,4.53,2026-04-13,2026-04-13,2000-2026
服务业与消费,SVC,零售,零售店员/销售助理,Retail Sales Associate,高中/专科,18-30,global,45,2.99,3.04,4.06,6.51,5.66,7.18,4.58,3.93,2.85,4.02,4.22,8.07,6.96,4.71,5.61,5.48,5.51,1.44,5.48,4.03,1.99,4.04,4.01,4.5,5.51,5.77,5.51,7.99,4.49,1.54,5.96,4.92,3.76,4.1,5.15,4.25,6.11,0.55,澳大利亚,孟加拉国,0,-1,general,→,2028-2033,5.14,4.91,5.16,5.16,5.87,5.37,4.37,5.21,4.8,5.96,5.86,4.42,2026-04-13,2026-04-13,2000-2026
技术工种与手工业,SKL,重型设备操作,隧道掘进机操作员,Tunnel Boring Machine (TBM) Operator,驾照/培训,20-30,global,45,5.51,3.99,5.16,7.05,6.29,3.76,6.88,7.06,6.92,6.08,5.66,4.72,4.49,4.73,5.09,4.0,3.54,1.48,6.01,4.04,0.53,5.53,4.03,5.52,4.53,2.24,5.53,4.04,5.45,6.1,7.0,3.47,5.17,3.69,5.14,3.92,6.32,0.65,澳大利亚,孟加拉国,2,1,general,↑,2032-2038,5.08,4.81,5.26,5.22,5.9,5.47,4.22,5.06,4.65,6.24,6.01,4.37,2026-04-13,2026-04-13,2000-2026
服务业与消费,SVC,清洁与维护,物业维修工,Building Maintenance Worker,无要求,18-45,global,45,3.5,1.48,3.54,7.04,5.7,6.09,5.56,5.44,3.66,3.57,5.19,5.56,5.05,5.18,5.15,5.03,4.53,0.97,7.53,2.52,1.06,3.54,4.05,3.5,4.05,5.27,6.53,4.48,7.0,1.11,4.0,5.53,3.26,3.6,5.14,4.26,6.22,0.55,瑞士,尼日利亚,0,0,general,→,2035+,5.11,4.89,5.05,5.14,5.91,5.38,4.39,5.19,4.72,5.93,5.84,4.5,2026-04-13,2026-04-13,2000-2026
服务业与消费,SVC,清洁与维护,泳池维护技师,Pool Maintenance Technician,无要求,18-45,global,45,2.1,1.57,3.57,7.01,5.6,6.08,5.02,5.37,3.8,3.56,5.14,6.04,4.95,5.2,5.1,3.58,4.5,0.97,6.97,2.55,1.08,3.54,4.04,3.54,6.57,5.2,6.48,4.54,5.49,1.03,5.02,5.5,3.28,3.65,5.14,4.15,6.2,0.55,瑞士,巴基斯坦,0,0,general,→,2032-2038,5.09,4.93,5.1,5.11,5.95,5.36,4.28,5.14,4.77,5.88,5.86,4.5,2026-04-13,2026-04-13,2000-2026
法律与社会服务,LAW,合规与监管,选举监督员,Election Observer / Monitor,本科,25-40,global,45,4.05,4.09,4.06,6.08,3.52,2.44,4.01,4.19,3.48,3.48,4.12,6.03,6.05,4.54,5.08,5.06,5.07,2.43,7.54,5.94,2.07,5.52,4.06,7.02,2.05,6.16,6.97,7.98,3.02,4.56,3.53,4.95,7.57,3.51,5.13,4.17,6.07,0.58,瑞士,巴基斯坦,1,0,general,→,2035+,5.18,4.82,5.02,5.06,5.88,5.41,4.36,5.17,4.75,5.88,5.92,4.47,2026-04-13,2026-04-13,2000-2026
服务业与消费,SVC,行政办公,速记员/文字录入员,Stenographer / Data Entry Clerk,专科/本科,20-30,global,45,2.98,3.51,3.52,7.0,5.02,4.61,4.52,3.92,2.83,4.09,5.68,8.53,7.55,5.21,5.17,5.58,5.58,1.0,2.5,3.05,6.05,3.97,5.54,4.08,3.62,6.27,6.03,5.94,1.99,1.49,3.9,4.05,4.29,4.06,5.13,4.12,6.26,0.55,瑞士,巴基斯坦,-3,-4,general,↓,2025-2028,5.08,4.88,5.03,5.16,5.9,5.33,4.33,5.15,4.8,5.88,5.87,4.51,2026-04-13,2026-04-13,2000-2026
公共管理与公务员,GOV,情报安全,签证官员,Visa Officer / Immigration Officer,本科,22-30,global,45,4.59,5.05,3.7,8.74,5.19,5.12,4.05,3.51,5.2,5.26,8.66,7.59,7.07,6.13,5.54,4.56,4.01,2.41,5.05,6.04,2.48,4.14,5.65,5.06,1.05,5.72,7.03,7.5,1.46,7.5,1.94,0.58,4.57,8.58,5.13,4.29,5.9,0.45,瑞典,尼日利亚,0,0,general,→,2028-2033,5.19,4.93,5.11,5.08,5.9,5.25,4.62,5.23,4.83,5.66,5.66,4.46,2026-04-13,2026-04-13,2000-2026
文化、艺术与传媒,ART,体育竞技,赛事运营经理,Sports Event Operations Manager,本科,25-35,global,45,6.08,4.0,5.11,7.5,4.71,5.99,5.11,4.68,5.77,3.62,3.12,5.5,4.51,3.75,5.65,4.04,3.51,4.45,9.03,6.6,1.44,5.08,2.54,8.58,7.04,4.79,1.99,8.51,3.0,2.49,5.02,2.92,7.28,6.04,5.13,3.94,6.04,0.57,澳大利亚,巴基斯坦,2,1,general,→,2035+,5.18,4.72,5.08,4.99,5.83,5.45,4.32,5.31,4.84,5.82,5.92,4.5,2026-04-13,2026-04-13,2000-2026
文化、艺术与传媒,ART,舞台表演,魔术师,Magician,本科/专科,16-25,global,45,6.07,4.49,4.66,5.0,4.7,4.24,4.13,4.17,4.22,3.66,3.16,6.53,5.53,4.65,5.59,5.54,4.5,3.91,8.99,5.64,2.07,6.51,3.01,8.48,8.08,5.68,4.08,7.95,4.98,2.0,6.49,5.02,5.72,4.59,5.13,4.13,6.05,0.53,美国,巴基斯坦,0,-1,general,→,2035+,5.19,4.84,5.07,4.98,5.74,5.56,4.44,5.08,4.78,5.76,5.91,4.51,2026-04-13,2026-04-13,2000-2026
服务业与消费,SVC,零售,加油站员工,Gas Station Attendant,无要求,18-30,global,45,1.49,1.54,4.11,6.55,5.63,7.15,4.62,3.93,2.45,4.04,4.62,5.57,6.99,4.7,5.64,5.52,5.5,1.5,5.55,2.57,2.03,4.07,4.05,4.56,5.52,5.68,5.59,7.49,4.51,1.48,5.99,5.06,3.74,4.08,5.12,4.18,6.1,0.56,澳大利亚,孟加拉国,-1,-2,general,→,2028-2033,5.14,4.89,4.97,5.18,5.87,5.34,4.34,5.16,4.73,5.91,5.84,4.44,2026-04-13,2026-04-13,2000-2026
农业、资源与环境,AGR,畜牧,动物营养师,Animal Nutritionist,本科/硕士,24-32,global,45,6.57,6.62,5.12,7.51,5.18,7.73,5.64,5.26,6.16,4.59,5.62,5.18,4.56,3.72,4.6,3.55,3.03,1.42,5.44,6.0,3.46,6.98,4.53,5.6,6.1,4.27,6.54,3.99,2.17,1.56,6.98,2.94,2.8,3.58,5.12,4.27,6.05,0.52,荷兰,孟加拉国,0,0,general,→,2028-2033,4.92,4.85,5.14,5.02,5.81,5.39,4.4,5.22,4.97,5.95,5.83,4.5,2026-04-13,2026-04-13,2000-2026
法律与社会服务,LAW,法官,最高法院法官/大法官,Supreme Court Justice,法学博士+长期司法经验,45-60,global,45,9.55,9.56,3.55,9.46,1.08,1.04,2.04,2.12,7.65,5.05,9.53,7.62,6.51,5.06,3.99,5.03,3.06,2.47,9.52,9.69,2.05,9.36,5.04,9.53,0.66,4.77,9.03,6.98,0.48,9.86,0.52,0.56,3.02,9.84,5.12,3.97,5.98,0.59,英国,孟加拉国,0,0,general,→,2035+,5.18,4.85,4.94,5.08,5.85,5.33,4.35,5.21,4.8,5.89,5.92,4.43,2026-04-13,2026-04-13,2000-2026
服务业与消费,SVC,安保,私人保镖,Personal Bodyguard,高中/证书,20-35,global,45,5.04,2.54,4.59,5.59,5.59,4.17,5.1,4.93,6.11,4.12,5.66,4.57,6.06,4.26,5.08,4.08,4.54,1.44,8.0,5.03,1.01,4.08,3.52,4.59,4.02,3.7,4.95,4.99,7.5,3.07,3.96,4.55,5.74,4.59,5.12,4.18,6.0,0.53,丹麦,孟加拉国,1,0,general,→,2035+,5.12,4.89,5.05,5.19,5.86,5.38,4.35,5.16,4.74,5.76,5.78,4.47,2026-04-13,2026-04-13,2000-2026
文化、艺术与传媒,ART,体育竞技,职业足球运动员,Professional Soccer/Football Player,高中/体校,14-22,global,45,6.08,4.08,5.12,3.02,4.66,8.3,5.19,4.64,7.78,3.66,3.09,5.55,4.5,3.74,5.61,4.02,3.58,4.42,8.99,9.07,1.51,5.01,2.59,8.51,3.58,4.81,1.98,7.49,9.01,2.48,4.96,2.99,9.05,6.11,5.12,3.89,6.0,0.54,荷兰,孟加拉国,2,1,general,→,2035+,5.1,4.76,5.09,4.99,5.75,5.47,4.23,5.37,4.86,5.82,5.85,4.53,2026-04-13,2026-04-13,2000-2026
交通运输与物流,TRA,管道运输,管道检测技师,Pipeline Inspection Technician,大专/技校,24-35,global,45,5.59,4.58,3.63,8.02,4.17,3.24,6.15,6.81,6.13,6.08,7.65,5.21,5.03,6.2,5.64,3.55,3.57,0.9,6.48,4.54,1.98,5.03,5.05,4.5,2.56,3.76,6.01,4.01,6.06,6.07,4.99,2.58,4.23,7.06,5.12,3.96,6.16,0.65,丹麦,巴基斯坦,1,0,general,→,2032-2038,5.21,4.84,5.06,5.16,6.04,5.45,4.15,5.13,4.63,5.9,5.96,4.29,2026-04-13,2026-04-13,2000-2026
文化、艺术与传媒,ART,体育竞技,电竞教练,Esports Coach,无要求,22-32,global,45,6.11,4.08,7.69,6.5,4.79,5.99,5.17,4.62,5.73,3.62,3.12,5.54,4.48,3.72,5.62,4.0,3.55,4.44,9.02,6.56,1.47,5.05,2.51,8.6,3.59,4.77,2.01,7.56,2.97,2.5,4.96,2.96,7.29,6.11,5.11,3.96,6.04,0.57,荷兰,巴基斯坦,2,3,general,↑,2035+,5.15,4.71,5.09,4.99,5.74,5.45,4.29,5.23,4.77,5.8,5.97,4.46,2026-04-13,2026-04-13,2000-2026
公共管理与公务员,GOV,军事,军事情报分析师,Military Intelligence Analyst,本科/硕士,22-28,global,45,7.61,7.6,5.64,7.68,3.65,2.26,5.41,5.43,7.44,6.19,8.58,5.15,5.59,4.07,4.61,6.1,5.04,1.41,6.57,7.59,3.02,4.67,3.55,7.52,1.59,4.26,5.02,5.47,2.99,8.98,1.39,0.59,3.04,9.49,5.11,4.11,5.91,0.47,丹麦,尼日利亚,1,2,general,↑,2032-2038,5.24,4.86,5.06,5.2,5.82,5.2,4.6,5.19,4.73,5.62,5.69,4.44,2026-04-13,2026-04-13,2000-2026
农业、资源与环境,AGR,畜牧,牧场经理,Ranch Manager,大专/经验,28-40,global,45,5.08,4.06,3.64,7.61,5.28,7.74,4.61,5.21,5.71,4.58,5.68,5.16,4.55,3.74,4.59,3.55,3.07,1.42,5.94,5.14,0.58,8.04,4.53,5.58,7.59,4.22,6.59,6.0,6.1,1.52,7.02,3.05,2.73,3.55,5.11,4.28,6.19,0.53,荷兰,巴基斯坦,0,0,general,→,2032-2038,4.92,4.88,5.06,4.97,5.89,5.4,4.39,5.09,4.87,5.9,5.86,4.54,2026-04-13,2026-04-13,2000-2026
服务业与消费,SVC,清洁与维护,地毯清洁工,Carpet Cleaner,无要求,18-45,global,45,2.05,1.53,3.54,7.03,5.65,6.18,5.02,5.48,2.92,3.52,5.13,6.06,5.06,5.23,5.17,3.54,4.45,0.99,7.04,2.58,0.99,3.55,4.08,3.53,5.6,5.25,6.59,4.51,6.49,1.02,3.95,5.51,3.29,3.59,5.1,4.09,6.11,0.55,瑞士,巴基斯坦,0,0,general,→,2032-2038,5.03,4.89,5.1,5.08,5.9,5.35,4.27,5.17,4.7,5.78,5.81,4.51,2026-04-13,2026-04-13,2000-2026
文化、艺术与传媒,ART,体育竞技,职业篮球运动员,Professional Basketball Player,高中/体校,14-22,global,45,6.11,4.07,5.14,3.52,4.8,7.44,5.12,4.65,7.86,3.63,3.11,5.53,4.52,3.72,5.58,4.03,3.54,4.43,9.03,9.05,1.51,5.04,2.55,8.57,3.56,4.7,1.96,7.48,9.01,2.56,4.99,2.97,8.58,6.17,5.1,4.01,5.96,0.53,澳大利亚,巴基斯坦,2,1,general,→,2035+,5.1,4.73,5.1,4.91,5.7,5.43,4.36,5.35,4.84,5.85,5.81,4.51,2026-04-13,2026-04-13,2000-2026
服务业与消费,SVC,清洁与维护,害虫防治员,Pest Control Technician,无要求,18-45,global,45,2.02,1.56,3.57,7.02,5.64,6.07,5.07,5.45,3.74,3.62,5.14,5.53,5.02,5.22,5.19,3.5,4.56,0.98,7.06,2.56,1.06,3.55,4.02,3.54,6.07,5.18,6.55,4.48,6.04,3.05,3.93,5.47,3.25,3.6,5.1,4.13,6.17,0.55,瑞士,孟加拉国,0,0,general,→,2032-2038,5.04,4.85,5.08,5.13,5.88,5.36,4.29,5.15,4.72,5.82,5.84,4.46,2026-04-13,2026-04-13,2000-2026
文化、艺术与传媒,ART,舞台表演,歌剧歌手,Opera Singer,本科/专科,16-25,global,45,8.06,6.58,4.52,5.49,4.72,4.22,4.06,4.12,5.26,3.6,3.17,6.54,5.49,4.7,5.62,5.52,4.56,3.95,9.04,7.52,1.99,6.5,3.05,9.5,5.52,5.76,4.06,8.04,6.47,1.98,6.43,5.0,5.76,4.51,5.09,3.95,5.99,0.56,澳大利亚,巴基斯坦,0,-1,general,→,2035+,5.16,4.75,5.06,4.95,5.73,5.5,4.36,5.13,4.7,5.76,5.9,4.46,2026-04-13,2026-04-13,2000-2026
文化、艺术与传媒,ART,体育竞技,体育记者,Sports Journalist,本科,22-30,global,45,6.09,4.11,5.19,7.6,4.73,6.01,5.11,4.68,4.75,3.67,3.11,5.51,4.52,3.7,5.63,4.06,3.59,4.4,8.98,6.57,5.02,5.05,2.53,8.59,3.62,4.81,2.01,7.49,3.01,2.56,4.99,2.96,7.16,6.13,5.09,3.91,6.14,0.58,澳大利亚,巴基斯坦,2,1,general,→,2035+,5.01,4.69,5.1,4.95,5.71,5.54,4.24,5.26,4.84,5.88,5.92,4.48,2026-04-13,2026-04-13,2000-2026
公共管理与公务员,GOV,司法行政,法院书记员,Court Clerk,本科,22-28,global,45,4.55,5.0,3.12,8.69,4.64,4.7,3.43,2.94,4.66,5.25,8.96,8.6,7.09,6.61,5.54,4.16,4.06,1.47,4.59,5.59,3.12,3.62,6.53,5.06,1.03,6.16,7.51,5.98,1.02,6.99,0.97,1.07,2.59,8.02,5.09,4.29,5.84,0.46,瑞士,孟加拉国,-1,-1,general,→,2026-2030,5.13,4.92,5.03,5.08,5.79,5.16,4.48,5.19,4.77,5.6,5.64,4.48,2026-04-13,2026-04-13,2000-2026
服务业与消费,SVC,安保,安防系统技术员,Security System Technician,高中/证书,20-35,global,45,4.53,2.5,6.03,6.56,5.59,5.63,6.06,4.94,4.67,4.14,5.62,5.06,5.98,4.24,5.13,5.58,4.57,1.51,6.0,4.08,1.0,4.05,3.55,4.46,4.03,3.79,5.03,4.99,4.5,3.11,3.92,4.54,3.78,4.63,5.09,4.17,6.09,0.55,丹麦,巴基斯坦,1,2,general,↑,2032-2038,5.06,4.89,5.07,5.12,5.85,5.32,4.33,5.11,4.71,5.84,5.79,4.42,2026-04-13,2026-04-13,2000-2026
文化、艺术与传媒,ART,体育竞技,职业网球运动员,Professional Tennis Player,高中/体校,14-22,global,45,6.01,4.1,5.13,3.53,4.67,6.48,5.17,4.67,7.48,3.66,3.19,5.53,4.45,3.72,5.59,4.07,3.5,4.45,9.04,8.1,1.47,5.06,2.54,8.55,5.03,4.69,1.95,7.49,8.98,2.52,4.92,3.02,9.05,6.1,5.08,3.84,5.9,0.53,德国,孟加拉国,2,1,general,→,2035+,5.09,4.64,5.05,4.99,5.69,5.4,4.31,5.28,4.84,5.7,5.8,4.6,2026-04-13,2026-04-13,2000-2026
交通运输与物流,TRA,航海,大副/二副,Chief/Second Officer (Mate),航海院校/大专,24-32,global,45,6.57,5.56,4.28,7.57,5.38,5.12,6.22,6.75,6.65,6.11,6.12,4.23,4.59,4.7,5.17,4.06,3.64,1.38,6.5,6.15,0.62,5.06,1.62,6.52,3.61,3.23,5.08,5.51,6.02,8.02,7.44,1.53,9.05,4.53,5.08,3.9,6.25,0.63,丹麦,巴基斯坦,1,0,general,→,2032-2038,5.36,4.83,4.9,5.14,6.04,5.17,4.1,5.09,4.56,5.76,5.83,4.37,2026-04-13,2026-04-13,2000-2026
文化、艺术与传媒,ART,舞台表演,即兴戏剧演员,Improv Performer,本科/专科,16-25,global,45,6.08,4.57,5.62,4.98,4.69,4.25,4.15,4.17,3.8,3.67,3.13,6.55,5.5,4.71,5.64,5.57,4.55,3.89,8.05,5.52,1.99,6.57,3.07,8.58,7.09,5.78,4.01,9.01,6.48,2.01,6.48,5.06,5.72,4.53,5.08,3.99,5.94,0.54,荷兰,孟加拉国,0,-1,general,→,2035+,5.14,4.75,5.02,5.0,5.75,5.43,4.31,5.11,4.76,5.71,5.85,4.48,2026-04-13,2026-04-13,2000-2026
技术工种与手工业,SKL,重型设备操作,打桩机操作员,Pile Driver / Piling Rig Operator,驾照/培训,20-30,global,45,3.5,2.47,5.1,6.98,6.28,6.21,6.37,6.58,5.55,6.06,5.62,3.25,4.61,4.72,5.17,4.01,3.43,1.48,5.01,4.03,0.52,5.54,4.02,5.5,4.56,2.22,5.59,3.99,7.0,5.55,6.93,3.49,5.2,3.51,5.08,3.98,6.39,0.68,瑞士,孟加拉国,2,1,general,↑,2028-2033,5.01,4.72,5.18,5.19,5.9,5.33,4.18,4.98,4.48,6.16,6.03,4.36,2026-04-13,2026-04-13,2000-2026
法律与社会服务,LAW,检察官,反腐检察官,Anti-Corruption Prosecutor,法学博士/硕士,28-35,global,45,8.05,8.11,5.09,8.02,2.95,2.5,5.06,5.15,6.58,5.1,7.65,5.59,5.54,4.08,3.46,5.53,4.97,2.92,7.54,8.53,2.07,6.06,4.12,8.53,1.06,5.21,6.54,7.51,0.98,9.03,1.41,0.57,4.01,8.58,5.07,3.99,6.05,0.64,瑞士,巴基斯坦,1,1,general,→,2032-2038,5.15,4.72,4.87,5.0,5.91,5.29,4.27,5.15,4.66,5.87,5.96,4.36,2026-04-13,2026-04-13,2000-2026
交通运输与物流,TRA,快递最后一公里,达巴瓦拉(印度送餐人),Dabbawala (Mumbai Lunchbox Deliverer),无要求,18-35,country_specific,45,1.56,1.52,6.28,6.02,7.84,2.39,4.13,4.19,2.92,4.62,4.2,5.68,4.08,3.23,4.21,2.66,3.16,1.92,8.37,5.12,0.59,5.5,3.47,7.04,4.56,3.79,7.01,7.49,8.52,1.55,5.45,7.04,1.32,4.07,5.07,3.85,6.23,0.69,瑞士,孟加拉国,4,3,general,↑↑,2035+,5.13,4.72,5.13,5.11,6.02,5.38,4.05,5.17,4.58,5.78,5.97,4.22,2026-04-13,2026-04-13,2000-2026
文化、艺术与传媒,ART,体育竞技,职业高尔夫球员,Professional Golfer,高中/体校,14-22,global,45,6.1,4.09,5.14,5.02,4.76,5.94,5.18,4.63,7.5,3.64,3.17,5.53,4.52,3.72,5.64,4.08,3.55,4.39,9.04,7.58,1.49,5.02,2.55,8.58,3.53,4.82,2.03,7.52,9.0,2.52,4.97,3.06,8.68,6.14,5.07,4.0,5.97,0.52,德国,孟加拉国,2,1,general,→,2035+,5.07,4.7,5.11,4.94,5.6,5.48,4.31,5.2,4.78,5.78,5.82,4.5,2026-04-13,2026-04-13,2000-2026
服务业与消费,SVC,清洁与维护,工业清洁工(高压清洗等),Industrial Cleaner / Pressure Washer,无要求,18-45,global,45,2.02,1.59,3.53,7.07,5.61,6.17,5.59,5.43,3.31,3.52,5.12,4.57,5.0,5.21,5.09,3.56,4.48,0.98,7.47,2.57,1.0,3.51,4.08,3.46,4.09,5.28,6.55,4.5,7.99,1.04,3.9,5.5,3.24,3.63,5.07,4.04,6.08,0.55,瑞士,巴基斯坦,0,0,general,→,2032-2038,5.05,4.85,5.0,5.06,5.84,5.26,4.28,5.18,4.72,5.74,5.8,4.36,2026-04-13,2026-04-13,2000-2026
技术工种与手工业,SKL,重型设备操作,混凝土搅拌车司机,Concrete Mixer Truck Driver,驾照/培训,20-30,global,45,3.52,2.52,5.12,7.06,6.25,6.18,5.86,6.5,5.57,6.02,5.63,4.2,4.54,4.72,5.12,4.03,3.45,1.53,4.53,3.97,0.62,5.49,4.09,5.6,4.56,2.23,5.55,3.5,6.02,4.61,6.94,3.5,5.14,3.65,5.07,3.88,6.37,0.7,瑞士,孟加拉国,2,1,general,↑,2026-2030,5.04,4.7,5.1,5.11,5.97,5.38,4.08,4.97,4.5,6.22,6.0,4.35,2026-04-13,2026-04-13,2000-2026
服务业与消费,SVC,清洁与维护,高空清洁工(蜘蛛人),High-rise Window Cleaner,无要求,18-45,global,45,2.0,1.6,3.59,5.51,5.66,6.16,6.59,5.48,4.17,3.6,5.12,3.54,5.08,5.26,5.15,3.58,4.51,0.94,8.04,2.51,1.04,3.56,4.02,3.58,4.04,5.25,3.5,4.49,8.99,1.05,3.94,5.59,3.31,3.67,5.06,4.0,6.06,0.55,瑞典,孟加拉国,0,0,general,→,2035+,5.08,4.79,5.01,5.06,5.83,5.26,4.25,5.13,4.68,5.76,5.79,4.41,2026-04-13,2026-04-13,2000-2026
农业、资源与环境,AGR,石油天然气,LNG工程师,LNG (Liquefied Natural Gas) Engineer,本科/硕士,24-32,global,45,6.11,5.62,4.45,6.52,5.42,4.84,7.01,7.79,7.81,6.53,5.74,4.63,3.62,3.73,4.63,4.46,4.06,1.91,5.49,5.96,1.02,4.52,3.1,4.92,4.09,3.34,5.04,5.5,3.46,5.07,8.46,1.54,8.2,7.38,5.06,4.05,5.94,0.51,加拿大,巴基斯坦,-1,1,general,↑,2028-2033,4.88,4.78,5.19,5.17,5.67,5.46,4.23,4.99,4.85,5.76,5.64,4.5,2026-04-13,2026-04-13,2000-2026
交通运输与物流,TRA,航海,轮机长,Chief Engineer (Marine),轮机工程+证书,26-35,global,45,7.62,6.6,4.29,7.53,5.28,5.18,6.22,6.71,7.01,6.14,6.13,4.72,4.54,4.71,5.08,4.06,3.61,1.39,7.05,6.21,0.6,5.03,1.64,6.52,3.53,3.3,5.02,5.48,6.5,8.58,7.44,1.54,9.07,4.56,5.06,3.88,6.19,0.62,荷兰,巴基斯坦,1,0,general,→,2032-2038,5.29,4.89,4.82,5.11,6.01,5.17,4.1,5.09,4.48,5.74,5.85,4.3,2026-04-13,2026-04-13,2000-2026
公共管理与公务员,GOV,军事,军事工程师,Military Engineer,本科/硕士,22-28,global,45,7.55,7.08,5.15,7.68,3.63,2.78,5.5,5.51,6.99,5.74,8.59,4.63,5.01,4.05,4.52,6.55,5.53,1.44,6.52,7.58,1.57,4.59,3.58,7.06,2.01,3.79,5.01,6.0,5.0,8.47,0.96,0.62,3.53,9.54,5.05,4.2,5.93,0.48,丹麦,尼日利亚,1,2,general,↑,2032-2038,5.17,4.78,4.98,5.07,5.81,5.11,4.53,5.06,4.68,5.59,5.64,4.41,2026-04-13,2026-04-13,2000-2026
文化、艺术与传媒,ART,舞台表演,相声/曲艺演员,Crosstalk / Traditional Comedy Performer,本科/专科,16-25,regional,45,6.08,4.59,4.64,7.05,4.66,2.72,4.12,4.11,3.27,3.64,3.14,6.54,5.54,4.71,5.61,5.53,4.57,3.94,9.07,5.68,2.06,6.51,3.07,8.5,5.55,5.73,4.01,8.02,6.52,1.99,6.42,4.99,5.76,4.58,5.05,3.95,5.97,0.53,德国,巴基斯坦,0,-1,general,→,2035+,5.12,4.71,5.03,4.92,5.65,5.41,4.29,5.05,4.74,5.64,5.83,4.5,2026-04-13,2026-04-13,2000-2026
技术工种与手工业,SKL,重型设备操作,装载机操作员,Loader Operator,驾照/培训,20-30,global,45,3.46,2.5,5.16,7.05,6.21,6.1,5.82,6.57,5.59,6.04,5.62,3.69,4.56,4.69,5.12,4.09,3.47,1.53,4.44,3.94,0.59,5.54,4.07,5.5,4.5,2.21,5.56,3.98,6.5,5.08,6.9,3.58,5.2,3.64,5.05,3.92,6.2,0.68,瑞士,尼日利亚,2,1,general,↑,2026-2030,5.03,4.66,5.17,5.17,5.83,5.36,4.15,4.96,4.51,6.16,5.97,4.22,2026-04-13,2026-04-13,2000-2026
交通运输与物流,TRA,铁路,列车司机,Train Driver / Locomotive Engineer,技校/大专,22-30,global,45,4.57,5.12,5.0,8.04,5.51,5.06,5.6,5.73,5.25,6.1,7.97,5.68,5.56,5.26,5.08,4.58,4.08,0.91,4.46,5.53,0.65,4.45,4.02,5.49,2.54,4.81,5.46,3.02,4.48,7.56,4.49,2.56,4.78,7.14,5.05,3.67,6.26,0.73,瑞士,孟加拉国,2,1,general,↑,2026-2030,5.31,4.6,5.19,5.04,5.97,5.19,4.1,5.2,4.42,5.66,6.07,4.12,2026-04-13,2026-04-13,2000-2026
文化、艺术与传媒,ART,体育竞技,职业电子竞技选手,Professional Esports Player,高中/体校,14-20,global,45,6.11,4.12,8.16,2.56,4.73,6.88,5.16,4.69,6.21,3.63,3.22,5.51,4.51,3.76,5.65,4.05,3.53,4.4,8.98,6.52,1.57,5.08,2.55,8.58,3.64,4.82,2.08,7.5,4.99,2.5,4.92,3.06,7.28,6.14,5.04,3.94,5.95,0.55,荷兰,巴基斯坦,4,4,general,↑↑,2035+,5.0,4.65,5.01,4.93,5.66,5.4,4.31,5.21,4.74,5.76,5.84,4.45,2026-04-13,2026-04-13,2000-2026
技术工种与手工业,SKL,重型设备操作,推土机操作员,Bulldozer Operator,驾照/培训,20-30,global,45,3.5,2.55,5.11,7.01,6.23,6.24,5.85,6.53,5.52,6.06,5.65,3.7,4.58,4.72,5.1,4.08,3.43,1.51,4.52,4.08,0.59,5.52,4.02,5.54,4.54,2.25,5.52,3.98,7.02,5.61,6.94,3.48,5.18,3.68,5.04,3.83,6.25,0.68,荷兰,孟加拉国,2,1,general,↑,2026-2030,4.98,4.69,5.1,5.06,5.88,5.36,4.1,4.97,4.48,6.08,5.98,4.28,2026-04-13,2026-04-13,2000-2026
农业、资源与环境,AGR,林业,林业工程师,Forestry Engineer / Silviculturist,本科,24-32,global,45,6.58,6.61,4.69,6.97,4.07,4.68,5.55,5.3,6.14,4.58,5.66,4.17,4.02,5.2,5.15,3.51,3.1,1.44,6.54,6.03,2.51,6.5,4.52,6.98,4.04,3.73,5.47,4.01,4.51,2.56,5.5,2.4,5.31,4.6,5.04,4.19,5.99,0.5,荷兰,孟加拉国,1,0,general,→,2032-2038,4.85,4.73,5.13,4.93,5.79,5.32,4.34,5.09,4.89,5.86,5.67,4.42,2026-04-13,2026-04-13,2000-2026
技术工种与手工业,SKL,重型设备操作,压路机操作员,Road Roller Operator,驾照/培训,20-30,global,45,3.52,2.49,5.14,7.0,6.24,5.16,5.88,6.55,5.57,5.98,5.61,4.71,4.58,4.72,5.12,4.06,3.52,1.51,3.94,4.09,0.55,5.49,4.0,5.59,4.52,2.24,5.57,3.99,5.51,5.15,6.96,3.52,5.16,3.53,5.04,4.0,6.22,0.67,澳大利亚,孟加拉国,2,1,general,↑,2026-2030,5.01,4.64,5.13,5.19,5.86,5.31,4.11,4.97,4.48,6.1,5.94,4.29,2026-04-13,2026-04-13,2000-2026
公共管理与公务员,GOV,消防应急,消防队长,Fire Captain,大专/本科,25-35,global,45,6.08,5.58,4.16,7.17,3.63,3.22,4.98,4.5,6.13,5.66,8.55,3.65,3.55,4.1,4.09,5.1,4.51,0.93,8.02,8.05,0.65,5.6,3.61,8.56,1.51,3.28,4.59,8.02,7.96,7.48,0.53,1.06,2.93,9.09,5.03,4.15,5.86,0.49,丹麦,尼日利亚,0,0,general,→,2035+,5.11,4.83,4.95,5.03,5.84,5.07,4.49,5.1,4.68,5.57,5.61,4.35,2026-04-13,2026-04-13,2000-2026
交通运输与物流,TRA,公路,道路救援员,Roadside Assistance Technician,驾照+技术培训,20-35,global,45,2.54,2.04,3.29,6.53,6.34,8.43,4.7,5.7,3.94,5.1,5.18,5.25,4.1,3.7,4.65,3.08,3.08,1.41,5.89,3.69,0.61,5.58,3.52,5.64,5.11,3.25,6.6,6.51,6.99,3.06,5.93,5.58,3.78,3.07,5.03,3.74,6.26,0.72,瑞士,孟加拉国,0,-2,general,→,2028-2033,5.05,4.69,5.09,5.09,6.03,5.3,3.91,5.15,4.51,5.88,5.99,4.13,2026-04-13,2026-04-13,2000-2026
服务业与消费,SVC,零售,收银员,Cashier,无要求,16-25,global,45,1.48,1.62,4.08,6.58,5.62,7.2,4.56,3.99,2.5,4.11,4.15,8.06,6.98,4.7,5.69,5.57,5.51,1.5,2.96,2.59,2.05,4.09,4.01,4.54,5.52,5.74,5.51,7.5,4.51,1.54,5.98,5.04,3.74,4.16,5.03,3.99,5.97,0.55,瑞士,孟加拉国,-2,-2,general,→,2025-2028,5.04,4.76,4.94,5.06,5.76,5.37,4.26,5.08,4.6,5.78,5.74,4.36,2026-04-13,2026-04-13,2000-2026
文化、艺术与传媒,ART,舞台表演,舞台监督,Stage Manager,本科/专科,16-25,global,45,6.07,4.51,4.61,5.07,4.65,4.22,4.12,4.11,4.7,3.64,4.15,6.54,5.58,4.75,5.65,5.54,4.52,3.93,7.98,5.58,1.99,5.58,3.04,8.57,5.59,5.78,3.99,7.5,6.51,1.99,6.41,5.01,5.75,4.57,5.03,3.81,6.02,0.55,荷兰,巴基斯坦,0,-1,general,→,2035+,5.09,4.68,4.97,4.95,5.6,5.42,4.23,5.11,4.67,5.6,5.9,4.44,2026-04-13,2026-04-13,2000-2026
服务业与消费,SVC,清洁与维护,保洁员,Janitor / Cleaner,无要求,18-45,global,45,2.0,1.53,3.62,7.02,5.66,6.09,5.58,5.41,2.46,3.51,5.16,6.05,5.02,5.26,5.12,3.45,4.52,1.0,6.96,2.04,0.98,3.59,4.02,3.56,4.06,4.69,6.57,4.53,6.98,1.04,3.92,5.55,3.22,3.62,5.03,4.15,6.03,0.54,瑞士,孟加拉国,0,0,general,→,2032-2038,4.99,4.83,5.01,4.99,5.84,5.2,4.28,5.02,4.62,5.72,5.77,4.39,2026-04-13,2026-04-13,2000-2026
文化、艺术与传媒,ART,舞台表演,京剧演员,Peking Opera Performer,本科/专科,16-25,regional,45,8.08,4.51,4.64,6.58,4.69,2.75,4.15,4.15,3.69,3.62,3.15,6.55,5.48,4.65,5.62,5.57,4.47,3.95,9.52,5.56,1.97,6.54,3.02,8.58,5.61,5.73,4.06,8.0,6.45,2.03,6.5,5.04,5.72,4.64,5.02,3.94,5.88,0.52,德国,巴基斯坦,0,-1,general,→,2035+,5.02,4.69,5.0,4.91,5.66,5.31,4.29,5.05,4.66,5.59,5.84,4.5,2026-04-13,2026-04-13,2000-2026
文化、艺术与传媒,ART,舞台表演,木偶师,Puppeteer,本科/专科,16-25,global,45,6.12,4.54,4.69,5.04,4.68,2.3,4.11,4.13,3.36,3.65,3.11,6.55,5.53,4.75,5.67,5.56,4.52,3.94,9.5,5.6,2.01,6.48,3.05,8.47,5.61,5.79,4.05,7.97,6.52,2.01,6.46,5.03,5.72,4.6,5.01,3.92,5.9,0.54,德国,孟加拉国,0,-1,general,→,2035+,5.06,4.68,5.03,4.84,5.62,5.47,4.25,5.05,4.62,5.7,5.8,4.41,2026-04-13,2026-04-13,2000-2026
公共管理与公务员,GOV,地方公务员,镇长/区长,Mayor / District Governor,硕士/博士,35-50,global,45,7.08,7.56,5.64,7.2,2.12,2.2,2.94,3.04,7.47,5.19,6.42,7.56,6.0,4.13,4.06,7.03,5.51,3.96,8.04,9.04,1.53,7.55,3.58,8.16,2.08,4.85,4.95,9.55,1.99,8.96,2.98,0.57,3.56,9.03,5.0,4.12,5.91,0.49,丹麦,尼日利亚,0,0,general,→,2035+,5.12,4.77,4.92,4.98,5.84,5.03,4.44,5.13,4.66,5.52,5.58,4.34,2026-04-13,2026-04-13,2000-2026
文化、艺术与传媒,ART,舞台表演,舞蹈家/舞者,Dancer / Choreographer,本科/专科,14-22,global,45,6.05,4.59,4.68,3.54,4.69,4.18,4.13,4.15,3.84,3.63,3.13,6.52,5.5,4.76,5.62,5.52,4.55,3.98,9.06,5.65,2.01,6.53,3.04,9.03,5.53,5.71,4.04,8.0,8.46,2.04,6.41,5.02,5.76,4.54,5.0,3.96,5.92,0.55,德国,巴基斯坦,0,-1,general,→,2035+,5.07,4.62,4.85,4.84,5.68,5.39,4.31,5.05,4.64,5.57,5.87,4.41,2026-04-13,2026-04-13,2000-2026
技术工种与手工业,SKL,重型设备操作,矿用卡车司机,Mining Haul Truck Driver,驾照/培训,20-30,global,45,3.52,2.49,5.16,7.02,6.24,4.65,5.86,6.54,6.44,5.98,5.62,3.69,4.53,4.68,5.17,4.02,3.55,1.5,3.49,4.02,0.55,5.51,3.06,5.6,4.53,2.2,5.52,3.96,6.02,5.09,6.91,3.52,5.74,3.67,5.0,3.88,6.18,0.67,荷兰,孟加拉国,2,1,general,↑,2026-2030,4.94,4.63,5.06,5.05,5.79,5.3,4.07,4.94,4.51,6.04,5.94,4.22,2026-04-13,2026-04-13,2000-2026
农业、资源与环境,AGR,种植,有机农业技术员,Organic Farming Technician,大专/培训,20-35,global,45,4.56,3.54,5.62,7.53,5.75,8.62,4.13,4.75,4.24,4.63,5.15,5.66,4.53,4.22,5.13,3.52,3.04,1.91,4.42,4.62,0.61,7.02,5.0,6.58,7.14,4.77,7.04,4.01,7.38,1.05,7.9,2.96,2.74,3.02,5.0,4.27,5.94,0.47,荷兰,尼日利亚,0,2,general,↑,2026-2030,4.73,4.78,4.98,4.84,5.63,5.28,4.45,5.11,4.83,5.78,5.67,4.43,2026-04-13,2026-04-13,2000-2026
农业、资源与环境,AGR,林业,树艺师,Arborist / Tree Surgeon,培训+证书,20-40,global,45,4.56,3.54,3.03,7.05,4.1,4.61,5.56,5.76,5.21,4.58,5.62,4.13,3.98,5.21,5.11,3.54,3.14,1.4,7.5,4.5,0.57,6.48,4.55,6.99,6.55,3.74,5.57,4.01,7.52,4.11,5.49,2.58,3.29,4.58,4.99,4.07,5.82,0.49,荷兰,孟加拉国,1,0,general,→,2035+,4.75,4.74,5.13,4.88,5.76,5.28,4.28,5.06,4.85,5.72,5.57,4.39,2026-04-13,2026-04-13,2000-2026
农业、资源与环境,AGR,石油天然气,油气勘探地球物理师,Geophysicist (Oil & Gas Exploration),硕士/博士,26-35,global,45,8.12,8.12,3.46,6.54,5.49,4.8,6.08,7.25,7.74,6.52,5.78,3.16,3.54,3.73,4.58,4.54,3.98,1.9,6.46,7.51,3.06,4.49,3.07,7.01,3.99,3.29,5.0,5.51,3.99,5.06,8.43,1.55,8.17,7.38,4.99,3.9,5.95,0.51,加拿大,孟加拉国,-1,-1,general,→,2032-2038,4.81,4.76,5.1,5.2,5.63,5.47,4.13,4.92,4.78,5.62,5.53,4.4,2026-04-13,2026-04-13,2000-2026
公共管理与公务员,GOV,警察执法,海关官员,Customs Officer,本科,22-28,global,45,5.11,5.56,3.59,8.68,4.6,4.17,4.02,3.5,5.68,5.71,8.91,7.16,6.57,5.6,5.1,4.51,4.07,2.43,5.02,6.61,1.51,4.14,5.58,5.63,1.0,5.22,6.52,6.5,2.99,8.02,1.98,0.55,4.54,8.6,4.99,4.08,5.85,0.52,瑞士,尼日利亚,0,0,general,→,2028-2033,5.11,4.78,4.86,4.99,5.78,5.01,4.34,5.16,4.61,5.66,5.63,4.24,2026-04-13,2026-04-13,2000-2026
服务业与消费,SVC,清洁与维护,洗衣/干洗师,Laundry / Dry Cleaning Worker,无要求,18-45,global,45,1.98,1.5,3.53,7.07,5.6,5.08,5.04,5.43,2.88,3.62,5.16,6.04,5.0,5.24,5.15,3.55,4.48,1.0,5.99,2.5,1.04,3.52,4.06,3.5,4.05,5.25,6.53,4.5,5.46,1.07,3.95,5.56,3.27,3.59,4.99,4.11,6.06,0.54,瑞士,巴基斯坦,0,0,general,→,2032-2038,4.95,4.75,4.92,5.02,5.8,5.17,4.23,5.0,4.61,5.72,5.72,4.38,2026-04-13,2026-04-13,2000-2026
交通运输与物流,TRA,公路,校车司机,School Bus Driver,驾照/高中,20-35,global,45,2.6,2.04,3.2,6.55,6.34,8.28,4.8,5.69,3.54,5.15,6.63,5.72,4.01,3.73,4.55,3.07,3.06,1.44,3.87,3.69,0.62,5.53,5.06,4.12,5.15,4.27,6.56,6.0,7.01,4.58,2.95,5.49,3.74,3.04,4.99,3.7,6.19,0.71,瑞士,孟加拉国,0,-2,general,→,2026-2030,4.98,4.66,5.03,5.08,5.98,5.33,3.9,5.02,4.47,5.8,5.97,4.06,2026-04-13,2026-04-13,2000-2026
公共管理与公务员,GOV,警察执法,刑事侦探,Criminal Investigator / Detective,本科,22-30,global,45,6.02,5.55,4.14,7.73,4.62,4.18,4.92,4.48,6.15,5.63,8.27,4.68,4.47,3.62,3.57,5.5,4.49,2.39,7.0,7.17,1.59,5.62,3.52,7.63,2.07,4.24,5.47,7.49,5.43,8.0,0.98,1.0,3.0,9.07,4.98,4.02,5.82,0.52,丹麦,尼日利亚,0,0,general,→,2032-2038,5.13,4.75,4.89,4.93,5.78,5.01,4.4,5.08,4.63,5.6,5.59,4.26,2026-04-13,2026-04-13,2000-2026
公共管理与公务员,GOV,地方公务员,社区干部/街道办事员,Community/Street Office Official,大专/本科,22-30,country_specific,45,3.58,4.02,3.12,8.2,5.06,6.13,2.94,1.97,3.73,4.74,8.22,8.6,7.07,5.58,5.58,4.48,3.54,2.45,6.06,5.08,1.94,3.08,6.08,5.65,1.54,5.72,7.05,8.54,2.49,5.49,1.4,1.08,1.58,7.56,4.98,4.15,5.8,0.48,瑞士,孟加拉国,0,0,general,→,2028-2033,5.11,4.75,4.89,4.93,5.77,4.92,4.34,5.11,4.67,5.58,5.56,4.38,2026-04-13,2026-04-13,2000-2026
农业、资源与环境,AGR,畜牧,兽医助理/兽医技师,Veterinary Technician,大专/培训,20-28,global,45,4.58,4.07,3.69,7.55,5.19,7.72,4.66,5.22,4.66,4.56,5.72,5.15,4.55,3.73,4.62,3.63,3.08,1.38,5.88,5.03,0.6,7.06,4.53,5.54,6.07,7.15,6.59,4.01,5.12,4.52,6.95,3.02,2.77,3.52,4.98,4.1,5.93,0.5,荷兰,巴基斯坦,0,0,general,→,2032-2038,4.79,4.74,4.98,4.88,5.71,5.27,4.28,5.16,4.73,5.7,5.66,4.36,2026-04-13,2026-04-13,2000-2026
文化、艺术与传媒,ART,舞台表演,舞台剧演员,Theatre Actor,本科/专科,16-25,global,45,6.11,4.62,4.66,5.04,4.71,4.12,4.12,4.11,3.7,3.62,2.67,6.54,5.55,4.73,5.64,5.57,4.57,3.93,8.02,6.06,1.99,6.53,3.05,9.0,5.55,5.74,3.99,8.04,6.47,1.99,6.49,5.03,5.6,4.62,4.98,4.03,5.89,0.53,荷兰,巴基斯坦,0,-1,general,→,2035+,5.05,4.65,4.91,4.84,5.56,5.35,4.3,5.09,4.62,5.62,5.76,4.36,2026-04-13,2026-04-13,2000-2026
文化、艺术与传媒,ART,体育竞技,体育教练,Sports Coach / Trainer,本科,25-40,global,45,6.01,4.07,5.18,7.1,4.77,5.91,5.1,4.64,4.76,3.58,5.11,5.54,4.53,3.72,5.61,4.05,3.58,4.38,9.03,6.52,1.51,4.99,2.54,7.52,3.51,4.78,2.0,7.5,5.99,3.51,4.93,3.04,7.28,6.12,4.97,3.83,5.87,0.57,瑞典,孟加拉国,2,1,general,→,2035+,5.0,4.6,4.92,4.84,5.61,5.43,4.13,5.07,4.68,5.66,5.8,4.36,2026-04-13,2026-04-13,2000-2026
农业、资源与环境,AGR,石油天然气,石油工程师,Petroleum Engineer,本科/硕士,24-32,global,45,7.59,7.6,2.96,6.59,5.44,4.87,6.54,7.79,8.17,6.51,5.78,3.15,3.5,3.72,4.64,4.54,5.03,1.91,6.02,7.51,2.01,4.49,3.03,4.9,4.09,3.31,4.96,5.59,3.94,5.6,8.42,1.53,8.2,7.34,4.97,3.96,5.81,0.51,澳大利亚,孟加拉国,-1,-1,general,→,2032-2038,4.78,4.66,5.13,5.13,5.6,5.37,4.11,4.96,4.79,5.64,5.51,4.44,2026-04-13,2026-04-13,2000-2026
农业、资源与环境,AGR,采矿,矿山安全工程师,Mine Safety Engineer,本科/硕士,24-32,global,45,7.1,7.01,4.97,5.54,5.01,5.39,7.06,7.21,7.48,5.51,6.64,6.21,2.57,3.73,4.19,3.0,2.56,1.91,7.0,7.02,1.99,3.51,3.05,7.03,3.52,2.8,4.46,5.07,4.02,6.55,7.92,1.52,6.79,5.68,4.96,3.83,6.08,0.54,澳大利亚,孟加拉国,0,0,general,→,2032-2038,4.75,4.62,5.23,4.9,5.71,5.35,4.11,4.86,4.92,5.82,5.51,4.42,2026-04-13,2026-04-13,2000-2026
文化、艺术与传媒,ART,舞台表演,芭蕾舞者,Ballet Dancer,本科/专科,10-18,global,45,8.07,4.57,4.6,3.09,4.59,4.22,4.14,4.11,3.88,3.69,3.13,6.52,5.53,4.7,5.64,5.59,4.5,3.91,9.51,5.61,2.05,6.52,3.05,9.58,5.57,5.72,4.07,7.99,9.0,2.09,6.5,5.03,5.72,4.58,4.96,3.89,5.87,0.54,荷兰,孟加拉国,0,-1,general,→,2035+,5.01,4.63,4.88,4.87,5.57,5.41,4.14,5.02,4.59,5.54,5.79,4.39,2026-04-13,2026-04-13,2000-2026
交通运输与物流,TRA,管道运输,管道运行工,Pipeline Operator,大专/技校,22-32,global,45,5.02,4.55,3.6,8.08,4.21,3.25,5.67,6.28,5.71,6.13,7.58,4.71,5.03,6.18,5.58,3.55,3.51,0.88,5.56,4.69,0.96,5.06,4.56,4.52,2.58,3.72,6.06,3.99,7.01,5.56,4.99,2.51,4.26,7.13,4.96,3.76,6.0,0.64,丹麦,孟加拉国,1,0,general,→,2028-2033,5.01,4.64,5.01,4.97,5.87,5.2,4.04,4.99,4.49,5.72,5.83,4.19,2026-04-13,2026-04-13,2000-2026
交通运输与物流,TRA,航海,普通海员,Able Seaman,海员证,18-28,global,45,3.0,2.55,4.21,6.12,5.38,5.14,6.24,6.77,3.94,6.09,6.21,3.7,4.52,4.7,5.17,4.07,3.57,1.42,4.98,3.68,0.65,5.05,1.63,6.5,3.6,3.29,5.01,5.48,8.5,4.59,7.51,1.54,8.69,4.56,4.95,3.81,6.23,0.64,荷兰,巴基斯坦,1,0,general,→,2028-2033,5.13,4.72,4.79,5.07,5.85,5.17,4.03,4.92,4.37,5.54,5.75,4.18,2026-04-13,2026-04-13,2000-2026
农业、资源与环境,AGR,畜牧,畜牧育种师,Animal Breeder,大专/本科,22-32,global,45,5.09,4.6,4.14,7.53,5.2,7.79,5.63,5.29,5.17,4.6,5.55,5.15,4.56,3.71,4.66,3.51,3.01,1.4,5.44,3.56,0.61,7.05,4.58,5.54,6.09,4.27,6.52,4.01,5.09,1.63,6.99,3.05,2.72,3.57,4.95,4.15,6.02,0.51,荷兰,孟加拉国,0,0,general,→,2028-2033,4.79,4.66,4.97,4.88,5.71,5.23,4.29,5.01,4.74,5.72,5.64,4.32,2026-04-13,2026-04-13,2000-2026
农业、资源与环境,AGR,林业,护林员,Forest Ranger / Park Ranger,培训/大专,20-35,global,45,3.51,2.54,3.0,7.12,4.14,4.62,4.66,5.22,3.78,4.56,6.61,4.65,4.04,5.18,5.16,3.54,3.03,1.39,7.49,4.52,0.54,6.54,4.54,7.01,4.09,4.24,5.53,4.0,7.02,3.58,5.45,2.52,3.24,4.62,4.95,4.16,5.81,0.48,荷兰,巴基斯坦,1,0,general,→,2035+,4.7,4.64,5.06,4.91,5.66,5.29,4.28,4.96,4.78,5.64,5.56,4.45,2026-04-13,2026-04-13,2000-2026
交通运输与物流,TRA,快递最后一公里,快递站长,Delivery Station Manager,高中/大专,25-35,global,45,3.54,3.09,6.2,4.56,7.87,8.8,4.19,4.25,4.83,4.6,4.14,6.21,4.0,3.31,4.18,2.61,3.16,1.93,4.88,4.66,0.64,6.53,3.52,3.53,4.64,3.82,7.1,7.51,4.96,2.56,5.42,6.94,2.74,4.1,4.93,3.59,6.04,0.72,瑞士,孟加拉国,4,3,general,↑↑,2028-2033,4.99,4.59,4.95,4.99,5.93,5.3,3.85,5.05,4.36,5.68,5.86,3.98,2026-04-13,2026-04-13,2000-2026
文化、艺术与传媒,ART,舞台表演,马戏团表演者,Circus Performer,本科/专科,16-25,global,45,5.98,4.56,4.64,3.99,4.67,4.19,4.19,4.24,3.39,3.62,3.12,4.01,5.43,4.72,5.58,5.58,4.48,3.94,9.55,5.56,2.01,6.54,3.02,8.58,5.54,5.76,3.96,7.98,9.0,1.99,6.48,5.09,5.76,4.56,4.92,3.9,5.9,0.53,荷兰,孟加拉国,0,-1,general,→,2035+,4.98,4.56,4.89,4.78,5.55,5.28,4.22,5.06,4.53,5.54,5.72,4.34,2026-04-13,2026-04-13,2000-2026
文化、艺术与传媒,ART,舞台表演,艺伎,Geisha,本科/专科,16-25,country_specific,45,8.04,4.59,4.64,5.5,4.64,1.72,4.18,4.12,4.26,3.59,3.15,6.53,5.52,4.76,5.61,5.52,4.52,3.95,9.54,5.58,1.97,6.48,3.03,8.52,5.54,2.41,4.0,8.0,6.49,2.04,6.46,5.01,5.75,4.62,4.92,3.91,5.81,0.52,德国,孟加拉国,0,-1,general,→,2035+,4.95,4.59,4.82,4.76,5.54,5.31,4.23,4.94,4.68,5.46,5.72,4.36,2026-04-13,2026-04-13,2000-2026
法律与社会服务,LAW,心理社会服务,保释担保人,Bail Bondsman,高中/大专,22-35,country_specific,45,3.01,3.09,3.02,6.58,3.62,2.58,4.07,3.63,5.5,5.46,4.57,5.52,5.52,4.53,4.52,4.06,4.4,3.93,6.54,4.05,2.97,7.58,4.58,4.54,8.1,4.71,6.52,7.5,3.02,5.57,3.46,3.97,1.54,4.09,4.92,3.9,5.89,0.6,荷兰,孟加拉国,0,-1,general,→,2032-2038,4.92,4.62,4.86,4.84,5.66,5.15,4.13,5.0,4.61,5.68,5.78,4.16,2026-04-13,2026-04-13,2000-2026
服务业与消费,SVC,安保,保安,Security Guard,高中/证书,20-35,global,45,3.03,2.5,4.53,6.6,5.57,5.58,5.1,4.97,2.83,4.12,5.66,5.04,6.05,4.24,5.63,4.09,4.6,1.49,6.48,3.56,0.96,4.05,3.56,4.5,4.09,3.84,5.02,4.98,5.99,3.1,3.98,4.49,3.68,4.52,4.92,3.97,5.94,0.53,瑞士,孟加拉国,1,0,general,→,2032-2038,4.87,4.68,4.82,4.96,5.72,5.11,4.13,4.99,4.54,5.7,5.64,4.29,2026-04-13,2026-04-13,2000-2026
农业、资源与环境,AGR,畜牧,乳业技术员,Dairy Technician,无要求/中学,16-35,global,45,3.54,2.6,3.63,7.49,5.19,7.77,5.19,5.22,4.25,4.64,5.62,5.66,4.6,3.67,4.57,3.51,3.09,1.39,4.43,3.6,0.58,7.04,4.55,5.56,6.1,4.27,6.59,3.97,6.14,1.52,6.91,3.05,2.7,3.53,4.92,4.17,6.02,0.52,荷兰,孟加拉国,0,0,general,→,2026-2030,4.67,4.59,5.0,4.8,5.69,5.19,4.28,5.01,4.73,5.71,5.64,4.36,2026-04-13,2026-04-13,2000-2026
农业、资源与环境,AGR,渔业,渔业检查员,Fisheries Inspector,大专/本科,24-35,global,45,5.08,4.59,3.18,6.57,4.78,6.54,4.69,5.29,5.23,4.65,6.65,6.67,4.08,3.74,4.68,3.06,2.64,1.42,6.48,5.56,1.96,6.56,3.06,5.45,5.56,3.24,5.58,4.98,3.98,5.5,7.42,3.58,3.78,3.53,4.91,3.93,5.84,0.52,丹麦,尼日利亚,0,-1,general,→,2032-2038,4.96,4.76,4.85,4.77,5.72,5.07,4.17,5.04,4.58,5.68,5.51,4.18,2026-04-13,2026-04-13,2000-2026
文化、艺术与传媒,ART,舞台表演,杂技演员,Acrobat / Circus Performer,本科/专科,10-18,global,45,6.02,4.52,4.64,3.55,4.63,4.23,4.14,4.18,3.29,3.62,3.13,4.02,5.53,4.71,5.58,5.52,4.59,3.94,9.49,5.59,2.01,6.56,3.08,8.58,5.56,5.76,4.04,8.01,9.49,2.04,6.41,5.05,5.72,4.59,4.9,3.83,5.85,0.55,荷兰,巴基斯坦,0,-1,general,→,2035+,4.99,4.51,4.85,4.71,5.55,5.27,4.14,4.97,4.57,5.52,5.74,4.35,2026-04-13,2026-04-13,2000-2026
文化、艺术与传媒,ART,传统表演艺术,歌舞伎演员,Kabuki Actor,专科/师承,12-20,country_specific,45,7.13,4.61,3.15,7.03,3.19,1.68,3.61,3.69,4.19,3.05,4.17,7.05,5.98,5.73,4.63,4.04,3.51,2.97,9.51,7.05,2.0,5.56,4.05,8.0,3.06,5.25,4.53,6.99,5.99,2.51,3.41,4.51,4.26,5.11,4.9,3.84,5.79,0.54,荷兰,孟加拉国,-2,-2,general,↓,2035+,4.97,4.55,4.91,4.76,5.52,5.31,4.17,4.96,4.58,5.48,5.66,4.25,2026-04-13,2026-04-13,2000-2026
服务业与消费,SVC,安保,安检员,Security Screener,高中/证书,20-35,global,45,3.03,2.49,4.54,6.53,5.53,5.61,5.07,4.97,2.82,4.08,5.64,6.57,5.96,4.27,5.12,4.09,4.47,1.49,5.06,4.02,1.06,4.05,3.52,4.58,4.02,3.82,5.03,6.02,6.98,3.0,4.01,4.58,3.78,4.56,4.89,3.93,5.88,0.54,瑞士,孟加拉国,1,-1,general,→,2028-2033,4.81,4.66,4.84,4.92,5.66,5.12,4.1,4.96,4.5,5.62,5.6,4.26,2026-04-13,2026-04-13,2000-2026
农业、资源与环境,AGR,畜牧,畜牧养殖者,Livestock Farmer / Rancher,无要求/中学,16-35,global,45,3.5,2.53,3.65,7.54,5.15,7.71,4.65,5.2,3.7,4.66,5.59,5.15,4.55,3.76,4.62,3.57,3.05,1.43,4.89,3.56,0.62,7.56,4.02,5.55,7.09,4.2,6.55,4.02,7.65,1.57,6.96,2.98,2.72,3.53,4.89,4.09,5.93,0.5,荷兰,巴基斯坦,0,0,general,→,2028-2033,4.69,4.62,4.83,4.8,5.6,5.21,4.22,5.01,4.7,5.64,5.6,4.26,2026-04-13,2026-04-13,2000-2026
农业、资源与环境,AGR,石油天然气,炼化工程师,Refinery Process Engineer,本科,24-32,global,45,6.05,5.63,2.48,6.5,5.48,4.88,6.04,6.9,7.41,6.52,5.74,4.62,3.61,3.78,4.58,4.56,5.58,1.9,5.48,6.04,0.98,4.52,3.03,4.92,4.01,3.35,5.02,5.56,3.47,5.08,8.48,1.56,6.71,7.31,4.89,3.9,5.76,0.5,加拿大,巴基斯坦,-1,-1,general,→,2028-2033,4.69,4.61,4.92,5.07,5.47,5.36,4.06,4.81,4.76,5.54,5.43,4.35,2026-04-13,2026-04-13,2000-2026
农业、资源与环境,AGR,种植,蘑菇种植者,Mushroom Farmer,培训,18-40,global,45,3.59,2.03,3.56,7.51,5.7,4.7,4.14,4.74,3.35,4.59,5.12,5.64,4.57,4.22,5.12,3.65,3.14,1.9,4.86,3.55,0.56,7.08,5.07,5.61,7.08,4.69,7.04,3.99,5.92,1.03,5.97,3.09,2.74,3.1,4.89,4.21,5.98,0.46,荷兰,尼日利亚,0,-1,general,→,2028-2033,4.62,4.66,4.87,4.68,5.56,5.12,4.36,5.0,4.78,5.58,5.58,4.38,2026-04-13,2026-04-13,2000-2026
服务业与消费,SVC,清洁与维护,停车管理员,Parking Lot Attendant,无要求,18-45,global,45,2.08,1.54,3.65,7.04,5.56,6.08,5.03,5.44,2.5,3.58,5.12,6.03,4.97,5.25,5.14,3.51,4.52,1.0,5.02,2.01,1.01,3.57,4.09,3.51,4.02,5.29,6.54,4.49,7.48,1.1,4.0,5.54,3.27,3.56,4.89,3.98,5.83,0.54,瑞士,巴基斯坦,-1,-2,general,→,2028-2033,4.87,4.69,4.84,4.86,5.62,5.12,4.14,4.95,4.48,5.61,5.62,4.28,2026-04-13,2026-04-13,2000-2026
公共管理与公务员,GOV,消防应急,消防员,Firefighter,高中/大专,18-25,global,45,4.61,4.03,3.56,6.68,5.05,5.72,4.45,3.96,4.71,5.25,8.62,3.14,3.01,4.58,4.09,4.09,3.55,0.92,8.03,7.56,0.63,3.55,3.54,8.57,0.96,3.35,4.08,7.52,9.01,7.04,0.47,1.54,3.05,9.01,4.88,4.05,5.69,0.46,荷兰,巴基斯坦,0,0,general,→,2035+,4.98,4.67,4.77,4.84,5.58,5.01,4.28,4.97,4.58,5.42,5.48,4.24,2026-04-13,2026-04-13,2000-2026
农业、资源与环境,AGR,种植,茶叶种植与加工师,Tea Farmer / Tea Processing Specialist,无要求/中学,16-35,regional,45,3.0,2.09,3.57,7.6,5.65,5.28,4.16,4.73,3.32,4.62,5.18,5.68,4.57,4.24,5.18,3.53,3.08,1.91,3.44,4.06,0.56,7.02,5.08,6.5,6.62,4.81,7.06,3.99,7.42,1.02,6.43,3.06,3.74,3.11,4.88,4.17,5.8,0.47,新西兰,尼日利亚,0,-1,general,→,2026-2030,4.57,4.66,4.88,4.68,5.53,5.17,4.33,5.01,4.65,5.72,5.51,4.37,2026-04-13,2026-04-13,2000-2026
农业、资源与环境,AGR,石油天然气,管道工程师(油气),Pipeline Engineer,本科,24-32,global,45,6.05,5.61,3.44,6.58,5.49,4.89,6.02,6.8,7.45,6.52,5.73,4.13,3.62,3.71,4.57,4.49,4.02,1.88,5.54,6.04,0.99,4.47,3.02,4.99,4.07,3.38,4.94,5.47,5.01,5.02,8.4,1.5,7.28,7.32,4.87,3.91,5.69,0.5,丹麦,巴基斯坦,-1,-1,general,→,2028-2033,4.63,4.63,4.93,5.04,5.49,5.3,4.07,4.81,4.63,5.55,5.44,4.35,2026-04-13,2026-04-13,2000-2026
农业、资源与环境,AGR,种植,果蔬种植者,Fruit & Vegetable Grower,无要求/中学,16-35,global,45,3.04,2.06,3.6,7.49,5.69,8.69,4.18,4.79,3.25,4.55,5.14,5.68,4.54,4.25,5.12,3.54,3.1,1.9,3.38,3.6,0.61,7.03,5.03,6.06,7.08,4.7,7.02,3.99,7.42,1.0,6.9,2.99,2.78,3.11,4.87,4.13,5.96,0.47,荷兰,尼日利亚,0,-1,general,→,2026-2030,4.63,4.65,4.78,4.65,5.54,5.15,4.39,5.01,4.68,5.65,5.54,4.34,2026-04-13,2026-04-13,2000-2026
交通运输与物流,TRA,公路,搬家工人,Moving Company Worker / Mover,无要求,18-35,global,45,1.56,1.08,3.22,5.57,6.39,8.27,4.69,5.78,3.14,5.13,5.17,4.72,4.08,3.78,4.64,3.06,3.1,1.43,5.38,2.69,0.67,5.59,3.56,4.07,5.11,3.28,6.57,4.02,8.95,1.03,5.93,5.55,3.76,3.12,4.87,3.58,6.16,0.71,瑞士,孟加拉国,0,-2,general,→,2028-2033,4.89,4.53,4.92,4.86,5.83,5.2,3.79,5.01,4.37,5.6,5.83,3.97,2026-04-13,2026-04-13,2000-2026
文化、艺术与传媒,ART,传统表演艺术,民族乐器演奏家,Traditional/Folk Instrument Player,专科/师承,12-20,regional,45,7.07,4.56,3.18,6.06,3.24,3.3,3.68,3.62,3.7,3.17,4.14,7.08,6.01,5.71,4.62,4.02,3.53,2.94,9.06,5.61,1.98,5.55,4.12,8.51,3.07,5.34,4.5,7.0,6.0,2.51,3.43,4.54,5.15,5.09,4.87,3.83,5.87,0.54,荷兰,孟加拉国,-2,-2,general,↓,2035+,4.95,4.51,4.82,4.73,5.42,5.27,4.12,4.94,4.5,5.46,5.7,4.28,2026-04-13,2026-04-13,2000-2026
服务业与消费,SVC,特殊合法职业,大麻产业工人(合法地区),Cannabis Industry Worker (Legal Jurisdictions),无要求/证书,18-35,regional,45,2.58,1.99,7.1,5.56,5.12,4.64,4.62,3.9,4.62,4.65,4.22,5.05,4.98,4.15,5.65,3.97,3.99,2.5,7.03,3.09,1.5,5.06,3.07,4.03,4.64,4.77,4.57,6.5,6.0,6.01,4.47,4.57,3.25,5.63,4.86,3.84,5.84,0.55,丹麦,孟加拉国,1,4,general,↑↑,2032-2038,4.82,4.65,4.84,4.9,5.68,5.06,4.03,4.9,4.47,5.58,5.54,4.22,2026-04-13,2026-04-13,2000-2026
文化、艺术与传媒,ART,传统表演艺术,能乐演员,Noh Theatre Performer,专科/师承,12-20,country_specific,45,7.08,4.62,3.17,6.0,3.2,1.76,3.66,3.62,3.83,3.11,4.18,7.04,6.02,5.75,4.6,4.08,3.54,2.93,9.53,7.12,2.01,5.5,4.03,8.06,3.01,5.25,4.51,7.01,5.98,2.5,3.48,4.58,4.22,5.07,4.86,3.83,5.76,0.54,荷兰,巴基斯坦,-2,-2,general,↓,2035+,4.96,4.51,4.82,4.72,5.47,5.25,4.1,4.93,4.52,5.46,5.68,4.25,2026-04-13,2026-04-13,2000-2026
文化、艺术与传媒,ART,体育竞技,裁判员,Sports Referee / Umpire,无要求,25-35,global,45,6.06,4.11,5.16,6.03,4.73,5.96,5.1,4.67,4.36,3.62,5.09,5.51,4.42,3.77,5.59,4.09,3.51,4.45,7.54,6.55,1.47,5.03,2.54,8.55,3.57,4.79,1.93,7.48,5.51,3.51,4.98,3.01,7.26,6.11,4.86,3.65,5.93,0.57,德国,孟加拉国,2,1,general,→,2035+,4.75,4.47,4.83,4.79,5.48,5.25,4.08,5.07,4.57,5.57,5.7,4.2,2026-04-13,2026-04-13,2000-2026
文化、艺术与传媒,ART,传统表演艺术,弗拉门戈舞者,Flamenco Dancer,专科/师承,12-20,regional,45,7.06,4.57,3.16,6.02,3.17,2.71,3.62,3.68,3.77,3.14,4.12,7.04,6.05,5.72,4.63,4.07,3.59,2.98,8.96,6.06,1.93,5.55,4.11,8.09,3.02,5.21,4.52,7.02,7.02,2.56,3.42,4.6,5.76,5.09,4.85,3.81,5.85,0.54,荷兰,孟加拉国,-2,-2,general,↓,2035+,4.92,4.5,4.79,4.69,5.5,5.26,4.12,4.88,4.51,5.4,5.69,4.24,2026-04-13,2026-04-13,2000-2026
农业、资源与环境,AGR,石油天然气,钻井工程师,Drilling Engineer,本科,24-32,global,45,6.09,5.56,3.42,6.61,5.49,4.86,6.57,6.74,7.79,6.46,5.77,2.7,3.6,3.73,4.6,4.51,4.08,1.9,5.49,6.07,0.94,4.48,2.54,5.0,4.0,3.29,5.0,5.49,5.98,5.06,8.45,1.5,7.77,7.32,4.85,3.85,5.77,0.51,加拿大,孟加拉国,-1,-1,general,→,2028-2033,4.66,4.6,4.92,5.0,5.48,5.37,4.01,4.75,4.66,5.48,5.38,4.3,2026-04-13,2026-04-13,2000-2026
农业、资源与环境,AGR,采矿,矿业工程师,Mining Engineer,本科/硕士,24-32,global,45,7.05,7.09,4.0,5.49,4.99,5.43,7.04,7.66,7.9,5.59,5.1,5.22,2.58,3.69,4.16,3.05,5.06,1.9,6.0,7.07,2.47,3.52,3.04,4.0,3.57,2.8,4.5,4.98,3.98,5.62,7.91,1.59,7.29,5.68,4.85,3.67,5.91,0.53,澳大利亚,孟加拉国,0,0,general,→,2032-2038,4.64,4.55,5.03,4.73,5.64,5.19,4.08,4.81,4.75,5.72,5.42,4.24,2026-04-13,2026-04-13,2000-2026
农业、资源与环境,AGR,种植,花卉种植师,Floriculturist / Flower Grower,无要求/中学,16-35,global,45,3.12,2.05,3.63,7.6,5.61,5.74,4.1,4.74,3.26,4.58,5.18,5.67,4.57,4.25,5.1,3.52,3.09,1.89,3.42,3.57,0.65,7.02,5.09,6.42,6.58,6.16,7.08,3.96,5.92,1.06,7.46,2.93,2.77,3.07,4.85,4.15,5.84,0.48,荷兰,埃及,0,-1,general,→,2026-2030,4.55,4.66,4.84,4.64,5.55,5.06,4.32,4.93,4.69,5.68,5.51,4.29,2026-04-13,2026-04-13,2000-2026
服务业与消费,SVC,特殊合法职业,博彩从业者/荷官,Casino Dealer / Gaming Worker,无要求/证书,18-35,regional,45,3.53,2.03,4.05,5.57,5.21,5.66,4.56,3.95,4.62,4.57,5.15,5.04,4.97,4.26,5.64,4.0,4.05,2.5,7.03,4.03,1.51,5.02,3.03,4.07,4.58,4.77,4.53,7.46,5.0,5.51,4.48,4.47,3.28,5.6,4.84,3.8,5.81,0.58,澳大利亚,尼日利亚,1,1,general,↑,2032-2038,4.83,4.58,4.79,4.86,5.6,5.07,4.01,4.86,4.49,5.6,5.63,4.08,2026-04-13,2026-04-13,2000-2026
文化、艺术与传媒,ART,体育竞技,运动心理学家,Sports Psychologist,硕士/博士,26-34,global,45,7.57,8.04,5.14,8.04,4.74,5.91,5.11,4.66,6.26,3.61,3.13,5.55,4.48,3.73,5.6,3.99,3.56,4.45,7.51,7.1,1.49,5.02,2.59,8.55,3.51,4.75,1.91,7.52,2.0,2.48,5.04,3.07,7.25,6.12,4.84,3.6,5.79,0.56,德国,孟加拉国,2,1,general,→,2035+,4.9,4.47,4.8,4.73,5.46,5.16,3.99,4.94,4.56,5.54,5.68,4.2,2026-04-13,2026-04-13,2000-2026
文化、艺术与传媒,ART,传统表演艺术,黑人灵歌/福音歌手,Gospel Singer,专科/师承,12-20,global,45,7.05,4.61,3.17,6.02,3.18,3.7,3.61,3.64,3.8,3.11,4.14,7.06,6.02,5.74,4.64,4.06,3.57,2.95,9.07,5.6,2.02,5.51,4.06,8.01,3.06,5.27,4.52,7.0,5.92,2.61,3.48,4.55,4.29,5.09,4.83,3.62,5.66,0.54,荷兰,孟加拉国,-2,-2,general,↓,2035+,4.83,4.53,4.74,4.63,5.47,5.25,4.03,4.94,4.49,5.5,5.6,4.27,2026-04-13,2026-04-13,2000-2026
农业、资源与环境,AGR,畜牧,家禽养殖者,Poultry Farmer,无要求/中学,16-35,global,45,3.55,2.61,3.63,7.51,5.23,7.27,4.62,5.28,3.71,4.6,5.69,5.18,4.62,3.71,4.65,3.51,3.12,1.41,3.93,3.62,0.57,7.01,4.55,5.54,6.1,4.24,6.5,3.99,6.6,1.54,6.46,3.0,2.8,3.57,4.83,4.01,5.97,0.53,荷兰,巴基斯坦,0,0,general,→,2026-2030,4.59,4.58,4.82,4.73,5.53,5.06,4.12,4.9,4.63,5.74,5.57,4.21,2026-04-13,2026-04-13,2000-2026
农业、资源与环境,AGR,种植,粮食作物种植者,Grain Farmer,无要求/中学,16-35,global,45,3.06,2.02,3.55,7.59,5.62,8.67,4.17,4.75,3.28,4.61,5.15,5.66,4.53,4.27,5.17,3.53,3.1,1.91,3.46,3.58,0.61,7.06,5.02,5.55,6.52,4.69,7.08,3.99,7.44,1.1,7.97,3.02,2.72,3.16,4.83,4.1,5.78,0.45,丹麦,尼日利亚,0,-1,general,→,2026-2030,4.51,4.56,4.79,4.69,5.56,5.1,4.41,4.85,4.67,5.58,5.45,4.36,2026-04-13,2026-04-13,2000-2026
文化、艺术与传媒,ART,传统表演艺术,昆曲演员,Kunqu Opera Performer,专科/师承,12-20,regional,45,7.04,4.5,3.16,6.52,3.18,1.73,3.61,3.62,3.85,3.12,4.18,7.05,6.07,5.75,4.61,4.06,3.5,2.94,9.04,6.51,1.99,5.51,4.06,8.0,3.08,5.23,4.53,7.03,5.96,2.54,3.42,4.59,4.27,5.08,4.83,3.81,5.74,0.55,澳大利亚,孟加拉国,-2,-2,general,↓,2035+,4.9,4.48,4.74,4.67,5.48,5.3,4.11,4.88,4.43,5.52,5.63,4.27,2026-04-13,2026-04-13,2000-2026
农业、资源与环境,AGR,种植,咖啡种植者,Coffee Farmer,无要求/中学,16-35,regional,45,3.11,2.05,3.64,7.58,5.62,5.67,4.11,4.74,3.3,4.58,5.17,5.67,4.56,4.29,5.13,3.53,3.08,1.94,3.44,3.56,0.56,7.02,5.0,6.03,7.02,4.71,7.07,3.99,7.4,1.02,7.55,3.09,3.79,3.16,4.83,4.19,5.8,0.46,荷兰,尼日利亚,0,-1,general,→,2026-2030,4.54,4.56,4.8,4.67,5.51,5.13,4.34,4.93,4.66,5.58,5.48,4.3,2026-04-13,2026-04-13,2000-2026
文化、艺术与传媒,ART,体育竞技,职业田径运动员,Professional Track & Field Athlete,高中/体校,14-22,global,45,6.04,4.02,5.17,3.08,4.74,5.43,5.18,4.67,5.33,3.68,3.08,5.51,4.49,3.74,5.64,4.03,3.5,4.4,9.0,6.58,1.51,5.03,2.57,8.57,3.6,4.73,2.04,7.49,9.02,2.56,5.04,3.0,7.25,6.13,4.82,3.68,5.79,0.56,德国,孟加拉国,2,1,general,→,2035+,4.85,4.4,4.78,4.61,5.41,5.19,4.04,4.93,4.53,5.51,5.68,4.24,2026-04-13,2026-04-13,2000-2026
交通运输与物流,TRA,公路,公交车司机,Bus Driver,驾照/高中,20-35,global,45,2.51,2.03,3.26,6.58,6.36,8.36,4.73,5.77,3.52,5.09,6.19,5.7,4.11,3.75,4.64,3.08,3.08,1.43,2.88,3.7,0.57,5.6,3.54,4.05,5.04,3.71,6.55,6.51,7.03,4.59,3.43,5.51,3.7,5.02,4.82,3.5,5.91,0.7,瑞士,孟加拉国,0,-2,general,→,2025-2028,4.87,4.47,4.87,4.88,5.79,5.15,3.73,4.86,4.31,5.71,5.75,3.94,2026-04-13,2026-04-13,2000-2026
交通运输与物流,TRA,公路,拖车司机/重型运输司机,Tow Truck / Heavy Hauler Driver,驾照/高中,20-35,global,45,2.55,2.04,3.22,6.52,6.32,8.46,5.18,5.66,4.4,5.07,5.15,4.7,4.1,3.69,4.63,3.06,3.11,1.39,4.33,3.62,0.55,5.51,3.54,4.09,5.05,3.35,6.53,4.06,7.51,4.53,5.99,5.55,3.75,3.09,4.82,3.36,5.94,0.71,瑞士,孟加拉国,0,-2,general,→,2026-2030,4.91,4.47,4.81,4.93,5.86,5.16,3.69,4.87,4.33,5.59,5.72,3.86,2026-04-13,2026-04-13,2000-2026
文化、艺术与传媒,ART,体育竞技,相扑力士,Sumo Wrestler (Rikishi),高中/体校,14-22,country_specific,45,6.08,4.1,5.17,3.6,4.76,1.95,5.1,4.67,5.76,3.63,3.12,5.55,4.54,3.71,5.65,4.09,3.56,4.42,9.53,7.02,1.52,5.06,2.52,8.58,3.54,4.74,2.04,7.49,9.5,2.58,4.98,3.04,7.24,6.1,4.82,3.59,5.89,0.58,德国,孟加拉国,2,1,general,→,2035+,4.83,4.4,4.81,4.65,5.46,5.27,3.94,5.0,4.57,5.58,5.63,4.19,2026-04-13,2026-04-13,2000-2026
农业、资源与环境,AGR,石油天然气,天然气处理技师,Natural Gas Processing Technician,大专/技校,20-30,global,45,4.56,4.0,3.46,6.49,5.42,4.88,6.07,6.72,6.1,6.58,5.73,3.66,3.58,3.71,4.65,4.48,4.04,1.89,4.96,6.02,1.02,4.48,3.11,4.93,4.03,3.28,5.06,5.56,6.03,5.02,8.42,1.52,6.74,7.36,4.82,3.83,5.7,0.52,澳大利亚,孟加拉国,-1,-1,general,→,2028-2033,4.61,4.58,4.92,5.07,5.39,5.29,3.99,4.66,4.6,5.54,5.39,4.21,2026-04-13,2026-04-13,2000-2026
文化、艺术与传媒,ART,体育竞技,运动营养师,Sports Nutritionist,本科,24-32,global,45,6.07,6.08,5.12,7.51,4.74,5.98,5.12,4.67,5.25,3.61,3.13,5.53,4.5,3.72,5.63,4.1,3.56,4.43,7.04,6.51,1.47,5.02,2.6,8.51,3.51,4.73,1.98,7.5,2.99,3.48,4.98,3.04,7.2,6.14,4.81,3.71,5.72,0.57,德国,孟加拉国,2,1,general,→,2032-2038,4.81,4.38,4.74,4.7,5.49,5.2,4.04,4.93,4.52,5.52,5.66,4.12,2026-04-13,2026-04-13,2000-2026
文化、艺术与传媒,ART,体育竞技,职业拳击手/格斗选手,Professional Boxer / MMA Fighter,高中/体校,14-22,global,45,6.12,4.1,5.24,2.59,4.72,5.95,5.2,4.6,6.66,3.63,3.16,3.03,4.55,3.77,5.58,4.05,3.52,4.42,9.03,7.07,1.48,5.03,2.52,8.55,3.63,4.73,1.96,7.49,9.48,2.6,4.95,3.0,7.22,6.01,4.81,3.6,5.72,0.57,荷兰,孟加拉国,2,1,general,→,2035+,4.87,4.42,4.74,4.68,5.4,5.15,3.91,4.91,4.57,5.52,5.66,4.21,2026-04-13,2026-04-13,2000-2026
农业、资源与环境,AGR,种植,灌溉专员,Irrigation Specialist,大专/培训,20-30,global,45,4.06,3.11,3.54,7.49,5.65,6.24,5.13,4.74,3.33,4.64,5.16,6.11,4.56,4.21,5.15,3.56,3.07,1.92,3.9,3.55,0.63,7.0,5.05,5.45,6.55,4.75,7.03,3.98,5.9,1.08,7.97,3.0,2.72,3.06,4.81,4.1,5.78,0.48,荷兰,尼日利亚,0,-1,general,→,2026-2030,4.55,4.55,4.77,4.65,5.54,5.12,4.26,4.87,4.61,5.57,5.46,4.3,2026-04-13,2026-04-13,2000-2026
文化、艺术与传媒,ART,体育竞技,运动医学医生,Sports Medicine Doctor,博士,28-35,global,45,7.99,8.01,5.18,8.06,4.78,5.91,5.16,4.66,7.15,3.62,3.13,5.55,4.54,3.74,5.63,4.01,3.55,4.44,7.54,8.2,1.44,5.09,2.56,8.46,3.54,4.69,2.03,7.53,3.49,7.07,4.91,2.97,7.23,6.1,4.81,3.66,5.73,0.56,荷兰,孟加拉国,2,1,general,→,2035+,4.84,4.39,4.88,4.67,5.44,5.17,4.04,4.97,4.48,5.5,5.62,4.14,2026-04-13,2026-04-13,2000-2026
农业、资源与环境,AGR,畜牧,蚕丝养殖者,Sericulturist / Silkworm Farmer,无要求/中学,16-35,regional,45,3.62,2.56,1.57,7.48,5.22,3.29,4.69,5.27,3.79,4.58,5.67,5.15,4.59,3.74,4.65,3.52,3.18,1.44,6.42,3.08,0.55,7.04,4.54,5.58,6.08,4.27,6.55,4.06,4.62,1.55,6.95,3.0,2.28,3.52,4.81,3.99,5.78,0.51,荷兰,巴基斯坦,-2,-2,general,→,2032-2038,4.57,4.52,4.85,4.74,5.53,5.11,4.06,4.92,4.6,5.56,5.51,4.2,2026-04-13,2026-04-13,2000-2026
农业、资源与环境,AGR,林业,森林消防员,Wildland Firefighter,培训+体能,20-35,global,45,3.52,2.56,3.11,7.02,4.08,4.65,4.63,5.22,4.73,4.58,5.68,2.22,3.06,3.31,3.62,3.51,3.11,1.38,8.57,6.09,0.56,6.58,2.49,8.03,4.06,3.26,5.55,4.04,9.05,2.49,6.97,2.49,3.3,4.61,4.8,4.01,5.72,0.49,澳大利亚,巴基斯坦,1,0,general,→,2035+,4.55,4.51,4.85,4.76,5.57,5.11,4.13,4.86,4.61,5.65,5.38,4.28,2026-04-13,2026-04-13,2000-2026
文化、艺术与传媒,ART,体育竞技,职业游泳运动员,Professional Swimmer,高中/体校,14-22,global,45,6.1,4.09,5.16,3.05,4.79,4.98,5.12,4.68,5.26,3.57,3.16,5.53,4.55,3.76,5.62,4.09,3.54,4.46,8.98,6.67,1.56,5.04,2.57,8.57,3.52,4.74,2.08,7.51,8.98,2.5,4.91,3.0,7.23,6.11,4.8,3.62,5.8,0.57,德国,孟加拉国,2,1,general,→,2035+,4.81,4.39,4.76,4.66,5.37,5.17,3.98,5.02,4.5,5.52,5.65,4.22,2026-04-13,2026-04-13,2000-2026
公共管理与公务员,GOV,情报安全,反恐专家,Counter-terrorism Specialist,本科/军校,22-30,global,45,7.6,7.04,5.09,7.18,3.17,2.11,5.47,5.5,7.51,5.69,8.24,3.59,4.03,3.56,4.07,5.04,4.08,1.91,7.56,7.52,1.09,4.65,3.09,8.07,1.06,3.75,4.02,5.96,7.49,8.98,1.95,0.62,4.04,9.53,4.8,3.85,5.59,0.47,瑞典,尼日利亚,1,2,general,↑,2035+,4.93,4.56,4.72,4.78,5.56,4.81,4.23,4.94,4.46,5.37,5.32,4.17,2026-04-13,2026-04-13,2000-2026
文化、艺术与传媒,ART,体育竞技,体能训练师,Strength & Conditioning Coach,本科,22-32,global,45,6.06,4.1,5.21,6.51,4.77,5.94,5.16,4.61,4.84,3.67,3.13,5.55,4.51,3.67,5.59,4.03,3.51,4.45,7.52,6.56,1.43,5.04,2.52,8.57,3.56,4.69,2.04,7.48,7.01,3.52,4.92,2.99,7.22,6.12,4.8,3.65,5.84,0.57,德国,孟加拉国,2,1,general,→,2035+,4.78,4.41,4.75,4.69,5.43,5.18,3.95,4.94,4.5,5.52,5.68,4.21,2026-04-13,2026-04-13,2000-2026
文化、艺术与传媒,ART,传统表演艺术,评书/说书人,Storyteller (Pingshu),专科/师承,12-20,regional,45,7.1,4.51,3.13,6.06,3.18,2.21,3.65,3.59,3.34,3.09,4.17,7.03,6.02,5.76,4.71,4.0,3.59,2.92,8.96,5.6,1.97,5.56,4.07,8.04,3.09,5.29,4.56,8.59,5.99,2.57,3.56,4.43,4.18,5.11,4.8,3.76,5.69,0.54,澳大利亚,孟加拉国,-2,-2,general,↓,2035+,4.89,4.44,4.76,4.65,5.43,5.17,4.04,4.81,4.48,5.46,5.59,4.2,2026-04-13,2026-04-13,2000-2026
信息技术与数字化,TECH,新兴数字职业,数据标注师,Data Annotator,高中/大专,18-40,global,45,1.54,1.53,2.62,3.49,4.14,5.55,4.11,2.32,2.77,4.06,3.64,9.52,5.99,5.15,4.14,3.5,4.02,2.92,2.03,3.15,8.54,3.52,6.01,3.08,3.03,7.16,8.07,3.48,0.94,0.12,5.46,7.53,4.79,3.16,4.79,3.65,5.83,0.67,瑞典,孟加拉国,2,1,general,↑,2025-2028,4.84,4.42,4.79,4.85,5.73,5.27,4.02,4.68,4.32,5.44,5.64,3.87,2026-04-13,2026-04-13,2000-2026
文化、艺术与传媒,ART,传统表演艺术,印度古典舞者,Indian Classical Dancer,专科/师承,12-20,regional,45,7.11,4.58,3.1,6.02,3.23,3.22,3.68,3.68,3.34,3.09,4.09,6.99,6.0,5.73,4.62,4.01,3.51,2.96,9.04,6.07,2.03,5.53,3.98,8.07,3.02,5.29,4.58,6.97,6.5,2.57,3.44,4.43,4.27,5.01,4.79,3.8,5.78,0.53,德国,孟加拉国,-2,-2,general,↓,2035+,4.85,4.45,4.75,4.64,5.43,5.14,4.13,4.87,4.46,5.3,5.63,4.16,2026-04-13,2026-04-13,2000-2026
文化、艺术与传媒,ART,传统表演艺术,粤剧演员,Cantonese Opera Performer,专科/师承,12-20,regional,45,7.06,4.55,3.11,6.6,3.12,2.25,3.63,3.69,3.29,3.16,4.17,7.03,6.03,5.72,4.58,4.03,3.49,2.9,9.03,5.59,1.99,5.55,4.03,7.98,3.08,5.21,4.56,7.02,6.01,2.48,3.43,4.54,4.22,5.08,4.79,3.7,5.7,0.53,瑞士,孟加拉国,-2,-2,general,↓,2035+,4.89,4.47,4.73,4.62,5.42,5.14,4.05,4.83,4.42,5.39,5.57,4.21,2026-04-13,2026-04-13,2000-2026
农业、资源与环境,AGR,石油天然气,海上石油平台工人,Offshore Oil Platform Worker,培训/技校,20-32,global,45,3.56,2.52,3.49,6.51,5.4,4.9,6.06,6.8,6.67,6.52,5.81,2.21,2.55,2.79,3.13,4.46,4.06,1.92,6.02,6.08,0.93,4.49,1.61,4.98,4.04,3.26,4.96,5.52,9.01,4.98,8.49,1.54,7.24,7.35,4.79,3.78,5.72,0.52,加拿大,肯尼亚,-1,-1,general,→,2032-2038,4.6,4.52,4.84,5.0,5.39,5.23,3.96,4.7,4.58,5.44,5.36,4.28,2026-04-13,2026-04-13,2000-2026
文化、艺术与传媒,ART,传统表演艺术,落语家,Rakugo Performer,专科/师承,12-20,country_specific,45,7.1,4.61,3.06,6.1,3.13,1.77,3.68,3.61,3.34,3.17,4.16,7.03,6.01,5.66,4.63,4.08,3.5,2.96,9.03,6.09,2.0,5.56,4.07,8.02,3.09,5.29,4.57,7.01,6.01,2.51,3.43,4.56,4.28,5.08,4.78,3.77,5.64,0.52,瑞士,巴基斯坦,-2,-2,general,↓,2035+,4.83,4.47,4.7,4.64,5.36,5.12,4.1,4.8,4.44,5.4,5.58,4.2,2026-04-13,2026-04-13,2000-2026
农业、资源与环境,AGR,采矿,地质学家/探矿师,Geologist / Exploration Geologist,本科/硕士,24-32,global,45,7.61,7.58,2.95,5.5,5.0,5.44,6.63,7.21,7.37,5.54,5.16,5.7,2.62,3.73,4.18,2.99,2.59,1.95,6.45,7.0,2.51,3.49,3.07,6.98,3.55,2.74,4.47,5.02,5.08,5.12,7.93,1.55,7.71,5.66,4.78,3.55,5.9,0.55,澳大利亚,孟加拉国,0,0,general,→,2032-2038,4.59,4.42,5.05,4.71,5.55,5.23,3.91,4.69,4.68,5.64,5.31,4.22,2026-04-13,2026-04-13,2000-2026
服务业与消费,SVC,清洁与维护,电梯操作员,Elevator Operator,无要求,18-45,global,45,2.0,1.5,3.58,7.0,5.68,3.07,5.04,5.45,2.42,3.56,5.16,6.07,5.02,5.26,5.11,3.54,4.53,0.98,4.02,2.06,0.98,3.5,4.03,3.51,4.03,5.24,6.43,4.51,7.52,1.0,3.98,5.5,3.24,3.52,4.78,3.9,5.81,0.52,瑞士,孟加拉国,-2,-3,general,↓,2026-2030,4.67,4.55,4.66,4.74,5.59,4.99,4.04,4.82,4.47,5.44,5.52,4.17,2026-04-13,2026-04-13,2000-2026
交通运输与物流,TRA,公路,特种车辆驾驶员,Specialized Vehicle Driver,驾照/高中,20-35,global,45,2.56,2.1,3.2,6.49,6.36,8.32,5.23,5.8,4.9,5.06,5.19,4.2,4.04,3.73,4.62,3.02,3.09,1.4,3.88,3.69,0.56,5.56,3.56,4.08,5.11,3.26,6.56,3.94,7.49,5.62,5.94,5.55,3.72,3.09,4.78,3.51,5.82,0.71,瑞士,孟加拉国,0,-2,general,→,2026-2030,4.88,4.4,4.83,4.88,5.76,5.12,3.71,4.86,4.24,5.6,5.67,3.88,2026-04-13,2026-04-13,2000-2026
交通运输与物流,TRA,公路,摩托车信使,Motorcycle Courier,驾照/高中,20-35,global,45,2.5,2.06,3.21,6.49,6.38,8.36,4.76,5.71,3.17,5.09,5.14,3.71,4.09,3.71,4.6,3.07,3.1,1.41,3.37,3.65,0.61,5.59,3.54,4.11,6.15,3.31,6.56,3.99,7.99,2.54,4.94,7.52,3.74,3.08,4.77,3.56,5.91,0.7,瑞士,孟加拉国,0,0,general,→,2025-2028,4.81,4.48,4.81,4.82,5.74,5.09,3.75,4.86,4.2,5.51,5.71,3.87,2026-04-13,2026-04-13,2000-2026
文化、艺术与传媒,ART,传统表演艺术,皮影戏表演者,Shadow Puppetry Performer,专科/师承,12-20,regional,45,7.04,4.62,3.1,5.98,3.18,1.65,3.68,3.63,2.9,3.11,4.15,7.05,5.99,5.72,4.6,4.02,3.52,2.92,9.5,5.53,1.95,5.51,4.02,8.01,3.09,5.23,4.57,6.98,4.47,2.48,3.46,4.48,4.21,5.02,4.77,3.72,5.6,0.53,荷兰,巴基斯坦,-2,-2,general,↓,2035+,4.83,4.45,4.72,4.6,5.39,5.11,4.03,4.87,4.43,5.4,5.56,4.18,2026-04-13,2026-04-13,2000-2026
农业、资源与环境,AGR,渔业,淡水渔业养殖者,Freshwater Fish Farmer,无要求,16-30,global,45,3.04,2.1,3.2,6.55,4.76,6.5,4.61,5.27,3.91,4.58,4.67,5.15,4.09,3.75,4.62,3.06,2.64,1.44,5.04,3.59,0.66,7.02,4.55,5.5,6.57,3.31,5.58,4.98,7.0,3.06,7.45,3.47,3.75,3.54,4.76,3.73,5.69,0.51,荷兰,巴基斯坦,0,-1,general,→,2028-2033,4.85,4.59,4.69,4.55,5.55,5.01,4.03,4.9,4.48,5.43,5.34,4.01,2026-04-13,2026-04-13,2000-2026
公共管理与公务员,GOV,军事,军官,Military Officer,本科/军校,18-25,global,45,7.09,7.08,4.66,7.66,3.66,3.27,4.49,3.93,6.6,5.69,8.62,3.64,4.05,3.54,4.08,5.53,4.52,2.42,7.56,8.51,0.66,4.57,3.11,7.53,1.06,3.73,4.05,7.51,6.95,8.5,1.46,0.59,3.61,9.47,4.75,3.89,5.66,0.46,丹麦,孟加拉国,0,1,general,↑,2035+,4.85,4.57,4.72,4.82,5.47,4.86,4.24,4.83,4.38,5.2,5.3,4.07,2026-04-13,2026-04-13,2000-2026
公共管理与公务员,GOV,警察执法,警察,Police Officer,大专/本科,20-28,global,45,4.58,4.55,3.7,7.66,5.61,6.65,4.48,3.95,5.17,5.25,8.56,4.2,4.08,4.05,3.58,4.57,3.5,3.44,7.06,6.6,0.65,4.12,4.07,6.61,1.06,4.22,5.08,8.0,7.01,7.5,0.98,1.01,2.43,8.99,4.75,3.75,5.6,0.53,丹麦,尼日利亚,0,0,general,→,2032-2038,4.84,4.52,4.65,4.78,5.53,4.81,4.14,4.91,4.36,5.44,5.36,4.01,2026-04-13,2026-04-13,2000-2026
农业、资源与环境,AGR,林业,木材加工师,Timber Processing Specialist / Sawyer,技校/培训,18-35,global,45,3.58,2.57,3.03,7.04,4.14,4.66,4.55,5.28,3.74,4.55,5.68,3.68,3.55,5.21,5.11,3.52,3.02,1.4,6.0,4.05,0.56,6.6,4.52,6.58,4.05,3.79,5.51,4.0,8.48,2.58,5.4,2.54,3.28,4.57,4.75,3.92,5.72,0.48,澳大利亚,尼日利亚,1,0,general,→,2032-2038,4.5,4.47,4.8,4.62,5.45,5.07,4.08,4.79,4.66,5.57,5.34,4.21,2026-04-13,2026-04-13,2000-2026
交通运输与物流,TRA,公路,出租车司机,Taxi Driver,驾照/高中,20-35,global,45,2.53,2.04,3.2,6.51,6.31,8.36,4.7,5.77,3.56,5.15,5.15,5.2,4.09,3.72,4.65,3.01,3.11,1.41,1.86,3.6,0.58,5.55,3.5,4.09,6.57,3.23,6.6,6.01,7.02,3.6,5.98,7.01,3.72,3.08,4.75,3.4,5.87,0.7,瑞士,孟加拉国,0,-3,general,↓,2025-2028,4.75,4.44,4.76,4.81,5.76,5.08,3.63,4.85,4.19,5.54,5.68,3.89,2026-04-13,2026-04-13,2000-2026
农业、资源与环境,AGR,渔业,水产养殖技术员,Aquaculture Technician,大专/培训,20-30,global,45,4.56,3.56,5.12,6.62,4.67,6.52,5.66,5.24,4.73,4.6,4.63,5.16,4.04,3.74,4.65,3.05,2.57,1.4,5.04,3.64,0.6,6.6,3.08,5.5,5.52,3.28,5.51,4.98,6.5,3.02,7.44,3.54,3.7,3.53,4.75,3.72,5.84,0.53,丹麦,巴基斯坦,0,1,general,↑,2028-2033,4.86,4.54,4.57,4.55,5.53,4.94,3.99,4.98,4.45,5.44,5.43,4.05,2026-04-13,2026-04-13,2000-2026
服务业与消费,SVC,特殊合法职业,性工作者(合法地区),Licensed Sex Worker (Legal Jurisdictions),无要求/证书,18-35,regional,45,2.54,2.01,4.12,5.56,5.22,5.16,4.55,3.92,4.63,4.52,3.14,3.53,5.01,4.22,7.13,4.09,4.09,2.47,8.51,2.07,1.54,5.02,3.09,3.07,4.55,3.24,4.56,6.51,6.03,5.02,3.49,4.5,3.2,5.59,4.75,3.74,5.76,0.58,瑞士,孟加拉国,1,1,general,↑,2035+,4.74,4.51,4.66,4.78,5.56,4.99,3.92,4.72,4.37,5.52,5.52,4.05,2026-04-13,2026-04-13,2000-2026
农业、资源与环境,AGR,渔业,珍珠养殖者,Pearl Farmer / Oyster Culturist,无要求,16-30,regional,45,3.05,2.06,3.17,6.5,4.74,3.02,4.62,5.25,3.79,4.62,4.66,4.65,4.1,3.71,4.62,3.18,2.55,1.38,7.04,3.59,0.61,6.54,3.03,6.53,6.06,3.22,5.53,5.0,6.48,3.09,7.43,3.51,3.2,3.53,4.74,3.79,5.82,0.51,丹麦,尼日利亚,0,-1,general,→,2032-2038,4.81,4.58,4.67,4.57,5.57,5.0,4.06,4.86,4.38,5.47,5.26,4.0,2026-04-13,2026-04-13,2000-2026
文化、艺术与传媒,ART,传统表演艺术,二人转演员,Er Ren Zhuan Performer,专科/师承,12-20,country_specific,45,7.08,4.58,3.12,6.09,3.16,1.73,3.59,3.68,2.83,3.05,4.11,7.02,6.02,5.7,4.62,4.07,3.59,2.92,9.07,5.51,1.99,5.53,4.08,8.0,3.14,5.18,4.6,6.95,6.0,2.53,3.49,4.57,4.23,5.13,4.73,3.75,5.68,0.54,荷兰,巴基斯坦,-2,-2,general,↓,2035+,4.84,4.33,4.71,4.55,5.35,5.07,4.02,4.76,4.38,5.38,5.54,4.2,2026-04-13,2026-04-13,2000-2026
交通运输与物流,TRA,快递最后一公里,包裹柜运维员,Parcel Locker Technician,技校/培训,20-30,global,45,3.09,3.12,5.71,4.5,7.77,8.77,4.28,4.23,3.93,4.58,4.15,7.68,4.08,3.22,4.13,2.53,3.11,1.92,4.9,3.14,0.56,5.53,3.53,3.53,4.6,3.75,7.04,4.02,5.02,1.58,5.41,4.07,2.7,4.13,4.72,3.36,5.9,0.7,瑞士,巴基斯坦,4,3,general,↑↑,2028-2033,4.79,4.33,4.76,4.8,5.63,5.05,3.59,4.75,4.27,5.59,5.62,3.88,2026-04-13,2026-04-13,2000-2026
公共管理与公务员,GOV,司法行政,法警,Court Marshal / Bailiff,大专/本科,22-30,global,45,4.0,4.59,2.53,7.63,4.2,3.68,3.51,3.02,4.2,4.7,8.56,6.58,5.58,6.13,5.56,3.5,3.57,1.92,6.51,5.06,1.01,3.62,5.61,5.13,1.03,4.71,6.04,6.53,5.02,7.02,0.95,1.08,2.08,8.07,4.71,3.89,5.5,0.47,瑞典,肯尼亚,0,0,general,→,2032-2038,4.82,4.51,4.66,4.68,5.43,4.78,4.23,4.76,4.3,5.26,5.31,4.08,2026-04-13,2026-04-13,2000-2026
服务业与消费,SVC,特殊合法职业,彩票销售员,Lottery Sales Agent,无要求/证书,18-35,global,45,1.53,2.0,4.14,5.57,5.12,5.2,4.54,3.93,2.9,4.57,5.64,5.02,4.99,4.22,5.64,4.03,4.03,2.44,5.48,3.01,1.48,5.04,3.05,4.04,4.48,4.75,4.47,7.0,5.01,4.99,4.42,4.53,3.3,5.69,4.7,3.73,5.75,0.57,瑞士,巴基斯坦,1,1,general,↑,2028-2033,4.67,4.48,4.67,4.73,5.49,4.91,3.85,4.77,4.26,5.4,5.45,4.0,2026-04-13,2026-04-13,2000-2026
交通运输与物流,TRA,快递最后一公里,同城配送员,Same-City Express Courier,无要求,18-35,global,45,1.57,1.58,6.24,4.57,7.84,8.82,4.25,4.3,3.26,4.62,4.15,5.18,4.02,3.23,4.14,2.58,3.04,1.89,3.38,3.14,0.66,5.56,3.5,3.58,4.6,3.77,7.04,4.99,7.99,1.53,5.38,6.53,2.74,4.06,4.69,3.42,5.96,0.69,瑞士,孟加拉国,4,3,general,↑↑,2026-2030,4.73,4.27,4.72,4.8,5.61,5.04,3.63,4.73,4.2,5.57,5.6,3.84,2026-04-13,2026-04-13,2000-2026
服务业与消费,SVC,特殊合法职业,烟草专卖员(合法地区),Tobacco Retail Specialist,无要求/证书,18-35,regional,45,2.52,2.0,4.08,5.58,5.28,4.3,4.6,3.94,3.27,4.58,5.18,5.02,5.05,4.24,5.61,4.04,4.01,2.45,5.51,3.03,1.58,5.03,3.03,4.07,4.57,4.77,4.55,6.52,4.98,5.12,4.48,4.57,3.28,5.56,4.65,3.72,5.76,0.56,瑞士,巴基斯坦,-1,-2,general,→,2028-2033,4.65,4.43,4.57,4.65,5.42,4.84,3.82,4.65,4.28,5.51,5.42,3.95,2026-04-13,2026-04-13,2000-2026
农业、资源与环境,AGR,种植,烟草种植者,Tobacco Farmer,无要求/中学,16-35,regional,45,3.08,2.11,1.56,7.53,5.66,5.26,4.2,4.75,3.25,4.62,5.15,5.65,4.58,4.21,5.17,3.59,3.06,1.92,3.9,3.07,0.58,7.03,5.02,4.08,6.54,4.79,7.06,4.02,7.41,1.03,7.99,3.06,2.79,3.06,4.65,4.0,5.6,0.48,丹麦,肯尼亚,-2,-3,general,↓,2026-2030,4.35,4.42,4.6,4.46,5.41,4.86,4.08,4.77,4.51,5.45,5.32,4.11,2026-04-13,2026-04-13,2000-2026
农业、资源与环境,AGR,石油天然气,油田技术员,Oilfield Technician,技校/培训,20-30,global,45,4.08,3.09,3.47,6.48,5.48,4.88,5.52,6.75,5.65,6.52,5.72,2.63,3.52,3.25,3.6,4.48,4.07,1.91,4.98,4.54,1.08,4.5,2.07,4.97,4.04,3.23,5.06,5.51,7.96,5.01,8.47,1.5,6.74,7.25,4.65,3.56,5.67,0.54,澳大利亚,巴基斯坦,-1,-1,general,→,2028-2033,4.47,4.38,4.71,4.84,5.2,5.24,3.76,4.5,4.48,5.41,5.21,4.06,2026-04-13,2026-04-13,2000-2026
交通运输与物流,TRA,快递最后一公里,快递员,Courier / Delivery Driver,无要求,18-35,global,45,1.57,1.6,6.29,4.51,7.8,8.78,4.29,4.24,3.26,4.59,4.16,5.7,4.01,2.76,3.6,2.56,3.06,1.9,2.87,3.22,0.69,5.51,3.52,3.53,4.52,3.75,7.08,5.49,7.98,1.58,5.45,6.05,2.72,4.05,4.64,3.32,5.75,0.69,荷兰,孟加拉国,4,2,general,↑,2025-2028,4.72,4.32,4.62,4.71,5.54,4.97,3.55,4.76,4.15,5.4,5.53,3.72,2026-04-13,2026-04-13,2000-2026
交通运输与物流,TRA,公路,长途卡车司机,Long-haul Truck Driver,驾照/高中,20-35,global,45,2.56,2.13,3.21,6.55,6.37,8.33,5.7,6.74,4.42,5.12,5.12,4.7,4.04,2.74,3.58,3.06,3.18,1.4,1.89,3.68,0.58,5.57,2.07,4.05,5.08,3.32,6.6,4.0,7.52,4.05,6.97,5.5,4.26,3.03,4.64,3.42,5.77,0.7,瑞士,尼日利亚,0,-3,general,↓,2025-2028,4.66,4.26,4.63,4.73,5.62,5.03,3.63,4.75,4.09,5.44,5.55,3.73,2026-04-13,2026-04-13,2000-2026
农业、资源与环境,AGR,渔业,远洋渔民,Deep-sea Fisherman,无要求,18-30,global,45,3.06,2.06,3.16,6.57,4.71,6.54,4.66,5.28,4.74,4.64,4.65,2.24,3.08,2.78,3.61,3.13,2.61,1.41,6.98,3.6,0.66,6.56,1.55,5.59,5.58,2.38,4.55,6.0,9.5,3.01,7.46,3.47,5.3,3.53,4.64,3.64,5.54,0.51,丹麦,巴基斯坦,0,-1,general,→,2032-2038,4.68,4.47,4.53,4.48,5.38,4.88,3.93,4.83,4.31,5.43,5.22,3.9,2026-04-13,2026-04-13,2000-2026
农业、资源与环境,AGR,渔业,水产品加工技师,Seafood Processing Technician,培训,18-35,global,45,3.1,2.06,3.2,6.53,4.72,6.92,4.66,5.24,3.33,4.6,4.63,4.66,4.06,3.75,4.64,3.02,2.51,1.39,4.0,3.63,0.57,6.49,3.02,5.58,5.59,4.7,5.54,5.01,7.51,3.06,7.46,3.55,3.73,3.61,4.6,3.63,5.68,0.52,丹麦,巴基斯坦,0,-1,general,→,2026-2030,4.68,4.42,4.5,4.39,5.4,4.79,3.94,4.75,4.24,5.36,5.22,3.87,2026-04-13,2026-04-13,2000-2026
农业、资源与环境,AGR,林业,伐木工,Logger / Lumberjack,无要求,18-35,global,45,3.53,2.52,3.07,5.55,4.15,4.61,4.63,5.29,3.72,4.55,5.65,2.69,2.57,5.22,3.67,3.54,3.08,1.38,6.55,3.05,0.63,6.54,4.56,6.54,4.04,3.79,4.02,4.01,9.56,2.54,5.5,2.48,3.29,4.61,4.58,3.69,5.49,0.47,澳大利亚,孟加拉国,1,0,general,→,2032-2038,4.34,4.29,4.64,4.52,5.29,4.84,3.91,4.67,4.43,5.34,5.16,4.08,2026-04-13,2026-04-13,2000-2026
交通运输与物流,TRA,快递最后一公里,外卖骑手,Food Delivery Rider,无要求,18-35,global,45,1.59,1.6,6.21,4.04,7.84,8.74,4.24,4.22,2.85,4.59,4.16,4.7,4.06,2.3,3.15,2.58,3.06,1.91,2.86,3.18,0.59,5.54,3.54,3.58,4.68,3.77,7.04,4.52,8.51,1.56,5.42,7.52,2.79,4.02,4.55,3.29,5.8,0.68,瑞士,孟加拉国,4,3,general,↑↑,2025-2028,4.58,4.18,4.55,4.62,5.5,4.91,3.53,4.57,4.06,5.3,5.46,3.71,2026-04-13,2026-04-13,2000-2026
公共管理与公务员,GOV,警察执法,交通警察,Traffic Police Officer,大专/本科,20-28,global,45,4.14,4.1,3.13,7.2,5.2,5.73,3.92,3.5,4.63,4.7,8.62,5.15,4.55,4.57,4.04,3.59,3.08,2.91,5.54,5.7,0.64,3.59,4.57,5.1,1.01,4.27,5.57,7.51,6.0,6.99,0.9,1.01,2.03,8.57,4.53,3.53,5.52,0.51,丹麦,尼日利亚,-1,-1,general,→,2028-2033,4.65,4.32,4.45,4.5,5.34,4.59,3.98,4.63,4.16,5.11,5.16,3.81,2026-04-13,2026-04-13,2000-2026
公共管理与公务员,GOV,司法行政,监狱管理人员,Corrections Officer,高中/大专,20-30,global,45,3.58,4.08,2.62,7.18,4.64,4.2,4.45,4.54,4.16,4.69,8.18,4.57,4.56,5.61,3.57,3.02,3.07,2.46,7.04,4.09,0.59,3.07,4.53,4.6,1.08,4.29,5.54,6.97,5.98,6.51,0.93,1.09,2.04,8.6,4.52,3.53,5.36,0.47,丹麦,尼日利亚,0,0,general,→,2032-2038,4.61,4.32,4.4,4.49,5.24,4.58,3.96,4.66,4.25,5.04,5.1,3.88,2026-04-13,2026-04-13,2000-2026
公共管理与公务员,GOV,警察执法,边防警察,Border Patrol Agent,高中/大专,18-28,global,45,4.1,4.11,3.14,7.18,4.66,4.23,4.48,4.01,4.66,4.72,8.58,4.66,4.57,4.07,4.1,3.5,3.01,2.4,6.56,5.65,0.67,3.66,3.62,6.12,1.05,3.66,5.05,6.48,7.48,7.47,1.49,0.5,2.51,9.05,4.51,3.56,5.38,0.52,丹麦,尼日利亚,0,1,general,↑,2032-2038,4.61,4.31,4.44,4.49,5.32,4.55,3.83,4.63,4.16,5.02,5.17,3.84,2026-04-13,2026-04-13,2000-2026
农业、资源与环境,AGR,采矿,FIFO矿工(飞进飞出矿工),FIFO Miner (Fly-In Fly-Out),技校+证书,20-35,regional,45,3.57,2.55,3.03,5.54,4.94,5.4,6.56,7.3,6.18,5.57,5.12,2.85,2.56,3.75,4.16,2.98,2.56,1.9,5.46,3.59,0.6,3.48,2.02,3.92,3.5,2.88,4.42,4.53,8.52,3.61,8.48,1.46,5.2,5.66,4.46,3.37,5.68,0.54,澳大利亚,孟加拉国,0,0,general,→,2028-2033,4.26,4.09,4.64,4.42,5.25,4.9,3.7,4.42,4.33,5.38,5.01,3.88,2026-04-13,2026-04-13,2000-2026
法律与社会服务,LAW,心理社会服务,赏金猎人,Bounty Hunter / Bail Enforcement Agent,高中/培训,21-35,country_specific,45,3.08,2.55,3.04,5.55,3.04,2.03,4.08,3.66,4.47,4.45,3.67,3.04,3.54,3.56,3.51,4.09,3.99,4.42,7.54,3.52,1.03,8.08,3.02,5.57,7.04,3.75,4.98,7.03,7.51,5.53,2.97,4.96,1.57,2.98,4.45,3.39,5.44,0.59,瑞士,孟加拉国,0,-1,general,→,2035+,4.49,4.14,4.35,4.39,5.3,4.7,3.66,4.48,4.09,5.09,5.24,3.77,2026-04-13,2026-04-13,2000-2026
农业、资源与环境,AGR,采矿,爆破技师,Blaster / Explosives Technician,专业培训+证书,22-35,global,45,4.54,3.6,2.92,5.48,4.94,5.43,6.03,6.2,5.68,5.55,5.17,2.05,2.55,3.76,4.16,3.03,2.56,1.92,7.02,4.03,0.57,3.51,3.0,3.95,3.52,2.85,4.56,5.06,8.03,7.05,7.99,1.5,4.22,5.65,4.35,3.37,5.54,0.51,澳大利亚,孟加拉国,0,0,general,→,2032-2038,4.19,4.06,4.61,4.18,5.09,4.74,3.59,4.25,4.24,5.2,4.88,3.82,2026-04-13,2026-04-13,2000-2026
公共管理与公务员,GOV,军事,士兵/士官,Enlisted Soldier / NCO,高中/大专,18-22,global,45,3.59,3.0,3.06,6.2,5.2,5.14,3.91,4.0,3.75,4.72,7.83,3.13,3.55,2.58,3.52,4.03,3.53,2.92,7.05,5.58,0.66,2.13,2.62,6.18,1.0,3.27,2.96,7.02,9.01,5.0,1.42,0.64,2.52,9.53,4.28,3.28,5.03,0.49,丹麦,尼日利亚,0,0,general,→,2032-2038,4.41,4.04,4.2,4.41,4.98,4.32,3.79,4.38,3.86,4.84,4.84,3.56,2026-04-13,2026-04-13,2000-2026
公共管理与公务员,GOV,地方公务员,城管执法人员,Urban Management Officer (Chengguan),高中/大专,20-30,country_specific,45,3.08,3.57,2.09,7.71,4.17,4.18,2.91,1.5,3.23,4.2,7.84,6.06,5.55,5.64,4.62,3.05,3.02,4.42,5.54,3.53,1.07,3.57,5.1,3.52,1.09,4.25,6.55,7.49,5.99,5.06,1.39,1.01,1.07,7.0,4.21,3.37,5.04,0.48,丹麦,尼日利亚,-1,-1,general,→,2028-2033,4.27,4.03,4.11,4.18,4.95,4.29,3.64,4.28,3.85,4.75,4.82,3.58,2026-04-13,2026-04-13,2000-2026
农业、资源与环境,AGR,采矿,露天矿工,Open-pit Miner,技校/中学,18-30,global,45,3.55,2.52,2.99,5.56,4.96,5.46,5.57,6.28,4.68,5.48,5.13,2.42,2.01,3.26,3.65,3.09,2.5,1.92,4.54,3.5,0.58,3.51,3.06,3.96,3.53,2.86,3.93,5.0,9.49,3.57,7.97,1.58,4.3,5.68,4.2,3.19,5.44,0.54,澳大利亚,孟加拉国,0,0,general,→,2028-2033,3.94,3.85,4.39,4.16,4.99,4.6,3.44,4.11,4.12,5.09,4.78,3.64,2026-04-13,2026-04-13,2000-2026
农业、资源与环境,AGR,采矿,井下矿工,Underground Miner,技校/中学,18-30,global,45,3.61,2.61,2.91,5.48,4.96,5.39,5.58,6.24,5.22,5.48,5.16,2.02,1.57,3.26,3.14,2.97,2.5,1.94,4.99,3.5,0.59,3.48,2.49,3.99,3.5,2.91,3.5,5.02,9.45,3.48,7.97,1.57,4.21,5.66,4.18,3.06,5.39,0.56,澳大利亚,孟加拉国,0,0,general,→,2028-2033,3.97,3.84,4.34,4.08,5.01,4.66,3.37,4.03,4.04,5.08,4.8,3.59,2026-04-13,2026-04-13,2000-2026
农业、资源与环境,AGR,采矿,手工采矿工人,Artisanal / Small-scale Miner,无要求,16-40,regional,45,1.58,1.11,2.97,5.59,5.0,3.91,5.5,6.24,2.59,5.56,3.12,1.69,1.58,3.68,4.15,3.01,2.52,1.92,6.53,2.01,0.56,3.45,3.05,3.93,5.01,2.77,4.48,4.98,9.51,3.52,7.96,1.5,1.78,5.67,4.12,3.15,5.34,0.52,澳大利亚,孟加拉国,0,0,general,→,2032-2038,3.86,3.78,4.32,4.03,4.82,4.55,3.38,4.0,4.06,4.96,4.68,3.64,2026-04-13,2026-04-13,2000-2026
公共管理与公务员,GOV,警察执法,辅警/协警,Auxiliary Police Officer,高中/大专,18-28,regional,45,2.53,2.56,2.1,6.16,5.69,5.19,2.97,2.01,2.7,3.69,5.91,4.66,4.56,4.08,4.13,3.08,3.06,3.41,5.49,3.69,0.63,2.58,4.07,4.11,0.94,4.34,5.54,6.98,6.52,4.0,1.93,1.52,1.54,7.5,4.05,3.0,5.0,0.52,丹麦,尼日利亚,-1,-1,general,→,2028-2033,4.17,3.85,3.96,4.02,4.86,4.07,3.47,4.16,3.66,4.66,4.67,3.29,2026-04-13,2026-04-13,2000-2026
