major_category,major_code,mid_category,sub_category,sub_category_en,cn_learning_cost,cn_education_req,cn_growth_coeff,cn_career_lifespan,cn_opportunity,cn_market_size,cn_supply_demand,cn_developed_scarcity,cn_value_added,cn_cost_performance,cn_stability,cn_safety,cn_occupational_disease,cn_overtime,cn_burnout,cn_skill_versatility,cn_career_switch,cn_reputation_variance,cn_ai_resistance,cn_social_status,cn_remote_friendly,cn_autonomy,cn_family_friendly,cn_fulfillment,cn_entrepreneurship,cn_gender_equality,cn_age_flexibility,cn_social_interaction,cn_physical_demand,cn_license_barrier,cn_cycle_sensitivity,cn_side_job_compat,cn_intl_mobility,cn_industry_monopoly,cn_composite_index,cn_trend_2000_2026,cn_trend_5yr,employer_type,demand_direction,ai_timeline,summary_zh,composite_global_mean,composite_min,composite_max,best_country,worst_country,composite_东亚,composite_东南亚,composite_东欧,composite_中亚/西亚,composite_北欧,composite_北美,composite_南亚,composite_南欧,composite_南美,composite_大洋洲,composite_西欧,composite_非洲,cn_vs_global,generated_date,data_snapshot_date,source_period
信息技术与数字化,TECH,网络与安全,信息安全工程师,Cybersecurity Engineer,6.3,5.8,9.5,8.3,10.0,8.4,9.8,9.9,10.0,9.4,7.1,8.7,4.5,0.7,2.0,7.3,7.5,0.4,7.8,9.1,6.0,6.3,3.3,8.2,7.6,4.6,6.6,5.8,1.0,3.1,3.2,6.3,7.5,2.7,7.24,5,5,general,↑↑,2035+,中国信息安全工程师：薪资回报高，人才需求旺盛，AI替代抗性强,7.06,5.68,8.06,荷兰,孟加拉国,7.18,6.74,7.08,7.09,7.98,7.43,6.25,6.98,6.62,7.74,7.85,6.2,0.18,2026-04-13,2026-04-13,2000-2026
信息技术与数字化,TECH,软件开发,软件架构师,Software Architect,7.9,6.8,9.4,7.4,9.4,7.4,9.0,9.9,10.0,8.6,6.6,9.5,5.0,1.4,3.5,8.7,8.4,0.7,7.3,9.3,5.6,7.2,2.9,8.9,8.7,4.5,7.0,6.2,1.3,1.3,5.2,6.9,7.1,2.3,7.2,4,3,general,↑,2032-2038,中国软件架构师：薪资回报高，人才需求旺盛，加班文化严重,7.29,6.0,8.19,芬兰,孟加拉国,7.32,7.0,7.42,7.29,8.17,7.63,6.56,7.23,6.87,7.92,8.05,6.41,-0.09,2026-04-13,2026-04-13,2000-2026
信息技术与数字化,TECH,人工智能与数据,机器学习工程师,Machine Learning Engineer,7.0,7.1,9.7,6.5,10.0,8.5,9.1,9.3,10.0,9.8,4.6,9.7,5.5,0.5,3.1,8.7,8.5,0.9,7.4,9.6,6.1,7.2,2.7,9.0,8.6,4.9,5.3,5.3,1.2,0.2,4.2,6.1,8.4,3.1,7.19,5,5,general,↑↑,2032-2038,中国机器学习工程师：薪资回报高，人才需求旺盛，加班文化严重,7.14,5.97,8.11,荷兰,孟加拉国,7.17,6.82,7.23,7.17,7.99,7.47,6.41,7.15,6.72,7.76,7.91,6.27,0.05,2026-04-13,2026-04-13,2000-2026
信息技术与数字化,TECH,人工智能与数据,AI研究科学家,AI Research Scientist,9.0,9.8,9.6,8.3,9.4,5.1,9.6,10.0,10.0,8.6,5.6,9.7,5.7,1.1,2.5,8.4,7.4,0.9,8.1,10.0,5.3,8.1,3.4,9.5,8.3,5.0,4.1,5.3,0.2,0.5,3.5,5.0,8.8,3.9,7.07,5,5,general,↑↑,2035+,中国AI研究科学家：薪资回报高，人才需求旺盛，AI替代抗性强,7.11,6.02,8.0,荷兰,孟加拉国,7.17,6.82,7.21,7.11,7.96,7.4,6.46,7.08,6.72,7.72,7.83,6.28,-0.04,2026-04-13,2026-04-13,2000-2026
信息技术与数字化,TECH,新兴数字职业,AI安全研究员,AI Safety Researcher,8.3,9.1,9.8,8.1,9.0,4.7,10.0,10.0,10.0,8.6,5.3,9.5,5.7,1.7,2.9,7.2,6.6,1.4,8.6,10.0,6.6,6.9,2.7,9.6,6.6,5.1,5.3,5.1,0.6,0.5,3.3,5.1,7.7,3.3,7.02,3,5,general,↑↑,2035+,中国AI安全研究员：薪资回报高，人才需求旺盛，AI替代抗性强,6.99,5.82,7.98,瑞典,孟加拉国,6.95,6.7,7.07,7.06,7.86,7.31,6.32,6.87,6.61,7.58,7.78,6.14,0.03,2026-04-13,2026-04-13,2000-2026
信息技术与数字化,TECH,网络与安全,渗透测试工程师,Penetration Tester,6.4,5.3,9.5,7.1,10.0,6.1,9.0,10.0,10.0,8.3,6.9,8.7,5.4,1.4,2.4,7.2,6.7,0.8,8.0,7.9,5.8,5.7,3.7,7.8,7.6,3.4,5.7,5.5,0.8,2.7,3.6,7.4,6.9,2.2,7.01,4,5,general,↑↑,2035+,中国渗透测试工程师：薪资回报高，人才需求旺盛，AI替代抗性强,6.92,5.76,7.93,瑞典,尼日利亚,7.04,6.57,6.94,6.95,7.85,7.27,6.22,6.83,6.39,7.56,7.75,6.01,0.09,2026-04-13,2026-04-13,2000-2026
信息技术与数字化,TECH,网络与安全,云计算工程师,Cloud Engineer,6.4,4.8,9.8,7.3,10.0,9.2,8.7,9.2,9.6,8.6,5.8,9.7,5.7,1.1,2.9,8.9,7.9,1.4,5.9,8.9,6.4,5.5,2.7,7.5,7.3,3.9,5.9,5.8,1.3,1.6,3.8,6.6,8.0,3.3,7.0,5,5,general,↑↑,2028-2033,中国云计算工程师：薪资回报高，人才需求旺盛，加班文化严重,6.92,5.68,7.89,德国,孟加拉国,7.01,6.6,7.0,6.98,7.76,7.18,6.13,6.88,6.54,7.54,7.76,6.05,0.08,2026-04-13,2026-04-13,2000-2026
信息技术与数字化,TECH,人工智能与数据,数据科学家,Data Scientist,7.3,7.4,9.7,6.7,10.0,8.6,7.4,7.7,10.0,9.4,5.1,9.5,5.5,1.9,3.3,9.4,8.7,1.1,6.4,9.4,6.2,6.0,3.2,8.2,8.3,4.5,5.3,5.2,0.4,0.3,4.3,7.1,7.2,2.0,6.99,5,4,general,↑↑,2032-2038,中国数据科学家：薪资回报高，加班文化严重，近年增长迅猛,6.92,5.67,7.93,荷兰,孟加拉国,7.02,6.62,6.93,6.9,7.79,7.27,6.18,6.84,6.52,7.58,7.75,6.0,0.07,2026-04-13,2026-04-13,2000-2026
信息技术与数字化,TECH,人工智能与数据,NLP工程师,NLP Engineer,7.3,7.6,9.1,6.2,10.0,7.7,9.4,9.5,10.0,9.6,5.1,9.7,5.7,0.6,2.6,8.2,7.6,1.4,7.0,9.1,6.3,6.5,2.5,8.8,7.6,4.8,5.0,5.3,0.5,0.0,5.0,6.0,7.3,3.0,6.94,5,5,general,↑↑,2032-2038,中国NLP工程师：薪资回报高，人才需求旺盛，加班文化严重,6.89,5.62,7.83,瑞典,孟加拉国,6.96,6.55,6.98,6.92,7.7,7.23,6.09,6.87,6.45,7.48,7.71,6.02,0.05,2026-04-13,2026-04-13,2000-2026
信息技术与数字化,TECH,软件开发,DevOps工程师,DevOps Engineer,5.8,5.4,9.2,7.0,9.4,9.6,8.9,8.8,10.0,8.6,5.4,9.7,5.4,0.6,3.3,8.4,7.2,1.4,6.1,7.8,6.4,5.9,3.4,7.6,6.9,3.9,6.0,5.4,0.7,0.4,4.0,6.4,6.9,2.2,6.92,4,4,general,↑↑,2032-2038,中国DevOps工程师：薪资回报高，人才需求旺盛，加班文化严重,6.79,5.61,7.79,荷兰,孟加拉国,6.91,6.47,6.84,6.81,7.64,7.15,6.04,6.66,6.34,7.45,7.66,5.82,0.13,2026-04-13,2026-04-13,2000-2026
教育与学术,EDU,在线教育,教育科技产品经理,EdTech Product Manager,6.4,5.2,8.8,7.1,10.0,9.4,7.7,7.7,7.6,7.2,7.1,9.7,5.8,1.6,2.3,8.1,8.0,2.4,6.1,8.3,10.0,7.5,2.8,8.2,8.8,4.9,6.5,7.6,0.5,1.6,5.2,7.3,6.7,3.4,6.9,5,5,general,↑↑,2032-2038,中国教育科技产品经理：人才需求旺盛，远程友好度高，加班文化严重,6.68,5.47,7.79,芬兰,孟加拉国,6.82,6.4,6.62,6.66,7.74,6.9,5.86,6.66,6.2,7.43,7.42,5.87,0.22,2026-04-13,2026-04-13,2000-2026
信息技术与数字化,TECH,人工智能与数据,大数据架构师,Big Data Architect,7.3,6.9,8.9,7.3,9.1,6.8,8.1,8.6,10.0,9.0,6.1,9.7,4.7,2.0,2.8,7.1,7.4,0.4,6.3,8.4,6.6,6.7,4.2,7.4,7.4,4.1,6.8,6.3,0.7,0.8,4.6,6.3,7.2,3.1,6.9,4,3,general,↑,2032-2038,中国大数据架构师：薪资回报高，人才需求旺盛，加班文化严重,6.91,5.71,7.86,荷兰,孟加拉国,6.93,6.55,7.1,6.94,7.78,7.29,6.18,6.82,6.54,7.48,7.71,6.01,-0.01,2026-04-13,2026-04-13,2000-2026
信息技术与数字化,TECH,软件开发,全栈工程师,Full-stack Engineer,6.4,5.2,9.3,6.2,9.7,9.9,7.2,7.6,8.8,8.7,5.3,9.5,5.7,1.4,2.8,9.6,7.9,1.9,5.5,8.2,7.3,6.4,3.7,7.7,9.2,5.2,5.1,5.2,1.0,0.3,5.5,8.5,7.3,1.0,6.89,4,3,general,↑,2028-2033,中国全栈工程师：薪资回报高，加班文化严重,6.76,5.6,7.7,德国,孟加拉国,6.84,6.5,6.78,6.78,7.64,7.15,6.06,6.65,6.28,7.37,7.57,5.85,0.13,2026-04-13,2026-04-13,2000-2026
信息技术与数字化,TECH,新兴数字职业,MLOps工程师,MLOps Engineer,6.3,5.6,10.0,6.8,9.8,7.6,9.0,8.9,10.0,8.6,4.6,9.5,5.7,1.4,3.3,8.0,7.2,1.0,6.4,8.2,5.6,5.4,2.9,7.7,7.0,3.9,5.4,5.6,0.6,0.2,4.2,6.0,7.1,2.4,6.88,4,5,general,↑↑,2032-2038,中国MLOps工程师：薪资回报高，人才需求旺盛，加班文化严重,6.84,5.65,7.79,荷兰,孟加拉国,6.88,6.53,6.89,6.88,7.7,7.2,6.09,6.75,6.42,7.51,7.65,5.93,0.04,2026-04-13,2026-04-13,2000-2026
信息技术与数字化,TECH,人工智能与数据,数据工程师,Data Engineer,6.1,5.2,9.3,6.8,9.6,8.7,8.7,8.4,9.0,8.9,5.7,9.5,6.0,1.9,2.8,7.5,7.8,0.9,5.6,7.3,7.4,5.7,3.7,6.6,7.1,4.7,5.5,4.9,1.3,0.3,4.1,5.4,6.8,1.8,6.84,4,4,general,↑↑,2028-2033,中国数据工程师：薪资回报高，人才需求旺盛，加班文化严重,6.74,5.46,7.73,瑞典,孟加拉国,6.79,6.41,6.83,6.75,7.6,7.17,6.02,6.64,6.28,7.44,7.59,5.81,0.1,2026-04-13,2026-04-13,2000-2026
信息技术与数字化,TECH,人工智能与数据,计算机视觉工程师,Computer Vision Engineer,7.5,7.6,9.4,6.8,9.8,6.9,9.4,9.6,10.0,9.2,5.1,9.2,5.7,2.2,3.0,7.3,6.9,0.9,6.4,8.4,5.3,6.7,2.5,7.8,7.9,3.3,4.8,5.0,0.7,0.3,5.3,5.7,6.8,2.8,6.78,4,5,general,↑↑,2032-2038,中国计算机视觉工程师：薪资回报高，人才需求旺盛，加班文化严重,6.74,5.46,7.71,芬兰,孟加拉国,6.83,6.43,6.82,6.75,7.66,7.07,5.97,6.69,6.33,7.31,7.55,5.82,0.04,2026-04-13,2026-04-13,2000-2026
信息技术与数字化,TECH,软件开发,站点可靠性工程师(SRE),Site Reliability Engineer (SRE),6.5,5.9,9.4,7.1,9.4,7.1,8.5,8.3,9.8,8.9,6.3,9.5,4.5,0.7,3.1,7.7,7.8,1.0,6.3,7.7,6.1,6.3,2.6,7.0,6.4,3.9,5.5,5.2,0.7,0.6,4.0,4.6,7.8,3.1,6.76,4,4,general,↑↑,2032-2038,中国站点可靠性工程师(SRE)：薪资回报高，人才需求旺盛，加班文化严重,6.69,5.46,7.63,瑞典,孟加拉国,6.73,6.38,6.79,6.71,7.53,7.08,5.9,6.63,6.29,7.4,7.5,5.73,0.07,2026-04-13,2026-04-13,2000-2026
信息技术与数字化,TECH,软件开发,后端工程师,Back-end Engineer,5.9,5.4,9.0,7.1,10.0,10.0,6.8,6.7,8.8,8.4,5.8,9.4,5.3,1.2,3.0,8.0,8.2,1.2,5.0,8.2,6.2,6.2,3.0,7.6,7.7,5.9,6.0,4.7,0.8,0.6,5.0,6.9,6.6,1.1,6.73,4,3,general,↑,2028-2033,中国后端工程师：薪资回报高，加班文化严重,6.64,5.31,7.66,瑞典,孟加拉国,6.73,6.35,6.63,6.7,7.54,7.01,5.89,6.58,6.11,7.31,7.46,5.77,0.09,2026-04-13,2026-04-13,2000-2026
信息技术与数字化,TECH,产品与设计,产品经理,Product Manager,5.8,5.3,10.0,7.1,10.0,8.8,6.6,7.2,9.1,7.9,4.4,9.7,5.4,0.2,3.0,8.9,8.0,2.4,6.6,8.2,5.0,6.5,3.1,7.6,9.7,4.7,6.4,8.1,0.8,0.3,6.3,5.8,6.1,1.3,6.73,4,3,general,↑,2032-2038,中国产品经理：薪资回报高，加班文化严重,6.81,5.64,7.87,荷兰,巴基斯坦,6.85,6.49,6.85,6.9,7.69,7.18,6.02,6.64,6.42,7.5,7.66,5.84,-0.08,2026-04-13,2026-04-13,2000-2026
教育与学术,EDU,在线教育,在线课程设计师,Online Course Designer,5.3,4.8,8.5,7.3,9.9,9.9,6.6,6.3,6.4,7.3,7.6,9.7,6.0,1.9,3.1,7.1,7.3,1.6,5.0,7.1,10.0,6.7,4.4,7.1,7.5,5.7,6.8,5.2,0.2,2.0,3.8,8.5,6.0,2.1,6.73,5,4,general,↑↑,2028-2033,中国在线课程设计师：远程友好度高，加班文化严重，就业稳定,6.54,5.46,7.83,芬兰,尼日利亚,6.64,6.19,6.49,6.51,7.59,6.75,5.75,6.54,6.05,7.23,7.37,5.74,0.19,2026-04-13,2026-04-13,2000-2026
信息技术与数字化,TECH,产品与设计,技术项目经理,Technical Project Manager,5.9,5.3,8.5,7.5,9.6,9.0,6.5,6.7,9.9,7.3,5.1,9.5,5.2,0.9,3.1,8.6,8.6,1.7,6.6,8.4,5.6,5.2,3.7,6.6,7.8,5.5,6.8,8.1,0.8,1.8,5.4,5.1,6.6,1.3,6.71,3,2,general,↑,2032-2038,中国技术项目经理：薪资回报高，加班文化严重,6.67,5.35,7.64,瑞典,孟加拉国,6.73,6.31,6.73,6.73,7.58,7.05,5.89,6.58,6.23,7.42,7.48,5.72,0.04,2026-04-13,2026-04-13,2000-2026
信息技术与数字化,TECH,软件开发,前端工程师,Front-end Engineer,5.0,4.9,8.3,5.8,10.0,10.0,6.7,6.6,9.2,9.1,4.1,9.3,5.6,1.2,3.1,8.2,8.2,1.4,5.0,7.2,7.8,5.9,3.2,7.0,8.4,6.4,5.0,5.3,1.0,0.2,6.1,7.9,6.2,1.5,6.67,4,2,general,↑,2028-2033,中国前端工程师：薪资回报高，加班文化严重,6.45,5.25,7.37,荷兰,孟加拉国,6.53,6.14,6.54,6.52,7.23,6.82,5.71,6.38,5.98,7.12,7.3,5.51,0.22,2026-04-13,2026-04-13,2000-2026
信息技术与数字化,TECH,产品与设计,UX设计师,UX Designer,5.4,5.3,7.9,6.5,9.4,8.2,6.2,6.5,8.6,7.5,5.4,9.5,6.0,2.2,2.8,7.6,7.2,1.4,6.1,7.3,6.8,5.7,4.4,7.7,8.3,6.1,5.9,6.8,0.4,0.5,5.7,7.3,6.0,1.5,6.64,4,3,general,↑,2032-2038,中国UX设计师：薪资回报高，加班文化严重,6.6,5.34,7.55,荷兰,孟加拉国,6.68,6.25,6.58,6.66,7.44,6.97,5.84,6.58,6.19,7.25,7.46,5.7,0.04,2026-04-13,2026-04-13,2000-2026
教育与学术,EDU,K12教育,信息技术教师,IT / Computer Science Teacher,5.5,5.6,6.4,7.7,8.8,8.2,7.1,8.3,6.7,6.8,10.0,9.7,5.2,2.4,2.3,7.8,6.9,1.7,6.4,7.5,7.0,6.0,4.2,7.1,6.2,5.7,7.2,8.0,1.6,5.9,1.0,7.5,4.5,2.5,6.64,4,4,general,↑↑,2032-2038,中国信息技术教师：加班文化严重，就业稳定，近年增长迅猛,6.48,5.42,7.64,芬兰,孟加拉国,6.54,6.2,6.42,6.45,7.54,6.69,5.75,6.39,6.04,7.18,7.21,5.76,0.16,2026-04-13,2026-04-13,2000-2026
信息技术与数字化,TECH,新兴数字职业,量子计算研究员,Quantum Computing Researcher,9.5,9.3,8.2,7.8,7.5,4.0,9.4,10.0,10.0,6.2,6.3,9.5,6.7,2.1,2.8,5.0,5.2,0.3,9.2,10.0,5.8,6.9,3.7,9.0,5.4,4.3,4.5,5.1,0.7,1.1,4.2,3.3,8.0,5.1,6.62,3,5,general,↑↑,2035+,中国量子计算研究员：薪资回报高，人才需求旺盛，AI替代抗性强,6.61,5.46,7.59,瑞典,孟加拉国,6.57,6.33,6.72,6.65,7.46,6.87,5.94,6.53,6.22,7.21,7.37,5.82,0.01,2026-04-13,2026-04-13,2000-2026
金融与商业,FIN,人力资源,HRBP(人力资源业务伙伴),HR Business Partner,4.9,5.2,8.4,7.6,8.4,8.5,7.0,5.5,9.1,8.2,6.7,9.5,5.8,2.7,4.3,6.3,6.2,1.0,5.9,7.1,6.3,6.3,4.5,6.2,5.7,7.2,6.1,8.7,0.6,3.0,4.9,4.2,5.6,2.3,6.62,2,3,general,↑,2028-2033,中国HRBP(人力资源业务伙伴)：薪资回报高，加班文化严重,6.37,5.09,7.56,瑞士,孟加拉国,6.56,6.05,6.17,6.46,6.98,6.79,5.44,6.26,5.94,7.04,7.27,5.62,0.25,2026-04-13,2026-04-13,2000-2026
教育与学术,EDU,学术研究,科学传播者/科普作家,Science Communicator,5.8,6.0,5.6,8.2,8.3,6.5,5.9,6.3,7.4,5.4,7.2,9.5,4.0,2.0,3.6,7.4,6.6,1.8,6.9,7.8,10.0,7.1,3.5,8.0,8.1,5.5,7.5,8.1,1.0,2.0,2.6,8.2,6.2,1.4,6.61,4,3,general,↑,2032-2038,中国科学传播者/科普作家：远程友好度高，加班文化严重,6.26,5.09,7.54,芬兰,尼日利亚,6.43,5.89,6.24,6.23,7.42,6.56,5.43,6.24,5.68,7.04,7.13,5.36,0.35,2026-04-13,2026-04-13,2000-2026
信息技术与数字化,TECH,新兴数字职业,数字无障碍专家,Digital Accessibility Specialist,4.6,3.7,7.7,6.5,8.8,6.1,7.5,7.5,7.6,6.7,5.3,9.2,6.0,3.2,3.9,6.2,6.3,1.4,6.1,6.5,7.2,5.0,4.4,7.8,6.1,7.0,6.7,6.3,0.2,0.5,3.2,5.9,5.6,1.0,6.61,3,4,general,↑↑,2032-2038,中国数字无障碍专家：人才需求旺盛，加班文化严重，近年增长迅猛,6.57,5.43,7.57,瑞士,巴基斯坦,6.63,6.21,6.65,6.64,7.41,7.0,5.85,6.41,6.08,7.22,7.43,5.68,0.04,2026-04-13,2026-04-13,2000-2026
教育与学术,EDU,在线教育,教学设计师,Instructional Designer,5.6,6.1,7.5,7.4,9.0,8.8,7.4,6.5,4.9,6.7,6.6,9.7,5.3,2.9,3.3,7.5,7.0,0.9,5.5,6.3,10.0,6.7,5.4,7.2,6.6,6.5,7.5,5.9,0.4,2.4,3.1,7.5,5.8,2.4,6.6,4,3,general,↑,2028-2033,中国教学设计师：远程友好度高，加班文化严重,6.58,5.42,7.79,芬兰,孟加拉国,6.66,6.26,6.51,6.57,7.69,6.81,5.83,6.54,6.12,7.32,7.32,5.78,0.02,2026-04-13,2026-04-13,2000-2026
教育与学术,EDU,K12教育,学校心理咨询师,School Counselor,6.9,6.8,6.2,9.3,7.3,7.0,7.2,8.6,5.6,6.1,9.7,9.2,4.2,2.5,1.5,7.0,6.0,0.9,8.4,7.5,6.4,6.4,4.7,8.8,4.9,7.2,7.4,8.9,1.6,7.3,0.4,6.3,4.6,2.2,6.57,3,3,general,↑,2035+,中国学校心理咨询师：AI替代抗性强，加班文化严重，就业稳定,6.33,5.2,7.37,芬兰,尼日利亚,6.41,6.09,6.33,6.3,7.29,6.48,5.57,6.4,5.89,6.99,7.03,5.6,0.24,2026-04-13,2026-04-13,2000-2026
工程与制造,ENG,生物医学工程,医疗器械设计工程师,Medical Device Design Engineer,6.8,7.1,8.7,8.3,8.1,7.0,8.3,8.2,8.9,7.7,6.5,7.5,5.6,2.2,3.6,7.5,7.2,0.6,8.0,8.6,4.5,6.2,3.9,8.9,6.0,4.1,5.3,5.2,2.5,5.8,3.8,3.3,6.7,4.6,6.56,4,4,general,↑↑,2035+,中国医疗器械设计工程师：薪资回报高，人才需求旺盛，AI替代抗性强,6.49,5.25,7.58,瑞士,巴基斯坦,6.6,6.19,6.55,6.43,7.45,6.77,5.57,6.49,5.99,7.06,7.39,5.63,0.07,2026-04-13,2026-04-13,2000-2026
金融与商业,FIN,管理咨询,ESG咨询顾问,ESG Consultant,6.8,7.1,10.0,6.6,8.4,7.5,9.1,7.0,10.0,8.0,6.4,9.8,4.7,0.2,1.8,8.0,8.1,1.9,5.9,8.7,5.7,5.7,1.8,7.7,8.3,5.7,4.0,8.8,1.8,2.3,5.5,5.2,6.7,3.3,6.56,5,5,general,↑↑,2028-2033,中国ESG咨询顾问：薪资回报高，人才需求旺盛，加班文化严重,6.3,4.92,7.43,瑞士,孟加拉国,6.51,5.87,6.09,6.5,7.0,6.77,5.36,6.23,5.76,6.96,7.26,5.5,0.26,2026-04-13,2026-04-13,2000-2026
金融与商业,FIN,管理咨询,IT咨询顾问,IT Consultant,6.8,7.0,8.8,6.6,8.7,9.2,8.2,7.0,9.2,8.4,5.1,9.7,4.3,0.5,1.8,9.0,8.5,1.9,6.0,9.2,7.8,6.1,2.3,6.9,8.3,5.7,4.5,8.9,1.8,2.3,6.4,4.2,6.5,3.5,6.54,3,4,general,↑↑,2032-2038,中国IT咨询顾问：薪资回报高，人才需求旺盛，加班文化严重,6.27,4.89,7.41,瑞士,孟加拉国,6.51,5.94,6.1,6.38,7.01,6.7,5.33,6.2,5.75,6.9,7.17,5.44,0.27,2026-04-13,2026-04-13,2000-2026
信息技术与数字化,TECH,软件开发,嵌入式软件工程师,Embedded Software Engineer,6.3,5.8,8.2,7.0,8.7,8.6,8.2,8.5,9.1,7.1,6.6,9.5,5.9,1.9,2.6,6.0,5.9,0.3,6.6,8.4,3.5,6.2,3.3,7.5,6.0,4.0,6.4,4.5,1.7,0.7,4.5,4.6,5.9,2.5,6.53,3,3,general,↑,2032-2038,中国嵌入式软件工程师：薪资回报高，人才需求旺盛，加班文化严重,6.39,5.17,7.44,荷兰,孟加拉国,6.43,6.02,6.47,6.43,7.26,6.83,5.66,6.3,5.91,6.96,7.28,5.46,0.14,2026-04-13,2026-04-13,2000-2026
信息技术与数字化,TECH,网络与安全,安全运维工程师,Security Operations Engineer,5.8,5.2,8.5,7.3,8.7,8.0,8.5,8.0,9.5,8.2,6.3,9.0,4.2,1.4,2.6,6.8,6.0,1.1,6.5,7.5,5.5,5.5,3.1,6.9,6.1,4.9,5.3,5.9,1.5,2.6,3.6,5.7,5.7,3.1,6.53,3,4,general,↑↑,2032-2038,中国安全运维工程师：薪资回报高，人才需求旺盛，加班文化严重,6.32,5.09,7.39,荷兰,孟加拉国,6.41,5.95,6.39,6.35,7.17,6.68,5.56,6.21,5.89,7.01,7.23,5.44,0.21,2026-04-13,2026-04-13,2000-2026
金融与商业,FIN,人力资源,人力资源总监,HR Director,4.5,4.9,6.2,7.5,8.0,8.9,5.6,6.5,10.0,6.8,7.4,9.5,6.6,1.6,2.9,6.5,6.2,1.0,5.4,9.1,5.6,6.3,4.6,6.8,6.3,7.2,6.3,8.2,1.4,2.6,4.6,4.4,4.6,2.1,6.52,2,2,general,↑,2028-2033,中国人力资源总监：薪资回报高，加班文化严重,6.34,5.12,7.41,瑞士,孟加拉国,6.5,6.01,6.19,6.5,6.94,6.77,5.47,6.28,5.88,6.97,7.23,5.6,0.18,2026-04-13,2026-04-13,2000-2026
金融与商业,FIN,保险,精算师,Actuary,8.3,7.8,7.2,8.2,7.9,9.9,9.5,9.3,10.0,6.9,9.4,9.5,6.2,3.3,3.4,5.3,5.2,1.4,6.1,8.9,5.2,5.4,4.6,7.8,6.5,4.5,6.5,6.7,1.2,8.4,4.2,4.1,4.7,4.3,6.51,2,3,general,↑,2032-2038,中国精算师：薪资回报高，人才需求旺盛，加班文化严重,6.18,4.66,7.34,瑞士,孟加拉国,6.44,5.81,5.94,6.35,6.83,6.61,5.13,6.13,5.68,6.74,7.11,5.46,0.33,2026-04-13,2026-04-13,2000-2026
工程与制造,ENG,生物医学工程,生物医学工程师,Biomedical Engineer,7.1,7.1,7.7,8.3,9.2,7.8,8.3,8.8,9.2,7.0,7.3,7.5,5.6,1.9,3.3,6.7,6.3,0.4,7.9,8.4,3.3,6.4,4.2,7.9,5.5,4.1,5.2,5.3,2.6,4.3,3.9,3.3,6.5,4.2,6.51,4,4,general,↑↑,2035+,中国生物医学工程师：薪资回报高，人才需求旺盛，AI替代抗性强,6.48,5.27,7.64,瑞士,孟加拉国,6.58,6.16,6.53,6.47,7.39,6.82,5.57,6.51,5.99,7.03,7.38,5.68,0.03,2026-04-13,2026-04-13,2000-2026
教育与学术,EDU,特殊教育与辅助,教育数据分析师,Education Data Analyst,5.6,5.6,6.9,7.8,8.4,7.3,6.2,7.6,5.5,6.6,7.6,9.9,5.0,2.3,2.8,7.5,6.9,1.0,5.0,7.1,9.6,6.6,4.4,6.4,5.9,6.4,6.6,5.7,0.4,1.6,2.9,8.3,5.5,2.3,6.5,5,4,general,↑↑,2028-2033,中国教育数据分析师：远程友好度高，加班文化严重，就业稳定,6.43,5.49,7.54,芬兰,巴基斯坦,6.46,6.16,6.45,6.42,7.43,6.63,5.67,6.38,6.03,7.03,7.12,5.68,0.07,2026-04-13,2026-04-13,2000-2026
金融与商业,FIN,管理咨询,人力资源咨询顾问,HR Consultant,7.1,6.8,7.8,6.8,8.8,9.4,7.4,8.0,10.0,8.5,5.4,9.7,5.1,0.0,1.1,8.6,8.3,1.5,5.8,9.1,7.3,5.8,1.3,6.5,8.1,6.0,5.3,8.8,1.3,2.6,6.4,4.2,6.7,3.7,6.5,3,2,general,↑,2028-2033,中国人力资源咨询顾问：薪资回报高，加班文化严重,6.16,4.72,7.32,瑞士,孟加拉国,6.36,5.79,5.92,6.34,6.9,6.53,5.13,6.08,5.67,6.76,7.15,5.37,0.34,2026-04-13,2026-04-13,2000-2026
教育与学术,EDU,特殊教育与辅助,STEM教育专家,STEM Education Specialist,6.1,6.0,7.1,8.3,7.3,7.0,6.6,7.5,5.4,6.9,8.1,9.4,4.5,1.9,2.4,7.5,6.7,1.6,7.0,7.5,8.0,7.3,4.2,7.2,6.6,6.4,7.0,7.2,2.0,4.0,2.3,7.3,5.2,2.1,6.5,4,4,general,↑↑,2032-2038,中国STEM教育专家：加班文化严重，就业稳定，近年增长迅猛,6.45,5.42,7.5,芬兰,尼日利亚,6.53,6.21,6.4,6.44,7.45,6.68,5.73,6.37,5.98,7.09,7.15,5.68,0.05,2026-04-13,2026-04-13,2000-2026
金融与商业,FIN,供应链,国际贸易专员,International Trade Specialist,4.8,4.8,7.5,7.7,8.4,8.9,7.4,6.9,9.0,8.2,6.7,9.2,6.5,2.3,3.4,6.7,5.7,0.7,5.3,7.1,6.0,6.3,2.8,6.2,5.5,5.7,5.8,6.9,2.0,3.1,6.1,3.8,7.9,2.6,6.5,3,3,general,↑,2028-2033,中国国际贸易专员：薪资回报高，加班文化严重,6.15,4.82,7.41,瑞士,孟加拉国,6.4,5.79,5.97,6.28,6.75,6.44,5.28,6.09,5.64,6.75,7.06,5.43,0.35,2026-04-13,2026-04-13,2000-2026
金融与商业,FIN,管理咨询,战略咨询顾问,Strategy Consultant,6.8,6.7,8.2,6.9,7.9,8.2,6.7,8.0,10.0,7.9,5.2,9.5,5.6,0.0,1.4,8.8,8.3,1.4,6.0,10.0,6.1,6.5,2.4,7.3,7.5,4.5,4.4,8.6,1.2,2.6,6.4,5.0,7.2,3.5,6.49,3,2,general,↑,2032-2038,中国战略咨询顾问：薪资回报高，加班文化严重,6.2,4.79,7.24,瑞士,孟加拉国,6.42,5.84,6.05,6.35,6.88,6.51,5.24,6.17,5.75,6.78,7.11,5.44,0.29,2026-04-13,2026-04-13,2000-2026
金融与商业,FIN,管理咨询,供应链咨询顾问,Supply Chain Consultant,6.7,7.1,7.7,7.2,8.0,8.8,8.2,7.8,10.0,8.2,5.7,9.5,5.1,0.0,2.1,8.7,7.5,1.7,5.8,8.1,6.3,7.1,2.3,7.3,8.3,4.8,4.4,8.3,1.8,2.6,5.5,4.4,6.6,3.7,6.49,3,4,general,↑↑,2028-2033,中国供应链咨询顾问：薪资回报高，人才需求旺盛，加班文化严重,6.22,4.9,7.4,瑞士,孟加拉国,6.4,5.85,6.06,6.35,6.9,6.69,5.27,6.1,5.74,6.87,7.19,5.43,0.27,2026-04-13,2026-04-13,2000-2026
金融与商业,FIN,管理咨询,数字化转型咨询顾问,Digital Transformation Consultant,7.4,7.6,8.8,6.3,8.5,9.0,9.3,7.0,9.7,7.2,5.9,9.2,4.8,0.0,1.6,9.0,8.3,1.4,5.8,8.9,7.4,5.8,2.5,6.3,7.5,4.5,4.9,8.2,1.2,2.5,6.3,5.0,7.2,3.0,6.49,4,5,general,↑↑,2028-2033,中国数字化转型咨询顾问：薪资回报高，人才需求旺盛，加班文化严重,6.33,4.84,7.52,瑞士,孟加拉国,6.5,5.98,6.14,6.51,6.98,6.7,5.4,6.32,5.86,7.01,7.26,5.57,0.16,2026-04-13,2026-04-13,2000-2026
金融与商业,FIN,人力资源,组织发展顾问,Organizational Development Consultant,6.9,6.6,6.4,7.5,8.0,8.9,6.0,5.9,9.9,7.9,6.4,9.5,6.3,3.0,3.9,7.1,6.4,1.2,5.6,6.9,6.9,5.7,4.1,8.3,6.1,6.6,6.3,8.6,1.3,2.3,4.5,4.4,5.2,2.7,6.47,2,2,general,↑,2028-2033,中国组织发展顾问：薪资回报高，加班文化严重,6.26,4.98,7.3,瑞士,孟加拉国,6.44,5.95,6.1,6.39,6.89,6.6,5.39,6.19,5.8,6.86,7.13,5.51,0.21,2026-04-13,2026-04-13,2000-2026
工程与制造,ENG,生物医学工程,康复工程师,Rehabilitation Engineer,7.6,6.8,7.7,7.8,8.0,6.5,6.8,8.6,10.0,7.7,6.4,7.3,4.8,3.3,2.6,7.6,7.2,0.6,8.4,8.0,3.3,5.7,3.9,8.9,5.7,5.9,5.6,5.2,3.1,4.3,4.4,3.4,6.5,4.6,6.47,4,4,general,↑↑,2035+,中国康复工程师：薪资回报高，AI替代抗性强，加班文化严重,6.42,5.17,7.5,德国,孟加拉国,6.52,6.12,6.55,6.39,7.39,6.67,5.51,6.36,5.95,7.05,7.31,5.6,0.05,2026-04-13,2026-04-13,2000-2026
金融与商业,FIN,市场营销与销售,数字营销专员,Digital Marketing Specialist,3.6,4.8,8.8,7.1,8.6,9.5,7.3,6.0,7.7,8.2,5.2,9.0,5.3,1.0,2.6,6.8,7.5,2.2,4.3,7.0,8.4,6.9,2.8,6.8,9.2,5.0,5.4,8.7,2.0,1.7,6.3,7.4,5.4,1.9,6.47,4,4,general,↑↑,2026-2030,中国数字营销专员：加班文化严重，近年增长迅猛,6.33,5.05,7.4,瑞士,孟加拉国,6.46,5.99,6.13,6.49,6.96,6.68,5.4,6.28,5.88,6.94,7.25,5.68,0.14,2026-04-13,2026-04-13,2000-2026
金融与商业,FIN,会计审计,ERP财务顾问,ERP Financial Consultant,6.3,6.0,6.7,9.1,8.4,9.6,7.1,7.0,9.9,7.9,7.3,9.7,6.0,1.0,2.9,6.4,6.8,1.2,4.7,8.2,7.3,5.5,3.5,5.7,6.5,6.1,5.8,6.5,0.8,6.8,2.7,5.5,6.6,3.1,6.47,2,3,general,↑,2028-2033,中国ERP财务顾问：薪资回报高，加班文化严重,6.21,4.86,7.29,瑞士,孟加拉国,6.38,5.93,6.06,6.3,6.92,6.57,5.33,6.09,5.72,6.92,7.02,5.52,0.26,2026-04-13,2026-04-13,2000-2026
信息技术与数字化,TECH,新兴数字职业,数字孪生工程师,Digital Twin Engineer,6.7,6.5,8.3,6.8,9.7,5.9,8.5,8.4,9.3,8.3,4.6,9.5,5.2,1.9,2.8,6.3,6.5,1.2,6.6,8.0,4.7,5.4,4.1,8.1,6.5,3.7,5.5,5.0,1.5,1.3,4.9,4.4,6.2,2.8,6.45,3,5,general,↑↑,2032-2038,中国数字孪生工程师：薪资回报高，人才需求旺盛，加班文化严重,6.37,5.15,7.37,荷兰,孟加拉国,6.44,6.01,6.41,6.46,7.28,6.77,5.7,6.28,5.91,6.98,7.19,5.47,0.08,2026-04-13,2026-04-13,2000-2026
金融与商业,FIN,市场营销与销售,大客户经理,Key Account Manager,4.3,4.4,7.2,6.8,7.9,9.5,5.8,6.0,9.9,7.4,5.2,9.0,5.6,0.5,3.2,7.2,7.3,2.2,5.9,7.4,6.1,7.0,2.6,6.6,7.5,6.5,6.1,9.8,2.4,1.6,5.8,6.0,5.2,1.7,6.44,2,2,general,↑,2032-2038,中国大客户经理：薪资回报高，加班文化严重,6.24,4.87,7.33,瑞士,孟加拉国,6.4,5.93,6.06,6.36,6.91,6.65,5.33,6.08,5.75,6.86,7.16,5.55,0.2,2026-04-13,2026-04-13,2000-2026
金融与商业,FIN,会计审计,法务会计师,Forensic Accountant,6.7,5.8,5.9,9.2,8.6,4.5,6.9,6.7,10.0,8.0,7.9,9.7,5.7,1.6,2.6,7.2,6.2,0.9,6.0,8.0,7.0,5.0,3.4,7.8,6.5,5.9,6.5,6.5,0.5,7.2,3.0,4.9,6.0,3.7,6.44,2,1,general,→,2032-2038,中国法务会计师：薪资回报高，加班文化严重，就业稳定,6.18,4.85,7.31,瑞士,孟加拉国,6.33,5.84,6.02,6.35,6.81,6.45,5.23,6.15,5.66,6.79,7.1,5.52,0.26,2026-04-13,2026-04-13,2000-2026
信息技术与数字化,TECH,新兴数字职业,边缘计算工程师,Edge Computing Engineer,6.3,6.1,9.1,6.2,8.7,6.2,8.7,8.5,8.8,7.4,5.9,9.7,6.4,1.2,2.6,6.1,5.9,1.1,7.0,7.8,4.0,5.9,3.6,7.6,7.1,3.1,5.6,5.0,1.7,1.3,4.5,4.9,6.0,2.8,6.44,3,5,general,↑↑,2032-2038,中国边缘计算工程师：薪资回报高，人才需求旺盛，加班文化严重,6.34,5.11,7.31,瑞典,孟加拉国,6.37,6.0,6.47,6.37,7.25,6.73,5.6,6.3,5.88,7.06,7.12,5.39,0.1,2026-04-13,2026-04-13,2000-2026
金融与商业,FIN,市场营销与销售,商务拓展经理(BD),Business Development Manager,4.3,4.6,7.2,7.0,8.3,9.5,6.2,6.0,9.9,8.2,4.6,9.2,5.8,0.0,2.6,7.8,6.9,1.9,5.0,7.6,6.1,6.7,3.5,6.9,9.1,6.2,5.3,9.0,1.7,1.6,6.5,6.0,5.1,2.3,6.43,2,2,general,↑,2028-2033,中国商务拓展经理(BD)：薪资回报高，加班文化严重,6.18,4.84,7.33,瑞士,孟加拉国,6.33,5.88,6.02,6.33,6.73,6.58,5.32,6.16,5.7,6.85,7.04,5.44,0.25,2026-04-13,2026-04-13,2000-2026
教育与学术,EDU,高等教育,大学教授,University Professor,9.0,10.0,5.9,9.5,7.9,7.0,5.5,6.3,8.1,5.6,9.3,9.7,4.0,2.4,1.8,7.2,6.6,1.9,7.4,9.2,7.5,8.9,3.7,9.2,5.7,5.6,8.5,7.5,1.2,8.0,1.3,7.1,6.6,2.8,6.43,2,1,general,→,2032-2038,中国大学教授：薪资回报高，加班文化严重，就业稳定,6.22,5.02,7.4,芬兰,尼日利亚,6.34,5.85,6.26,6.16,7.31,6.49,5.36,6.27,5.72,6.86,7.0,5.38,0.21,2026-04-13,2026-04-13,2000-2026
金融与商业,FIN,供应链,采购经理,Procurement Manager,4.7,4.8,7.1,7.8,8.4,9.0,7.0,6.5,9.1,8.4,7.4,8.7,6.8,1.2,3.1,7.3,6.5,1.2,5.1,7.7,5.5,6.3,3.9,6.3,5.5,5.7,5.8,7.3,2.3,2.8,5.8,3.6,5.8,3.3,6.43,3,3,general,↑,2028-2033,中国采购经理：薪资回报高，加班文化严重,6.19,4.83,7.42,瑞士,孟加拉国,6.37,5.8,6.06,6.3,6.85,6.57,5.29,6.13,5.72,6.87,7.08,5.45,0.24,2026-04-13,2026-04-13,2000-2026
工程与制造,ENG,生物医学工程,组织工程研究员,Tissue Engineering Researcher,7.8,8.6,8.5,7.8,8.3,4.9,8.6,8.2,8.8,8.0,6.6,7.8,6.1,2.7,2.6,7.1,6.1,0.7,7.7,8.9,3.2,6.4,3.4,9.0,5.3,5.9,5.3,5.4,2.2,4.2,3.8,4.0,6.3,3.8,6.43,4,4,general,↑↑,2035+,中国组织工程研究员：薪资回报高，人才需求旺盛，AI替代抗性强,6.45,5.28,7.68,瑞士,尼日利亚,6.51,6.13,6.57,6.47,7.37,6.72,5.54,6.5,5.97,7.07,7.32,5.61,-0.02,2026-04-13,2026-04-13,2000-2026
金融与商业,FIN,银行,风控专员,Risk Management Specialist,5.4,5.3,8.1,7.8,7.6,10.0,8.2,8.0,9.9,7.5,7.6,9.2,5.3,2.0,3.1,6.2,6.7,1.2,5.4,7.5,5.3,5.2,3.8,6.3,4.9,4.6,5.2,7.2,0.6,4.5,4.2,3.1,5.1,3.5,6.43,2,3,general,↑,2028-2033,中国风控专员：薪资回报高，人才需求旺盛，加班文化严重,6.19,4.92,7.39,瑞士,孟加拉国,6.34,5.87,6.02,6.3,6.8,6.5,5.37,6.08,5.77,6.84,7.06,5.53,0.24,2026-04-13,2026-04-13,2000-2026
信息技术与数字化,TECH,新兴数字职业,合成数据工程师,Synthetic Data Engineer,7.1,6.3,8.3,5.5,9.0,5.4,9.0,8.4,10.0,7.4,4.3,9.5,6.4,1.9,3.0,7.1,6.4,1.3,5.9,7.8,5.8,5.4,3.4,7.2,7.0,4.7,5.0,4.3,0.8,0.8,4.1,5.9,6.4,3.0,6.43,2,5,general,↑↑,2028-2033,中国合成数据工程师：薪资回报高，人才需求旺盛，加班文化严重,6.34,5.12,7.33,瑞典,孟加拉国,6.4,6.04,6.39,6.42,7.23,6.73,5.59,6.22,5.92,7.0,7.16,5.4,0.09,2026-04-13,2026-04-13,2000-2026
教育与学术,EDU,高等教育,终身教职教授,Tenured Professor,10.0,10.0,4.6,9.6,5.8,5.3,4.3,4.7,8.3,6.1,10.0,9.7,5.2,2.0,2.5,7.8,5.9,1.5,8.2,10.0,8.8,9.7,4.9,9.6,6.2,4.8,9.9,7.2,0.6,10.0,0.0,7.1,6.4,3.1,6.43,1,0,general,→,2035+,中国终身教职教授：薪资回报高，AI替代抗性强，远程友好度高,6.24,5.09,7.28,芬兰,尼日利亚,6.36,5.91,6.31,6.22,7.19,6.54,5.43,6.26,5.78,6.98,6.94,5.45,0.19,2026-04-13,2026-04-13,2000-2026
工程与制造,ENG,汽车,电池系统工程师,Battery Systems Engineer,6.8,6.3,10.0,7.3,10.0,9.4,10.0,9.4,10.0,7.2,6.0,6.2,4.5,1.9,2.9,7.5,6.1,1.0,6.5,8.4,3.2,4.6,2.7,7.4,4.5,4.1,6.7,5.2,2.9,2.5,5.6,2.9,5.1,3.8,6.42,5,5,general,↑↑,2032-2038,中国电池系统工程师：薪资回报高，人才需求旺盛，加班文化严重,6.27,4.92,7.4,德国,孟加拉国,6.46,5.97,6.44,6.18,7.18,6.58,5.3,6.32,5.76,6.7,7.19,5.34,0.15,2026-04-13,2026-04-13,2000-2026
信息技术与数字化,TECH,新兴数字职业,物联网工程师,IoT Engineer,6.5,5.4,9.0,6.8,9.3,8.4,8.2,7.8,8.6,7.2,5.9,9.2,5.6,2.1,2.1,6.9,6.0,1.2,6.5,7.4,4.0,5.6,3.2,7.0,8.1,3.7,5.5,5.8,2.8,0.9,4.8,5.1,5.9,3.3,6.42,4,4,general,↑↑,2032-2038,中国物联网工程师：薪资回报高，人才需求旺盛，加班文化严重,6.45,5.19,7.55,荷兰,孟加拉国,6.49,6.11,6.46,6.52,7.29,6.92,5.72,6.33,6.08,7.1,7.28,5.48,-0.03,2026-04-13,2026-04-13,2000-2026
教育与学术,EDU,特殊教育与辅助,教育心理学家,Educational Psychologist,8.0,8.3,5.6,8.7,6.9,6.2,6.2,8.9,6.8,5.9,9.1,9.5,3.2,1.9,1.3,6.8,5.4,1.2,8.5,9.3,6.8,7.5,3.4,8.2,6.1,6.5,8.2,8.2,1.5,8.2,0.4,6.5,5.7,3.1,6.41,3,3,general,↑,2035+,中国教育心理学家：AI替代抗性强，加班文化严重，就业稳定,6.43,5.46,7.41,丹麦,尼日利亚,6.48,6.17,6.37,6.38,7.37,6.73,5.75,6.37,6.08,7.06,7.1,5.68,-0.02,2026-04-13,2026-04-13,2000-2026
工程与制造,ENG,生物医学工程,生物力学工程师,Biomechanical Engineer,7.0,7.1,8.3,8.1,8.0,6.1,7.8,7.9,9.8,7.6,7.4,7.2,5.1,2.6,2.6,7.0,6.6,0.7,6.9,8.3,4.2,5.4,3.4,8.5,5.3,5.9,5.4,5.8,3.1,4.6,4.2,4.2,6.2,4.2,6.41,4,4,general,↑↑,2032-2038,中国生物力学工程师：薪资回报高，人才需求旺盛，加班文化严重,6.39,5.13,7.49,德国,巴基斯坦,6.53,6.08,6.44,6.38,7.36,6.71,5.44,6.35,5.92,6.92,7.27,5.52,0.02,2026-04-13,2026-04-13,2000-2026
金融与商业,FIN,人力资源,劳动关系专员,Labor Relations Specialist,4.5,5.1,7.0,7.9,7.8,9.1,6.2,5.7,7.8,7.3,7.8,9.2,6.0,2.8,3.4,6.5,6.2,1.2,5.9,6.7,7.0,5.2,4.1,6.6,5.7,7.5,5.7,8.8,1.1,3.9,5.1,5.2,4.8,2.3,6.41,2,2,general,↑,2032-2038,中国劳动关系专员：加班文化严重，就业稳定,6.27,5.03,7.46,瑞士,孟加拉国,6.43,5.92,6.11,6.4,6.95,6.69,5.4,6.14,5.81,6.9,7.16,5.53,0.14,2026-04-13,2026-04-13,2000-2026
金融与商业,FIN,供应链,供应链经理,Supply Chain Manager,4.8,4.7,8.1,8.2,8.0,8.2,8.2,6.7,8.7,8.2,7.0,9.2,7.1,1.5,4.1,6.3,5.7,0.8,5.1,6.8,5.1,6.4,3.1,6.3,5.3,4.5,5.9,6.6,1.9,3.1,5.8,3.2,5.9,2.4,6.4,3,4,general,↑↑,2028-2033,中国供应链经理：薪资回报高，人才需求旺盛，加班文化严重,6.26,4.94,7.34,瑞士,孟加拉国,6.42,5.93,6.05,6.45,6.97,6.56,5.36,6.22,5.78,6.88,7.17,5.55,0.14,2026-04-13,2026-04-13,2000-2026
金融与商业,FIN,银行,金融科技产品经理,FinTech Product Manager,6.1,6.1,8.7,7.9,8.6,9.6,8.5,6.6,10.0,7.2,6.4,9.0,5.1,1.8,3.4,6.8,6.1,1.3,5.8,7.5,7.4,5.6,3.1,6.2,5.3,4.8,5.8,6.9,1.4,4.5,4.2,3.5,5.1,4.3,6.4,4,5,general,↑↑,2028-2033,中国金融科技产品经理：薪资回报高，人才需求旺盛，加班文化严重,6.26,5.02,7.36,瑞士,孟加拉国,6.41,5.91,6.11,6.38,6.95,6.65,5.35,6.26,5.81,6.88,7.1,5.51,0.14,2026-04-13,2026-04-13,2000-2026
农业、资源与环境,AGR,新能源,新能源项目开发经理,Renewable Energy Project Developer,6.4,6.3,10.0,7.5,9.0,9.6,8.9,7.9,8.6,7.6,6.3,6.0,6.2,1.6,3.3,6.6,6.1,1.6,6.1,7.6,4.6,6.7,2.4,7.9,7.7,5.4,5.1,7.2,2.6,4.6,5.5,3.3,6.7,4.4,6.4,4,5,general,↑↑,2032-2038,中国新能源项目开发经理：薪资回报高，人才需求旺盛，加班文化严重,6.41,5.08,7.58,丹麦,孟加拉国,6.34,5.95,6.3,6.54,7.49,6.62,5.44,6.57,6.08,7.18,7.29,5.61,-0.01,2026-04-13,2026-04-13,2000-2026
法律与社会服务,LAW,律师各专业,隐私与数据保护律师,Privacy & Data Protection Lawyer,7.9,7.8,9.2,6.7,8.6,5.3,7.8,8.0,9.5,8.1,6.3,8.9,5.0,2.0,3.2,7.1,6.9,1.8,6.0,9.4,6.1,6.6,3.4,6.4,8.0,6.0,5.2,7.2,0.7,8.5,3.0,3.6,7.0,3.5,6.4,4,5,general,↑↑,2032-2038,中国隐私与数据保护律师：薪资回报高，人才需求旺盛，加班文化严重,6.59,5.35,7.53,澳大利亚,孟加拉国,6.71,6.24,6.45,6.46,7.39,6.88,5.73,6.63,6.22,7.43,7.42,5.91,-0.19,2026-04-13,2026-04-13,2000-2026
金融与商业,FIN,人力资源,员工关系专员,Employee Relations Specialist,4.8,5.1,7.2,7.8,8.0,8.6,6.2,5.9,6.8,8.0,6.9,9.5,5.8,3.5,3.2,6.7,6.8,1.0,6.0,7.1,6.4,5.1,3.8,6.4,6.3,6.3,6.1,8.0,0.7,2.3,4.7,4.5,4.5,1.9,6.4,2,2,general,↑,2032-2038,中国员工关系专员：加班文化严重,6.3,5.03,7.53,瑞士,孟加拉国,6.45,6.0,6.12,6.48,6.9,6.68,5.39,6.19,5.85,6.9,7.23,5.51,0.1,2026-04-13,2026-04-13,2000-2026
工程与制造,ENG,机械工程,机器人工程师,Robotics Engineer,6.0,5.7,8.9,7.8,9.2,8.0,9.0,8.7,8.8,7.0,6.3,7.0,4.1,2.2,2.3,6.6,5.8,0.8,7.3,8.0,4.1,5.2,4.0,7.2,4.6,4.3,6.6,5.1,3.2,2.5,5.9,3.8,5.0,2.3,6.39,4,5,general,↑↑,2032-2038,中国机器人工程师：薪资回报高，人才需求旺盛，加班文化严重,6.38,5.13,7.44,瑞典,尼日利亚,6.44,6.08,6.41,6.32,7.34,6.7,5.46,6.45,5.98,6.88,7.27,5.55,0.01,2026-04-13,2026-04-13,2000-2026
金融与商业,FIN,管理咨询,运营咨询顾问,Operations Consultant,7.1,7.3,7.4,7.1,8.7,8.8,7.6,7.6,9.6,7.2,6.4,9.5,4.7,0.0,1.1,8.5,8.5,1.5,5.3,8.5,7.0,7.0,1.4,6.5,8.3,5.4,4.8,8.4,1.5,2.6,6.1,4.3,6.8,2.9,6.39,3,2,general,↑,2028-2033,中国运营咨询顾问：薪资回报高，人才需求旺盛，加班文化严重,6.11,4.69,7.25,瑞士,孟加拉国,6.34,5.69,5.83,6.28,6.81,6.53,5.17,6.03,5.6,6.7,7.13,5.32,0.28,2026-04-13,2026-04-13,2000-2026
教育与学术,EDU,职业培训,企业培训师,Corporate Trainer,4.8,5.3,5.6,7.2,8.4,8.7,5.6,6.1,5.7,6.1,7.1,9.4,5.5,2.6,2.5,7.7,7.4,1.6,6.9,6.7,7.7,7.2,3.4,6.6,7.5,6.6,6.7,8.2,1.6,2.6,4.5,8.2,4.6,2.4,6.38,3,2,general,↑,2032-2038,中国企业培训师：加班文化严重,6.31,5.33,7.4,芬兰,孟加拉国,6.37,6.07,6.31,6.28,7.31,6.55,5.57,6.24,5.85,6.9,7.07,5.56,0.07,2026-04-13,2026-04-13,2000-2026
金融与商业,FIN,管理咨询,财务咨询顾问,Financial Advisory Consultant,6.8,6.8,7.4,6.5,8.7,8.4,7.0,7.8,10.0,8.1,5.9,9.2,4.7,0.0,0.8,8.2,8.3,1.4,5.4,8.7,6.6,6.5,1.8,7.6,7.7,4.5,5.0,8.4,1.2,2.1,6.5,4.6,6.6,3.3,6.38,3,2,general,↑,2028-2033,中国财务咨询顾问：薪资回报高，加班文化严重,6.18,4.75,7.29,瑞士,孟加拉国,6.35,5.84,6.01,6.31,6.86,6.56,5.25,6.14,5.69,6.74,7.1,5.42,0.2,2026-04-13,2026-04-13,2000-2026
金融与商业,FIN,供应链,关务经理,Customs Compliance Manager,5.0,5.1,6.9,8.1,7.4,8.4,6.6,7.1,8.3,7.3,7.9,9.0,6.1,2.3,3.8,7.3,6.4,0.9,5.9,7.2,6.1,5.5,3.3,5.9,5.7,5.7,5.6,7.3,2.3,4.6,5.6,4.0,6.5,2.6,6.38,3,3,general,↑,2028-2033,中国关务经理：薪资回报高，加班文化严重，就业稳定,6.16,4.86,7.39,瑞士,孟加拉国,6.33,5.8,5.97,6.28,6.84,6.58,5.23,6.09,5.7,6.83,7.09,5.4,0.22,2026-04-13,2026-04-13,2000-2026
教育与学术,EDU,在线教育,在线教育运营,Online Education Operations Manager,4.3,4.8,7.7,7.2,9.8,8.7,6.0,6.2,5.8,6.6,6.1,10.0,5.9,0.7,2.1,7.2,6.8,2.1,5.2,7.3,10.0,6.0,3.9,6.3,7.7,6.6,5.9,7.1,0.4,1.4,4.6,6.4,5.5,2.8,6.38,5,4,general,↑↑,2028-2033,中国在线教育运营：远程友好度高，加班文化严重，近年增长迅猛,6.13,4.97,7.42,芬兰,孟加拉国,6.23,5.81,6.08,6.09,7.26,6.4,5.28,6.07,5.62,6.89,6.9,5.32,0.25,2026-04-13,2026-04-13,2000-2026
医疗与健康,MED,心理健康,精神科医生,Psychiatrist,9.5,9.8,7.3,8.4,9.4,8.0,8.7,8.6,7.8,6.3,7.8,8.9,4.3,0.8,1.6,6.1,5.7,1.9,7.8,8.5,6.2,6.9,3.4,8.2,7.9,5.2,7.2,9.2,1.0,8.7,1.4,6.2,4.7,2.6,6.37,4,5,general,↑↑,2035+,中国精神科医生：人才需求旺盛，AI替代抗性强，加班文化严重,6.6,5.26,7.6,荷兰,巴基斯坦,6.68,6.24,6.46,6.64,7.45,6.94,5.59,6.89,6.24,7.41,7.41,5.72,-0.23,2026-04-13,2026-04-13,2000-2026
医疗与健康,MED,心理健康,心理咨询师,Counseling Psychologist,6.6,6.7,7.9,8.8,8.6,8.4,7.1,7.3,4.4,5.9,8.3,8.7,4.8,1.0,2.8,6.3,6.6,1.9,7.1,6.8,6.9,6.9,3.9,8.5,7.9,5.5,7.6,9.0,0.7,6.7,1.5,5.9,5.0,2.8,6.37,4,5,general,↑↑,2032-2038,中国心理咨询师：薪资水平偏低，加班文化严重，就业稳定,6.65,5.32,7.71,瑞士,孟加拉国,6.73,6.27,6.52,6.71,7.52,7.01,5.6,6.91,6.28,7.51,7.5,5.74,-0.28,2026-04-13,2026-04-13,2000-2026
医疗与健康,MED,心理健康,心理治疗师,Psychotherapist,7.6,7.3,7.7,8.4,9.1,8.4,8.1,7.0,5.4,6.7,7.0,8.4,3.4,1.0,2.5,6.6,6.4,1.9,8.0,6.8,6.6,6.6,3.4,9.1,8.1,5.6,7.4,9.3,0.5,7.9,1.8,7.2,4.2,2.7,6.36,4,5,general,↑↑,2035+,中国心理治疗师：人才需求旺盛，AI替代抗性强，加班文化严重,6.7,5.38,7.75,德国,孟加拉国,6.76,6.3,6.57,6.75,7.65,7.09,5.64,6.96,6.33,7.58,7.55,5.78,-0.34,2026-04-13,2026-04-13,2000-2026
信息技术与数字化,TECH,人工智能与数据,数据分析师,Data Analyst,4.5,4.8,6.5,6.8,9.6,10.0,7.1,6.1,8.2,7.4,4.6,9.7,5.4,2.1,4.0,8.2,7.8,1.4,4.2,6.7,4.9,4.2,3.7,6.2,6.1,5.4,6.2,6.4,0.4,0.0,4.6,7.2,5.6,1.3,6.36,4,3,general,↑,2026-2030,中国数据分析师：薪资回报高，加班文化严重,6.31,5.06,7.32,英国,孟加拉国,6.34,6.0,6.33,6.33,7.24,6.68,5.57,6.27,5.83,7.02,7.17,5.4,0.05,2026-04-13,2026-04-13,2000-2026
金融与商业,FIN,供应链,合同管理专员,Contract Manager,5.0,4.8,7.1,7.9,8.6,9.0,7.4,7.7,8.6,8.6,6.9,8.7,6.5,2.5,3.2,6.4,5.7,0.9,5.4,6.6,4.8,5.0,3.1,5.7,5.7,5.7,5.7,7.0,2.3,3.6,5.0,4.2,5.8,2.6,6.36,3,3,general,↑,2028-2033,中国合同管理专员：薪资回报高，加班文化严重,6.17,4.93,7.36,瑞士,孟加拉国,6.37,5.83,6.02,6.34,6.91,6.48,5.25,6.06,5.7,6.76,7.07,5.41,0.19,2026-04-13,2026-04-13,2000-2026
工程与制造,ENG,汽车,新能源汽车工程师,New Energy Vehicle Engineer,7.0,6.4,10.0,6.8,10.0,10.0,10.0,9.1,10.0,8.2,5.5,6.5,5.2,1.4,2.3,6.6,6.2,1.1,6.9,7.5,3.5,4.4,2.7,7.0,4.2,4.3,6.7,5.2,3.5,2.5,5.9,3.1,5.1,3.8,6.35,4,5,general,↑↑,2032-2038,中国新能源汽车工程师：薪资回报高，人才需求旺盛，加班文化严重,6.21,4.84,7.32,德国,孟加拉国,6.34,5.94,6.39,6.14,7.12,6.53,5.27,6.28,5.75,6.72,7.1,5.27,0.14,2026-04-13,2026-04-13,2000-2026
金融与商业,FIN,银行,私人银行家,Private Banker,5.0,5.3,6.8,7.6,7.6,9.6,7.7,6.0,9.9,6.6,7.0,9.0,6.0,1.5,3.6,6.6,5.7,0.7,6.0,9.0,4.7,4.5,3.8,6.3,6.6,4.4,5.6,9.3,1.3,3.8,4.8,2.7,5.1,3.5,6.35,2,2,general,↑,2032-2038,中国私人银行家：薪资回报高，人才需求旺盛，加班文化严重,6.23,4.92,7.29,瑞士,孟加拉国,6.38,5.94,6.14,6.36,6.87,6.57,5.36,6.19,5.73,6.8,7.06,5.54,0.12,2026-04-13,2026-04-13,2000-2026
金融与商业,FIN,人力资源,培训与发展经理,Training & Development Manager,5.6,5.3,6.6,7.8,8.2,9.2,5.6,6.3,8.3,7.0,6.2,9.5,6.7,2.1,3.7,6.3,6.8,1.1,5.2,6.8,7.0,5.0,4.8,7.6,5.5,5.8,6.3,8.6,1.0,2.7,4.3,4.0,5.1,2.5,6.35,2,2,general,↑,2028-2033,中国培训与发展经理：薪资回报高，加班文化严重,6.25,4.97,7.51,瑞士,巴基斯坦,6.42,5.92,6.11,6.39,7.01,6.63,5.37,6.12,5.7,6.88,7.19,5.5,0.1,2026-04-13,2026-04-13,2000-2026
金融与商业,FIN,会计审计,税务师,Tax Advisor,6.1,6.3,6.1,8.9,8.2,9.8,6.2,6.1,8.4,7.3,7.9,9.7,6.0,1.5,2.6,7.3,6.6,0.7,5.4,8.3,5.8,5.8,3.4,6.1,8.3,6.2,6.1,6.5,0.5,7.6,3.2,4.5,6.0,3.3,6.34,2,2,general,↑,2028-2033,中国税务师：薪资回报高，加班文化严重，就业稳定,6.15,4.76,7.19,瑞士,孟加拉国,6.31,5.83,5.95,6.3,6.78,6.62,5.2,6.07,5.66,6.76,7.03,5.42,0.19,2026-04-13,2026-04-13,2000-2026
教育与学术,EDU,K12教育,高中数学教师,High School Math Teacher,6.1,6.0,5.3,9.3,8.1,9.7,6.8,8.0,5.3,5.9,9.5,9.0,4.8,1.5,2.9,6.9,6.2,0.8,6.9,7.1,5.0,5.4,4.2,7.1,5.1,5.3,7.5,8.4,1.9,6.0,0.6,7.0,4.2,3.1,6.34,2,2,general,↑,2032-2038,中国高中数学教师：加班文化严重，就业稳定,6.31,5.33,7.38,芬兰,孟加拉国,6.36,6.1,6.23,6.32,7.29,6.54,5.58,6.3,5.89,6.94,6.98,5.57,0.03,2026-04-13,2026-04-13,2000-2026
金融与商业,FIN,保险,保险产品开发师,Insurance Product Developer,6.3,5.9,7.2,8.3,8.0,9.9,7.2,6.4,10.0,7.7,8.7,9.2,6.3,3.3,4.4,5.3,5.2,1.4,5.1,7.3,4.6,5.7,3.8,6.1,7.1,5.5,5.9,7.3,1.3,5.1,4.4,3.7,4.4,4.3,6.34,2,2,general,↑,2028-2033,中国保险产品开发师：薪资回报高，加班文化严重，就业稳定,5.96,4.52,7.13,瑞士,孟加拉国,6.2,5.66,5.72,6.04,6.78,6.29,5.0,5.9,5.47,6.52,6.94,5.12,0.38,2026-04-13,2026-04-13,2000-2026
金融与商业,FIN,市场营销与销售,产品营销经理,Product Marketing Manager,5.1,4.9,6.8,7.3,8.9,9.8,7.0,5.7,9.0,8.5,5.4,9.2,5.8,1.8,2.6,6.8,6.5,2.0,5.0,6.6,6.2,6.5,2.3,6.8,7.7,5.3,5.4,9.5,2.0,1.4,5.8,6.0,5.4,2.7,6.34,2,3,general,↑,2028-2033,中国产品营销经理：薪资回报高，加班文化严重,6.17,4.97,7.34,瑞士,巴基斯坦,6.28,5.85,5.99,6.34,6.84,6.53,5.32,6.05,5.69,6.78,7.11,5.47,0.17,2026-04-13,2026-04-13,2000-2026
工程与制造,ENG,汽车,自动驾驶工程师,Autonomous Driving Engineer,7.5,7.9,10.0,7.0,10.0,9.8,10.0,10.0,9.9,7.2,6.0,6.5,4.4,1.4,2.0,7.2,6.4,1.4,5.9,8.6,4.0,4.9,3.7,7.4,4.3,4.9,6.1,5.8,2.7,2.5,6.5,2.5,5.8,4.2,6.34,5,5,general,↑↑,2028-2033,中国自动驾驶工程师：薪资回报高，人才需求旺盛，加班文化严重,6.29,5.02,7.4,瑞典,巴基斯坦,6.4,5.95,6.43,6.26,7.21,6.68,5.38,6.35,5.83,6.68,7.17,5.41,0.05,2026-04-13,2026-04-13,2000-2026
金融与商业,FIN,加密货币与去中心化金融,智能合约审计师,Smart Contract Auditor,7.6,6.8,8.8,4.6,9.6,6.9,9.0,8.9,10.0,8.2,4.7,9.2,5.4,1.2,1.1,6.3,5.5,3.5,6.0,6.9,9.2,7.2,2.5,6.3,8.8,4.5,6.1,5.3,0.4,1.3,8.6,6.2,7.4,2.2,6.33,4,5,general,↑↑,2032-2038,中国智能合约审计师：薪资回报高，人才需求旺盛，远程友好度高,6.17,4.87,7.2,瑞士,孟加拉国,6.32,5.87,5.98,6.3,6.86,6.48,5.27,6.1,5.74,6.83,6.97,5.46,0.16,2026-04-13,2026-04-13,2000-2026
金融与商业,FIN,加密货币与去中心化金融,DeFi策略师,DeFi Strategist,6.3,5.9,9.4,4.8,9.4,6.3,8.8,8.2,10.0,8.5,2.4,8.8,4.2,1.3,1.8,6.7,5.9,3.3,5.5,7.0,9.1,8.0,2.7,6.9,8.8,3.7,6.1,5.5,0.1,1.7,8.5,7.0,7.1,1.8,6.33,4,4,general,↑↑,2028-2033,中国DeFi策略师：薪资回报高，人才需求旺盛，远程友好度高,6.07,4.76,7.18,瑞士,孟加拉国,6.23,5.75,5.88,6.18,6.83,6.46,5.23,5.97,5.58,6.72,6.92,5.36,0.26,2026-04-13,2026-04-13,2000-2026
金融与商业,FIN,加密货币与去中心化金融,加密合规专员,Crypto Compliance Specialist,6.0,5.6,9.1,4.8,9.6,6.9,8.0,8.8,9.8,7.5,4.6,8.8,5.1,1.3,1.8,7.1,5.9,3.4,5.4,6.5,7.7,7.5,2.8,7.5,9.8,4.3,6.5,5.2,0.5,3.3,8.5,6.5,6.5,1.4,6.33,4,5,general,↑↑,2028-2033,中国加密合规专员：薪资回报高，人才需求旺盛，加班文化严重,6.1,4.75,7.32,瑞士,孟加拉国,6.28,5.76,5.96,6.23,6.79,6.5,5.14,5.97,5.59,6.76,7.04,5.38,0.23,2026-04-13,2026-04-13,2000-2026
教育与学术,EDU,早期教育,儿童发展评估师,Child Development Assessor,6.6,6.6,5.4,8.0,6.4,6.0,7.2,7.6,4.4,6.3,9.8,9.2,4.7,3.0,3.3,5.8,5.7,1.2,8.1,7.6,5.5,6.9,4.5,8.2,5.1,8.0,7.6,8.0,1.7,6.7,1.1,5.7,4.7,2.7,6.33,3,3,general,↑,2035+,中国儿童发展评估师：薪资水平偏低，AI替代抗性强，加班文化严重,6.08,5.16,7.15,芬兰,尼日利亚,6.16,5.82,6.06,6.03,7.01,6.28,5.39,5.99,5.67,6.72,6.77,5.36,0.25,2026-04-13,2026-04-13,2000-2026
医疗与健康,MED,心理健康,临床心理学家,Clinical Psychologist,7.3,7.5,8.5,8.6,9.3,7.9,7.6,6.7,6.3,5.6,8.2,8.6,3.5,1.5,2.8,6.3,6.6,1.8,7.2,6.6,6.6,6.4,2.7,8.4,8.1,6.1,8.0,9.5,1.0,7.3,2.2,5.4,4.2,2.8,6.33,4,5,general,↑↑,2032-2038,中国临床心理学家：人才需求旺盛，加班文化严重，就业稳定,6.62,5.23,7.65,瑞士,孟加拉国,6.64,6.24,6.54,6.62,7.58,6.93,5.54,6.86,6.26,7.48,7.49,5.71,-0.29,2026-04-13,2026-04-13,2000-2026
金融与商业,FIN,银行,反洗钱分析师,Anti-Money Laundering (AML) Analyst,4.8,5.6,8.3,7.8,8.0,9.2,7.6,7.2,8.8,7.2,8.7,9.2,4.5,2.7,2.4,6.2,6.5,0.9,5.1,7.3,4.8,5.5,3.0,6.3,4.7,5.4,5.4,6.7,0.7,4.4,4.2,3.5,5.3,3.5,6.33,2,4,general,↑↑,2028-2033,中国反洗钱分析师：薪资回报高，人才需求旺盛，加班文化严重,6.09,4.8,7.18,瑞士,孟加拉国,6.25,5.75,6.01,6.21,6.77,6.46,5.17,5.99,5.64,6.7,6.96,5.39,0.24,2026-04-13,2026-04-13,2000-2026
农业、资源与环境,AGR,新能源,氢能工程师,Hydrogen Energy Engineer,6.6,5.7,10.0,7.3,8.8,6.8,10.0,10.0,7.6,7.3,6.0,6.0,5.4,2.4,4.4,6.5,6.2,1.5,6.8,7.5,2.6,6.0,3.9,8.5,6.8,4.1,4.9,5.8,4.2,4.6,5.6,3.1,5.4,4.4,6.33,4,5,general,↑↑,2032-2038,中国氢能工程师：人才需求旺盛，加班文化严重，近年增长迅猛,6.24,5.0,7.44,丹麦,孟加拉国,6.21,5.86,6.06,6.3,7.34,6.47,5.28,6.4,5.88,7.05,7.15,5.39,0.09,2026-04-13,2026-04-13,2000-2026
教育与学术,EDU,K12教育,美术教师,Art Teacher,5.5,5.2,3.9,8.7,7.5,7.9,4.9,6.6,4.6,5.6,9.3,9.5,5.4,3.7,3.5,5.9,5.9,1.9,7.9,7.0,5.9,6.6,3.7,8.6,6.7,6.6,8.1,7.7,2.0,4.6,1.2,8.0,3.4,1.6,6.32,1,1,general,→,2035+,中国美术教师：AI替代抗性强，就业稳定,6.06,5.03,7.18,芬兰,尼日利亚,6.13,5.78,6.09,6.02,7.07,6.25,5.36,5.98,5.64,6.7,6.74,5.3,0.26,2026-04-13,2026-04-13,2000-2026
工程与制造,ENG,航空航天,航空电子工程师,Avionics Engineer,7.8,7.5,8.2,8.1,8.8,7.6,8.8,9.1,10.0,8.0,7.0,5.8,4.6,1.2,3.5,6.3,5.9,0.4,7.5,9.4,3.6,5.2,3.5,8.3,3.2,3.9,5.4,5.8,3.8,3.5,4.2,3.2,5.2,5.6,6.32,3,3,general,↑,2035+,中国航空电子工程师：薪资回报高，人才需求旺盛，AI替代抗性强,6.16,4.87,7.33,瑞典,孟加拉国,6.27,5.81,6.23,6.2,7.16,6.49,5.25,6.21,5.6,6.65,7.09,5.27,0.16,2026-04-13,2026-04-13,2000-2026
农业、资源与环境,AGR,新能源,储能系统工程师,Energy Storage Engineer,6.9,6.3,10.0,7.0,9.0,8.9,10.0,9.1,7.7,8.2,5.5,6.0,6.4,1.2,4.4,6.3,6.0,1.5,6.8,7.7,2.2,6.5,2.6,8.1,7.2,4.4,5.1,5.3,4.5,4.3,5.1,2.9,6.5,4.0,6.32,4,5,general,↑↑,2032-2038,中国储能系统工程师：人才需求旺盛，加班文化严重，近年增长迅猛,6.32,4.98,7.46,丹麦,孟加拉国,6.28,5.91,6.25,6.43,7.38,6.57,5.28,6.47,5.96,7.11,7.19,5.45,0.0,2026-04-13,2026-04-13,2000-2026
教育与学术,EDU,特殊教育与辅助,学习障碍辅导师,Learning Disability Specialist,6.8,6.5,5.5,8.8,7.9,6.7,7.0,8.0,4.8,6.6,9.6,8.7,3.2,3.4,2.1,5.8,4.6,0.6,8.4,7.8,4.9,5.5,4.3,8.2,4.3,7.4,7.8,8.8,3.2,6.6,1.0,5.4,4.2,1.6,6.32,3,3,general,↑,2035+,中国学习障碍辅导师：AI替代抗性强，加班文化严重，就业稳定,6.17,5.25,7.17,芬兰,尼日利亚,6.24,5.94,6.05,6.11,7.1,6.39,5.52,6.07,5.72,6.76,6.92,5.43,0.15,2026-04-13,2026-04-13,2000-2026
金融与商业,FIN,人力资源,薪酬福利经理,Compensation & Benefits Manager,6.1,4.8,6.6,8.2,8.0,8.4,6.0,6.3,7.9,7.4,6.2,9.2,6.1,2.2,3.8,6.7,5.8,1.0,5.0,6.5,6.7,6.2,5.1,6.8,6.1,6.1,6.5,8.7,1.4,2.6,4.5,4.0,4.3,1.8,6.32,2,2,general,↑,2028-2033,中国薪酬福利经理：加班文化严重,6.2,4.84,7.34,瑞士,孟加拉国,6.36,5.84,5.98,6.3,6.84,6.58,5.3,6.14,5.76,6.85,7.1,5.48,0.12,2026-04-13,2026-04-13,2000-2026
金融与商业,FIN,供应链,采购分析师,Procurement Analyst,5.3,5.4,7.3,7.8,8.4,8.2,7.2,7.7,8.1,8.2,7.7,8.8,6.5,1.5,4.0,6.8,6.1,1.2,4.3,7.6,5.7,5.5,2.6,6.3,5.5,6.0,5.2,6.9,2.3,2.8,5.5,4.0,6.6,3.0,6.32,3,3,general,↑,2026-2030,中国采购分析师：薪资回报高，加班文化严重，就业稳定,6.04,4.77,7.22,瑞士,孟加拉国,6.23,5.69,5.83,6.13,6.69,6.38,5.14,5.95,5.6,6.7,6.99,5.35,0.28,2026-04-13,2026-04-13,2000-2026
金融与商业,FIN,保险,保险精算分析师,Actuarial Analyst,7.5,7.0,6.4,8.1,7.3,10.0,8.2,7.2,10.0,8.0,8.4,9.5,6.3,3.4,4.1,5.3,5.6,1.4,6.0,6.7,5.7,4.9,4.4,6.3,7.3,4.5,6.1,7.3,1.0,7.8,3.8,4.3,4.0,4.3,6.32,2,2,general,↑,2032-2038,中国保险精算分析师：薪资回报高，人才需求旺盛，加班文化严重,5.93,4.42,7.01,瑞士,孟加拉国,6.22,5.55,5.79,6.07,6.6,6.34,4.94,5.89,5.44,6.58,6.85,5.09,0.39,2026-04-13,2026-04-13,2000-2026
工程与制造,ENG,制造管理,智能制造工程师,Smart Manufacturing / Industry 4.0 Engineer,5.8,5.9,9.5,7.8,10.0,8.9,9.1,8.4,9.1,7.7,6.5,6.3,4.2,1.4,2.2,7.2,6.3,1.1,6.0,8.6,3.3,6.2,2.7,5.7,5.8,3.5,6.7,6.9,3.0,3.0,5.5,2.5,4.8,3.6,6.32,4,5,general,↑↑,2028-2033,中国智能制造工程师：薪资回报高，人才需求旺盛，加班文化严重,6.41,5.13,7.56,瑞士,孟加拉国,6.5,6.13,6.43,6.36,7.31,6.68,5.54,6.43,5.94,6.99,7.34,5.59,-0.09,2026-04-13,2026-04-13,2000-2026
信息技术与数字化,TECH,软件开发,移动应用开发工程师,Mobile App Developer,5.1,4.2,7.9,5.6,9.7,9.4,5.7,5.4,8.9,7.4,4.4,9.5,5.7,1.9,2.8,6.8,7.2,1.6,4.3,7.7,5.5,6.4,3.7,6.8,8.7,4.6,4.7,5.5,1.1,0.2,6.1,7.9,6.8,2.2,6.32,3,1,general,→,2026-2030,中国移动应用开发工程师：薪资回报高，加班文化严重,6.25,5.01,7.36,荷兰,孟加拉国,6.3,5.92,6.26,6.33,7.13,6.63,5.49,6.13,5.77,6.96,7.12,5.4,0.07,2026-04-13,2026-04-13,2000-2026
医疗与健康,MED,公共卫生,卫生教育专家,Health Education Specialist,5.5,5.5,7.5,7.8,7.7,8.1,6.2,5.0,5.3,6.3,8.3,9.1,5.6,2.4,2.6,7.1,7.1,1.2,7.1,7.7,5.5,6.4,4.7,7.5,4.6,6.0,7.5,8.7,2.0,6.1,1.9,4.3,5.9,3.7,6.31,3,3,general,↑,2032-2038,中国卫生教育专家：加班文化严重，就业稳定,6.42,5.36,7.36,瑞士,孟加拉国,6.48,6.1,6.31,6.42,7.19,6.75,5.64,6.61,6.07,7.01,7.15,5.69,-0.11,2026-04-13,2026-04-13,2000-2026
医疗与健康,MED,心理健康,法医心理学家,Forensic Psychologist,7.3,7.6,8.6,8.7,9.0,5.7,7.5,6.8,6.1,6.8,7.5,8.4,3.7,2.3,1.9,6.6,6.4,2.1,8.0,6.4,5.3,6.4,3.7,8.4,7.1,6.4,7.8,8.1,1.0,7.4,1.5,6.0,4.5,1.9,6.31,4,3,general,↑,2035+,中国法医心理学家：人才需求旺盛，AI替代抗性强，加班文化严重,6.55,5.26,7.55,瑞士,尼日利亚,6.66,6.16,6.43,6.53,7.44,6.92,5.59,6.77,6.16,7.4,7.4,5.65,-0.24,2026-04-13,2026-04-13,2000-2026
金融与商业,FIN,保险,再保险专员,Reinsurance Specialist,5.8,5.1,7.0,8.1,7.1,6.8,7.5,6.7,9.5,7.0,8.7,9.7,5.8,3.0,3.3,5.3,5.6,1.4,5.4,6.3,5.4,5.6,4.1,6.1,6.7,5.1,6.3,6.6,0.7,4.8,4.3,4.5,6.8,4.5,6.31,2,2,general,↑,2028-2033,中国再保险专员：薪资回报高，人才需求旺盛，加班文化严重,6.0,4.58,7.21,瑞士,孟加拉国,6.27,5.6,5.76,6.14,6.7,6.39,5.0,5.92,5.5,6.72,6.96,5.19,0.31,2026-04-13,2026-04-13,2000-2026
金融与商业,FIN,供应链,进出口经理,Import/Export Manager,5.0,5.4,7.3,7.5,8.3,9.2,6.8,6.9,7.6,8.4,7.4,8.8,6.5,2.8,3.6,6.5,5.7,1.1,5.4,6.8,5.9,5.2,3.3,6.3,5.5,4.9,5.8,6.8,1.7,3.6,5.2,3.8,6.7,3.2,6.31,3,3,general,↑,2028-2033,中国进出口经理：加班文化严重,6.19,4.87,7.42,瑞士,孟加拉国,6.32,5.82,6.02,6.36,6.91,6.63,5.22,6.18,5.64,6.77,7.11,5.47,0.12,2026-04-13,2026-04-13,2000-2026
工程与制造,ENG,航空航天,飞机设计工程师,Aircraft Design Engineer,7.3,7.6,8.8,7.8,9.2,6.9,8.1,9.3,10.0,8.0,6.7,6.0,4.3,1.6,2.3,6.3,6.2,0.7,8.0,9.8,2.5,6.2,2.7,8.6,3.2,3.5,5.7,5.8,3.2,3.7,4.0,2.8,5.1,5.2,6.31,3,3,general,↑,2035+,中国飞机设计工程师：薪资回报高，人才需求旺盛，AI替代抗性强,6.19,4.9,7.27,瑞典,孟加拉国,6.3,5.85,6.32,6.22,7.09,6.48,5.27,6.25,5.7,6.72,7.06,5.3,0.12,2026-04-13,2026-04-13,2000-2026
金融与商业,FIN,人力资源,人才测评顾问,Talent Assessment Consultant,5.8,6.4,6.8,7.9,7.8,5.4,6.7,6.5,8.4,6.9,6.1,9.2,6.5,3.2,3.8,6.7,6.0,1.2,5.8,6.5,7.0,6.2,3.6,5.9,6.3,6.6,6.5,8.1,0.7,2.3,4.5,4.6,5.0,2.7,6.3,2,2,general,↑,2028-2033,中国人才测评顾问：薪资回报高，加班文化严重,6.16,4.97,7.25,瑞士,孟加拉国,6.27,5.84,5.96,6.33,6.74,6.6,5.32,6.04,5.7,6.75,7.09,5.48,0.14,2026-04-13,2026-04-13,2000-2026
金融与商业,FIN,供应链,供应链分析师,Supply Chain Analyst,4.9,5.4,7.6,7.8,8.2,8.8,6.8,6.7,8.9,7.5,7.3,9.0,6.5,1.7,4.0,6.5,6.3,0.9,4.6,6.6,6.7,5.3,2.8,5.3,6.1,4.9,5.6,6.8,1.7,3.1,4.8,3.6,6.4,3.0,6.3,3,3,general,↑,2028-2033,中国供应链分析师：薪资回报高，加班文化严重,6.14,4.8,7.33,瑞士,孟加拉国,6.27,5.79,5.97,6.34,6.76,6.53,5.23,6.04,5.67,6.82,7.08,5.41,0.16,2026-04-13,2026-04-13,2000-2026
金融与商业,FIN,市场营销与销售,市场营销经理,Marketing Manager,3.9,4.8,6.2,7.4,9.1,9.9,5.6,6.0,9.0,7.2,4.7,8.7,5.0,1.5,2.4,7.2,7.3,2.3,5.1,7.0,6.6,7.0,2.6,7.3,8.3,5.8,5.2,9.3,1.7,1.2,6.5,5.8,5.7,2.9,6.3,2,2,general,↑,2028-2033,中国市场营销经理：薪资回报高，加班文化严重,6.17,4.86,7.24,瑞士,孟加拉国,6.32,5.82,6.07,6.3,6.81,6.54,5.25,6.09,5.72,6.75,7.07,5.46,0.13,2026-04-13,2026-04-13,2000-2026
工程与制造,ENG,航空航天,推进系统工程师,Propulsion Engineer,7.6,7.9,8.0,8.0,8.5,6.6,9.1,9.5,10.0,7.5,6.7,6.3,4.4,2.1,2.3,6.1,5.5,0.9,8.5,9.8,3.6,5.9,2.9,8.3,3.5,3.8,5.7,5.4,3.4,4.0,4.2,2.6,5.5,5.5,6.3,3,3,general,↑,2035+,中国推进系统工程师：薪资回报高，人才需求旺盛，AI替代抗性强,6.15,4.98,7.27,德国,孟加拉国,6.29,5.77,6.22,6.15,7.13,6.45,5.26,6.19,5.62,6.72,7.06,5.25,0.15,2026-04-13,2026-04-13,2000-2026
教育与学术,EDU,职业培训,语言培训教师,Language Training Teacher,4.7,5.3,4.9,8.0,8.5,9.8,5.5,6.5,4.3,5.3,7.8,9.5,5.0,1.9,3.5,5.4,5.7,1.7,6.0,5.6,9.3,6.0,3.5,7.3,7.7,7.6,7.5,8.2,1.8,3.1,3.2,8.4,6.3,1.5,6.3,2,0,general,→,2032-2038,中国语言培训教师：薪资水平偏低，远程友好度高，加班文化严重,6.2,5.27,7.36,芬兰,尼日利亚,6.26,5.95,6.17,6.17,7.18,6.45,5.49,6.18,5.78,6.87,6.89,5.45,0.1,2026-04-13,2026-04-13,2000-2026
教育与学术,EDU,K12教育,特殊教育教师,Special Education Teacher,6.0,5.8,5.9,8.8,8.1,7.7,7.5,8.4,4.4,6.3,10.0,8.2,3.5,2.1,1.5,5.8,4.6,0.9,8.7,7.2,4.6,6.4,3.5,8.8,4.1,7.2,7.1,8.7,5.0,7.1,0.0,4.8,3.8,2.0,6.29,3,3,general,↑,2035+,中国特殊教育教师：薪资水平偏低，人才需求旺盛，AI替代抗性强,6.23,5.25,7.31,芬兰,尼日利亚,6.28,6.03,6.17,6.22,7.22,6.42,5.55,6.14,5.77,6.9,6.92,5.46,0.06,2026-04-13,2026-04-13,2000-2026
医疗与健康,MED,口腔,牙科卫生师,Dental Hygienist,4.5,4.2,7.5,8.0,8.9,9.1,7.5,6.4,6.1,7.0,8.8,8.1,4.0,3.0,3.8,4.6,4.2,1.4,8.3,6.2,0.4,5.8,4.9,7.6,9.0,5.4,5.5,7.6,5.4,5.1,2.7,5.0,4.9,3.4,6.29,3,3,general,↑,2035+,中国牙科卫生师：人才需求旺盛，AI替代抗性强，加班文化严重,6.37,5.28,7.23,瑞士,巴基斯坦,6.48,6.08,6.25,6.46,6.99,6.61,5.54,6.54,6.05,6.98,7.08,5.63,-0.08,2026-04-13,2026-04-13,2000-2026
金融与商业,FIN,证券投资,量化交易员,Quantitative Trader,8.2,8.3,8.3,6.8,9.4,9.3,9.2,9.6,10.0,9.2,5.2,9.2,4.8,0.1,1.2,6.5,6.1,2.2,6.0,9.4,6.8,6.5,2.1,6.3,7.6,2.9,5.0,7.4,0.3,5.7,7.4,4.5,6.8,4.2,6.29,3,2,general,↑,2032-2038,中国量化交易员：薪资回报高，人才需求旺盛，加班文化严重,6.06,4.71,7.17,瑞士,孟加拉国,6.25,5.73,5.98,6.22,6.71,6.4,5.22,5.99,5.6,6.57,6.95,5.3,0.23,2026-04-13,2026-04-13,2000-2026
金融与商业,FIN,市场营销与销售,销售经理,Sales Manager,4.5,5.0,6.2,7.1,8.7,10.0,5.4,5.9,8.6,8.4,5.7,9.2,5.0,0.5,1.1,7.4,6.9,1.8,5.5,7.2,6.5,6.0,3.0,6.8,8.7,6.4,5.6,8.6,2.0,1.3,6.2,5.4,5.3,1.9,6.29,2,2,general,↑,2028-2033,中国销售经理：薪资回报高，加班文化严重,6.08,4.64,7.14,瑞士,孟加拉国,6.24,5.74,5.92,6.22,6.7,6.46,5.11,6.02,5.61,6.78,6.98,5.43,0.21,2026-04-13,2026-04-13,2000-2026
金融与商业,FIN,企业管理,首席可持续发展官(CSO),Chief Sustainability Officer (CSO),8.1,7.9,10.0,7.4,6.8,5.3,7.6,6.9,10.0,7.2,5.1,9.7,3.8,0.5,1.1,7.5,6.3,3.4,7.3,10.0,5.9,9.5,0.8,8.5,9.2,4.7,5.3,8.2,1.3,1.7,5.6,3.0,5.5,2.4,6.29,5,5,general,↑↑,2032-2038,中国首席可持续发展官(CSO)：薪资回报高，人才需求旺盛，加班文化严重,6.15,4.83,7.11,瑞士,孟加拉国,6.31,5.86,5.99,6.28,6.79,6.44,5.26,6.08,5.71,6.84,7.0,5.44,0.14,2026-04-13,2026-04-13,2000-2026
金融与商业,FIN,保险,保险经纪人,Insurance Broker,5.5,5.6,6.6,8.4,8.2,10.0,7.1,6.2,9.4,7.1,7.4,9.2,5.0,2.4,3.4,5.5,5.0,1.4,5.5,6.7,5.7,6.6,4.0,5.5,8.6,5.7,6.1,6.9,1.3,4.8,4.0,4.7,4.6,3.7,6.29,2,2,general,↑,2028-2033,中国保险经纪人：薪资回报高，加班文化严重,6.08,4.61,7.31,瑞士,孟加拉国,6.31,5.71,5.88,6.2,6.78,6.48,5.01,5.99,5.58,6.86,7.1,5.19,0.21,2026-04-13,2026-04-13,2000-2026
农业、资源与环境,AGR,新能源,碳交易分析师,Carbon Trading Analyst,5.8,6.1,9.7,7.6,9.8,9.3,8.9,8.7,7.8,8.7,5.5,6.0,4.9,1.7,3.7,5.9,5.9,1.5,5.0,7.2,6.8,5.8,2.4,6.9,6.2,5.9,4.9,5.3,1.3,4.8,5.7,3.3,6.5,4.0,6.28,4,5,general,↑↑,2028-2033,中国碳交易分析师：人才需求旺盛，加班文化严重，近年增长迅猛,6.2,4.92,7.52,丹麦,巴基斯坦,6.16,5.78,5.99,6.34,7.4,6.39,5.21,6.34,5.81,7.12,7.04,5.39,0.08,2026-04-13,2026-04-13,2000-2026
医疗与健康,MED,公共卫生,营养师,Dietitian / Nutritionist,5.6,5.3,7.3,8.4,8.0,8.5,7.0,4.9,4.5,6.1,8.0,8.9,5.7,1.7,3.7,6.5,6.9,1.4,7.3,6.9,6.0,6.2,4.1,7.6,7.0,3.6,7.5,7.3,2.0,5.2,1.3,5.7,5.2,3.2,6.28,3,4,general,↑↑,2032-2038,中国营养师：薪资水平偏低，加班文化严重，就业稳定,6.45,5.46,7.44,瑞士,巴基斯坦,6.51,6.18,6.35,6.47,7.17,6.75,5.64,6.53,6.12,7.18,7.17,5.73,-0.17,2026-04-13,2026-04-13,2000-2026
教育与学术,EDU,K12教育,中学教师,Secondary School Teacher,5.3,6.0,4.6,8.7,8.9,10.0,6.0,7.6,5.9,6.2,9.5,9.0,3.7,1.6,2.8,5.6,5.5,1.4,7.9,7.0,5.0,5.7,4.0,7.9,4.2,6.2,7.7,8.4,3.2,5.9,1.1,5.9,4.6,3.1,6.28,2,1,general,→,2035+,中国中学教师：AI替代抗性强，加班文化严重，就业稳定,6.1,4.98,7.16,芬兰,尼日利亚,6.13,5.83,6.11,6.09,7.11,6.33,5.37,6.08,5.69,6.8,6.8,5.35,0.18,2026-04-13,2026-04-13,2000-2026
文化、艺术与传媒,ART,广告公关,创意总监,Creative Director,4.8,5.0,6.4,8.1,6.9,7.7,7.0,5.8,10.0,6.0,6.0,7.9,6.7,1.1,3.9,7.9,6.6,1.3,4.9,8.0,6.5,6.9,2.9,5.6,5.9,5.9,5.9,7.3,2.3,1.3,5.7,5.8,5.3,3.7,6.27,3,1,general,→,2028-2033,中国创意总监：薪资回报高，加班文化严重,6.23,5.01,7.21,荷兰,巴基斯坦,6.3,5.88,6.24,6.1,6.92,6.52,5.35,6.36,5.92,6.86,7.04,5.6,0.04,2026-04-13,2026-04-13,2000-2026
法律与社会服务,LAW,合规与监管,法律科技产品经理,Legal Tech Product Manager,6.8,6.6,8.2,6.3,7.6,4.1,8.0,7.7,8.0,7.0,4.9,9.2,5.5,2.5,3.4,8.0,6.6,1.9,5.6,6.6,7.2,6.5,3.9,7.2,8.8,4.9,4.3,7.2,0.3,3.2,4.6,4.4,6.5,2.4,6.27,4,5,general,↑↑,2028-2033,中国法律科技产品经理：薪资回报高，人才需求旺盛，加班文化严重,6.54,5.54,7.51,瑞士,巴基斯坦,6.58,6.24,6.48,6.43,7.29,6.79,5.8,6.58,6.14,7.26,7.4,5.89,-0.27,2026-04-13,2026-04-13,2000-2026
金融与商业,FIN,加密货币与去中心化金融,代币经济学设计师,Tokenomics Designer,7.3,6.5,8.5,4.9,9.8,5.4,8.6,9.2,10.0,8.5,2.7,9.2,4.5,0.9,2.2,6.5,6.3,3.4,5.6,6.7,8.4,6.5,3.6,7.5,9.0,4.2,5.8,5.9,0.2,1.5,8.9,6.2,6.8,2.0,6.27,4,3,general,↑,2028-2033,中国代币经济学设计师：薪资回报高，人才需求旺盛，加班文化严重,6.0,4.63,7.07,瑞士,孟加拉国,6.16,5.69,5.77,6.1,6.74,6.35,5.08,5.95,5.54,6.64,6.86,5.3,0.27,2026-04-13,2026-04-13,2000-2026
工程与制造,ENG,汽车,车联网(V2X)工程师,V2X / Connected Vehicle Engineer,6.9,5.7,10.0,6.8,10.0,9.6,8.5,9.3,9.4,8.5,6.3,6.8,3.9,1.4,3.6,6.6,5.8,1.4,5.8,7.0,3.7,4.6,3.7,6.7,4.3,4.1,5.9,5.5,3.3,2.8,5.9,3.1,5.4,3.8,6.27,4,5,general,↑↑,2028-2033,中国车联网(V2X)工程师：薪资回报高，人才需求旺盛，加班文化严重,6.17,4.86,7.32,瑞典,尼日利亚,6.36,5.85,6.23,6.09,7.13,6.55,5.25,6.2,5.62,6.71,7.05,5.25,0.1,2026-04-13,2026-04-13,2000-2026
工程与制造,ENG,半导体,芯片设计工程师(IC Designer),IC Design Engineer,8.0,8.1,9.0,6.7,9.6,7.6,9.8,9.8,10.0,8.8,5.7,6.3,3.6,0.1,2.8,6.3,6.1,0.7,7.4,9.0,2.5,6.2,3.0,7.7,4.5,4.3,5.7,4.1,2.5,2.3,5.9,3.1,6.5,6.1,6.27,4,5,general,↑↑,2032-2038,中国芯片设计工程师(IC Designer)：薪资回报高，人才需求旺盛，加班文化严重,6.18,4.82,7.28,德国,孟加拉国,6.39,5.91,6.31,6.14,7.03,6.48,5.26,6.24,5.68,6.62,7.01,5.3,0.09,2026-04-13,2026-04-13,2000-2026
文化、艺术与传媒,ART,新媒体内容,KOL/网红,Key Opinion Leader (KOL) / Influencer,2.8,3.4,8.9,4.6,9.8,10.0,7.3,6.6,9.0,6.0,2.0,8.2,5.8,0.0,4.5,6.1,5.7,3.8,6.4,6.0,6.8,8.7,2.2,6.5,9.6,5.9,4.3,7.3,2.2,0.8,4.8,7.8,4.2,2.9,6.27,5,4,general,↑↑,2032-2038,中国KOL/网红：薪资回报高，加班文化严重，就业波动大,6.11,4.9,7.03,荷兰,孟加拉国,6.2,5.88,6.05,5.94,6.77,6.42,5.29,6.19,5.74,6.74,6.89,5.48,0.16,2026-04-13,2026-04-13,2000-2026
金融与商业,FIN,企业管理,首席数据官(CDO),Chief Data Officer (CDO),8.6,7.8,8.7,7.0,6.6,6.4,7.8,6.9,10.0,8.5,5.6,9.2,4.3,0.0,1.4,7.3,6.5,2.9,7.4,10.0,5.7,8.5,1.2,7.7,9.8,3.4,5.7,8.5,1.2,2.5,5.7,2.2,6.2,2.6,6.27,4,5,general,↑↑,2032-2038,中国首席数据官(CDO)：薪资回报高，人才需求旺盛，加班文化严重,6.18,4.91,7.17,瑞士,孟加拉国,6.32,5.84,6.07,6.33,6.86,6.55,5.3,6.09,5.75,6.8,7.01,5.48,0.09,2026-04-13,2026-04-13,2000-2026
金融与商业,FIN,市场营销与销售,渠道经理,Channel Manager,3.7,4.8,6.6,7.0,7.9,9.9,6.2,5.2,9.4,8.2,5.4,8.7,5.0,0.8,3.4,7.8,7.5,2.0,4.7,7.0,5.8,5.8,3.6,5.8,8.3,5.6,6.0,8.5,1.8,1.9,6.3,5.9,5.1,2.8,6.27,2,2,general,↑,2028-2033,中国渠道经理：薪资回报高，加班文化严重,6.14,4.86,7.18,英国,孟加拉国,6.26,5.78,5.94,6.27,6.78,6.54,5.22,6.12,5.72,6.82,7.02,5.42,0.13,2026-04-13,2026-04-13,2000-2026
金融与商业,FIN,会计审计,财务分析师,Financial Analyst,6.3,6.4,6.3,8.8,8.0,10.0,6.8,6.0,8.6,6.9,7.9,9.3,5.3,1.8,3.3,7.5,7.8,0.9,4.1,7.7,7.5,6.2,2.8,5.5,6.5,4.8,5.5,6.4,0.8,7.1,3.2,5.1,6.1,3.3,6.26,2,1,general,→,2026-2030,中国财务分析师：薪资回报高，加班文化严重，就业稳定,6.15,4.83,7.17,瑞士,孟加拉国,6.31,5.82,5.97,6.29,6.77,6.52,5.22,6.11,5.65,6.86,7.05,5.41,0.11,2026-04-13,2026-04-13,2000-2026
金融与商业,FIN,保险,保险代理人,Insurance Agent,2.7,2.7,7.2,8.7,7.1,9.9,6.0,6.0,8.0,7.9,5.3,9.7,5.3,3.3,3.1,6.3,5.6,2.7,5.0,5.4,5.7,5.5,4.6,6.3,8.6,5.4,6.1,7.4,0.9,5.2,3.6,6.5,4.1,3.9,6.26,2,0,general,→,2028-2033,中国保险代理人：薪资回报高，加班文化严重,5.79,4.42,7.02,瑞士,孟加拉国,6.07,5.38,5.55,5.95,6.48,6.22,4.79,5.72,5.27,6.52,6.78,5.0,0.47,2026-04-13,2026-04-13,2000-2026
法律与社会服务,LAW,律师各专业,知识产权律师,Intellectual Property Lawyer,8.5,8.3,8.0,7.9,8.9,6.6,7.6,7.7,10.0,6.8,6.3,9.2,5.0,1.2,2.6,6.6,5.8,1.7,6.6,9.5,6.9,6.1,2.7,6.4,7.5,5.6,5.7,7.2,0.1,9.1,4.4,3.7,7.1,3.5,6.26,4,3,general,↑,2032-2038,中国知识产权律师：薪资回报高，人才需求旺盛，加班文化严重,6.46,5.35,7.35,澳大利亚,孟加拉国,6.59,6.14,6.35,6.31,7.19,6.72,5.71,6.55,6.04,7.28,7.21,5.81,-0.2,2026-04-13,2026-04-13,2000-2026
教育与学术,EDU,K12教育,科学教师,Science Teacher,5.9,6.6,4.6,9.2,8.2,10.0,6.3,8.0,5.5,5.6,10.0,8.2,4.1,2.0,2.1,6.5,6.2,1.0,7.1,7.2,5.3,5.2,4.9,8.4,4.9,5.3,6.9,8.2,3.4,5.8,0.4,6.1,4.0,3.1,6.26,3,2,general,↑,2032-2038,中国科学教师：加班文化严重，就业稳定,6.16,5.16,7.26,瑞典,巴基斯坦,6.24,5.9,6.22,6.13,7.18,6.35,5.39,6.06,5.72,6.83,6.9,5.41,0.1,2026-04-13,2026-04-13,2000-2026
教育与学术,EDU,K12教育,外语教师(K12),Foreign Language Teacher (K-12),5.5,5.4,5.0,8.1,7.2,9.4,4.9,6.0,4.6,5.6,10.0,9.7,4.5,2.9,3.1,6.4,5.8,0.9,6.4,7.4,7.7,6.2,3.5,6.9,5.5,6.7,6.9,7.5,1.9,6.1,1.0,7.3,5.6,2.4,6.26,2,1,general,→,2032-2038,中国外语教师(K12)：加班文化严重，就业稳定,6.15,5.04,7.21,瑞典,尼日利亚,6.18,5.93,6.1,6.18,7.17,6.35,5.44,6.05,5.74,6.81,6.83,5.41,0.11,2026-04-13,2026-04-13,2000-2026
医疗与健康,MED,公共卫生,流行病学家,Epidemiologist,6.7,7.8,6.7,8.3,8.0,7.3,8.0,5.2,6.2,6.8,7.7,9.1,5.8,1.8,3.2,7.5,6.9,1.4,7.6,6.9,7.4,5.6,3.8,7.4,4.9,6.1,6.7,7.2,2.0,6.1,2.2,4.3,5.6,3.3,6.26,4,5,general,↑↑,2035+,中国流行病学家：人才需求旺盛，AI替代抗性强，加班文化严重,6.45,5.34,7.38,荷兰,孟加拉国,6.49,6.16,6.36,6.47,7.17,6.73,5.61,6.62,6.14,7.11,7.18,5.71,-0.19,2026-04-13,2026-04-13,2000-2026
医疗与健康,MED,心理健康,儿童心理学家,Child Psychologist,7.3,7.8,8.1,8.7,9.2,9.0,8.2,7.9,5.4,5.6,8.1,8.7,3.3,1.7,1.7,6.1,5.8,2.0,7.3,6.2,5.8,5.8,3.5,8.9,6.8,6.4,7.4,8.7,1.0,7.8,1.5,5.4,4.8,1.9,6.26,4,5,general,↑↑,2032-2038,中国儿童心理学家：人才需求旺盛，加班文化严重，就业稳定,6.61,5.18,7.68,丹麦,孟加拉国,6.64,6.23,6.44,6.66,7.62,6.95,5.56,6.84,6.22,7.48,7.49,5.72,-0.35,2026-04-13,2026-04-13,2000-2026
金融与商业,FIN,证券投资,风险投资人,Venture Capitalist,7.3,7.1,8.3,7.1,8.0,6.5,6.8,7.7,10.0,8.3,5.7,9.2,4.3,0.0,1.1,6.9,5.7,2.1,7.3,9.7,7.0,6.8,2.6,8.2,10.0,3.1,4.8,6.5,0.2,6.1,7.2,3.5,6.4,3.6,6.25,3,2,general,↑,2032-2038,中国风险投资人：薪资回报高，加班文化严重,6.0,4.58,7.03,瑞士,孟加拉国,6.25,5.69,5.84,6.18,6.62,6.31,5.07,5.93,5.48,6.67,6.92,5.21,0.25,2026-04-13,2026-04-13,2000-2026
工程与制造,ENG,半导体,封装测试工程师,Packaging & Testing Engineer,6.8,6.3,9.4,7.1,9.2,9.1,8.9,10.0,9.3,7.5,7.0,6.8,3.5,0.6,2.8,6.9,6.0,0.3,6.7,7.7,1.6,5.2,3.0,7.6,4.5,3.2,5.7,4.4,3.0,2.2,5.5,2.7,5.8,5.3,6.25,4,4,general,↑↑,2032-2038,中国封装测试工程师：薪资回报高，人才需求旺盛，加班文化严重,6.03,4.74,7.19,瑞士,尼日利亚,6.3,5.72,6.07,5.98,6.93,6.35,5.16,5.95,5.5,6.52,6.95,5.09,0.22,2026-04-13,2026-04-13,2000-2026
教育与学术,EDU,K12教育,小学教师,Elementary School Teacher,5.6,5.2,4.2,9.0,8.6,10.0,5.7,7.1,4.9,5.1,10.0,9.2,3.7,2.4,2.8,5.9,5.1,0.9,8.3,6.7,5.7,4.7,5.4,7.2,4.2,7.7,6.9,8.8,3.9,6.7,0.8,5.9,3.5,2.1,6.25,2,1,general,→,2035+,中国小学教师：AI替代抗性强，加班文化严重，就业稳定,6.13,4.97,7.17,瑞典,尼日利亚,6.18,5.84,6.06,6.12,7.08,6.35,5.42,6.13,5.68,6.74,6.87,5.4,0.12,2026-04-13,2026-04-13,2000-2026
医疗与健康,MED,心理健康,精神科护士,Psychiatric Nurse,5.5,5.5,7.3,8.3,8.8,7.8,7.9,7.7,4.5,5.6,7.5,7.4,4.6,2.2,2.6,6.6,6.2,2.1,7.4,6.6,5.6,6.2,2.6,8.8,7.6,7.0,7.3,9.3,1.0,7.9,2.5,5.6,3.9,2.4,6.25,4,4,general,↑↑,2032-2038,中国精神科护士：薪资水平偏低，人才需求旺盛，加班文化严重,6.66,5.21,7.74,丹麦,孟加拉国,6.66,6.28,6.51,6.67,7.59,7.02,5.58,6.9,6.3,7.54,7.57,5.75,-0.41,2026-04-13,2026-04-13,2000-2026
法律与社会服务,LAW,合规与监管,数据保护官(DPO),Data Protection Officer (DPO),6.5,7.1,8.3,6.8,8.1,6.6,7.6,6.9,7.9,7.3,6.3,9.0,5.7,2.9,3.2,7.0,6.3,1.8,6.2,6.2,7.5,5.9,3.4,6.5,6.0,5.4,5.9,6.7,0.5,6.8,2.7,3.9,7.1,3.2,6.25,4,4,general,↑↑,2032-2038,中国数据保护官(DPO)：人才需求旺盛，加班文化严重，近年增长迅猛,6.63,5.57,7.58,瑞士,孟加拉国,6.67,6.31,6.56,6.54,7.36,6.92,5.85,6.7,6.25,7.48,7.4,5.96,-0.38,2026-04-13,2026-04-13,2000-2026
医疗与健康,MED,心理健康,成瘾咨询师,Addiction Counselor,5.8,6.1,7.8,9.1,8.7,9.0,7.8,7.2,3.9,6.1,8.5,7.9,3.8,1.0,1.1,5.7,6.6,2.1,7.5,7.2,5.0,6.8,3.6,7.5,7.2,5.5,7.2,9.3,0.7,5.3,1.6,5.2,4.2,2.0,6.25,4,4,general,↑↑,2035+,中国成瘾咨询师：薪资水平偏低，人才需求旺盛，AI替代抗性强,6.59,5.25,7.69,瑞士,巴基斯坦,6.65,6.24,6.47,6.62,7.47,7.03,5.47,6.81,6.18,7.4,7.48,5.72,-0.34,2026-04-13,2026-04-13,2000-2026
工程与制造,ENG,制造管理,自动化产线工程师,Automated Production Line Engineer,5.3,5.3,7.7,8.4,8.7,9.3,8.1,8.1,9.2,7.8,7.2,6.5,5.1,2.0,2.8,7.7,7.4,0.9,5.0,7.4,1.5,5.7,2.6,6.9,5.0,4.3,6.6,7.3,2.8,3.1,6.1,3.3,4.3,3.2,6.24,3,4,general,↑↑,2028-2033,中国自动化产线工程师：薪资回报高，人才需求旺盛，加班文化严重,6.14,4.96,7.18,瑞士,尼日利亚,6.27,5.84,6.19,6.06,7.11,6.42,5.28,6.16,5.64,6.76,7.0,5.33,0.1,2026-04-13,2026-04-13,2000-2026
金融与商业,FIN,银行,合规专员,Compliance Officer,5.1,5.2,7.7,8.1,8.4,9.8,7.6,6.0,8.7,8.2,7.7,9.2,5.3,2.3,2.6,6.4,6.5,1.1,5.5,7.1,4.7,5.1,3.1,5.9,4.5,5.1,6.0,6.7,0.8,5.2,4.9,3.1,5.4,4.1,6.24,4,4,general,↑↑,2028-2033,中国合规专员：薪资回报高，人才需求旺盛，加班文化严重,6.12,4.83,7.2,瑞士,巴基斯坦,6.28,5.77,5.99,6.29,6.7,6.52,5.22,6.08,5.61,6.86,7.0,5.42,0.12,2026-04-13,2026-04-13,2000-2026
金融与商业,FIN,会计审计,注册会计师,Certified Public Accountant (CPA),6.3,6.4,5.9,8.3,8.2,9.0,6.6,6.8,8.7,8.0,8.2,9.4,5.8,0.8,2.8,7.3,6.0,1.2,4.9,8.9,6.4,5.8,3.3,5.5,8.1,5.4,5.5,6.2,0.1,8.6,2.8,4.5,5.9,3.5,6.24,2,1,general,→,2028-2033,中国注册会计师：薪资回报高，加班文化严重，就业稳定,6.15,4.93,7.2,瑞士,孟加拉国,6.27,5.81,6.01,6.28,6.77,6.49,5.29,6.13,5.72,6.79,7.05,5.44,0.09,2026-04-13,2026-04-13,2000-2026
金融与商业,FIN,人力资源,招聘专员,Recruiter,4.6,5.4,7.2,7.3,8.4,8.7,5.6,6.5,8.4,7.4,5.0,9.5,6.3,2.7,3.9,7.3,6.0,1.2,4.2,6.5,7.3,5.5,4.0,5.7,5.7,6.6,6.1,8.8,0.7,2.7,6.8,5.0,5.1,2.8,6.24,2,1,general,→,2026-2030,中国招聘专员：薪资回报高，加班文化严重,6.07,4.85,7.22,瑞士,孟加拉国,6.27,5.69,5.94,6.16,6.69,6.5,5.2,5.95,5.6,6.78,6.98,5.32,0.17,2026-04-13,2026-04-13,2000-2026
工程与制造,ENG,半导体,EDA工具工程师,EDA Tools Engineer,7.3,7.3,9.0,6.8,10.0,7.4,8.3,9.3,10.0,8.4,7.0,6.8,3.4,1.4,2.4,6.3,5.6,0.4,6.0,8.2,5.3,5.2,3.4,6.7,4.4,2.9,5.7,4.2,2.9,2.0,5.0,3.1,5.9,5.7,6.24,4,4,general,↑↑,2028-2033,中国EDA工具工程师：薪资回报高，人才需求旺盛，加班文化严重,6.03,4.66,7.21,瑞士,孟加拉国,6.27,5.74,6.12,5.97,6.87,6.32,5.04,5.98,5.64,6.46,6.97,5.1,0.21,2026-04-13,2026-04-13,2000-2026
金融与商业,FIN,市场营销与销售,CRM分析师,CRM Analyst,5.1,4.3,6.4,7.0,8.9,9.8,5.4,5.4,7.7,8.8,5.6,9.0,5.8,0.5,3.1,7.2,7.1,2.0,4.5,7.6,6.8,5.7,3.3,6.4,7.5,6.1,5.4,9.3,1.5,1.9,6.0,5.4,5.7,2.1,6.24,2,3,general,↑,2028-2033,中国CRM分析师：加班文化严重,6.05,4.75,7.16,瑞士,孟加拉国,6.2,5.68,5.86,6.18,6.75,6.43,5.21,5.99,5.61,6.71,6.94,5.31,0.19,2026-04-13,2026-04-13,2000-2026
金融与商业,FIN,证券投资,债券分析师,Fixed Income Analyst,7.3,7.4,8.5,6.9,10.0,9.5,8.3,7.5,10.0,8.0,6.4,9.0,5.0,0.3,2.2,6.9,5.7,1.9,4.9,9.0,7.0,6.6,1.6,6.6,6.8,4.7,4.8,7.3,0.8,5.3,7.4,3.5,6.9,4.2,6.23,3,2,general,↑,2028-2033,中国债券分析师：薪资回报高，人才需求旺盛，加班文化严重,5.9,4.39,7.04,瑞士,孟加拉国,6.18,5.54,5.7,6.13,6.6,6.31,4.95,5.67,5.37,6.56,6.83,5.08,0.33,2026-04-13,2026-04-13,2000-2026
农业、资源与环境,AGR,新能源,太阳能工程师,Solar Energy Engineer,6.5,6.6,10.0,7.3,9.1,8.9,9.6,9.3,8.1,7.1,6.3,6.3,6.1,1.2,3.8,6.3,5.7,1.8,6.3,7.3,2.8,5.2,3.4,7.7,6.7,5.2,5.6,5.2,3.6,4.8,5.2,3.3,5.5,3.8,6.23,4,5,general,↑↑,2032-2038,中国太阳能工程师：薪资回报高，人才需求旺盛，加班文化严重,6.27,4.95,7.39,瑞典,尼日利亚,6.23,5.87,6.13,6.35,7.34,6.45,5.32,6.48,5.89,7.09,7.13,5.41,-0.04,2026-04-13,2026-04-13,2000-2026
工程与制造,ENG,航空航天,航天工程师,Aerospace Engineer,7.3,7.2,8.7,8.0,7.9,6.9,8.0,8.5,10.0,6.9,8.0,6.1,4.9,2.1,3.1,6.1,6.2,0.4,7.5,9.6,2.5,5.4,2.9,8.9,3.0,3.8,5.9,5.2,3.5,4.2,5.0,2.2,5.5,5.8,6.23,3,3,general,↑,2035+,中国航天工程师：薪资回报高，人才需求旺盛，AI替代抗性强,6.14,4.87,7.23,瑞典,尼日利亚,6.21,5.8,6.26,6.14,7.05,6.48,5.29,6.16,5.66,6.75,7.04,5.22,0.09,2026-04-13,2026-04-13,2000-2026
教育与学术,EDU,学术研究,实验室主任,Laboratory Director,8.3,9.0,5.7,8.9,6.7,6.0,6.2,7.6,10.0,6.7,9.8,7.5,4.1,1.6,1.7,6.5,5.7,0.9,7.6,9.2,5.3,7.4,2.7,7.8,6.5,3.9,7.0,6.6,2.4,8.4,2.3,4.9,6.6,3.8,6.22,3,2,general,↑,2035+,中国实验室主任：薪资回报高，AI替代抗性强，加班文化严重,5.92,4.65,6.99,芬兰,尼日利亚,6.09,5.5,6.0,5.96,6.93,6.12,5.03,5.99,5.41,6.78,6.74,4.96,0.3,2026-04-13,2026-04-13,2000-2026
信息技术与数字化,TECH,产品与设计,交互设计师,Interaction Designer,5.1,5.2,7.0,6.5,9.3,7.0,5.6,6.8,8.1,7.2,4.6,9.7,5.5,1.7,3.6,7.2,6.8,2.4,5.6,7.0,5.0,5.4,3.8,6.6,7.0,6.3,5.0,6.2,0.6,0.6,5.7,7.0,5.9,1.1,6.22,3,2,general,↑,2028-2033,中国交互设计师：薪资回报高，加班文化严重,6.22,4.99,7.14,英国,孟加拉国,6.28,5.92,6.28,6.26,7.03,6.58,5.49,6.13,5.76,6.87,7.02,5.32,0.0,2026-04-13,2026-04-13,2000-2026
工程与制造,ENG,通信工程,5G系统工程师,5G Systems Engineer,6.8,6.0,8.2,7.6,9.0,7.4,8.0,8.5,9.1,8.0,6.8,7.0,4.6,1.5,3.0,6.1,5.8,0.9,6.5,8.7,4.2,5.9,2.7,6.4,4.8,3.8,5.7,5.7,3.1,3.6,5.4,3.8,5.7,3.9,6.22,4,5,general,↑↑,2032-2038,中国5G系统工程师：薪资回报高，人才需求旺盛，加班文化严重,6.24,5.04,7.35,德国,尼日利亚,6.35,5.96,6.27,6.19,7.19,6.52,5.34,6.25,5.79,6.84,7.09,5.36,-0.02,2026-04-13,2026-04-13,2000-2026
金融与商业,FIN,企业管理,首席技术官(CTO),Chief Technology Officer (CTO),8.1,7.9,8.4,7.1,7.4,6.4,7.5,6.7,10.0,7.7,4.6,9.7,3.6,0.0,2.1,7.7,6.3,3.2,7.3,10.0,5.3,8.8,1.6,8.1,9.2,4.1,5.1,8.3,1.8,2.4,5.0,3.0,5.9,3.4,6.22,2,4,general,↑↑,2032-2038,中国首席技术官(CTO)：薪资回报高，人才需求旺盛，加班文化严重,6.17,5.01,7.1,瑞士,孟加拉国,6.26,5.85,6.1,6.26,6.83,6.51,5.38,6.18,5.72,6.77,6.97,5.52,0.05,2026-04-13,2026-04-13,2000-2026
教育与学术,EDU,学术研究,自然科学研究员,Natural Science Researcher,8.8,9.3,5.0,8.5,8.6,7.1,6.4,8.4,8.2,5.4,9.1,8.0,3.4,1.4,2.0,7.7,6.4,0.9,6.8,9.3,6.1,7.7,2.6,9.3,4.9,5.1,7.0,6.3,3.5,8.0,2.3,5.0,7.9,3.5,6.22,3,2,general,↑,2032-2038,中国自然科学研究员：薪资回报高，加班文化严重，就业稳定,5.86,4.52,7.02,芬兰,尼日利亚,6.06,5.48,5.86,5.85,6.89,6.11,4.96,5.88,5.35,6.54,6.7,4.96,0.36,2026-04-13,2026-04-13,2000-2026
文化、艺术与传媒,ART,新媒体内容,直播带货主播,Livestream Commerce Host,3.3,3.1,9.8,4.7,10.0,8.7,7.6,6.6,7.3,6.3,2.5,8.0,5.8,0.0,4.1,6.8,5.9,4.1,5.9,5.0,8.1,7.9,1.6,7.0,9.8,5.4,4.1,8.4,2.4,0.8,4.5,7.9,4.2,2.5,6.21,5,5,general,↑↑,2028-2033,中国直播带货主播：人才需求旺盛，加班文化严重，就业波动大,6.12,5.02,7.06,荷兰,巴基斯坦,6.2,5.88,6.07,6.02,6.81,6.41,5.29,6.11,5.74,6.72,6.92,5.56,0.09,2026-04-13,2026-04-13,2000-2026
工程与制造,ENG,机械工程,机电一体化工程师,Mechatronics Engineer,6.6,6.3,7.7,7.8,8.9,8.4,7.7,7.9,8.0,6.7,7.4,7.3,3.9,1.2,3.2,7.0,6.4,1.2,6.6,8.2,4.0,4.8,4.4,7.0,5.3,4.1,6.6,5.3,3.9,2.5,5.3,4.2,5.2,2.3,6.21,3,4,general,↑↑,2032-2038,中国机电一体化工程师：薪资回报高，人才需求旺盛，加班文化严重,6.23,5.04,7.24,荷兰,孟加拉国,6.3,5.94,6.34,6.21,7.16,6.5,5.36,6.27,5.73,6.91,7.11,5.35,-0.02,2026-04-13,2026-04-13,2000-2026
金融与商业,FIN,证券投资,财富管理顾问,Wealth Management Advisor,7.1,6.8,8.1,7.1,9.3,9.9,7.5,8.5,10.0,8.7,5.2,8.7,4.5,0.0,1.6,6.7,5.9,1.7,5.9,8.2,6.0,6.3,1.6,7.3,7.9,3.5,4.6,8.3,0.8,5.4,7.0,4.5,5.8,4.2,6.21,3,3,general,↑,2032-2038,中国财富管理顾问：薪资回报高，人才需求旺盛，加班文化严重,5.99,4.56,7.07,英国,孟加拉国,6.2,5.6,5.74,6.19,6.67,6.39,5.03,5.9,5.48,6.62,6.95,5.24,0.22,2026-04-13,2026-04-13,2000-2026
金融与商业,FIN,保险,保险核保师,Insurance Underwriter,5.5,5.8,6.4,8.1,7.5,10.0,7.0,6.4,9.3,6.9,8.2,9.5,5.8,3.3,3.4,6.1,4.8,1.2,4.6,6.9,5.7,5.3,3.9,6.3,6.7,5.4,6.1,7.3,1.2,5.5,3.9,3.5,4.8,3.9,6.21,2,2,general,↑,2028-2033,中国保险核保师：薪资回报高，加班文化严重，就业稳定,5.94,4.5,7.14,瑞士,巴基斯坦,6.25,5.52,5.66,6.11,6.63,6.36,4.93,5.82,5.49,6.67,6.92,5.14,0.27,2026-04-13,2026-04-13,2000-2026
教育与学术,EDU,学术研究,科研基金管理员,Research Grants Administrator,5.0,6.1,4.5,8.0,7.7,6.3,6.1,6.0,8.2,6.6,8.8,10.0,4.9,2.2,2.9,5.3,5.4,0.5,6.0,6.8,8.6,5.4,4.9,5.6,3.1,7.0,6.9,6.7,0.2,3.8,1.7,4.2,4.8,3.9,6.21,2,2,general,↑,2028-2033,中国科研基金管理员：薪资回报高，远程友好度高，加班文化严重,5.92,4.71,7.04,芬兰,尼日利亚,6.13,5.52,5.94,5.88,6.95,6.13,5.1,5.91,5.36,6.76,6.78,5.06,0.29,2026-04-13,2026-04-13,2000-2026
信息技术与数字化,TECH,新兴数字职业,增强现实/虚拟现实开发工程师,AR/VR Developer,7.1,5.3,8.7,5.8,9.9,6.2,7.8,8.3,8.4,7.4,3.4,9.5,5.5,0.7,2.9,6.5,6.5,2.8,6.0,8.2,5.2,6.2,3.1,8.2,8.5,4.4,4.8,5.3,1.5,0.2,7.0,6.4,5.9,3.9,6.21,3,3,general,↑,2032-2038,中国增强现实/虚拟现实开发工程师：薪资回报高，人才需求旺盛，加班文化严重,6.17,4.96,7.25,荷兰,孟加拉国,6.21,5.83,6.21,6.16,7.13,6.58,5.42,6.09,5.75,6.78,7.04,5.29,0.04,2026-04-13,2026-04-13,2000-2026
教育与学术,EDU,学术研究,学术期刊编辑,Academic Journal Editor,7.0,7.6,4.0,9.0,6.8,5.4,5.8,6.2,7.0,5.5,10.0,10.0,5.2,1.4,3.2,5.9,5.3,0.7,5.5,7.7,10.0,6.5,4.9,7.3,4.0,5.5,8.5,6.1,1.0,6.7,0.8,6.8,6.7,3.1,6.21,1,0,general,→,2028-2033,中国学术期刊编辑：远程友好度高，加班文化严重，就业稳定,5.88,4.8,7.16,芬兰,尼日利亚,6.05,5.46,5.89,5.88,7.03,6.17,5.08,5.83,5.34,6.65,6.74,4.99,0.33,2026-04-13,2026-04-13,2000-2026
工程与制造,ENG,航空航天,航空结构工程师,Aerospace Structural Engineer,7.6,8.1,9.0,7.5,7.5,6.6,9.0,8.8,10.0,7.8,7.7,5.8,3.9,1.5,2.3,6.3,5.1,0.5,8.4,9.1,3.4,5.4,3.0,8.5,3.2,3.8,5.4,5.5,3.3,4.3,3.9,2.6,4.9,5.6,6.21,3,3,general,↑,2035+,中国航空结构工程师：薪资回报高，人才需求旺盛，AI替代抗性强,6.12,4.82,7.33,德国,孟加拉国,6.22,5.74,6.26,6.09,7.05,6.48,5.22,6.11,5.64,6.62,7.11,5.2,0.09,2026-04-13,2026-04-13,2000-2026
文化、艺术与传媒,ART,文化产业管理,文化投资人,Cultural Industry Investor,4.7,5.4,6.5,7.8,7.4,6.9,6.0,6.9,9.0,6.2,5.8,7.9,6.2,2.1,4.3,7.5,6.5,3.2,5.4,7.4,6.0,8.7,2.2,7.0,8.7,5.9,5.9,7.5,1.7,1.7,5.5,5.0,5.0,4.3,6.2,4,2,general,↑,2028-2033,中国文化投资人：薪资回报高，加班文化严重,6.25,5.06,7.15,荷兰,巴基斯坦,6.29,5.94,6.29,6.1,6.92,6.53,5.37,6.38,5.87,6.96,7.06,5.65,-0.05,2026-04-13,2026-04-13,2000-2026
教育与学术,EDU,K12教育,国际学校教师,International School Teacher,5.6,5.8,6.2,7.8,7.3,6.8,6.3,6.4,6.3,7.6,7.5,9.2,4.3,2.1,2.3,5.9,5.8,1.7,7.7,8.3,4.9,6.2,3.0,8.4,3.8,6.5,6.4,7.9,3.3,5.6,2.7,4.2,7.5,2.5,6.2,4,3,general,↑,2035+,中国国际学校教师：AI替代抗性强，加班文化严重，就业稳定,6.14,5.06,7.3,芬兰,巴基斯坦,6.2,5.86,6.16,6.12,7.17,6.38,5.38,6.11,5.73,6.82,6.79,5.39,0.06,2026-04-13,2026-04-13,2000-2026
工程与制造,ENG,航空航天,卫星工程师,Satellite Engineer,7.3,7.4,8.3,7.7,8.8,7.1,8.5,8.9,9.3,7.0,7.3,5.8,4.8,1.9,2.3,6.3,5.4,0.7,7.5,8.8,3.4,6.0,3.1,8.9,3.5,3.5,6.4,5.7,3.8,3.8,4.7,2.6,5.1,5.2,6.2,3,4,general,↑↑,2035+,中国卫星工程师：薪资回报高，人才需求旺盛，AI替代抗性强,6.14,4.77,7.25,德国,尼日利亚,6.28,5.75,6.28,6.14,7.06,6.5,5.25,6.18,5.64,6.65,7.07,5.18,0.06,2026-04-13,2026-04-13,2000-2026
金融与商业,FIN,企业管理,首席信息官(CIO),Chief Information Officer (CIO),7.9,7.5,8.5,7.4,7.0,6.2,6.4,7.1,10.0,8.4,4.7,9.7,3.6,0.1,2.1,8.5,6.3,3.4,6.9,9.6,4.4,8.3,1.8,7.7,9.0,3.8,5.7,8.1,1.8,1.9,4.7,3.0,6.2,3.0,6.2,2,4,general,↑↑,2032-2038,中国首席信息官(CIO)：薪资回报高，加班文化严重，近年增长迅猛,6.1,4.87,7.08,瑞士,孟加拉国,6.18,5.8,5.99,6.22,6.7,6.48,5.26,6.01,5.7,6.71,6.96,5.4,0.1,2026-04-13,2026-04-13,2000-2026
教育与学术,EDU,早期教育,蒙特梭利教师,Montessori Teacher,5.8,5.0,5.3,7.9,6.6,6.2,7.2,6.4,5.5,5.4,8.7,8.7,4.2,2.7,2.9,5.9,4.8,1.3,9.4,6.8,3.4,6.7,3.6,8.1,6.9,7.1,6.4,8.8,5.6,5.4,2.5,4.3,5.5,1.4,6.2,3,2,general,↑,2035+,中国蒙特梭利教师：AI替代抗性强，加班文化严重，就业稳定,6.0,5.06,6.96,芬兰,巴基斯坦,6.05,5.7,6.04,5.95,6.88,6.2,5.33,5.97,5.6,6.65,6.71,5.33,0.2,2026-04-13,2026-04-13,2000-2026
工程与制造,ENG,半导体,模拟IC设计工程师,Analog IC Design Engineer,8.1,8.1,8.6,7.1,9.8,6.5,10.0,10.0,10.0,8.3,5.8,6.5,3.0,1.0,2.8,6.3,5.8,0.6,7.7,9.0,2.3,5.4,2.2,7.1,4.4,3.8,5.6,4.7,2.2,2.2,5.2,2.5,5.3,5.1,6.2,4,4,general,↑↑,2035+,中国模拟IC设计工程师：薪资回报高，人才需求旺盛，AI替代抗性强,6.18,4.86,7.35,德国,尼日利亚,6.35,5.96,6.29,6.09,7.06,6.51,5.23,6.17,5.68,6.66,7.08,5.25,0.02,2026-04-13,2026-04-13,2000-2026
金融与商业,FIN,企业管理,首席人力资源官(CHRO),Chief Human Resources Officer (CHRO),7.8,7.9,7.3,7.4,7.2,7.2,5.7,7.3,10.0,7.5,5.7,9.2,3.8,0.0,1.6,7.9,6.5,3.0,7.5,9.5,4.5,8.5,0.6,8.1,9.0,6.0,4.9,8.8,1.2,1.8,5.3,3.0,5.9,2.4,6.2,2,2,general,↑,2035+,中国首席人力资源官(CHRO)：薪资回报高，AI替代抗性强，加班文化严重,5.99,4.66,6.95,瑞士,孟加拉国,6.15,5.68,5.87,6.1,6.63,6.28,5.1,5.97,5.57,6.59,6.82,5.3,0.21,2026-04-13,2026-04-13,2000-2026
金融与商业,FIN,加密货币与去中心化金融,量化加密交易员,Quantitative Crypto Trader,8.2,7.6,8.6,4.6,8.8,7.2,8.4,9.2,10.0,7.9,3.1,9.0,5.3,0.0,0.4,6.7,6.3,3.7,6.0,6.7,8.0,7.7,3.4,7.1,9.5,4.7,5.9,5.8,0.7,1.9,8.2,7.0,7.0,1.4,6.19,4,3,general,↑,2032-2038,中国量化加密交易员：薪资回报高，人才需求旺盛，加班文化严重,5.97,4.76,7.04,瑞士,孟加拉国,6.06,5.7,5.79,6.08,6.67,6.29,5.14,5.95,5.56,6.54,6.79,5.26,0.22,2026-04-13,2026-04-13,2000-2026
金融与商业,FIN,证券投资,投资组合分析师,Portfolio Analyst,6.9,7.4,8.1,7.3,10.0,9.7,7.9,8.3,10.0,8.9,5.2,9.0,4.0,0.5,2.1,7.1,6.5,1.9,3.7,9.4,6.1,6.7,1.3,7.3,7.4,4.4,5.0,6.9,0.4,6.0,7.0,3.7,6.5,3.8,6.19,3,2,general,↑,2026-2030,中国投资组合分析师：薪资回报高，人才需求旺盛，AI替代风险较高,5.84,4.41,7.02,英国,孟加拉国,6.14,5.48,5.66,5.96,6.49,6.15,4.87,5.78,5.34,6.48,6.83,5.03,0.35,2026-04-13,2026-04-13,2000-2026
教育与学术,EDU,K12教育,音乐教师,Music Teacher,6.4,5.3,3.9,9.0,7.1,7.3,4.8,6.6,4.0,5.1,8.8,10.0,5.0,3.5,3.3,6.2,5.5,1.8,8.9,7.7,6.1,6.2,3.7,8.3,6.4,5.9,7.4,7.2,2.2,5.0,1.9,8.2,3.6,2.3,6.19,1,1,general,→,2035+,中国音乐教师：薪资水平偏低，AI替代抗性强，加班文化严重,6.05,5.0,7.1,丹麦,孟加拉国,6.1,5.8,5.97,6.04,7.09,6.26,5.25,6.04,5.6,6.74,6.77,5.37,0.14,2026-04-13,2026-04-13,2000-2026
金融与商业,FIN,人力资源,猎头顾问,Executive Search Consultant / Headhunter,4.2,5.4,6.6,7.6,8.6,9.0,5.8,5.9,8.1,7.0,5.6,9.2,5.8,0.0,1.1,7.1,6.0,0.8,5.6,6.3,6.1,5.0,4.7,6.4,8.0,7.2,6.1,8.9,1.3,2.3,7.6,6.0,4.7,2.3,6.19,2,2,general,↑,2028-2033,中国猎头顾问：薪资回报高，加班文化严重,6.16,4.92,7.38,瑞士,孟加拉国,6.26,5.8,6.0,6.28,6.81,6.61,5.29,6.13,5.68,6.79,7.09,5.45,0.03,2026-04-13,2026-04-13,2000-2026
医疗与健康,MED,医疗管理,健康数据分析师,Health Data Analyst,6.4,6.3,6.7,7.5,8.6,9.4,8.1,6.7,6.7,7.1,7.3,8.4,6.3,2.2,2.6,6.9,6.1,1.4,5.3,6.7,6.9,5.1,4.1,6.1,4.9,5.6,6.9,6.8,2.1,4.1,2.0,5.0,4.8,3.6,6.19,3,5,general,↑↑,2028-2033,中国健康数据分析师：人才需求旺盛，加班文化严重，近年增长迅猛,6.39,5.3,7.27,荷兰,孟加拉国,6.45,6.14,6.27,6.44,7.06,6.65,5.57,6.56,5.99,7.12,7.06,5.67,-0.2,2026-04-13,2026-04-13,2000-2026
工程与制造,ENG,半导体,芯片验证工程师,Chip Verification Engineer,8.0,6.8,8.6,7.3,9.8,8.0,8.9,9.3,10.0,8.3,5.5,6.8,3.4,1.5,2.6,6.1,6.1,0.8,6.0,8.8,5.1,5.9,2.4,6.9,4.0,2.7,5.4,4.3,2.4,2.8,5.1,3.5,6.0,5.1,6.19,4,4,general,↑↑,2028-2033,中国芯片验证工程师：薪资回报高，人才需求旺盛，加班文化严重,6.0,4.67,7.19,德国,孟加拉国,6.19,5.72,6.06,6.0,6.91,6.32,5.03,5.96,5.48,6.48,6.91,5.06,0.19,2026-04-13,2026-04-13,2000-2026
金融与商业,FIN,会计审计,内部审计师,Internal Auditor,6.5,5.7,6.2,8.6,8.4,10.0,6.3,6.1,9.1,7.5,7.6,9.3,5.8,1.3,2.1,7.5,5.8,0.9,4.0,8.1,7.1,5.4,2.9,6.3,6.9,5.0,6.3,6.5,0.9,6.8,3.8,4.7,5.7,3.5,6.19,2,1,general,→,2026-2030,中国内部审计师：薪资回报高，AI替代风险较高，加班文化严重,6.07,4.72,7.24,瑞士,孟加拉国,6.23,5.74,5.91,6.26,6.7,6.52,5.15,5.97,5.61,6.7,6.94,5.32,0.12,2026-04-13,2026-04-13,2000-2026
金融与商业,FIN,证券投资,股票分析师,Equity Analyst,7.2,7.4,8.7,6.9,9.4,10.0,8.3,8.1,10.0,8.7,5.7,9.2,4.8,0.8,1.3,6.5,6.1,1.8,4.1,8.8,6.7,6.5,2.1,6.5,7.0,4.1,4.6,7.0,0.5,5.9,7.2,4.3,6.1,3.6,6.18,3,2,general,↑,2026-2030,中国股票分析师：薪资回报高，人才需求旺盛，加班文化严重,5.82,4.37,6.95,瑞士,孟加拉国,6.12,5.5,5.56,5.99,6.48,6.18,4.83,5.73,5.33,6.47,6.76,5.03,0.36,2026-04-13,2026-04-13,2000-2026
医疗与健康,MED,公共卫生,公共卫生官员,Public Health Officer,6.4,7.1,6.7,7.8,8.4,7.7,6.2,5.4,6.4,6.6,8.5,9.1,5.6,2.0,3.4,6.9,6.3,1.3,7.4,7.3,5.8,4.9,3.8,8.1,3.4,6.7,6.7,7.3,1.7,5.8,1.4,3.9,5.6,4.2,6.18,3,4,general,↑↑,2032-2038,中国公共卫生官员：加班文化严重，就业稳定，近年增长迅猛,6.3,5.12,7.32,瑞士,孟加拉国,6.32,6.04,6.19,6.31,7.05,6.6,5.4,6.53,5.95,6.96,7.03,5.6,-0.12,2026-04-13,2026-04-13,2000-2026
医疗与健康,MED,康复与治疗,运动治疗师,Exercise Therapist / Kinesiologist,5.4,6.3,8.0,7.9,8.8,9.0,6.9,6.6,5.3,6.1,8.0,8.9,4.5,1.6,2.4,5.4,5.9,1.9,7.3,6.7,3.5,6.4,3.7,8.1,8.1,5.1,6.5,8.3,6.2,4.9,1.4,5.5,4.7,2.9,6.18,3,4,general,↑↑,2032-2038,中国运动治疗师：加班文化严重，就业稳定，近年增长迅猛,6.31,5.23,7.29,瑞士,孟加拉国,6.33,6.06,6.11,6.38,6.99,6.64,5.52,6.47,5.99,6.9,6.97,5.59,-0.13,2026-04-13,2026-04-13,2000-2026
文化、艺术与传媒,ART,设计创意,珠宝设计师,Jewelry Designer,4.7,4.7,6.3,7.5,6.7,4.8,5.8,6.7,6.9,6.8,5.3,7.7,7.0,1.9,4.2,7.5,6.1,1.7,7.0,6.3,6.4,6.5,3.9,7.7,8.5,4.4,6.3,5.7,3.6,1.2,5.2,7.0,4.9,3.4,6.18,3,1,general,→,2032-2038,中国珠宝设计师：加班文化严重,6.12,4.95,7.09,荷兰,孟加拉国,6.25,5.77,6.04,5.99,6.88,6.44,5.27,6.18,5.73,6.68,6.96,5.46,0.06,2026-04-13,2026-04-13,2000-2026
教育与学术,EDU,学术研究,社会科学研究员,Social Science Researcher,8.3,8.2,4.3,8.8,7.5,6.8,5.8,5.9,8.2,4.8,7.9,9.7,4.7,1.7,2.8,7.7,5.4,1.9,7.0,8.6,9.1,7.9,3.4,7.7,4.6,6.0,7.8,6.4,1.5,8.0,1.7,6.9,7.2,3.4,6.18,2,1,general,→,2032-2038,中国社会科学研究员：薪资回报高，远程友好度高，加班文化严重,5.86,4.75,7.09,芬兰,孟加拉国,6.05,5.46,5.88,5.86,7.04,6.13,4.98,5.86,5.34,6.62,6.64,5.0,0.32,2026-04-13,2026-04-13,2000-2026
工程与制造,ENG,航空航天,无人机工程师,Drone Engineer / UAV Engineer,7.5,7.3,9.2,7.8,10.0,7.5,9.2,8.4,9.1,7.8,7.5,5.8,4.9,1.4,2.5,6.4,5.9,0.9,6.6,8.2,2.5,6.2,3.0,7.9,3.7,4.2,5.5,5.3,3.6,3.7,5.2,2.4,5.4,5.8,6.17,4,5,general,↑↑,2032-2038,中国无人机工程师：薪资回报高，人才需求旺盛，加班文化严重,6.15,4.77,7.24,德国,孟加拉国,6.24,5.78,6.29,6.17,7.07,6.54,5.2,6.21,5.67,6.65,7.06,5.21,0.02,2026-04-13,2026-04-13,2000-2026
工程与制造,ENG,汽车,底盘工程师,Chassis Engineer,6.5,6.4,9.0,7.1,10.0,8.6,7.8,7.0,8.9,8.0,5.8,6.8,3.9,1.9,3.4,7.5,6.4,1.0,6.5,7.3,3.2,5.7,3.4,6.8,5.1,3.4,5.7,5.7,2.8,2.8,5.4,2.9,5.8,4.6,6.17,3,2,general,↑,2032-2038,中国底盘工程师：薪资回报高，人才需求旺盛，加班文化严重,5.92,4.61,7.13,德国,孟加拉国,6.08,5.57,6.05,5.78,6.82,6.32,4.98,5.96,5.45,6.43,6.84,5.03,0.25,2026-04-13,2026-04-13,2000-2026
农业、资源与环境,AGR,新能源,风电工程师,Wind Energy Engineer,7.1,5.7,9.9,7.8,9.7,9.1,9.5,8.0,8.1,7.9,5.5,6.0,5.4,2.4,3.8,6.6,5.3,1.7,5.7,7.9,1.8,5.9,3.7,7.3,7.3,4.4,5.3,5.2,3.9,4.6,5.4,2.8,6.1,5.0,6.17,4,5,general,↑↑,2028-2033,中国风电工程师：薪资回报高，人才需求旺盛，加班文化严重,6.17,4.81,7.5,丹麦,尼日利亚,6.16,5.73,6.06,6.31,7.29,6.39,5.25,6.26,5.77,6.94,7.02,5.32,0.0,2026-04-13,2026-04-13,2000-2026
工程与制造,ENG,汽车,汽车电子工程师,Automotive Electronics Engineer,6.6,6.4,9.7,6.5,10.0,10.0,8.4,8.6,9.1,8.3,6.2,6.3,4.2,1.9,2.3,7.4,6.2,1.2,6.1,7.7,2.9,4.7,2.7,6.6,4.4,3.5,6.8,5.2,3.0,2.9,6.1,3.6,4.9,4.0,6.17,3,4,general,↑↑,2032-2038,中国汽车电子工程师：薪资回报高，人才需求旺盛，加班文化严重,6.02,4.6,7.2,瑞典,尼日利亚,6.16,5.69,6.18,5.92,6.92,6.41,5.09,6.05,5.54,6.45,6.96,5.08,0.15,2026-04-13,2026-04-13,2000-2026
医疗与健康,MED,心理健康,神经心理学家,Neuropsychologist,8.9,9.1,7.7,8.9,9.0,7.0,6.9,7.2,7.1,6.6,7.8,8.6,3.7,2.0,2.1,6.7,6.0,1.9,6.9,6.6,4.6,6.2,4.1,8.5,7.4,5.8,7.0,8.9,1.3,8.0,1.7,6.0,4.4,1.8,6.17,4,4,general,↑↑,2032-2038,中国神经心理学家：加班文化严重，就业稳定，近年增长迅猛,6.46,5.13,7.48,瑞士,巴基斯坦,6.49,6.1,6.3,6.46,7.34,6.83,5.39,6.76,6.1,7.28,7.34,5.6,-0.29,2026-04-13,2026-04-13,2000-2026
文化、艺术与传媒,ART,设计创意,花艺设计师,Floral Designer,3.5,3.1,5.8,8.1,7.1,6.8,6.8,6.3,5.4,6.1,4.0,8.0,6.0,2.2,3.2,7.0,5.8,1.9,7.6,6.6,6.3,6.7,3.4,7.3,8.0,5.6,6.1,6.4,3.5,1.4,5.5,7.2,5.1,3.0,6.17,3,1,general,→,2035+,中国花艺设计师：AI替代抗性强，加班文化严重，就业波动大,6.32,5.03,7.26,荷兰,孟加拉国,6.38,5.97,6.33,6.18,7.06,6.71,5.41,6.4,5.94,6.98,7.18,5.64,-0.15,2026-04-13,2026-04-13,2000-2026
医疗与健康,MED,公共卫生,卫生统计师,Biostatistician,8.1,8.1,7.1,7.8,8.0,7.5,8.0,6.4,7.5,6.1,7.5,9.1,5.3,2.0,3.4,7.3,7.0,1.7,5.9,7.3,8.1,5.1,3.6,7.4,4.3,6.1,7.3,6.7,2.3,5.9,1.5,4.5,5.4,4.0,6.17,3,5,general,↑↑,2028-2033,中国卫生统计师：人才需求旺盛，加班文化严重，就业稳定,6.47,5.41,7.33,瑞士,孟加拉国,6.49,6.18,6.34,6.5,7.16,6.76,5.63,6.59,6.14,7.14,7.22,5.78,-0.3,2026-04-13,2026-04-13,2000-2026
金融与商业,FIN,保险,损失评估师,Loss Adjuster,5.6,5.7,6.6,8.5,7.1,10.0,7.3,6.3,9.1,7.7,8.1,9.7,5.0,2.6,3.6,6.3,5.1,1.7,5.7,6.9,4.0,5.0,3.8,5.9,6.5,4.5,6.5,6.6,3.2,5.2,3.2,4.3,4.0,3.7,6.16,2,2,general,↑,2028-2033,中国损失评估师：薪资回报高，加班文化严重，就业稳定,5.89,4.5,7.17,瑞士,巴基斯坦,6.19,5.49,5.68,6.05,6.58,6.24,4.87,5.72,5.45,6.57,6.89,5.1,0.27,2026-04-13,2026-04-13,2000-2026
文化、艺术与传媒,ART,文化产业管理,版权管理专员,Copyright/Licensing Manager,5.0,5.8,7.2,7.8,7.5,6.3,5.8,6.8,7.8,7.3,5.3,8.0,6.5,1.6,3.5,7.7,7.1,1.8,5.6,6.6,6.4,7.1,2.4,7.6,6.8,5.0,5.7,7.6,2.2,2.3,5.1,6.2,5.3,5.0,6.16,4,2,general,↑,2028-2033,中国版权管理专员：加班文化严重,6.13,5.06,7.04,荷兰,巴基斯坦,6.22,5.73,6.17,6.01,6.85,6.51,5.36,6.21,5.78,6.76,6.94,5.45,0.03,2026-04-13,2026-04-13,2000-2026
金融与商业,FIN,银行,信用卡业务经理,Credit Card Business Manager,5.4,5.3,6.2,7.3,7.8,9.8,6.1,6.6,9.3,7.4,7.6,9.0,5.3,2.5,2.8,6.6,6.7,0.8,4.6,7.7,5.5,5.0,3.0,6.3,5.3,4.8,6.2,6.9,0.5,3.8,4.9,2.5,5.5,3.9,6.16,2,1,general,→,2028-2033,中国信用卡业务经理：薪资回报高，加班文化严重，就业稳定,5.91,4.65,7.06,瑞士,孟加拉国,6.12,5.53,5.75,5.96,6.54,6.3,5.01,5.8,5.47,6.54,6.87,5.2,0.25,2026-04-13,2026-04-13,2000-2026
工程与制造,ENG,汽车,汽车设计工程师,Automotive Design Engineer,6.3,5.8,9.4,6.7,9.3,9.3,7.7,7.0,9.2,8.5,6.0,6.8,4.1,1.6,3.1,7.2,5.9,1.1,6.4,7.0,3.7,5.2,3.2,7.4,4.3,4.0,5.8,5.3,3.3,3.1,6.3,3.3,5.7,4.4,6.16,3,3,general,↑,2032-2038,中国汽车设计工程师：薪资回报高，人才需求旺盛，加班文化严重,5.96,4.6,7.12,德国,孟加拉国,6.15,5.61,6.09,5.89,6.87,6.35,4.97,6.03,5.47,6.49,6.86,5.01,0.2,2026-04-13,2026-04-13,2000-2026
文化、艺术与传媒,ART,新媒体内容,社交媒体经理,Social Media Manager,3.6,4.3,8.6,4.5,9.0,9.8,7.8,6.3,7.6,5.3,4.3,7.9,5.7,0.0,5.0,6.7,6.0,3.8,6.4,5.5,7.6,8.0,1.7,6.9,8.7,5.3,4.5,7.0,2.8,1.1,5.6,8.0,4.4,2.3,6.16,5,3,general,↑,2032-2038,中国社交媒体经理：人才需求旺盛，加班文化严重,6.14,5.18,7.03,澳大利亚,孟加拉国,6.25,5.87,6.09,5.98,6.79,6.46,5.44,6.18,5.76,6.84,6.88,5.5,0.02,2026-04-13,2026-04-13,2000-2026
工程与制造,ENG,半导体,FPGA工程师,FPGA Engineer,7.9,7.1,8.8,6.5,9.8,8.0,8.3,8.7,10.0,7.5,6.8,6.3,4.1,0.5,2.3,6.1,6.2,0.6,6.4,8.5,5.1,5.7,3.1,7.2,4.7,3.2,5.7,4.5,2.4,2.6,5.7,3.3,5.9,5.7,6.16,4,4,general,↑↑,2032-2038,中国FPGA工程师：薪资回报高，人才需求旺盛，加班文化严重,6.02,4.72,7.13,德国,孟加拉国,6.22,5.75,6.11,5.92,6.9,6.41,5.09,6.06,5.49,6.52,6.99,5.03,0.14,2026-04-13,2026-04-13,2000-2026
文化、艺术与传媒,ART,文化产业管理,音乐节运营总监,Music Festival Director,5.3,5.4,6.5,7.8,6.6,7.1,6.0,7.0,9.1,6.6,5.0,8.0,5.5,2.2,2.8,7.2,6.7,2.1,6.0,6.8,5.8,6.2,3.2,7.2,7.3,5.9,6.1,8.8,2.3,2.0,5.4,5.6,5.1,3.8,6.16,4,2,general,↑,2028-2033,中国音乐节运营总监：薪资回报高，加班文化严重,6.13,4.91,7.04,英国,巴基斯坦,6.22,5.74,6.17,5.98,6.85,6.51,5.24,6.15,5.8,6.82,6.98,5.51,0.03,2026-04-13,2026-04-13,2000-2026
教育与学术,EDU,职业培训,职业技术教师,Vocational Education Teacher,5.0,5.0,4.4,8.8,7.8,9.1,5.6,6.8,5.8,5.6,9.4,9.0,4.2,3.5,4.3,5.5,5.7,1.6,7.9,6.4,4.7,5.7,3.8,7.5,4.3,5.0,7.7,7.7,4.1,4.9,2.5,5.5,3.0,2.3,6.15,3,2,general,↑,2035+,中国职业技术教师：AI替代抗性强，加班文化严重，就业稳定,5.93,4.87,7.05,芬兰,孟加拉国,6.01,5.66,5.84,5.92,6.93,6.16,5.18,5.88,5.51,6.46,6.66,5.18,0.22,2026-04-13,2026-04-13,2000-2026
文化、艺术与传媒,ART,文化产业管理,IP运营经理,IP Operations Manager,5.1,5.2,8.1,7.5,6.6,6.1,6.3,6.8,8.9,7.1,4.8,7.7,6.7,1.9,3.6,7.6,6.3,2.2,5.8,6.4,5.0,6.8,3.1,7.2,7.6,5.0,6.1,7.8,2.0,2.3,6.2,5.0,5.8,4.2,6.15,4,3,general,↑,2028-2033,中国IP运营经理：薪资回报高，加班文化严重,6.25,5.1,7.15,荷兰,巴基斯坦,6.33,5.91,6.29,6.08,6.97,6.55,5.46,6.28,5.91,6.91,7.05,5.59,-0.1,2026-04-13,2026-04-13,2000-2026
工程与制造,ENG,机械工程,3D打印/增材制造工程师,Additive Manufacturing Engineer,6.4,6.4,9.2,7.8,8.1,9.0,7.6,7.9,8.9,7.2,7.3,7.1,3.9,1.3,2.3,7.0,5.8,1.2,5.9,7.0,3.4,5.2,3.2,7.2,4.7,3.4,6.6,5.2,3.5,2.8,4.9,3.8,6.0,2.4,6.15,4,5,general,↑↑,2028-2033,中国3D打印/增材制造工程师：薪资回报高，人才需求旺盛，加班文化严重,6.19,5.02,7.29,德国,尼日利亚,6.32,5.82,6.25,6.18,7.06,6.5,5.31,6.19,5.71,6.82,7.1,5.37,-0.04,2026-04-13,2026-04-13,2000-2026
金融与商业,FIN,证券投资,商品期货交易员,Commodity Futures Trader,7.4,6.6,8.1,6.5,9.4,9.7,8.1,7.7,10.0,8.3,4.7,9.2,4.8,0.0,0.8,7.3,6.1,1.9,5.1,9.8,7.0,6.7,1.6,6.9,7.7,4.0,5.0,6.9,0.2,5.7,9.4,3.9,6.9,4.2,6.15,3,2,general,↑,2028-2033,中国商品期货交易员：薪资回报高，人才需求旺盛，加班文化严重,5.79,4.22,6.98,瑞士,孟加拉国,6.11,5.47,5.55,5.93,6.42,6.24,4.84,5.67,5.3,6.4,6.76,4.92,0.36,2026-04-13,2026-04-13,2000-2026
文化、艺术与传媒,ART,新媒体内容,播客主持人,Podcast Host,3.3,3.6,9.3,5.3,10.0,10.0,7.8,6.0,7.0,6.0,2.3,8.2,5.4,0.4,4.0,6.0,5.7,3.9,5.7,5.2,9.3,8.7,2.0,7.0,9.3,5.1,4.3,7.5,2.6,1.3,5.4,7.6,3.7,2.5,6.15,5,4,general,↑↑,2028-2033,中国播客主持人：人才需求旺盛，远程友好度高，加班文化严重,6.06,4.87,6.93,荷兰,巴基斯坦,6.18,5.75,6.02,5.96,6.76,6.44,5.21,6.06,5.75,6.63,6.84,5.41,0.09,2026-04-13,2026-04-13,2000-2026
工程与制造,ENG,制造管理,制造工程师,Manufacturing Engineer,5.6,5.3,6.4,8.3,8.6,9.3,6.2,7.0,9.0,8.6,7.2,6.5,4.1,1.1,2.6,7.7,6.9,1.1,6.2,7.7,2.8,5.4,4.0,6.5,5.3,4.7,6.1,7.1,3.1,2.7,5.9,2.9,4.5,3.4,6.14,2,2,general,↑,2032-2038,中国制造工程师：薪资回报高，加班文化严重,5.98,4.76,7.12,德国,尼日利亚,6.09,5.71,5.96,5.95,6.92,6.26,5.06,5.97,5.58,6.54,6.91,5.09,0.16,2026-04-13,2026-04-13,2000-2026
医疗与健康,MED,医疗管理,医院管理者,Hospital Administrator,7.1,6.8,7.3,7.6,8.3,9.6,6.7,5.0,7.7,6.8,7.5,8.4,5.2,2.3,3.3,6.2,6.5,1.3,5.9,7.8,3.3,6.8,3.8,6.5,5.4,5.3,6.8,7.5,1.8,4.2,1.3,5.2,4.8,3.9,6.14,3,3,general,↑,2028-2033,中国医院管理者：加班文化严重，就业稳定,6.3,5.2,7.18,丹麦,巴基斯坦,6.36,6.06,6.17,6.36,7.08,6.55,5.49,6.44,5.92,6.88,6.96,5.61,-0.16,2026-04-13,2026-04-13,2000-2026
金融与商业,FIN,会计审计,管理会计师,Management Accountant,6.4,5.8,6.1,8.8,8.0,9.4,5.9,6.0,7.6,7.1,8.6,9.5,5.2,2.1,3.1,7.1,6.2,1.2,3.9,8.1,6.4,5.2,4.1,6.3,7.0,5.3,6.1,6.8,0.6,6.6,3.8,4.7,5.8,3.9,6.14,2,1,general,→,2026-2030,中国管理会计师：AI替代风险较高，加班文化严重，就业稳定,6.14,4.84,7.3,瑞士,巴基斯坦,6.28,5.78,5.94,6.32,6.77,6.49,5.22,6.07,5.71,6.8,7.07,5.43,-0.0,2026-04-13,2026-04-13,2000-2026
信息技术与数字化,TECH,产品与设计,UI设计师,UI Designer,4.8,4.6,7.1,6.3,8.7,8.0,5.6,4.7,7.2,7.9,3.8,9.5,6.0,1.9,2.6,6.9,7.3,1.6,4.1,6.7,7.0,6.7,2.9,6.8,7.5,6.4,5.6,5.7,0.7,0.0,6.0,7.6,5.9,1.7,6.14,3,1,general,→,2026-2030,中国UI设计师：加班文化严重，就业波动大,6.11,4.83,7.08,瑞士,孟加拉国,6.19,5.8,6.08,6.1,6.97,6.49,5.33,6.07,5.65,6.78,6.99,5.23,0.03,2026-04-13,2026-04-13,2000-2026
金融与商业,FIN,证券投资,基金经理,Fund Manager,7.3,7.0,7.8,7.1,10.0,10.0,7.4,8.1,10.0,8.0,4.9,9.2,4.4,0.0,1.3,7.1,6.3,2.1,5.2,10.0,5.5,6.5,1.9,7.6,7.0,4.2,5.3,6.7,0.8,6.0,8.2,4.7,6.1,4.0,6.14,3,2,general,↑,2028-2033,中国基金经理：薪资回报高，加班文化严重,5.92,4.49,6.89,瑞士,孟加拉国,6.09,5.64,5.72,6.08,6.54,6.26,5.02,5.9,5.47,6.54,6.77,5.18,0.22,2026-04-13,2026-04-13,2000-2026
教育与学术,EDU,教育管理,教育政策研究员,Education Policy Researcher,7.6,7.8,4.7,8.6,5.8,5.5,4.6,6.0,6.8,4.5,8.9,10.0,5.0,2.7,2.6,7.2,5.4,1.2,6.9,8.6,9.3,7.0,4.4,8.4,4.4,5.4,6.7,7.3,0.6,6.8,0.9,6.0,6.4,3.3,6.14,2,2,general,↑,2032-2038,中国教育政策研究员：远程友好度高，加班文化严重，就业稳定,5.99,4.86,7.1,芬兰,尼日利亚,6.03,5.72,6.04,6.0,7.03,6.2,5.25,5.95,5.53,6.64,6.64,5.22,0.15,2026-04-13,2026-04-13,2000-2026
工程与制造,ENG,电气工程,控制工程师,Control Systems Engineer,5.8,6.0,7.3,7.5,8.4,8.6,7.7,7.0,7.9,7.7,7.3,6.5,4.1,1.4,2.9,7.6,6.8,0.8,6.2,7.7,4.5,5.4,3.9,7.4,5.5,4.7,5.9,4.6,2.5,3.6,5.4,4.0,4.4,3.8,6.14,2,2,general,↑,2032-2038,中国控制工程师：人才需求旺盛，加班文化严重,6.08,4.8,7.23,德国,孟加拉国,6.17,5.77,6.17,6.04,7.04,6.38,5.14,6.05,5.58,6.65,6.97,5.31,0.06,2026-04-13,2026-04-13,2000-2026
文化、艺术与传媒,ART,文化产业管理,艺人经纪人,Talent Agent / Artist Manager,4.8,5.5,6.5,7.3,6.7,6.9,6.2,6.4,7.6,7.6,5.7,8.0,6.7,1.9,3.2,7.5,6.9,2.4,5.5,6.1,5.3,6.7,2.7,6.6,8.1,5.0,6.8,9.2,2.0,1.8,5.3,6.0,6.1,4.0,6.14,4,2,general,↑,2028-2033,中国艺人经纪人：加班文化严重,6.15,4.99,7.01,德国,孟加拉国,6.19,5.82,6.1,5.96,6.87,6.5,5.33,6.22,5.85,6.86,6.95,5.54,-0.01,2026-04-13,2026-04-13,2000-2026
教育与学术,EDU,早期教育,幼儿园教师,Kindergarten Teacher,4.0,4.6,4.9,8.0,8.6,10.0,6.6,7.4,2.9,4.1,10.0,9.0,3.5,2.4,2.1,4.9,5.2,1.2,9.3,6.2,3.4,4.6,4.5,8.0,4.8,8.6,6.9,9.0,5.7,5.5,0.7,4.5,3.4,1.4,6.14,2,2,general,↑,2035+,中国幼儿园教师：薪资水平偏低，AI替代抗性强，加班文化严重,5.98,5.04,6.96,芬兰,巴基斯坦,6.01,5.72,5.96,6.01,6.89,6.22,5.29,5.85,5.54,6.64,6.63,5.33,0.16,2026-04-13,2026-04-13,2000-2026
法律与社会服务,LAW,公证与仲裁,仲裁员,Arbitrator,8.1,8.4,6.2,8.2,5.5,5.1,6.1,6.1,9.8,6.9,5.3,9.5,4.5,2.7,4.2,6.3,6.3,1.8,7.7,9.7,5.0,8.4,2.5,7.3,7.4,4.8,8.0,7.4,0.2,8.5,3.4,3.8,7.5,5.2,6.14,2,2,general,↑,2035+,中国仲裁员：薪资回报高，AI替代抗性强，加班文化严重,6.29,5.16,7.26,荷兰,孟加拉国,6.41,5.93,6.06,6.15,7.02,6.58,5.47,6.45,5.94,7.15,7.12,5.59,-0.15,2026-04-13,2026-04-13,2000-2026
金融与商业,FIN,银行,银行分行行长,Bank Branch Manager,6.3,5.3,6.4,8.1,7.9,9.8,6.3,6.6,9.3,7.9,6.7,8.7,5.7,1.3,2.8,6.8,5.9,0.9,4.9,8.4,5.8,6.8,2.8,5.5,4.3,4.6,5.8,7.0,0.7,4.1,4.7,3.5,5.0,4.3,6.13,0,0,general,→,2028-2033,中国银行分行行长：薪资回报高，加班文化严重,5.97,4.65,7.1,瑞士,孟加拉国,6.14,5.58,5.83,6.13,6.61,6.3,5.07,5.91,5.5,6.62,6.87,5.26,0.16,2026-04-13,2026-04-13,2000-2026
工程与制造,ENG,制造管理,工厂厂长,Plant Manager,6.3,5.7,6.6,8.3,8.6,9.5,6.2,6.0,9.4,7.1,6.0,6.8,4.4,1.2,3.0,7.9,6.8,1.2,7.5,8.7,0.6,7.2,3.4,7.4,4.9,4.7,7.0,7.0,3.2,2.4,5.4,3.1,4.1,3.8,6.13,2,2,general,↑,2032-2038,中国工厂厂长：薪资回报高，AI替代抗性强，加班文化严重,6.14,4.9,7.23,瑞士,孟加拉国,6.25,5.87,6.15,6.01,7.06,6.46,5.21,6.2,5.71,6.72,7.02,5.29,-0.01,2026-04-13,2026-04-13,2000-2026
信息技术与数字化,TECH,新兴数字职业,区块链开发工程师,Blockchain Developer,6.8,5.3,7.7,4.7,8.6,6.2,7.5,7.4,9.3,8.6,2.0,9.5,5.8,2.4,3.3,5.6,5.9,3.6,5.5,6.9,6.3,6.7,3.5,6.8,9.6,4.1,5.1,5.8,0.8,0.2,7.9,7.1,6.6,1.3,6.13,3,1,general,→,2028-2033,中国区块链开发工程师：薪资回报高，人才需求旺盛，加班文化严重,6.13,4.89,7.12,德国,孟加拉国,6.16,5.74,6.22,6.18,7.04,6.47,5.38,6.06,5.72,6.8,7.04,5.2,-0.0,2026-04-13,2026-04-13,2000-2026
文化、艺术与传媒,ART,新媒体内容,声优/配音演员,Voice Actor (Seiyuu),5.8,2.8,8.6,4.6,9.8,8.0,7.6,6.4,6.4,5.3,2.6,8.0,7.1,0.0,4.9,6.5,5.9,3.9,7.5,5.2,6.9,8.9,2.0,8.6,9.4,5.4,3.7,7.8,2.2,0.7,5.6,7.0,4.1,2.5,6.13,5,4,general,↑↑,2035+,中国声优/配音演员：人才需求旺盛，AI替代抗性强，加班文化严重,5.97,4.85,6.81,澳大利亚,巴基斯坦,6.08,5.7,5.92,5.84,6.62,6.32,5.17,6.0,5.6,6.6,6.73,5.35,0.16,2026-04-13,2026-04-13,2000-2026
金融与商业,FIN,企业管理,总经理,General Manager,8.1,7.6,7.9,7.1,7.4,7.0,5.8,7.5,9.4,8.0,4.9,9.2,4.0,0.0,1.6,7.8,5.9,2.7,7.4,8.9,5.4,9.3,0.8,7.7,9.8,4.4,5.1,8.7,1.9,2.2,5.6,2.4,5.5,3.2,6.13,2,2,general,↑,2032-2038,中国总经理：薪资回报高，加班文化严重,5.95,4.79,7.02,瑞士,巴基斯坦,6.09,5.6,5.74,6.09,6.68,6.27,5.11,5.86,5.48,6.6,6.84,5.22,0.18,2026-04-13,2026-04-13,2000-2026
医疗与健康,MED,口腔,正畸医生,Orthodontist,9.1,9.1,7.0,7.8,8.1,8.4,7.6,6.7,10.0,7.2,8.2,8.1,3.0,3.2,3.9,5.0,4.2,1.4,8.0,8.4,0.7,6.6,3.8,7.4,9.1,6.5,5.9,7.4,5.3,8.3,2.5,4.2,4.6,3.0,6.13,3,4,general,↑↑,2035+,中国正畸医生：薪资回报高，人才需求旺盛，AI替代抗性强,6.22,5.24,7.04,瑞士,巴基斯坦,6.32,5.95,6.14,6.25,6.93,6.48,5.44,6.32,5.92,6.81,6.89,5.54,-0.09,2026-04-13,2026-04-13,2000-2026
文化、艺术与传媒,ART,文化产业管理,艺术节总监,Festival Director,4.6,5.7,6.3,7.5,7.4,6.7,6.2,6.1,7.8,6.6,5.3,7.7,7.0,2.1,3.0,8.0,7.1,2.1,5.2,7.9,5.4,7.2,3.2,7.4,7.2,5.0,5.9,8.2,2.3,2.3,5.4,5.8,6.1,4.6,6.13,4,2,general,↑,2028-2033,中国艺术节总监：加班文化严重,6.22,5.1,7.17,瑞士,孟加拉国,6.28,5.82,6.24,6.13,6.87,6.56,5.4,6.32,5.86,6.9,7.08,5.55,-0.09,2026-04-13,2026-04-13,2000-2026
金融与商业,FIN,企业管理,首席营销官(CMO),Chief Marketing Officer (CMO),8.3,7.8,7.9,7.4,6.4,6.8,5.3,7.3,10.0,8.6,4.7,9.5,4.0,0.0,0.8,7.9,6.5,3.2,7.0,9.6,5.7,8.3,2.1,8.1,9.0,4.2,5.7,8.8,1.1,2.2,6.0,2.6,5.5,2.8,6.12,2,2,general,↑,2032-2038,中国首席营销官(CMO)：薪资回报高，加班文化严重,5.98,4.62,6.93,瑞士,孟加拉国,6.11,5.68,5.89,6.06,6.71,6.33,5.02,5.86,5.6,6.57,6.77,5.36,0.14,2026-04-13,2026-04-13,2000-2026
文化、艺术与传媒,ART,广告公关,品牌经理,Brand Manager,4.6,4.8,7.1,7.5,7.4,7.7,7.1,6.7,9.2,6.5,6.1,7.9,6.2,1.7,3.5,6.9,7.1,1.6,4.4,7.7,5.8,5.0,2.2,6.3,6.4,5.1,5.9,7.3,1.5,1.5,5.6,5.0,4.6,4.5,6.12,3,1,general,→,2026-2030,中国品牌经理：薪资回报高，加班文化严重,6.13,5.14,7.06,荷兰,巴基斯坦,6.19,5.79,6.1,5.94,6.8,6.51,5.4,6.24,5.75,6.81,6.96,5.47,-0.01,2026-04-13,2026-04-13,2000-2026
金融与商业,FIN,证券投资,信托经理,Trust Manager,7.3,7.3,8.1,6.8,9.8,7.9,6.7,7.7,10.0,8.7,7.2,8.8,4.6,0.0,1.9,7.3,6.7,2.3,5.4,9.4,6.4,5.6,1.6,6.6,7.0,3.3,4.6,6.9,0.6,5.9,7.2,3.5,6.8,4.2,6.12,3,2,general,↑,2028-2033,中国信托经理：薪资回报高，加班文化严重,5.85,4.42,7.06,瑞士,孟加拉国,6.13,5.46,5.63,6.04,6.55,6.22,4.92,5.78,5.27,6.52,6.83,5.05,0.27,2026-04-13,2026-04-13,2000-2026
金融与商业,FIN,加密货币与去中心化金融,加密货币分析师,Cryptocurrency Analyst,6.1,5.6,8.4,4.6,9.0,6.7,7.6,8.4,9.6,7.2,2.6,8.7,4.1,0.8,1.8,7.0,6.5,3.6,5.9,6.5,8.8,7.0,2.6,6.3,9.2,4.3,6.5,5.4,0.1,1.3,9.3,6.2,6.5,1.6,6.12,4,3,general,↑,2028-2033,中国加密货币分析师：薪资回报高，人才需求旺盛，远程友好度高,6.06,4.73,7.23,瑞士,孟加拉国,6.19,5.76,5.84,6.19,6.69,6.49,5.14,5.97,5.61,6.72,6.95,5.3,0.06,2026-04-13,2026-04-13,2000-2026
文化、艺术与传媒,ART,文化产业管理,文化政策研究员,Cultural Policy Researcher,5.3,8.1,7.1,7.8,7.4,6.9,6.2,6.1,6.6,7.5,6.5,8.2,6.7,1.5,4.1,8.0,6.9,2.1,5.6,6.6,5.8,6.9,3.1,8.1,6.5,5.6,6.9,7.5,2.3,1.7,5.5,5.6,5.1,4.2,6.12,4,2,general,↑,2028-2033,中国文化政策研究员：加班文化严重,6.12,5.01,7.12,荷兰,孟加拉国,6.17,5.77,6.21,5.93,6.86,6.5,5.3,6.14,5.73,6.75,6.98,5.44,0.0,2026-04-13,2026-04-13,2000-2026
文化、艺术与传媒,ART,设计创意,文创产品设计师,Cultural/Creative Product Designer,4.7,5.2,6.5,8.0,6.3,6.6,6.4,6.4,7.2,5.6,4.7,8.2,6.5,1.9,4.1,8.0,5.8,1.3,4.9,6.4,7.2,6.7,2.9,8.1,8.0,4.9,6.1,6.5,2.8,1.5,5.4,7.0,5.1,3.0,6.11,3,2,general,↑,2028-2033,中国文创产品设计师：加班文化严重,6.07,4.87,7.0,荷兰,巴基斯坦,6.05,5.76,6.06,5.96,6.81,6.41,5.16,6.13,5.73,6.78,6.91,5.4,0.04,2026-04-13,2026-04-13,2000-2026
文化、艺术与传媒,ART,设计创意,用户体验设计师(非IT),Service Designer / Experience Designer,4.8,4.8,7.4,7.1,6.5,7.4,6.9,6.7,8.2,6.3,5.2,8.0,5.8,0.9,3.5,7.4,6.5,1.6,5.0,6.0,5.5,6.2,3.7,8.1,7.5,4.7,6.5,6.1,2.5,1.5,4.9,6.0,5.0,4.0,6.11,3,2,general,↑,2028-2033,中国用户体验设计师(非IT)：薪资回报高，加班文化严重,6.16,5.01,7.13,英国,巴基斯坦,6.19,5.82,6.14,6.06,6.92,6.56,5.32,6.25,5.79,6.86,6.98,5.45,-0.05,2026-04-13,2026-04-13,2000-2026
文化、艺术与传媒,ART,设计创意,工业设计师,Industrial Designer,5.3,6.1,6.2,7.2,6.3,7.2,5.6,6.9,7.9,6.7,5.0,7.9,5.8,1.3,4.3,7.9,6.4,1.4,6.0,7.3,6.4,6.7,4.0,7.1,7.7,4.9,5.7,5.9,2.7,1.5,5.1,6.9,4.6,3.8,6.11,3,1,general,→,2032-2038,中国工业设计师：加班文化严重,6.19,5.02,7.15,荷兰,巴基斯坦,6.21,5.84,6.16,6.09,6.97,6.53,5.29,6.27,5.84,6.93,6.97,5.54,-0.08,2026-04-13,2026-04-13,2000-2026
工程与制造,ENG,电气工程,自动化工程师,Automation Engineer,6.6,6.6,7.9,7.3,8.5,8.8,8.1,8.2,8.9,8.4,7.2,6.5,4.1,2.4,2.8,7.4,5.7,0.9,5.4,6.7,2.0,5.2,3.0,7.0,5.1,4.7,6.5,5.1,2.7,3.3,4.8,3.6,5.4,3.4,6.11,3,4,general,↑↑,2028-2033,中国自动化工程师：薪资回报高，人才需求旺盛，加班文化严重,6.1,4.9,7.17,瑞士,孟加拉国,6.21,5.76,6.24,6.12,7.01,6.36,5.19,6.11,5.65,6.64,7.0,5.23,0.01,2026-04-13,2026-04-13,2000-2026
文化、艺术与传媒,ART,新媒体内容,YouTuber/视频博主,YouTuber / Video Content Creator,3.1,3.4,8.6,5.4,9.2,9.9,7.2,5.4,7.4,6.4,2.2,7.9,6.7,0.6,4.0,5.8,5.1,3.6,6.4,5.3,7.9,7.7,2.2,8.2,10.0,4.2,3.9,7.3,2.8,1.3,5.4,8.0,3.6,2.7,6.11,5,4,general,↑↑,2032-2038,中国YouTuber/视频博主：加班文化严重，就业波动大，近年增长迅猛,6.15,4.98,7.03,荷兰,孟加拉国,6.2,5.88,6.19,6.05,6.82,6.54,5.34,6.13,5.8,6.73,6.94,5.52,-0.04,2026-04-13,2026-04-13,2000-2026
工程与制造,ENG,航空航天,空气动力学工程师,Aerodynamics Engineer,7.7,8.0,8.0,8.3,8.3,6.0,8.6,9.0,10.0,7.0,6.5,6.0,4.6,0.9,2.3,6.3,6.1,0.6,7.6,8.5,2.2,5.9,4.0,8.5,3.9,3.2,6.3,5.1,4.0,4.3,4.1,2.2,5.8,5.8,6.11,3,3,general,↑,2035+,中国空气动力学工程师：薪资回报高，人才需求旺盛，AI替代抗性强,6.04,4.78,7.16,瑞典,尼日利亚,6.17,5.68,6.2,6.03,6.98,6.35,5.2,6.04,5.5,6.62,6.96,5.15,0.07,2026-04-13,2026-04-13,2000-2026
教育与学术,EDU,在线教育,MOOC讲师,MOOC Instructor,6.6,7.4,7.3,6.9,9.3,8.5,5.3,4.7,4.9,5.3,5.3,10.0,5.0,2.2,2.6,6.2,5.8,1.8,5.6,7.6,10.0,7.1,4.5,8.2,7.1,5.7,7.2,4.8,0.9,4.0,3.4,9.3,6.4,3.5,6.1,5,3,general,↑,2028-2033,中国MOOC讲师：远程友好度高，加班文化严重,6.03,4.86,7.18,芬兰,尼日利亚,6.1,5.74,6.09,6.03,7.1,6.25,5.23,6.0,5.54,6.7,6.74,5.25,0.07,2026-04-13,2026-04-13,2000-2026
医疗与健康,MED,医疗管理,临床试验管理员,Clinical Trial Manager,6.8,7.1,6.3,8.0,8.5,10.0,7.6,6.9,7.2,7.0,6.8,8.6,6.0,1.2,4.0,7.2,7.3,1.8,5.6,7.3,4.7,4.4,2.6,6.5,5.8,5.9,6.6,7.0,1.9,4.1,1.5,5.0,4.0,3.9,6.1,3,4,general,↑↑,2028-2033,中国临床试验管理员：人才需求旺盛，加班文化严重，近年增长迅猛,6.36,5.19,7.27,荷兰,巴基斯坦,6.42,6.09,6.25,6.44,7.06,6.64,5.5,6.52,5.91,7.03,7.12,5.64,-0.26,2026-04-13,2026-04-13,2000-2026
医疗与健康,MED,医疗管理,医疗质量管理师,Healthcare Quality Manager,4.7,5.2,7.3,7.7,8.4,9.4,7.1,4.6,7.1,7.0,6.7,8.7,6.3,2.0,3.9,6.6,6.3,1.6,5.6,5.9,4.5,4.4,3.4,6.6,5.6,5.7,7.0,7.4,1.9,4.4,1.7,5.0,4.4,3.6,6.1,3,3,general,↑,2028-2033,中国医疗质量管理师：加班文化严重,6.28,5.18,7.12,瑞士,巴基斯坦,6.33,6.02,6.14,6.31,6.92,6.58,5.45,6.56,5.95,6.93,6.94,5.56,-0.18,2026-04-13,2026-04-13,2000-2026
金融与商业,FIN,证券投资,外汇交易员,Forex Trader,6.7,7.1,7.7,7.2,9.0,9.7,7.9,8.3,10.0,8.7,3.9,9.0,4.6,0.0,1.4,7.3,5.5,2.2,5.3,8.6,6.4,7.0,2.3,7.3,7.8,3.8,4.4,6.8,0.8,5.6,7.9,3.9,6.0,4.2,6.1,3,2,general,↑,2028-2033,中国外汇交易员：薪资回报高，人才需求旺盛，加班文化严重,5.79,4.32,6.99,瑞士,孟加拉国,6.05,5.44,5.59,5.93,6.49,6.17,4.85,5.65,5.26,6.48,6.75,4.99,0.31,2026-04-13,2026-04-13,2000-2026
医疗与健康,MED,眼科,验光师,Optometrist,7.3,7.1,7.9,8.4,8.2,7.9,7.1,6.3,7.3,6.1,8.2,8.9,4.5,2.5,4.4,4.2,4.8,1.3,6.8,7.3,2.1,6.6,4.5,7.1,8.9,4.9,6.0,7.3,3.7,7.1,2.4,4.4,5.5,3.8,6.1,3,3,general,↑,2032-2038,中国验光师：加班文化严重，就业稳定,6.27,5.14,7.12,瑞士,孟加拉国,6.33,5.98,6.14,6.38,6.9,6.6,5.41,6.44,5.93,6.96,6.98,5.56,-0.17,2026-04-13,2026-04-13,2000-2026
医疗与健康,MED,公共卫生,环境卫生工程师,Environmental Health Engineer,7.4,7.5,7.2,7.8,8.7,8.5,6.4,4.6,6.2,6.3,8.7,9.2,5.3,2.3,3.6,7.0,6.1,1.5,6.9,7.3,4.9,5.6,3.6,8.0,4.9,6.1,7.7,7.0,3.6,6.1,1.8,3.9,5.7,4.0,6.1,3,3,general,↑,2032-2038,中国环境卫生工程师：加班文化严重，就业稳定,6.31,5.14,7.2,瑞士,孟加拉国,6.36,6.03,6.22,6.36,7.04,6.61,5.52,6.49,5.9,6.95,6.99,5.61,-0.21,2026-04-13,2026-04-13,2000-2026
工程与制造,ENG,航空航天,飞行测试工程师,Flight Test Engineer,7.3,8.0,8.4,8.3,8.3,6.8,9.0,9.4,9.6,7.8,7.0,4.3,3.7,1.8,2.1,6.9,5.8,0.8,8.0,8.3,1.0,5.6,3.3,8.8,3.1,3.4,5.2,5.6,3.7,3.6,4.5,2.2,4.9,5.0,6.1,3,3,general,↑,2035+,中国飞行测试工程师：薪资回报高，人才需求旺盛，AI替代抗性强,6.01,4.72,7.05,瑞典,孟加拉国,6.09,5.64,6.1,5.99,6.94,6.36,5.06,6.03,5.58,6.57,6.92,5.13,0.09,2026-04-13,2026-04-13,2000-2026
教育与学术,EDU,高等教育,学术顾问/导师,Academic Advisor,5.6,6.1,4.2,8.3,7.7,7.3,6.3,6.3,5.3,4.6,9.3,9.7,4.9,2.2,4.0,4.7,5.1,0.9,7.4,7.1,7.0,5.9,4.7,6.9,4.0,5.6,6.7,8.3,1.2,4.8,1.0,4.7,4.1,3.0,6.1,2,2,general,↑,2032-2038,中国学术顾问/导师：加班文化严重，就业稳定,5.93,4.77,7.12,芬兰,孟加拉国,6.06,5.59,5.93,5.9,7.01,6.22,5.06,5.93,5.44,6.74,6.75,5.03,0.17,2026-04-13,2026-04-13,2000-2026
工程与制造,ENG,土木与建筑,BIM工程师,BIM Engineer,6.1,5.8,8.9,7.8,10.0,9.8,9.2,7.5,8.8,7.0,7.0,5.0,3.8,2.5,2.6,6.7,6.4,0.9,5.8,7.7,5.7,4.4,2.8,6.1,5.5,3.2,6.1,6.2,5.3,4.7,7.2,2.5,3.7,2.6,6.1,4,5,general,↑↑,2028-2033,中国BIM工程师：薪资回报高，人才需求旺盛，加班文化严重,5.92,4.74,7.05,德国,孟加拉国,6.07,5.58,5.97,5.99,6.77,6.21,5.05,5.8,5.42,6.54,6.85,5.08,0.18,2026-04-13,2026-04-13,2000-2026
金融与商业,FIN,企业管理,董事会秘书,Corporate Secretary,8.1,7.8,6.9,7.1,7.4,7.0,5.3,7.7,8.8,7.5,7.4,9.5,4.8,1.5,1.0,8.3,5.7,2.8,7.5,8.1,4.9,9.0,1.5,7.5,8.9,3.8,5.5,8.6,1.2,5.5,5.3,3.0,6.1,3.4,6.1,2,2,general,↑,2035+,中国董事会秘书：薪资回报高，AI替代抗性强，加班文化严重,5.94,4.58,7.0,瑞士,孟加拉国,6.12,5.58,5.74,6.1,6.64,6.31,4.98,5.92,5.45,6.58,6.85,5.24,0.16,2026-04-13,2026-04-13,2000-2026
工程与制造,ENG,半导体,半导体制造工程师,Semiconductor Fabrication Engineer,7.4,7.2,9.0,7.1,9.4,8.4,8.6,9.4,9.9,8.0,6.9,5.8,3.9,0.9,2.0,6.5,6.4,0.6,6.5,8.0,1.6,5.2,2.7,7.0,4.4,3.3,4.8,4.6,3.4,2.0,6.1,2.5,6.4,5.5,6.09,4,4,general,↑↑,2032-2038,中国半导体制造工程师：薪资回报高，人才需求旺盛，加班文化严重,5.95,4.64,7.12,瑞士,孟加拉国,6.15,5.7,5.99,5.94,6.81,6.24,4.98,5.98,5.38,6.42,6.87,5.04,0.14,2026-04-13,2026-04-13,2000-2026
金融与商业,FIN,银行,贸易融资专员,Trade Finance Specialist,4.8,5.8,7.2,7.3,7.6,9.2,6.9,7.1,7.9,8.0,7.5,9.2,5.3,1.5,2.3,6.2,6.3,1.0,4.8,7.7,4.6,5.8,3.2,5.3,4.7,5.1,5.0,7.1,1.0,4.1,4.8,3.1,6.5,4.3,6.09,2,1,general,→,2028-2033,中国贸易融资专员：加班文化严重，就业稳定,5.95,4.66,7.08,瑞士,孟加拉国,6.09,5.57,5.79,6.1,6.67,6.39,5.07,5.78,5.48,6.61,6.84,5.23,0.14,2026-04-13,2026-04-13,2000-2026
教育与学术,EDU,高等教育,大学讲师,University Lecturer,7.8,7.3,4.5,8.1,7.5,7.6,5.8,5.6,7.5,5.4,8.0,9.7,4.5,1.7,3.0,7.3,5.1,1.4,7.0,8.7,6.8,6.4,3.6,7.9,5.0,5.3,8.2,7.5,1.8,7.2,2.0,6.5,5.5,3.4,6.09,2,0,general,→,2032-2038,中国大学讲师：加班文化严重，就业稳定,5.96,4.71,7.22,芬兰,尼日利亚,6.08,5.56,5.9,5.95,7.12,6.26,5.11,5.93,5.45,6.72,6.79,5.05,0.13,2026-04-13,2026-04-13,2000-2026
教育与学术,EDU,特殊教育与辅助,留学顾问,Study Abroad Counselor / Education Agent,4.3,4.3,6.0,7.5,8.2,7.7,5.4,4.2,5.5,5.9,7.1,10.0,4.4,2.0,3.3,5.6,6.5,2.6,6.4,6.2,6.9,5.6,3.0,5.9,8.6,6.7,6.1,8.8,1.5,2.7,5.0,7.0,6.8,2.2,6.09,3,1,general,→,2032-2038,中国留学顾问：加班文化严重,5.95,4.82,7.09,芬兰,尼日利亚,5.96,5.72,5.96,5.94,6.93,6.19,5.25,5.9,5.5,6.67,6.68,5.16,0.14,2026-04-13,2026-04-13,2000-2026
金融与商业,FIN,证券投资,资产管理经理,Asset Manager,7.6,7.4,7.9,6.6,9.5,9.3,6.9,8.7,10.0,7.7,5.2,9.2,3.6,0.0,1.1,7.3,5.7,2.0,5.2,9.2,6.1,7.0,2.2,7.3,7.8,3.8,4.6,7.5,0.6,6.0,7.8,4.5,5.9,3.2,6.09,3,2,general,↑,2028-2033,中国资产管理经理：薪资回报高，加班文化严重,5.92,4.55,7.12,瑞士,孟加拉国,6.16,5.57,5.77,6.01,6.58,6.21,4.99,5.84,5.4,6.63,6.88,5.16,0.17,2026-04-13,2026-04-13,2000-2026
医疗与健康,MED,康复与治疗,言语治疗师,Speech-Language Pathologist,6.1,6.0,7.8,7.8,8.5,8.4,7.7,8.1,4.6,6.5,6.8,8.9,3.3,2.8,2.9,5.7,5.1,1.4,7.8,6.7,4.4,6.1,2.7,7.9,6.2,4.0,5.7,8.3,5.3,6.9,2.1,5.3,4.7,2.9,6.09,3,4,general,↑↑,2035+,中国言语治疗师：人才需求旺盛，AI替代抗性强，加班文化严重,6.32,5.28,7.3,瑞士,孟加拉国,6.37,6.01,6.2,6.3,7.05,6.66,5.52,6.44,5.94,7.05,7.07,5.59,-0.23,2026-04-13,2026-04-13,2000-2026
农业、资源与环境,AGR,农业科技,农业生物技术研究员,Agricultural Biotechnology Researcher,8.3,8.7,8.0,7.7,7.9,6.2,7.5,9.1,7.8,7.0,6.3,7.0,5.4,1.9,3.6,6.3,6.4,1.7,7.3,7.8,2.8,5.7,3.1,8.3,6.1,5.4,4.9,6.0,2.3,3.3,5.0,3.2,6.9,3.6,6.08,3,4,general,↑↑,2032-2038,中国农业生物技术研究员：人才需求旺盛，加班文化严重，近年增长迅猛,6.25,5.24,7.36,丹麦,孟加拉国,6.16,5.87,6.32,6.21,7.18,6.51,5.4,6.37,5.98,7.06,7.02,5.48,-0.17,2026-04-13,2026-04-13,2000-2026
教育与学术,EDU,教育管理,教务主任,Academic Dean,7.2,7.5,5.5,8.2,5.9,7.0,4.6,5.8,7.3,6.8,10.0,9.7,4.2,2.2,1.2,5.9,5.9,1.2,7.5,8.9,6.0,6.9,3.1,8.2,4.3,5.8,6.7,8.5,1.2,6.3,0.7,4.3,3.6,3.1,6.08,2,1,general,→,2035+,中国教务主任：AI替代抗性强，加班文化严重，就业稳定,5.88,4.86,7.01,芬兰,孟加拉国,5.93,5.63,5.9,5.87,6.94,6.03,5.09,5.81,5.45,6.54,6.57,5.13,0.2,2026-04-13,2026-04-13,2000-2026
金融与商业,FIN,银行,客户经理(银行),Bank Relationship Manager,4.8,5.6,6.6,8.2,8.4,9.6,5.9,6.8,8.2,7.2,6.9,9.0,5.5,1.3,3.4,6.0,6.3,0.8,4.8,7.5,4.3,4.7,4.0,6.3,5.3,5.2,6.2,8.2,1.0,4.4,4.6,3.3,4.9,4.7,6.08,2,1,general,→,2028-2033,中国客户经理(银行)：薪资回报高，加班文化严重,5.93,4.73,7.03,瑞士,孟加拉国,6.08,5.6,5.82,6.1,6.55,6.26,5.09,5.84,5.41,6.6,6.82,5.23,0.15,2026-04-13,2026-04-13,2000-2026
医疗与健康,MED,药学,药品注册专员,Drug Regulatory Affairs Specialist,6.2,7.2,6.9,8.3,8.0,9.9,8.0,4.7,8.3,7.1,8.5,8.9,5.1,1.5,3.4,5.6,6.1,1.7,5.2,7.1,4.8,5.6,4.1,6.4,7.2,6.2,6.8,6.2,2.1,7.6,1.8,3.7,4.4,3.7,6.08,2,3,general,↑,2028-2033,中国药品注册专员：薪资回报高，人才需求旺盛，加班文化严重,6.09,4.89,7.09,德国,孟加拉国,6.2,5.78,5.94,6.1,6.85,6.33,5.18,6.36,5.68,6.8,6.94,5.22,-0.01,2026-04-13,2026-04-13,2000-2026
工程与制造,ENG,质量控制,可靠性工程师,Reliability Engineer,5.9,5.5,7.3,7.7,8.0,8.6,6.9,6.9,6.8,6.8,7.3,7.0,4.6,2.4,3.5,7.4,6.2,0.6,6.4,6.7,4.0,4.4,4.2,6.6,4.1,4.4,7.1,5.9,2.7,3.5,4.2,2.5,5.4,2.3,6.08,2,2,general,↑,2032-2038,中国可靠性工程师：加班文化严重,6.01,4.82,7.14,瑞士,巴基斯坦,6.1,5.69,6.07,6.03,6.93,6.28,5.1,6.04,5.52,6.65,6.92,5.16,0.07,2026-04-13,2026-04-13,2000-2026
教育与学术,EDU,早期教育,早教中心教师,Early Childhood Center Teacher,4.1,4.6,5.2,7.5,7.7,8.6,6.8,6.5,4.5,5.1,8.7,8.7,3.3,3.2,2.8,4.9,4.5,0.8,9.4,5.8,3.6,4.4,3.2,7.6,5.9,9.2,5.9,8.8,6.4,4.9,1.6,4.4,3.6,2.2,6.08,3,2,general,↑,2035+,中国早教中心教师：薪资水平偏低，AI替代抗性强，加班文化严重,5.89,5.02,6.93,瑞典,孟加拉国,5.97,5.67,5.88,5.86,6.83,6.17,5.23,5.79,5.46,6.44,6.56,5.15,0.19,2026-04-13,2026-04-13,2000-2026
教育与学术,EDU,特殊教育与辅助,手语教师/翻译,Sign Language Teacher/Interpreter,6.1,5.4,5.1,7.6,6.4,4.8,6.5,8.1,4.0,5.4,7.6,9.0,4.9,3.0,3.1,4.1,4.4,0.4,8.0,7.2,6.6,5.1,3.7,9.0,4.7,6.4,7.3,8.1,3.0,5.4,0.2,7.0,3.1,2.0,6.07,2,1,general,→,2035+,中国手语教师/翻译：薪资水平偏低，AI替代抗性强，加班文化严重,6.0,5.07,7.09,芬兰,孟加拉国,6.05,5.78,6.01,5.98,6.96,6.2,5.27,5.95,5.57,6.6,6.64,5.31,0.07,2026-04-13,2026-04-13,2000-2026
医疗与健康,MED,康复与治疗,听力师,Audiologist,5.8,5.8,7.8,7.6,8.3,8.4,8.0,6.7,5.3,5.8,7.0,8.4,4.4,2.7,2.6,5.4,5.3,1.4,6.4,6.5,3.3,6.0,3.6,7.6,7.4,6.4,6.3,8.3,5.1,6.6,2.1,5.3,5.7,2.5,6.07,3,3,general,↑,2032-2038,中国听力师：人才需求旺盛，加班文化严重,6.28,5.25,7.26,瑞士,巴基斯坦,6.29,6.03,6.16,6.29,6.96,6.66,5.51,6.36,5.91,6.93,7.01,5.6,-0.21,2026-04-13,2026-04-13,2000-2026
医疗与健康,MED,康复与治疗,呼吸治疗师,Respiratory Therapist,5.9,6.6,7.6,7.6,8.1,8.8,7.5,6.8,6.1,5.8,7.3,7.2,3.5,2.8,3.9,5.4,5.5,1.2,6.8,6.7,2.8,5.7,3.9,8.2,6.2,7.0,5.7,8.1,5.3,6.7,2.3,5.3,5.3,2.5,6.07,3,4,general,↑↑,2032-2038,中国呼吸治疗师：人才需求旺盛，加班文化严重，近年增长迅猛,6.19,5.07,7.08,荷兰,孟加拉国,6.24,5.92,6.12,6.2,6.89,6.49,5.34,6.36,5.9,6.76,6.9,5.5,-0.12,2026-04-13,2026-04-13,2000-2026
工程与制造,ENG,电气工程,变电站工程师,Substation Engineer,6.0,5.8,6.9,7.9,8.4,7.5,6.9,7.4,9.3,7.8,8.5,5.3,3.9,2.2,2.6,7.2,6.2,1.2,6.0,7.8,2.2,5.7,3.7,7.6,4.9,4.0,6.2,5.3,4.4,4.4,5.0,3.5,5.4,3.6,6.07,2,2,general,↑,2032-2038,中国变电站工程师：薪资回报高，加班文化严重，就业稳定,5.86,4.69,6.95,瑞士,孟加拉国,5.99,5.53,5.91,5.84,6.79,6.1,4.98,5.87,5.33,6.44,6.78,5.03,0.21,2026-04-13,2026-04-13,2000-2026
文化、艺术与传媒,ART,文化产业管理,剧院经理,Theatre Manager,5.5,5.6,6.3,7.2,7.1,7.1,6.3,7.1,7.4,6.8,5.0,8.2,6.5,2.1,3.8,7.0,6.1,1.9,5.5,6.6,6.2,5.7,3.0,6.8,7.6,5.6,6.0,7.5,1.7,1.7,5.4,6.0,5.7,3.8,6.07,4,2,general,↑,2028-2033,中国剧院经理：加班文化严重,6.14,5.0,7.09,荷兰,孟加拉国,6.21,5.82,6.11,6.01,6.85,6.47,5.31,6.2,5.82,6.79,6.96,5.46,-0.07,2026-04-13,2026-04-13,2000-2026
信息技术与数字化,TECH,新兴数字职业,Web3开发工程师,Web3 Developer,6.3,5.0,7.4,4.2,9.2,5.5,8.1,7.0,9.6,6.9,2.1,9.7,6.4,1.0,2.3,6.6,6.3,3.9,5.5,6.4,7.6,6.5,3.9,6.6,9.6,4.0,6.0,5.4,0.8,0.4,8.6,7.2,6.8,1.9,6.07,2,0,general,→,2028-2033,中国Web3开发工程师：薪资回报高，人才需求旺盛，加班文化严重,5.95,4.76,6.9,瑞典,孟加拉国,5.98,5.62,6.04,6.0,6.77,6.34,5.23,5.84,5.51,6.62,6.75,5.05,0.12,2026-04-13,2026-04-13,2000-2026
金融与商业,FIN,企业管理,投资者关系总监,Investor Relations Director,8.1,7.8,7.3,7.4,7.4,4.3,4.7,6.5,10.0,7.5,4.4,9.5,4.8,0.0,1.1,7.9,5.5,2.7,7.5,10.0,6.3,9.3,1.8,7.5,8.8,4.1,5.3,8.3,1.2,1.9,5.2,3.2,5.9,3.4,6.07,2,2,general,↑,2035+,中国投资者关系总监：薪资回报高，AI替代抗性强，加班文化严重,5.94,4.67,7.01,瑞士,孟加拉国,6.09,5.6,5.79,6.1,6.57,6.33,5.04,5.87,5.53,6.52,6.79,5.24,0.13,2026-04-13,2026-04-13,2000-2026
金融与商业,FIN,企业管理,首席财务官(CFO),Chief Financial Officer (CFO),8.1,7.6,6.9,7.6,7.4,6.1,5.9,6.8,10.0,7.9,5.2,9.2,4.2,0.0,1.1,7.3,5.7,3.2,7.5,10.0,5.0,8.8,1.6,7.6,8.8,4.1,5.5,8.8,1.8,3.9,5.3,2.8,6.2,2.5,6.07,2,2,general,↑,2035+,中国首席财务官(CFO)：薪资回报高，AI替代抗性强，加班文化严重,6.03,4.89,6.96,瑞士,孟加拉国,6.13,5.71,5.88,6.11,6.67,6.35,5.24,6.03,5.66,6.6,6.82,5.37,0.04,2026-04-13,2026-04-13,2000-2026
农业、资源与环境,AGR,新能源,生物质能工程师,Biomass Energy Engineer,6.5,6.1,9.0,7.9,9.2,7.5,9.6,8.2,7.1,7.2,5.9,6.3,5.7,1.4,3.8,5.7,6.1,1.3,6.1,7.3,2.7,5.7,2.9,7.9,7.0,4.1,4.9,5.6,4.4,4.5,6.2,3.3,6.5,4.8,6.07,4,4,general,↑↑,2032-2038,中国生物质能工程师：人才需求旺盛，加班文化严重，近年增长迅猛,6.01,4.63,7.22,丹麦,孟加拉国,6.0,5.59,5.88,6.08,7.08,6.21,5.0,6.2,5.6,6.82,6.94,5.2,0.06,2026-04-13,2026-04-13,2000-2026
文化、艺术与传媒,ART,新媒体内容,游戏直播主播,Game Streamer,2.8,3.0,9.0,5.0,9.4,9.8,7.5,5.6,7.5,6.3,1.8,8.2,5.7,0.6,3.8,6.0,5.7,4.4,6.4,4.4,7.3,8.1,1.2,7.7,9.0,4.6,4.7,7.4,2.8,0.7,5.0,8.0,4.4,2.9,6.07,5,4,general,↑↑,2032-2038,中国游戏直播主播：人才需求旺盛，加班文化严重，就业波动大,6.04,5.02,6.97,荷兰,孟加拉国,6.14,5.74,5.94,5.86,6.68,6.37,5.3,6.07,5.69,6.69,6.81,5.46,0.03,2026-04-13,2026-04-13,2000-2026
医疗与健康,MED,临床医学,皮肤科医生,Dermatologist,9.2,8.8,7.8,8.1,9.1,9.4,7.6,6.3,9.1,5.8,8.2,6.9,3.7,2.3,3.7,6.0,4.3,1.9,5.8,9.0,1.4,6.4,4.7,8.5,8.6,3.7,6.4,7.8,2.7,9.1,0.8,6.0,4.9,3.3,6.06,3,3,general,↑,2028-2033,中国皮肤科医生：薪资回报高，人才需求旺盛，加班文化严重,6.21,5.07,6.99,荷兰,孟加拉国,6.26,5.98,6.19,6.28,6.91,6.52,5.33,6.32,5.93,6.74,6.83,5.5,-0.15,2026-04-13,2026-04-13,2000-2026
工程与制造,ENG,电气工程,电子工程师,Electronics Engineer,5.8,6.4,7.2,7.2,8.6,8.2,7.0,7.4,8.8,7.1,7.0,6.8,3.9,2.4,3.0,6.6,6.1,1.2,6.1,7.3,4.6,5.9,3.0,7.4,5.3,3.8,5.8,4.9,3.3,3.6,4.6,3.8,5.1,3.8,6.06,2,2,general,↑,2032-2038,中国电子工程师：薪资回报高，加班文化严重,6.05,4.78,7.28,瑞士,尼日利亚,6.13,5.72,6.09,5.98,7.02,6.31,5.23,6.06,5.56,6.62,6.96,5.21,0.01,2026-04-13,2026-04-13,2000-2026
医疗与健康,MED,公共卫生,疾控中心研究员,CDC Researcher,8.6,8.5,6.7,8.2,7.5,8.1,7.0,5.4,5.3,6.4,8.3,9.2,5.3,2.2,3.6,7.1,6.7,1.5,6.8,7.1,6.2,5.4,4.2,8.1,5.1,6.5,6.9,7.1,2.2,6.4,1.7,4.2,5.8,4.0,6.06,3,4,general,↑↑,2032-2038,中国疾控中心研究员：加班文化严重，就业稳定，近年增长迅猛,6.33,5.24,7.19,瑞士,巴基斯坦,6.36,6.05,6.23,6.35,7.0,6.62,5.46,6.48,6.0,7.0,7.06,5.62,-0.27,2026-04-13,2026-04-13,2000-2026
文化、艺术与传媒,ART,设计创意,动态图形设计师,Motion Graphics Designer,5.6,4.8,6.8,7.6,6.8,7.0,7.0,6.9,7.4,6.5,4.1,8.2,5.8,1.2,3.8,7.6,6.4,1.3,4.6,5.8,6.9,6.2,3.2,7.7,7.6,5.1,6.3,5.6,2.6,1.0,5.6,6.6,5.2,3.6,6.06,3,2,general,↑,2028-2033,中国动态图形设计师：加班文化严重,6.18,4.96,7.06,英国,巴基斯坦,6.23,5.87,6.13,6.03,6.89,6.49,5.28,6.3,5.88,6.89,7.01,5.52,-0.12,2026-04-13,2026-04-13,2000-2026
文化、艺术与传媒,ART,广告公关,危机公关专家,Crisis Communications Specialist,4.8,5.0,6.2,7.9,6.8,5.9,6.3,6.8,7.7,6.6,4.8,8.2,6.5,0.9,4.6,7.0,6.6,1.4,6.7,7.1,6.4,5.2,2.4,6.0,6.2,6.0,6.1,6.8,1.8,1.3,5.7,5.2,4.5,3.9,6.06,3,1,general,→,2032-2038,中国危机公关专家：加班文化严重,6.18,5.02,7.04,荷兰,孟加拉国,6.21,5.86,6.17,6.08,6.83,6.55,5.33,6.25,5.83,6.87,6.93,5.62,-0.12,2026-04-13,2026-04-13,2000-2026
信息技术与数字化,TECH,新兴数字职业,AI提示工程师,AI Prompt Engineer,3.6,3.3,6.4,3.5,9.2,6.1,6.9,6.4,8.4,8.2,2.3,9.5,5.5,3.1,3.8,6.8,6.9,3.0,3.0,6.1,7.3,6.2,4.0,5.6,8.3,5.6,6.6,5.9,1.0,0.0,6.5,7.4,5.4,2.5,6.06,2,5,general,↑↑,2026-2030,中国AI提示工程师：薪资回报高，AI替代风险较高，加班文化严重,6.11,4.88,7.06,瑞士,尼日利亚,6.12,5.82,6.08,6.16,6.93,6.56,5.41,5.95,5.66,6.74,6.99,5.2,-0.05,2026-04-13,2026-04-13,2000-2026
工程与制造,ENG,电气工程,射频工程师(RF),RF Engineer,7.6,7.6,7.3,7.0,7.6,6.3,7.7,8.9,9.4,8.0,7.0,6.3,4.3,2.2,3.5,6.4,6.1,1.4,6.9,8.2,4.0,5.2,2.8,7.2,5.1,4.6,6.1,5.2,3.1,3.4,5.2,3.2,4.7,3.2,6.06,2,2,general,↑,2032-2038,中国射频工程师(RF)：薪资回报高，人才需求旺盛，加班文化严重,6.13,4.83,7.27,德国,孟加拉国,6.25,5.79,6.23,6.14,7.08,6.42,5.19,6.11,5.72,6.7,7.02,5.25,-0.07,2026-04-13,2026-04-13,2000-2026
金融与商业,FIN,保险,保险理赔员,Claims Adjuster,5.9,5.5,6.6,7.8,7.3,10.0,6.8,6.8,8.3,8.2,7.8,9.2,6.0,3.5,3.8,5.7,4.8,1.6,4.4,6.3,3.3,5.7,3.8,6.5,6.9,5.3,5.9,6.7,3.1,5.2,3.9,3.5,5.1,4.5,6.06,2,2,general,↑,2028-2033,中国保险理赔员：薪资回报高，加班文化严重，就业稳定,5.86,4.41,7.14,瑞士,孟加拉国,6.13,5.46,5.64,6.02,6.49,6.2,4.83,5.81,5.36,6.6,6.86,5.04,0.2,2026-04-13,2026-04-13,2000-2026
金融与商业,FIN,伊斯兰金融,伊斯兰教法合规分析师,Sharia Compliance Analyst,6.3,6.3,8.0,7.5,7.0,5.0,6.8,6.6,8.4,7.0,7.2,9.0,5.8,3.4,3.1,5.3,4.8,1.3,7.5,7.4,4.9,5.0,3.8,8.0,5.7,3.8,6.0,7.3,1.2,7.1,4.2,3.4,3.8,4.2,6.05,3,4,general,↑↑,2035+,中国伊斯兰教法合规分析师：薪资回报高，AI替代抗性强，加班文化严重,5.82,4.73,6.9,英国,越南,5.86,5.6,5.52,6.25,6.28,6.09,5.3,5.59,5.2,6.34,6.65,5.21,0.23,2026-04-13,2026-04-13,2000-2026
信息技术与数字化,TECH,新兴数字职业,机器人流程自动化工程师,RPA Developer,4.8,4.2,7.0,5.0,7.7,6.9,7.6,6.2,7.9,7.9,4.4,9.5,6.3,1.6,4.1,6.3,6.2,1.7,4.1,6.6,5.3,5.2,4.0,5.5,6.7,5.4,6.8,5.5,0.5,0.5,5.6,6.2,5.7,3.7,6.05,3,2,general,↑,2026-2030,中国机器人流程自动化工程师：人才需求旺盛，加班文化严重,6.1,4.87,7.1,德国,孟加拉国,6.08,5.7,6.12,6.14,7.03,6.55,5.32,6.01,5.66,6.86,6.96,5.21,-0.05,2026-04-13,2026-04-13,2000-2026
教育与学术,EDU,教育管理,校长(中小学),School Principal,6.8,7.6,5.4,8.7,6.4,7.5,4.7,6.2,8.4,5.9,10.0,9.2,4.7,0.4,1.8,6.9,5.3,1.8,8.9,8.9,4.9,7.4,1.9,8.2,5.2,4.5,6.2,8.9,2.7,7.6,0.4,2.8,3.3,2.8,6.05,2,1,general,→,2035+,中国校长(中小学)：薪资回报高，AI替代抗性强，加班文化严重,5.94,4.82,6.97,荷兰,孟加拉国,5.99,5.67,5.95,5.98,6.9,6.15,5.18,5.89,5.54,6.57,6.64,5.18,0.11,2026-04-13,2026-04-13,2000-2026
信息技术与数字化,TECH,软件开发,数据库管理员,Database Administrator,5.3,5.1,6.2,7.2,7.5,8.4,6.2,6.0,9.0,7.4,5.6,9.3,5.2,2.1,3.2,6.6,6.5,1.2,4.6,6.4,5.7,4.2,4.1,5.8,5.6,4.7,6.1,4.2,1.0,1.3,4.5,5.6,5.5,2.5,6.04,1,0,general,→,2028-2033,中国数据库管理员：薪资回报高，加班文化严重,6.02,4.85,7.04,美国,孟加拉国,6.07,5.65,6.05,6.12,6.92,6.49,5.3,5.98,5.52,6.72,6.85,5.08,0.02,2026-04-13,2026-04-13,2000-2026
工程与制造,ENG,机械工程,机械设计工程师,Mechanical Design Engineer,5.7,6.4,6.6,7.3,7.9,8.6,6.2,6.7,9.1,7.5,7.2,7.1,4.6,1.2,3.0,7.4,6.8,1.4,6.5,7.1,2.5,5.4,4.0,7.4,4.9,4.0,6.3,5.0,3.7,2.5,5.4,3.2,6.1,2.7,6.04,2,2,general,↑,2032-2038,中国机械设计工程师：薪资回报高，加班文化严重,5.97,4.77,7.11,瑞士,孟加拉国,6.11,5.62,6.04,6.0,6.89,6.16,5.12,5.99,5.42,6.66,6.88,5.11,0.07,2026-04-13,2026-04-13,2000-2026
法律与社会服务,LAW,公证与仲裁,调解员,Mediator,6.6,6.4,6.9,7.7,6.2,5.9,5.9,5.0,6.1,5.5,5.0,8.7,5.4,4.2,4.2,7.2,6.4,2.3,7.9,8.2,5.0,6.6,3.2,6.9,7.0,6.8,7.4,9.1,0.2,6.7,3.1,5.0,5.5,3.8,6.04,2,2,general,↑,2035+,中国调解员：AI替代抗性强,6.25,5.13,7.22,英国,巴基斯坦,6.31,5.9,6.15,6.14,7.05,6.58,5.43,6.26,5.9,7.06,7.08,5.55,-0.21,2026-04-13,2026-04-13,2000-2026
技术工种与手工业,SKL,管道暖通,暖通空调技师,HVAC Technician,4.0,3.0,7.0,7.7,6.9,8.6,8.3,8.0,7.4,6.6,6.6,4.7,4.4,2.1,3.3,6.2,5.6,1.4,8.4,4.8,0.0,6.0,2.2,6.8,7.7,2.6,6.3,6.1,7.3,5.8,4.7,7.3,5.9,2.3,6.04,3,4,general,↑↑,2035+,中国暖通空调技师：人才需求旺盛，AI替代抗性强，加班文化严重,6.45,5.34,7.61,澳大利亚,巴基斯坦,6.43,6.06,6.59,6.38,7.37,6.77,5.45,6.4,5.95,7.52,7.37,5.66,-0.41,2026-04-13,2026-04-13,2000-2026
农业、资源与环境,AGR,农业科技,农业物联网工程师,Agricultural IoT Engineer,7.1,6.9,8.9,7.3,7.9,6.7,8.2,9.3,8.5,6.8,5.6,7.0,5.5,2.7,3.1,6.7,5.8,1.6,4.7,7.1,4.6,5.6,3.2,7.0,5.5,4.7,5.5,5.5,2.1,3.4,5.1,4.2,5.6,3.8,6.04,3,5,general,↑↑,2028-2033,中国农业物联网工程师：薪资回报高，人才需求旺盛，加班文化严重,6.28,5.16,7.36,荷兰,巴基斯坦,6.17,5.94,6.26,6.28,7.12,6.57,5.35,6.39,6.0,7.14,7.09,5.56,-0.24,2026-04-13,2026-04-13,2000-2026
工程与制造,ENG,机械工程,设备工程师,Equipment Engineer,5.2,5.9,6.2,7.7,7.9,8.6,6.3,7.5,7.8,6.8,7.1,6.8,4.9,1.2,2.8,7.6,6.6,1.1,6.9,7.8,1.0,5.5,3.7,7.4,4.7,4.9,6.8,5.0,3.6,3.2,5.0,4.0,5.7,2.3,6.04,2,2,general,↑,2032-2038,中国设备工程师：加班文化严重,6.02,4.92,7.11,德国,尼日利亚,6.1,5.7,6.13,5.97,6.92,6.34,5.17,6.07,5.56,6.57,6.93,5.14,0.02,2026-04-13,2026-04-13,2000-2026
医疗与健康,MED,药学,药品研发科学家,Pharmaceutical R&D Scientist,8.7,8.8,6.8,8.4,8.0,9.7,7.4,7.3,8.3,7.1,7.7,8.4,4.9,1.8,3.4,6.0,5.7,1.7,6.2,8.5,5.0,5.0,3.1,7.5,7.2,5.5,6.4,6.2,1.7,7.8,1.9,3.7,4.6,4.7,6.04,2,4,general,↑↑,2032-2038,中国药品研发科学家：薪资回报高，加班文化严重，就业稳定,6.24,5.05,7.25,瑞士,孟加拉国,6.32,5.94,6.13,6.27,6.99,6.54,5.37,6.43,5.91,6.89,7.04,5.39,-0.2,2026-04-13,2026-04-13,2000-2026
文化、艺术与传媒,ART,新媒体内容,短视频创作者,Short-form Video Creator,2.8,3.6,8.8,5.3,9.3,9.8,7.7,6.1,6.2,6.1,1.8,7.7,6.7,0.0,4.6,6.2,6.1,4.2,5.7,5.0,7.6,7.9,1.9,7.2,9.8,5.6,4.3,7.5,2.5,1.0,5.2,7.8,3.8,2.5,6.04,5,5,general,↑↑,2028-2033,中国短视频创作者：人才需求旺盛，加班文化严重，就业波动大,6.08,4.99,7.08,荷兰,巴基斯坦,6.19,5.77,6.06,5.92,6.77,6.45,5.25,6.14,5.7,6.76,6.85,5.46,-0.04,2026-04-13,2026-04-13,2000-2026
文化、艺术与传媒,ART,设计创意,品牌设计师,Brand Identity Designer,5.0,5.4,6.1,7.3,7.2,7.4,6.5,6.6,8.0,5.8,5.3,7.7,6.2,1.7,3.3,7.4,6.6,1.4,5.0,6.6,6.7,6.5,3.0,7.5,6.8,4.7,6.2,5.5,2.7,1.2,5.5,6.8,4.5,3.4,6.04,3,1,general,→,2028-2033,中国品牌设计师：薪资回报高，加班文化严重,6.13,4.89,7.12,荷兰,巴基斯坦,6.18,5.84,6.11,6.0,6.88,6.45,5.26,6.26,5.76,6.74,6.95,5.46,-0.09,2026-04-13,2026-04-13,2000-2026
文化、艺术与传媒,ART,文化产业管理,演出经纪人,Talent Booking Agent,5.0,5.8,6.3,7.3,6.8,7.3,5.6,6.9,7.8,6.3,5.6,8.0,5.5,1.9,3.1,7.3,7.1,2.4,5.5,6.4,5.6,6.7,3.4,7.0,7.1,5.0,5.9,8.7,1.8,2.2,4.9,6.2,5.7,4.6,6.03,4,2,general,↑,2028-2033,中国演出经纪人：加班文化严重,6.11,4.87,6.99,荷兰,孟加拉国,6.19,5.76,6.14,6.02,6.79,6.48,5.21,6.22,5.77,6.79,6.91,5.44,-0.08,2026-04-13,2026-04-13,2000-2026
金融与商业,FIN,会计审计,审计师,Auditor,5.7,6.4,6.1,8.5,8.2,9.8,5.7,6.4,9.4,6.7,8.4,9.3,5.5,0.0,0.3,7.5,6.2,0.9,3.9,7.5,5.9,6.0,0.9,5.3,7.5,6.2,6.7,6.5,0.7,7.3,3.7,5.7,6.0,3.3,6.03,2,1,general,→,2026-2030,中国审计师：薪资回报高，AI替代风险较高，加班文化严重,5.91,4.66,7.1,瑞士,巴基斯坦,6.05,5.59,5.73,6.0,6.59,6.27,5.04,5.88,5.43,6.56,6.8,5.16,0.12,2026-04-13,2026-04-13,2000-2026
法律与社会服务,LAW,律师各专业,公司法律师,Corporate Lawyer,8.1,8.4,7.9,8.0,8.0,6.8,6.6,6.4,8.9,7.4,6.2,8.9,5.2,1.4,2.7,7.0,7.1,1.9,6.2,8.9,5.7,5.7,2.0,6.5,7.7,5.9,5.9,7.2,0.8,9.2,4.1,2.8,6.7,3.8,6.03,3,2,general,↑,2032-2038,中国公司法律师：薪资回报高，加班文化严重,6.16,5.0,7.17,瑞士,孟加拉国,6.27,5.79,6.05,6.07,6.96,6.4,5.32,6.31,5.76,6.94,7.01,5.46,-0.13,2026-04-13,2026-04-13,2000-2026
金融与商业,FIN,房地产,商业地产经理,Commercial Real Estate Manager,3.8,4.1,6.5,7.4,8.1,10.0,5.3,4.7,9.7,7.2,6.6,9.2,6.0,0.8,2.9,5.8,5.6,2.6,6.0,6.3,3.6,6.5,3.5,5.9,9.1,4.6,5.7,8.2,3.3,4.5,9.6,6.7,4.8,1.9,6.03,2,0,general,→,2032-2038,中国商业地产经理：薪资回报高，加班文化严重,5.81,4.45,7.01,瑞士,孟加拉国,6.0,5.46,5.58,6.02,6.51,6.22,4.91,5.68,5.33,6.52,6.68,5.07,0.22,2026-04-13,2026-04-13,2000-2026
工程与制造,ENG,半导体,光刻工程师,Lithography Engineer,8.4,8.4,9.2,6.8,9.4,6.6,9.9,9.3,10.0,7.7,5.7,6.5,3.7,0.9,2.3,6.5,5.5,0.6,7.2,8.9,2.5,4.7,3.0,7.0,3.5,2.9,4.8,4.0,2.1,2.6,5.9,3.3,5.8,5.5,6.03,4,4,general,↑↑,2032-2038,中国光刻工程师：薪资回报高，人才需求旺盛，加班文化严重,6.07,4.73,7.27,德国,孟加拉国,6.24,5.75,6.16,6.02,6.98,6.4,5.11,6.07,5.54,6.7,7.07,5.13,-0.04,2026-04-13,2026-04-13,2000-2026
工程与制造,ENG,汽车,车辆动力系统工程师,Powertrain Engineer,6.6,6.0,8.7,6.8,10.0,9.4,7.0,7.4,8.3,8.3,6.0,6.8,4.4,1.4,2.8,6.8,6.6,1.1,5.9,7.8,2.7,5.6,2.9,6.8,4.2,3.1,5.7,5.8,3.3,2.4,6.6,3.1,6.1,4.4,6.03,3,3,general,↑,2028-2033,中国车辆动力系统工程师：薪资回报高，加班文化严重,5.89,4.6,7.14,德国,尼日利亚,6.04,5.62,6.04,5.8,6.79,6.27,4.94,5.88,5.36,6.42,6.83,4.99,0.14,2026-04-13,2026-04-13,2000-2026
文化、艺术与传媒,ART,博物馆与文化遗产,文物修复师,Art/Artifact Conservator,6.8,6.9,5.8,9.0,6.0,4.7,5.5,6.4,7.5,4.8,6.8,8.0,7.0,3.2,3.1,6.6,4.8,0.3,9.4,7.4,3.9,5.4,4.0,8.1,3.8,5.5,7.7,6.8,4.6,3.0,3.1,3.7,5.1,5.4,6.03,2,0,general,→,2035+,中国文物修复师：AI替代抗性强，加班文化严重,5.92,4.78,6.8,法国,孟加拉国,5.98,5.61,5.92,5.77,6.55,6.15,5.12,6.07,5.54,6.57,6.73,5.34,0.11,2026-04-13,2026-04-13,2000-2026
工程与制造,ENG,汽车,汽车安全工程师,Automotive Safety Engineer,6.9,6.1,8.6,7.1,9.5,9.4,7.2,6.9,8.0,7.7,6.5,5.5,4.6,2.2,2.3,6.8,6.2,1.4,7.1,7.6,3.0,5.4,3.2,7.6,4.5,4.3,5.9,5.8,2.6,4.0,5.4,2.7,5.5,4.4,6.03,3,3,general,↑,2032-2038,中国汽车安全工程师：薪资回报高，加班文化严重,5.94,4.56,7.22,德国,尼日利亚,6.07,5.61,6.03,5.87,6.83,6.34,5.05,5.99,5.47,6.36,6.86,5.0,0.09,2026-04-13,2026-04-13,2000-2026
工程与制造,ENG,半导体,晶圆代工工程师,Foundry / Wafer Fab Engineer,7.5,7.6,8.7,6.8,9.8,7.6,8.6,9.8,9.9,7.5,6.7,5.3,4.3,0.2,3.0,6.5,6.0,0.9,6.7,8.2,1.1,4.7,3.0,7.2,3.6,3.8,5.7,4.2,3.6,2.5,5.1,3.3,5.6,5.1,6.02,4,4,general,↑↑,2032-2038,中国晶圆代工工程师：薪资回报高，人才需求旺盛，加班文化严重,5.95,4.65,7.13,瑞士,尼日利亚,6.16,5.66,5.99,5.85,6.95,6.22,5.02,5.92,5.42,6.51,6.91,5.0,0.07,2026-04-13,2026-04-13,2000-2026
文化、艺术与传媒,ART,新媒体内容,博客作者,Blogger / Online Writer,3.3,2.8,8.9,7.0,10.0,9.9,7.8,5.3,5.8,5.8,2.5,8.2,6.0,0.0,5.1,6.2,5.6,4.1,4.9,5.0,7.8,8.2,1.5,6.8,9.7,5.4,4.0,7.8,2.5,1.5,5.2,7.2,4.4,3.1,6.02,5,4,general,↑↑,2028-2033,中国博客作者：人才需求旺盛，加班文化严重，就业波动大,5.97,4.99,6.91,澳大利亚,巴基斯坦,6.04,5.69,5.96,5.84,6.61,6.36,5.27,5.99,5.56,6.64,6.72,5.34,0.05,2026-04-13,2026-04-13,2000-2026
金融与商业,FIN,会计审计,出纳员,Cashier / Treasury Clerk,1.7,1.8,6.1,9.1,7.6,10.0,3.8,6.6,4.7,7.4,7.7,9.2,5.0,0.5,2.6,6.9,6.0,1.4,1.6,5.2,7.3,6.5,2.3,6.3,6.9,6.1,6.3,6.4,0.8,1.1,3.4,5.3,6.3,3.9,6.02,-2,-2,general,↓,2025-2028,中国出纳员：供过于求，AI替代风险较高，加班文化严重,5.88,4.66,7.1,瑞士,孟加拉国,6.03,5.53,5.72,5.99,6.59,6.3,5.03,5.82,5.4,6.46,6.79,5.15,0.14,2026-04-13,2026-04-13,2000-2026
文化、艺术与传媒,ART,广告公关,内容策略师,Content Strategist,4.9,5.0,7.8,7.9,7.0,8.5,6.1,6.1,6.9,6.7,4.8,7.9,6.0,0.4,3.8,7.1,6.6,1.9,5.0,5.6,8.3,5.8,3.4,6.5,6.2,4.7,6.8,7.4,2.2,1.2,5.9,6.0,5.4,4.5,6.02,3,2,general,↑,2028-2033,中国内容策略师：加班文化严重,6.08,4.91,6.99,美国,孟加拉国,6.2,5.75,6.11,5.94,6.67,6.48,5.24,6.11,5.76,6.66,6.84,5.46,-0.06,2026-04-13,2026-04-13,2000-2026
工程与制造,ENG,电气工程,电气设计工程师,Electrical Design Engineer,6.0,6.3,7.2,7.8,8.4,8.6,6.9,7.4,8.7,7.3,6.5,6.5,4.3,1.9,3.2,7.0,5.6,1.0,5.9,6.9,4.7,6.1,3.6,6.4,5.6,3.2,5.7,5.2,2.6,3.2,5.0,4.0,4.5,3.7,6.02,2,2,general,↑,2028-2033,中国电气设计工程师：薪资回报高，加班文化严重,6.02,4.85,7.15,瑞士,尼日利亚,6.13,5.74,6.01,6.02,6.95,6.27,5.14,6.06,5.54,6.62,6.92,5.14,-0.0,2026-04-13,2026-04-13,2000-2026
金融与商业,FIN,证券投资,衍生品交易员,Derivatives Trader,8.3,7.3,8.9,6.9,9.8,9.1,7.7,7.9,10.0,8.4,3.4,9.2,4.8,0.0,1.4,6.5,6.1,2.1,4.9,9.8,5.5,5.7,2.3,6.7,8.0,4.7,4.4,7.4,0.6,5.6,8.2,4.1,5.9,3.6,6.02,3,2,general,↑,2028-2033,中国衍生品交易员：薪资回报高，人才需求旺盛，加班文化严重,5.77,4.31,6.88,瑞士,孟加拉国,5.96,5.52,5.61,5.87,6.4,6.11,4.81,5.78,5.28,6.34,6.67,4.96,0.25,2026-04-13,2026-04-13,2000-2026
金融与商业,FIN,房地产,土地规划师,Land Use Planner,6.3,6.1,6.0,7.3,8.9,10.0,5.5,4.7,8.6,7.4,6.9,9.0,6.2,0.8,2.6,5.6,5.8,2.3,6.4,6.5,5.3,7.2,2.8,7.6,8.5,4.3,6.1,8.3,3.0,4.3,5.8,5.7,3.1,1.7,6.02,2,0,general,→,2032-2038,中国土地规划师：薪资回报高，加班文化严重,5.83,4.44,7.02,瑞士,孟加拉国,6.01,5.52,5.54,5.94,6.47,6.25,4.89,5.77,5.34,6.45,6.79,5.07,0.19,2026-04-13,2026-04-13,2000-2026
金融与商业,FIN,企业管理,首席运营官(COO),Chief Operating Officer (COO),7.7,7.6,6.9,7.6,6.6,6.8,3.9,7.1,10.0,7.5,5.0,9.7,3.8,0.0,1.3,7.3,6.5,3.2,7.0,9.8,5.7,8.8,1.0,7.7,9.8,4.3,5.5,8.7,1.5,2.1,5.9,2.8,6.1,3.2,6.02,2,2,general,↑,2032-2038,中国首席运营官(COO)：薪资回报高，供过于求，加班文化严重,5.97,4.68,7.01,瑞士,孟加拉国,6.08,5.64,5.88,6.06,6.61,6.25,5.14,5.91,5.61,6.56,6.8,5.31,0.05,2026-04-13,2026-04-13,2000-2026
医疗与健康,MED,康复与治疗,物理治疗师,Physical Therapist,5.7,6.2,7.0,7.6,8.7,8.2,7.7,7.6,4.6,6.1,6.6,8.9,3.6,1.8,2.5,5.2,5.3,1.2,7.7,5.9,3.9,6.1,3.1,7.4,7.6,5.6,6.5,7.5,5.8,6.7,1.4,5.5,5.1,2.7,6.02,3,4,general,↑↑,2035+,中国物理治疗师：人才需求旺盛，AI替代抗性强，加班文化严重,6.36,5.29,7.28,瑞士,孟加拉国,6.36,6.11,6.29,6.43,7.02,6.71,5.52,6.48,6.0,6.95,7.03,5.67,-0.34,2026-04-13,2026-04-13,2000-2026
金融与商业,FIN,银行,信贷审批员,Credit Analyst,4.8,6.6,6.6,8.2,7.8,10.0,5.9,7.2,7.7,7.8,7.6,9.2,5.0,1.6,3.3,6.0,5.7,0.9,4.0,7.7,4.3,4.9,3.6,5.7,5.1,5.0,5.7,7.3,0.5,4.2,5.0,3.7,5.4,3.5,6.01,2,1,general,→,2026-2030,中国信贷审批员：AI替代风险较高，加班文化严重，就业稳定,5.84,4.42,7.0,瑞士,孟加拉国,5.99,5.56,5.72,6.06,6.5,6.15,4.9,5.7,5.35,6.43,6.74,5.13,0.17,2026-04-13,2026-04-13,2000-2026
工程与制造,ENG,通信工程,卫星通信工程师,Satellite Communications Engineer,7.9,7.6,7.3,7.3,8.4,5.5,8.3,7.8,8.5,7.5,6.3,7.0,4.7,2.0,3.2,6.7,5.9,0.8,7.1,8.2,3.6,4.9,3.2,6.9,5.1,3.5,6.6,5.0,4.0,3.3,4.9,3.7,5.4,3.5,6.01,3,4,general,↑↑,2032-2038,中国卫星通信工程师：薪资回报高，人才需求旺盛，加班文化严重,5.97,4.73,7.12,瑞士,巴基斯坦,6.09,5.66,6.05,5.96,6.89,6.22,5.05,5.96,5.44,6.54,6.91,5.1,0.04,2026-04-13,2026-04-13,2000-2026
工程与制造,ENG,机械工程,热能工程师,Thermal Engineer,6.3,6.9,6.6,7.8,7.1,7.4,5.9,6.7,9.3,7.3,6.2,7.0,3.9,2.7,3.0,7.2,6.4,1.2,6.6,7.9,3.1,5.7,4.1,7.0,4.7,4.6,5.8,5.3,3.8,2.5,5.2,4.1,5.9,3.1,6.01,2,2,general,↑,2032-2038,中国热能工程师：薪资回报高，加班文化严重,5.87,4.58,6.98,瑞士,孟加拉国,5.97,5.56,5.96,5.82,6.83,6.11,4.96,5.9,5.39,6.44,6.8,5.0,0.14,2026-04-13,2026-04-13,2000-2026
技术工种与手工业,SKL,管道暖通,水管工,Plumber,3.4,3.3,6.4,8.0,6.7,7.8,7.3,8.0,6.9,7.9,7.0,4.7,3.9,2.2,2.8,5.8,5.2,1.5,8.6,4.6,0.7,6.7,2.2,6.8,7.5,2.4,6.3,6.8,6.6,6.4,4.3,7.2,5.7,2.2,6.01,3,3,general,↑,2035+,中国水管工：AI替代抗性强，加班文化严重,6.45,5.25,7.63,澳大利亚,孟加拉国,6.39,6.06,6.59,6.45,7.3,6.75,5.45,6.49,5.92,7.55,7.33,5.7,-0.44,2026-04-13,2026-04-13,2000-2026
工程与制造,ENG,汽车,汽车NVH工程师,Automotive NVH Engineer,6.8,6.6,9.0,6.5,9.7,7.9,7.3,8.0,8.7,7.2,6.2,6.8,4.4,0.9,3.1,6.4,5.8,0.9,7.4,7.0,3.2,5.3,3.7,6.4,4.2,3.1,5.8,5.2,2.7,2.9,6.2,3.3,4.9,4.0,6.01,3,3,general,↑,2032-2038,中国汽车NVH工程师：薪资回报高，加班文化严重,5.93,4.6,7.11,德国,孟加拉国,6.08,5.58,6.02,5.88,6.84,6.21,4.96,5.97,5.47,6.55,6.87,4.99,0.08,2026-04-13,2026-04-13,2000-2026
医疗与健康,MED,药学,药物警戒专员,Pharmacovigilance Specialist,7.1,6.8,6.4,8.3,8.0,10.0,7.2,5.0,8.0,6.9,8.0,8.6,4.8,1.5,3.6,5.2,6.1,1.6,5.5,7.1,5.6,4.4,4.1,7.0,6.7,5.9,7.0,6.2,1.7,7.6,1.3,4.3,4.9,4.3,6.01,2,3,general,↑,2028-2033,中国药物警戒专员：薪资回报高，加班文化严重，就业稳定,6.1,4.94,7.11,德国,孟加拉国,6.21,5.71,5.94,6.18,6.92,6.46,5.25,6.22,5.75,6.7,6.96,5.27,-0.09,2026-04-13,2026-04-13,2000-2026
医疗与健康,MED,医疗管理,健康保险管理师,Health Insurance Manager,5.4,5.1,7.5,7.9,8.2,8.8,6.2,5.4,5.7,6.8,7.0,8.4,5.9,1.7,3.4,6.6,7.3,1.3,5.9,6.1,5.5,4.1,2.6,6.6,4.8,5.3,6.1,7.0,2.2,4.1,1.5,5.0,4.2,2.7,6.01,3,3,general,↑,2028-2033,中国健康保险管理师：加班文化严重,6.3,5.18,7.26,瑞士,巴基斯坦,6.33,6.02,6.24,6.32,7.04,6.58,5.42,6.47,5.92,6.98,7.09,5.56,-0.29,2026-04-13,2026-04-13,2000-2026
工程与制造,ENG,航空航天,航空材料工程师,Aerospace Materials Engineer,7.9,7.9,8.4,8.4,7.9,6.0,7.3,8.9,10.0,7.5,6.5,5.8,4.1,0.9,3.0,6.1,6.1,0.6,7.3,8.4,2.2,4.6,2.7,8.7,4.1,3.7,6.1,5.8,3.4,3.6,4.4,2.4,5.1,5.8,6.0,3,3,general,↑,2032-2038,中国航空材料工程师：薪资回报高，加班文化严重,6.03,4.76,7.21,瑞士,孟加拉国,6.06,5.69,6.15,6.02,6.93,6.35,5.09,6.1,5.57,6.51,6.97,5.15,-0.03,2026-04-13,2026-04-13,2000-2026
法律与社会服务,LAW,合规与监管,知识产权分析师,Intellectual Property Analyst,6.5,6.2,7.3,7.5,6.8,5.9,6.1,5.4,7.6,6.3,5.6,9.2,4.7,3.6,4.0,6.1,6.6,1.5,6.0,6.1,5.9,6.2,3.2,6.5,6.8,5.9,5.5,7.0,0.8,6.3,2.8,4.1,6.8,3.1,6.0,3,2,general,↑,2028-2033,中国知识产权分析师：发展平稳,6.18,5.08,7.15,瑞士,孟加拉国,6.26,5.86,6.01,6.11,6.94,6.44,5.39,6.27,5.86,6.86,7.04,5.46,-0.18,2026-04-13,2026-04-13,2000-2026
金融与商业,FIN,证券投资,PE投资经理,Private Equity Manager,7.0,7.5,7.9,6.5,7.5,7.4,7.0,7.6,10.0,8.0,4.4,9.2,4.3,0.0,0.1,6.5,6.3,2.1,6.4,10.0,6.7,6.2,2.3,7.0,7.8,3.5,5.0,7.2,0.4,5.9,7.2,4.5,6.3,4.2,6.0,3,2,general,↑,2032-2038,中国PE投资经理：薪资回报高，加班文化严重,5.83,4.5,6.9,瑞士,孟加拉国,5.98,5.52,5.65,5.97,6.54,6.2,5.01,5.77,5.38,6.42,6.7,5.03,0.17,2026-04-13,2026-04-13,2000-2026
医疗与健康,MED,医疗管理,患者体验官,Patient Experience Officer,4.3,5.4,6.8,7.6,8.8,9.0,5.7,5.4,5.3,6.6,6.4,8.9,6.1,1.7,2.4,6.2,6.1,1.4,6.4,5.7,5.1,5.1,3.6,5.7,5.5,5.4,6.3,9.3,2.1,3.8,1.5,4.7,5.0,3.1,6.0,3,4,general,↑↑,2032-2038,中国患者体验官：加班文化严重，近年增长迅猛,6.3,5.26,7.25,瑞士,巴基斯坦,6.27,6.01,6.2,6.29,7.01,6.64,5.51,6.39,5.94,7.04,7.04,5.59,-0.3,2026-04-13,2026-04-13,2000-2026
工程与制造,ENG,质量控制,六西格玛黑带,Six Sigma Black Belt,6.3,5.6,6.1,8.1,7.5,8.8,7.0,5.8,8.9,6.8,7.2,7.3,5.4,2.7,3.5,7.0,6.1,0.7,4.9,7.3,4.4,4.9,3.9,5.6,4.6,5.1,6.3,6.1,2.7,3.4,4.7,3.7,5.0,3.1,6.0,2,2,general,↑,2028-2033,中国六西格玛黑带：薪资回报高，加班文化严重,5.94,4.79,7.16,德国,孟加拉国,6.07,5.62,5.97,5.97,6.8,6.2,5.1,5.87,5.41,6.53,6.84,5.12,0.06,2026-04-13,2026-04-13,2000-2026
工程与制造,ENG,制造管理,精益生产工程师,Lean Manufacturing Engineer,5.9,5.8,6.7,8.3,8.0,8.7,7.2,6.4,7.5,8.0,6.5,6.5,5.1,1.9,2.1,7.7,6.5,0.9,5.7,7.8,1.2,6.6,3.6,6.1,5.8,4.8,6.5,7.1,3.4,2.8,5.4,2.7,4.9,2.8,6.0,2,3,general,↑,2028-2033,中国精益生产工程师：加班文化严重,6.0,4.82,7.17,德国,尼日利亚,6.08,5.64,6.08,5.96,7.0,6.23,5.06,6.04,5.52,6.63,6.91,5.19,0.0,2026-04-13,2026-04-13,2000-2026
医疗与健康,MED,医疗管理,医疗信息化专家,Health Informatics Specialist,6.5,6.3,6.3,7.3,8.9,9.2,8.5,6.8,6.1,5.8,7.8,8.6,5.9,1.1,2.6,6.6,6.7,1.7,5.8,6.1,7.7,3.9,2.6,5.7,4.9,5.0,6.8,6.6,2.0,4.4,2.0,4.0,5.2,3.6,5.99,3,5,general,↑↑,2028-2033,中国医疗信息化专家：人才需求旺盛，加班文化严重，就业稳定,6.38,5.26,7.35,澳大利亚,孟加拉国,6.38,6.07,6.28,6.45,7.19,6.65,5.58,6.49,5.99,7.16,7.08,5.63,-0.39,2026-04-13,2026-04-13,2000-2026
金融与商业,FIN,会计审计,会计文员,Bookkeeper / Accounting Clerk,2.2,2.8,5.9,8.5,7.6,9.4,4.3,6.9,4.6,7.7,7.3,9.5,5.3,1.0,2.5,6.9,6.1,1.2,2.1,5.8,7.1,5.0,3.3,6.1,6.9,5.7,5.9,6.6,0.8,2.3,3.3,5.5,5.8,3.5,5.99,-1,-1,general,→,2025-2028,中国会计文员：AI替代风险较高，加班文化严重,5.92,4.64,7.29,瑞士,孟加拉国,6.04,5.61,5.74,6.04,6.52,6.35,4.99,5.81,5.46,6.54,6.91,5.17,0.07,2026-04-13,2026-04-13,2000-2026
工程与制造,ENG,半导体,半导体工艺工程师,Semiconductor Process Engineer,8.1,6.7,9.0,7.1,9.6,8.3,8.9,9.6,9.3,7.5,6.5,5.5,3.6,0.2,2.5,6.3,5.5,0.3,6.5,7.9,1.7,5.7,2.2,7.1,4.4,2.7,4.7,4.7,3.5,2.6,5.9,2.5,6.6,5.5,5.99,4,4,general,↑↑,2032-2038,中国半导体工艺工程师：薪资回报高，人才需求旺盛，加班文化严重,5.96,4.66,7.11,瑞士,孟加拉国,6.17,5.68,6.06,5.91,6.91,6.29,4.98,5.9,5.44,6.46,6.87,5.07,0.03,2026-04-13,2026-04-13,2000-2026
工程与制造,ENG,通信工程,天线工程师,Antenna Engineer,7.4,7.1,7.5,7.2,8.6,5.8,6.7,7.9,8.2,8.3,6.7,7.0,4.9,0.9,2.8,6.3,6.2,1.1,7.0,7.6,4.1,5.6,3.5,6.3,4.7,4.7,6.4,5.1,3.0,3.0,5.2,3.8,5.1,3.5,5.99,3,3,general,↑,2032-2038,中国天线工程师：薪资回报高，加班文化严重,5.91,4.67,7.01,瑞士,尼日利亚,6.0,5.57,5.96,5.9,6.86,6.2,5.0,5.93,5.42,6.52,6.83,5.06,0.08,2026-04-13,2026-04-13,2000-2026
金融与商业,FIN,证券投资,证券经纪人,Stockbroker,4.9,4.5,8.3,6.6,9.0,9.3,5.2,7.9,10.0,8.7,5.6,8.8,5.1,0.3,1.4,7.1,5.7,2.0,3.0,7.1,5.8,6.2,1.3,6.5,7.7,4.7,5.2,7.3,0.5,5.4,7.4,3.7,6.1,3.8,5.99,-1,-1,general,→,2026-2030,中国证券经纪人：薪资回报高，AI替代风险较高，加班文化严重,5.68,4.3,6.86,瑞士,巴基斯坦,5.95,5.34,5.51,5.83,6.37,6.13,4.72,5.52,5.12,6.24,6.68,4.83,0.31,2026-04-13,2026-04-13,2000-2026
金融与商业,FIN,企业管理,企业家/创业者,Entrepreneur,7.7,7.3,7.1,7.5,6.5,6.2,3.6,6.7,9.9,7.7,3.2,9.7,4.7,0.0,1.1,8.4,6.5,4.5,7.3,9.6,6.0,9.9,0.7,9.8,9.8,4.4,4.9,8.5,1.5,0.6,7.5,2.2,6.0,2.3,5.99,2,2,general,↑,2032-2038,中国企业家/创业者：薪资回报高，供过于求，加班文化严重,5.76,4.54,6.84,瑞士,孟加拉国,5.93,5.44,5.6,5.9,6.49,6.04,4.93,5.67,5.32,6.29,6.62,5.04,0.23,2026-04-13,2026-04-13,2000-2026
教育与学术,EDU,教育管理,招生主任,Director of Admissions,4.7,6.0,5.5,7.9,6.8,6.0,5.0,5.1,7.4,5.4,10.0,9.7,5.4,1.2,2.3,6.1,5.6,1.3,6.7,7.4,7.0,5.4,3.5,6.2,3.6,5.1,7.3,8.1,1.7,4.0,2.3,4.2,4.6,4.1,5.99,2,1,general,→,2032-2038,中国招生主任：加班文化严重，就业稳定,5.8,4.81,6.94,芬兰,尼日利亚,5.88,5.57,5.81,5.76,6.85,5.98,5.03,5.78,5.38,6.45,6.47,5.04,0.19,2026-04-13,2026-04-13,2000-2026
医疗与健康,MED,口腔,牙周病医生,Periodontist,9.2,9.3,6.9,7.8,8.7,9.1,7.4,6.2,8.1,6.9,9.0,8.4,4.1,3.0,2.4,4.6,4.8,1.7,8.1,7.8,0.8,7.1,3.4,6.7,8.5,5.9,6.4,7.5,5.2,8.7,2.3,4.6,4.6,3.3,5.98,3,3,general,↑,2035+,中国牙周病医生：薪资回报高，AI替代抗性强，加班文化严重,6.17,5.05,6.99,德国,孟加拉国,6.23,5.91,6.03,6.18,6.88,6.42,5.35,6.44,5.85,6.78,6.81,5.46,-0.19,2026-04-13,2026-04-13,2000-2026
文化、艺术与传媒,ART,新媒体内容,VTuber(虚拟主播),VTuber (Virtual YouTuber),3.4,3.1,9.4,4.5,9.8,7.6,6.6,5.6,6.5,5.4,1.8,8.0,6.5,0.2,5.2,6.7,6.3,4.1,5.9,4.6,7.2,8.9,1.4,7.4,9.3,5.0,3.7,7.7,2.5,0.7,5.4,8.2,4.1,2.5,5.98,5,4,general,↑↑,2028-2033,中国VTuber(虚拟主播)：加班文化严重，就业波动大，近年增长迅猛,5.94,4.8,6.86,荷兰,巴基斯坦,6.0,5.64,5.91,5.82,6.61,6.29,5.12,6.06,5.57,6.57,6.74,5.3,0.04,2026-04-13,2026-04-13,2000-2026
医疗与健康,MED,医疗管理,病案编码员,Health Information Technician,4.0,3.8,7.3,7.3,9.0,9.0,6.6,5.4,4.7,7.3,7.0,8.4,4.9,1.4,2.9,6.8,6.7,1.6,4.0,5.9,6.8,4.9,3.9,6.7,5.6,5.3,6.8,6.7,2.0,4.5,1.5,4.4,4.2,3.7,5.98,3,1,general,→,2026-2030,中国病案编码员：AI替代风险较高，加班文化严重,6.19,5.13,7.2,瑞士,巴基斯坦,6.18,5.9,6.14,6.16,6.92,6.57,5.37,6.39,5.84,6.84,6.94,5.45,-0.21,2026-04-13,2026-04-13,2000-2026
工程与制造,ENG,环境工程,绿色建筑工程师,Green Building / LEED Engineer,6.1,6.4,7.7,7.8,8.6,8.0,7.6,7.2,8.8,6.6,6.0,5.3,3.2,1.9,3.0,7.1,6.1,0.8,6.1,7.4,3.6,5.2,3.4,6.8,5.2,5.4,6.9,5.2,3.9,4.7,4.8,3.7,4.7,3.0,5.98,4,4,general,↑↑,2032-2038,中国绿色建筑工程师：薪资回报高，人才需求旺盛，加班文化严重,5.91,4.69,7.05,瑞典,尼日利亚,6.01,5.62,5.92,5.91,6.86,6.25,4.99,5.88,5.42,6.54,6.77,5.04,0.07,2026-04-13,2026-04-13,2000-2026
工程与制造,ENG,化学工程,纳米材料研究员,Nanomaterials Researcher,8.1,8.6,7.8,7.8,7.3,6.8,7.7,8.5,10.0,7.1,6.7,5.8,3.6,1.9,2.5,6.1,5.9,1.2,7.4,8.2,3.4,5.4,3.5,7.0,4.1,3.7,6.3,5.3,3.2,3.3,5.4,3.1,5.1,2.8,5.98,4,4,general,↑↑,2032-2038,中国纳米材料研究员：薪资回报高，人才需求旺盛，加班文化严重,5.96,4.82,7.2,德国,尼日利亚,6.01,5.68,5.97,5.94,6.89,6.25,5.08,5.89,5.5,6.64,6.89,5.12,0.02,2026-04-13,2026-04-13,2000-2026
文化、艺术与传媒,ART,新媒体内容,MCN运营经理,MCN Operations Manager,3.4,5.3,8.4,5.3,9.6,9.9,7.5,5.9,7.6,5.7,3.3,7.9,6.4,0.2,4.3,5.9,5.1,4.2,6.0,6.2,7.5,8.7,1.7,6.7,7.2,4.6,3.9,7.5,2.5,1.1,5.3,8.0,3.6,3.1,5.98,5,4,general,↑↑,2032-2038,中国MCN运营经理：人才需求旺盛，加班文化严重，就业波动大,6.09,4.9,6.96,德国,巴基斯坦,6.16,5.8,6.07,5.95,6.76,6.43,5.29,6.07,5.77,6.78,6.86,5.48,-0.11,2026-04-13,2026-04-13,2000-2026
公共管理与公务员,GOV,情报安全,网络安全分析师(政府),Government Cybersecurity Analyst,7.0,8.0,8.3,7.7,7.2,5.7,8.8,7.4,6.9,6.9,9.8,9.7,5.4,3.4,3.7,7.7,5.9,1.7,5.6,8.5,4.1,4.1,3.5,7.3,3.4,4.5,5.3,5.4,0.7,8.9,1.0,2.0,5.1,7.9,5.98,3,5,general,↑↑,2028-2033,中国网络安全分析师(政府)：人才需求旺盛，加班文化严重，就业稳定,5.94,5.03,6.84,丹麦,尼日利亚,6.08,5.72,5.85,5.9,6.71,5.98,5.43,6.07,5.59,6.52,6.51,5.27,0.04,2026-04-13,2026-04-13,2000-2026
工程与制造,ENG,汽车,车身工程师,Vehicle Body Engineer,6.3,6.1,8.6,6.7,10.0,8.9,7.8,6.9,8.0,6.9,5.8,6.3,3.6,2.1,3.0,6.6,6.2,1.2,6.9,7.3,2.5,4.4,3.2,7.4,4.4,4.9,6.0,5.0,2.7,2.8,6.1,2.8,5.7,3.8,5.98,3,2,general,↑,2032-2038,中国车身工程师：薪资回报高，人才需求旺盛，加班文化严重,5.92,4.62,7.08,德国,孟加拉国,6.08,5.62,6.01,5.85,6.85,6.24,4.95,6.04,5.41,6.46,6.84,5.0,0.06,2026-04-13,2026-04-13,2000-2026
医疗与健康,MED,眼科,眼科医生,Ophthalmologist,8.9,8.2,7.5,7.6,8.5,8.0,8.1,7.1,8.8,6.7,8.7,8.7,4.0,1.0,2.1,5.2,3.8,1.3,6.5,8.4,0.9,6.6,3.6,7.4,8.3,4.5,6.3,7.6,4.2,9.0,2.3,4.7,5.7,3.6,5.98,3,3,general,↑,2032-2038,中国眼科医生：薪资回报高，人才需求旺盛，加班文化严重,6.2,5.09,7.04,瑞典,孟加拉国,6.27,5.95,6.08,6.22,6.9,6.49,5.41,6.39,5.82,6.83,6.86,5.5,-0.22,2026-04-13,2026-04-13,2000-2026
工程与制造,ENG,质量控制,认证工程师(CE/UL),Certification Engineer (CE/UL),5.9,5.9,6.5,8.3,8.1,8.8,6.1,6.6,6.6,6.1,7.0,7.1,4.3,2.7,3.3,7.6,6.3,0.6,6.4,7.3,4.1,5.4,3.9,5.6,5.1,4.2,7.1,6.2,2.9,5.6,4.5,3.3,5.4,2.5,5.97,2,2,general,↑,2032-2038,中国认证工程师(CE/UL)：加班文化严重,5.9,4.65,6.94,德国,尼日利亚,6.0,5.58,5.99,5.92,6.8,6.13,4.99,5.89,5.44,6.6,6.76,5.01,0.07,2026-04-13,2026-04-13,2000-2026
金融与商业,FIN,房地产,物业管理经理,Property Manager,4.3,4.0,6.7,7.4,8.5,10.0,5.9,4.9,8.2,7.9,6.5,9.0,5.8,1.5,2.9,5.8,5.6,2.2,6.4,6.1,3.1,7.0,3.2,5.3,8.7,3.8,5.7,7.9,3.1,4.7,9.0,6.1,3.5,2.1,5.97,2,0,general,→,2032-2038,中国物业管理经理：薪资回报高，加班文化严重,5.74,4.45,6.91,瑞士,孟加拉国,5.98,5.4,5.47,5.91,6.4,6.11,4.88,5.6,5.24,6.43,6.74,4.9,0.23,2026-04-13,2026-04-13,2000-2026
教育与学术,EDU,教育管理,学生事务主任,Dean of Students,6.6,6.8,5.2,8.0,7.0,6.3,4.8,5.4,6.5,6.4,9.1,10.0,3.9,1.9,2.6,5.3,5.7,1.1,7.9,7.5,4.5,5.9,2.7,8.2,4.2,6.3,6.1,9.3,2.0,5.1,1.2,3.5,4.5,3.0,5.97,2,2,general,↑,2035+,中国学生事务主任：AI替代抗性强，加班文化严重，就业稳定,5.83,4.76,6.89,瑞典,尼日利亚,5.88,5.58,5.8,5.79,6.86,6.03,5.07,5.84,5.44,6.5,6.56,5.03,0.14,2026-04-13,2026-04-13,2000-2026
文化、艺术与传媒,ART,设计创意,字体设计师,Type Designer / Typographer,5.1,4.8,6.4,7.8,6.5,4.9,5.8,6.7,6.4,6.0,5.3,7.7,6.7,2.1,3.0,7.3,6.2,1.3,5.5,5.6,6.9,6.4,3.0,7.3,7.5,5.3,6.9,6.3,2.8,1.8,5.1,6.6,5.1,3.8,5.97,3,1,general,→,2028-2033,中国字体设计师：加班文化严重,6.08,4.87,7.11,瑞士,巴基斯坦,6.14,5.74,6.04,5.93,6.83,6.46,5.2,6.17,5.72,6.62,7.01,5.41,-0.11,2026-04-13,2026-04-13,2000-2026
文化、艺术与传媒,ART,广告公关,社会化媒体分析师,Social Media Analyst,4.9,4.8,6.2,7.6,7.6,8.1,6.8,6.9,6.0,7.1,5.5,8.2,6.8,0.2,3.6,7.2,6.7,1.7,5.2,5.6,7.0,5.9,3.2,6.2,5.9,4.4,6.5,6.7,1.5,1.5,5.2,5.5,4.6,4.1,5.97,3,1,general,→,2028-2033,中国社会化媒体分析师：加班文化严重,6.05,4.87,6.92,澳大利亚,孟加拉国,6.15,5.73,6.01,5.94,6.7,6.41,5.2,6.09,5.67,6.72,6.83,5.48,-0.08,2026-04-13,2026-04-13,2000-2026
医疗与健康,MED,医疗管理,远程医疗协调员,Telemedicine Coordinator,4.3,5.6,6.3,7.3,8.4,9.8,7.6,4.6,4.6,6.4,6.8,8.6,5.3,2.0,3.1,6.2,7.3,1.4,4.9,5.7,8.4,5.1,3.4,6.0,5.0,6.2,6.2,7.0,2.1,3.6,2.0,4.3,4.4,2.9,5.97,3,5,general,↑↑,2028-2033,中国远程医疗协调员：人才需求旺盛，加班文化严重，近年增长迅猛,6.32,5.14,7.22,瑞士,孟加拉国,6.32,6.05,6.19,6.4,7.07,6.62,5.44,6.5,6.0,6.99,7.06,5.58,-0.35,2026-04-13,2026-04-13,2000-2026
文化、艺术与传媒,ART,设计创意,时装设计师,Fashion Designer,4.8,5.0,6.4,7.6,6.7,6.7,6.4,6.1,6.5,6.8,4.5,8.0,6.7,1.7,3.3,7.1,5.8,3.2,5.0,7.7,6.9,6.9,2.9,8.5,7.6,5.3,6.7,5.7,2.6,1.2,5.7,6.2,5.4,3.4,5.97,3,1,general,→,2028-2033,中国时装设计师：加班文化严重,6.07,4.86,6.97,荷兰,巴基斯坦,6.13,5.71,6.02,5.9,6.83,6.44,5.19,6.17,5.74,6.71,6.92,5.42,-0.1,2026-04-13,2026-04-13,2000-2026
文化、艺术与传媒,ART,设计创意,室内设计师,Interior Designer,5.0,5.4,6.0,7.6,6.7,8.3,6.2,6.2,8.1,6.4,5.3,7.7,5.7,1.9,3.8,7.8,6.6,1.6,4.9,5.8,4.8,6.2,3.2,7.5,8.2,4.1,6.4,6.5,3.1,2.7,6.1,6.3,4.9,3.2,5.97,3,1,general,→,2028-2033,中国室内设计师：薪资回报高，加班文化严重,6.01,4.85,7.04,荷兰,巴基斯坦,6.01,5.7,6.01,5.86,6.77,6.4,5.19,6.06,5.64,6.71,6.88,5.28,-0.04,2026-04-13,2026-04-13,2000-2026
农业、资源与环境,AGR,新能源,风电场运维技术员,Wind Turbine Technician,4.3,3.8,9.2,7.8,9.4,8.8,8.4,8.6,5.5,7.4,5.5,4.3,6.2,1.4,3.3,6.4,5.3,1.5,7.1,5.7,0.8,6.0,2.8,8.4,6.6,5.6,4.9,5.4,7.9,5.1,5.8,2.5,5.6,4.2,5.97,4,5,general,↑↑,2032-2038,中国风电场运维技术员：人才需求旺盛，加班文化严重，近年增长迅猛,6.0,4.63,7.32,丹麦,尼日利亚,5.94,5.58,5.78,6.13,7.13,6.27,5.06,6.2,5.59,6.86,6.87,5.14,-0.03,2026-04-13,2026-04-13,2000-2026
医疗与健康,MED,康复与治疗,职业治疗师,Occupational Therapist,6.1,6.3,7.8,7.5,8.0,8.8,7.2,6.3,5.6,5.9,6.7,8.6,4.1,1.8,2.8,6.0,5.3,1.9,7.3,5.7,3.3,5.8,3.4,8.6,6.4,6.7,5.9,8.0,4.9,7.0,2.1,4.9,5.3,2.7,5.96,3,4,general,↑↑,2032-2038,中国职业治疗师：加班文化严重，近年增长迅猛,6.28,5.31,7.21,瑞士,巴基斯坦,6.29,6.03,6.15,6.24,7.01,6.62,5.47,6.43,5.9,6.96,7.05,5.59,-0.32,2026-04-13,2026-04-13,2000-2026
工程与制造,ENG,机械工程,有限元分析工程师(FEA),Finite Element Analysis (FEA) Engineer,6.8,7.2,6.4,7.2,6.7,5.9,6.4,6.9,8.1,7.0,7.0,7.1,4.6,2.4,3.3,7.6,5.9,0.9,7.3,7.9,3.5,5.6,4.2,7.4,4.6,3.7,5.7,5.5,3.2,3.0,5.5,3.8,5.5,3.1,5.96,2,2,general,↑,2032-2038,中国有限元分析工程师(FEA)：薪资回报高，加班文化严重,5.9,4.63,7.02,瑞典,尼日利亚,6.01,5.6,5.95,5.84,6.85,6.14,5.01,5.94,5.44,6.52,6.79,5.04,0.06,2026-04-13,2026-04-13,2000-2026
文化、艺术与传媒,ART,广告公关,影响力营销专员,Influencer Marketing Specialist,4.5,5.6,8.3,7.8,7.0,8.0,7.5,6.0,7.5,5.9,5.5,7.9,5.7,0.4,3.5,6.8,6.5,1.6,4.2,6.0,6.2,5.7,3.4,5.8,6.4,5.3,6.1,6.8,1.7,1.2,5.2,5.6,5.0,4.3,5.96,3,3,general,↑,2026-2030,中国影响力营销专员：人才需求旺盛，加班文化严重,6.1,4.92,7.15,荷兰,巴基斯坦,6.11,5.75,6.14,5.99,6.8,6.42,5.32,6.16,5.72,6.8,6.97,5.4,-0.14,2026-04-13,2026-04-13,2000-2026
工程与制造,ENG,电气工程,信号与通信工程师,Signal & Communications Engineer,6.0,6.1,7.8,7.5,8.4,7.2,7.4,7.4,7.4,7.3,6.5,6.5,4.1,2.1,3.0,6.8,6.4,1.1,6.0,7.3,3.6,6.2,2.9,6.4,5.7,3.1,6.5,5.0,3.0,3.5,5.3,3.2,4.9,2.6,5.96,2,2,general,↑,2032-2038,中国信号与通信工程师：加班文化严重,6.03,4.82,7.12,瑞士,尼日利亚,6.13,5.71,6.06,6.0,6.93,6.26,5.16,6.06,5.57,6.62,6.89,5.2,-0.07,2026-04-13,2026-04-13,2000-2026
医疗与健康,MED,口腔,牙科医生,Dentist,8.4,7.8,6.3,8.2,8.8,9.1,7.3,6.2,7.2,6.5,8.7,8.4,3.8,2.2,3.5,5.2,3.7,1.8,8.1,7.8,0.3,6.5,4.9,7.1,8.4,5.9,6.7,7.8,5.5,8.6,3.1,4.2,4.6,3.1,5.96,3,3,general,↑,2035+,中国牙科医生：AI替代抗性强，加班文化严重，就业稳定,6.21,5.08,7.02,德国,孟加拉国,6.24,5.94,6.02,6.28,6.91,6.5,5.37,6.38,5.89,6.84,6.93,5.54,-0.25,2026-04-13,2026-04-13,2000-2026
工程与制造,ENG,通信工程,通信网络工程师,Telecommunications Network Engineer,6.8,6.0,7.3,7.3,7.8,7.5,7.5,7.3,7.9,8.5,7.4,7.3,4.6,2.2,3.3,5.9,6.5,1.2,5.9,7.5,4.0,5.2,2.9,6.3,4.8,3.2,5.8,5.2,4.3,3.3,5.4,3.8,5.3,3.7,5.96,3,3,general,↑,2028-2033,中国通信网络工程师：人才需求旺盛，加班文化严重,5.9,4.75,7.03,瑞士,巴基斯坦,5.97,5.58,5.97,5.9,6.79,6.21,4.98,5.89,5.44,6.54,6.82,5.06,0.06,2026-04-13,2026-04-13,2000-2026
工程与制造,ENG,化学工程,复合材料工程师,Composite Materials Engineer,6.3,6.6,8.0,7.9,7.4,7.0,7.0,8.2,8.4,7.5,7.0,5.8,3.9,1.7,3.5,5.9,5.3,1.1,6.7,6.9,2.9,4.9,3.9,7.0,4.4,4.6,6.3,5.3,3.8,3.4,5.6,3.3,5.5,2.6,5.96,3,3,general,↑,2032-2038,中国复合材料工程师：薪资回报高，加班文化严重,5.88,4.68,6.99,德国,孟加拉国,5.95,5.55,6.0,5.84,6.8,6.19,4.99,5.9,5.4,6.46,6.74,5.06,0.08,2026-04-13,2026-04-13,2000-2026
农业、资源与环境,AGR,农业科技,农业经济学家,Agricultural Economist,7.5,7.5,7.5,7.3,7.1,5.1,7.0,8.1,7.0,7.3,5.3,6.8,5.9,2.3,3.0,6.1,6.4,1.5,6.9,6.9,7.0,6.7,3.7,6.1,6.3,5.0,5.7,5.6,1.8,3.3,5.4,4.2,5.4,3.8,5.96,3,4,general,↑↑,2032-2038,中国农业经济学家：加班文化严重，近年增长迅猛,6.15,4.98,7.17,荷兰,尼日利亚,6.04,5.8,6.17,6.21,7.0,6.5,5.24,6.24,5.88,6.95,6.97,5.34,-0.19,2026-04-13,2026-04-13,2000-2026
法律与社会服务,LAW,律师各专业,国际法律师,International Lawyer,8.9,8.3,6.9,7.5,6.2,4.8,6.5,6.6,8.8,6.4,6.4,8.1,5.0,1.7,3.0,7.6,6.3,1.5,6.9,9.7,5.4,6.7,1.2,7.9,6.7,5.5,5.0,8.5,0.5,8.8,3.4,2.5,8.5,5.1,5.96,3,2,general,↑,2032-2038,中国国际法律师：薪资回报高，加班文化严重,6.24,5.12,7.2,瑞士,巴基斯坦,6.33,5.91,6.11,6.18,7.01,6.52,5.45,6.33,5.82,6.98,7.08,5.56,-0.28,2026-04-13,2026-04-13,2000-2026
技术工种与手工业,SKL,电气技术,电工,Electrician,4.0,3.7,6.7,8.0,7.3,8.1,7.1,8.1,7.2,7.2,6.8,4.4,5.4,1.2,4.1,6.7,4.9,1.3,8.0,4.9,0.8,6.3,3.4,6.3,7.6,1.7,5.6,5.2,6.5,6.3,5.1,7.9,5.3,2.7,5.96,3,3,general,↑,2035+,中国电工：AI替代抗性强，加班文化严重,6.28,5.09,7.49,澳大利亚,孟加拉国,6.26,5.92,6.42,6.3,7.15,6.57,5.28,6.22,5.73,7.36,7.2,5.53,-0.32,2026-04-13,2026-04-13,2000-2026
农业、资源与环境,AGR,农业科技,农业保险评估师,Agricultural Insurance Assessor,5.6,5.9,8.0,7.7,7.7,7.3,7.2,8.4,5.9,7.2,6.0,7.3,5.4,2.0,4.1,6.2,5.9,1.7,5.2,7.0,4.5,5.6,2.7,7.4,5.2,6.0,5.9,7.0,1.7,5.0,4.4,3.6,4.9,3.4,5.96,3,4,general,↑↑,2028-2033,中国农业保险评估师：加班文化严重，近年增长迅猛,6.13,5.01,7.3,荷兰,孟加拉国,6.03,5.72,6.19,6.07,6.98,6.53,5.22,6.32,5.86,6.96,6.96,5.35,-0.17,2026-04-13,2026-04-13,2000-2026
文化、艺术与传媒,ART,设计创意,家具设计师,Furniture Designer,5.2,5.3,5.6,7.9,6.7,6.6,6.2,5.8,6.8,5.8,5.5,7.9,6.2,1.6,3.0,7.7,6.0,1.4,6.2,6.0,6.3,7.2,2.7,7.3,7.5,4.5,6.2,6.0,3.0,1.3,5.0,6.2,5.0,3.8,5.96,3,1,general,→,2032-2038,中国家具设计师：加班文化严重,6.13,5.02,7.17,荷兰,孟加拉国,6.13,5.79,6.09,6.0,6.87,6.45,5.32,6.3,5.75,6.84,7.02,5.44,-0.17,2026-04-13,2026-04-13,2000-2026
工程与制造,ENG,制造管理,工业工程师,Industrial Engineer,5.6,5.6,6.6,8.3,8.9,9.4,6.3,6.6,8.1,7.3,6.7,6.3,3.9,1.4,2.6,7.3,7.3,0.9,4.9,7.2,3.0,6.5,3.9,6.3,4.9,4.3,6.9,6.6,3.3,2.9,5.8,2.9,4.3,3.0,5.96,2,2,general,↑,2028-2033,中国工业工程师：薪资回报高，加班文化严重,6.0,4.8,7.17,瑞典,尼日利亚,6.09,5.7,6.08,5.97,6.98,6.23,5.13,5.97,5.49,6.54,6.87,5.2,-0.04,2026-04-13,2026-04-13,2000-2026
工程与制造,ENG,机械工程,CAD/CAM工程师,CAD/CAM Engineer,5.2,5.6,6.2,6.8,7.5,7.8,6.7,6.6,9.3,7.2,6.0,7.0,4.7,1.7,2.1,7.6,6.8,1.4,5.4,6.6,4.8,5.2,4.2,7.7,5.3,4.6,5.9,5.0,3.6,3.1,5.6,3.8,5.1,3.3,5.95,2,1,general,→,2028-2033,中国CAD/CAM工程师：薪资回报高，加班文化严重,5.94,4.73,7.07,德国,巴基斯坦,6.0,5.61,5.95,5.85,6.93,6.21,5.01,5.98,5.51,6.6,6.86,5.08,0.01,2026-04-13,2026-04-13,2000-2026
工程与制造,ENG,制造管理,安全工程师(工厂),Factory Safety Engineer,5.9,5.9,6.2,7.8,8.4,9.1,6.2,5.8,8.4,8.3,7.3,5.0,4.9,0.9,3.2,6.9,7.1,1.0,7.2,7.3,1.0,6.0,3.0,7.3,5.2,3.5,6.7,6.6,3.4,5.1,5.0,3.7,4.6,2.8,5.95,2,2,general,↑,2032-2038,中国安全工程师(工厂)：薪资回报高，加班文化严重,5.94,4.74,7.01,德国,孟加拉国,6.05,5.66,5.95,5.86,6.81,6.23,5.03,5.94,5.48,6.52,6.86,5.11,0.01,2026-04-13,2026-04-13,2000-2026
金融与商业,FIN,伊斯兰金融,伊斯兰金融顾问,Islamic Finance Advisor,6.6,6.6,7.6,7.4,6.7,5.3,5.9,6.8,8.9,7.9,7.4,9.0,6.0,2.8,3.5,4.3,4.6,1.4,6.4,7.8,4.6,5.0,3.0,6.9,5.9,2.7,5.3,8.0,0.5,5.3,4.0,3.4,4.6,3.6,5.95,3,4,general,↑↑,2032-2038,中国伊斯兰金融顾问：薪资回报高，加班文化严重，近年增长迅猛,5.79,4.85,6.89,瑞士,越南,5.88,5.65,5.5,6.2,6.3,6.03,5.22,5.52,5.08,6.28,6.67,5.16,0.16,2026-04-13,2026-04-13,2000-2026
医疗与健康,MED,康复与治疗,艺术治疗师,Art Therapist,4.7,6.2,7.0,7.7,8.7,6.3,6.0,6.4,4.5,6.8,7.1,8.4,3.6,2.3,2.9,5.6,6.1,1.7,7.8,5.1,2.1,5.1,3.9,9.3,7.7,6.3,5.5,8.3,5.0,6.3,1.4,4.7,4.6,2.2,5.95,3,3,general,↑,2035+,中国艺术治疗师：薪资水平偏低，AI替代抗性强，加班文化严重,6.13,5.01,7.0,瑞士,孟加拉国,6.15,5.83,5.99,6.18,6.81,6.51,5.36,6.36,5.84,6.74,6.8,5.38,-0.18,2026-04-13,2026-04-13,2000-2026
医疗与健康,MED,康复与治疗,假肢矫形师,Prosthetist / Orthotist,6.6,6.4,7.6,7.7,8.8,6.0,8.0,6.0,5.5,5.4,7.4,8.6,4.8,1.3,3.9,5.4,5.3,1.6,8.3,6.7,2.7,5.3,3.2,7.2,6.8,5.8,6.1,7.6,5.9,6.4,2.0,5.5,4.7,3.1,5.95,3,3,general,↑,2035+,中国假肢矫形师：人才需求旺盛，AI替代抗性强，加班文化严重,6.23,5.1,7.15,瑞士,孟加拉国,6.25,5.97,6.17,6.22,6.97,6.5,5.41,6.45,5.94,6.8,6.93,5.51,-0.28,2026-04-13,2026-04-13,2000-2026
信息技术与数字化,TECH,软件开发,游戏服务器工程师,Game Server Engineer,5.7,5.4,7.7,6.0,8.0,7.0,7.0,6.5,9.5,7.4,3.4,9.7,5.0,0.4,1.7,7.1,6.3,2.0,5.8,6.4,6.3,4.8,2.2,7.4,7.2,4.0,4.3,5.8,1.3,0.6,7.0,4.5,5.6,2.6,5.95,3,2,general,↑,2028-2033,中国游戏服务器工程师：薪资回报高，加班文化严重，就业波动大,5.8,4.55,6.82,瑞典,孟加拉国,5.87,5.47,5.89,5.81,6.73,6.2,4.98,5.67,5.37,6.44,6.63,4.87,0.15,2026-04-13,2026-04-13,2000-2026
工程与制造,ENG,汽车,汽车标定工程师,Automotive Calibration Engineer,6.8,6.4,8.4,7.1,9.1,8.3,7.2,7.2,8.6,8.2,6.2,6.5,4.9,2.1,2.3,7.2,6.6,0.8,6.3,6.5,1.7,4.4,3.2,6.8,4.0,4.1,6.1,5.4,3.2,3.1,5.7,2.9,5.5,4.0,5.95,3,3,general,↑,2032-2038,中国汽车标定工程师：薪资回报高，加班文化严重,5.84,4.5,7.12,德国,孟加拉国,5.97,5.46,5.97,5.81,6.75,6.24,4.87,5.89,5.36,6.32,6.79,4.89,0.11,2026-04-13,2026-04-13,2000-2026
医疗与健康,MED,康复与治疗,康复医学科医生,Rehabilitation Physician,9.1,8.5,7.0,7.3,8.7,8.8,6.9,6.4,7.3,5.4,7.6,8.6,4.8,2.8,3.1,5.7,5.3,1.4,7.8,7.6,3.2,5.7,3.0,7.4,5.6,6.7,5.5,7.7,4.9,8.7,1.5,5.7,5.3,2.9,5.95,3,4,general,↑↑,2035+,中国康复医学科医生：AI替代抗性强，加班文化严重，就业稳定,6.16,5.12,6.95,丹麦,巴基斯坦,6.2,5.88,6.04,6.21,6.86,6.41,5.37,6.33,5.82,6.76,6.83,5.48,-0.21,2026-04-13,2026-04-13,2000-2026
技术工种与手工业,SKL,管道暖通,制冷技师,Refrigeration Technician,3.7,3.1,6.8,7.7,7.3,8.4,6.9,7.1,7.2,7.2,7.1,4.7,4.4,1.9,4.3,5.7,4.7,1.3,8.4,4.4,0.6,6.7,2.5,7.0,7.6,0.9,6.1,6.3,7.3,5.6,4.9,6.9,5.1,2.6,5.94,3,3,general,↑,2035+,中国制冷技师：AI替代抗性强，加班文化严重,6.32,5.18,7.56,瑞士,巴基斯坦,6.28,5.92,6.41,6.33,7.2,6.62,5.29,6.28,5.77,7.39,7.31,5.55,-0.38,2026-04-13,2026-04-13,2000-2026
工程与制造,ENG,制造管理,供应商质量工程师,Supplier Quality Engineer,5.3,5.6,6.9,8.0,8.0,9.1,6.5,6.2,7.9,7.2,6.9,6.5,4.6,1.6,2.3,7.5,7.1,1.3,6.5,7.0,2.3,5.2,3.4,6.7,4.9,3.8,6.6,7.0,3.1,3.3,6.0,2.9,4.9,3.0,5.94,2,2,general,↑,2032-2038,中国供应商质量工程师：加班文化严重,6.04,4.85,7.2,瑞士,孟加拉国,6.12,5.72,6.1,6.01,7.05,6.28,5.19,5.98,5.56,6.57,6.92,5.22,-0.1,2026-04-13,2026-04-13,2000-2026
农业、资源与环境,AGR,农业科技,食品科学家,Food Scientist,6.8,6.8,7.6,7.0,7.5,7.0,7.3,8.3,7.3,6.4,6.0,7.0,6.3,1.9,3.8,6.5,6.0,1.4,5.5,7.0,3.9,6.7,3.4,7.6,6.3,5.3,4.7,5.8,2.2,3.8,5.6,3.0,5.6,3.0,5.94,3,4,general,↑↑,2028-2033,中国食品科学家：加班文化严重，近年增长迅猛,6.03,4.9,6.99,丹麦,孟加拉国,5.93,5.66,6.16,6.0,6.88,6.21,5.12,6.16,5.83,6.78,6.8,5.3,-0.09,2026-04-13,2026-04-13,2000-2026
金融与商业,FIN,伊斯兰金融,伊斯兰银行产品经理,Islamic Banking Product Manager,6.6,6.3,8.1,7.6,6.5,4.8,7.1,7.0,8.9,8.2,6.4,8.8,5.6,3.5,4.1,5.5,4.2,1.6,6.1,7.0,4.0,5.0,3.1,6.9,6.3,3.5,5.9,7.4,1.0,5.9,4.3,3.4,3.3,3.2,5.94,3,4,general,↑↑,2032-2038,中国伊斯兰银行产品经理：薪资回报高，加班文化严重，近年增长迅猛,5.8,4.68,6.83,英国,越南,5.79,5.65,5.53,6.21,6.4,6.1,5.22,5.51,5.1,6.3,6.68,5.2,0.14,2026-04-13,2026-04-13,2000-2026
金融与商业,FIN,企业管理,首席执行官(CEO),Chief Executive Officer (CEO),8.0,8.9,7.3,6.8,7.0,7.2,3.9,6.5,10.0,8.2,4.2,9.5,4.3,0.0,0.1,7.5,6.3,4.1,7.1,10.0,5.9,9.0,1.1,9.1,9.8,4.7,5.3,8.4,1.5,2.1,5.1,2.4,5.7,3.0,5.94,2,2,general,↑,2032-2038,中国首席执行官(CEO)：薪资回报高，供过于求，加班文化严重,5.86,4.63,6.79,瑞士,孟加拉国,5.96,5.61,5.79,5.95,6.43,6.16,5.05,5.83,5.45,6.49,6.64,5.21,0.08,2026-04-13,2026-04-13,2000-2026
医疗与健康,MED,口腔,牙科技师,Dental Technician,5.0,4.9,7.6,8.3,8.9,8.9,7.7,6.7,4.2,6.2,8.5,7.9,3.9,3.1,3.9,4.4,3.8,1.2,6.0,5.7,1.6,6.9,3.2,7.5,6.5,5.8,5.9,7.5,4.8,4.6,3.1,4.6,4.2,3.8,5.94,3,2,general,↑,2032-2038,中国牙科技师：薪资水平偏低，人才需求旺盛，加班文化严重,6.1,5.01,6.98,瑞士,巴基斯坦,6.1,5.82,5.92,6.17,6.74,6.47,5.27,6.23,5.78,6.75,6.85,5.39,-0.16,2026-04-13,2026-04-13,2000-2026
文化、艺术与传媒,ART,动画游戏,关卡设计师,Level Designer,5.6,5.4,7.4,7.3,7.9,7.6,6.5,6.3,7.1,6.3,5.3,7.2,6.0,0.2,5.3,6.7,6.1,2.2,6.6,6.0,5.5,5.4,2.1,8.2,5.8,5.1,6.1,5.7,2.8,1.3,5.5,5.1,5.5,4.3,5.94,4,2,general,↑,2032-2038,中国关卡设计师：加班文化严重,5.95,4.7,6.93,荷兰,孟加拉国,6.0,5.6,5.93,5.81,6.72,6.27,5.06,6.08,5.61,6.57,6.8,5.25,-0.01,2026-04-13,2026-04-13,2000-2026
农业、资源与环境,AGR,新能源,地热工程师,Geothermal Engineer,6.3,5.7,8.6,7.8,9.3,6.8,7.9,8.2,6.3,7.9,5.7,6.0,5.9,1.1,3.3,5.7,5.5,1.5,6.1,7.7,3.0,6.7,3.4,8.1,6.6,4.2,5.7,5.2,4.9,4.9,5.8,2.7,5.5,4.6,5.94,4,4,general,↑↑,2032-2038,中国地热工程师：人才需求旺盛，加班文化严重，近年增长迅猛,5.98,4.65,7.17,瑞典,尼日利亚,5.92,5.58,5.8,6.12,7.1,6.15,5.06,6.12,5.63,6.78,6.9,5.12,-0.04,2026-04-13,2026-04-13,2000-2026
文化、艺术与传媒,ART,广告公关,公关专员,Public Relations Specialist,4.8,4.7,6.4,7.6,7.2,7.7,6.0,5.8,6.0,5.5,6.0,8.2,6.5,1.6,4.1,7.7,6.9,1.7,6.0,5.9,4.7,6.2,2.0,6.0,6.6,4.4,6.8,8.0,2.3,1.5,5.5,5.6,5.2,3.3,5.94,3,1,general,→,2028-2033,中国公关专员：加班文化严重,6.04,4.86,6.94,澳大利亚,孟加拉国,6.08,5.7,6.05,5.91,6.73,6.48,5.22,6.05,5.67,6.76,6.85,5.4,-0.1,2026-04-13,2026-04-13,2000-2026
医疗与健康,MED,传统与替代医学,整骨师,Osteopath,7.4,7.0,6.1,8.9,7.0,10.0,6.4,3.8,9.9,4.8,6.2,8.9,5.3,2.7,2.9,4.3,4.3,2.1,6.9,8.2,3.4,6.6,4.1,7.5,8.8,5.7,8.0,7.9,3.8,7.6,2.2,5.9,3.1,2.7,5.94,1,2,general,↑,2032-2038,中国整骨师：薪资回报高，加班文化严重,5.72,4.66,6.62,瑞士,孟加拉国,5.92,5.6,5.49,5.69,6.28,5.98,5.05,5.77,5.27,6.3,6.39,5.05,0.22,2026-04-13,2026-04-13,2000-2026
工程与制造,ENG,机械工程,包装工程师,Packaging Engineer,5.3,5.0,7.2,6.5,8.0,7.9,5.9,6.7,9.1,6.7,7.0,7.0,5.2,1.5,3.3,7.4,5.7,1.1,5.8,6.8,4.0,4.7,3.2,7.1,5.3,4.0,5.8,4.6,3.1,2.8,5.6,3.2,5.2,2.9,5.94,2,1,general,→,2028-2033,中国包装工程师：薪资回报高，加班文化严重,5.91,4.67,7.03,瑞士,尼日利亚,6.01,5.58,6.04,5.93,6.8,6.16,5.01,5.99,5.4,6.48,6.83,4.98,0.03,2026-04-13,2026-04-13,2000-2026
文化、艺术与传媒,ART,广告公关,SEO/SEM专家,SEO/SEM Specialist,5.1,5.4,7.2,7.5,7.7,7.9,5.9,6.7,6.5,6.8,4.8,8.0,6.0,1.1,3.0,6.9,6.4,1.4,4.9,5.4,8.5,5.6,2.8,6.6,6.1,4.8,6.7,7.3,1.7,1.8,5.8,5.4,4.7,3.9,5.94,3,2,general,↑,2028-2033,中国SEO/SEM专家：远程友好度高，加班文化严重,6.08,4.91,7.03,荷兰,孟加拉国,6.07,5.73,6.06,5.98,6.72,6.49,5.22,6.14,5.72,6.74,6.92,5.46,-0.14,2026-04-13,2026-04-13,2000-2026
教育与学术,EDU,职业培训,职业认证讲师,Certification Instructor,5.9,6.1,5.7,7.8,7.8,6.8,5.4,6.0,5.2,5.6,6.6,9.7,5.2,2.4,2.8,5.9,6.0,1.7,6.0,7.1,8.4,5.2,3.4,7.2,6.1,6.0,7.3,7.9,1.2,5.2,3.5,7.3,3.5,2.7,5.94,3,2,general,↑,2032-2038,中国职业认证讲师：加班文化严重,6.03,5.02,7.2,芬兰,尼日利亚,6.0,5.72,5.98,6.02,7.05,6.29,5.39,6.04,5.56,6.69,6.73,5.31,-0.09,2026-04-13,2026-04-13,2000-2026
医疗与健康,MED,临床医学,运动医学科医生,Sports Medicine Physician,9.0,8.8,7.0,8.7,9.2,10.0,8.0,6.5,7.5,6.0,7.7,7.1,4.1,1.7,3.1,5.4,4.3,1.9,6.6,8.8,2.3,5.4,3.6,8.5,7.7,4.9,6.8,7.7,3.8,8.8,2.3,4.6,5.4,3.2,5.93,3,4,general,↑↑,2032-2038,中国运动医学科医生：人才需求旺盛，加班文化严重，就业稳定,6.16,5.07,7.05,瑞典,孟加拉国,6.25,5.87,5.99,6.22,6.85,6.44,5.36,6.3,5.9,6.82,6.83,5.45,-0.23,2026-04-13,2026-04-13,2000-2026
文化、艺术与传媒,ART,设计创意,平面设计师,Graphic Designer,5.4,5.4,6.6,7.2,7.1,7.0,5.8,7.0,5.8,5.8,5.3,8.2,6.2,2.2,3.5,7.5,6.2,1.3,4.5,5.8,7.0,6.7,2.4,8.1,6.7,4.8,5.7,6.4,2.5,1.2,5.1,7.2,4.6,3.4,5.93,3,1,general,→,2026-2030,中国平面设计师：加班文化严重,5.99,4.73,6.93,澳大利亚,孟加拉国,6.04,5.66,6.01,5.79,6.71,6.3,5.07,6.08,5.69,6.67,6.81,5.4,-0.06,2026-04-13,2026-04-13,2000-2026
工程与制造,ENG,土木与建筑,建筑师,Architect,7.1,7.4,6.9,9.3,10.0,10.0,7.2,6.9,7.6,7.3,6.7,5.1,4.4,1.9,2.3,6.8,5.4,1.4,7.3,8.5,3.2,5.2,3.3,8.1,6.1,2.9,7.1,6.9,4.9,7.0,7.1,3.1,4.2,2.6,5.93,2,2,general,↑,2032-2038,中国建筑师：加班文化严重,5.81,4.53,6.97,瑞士,尼日利亚,5.93,5.52,5.89,5.84,6.73,6.12,4.9,5.75,5.28,6.46,6.67,4.93,0.12,2026-04-13,2026-04-13,2000-2026
文化、艺术与传媒,ART,出版写作,技术文档写作,Technical Writer,4.9,5.0,5.7,8.0,5.3,5.5,5.7,4.8,7.7,5.0,6.2,7.7,6.0,2.4,2.3,7.0,6.4,2.6,4.4,6.4,7.3,7.9,4.9,8.0,6.8,5.5,7.2,5.4,1.8,1.2,4.8,6.6,5.7,3.4,5.93,1,-1,general,→,2026-2030,中国技术文档写作：加班文化严重,5.98,4.83,6.91,荷兰,孟加拉国,6.03,5.62,5.97,5.84,6.63,6.41,5.16,6.1,5.61,6.61,6.8,5.29,-0.05,2026-04-13,2026-04-13,2000-2026
信息技术与数字化,TECH,软件开发,软件测试工程师,Software QA Engineer,3.8,3.8,6.4,6.1,8.6,8.9,5.1,5.4,7.0,6.9,5.1,9.7,5.5,1.5,2.8,6.3,6.9,2.0,4.2,6.7,6.3,4.0,4.2,5.1,6.2,5.4,6.3,5.4,1.0,0.5,5.8,6.1,5.9,1.9,5.93,2,0,general,→,2026-2030,中国软件测试工程师：加班文化严重,5.83,4.56,6.84,瑞士,孟加拉国,5.85,5.52,5.92,5.89,6.72,6.27,5.07,5.73,5.35,6.48,6.67,4.89,0.1,2026-04-13,2026-04-13,2000-2026
工程与制造,ENG,电气工程,电力工程师,Power Engineer,6.0,6.6,7.1,7.6,8.6,9.3,6.4,7.8,7.6,7.5,8.0,6.3,3.9,1.1,2.8,7.7,6.6,1.2,6.2,7.6,2.1,4.7,3.5,7.0,4.7,3.4,5.9,4.7,3.0,4.8,4.6,4.0,5.2,3.2,5.93,2,2,general,↑,2032-2038,中国电力工程师：加班文化严重，就业稳定,5.95,4.76,7.07,德国,尼日利亚,6.05,5.62,6.09,5.88,6.89,6.23,5.07,5.96,5.48,6.54,6.83,5.06,-0.02,2026-04-13,2026-04-13,2000-2026
文化、艺术与传媒,ART,博物馆与文化遗产,非物质文化遗产传承人,Intangible Cultural Heritage Practitioner,7.3,3.8,5.7,9.5,5.6,4.3,5.8,6.8,4.8,5.6,7.0,7.9,6.8,3.4,2.1,6.5,5.0,0.7,10.0,6.6,3.0,4.7,4.2,9.6,3.2,5.0,6.9,6.5,3.1,3.6,3.8,3.8,4.9,5.8,5.93,2,0,general,→,2035+,中国非物质文化遗产传承人：AI替代抗性强，加班文化严重,5.95,4.91,6.83,瑞士,巴基斯坦,5.93,5.61,6.02,5.79,6.57,6.23,5.21,6.1,5.64,6.62,6.72,5.4,-0.02,2026-04-13,2026-04-13,2000-2026
公共管理与公务员,GOV,中央/联邦公务员,政策分析师,Policy Analyst,7.0,8.2,5.9,8.7,6.6,6.3,6.4,5.9,7.6,6.5,9.1,9.6,6.4,4.6,4.3,6.2,5.1,1.8,6.5,9.3,5.1,4.5,4.1,7.1,3.2,4.6,5.6,7.0,0.5,8.5,1.9,2.7,5.3,7.3,5.93,1,2,general,↑,2032-2038,中国政策分析师：就业稳定,5.85,4.96,6.64,丹麦,尼日利亚,5.97,5.68,5.72,5.83,6.55,5.86,5.34,5.98,5.51,6.43,6.47,5.14,0.08,2026-04-13,2026-04-13,2000-2026
工程与制造,ENG,化学工程,生物化学工程师,Biochemical Engineer,6.6,6.6,7.4,7.5,7.9,7.8,7.0,8.3,9.5,7.3,6.6,5.3,4.1,1.9,3.1,6.7,6.3,1.0,6.6,7.2,1.7,5.4,2.8,7.1,4.3,3.2,5.9,5.1,3.6,2.9,5.0,3.1,5.1,3.2,5.93,3,3,general,↑,2032-2038,中国生物化学工程师：薪资回报高，加班文化严重,5.88,4.66,7.0,瑞典,巴基斯坦,6.02,5.58,5.91,5.88,6.83,6.18,4.97,5.79,5.45,6.45,6.79,4.97,0.05,2026-04-13,2026-04-13,2000-2026
金融与商业,FIN,房地产,房地产经纪人,Real Estate Agent,4.4,4.2,6.7,7.1,8.5,10.0,5.7,5.7,7.8,7.7,4.4,9.0,5.3,1.5,3.1,5.3,5.4,2.7,5.5,6.3,4.7,7.3,3.3,6.1,9.8,4.3,6.5,8.3,3.4,4.1,8.6,7.0,3.4,2.5,5.92,2,0,general,→,2028-2033,中国房地产经纪人：加班文化严重,5.63,4.24,6.88,英国,孟加拉国,5.84,5.32,5.43,5.76,6.27,6.01,4.72,5.55,5.16,6.28,6.57,4.8,0.29,2026-04-13,2026-04-13,2000-2026
文化、艺术与传媒,ART,动画游戏,3D动画师,3D Animator,5.3,5.4,7.1,6.7,7.5,6.8,7.4,7.4,8.8,6.3,5.5,7.5,6.0,0.7,5.0,6.3,5.8,2.1,5.9,6.2,5.5,5.4,1.4,7.5,5.4,5.1,5.7,5.4,2.2,1.9,5.6,5.1,4.9,5.1,5.92,4,3,general,↑,2028-2033,中国3D动画师：薪资回报高，加班文化严重,5.96,4.72,6.96,荷兰,巴基斯坦,6.01,5.63,5.96,5.84,6.75,6.23,5.05,6.07,5.61,6.68,6.81,5.28,-0.04,2026-04-13,2026-04-13,2000-2026
教育与学术,EDU,学术研究,人文学科研究员,Humanities Researcher,8.3,8.2,3.2,9.3,6.5,5.2,4.4,4.5,7.0,3.8,8.5,9.7,5.2,2.5,2.1,6.8,6.2,1.4,6.4,7.3,9.0,8.9,4.2,8.5,4.1,5.4,8.3,5.0,0.5,7.9,2.2,7.7,6.5,2.3,5.92,0,0,general,→,2032-2038,中国人文学科研究员：远程友好度高，加班文化严重，就业稳定,5.68,4.53,6.87,芬兰,孟加拉国,5.82,5.34,5.67,5.6,6.81,5.98,4.82,5.65,5.1,6.42,6.56,4.78,0.24,2026-04-13,2026-04-13,2000-2026
文化、艺术与传媒,ART,动画游戏,游戏程序员,Game Programmer,5.9,5.5,7.3,7.0,7.6,7.0,7.3,7.4,8.7,6.9,4.7,7.4,5.2,0.6,4.8,7.3,5.2,2.1,6.0,5.4,5.5,5.9,1.9,7.8,5.6,4.2,5.4,5.6,2.1,1.3,5.8,5.3,5.1,4.7,5.92,4,3,general,↑,2032-2038,中国游戏程序员：薪资回报高，加班文化严重,6.0,4.83,7.01,荷兰,巴基斯坦,6.05,5.65,5.97,5.9,6.82,6.34,5.09,6.12,5.64,6.64,6.85,5.27,-0.08,2026-04-13,2026-04-13,2000-2026
医疗与健康,MED,护理,麻醉护士,Nurse Anesthetist,7.3,7.1,7.8,7.3,9.1,10.0,8.5,9.3,7.9,5.8,8.2,6.9,3.3,0.0,1.7,4.6,4.8,1.7,7.5,7.0,0.9,6.6,2.1,7.3,3.9,3.4,5.4,8.9,6.3,7.8,0.5,3.4,6.1,2.3,5.92,3,4,general,↑↑,2035+,中国麻醉护士：人才需求旺盛，AI替代抗性强，加班文化严重,6.21,5.22,7.07,瑞典,孟加拉国,6.24,5.92,6.13,6.21,6.97,6.46,5.45,6.32,5.87,6.89,6.9,5.53,-0.29,2026-04-13,2026-04-13,2000-2026
文化、艺术与传媒,ART,设计创意,包装设计师,Packaging Designer,5.3,5.3,5.8,7.2,6.9,7.0,6.0,6.6,6.6,6.0,4.5,7.7,6.9,1.7,3.3,7.7,6.6,1.6,4.9,6.0,5.7,7.2,3.4,7.5,7.1,5.6,6.3,5.7,2.1,1.3,5.8,7.0,5.1,3.8,5.92,3,1,general,→,2028-2033,中国包装设计师：加班文化严重,6.04,4.81,6.99,荷兰,孟加拉国,6.08,5.67,6.0,5.92,6.8,6.38,5.16,6.15,5.7,6.75,6.88,5.34,-0.12,2026-04-13,2026-04-13,2000-2026
工程与制造,ENG,电气工程,电力系统规划工程师,Power System Planning Engineer,5.7,6.0,6.4,7.2,7.8,7.2,6.4,6.8,9.1,7.2,7.7,6.3,4.6,1.9,2.3,7.4,5.8,1.0,5.9,7.0,4.1,5.4,2.7,7.2,4.8,4.6,6.3,4.8,3.1,5.1,4.5,3.8,4.8,2.6,5.92,2,2,general,↑,2028-2033,中国电力系统规划工程师：薪资回报高，加班文化严重，就业稳定,5.95,4.8,7.14,瑞士,尼日利亚,6.04,5.6,5.99,5.95,6.83,6.27,5.11,6.0,5.42,6.5,6.87,5.14,-0.03,2026-04-13,2026-04-13,2000-2026
工程与制造,ENG,质量控制,标准化工程师,Standards Engineer,5.9,5.9,6.5,7.7,7.5,8.0,6.3,6.0,8.0,6.8,7.7,7.0,5.1,2.9,3.5,6.4,6.0,0.9,5.1,6.6,4.3,5.0,4.4,5.8,4.9,4.8,6.4,5.7,2.6,3.5,5.1,3.5,5.2,2.9,5.91,2,2,general,↑,2028-2033,中国标准化工程师：薪资回报高，加班文化严重，就业稳定,5.86,4.74,7.01,瑞士,孟加拉国,5.94,5.53,5.91,5.82,6.84,6.12,5.02,5.85,5.4,6.42,6.75,5.04,0.05,2026-04-13,2026-04-13,2000-2026
文化、艺术与传媒,ART,广告公关,广告客户经理,Account Executive (Advertising),4.9,5.1,6.2,7.2,7.2,7.7,6.0,6.3,7.5,6.8,5.3,7.9,5.7,0.9,4.1,7.1,7.2,1.9,5.0,6.0,6.5,4.9,2.2,6.4,6.3,5.6,5.7,8.7,2.3,1.6,6.1,5.2,5.2,3.9,5.91,3,1,general,→,2028-2033,中国广告客户经理：加班文化严重,6.02,4.89,6.95,荷兰,巴基斯坦,6.09,5.65,5.98,5.88,6.74,6.4,5.19,6.03,5.7,6.63,6.9,5.36,-0.11,2026-04-13,2026-04-13,2000-2026
医疗与健康,MED,眼科,配镜师,Optician / Dispensing Optician,4.3,3.6,7.2,7.8,9.1,8.7,7.8,7.3,4.3,7.2,7.6,8.9,4.3,1.5,2.0,5.0,4.0,1.7,4.9,4.3,1.2,5.9,3.6,7.8,8.1,5.9,7.0,7.5,2.3,4.4,2.2,3.7,4.9,3.8,5.91,3,2,general,↑,2028-2033,中国配镜师：薪资水平偏低，人才需求旺盛，加班文化严重,6.17,5.01,7.15,瑞士,孟加拉国,6.25,5.89,6.13,6.22,6.88,6.47,5.32,6.25,5.86,6.76,6.91,5.39,-0.26,2026-04-13,2026-04-13,2000-2026
技术工种与手工业,SKL,电气技术,电梯维修技师,Elevator Repair Technician,4.5,3.2,7.3,8.0,7.5,8.3,7.9,8.1,6.1,6.6,7.1,4.2,4.9,2.4,3.6,6.7,5.7,1.6,7.9,5.5,0.2,6.3,2.2,7.1,6.9,2.4,5.7,5.5,6.0,6.7,4.4,6.2,5.2,3.7,5.91,3,3,general,↑,2035+,中国电梯维修技师：人才需求旺盛，AI替代抗性强，加班文化严重,6.27,5.16,7.4,澳大利亚,孟加拉国,6.24,5.86,6.4,6.28,7.16,6.54,5.29,6.27,5.82,7.26,7.19,5.5,-0.36,2026-04-13,2026-04-13,2000-2026
金融与商业,FIN,房地产,REITs分析师,REIT Analyst,6.3,6.6,6.3,7.0,8.1,10.0,5.7,5.3,10.0,7.9,5.2,8.9,6.1,1.5,2.4,5.8,5.2,2.3,4.4,6.9,7.2,7.3,2.9,5.9,9.5,4.5,6.5,7.8,3.3,4.3,8.6,6.1,3.9,2.9,5.91,2,0,general,→,2028-2033,中国REITs分析师：薪资回报高，加班文化严重,5.61,4.17,6.84,瑞士,孟加拉国,5.85,5.22,5.41,5.74,6.26,5.99,4.66,5.54,5.06,6.32,6.56,4.88,0.3,2026-04-13,2026-04-13,2000-2026
医疗与健康,MED,药学,药品销售代表,Pharmaceutical Sales Representative,4.6,4.2,6.2,8.0,8.5,10.0,6.9,4.6,7.8,6.7,7.5,8.4,5.1,1.0,2.6,6.3,5.2,2.9,4.9,7.5,4.7,4.8,2.9,7.0,7.2,5.0,6.8,9.0,3.9,2.8,4.3,2.7,4.4,4.5,5.91,2,1,general,→,2028-2033,中国药品销售代表：加班文化严重，就业稳定,6.12,4.99,7.12,瑞典,孟加拉国,6.22,5.8,6.03,6.14,6.93,6.44,5.31,6.29,5.7,6.76,6.94,5.27,-0.21,2026-04-13,2026-04-13,2000-2026
工程与制造,ENG,电气工程,电磁兼容工程师,EMC Engineer,7.4,7.1,6.5,7.0,8.0,5.9,7.0,7.2,7.9,8.5,7.2,6.8,3.9,2.4,3.1,7.2,6.0,1.2,7.0,8.1,3.3,5.7,2.8,6.6,4.6,4.6,5.9,5.0,3.4,3.8,5.4,3.6,4.5,2.6,5.91,2,2,general,↑,2032-2038,中国电磁兼容工程师：加班文化严重,5.98,4.79,7.1,瑞士,孟加拉国,6.11,5.69,6.0,5.94,6.86,6.31,5.06,6.0,5.47,6.55,6.89,5.13,-0.07,2026-04-13,2026-04-13,2000-2026
医疗与健康,MED,医疗管理,医疗翻译,Medical Interpreter,5.4,5.4,6.5,7.8,8.8,9.2,6.0,5.0,4.1,7.0,6.8,8.4,4.9,1.6,2.7,6.7,6.1,1.3,5.4,5.7,6.3,4.4,3.1,5.6,5.1,6.5,6.6,6.7,2.1,3.9,1.4,6.5,6.5,3.5,5.9,3,3,general,↑,2028-2033,中国医疗翻译：薪资水平偏低，加班文化严重,6.29,5.17,7.31,瑞士,孟加拉国,6.29,6.0,6.24,6.32,7.0,6.63,5.45,6.47,5.93,7.02,7.0,5.55,-0.39,2026-04-13,2026-04-13,2000-2026
医疗与健康,MED,护理,社区护士,Community Health Nurse,5.0,5.1,7.7,7.2,9.3,10.0,9.0,7.3,4.0,6.1,9.0,6.4,2.8,2.0,2.8,4.7,5.0,1.7,7.2,5.9,3.6,3.1,3.1,7.3,3.6,4.4,5.2,8.8,5.1,6.9,1.0,4.2,5.9,2.4,5.9,3,4,general,↑↑,2032-2038,中国社区护士：薪资水平偏低，人才需求旺盛，加班文化严重,6.22,5.05,7.14,荷兰,孟加拉国,6.23,5.95,6.13,6.27,6.94,6.53,5.33,6.39,5.85,6.89,6.92,5.58,-0.32,2026-04-13,2026-04-13,2000-2026
医疗与健康,MED,医疗管理,医疗器械技师,Biomedical Equipment Technician,5.5,4.6,6.6,7.3,8.2,9.8,7.7,5.8,4.7,6.3,7.0,8.7,5.8,1.1,3.6,7.0,6.3,1.4,6.5,6.3,2.3,4.4,3.1,6.1,5.0,5.3,6.4,6.7,4.3,4.4,1.6,5.0,4.4,3.0,5.9,3,3,general,↑,2032-2038,中国医疗器械技师：人才需求旺盛，加班文化严重,6.16,5.16,7.03,瑞士,尼日利亚,6.2,5.83,6.05,6.21,6.82,6.52,5.38,6.3,5.85,6.76,6.84,5.46,-0.26,2026-04-13,2026-04-13,2000-2026
文化、艺术与传媒,ART,广告公关,市场研究分析师,Market Research Analyst,4.9,5.6,6.8,7.8,7.6,8.5,6.0,6.3,6.6,6.0,4.6,8.2,7.0,1.2,3.5,7.1,6.6,1.9,5.5,6.4,5.4,5.2,2.7,6.4,5.7,4.4,6.5,7.3,1.6,1.2,5.5,6.0,5.3,3.9,5.9,3,1,general,→,2028-2033,中国市场研究分析师：加班文化严重,6.01,4.82,6.99,荷兰,巴基斯坦,6.07,5.66,5.93,5.86,6.64,6.32,5.14,6.07,5.66,6.74,6.89,5.42,-0.11,2026-04-13,2026-04-13,2000-2026
文化、艺术与传媒,ART,广告公关,活动策划师,Event Planner,4.3,5.4,6.1,7.8,7.6,8.1,6.8,6.2,6.5,6.8,4.8,7.9,5.5,0.7,4.0,6.9,6.9,1.4,4.9,6.0,2.3,5.9,3.2,6.2,7.8,5.9,6.7,8.1,4.2,1.8,5.1,6.0,5.2,3.7,5.9,3,1,general,→,2028-2033,中国活动策划师：加班文化严重,5.94,4.83,6.92,澳大利亚,巴基斯坦,5.98,5.61,5.87,5.82,6.64,6.28,5.13,5.92,5.6,6.69,6.76,5.33,-0.04,2026-04-13,2026-04-13,2000-2026
交通运输与物流,TRA,物流管理,物流自动化工程师,Logistics Automation Engineer,7.6,6.9,9.2,6.8,7.3,8.1,7.6,8.4,8.7,7.1,5.8,7.4,5.2,1.9,4.0,5.8,4.7,1.4,6.5,6.8,3.1,5.4,3.1,4.7,6.0,5.1,5.9,5.9,2.2,3.3,6.9,2.9,4.8,3.2,5.9,3,5,general,↑↑,2032-2038,中国物流自动化工程师：薪资回报高，人才需求旺盛，加班文化严重,6.02,4.65,7.14,荷兰,孟加拉国,6.15,5.73,6.05,6.06,6.99,6.31,4.96,6.11,5.5,6.79,6.93,5.07,-0.12,2026-04-13,2026-04-13,2000-2026
农业、资源与环境,AGR,农业科技,垂直农场运营经理,Vertical Farm Operations Manager,6.3,6.5,9.1,7.6,7.0,5.1,8.1,7.5,6.8,6.6,6.6,6.8,5.2,2.0,3.8,6.2,6.2,1.8,5.8,6.1,2.7,6.7,3.2,6.8,6.9,5.4,5.1,5.9,4.3,3.3,4.8,4.2,4.6,2.8,5.9,3,5,general,↑↑,2028-2033,中国垂直农场运营经理：人才需求旺盛，加班文化严重，近年增长迅猛,6.02,5.02,7.04,荷兰,尼日利亚,5.92,5.65,6.05,5.98,6.81,6.34,5.13,6.2,5.78,6.81,6.8,5.27,-0.12,2026-04-13,2026-04-13,2000-2026
医疗与健康,MED,护理,护理师,Nurse Practitioner,7.1,6.8,7.4,7.3,9.1,10.0,9.8,8.9,5.7,5.8,8.7,6.9,2.6,0.0,0.6,5.3,5.2,1.7,7.4,7.6,2.7,5.9,1.4,7.8,4.3,3.0,5.2,8.1,6.0,6.3,1.4,3.8,6.7,2.8,5.9,3,5,general,↑↑,2032-2038,中国护理师：人才需求旺盛，加班文化严重，就业稳定,6.23,5.24,7.06,荷兰,巴基斯坦,6.15,5.95,6.19,6.22,7.0,6.51,5.46,6.42,5.94,6.74,6.88,5.63,-0.33,2026-04-13,2026-04-13,2000-2026
文化、艺术与传媒,ART,出版写作,漫画家/插画师,Comic Artist / Illustrator,5.6,4.8,4.9,7.7,5.2,5.7,4.3,5.1,5.8,5.3,5.0,7.7,6.5,2.4,2.8,7.3,5.8,3.1,6.7,5.4,8.0,7.5,4.7,9.4,8.3,6.1,7.0,5.3,1.5,1.3,4.2,6.7,5.9,3.2,5.9,1,-1,general,→,2032-2038,中国漫画家/插画师：加班文化严重,5.94,4.84,6.86,荷兰,孟加拉国,6.03,5.62,5.96,5.8,6.63,6.27,5.12,6.01,5.56,6.56,6.75,5.27,-0.04,2026-04-13,2026-04-13,2000-2026
工程与制造,ENG,化学工程,食品工程师,Food Engineer,5.3,5.5,6.3,7.8,7.6,9.0,6.5,6.9,9.0,7.8,7.5,6.0,2.9,1.4,2.8,6.9,5.9,0.9,5.5,6.5,3.2,4.8,2.9,7.5,5.2,4.4,5.9,4.5,3.6,3.3,4.6,3.3,5.1,3.4,5.9,2,1,general,→,2028-2033,中国食品工程师：薪资回报高，加班文化严重，就业稳定,5.71,4.37,6.8,瑞士,尼日利亚,5.83,5.41,5.79,5.73,6.65,6.01,4.82,5.71,5.19,6.37,6.59,4.78,0.19,2026-04-13,2026-04-13,2000-2026
医疗与健康,MED,医疗管理,临床研究协调员,Clinical Research Coordinator,5.8,5.3,6.6,7.5,8.7,9.4,7.5,5.6,5.3,5.9,7.1,8.6,6.0,1.3,2.8,6.2,7.2,1.6,5.1,6.7,4.3,5.1,3.4,5.9,4.6,6.2,6.8,7.0,2.0,3.8,1.9,4.8,4.4,3.5,5.9,3,4,general,↑↑,2028-2033,中国临床研究协调员：人才需求旺盛，加班文化严重，近年增长迅猛,6.21,5.15,7.09,瑞士,巴基斯坦,6.3,5.99,6.06,6.18,6.91,6.54,5.36,6.42,5.86,6.81,6.93,5.43,-0.31,2026-04-13,2026-04-13,2000-2026
法律与社会服务,LAW,心理社会服务,遗产规划顾问,Estate Planning Advisor,7.3,7.0,6.3,8.6,6.1,5.2,6.0,5.7,7.2,6.1,6.3,9.2,5.7,3.5,4.5,6.3,6.1,1.4,5.7,6.4,5.8,6.9,3.7,6.1,7.6,5.3,7.5,7.4,0.4,7.2,2.6,3.6,4.2,4.3,5.89,2,1,general,→,2028-2033,中国遗产规划顾问：加班文化严重,6.08,5.14,7.08,瑞士,孟加拉国,6.13,5.76,5.95,5.97,6.85,6.35,5.37,6.16,5.73,6.76,6.85,5.45,-0.19,2026-04-13,2026-04-13,2000-2026
工程与制造,ENG,质量控制,计量工程师,Metrology Engineer,6.1,6.6,5.7,7.5,8.1,6.5,6.1,6.8,7.8,6.7,7.3,7.3,4.2,3.4,3.7,6.8,6.2,0.3,7.0,6.7,2.7,4.9,2.9,6.2,4.3,4.2,6.7,6.0,3.3,4.4,4.1,3.5,4.3,2.5,5.89,2,2,general,↑,2032-2038,中国计量工程师：加班文化严重,5.81,4.51,6.92,德国,尼日利亚,5.91,5.51,5.91,5.8,6.76,6.06,4.95,5.77,5.3,6.4,6.71,4.94,0.08,2026-04-13,2026-04-13,2000-2026
医疗与健康,MED,医疗管理,医疗编码员,Medical Coder,4.1,4.0,7.3,7.9,8.5,9.0,7.2,5.0,3.8,5.9,8.0,8.9,4.8,1.0,3.6,7.1,6.3,1.4,3.4,5.7,8.5,4.5,2.9,6.1,5.0,5.6,6.2,6.7,1.7,4.6,1.5,4.4,4.6,3.7,5.89,3,0,general,→,2026-2030,中国医疗编码员：薪资水平偏低，AI替代风险较高，远程友好度高,6.18,5.11,7.11,德国,孟加拉国,6.23,5.88,6.09,6.21,6.93,6.52,5.31,6.32,5.83,6.74,6.96,5.45,-0.29,2026-04-13,2026-04-13,2000-2026
工程与制造,ENG,土木与建筑,结构工程师,Structural Engineer,6.0,6.1,6.6,8.0,10.0,10.0,7.7,6.5,9.1,7.5,6.0,5.3,3.6,1.2,2.1,6.3,5.2,0.9,8.0,7.9,2.3,5.0,3.4,6.1,4.7,4.2,6.4,6.2,4.7,5.8,6.0,2.9,3.8,3.6,5.89,2,2,general,↑,2035+,中国结构工程师：薪资回报高，人才需求旺盛，AI替代抗性强,5.77,4.5,6.85,瑞士,巴基斯坦,5.96,5.42,5.85,5.8,6.69,6.07,4.85,5.72,5.28,6.38,6.62,4.95,0.12,2026-04-13,2026-04-13,2000-2026
医疗与健康,MED,临床医学,整形外科医生,Plastic Surgeon,9.4,9.1,7.4,8.9,9.6,9.5,7.2,6.3,10.0,4.9,8.5,6.9,3.8,0.7,2.1,5.4,4.9,2.8,7.0,9.0,2.3,5.6,3.1,7.7,9.0,5.6,6.8,7.9,4.7,9.0,3.4,5.1,5.0,3.7,5.89,3,3,general,↑,2032-2038,中国整形外科医生：薪资回报高，加班文化严重，就业稳定,6.08,5.11,6.82,加拿大,孟加拉国,6.16,5.78,6.0,6.07,6.7,6.35,5.37,6.25,5.84,6.64,6.68,5.42,-0.19,2026-04-13,2026-04-13,2000-2026
文化、艺术与传媒,ART,动画游戏,技术美术(TA),Technical Artist,7.1,5.0,8.3,7.3,8.0,7.0,7.7,7.0,8.2,5.8,4.6,7.4,5.2,0.0,4.3,7.1,6.1,2.2,6.3,5.4,5.6,5.9,1.8,8.2,6.0,3.6,6.1,5.8,2.8,1.9,5.8,4.5,5.4,4.9,5.89,4,3,general,↑,2032-2038,中国技术美术(TA)：薪资回报高，人才需求旺盛，加班文化严重,5.97,4.74,6.9,荷兰,巴基斯坦,6.01,5.63,5.92,5.87,6.67,6.31,5.1,6.12,5.64,6.62,6.81,5.33,-0.08,2026-04-13,2026-04-13,2000-2026
公共管理与公务员,GOV,国际组织,国际发展顾问,International Development Advisor,7.1,8.3,5.7,8.5,4.4,4.0,6.4,6.1,6.8,6.4,8.1,6.9,5.4,3.9,3.4,7.3,6.3,2.0,7.4,9.3,4.5,5.8,2.6,8.7,3.9,7.1,4.9,8.5,3.1,8.3,2.3,1.9,9.1,5.8,5.89,1,2,general,↑,2032-2038,中国国际发展顾问：就业稳定,5.82,4.95,6.69,瑞典,孟加拉国,5.92,5.56,5.7,5.81,6.61,5.82,5.24,5.94,5.51,6.42,6.42,5.18,0.07,2026-04-13,2026-04-13,2000-2026
医疗与健康,MED,临床医学,放射科医生,Radiologist,8.9,9.0,7.8,8.6,9.4,10.0,8.0,6.6,7.9,4.9,8.7,6.9,4.3,1.3,3.3,5.4,5.0,2.3,3.8,9.1,5.4,6.1,4.4,7.7,5.9,4.9,6.3,7.8,1.8,8.6,1.2,3.6,4.9,3.7,5.88,3,1,general,→,2026-2030,中国放射科医生：人才需求旺盛，AI替代风险较高，加班文化严重,6.08,5.02,6.96,德国,巴基斯坦,6.13,5.8,5.96,6.07,6.77,6.3,5.28,6.25,5.79,6.74,6.83,5.37,-0.2,2026-04-13,2026-04-13,2000-2026
交通运输与物流,TRA,物流管理,物流经理,Logistics Manager,4.6,3.8,6.8,6.7,8.0,8.6,6.1,6.5,8.0,5.5,6.3,7.9,4.7,1.1,3.5,6.0,6.5,1.9,6.0,7.2,4.2,6.9,3.4,5.7,5.6,4.2,6.2,7.7,4.6,3.3,7.2,3.7,4.5,3.4,5.88,3,3,general,↑,2028-2033,中国物流经理：薪资回报高，加班文化严重,6.0,4.61,7.2,荷兰,孟加拉国,6.14,5.67,5.97,6.02,6.93,6.32,4.91,6.07,5.52,6.81,6.95,5.07,-0.12,2026-04-13,2026-04-13,2000-2026
文化、艺术与传媒,ART,动画游戏,游戏音效设计师,Game Sound Designer,5.6,4.7,7.2,7.1,7.3,5.5,6.9,6.8,6.3,6.4,5.0,7.7,5.7,0.0,5.0,6.6,5.7,1.9,7.0,6.0,6.2,5.9,1.5,8.1,5.8,5.1,5.3,5.5,2.6,1.3,6.0,5.3,5.5,4.9,5.88,4,2,general,↑,2032-2038,中国游戏音效设计师：加班文化严重,5.93,4.63,6.9,荷兰,孟加拉国,6.05,5.6,5.95,5.79,6.69,6.29,5.02,5.99,5.59,6.6,6.75,5.21,-0.05,2026-04-13,2026-04-13,2000-2026
医疗与健康,MED,口腔,口腔颌面外科医生,Oral & Maxillofacial Surgeon,9.9,9.9,7.3,8.1,8.4,8.5,6.7,6.6,10.0,6.0,8.2,6.7,4.1,0.0,1.1,4.5,4.6,1.3,8.1,9.7,1.9,7.1,4.6,7.5,9.0,5.0,5.7,7.6,6.6,8.6,2.4,4.3,4.2,3.7,5.88,3,3,general,↑,2035+,中国口腔颌面外科医生：薪资回报高，AI替代抗性强，加班文化严重,6.03,4.97,6.86,瑞典,巴基斯坦,6.08,5.8,6.02,6.0,6.76,6.24,5.22,6.18,5.76,6.56,6.64,5.42,-0.15,2026-04-13,2026-04-13,2000-2026
技术工种与手工业,SKL,电气技术,工业电气技师,Industrial Electrician,5.3,3.7,7.3,7.7,7.2,8.7,6.7,7.4,8.0,7.5,6.4,4.7,5.2,2.1,3.5,5.9,5.5,1.5,7.9,4.8,0.7,6.2,2.7,7.0,6.8,1.7,6.0,5.4,6.9,5.8,5.3,7.2,5.2,3.3,5.88,3,3,general,↑,2035+,中国工业电气技师：薪资回报高，AI替代抗性强，加班文化严重,6.26,5.11,7.41,澳大利亚,孟加拉国,6.24,5.85,6.42,6.33,7.14,6.59,5.22,6.12,5.8,7.34,7.14,5.53,-0.38,2026-04-13,2026-04-13,2000-2026
信息技术与数字化,TECH,网络与安全,网络工程师,Network Engineer,5.5,5.0,7.0,6.8,8.0,9.9,6.4,6.1,7.6,6.9,5.9,9.2,4.5,1.1,4.0,6.3,5.9,1.3,4.9,6.4,3.7,5.0,3.0,6.6,6.2,3.4,5.7,4.8,2.0,2.4,4.0,4.7,5.3,3.4,5.88,2,1,general,→,2028-2033,中国网络工程师：加班文化严重,5.94,4.75,6.99,芬兰,孟加拉国,6.01,5.61,5.92,5.89,6.86,6.37,5.22,5.85,5.47,6.58,6.86,5.01,-0.06,2026-04-13,2026-04-13,2000-2026
医疗与健康,MED,药学,临床药师,Clinical Pharmacist,7.6,7.0,6.4,7.7,8.4,10.0,7.3,5.0,8.3,6.0,7.7,8.7,5.5,1.7,2.8,6.2,5.4,1.6,6.3,7.5,2.4,4.8,3.4,6.4,6.7,5.5,6.6,7.2,2.3,7.4,1.2,3.9,4.4,4.0,5.88,2,3,general,↑,2032-2038,中国临床药师：薪资回报高，加班文化严重，就业稳定,6.05,4.91,6.97,荷兰,孟加拉国,6.16,5.72,5.92,6.01,6.82,6.37,5.19,6.29,5.63,6.65,6.84,5.28,-0.17,2026-04-13,2026-04-13,2000-2026
信息技术与数字化,TECH,网络与安全,系统管理员,System Administrator,4.7,3.9,6.5,6.8,7.8,10.0,5.3,5.5,7.2,7.1,4.9,9.7,5.2,0.9,4.3,5.4,6.6,1.3,5.0,6.7,4.1,5.2,3.7,5.5,5.8,4.6,5.4,4.8,1.9,2.0,4.2,5.0,5.3,2.6,5.88,0,-1,general,→,2028-2033,中国系统管理员：加班文化严重,5.71,4.34,6.81,瑞典,孟加拉国,5.76,5.35,5.77,5.75,6.66,6.12,4.92,5.58,5.22,6.32,6.62,4.79,0.17,2026-04-13,2026-04-13,2000-2026
文化、艺术与传媒,ART,动画游戏,游戏策划,Game Designer / Game Planner,5.3,5.4,7.2,7.0,7.9,7.4,6.5,7.3,6.6,6.7,5.1,7.5,5.8,0.0,4.2,6.7,6.1,1.9,7.1,5.8,5.1,5.5,1.5,7.5,5.6,4.2,5.2,6.4,2.8,1.9,5.5,4.9,5.7,4.5,5.87,4,2,general,↑,2032-2038,中国游戏策划：加班文化严重,6.02,4.84,6.96,荷兰,孟加拉国,6.05,5.63,6.0,5.79,6.84,6.39,5.17,6.08,5.64,6.79,6.87,5.4,-0.15,2026-04-13,2026-04-13,2000-2026
金融与商业,FIN,证券投资,投行分析师,Investment Banking Analyst,7.6,6.7,7.9,6.9,9.2,9.7,7.8,7.9,10.0,8.0,4.5,9.2,3.5,0.0,0.0,6.3,6.5,2.4,4.9,9.1,6.1,6.0,0.0,5.4,7.4,4.6,5.0,6.9,0.1,5.6,8.2,4.1,6.8,4.2,5.87,3,1,general,→,2028-2033,中国投行分析师：薪资回报高，人才需求旺盛，加班文化严重,5.67,4.36,6.7,英国,孟加拉国,5.91,5.3,5.52,5.81,6.4,6.03,4.81,5.57,5.25,6.22,6.57,4.85,0.2,2026-04-13,2026-04-13,2000-2026
教育与学术,EDU,教育管理,教育督导,Education Inspector / Superintendent,7.1,7.4,3.7,8.5,5.5,5.6,4.3,5.5,7.6,5.1,10.0,9.7,4.9,2.0,2.3,6.1,5.0,0.9,7.9,8.6,5.6,6.4,3.9,7.0,4.1,5.0,7.5,7.7,2.2,6.3,0.9,3.9,3.4,3.6,5.87,1,1,general,→,2035+,中国教育督导：AI替代抗性强，加班文化严重，就业稳定,5.7,4.63,6.73,芬兰,尼日利亚,5.81,5.41,5.67,5.76,6.68,5.87,4.96,5.7,5.24,6.38,6.35,4.93,0.17,2026-04-13,2026-04-13,2000-2026
信息技术与数字化,TECH,软件开发,低代码/无代码开发者,Low-Code/No-Code Developer,2.9,2.5,7.3,4.2,8.7,7.1,6.4,5.3,5.7,7.9,3.2,9.5,5.4,2.4,3.4,5.7,6.5,2.4,3.6,5.4,6.8,4.2,4.4,5.7,7.4,5.7,6.5,5.2,0.8,0.0,5.2,6.9,4.5,2.1,5.87,2,4,general,↑↑,2026-2030,中国低代码/无代码开发者：AI替代风险较高，加班文化严重，就业波动大,5.81,4.59,6.8,瑞士,孟加拉国,5.85,5.49,5.83,5.88,6.63,6.23,5.07,5.75,5.39,6.48,6.69,4.85,0.06,2026-04-13,2026-04-13,2000-2026
技术工种与手工业,SKL,管道暖通,管道安装工,Pipefitter,3.7,3.2,6.4,7.8,7.2,8.4,6.7,7.5,7.5,6.8,6.9,4.2,4.4,1.9,2.8,6.4,4.8,1.8,8.1,4.8,0.0,6.5,2.7,6.9,7.5,2.5,5.9,5.9,7.3,5.6,4.5,6.7,5.7,2.6,5.87,3,3,general,↑,2035+,中国管道安装工：AI替代抗性强，加班文化严重,6.3,5.17,7.49,德国,孟加拉国,6.24,5.88,6.45,6.31,7.17,6.63,5.28,6.21,5.78,7.38,7.24,5.58,-0.43,2026-04-13,2026-04-13,2000-2026
工程与制造,ENG,机械工程,振动与噪声工程师,Vibration & Acoustics Engineer,7.0,7.4,6.2,7.4,6.9,5.7,5.7,7.5,8.2,6.6,7.2,7.3,3.9,1.7,2.8,7.4,5.8,1.2,7.5,6.8,3.1,5.4,4.4,7.6,4.7,3.8,6.0,5.0,3.0,2.4,4.9,3.4,5.4,3.1,5.86,2,2,general,↑,2032-2038,中国振动与噪声工程师：薪资回报高，AI替代抗性强，加班文化严重,5.85,4.62,7.0,瑞士,尼日利亚,5.97,5.49,5.89,5.86,6.81,6.13,4.94,5.87,5.35,6.45,6.75,4.98,0.01,2026-04-13,2026-04-13,2000-2026
工程与制造,ENG,化学工程,材料工程师,Materials Engineer,6.8,6.9,7.1,7.3,7.7,7.5,7.1,7.8,8.1,7.5,7.0,5.3,3.2,2.2,2.6,6.7,5.2,0.8,6.9,7.6,2.1,4.9,2.9,7.6,4.2,3.5,6.2,4.8,3.2,3.3,4.4,3.7,5.1,2.8,5.86,2,2,general,↑,2032-2038,中国材料工程师：薪资回报高，加班文化严重,5.81,4.51,7.02,德国,尼日利亚,5.89,5.5,5.91,5.78,6.76,6.07,4.9,5.78,5.32,6.34,6.73,4.97,0.05,2026-04-13,2026-04-13,2000-2026
医疗与健康,MED,临床医学,耳鼻喉科医生,Otolaryngologist (ENT),9.3,9.4,7.8,8.6,9.5,9.5,8.2,6.1,8.3,6.2,8.3,7.4,3.5,0.0,1.1,6.1,4.9,2.2,7.3,9.1,2.3,5.4,2.1,8.1,6.6,5.3,6.5,8.3,5.4,9.1,1.6,3.8,5.3,3.1,5.86,3,2,general,↑,2032-2038,中国耳鼻喉科医生：薪资回报高，人才需求旺盛，加班文化严重,5.91,4.84,6.76,德国,孟加拉国,5.99,5.62,5.84,5.95,6.53,6.21,5.13,6.05,5.6,6.52,6.6,5.2,-0.05,2026-04-13,2026-04-13,2000-2026
技术工种与手工业,SKL,电气技术,电动车充电桩安装技师,EV Charging Station Installer,4.3,3.8,8.5,8.3,6.8,7.1,7.4,6.9,7.2,6.7,6.5,4.9,5.1,2.1,3.2,6.7,5.7,1.5,7.4,5.6,0.2,6.7,2.5,6.6,6.8,1.6,5.5,5.8,6.4,5.9,5.3,6.6,4.8,2.9,5.86,4,5,general,↑↑,2032-2038,中国电动车充电桩安装技师：加班文化严重，近年增长迅猛,6.28,5.11,7.44,德国,孟加拉国,6.24,5.89,6.43,6.28,7.26,6.57,5.22,6.22,5.77,7.33,7.2,5.51,-0.42,2026-04-13,2026-04-13,2000-2026
医疗与健康,MED,临床医学,内分泌科医生,Endocrinologist,8.7,9.4,7.6,8.7,9.2,9.5,8.2,6.3,7.5,6.4,8.2,7.1,3.8,0.5,2.6,5.8,4.3,2.2,7.0,8.9,2.9,5.9,3.3,7.9,6.0,4.1,6.8,8.3,5.0,9.4,1.9,3.6,5.3,3.4,5.86,3,4,general,↑↑,2032-2038,中国内分泌科医生：人才需求旺盛，加班文化严重，就业稳定,6.08,4.96,6.93,瑞士,孟加拉国,6.15,5.82,5.94,6.12,6.8,6.34,5.28,6.2,5.71,6.66,6.81,5.34,-0.22,2026-04-13,2026-04-13,2000-2026
文化、艺术与传媒,ART,会展,拍卖师,Auctioneer,4.3,4.3,5.9,7.7,6.5,6.0,5.3,5.5,8.0,5.3,5.3,7.4,6.3,1.6,3.0,6.8,6.0,1.6,7.9,6.7,4.2,5.0,2.1,6.9,6.6,4.9,6.7,8.9,4.4,3.0,6.5,5.3,5.4,4.3,5.86,3,1,general,→,2035+,中国拍卖师：薪资回报高，AI替代抗性强，加班文化严重,5.9,4.78,6.82,荷兰,巴基斯坦,5.94,5.56,5.87,5.77,6.62,6.17,5.12,5.99,5.59,6.52,6.72,5.24,-0.04,2026-04-13,2026-04-13,2000-2026
法律与社会服务,LAW,合规与监管,法规事务专员,Regulatory Affairs Specialist,6.1,6.2,6.3,7.7,6.6,6.5,6.3,5.3,7.5,6.0,6.3,9.4,5.4,4.1,3.7,5.8,5.3,1.7,6.0,6.8,6.9,5.2,2.9,5.3,5.1,5.2,6.4,7.0,0.4,6.1,2.7,3.5,5.6,3.6,5.86,2,2,general,↑,2028-2033,中国法规事务专员：发展平稳,6.06,5.07,6.98,瑞士,孟加拉国,6.09,5.74,5.91,6.02,6.73,6.36,5.33,6.13,5.7,6.79,6.86,5.44,-0.2,2026-04-13,2026-04-13,2000-2026
工程与制造,ENG,环境工程,可靠性/可用性工程师(RAMS),"RAMS Engineer (Reliability, Availability)",5.7,6.0,6.9,7.2,7.4,7.8,7.1,7.4,7.9,6.3,7.3,5.3,4.4,2.4,2.2,6.8,6.5,1.4,7.0,6.3,3.9,4.5,2.9,7.6,5.2,3.9,6.3,5.7,3.8,3.8,4.3,2.9,4.1,3.4,5.85,3,3,general,↑,2032-2038,中国可靠性/可用性工程师(RAMS)：加班文化严重,5.84,4.64,6.99,德国,尼日利亚,5.93,5.49,5.89,5.78,6.79,6.17,4.99,5.86,5.36,6.42,6.78,4.93,0.01,2026-04-13,2026-04-13,2000-2026
医疗与健康,MED,护理,护士长,Head Nurse / Nurse Manager,6.4,6.4,6.9,7.2,8.9,10.0,9.0,7.6,5.3,6.3,8.1,6.9,2.8,0.8,1.1,5.5,5.8,1.5,7.9,6.5,1.8,5.3,2.1,6.7,3.7,3.6,5.4,9.3,6.2,6.3,0.8,3.6,6.7,2.7,5.85,3,3,general,↑,2035+,中国护士长：人才需求旺盛，AI替代抗性强，加班文化严重,6.14,5.0,7.06,德国,孟加拉国,6.13,5.89,6.04,6.18,6.86,6.45,5.3,6.26,5.8,6.72,6.87,5.46,-0.29,2026-04-13,2026-04-13,2000-2026
工程与制造,ENG,土木与建筑,城市规划师,Urban Planner,6.1,6.0,7.4,8.4,10.0,8.3,7.5,6.2,7.0,6.8,6.0,4.8,4.2,2.7,3.3,6.3,5.6,0.8,7.4,8.2,3.7,4.5,3.0,7.3,4.9,3.5,6.8,6.2,4.9,5.5,7.0,2.4,3.5,2.6,5.85,2,2,general,↑,2032-2038,中国城市规划师：人才需求旺盛，加班文化严重,5.76,4.53,6.92,德国,孟加拉国,5.91,5.43,5.79,5.79,6.69,6.07,4.83,5.69,5.22,6.43,6.65,4.92,0.09,2026-04-13,2026-04-13,2000-2026
工程与制造,ENG,机械工程,液压工程师,Hydraulic Systems Engineer,6.0,5.9,6.6,7.9,7.0,7.1,6.4,7.2,7.6,6.6,6.3,7.3,4.1,2.7,2.2,6.5,6.2,1.3,6.7,8.0,1.9,5.2,3.7,6.8,5.2,3.7,6.2,5.3,3.7,2.5,5.9,3.4,5.7,2.5,5.85,2,2,general,↑,2032-2038,中国液压工程师：加班文化严重,5.86,4.67,7.09,瑞士,尼日利亚,5.97,5.51,5.91,5.81,6.76,6.12,5.01,5.82,5.37,6.47,6.81,5.02,-0.01,2026-04-13,2026-04-13,2000-2026
文化、艺术与传媒,ART,动画游戏,游戏叙事设计师,Narrative Designer,5.8,5.4,7.8,6.8,7.8,7.2,7.0,6.4,7.2,5.5,4.0,7.2,5.8,0.7,4.8,6.5,5.7,1.9,6.9,5.8,6.4,6.2,1.4,8.2,5.9,3.7,6.0,5.8,2.4,1.5,5.6,4.8,5.5,5.3,5.85,4,2,general,↑,2032-2038,中国游戏叙事设计师：加班文化严重，就业波动大,6.0,4.87,7.01,荷兰,孟加拉国,6.04,5.63,5.91,5.88,6.68,6.31,5.17,6.14,5.69,6.62,6.91,5.36,-0.15,2026-04-13,2026-04-13,2000-2026
工程与制造,ENG,质量控制,质量控制工程师(QC),Quality Control Engineer,5.3,5.5,5.7,8.0,7.5,8.2,5.7,6.8,8.0,6.3,7.0,7.3,4.9,2.9,3.5,7.0,5.6,0.6,5.9,6.4,1.5,4.7,4.0,6.6,4.1,5.4,6.8,5.8,3.8,3.7,4.6,3.1,4.4,2.3,5.85,2,2,general,↑,2028-2033,中国质量控制工程师(QC)：薪资回报高，加班文化严重,5.82,4.68,6.92,瑞士,尼日利亚,5.93,5.51,5.85,5.78,6.73,6.09,4.98,5.83,5.3,6.46,6.7,4.98,0.03,2026-04-13,2026-04-13,2000-2026
医疗与健康,MED,临床医学,麻醉科医生,Anesthesiologist,8.7,9.6,7.8,8.5,8.5,9.7,8.5,7.3,9.6,5.9,8.3,6.2,4.1,0.0,0.1,5.7,4.9,1.8,6.7,8.4,2.4,5.4,0.9,8.7,6.4,5.2,7.2,7.9,5.8,8.9,0.9,3.8,5.4,3.4,5.85,3,3,general,↑,2032-2038,中国麻醉科医生：薪资回报高，人才需求旺盛，加班文化严重,5.92,4.91,6.75,德国,尼日利亚,5.96,5.67,5.79,5.98,6.64,6.17,5.18,6.05,5.57,6.54,6.53,5.24,-0.07,2026-04-13,2026-04-13,2000-2026
工程与制造,ENG,制造管理,设备维护经理,Maintenance Manager,5.9,5.3,6.4,7.8,7.6,8.5,6.0,6.2,9.0,7.5,7.2,5.5,4.3,1.4,2.8,7.2,6.8,1.0,6.7,7.0,0.5,5.2,3.6,6.3,5.8,4.0,6.4,6.9,3.7,3.0,6.0,2.9,4.0,3.4,5.85,2,2,general,↑,2032-2038,中国设备维护经理：薪资回报高，加班文化严重,6.0,4.73,7.08,瑞士,尼日利亚,6.07,5.69,6.1,6.02,6.84,6.24,5.06,6.03,5.54,6.6,6.9,5.18,-0.15,2026-04-13,2026-04-13,2000-2026
文化、艺术与传媒,ART,广告公关,广告文案,Advertising Copywriter,5.0,5.0,5.8,7.6,7.1,8.1,6.2,5.9,6.3,6.0,5.3,8.0,6.3,0.4,4.1,7.6,6.9,1.3,3.9,6.6,5.7,6.0,2.0,7.1,6.3,5.5,6.0,7.0,1.9,1.4,5.7,5.8,5.2,3.5,5.84,3,1,general,→,2026-2030,中国广告文案：AI替代风险较高，加班文化严重,5.94,4.72,6.86,荷兰,孟加拉国,5.98,5.63,5.9,5.78,6.59,6.29,5.1,6.07,5.58,6.6,6.8,5.3,-0.1,2026-04-13,2026-04-13,2000-2026
工程与制造,ENG,电气工程,光电工程师,Optoelectronics Engineer,6.8,7.0,7.2,7.3,8.1,6.0,7.0,7.0,7.6,7.5,7.2,6.5,3.8,1.6,3.0,6.4,6.8,1.4,7.0,7.2,2.7,5.2,2.8,7.4,5.3,4.0,6.1,5.5,3.4,3.6,5.2,3.4,4.9,3.4,5.84,2,2,general,↑,2032-2038,中国光电工程师：加班文化严重,5.96,4.74,7.12,瑞士,孟加拉国,6.05,5.63,6.0,5.92,6.92,6.21,5.02,5.93,5.49,6.57,6.91,5.16,-0.12,2026-04-13,2026-04-13,2000-2026
交通运输与物流,TRA,城市交通,交通规划师,Transportation Planner,7.6,6.7,8.2,7.5,7.3,6.8,7.5,6.7,8.3,5.7,6.3,7.7,6.2,2.2,3.3,6.4,5.9,1.7,6.4,7.4,3.5,6.6,2.4,6.7,5.0,4.7,6.4,5.4,1.5,4.3,4.2,3.4,4.5,6.0,5.84,3,4,general,↑↑,2032-2038,中国交通规划师：薪资回报高，人才需求旺盛，加班文化严重,5.92,4.45,7.06,德国,孟加拉国,6.01,5.62,5.89,6.01,6.87,6.27,4.75,5.98,5.42,6.68,6.86,5.05,-0.08,2026-04-13,2026-04-13,2000-2026
文化、艺术与传媒,ART,动画游戏,概念艺术家,Concept Artist,5.6,5.4,7.2,7.1,6.8,7.0,7.2,6.8,8.1,6.8,5.5,7.5,5.5,0.0,4.2,6.8,5.3,2.6,6.0,6.0,6.6,5.0,1.4,8.8,5.1,4.3,5.8,5.1,2.4,1.3,6.5,5.1,6.1,5.3,5.84,4,2,general,↑,2032-2038,中国概念艺术家：薪资回报高，加班文化严重,5.93,4.78,6.84,德国,孟加拉国,6.0,5.54,5.93,5.78,6.66,6.27,5.06,6.05,5.54,6.64,6.8,5.24,-0.09,2026-04-13,2026-04-13,2000-2026
文化、艺术与传媒,ART,设计创意,展览设计师,Exhibition Designer,4.8,5.0,6.2,7.8,7.1,6.4,6.4,7.1,6.9,6.6,4.3,8.0,5.5,1.6,3.8,7.2,5.8,1.7,5.5,5.8,3.0,6.7,2.4,7.5,7.1,4.7,5.9,5.7,3.5,1.4,5.6,6.6,4.7,4.0,5.83,3,1,general,→,2028-2033,中国展览设计师：加班文化严重,5.98,4.81,6.91,瑞士,孟加拉国,6.01,5.68,5.97,5.76,6.78,6.37,5.11,6.06,5.61,6.65,6.84,5.32,-0.15,2026-04-13,2026-04-13,2000-2026
医疗与健康,MED,护理,儿科护士,Pediatric Nurse,5.1,5.3,7.9,7.0,9.7,10.0,9.0,7.3,4.5,6.5,8.2,6.9,3.2,0.0,1.8,5.3,5.0,1.4,7.5,5.4,1.7,3.9,1.9,8.0,4.4,3.7,5.8,8.2,6.1,7.0,0.7,3.2,6.5,2.5,5.83,3,3,general,↑,2035+,中国儿科护士：薪资水平偏低，人才需求旺盛，AI替代抗性强,6.04,5.02,7.03,瑞士,孟加拉国,6.08,5.76,5.86,6.03,6.82,6.36,5.29,6.21,5.69,6.7,6.78,5.31,-0.21,2026-04-13,2026-04-13,2000-2026
法律与社会服务,LAW,法律助理/律师助理,专利代理人,Patent Agent,7.4,7.5,7.3,8.0,7.0,5.0,6.8,6.0,8.1,7.0,5.7,9.4,5.3,2.9,3.5,6.3,5.0,1.7,5.2,6.2,6.5,5.1,3.7,6.9,7.4,4.1,5.8,6.4,0.3,7.8,2.7,3.7,6.2,4.6,5.83,3,2,general,↑,2028-2033,中国专利代理人：薪资回报高，加班文化严重,6.11,5.0,7.03,荷兰,孟加拉国,6.21,5.8,6.01,5.99,6.87,6.36,5.33,6.22,5.71,6.9,6.97,5.34,-0.28,2026-04-13,2026-04-13,2000-2026
工程与制造,ENG,制造管理,生产计划员,Production Planner,5.1,4.3,6.6,7.0,8.6,9.1,6.2,6.8,7.2,7.8,7.0,6.5,4.8,1.1,2.6,7.3,7.0,1.2,4.5,5.3,2.0,5.9,2.7,6.3,5.5,4.9,7.2,7.3,3.0,2.6,5.9,2.9,4.9,3.6,5.83,2,2,general,↑,2028-2033,中国生产计划员：加班文化严重,5.82,4.57,7.06,瑞士,孟加拉国,5.86,5.47,5.92,5.8,6.74,6.13,4.94,5.76,5.35,6.45,6.76,4.96,0.01,2026-04-13,2026-04-13,2000-2026
工程与制造,ENG,环境工程,水处理工程师(工业),Industrial Water Treatment Engineer,6.3,5.8,6.6,7.5,7.8,7.6,7.0,7.0,8.6,6.2,6.3,4.8,4.4,2.9,2.1,6.8,5.8,1.1,6.8,7.3,2.4,4.1,3.7,7.3,4.9,5.2,6.2,6.0,4.5,4.0,4.2,2.5,5.1,3.0,5.83,3,3,general,↑,2032-2038,中国水处理工程师(工业)：薪资回报高，加班文化严重,5.73,4.49,6.87,瑞士,孟加拉国,5.87,5.41,5.81,5.65,6.62,6.0,4.83,5.77,5.26,6.38,6.65,4.86,0.1,2026-04-13,2026-04-13,2000-2026
医疗与健康,MED,护理,肿瘤科护士,Oncology Nurse,5.4,5.1,7.8,7.1,9.6,10.0,8.4,8.1,4.8,5.8,8.5,6.9,2.8,0.0,0.1,5.0,4.8,1.6,7.6,6.4,1.9,4.4,2.4,7.1,3.9,4.5,6.2,8.4,6.8,6.9,0.6,4.2,6.6,2.4,5.83,3,3,general,↑,2035+,中国肿瘤科护士：人才需求旺盛，AI替代抗性强，加班文化严重,6.04,4.97,6.92,瑞士,孟加拉国,6.03,5.77,5.93,6.06,6.71,6.38,5.21,6.17,5.73,6.64,6.76,5.38,-0.21,2026-04-13,2026-04-13,2000-2026
工程与制造,ENG,质量控制,质量保证工程师(QA),Quality Assurance Engineer,5.5,6.1,5.5,8.1,7.9,8.0,5.7,5.8,7.7,6.8,6.7,7.1,5.1,3.1,3.8,7.0,5.7,0.6,5.2,6.8,3.2,5.0,3.9,5.4,4.4,5.5,6.7,5.6,2.7,3.5,3.9,3.7,4.8,3.3,5.83,2,2,general,↑,2028-2033,中国质量保证工程师(QA)：加班文化严重,5.83,4.66,6.97,德国,尼日利亚,5.85,5.48,5.87,5.79,6.75,6.12,5.02,5.91,5.32,6.45,6.75,4.96,0.0,2026-04-13,2026-04-13,2000-2026
医疗与健康,MED,护理,注册护士,Registered Nurse,4.8,4.8,7.6,7.3,10.0,10.0,9.7,8.2,3.6,6.0,8.0,6.8,2.3,0.8,1.8,5.1,5.0,1.4,7.5,5.7,1.3,3.1,2.7,7.3,4.1,3.3,5.5,8.6,6.3,7.0,1.3,3.6,7.0,2.4,5.83,3,4,general,↑↑,2035+,中国注册护士：薪资水平偏低，人才需求旺盛，AI替代抗性强,6.07,5.08,6.96,瑞士,孟加拉国,6.09,5.81,6.01,6.11,6.87,6.4,5.23,6.12,5.77,6.66,6.76,5.36,-0.24,2026-04-13,2026-04-13,2000-2026
医疗与健康,MED,药学,药品质量管理员,Pharmaceutical QA Specialist,5.8,7.4,6.6,8.2,8.4,10.0,7.1,5.2,7.0,6.3,7.0,8.9,4.6,1.7,2.9,5.2,5.4,1.6,5.9,6.7,3.2,4.4,3.8,6.6,7.2,6.2,7.0,6.7,2.3,7.8,1.4,4.5,4.4,3.9,5.83,2,2,general,↑,2028-2033,中国药品质量管理员：加班文化严重,6.0,4.81,6.96,瑞士,尼日利亚,6.1,5.72,5.8,6.06,6.8,6.33,5.17,6.15,5.55,6.7,6.81,5.13,-0.17,2026-04-13,2026-04-13,2000-2026
工程与制造,ENG,化学工程,环境化学工程师,Environmental Chemical Engineer,6.2,6.8,6.9,7.4,7.7,7.4,6.4,6.7,9.0,7.5,7.0,5.8,3.8,2.2,2.0,6.5,6.3,1.2,6.4,7.0,2.3,4.4,4.0,7.7,4.8,3.5,6.5,4.7,3.7,3.0,5.2,3.7,5.3,3.2,5.83,3,3,general,↑,2032-2038,中国环境化学工程师：薪资回报高，加班文化严重,5.73,4.46,6.93,瑞士,尼日利亚,5.81,5.39,5.78,5.7,6.73,5.99,4.87,5.73,5.25,6.28,6.63,4.9,0.1,2026-04-13,2026-04-13,2000-2026
文化、艺术与传媒,ART,会展,艺术博览会策展人,Art Fair Curator,4.8,4.2,5.9,7.5,7.1,6.0,5.3,5.9,6.8,6.0,4.8,7.4,5.8,2.4,2.8,6.7,6.4,1.7,6.5,7.4,4.2,4.9,3.2,7.8,6.8,4.3,5.7,8.0,3.7,1.7,5.9,5.1,5.0,3.5,5.83,3,1,general,→,2032-2038,中国艺术博览会策展人：加班文化严重,5.87,4.73,6.88,荷兰,孟加拉国,5.93,5.55,5.83,5.72,6.6,6.22,5.02,5.99,5.52,6.59,6.7,5.17,-0.04,2026-04-13,2026-04-13,2000-2026
文化、艺术与传媒,ART,出版写作,口译员,Interpreter,5.0,5.1,4.3,7.7,6.1,5.6,4.7,5.9,7.6,5.1,4.5,8.0,6.7,1.6,2.8,7.2,6.6,2.7,5.9,6.4,3.7,6.9,3.5,7.9,7.1,5.7,6.9,7.7,2.2,1.5,5.1,6.6,7.0,2.8,5.83,1,-1,general,→,2028-2033,中国口译员：加班文化严重,5.92,4.68,6.87,瑞士,孟加拉国,5.99,5.57,5.9,5.78,6.61,6.29,5.06,5.99,5.52,6.64,6.8,5.26,-0.09,2026-04-13,2026-04-13,2000-2026
医疗与健康,MED,临床医学,老年科医生,Geriatrician,8.7,8.8,7.0,8.9,9.3,10.0,8.6,7.9,6.4,5.0,8.9,7.4,3.3,0.8,2.1,5.5,4.9,2.1,7.1,7.2,2.3,5.8,3.1,7.7,6.6,4.3,6.4,8.0,5.4,9.4,0.9,3.4,5.5,3.3,5.82,4,5,general,↑↑,2032-2038,中国老年科医生：人才需求旺盛，加班文化严重，就业稳定,6.04,4.94,6.85,德国,孟加拉国,6.08,5.78,5.86,6.06,6.76,6.36,5.2,6.19,5.76,6.74,6.73,5.34,-0.22,2026-04-13,2026-04-13,2000-2026
技术工种与手工业,SKL,管道暖通,洒水/消防系统安装工,Sprinkler Fitter / Fire Suppression Installer,3.5,2.6,6.0,7.5,7.1,7.6,6.7,7.6,6.3,7.9,6.3,3.9,4.4,1.2,3.3,6.0,4.3,1.6,8.4,5.0,0.5,7.0,2.7,6.7,8.1,2.5,5.7,5.7,7.3,6.6,3.8,6.9,5.1,2.4,5.82,3,3,general,↑,2035+,中国洒水/消防系统安装工：AI替代抗性强，加班文化严重,6.3,5.11,7.43,瑞士,孟加拉国,6.28,5.9,6.39,6.25,7.14,6.65,5.24,6.31,5.82,7.32,7.24,5.56,-0.48,2026-04-13,2026-04-13,2000-2026
文化、艺术与传媒,ART,动画游戏,游戏UI设计师,Game UI Designer,5.3,5.4,6.6,6.7,7.5,6.6,7.0,6.5,7.7,7.1,5.2,7.2,6.2,0.0,4.2,6.8,6.0,2.0,5.4,6.2,6.3,5.7,2.1,7.7,5.8,3.9,5.7,5.7,2.4,1.2,5.6,4.9,5.1,5.1,5.82,4,2,general,↑,2028-2033,中国游戏UI设计师：加班文化严重,5.88,4.66,6.85,德国,巴基斯坦,5.98,5.56,5.87,5.65,6.62,6.14,5.01,5.94,5.53,6.57,6.77,5.2,-0.06,2026-04-13,2026-04-13,2000-2026
技术工种与手工业,SKL,传统手工艺,珠宝工匠,Jewelry Craftsman / Goldsmith,6.5,3.0,3.9,7.9,5.3,4.6,5.9,5.6,6.6,5.7,5.1,5.9,5.4,2.8,4.3,4.8,3.6,2.1,9.5,6.8,1.4,7.7,4.0,9.2,7.9,3.9,7.7,5.3,4.0,1.8,3.8,6.2,4.7,1.7,5.82,0,0,general,→,2035+,中国珠宝工匠：AI替代抗性强，加班文化严重,6.06,4.89,7.5,瑞士,孟加拉国,6.06,5.64,6.11,5.99,6.95,6.28,5.08,6.23,5.56,6.92,7.12,5.26,-0.24,2026-04-13,2026-04-13,2000-2026
工程与制造,ENG,化学工程,高分子材料工程师,Polymer Engineer,6.6,6.3,5.7,7.2,6.8,6.7,5.5,6.7,9.3,7.8,7.5,5.5,4.1,1.7,2.8,6.5,5.4,0.9,6.8,7.8,3.5,5.5,3.0,6.9,4.7,4.3,6.9,5.2,3.8,3.8,5.2,2.7,5.5,2.6,5.82,2,1,general,→,2032-2038,中国高分子材料工程师：薪资回报高，加班文化严重，就业稳定,5.66,4.49,6.74,瑞士,孟加拉国,5.79,5.29,5.73,5.68,6.6,5.97,4.79,5.62,5.22,6.24,6.5,4.82,0.16,2026-04-13,2026-04-13,2000-2026
工程与制造,ENG,土木与建筑,岩土工程师,Geotechnical Engineer,5.8,6.6,7.3,7.8,9.2,8.3,6.7,5.8,8.8,7.3,6.3,5.1,4.1,1.9,2.8,6.0,5.4,1.0,8.0,7.8,1.5,4.7,3.7,6.1,5.5,4.1,6.3,6.6,5.2,5.5,6.5,3.3,4.3,3.3,5.82,2,2,general,↑,2035+,中国岩土工程师：薪资回报高，AI替代抗性强，加班文化严重,5.67,4.44,6.79,德国,尼日利亚,5.83,5.3,5.73,5.72,6.58,5.94,4.8,5.68,5.15,6.29,6.51,4.81,0.15,2026-04-13,2026-04-13,2000-2026
交通运输与物流,TRA,城市交通,共享出行运营经理,Shared Mobility Operations Manager,5.8,5.8,7.8,7.9,7.5,6.8,6.7,6.9,7.8,6.4,6.3,7.7,4.9,1.6,3.3,6.1,5.5,1.4,5.7,6.3,4.8,5.3,3.0,6.5,6.6,4.4,6.0,7.3,3.0,3.8,4.1,2.9,3.7,5.5,5.82,3,4,general,↑↑,2028-2033,中国共享出行运营经理：加班文化严重，近年增长迅猛,5.92,4.52,7.01,德国,孟加拉国,6.03,5.58,5.98,5.96,6.91,6.25,4.81,5.98,5.44,6.65,6.85,5.0,-0.1,2026-04-13,2026-04-13,2000-2026
法律与社会服务,LAW,合规与监管,法律AI训练师,Legal AI Trainer / Specialist,6.1,5.3,7.5,5.0,7.7,4.4,6.9,7.2,6.9,6.7,4.5,9.2,4.9,2.7,2.6,7.5,6.1,2.7,4.6,5.3,7.9,5.9,3.4,5.9,7.8,6.1,5.0,6.0,0.2,3.8,5.4,5.4,6.3,3.9,5.82,3,5,general,↑↑,2028-2033,中国法律AI训练师：加班文化严重，近年增长迅猛,6.19,5.17,7.2,瑞士,孟加拉国,6.23,5.87,6.04,6.11,6.9,6.54,5.41,6.3,5.82,6.86,7.02,5.54,-0.37,2026-04-13,2026-04-13,2000-2026
文化、艺术与传媒,ART,影视制作,电影导演,Film Director,5.8,5.1,6.9,8.1,7.3,7.5,5.9,6.7,8.9,5.6,4.1,5.9,5.5,1.4,3.6,6.7,5.7,4.2,6.5,9.0,3.9,9.3,1.4,9.0,7.8,4.8,4.5,7.2,3.9,2.4,7.2,4.7,4.9,5.2,5.82,3,1,general,→,2032-2038,中国电影导演：薪资回报高，加班文化严重,5.75,4.73,6.61,荷兰,巴基斯坦,5.84,5.45,5.72,5.6,6.37,6.16,5.0,5.82,5.42,6.29,6.48,5.14,0.07,2026-04-13,2026-04-13,2000-2026
农业、资源与环境,AGR,农业科技,农业气象学家,Agricultural Meteorologist,7.9,7.2,7.8,7.0,7.7,4.5,6.0,7.8,6.6,7.5,6.0,7.0,5.2,1.5,4.0,6.9,6.4,1.3,6.5,6.2,4.4,6.2,3.2,7.2,5.7,4.7,5.4,5.2,2.5,3.2,5.7,3.8,6.0,3.6,5.82,3,4,general,↑↑,2032-2038,中国农业气象学家：加班文化严重，近年增长迅猛,5.99,4.91,7.12,荷兰,尼日利亚,5.83,5.6,6.07,5.94,6.79,6.3,5.07,6.17,5.79,6.86,6.81,5.17,-0.17,2026-04-13,2026-04-13,2000-2026
技术工种与手工业,SKL,传统手工艺,制表师/钟表匠,Watchmaker / Horologist,7.6,4.5,4.1,8.3,5.3,4.9,7.1,7.4,7.0,4.5,5.1,5.7,4.4,2.4,3.8,4.3,3.1,1.7,9.2,7.3,2.2,7.0,3.9,9.0,7.4,3.2,7.5,4.9,3.0,2.4,4.1,6.8,6.4,1.6,5.82,0,0,general,→,2035+,中国制表师/钟表匠：AI替代抗性强，加班文化严重,6.18,5.06,7.43,德国,孟加拉国,6.19,5.74,6.32,6.09,7.18,6.38,5.25,6.29,5.65,6.96,7.16,5.43,-0.36,2026-04-13,2026-04-13,2000-2026
工程与制造,ENG,土木与建筑,景观设计师,Landscape Architect,6.5,6.8,7.8,8.3,8.7,9.5,6.8,5.8,7.4,6.5,6.9,4.8,3.1,2.1,3.1,6.9,5.8,0.9,7.7,6.9,3.3,4.1,2.5,8.4,6.0,3.0,6.8,6.0,5.2,4.8,6.7,3.1,4.0,3.0,5.81,2,2,general,↑,2035+,中国景观设计师：AI替代抗性强，加班文化严重,5.78,4.58,6.87,瑞士,孟加拉国,5.87,5.47,5.85,5.76,6.68,6.17,4.91,5.76,5.26,6.42,6.67,4.94,0.03,2026-04-13,2026-04-13,2000-2026
医疗与健康,MED,临床医学,急诊科医生,Emergency Medicine Physician,9.1,8.8,7.4,8.3,9.0,10.0,8.0,7.9,8.5,5.7,8.3,6.4,3.5,0.0,0.0,5.8,5.3,2.2,8.4,8.0,2.5,5.6,0.0,8.7,6.8,4.0,6.8,7.7,6.7,9.2,0.7,3.4,5.5,3.6,5.81,3,4,general,↑↑,2035+,中国急诊科医生：薪资回报高，人才需求旺盛，AI替代抗性强,5.89,4.76,6.76,德国,巴基斯坦,5.96,5.6,5.75,5.91,6.63,6.16,5.02,6.06,5.54,6.54,6.6,5.19,-0.08,2026-04-13,2026-04-13,2000-2026
金融与商业,FIN,房地产,房地产估价师,Real Estate Appraiser,4.1,3.7,5.9,7.4,8.3,10.0,5.7,5.1,8.4,7.8,6.7,9.0,5.1,0.8,3.6,5.2,5.8,2.6,4.9,6.7,4.4,6.1,2.3,6.1,8.7,4.2,6.5,7.6,2.7,6.7,9.4,6.1,3.2,2.4,5.81,2,0,general,→,2028-2033,中国房地产估价师：薪资回报高，加班文化严重,5.66,4.34,6.87,瑞士,孟加拉国,5.87,5.31,5.37,5.83,6.3,6.06,4.77,5.55,5.23,6.34,6.61,4.86,0.15,2026-04-13,2026-04-13,2000-2026
农业、资源与环境,AGR,农业科技,土壤科学家,Soil Scientist,7.6,7.8,7.3,7.8,7.3,6.3,7.5,8.4,7.1,6.0,5.4,6.8,6.2,2.4,2.8,6.5,6.4,1.5,6.8,7.0,2.7,6.7,2.7,7.4,6.3,4.0,5.1,5.8,4.3,3.5,5.4,3.9,5.3,3.6,5.81,3,4,general,↑↑,2032-2038,中国土壤科学家：人才需求旺盛，加班文化严重，近年增长迅猛,5.99,4.95,7.1,荷兰,孟加拉国,5.86,5.62,6.01,5.96,6.82,6.34,5.05,6.13,5.8,6.88,6.78,5.22,-0.18,2026-04-13,2026-04-13,2000-2026
文化、艺术与传媒,ART,广告公关,媒介购买,Media Buyer,5.0,5.3,5.9,7.0,6.9,7.5,6.7,6.7,7.2,5.6,5.5,7.9,6.0,0.5,3.5,7.7,7.0,1.7,4.4,6.0,5.4,5.4,3.2,6.0,6.8,4.3,5.9,7.2,1.8,1.2,6.1,5.2,5.2,3.3,5.81,3,1,general,→,2026-2030,中国媒介购买：加班文化严重,5.94,4.79,6.88,荷兰,孟加拉国,5.99,5.58,5.93,5.8,6.57,6.3,5.13,5.99,5.61,6.6,6.75,5.39,-0.13,2026-04-13,2026-04-13,2000-2026
工程与制造,ENG,环境工程,激光工程师,Laser Engineer,7.5,7.5,7.5,7.6,7.6,6.5,7.3,6.5,7.5,7.0,6.7,5.5,3.6,2.7,2.3,7.3,6.7,0.8,7.0,7.5,3.5,5.1,4.4,7.0,4.4,4.0,6.1,5.8,3.7,4.3,4.8,3.1,4.0,3.6,5.81,3,3,general,↑,2032-2038,中国激光工程师：加班文化严重,5.79,4.58,6.86,德国,尼日利亚,5.91,5.49,5.83,5.75,6.72,6.08,4.95,5.75,5.28,6.44,6.64,4.92,0.02,2026-04-13,2026-04-13,2000-2026
技术工种与手工业,SKL,管道暖通,燃气安装维修工,Gas Fitter,4.0,2.6,6.4,8.0,7.0,8.0,6.7,6.8,6.0,7.2,7.0,3.2,4.4,2.4,2.8,6.4,5.2,1.6,8.5,5.0,0.2,7.0,2.0,7.2,7.9,1.2,6.1,6.4,6.9,7.2,4.0,7.5,5.4,2.9,5.81,3,3,general,↑,2035+,中国燃气安装维修工：AI替代抗性强，加班文化严重,6.28,5.06,7.46,瑞士,孟加拉国,6.24,5.87,6.41,6.29,7.15,6.6,5.23,6.25,5.81,7.38,7.23,5.48,-0.47,2026-04-13,2026-04-13,2000-2026
医疗与健康,MED,康复与治疗,音乐治疗师,Music Therapist,5.2,5.7,7.2,7.7,8.7,5.5,5.0,6.2,4.2,5.6,8.0,8.6,3.3,1.3,2.7,5.2,5.5,1.5,7.2,5.7,3.6,5.7,2.9,9.1,7.6,6.1,6.5,8.0,4.9,6.4,2.2,5.1,4.4,2.6,5.81,3,3,general,↑,2032-2038,中国音乐治疗师：薪资水平偏低，加班文化严重，就业稳定,6.14,5.04,7.04,瑞士,孟加拉国,6.13,5.89,6.02,6.2,6.85,6.46,5.29,6.32,5.82,6.78,6.85,5.44,-0.33,2026-04-13,2026-04-13,2000-2026
文化、艺术与传媒,ART,出版写作,书法家,Calligrapher,5.4,5.4,4.3,9.3,5.3,4.0,3.9,5.0,5.1,4.5,3.5,7.9,6.2,2.4,2.3,7.5,6.4,2.7,9.5,6.0,7.1,7.0,3.7,9.4,7.5,5.5,6.8,4.9,1.2,1.8,3.9,6.2,5.2,2.8,5.81,1,-1,general,→,2035+,中国书法家：供过于求，AI替代抗性强，加班文化严重,6.04,4.89,7.01,荷兰,孟加拉国,6.1,5.68,6.0,5.91,6.76,6.44,5.19,6.06,5.74,6.7,6.89,5.35,-0.23,2026-04-13,2026-04-13,2000-2026
医疗与健康,MED,临床医学,肿瘤科医生,Oncologist,8.9,9.1,7.3,9.0,8.9,9.9,8.1,7.1,8.8,5.0,8.2,6.7,2.8,0.0,0.6,5.6,5.1,1.9,7.0,8.7,1.9,6.3,1.9,8.8,6.6,4.3,7.0,8.1,4.8,9.4,1.8,3.2,5.5,3.2,5.81,3,4,general,↑↑,2032-2038,中国肿瘤科医生：薪资回报高，人才需求旺盛，加班文化严重,5.93,4.88,6.8,荷兰,孟加拉国,6.03,5.63,5.79,5.95,6.6,6.25,5.12,6.11,5.63,6.53,6.59,5.23,-0.12,2026-04-13,2026-04-13,2000-2026
医疗与健康,MED,临床医学,全科医生,General Practitioner,8.0,8.0,7.6,9.2,9.1,9.6,7.7,7.2,5.3,6.2,7.7,7.4,2.9,1.3,3.2,6.2,5.0,2.4,6.8,6.6,2.7,5.1,3.4,7.9,5.8,4.3,8.2,7.6,5.3,8.9,0.8,4.0,5.3,3.6,5.81,3,3,general,↑,2032-2038,中国全科医生：人才需求旺盛，加班文化严重，就业稳定,6.11,4.9,7.1,瑞典,孟加拉国,6.18,5.81,5.99,6.13,6.86,6.42,5.27,6.3,5.76,6.76,6.81,5.42,-0.3,2026-04-13,2026-04-13,2000-2026
金融与商业,FIN,伊斯兰金融,塔卡福尔(伊斯兰保险)专员,Takaful Specialist,6.6,6.5,7.9,7.8,6.8,3.6,5.5,6.4,7.2,7.9,7.4,9.0,5.5,2.3,3.9,4.4,4.4,1.6,6.3,7.4,5.3,5.2,3.6,6.7,6.3,3.2,5.8,7.3,1.3,5.6,3.9,3.6,4.4,4.0,5.81,3,4,general,↑↑,2032-2038,中国塔卡福尔(伊斯兰保险)专员：加班文化严重，近年增长迅猛,5.72,4.7,6.83,瑞士,越南,5.7,5.55,5.35,6.14,6.31,5.98,5.17,5.44,5.07,6.22,6.55,5.22,0.09,2026-04-13,2026-04-13,2000-2026
工程与制造,ENG,机械工程,流体力学工程师,Fluid Mechanics Engineer,7.4,7.3,6.2,7.8,6.1,6.0,6.3,7.1,8.1,6.5,7.1,7.0,3.6,2.4,2.8,7.5,6.6,1.2,6.9,7.9,2.5,5.7,4.2,6.8,5.2,4.6,5.8,4.9,3.9,2.3,6.1,3.0,5.3,2.7,5.81,2,2,general,↑,2032-2038,中国流体力学工程师：薪资回报高，加班文化严重,5.86,4.67,7.02,瑞士,孟加拉国,5.95,5.53,6.0,5.77,6.79,6.17,4.97,5.84,5.39,6.42,6.79,5.06,-0.05,2026-04-13,2026-04-13,2000-2026
文化、艺术与传媒,ART,会展,画廊经营者,Gallery Owner / Dealer,4.5,4.8,5.8,7.5,6.9,6.6,5.9,6.4,7.8,6.3,4.8,7.5,7.0,1.6,2.5,6.2,5.7,3.1,6.2,6.8,3.0,7.9,2.6,6.5,9.6,4.7,6.5,7.1,4.1,2.2,6.9,5.1,5.3,3.9,5.8,3,1,general,→,2032-2038,中国画廊经营者：加班文化严重,5.9,4.77,6.91,荷兰,巴基斯坦,5.94,5.57,5.91,5.72,6.58,6.32,5.05,5.94,5.56,6.57,6.71,5.24,-0.1,2026-04-13,2026-04-13,2000-2026
服务业与消费,SVC,家政照护,老年护理员,Elderly Care Worker,3.9,2.2,9.8,6.7,8.7,8.3,9.7,6.6,4.1,4.1,4.2,6.2,4.9,1.4,5.2,4.6,4.7,1.7,9.5,3.9,0.9,3.2,1.7,6.5,5.0,6.6,5.3,7.2,6.5,1.8,3.5,4.5,4.1,3.0,5.8,3,5,general,↑↑,2035+,中国老年护理员：薪资水平偏低，人才需求旺盛，AI替代抗性强,5.81,4.7,6.96,瑞士,巴基斯坦,5.89,5.5,5.72,5.81,6.78,5.97,4.9,5.81,5.33,6.61,6.65,5.08,-0.01,2026-04-13,2026-04-13,2000-2026
工程与制造,ENG,电气工程,PLC编程工程师,PLC Programmer,5.8,5.4,6.5,7.0,8.2,7.4,6.8,7.2,9.0,7.5,6.7,6.8,4.8,1.2,2.8,7.6,6.0,1.4,4.9,5.8,2.1,5.7,2.7,7.0,4.7,3.7,6.9,4.8,3.9,3.0,4.9,3.2,5.3,3.6,5.8,2,2,general,↑,2028-2033,中国PLC编程工程师：薪资回报高，加班文化严重,5.88,4.66,7.07,德国,尼日利亚,5.95,5.55,5.94,5.88,6.8,6.16,4.98,5.89,5.38,6.52,6.79,5.03,-0.08,2026-04-13,2026-04-13,2000-2026
医疗与健康,MED,临床医学,风湿免疫科医生,Rheumatologist,8.8,9.3,7.2,8.1,9.4,8.8,7.0,6.9,6.3,5.9,8.5,7.2,3.3,2.2,3.3,5.8,4.7,2.2,7.0,9.2,2.0,6.3,1.9,8.6,5.9,5.2,6.3,8.0,5.1,8.9,1.1,3.2,5.3,3.2,5.8,3,3,general,↑,2032-2038,中国风湿免疫科医生：加班文化严重，就业稳定,5.99,4.93,6.8,荷兰,孟加拉国,6.08,5.71,5.85,5.98,6.7,6.32,5.2,6.15,5.66,6.64,6.67,5.24,-0.19,2026-04-13,2026-04-13,2000-2026
法律与社会服务,LAW,律师各专业,并购律师,M&A Lawyer,8.6,8.3,8.5,7.0,7.2,5.5,6.9,7.2,9.7,7.0,4.8,8.7,4.5,0.0,1.7,7.7,6.8,1.8,6.4,9.8,5.0,5.4,0.9,6.5,7.0,4.9,5.1,8.5,0.2,9.2,6.0,1.4,8.1,5.3,5.8,3,2,general,↑,2032-2038,中国并购律师：薪资回报高，加班文化严重,5.98,4.81,6.9,英国,孟加拉国,6.04,5.67,5.85,5.91,6.8,6.22,5.19,6.06,5.55,6.76,6.8,5.3,-0.18,2026-04-13,2026-04-13,2000-2026
文化、艺术与传媒,ART,博物馆与文化遗产,博物馆策展人,Museum Curator,6.9,6.5,5.4,8.0,6.0,5.2,5.9,7.0,7.1,5.6,6.2,7.9,7.0,3.1,2.6,6.4,4.8,0.4,7.6,7.3,2.5,6.9,3.8,7.8,4.2,4.9,7.3,6.2,3.0,3.8,3.6,3.6,4.1,5.6,5.8,2,0,general,→,2035+,中国博物馆策展人：AI替代抗性强，加班文化严重,5.92,4.9,6.87,荷兰,巴基斯坦,5.89,5.58,5.99,5.78,6.6,6.2,5.18,6.1,5.62,6.42,6.69,5.31,-0.12,2026-04-13,2026-04-13,2000-2026
医疗与健康,MED,传统与替代医学,针灸师,Acupuncturist,6.3,5.8,5.1,8.4,7.0,10.0,6.6,3.2,8.8,5.3,6.8,8.6,4.8,1.8,3.4,4.7,4.0,2.2,6.9,8.2,2.2,6.6,2.6,6.7,8.8,4.8,8.0,7.1,3.7,6.7,2.9,6.1,3.9,3.0,5.79,1,3,general,↑,2032-2038,中国针灸师：薪资回报高，加班文化严重,5.7,4.62,6.61,瑞士,孟加拉国,5.89,5.56,5.5,5.71,6.19,5.97,4.96,5.73,5.22,6.3,6.42,5.06,0.09,2026-04-13,2026-04-13,2000-2026
法律与社会服务,LAW,律师各专业,税法律师,Tax Lawyer,8.5,8.1,6.0,8.8,6.8,5.8,7.1,5.9,9.6,6.4,6.3,8.6,4.9,1.2,2.4,7.0,6.4,1.8,5.4,9.0,6.0,5.9,2.7,5.3,7.2,5.0,6.6,6.5,0.4,9.3,3.4,3.1,5.8,3.8,5.79,2,1,general,→,2028-2033,中国税法律师：薪资回报高，加班文化严重,6.06,4.91,7.02,英国,孟加拉国,6.16,5.67,5.93,5.94,6.87,6.39,5.27,6.12,5.66,6.84,6.9,5.37,-0.27,2026-04-13,2026-04-13,2000-2026
工程与制造,ENG,土木与建筑,隧道工程师,Tunnel Engineer,5.8,5.7,7.1,8.3,9.7,7.9,7.3,6.1,7.2,7.2,6.0,4.0,4.4,2.4,3.3,6.5,5.5,1.2,7.7,7.8,3.0,5.0,2.7,5.9,4.8,3.3,6.8,6.5,5.1,5.3,6.1,3.3,4.1,3.4,5.79,2,2,general,↑,2035+,中国隧道工程师：AI替代抗性强，加班文化严重,5.63,4.45,6.77,德国,尼日利亚,5.79,5.35,5.65,5.66,6.48,5.92,4.79,5.61,5.12,6.22,6.51,4.77,0.16,2026-04-13,2026-04-13,2000-2026
文化、艺术与传媒,ART,出版写作,图书编辑,Book Editor,5.3,5.3,5.4,7.7,6.1,6.3,4.6,5.8,5.7,5.9,4.8,7.9,6.2,1.7,2.8,7.7,5.8,2.3,5.0,6.2,7.4,6.8,3.5,8.0,6.9,5.5,6.8,5.3,1.6,1.2,4.3,6.2,5.9,3.1,5.79,1,-1,general,→,2028-2033,中国图书编辑：加班文化严重,5.84,4.64,6.82,荷兰,孟加拉国,5.91,5.5,5.86,5.62,6.55,6.21,5.0,5.9,5.48,6.5,6.71,5.2,-0.05,2026-04-13,2026-04-13,2000-2026
技术工种与手工业,SKL,管道暖通,锅炉技师,Boiler Technician,3.4,2.9,6.6,7.4,7.0,8.6,5.6,7.2,6.3,7.9,6.6,3.7,4.4,1.2,3.3,6.6,4.6,1.4,8.5,4.2,0.4,6.7,2.1,6.7,7.3,2.1,5.7,6.1,6.5,6.4,5.0,7.6,5.9,2.6,5.79,3,1,general,→,2035+,中国锅炉技师：AI替代抗性强，加班文化严重,6.26,5.05,7.43,瑞士,孟加拉国,6.21,5.87,6.38,6.23,7.26,6.55,5.21,6.24,5.69,7.33,7.22,5.51,-0.47,2026-04-13,2026-04-13,2000-2026
法律与社会服务,LAW,心理社会服务,婚姻家庭咨询师,Marriage & Family Therapist,6.4,6.3,5.3,7.8,6.1,5.3,5.3,5.5,7.0,5.8,5.0,8.7,4.7,2.7,2.9,5.8,4.8,2.5,8.0,6.1,5.6,6.4,3.9,6.9,7.4,7.3,6.8,9.3,0.8,7.0,2.2,5.1,4.4,3.6,5.79,2,2,general,↑,2035+,中国婚姻家庭咨询师：AI替代抗性强，加班文化严重,6.13,5.12,7.04,瑞士,孟加拉国,6.11,5.8,6.06,6.04,6.9,6.38,5.37,6.24,5.8,6.8,6.92,5.52,-0.34,2026-04-13,2026-04-13,2000-2026
技术工种与手工业,SKL,传统手工艺,酿酒师(手工啤酒),Craft Brewer,4.6,2.9,6.2,8.2,4.9,6.2,5.7,4.8,5.5,4.9,5.3,5.7,4.2,2.9,4.6,4.7,3.6,1.7,9.1,6.1,2.2,7.8,3.9,9.2,9.5,3.2,6.6,6.5,5.9,4.2,3.7,7.2,3.3,2.3,5.79,3,3,general,↑,2035+,中国酿酒师(手工啤酒)：AI替代抗性强，加班文化严重,6.11,4.86,7.48,瑞士,孟加拉国,6.14,5.72,6.17,5.95,7.07,6.32,5.08,6.23,5.58,6.98,7.18,5.31,-0.32,2026-04-13,2026-04-13,2000-2026
金融与商业,FIN,银行,外汇交易员(银行),Bank FX Trader,5.4,5.6,6.8,7.5,7.9,10.0,6.5,6.2,9.4,7.0,4.7,9.0,6.0,0.0,1.3,6.8,5.5,1.1,4.3,7.3,4.9,5.7,3.3,5.8,4.5,4.5,6.0,7.4,0.7,3.9,7.6,2.9,5.1,4.1,5.79,2,1,general,→,2026-2030,中国外汇交易员(银行)：薪资回报高，加班文化严重,5.65,4.42,6.67,瑞士,孟加拉国,5.81,5.36,5.52,5.7,6.32,5.97,4.8,5.56,5.25,6.33,6.5,4.9,0.14,2026-04-13,2026-04-13,2000-2026
工程与制造,ENG,通信工程,光纤工程师,Fiber Optics Engineer,6.3,6.0,7.5,7.2,7.6,6.7,6.3,7.2,7.8,8.0,6.5,6.8,4.1,1.1,2.1,6.3,5.8,1.1,6.6,7.9,2.3,5.5,3.5,6.0,4.7,3.4,5.9,5.9,4.4,3.1,5.4,3.6,5.6,4.1,5.79,3,3,general,↑,2032-2038,中国光纤工程师：加班文化严重,5.91,4.66,7.08,德国,孟加拉国,5.93,5.63,6.02,5.9,6.81,6.17,4.99,5.86,5.42,6.52,6.81,5.14,-0.12,2026-04-13,2026-04-13,2000-2026
医疗与健康,MED,临床医学,重症医学科医生,Intensivist (ICU Physician),8.8,8.8,7.6,8.7,9.2,9.8,8.6,7.1,8.2,5.4,8.1,5.9,3.8,0.0,0.0,6.2,5.1,1.9,7.8,8.4,2.6,5.1,0.1,7.5,6.3,5.5,6.3,7.7,5.0,8.6,0.8,3.8,5.7,3.9,5.79,3,4,general,↑↑,2035+,中国重症医学科医生：薪资回报高，人才需求旺盛，AI替代抗性强,5.82,4.76,6.64,荷兰,孟加拉国,5.93,5.55,5.76,5.82,6.53,6.09,5.02,5.96,5.47,6.46,6.5,5.08,-0.03,2026-04-13,2026-04-13,2000-2026
教育与学术,EDU,特殊教育与辅助,考试出题人/评分员,Test Developer / Exam Grader,6.0,6.8,3.8,8.2,6.4,6.8,4.6,5.7,5.7,6.4,8.3,9.7,5.0,2.4,3.1,4.9,5.1,0.9,5.1,6.1,9.0,6.1,4.9,6.1,4.4,5.4,7.8,5.5,0.5,5.7,2.4,6.0,4.8,3.3,5.79,1,0,general,→,2028-2033,中国考试出题人/评分员：远程友好度高，加班文化严重，就业稳定,5.7,4.68,6.77,芬兰,尼日利亚,5.74,5.44,5.65,5.7,6.64,5.96,4.92,5.65,5.32,6.36,6.42,4.96,0.09,2026-04-13,2026-04-13,2000-2026
工程与制造,ENG,土木与建筑,桥梁工程师,Bridge Engineer,6.4,6.1,7.7,8.1,9.2,9.0,7.7,5.8,7.9,6.5,7.5,4.8,3.7,1.5,2.8,5.9,5.2,1.1,7.4,8.1,2.0,5.2,2.9,6.7,4.5,3.3,6.6,7.0,4.7,5.8,6.8,3.0,4.1,2.8,5.79,2,2,general,↑,2032-2038,中国桥梁工程师：人才需求旺盛，加班文化严重，就业稳定,5.69,4.48,6.87,瑞士,孟加拉国,5.8,5.38,5.79,5.7,6.59,5.87,4.83,5.67,5.18,6.24,6.63,4.83,0.1,2026-04-13,2026-04-13,2000-2026
医疗与健康,MED,传统与替代医学,脊椎指压治疗师,Chiropractor,7.3,7.4,5.1,8.9,7.3,10.0,6.4,3.7,9.7,4.9,7.5,8.6,4.6,2.3,4.1,4.5,4.5,2.7,6.7,7.6,3.1,5.9,3.2,7.3,8.7,4.8,7.4,7.4,4.0,7.9,2.2,6.0,3.7,3.4,5.79,1,2,general,↑,2032-2038,中国脊椎指压治疗师：薪资回报高，加班文化严重，就业稳定,5.69,4.61,6.52,瑞士,孟加拉国,5.88,5.54,5.43,5.68,6.22,6.02,4.94,5.78,5.24,6.32,6.31,5.04,0.1,2026-04-13,2026-04-13,2000-2026
文化、艺术与传媒,ART,动画游戏,动作捕捉技术员,Motion Capture Technician,5.2,5.4,7.3,6.8,7.7,4.7,6.7,6.6,8.6,7.0,5.3,7.7,5.5,0.0,4.8,7.0,5.3,2.2,7.1,6.2,1.1,5.7,1.2,8.1,5.8,4.3,5.2,5.7,3.7,1.0,5.6,4.9,5.7,5.3,5.79,4,2,general,↑,2032-2038,中国动作捕捉技术员：薪资回报高，加班文化严重,5.81,4.58,6.69,加拿大,巴基斯坦,5.87,5.5,5.74,5.66,6.53,6.17,4.94,5.98,5.48,6.47,6.61,5.11,-0.02,2026-04-13,2026-04-13,2000-2026
文化、艺术与传媒,ART,动画游戏,游戏美术设计师,Game Artist,5.8,5.0,6.8,7.1,7.6,7.6,6.3,6.4,7.7,6.1,4.8,7.4,6.0,0.0,3.8,6.6,6.1,1.8,5.1,6.6,5.5,5.9,1.9,7.5,5.0,3.9,5.8,5.8,2.8,1.4,5.4,5.5,6.1,4.3,5.78,4,2,general,↑,2028-2033,中国游戏美术设计师：加班文化严重,5.85,4.77,6.78,德国,孟加拉国,5.91,5.49,5.81,5.74,6.55,6.21,5.03,6.01,5.51,6.44,6.71,5.15,-0.07,2026-04-13,2026-04-13,2000-2026
医疗与健康,MED,医疗管理,护理人员(院前急救),Paramedic,5.0,5.3,6.9,7.6,8.3,9.6,6.8,5.4,5.2,7.4,7.7,5.4,5.3,0.0,0.1,6.9,6.9,1.2,7.8,7.1,4.7,4.3,0.1,8.2,5.2,5.9,6.8,7.3,7.3,6.4,2.2,4.0,4.1,4.0,5.78,3,3,general,↑,2035+,中国护理人员(院前急救)：AI替代抗性强，加班文化严重，就业稳定,6.02,4.99,6.91,瑞士,巴基斯坦,6.05,5.74,5.88,6.07,6.71,6.35,5.2,6.09,5.7,6.71,6.75,5.32,-0.24,2026-04-13,2026-04-13,2000-2026
工程与制造,ENG,电气工程,仪器仪表工程师,Instrumentation Engineer,6.6,6.1,6.9,7.3,7.6,7.6,6.9,7.4,7.8,7.8,6.2,6.8,4.3,2.6,2.3,6.4,5.8,1.0,6.0,7.7,1.8,4.9,3.4,6.8,4.6,3.1,5.8,4.7,3.5,3.0,4.6,3.2,5.1,3.8,5.78,2,2,general,↑,2032-2038,中国仪器仪表工程师：加班文化严重,5.91,4.71,7.05,德国,尼日利亚,5.98,5.64,5.98,5.86,6.76,6.18,5.05,5.86,5.45,6.54,6.84,5.08,-0.13,2026-04-13,2026-04-13,2000-2026
医疗与健康,MED,临床医学,肾内科医生,Nephrologist,9.0,8.8,7.6,8.4,8.6,9.9,7.4,7.3,7.7,5.7,8.0,7.2,3.8,1.0,2.7,5.2,4.5,2.0,7.0,8.3,2.9,6.4,1.9,7.7,6.7,4.2,6.3,7.8,5.3,9.2,1.6,3.2,4.9,3.7,5.78,3,3,general,↑,2032-2038,中国肾内科医生：加班文化严重，就业稳定,5.95,4.88,6.76,荷兰,孟加拉国,5.97,5.64,5.85,6.01,6.58,6.27,5.15,6.09,5.66,6.64,6.64,5.29,-0.17,2026-04-13,2026-04-13,2000-2026
文化、艺术与传媒,ART,博物馆与文化遗产,古建筑修复专家,Heritage Building Restorer,6.5,6.5,5.8,8.2,5.4,4.7,5.7,6.5,6.6,5.3,7.1,7.7,6.2,2.5,2.6,6.1,5.2,0.4,9.0,6.8,2.7,6.0,3.4,7.3,4.0,5.9,6.8,6.3,5.2,4.1,3.2,3.6,4.7,5.2,5.78,2,0,general,→,2035+,中国古建筑修复专家：AI替代抗性强，加班文化严重,5.87,4.82,6.72,瑞士,孟加拉国,5.84,5.61,5.93,5.68,6.5,6.21,5.16,6.07,5.5,6.32,6.62,5.29,-0.09,2026-04-13,2026-04-13,2000-2026
医疗与健康,MED,医疗管理,急救技术员/急救员,Emergency Medical Technician (EMT),3.8,4.0,7.4,7.3,8.5,9.6,6.8,5.4,3.8,7.1,7.0,5.7,5.2,0.0,0.4,6.8,7.1,1.7,7.7,7.2,4.8,5.1,0.0,7.4,5.0,5.0,6.6,7.0,7.8,5.2,1.5,4.6,4.4,3.6,5.78,3,3,general,↑,2035+,中国急救技术员/急救员：薪资水平偏低，AI替代抗性强，加班文化严重,6.04,4.86,7.03,瑞士,孟加拉国,6.02,5.76,5.94,6.11,6.72,6.35,5.18,6.22,5.7,6.74,6.77,5.37,-0.26,2026-04-13,2026-04-13,2000-2026
工程与制造,ENG,环境工程,噪声控制工程师,Noise Control / Acoustic Engineer,5.8,5.8,6.2,7.3,6.7,6.4,5.6,6.9,8.5,6.3,6.6,5.3,3.6,2.6,3.6,7.0,6.4,1.0,7.2,6.4,2.6,5.4,4.2,6.8,4.0,4.1,6.3,5.8,3.8,3.8,4.2,3.5,4.3,3.2,5.78,3,3,general,↑,2032-2038,中国噪声控制工程师：薪资回报高，加班文化严重,5.78,4.52,6.92,瑞士,尼日利亚,5.85,5.47,5.82,5.73,6.73,6.09,4.89,5.78,5.26,6.38,6.71,4.9,0.0,2026-04-13,2026-04-13,2000-2026
医疗与健康,MED,临床医学,病理科医生,Pathologist,8.8,9.3,7.5,9.1,9.4,9.6,7.8,7.3,7.0,6.2,7.7,6.9,4.0,1.3,4.3,6.2,4.9,1.8,3.8,8.6,4.7,5.2,3.6,7.6,6.4,4.9,6.2,3.9,1.5,9.4,1.4,3.8,5.3,3.4,5.78,3,1,general,→,2026-2030,中国病理科医生：人才需求旺盛，AI替代风险较高，加班文化严重,5.95,4.87,6.84,荷兰,孟加拉国,6.08,5.62,5.87,6.01,6.64,6.21,5.15,6.07,5.65,6.61,6.65,5.22,-0.17,2026-04-13,2026-04-13,2000-2026
工程与制造,ENG,环境工程,环境工程师(制造),Environmental Engineer (Manufacturing),5.8,6.1,7.5,7.5,6.8,8.1,6.2,7.1,7.3,7.2,6.0,5.5,4.6,2.1,2.6,6.6,6.0,1.1,7.0,7.4,2.3,5.4,3.7,6.6,4.3,4.2,6.5,6.0,4.3,4.0,4.5,2.9,4.3,3.5,5.78,3,3,general,↑,2032-2038,中国环境工程师(制造)：加班文化严重,5.79,4.58,6.98,德国,孟加拉国,5.9,5.43,5.84,5.78,6.73,6.11,4.81,5.82,5.35,6.4,6.68,4.98,-0.01,2026-04-13,2026-04-13,2000-2026
教育与学术,EDU,高等教育,大学招生官,University Admissions Officer,4.8,5.8,3.9,7.9,6.6,6.2,5.2,5.8,4.7,5.3,9.6,9.7,5.2,2.2,3.0,5.5,5.8,1.2,6.1,7.2,6.5,4.2,3.9,6.3,3.1,6.1,6.9,7.7,0.8,3.5,1.7,4.4,3.7,3.9,5.78,2,1,general,→,2032-2038,中国大学招生官：加班文化严重，就业稳定,5.78,4.62,6.96,瑞典,尼日利亚,5.89,5.45,5.8,5.67,6.86,6.1,5.02,5.74,5.26,6.5,6.58,4.92,-0.0,2026-04-13,2026-04-13,2000-2026
文化、艺术与传媒,ART,博物馆与文化遗产,考古学家,Archaeologist,7.5,7.7,6.1,8.6,5.2,6.0,5.1,6.6,6.0,5.3,6.1,7.7,6.0,2.9,3.0,6.7,5.1,0.4,8.4,8.1,3.9,5.2,4.2,8.3,3.6,5.0,7.5,6.5,4.8,3.8,3.3,3.4,4.8,4.8,5.78,2,0,general,→,2035+,中国考古学家：AI替代抗性强，加班文化严重,5.81,4.8,6.77,荷兰,巴基斯坦,5.85,5.48,5.91,5.61,6.46,6.13,5.07,5.97,5.46,6.26,6.62,5.24,-0.03,2026-04-13,2026-04-13,2000-2026
医疗与健康,MED,临床医学,神经外科医生,Neurosurgeon,10.0,9.9,6.8,7.3,8.6,9.7,8.9,8.9,10.0,5.7,9.1,6.4,3.0,0.0,0.0,6.0,4.9,2.4,7.4,10.0,1.9,4.8,0.0,8.5,6.4,5.1,6.6,8.1,6.6,9.4,0.9,3.6,4.9,3.7,5.78,3,3,general,↑,2032-2038,中国神经外科医生：薪资回报高，人才需求旺盛，加班文化严重,5.89,4.99,6.6,丹麦,孟加拉国,5.91,5.64,5.81,5.9,6.54,6.08,5.25,6.02,5.73,6.36,6.48,5.23,-0.11,2026-04-13,2026-04-13,2000-2026
服务业与消费,SVC,家政照护,管家(私人/豪宅),Butler / Estate Manager,5.4,2.2,7.3,6.8,8.3,6.0,8.6,5.5,7.8,4.3,4.0,6.2,4.4,1.7,4.8,5.3,4.7,1.5,8.5,5.8,0.2,3.9,2.2,6.9,5.4,6.2,5.9,7.4,6.0,1.8,2.9,3.9,4.9,3.6,5.78,3,4,general,↑↑,2035+,中国管家(私人/豪宅)：人才需求旺盛，AI替代抗性强，加班文化严重,5.8,4.62,6.8,荷兰,孟加拉国,5.93,5.44,5.72,5.82,6.72,6.0,4.9,5.84,5.34,6.58,6.62,5.08,-0.02,2026-04-13,2026-04-13,2000-2026
医疗与健康,MED,临床医学,儿科医生,Pediatrician,9.4,9.4,8.0,8.9,9.4,9.9,7.8,7.1,6.1,6.2,8.5,6.9,3.8,0.0,1.1,6.2,4.6,1.8,7.3,8.6,2.0,4.8,1.4,8.7,6.0,5.9,6.2,7.9,5.3,9.2,0.8,4.0,5.4,3.2,5.77,3,3,general,↑,2032-2038,中国儿科医生：人才需求旺盛，加班文化严重，就业稳定,5.93,4.69,6.8,瑞士,孟加拉国,6.0,5.63,5.8,5.97,6.59,6.2,5.06,6.14,5.6,6.57,6.65,5.23,-0.16,2026-04-13,2026-04-13,2000-2026
工程与制造,ENG,质量控制,无损检测工程师,Non-Destructive Testing (NDT) Engineer,5.6,5.9,5.9,7.8,7.3,7.1,5.9,6.0,6.5,6.8,6.8,5.8,4.1,2.9,4.1,7.2,6.2,0.4,7.4,6.7,1.4,5.0,4.5,6.4,4.1,4.8,6.9,6.2,4.2,5.6,4.9,2.5,4.9,2.9,5.77,2,2,general,↑,2032-2038,中国无损检测工程师：加班文化严重,5.78,4.55,6.9,瑞士,孟加拉国,5.87,5.45,5.81,5.8,6.67,6.07,4.86,5.78,5.24,6.42,6.72,4.96,-0.01,2026-04-13,2026-04-13,2000-2026
工程与制造,ENG,环境工程,能源审计师,Energy Auditor,5.4,4.8,6.0,7.5,7.8,7.4,6.2,6.7,7.5,6.5,6.2,5.3,3.9,2.7,2.3,7.4,6.3,0.9,5.6,6.2,3.8,5.6,3.1,7.3,4.7,4.2,6.6,5.8,3.7,4.0,4.0,3.5,4.3,2.8,5.77,3,3,general,↑,2028-2033,中国能源审计师：加班文化严重,5.81,4.65,6.95,瑞士,孟加拉国,5.93,5.49,5.89,5.77,6.71,6.07,4.92,5.82,5.39,6.37,6.69,4.96,-0.04,2026-04-13,2026-04-13,2000-2026
文化、艺术与传媒,ART,博物馆与文化遗产,文化遗产保护规划师,Heritage Conservation Planner,6.1,6.8,6.0,8.3,5.8,5.3,5.2,6.2,6.1,5.0,7.4,7.7,7.4,3.1,2.3,6.7,5.0,0.7,7.0,7.0,3.4,5.9,4.5,8.2,4.0,6.1,7.3,6.4,2.7,3.5,3.7,3.8,4.0,5.4,5.77,2,0,general,→,2032-2038,中国文化遗产保护规划师：加班文化严重,5.78,4.73,6.7,荷兰,孟加拉国,5.78,5.49,5.85,5.6,6.42,6.01,5.06,5.88,5.38,6.45,6.62,5.16,-0.01,2026-04-13,2026-04-13,2000-2026
信息技术与数字化,TECH,软件开发,技术支持工程师,Technical Support Engineer,3.9,3.5,6.6,5.5,8.0,10.0,6.0,5.5,6.3,7.4,5.6,9.5,5.2,2.1,2.4,5.6,6.8,1.9,4.0,5.6,5.0,3.5,3.7,4.4,5.0,4.1,6.3,7.5,1.8,0.0,5.0,4.9,4.8,1.9,5.77,1,0,general,→,2026-2030,中国技术支持工程师：AI替代风险较高，加班文化严重,5.74,4.52,6.75,瑞士,孟加拉国,5.76,5.36,5.77,5.81,6.6,6.18,4.97,5.67,5.28,6.46,6.64,4.84,0.03,2026-04-13,2026-04-13,2000-2026
文化、艺术与传媒,ART,动画游戏,2D动画师,2D Animator,5.3,4.6,6.6,6.7,7.7,7.0,6.5,7.0,6.7,6.6,4.6,7.5,5.3,0.7,5.3,6.7,6.1,1.8,5.4,5.8,6.3,5.2,0.9,7.5,6.0,3.9,6.2,5.7,2.2,1.0,6.2,4.6,5.3,4.7,5.77,4,2,general,↑,2028-2033,中国2D动画师：加班文化严重,5.84,4.7,6.82,荷兰,巴基斯坦,5.88,5.47,5.79,5.7,6.58,6.23,4.99,5.94,5.44,6.5,6.73,5.17,-0.07,2026-04-13,2026-04-13,2000-2026
文化、艺术与传媒,ART,博物馆与文化遗产,博物馆教育员,Museum Educator,6.3,6.3,5.0,8.6,5.2,5.6,5.7,6.4,5.6,5.5,7.3,8.2,6.7,3.7,1.8,5.7,4.8,0.6,7.8,7.4,3.4,5.0,4.7,8.0,3.5,4.6,7.3,7.8,3.2,3.2,3.5,4.0,4.3,5.8,5.76,2,0,general,→,2035+,中国博物馆教育员：AI替代抗性强,5.85,4.83,6.8,荷兰,巴基斯坦,5.82,5.54,5.83,5.69,6.51,6.17,5.08,6.02,5.53,6.36,6.67,5.26,-0.09,2026-04-13,2026-04-13,2000-2026
技术工种与手工业,SKL,工业维护,锁匠,Locksmith,4.3,3.1,6.5,7.8,7.5,7.1,7.3,6.6,4.8,6.9,7.1,6.2,3.8,2.4,3.8,5.8,5.0,1.5,8.5,4.2,0.4,5.0,3.2,5.6,7.5,2.0,6.1,6.7,4.7,3.8,4.5,6.7,3.7,3.0,5.76,2,2,general,↑,2035+,中国锁匠：AI替代抗性强，加班文化严重,6.03,4.63,7.34,瑞士,尼日利亚,6.09,5.65,6.2,5.91,7.02,6.39,4.93,6.1,5.52,6.9,7.05,5.07,-0.27,2026-04-13,2026-04-13,2000-2026
医疗与健康,MED,护理,护理助理,Nursing Assistant,2.7,3.1,7.7,7.1,9.6,10.0,9.5,7.3,2.8,5.6,7.8,6.6,2.8,0.0,0.8,5.1,5.0,1.2,8.0,3.4,1.5,3.6,1.1,7.5,3.1,3.4,5.8,8.4,7.2,3.2,1.3,3.8,6.0,1.8,5.76,3,4,general,↑↑,2035+,中国护理助理：薪资水平偏低，人才需求旺盛，AI替代抗性强,6.09,5.07,7.07,瑞士,孟加拉国,6.06,5.82,5.98,6.05,6.76,6.41,5.3,6.26,5.78,6.8,6.79,5.46,-0.33,2026-04-13,2026-04-13,2000-2026
教育与学术,EDU,特殊教育与辅助,课后辅导教师/补习教师,After-school Tutor,3.1,3.3,4.1,6.5,8.4,9.6,4.6,4.6,3.6,5.1,6.2,9.5,3.9,1.2,1.8,3.9,5.5,1.8,6.4,5.4,8.3,7.1,2.4,6.1,7.1,5.4,6.4,7.5,1.6,1.5,3.0,9.5,2.1,1.0,5.76,2,0,general,→,2032-2038,中国课后辅导教师/补习教师：薪资水平偏低，加班文化严重,5.72,4.75,6.82,芬兰,尼日利亚,5.71,5.45,5.67,5.73,6.72,5.88,5.06,5.68,5.33,6.36,6.42,4.96,0.04,2026-04-13,2026-04-13,2000-2026
文化、艺术与传媒,ART,出版写作,出版发行人,Publisher,5.4,4.7,4.5,8.1,5.5,6.1,4.9,4.9,7.8,5.0,4.8,7.9,7.0,1.7,2.8,6.9,6.3,2.6,5.0,6.4,7.7,6.7,3.7,7.3,7.5,5.0,6.5,4.8,1.2,1.9,4.4,6.9,5.2,3.0,5.76,1,-1,general,→,2028-2033,中国出版发行人：加班文化严重,5.94,4.86,6.94,荷兰,孟加拉国,5.99,5.57,5.85,5.86,6.64,6.27,5.13,6.03,5.59,6.56,6.8,5.29,-0.18,2026-04-13,2026-04-13,2000-2026
技术工种与手工业,SKL,电气技术,安防监控安装技师,Security & CCTV Installation Technician,4.0,3.4,7.4,8.1,7.7,8.3,5.9,7.2,6.7,6.7,6.1,4.7,4.2,1.5,3.3,6.2,6.0,1.6,7.2,5.7,0.0,6.3,2.7,6.4,7.2,2.8,6.0,5.2,5.5,5.6,5.2,6.6,4.6,2.5,5.76,3,3,general,↑,2032-2038,中国安防监控安装技师：加班文化严重,6.21,5.05,7.36,德国,孟加拉国,6.21,5.84,6.27,6.25,7.07,6.43,5.19,6.22,5.7,7.24,7.16,5.45,-0.45,2026-04-13,2026-04-13,2000-2026
教育与学术,EDU,K12教育,体育教师,Physical Education Teacher,4.5,5.1,3.9,7.5,7.4,9.7,5.2,5.5,4.4,4.5,9.7,8.0,2.5,4.0,3.3,4.1,5.3,1.6,8.9,6.8,3.1,5.4,4.9,7.4,3.9,4.4,5.7,8.5,7.8,6.0,0.8,5.5,3.1,2.9,5.76,2,1,general,→,2035+,中国体育教师：薪资水平偏低，AI替代抗性强，就业稳定,5.68,4.66,6.81,芬兰,孟加拉国,5.71,5.42,5.67,5.71,6.73,5.84,4.98,5.61,5.21,6.39,6.37,4.96,0.08,2026-04-13,2026-04-13,2000-2026
工程与制造,ENG,土木与建筑,海洋工程师,Ocean/Marine Engineer,7.1,7.1,7.6,7.7,9.3,7.5,6.7,7.0,7.0,7.0,6.7,4.3,3.9,2.7,3.3,6.2,5.3,1.0,7.4,7.5,3.0,4.9,4.0,6.5,5.5,3.5,6.5,6.5,4.7,4.8,6.4,2.7,4.3,3.4,5.76,2,2,general,↑,2032-2038,中国海洋工程师：加班文化严重,5.59,4.42,6.74,德国,孟加拉国,5.74,5.3,5.61,5.6,6.46,5.87,4.72,5.6,5.06,6.25,6.46,4.73,0.17,2026-04-13,2026-04-13,2000-2026
公共管理与公务员,GOV,国际组织,联合国职员,United Nations Staff,7.6,9.1,5.7,9.0,4.2,3.4,5.2,3.9,8.5,7.0,9.1,8.1,6.2,2.9,4.7,6.8,5.0,1.4,7.2,10.0,4.2,4.6,3.1,7.8,1.4,6.5,4.9,8.2,1.5,9.4,1.4,1.4,9.5,8.4,5.75,0,1,general,→,2032-2038,中国联合国职员：薪资回报高，加班文化严重，就业稳定,5.66,4.73,6.51,丹麦,尼日利亚,5.77,5.42,5.64,5.57,6.45,5.71,5.08,5.81,5.29,6.19,6.25,5.03,0.09,2026-04-13,2026-04-13,2000-2026
技术工种与手工业,SKL,管道暖通,管道清洗工,Drain Technician / Sewer Cleaner,2.0,1.6,6.5,8.0,7.9,7.9,6.3,5.6,4.5,7.1,6.8,4.9,3.7,2.4,4.3,6.0,4.8,1.3,8.7,3.1,0.0,6.0,3.5,4.8,7.9,1.5,5.9,6.1,7.4,6.4,4.7,7.3,5.7,2.6,5.75,3,3,general,↑,2035+,中国管道清洗工：薪资水平偏低，AI替代抗性强，加班文化严重,6.16,4.94,7.49,澳大利亚,孟加拉国,6.09,5.78,6.37,6.1,7.04,6.49,5.05,6.08,5.61,7.38,7.14,5.38,-0.41,2026-04-13,2026-04-13,2000-2026
法律与社会服务,LAW,律师各专业,移民律师,Immigration Lawyer,7.4,7.4,6.5,7.0,7.2,6.8,6.7,5.4,7.5,6.1,5.3,8.1,4.2,3.0,2.7,5.3,4.8,2.5,7.0,7.6,6.0,6.7,3.1,6.4,7.4,5.8,5.5,8.2,0.5,8.0,4.9,3.2,7.1,3.2,5.75,3,2,general,↑,2032-2038,中国移民律师：加班文化严重,5.96,4.82,7.09,瑞士,孟加拉国,6.08,5.57,5.79,5.89,6.76,6.3,5.18,5.97,5.54,6.78,6.88,5.19,-0.21,2026-04-13,2026-04-13,2000-2026
文化、艺术与传媒,ART,博物馆与文化遗产,博物馆讲解员,Museum Guide / Docent,4.4,4.4,5.2,7.6,6.2,6.0,5.7,6.5,4.0,5.0,7.2,7.7,7.5,2.9,2.4,6.6,5.4,0.3,7.9,5.2,3.0,5.4,3.7,7.3,3.4,5.3,6.9,9.0,3.2,3.3,3.8,3.2,4.0,5.0,5.75,2,0,general,→,2035+,中国博物馆讲解员：薪资水平偏低，AI替代抗性强，加班文化严重,5.84,4.9,6.66,瑞士,巴基斯坦,5.86,5.52,5.85,5.66,6.53,6.18,5.12,5.97,5.49,6.42,6.63,5.22,-0.09,2026-04-13,2026-04-13,2000-2026
医疗与健康,MED,传统与替代医学,推拿师,Tui Na Massage Therapist,4.3,3.9,5.1,8.7,6.6,10.0,6.2,3.0,8.2,6.1,7.3,8.6,4.3,2.0,3.3,4.3,4.6,2.7,7.0,7.6,1.5,6.6,3.6,6.7,7.1,5.0,7.4,7.5,7.2,4.7,1.9,6.2,0.0,2.6,5.75,1,1,general,→,2032-2038,中国推拿师：薪资回报高，加班文化严重,5.65,4.64,6.53,瑞士,孟加拉国,5.82,5.43,5.45,5.67,6.18,5.89,4.95,5.75,5.24,6.28,6.34,4.95,0.1,2026-04-13,2026-04-13,2000-2026
文化、艺术与传媒,ART,摄影,时尚摄影师,Fashion Photographer,5.1,3.8,5.2,7.8,6.3,5.1,5.0,5.1,7.3,5.6,4.2,7.7,6.5,1.9,2.3,6.0,5.9,1.9,5.2,7.2,5.5,7.7,2.4,7.3,8.3,4.4,5.8,6.5,3.6,1.3,5.3,6.4,5.7,2.9,5.75,2,0,general,→,2028-2033,中国时尚摄影师：加班文化严重,5.84,4.69,6.94,荷兰,孟加拉国,5.91,5.47,5.82,5.69,6.62,6.18,4.96,6.03,5.5,6.5,6.68,5.14,-0.09,2026-04-13,2026-04-13,2000-2026
医疗与健康,MED,临床医学,感染科医生,Infectious Disease Physician,9.4,9.4,8.0,8.1,9.0,9.6,8.3,6.8,7.3,6.4,8.3,5.6,3.0,1.0,2.0,6.3,5.3,2.1,7.6,8.8,1.2,6.1,0.9,7.9,6.6,4.0,6.8,7.8,4.7,8.8,1.5,3.6,4.7,3.6,5.75,4,5,general,↑↑,2035+,中国感染科医生：人才需求旺盛，AI替代抗性强，加班文化严重,5.92,4.83,6.85,瑞士,孟加拉国,5.95,5.64,5.85,5.99,6.59,6.18,5.12,6.03,5.55,6.59,6.65,5.26,-0.17,2026-04-13,2026-04-13,2000-2026
服务业与消费,SVC,美容养生,SPA技师/水疗师,Spa Therapist,4.2,3.3,7.5,6.5,8.1,8.0,6.0,5.5,6.0,5.3,5.3,6.9,6.0,0.6,4.1,5.7,4.8,2.0,8.4,4.8,1.3,5.9,2.4,7.7,7.8,5.7,6.4,7.3,7.0,2.8,5.7,6.0,3.9,3.8,5.75,3,3,general,↑,2035+,中国SPA技师/水疗师：AI替代抗性强，加班文化严重,5.88,4.74,6.89,澳大利亚,巴基斯坦,5.94,5.64,5.81,5.89,6.72,6.08,4.96,5.92,5.5,6.7,6.62,5.15,-0.13,2026-04-13,2026-04-13,2000-2026
工程与制造,ENG,环境工程,防腐蚀工程师,Corrosion Protection Engineer,6.6,6.0,7.2,7.8,7.8,6.7,6.4,6.9,7.9,6.3,6.5,5.5,3.3,2.4,2.6,7.2,6.6,1.2,6.7,6.3,1.6,5.4,3.7,7.6,4.9,3.6,7.1,5.8,4.3,4.3,4.3,2.5,4.5,3.2,5.75,3,3,general,↑,2032-2038,中国防腐蚀工程师：加班文化严重,5.73,4.58,6.91,瑞士,孟加拉国,5.81,5.41,5.72,5.73,6.7,5.92,4.89,5.74,5.25,6.38,6.65,4.86,0.02,2026-04-13,2026-04-13,2000-2026
交通运输与物流,TRA,航空,机场运营经理,Airport Operations Manager,6.3,6.0,7.1,7.1,7.6,8.4,8.0,8.3,8.0,6.9,6.8,5.2,4.2,2.1,3.3,5.3,6.0,1.4,6.5,7.3,1.8,6.2,1.7,8.3,3.7,2.9,3.7,7.1,4.9,4.8,7.2,2.1,6.7,4.3,5.75,2,2,general,↑,2032-2038,中国机场运营经理：薪资回报高，人才需求旺盛，加班文化严重,5.72,4.43,6.74,德国,巴基斯坦,5.88,5.38,5.7,5.84,6.55,6.06,4.72,5.7,5.21,6.48,6.6,4.84,0.03,2026-04-13,2026-04-13,2000-2026
工程与制造,ENG,核工程,辐射防护工程师,Radiation Protection Engineer,7.9,8.1,6.7,8.8,5.6,5.8,7.7,7.8,9.3,6.5,8.5,4.0,2.9,3.4,2.8,5.9,5.4,0.4,8.2,8.3,1.7,5.2,2.7,7.9,2.8,3.8,7.1,5.4,4.7,7.0,3.3,1.9,5.1,6.7,5.75,2,2,general,↑,2035+,中国辐射防护工程师：薪资回报高，人才需求旺盛，AI替代抗性强,5.63,4.45,6.72,瑞士,尼日利亚,5.71,5.29,5.74,5.55,6.53,5.95,4.83,5.73,5.23,6.12,6.44,4.77,0.12,2026-04-13,2026-04-13,2000-2026
文化、艺术与传媒,ART,图书馆信息,信息科学专家,Information Scientist,5.3,5.8,5.7,9.3,4.5,4.3,5.6,4.8,6.9,5.5,7.0,8.5,7.9,3.9,1.1,5.6,5.2,0.0,5.4,5.3,6.4,4.5,5.4,6.5,3.2,6.0,8.0,4.9,1.0,2.6,1.9,2.9,3.9,4.0,5.75,1,0,general,→,2028-2033,中国信息科学专家：发展平稳,5.8,4.6,6.71,荷兰,巴基斯坦,5.89,5.44,5.86,5.62,6.42,6.15,4.98,5.91,5.5,6.43,6.62,5.13,-0.05,2026-04-13,2026-04-13,2000-2026
医疗与健康,MED,传统与替代医学,自然疗法医师,Naturopathic Physician,6.5,6.1,5.0,8.3,7.6,10.0,6.8,3.6,9.4,5.3,7.0,8.7,5.1,1.8,3.6,3.9,4.6,3.5,7.3,8.4,1.9,6.1,2.6,7.3,8.3,5.3,7.8,7.2,4.1,5.9,3.0,6.1,1.7,2.3,5.75,1,2,general,↑,2032-2038,中国自然疗法医师：薪资回报高，加班文化严重,5.64,4.56,6.52,德国,孟加拉国,5.79,5.47,5.45,5.57,6.26,5.86,4.95,5.68,5.23,6.26,6.33,5.01,0.11,2026-04-13,2026-04-13,2000-2026
工程与制造,ENG,环境工程,真空技术工程师,Vacuum Technology Engineer,7.6,6.8,6.4,7.6,7.2,5.0,6.7,6.7,8.0,6.6,6.6,5.5,3.6,2.7,3.6,6.7,5.8,0.8,6.9,6.8,3.4,4.7,3.2,7.2,4.4,4.5,7.1,5.6,3.7,3.5,4.5,3.5,4.3,2.8,5.74,3,3,general,↑,2032-2038,中国真空技术工程师：薪资回报高，加班文化严重,5.72,4.47,6.92,瑞士,孟加拉国,5.81,5.36,5.71,5.76,6.7,6.0,4.79,5.69,5.27,6.34,6.64,4.87,0.02,2026-04-13,2026-04-13,2000-2026
法律与社会服务,LAW,合规与监管,反垄断合规专员,Antitrust Compliance Specialist,6.8,7.4,5.9,7.3,6.3,5.0,6.5,5.9,7.8,6.5,6.4,9.5,5.2,3.5,3.4,5.8,5.3,2.0,5.9,7.0,6.6,5.4,3.7,5.4,4.5,5.3,6.1,7.3,0.9,6.8,2.9,2.8,6.2,4.6,5.74,2,2,general,↑,2028-2033,中国反垄断合规专员：加班文化严重,6.03,5.1,6.96,瑞士,孟加拉国,6.06,5.76,5.91,5.96,6.71,6.3,5.34,6.05,5.68,6.68,6.82,5.37,-0.29,2026-04-13,2026-04-13,2000-2026
医疗与健康,MED,临床医学,神经内科医生,Neurologist,9.9,9.4,7.8,8.2,9.2,10.0,8.1,7.0,7.4,5.0,8.8,7.1,3.6,0.0,1.9,5.2,4.9,1.9,7.9,8.2,1.1,6.3,1.4,7.8,6.6,4.9,6.6,7.8,4.8,9.5,1.4,3.8,5.1,3.3,5.74,3,4,general,↑↑,2035+,中国神经内科医生：人才需求旺盛，AI替代抗性强，加班文化严重,5.97,4.88,6.89,荷兰,巴基斯坦,6.03,5.73,5.89,6.01,6.68,6.22,5.15,6.05,5.68,6.57,6.67,5.26,-0.23,2026-04-13,2026-04-13,2000-2026
工程与制造,ENG,环境工程,管道完整性工程师,Pipeline Integrity Engineer,6.4,5.9,6.6,7.2,6.8,6.5,6.7,7.1,8.5,6.5,7.0,4.3,3.2,3.3,2.1,7.4,6.6,0.9,6.5,6.7,0.7,5.0,4.5,7.0,4.8,5.1,6.3,5.2,4.7,4.8,4.3,3.1,5.1,3.4,5.74,3,3,general,↑,2032-2038,中国管道完整性工程师：薪资回报高，加班文化严重,5.69,4.47,6.91,德国,孟加拉国,5.78,5.36,5.75,5.64,6.57,5.98,4.84,5.68,5.22,6.38,6.6,4.82,0.05,2026-04-13,2026-04-13,2000-2026
工程与制造,ENG,土木与建筑,水利工程师,Hydraulic Engineer,5.9,6.4,6.7,7.5,9.0,8.6,7.4,6.7,7.6,6.6,7.2,5.0,3.1,1.1,3.0,6.7,5.9,1.4,7.0,7.9,3.0,4.9,2.5,6.9,4.9,3.8,6.7,6.5,5.3,4.9,7.1,2.9,4.2,3.0,5.74,2,2,general,↑,2032-2038,中国水利工程师：加班文化严重,5.65,4.33,6.81,瑞士,尼日利亚,5.78,5.35,5.66,5.75,6.53,5.94,4.79,5.62,5.11,6.2,6.55,4.76,0.09,2026-04-13,2026-04-13,2000-2026
工程与制造,ENG,土木与建筑,测量工程师,Surveyor,5.5,5.6,7.7,8.0,9.7,9.2,7.0,5.8,8.9,6.3,6.5,5.3,4.4,2.3,2.1,6.1,6.1,1.2,6.4,6.5,0.8,5.2,3.2,6.3,5.5,3.2,6.1,6.5,6.3,5.1,7.2,3.1,4.6,2.9,5.74,2,2,general,↑,2032-2038,中国测量工程师：薪资回报高，加班文化严重,5.58,4.37,6.66,德国,孟加拉国,5.7,5.27,5.62,5.64,6.43,5.88,4.7,5.54,5.06,6.15,6.48,4.69,0.16,2026-04-13,2026-04-13,2000-2026
医疗与健康,MED,传统与替代医学,阿育吠陀医师,Ayurveda Practitioner,6.6,5.8,5.0,9.1,7.2,10.0,7.4,2.8,9.0,6.1,7.3,8.6,3.8,2.0,2.9,3.7,4.6,3.3,7.0,8.0,2.2,6.9,3.4,7.1,8.2,5.7,8.2,7.8,4.2,6.7,2.7,6.1,0.7,2.9,5.74,1,2,general,↑,2032-2038,中国阿育吠陀医师：薪资回报高，加班文化严重,5.55,4.55,6.33,瑞士,孟加拉国,5.76,5.34,5.35,5.49,6.14,5.82,4.94,5.65,5.08,6.16,6.18,4.88,0.19,2026-04-13,2026-04-13,2000-2026
工程与制造,ENG,环境工程,电镀工程师,Electroplating / Surface Treatment Engineer,4.6,4.8,6.2,7.8,7.4,7.3,6.4,6.5,8.2,5.9,7.5,4.3,3.6,2.4,2.2,6.8,6.4,1.1,6.8,5.8,1.4,5.1,3.9,6.7,5.0,4.2,6.6,5.5,5.0,4.1,4.1,2.9,4.8,3.2,5.74,3,3,general,↑,2032-2038,中国电镀工程师：薪资回报高，加班文化严重，就业稳定,5.7,4.53,6.94,瑞士,尼日利亚,5.85,5.38,5.78,5.7,6.58,5.92,4.84,5.69,5.16,6.29,6.67,4.86,0.04,2026-04-13,2026-04-13,2000-2026
工程与制造,ENG,土木与建筑,道路工程师,Highway Engineer,6.0,6.0,7.3,8.0,9.0,10.0,6.8,6.6,7.3,6.7,7.0,5.1,3.7,2.5,2.8,6.1,6.0,1.1,7.2,7.1,0.5,4.2,2.6,6.7,4.7,3.6,7.2,6.5,5.4,4.5,6.2,2.7,4.1,3.0,5.73,2,2,general,↑,2032-2038,中国道路工程师：加班文化严重,5.64,4.31,6.75,瑞士,尼日利亚,5.76,5.35,5.66,5.7,6.53,5.97,4.72,5.6,5.16,6.3,6.51,4.66,0.09,2026-04-13,2026-04-13,2000-2026
金融与商业,FIN,房地产,房地产开发商,Real Estate Developer,7.3,3.7,6.1,7.0,8.9,10.0,5.7,4.7,10.0,7.2,2.7,9.0,5.0,0.5,1.9,5.4,5.0,3.6,7.4,8.1,5.0,7.0,2.6,5.6,10.0,4.2,5.8,7.7,3.3,4.7,10.0,6.3,3.5,2.9,5.73,2,0,general,→,2032-2038,中国房地产开发商：薪资回报高，加班文化严重，就业波动大,5.71,4.35,6.74,瑞士,孟加拉国,5.86,5.38,5.49,5.8,6.31,6.09,4.84,5.7,5.28,6.32,6.56,5.05,0.02,2026-04-13,2026-04-13,2000-2026
技术工种与手工业,SKL,电气技术,电力线路工人,Power Line Worker / Lineman,4.1,3.5,6.6,7.7,7.5,8.3,6.8,8.5,6.5,6.5,6.8,2.7,5.4,0.1,3.3,6.7,5.8,1.2,7.9,4.9,0.4,5.5,0.5,7.0,7.2,3.2,6.1,5.3,8.2,4.5,5.0,7.2,4.8,3.5,5.73,3,3,general,↑,2035+,中国电力线路工人：AI替代抗性强，加班文化严重,6.18,5.0,7.24,瑞士,尼日利亚,6.09,5.81,6.34,6.21,7.13,6.48,5.19,6.17,5.68,7.18,7.07,5.43,-0.45,2026-04-13,2026-04-13,2000-2026
文化、艺术与传媒,ART,会展,会展设计师,Exhibition Designer,4.2,5.0,5.3,7.3,6.1,5.8,5.5,6.1,7.8,6.1,5.2,7.5,5.8,2.1,3.2,6.4,5.8,1.6,6.3,5.8,3.4,5.7,3.2,7.2,6.5,4.1,6.5,7.2,3.8,1.6,6.1,5.5,4.8,4.5,5.73,3,1,general,→,2032-2038,中国会展设计师：加班文化严重,5.79,4.7,6.74,荷兰,巴基斯坦,5.81,5.39,5.79,5.66,6.55,6.14,4.99,5.81,5.45,6.47,6.61,5.2,-0.06,2026-04-13,2026-04-13,2000-2026
文化、艺术与传媒,ART,影视制作,视觉特效师(VFX),Visual Effects (VFX) Artist,5.3,5.4,8.2,5.5,7.4,7.4,8.5,6.9,8.2,5.3,3.5,6.0,6.0,1.2,2.8,6.4,6.2,3.2,5.5,6.6,6.0,5.7,1.4,7.6,6.1,4.8,5.2,7.0,3.8,1.7,6.8,5.7,5.9,4.7,5.73,5,3,general,↑,2028-2033,中国视觉特效师(VFX)：薪资回报高，人才需求旺盛，加班文化严重,5.68,4.56,6.57,英国,孟加拉国,5.79,5.36,5.65,5.55,6.27,6.05,4.94,5.71,5.34,6.29,6.48,5.08,0.05,2026-04-13,2026-04-13,2000-2026
农业、资源与环境,AGR,农业科技,智能温室管理员,Smart Greenhouse Manager,6.2,6.5,8.6,7.6,7.1,6.2,7.4,7.5,6.3,7.3,5.5,6.7,4.9,2.4,3.5,5.8,6.2,1.5,4.9,6.2,2.1,6.4,3.5,6.8,6.2,5.9,5.1,5.7,3.5,3.8,5.2,3.2,5.3,3.8,5.73,3,5,general,↑↑,2028-2033,中国智能温室管理员：加班文化严重，近年增长迅猛,5.96,4.9,7.08,荷兰,尼日利亚,5.81,5.6,6.05,5.95,6.79,6.25,5.13,6.06,5.73,6.83,6.75,5.18,-0.23,2026-04-13,2026-04-13,2000-2026
工程与制造,ENG,环境工程,焊接工程师,Welding Engineer,5.6,5.1,6.2,7.8,6.7,7.9,6.4,7.5,7.2,7.2,6.2,4.5,3.3,1.9,2.8,7.2,6.6,0.8,7.4,6.8,1.1,4.2,3.9,7.6,4.7,4.0,6.4,5.3,5.7,4.3,4.7,3.3,4.3,3.4,5.73,3,3,general,↑,2032-2038,中国焊接工程师：加班文化严重,5.75,4.58,6.9,瑞士,孟加拉国,5.83,5.44,5.87,5.64,6.68,6.06,4.91,5.72,5.23,6.3,6.69,4.97,-0.02,2026-04-13,2026-04-13,2000-2026
医疗与健康,MED,临床医学,心血管科医生,Cardiologist,9.6,9.1,7.2,8.9,9.3,9.8,8.1,7.7,8.5,5.2,8.5,7.2,3.1,0.0,0.6,6.0,4.2,1.9,7.0,9.3,1.1,5.2,1.4,8.5,6.0,4.8,6.2,7.9,4.7,9.3,1.6,3.6,5.1,3.8,5.73,3,4,general,↑↑,2032-2038,中国心血管科医生：薪资回报高，人才需求旺盛，加班文化严重,5.98,4.89,6.74,瑞士,巴基斯坦,6.06,5.67,5.95,6.06,6.65,6.27,5.14,6.18,5.68,6.52,6.63,5.28,-0.25,2026-04-13,2026-04-13,2000-2026
工程与制造,ENG,化学工程,催化剂工程师,Catalyst Engineer,7.2,7.8,6.7,7.2,7.0,5.2,6.5,7.1,8.1,7.8,6.5,5.3,3.3,2.1,3.5,6.8,5.3,0.8,7.1,7.7,2.3,4.6,3.5,7.4,4.1,4.7,6.3,5.0,3.9,3.0,5.4,3.7,5.0,2.8,5.73,2,1,general,→,2032-2038,中国催化剂工程师：薪资回报高，加班文化严重,5.66,4.43,6.94,瑞士,孟加拉国,5.77,5.33,5.72,5.65,6.6,5.86,4.77,5.58,5.22,6.28,6.58,4.82,0.07,2026-04-13,2026-04-13,2000-2026
医疗与健康,MED,临床医学,泌尿科医生,Urologist,8.7,8.7,7.4,8.1,9.3,9.3,8.0,6.7,8.2,6.2,7.7,7.2,3.1,0.5,2.1,5.0,4.7,2.4,6.9,9.1,1.4,5.8,1.2,7.7,6.0,4.8,6.0,8.5,5.8,8.8,1.1,3.8,5.5,3.3,5.73,3,3,general,↑,2032-2038,中国泌尿科医生：薪资回报高，人才需求旺盛，加班文化严重,5.96,4.86,6.82,德国,孟加拉国,6.02,5.66,5.96,5.98,6.7,6.25,5.12,6.16,5.59,6.64,6.64,5.22,-0.23,2026-04-13,2026-04-13,2000-2026
公共管理与公务员,GOV,国际组织,国际组织项目官员,International Organization Program Officer,7.3,8.4,5.5,8.6,5.1,3.6,5.1,5.1,6.7,7.2,8.6,7.9,6.4,3.5,4.2,7.3,5.7,1.7,6.8,9.7,5.3,4.7,2.5,7.5,2.7,6.7,4.4,7.7,2.3,8.4,2.4,1.3,8.5,6.5,5.73,1,2,general,↑,2032-2038,中国国际组织项目官员：加班文化严重，就业稳定,5.76,4.77,6.62,丹麦,尼日利亚,5.85,5.55,5.7,5.69,6.56,5.81,5.16,5.87,5.44,6.42,6.37,5.04,-0.03,2026-04-13,2026-04-13,2000-2026
农业、资源与环境,AGR,环保,环保合规顾问,Environmental Compliance Consultant,6.0,6.2,7.4,7.9,6.0,5.5,5.9,7.4,7.2,5.7,5.3,6.5,4.9,2.1,2.8,5.3,6.3,1.4,6.0,5.6,4.8,6.2,3.3,7.9,6.5,5.2,6.2,7.4,3.8,5.5,4.2,3.1,6.2,3.8,5.73,3,4,general,↑↑,2032-2038,中国环保合规顾问：加班文化严重，近年增长迅猛,6.14,4.79,7.4,瑞典,尼日利亚,6.18,5.67,6.07,6.16,7.38,6.36,5.02,6.31,5.66,6.98,7.18,5.24,-0.41,2026-04-13,2026-04-13,2000-2026
文化、艺术与传媒,ART,动画游戏,游戏测试员(QA),Game QA Tester,3.8,3.5,7.0,5.8,7.7,6.8,7.3,6.4,5.7,6.6,5.2,7.4,6.0,0.0,5.0,6.4,6.1,1.8,5.2,4.5,6.1,5.7,1.2,8.1,6.0,3.6,5.2,5.5,3.0,1.8,5.9,5.5,5.2,5.5,5.72,4,2,general,↑,2028-2033,中国游戏测试员(QA)：加班文化严重,5.83,4.71,6.73,荷兰,孟加拉国,5.88,5.48,5.79,5.65,6.65,6.2,4.98,5.9,5.48,6.52,6.67,5.15,-0.11,2026-04-13,2026-04-13,2000-2026
医疗与健康,MED,临床医学,血液科医生,Hematologist,8.7,9.3,7.9,8.6,9.3,7.5,7.2,6.1,8.3,5.5,8.8,7.2,3.8,1.2,2.0,5.0,4.3,1.9,7.2,8.5,2.0,5.9,0.7,8.5,6.2,5.3,6.3,7.8,5.2,9.4,1.6,3.2,5.3,3.9,5.72,3,3,general,↑,2032-2038,中国血液科医生：薪资回报高，加班文化严重，就业稳定,5.92,4.81,6.77,瑞士,孟加拉国,6.0,5.64,5.79,5.9,6.62,6.15,5.12,6.09,5.53,6.62,6.65,5.2,-0.2,2026-04-13,2026-04-13,2000-2026
文化、艺术与传媒,ART,新媒体内容,内容审核员,Content Moderator,2.2,2.9,8.0,5.1,10.0,10.0,7.5,5.8,5.0,5.0,4.6,7.7,5.5,0.0,5.8,6.2,5.5,3.8,5.0,4.8,6.0,3.6,1.7,3.9,9.4,5.5,4.1,7.5,2.8,1.0,5.3,7.4,4.2,2.7,5.72,5,4,general,↑↑,2028-2033,中国内容审核员：人才需求旺盛，加班文化严重，近年增长迅猛,5.71,4.53,6.58,德国,巴基斯坦,5.82,5.42,5.72,5.62,6.37,6.04,4.93,5.74,5.28,6.33,6.48,5.11,0.01,2026-04-13,2026-04-13,2000-2026
法律与社会服务,LAW,合规与监管,贸易合规专员,Trade Compliance Specialist,6.4,6.4,6.4,7.4,7.5,5.5,6.1,6.0,7.1,5.5,6.6,9.2,5.0,3.0,4.6,5.6,5.5,1.6,5.5,5.7,6.3,4.9,3.4,4.9,4.9,5.2,6.5,7.1,0.7,6.3,4.6,2.4,7.2,3.8,5.72,2,2,general,↑,2028-2033,中国贸易合规专员：加班文化严重,6.01,5.0,7.02,瑞士,巴基斯坦,6.04,5.62,5.95,5.93,6.79,6.3,5.23,6.1,5.67,6.7,6.8,5.35,-0.29,2026-04-13,2026-04-13,2000-2026
工程与制造,ENG,土木与建筑,工程造价师,Quantity Surveyor / Cost Estimator,5.5,5.6,6.8,7.7,9.4,9.1,6.5,6.4,7.3,6.5,6.7,5.3,3.7,2.0,2.8,6.5,5.7,1.2,5.9,6.8,4.6,5.1,3.1,6.1,5.1,4.4,6.8,6.7,4.7,5.2,6.7,2.9,4.0,3.8,5.72,2,2,general,↑,2028-2033,中国工程造价师：加班文化严重,5.65,4.36,6.81,德国,尼日利亚,5.72,5.36,5.65,5.68,6.52,5.93,4.79,5.66,5.16,6.2,6.59,4.78,0.07,2026-04-13,2026-04-13,2000-2026
工程与制造,ENG,核工程,核废料管理工程师,Nuclear Waste Management Engineer,8.3,8.6,6.5,8.8,6.6,4.6,7.4,8.0,9.3,8.0,8.0,3.8,3.4,2.4,3.1,5.9,5.0,0.6,8.6,8.5,0.6,5.5,3.2,8.4,1.9,4.1,7.3,5.5,4.8,7.0,3.6,2.1,4.1,6.4,5.72,2,2,general,↑,2035+,中国核废料管理工程师：薪资回报高，AI替代抗性强，加班文化严重,5.58,4.4,6.62,瑞典,孟加拉国,5.7,5.25,5.66,5.54,6.51,5.89,4.68,5.58,5.09,6.15,6.41,4.8,0.14,2026-04-13,2026-04-13,2000-2026
文化、艺术与传媒,ART,出版写作,文学经纪人,Literary Agent,5.3,5.3,4.5,8.0,5.9,4.6,5.0,5.5,7.1,4.7,3.8,8.0,6.2,2.2,3.1,7.0,6.5,2.6,4.9,5.6,6.8,7.7,4.2,7.6,7.8,5.0,6.2,7.7,1.2,1.8,4.7,6.4,5.7,4.0,5.72,1,-1,general,→,2028-2033,中国文学经纪人：加班文化严重，就业波动大,5.9,4.72,6.91,德国,巴基斯坦,5.93,5.54,5.77,5.79,6.65,6.27,4.99,6.05,5.6,6.56,6.77,5.26,-0.18,2026-04-13,2026-04-13,2000-2026
技术工种与手工业,SKL,美发美容技术,化妆师,Makeup Artist,2.4,1.4,4.9,6.7,6.3,7.9,4.1,5.3,5.9,5.6,4.4,5.9,4.7,2.2,3.5,3.6,3.8,1.7,8.7,3.7,0.4,6.2,3.2,7.3,8.2,7.6,5.7,8.8,4.7,3.2,4.2,8.0,5.0,1.2,5.71,2,2,general,↑,2035+,中国化妆师：AI替代抗性强，加班文化严重,6.18,4.96,7.64,瑞士,孟加拉国,6.14,5.76,6.26,6.19,7.11,6.55,5.1,6.24,5.66,7.2,7.2,5.32,-0.47,2026-04-13,2026-04-13,2000-2026
交通运输与物流,TRA,城市交通,交通工程师,Traffic Engineer,7.0,7.1,7.7,7.8,7.0,6.9,6.6,6.9,8.0,6.4,6.0,7.4,5.2,2.4,3.3,6.2,5.5,1.8,6.4,7.8,3.3,5.2,3.0,6.7,5.0,4.7,6.1,5.5,2.3,5.6,4.4,3.3,4.4,5.0,5.71,3,3,general,↑,2032-2038,中国交通工程师：薪资回报高，加班文化严重,5.79,4.38,6.94,荷兰,孟加拉国,5.88,5.48,5.83,5.86,6.81,6.12,4.64,5.8,5.22,6.62,6.71,4.86,-0.08,2026-04-13,2026-04-13,2000-2026
服务业与消费,SVC,美容养生,康体私教(功能训练),Functional Training Coach,4.5,3.8,8.3,6.8,7.3,7.6,6.8,5.3,6.2,5.9,4.5,6.9,5.0,1.1,4.0,6.1,5.0,2.3,7.8,5.0,1.7,5.2,2.9,6.6,8.0,6.6,5.6,7.5,5.9,3.3,5.6,6.5,2.9,2.8,5.71,3,4,general,↑↑,2035+,中国康体私教(功能训练)：AI替代抗性强，加班文化严重，近年增长迅猛,5.84,4.71,6.86,丹麦,孟加拉国,5.88,5.61,5.8,5.86,6.61,6.09,4.97,5.87,5.44,6.61,6.61,5.12,-0.13,2026-04-13,2026-04-13,2000-2026
服务业与消费,SVC,美容养生,瑜伽教练,Yoga Instructor,4.3,4.1,7.5,7.1,7.8,8.0,6.2,4.9,5.4,6.2,5.0,7.0,5.0,0.7,3.8,5.8,5.2,2.2,7.6,4.6,0.9,5.7,2.2,8.6,8.2,5.4,5.8,7.7,5.2,3.3,4.8,5.9,4.9,3.0,5.71,3,4,general,↑↑,2035+,中国瑜伽教练：AI替代抗性强，加班文化严重，近年增长迅猛,5.89,4.84,6.9,丹麦,孟加拉国,5.87,5.63,5.89,5.9,6.72,6.16,5.04,6.0,5.5,6.63,6.64,5.16,-0.18,2026-04-13,2026-04-13,2000-2026
农业、资源与环境,AGR,农业科技,植物保护员/植检员,Plant Protection / Phytosanitary Inspector,4.6,4.3,7.3,7.6,6.6,6.8,7.2,7.9,6.1,6.1,5.6,6.8,5.4,1.8,3.6,6.2,6.0,1.4,5.9,5.1,1.0,5.7,3.8,7.8,5.5,4.7,5.5,5.3,4.3,5.5,5.0,4.2,4.6,3.0,5.71,3,4,general,↑↑,2028-2033,中国植物保护员/植检员：加班文化严重，近年增长迅猛,5.98,4.86,7.12,荷兰,尼日利亚,5.81,5.65,6.03,5.96,6.82,6.27,5.09,6.08,5.76,6.76,6.8,5.22,-0.27,2026-04-13,2026-04-13,2000-2026
农业、资源与环境,AGR,环保,环境科学家,Environmental Scientist,6.8,7.9,6.8,7.3,6.3,5.8,5.7,7.0,6.5,6.9,6.2,6.5,5.4,2.9,3.6,5.3,5.4,1.5,6.9,7.6,4.7,5.2,4.1,7.9,4.9,5.1,5.8,5.6,3.9,5.1,3.9,3.3,6.3,4.5,5.71,3,4,general,↑↑,2032-2038,中国环境科学家：加班文化严重，近年增长迅猛,6.02,4.59,7.31,荷兰,尼日利亚,6.06,5.53,6.0,6.0,7.22,6.26,4.85,6.18,5.54,6.92,7.09,5.1,-0.31,2026-04-13,2026-04-13,2000-2026
公共管理与公务员,GOV,警察执法,网络警察,Cybercrime Police Officer,6.9,6.3,6.5,8.4,5.9,5.1,7.3,7.4,7.3,7.0,10.0,8.7,5.2,2.8,3.9,7.2,5.3,2.1,5.6,9.2,3.3,4.1,3.7,7.7,2.4,4.0,5.2,5.7,1.2,8.6,1.7,1.0,4.2,9.1,5.71,2,4,general,↑↑,2028-2033,中国网络警察：加班文化严重，就业稳定，近年增长迅猛,5.54,4.52,6.44,丹麦,尼日利亚,5.69,5.31,5.41,5.52,6.39,5.53,4.97,5.68,5.14,6.16,6.19,4.81,0.17,2026-04-13,2026-04-13,2000-2026
服务业与消费,SVC,美容养生,健身教练,Fitness Trainer / Personal Trainer,4.3,3.3,8.1,7.1,7.6,7.7,6.4,5.5,5.8,5.0,4.1,6.7,5.5,0.2,3.9,6.5,5.6,1.9,7.8,4.7,2.0,5.0,2.4,6.6,8.4,6.8,5.4,8.2,7.0,2.5,4.5,6.3,3.5,3.9,5.71,3,4,general,↑↑,2035+,中国健身教练：AI替代抗性强，加班文化严重，近年增长迅猛,5.82,4.75,6.82,瑞士,孟加拉国,5.85,5.54,5.76,5.82,6.63,6.06,4.97,5.89,5.41,6.62,6.57,5.09,-0.11,2026-04-13,2026-04-13,2000-2026
医疗与健康,MED,临床医学,妇产科医生,Obstetrician/Gynecologist,9.4,9.0,7.6,8.7,8.8,9.9,8.0,6.9,8.6,5.2,8.5,6.4,4.3,0.0,0.4,5.8,4.9,2.5,7.0,8.1,1.0,5.8,2.1,8.1,6.5,5.5,6.6,8.2,6.3,8.8,1.4,3.4,5.1,3.1,5.71,3,2,general,↑,2032-2038,中国妇产科医生：薪资回报高，人才需求旺盛，加班文化严重,5.81,4.73,6.72,德国,孟加拉国,5.9,5.49,5.69,5.92,6.44,6.09,5.0,5.97,5.44,6.46,6.54,5.14,-0.1,2026-04-13,2026-04-13,2000-2026
教育与学术,EDU,早期教育,育婴师,Infant Care Specialist / Nanny,2.8,2.9,4.5,6.9,7.8,9.2,6.2,6.3,3.9,4.1,7.5,7.9,3.7,1.2,3.3,2.8,3.4,1.5,9.6,4.8,2.6,4.4,2.1,7.3,5.3,9.2,6.7,7.6,6.6,3.4,1.8,3.9,3.1,0.8,5.71,2,2,general,↑,2035+,中国育婴师：薪资水平偏低，AI替代抗性强，加班文化严重,5.68,4.91,6.7,芬兰,肯尼亚,5.66,5.5,5.65,5.61,6.59,5.85,5.13,5.58,5.33,6.24,6.34,5.04,0.03,2026-04-13,2026-04-13,2000-2026
交通运输与物流,TRA,航空,航空安全检查员,Aviation Safety Inspector,6.4,6.3,6.2,7.1,7.4,8.1,7.9,7.9,7.9,6.4,7.6,8.2,4.9,2.0,3.8,5.3,4.8,1.7,6.9,7.7,1.7,5.2,2.4,8.2,3.9,3.6,4.2,5.8,2.7,7.2,7.4,1.2,7.1,5.1,5.71,2,2,general,↑,2032-2038,中国航空安全检查员：人才需求旺盛，加班文化严重，就业稳定,5.71,4.34,6.75,德国,孟加拉国,5.8,5.38,5.62,5.82,6.54,6.15,4.67,5.75,5.24,6.42,6.61,4.85,-0.0,2026-04-13,2026-04-13,2000-2026
医疗与健康,MED,临床医学,消化科医生,Gastroenterologist,9.6,9.0,8.0,8.9,9.0,10.0,7.4,6.9,7.6,5.7,8.1,7.1,4.0,0.0,2.3,6.2,4.3,2.4,6.9,8.3,2.5,5.8,1.3,7.9,5.9,4.9,6.8,7.7,5.3,9.4,2.0,4.2,4.8,3.2,5.71,3,3,general,↑,2032-2038,中国消化科医生：加班文化严重，就业稳定,5.96,4.86,6.85,荷兰,孟加拉国,6.02,5.68,5.9,6.03,6.66,6.21,5.18,6.15,5.65,6.54,6.61,5.28,-0.25,2026-04-13,2026-04-13,2000-2026
技术工种与手工业,SKL,电气技术,太阳能电池板安装工,Solar Panel Installer,4.5,3.1,7.6,7.8,7.4,8.7,6.9,5.9,7.2,7.2,6.6,4.2,4.0,0.9,3.1,6.3,5.3,1.3,7.1,5.2,0.2,5.5,3.2,6.1,7.6,1.7,6.2,5.8,7.0,5.6,5.0,6.3,5.0,3.3,5.71,4,5,general,↑↑,2032-2038,中国太阳能电池板安装工：加班文化严重，近年增长迅猛,6.22,4.95,7.33,荷兰,孟加拉国,6.18,5.8,6.34,6.26,7.12,6.5,5.21,6.29,5.77,7.28,7.14,5.4,-0.51,2026-04-13,2026-04-13,2000-2026
文化、艺术与传媒,ART,摄影,婚礼摄影师,Wedding Photographer,4.7,4.0,5.2,7.3,5.6,6.7,5.6,6.0,6.7,5.3,4.1,7.2,6.8,2.1,2.3,6.1,5.7,2.1,5.5,5.5,4.2,7.5,2.9,8.3,8.5,4.7,6.9,7.3,3.2,1.2,6.7,7.5,3.9,2.6,5.71,2,0,general,→,2028-2033,中国婚礼摄影师：加班文化严重,5.77,4.63,6.75,荷兰,巴基斯坦,5.88,5.42,5.71,5.61,6.51,6.11,4.9,5.87,5.4,6.43,6.62,5.13,-0.06,2026-04-13,2026-04-13,2000-2026
交通运输与物流,TRA,物流管理,仓储经理,Warehouse Manager,4.3,4.6,7.0,7.0,7.2,8.3,6.3,6.0,7.0,6.8,6.3,7.7,5.6,0.9,3.3,6.2,5.9,1.5,5.8,6.6,2.0,5.9,2.2,5.7,5.8,5.2,6.0,7.2,3.9,3.0,6.0,3.3,4.0,3.5,5.71,3,3,general,↑,2028-2033,中国仓储经理：加班文化严重,5.84,4.48,6.98,德国,孟加拉国,5.94,5.5,5.87,5.87,6.8,6.11,4.79,5.88,5.27,6.69,6.79,4.94,-0.13,2026-04-13,2026-04-13,2000-2026
法律与社会服务,LAW,法律助理/律师助理,商标代理人,Trademark Agent,6.3,5.7,6.1,7.7,6.3,5.6,6.2,5.3,6.8,6.5,5.5,9.4,5.8,2.7,4.2,5.0,5.8,1.7,5.2,5.9,5.6,6.2,3.5,5.3,7.0,5.8,6.5,6.1,0.0,7.3,3.6,4.8,5.7,3.9,5.71,2,1,general,→,2028-2033,中国商标代理人：加班文化严重,5.95,4.91,6.97,瑞士,孟加拉国,6.02,5.58,5.83,5.93,6.71,6.25,5.2,6.07,5.57,6.68,6.76,5.23,-0.24,2026-04-13,2026-04-13,2000-2026
教育与学术,EDU,职业培训,礼仪培训师,Etiquette Trainer,3.8,3.6,4.2,7.1,5.9,5.1,3.4,4.3,5.2,5.1,5.1,10.0,4.7,2.2,3.6,4.9,4.6,2.4,7.0,6.4,5.6,8.2,3.2,6.9,7.6,6.8,7.7,8.2,2.8,1.9,4.9,7.8,2.8,1.0,5.71,1,1,general,→,2032-2038,中国礼仪培训师：供过于求，加班文化严重,5.66,4.64,6.69,瑞典,孟加拉国,5.72,5.4,5.72,5.65,6.62,5.89,4.89,5.6,5.21,6.32,6.33,4.93,0.05,2026-04-13,2026-04-13,2000-2026
教育与学术,EDU,教育管理,大学校长,University President,9.5,9.6,4.1,8.0,4.6,3.9,2.8,4.0,10.0,7.6,10.0,9.5,4.2,0.0,1.5,8.0,4.9,2.6,9.2,9.8,4.9,8.1,2.0,8.4,5.6,3.3,6.7,9.2,1.7,10.0,0.5,3.0,5.2,4.6,5.71,1,1,general,→,2035+,中国大学校长：薪资回报高，供过于求，AI替代抗性强,5.59,4.62,6.57,芬兰,孟加拉国,5.57,5.36,5.68,5.56,6.45,5.76,4.93,5.68,5.24,6.19,6.1,4.95,0.12,2026-04-13,2026-04-13,2000-2026
工程与制造,ENG,环境工程,安全评价工程师,Safety Assessment Engineer (HAZOP),6.4,6.1,6.4,7.2,7.7,7.4,6.0,6.7,7.4,6.5,7.0,4.8,3.4,2.0,2.0,7.0,6.6,0.9,6.9,7.4,3.3,4.9,4.1,7.0,4.6,5.1,6.5,5.4,4.4,5.6,4.7,3.3,4.1,3.2,5.7,3,3,general,↑,2032-2038,中国安全评价工程师：加班文化严重,5.79,4.54,6.93,德国,孟加拉国,5.86,5.51,5.84,5.76,6.68,6.09,4.85,5.8,5.3,6.34,6.67,4.99,-0.09,2026-04-13,2026-04-13,2000-2026
服务业与消费,SVC,家政照护,宠物护理员/宠物美容师,Pet Groomer / Pet Care Worker,3.9,2.2,9.2,6.5,8.1,7.9,9.0,6.4,4.1,4.4,3.9,6.4,5.3,1.0,5.1,4.8,4.7,1.8,8.4,3.6,0.5,3.2,2.0,7.3,7.2,6.9,5.2,7.8,5.8,1.5,3.4,3.5,3.8,3.4,5.7,3,4,general,↑↑,2035+,中国宠物护理员/宠物美容师：薪资水平偏低，人才需求旺盛，AI替代抗性强,5.74,4.67,6.91,瑞士,尼日利亚,5.87,5.43,5.66,5.76,6.73,5.91,4.87,5.69,5.3,6.56,6.57,4.92,-0.04,2026-04-13,2026-04-13,2000-2026
医疗与健康,MED,临床医学,内科医生,Internal Medicine Physician,9.6,9.0,7.7,8.3,8.8,9.9,7.2,6.5,8.1,6.4,8.5,7.4,3.6,0.0,0.6,6.2,4.3,1.9,6.5,8.8,3.5,5.6,0.9,7.7,6.0,4.4,6.0,8.1,4.0,9.2,1.7,3.8,5.3,3.5,5.7,3,3,general,↑,2032-2038,中国内科医生：薪资回报高，加班文化严重，就业稳定,5.89,4.86,6.91,德国,孟加拉国,5.96,5.6,5.71,5.96,6.57,6.14,5.09,5.96,5.6,6.4,6.62,5.26,-0.19,2026-04-13,2026-04-13,2000-2026
医疗与健康,MED,传统与替代医学,中医师,Traditional Chinese Medicine Practitioner,7.0,6.0,6.1,8.6,6.7,10.0,7.1,3.2,8.0,6.1,6.7,8.4,4.3,1.8,4.3,4.1,4.4,3.6,6.9,8.2,2.0,6.9,3.2,7.3,7.7,5.7,8.2,7.5,4.1,6.6,2.8,6.3,1.5,3.1,5.7,1,3,general,↑,2032-2038,中国中医师：薪资回报高，加班文化严重,5.6,4.59,6.45,瑞士,孟加拉国,5.81,5.41,5.43,5.55,6.15,5.88,4.91,5.67,5.16,6.24,6.22,4.96,0.1,2026-04-13,2026-04-13,2000-2026
技术工种与手工业,SKL,电气技术,弱电工程师,Low-Voltage Systems Technician,4.6,4.1,6.8,7.7,7.6,7.9,7.3,7.6,6.0,7.2,7.0,4.9,4.1,1.4,4.3,5.9,5.3,1.5,6.9,5.7,0.0,6.0,2.2,6.9,6.5,1.6,5.7,5.7,5.3,5.7,4.9,6.5,4.8,3.5,5.7,3,3,general,↑,2032-2038,中国弱电工程师：加班文化严重,6.18,4.94,7.44,瑞士,孟加拉国,6.09,5.83,6.26,6.2,7.07,6.5,5.13,6.15,5.66,7.16,7.15,5.5,-0.48,2026-04-13,2026-04-13,2000-2026
工程与制造,ENG,土木与建筑,给排水工程师,Water Supply & Drainage Engineer,6.1,6.0,6.8,8.1,9.8,9.4,6.9,5.7,7.7,6.3,7.5,5.0,4.4,2.0,2.6,5.7,5.6,1.4,6.4,7.7,2.5,5.1,3.7,6.7,5.2,2.7,7.3,6.8,5.1,4.8,6.8,2.5,3.5,3.8,5.7,2,2,general,↑,2032-2038,中国给排水工程师：加班文化严重，就业稳定,5.64,4.35,6.82,瑞士,孟加拉国,5.78,5.31,5.71,5.66,6.49,5.97,4.7,5.55,5.14,6.21,6.57,4.79,0.06,2026-04-13,2026-04-13,2000-2026
金融与商业,FIN,伊斯兰金融,穆拉巴哈融资专员,Murabaha Finance Specialist,6.9,7.0,8.4,7.8,6.2,3.0,5.9,6.8,7.2,7.3,6.9,8.7,5.1,2.4,4.0,4.7,4.6,1.8,6.5,7.0,5.4,5.3,3.8,6.9,5.3,2.8,5.8,7.0,0.7,6.0,4.0,3.1,3.2,3.4,5.7,3,4,general,↑↑,2032-2038,中国穆拉巴哈融资专员：加班文化严重，近年增长迅猛,5.72,4.77,6.83,英国,孟加拉国,5.73,5.46,5.38,6.15,6.18,6.02,5.1,5.48,5.14,6.3,6.61,5.17,-0.02,2026-04-13,2026-04-13,2000-2026
服务业与消费,SVC,家政照护,私人厨师,Private Chef,6.3,2.8,8.0,6.5,8.3,8.9,8.8,6.3,5.6,3.9,3.5,6.2,5.0,0.7,4.1,4.7,4.3,1.6,9.0,5.7,1.2,3.9,1.7,7.5,8.2,6.4,4.7,7.7,6.7,2.4,3.4,3.9,4.7,3.2,5.7,3,4,general,↑↑,2035+,中国私人厨师：人才需求旺盛，AI替代抗性强，加班文化严重,5.89,4.71,6.91,丹麦,尼日利亚,5.99,5.6,5.87,5.88,6.79,6.08,4.98,5.92,5.44,6.7,6.71,5.13,-0.19,2026-04-13,2026-04-13,2000-2026
医疗与健康,MED,药学,药剂师,Pharmacist,7.0,7.3,6.7,7.8,8.4,10.0,6.6,5.4,6.9,7.1,7.2,8.9,5.3,1.1,2.6,6.0,5.5,1.7,4.4,6.7,3.1,5.3,2.6,6.2,7.2,5.9,6.1,6.8,1.7,7.9,1.7,4.5,5.2,4.2,5.7,2,1,general,→,2026-2030,中国药剂师：加班文化严重,5.9,4.72,6.86,荷兰,孟加拉国,6.01,5.56,5.73,5.9,6.72,6.21,5.08,6.15,5.52,6.54,6.67,5.1,-0.2,2026-04-13,2026-04-13,2000-2026
医疗与健康,MED,护理,透析护士,Dialysis Nurse,5.1,5.1,8.0,7.0,9.9,10.0,8.1,8.1,3.6,6.3,8.0,6.4,2.8,0.2,2.6,5.1,5.1,1.3,6.8,6.1,1.5,4.1,1.4,6.9,4.1,3.9,5.6,8.7,7.0,6.7,1.1,3.4,5.7,2.7,5.69,3,3,general,↑,2032-2038,中国透析护士：薪资水平偏低，人才需求旺盛，加班文化严重,6.02,5.04,6.93,瑞士,孟加拉国,5.97,5.77,5.94,6.04,6.77,6.34,5.25,6.08,5.69,6.68,6.74,5.32,-0.33,2026-04-13,2026-04-13,2000-2026
工程与制造,ENG,化学工程,涂料工程师,Coatings Engineer,5.9,5.6,6.5,7.9,6.6,7.1,6.8,6.6,8.7,7.0,7.2,5.5,3.2,2.6,2.5,6.5,6.0,1.4,5.5,6.8,2.0,4.4,3.1,6.7,4.4,3.3,6.8,4.9,3.2,3.0,4.6,3.1,5.5,3.0,5.69,2,1,general,→,2028-2033,中国涂料工程师：薪资回报高，加班文化严重,5.67,4.46,6.81,瑞典,孟加拉国,5.77,5.36,5.69,5.66,6.61,5.92,4.79,5.71,5.21,6.2,6.54,4.86,0.02,2026-04-13,2026-04-13,2000-2026
医疗与健康,MED,临床医学,呼吸科医生,Pulmonologist,9.3,8.8,7.7,8.3,8.7,9.7,7.7,7.1,7.2,6.1,8.5,7.4,3.8,0.3,2.4,5.4,4.1,2.2,6.6,8.4,1.7,6.1,0.6,7.9,6.2,5.3,6.4,8.1,4.8,8.9,1.1,3.2,4.7,3.0,5.69,3,4,general,↑↑,2032-2038,中国呼吸科医生：人才需求旺盛，加班文化严重，就业稳定,5.95,4.9,6.96,德国,孟加拉国,6.01,5.69,5.84,5.97,6.63,6.26,5.15,6.12,5.58,6.5,6.68,5.23,-0.26,2026-04-13,2026-04-13,2000-2026
工程与制造,ENG,化学工程,化工工艺工程师,Chemical Process Engineer,6.9,6.3,5.5,7.8,7.8,8.4,6.0,6.9,8.4,6.7,7.3,5.1,3.6,2.2,2.3,6.5,5.7,0.8,6.8,7.7,2.3,4.6,3.9,7.0,3.9,3.7,6.0,5.0,3.7,3.3,5.5,3.1,4.5,3.5,5.69,2,1,general,→,2032-2038,中国化工工艺工程师：薪资回报高，加班文化严重,5.69,4.4,6.86,瑞士,孟加拉国,5.81,5.36,5.77,5.64,6.56,5.93,4.77,5.8,5.19,6.28,6.58,4.86,0.0,2026-04-13,2026-04-13,2000-2026
医疗与健康,MED,传统与替代医学,中药师,Chinese Herbal Medicine Pharmacist,6.3,6.6,5.5,8.3,7.4,10.0,7.4,2.6,8.3,5.8,6.3,8.7,4.9,2.2,2.8,4.3,4.0,2.7,7.1,8.2,3.0,7.1,3.7,6.7,7.9,4.1,8.2,7.3,3.9,6.7,2.4,6.5,0.2,2.9,5.69,1,2,general,↑,2032-2038,中国中药师：薪资回报高，加班文化严重,5.58,4.5,6.42,瑞士,孟加拉国,5.78,5.44,5.44,5.49,6.14,5.89,4.88,5.69,5.06,6.18,6.2,4.95,0.11,2026-04-13,2026-04-13,2000-2026
服务业与消费,SVC,家政照护,临终关怀护理员,Hospice Care Worker,3.9,2.3,7.3,6.5,8.9,8.7,8.3,6.5,4.7,5.1,4.0,5.9,5.0,0.9,5.8,4.9,4.3,1.5,9.1,4.6,0.0,4.4,1.4,7.5,4.6,6.4,5.5,7.2,6.6,1.5,3.8,4.1,3.3,3.8,5.69,3,4,general,↑↑,2035+,中国临终关怀护理员：人才需求旺盛，AI替代抗性强，加班文化严重,5.74,4.57,6.84,瑞士,孟加拉国,5.89,5.46,5.72,5.69,6.7,6.01,4.76,5.76,5.24,6.56,6.54,4.97,-0.05,2026-04-13,2026-04-13,2000-2026
交通运输与物流,TRA,航空,航空货运代理,Air Cargo Agent,4.5,4.4,6.9,7.1,8.0,8.0,7.6,8.3,6.1,6.4,6.7,5.5,3.9,1.7,4.0,5.0,5.3,1.3,4.6,8.8,3.8,5.4,2.4,7.4,2.9,3.5,4.7,6.7,3.1,4.0,7.1,1.2,7.2,4.7,5.69,2,2,general,↑,2028-2033,中国航空货运代理：人才需求旺盛，加班文化严重,5.65,4.3,6.73,荷兰,孟加拉国,5.81,5.38,5.58,5.76,6.43,6.0,4.57,5.65,5.16,6.42,6.61,4.72,0.04,2026-04-13,2026-04-13,2000-2026
法律与社会服务,LAW,法律助理/律师助理,法律翻译,Legal Translator,6.3,7.1,5.2,7.3,5.8,4.5,6.0,5.3,7.2,5.3,4.0,9.2,6.2,3.5,3.2,6.0,5.5,1.8,4.9,6.1,7.0,5.7,4.5,5.7,7.1,6.5,6.0,5.4,0.8,5.1,3.8,7.7,6.2,2.0,5.69,1,-1,general,→,2028-2033,中国法律翻译：加班文化严重，就业波动大,6.07,5.03,7.19,瑞士,孟加拉国,6.09,5.74,6.01,5.98,6.88,6.32,5.32,6.18,5.67,6.82,6.92,5.38,-0.38,2026-04-13,2026-04-13,2000-2026
医疗与健康,MED,临床医学,外科医生,Surgeon,9.8,9.9,7.4,7.4,9.2,9.5,7.5,7.5,9.3,5.9,7.5,6.7,3.1,0.0,0.3,6.0,4.3,2.1,8.0,9.4,0.1,6.1,1.1,8.6,6.3,4.6,6.9,7.8,6.7,8.9,0.8,3.6,4.8,3.2,5.69,3,2,general,↑,2035+,中国外科医生：薪资回报高，人才需求旺盛，AI替代抗性强,5.94,4.84,6.7,德国,孟加拉国,5.97,5.64,5.81,5.91,6.62,6.23,5.19,6.12,5.61,6.6,6.59,5.32,-0.25,2026-04-13,2026-04-13,2000-2026
技术工种与手工业,SKL,美发美容技术,美睫师,Eyelash Extension Technician,2.5,2.2,6.3,6.5,5.9,6.1,4.9,5.0,4.2,5.9,5.5,6.2,3.9,1.7,3.8,4.2,4.0,1.8,8.6,4.1,1.1,7.0,3.4,6.7,8.4,7.2,6.3,7.7,3.2,3.0,3.8,7.7,4.0,1.4,5.69,2,3,general,↑,2035+,中国美睫师：薪资水平偏低，AI替代抗性强，加班文化严重,6.06,4.79,7.46,瑞士,尼日利亚,6.04,5.63,6.1,6.07,7.04,6.36,4.95,6.14,5.49,7.12,7.1,5.2,-0.37,2026-04-13,2026-04-13,2000-2026
文化、艺术与传媒,ART,出版写作,翻译,Translator,5.3,5.3,4.9,7.7,5.0,5.9,5.0,5.1,5.0,5.6,4.3,7.7,6.7,1.2,3.3,7.4,5.8,2.6,3.5,5.7,9.0,8.2,4.9,7.3,7.3,6.4,6.4,5.4,1.5,1.3,4.4,6.0,7.2,3.0,5.69,1,-1,general,→,2026-2030,中国翻译：AI替代风险较高，远程友好度高，加班文化严重,5.81,4.72,6.84,瑞士,巴基斯坦,5.86,5.43,5.77,5.68,6.47,6.16,5.07,5.85,5.43,6.47,6.7,5.14,-0.12,2026-04-13,2026-04-13,2000-2026
交通运输与物流,TRA,物流管理,货运代理人,Freight Forwarder,4.8,3.7,6.6,7.1,7.2,8.6,6.1,6.2,6.4,6.4,5.8,7.7,5.4,2.4,3.3,6.0,5.3,1.5,5.1,5.3,3.3,5.4,2.7,5.5,6.4,3.8,5.6,6.8,2.2,3.1,6.4,3.5,6.6,3.0,5.69,3,3,general,↑,2028-2033,中国货运代理人：加班文化严重,5.83,4.43,7.0,荷兰,孟加拉国,5.92,5.5,5.81,5.88,6.8,6.19,4.73,5.81,5.32,6.62,6.82,4.9,-0.14,2026-04-13,2026-04-13,2000-2026
文化、艺术与传媒,ART,出版写作,小说家/作家,Novelist / Author,5.1,5.4,4.7,8.0,5.7,5.9,4.5,5.9,4.8,5.6,2.3,7.7,6.5,1.1,2.3,7.0,6.3,3.4,5.2,6.4,8.6,8.9,4.4,9.0,8.8,5.2,7.0,5.3,1.6,1.2,4.5,6.4,5.7,3.4,5.69,1,-1,general,→,2028-2033,中国小说家/作家：远程友好度高，加班文化严重，就业波动大,5.83,4.76,6.72,澳大利亚,孟加拉国,5.88,5.47,5.85,5.67,6.51,6.21,5.05,5.95,5.46,6.56,6.64,5.16,-0.14,2026-04-13,2026-04-13,2000-2026
金融与商业,FIN,银行,银行柜员,Bank Teller,2.5,2.8,6.2,7.3,8.5,9.4,3.6,6.4,5.2,7.0,7.7,9.2,5.3,2.5,2.6,6.8,6.5,1.3,2.3,5.2,5.8,4.8,3.8,5.5,4.5,4.5,5.2,6.7,1.2,4.1,4.3,2.5,5.1,4.7,5.69,-1,-1,general,→,2025-2028,中国银行柜员：供过于求，AI替代风险较高，加班文化严重,5.62,4.44,6.85,瑞士,孟加拉国,5.81,5.26,5.44,5.71,6.3,6.04,4.76,5.51,5.17,6.2,6.54,4.9,0.07,2026-04-13,2026-04-13,2000-2026
工程与制造,ENG,土木与建筑,暖通空调设计工程师,HVAC Design Engineer,6.0,6.0,6.5,8.3,9.4,8.9,6.9,6.7,8.5,6.2,6.3,4.8,3.6,1.7,2.8,5.7,5.6,1.3,6.1,6.8,3.2,5.2,3.2,6.5,4.8,4.1,6.7,6.5,4.7,4.5,6.8,3.5,3.5,3.5,5.68,2,2,general,↑,2032-2038,中国暖通空调设计工程师：薪资回报高，加班文化严重,5.65,4.42,6.76,德国,巴基斯坦,5.77,5.35,5.69,5.66,6.54,5.97,4.75,5.63,5.18,6.3,6.52,4.76,0.03,2026-04-13,2026-04-13,2000-2026
交通运输与物流,TRA,物流管理,跨境电商物流专员,Cross-border E-commerce Logistics Specialist,4.4,4.1,8.2,6.5,8.0,8.1,5.7,6.8,7.0,6.5,5.3,7.9,5.7,1.9,3.8,5.2,4.7,1.7,5.1,5.1,4.6,5.2,3.2,5.9,6.4,3.9,5.1,6.2,4.6,3.6,6.3,2.7,5.4,3.2,5.68,3,4,general,↑↑,2028-2033,中国跨境电商物流专员：加班文化严重，近年增长迅猛,5.84,4.51,6.98,瑞士,孟加拉国,5.93,5.47,5.83,5.93,6.84,6.22,4.78,5.87,5.25,6.7,6.82,4.91,-0.16,2026-04-13,2026-04-13,2000-2026
工程与制造,ENG,化学工程,陶瓷工程师,Ceramic Engineer,6.9,6.9,6.3,7.3,6.9,6.5,6.3,7.1,8.2,6.8,6.3,5.8,2.7,2.6,3.0,6.4,5.2,1.2,6.2,6.5,3.5,4.4,4.0,7.2,5.2,4.6,6.4,4.6,3.8,3.0,4.6,3.5,5.3,2.6,5.68,2,1,general,→,2032-2038,中国陶瓷工程师：薪资回报高，加班文化严重,5.64,4.38,6.81,瑞士,孟加拉国,5.76,5.3,5.7,5.6,6.61,5.94,4.72,5.58,5.17,6.22,6.53,4.8,0.04,2026-04-13,2026-04-13,2000-2026
文化、艺术与传媒,ART,会展,会展组织者,Conference/Exhibition Organizer,4.8,4.3,5.1,7.8,6.0,6.0,5.1,6.3,6.9,6.5,4.1,7.2,6.7,1.9,2.3,6.2,5.7,1.7,6.6,5.8,4.2,5.9,3.2,6.5,6.9,5.3,5.8,8.6,4.0,2.3,6.8,4.5,5.6,3.5,5.68,3,1,general,→,2032-2038,中国会展组织者：加班文化严重,5.82,4.62,6.72,瑞士,巴基斯坦,5.9,5.51,5.76,5.67,6.55,6.21,4.9,5.93,5.45,6.5,6.66,5.17,-0.14,2026-04-13,2026-04-13,2000-2026
技术工种与手工业,SKL,电气技术,家电维修技师,Appliance Repair Technician,4.2,3.5,7.2,8.1,7.3,7.1,5.1,5.4,4.8,6.4,7.1,4.5,4.4,2.1,4.3,6.9,5.6,1.5,7.7,5.2,0.0,5.9,2.7,6.6,8.4,2.9,5.6,6.9,6.2,5.6,4.9,7.4,5.2,2.9,5.68,3,3,general,↑,2035+,中国家电维修技师：AI替代抗性强，加班文化严重,6.06,4.96,7.23,德国,巴基斯坦,6.0,5.64,6.11,6.02,6.97,6.38,5.04,5.99,5.53,7.08,7.05,5.42,-0.38,2026-04-13,2026-04-13,2000-2026
医疗与健康,MED,兽医学,兽医公共卫生专家,Veterinary Public Health Specialist,7.9,7.3,6.9,7.9,8.3,7.2,7.2,5.8,4.6,5.8,8.4,6.6,3.8,1.8,2.6,4.4,4.0,1.4,8.3,6.9,3.8,6.6,1.9,7.8,7.9,6.3,6.5,7.0,5.7,7.9,3.0,4.5,4.0,3.2,5.68,3,3,general,↑,2035+,中国兽医公共卫生专家：AI替代抗性强，加班文化严重，就业稳定,5.86,4.8,6.78,瑞士,巴基斯坦,5.91,5.49,5.71,5.92,6.61,6.24,5.02,6.01,5.52,6.54,6.61,5.16,-0.18,2026-04-13,2026-04-13,2000-2026
教育与学术,EDU,特殊教育与辅助,图书管理员(学校),School Librarian,5.3,4.8,2.3,8.2,5.6,7.3,3.5,4.8,4.4,4.8,9.3,9.5,5.6,3.7,4.0,4.8,5.2,0.3,5.3,5.9,4.6,5.9,6.0,6.8,2.9,8.4,8.4,6.8,2.9,5.1,0.1,4.7,2.5,2.9,5.68,-1,-1,general,→,2028-2033,中国图书管理员(学校)：薪资水平偏低，供过于求，就业稳定,5.48,4.54,6.42,芬兰,尼日利亚,5.58,5.19,5.5,5.49,6.34,5.72,4.78,5.45,5.09,6.11,6.1,4.78,0.2,2026-04-13,2026-04-13,2000-2026
交通运输与物流,TRA,航空,航空管制员,Air Traffic Controller,6.7,6.8,6.6,7.3,8.0,8.1,8.1,7.9,8.0,6.2,8.2,8.7,4.4,1.2,1.7,5.5,4.5,1.6,7.0,7.8,1.4,5.0,2.2,7.2,3.7,3.9,4.6,6.2,2.0,8.8,7.1,2.0,7.7,4.5,5.68,2,2,general,↑,2032-2038,中国航空管制员：薪资回报高，人才需求旺盛，加班文化严重,5.68,4.39,6.78,荷兰,孟加拉国,5.86,5.35,5.61,5.79,6.45,6.0,4.64,5.77,5.16,6.44,6.58,4.85,-0.0,2026-04-13,2026-04-13,2000-2026
农业、资源与环境,AGR,农业科技,农产品质量检测员,Agricultural Product Quality Inspector,4.0,4.4,7.7,7.2,6.7,6.0,7.8,7.9,5.7,6.1,6.2,7.0,5.1,1.4,3.1,6.2,6.2,1.8,4.4,6.4,2.2,5.6,3.2,7.6,6.5,5.1,5.9,5.2,3.4,4.9,5.0,3.2,4.7,3.8,5.67,3,4,general,↑↑,2026-2030,中国农产品质量检测员：人才需求旺盛，加班文化严重，近年增长迅猛,6.03,4.97,7.12,荷兰,巴基斯坦,5.89,5.66,6.06,6.02,6.88,6.29,5.07,6.19,5.76,6.89,6.87,5.28,-0.36,2026-04-13,2026-04-13,2000-2026
医疗与健康,MED,护理,ICU护士,ICU Nurse,6.5,5.4,7.6,7.3,9.3,10.0,9.1,8.1,5.6,5.8,7.9,6.1,2.5,0.0,0.7,5.1,4.8,1.6,7.8,5.7,1.7,3.1,0.8,7.3,3.9,3.9,5.2,9.0,6.5,7.0,1.3,3.4,6.5,2.2,5.67,3,4,general,↑↑,2035+,中国ICU护士：人才需求旺盛，AI替代抗性强，加班文化严重,5.97,4.96,6.83,瑞士,孟加拉国,5.97,5.71,5.87,5.94,6.7,6.29,5.19,6.13,5.59,6.66,6.67,5.31,-0.3,2026-04-13,2026-04-13,2000-2026
教育与学术,EDU,K12教育,图书馆教师/媒体专员,School Library Media Specialist,5.1,5.6,3.1,8.2,5.9,6.9,3.8,5.0,4.1,4.2,9.7,9.7,5.4,4.2,4.3,5.2,5.0,0.6,5.7,5.5,4.0,5.4,4.7,6.6,3.4,8.2,8.3,7.3,2.5,4.8,0.2,4.8,2.5,2.7,5.67,0,0,general,→,2028-2033,中国图书馆教师/媒体专员：薪资水平偏低，供过于求，就业稳定,5.55,4.58,6.58,芬兰,尼日利亚,5.59,5.33,5.49,5.56,6.49,5.68,4.83,5.62,5.14,6.16,6.22,4.8,0.12,2026-04-13,2026-04-13,2000-2026
交通运输与物流,TRA,航海,港口管理人员,Port Manager,6.0,6.5,6.1,7.6,7.2,9.3,7.7,7.3,8.7,6.8,5.0,7.7,3.5,0.7,2.3,4.7,4.8,1.7,6.6,8.4,2.1,5.9,2.8,7.6,3.4,2.2,5.5,7.7,3.0,5.1,7.2,1.5,8.4,4.4,5.67,1,1,general,→,2032-2038,中国港口管理人员：薪资回报高，人才需求旺盛，加班文化严重,5.59,4.42,6.73,丹麦,尼日利亚,5.78,5.4,5.44,5.64,6.52,5.71,4.67,5.64,5.04,6.2,6.36,4.86,0.08,2026-04-13,2026-04-13,2000-2026
医疗与健康,MED,临床医学,心胸外科医生,Cardiothoracic Surgeon,10.0,9.6,7.8,7.1,8.6,9.3,8.8,8.9,9.3,5.2,8.8,5.4,3.8,0.0,0.0,5.4,4.5,1.7,6.9,9.6,1.3,5.3,0.0,8.0,6.0,4.3,6.6,8.0,7.1,8.8,1.8,4.2,4.4,3.1,5.66,3,2,general,↑,2032-2038,中国心胸外科医生：薪资回报高，人才需求旺盛，加班文化严重,5.82,4.78,6.62,瑞典,孟加拉国,5.9,5.56,5.71,5.81,6.54,6.04,5.07,6.03,5.52,6.37,6.41,5.18,-0.16,2026-04-13,2026-04-13,2000-2026
医疗与健康,MED,护理,助产士,Midwife,5.0,5.4,7.6,6.7,9.4,10.0,8.1,7.3,3.5,5.8,8.8,6.4,3.3,0.0,1.6,4.5,5.4,1.3,7.5,6.4,1.4,3.4,1.9,9.2,3.2,2.3,6.2,8.2,6.2,6.9,1.1,3.6,5.5,2.6,5.66,3,3,general,↑,2035+,中国助产士：薪资水平偏低，人才需求旺盛，AI替代抗性强,6.0,4.92,6.94,瑞士,巴基斯坦,6.0,5.73,5.9,6.02,6.68,6.33,5.19,6.21,5.62,6.62,6.7,5.33,-0.34,2026-04-13,2026-04-13,2000-2026
公共管理与公务员,GOV,消防应急,应急管理专员,Emergency Management Specialist,5.9,6.3,5.8,8.8,6.4,6.1,6.7,6.0,6.7,5.9,9.9,6.8,4.7,2.9,3.4,6.4,5.4,1.7,6.9,7.4,3.0,4.4,1.8,7.8,2.9,4.8,5.8,7.2,3.9,7.6,2.2,2.5,5.3,6.8,5.66,2,3,general,↑,2032-2038,中国应急管理专员：加班文化严重，就业稳定,5.63,4.75,6.47,瑞典,尼日利亚,5.75,5.39,5.5,5.67,6.42,5.64,5.05,5.76,5.27,6.18,6.24,5.0,0.03,2026-04-13,2026-04-13,2000-2026
公共管理与公务员,GOV,情报安全,密码学专家(政府),Government Cryptographer,8.2,9.2,7.5,7.8,4.9,3.3,7.8,8.8,9.1,6.2,9.9,9.1,5.7,4.4,3.1,5.6,4.8,1.3,6.1,9.8,3.5,5.1,2.9,6.8,2.1,3.4,4.0,4.1,0.5,10.0,0.1,1.3,3.9,9.3,5.66,2,4,general,↑↑,2032-2038,中国密码学专家(政府)：薪资回报高，人才需求旺盛，就业稳定,5.68,4.89,6.41,丹麦,尼日利亚,5.77,5.42,5.63,5.64,6.39,5.7,5.17,5.87,5.35,6.19,6.25,5.08,-0.02,2026-04-13,2026-04-13,2000-2026
文化、艺术与传媒,ART,摄影,航拍摄影师,Aerial/Drone Photographer,4.5,4.0,6.2,7.3,5.8,6.1,4.6,5.0,7.2,5.8,3.3,7.4,6.7,1.9,2.0,6.9,5.7,1.9,6.3,5.7,3.9,7.6,2.1,7.3,8.0,5.3,5.9,6.3,2.8,2.5,5.5,7.5,4.1,3.3,5.66,2,2,general,↑,2032-2038,中国航拍摄影师：加班文化严重，就业波动大,5.83,4.66,6.81,德国,孟加拉国,5.84,5.52,5.9,5.65,6.57,6.22,4.95,5.89,5.44,6.5,6.66,5.17,-0.17,2026-04-13,2026-04-13,2000-2026
医疗与健康,MED,护理,手术室护士,Operating Room Nurse,5.8,5.0,7.1,6.9,8.9,10.0,8.4,8.2,4.5,6.0,7.6,6.9,2.9,0.2,0.6,5.3,4.6,1.7,7.9,6.3,2.2,3.3,1.2,7.3,3.9,3.1,6.0,8.5,6.3,6.6,1.1,3.4,6.5,3.0,5.65,3,3,general,↑,2035+,中国手术室护士：薪资水平偏低，人才需求旺盛，AI替代抗性强,6.04,5.03,7.04,瑞士,巴基斯坦,6.03,5.79,5.92,5.98,6.81,6.3,5.27,6.22,5.68,6.78,6.75,5.34,-0.39,2026-04-13,2026-04-13,2000-2026
工程与制造,ENG,土木与建筑,消防工程师,Fire Protection Engineer,6.1,6.1,6.9,8.4,9.5,8.7,6.6,6.5,7.1,7.2,6.2,5.5,3.4,1.9,2.2,6.9,6.0,1.4,6.7,7.7,2.1,4.7,2.9,5.9,4.9,4.5,6.2,6.8,5.3,6.4,6.6,2.5,4.6,3.4,5.65,2,2,general,↑,2032-2038,中国消防工程师：加班文化严重,5.64,4.41,6.78,德国,孟加拉国,5.72,5.35,5.67,5.7,6.53,5.93,4.8,5.63,5.12,6.22,6.52,4.81,0.01,2026-04-13,2026-04-13,2000-2026
服务业与消费,SVC,家政照护,残障护理员,Disability Support Worker,3.8,2.6,8.9,6.2,8.1,8.8,9.4,5.7,4.4,4.1,4.3,6.4,4.4,1.2,4.3,5.5,4.7,1.5,8.6,3.5,0.9,4.7,2.2,6.3,5.4,6.0,4.7,7.7,6.8,2.4,3.9,4.3,4.0,3.6,5.65,3,4,general,↑↑,2035+,中国残障护理员：薪资水平偏低，人才需求旺盛，AI替代抗性强,5.7,4.56,6.87,瑞典,孟加拉国,5.77,5.4,5.69,5.69,6.71,5.93,4.82,5.69,5.21,6.44,6.53,4.96,-0.05,2026-04-13,2026-04-13,2000-2026
技术工种与手工业,SKL,传统手工艺,乐器制作师,Musical Instrument Maker / Luthier,6.8,2.8,3.7,8.0,4.5,4.4,4.9,5.0,6.0,5.2,5.6,5.7,5.2,2.2,4.8,4.4,3.7,1.7,9.1,7.5,2.0,7.0,2.9,9.5,7.1,4.4,7.3,5.5,3.7,2.4,4.8,7.0,5.0,2.1,5.64,0,0,general,→,2035+,中国乐器制作师：AI替代抗性强，加班文化严重,6.05,4.93,7.41,瑞士,孟加拉国,6.06,5.67,6.14,5.93,6.95,6.24,5.11,6.16,5.5,6.98,7.07,5.32,-0.41,2026-04-13,2026-04-13,2000-2026
交通运输与物流,TRA,航空,空中乘务员,Flight Attendant,4.1,3.8,6.7,7.0,7.6,7.7,7.3,7.4,5.3,6.6,6.0,5.4,4.1,2.2,4.3,5.7,5.4,1.4,7.6,6.1,0.7,5.7,0.9,7.5,2.9,4.4,4.7,8.8,5.0,4.7,7.3,1.4,7.8,4.7,5.64,2,2,general,↑,2035+,中国空中乘务员：AI替代抗性强，加班文化严重,5.73,4.29,6.81,瑞士,孟加拉国,5.85,5.38,5.67,5.88,6.49,6.07,4.65,5.78,5.2,6.5,6.65,4.88,-0.09,2026-04-13,2026-04-13,2000-2026
文化、艺术与传媒,ART,摄影,肖像摄影师,Portrait Photographer,4.6,3.7,4.8,7.6,5.8,6.6,5.6,5.5,6.7,5.3,3.8,7.5,6.7,1.9,3.1,6.8,5.7,2.4,5.4,5.3,4.4,7.0,2.2,7.5,8.3,5.0,5.9,6.8,4.0,1.2,5.0,7.6,4.1,3.5,5.64,2,0,general,→,2028-2033,中国肖像摄影师：加班文化严重，就业波动大,5.72,4.56,6.68,荷兰,孟加拉国,5.76,5.35,5.75,5.65,6.41,6.05,4.87,5.85,5.31,6.42,6.58,5.08,-0.08,2026-04-13,2026-04-13,2000-2026
技术工种与手工业,SKL,美发美容技术,美发师,Hairdresser / Barber,2.8,1.6,5.5,6.8,6.1,7.5,5.1,4.8,4.2,5.2,5.1,6.2,5.2,1.2,3.8,3.8,4.0,2.1,8.7,4.4,0.8,6.5,4.0,7.5,8.9,6.0,5.9,8.7,5.2,3.5,4.2,8.4,3.4,1.4,5.64,2,2,general,↑,2035+,中国美发师：薪资水平偏低，AI替代抗性强，加班文化严重,6.12,4.89,7.42,瑞士,孟加拉国,6.08,5.71,6.11,6.1,7.06,6.43,5.08,6.12,5.57,7.18,7.16,5.33,-0.48,2026-04-13,2026-04-13,2000-2026
农业、资源与环境,AGR,环保,环境影响评价师,Environmental Impact Assessor,6.1,6.3,6.8,7.9,6.4,5.4,6.1,7.8,7.7,6.4,5.1,6.3,5.4,3.1,3.0,5.7,5.3,1.7,6.0,5.4,3.7,5.3,3.2,7.7,6.1,5.6,5.8,6.9,4.2,6.5,4.4,3.5,5.7,4.7,5.64,3,4,general,↑↑,2032-2038,中国环境影响评价师：加班文化严重，近年增长迅猛,5.99,4.66,7.31,瑞典,孟加拉国,6.03,5.54,5.97,5.94,7.2,6.17,4.85,6.17,5.54,6.9,7.03,5.02,-0.35,2026-04-13,2026-04-13,2000-2026
文化、艺术与传媒,ART,音乐产业,DJ/电子音乐人,DJ / Electronic Music Producer,4.3,3.0,6.7,6.5,6.1,7.0,5.8,5.8,6.9,4.4,3.5,7.0,5.4,1.5,3.5,6.9,4.6,3.6,6.7,6.4,3.8,6.9,1.7,8.3,9.1,3.9,5.9,7.2,3.3,2.3,6.1,6.1,5.9,4.4,5.64,2,2,general,↑,2032-2038,中国DJ/电子音乐人：加班文化严重，就业波动大,5.69,4.53,6.63,德国,巴基斯坦,5.74,5.37,5.62,5.57,6.27,6.09,4.91,5.7,5.39,6.32,6.53,5.11,-0.05,2026-04-13,2026-04-13,2000-2026
文化、艺术与传媒,ART,摄影,纪实摄影师,Documentary Photographer,4.3,4.1,5.2,7.8,6.1,4.3,5.4,5.4,5.9,5.3,4.3,7.2,6.6,2.3,3.1,5.9,5.8,2.4,5.4,5.9,4.6,7.7,2.9,8.4,8.1,5.9,6.1,6.5,3.3,1.2,5.3,6.7,3.6,3.3,5.64,2,0,general,→,2028-2033,中国纪实摄影师：加班文化严重,5.69,4.54,6.64,德国,孟加拉国,5.72,5.31,5.72,5.59,6.45,6.04,4.8,5.84,5.32,6.4,6.58,5.01,-0.05,2026-04-13,2026-04-13,2000-2026
技术工种与手工业,SKL,传统手工艺,木工/细木工,Carpenter / Joiner,3.9,2.6,4.3,7.9,6.8,7.7,5.6,6.3,5.3,4.3,5.6,4.5,4.1,2.7,4.1,3.9,2.9,2.1,8.4,5.8,2.0,7.0,4.1,8.7,7.3,4.1,6.8,5.2,7.3,1.5,4.1,6.6,3.3,1.4,5.63,0,1,general,→,2035+,中国木工/细木工：AI替代抗性强，加班文化严重,6.02,4.83,7.45,瑞士,巴基斯坦,6.05,5.57,6.12,5.92,7.0,6.28,5.02,6.15,5.42,6.81,7.1,5.22,-0.39,2026-04-13,2026-04-13,2000-2026
技术工种与手工业,SKL,电气技术,通信线路技师,Telecommunications Line Technician,4.1,3.5,6.5,7.7,7.6,7.9,5.8,6.3,6.4,6.6,6.6,4.0,5.4,1.1,3.0,6.5,5.8,1.2,6.7,5.8,0.0,6.4,3.2,6.3,6.6,2.3,6.5,5.7,7.3,5.3,4.8,7.0,4.2,3.5,5.63,3,3,general,↑,2032-2038,中国通信线路技师：加班文化严重,6.06,4.91,7.33,德国,孟加拉国,6.01,5.67,6.21,6.02,6.98,6.33,5.03,5.98,5.51,7.2,7.04,5.29,-0.43,2026-04-13,2026-04-13,2000-2026
文化、艺术与传媒,ART,音乐产业,音乐制作人,Music Producer,6.0,4.8,7.5,6.8,6.4,7.3,6.4,5.8,8.1,5.5,2.3,7.0,5.8,0.4,3.3,6.9,5.0,3.9,6.9,8.1,3.8,7.2,1.0,8.3,7.7,3.9,5.5,7.0,3.5,1.8,6.7,6.5,5.0,4.0,5.63,2,0,general,→,2032-2038,中国音乐制作人：薪资回报高，加班文化严重，就业波动大,5.7,4.61,6.58,德国,孟加拉国,5.77,5.39,5.69,5.6,6.33,6.06,4.94,5.76,5.32,6.28,6.46,5.15,-0.07,2026-04-13,2026-04-13,2000-2026
工程与制造,ENG,土木与建筑,地下管网工程师,Underground Utilities Engineer,5.8,6.4,6.7,7.8,9.6,9.0,6.9,5.8,7.6,6.5,6.7,5.1,4.3,2.6,2.3,5.8,6.0,0.9,6.7,6.0,1.2,4.4,3.5,6.1,5.4,4.1,6.7,6.1,5.6,4.8,7.2,3.7,4.1,2.9,5.63,2,2,general,↑,2032-2038,中国地下管网工程师：加班文化严重,5.6,4.4,6.71,瑞士,巴基斯坦,5.71,5.28,5.67,5.62,6.46,5.9,4.7,5.51,5.11,6.21,6.49,4.78,0.03,2026-04-13,2026-04-13,2000-2026
服务业与消费,SVC,家政照护,家庭护理协调员,Home Care Coordinator,3.9,2.6,8.3,6.6,8.1,8.4,8.7,6.5,4.2,4.6,3.5,6.7,5.5,1.7,4.3,4.5,4.9,1.2,7.2,4.7,3.3,4.0,2.2,6.4,4.8,5.4,4.9,7.2,6.5,1.8,3.3,4.1,2.9,3.0,5.63,3,4,general,↑↑,2032-2038,中国家庭护理协调员：薪资水平偏低，人才需求旺盛，加班文化严重,5.77,4.65,6.83,荷兰,巴基斯坦,5.88,5.49,5.7,5.76,6.7,5.95,4.84,5.87,5.3,6.51,6.59,5.0,-0.14,2026-04-13,2026-04-13,2000-2026
工程与制造,ENG,化学工程,腐蚀工程师,Corrosion Engineer,6.8,6.8,6.7,7.9,7.8,7.1,6.0,6.5,8.1,8.0,6.0,5.8,2.6,2.7,3.4,7.0,5.6,1.1,6.2,6.8,1.9,4.7,2.9,7.2,4.8,3.4,5.6,4.5,3.9,3.8,4.4,3.1,4.3,3.2,5.63,2,1,general,→,2032-2038,中国腐蚀工程师：薪资回报高，加班文化严重,5.67,4.36,6.76,德国,尼日利亚,5.78,5.34,5.71,5.64,6.54,5.93,4.78,5.71,5.22,6.3,6.55,4.81,-0.04,2026-04-13,2026-04-13,2000-2026
文化、艺术与传媒,ART,音乐产业,声乐教师,Vocal Coach / Voice Teacher,6.0,5.1,6.3,8.1,6.9,7.0,5.4,6.0,6.3,5.1,5.7,7.2,5.7,0.9,3.8,7.3,5.5,3.4,7.4,6.3,3.8,6.5,1.2,8.0,7.6,4.0,5.3,6.8,3.5,2.5,6.7,6.7,5.2,4.8,5.63,2,0,general,→,2032-2038,中国声乐教师：加班文化严重,5.59,4.52,6.52,荷兰,巴基斯坦,5.72,5.25,5.53,5.47,6.18,5.95,4.85,5.6,5.22,6.22,6.39,4.99,0.04,2026-04-13,2026-04-13,2000-2026
工程与制造,ENG,核工程,核反应堆操作员,Nuclear Reactor Operator,6.2,6.6,6.5,8.0,6.4,4.7,7.2,8.2,8.4,6.8,7.8,2.8,3.4,2.8,2.6,5.2,5.1,0.7,8.9,7.9,0.0,5.2,2.9,8.6,2.1,3.9,6.7,5.5,3.9,7.8,3.5,1.9,4.8,6.1,5.63,2,2,general,↑,2035+,中国核反应堆操作员：薪资回报高，AI替代抗性强，加班文化严重,5.57,4.34,6.68,瑞士,尼日利亚,5.62,5.28,5.72,5.55,6.46,5.91,4.72,5.56,5.06,6.14,6.45,4.72,0.06,2026-04-13,2026-04-13,2000-2026
农业、资源与环境,AGR,环保,环境工程师,Environmental Engineer,5.7,6.1,5.8,7.8,5.8,5.0,6.8,7.2,6.3,6.6,6.3,6.3,5.9,3.1,2.8,5.1,4.9,1.4,6.5,6.3,4.6,5.2,4.4,6.9,4.9,4.6,5.8,6.3,4.4,5.6,4.3,3.5,5.4,3.9,5.63,3,4,general,↑↑,2032-2038,中国环境工程师：加班文化严重，近年增长迅猛,6.0,4.5,7.42,丹麦,孟加拉国,6.01,5.6,5.98,5.99,7.27,6.22,4.77,6.17,5.55,6.9,7.03,5.03,-0.37,2026-04-13,2026-04-13,2000-2026
服务业与消费,SVC,美容养生,体重管理顾问,Weight Management Consultant,4.3,3.8,7.6,7.4,7.1,7.6,6.3,4.7,4.4,5.9,5.3,6.7,5.0,1.6,3.5,5.9,5.6,1.7,5.9,5.0,4.6,5.2,2.9,7.2,8.2,5.6,5.7,7.7,6.8,3.3,4.8,6.4,3.3,3.4,5.63,3,3,general,↑,2028-2033,中国体重管理顾问：薪资水平偏低，加班文化严重,5.8,4.76,6.78,澳大利亚,孟加拉国,5.87,5.54,5.78,5.84,6.6,6.0,4.92,5.77,5.41,6.56,6.52,5.07,-0.17,2026-04-13,2026-04-13,2000-2026
技术工种与手工业,SKL,汽车维修,新能源汽车维修技师,EV Repair Technician,5.1,3.9,8.4,7.0,6.0,8.4,7.8,6.8,6.7,5.7,6.1,4.4,4.7,2.4,3.3,4.9,4.4,1.8,6.6,4.9,1.0,5.5,2.5,7.3,7.5,2.5,5.8,6.8,6.4,3.7,4.7,6.2,3.7,2.4,5.62,4,5,general,↑↑,2032-2038,中国新能源汽车维修技师：人才需求旺盛，加班文化严重，近年增长迅猛,6.05,4.66,7.33,瑞士,孟加拉国,6.0,5.62,6.15,5.99,7.09,6.37,4.93,6.07,5.49,7.12,7.06,5.26,-0.43,2026-04-13,2026-04-13,2000-2026
工程与制造,ENG,核工程,核电工程师,Nuclear Power Engineer,8.1,7.8,6.7,8.9,6.1,5.1,7.0,8.0,9.7,7.5,7.7,4.3,2.2,2.1,2.1,5.8,4.5,0.6,8.5,9.6,0.8,4.4,2.6,7.8,2.2,4.1,7.0,5.7,4.3,7.6,3.3,2.1,4.2,6.9,5.62,2,2,general,↑,2035+,中国核电工程师：薪资回报高，AI替代抗性强，加班文化严重,5.64,4.39,6.8,瑞士,巴基斯坦,5.73,5.3,5.72,5.62,6.57,5.94,4.7,5.73,5.2,6.21,6.51,4.8,-0.02,2026-04-13,2026-04-13,2000-2026
技术工种与手工业,SKL,汽车维修,汽车诊断技师,Automotive Diagnostic Technician,4.5,3.9,7.2,7.0,6.8,8.0,6.4,6.9,6.6,6.7,5.6,5.0,4.4,1.2,3.8,5.3,5.4,1.4,6.4,4.6,0.2,6.3,2.7,6.2,7.8,2.7,6.6,6.6,6.2,3.7,5.9,7.2,4.2,2.4,5.62,2,3,general,↑,2032-2038,中国汽车诊断技师：加班文化严重,5.96,4.71,7.21,德国,孟加拉国,5.97,5.49,6.05,5.93,6.99,6.34,4.84,5.97,5.4,7.04,6.96,5.13,-0.34,2026-04-13,2026-04-13,2000-2026
技术工种与手工业,SKL,汽车维修,汽车贴膜/改色技师,Vehicle Wrap / Tinting Technician,2.5,2.4,6.7,7.3,6.4,5.4,6.1,6.6,5.8,5.7,6.1,4.7,4.3,2.4,3.0,5.4,4.8,1.2,8.1,4.8,0.7,6.0,2.2,6.2,7.6,1.1,6.6,6.7,4.8,4.3,5.0,7.2,3.2,2.0,5.62,2,3,general,↑,2035+,中国汽车贴膜/改色技师：AI替代抗性强，加班文化严重,6.03,4.76,7.43,瑞士,巴基斯坦,5.99,5.54,6.09,5.96,7.08,6.39,4.9,6.05,5.53,7.08,7.12,5.18,-0.41,2026-04-13,2026-04-13,2000-2026
技术工种与手工业,SKL,美发美容技术,美容师,Beautician / Esthetician,3.0,2.2,5.6,6.7,6.4,6.9,5.3,4.3,4.4,6.4,5.8,5.9,4.7,1.4,4.0,3.4,4.2,2.1,8.9,4.5,0.7,6.4,3.4,7.1,8.1,6.1,6.0,8.6,5.2,3.5,3.8,6.8,4.0,1.6,5.62,2,2,general,↑,2035+,中国美容师：薪资水平偏低，AI替代抗性强，加班文化严重,6.09,4.91,7.59,瑞士,巴基斯坦,6.07,5.66,6.22,6.04,7.02,6.44,5.0,6.15,5.58,7.08,7.16,5.24,-0.47,2026-04-13,2026-04-13,2000-2026
技术工种与手工业,SKL,电气技术,防雷工程师,Lightning Protection Technician,4.6,3.3,7.1,7.6,4.5,4.1,5.9,5.6,6.6,6.9,6.6,4.5,5.5,2.1,4.3,7.1,4.9,1.3,7.9,5.5,0.4,6.2,2.7,6.2,7.2,1.5,6.1,5.8,6.2,5.9,5.4,7.2,5.4,2.9,5.62,3,3,general,↑,2035+,中国防雷工程师：AI替代抗性强，加班文化严重,5.94,4.86,7.15,澳大利亚,巴基斯坦,5.96,5.57,6.07,5.86,6.85,6.27,4.95,5.89,5.43,7.02,6.86,5.15,-0.32,2026-04-13,2026-04-13,2000-2026
公共管理与公务员,GOV,事业单位/公共机构,政府统计人员,Government Statistician,6.9,7.3,4.7,9.3,6.0,5.5,6.2,5.5,6.1,6.0,10.0,9.6,6.7,4.6,4.4,5.9,5.4,1.7,4.9,7.5,4.2,4.4,4.1,6.3,2.5,5.2,6.8,4.7,0.4,8.0,1.7,3.0,4.8,6.7,5.62,1,2,general,↑,2028-2033,中国政府统计人员：就业稳定,5.66,4.66,6.45,丹麦,尼日利亚,5.74,5.44,5.65,5.57,6.38,5.71,5.16,5.76,5.37,6.18,6.23,4.98,-0.04,2026-04-13,2026-04-13,2000-2026
医疗与健康,MED,护理,急诊护士,Emergency Room Nurse,5.1,4.8,7.2,7.1,9.2,10.0,8.7,8.1,3.7,6.0,8.5,5.9,2.8,0.0,0.4,4.5,5.4,1.4,7.4,6.4,1.5,2.9,1.2,6.9,3.9,3.5,5.6,8.7,6.7,7.0,1.3,4.2,6.5,2.5,5.62,3,4,general,↑↑,2032-2038,中国急诊护士：薪资水平偏低，人才需求旺盛，加班文化严重,5.95,4.9,6.77,荷兰,孟加拉国,5.93,5.72,5.8,5.92,6.69,6.27,5.12,6.14,5.62,6.64,6.65,5.3,-0.33,2026-04-13,2026-04-13,2000-2026
医疗与健康,MED,兽医学,小动物兽医,Small Animal Veterinarian,7.9,7.9,6.2,7.9,8.1,8.0,8.0,6.4,6.0,5.6,6.5,6.9,4.0,0.5,2.3,4.8,4.2,1.6,7.9,6.4,1.8,6.1,2.1,8.6,8.4,7.2,6.5,6.3,5.6,7.5,2.2,4.0,4.6,2.8,5.62,3,4,general,↑↑,2035+,中国小动物兽医：人才需求旺盛，AI替代抗性强，加班文化严重,5.85,4.74,6.76,荷兰,孟加拉国,5.87,5.59,5.73,5.9,6.51,6.2,4.96,6.04,5.53,6.48,6.55,5.15,-0.23,2026-04-13,2026-04-13,2000-2026
法律与社会服务,LAW,律师各专业,娱乐法律师,Entertainment Lawyer,7.5,7.5,6.7,7.3,6.2,4.7,5.0,5.7,7.8,6.9,4.3,8.7,4.9,2.5,2.7,6.2,6.2,2.7,6.6,8.4,5.8,6.1,2.7,7.7,7.9,4.9,5.0,8.4,0.4,8.6,5.6,2.9,6.2,4.5,5.62,2,2,general,↑,2032-2038,中国娱乐法律师：加班文化严重,5.89,4.77,6.94,瑞士,孟加拉国,6.01,5.52,5.72,5.84,6.6,6.17,5.07,5.97,5.52,6.67,6.75,5.2,-0.27,2026-04-13,2026-04-13,2000-2026
交通运输与物流,TRA,太空运输,太空旅游顾问,Space Tourism Consultant,5.0,5.3,8.3,6.1,4.7,3.4,9.0,10.0,6.9,7.2,5.2,9.0,4.7,1.0,2.8,4.8,5.4,2.2,5.2,6.2,4.4,4.9,0.5,9.0,7.8,3.6,3.5,8.0,1.0,3.6,6.6,1.1,5.5,7.7,5.61,4,4,general,↑↑,2028-2033,中国太空旅游顾问：人才需求旺盛，加班文化严重，近年增长迅猛,5.74,4.38,6.76,瑞士,孟加拉国,5.85,5.45,5.64,5.84,6.5,6.12,4.72,5.77,5.22,6.48,6.62,4.94,-0.13,2026-04-13,2026-04-13,2000-2026
技术工种与手工业,SKL,机械加工,模具制造技师,Tool & Die Maker,5.9,4.3,5.7,7.5,6.8,7.9,8.2,7.5,7.4,5.7,6.9,4.7,4.1,1.9,3.5,5.8,4.6,1.6,6.8,6.3,1.1,5.4,3.2,7.5,4.8,2.5,5.6,4.7,6.2,3.3,5.2,4.9,4.5,3.4,5.61,1,1,general,→,2032-2038,中国模具制造技师：人才需求旺盛，加班文化严重,5.69,4.53,6.88,瑞士,孟加拉国,5.8,5.31,5.85,5.55,6.69,5.92,4.65,5.75,5.14,6.48,6.66,4.85,-0.08,2026-04-13,2026-04-13,2000-2026
农业、资源与环境,AGR,农业科技,昆虫学家,Entomologist,8.6,8.4,7.1,7.5,7.3,3.6,6.0,7.6,6.9,6.9,5.3,6.8,6.2,1.4,3.6,6.1,5.6,1.8,7.0,6.6,2.7,6.4,3.4,8.4,6.7,4.2,4.7,5.6,4.1,3.2,5.2,4.0,5.3,4.0,5.61,3,4,general,↑↑,2032-2038,中国昆虫学家：加班文化严重，近年增长迅猛,5.97,4.81,7.14,荷兰,尼日利亚,5.79,5.62,5.99,5.99,6.81,6.31,5.09,6.09,5.71,6.82,6.81,5.18,-0.36,2026-04-13,2026-04-13,2000-2026
服务业与消费,SVC,美容养生,足疗师/反射疗法师,Reflexologist / Foot Massage Therapist,5.1,4.1,7.5,6.7,7.9,7.2,6.0,5.3,3.9,5.1,5.3,6.7,5.0,0.9,3.6,6.4,5.4,2.2,9.1,5.2,1.0,5.9,2.3,7.8,8.0,6.0,5.6,7.6,7.2,3.4,4.5,6.3,2.6,3.0,5.6,3,3,general,↑,2035+,中国足疗师/反射疗法师：薪资水平偏低，AI替代抗性强，加班文化严重,5.79,4.63,6.82,澳大利亚,孟加拉国,5.82,5.57,5.71,5.82,6.53,6.01,4.87,5.82,5.41,6.62,6.57,5.03,-0.19,2026-04-13,2026-04-13,2000-2026
交通运输与物流,TRA,物流管理,冷链物流专员,Cold Chain Logistics Specialist,4.3,4.4,7.9,7.1,7.4,8.8,6.0,6.6,6.2,7.2,5.0,6.9,5.4,1.9,3.3,5.9,5.1,1.7,5.2,5.3,3.3,5.7,2.9,5.8,6.4,4.2,6.2,5.9,3.9,4.1,7.0,3.3,4.9,3.8,5.6,3,3,general,↑,2028-2033,中国冷链物流专员：加班文化严重,5.73,4.34,6.88,荷兰,孟加拉国,5.84,5.44,5.76,5.78,6.67,6.01,4.64,5.71,5.2,6.42,6.67,4.86,-0.13,2026-04-13,2026-04-13,2000-2026
工程与制造,ENG,环境工程,爆炸力学工程师,Explosion Mechanics / Blast Engineer,7.2,7.3,7.0,7.7,6.8,4.9,6.6,6.3,8.3,6.4,6.3,3.3,3.4,2.9,3.3,6.4,5.7,1.1,7.9,7.4,2.1,4.6,3.7,7.4,4.7,4.9,6.5,5.1,4.5,6.3,3.9,3.3,4.2,3.0,5.6,3,3,general,↑,2035+,中国爆炸力学工程师：薪资回报高，AI替代抗性强，加班文化严重,5.63,4.45,6.85,瑞士,尼日利亚,5.69,5.29,5.66,5.67,6.53,5.93,4.77,5.65,5.16,6.2,6.54,4.78,-0.03,2026-04-13,2026-04-13,2000-2026
医疗与健康,MED,兽医学,动物外科兽医,Veterinary Surgeon,8.8,8.9,6.5,7.3,8.7,7.6,8.0,6.4,7.2,4.9,7.5,6.4,3.8,0.7,2.6,5.3,4.2,1.4,7.6,6.9,1.0,6.8,2.7,7.7,7.2,6.8,6.3,7.0,6.5,7.2,2.3,4.0,4.4,3.4,5.6,3,3,general,↑,2035+,中国动物外科兽医：人才需求旺盛，AI替代抗性强，加班文化严重,5.8,4.74,6.69,德国,孟加拉国,5.82,5.55,5.69,5.82,6.48,6.1,4.96,5.97,5.47,6.32,6.55,5.1,-0.2,2026-04-13,2026-04-13,2000-2026
技术工种与手工业,SKL,传统手工艺,雕刻师,Engraver / Carver,5.5,2.4,3.7,8.3,4.7,5.5,5.0,5.7,5.9,4.9,4.5,5.7,5.2,2.4,4.3,4.0,3.9,1.8,9.3,5.9,1.1,8.0,3.2,9.2,7.4,3.5,7.3,5.1,5.3,1.7,4.0,7.4,3.3,2.3,5.6,0,0,general,→,2035+,中国雕刻师：AI替代抗性强，加班文化严重,5.96,4.75,7.35,瑞士,孟加拉国,5.91,5.56,6.07,5.83,6.83,6.21,5.04,6.13,5.45,6.9,7.0,5.09,-0.36,2026-04-13,2026-04-13,2000-2026
文化、艺术与传媒,ART,出版写作,自出版作者,Self-publishing Author,5.1,3.4,4.2,8.1,5.9,5.5,4.9,6.0,4.3,4.6,1.3,8.0,6.0,1.4,2.4,6.8,6.2,2.9,4.7,5.9,8.9,8.4,4.1,7.9,9.2,5.5,6.6,5.3,1.7,1.2,5.0,6.6,6.0,3.2,5.6,1,-1,general,→,2028-2033,中国自出版作者：薪资水平偏低，远程友好度高，加班文化严重,5.87,4.8,6.75,瑞士,孟加拉国,5.91,5.55,5.84,5.72,6.57,6.19,5.16,5.94,5.55,6.52,6.68,5.19,-0.27,2026-04-13,2026-04-13,2000-2026
技术工种与手工业,SKL,机械加工,精密加工技师,Precision Machinist,5.5,4.2,6.7,7.3,7.0,8.3,8.0,7.5,8.0,6.3,7.1,4.7,3.8,1.9,3.5,5.2,5.1,1.3,6.9,6.4,0.2,4.6,3.2,5.6,5.0,2.1,5.2,5.0,6.2,3.0,6.3,3.7,4.9,3.9,5.59,1,1,general,→,2032-2038,中国精密加工技师：薪资回报高，人才需求旺盛，加班文化严重,5.64,4.44,6.88,德国,巴基斯坦,5.73,5.27,5.91,5.51,6.65,5.94,4.58,5.65,5.12,6.4,6.63,4.76,-0.05,2026-04-13,2026-04-13,2000-2026
服务业与消费,SVC,美容养生,按摩治疗师,Massage Therapist,4.3,3.9,7.1,6.7,7.8,7.4,6.4,4.9,4.5,5.1,4.7,7.2,5.7,0.6,4.0,5.5,5.0,1.9,8.9,5.6,0.5,5.9,1.4,7.4,8.5,5.1,6.2,7.8,7.1,3.0,5.5,6.3,3.5,3.6,5.59,3,3,general,↑,2035+,中国按摩治疗师：薪资水平偏低，AI替代抗性强，加班文化严重,5.85,4.82,6.84,瑞士,孟加拉国,5.86,5.6,5.74,5.89,6.69,5.99,5.02,5.89,5.46,6.54,6.63,5.13,-0.26,2026-04-13,2026-04-13,2000-2026
文化、艺术与传媒,ART,图书馆信息,档案管理员,Archivist,5.3,5.6,4.0,8.7,4.0,5.1,4.0,5.2,4.9,5.8,7.8,8.2,7.3,3.7,2.0,6.3,5.1,0.4,6.5,5.1,5.1,5.7,5.6,6.6,2.3,5.9,8.2,5.3,1.7,2.0,2.7,3.4,3.1,4.2,5.59,1,-1,general,→,2032-2038,中国档案管理员：供过于求，就业稳定,5.66,4.57,6.54,英国,孟加拉国,5.73,5.29,5.72,5.5,6.37,6.01,4.83,5.74,5.27,6.35,6.51,4.98,-0.07,2026-04-13,2026-04-13,2000-2026
农业、资源与环境,AGR,环保,生态修复专家,Ecological Restoration Specialist,6.0,6.1,6.3,7.8,6.8,4.0,5.6,7.2,6.8,5.4,4.9,6.5,6.1,2.4,3.0,5.3,4.9,1.2,7.4,6.6,1.7,5.4,2.9,9.1,5.4,7.0,5.8,6.1,6.0,5.3,4.1,3.1,5.8,4.3,5.59,3,4,general,↑↑,2032-2038,中国生态修复专家：加班文化严重，近年增长迅猛,5.91,4.57,7.18,丹麦,尼日利亚,5.99,5.42,5.95,5.94,7.08,6.18,4.74,6.07,5.44,6.78,6.92,4.97,-0.32,2026-04-13,2026-04-13,2000-2026
公共管理与公务员,GOV,中央/联邦公务员,立法助理/政策顾问,Legislative Assistant / Policy Advisor,6.9,8.4,6.1,8.4,5.5,5.4,4.9,5.3,6.5,5.5,8.9,10.0,5.8,3.4,4.4,6.6,6.1,2.2,6.4,9.1,3.9,4.8,3.4,6.9,2.7,5.6,6.1,7.8,1.0,8.4,2.7,1.6,4.4,7.2,5.58,0,2,general,↑,2032-2038,中国立法助理/政策顾问：加班文化严重，就业稳定,5.56,4.74,6.32,瑞士,尼日利亚,5.66,5.36,5.46,5.53,6.29,5.61,5.01,5.7,5.18,6.09,6.14,4.94,0.02,2026-04-13,2026-04-13,2000-2026
工程与制造,ENG,核工程,核燃料工程师,Nuclear Fuel Engineer,8.4,8.4,5.7,8.5,6.1,4.6,7.4,9.0,9.7,7.0,8.2,4.3,2.4,1.9,3.1,4.8,4.4,0.3,8.5,8.7,0.5,4.2,3.2,8.1,2.9,3.8,6.6,5.4,3.8,7.6,4.1,2.5,4.2,6.7,5.58,2,2,general,↑,2035+,中国核燃料工程师：薪资回报高，AI替代抗性强，加班文化严重,5.61,4.48,6.73,瑞士,尼日利亚,5.67,5.29,5.63,5.61,6.51,5.88,4.8,5.66,5.18,6.14,6.47,4.8,-0.03,2026-04-13,2026-04-13,2000-2026
法律与社会服务,LAW,律师各专业,环境法律师,Environmental Lawyer,7.5,7.3,6.4,7.6,6.5,4.8,6.6,5.9,7.1,4.9,5.5,8.4,5.2,3.0,2.3,5.7,5.2,1.9,6.7,7.4,4.9,5.6,3.4,6.6,6.1,6.4,5.5,7.0,1.0,8.0,3.2,2.2,5.3,3.1,5.58,3,3,general,↑,2032-2038,中国环境法律师：加班文化严重,5.85,4.67,6.92,英国,孟加拉国,5.95,5.54,5.65,5.69,6.61,6.2,5.05,5.82,5.4,6.66,6.74,5.17,-0.27,2026-04-13,2026-04-13,2000-2026
技术工种与手工业,SKL,美发美容技术,美甲师,Nail Technician / Manicurist,1.6,2.3,4.7,7.1,7.1,7.7,4.2,5.2,4.9,5.9,4.9,6.2,5.2,2.6,2.8,3.8,4.0,2.1,8.7,3.7,0.1,5.7,2.9,6.6,8.5,6.3,6.0,7.7,3.6,3.8,3.3,7.5,3.8,1.8,5.58,2,2,general,↑,2035+,中国美甲师：AI替代抗性强，加班文化严重,6.06,4.88,7.46,瑞士,孟加拉国,6.01,5.62,6.14,6.02,6.98,6.38,5.07,6.09,5.57,7.12,7.12,5.2,-0.48,2026-04-13,2026-04-13,2000-2026
工程与制造,ENG,核工程,核医学物理师,Medical Physicist (Nuclear),8.8,9.6,5.7,8.4,6.8,6.0,7.8,8.0,10.0,6.5,8.0,4.0,3.6,2.7,2.8,5.6,5.3,0.6,7.8,9.0,0.6,5.6,2.5,7.8,2.3,3.8,6.2,5.1,4.0,7.7,3.8,2.7,4.4,6.3,5.58,2,2,general,↑,2035+,中国核医学物理师：薪资回报高，人才需求旺盛，AI替代抗性强,5.58,4.45,6.56,瑞士,尼日利亚,5.67,5.3,5.69,5.54,6.49,5.75,4.7,5.61,5.16,6.12,6.41,4.76,0.0,2026-04-13,2026-04-13,2000-2026
技术工种与手工业,SKL,美发美容技术,纹身师,Tattoo Artist,4.1,1.7,5.4,7.1,6.5,5.2,4.0,4.4,5.6,6.5,5.8,6.2,4.6,1.9,3.3,4.4,3.8,2.3,8.6,4.2,0.0,6.7,3.5,8.6,8.5,6.4,6.6,7.6,5.5,4.7,4.3,7.3,3.6,1.6,5.58,2,2,general,↑,2035+,中国纹身师：供过于求，AI替代抗性强，加班文化严重,6.02,4.81,7.32,瑞士,孟加拉国,6.03,5.58,6.17,6.02,6.9,6.31,4.9,6.08,5.5,7.03,7.01,5.21,-0.44,2026-04-13,2026-04-13,2000-2026
教育与学术,EDU,学术研究,研究助理,Research Assistant,5.6,5.9,5.0,5.2,8.1,7.4,5.4,5.4,6.7,3.6,6.3,8.0,4.7,1.7,2.8,6.2,5.5,1.2,6.5,6.8,7.5,4.2,2.4,6.2,3.8,6.1,4.4,6.5,2.7,4.8,2.6,5.1,5.9,3.0,5.58,2,1,general,→,2032-2038,中国研究助理：加班文化严重,5.26,4.17,6.39,丹麦,孟加拉国,5.42,4.94,5.15,5.2,6.38,5.52,4.49,5.22,4.69,6.03,6.13,4.39,0.32,2026-04-13,2026-04-13,2000-2026
服务业与消费,SVC,家政照护,育儿嫂,Childcare Nanny,3.9,2.8,7.3,6.8,8.7,8.7,8.8,6.1,4.3,4.6,5.1,6.2,4.0,1.0,5.3,5.4,4.9,1.4,8.7,3.7,0.5,3.7,2.2,6.5,4.5,3.3,4.9,7.1,6.4,2.4,3.5,4.3,3.7,3.0,5.58,3,4,general,↑↑,2035+,中国育儿嫂：薪资水平偏低，人才需求旺盛，AI替代抗性强,5.64,4.51,6.74,荷兰,孟加拉国,5.73,5.4,5.51,5.61,6.58,5.88,4.74,5.6,5.18,6.36,6.49,4.86,-0.06,2026-04-13,2026-04-13,2000-2026
医疗与健康,MED,临床医学,骨科医生,Orthopedic Surgeon,9.9,9.6,7.2,8.4,9.6,9.7,7.6,6.3,9.3,5.2,8.5,6.7,4.0,0.0,1.4,6.0,4.5,2.3,7.0,8.3,1.1,5.6,0.9,8.1,6.0,3.0,6.6,8.5,7.2,9.2,1.8,3.4,5.1,3.8,5.58,3,3,general,↑,2032-2038,中国骨科医生：薪资回报高，人才需求旺盛，加班文化严重,5.85,4.78,6.63,荷兰,孟加拉国,5.87,5.58,5.78,5.9,6.52,6.09,5.07,6.03,5.56,6.45,6.52,5.18,-0.27,2026-04-13,2026-04-13,2000-2026
文化、艺术与传媒,ART,会展,艺术品鉴定师,Art Appraiser / Authenticator,7.1,7.4,6.1,7.8,6.7,4.5,5.7,5.4,7.4,5.3,4.3,7.7,6.0,1.2,2.6,6.2,6.0,1.3,8.1,7.4,2.8,5.7,2.4,7.1,6.2,4.8,6.3,7.4,4.4,2.3,6.1,5.5,4.4,3.9,5.58,3,1,general,→,2035+,中国艺术品鉴定师：AI替代抗性强，加班文化严重,5.76,4.66,6.71,荷兰,巴基斯坦,5.85,5.38,5.82,5.59,6.45,6.11,4.95,5.82,5.44,6.33,6.6,5.11,-0.18,2026-04-13,2026-04-13,2000-2026
交通运输与物流,TRA,城市交通,自动驾驶安全员,Autonomous Vehicle Safety Operator,5.3,4.8,8.9,7.2,7.5,6.8,7.8,6.9,5.7,6.6,7.1,6.9,6.2,2.4,2.8,5.8,6.1,1.7,4.3,6.1,0.0,5.7,2.7,5.9,4.6,5.4,5.9,5.5,2.7,4.8,3.5,3.1,4.0,5.4,5.57,3,5,general,↑↑,2026-2030,中国自动驾驶安全员：人才需求旺盛，加班文化严重，近年增长迅猛,5.68,4.26,6.82,德国,孟加拉国,5.79,5.32,5.67,5.71,6.61,6.0,4.49,5.73,5.21,6.52,6.67,4.8,-0.11,2026-04-13,2026-04-13,2000-2026
法律与社会服务,LAW,律师各专业,劳动法律师,Employment / Labor Lawyer,7.6,8.0,6.5,7.7,6.8,6.1,6.1,4.7,6.6,5.7,6.0,8.3,4.0,2.7,3.0,6.2,6.0,2.3,6.4,8.9,4.7,6.2,2.5,6.5,7.5,4.4,6.5,7.8,0.4,8.5,3.5,3.2,4.7,3.7,5.57,2,1,general,→,2032-2038,中国劳动法律师：加班文化严重,5.86,4.64,7.01,英国,孟加拉国,6.0,5.48,5.65,5.75,6.72,6.12,4.98,5.88,5.41,6.7,6.78,5.18,-0.29,2026-04-13,2026-04-13,2000-2026
服务业与消费,SVC,美容养生,芳香治疗师,Aromatherapist,5.0,3.6,7.1,6.5,7.4,5.8,6.2,5.1,5.4,5.8,4.3,6.9,5.0,0.4,4.3,6.0,5.2,1.7,8.5,4.6,0.8,4.9,2.7,7.6,8.2,5.4,5.8,7.8,6.8,3.0,5.1,5.7,3.6,3.0,5.57,3,3,general,↑,2035+,中国芳香治疗师：AI替代抗性强，加班文化严重,5.73,4.67,6.75,丹麦,孟加拉国,5.76,5.47,5.69,5.76,6.53,6.05,4.92,5.7,5.3,6.4,6.52,5.02,-0.16,2026-04-13,2026-04-13,2000-2026
法律与社会服务,LAW,律师各专业,体育法律师,Sports Lawyer,7.6,7.3,6.9,7.6,5.4,4.1,6.0,5.7,8.6,6.1,4.5,8.6,5.5,2.0,3.5,6.1,6.1,3.0,6.6,8.3,5.5,6.1,1.6,6.9,6.7,4.6,5.8,7.9,0.9,8.1,4.4,2.7,5.4,4.0,5.57,2,1,general,→,2032-2038,中国体育法律师：薪资回报高，加班文化严重,5.7,4.55,6.72,瑞士,孟加拉国,5.82,5.28,5.54,5.66,6.49,6.01,4.87,5.79,5.3,6.4,6.58,4.99,-0.13,2026-04-13,2026-04-13,2000-2026
文化、艺术与传媒,ART,音乐产业,作曲家/词曲创作人,Composer / Songwriter,6.4,5.3,6.1,6.5,7.2,7.2,6.0,6.5,6.0,4.3,2.7,7.0,5.6,0.7,2.8,6.6,4.7,3.3,6.6,6.5,7.9,8.0,1.4,9.6,6.7,3.9,5.7,6.8,3.5,2.4,6.4,6.1,6.1,4.0,5.57,2,0,general,→,2032-2038,中国作曲家/词曲创作人：加班文化严重，就业波动大,5.63,4.51,6.49,美国,孟加拉国,5.71,5.3,5.63,5.5,6.27,6.0,4.85,5.69,5.28,6.26,6.39,5.04,-0.06,2026-04-13,2026-04-13,2000-2026
法律与社会服务,LAW,心理社会服务,职业康复咨询师,Vocational Rehabilitation Counselor,5.8,5.9,6.0,7.3,4.9,4.9,5.3,5.2,5.7,4.5,6.3,8.7,4.5,4.0,2.9,5.3,5.6,1.7,7.4,5.9,4.7,4.4,3.7,7.1,4.7,5.9,7.0,8.9,1.5,5.8,2.3,3.6,3.9,3.3,5.57,1,1,general,→,2032-2038,中国职业康复咨询师：发展平稳,5.81,4.76,6.82,瑞士,孟加拉国,5.89,5.47,5.66,5.72,6.6,6.0,5.1,5.95,5.45,6.55,6.61,5.12,-0.24,2026-04-13,2026-04-13,2000-2026
医疗与健康,MED,医学影像与检验,超声技师,Diagnostic Medical Sonographer,5.6,5.5,6.4,7.3,8.0,9.6,8.2,5.4,6.3,5.6,8.3,7.2,3.3,0.5,3.8,5.3,5.0,0.9,5.1,6.2,1.3,4.4,2.9,6.1,4.2,5.6,6.1,5.6,4.9,5.3,1.9,3.6,5.0,4.0,5.57,2,3,general,↑,2028-2033,中国超声技师：人才需求旺盛，加班文化严重，就业稳定,5.76,4.7,6.71,瑞士,孟加拉国,5.8,5.49,5.63,5.8,6.43,6.06,4.94,5.98,5.4,6.37,6.48,5.04,-0.19,2026-04-13,2026-04-13,2000-2026
公共管理与公务员,GOV,事业单位/公共机构,公共图书馆馆长,Public Library Director,5.6,6.8,4.3,9.3,5.2,5.0,4.2,4.6,5.0,4.7,10.0,9.9,6.5,5.2,6.4,4.5,4.0,1.5,6.1,7.3,2.0,5.6,5.6,7.3,1.6,7.3,8.1,6.7,1.7,7.5,0.7,2.5,3.5,7.4,5.56,-1,0,general,→,2032-2038,中国公共图书馆馆长：就业稳定,5.52,4.51,6.23,丹麦,尼日利亚,5.61,5.32,5.44,5.53,6.17,5.62,4.95,5.68,5.19,6.04,6.08,4.86,0.04,2026-04-13,2026-04-13,2000-2026
文化、艺术与传媒,ART,图书馆信息,数字档案管理员,Digital Archivist,5.1,5.3,6.5,9.0,4.1,4.3,5.7,4.6,5.3,4.6,7.1,8.5,7.0,3.9,2.0,5.3,5.0,0.1,5.2,5.0,6.7,4.4,4.7,6.7,2.6,6.3,7.9,5.0,1.9,2.9,3.0,3.8,3.2,4.6,5.56,1,1,general,→,2028-2033,中国数字档案管理员：发展平稳,5.84,4.67,6.75,德国,巴基斯坦,5.85,5.56,5.84,5.73,6.46,6.18,4.95,5.94,5.47,6.52,6.65,5.2,-0.28,2026-04-13,2026-04-13,2000-2026
技术工种与手工业,SKL,传统手工艺,陶艺师,Potter / Ceramicist,5.7,2.9,4.3,8.6,4.9,5.4,4.8,5.3,5.2,5.0,5.3,5.9,4.1,3.2,4.9,4.3,3.7,2.1,9.4,5.6,1.1,6.7,3.0,8.8,8.2,4.4,7.1,4.6,4.5,1.7,4.3,7.2,3.3,1.9,5.56,0,0,general,→,2035+,中国陶艺师：AI替代抗性强，加班文化严重,5.92,4.75,7.35,瑞士,孟加拉国,5.91,5.53,5.99,5.75,6.87,6.17,4.99,6.05,5.37,6.83,7.0,5.08,-0.36,2026-04-13,2026-04-13,2000-2026
文化、艺术与传媒,ART,影视制作,制片人,Film/TV Producer,5.8,5.1,6.8,5.5,7.5,7.5,6.0,6.3,7.8,5.1,2.5,6.2,5.5,0.6,3.2,6.6,5.9,3.4,6.9,8.6,3.3,8.2,1.4,7.6,7.5,3.9,5.0,6.7,4.3,2.0,6.5,4.7,6.0,4.9,5.56,3,1,general,→,2032-2038,中国制片人：加班文化严重，就业波动大,5.67,4.6,6.57,荷兰,巴基斯坦,5.72,5.37,5.59,5.53,6.33,6.05,4.92,5.74,5.38,6.28,6.43,5.04,-0.11,2026-04-13,2026-04-13,2000-2026
交通运输与物流,TRA,物流管理,报关员,Customs Broker,4.6,4.4,7.2,6.5,8.0,8.2,5.7,7.0,5.9,6.6,6.5,7.4,4.9,1.9,3.0,5.8,5.7,1.5,5.3,5.8,2.2,5.2,2.5,5.6,5.6,3.7,5.9,6.5,2.3,6.7,6.3,3.5,6.2,3.6,5.56,3,3,general,↑,2028-2033,中国报关员：加班文化严重,5.73,4.34,6.84,荷兰,孟加拉国,5.84,5.38,5.68,5.8,6.71,6.11,4.61,5.73,5.24,6.52,6.69,4.78,-0.17,2026-04-13,2026-04-13,2000-2026
公共管理与公务员,GOV,中央/联邦公务员,财政预算官员,Budget Analyst,6.0,7.3,5.1,9.2,6.0,6.9,6.1,4.4,6.5,6.9,10.0,9.9,6.0,3.3,4.4,5.6,4.8,1.7,4.9,8.4,3.9,4.1,5.2,5.8,1.4,4.4,7.2,5.7,0.8,8.4,1.7,1.8,3.5,7.0,5.56,0,1,general,→,2028-2033,中国财政预算官员：加班文化严重，就业稳定,5.52,4.64,6.32,丹麦,尼日利亚,5.63,5.31,5.47,5.48,6.23,5.57,4.99,5.61,5.21,6.02,6.1,4.88,0.04,2026-04-13,2026-04-13,2000-2026
技术工种与手工业,SKL,焊接,水下焊工,Underwater Welder,7.0,2.4,6.2,6.8,6.2,5.2,8.7,8.5,9.0,6.7,5.4,1.5,3.7,1.7,3.6,5.5,5.3,1.6,8.6,5.4,1.0,5.5,2.9,5.9,5.3,2.3,5.3,5.0,9.2,7.2,6.6,5.5,6.4,3.3,5.55,2,2,general,↑,2035+,中国水下焊工：薪资回报高，人才需求旺盛，AI替代抗性强,5.76,4.54,6.85,瑞士,孟加拉国,5.78,5.44,5.94,5.76,6.63,6.08,4.81,5.76,5.25,6.56,6.62,4.97,-0.21,2026-04-13,2026-04-13,2000-2026
交通运输与物流,TRA,物流管理,物流分析师,Logistics Analyst,5.3,5.5,7.6,7.3,7.8,8.9,6.1,6.2,6.9,6.3,5.2,7.7,4.9,0.9,3.8,5.4,5.3,1.6,4.6,5.7,5.3,4.9,2.7,4.9,6.0,3.7,6.3,6.0,1.3,3.4,5.9,3.1,3.9,2.8,5.55,3,4,general,↑↑,2028-2033,中国物流分析师：加班文化严重，近年增长迅猛,5.77,4.42,6.98,荷兰,孟加拉国,5.85,5.5,5.75,5.87,6.78,6.07,4.64,5.77,5.24,6.51,6.74,4.77,-0.22,2026-04-13,2026-04-13,2000-2026
农业、资源与环境,AGR,环保,野生动物保护专家,Wildlife Conservation Specialist,6.0,6.1,6.1,7.8,6.6,2.5,5.3,7.6,5.6,5.9,6.2,6.5,5.6,3.4,4.1,5.1,5.4,1.4,8.4,6.6,1.0,5.7,2.7,9.0,5.0,5.3,4.9,5.8,5.5,4.8,5.0,2.9,5.2,4.5,5.55,3,4,general,↑↑,2035+,中国野生动物保护专家：AI替代抗性强，加班文化严重，近年增长迅猛,5.79,4.36,7.05,瑞典,尼日利亚,5.81,5.3,5.78,5.85,7.0,6.04,4.56,5.93,5.32,6.68,6.83,4.87,-0.24,2026-04-13,2026-04-13,2000-2026
医疗与健康,MED,传统与替代医学,顺势疗法医师,Homeopath,7.0,5.8,4.9,8.4,7.0,10.0,6.3,3.4,7.0,5.3,7.0,8.7,4.8,2.2,3.7,4.3,4.7,3.8,5.8,6.9,1.7,6.6,3.9,7.5,7.8,5.7,7.2,7.5,3.8,4.1,1.9,6.5,1.8,3.4,5.55,1,0,general,→,2028-2033,中国顺势疗法医师：加班文化严重,5.44,4.42,6.41,瑞士,孟加拉国,5.63,5.24,5.24,5.41,5.95,5.68,4.75,5.55,4.97,6.1,6.16,4.76,0.11,2026-04-13,2026-04-13,2000-2026
文化、艺术与传媒,ART,音乐产业,音乐版权管理人,Music Rights Manager,5.7,6.6,6.3,6.2,6.0,7.2,5.2,6.3,6.8,4.3,6.3,6.9,6.4,0.9,4.1,7.4,5.6,3.7,6.1,6.1,6.1,6.2,1.0,9.1,6.4,4.2,5.7,6.8,3.3,2.4,6.4,6.5,5.7,4.6,5.55,2,0,general,→,2032-2038,中国音乐版权管理人：加班文化严重,5.6,4.55,6.47,荷兰,孟加拉国,5.62,5.28,5.5,5.47,6.25,6.04,4.85,5.63,5.22,6.18,6.4,5.04,-0.05,2026-04-13,2026-04-13,2000-2026
文化、艺术与传媒,ART,影视制作,选角导演,Casting Director,6.1,5.0,6.6,6.0,7.5,5.5,6.1,6.9,7.5,5.1,3.3,5.9,5.0,0.4,3.5,6.8,6.3,3.4,7.9,6.9,3.6,6.4,0.9,8.6,5.7,4.5,5.2,8.0,3.8,2.4,6.8,5.5,5.5,5.1,5.55,3,1,general,→,2035+,中国选角导演：AI替代抗性强，加班文化严重，就业波动大,5.5,4.4,6.53,英国,巴基斯坦,5.58,5.19,5.46,5.3,6.11,5.94,4.78,5.5,5.07,6.19,6.32,4.92,0.05,2026-04-13,2026-04-13,2000-2026
农业、资源与环境,AGR,环保,水资源管理师,Water Resources Manager,6.0,6.3,6.1,7.3,6.2,4.9,6.6,7.7,6.7,5.6,5.3,6.8,5.3,2.7,3.3,5.1,5.4,1.5,6.7,6.1,3.2,5.3,3.2,7.9,4.5,4.9,5.8,6.9,3.7,5.2,4.8,3.7,4.7,4.5,5.54,3,4,general,↑↑,2032-2038,中国水资源管理师：加班文化严重，近年增长迅猛,5.99,4.67,7.28,荷兰,巴基斯坦,6.03,5.53,6.0,6.02,7.18,6.32,4.81,6.17,5.42,6.94,6.99,5.07,-0.45,2026-04-13,2026-04-13,2000-2026
文化、艺术与传媒,ART,摄影,商业摄影师,Commercial Photographer,4.6,3.8,4.6,7.3,5.5,7.1,5.2,5.6,6.1,5.6,3.2,7.2,6.7,2.4,2.2,6.7,6.0,2.4,5.0,5.9,4.3,6.9,2.2,7.9,9.2,5.0,6.1,6.4,3.2,1.8,6.0,6.9,4.1,2.7,5.54,2,0,general,→,2028-2033,中国商业摄影师：加班文化严重，就业波动大,5.73,4.56,6.68,德国,巴基斯坦,5.78,5.36,5.75,5.61,6.54,6.12,4.84,5.79,5.38,6.43,6.56,5.05,-0.19,2026-04-13,2026-04-13,2000-2026
农业、资源与环境,AGR,环保,土壤修复工程师,Soil Remediation Engineer,6.3,5.8,6.0,7.6,5.8,5.7,6.5,6.8,6.9,6.1,6.0,5.3,5.4,2.4,4.0,5.9,5.7,1.2,6.9,5.6,1.2,5.7,4.1,8.1,4.8,6.2,5.0,6.4,5.4,5.2,4.2,2.5,4.3,4.3,5.54,3,4,general,↑↑,2032-2038,中国土壤修复工程师：加班文化严重，近年增长迅猛,5.81,4.42,7.09,丹麦,孟加拉国,5.86,5.34,5.84,5.85,7.0,6.02,4.61,5.98,5.29,6.67,6.88,4.89,-0.27,2026-04-13,2026-04-13,2000-2026
交通运输与物流,TRA,物流管理,危险品运输管理员,Hazardous Materials Transport Manager,4.8,3.7,6.6,6.7,7.8,7.9,5.7,5.9,6.9,6.8,6.6,5.5,5.2,1.1,3.5,6.2,5.0,1.7,6.1,5.7,3.9,5.7,3.2,5.3,5.6,5.5,5.2,6.0,3.5,6.8,6.5,2.7,4.5,3.0,5.54,3,3,general,↑,2032-2038,中国危险品运输管理员：加班文化严重,5.68,4.28,6.85,荷兰,孟加拉国,5.82,5.33,5.73,5.73,6.68,5.98,4.61,5.65,5.2,6.44,6.65,4.73,-0.14,2026-04-13,2026-04-13,2000-2026
服务业与消费,SVC,美容养生,皮肤管理师,Skin Care Specialist,4.3,3.3,8.3,7.3,7.4,7.7,6.2,4.9,5.3,4.9,5.2,6.9,5.3,0.5,2.8,6.3,5.2,2.2,7.2,5.2,0.8,4.7,2.0,7.8,8.0,5.7,6.0,7.8,6.2,3.4,4.9,6.1,2.6,3.4,5.54,3,4,general,↑↑,2032-2038,中国皮肤管理师：加班文化严重，近年增长迅猛,5.8,4.72,6.79,瑞士,孟加拉国,5.85,5.59,5.78,5.82,6.53,6.04,4.93,5.75,5.43,6.5,6.53,5.1,-0.26,2026-04-13,2026-04-13,2000-2026
服务业与消费,SVC,家政照护,陪诊员,Medical Appointment Companion,3.5,2.3,8.9,6.8,8.5,7.1,8.1,5.7,2.6,4.3,4.3,6.4,5.5,1.4,4.8,5.2,4.7,1.4,8.1,3.7,0.9,4.4,2.4,6.7,5.0,6.3,5.0,7.9,6.4,2.1,3.9,4.1,3.3,3.8,5.54,3,4,general,↑↑,2035+,中国陪诊员：薪资水平偏低，人才需求旺盛，AI替代抗性强,5.6,4.47,6.78,瑞士,孟加拉国,5.68,5.33,5.53,5.52,6.55,5.87,4.68,5.61,5.2,6.34,6.43,4.84,-0.06,2026-04-13,2026-04-13,2000-2026
文化、艺术与传媒,ART,美术/纯艺术,装置艺术家,Installation Artist,6.0,5.3,4.3,8.7,4.6,3.5,4.4,4.8,5.5,4.0,2.9,7.7,7.0,3.1,2.6,6.5,4.7,3.9,8.2,6.5,6.3,8.9,2.4,10.0,7.7,5.2,8.4,5.2,5.1,1.3,3.9,6.6,3.9,3.2,5.54,1,-1,general,→,2035+,中国装置艺术家：AI替代抗性强，加班文化严重，就业波动大,5.55,4.48,6.43,荷兰,孟加拉国,5.61,5.18,5.48,5.41,6.29,5.86,4.74,5.64,5.22,6.22,6.37,4.9,-0.01,2026-04-13,2026-04-13,2000-2026
服务业与消费,SVC,美容养生,注册营养师,Registered Dietitian,6.1,6.8,7.1,7.0,7.4,8.2,6.5,4.6,5.4,4.6,6.1,6.7,5.8,0.9,3.0,6.2,5.4,2.1,6.2,6.6,4.1,5.9,2.9,7.4,8.0,6.6,5.8,7.8,6.1,5.4,4.4,5.7,3.6,3.0,5.54,3,3,general,↑,2032-2038,中国注册营养师：加班文化严重,5.76,4.64,6.81,瑞典,巴基斯坦,5.76,5.48,5.67,5.79,6.71,5.92,4.86,5.8,5.42,6.64,6.47,5.04,-0.22,2026-04-13,2026-04-13,2000-2026
服务业与消费,SVC,殡葬,哀伤辅导师,Grief Counselor,6.0,5.6,4.7,8.1,6.1,4.7,6.0,5.8,6.4,6.6,6.3,5.7,4.5,2.6,3.5,4.9,4.6,1.3,8.9,5.6,4.9,5.2,2.2,7.4,5.0,4.5,6.7,6.7,2.0,4.8,1.8,2.8,1.8,4.4,5.54,1,1,general,→,2035+,中国哀伤辅导师：AI替代抗性强，加班文化严重,5.67,4.62,6.67,荷兰,孟加拉国,5.65,5.43,5.6,5.66,6.49,5.8,4.86,5.73,5.33,6.36,6.41,5.02,-0.13,2026-04-13,2026-04-13,2000-2026
交通运输与物流,TRA,铁路,铁路客运服务员,Railway Passenger Service Agent,3.1,2.6,6.3,7.8,8.4,8.7,6.6,7.1,4.2,7.0,9.0,7.0,4.7,1.4,2.0,5.1,5.4,1.3,5.9,6.3,0.0,3.7,1.9,6.1,3.4,5.1,5.5,8.0,3.2,2.6,4.7,1.7,3.3,7.1,5.53,2,2,general,↑,2028-2033,中国铁路客运服务员：薪资水平偏低，加班文化严重，就业稳定,5.46,4.11,6.78,瑞士,尼日利亚,5.66,4.98,5.57,5.38,6.43,5.63,4.54,5.56,4.85,6.12,6.57,4.56,0.07,2026-04-13,2026-04-13,2000-2026
文化、艺术与传媒,ART,音乐产业,指挥,Orchestra Conductor,7.9,7.2,6.1,8.6,6.8,6.7,5.2,6.1,7.7,5.0,3.3,6.7,6.5,1.1,4.0,6.2,4.8,3.6,6.9,8.3,4.9,7.4,0.9,8.1,7.0,5.1,5.5,6.9,3.8,2.2,6.5,6.2,5.1,4.0,5.53,2,0,general,→,2032-2038,中国指挥：加班文化严重，就业波动大,5.52,4.47,6.43,英国,巴基斯坦,5.59,5.2,5.5,5.36,6.12,5.83,4.76,5.64,5.15,6.15,6.34,4.93,0.01,2026-04-13,2026-04-13,2000-2026
技术工种与手工业,SKL,工业维护,仪表维修技师,Instrument Maintenance Technician,4.9,4.5,7.0,6.9,8.0,8.8,7.3,6.6,5.5,5.6,7.1,4.9,4.1,2.1,3.6,5.9,5.0,1.8,6.5,4.8,0.5,5.5,2.7,6.4,5.7,2.9,6.4,5.0,4.2,4.0,4.7,4.8,4.9,3.2,5.53,2,2,general,↑,2032-2038,中国仪表维修技师：加班文化严重,5.76,4.51,7.14,瑞士,巴基斯坦,5.78,5.35,5.97,5.68,6.79,6.1,4.71,5.82,5.22,6.6,6.72,4.87,-0.23,2026-04-13,2026-04-13,2000-2026
公共管理与公务员,GOV,国际组织,翻译/口译(国际组织),International Organization Translator/Interpreter,6.8,8.1,5.2,7.5,3.7,3.8,4.9,6.2,7.2,6.7,8.4,9.1,5.0,3.6,3.9,5.6,5.6,1.5,4.6,8.3,4.2,4.9,3.3,6.9,3.1,6.6,4.7,7.7,0.9,8.9,1.1,3.1,8.2,6.9,5.53,-1,-1,general,→,2028-2033,中国翻译/口译(国际组织)：就业稳定,5.57,4.73,6.4,瑞典,尼日利亚,5.65,5.36,5.41,5.5,6.32,5.66,5.01,5.73,5.22,6.2,6.22,4.89,-0.04,2026-04-13,2026-04-13,2000-2026
交通运输与物流,TRA,城市交通,交通信号技术员,Traffic Signal Technician,4.5,3.8,7.5,7.2,7.5,6.1,6.1,6.8,6.3,6.6,7.0,6.5,5.5,1.9,3.8,5.6,5.3,1.7,5.9,6.4,0.4,4.4,2.7,6.5,4.6,5.6,6.0,5.4,5.8,4.3,4.5,3.0,4.1,5.1,5.53,3,3,general,↑,2028-2033,中国交通信号技术员：加班文化严重,5.68,4.31,6.89,荷兰,尼日利亚,5.79,5.36,5.67,5.72,6.69,6.01,4.63,5.67,5.14,6.39,6.65,4.71,-0.15,2026-04-13,2026-04-13,2000-2026
农业、资源与环境,AGR,环保,污水处理工程师,Wastewater Treatment Engineer,6.1,6.0,6.9,7.8,6.0,5.9,6.3,7.5,6.4,6.6,5.0,5.8,6.1,2.7,4.3,5.1,5.2,1.3,6.2,6.1,1.9,5.0,3.2,7.1,5.1,6.4,5.6,6.1,4.7,5.3,4.1,2.9,4.9,4.7,5.53,3,4,general,↑↑,2032-2038,中国污水处理工程师：加班文化严重，近年增长迅猛,5.83,4.47,7.1,瑞典,尼日利亚,5.85,5.41,5.8,5.88,7.05,6.02,4.65,6.01,5.38,6.66,6.82,4.85,-0.3,2026-04-13,2026-04-13,2000-2026
文化、艺术与传媒,ART,音乐产业,音乐治疗师(临床),Clinical Music Therapist,5.8,6.8,5.7,6.7,6.2,6.4,5.4,5.4,6.1,5.3,5.8,7.0,5.5,0.6,4.1,7.4,5.4,3.6,8.0,6.5,5.2,6.6,1.0,9.1,7.0,4.5,5.6,7.0,3.5,4.0,6.1,5.7,5.1,4.4,5.53,2,0,general,→,2035+,中国音乐治疗师(临床)：AI替代抗性强，加班文化严重,5.57,4.47,6.56,荷兰,巴基斯坦,5.66,5.28,5.51,5.38,6.17,5.9,4.77,5.66,5.22,6.14,6.38,5.02,-0.04,2026-04-13,2026-04-13,2000-2026
服务业与消费,SVC,婚庆活动,司仪/婚礼主持人,Wedding Officiant / MC,3.3,3.5,5.9,7.0,6.7,7.3,5.5,4.6,5.8,5.1,3.6,7.2,5.8,1.1,4.0,5.6,5.7,2.0,7.9,5.7,1.4,5.2,1.4,8.1,8.2,4.6,5.9,9.0,5.0,2.3,6.8,6.6,2.5,3.2,5.53,2,2,general,↑,2035+,中国司仪/婚礼主持人：AI替代抗性强，加班文化严重，就业波动大,5.76,4.63,6.77,澳大利亚,孟加拉国,5.75,5.51,5.69,5.76,6.49,5.92,4.87,5.86,5.38,6.6,6.51,5.11,-0.23,2026-04-13,2026-04-13,2000-2026
文化、艺术与传媒,ART,影视制作,后期制作总监,Post-production Supervisor,5.6,4.9,6.4,5.6,7.2,7.7,6.5,6.8,8.0,5.1,2.8,5.9,6.0,0.2,3.5,6.0,5.7,2.9,6.4,6.4,6.2,6.7,0.4,8.0,5.7,5.4,5.0,6.5,4.3,1.7,7.6,5.1,5.7,4.9,5.52,3,1,general,→,2032-2038,中国后期制作总监：薪资回报高，加班文化严重，就业波动大,5.56,4.53,6.41,英国,巴基斯坦,5.65,5.22,5.51,5.44,6.14,5.97,4.77,5.63,5.25,6.12,6.35,4.98,-0.04,2026-04-13,2026-04-13,2000-2026
技术工种与手工业,SKL,工业维护,液压系统维修工,Hydraulic Systems Technician,4.7,2.9,7.2,7.3,7.2,7.2,7.1,6.4,7.0,6.7,6.6,3.9,3.6,1.9,3.3,5.1,4.8,1.5,6.5,5.0,0.7,5.5,2.7,6.3,5.7,2.8,6.1,4.8,6.3,4.4,4.2,4.2,4.5,3.2,5.52,2,2,general,↑,2032-2038,中国液压系统维修工：加班文化严重,5.78,4.46,7.09,德国,巴基斯坦,5.84,5.36,6.06,5.66,6.71,6.12,4.66,5.81,5.21,6.64,6.81,4.9,-0.26,2026-04-13,2026-04-13,2000-2026
文化、艺术与传媒,ART,影视制作,摄影指导,Cinematographer / Director of Photography,6.8,5.0,6.4,6.1,7.5,7.9,6.5,6.5,8.2,5.3,3.2,6.0,4.8,1.1,3.3,6.1,6.0,3.2,7.6,7.3,3.0,6.2,1.4,7.8,6.4,4.5,5.2,6.9,4.5,2.2,6.6,4.9,4.8,5.1,5.52,3,1,general,→,2035+,中国摄影指导：薪资回报高，AI替代抗性强，加班文化严重,5.55,4.46,6.5,荷兰,巴基斯坦,5.64,5.22,5.53,5.44,6.2,5.87,4.78,5.62,5.16,6.14,6.29,4.98,-0.03,2026-04-13,2026-04-13,2000-2026
交通运输与物流,TRA,太空运输,航天任务控制员,Mission Control Specialist,7.6,7.9,9.1,5.8,5.3,3.7,9.3,10.0,8.8,5.6,5.2,8.4,3.9,1.2,3.0,4.9,4.8,2.2,7.5,8.7,1.9,5.4,1.6,9.3,5.5,4.1,3.1,5.9,2.5,7.2,5.6,0.5,5.7,8.5,5.52,4,5,general,↑↑,2032-2038,中国航天任务控制员：薪资回报高，人才需求旺盛，AI替代抗性强,5.6,4.32,6.56,荷兰,孟加拉国,5.74,5.3,5.56,5.74,6.45,5.97,4.57,5.55,5.16,6.32,6.41,4.77,-0.08,2026-04-13,2026-04-13,2000-2026
服务业与消费,SVC,家政照护,宠物训练师,Pet/Dog Trainer,4.6,2.6,7.9,6.5,9.1,6.3,8.3,5.9,4.5,3.9,3.1,6.2,4.2,1.6,4.8,5.3,4.1,1.5,8.8,3.4,0.3,4.0,1.9,6.8,7.2,6.3,5.3,7.3,5.4,1.7,3.6,3.5,3.9,3.4,5.52,3,4,general,↑↑,2035+,中国宠物训练师：薪资水平偏低，人才需求旺盛，AI替代抗性强,5.7,4.55,6.71,德国,孟加拉国,5.77,5.37,5.64,5.73,6.65,5.94,4.77,5.69,5.28,6.41,6.56,4.97,-0.18,2026-04-13,2026-04-13,2000-2026
服务业与消费,SVC,婚庆活动,婚礼策划师,Wedding Planner,3.3,3.3,5.7,6.5,6.5,6.8,5.6,4.8,4.6,5.0,3.7,6.9,6.2,0.7,4.0,6.2,6.3,1.9,7.5,5.7,1.1,7.2,1.9,7.5,8.6,5.8,5.5,8.8,4.5,1.8,7.6,4.7,4.1,3.8,5.52,2,2,general,↑,2035+,中国婚礼策划师：AI替代抗性强，加班文化严重，就业波动大,5.77,4.73,6.75,瑞士,巴基斯坦,5.76,5.56,5.69,5.78,6.56,5.99,4.91,5.88,5.37,6.49,6.52,5.07,-0.25,2026-04-13,2026-04-13,2000-2026
技术工种与手工业,SKL,工业维护,电池回收技术员,Battery Recycling Technician,4.2,3.2,8.3,7.2,7.4,6.1,7.0,6.8,5.9,5.6,7.8,3.4,3.7,1.6,4.1,5.3,5.6,1.2,6.6,4.4,0.0,4.7,3.2,6.6,5.4,2.2,5.5,4.7,6.5,3.7,4.5,5.4,4.1,3.0,5.52,3,4,general,↑↑,2032-2038,中国电池回收技术员：加班文化严重，就业稳定，近年增长迅猛,5.7,4.5,7.07,德国,孟加拉国,5.73,5.29,5.91,5.62,6.63,6.04,4.7,5.7,5.11,6.58,6.75,4.82,-0.18,2026-04-13,2026-04-13,2000-2026
技术工种与手工业,SKL,工业维护,自动售货机维修工,Vending Machine Technician,4.3,3.5,7.4,7.3,7.8,7.7,6.5,7.1,5.2,6.4,7.4,5.0,4.9,1.7,3.3,5.9,4.8,1.2,6.0,5.0,0.0,5.7,2.2,6.4,5.7,3.2,6.1,4.8,5.7,4.4,4.6,5.0,4.1,3.4,5.52,2,2,general,↑,2032-2038,中国自动售货机维修工：加班文化严重,5.66,4.46,7.07,瑞士,巴基斯坦,5.71,5.27,5.82,5.54,6.66,5.96,4.62,5.72,5.14,6.55,6.67,4.77,-0.14,2026-04-13,2026-04-13,2000-2026
交通运输与物流,TRA,航空,飞行签派员,Flight Dispatcher,5.6,6.6,6.1,6.8,8.0,7.9,7.7,8.2,7.1,6.9,5.4,5.2,5.0,2.4,3.1,5.2,5.4,1.2,5.2,8.8,2.1,5.2,2.2,7.9,3.1,3.0,4.0,6.7,1.8,6.7,7.4,1.8,7.1,5.1,5.51,2,2,general,↑,2028-2033,中国飞行签派员：人才需求旺盛，加班文化严重,5.53,4.24,6.74,荷兰,尼日利亚,5.57,5.21,5.46,5.67,6.36,5.95,4.52,5.48,4.97,6.2,6.56,4.67,-0.02,2026-04-13,2026-04-13,2000-2026
教育与学术,EDU,职业培训,飞行教官,Flight Instructor,8.4,5.3,4.8,6.7,6.2,5.8,7.2,7.9,6.2,6.1,7.5,5.5,3.0,1.2,3.1,3.5,4.4,0.6,8.4,8.6,1.8,7.1,2.0,8.4,5.8,3.2,4.9,6.5,4.5,9.3,4.7,4.8,5.8,4.2,5.51,2,2,general,↑,2035+,中国飞行教官：AI替代抗性强，加班文化严重，就业稳定,5.41,4.4,6.6,芬兰,尼日利亚,5.45,5.13,5.35,5.39,6.45,5.61,4.71,5.36,5.02,6.06,6.08,4.7,0.1,2026-04-13,2026-04-13,2000-2026
文化、艺术与传媒,ART,影视制作,剪辑师,Film/Video Editor,5.6,5.3,6.2,6.4,6.9,7.1,5.7,6.3,7.4,5.6,2.8,6.2,5.9,1.4,3.5,6.7,5.5,3.1,5.3,6.7,6.7,6.7,1.8,8.2,6.3,3.7,4.4,6.8,3.7,1.5,6.5,4.9,5.8,4.5,5.51,3,1,general,→,2028-2033,中国剪辑师：加班文化严重，就业波动大,5.43,4.35,6.34,荷兰,孟加拉国,5.53,5.1,5.37,5.32,6.08,5.81,4.67,5.55,5.07,6.02,6.22,4.81,0.08,2026-04-13,2026-04-13,2000-2026
技术工种与手工业,SKL,汽车维修,柴油机技师,Diesel Mechanic,3.9,3.3,6.1,7.6,6.8,7.2,6.5,7.2,6.1,6.2,6.3,4.2,4.9,0.9,2.8,5.1,5.2,1.4,7.1,4.6,0.0,5.7,2.7,6.5,7.1,1.6,5.9,6.8,6.6,3.8,5.3,7.4,3.8,2.8,5.51,2,1,general,→,2032-2038,中国柴油机技师：加班文化严重,6.0,4.72,7.36,瑞士,孟加拉国,5.98,5.64,6.14,5.95,6.99,6.29,4.84,6.06,5.45,7.04,7.01,5.14,-0.49,2026-04-13,2026-04-13,2000-2026
服务业与消费,SVC,零售,直播电商运营,Livestream E-commerce Operator,3.1,2.8,9.7,6.8,7.3,8.8,5.6,4.1,6.8,3.8,3.8,7.2,5.8,1.7,3.3,5.8,6.1,1.4,5.5,3.9,5.3,3.4,1.4,5.1,8.3,5.0,4.8,7.7,4.4,1.8,6.0,4.6,2.4,3.7,5.51,0,5,general,↑↑,2028-2033,中国直播电商运营：加班文化严重，就业波动大，近年增长迅猛,5.61,4.59,6.57,澳大利亚,孟加拉国,5.68,5.38,5.57,5.64,6.38,5.83,4.77,5.61,5.15,6.33,6.34,4.92,-0.1,2026-04-13,2026-04-13,2000-2026
文化、艺术与传媒,ART,影视制作,编剧,Screenwriter,5.5,5.1,7.1,6.3,6.5,7.9,5.4,6.4,7.3,5.0,3.5,5.7,4.7,0.2,3.3,6.8,6.3,2.8,4.9,7.0,6.8,8.0,0.4,8.7,6.1,5.1,4.8,6.9,3.7,2.3,7.4,5.5,5.6,4.7,5.51,3,1,general,→,2028-2033,中国编剧：加班文化严重，就业波动大,5.51,4.37,6.44,英国,巴基斯坦,5.62,5.22,5.5,5.32,6.12,5.88,4.72,5.57,5.22,6.1,6.33,4.85,-0.0,2026-04-13,2026-04-13,2000-2026
医疗与健康,MED,医学影像与检验,MRI技师,MRI Technologist,6.4,5.2,6.8,7.6,8.6,9.8,7.4,4.9,6.0,5.6,8.3,7.1,3.6,0.5,3.4,4.8,5.3,0.9,5.3,5.2,1.9,3.6,3.3,6.3,4.2,5.9,5.7,5.6,3.4,5.3,1.7,3.5,4.5,4.0,5.51,2,3,general,↑,2028-2033,中国MRI技师：加班文化严重，就业稳定,5.72,4.58,6.58,瑞士,孟加拉国,5.71,5.44,5.6,5.78,6.44,6.02,4.86,5.87,5.39,6.4,6.41,5.02,-0.21,2026-04-13,2026-04-13,2000-2026
服务业与消费,SVC,家政照护,家庭教师,Home Tutor,4.8,5.4,8.0,6.5,8.4,8.8,8.2,6.1,4.7,4.4,4.3,6.2,5.2,0.9,4.2,5.4,4.2,1.7,6.2,4.9,5.1,3.4,1.9,6.7,5.2,5.3,5.4,7.5,1.7,1.5,3.5,4.3,2.9,3.4,5.51,3,4,general,↑↑,2032-2038,中国家庭教师：人才需求旺盛，加班文化严重，近年增长迅猛,5.67,4.53,6.78,荷兰,尼日利亚,5.79,5.41,5.61,5.63,6.66,5.82,4.83,5.68,5.22,6.42,6.5,4.86,-0.16,2026-04-13,2026-04-13,2000-2026
服务业与消费,SVC,家政照护,家庭收纳师,Professional Home Organizer,3.8,2.8,8.4,6.9,9.3,5.1,8.4,6.0,4.5,4.4,3.3,6.4,5.3,1.2,4.8,4.5,4.7,1.7,7.1,3.9,0.9,3.9,2.0,6.3,8.8,5.6,4.7,7.6,4.8,2.3,3.2,3.5,3.7,3.6,5.51,3,3,general,↑,2032-2038,中国家庭收纳师：薪资水平偏低，人才需求旺盛，加班文化严重,5.68,4.56,6.83,丹麦,尼日利亚,5.74,5.39,5.6,5.72,6.71,5.82,4.75,5.6,5.27,6.43,6.55,4.9,-0.17,2026-04-13,2026-04-13,2000-2026
技术工种与手工业,SKL,工业维护,工业机械维修工,Industrial Machinery Mechanic,4.5,3.2,6.3,7.0,7.0,8.6,8.3,6.6,6.4,6.5,7.5,4.2,3.8,1.8,3.8,6.1,4.8,1.7,6.5,4.8,0.0,4.7,2.9,5.7,5.6,2.9,5.7,5.0,6.8,4.1,4.2,4.4,4.1,3.2,5.51,2,2,general,↑,2032-2038,中国工业机械维修工：人才需求旺盛，加班文化严重，就业稳定,5.84,4.66,7.2,德国,巴基斯坦,5.88,5.46,6.07,5.76,6.78,6.11,4.79,5.89,5.29,6.72,6.87,4.96,-0.33,2026-04-13,2026-04-13,2000-2026
文化、艺术与传媒,ART,美术/纯艺术,行为艺术家,Performance Artist,6.3,5.3,4.9,9.3,4.6,3.2,4.2,4.8,3.7,4.7,2.8,7.9,6.8,2.6,2.2,5.5,4.7,4.4,9.5,6.9,5.7,9.2,3.5,9.3,8.0,5.1,8.0,5.2,5.8,0.7,4.2,7.0,4.3,3.6,5.51,1,-1,general,→,2035+,中国行为艺术家：薪资水平偏低，AI替代抗性强，加班文化严重,5.6,4.37,6.68,瑞士,孟加拉国,5.66,5.24,5.62,5.47,6.4,5.91,4.69,5.66,5.17,6.23,6.45,5.04,-0.09,2026-04-13,2026-04-13,2000-2026
交通运输与物流,TRA,铁路,列车长/车务员,Train Conductor,3.8,2.6,7.1,7.7,7.5,8.9,7.2,7.2,4.3,6.7,8.0,6.2,5.1,1.6,3.3,5.3,4.9,1.4,5.5,6.5,0.3,4.2,2.9,6.1,2.6,4.4,5.5,7.4,4.0,4.7,4.5,2.7,3.5,6.3,5.5,2,2,general,↑,2028-2033,中国列车长/车务员：薪资水平偏低，加班文化严重，就业稳定,5.26,3.94,6.64,瑞士,尼日利亚,5.52,4.82,5.44,5.24,6.24,5.44,4.37,5.41,4.56,5.82,6.3,4.33,0.24,2026-04-13,2026-04-13,2000-2026
公共管理与公务员,GOV,事业单位/公共机构,气象预报员,Meteorologist,6.7,7.6,5.0,9.0,4.6,4.8,6.9,5.9,6.5,5.4,10.0,9.4,6.2,3.6,3.9,4.2,4.2,1.8,5.2,7.7,4.0,4.9,4.8,6.9,1.6,4.5,6.8,4.6,1.8,8.6,0.3,2.4,5.9,7.3,5.5,1,3,general,↑,2028-2033,中国气象预报员：就业稳定,5.51,4.66,6.34,瑞典,尼日利亚,5.6,5.33,5.38,5.49,6.27,5.54,5.02,5.6,5.2,5.98,6.1,4.85,-0.01,2026-04-13,2026-04-13,2000-2026
技术工种与手工业,SKL,焊接,TIG焊工,TIG Welder,4.8,2.6,6.0,6.5,7.0,8.3,8.2,6.8,8.4,6.7,5.8,2.9,2.9,1.9,3.6,5.9,5.4,1.5,6.6,5.4,0.4,5.2,2.0,6.6,5.7,0.7,5.5,4.9,7.7,4.5,5.7,5.5,5.1,3.3,5.5,2,2,general,↑,2032-2038,中国TIG焊工：薪资回报高，人才需求旺盛，加班文化严重,5.66,4.53,6.89,瑞士,尼日利亚,5.72,5.29,5.88,5.58,6.67,5.94,4.7,5.64,5.04,6.58,6.6,4.83,-0.16,2026-04-13,2026-04-13,2000-2026
交通运输与物流,TRA,航空,飞机维修工程师,Aircraft Maintenance Engineer,8.1,6.6,6.7,7.0,7.4,7.7,8.1,7.3,7.2,7.1,6.6,5.4,5.1,1.1,4.0,5.9,5.5,1.5,7.0,8.4,0.0,4.7,1.7,8.5,3.9,2.9,4.1,5.7,6.5,7.5,6.7,2.2,7.9,4.6,5.5,2,2,general,↑,2032-2038,中国飞机维修工程师：人才需求旺盛，加班文化严重,5.51,4.25,6.6,德国,孟加拉国,5.65,5.22,5.4,5.6,6.3,5.92,4.51,5.5,5.0,6.3,6.41,4.62,-0.01,2026-04-13,2026-04-13,2000-2026
技术工种与手工业,SKL,传统手工艺,裁缝,Tailor / Dressmaker,5.3,3.2,4.1,8.5,4.9,6.6,3.9,5.0,4.6,5.3,4.5,5.4,4.1,3.0,5.1,3.9,4.1,1.7,7.9,6.2,1.3,6.7,4.0,8.0,7.1,6.6,7.3,6.5,3.5,1.8,3.9,6.4,3.1,1.5,5.5,0,1,general,→,2035+,中国裁缝：供过于求，AI替代抗性强，加班文化严重,5.91,4.78,7.34,瑞士,孟加拉国,5.89,5.48,5.94,5.76,6.87,6.14,4.98,6.12,5.4,6.79,6.93,5.11,-0.41,2026-04-13,2026-04-13,2000-2026
文化、艺术与传媒,ART,影视制作,调色师,Colorist,5.9,5.0,6.8,5.8,7.7,6.0,5.7,5.9,7.5,6.0,3.5,6.0,4.7,0.2,4.3,6.2,5.7,3.1,5.8,6.9,6.3,6.2,1.6,8.8,5.9,4.5,4.6,7.4,3.8,2.3,7.6,5.8,5.2,4.9,5.5,3,1,general,→,2028-2033,中国调色师：加班文化严重，就业波动大,5.46,4.43,6.33,德国,巴基斯坦,5.58,5.1,5.43,5.3,6.06,5.78,4.74,5.53,5.15,6.1,6.22,4.82,0.04,2026-04-13,2026-04-13,2000-2026
技术工种与手工业,SKL,美发美容技术,假发制作师,Wig Maker,4.5,1.6,5.5,6.8,6.7,3.6,5.4,4.4,4.2,5.6,5.0,6.2,5.2,2.2,3.5,4.2,4.2,2.1,9.1,4.0,0.0,7.0,3.7,7.1,8.6,6.4,6.3,5.5,3.7,3.3,3.9,7.1,3.4,1.4,5.5,2,2,general,↑,2035+,中国假发制作师：薪资水平偏低，AI替代抗性强，加班文化严重,5.95,4.69,7.21,瑞士,孟加拉国,5.95,5.54,6.08,5.95,6.87,6.27,4.88,5.93,5.41,7.08,6.95,5.1,-0.45,2026-04-13,2026-04-13,2000-2026
服务业与消费,SVC,美容养生,游泳教练,Swimming Coach / Instructor,4.8,3.9,7.6,7.1,7.7,8.0,6.0,4.5,4.6,5.9,4.3,6.2,5.7,0.4,3.6,6.5,5.6,2.2,7.7,4.5,1.9,5.5,2.4,7.0,7.6,6.0,5.8,7.2,5.2,3.5,6.1,5.9,3.2,3.2,5.5,3,3,general,↑,2035+,中国游泳教练：AI替代抗性强，加班文化严重,5.72,4.61,6.77,丹麦,巴基斯坦,5.71,5.46,5.66,5.73,6.6,5.96,4.81,5.71,5.32,6.52,6.49,5.02,-0.22,2026-04-13,2026-04-13,2000-2026
交通运输与物流,TRA,航空,飞行教官(民航),Certified Flight Instructor,7.3,6.6,7.1,6.7,7.8,6.1,7.7,8.1,6.4,6.8,5.8,4.9,5.1,1.4,3.8,5.2,5.5,1.3,8.1,7.5,0.0,4.5,1.6,8.2,5.3,2.9,4.6,8.0,3.3,9.1,6.6,1.4,7.9,5.1,5.5,2,2,general,↑,2035+,中国飞行教官(民航)：人才需求旺盛，AI替代抗性强，加班文化严重,5.59,4.22,6.74,荷兰,孟加拉国,5.69,5.28,5.55,5.7,6.44,5.97,4.53,5.57,5.11,6.26,6.52,4.7,-0.09,2026-04-13,2026-04-13,2000-2026
医疗与健康,MED,临床医学,新生儿科医生,Neonatologist,9.1,9.0,7.2,8.5,9.0,9.5,7.5,6.4,7.7,5.3,8.0,5.9,4.3,0.0,0.0,5.8,4.5,2.2,6.9,8.7,1.7,5.8,0.0,8.5,6.4,4.0,7.0,8.2,5.3,9.6,1.6,3.2,4.7,3.3,5.5,3,3,general,↑,2032-2038,中国新生儿科医生：人才需求旺盛，加班文化严重，就业稳定,5.84,4.75,6.76,瑞士,孟加拉国,5.84,5.54,5.72,5.92,6.55,6.14,5.01,5.93,5.56,6.5,6.57,5.17,-0.34,2026-04-13,2026-04-13,2000-2026
技术工种与手工业,SKL,传统手工艺,玻璃工匠,Glassblower / Glass Artisan,6.0,3.0,3.7,8.0,5.1,4.0,5.2,5.5,4.8,5.4,5.3,3.2,4.9,2.4,5.1,4.1,3.1,2.1,9.1,6.2,2.6,7.0,4.0,9.6,8.1,4.1,7.5,4.7,5.3,2.1,3.8,6.3,3.8,1.9,5.5,0,0,general,→,2035+,中国玻璃工匠：AI替代抗性强，加班文化严重,5.8,4.62,7.08,德国,巴基斯坦,5.84,5.32,5.9,5.65,6.75,6.06,4.85,5.96,5.26,6.78,6.78,5.04,-0.3,2026-04-13,2026-04-13,2000-2026
服务业与消费,SVC,殡葬,殡葬师/殡仪馆主任,Funeral Director / Mortician,4.3,3.8,4.5,8.0,5.9,4.3,6.3,6.1,6.7,6.3,7.3,5.9,4.8,2.1,2.9,4.6,4.2,0.7,8.6,5.5,0.6,5.1,2.9,6.2,6.5,5.3,6.3,7.0,4.7,5.4,2.1,2.2,2.5,5.4,5.5,1,1,general,→,2035+,中国殡葬师/殡仪馆主任：AI替代抗性强，加班文化严重,5.67,4.74,6.64,丹麦,孟加拉国,5.61,5.42,5.61,5.7,6.45,5.82,4.91,5.82,5.29,6.36,6.35,5.05,-0.17,2026-04-13,2026-04-13,2000-2026
交通运输与物流,TRA,城市交通,停车场管理员,Parking Manager / Attendant,1.9,1.9,6.9,6.5,7.5,7.0,6.3,7.3,4.2,6.8,6.1,7.2,5.4,2.1,3.3,5.8,5.5,1.4,2.9,3.3,3.7,5.4,3.2,6.5,4.2,5.4,5.1,5.4,4.3,1.3,3.9,3.1,3.5,5.2,5.49,3,3,general,↑,2025-2028,中国停车场管理员：薪资水平偏低，AI替代风险较高，加班文化严重,5.6,4.3,6.78,瑞士,孟加拉国,5.7,5.27,5.58,5.67,6.53,5.96,4.55,5.67,5.1,6.4,6.49,4.69,-0.11,2026-04-13,2026-04-13,2000-2026
服务业与消费,SVC,客户服务,客服经理,Customer Service Manager,2.8,3.8,4.9,6.2,6.9,9.8,6.5,3.7,5.8,4.9,5.3,7.9,6.7,0.6,5.3,5.7,6.3,1.7,4.9,5.4,6.1,5.6,2.9,3.5,3.6,5.8,4.8,8.1,1.7,1.3,5.0,3.9,3.3,4.2,5.49,-1,-1,general,→,2028-2033,中国客服经理：加班文化严重,5.62,4.55,6.56,瑞士,孟加拉国,5.62,5.42,5.61,5.62,6.4,5.86,4.78,5.64,5.22,6.32,6.38,4.87,-0.13,2026-04-13,2026-04-13,2000-2026
公共管理与公务员,GOV,军事,军医,Military Physician,9.4,9.7,5.2,8.5,5.5,4.9,7.0,6.6,9.6,5.4,10.0,5.8,4.4,3.2,2.4,6.5,6.7,1.5,7.7,10.0,1.2,4.3,0.9,8.6,2.6,5.0,5.1,7.5,4.7,10.0,0.2,1.5,4.8,9.3,5.48,0,2,general,↑,2035+,中国军医：薪资回报高，AI替代抗性强，加班文化严重,5.41,4.47,6.16,丹麦,尼日利亚,5.52,5.17,5.34,5.46,6.12,5.48,4.88,5.54,5.12,5.92,5.93,4.74,0.07,2026-04-13,2026-04-13,2000-2026
技术工种与手工业,SKL,焊接,焊接检验员,Welding Inspector,5.5,4.8,6.8,6.8,7.4,7.9,7.2,6.6,7.0,5.7,5.0,6.0,2.7,2.1,3.8,6.1,5.6,1.3,7.2,5.8,1.7,4.4,2.0,5.7,6.1,1.4,5.1,5.2,3.9,6.1,6.3,5.1,5.9,2.6,5.48,2,2,general,↑,2032-2038,中国焊接检验员：加班文化严重,5.81,4.62,6.93,德国,孟加拉国,5.84,5.45,5.99,5.79,6.72,6.07,4.83,5.79,5.21,6.8,6.79,4.97,-0.33,2026-04-13,2026-04-13,2000-2026
文化、艺术与传媒,ART,影视制作,电视导演,Television Director,5.3,5.4,6.9,6.0,6.9,8.1,5.7,6.8,7.6,4.8,4.2,6.2,5.0,1.1,3.3,5.9,5.7,3.2,6.4,7.5,3.3,5.9,1.2,8.7,5.9,4.6,5.2,7.1,4.3,2.1,6.7,4.9,4.9,5.2,5.48,3,1,general,→,2032-2038,中国电视导演：加班文化严重,5.52,4.46,6.39,澳大利亚,巴基斯坦,5.62,5.18,5.48,5.44,6.1,5.88,4.81,5.53,5.2,6.16,6.25,4.93,-0.04,2026-04-13,2026-04-13,2000-2026
交通运输与物流,TRA,航海,船舶代理人,Ship Broker / Shipping Agent,4.8,5.1,5.6,7.8,7.7,8.4,7.4,7.3,8.5,7.1,5.3,4.4,3.7,0.7,2.1,4.1,4.6,1.8,4.9,6.4,3.6,4.5,2.9,6.6,7.6,2.5,5.1,8.1,2.3,5.1,7.4,1.3,7.4,4.3,5.48,1,1,general,→,2028-2033,中国船舶代理人：薪资回报高，加班文化严重,5.47,4.12,6.74,荷兰,巴基斯坦,5.69,5.3,5.27,5.52,6.46,5.6,4.48,5.5,4.9,6.2,6.27,4.69,0.01,2026-04-13,2026-04-13,2000-2026
技术工种与手工业,SKL,汽车维修,汽车钣金工,Auto Body Repairer,4.0,3.0,5.5,7.3,6.8,8.1,6.1,6.8,4.7,7.1,5.8,4.2,4.3,1.5,2.8,4.7,4.6,1.8,7.6,5.2,0.8,6.1,2.9,6.9,7.3,2.6,6.3,6.5,7.1,4.4,5.4,7.2,3.8,2.4,5.48,2,2,general,↑,2035+,中国汽车钣金工：AI替代抗性强，加班文化严重,5.92,4.65,7.37,瑞士,尼日利亚,5.88,5.51,5.96,5.94,6.94,6.28,4.81,6.02,5.36,7.01,6.97,5.01,-0.44,2026-04-13,2026-04-13,2000-2026
交通运输与物流,TRA,铁路,铁路调度员,Railway Dispatcher,5.7,5.2,6.7,8.2,8.2,9.0,7.2,7.3,6.0,7.1,8.1,7.4,4.1,2.2,3.1,5.1,4.8,1.0,5.8,5.9,0.4,4.0,2.2,6.7,3.1,4.3,5.3,5.7,2.2,5.7,4.9,1.9,3.7,6.3,5.48,2,2,general,↑,2028-2033,中国铁路调度员：加班文化严重，就业稳定,5.28,3.94,6.52,瑞士,尼日利亚,5.49,4.78,5.37,5.37,6.29,5.46,4.31,5.44,4.64,5.94,6.27,4.37,0.2,2026-04-13,2026-04-13,2000-2026
技术工种与手工业,SKL,传统手工艺,编织工艺师,Weaver / Textile Artisan,5.6,2.5,3.5,8.6,5.3,5.3,3.6,5.3,4.1,4.5,5.5,5.7,4.9,2.9,4.0,4.6,3.5,1.7,9.4,6.2,2.0,7.2,4.4,8.0,6.9,5.5,6.9,5.0,4.2,2.0,4.7,6.8,2.9,2.3,5.48,0,0,general,→,2035+,中国编织工艺师：薪资水平偏低，供过于求，AI替代抗性强,5.84,4.79,7.31,瑞士,巴基斯坦,5.85,5.44,5.9,5.7,6.72,6.08,4.9,5.95,5.3,6.66,6.91,5.03,-0.36,2026-04-13,2026-04-13,2000-2026
技术工种与手工业,SKL,传统手工艺,烟斗工匠,Pipe Maker,5.7,2.5,3.7,8.6,4.3,3.3,4.9,5.7,4.4,4.6,5.2,5.9,4.9,2.2,4.0,4.8,3.5,1.8,9.0,6.0,2.0,7.7,3.3,8.7,7.3,4.7,7.2,5.5,4.5,2.1,4.8,7.0,3.1,1.9,5.47,0,0,general,→,2035+,中国烟斗工匠：薪资水平偏低，AI替代抗性强，加班文化严重,5.85,4.81,7.31,瑞士,尼日利亚,5.83,5.49,5.91,5.73,6.77,6.11,4.97,5.94,5.31,6.75,6.87,5.05,-0.38,2026-04-13,2026-04-13,2000-2026
服务业与消费,SVC,休闲娱乐,电子竞技赛事运营,Esports Event Organizer,4.1,3.2,8.3,6.7,7.1,6.2,6.0,4.6,6.2,5.4,3.9,5.2,5.7,0.4,3.3,5.5,5.7,1.8,6.2,4.8,4.0,4.8,1.5,7.2,6.8,5.8,5.7,8.0,3.0,2.8,6.5,5.3,3.9,3.3,5.47,2,4,general,↑↑,2032-2038,中国电子竞技赛事运营：加班文化严重，就业波动大，近年增长迅猛,5.65,4.43,6.67,瑞士,孟加拉国,5.64,5.43,5.61,5.68,6.33,5.92,4.72,5.77,5.25,6.46,6.39,4.95,-0.18,2026-04-13,2026-04-13,2000-2026
技术工种与手工业,SKL,汽车维修,汽车维修技师,Automotive Mechanic / Technician,4.1,2.6,5.5,7.6,6.8,7.8,5.6,7.0,5.0,5.6,6.5,4.7,4.5,0.9,4.3,5.3,5.2,1.3,6.7,4.2,0.8,5.5,2.4,6.9,8.3,1.0,6.7,6.8,6.7,3.7,5.8,7.3,3.8,2.6,5.47,2,2,general,↑,2032-2038,中国汽车维修技师：加班文化严重,5.99,4.62,7.27,瑞士,孟加拉国,5.97,5.58,6.18,6.0,6.94,6.3,4.8,6.04,5.43,7.08,7.03,5.1,-0.52,2026-04-13,2026-04-13,2000-2026
医疗与健康,MED,医学影像与检验,放射技师,Radiologic Technologist,5.9,5.3,6.6,7.7,7.9,9.8,6.9,5.8,5.8,6.5,7.9,6.7,3.1,0.8,3.1,4.9,5.2,0.7,4.5,5.8,1.1,4.6,3.4,5.5,3.3,6.2,5.9,5.4,3.8,5.4,1.4,2.5,4.8,2.9,5.47,2,2,general,↑,2028-2033,中国放射技师：加班文化严重，就业稳定,5.62,4.64,6.44,瑞典,孟加拉国,5.65,5.34,5.5,5.64,6.39,5.92,4.83,5.77,5.28,6.26,6.31,4.94,-0.15,2026-04-13,2026-04-13,2000-2026
法律与社会服务,LAW,律师各专业,航空法律师,Aviation Lawyer,8.3,8.0,5.7,8.1,4.8,2.8,6.5,6.4,8.7,6.4,5.3,8.6,5.2,2.5,2.9,5.3,3.8,1.5,6.7,8.2,5.3,5.9,3.0,5.7,6.0,4.2,6.0,6.6,0.1,9.1,5.8,1.7,7.4,4.8,5.47,2,1,general,→,2032-2038,中国航空法律师：薪资回报高，加班文化严重,5.72,4.59,6.72,瑞士,孟加拉国,5.8,5.29,5.56,5.63,6.56,6.03,4.94,5.84,5.33,6.49,6.62,5.0,-0.25,2026-04-13,2026-04-13,2000-2026
服务业与消费,SVC,零售,花店经营者,Florist / Flower Shop Owner,2.8,3.4,5.5,6.5,7.8,9.9,5.4,4.1,3.8,5.0,4.2,7.2,6.0,1.6,4.0,5.9,6.1,1.7,7.2,4.3,2.3,8.1,0.9,6.8,9.0,5.5,5.5,7.5,4.7,1.6,6.2,4.4,2.0,4.5,5.47,0,0,general,→,2032-2038,中国花店经营者：薪资水平偏低，加班文化严重,5.61,4.56,6.58,瑞士,巴基斯坦,5.64,5.36,5.61,5.64,6.3,5.88,4.77,5.63,5.23,6.34,6.36,4.89,-0.14,2026-04-13,2026-04-13,2000-2026
文化、艺术与传媒,ART,美术/纯艺术,雕塑家,Sculptor,5.7,5.8,4.3,9.0,4.7,4.2,4.2,4.6,4.9,3.6,2.8,7.7,7.5,3.1,2.3,6.4,5.0,4.1,8.2,6.9,5.4,8.1,3.8,9.9,7.2,5.0,7.4,4.7,5.8,1.3,3.9,6.8,5.1,3.6,5.47,1,-1,general,→,2035+,中国雕塑家：AI替代抗性强，加班文化严重，就业波动大,5.58,4.48,6.62,瑞士,巴基斯坦,5.64,5.19,5.49,5.42,6.42,5.84,4.79,5.62,5.22,6.26,6.5,4.92,-0.11,2026-04-13,2026-04-13,2000-2026
文化、艺术与传媒,ART,影视制作,动作导演/武术指导,Action Director / Stunt Coordinator,5.3,5.3,6.6,4.7,6.9,7.7,5.9,6.1,8.0,4.6,3.0,4.2,5.4,0.9,2.9,5.7,5.4,2.8,8.9,6.9,4.2,6.2,1.7,8.2,6.7,5.1,4.4,7.3,8.3,2.1,6.8,4.9,5.7,5.3,5.47,3,1,general,→,2035+,中国动作导演/武术指导：薪资回报高，AI替代抗性强，加班文化严重,5.47,4.43,6.48,德国,巴基斯坦,5.57,5.12,5.48,5.32,6.08,5.87,4.68,5.45,5.1,6.08,6.34,4.82,0.0,2026-04-13,2026-04-13,2000-2026
教育与学术,EDU,高等教育,博士后研究员,Postdoctoral Researcher,9.3,9.8,6.2,4.8,7.5,5.8,5.6,5.9,5.4,4.4,5.8,9.7,4.0,0.6,1.3,6.9,6.2,1.6,8.0,8.4,8.1,6.9,2.4,7.2,4.6,3.7,3.7,6.1,1.7,9.3,2.7,5.8,7.8,3.9,5.47,2,1,general,→,2035+,中国博士后研究员：AI替代抗性强，加班文化严重,5.27,4.08,6.47,芬兰,巴基斯坦,5.38,4.9,5.29,5.24,6.39,5.51,4.39,5.28,4.8,6.02,6.05,4.48,0.2,2026-04-13,2026-04-13,2000-2026
法律与社会服务,LAW,律师各专业,医疗纠纷律师,Medical Malpractice Lawyer,8.4,8.6,5.9,8.0,6.4,4.8,5.9,4.7,8.8,6.3,5.5,8.6,4.9,1.7,2.4,6.4,5.0,2.5,7.0,8.8,3.6,5.7,1.7,6.0,7.1,5.8,6.8,7.2,0.6,8.5,3.1,2.6,4.1,2.9,5.47,2,1,general,→,2032-2038,中国医疗纠纷律师：薪资回报高，加班文化严重,5.67,4.49,6.8,瑞士,孟加拉国,5.74,5.32,5.54,5.53,6.51,6.03,4.83,5.73,5.28,6.48,6.57,4.93,-0.2,2026-04-13,2026-04-13,2000-2026
文化、艺术与传媒,ART,影视制作,影视发行人,Film Distribution Executive,5.8,4.7,6.2,6.3,6.7,7.1,5.9,6.3,8.6,4.8,3.5,6.0,4.8,0.9,3.6,6.4,5.3,2.9,5.9,7.7,2.8,5.9,1.7,8.6,7.2,5.2,5.0,7.5,4.0,2.3,7.5,4.6,4.9,4.5,5.47,3,1,general,→,2028-2033,中国影视发行人：薪资回报高，加班文化严重，就业波动大,5.55,4.52,6.41,英国,孟加拉国,5.61,5.25,5.46,5.38,6.17,5.92,4.84,5.61,5.24,6.14,6.29,4.95,-0.08,2026-04-13,2026-04-13,2000-2026
农业、资源与环境,AGR,种植,种子研究员,Seed Researcher / Plant Breeder,7.8,8.6,6.5,7.2,6.5,9.9,6.4,8.2,8.2,5.3,5.5,5.3,4.0,0.1,3.0,4.0,3.5,1.9,6.7,7.3,2.6,7.0,2.9,7.8,6.8,4.5,6.6,3.8,3.3,1.0,7.9,3.0,5.5,2.5,5.47,0,0,general,→,2032-2038,中国种子研究员：薪资回报高，加班文化严重,5.6,4.93,6.57,新西兰,孟加拉国,5.39,5.38,5.53,5.39,6.33,5.94,5.06,5.69,5.4,6.47,6.19,5.07,-0.13,2026-04-13,2026-04-13,2000-2026
交通运输与物流,TRA,航空,机务人员,Aircraft Mechanic,6.1,4.9,6.2,7.0,7.8,8.1,7.5,7.9,6.5,6.3,6.6,5.7,5.4,2.1,4.1,4.9,4.6,1.4,7.3,8.0,0.0,4.5,1.4,8.3,3.1,3.9,4.3,6.0,7.3,6.6,7.2,1.2,6.9,5.3,5.47,2,2,general,↑,2032-2038,中国机务人员：人才需求旺盛，加班文化严重,5.57,4.18,6.67,荷兰,孟加拉国,5.7,5.27,5.49,5.66,6.42,5.94,4.5,5.5,5.02,6.36,6.51,4.72,-0.1,2026-04-13,2026-04-13,2000-2026
服务业与消费,SVC,家政照护,月嫂/产后护理师,Maternity Nurse / Postpartum Doula,4.1,2.7,8.3,6.8,8.9,7.4,8.7,6.7,4.7,3.9,3.2,6.4,4.3,0.5,4.8,4.3,4.1,1.6,9.1,4.5,0.6,3.8,2.0,7.1,4.4,1.9,4.7,7.5,6.1,2.3,4.0,4.1,3.9,3.9,5.46,3,4,general,↑↑,2035+,中国月嫂/产后护理师：人才需求旺盛，AI替代抗性强，加班文化严重,5.71,4.58,6.79,瑞士,孟加拉国,5.76,5.46,5.64,5.7,6.67,5.97,4.75,5.71,5.3,6.51,6.53,4.92,-0.25,2026-04-13,2026-04-13,2000-2026
文化、艺术与传媒,ART,图书馆信息,图书馆员,Librarian,5.0,6.1,4.0,9.0,4.6,5.1,4.0,5.0,5.1,5.8,8.3,8.7,7.0,4.2,1.3,6.2,4.8,0.4,4.2,6.1,3.7,4.4,5.4,7.5,2.4,5.5,7.3,6.2,1.0,2.5,2.7,3.0,3.8,3.8,5.46,1,-1,general,→,2026-2030,中国图书馆员：供过于求，就业稳定,5.58,4.5,6.47,澳大利亚,巴基斯坦,5.66,5.17,5.53,5.48,6.19,5.97,4.8,5.73,5.24,6.22,6.39,4.94,-0.12,2026-04-13,2026-04-13,2000-2026
医疗与健康,MED,兽医学,动物急诊兽医,Emergency Veterinarian,7.9,7.2,6.2,7.1,7.9,7.6,8.5,6.1,6.5,5.4,7.5,5.7,4.0,0.0,0.4,4.4,4.2,1.8,8.0,7.2,1.8,6.4,0.4,8.5,7.6,6.0,6.3,6.0,6.0,7.9,2.7,4.5,4.8,3.2,5.46,3,4,general,↑↑,2035+,中国动物急诊兽医：人才需求旺盛，AI替代抗性强，加班文化严重,5.69,4.63,6.6,瑞士,孟加拉国,5.71,5.44,5.51,5.74,6.41,6.04,4.84,5.89,5.36,6.29,6.39,4.96,-0.23,2026-04-13,2026-04-13,2000-2026
公共管理与公务员,GOV,消防应急,灾害救援协调员,Disaster Relief Coordinator,5.5,6.7,5.7,8.0,5.3,4.8,6.4,5.6,6.3,5.2,8.4,6.3,4.5,2.1,3.2,6.2,5.1,1.8,7.0,8.5,2.5,5.4,1.1,8.4,2.3,5.3,4.7,8.2,4.5,7.3,2.6,2.2,7.2,6.3,5.46,2,3,general,↑,2032-2038,中国灾害救援协调员：加班文化严重，就业稳定,5.54,4.57,6.38,瑞士,尼日利亚,5.64,5.33,5.5,5.52,6.32,5.55,4.95,5.65,5.24,6.15,6.13,4.86,-0.08,2026-04-13,2026-04-13,2000-2026
医疗与健康,MED,医学影像与检验,心电图技师,Electrocardiograph Technician,3.7,4.4,6.6,7.5,7.6,9.7,7.2,5.4,4.2,6.4,7.7,6.9,3.6,1.7,3.3,5.5,4.8,1.2,3.7,5.6,1.6,3.9,2.9,6.7,4.3,6.5,6.1,5.6,3.8,4.5,1.5,2.7,4.3,3.4,5.46,2,1,general,→,2026-2030,中国心电图技师：薪资水平偏低，AI替代风险较高，加班文化严重,5.68,4.53,6.49,瑞士,孟加拉国,5.72,5.39,5.58,5.73,6.37,6.05,4.8,5.87,5.37,6.36,6.36,4.93,-0.22,2026-04-13,2026-04-13,2000-2026
交通运输与物流,TRA,铁路,地铁运营员,Metro Operations Staff,4.0,3.9,7.1,7.8,7.4,8.7,7.0,7.1,5.9,6.3,9.1,6.9,4.7,2.4,2.8,5.7,5.4,0.9,5.4,5.9,0.0,4.0,1.7,5.7,3.0,4.6,5.5,5.0,3.8,5.6,4.4,1.9,3.6,6.9,5.46,2,2,general,↑,2028-2033,中国地铁运营员：加班文化严重，就业稳定,5.22,3.91,6.51,瑞士,孟加拉国,5.49,4.73,5.37,5.14,6.23,5.35,4.32,5.25,4.6,5.88,6.28,4.38,0.24,2026-04-13,2026-04-13,2000-2026
技术工种与手工业,SKL,汽车维修,汽车空调维修技师,Automotive AC Technician,3.6,2.7,6.3,7.2,6.2,8.4,5.9,6.5,5.6,6.4,5.8,4.9,4.4,1.7,3.8,4.9,5.2,1.6,6.5,5.0,0.4,5.7,2.0,6.9,7.9,1.8,6.3,6.0,6.9,4.8,6.0,7.0,4.2,2.9,5.46,2,2,general,↑,2032-2038,中国汽车空调维修技师：加班文化严重,5.91,4.57,7.34,瑞士,孟加拉国,5.87,5.42,6.05,5.9,6.95,6.22,4.78,5.9,5.38,7.01,7.0,5.07,-0.45,2026-04-13,2026-04-13,2000-2026
教育与学术,EDU,高等教育,大学兼职讲师/客座教授,Adjunct / Visiting Professor,8.6,8.5,4.5,6.4,7.5,6.9,4.2,4.7,5.3,4.3,4.3,9.7,4.9,1.5,2.0,7.0,5.3,2.2,7.1,7.7,7.6,6.9,2.7,6.9,5.1,5.6,7.1,7.1,1.5,8.1,3.1,7.0,7.8,3.4,5.46,2,1,general,→,2032-2038,中国大学兼职讲师/客座教授：加班文化严重,5.3,4.14,6.45,芬兰,巴基斯坦,5.47,4.99,5.27,5.27,6.4,5.62,4.46,5.18,4.8,6.02,6.12,4.43,0.16,2026-04-13,2026-04-13,2000-2026
法律与社会服务,LAW,律师各专业,家庭法律师,Family Lawyer,7.0,7.1,5.3,8.0,6.7,7.5,5.5,3.7,6.8,5.1,5.3,7.4,4.5,3.5,2.8,5.8,5.0,3.0,7.1,7.4,5.3,5.2,2.7,6.7,6.9,5.7,6.8,9.0,1.0,8.6,1.6,3.1,3.6,3.2,5.45,1,0,general,→,2032-2038,中国家庭法律师：加班文化严重,5.61,4.35,6.74,瑞士,孟加拉国,5.75,5.23,5.38,5.46,6.42,5.91,4.8,5.69,5.22,6.38,6.54,4.9,-0.16,2026-04-13,2026-04-13,2000-2026
文化、艺术与传媒,ART,美术/纯艺术,版画家,Printmaker,6.6,5.5,4.7,9.4,4.9,3.0,4.2,5.4,4.9,3.8,2.1,8.2,7.0,2.4,2.3,5.3,4.3,3.9,8.0,6.7,6.0,7.9,3.9,9.7,7.9,5.0,8.2,4.9,3.6,0.7,4.2,6.4,4.7,3.6,5.45,1,-1,general,→,2035+,中国版画家：AI替代抗性强，加班文化严重，就业波动大,5.53,4.28,6.46,瑞士,巴基斯坦,5.57,5.21,5.49,5.34,6.3,5.84,4.64,5.6,5.21,6.18,6.39,4.88,-0.08,2026-04-13,2026-04-13,2000-2026
交通运输与物流,TRA,航空,民航飞行员,Commercial Airline Pilot,9.1,7.6,6.7,6.8,7.6,7.4,7.8,7.3,10.0,7.1,5.5,4.4,5.4,2.1,3.8,5.2,5.4,1.7,6.7,9.6,0.1,5.7,0.0,8.2,2.9,3.2,4.9,6.0,3.7,9.5,7.4,1.8,8.6,5.3,5.45,2,2,general,↑,2032-2038,中国民航飞行员：薪资回报高，人才需求旺盛，加班文化严重,5.44,4.17,6.38,德国,孟加拉国,5.58,5.15,5.39,5.54,6.19,5.74,4.42,5.47,4.91,6.12,6.32,4.63,0.01,2026-04-13,2026-04-13,2000-2026
技术工种与手工业,SKL,机械加工,3D打印技术员,3D Printing Technician / Additive Manufacturing,4.4,3.5,8.2,7.5,7.1,5.9,7.9,5.8,6.4,6.2,6.8,5.9,4.6,2.1,3.0,5.2,4.7,1.3,5.0,4.6,0.8,5.4,3.5,6.4,5.3,2.4,5.8,4.5,4.3,3.3,6.5,3.8,4.3,4.0,5.44,4,5,general,↑↑,2028-2033,中国3D打印技术员：人才需求旺盛，加班文化严重，近年增长迅猛,5.58,4.32,6.87,德国,孟加拉国,5.67,5.2,5.76,5.49,6.51,5.91,4.57,5.6,4.97,6.49,6.59,4.7,-0.14,2026-04-13,2026-04-13,2000-2026
服务业与消费,SVC,平台零工,自由职业者平台接单,Freelancer (Fiverr/Upwork/etc.),4.0,3.8,8.4,4.8,10.0,10.0,6.3,3.1,5.2,3.5,1.3,5.7,4.5,0.5,3.0,8.0,5.4,1.8,5.4,3.2,8.6,6.3,2.2,4.6,7.0,5.0,4.8,4.8,1.8,1.0,6.0,7.8,5.5,2.9,5.44,4,4,general,↑↑,2028-2033,中国自由职业者平台接单：远程友好度高，加班文化严重，就业波动大,5.55,4.51,6.56,澳大利亚,孟加拉国,5.52,5.33,5.49,5.5,6.29,5.86,4.76,5.54,5.17,6.33,6.3,4.9,-0.11,2026-04-13,2026-04-13,2000-2026
交通运输与物流,TRA,航空,航空地勤,Airport Ground Crew,2.4,2.6,7.3,5.6,7.4,7.4,7.7,8.3,3.7,7.6,5.7,5.9,4.7,1.1,3.3,5.2,5.0,1.6,4.8,4.8,0.7,6.0,1.5,7.9,3.6,3.3,4.5,6.3,7.9,2.3,7.1,2.2,7.9,4.5,5.44,2,2,general,↑,2028-2033,中国航空地勤：薪资水平偏低，人才需求旺盛，加班文化严重,5.42,4.2,6.62,荷兰,孟加拉国,5.54,5.13,5.27,5.45,6.24,5.79,4.47,5.36,4.9,6.2,6.37,4.58,0.02,2026-04-13,2026-04-13,2000-2026
文化、艺术与传媒,ART,影视制作,美术指导(影视),Production Designer,5.6,5.0,6.6,6.0,7.0,7.7,5.7,6.2,7.1,4.8,4.0,6.2,6.0,0.0,4.3,6.1,5.5,2.8,6.9,6.8,3.9,5.5,1.2,8.3,5.9,4.2,4.8,7.0,4.0,2.3,6.8,5.3,5.3,5.5,5.44,3,1,general,→,2032-2038,中国美术指导(影视)：加班文化严重，就业波动大,5.5,4.5,6.39,德国,孟加拉国,5.5,5.13,5.47,5.38,6.15,5.86,4.8,5.56,5.16,6.09,6.33,4.94,-0.06,2026-04-13,2026-04-13,2000-2026
技术工种与手工业,SKL,传统手工艺,皮革工匠,Leather Worker / Saddler,5.2,3.0,4.1,8.2,4.1,5.2,4.9,5.5,5.2,4.4,4.8,6.0,4.9,2.2,5.1,4.5,3.7,1.8,9.1,5.5,0.8,7.2,3.4,7.7,8.4,3.8,7.7,5.0,4.4,1.8,4.9,6.8,2.7,2.5,5.44,0,0,general,→,2035+,中国皮革工匠：AI替代抗性强，加班文化严重,5.92,4.76,7.24,瑞士,孟加拉国,5.88,5.54,6.01,5.81,6.89,6.23,4.94,6.06,5.36,6.84,6.95,5.11,-0.48,2026-04-13,2026-04-13,2000-2026
技术工种与手工业,SKL,焊接,管道焊工,Pipe Welder,4.3,3.0,7.0,6.8,6.8,8.5,8.4,7.6,8.1,5.9,5.3,2.7,3.2,2.1,2.8,5.5,5.2,1.5,7.2,4.2,0.2,4.5,2.9,6.5,5.7,1.9,5.1,5.1,7.8,5.9,6.6,4.9,4.9,3.3,5.44,2,2,general,↑,2032-2038,中国管道焊工：薪资回报高，人才需求旺盛，加班文化严重,5.75,4.54,6.85,瑞士,尼日利亚,5.81,5.36,5.89,5.71,6.71,6.06,4.79,5.79,5.22,6.68,6.63,4.9,-0.31,2026-04-13,2026-04-13,2000-2026
农业、资源与环境,AGR,环保,空气质量分析师,Air Quality Analyst,6.3,5.7,6.3,7.5,6.1,5.3,5.6,7.2,6.3,6.6,5.0,6.5,4.6,2.8,3.5,6.1,5.0,1.3,5.6,6.0,3.0,5.5,4.2,7.3,5.0,4.6,5.2,6.1,3.3,5.6,4.7,3.0,4.6,3.9,5.44,3,4,general,↑↑,2028-2033,中国空气质量分析师：加班文化严重，近年增长迅猛,5.83,4.4,7.12,丹麦,尼日利亚,5.88,5.32,5.9,5.84,7.04,6.07,4.67,6.0,5.33,6.7,6.84,4.89,-0.39,2026-04-13,2026-04-13,2000-2026
文化、艺术与传媒,ART,音乐产业,歌手,Singer / Vocalist,6.4,5.3,5.7,5.5,7.0,7.0,5.6,6.2,7.1,4.1,1.6,6.7,6.0,0.9,4.4,6.7,5.1,3.8,7.2,8.0,4.4,6.8,1.3,9.4,6.6,3.6,5.5,7.0,3.5,2.1,6.9,5.6,6.1,3.8,5.44,2,0,general,→,2032-2038,中国歌手：加班文化严重，就业波动大,5.48,4.29,6.37,荷兰,孟加拉国,5.55,5.19,5.45,5.37,6.1,5.9,4.64,5.54,5.11,6.06,6.26,4.9,-0.04,2026-04-13,2026-04-13,2000-2026
技术工种与手工业,SKL,汽车维修,轮胎技师,Tire Technician,1.7,1.2,5.7,6.6,5.9,7.4,5.5,5.9,4.5,6.9,6.5,4.7,3.6,1.9,4.1,4.7,4.2,1.6,7.1,2.9,0.0,5.9,3.2,7.1,7.9,2.7,6.3,6.2,7.3,3.9,5.9,6.9,4.0,3.0,5.44,2,2,general,↑,2032-2038,中国轮胎技师：薪资水平偏低，加班文化严重,5.9,4.58,7.3,瑞士,孟加拉国,5.92,5.42,5.99,5.93,6.92,6.22,4.72,5.91,5.35,6.99,6.92,5.09,-0.46,2026-04-13,2026-04-13,2000-2026
服务业与消费,SVC,婚庆活动,婚礼花艺师,Wedding Florist,3.6,3.3,6.3,6.7,6.5,7.0,5.5,5.0,4.5,5.1,3.3,6.7,6.5,0.0,3.7,6.2,5.3,2.2,8.4,5.1,1.4,6.2,1.9,7.8,7.9,5.8,5.5,8.5,4.7,1.7,7.7,4.7,3.5,3.8,5.44,2,2,general,↑,2035+,中国婚礼花艺师：薪资水平偏低，AI替代抗性强，加班文化严重,5.65,4.57,6.54,澳大利亚,巴基斯坦,5.66,5.44,5.59,5.64,6.41,5.84,4.82,5.72,5.27,6.39,6.32,5.0,-0.21,2026-04-13,2026-04-13,2000-2026
服务业与消费,SVC,餐饮,行政总厨,Executive Chef,7.1,3.2,5.3,7.4,6.0,7.4,6.4,5.0,7.3,4.6,5.3,5.4,4.9,0.0,3.9,6.3,5.6,2.8,7.0,7.3,1.5,7.2,2.0,6.7,8.7,5.4,5.7,7.3,7.3,2.7,5.6,5.2,4.0,4.2,5.44,2,2,general,↑,2032-2038,中国行政总厨：加班文化严重,5.68,4.56,6.59,丹麦,孟加拉国,5.64,5.44,5.69,5.7,6.44,5.95,4.79,5.68,5.28,6.37,6.43,5.08,-0.24,2026-04-13,2026-04-13,2000-2026
教育与学术,EDU,职业培训,驾校教练,Driving Instructor,2.3,2.6,3.0,7.8,7.6,9.0,5.0,4.4,4.0,5.3,8.8,6.5,3.2,2.7,3.8,2.2,4.2,1.4,7.4,4.1,2.2,6.6,3.5,5.2,7.0,4.4,6.6,7.5,3.9,5.0,2.6,6.4,1.1,2.4,5.44,0,-1,general,→,2032-2038,中国驾校教练：薪资水平偏低，加班文化严重，就业稳定,5.17,3.65,6.36,瑞典,巴基斯坦,5.25,4.86,5.18,5.19,6.16,5.44,4.24,5.28,4.66,5.88,5.99,4.35,0.27,2026-04-13,2026-04-13,2000-2026
文化、艺术与传媒,ART,影视制作,特技演员,Stunt Performer,5.9,5.3,6.2,3.5,7.2,7.9,6.3,6.5,6.7,5.0,3.8,3.7,4.8,1.1,4.4,6.2,5.7,2.8,9.4,6.1,3.7,6.4,1.4,8.3,6.8,4.3,4.4,6.6,9.0,2.0,6.7,5.3,5.5,4.9,5.44,3,1,general,→,2035+,中国特技演员：AI替代抗性强，加班文化严重，就业波动大,5.34,4.25,6.28,德国,巴基斯坦,5.44,4.97,5.33,5.17,5.91,5.8,4.58,5.4,4.99,5.97,6.17,4.75,0.1,2026-04-13,2026-04-13,2000-2026
文化、艺术与传媒,ART,音乐产业,乐器调律师,Piano/Instrument Tuner,5.3,5.4,6.1,9.4,6.3,5.2,6.0,6.1,4.6,4.3,2.1,7.2,5.7,0.4,4.0,6.6,5.6,3.7,8.4,6.3,3.5,6.2,0.9,8.5,7.6,4.9,5.5,7.2,3.2,1.7,6.1,5.4,5.3,4.4,5.44,2,0,general,→,2035+,中国乐器调律师：AI替代抗性强，加班文化严重，就业波动大,5.57,4.49,6.5,德国,巴基斯坦,5.64,5.28,5.56,5.45,6.23,5.94,4.78,5.61,5.21,6.17,6.36,4.97,-0.13,2026-04-13,2026-04-13,2000-2026
公共管理与公务员,GOV,中央/联邦公务员,中央政府公务员,Central Government Civil Servant,6.6,7.6,5.0,9.5,5.3,7.2,4.5,4.0,4.9,6.0,10.0,9.2,7.2,5.3,4.8,6.0,4.1,2.7,6.6,9.9,2.7,3.6,4.4,6.6,1.6,5.0,7.2,6.7,1.0,9.2,0.7,1.5,2.8,7.6,5.43,0,1,general,→,2032-2038,中国中央政府公务员：就业稳定,5.37,4.48,6.17,丹麦,尼日利亚,5.47,5.18,5.35,5.28,6.09,5.44,4.81,5.58,5.06,5.92,5.89,4.72,0.06,2026-04-13,2026-04-13,2000-2026
服务业与消费,SVC,酒店旅游,酒店总经理,Hotel General Manager,4.6,6.1,4.9,8.3,5.9,7.0,5.5,5.1,6.9,4.0,6.5,6.2,5.9,0.4,3.8,6.5,5.1,2.2,6.7,7.6,1.0,7.0,0.9,6.3,7.5,5.3,4.7,8.3,5.0,2.3,8.1,4.1,7.1,4.4,5.43,2,2,general,↑,2032-2038,中国酒店总经理：加班文化严重,5.88,4.76,6.78,瑞士,孟加拉国,5.8,5.62,5.92,5.87,6.66,6.15,4.97,5.96,5.53,6.6,6.59,5.31,-0.45,2026-04-13,2026-04-13,2000-2026
技术工种与手工业,SKL,焊接,铝焊工,Aluminum Welder,5.1,3.0,7.2,6.4,7.6,6.0,7.5,6.3,7.2,5.9,6.3,3.2,2.9,2.2,4.0,5.7,5.2,1.2,7.0,4.8,0.7,5.5,1.9,6.4,5.0,1.0,5.7,5.5,8.2,5.2,6.0,4.9,5.7,2.7,5.43,2,2,general,↑,2032-2038,中国铝焊工：人才需求旺盛，加班文化严重,5.62,4.38,6.92,瑞士,尼日利亚,5.65,5.23,5.83,5.56,6.6,5.97,4.6,5.6,5.06,6.6,6.59,4.71,-0.19,2026-04-13,2026-04-13,2000-2026
文化、艺术与传媒,ART,会展,舞台搭建工,Stagehand / Set Builder,3.4,3.1,5.5,7.3,6.5,6.4,5.7,6.6,4.3,5.8,4.5,5.9,5.7,1.3,3.5,6.2,6.0,1.9,6.5,3.4,3.6,5.9,2.7,6.5,6.4,4.5,5.9,7.1,7.8,2.3,6.8,5.3,5.4,3.9,5.43,3,1,general,→,2032-2038,中国舞台搭建工：薪资水平偏低，加班文化严重,5.68,4.61,6.7,荷兰,孟加拉国,5.7,5.32,5.64,5.52,6.37,6.02,4.92,5.79,5.32,6.39,6.53,5.0,-0.25,2026-04-13,2026-04-13,2000-2026
服务业与消费,SVC,美容养生,普拉提教练,Pilates Instructor,4.9,3.8,7.2,6.8,7.3,5.9,6.4,5.1,5.7,4.7,4.3,6.7,5.4,0.9,3.6,5.3,5.8,1.9,7.4,4.9,0.5,5.0,1.9,6.8,8.5,6.1,5.4,7.5,5.0,3.4,5.4,5.7,3.3,3.0,5.43,3,3,general,↑,2032-2038,中国普拉提教练：加班文化严重,5.76,4.6,6.83,瑞士,孟加拉国,5.81,5.51,5.74,5.81,6.56,5.95,4.85,5.76,5.36,6.5,6.54,5.03,-0.33,2026-04-13,2026-04-13,2000-2026
文化、艺术与传媒,ART,美术/纯艺术,画家/油画家,Painter / Fine Artist,6.4,5.3,4.5,9.8,4.2,4.0,4.6,5.2,4.2,3.1,2.7,7.7,6.7,3.2,3.0,6.3,4.1,4.1,7.8,5.9,6.0,9.2,2.5,9.9,8.0,4.4,7.4,4.9,3.0,1.3,3.4,6.0,4.6,3.2,5.42,1,-1,general,→,2035+,中国画家/油画家：薪资水平偏低，AI替代抗性强，加班文化严重,5.56,4.42,6.51,德国,孟加拉国,5.59,5.18,5.54,5.46,6.36,5.9,4.69,5.7,5.15,6.24,6.4,4.97,-0.14,2026-04-13,2026-04-13,2000-2026
服务业与消费,SVC,酒店旅游,民宿经营者,B&B / Guesthouse Operator,4.5,4.3,7.4,7.1,5.9,6.8,5.5,5.5,4.4,4.7,4.1,6.4,6.2,0.7,3.8,6.8,6.1,2.2,7.0,5.5,1.6,7.7,1.6,5.6,9.5,4.4,5.7,8.2,4.7,2.3,8.3,4.7,5.1,4.2,5.42,2,3,general,↑,2032-2038,中国民宿经营者：薪资水平偏低，加班文化严重,5.68,4.45,6.64,瑞士,孟加拉国,5.6,5.4,5.69,5.72,6.41,5.95,4.76,5.79,5.37,6.46,6.39,5.09,-0.26,2026-04-13,2026-04-13,2000-2026
服务业与消费,SVC,美容养生,美容顾问,Beauty Consultant / Advisor,4.5,3.5,6.9,7.1,7.5,7.2,6.4,5.6,4.0,5.4,3.9,7.2,4.7,0.9,3.7,5.6,4.8,2.0,7.0,5.5,1.0,5.3,2.5,6.9,7.1,5.1,5.6,8.0,6.8,3.1,5.0,6.7,3.1,3.2,5.42,3,3,general,↑,2032-2038,中国美容顾问：薪资水平偏低，加班文化严重，就业波动大,5.69,4.6,6.79,瑞士,巴基斯坦,5.74,5.46,5.63,5.67,6.54,5.83,4.79,5.77,5.3,6.48,6.49,4.96,-0.27,2026-04-13,2026-04-13,2000-2026
服务业与消费,SVC,零售,二手店/古着店经营者,Secondhand / Vintage Shop Owner,2.8,3.1,6.8,6.3,7.4,10.0,5.7,4.2,5.1,4.4,4.0,7.5,6.5,0.7,4.1,6.1,6.1,1.5,5.1,3.8,1.3,8.2,1.2,6.9,8.7,5.3,5.5,7.8,4.5,1.8,6.6,4.8,2.2,4.5,5.42,0,2,general,↑,2028-2033,中国二手店/古着店经营者：加班文化严重，就业波动大,5.55,4.5,6.52,瑞士,尼日利亚,5.6,5.24,5.5,5.55,6.25,5.85,4.75,5.67,5.18,6.3,6.32,4.82,-0.13,2026-04-13,2026-04-13,2000-2026
医疗与健康,MED,医学影像与检验,医学检验技师,Medical Laboratory Technologist,5.5,5.9,6.8,7.6,7.6,10.0,6.6,5.6,5.8,5.7,8.3,7.9,4.0,1.2,2.6,4.8,4.9,0.8,4.5,6.0,0.9,4.1,2.9,5.7,3.9,5.3,6.3,5.2,3.6,5.3,1.2,2.9,4.3,3.6,5.42,2,2,general,↑,2028-2033,中国医学检验技师：加班文化严重，就业稳定,5.65,4.55,6.61,瑞士,孟加拉国,5.67,5.37,5.51,5.71,6.36,6.01,4.82,5.79,5.31,6.3,6.38,4.89,-0.23,2026-04-13,2026-04-13,2000-2026
法律与社会服务,LAW,社会工作,社会政策分析师,Social Policy Analyst,6.7,7.1,4.7,8.1,3.3,2.8,4.6,4.7,5.4,4.6,5.0,9.5,6.2,3.9,4.8,7.1,5.8,1.5,6.4,6.5,5.9,5.4,2.9,7.4,4.3,6.0,5.8,7.3,0.5,6.6,2.4,3.7,5.7,4.9,5.42,2,1,general,→,2032-2038,中国社会政策分析师：发展平稳,5.94,5.07,7.0,丹麦,巴基斯坦,5.8,5.6,5.87,5.62,6.94,6.18,5.29,6.04,5.63,6.72,6.76,5.34,-0.52,2026-04-13,2026-04-13,2000-2026
文化、艺术与传媒,ART,音乐产业,录音工程师,Recording Engineer,6.6,5.0,6.1,6.8,6.0,7.2,5.2,6.4,7.0,4.9,3.1,6.7,5.5,1.4,3.3,7.0,5.0,3.6,6.8,6.9,3.6,6.9,0.9,8.6,6.1,4.8,5.5,6.6,2.3,2.3,6.7,6.5,5.1,4.6,5.42,2,0,general,→,2032-2038,中国录音工程师：加班文化严重，就业波动大,5.46,4.23,6.36,荷兰,巴基斯坦,5.46,5.14,5.45,5.31,6.12,5.89,4.6,5.51,5.17,6.09,6.27,4.88,-0.04,2026-04-13,2026-04-13,2000-2026
公共管理与公务员,GOV,中央/联邦公务员,外交官,Diplomat,7.9,8.9,4.8,9.0,3.9,4.6,5.6,5.2,7.3,6.2,10.0,7.1,5.5,2.2,4.6,6.1,5.0,2.2,7.6,10.0,1.3,4.4,1.8,7.8,0.6,4.3,5.4,8.7,1.2,9.6,0.7,0.8,8.8,8.9,5.42,0,1,general,→,2035+,中国外交官：AI替代抗性强，加班文化严重，就业稳定,5.48,4.67,6.22,丹麦,尼日利亚,5.59,5.28,5.37,5.45,6.18,5.5,4.95,5.64,5.2,5.94,5.98,4.88,-0.06,2026-04-13,2026-04-13,2000-2026
文化、艺术与传媒,ART,美术/纯艺术,数字艺术家/AI艺术家,Digital / AI Artist,6.3,5.3,7.3,9.1,4.6,4.8,4.4,5.4,5.6,3.5,2.3,8.2,7.0,2.1,2.1,5.3,4.5,3.8,3.9,6.5,7.3,8.2,3.0,9.5,7.6,5.6,8.0,5.3,3.8,0.8,3.6,6.8,4.9,3.8,5.41,1,2,general,↑,2026-2030,中国数字艺术家/AI艺术家：AI替代风险较高，加班文化严重，就业波动大,5.54,4.38,6.54,澳大利亚,孟加拉国,5.6,5.18,5.48,5.45,6.23,5.87,4.67,5.71,5.15,6.3,6.4,4.88,-0.13,2026-04-13,2026-04-13,2000-2026
技术工种与手工业,SKL,传统手工艺,鞋匠/制鞋师,Cobbler / Shoemaker,5.2,2.9,4.3,8.5,4.5,5.6,3.9,5.2,3.5,5.4,5.3,5.4,5.1,1.9,4.8,4.5,3.7,2.1,9.0,5.6,1.7,7.1,3.7,7.9,7.0,4.4,7.2,5.0,4.2,2.1,4.3,7.4,3.7,2.5,5.41,0,0,general,→,2035+,中国鞋匠/制鞋师：薪资水平偏低，供过于求，AI替代抗性强,5.82,4.73,7.35,瑞士,巴基斯坦,5.77,5.35,5.85,5.76,6.78,6.07,4.92,6.0,5.3,6.72,6.89,4.97,-0.41,2026-04-13,2026-04-13,2000-2026
文化、艺术与传媒,ART,音乐产业,音乐编曲师,Music Arranger,5.8,4.8,5.7,6.4,6.4,7.0,5.0,5.6,5.8,5.1,3.0,6.9,6.0,1.4,2.8,6.2,4.8,3.3,5.6,6.8,5.9,7.5,1.9,8.8,7.0,5.4,5.7,7.1,3.9,2.1,6.3,5.7,5.5,4.8,5.4,2,0,general,→,2028-2033,中国音乐编曲师：加班文化严重，就业波动大,5.48,4.37,6.39,法国,巴基斯坦,5.55,5.2,5.47,5.31,6.2,5.84,4.66,5.48,5.16,6.09,6.28,4.84,-0.08,2026-04-13,2026-04-13,2000-2026
医疗与健康,MED,兽医学,大动物/农场兽医,Large Animal / Farm Veterinarian,7.8,7.2,6.0,7.8,7.6,6.4,6.9,6.3,5.8,5.6,7.5,5.7,3.1,1.5,1.3,4.5,4.0,1.4,8.1,6.4,1.4,5.3,2.2,7.9,8.3,7.1,5.8,6.2,8.1,7.6,2.2,4.1,3.9,3.2,5.4,3,2,general,↑,2035+,中国大动物/农场兽医：AI替代抗性强，加班文化严重，就业稳定,5.71,4.62,6.58,瑞士,孟加拉国,5.72,5.46,5.63,5.78,6.5,6.01,4.88,5.9,5.37,6.24,6.41,4.95,-0.31,2026-04-13,2026-04-13,2000-2026
文化、艺术与传媒,ART,出版写作,诗人,Poet,5.1,4.7,4.9,8.3,6.0,2.8,4.3,5.0,3.9,4.8,0.9,7.9,6.7,2.2,2.0,7.2,6.2,4.1,4.6,6.4,6.5,9.5,4.7,9.5,7.1,5.2,6.2,5.5,1.7,1.3,4.9,7.0,5.9,3.4,5.4,1,-1,general,→,2028-2033,中国诗人：薪资水平偏低，加班文化严重，就业波动大,5.53,4.56,6.43,英国,巴基斯坦,5.58,5.18,5.47,5.39,6.18,5.96,4.78,5.66,5.12,6.15,6.31,4.92,-0.13,2026-04-13,2026-04-13,2000-2026
法律与社会服务,LAW,宗教,基督教牧师,Christian Pastor / Minister,5.2,5.1,3.7,8.4,4.1,5.6,4.0,3.5,4.2,4.7,6.1,8.2,5.2,1.7,2.2,6.4,4.3,3.0,9.4,6.0,3.3,6.9,2.7,8.6,4.6,4.9,7.5,9.6,1.5,5.5,1.8,3.7,5.4,3.4,5.4,0,0,general,→,2035+,中国基督教牧师：薪资水平偏低，供过于求，AI替代抗性强,5.81,4.99,6.53,荷兰,巴基斯坦,5.8,5.63,5.74,5.58,6.38,6.01,5.28,5.87,5.54,6.46,6.4,5.41,-0.41,2026-04-13,2026-04-13,2000-2026
技术工种与手工业,SKL,汽车维修,汽车改装技师,Automotive Customization Technician,4.3,2.6,5.6,7.2,5.8,5.4,5.5,5.8,6.3,6.2,5.4,4.7,3.6,1.4,3.6,5.1,4.8,1.6,7.7,5.0,0.8,5.5,2.4,7.5,7.8,2.1,6.1,7.0,7.0,4.3,5.0,6.4,3.6,2.6,5.4,2,2,general,↑,2035+,中国汽车改装技师：AI替代抗性强，加班文化严重,6.0,4.84,7.26,瑞士,巴基斯坦,5.99,5.58,6.07,5.94,7.0,6.36,4.93,6.03,5.42,7.12,7.05,5.16,-0.6,2026-04-13,2026-04-13,2000-2026
文化、艺术与传媒,ART,影视制作,化妆师(影视),Film/TV Makeup Artist,5.5,5.3,7.0,6.1,6.6,7.3,5.5,6.3,6.4,4.9,3.3,6.2,5.0,1.4,4.0,7.0,5.6,3.2,7.2,6.3,3.1,6.5,1.0,7.7,6.0,5.3,4.6,6.8,3.3,2.5,7.6,5.5,5.8,5.5,5.4,3,1,general,→,2032-2038,中国化妆师(影视)：加班文化严重，就业波动大,5.46,4.4,6.39,德国,巴基斯坦,5.5,5.12,5.48,5.29,6.0,5.86,4.7,5.53,5.14,6.07,6.28,4.86,-0.06,2026-04-13,2026-04-13,2000-2026
交通运输与物流,TRA,物流管理,叉车操作员,Forklift Operator,2.0,1.6,7.2,5.9,7.4,8.5,6.1,6.4,4.7,7.1,6.4,5.9,4.4,1.2,4.3,5.8,5.0,1.5,4.5,3.1,3.1,4.6,3.5,4.9,5.6,3.6,5.3,5.6,6.5,3.6,6.4,2.9,4.4,3.2,5.4,3,3,general,↑,2026-2030,中国叉车操作员：加班文化严重,5.51,4.1,6.66,荷兰,孟加拉国,5.65,5.2,5.56,5.51,6.5,5.84,4.32,5.56,4.93,6.3,6.46,4.58,-0.11,2026-04-13,2026-04-13,2000-2026
服务业与消费,SVC,休闲娱乐,潜水教练,Scuba Diving Instructor,5.6,3.5,6.0,7.4,6.7,6.9,5.9,4.7,5.5,4.9,4.3,4.7,5.0,1.2,2.8,5.7,4.8,1.5,9.4,4.4,1.7,6.1,2.0,8.5,6.8,4.3,4.9,7.5,7.9,4.9,6.9,5.1,6.1,3.7,5.39,2,3,general,↑,2035+,中国潜水教练：AI替代抗性强，加班文化严重,5.56,4.45,6.48,瑞士,孟加拉国,5.6,5.31,5.5,5.61,6.3,5.78,4.67,5.62,5.2,6.3,6.28,4.88,-0.17,2026-04-13,2026-04-13,2000-2026
公共管理与公务员,GOV,地方公务员,规划审批官员,Planning & Zoning Officer,5.2,6.5,5.1,8.7,5.6,6.7,5.2,4.5,6.6,5.8,9.4,10.0,6.7,4.8,3.6,5.5,4.5,2.4,5.6,7.6,2.2,4.1,3.9,5.8,2.2,5.6,7.0,6.2,2.4,8.7,2.1,1.9,3.2,7.4,5.39,0,1,general,→,2028-2033,中国规划审批官员：就业稳定,5.36,4.5,6.17,丹麦,尼日利亚,5.5,5.14,5.29,5.33,6.04,5.35,4.85,5.52,5.02,5.88,5.98,4.7,0.03,2026-04-13,2026-04-13,2000-2026
文化、艺术与传媒,ART,美术/纯艺术,艺术评论家,Art Critic,7.0,7.4,4.5,9.0,4.6,3.7,3.6,5.4,5.0,4.3,2.8,7.7,7.0,3.4,3.0,5.7,4.7,4.1,7.6,6.6,7.6,8.5,3.8,8.6,7.6,5.1,7.4,4.8,3.3,1.1,4.4,6.2,4.1,3.5,5.39,1,-1,general,→,2035+,中国艺术评论家：供过于求，AI替代抗性强，加班文化严重,5.5,4.35,6.44,荷兰,孟加拉国,5.5,5.14,5.52,5.39,6.19,5.82,4.69,5.63,5.12,6.16,6.34,4.86,-0.11,2026-04-13,2026-04-13,2000-2026
文化、艺术与传媒,ART,影视制作,收音师,Production Sound Mixer,5.3,5.0,6.6,6.1,6.5,6.7,5.9,6.9,6.9,5.8,4.0,6.2,4.9,1.4,4.3,6.7,5.5,2.9,6.7,6.1,0.6,5.4,1.0,7.8,5.8,4.7,5.0,6.8,3.4,2.1,7.4,5.5,5.7,5.3,5.39,3,1,general,→,2032-2038,中国收音师：加班文化严重，就业波动大,5.4,4.37,6.29,美国,巴基斯坦,5.44,5.06,5.35,5.28,6.05,5.8,4.67,5.52,5.09,5.96,6.17,4.75,-0.01,2026-04-13,2026-04-13,2000-2026
文化、艺术与传媒,ART,影视制作,外景制片,Location Manager,5.8,5.3,6.8,6.3,6.9,7.3,5.3,6.5,6.2,5.0,3.3,5.9,5.0,0.4,3.5,5.9,5.5,2.8,7.0,7.1,2.3,6.5,1.6,8.3,6.6,5.4,5.4,7.2,4.7,1.8,6.8,5.3,4.9,4.5,5.39,3,1,general,→,2032-2038,中国外景制片：加班文化严重，就业波动大,5.35,4.35,6.3,荷兰,孟加拉国,5.42,5.0,5.24,5.22,5.94,5.77,4.61,5.44,4.99,5.97,6.15,4.77,0.04,2026-04-13,2026-04-13,2000-2026
服务业与消费,SVC,休闲娱乐,密室逃脱设计师,Escape Room Designer,5.3,4.1,8.2,7.1,7.3,6.6,6.1,4.4,5.0,5.4,4.1,5.5,5.0,0.4,3.1,5.5,5.0,1.5,7.1,4.8,2.5,5.0,2.2,8.4,9.3,5.6,5.1,7.7,6.5,3.0,6.7,4.7,2.9,3.3,5.38,2,4,general,↑↑,2032-2038,中国密室逃脱设计师：加班文化严重，近年增长迅猛,5.63,4.44,6.63,瑞士,孟加拉国,5.61,5.38,5.62,5.58,6.35,5.91,4.73,5.72,5.29,6.36,6.41,4.94,-0.25,2026-04-13,2026-04-13,2000-2026
文化、艺术与传媒,ART,影视制作,综艺编导,Variety Show Director,5.3,4.8,7.0,5.7,7.1,7.1,5.3,7.1,5.8,5.1,4.1,5.9,5.5,0.4,4.8,6.4,5.3,3.4,6.6,6.4,3.7,6.6,0.7,8.2,5.7,4.5,5.0,7.3,4.3,2.0,7.4,4.7,5.0,4.9,5.38,3,1,general,→,2032-2038,中国综艺编导：加班文化严重,5.46,4.33,6.36,美国,孟加拉国,5.51,5.11,5.42,5.34,6.11,5.85,4.65,5.55,5.12,6.1,6.24,4.89,-0.08,2026-04-13,2026-04-13,2000-2026
文化、艺术与传媒,ART,美术/纯艺术,壁画师,Muralist,5.8,6.0,4.3,9.0,4.3,4.4,4.6,5.0,4.8,4.1,2.0,8.2,7.0,2.1,2.8,5.8,4.1,3.9,8.2,6.9,4.7,9.0,3.0,9.3,7.8,4.2,7.8,4.7,5.2,1.4,3.8,6.6,4.8,3.8,5.38,1,-1,general,→,2035+,中国壁画师：AI替代抗性强，加班文化严重，就业波动大,5.54,4.43,6.5,瑞士,巴基斯坦,5.58,5.16,5.57,5.4,6.29,5.86,4.71,5.66,5.2,6.18,6.41,4.88,-0.16,2026-04-13,2026-04-13,2000-2026
文化、艺术与传媒,ART,舞台表演,戏剧导演,Theatre Director,5.8,4.2,6.0,8.3,6.5,6.4,5.3,6.0,6.2,4.5,2.8,5.7,5.0,1.4,4.3,6.1,4.4,3.6,8.0,8.1,2.1,8.0,1.1,9.2,5.4,4.2,3.4,8.0,6.0,2.0,6.3,4.8,4.1,4.0,5.38,1,-1,general,→,2035+,中国戏剧导演：AI替代抗性强，加班文化严重，就业波动大,5.27,4.1,6.21,德国,孟加拉国,5.36,4.94,5.23,5.06,5.93,5.66,4.5,5.31,4.87,5.9,6.09,4.7,0.11,2026-04-13,2026-04-13,2000-2026
交通运输与物流,TRA,航空,直升机飞行员,Helicopter Pilot,7.9,6.8,6.9,7.4,8.2,6.8,7.4,7.7,8.4,7.1,6.0,4.2,4.2,1.6,3.4,5.3,5.2,1.5,7.2,7.6,1.0,5.5,1.7,7.8,3.5,2.0,4.1,6.0,4.6,9.4,6.8,1.0,6.8,4.7,5.38,2,2,general,↑,2032-2038,中国直升机飞行员：薪资回报高，加班文化严重,5.44,4.08,6.51,德国,孟加拉国,5.58,5.13,5.42,5.58,6.22,5.77,4.39,5.49,4.89,6.22,6.34,4.56,-0.06,2026-04-13,2026-04-13,2000-2026
交通运输与物流,TRA,铁路,高铁技术工程师,High-Speed Rail Engineer,7.3,7.4,7.8,7.5,7.6,8.9,8.0,6.5,7.4,6.1,8.8,6.2,4.7,1.1,2.8,5.1,4.8,1.2,6.4,7.5,0.8,3.2,2.0,5.5,2.8,4.0,5.5,5.1,3.3,5.3,4.7,2.5,4.0,7.0,5.37,2,4,general,↑↑,2032-2038,中国高铁技术工程师：人才需求旺盛，加班文化严重，就业稳定,5.42,4.09,6.59,瑞士,孟加拉国,5.62,4.98,5.65,5.35,6.4,5.62,4.49,5.6,4.76,6.06,6.4,4.52,-0.05,2026-04-13,2026-04-13,2000-2026
法律与社会服务,LAW,律师各专业,刑事辩护律师,Criminal Defense Lawyer,7.3,7.9,5.2,8.1,6.9,6.7,5.5,4.7,6.4,5.8,4.8,6.9,3.5,1.4,2.1,6.0,5.9,3.0,7.9,7.8,3.2,6.6,2.2,7.3,7.6,5.4,6.8,8.1,0.7,9.3,2.4,3.1,4.1,3.3,5.37,1,0,general,→,2035+,中国刑事辩护律师：AI替代抗性强，加班文化严重,5.59,4.38,6.64,瑞士,孟加拉国,5.66,5.25,5.51,5.47,6.36,5.89,4.76,5.61,5.21,6.36,6.49,4.88,-0.22,2026-04-13,2026-04-13,2000-2026
法律与社会服务,LAW,法律助理/律师助理,律师助理,Paralegal,4.6,4.4,5.6,7.1,6.8,7.3,5.6,3.8,5.8,5.8,5.3,9.2,4.7,2.7,2.7,5.4,5.6,2.0,4.4,4.8,6.8,3.7,3.7,4.5,3.5,5.7,5.9,6.7,0.3,4.0,3.7,4.1,4.7,3.5,5.37,2,0,general,→,2026-2030,中国律师助理：加班文化严重,5.63,4.58,6.61,英国,孟加拉国,5.7,5.26,5.52,5.55,6.32,5.86,4.87,5.71,5.26,6.37,6.51,4.98,-0.26,2026-04-13,2026-04-13,2000-2026
医疗与健康,MED,医学影像与检验,病理技师,Histotechnologist,5.9,5.8,6.4,7.6,8.6,9.6,7.2,5.8,4.1,5.6,7.7,7.1,3.3,0.8,2.3,4.9,4.8,0.7,4.5,5.6,2.7,3.7,3.1,6.2,3.7,5.0,6.6,5.3,3.5,6.0,1.2,3.2,5.1,3.0,5.36,2,2,general,↑,2028-2033,中国病理技师：薪资水平偏低，加班文化严重，就业稳定,5.63,4.62,6.52,瑞典,孟加拉国,5.64,5.34,5.59,5.62,6.39,5.98,4.83,5.65,5.28,6.26,6.34,4.95,-0.27,2026-04-13,2026-04-13,2000-2026
医疗与健康,MED,医学影像与检验,核医学技师,Nuclear Medicine Technologist,6.1,5.3,6.8,7.3,8.3,9.2,6.9,5.8,5.6,6.3,7.5,5.9,2.6,1.5,3.3,4.5,4.6,1.2,4.9,6.0,2.0,3.6,2.4,5.7,3.1,5.3,6.7,5.9,3.4,5.5,1.5,3.3,4.8,4.0,5.36,2,2,general,↑,2028-2033,中国核医学技师：加班文化严重，就业稳定,5.67,4.59,6.58,瑞士,孟加拉国,5.59,5.46,5.48,5.75,6.36,5.98,4.85,5.88,5.35,6.34,6.33,4.99,-0.31,2026-04-13,2026-04-13,2000-2026
文化、艺术与传媒,ART,影视制作,服装设计师(影视),Costume Designer,5.5,5.3,6.4,5.8,6.5,5.8,5.5,6.3,6.9,6.1,2.9,6.2,5.0,0.9,3.0,6.4,5.3,3.4,7.9,6.7,2.8,5.4,0.5,8.4,6.3,5.1,5.0,6.6,4.3,1.5,7.2,5.1,5.9,4.5,5.36,3,1,general,→,2035+,中国服装设计师(影视)：AI替代抗性强，加班文化严重，就业波动大,5.45,4.41,6.38,荷兰,孟加拉国,5.54,5.16,5.35,5.32,6.09,5.85,4.66,5.46,5.1,6.07,6.27,4.81,-0.09,2026-04-13,2026-04-13,2000-2026
农业、资源与环境,AGR,环保,废物管理专员,Waste Management Specialist,5.8,6.3,6.2,7.6,6.5,5.4,6.0,7.6,5.0,5.9,5.5,5.3,5.6,3.1,3.0,6.1,5.5,1.4,5.8,6.4,1.3,5.0,3.5,6.9,5.3,5.8,5.6,5.9,5.5,5.4,5.1,3.4,4.9,3.5,5.36,3,4,general,↑↑,2028-2033,中国废物管理专员：加班文化严重，近年增长迅猛,5.71,4.4,7.03,荷兰,尼日利亚,5.73,5.19,5.67,5.72,6.9,5.89,4.51,5.93,5.26,6.68,6.78,4.79,-0.35,2026-04-13,2026-04-13,2000-2026
文化、艺术与传媒,ART,音乐产业,器乐演奏家,Instrumental Musician,8.6,7.0,6.3,7.5,6.8,7.0,5.8,6.1,5.5,4.3,3.2,6.7,5.8,0.7,4.3,6.2,5.0,3.9,8.4,5.9,5.0,7.0,0.8,9.4,7.1,4.0,5.5,6.7,3.6,1.8,7.1,5.7,5.5,4.8,5.36,2,0,general,→,2035+,中国器乐演奏家：AI替代抗性强，加班文化严重，就业波动大,5.5,4.41,6.41,加拿大,孟加拉国,5.5,5.18,5.5,5.35,6.13,5.94,4.74,5.56,5.16,6.16,6.28,4.86,-0.14,2026-04-13,2026-04-13,2000-2026
交通运输与物流,TRA,航海,邮轮乘务员,Cruise Ship Crew,2.9,2.3,5.7,7.5,6.8,8.9,7.1,7.4,5.4,6.1,5.8,5.4,4.1,0.1,2.1,4.3,3.8,1.4,7.8,4.6,0.0,4.6,0.0,6.9,3.6,4.8,5.0,8.5,5.8,3.3,7.6,0.9,7.3,3.7,5.35,1,1,general,→,2035+,中国邮轮乘务员：AI替代抗性强，加班文化严重,5.41,4.26,6.55,荷兰,巴基斯坦,5.61,5.24,5.22,5.42,6.32,5.52,4.49,5.39,4.82,6.11,6.24,4.69,-0.06,2026-04-13,2026-04-13,2000-2026
服务业与消费,SVC,休闲娱乐,马术教练,Equestrian Coach / Riding Instructor,5.5,3.3,6.8,7.1,6.5,5.5,5.9,4.8,5.7,5.4,4.8,5.4,5.5,1.2,3.3,5.8,5.0,1.7,9.0,5.1,0.5,5.7,1.2,7.8,7.2,4.4,5.4,7.5,6.8,3.7,6.9,4.5,3.8,4.3,5.35,2,3,general,↑,2035+,中国马术教练：AI替代抗性强，加班文化严重,5.56,4.57,6.5,澳大利亚,孟加拉国,5.55,5.35,5.51,5.57,6.28,5.74,4.72,5.66,5.2,6.32,6.27,4.88,-0.21,2026-04-13,2026-04-13,2000-2026
法律与社会服务,LAW,法官,行政法法官,Administrative Law Judge,8.3,8.6,4.8,8.5,4.6,4.6,4.5,4.4,7.8,5.4,7.8,7.8,5.7,4.2,3.6,6.0,4.8,1.7,7.6,9.5,3.0,7.4,3.2,7.5,2.0,5.8,7.6,7.1,0.5,9.0,1.2,0.6,2.1,9.4,5.35,0,0,general,→,2035+,中国行政法法官：AI替代抗性强，就业稳定,5.42,4.25,6.37,瑞士,孟加拉国,5.52,5.07,5.25,5.35,6.16,5.69,4.6,5.4,5.06,6.13,6.3,4.74,-0.07,2026-04-13,2026-04-13,2000-2026
文化、艺术与传媒,ART,新闻传媒,数据新闻记者,Data Journalist,5.4,6.1,5.9,6.8,5.1,4.8,4.6,6.0,6.9,5.6,4.3,4.1,5.3,0.2,5.1,6.4,5.8,2.2,5.2,5.9,6.8,5.0,1.8,7.4,5.3,4.5,6.5,8.0,3.2,2.6,4.7,5.5,6.0,4.8,5.35,0,1,general,→,2028-2033,中国数据新闻记者：加班文化严重,5.68,4.48,6.65,德国,孟加拉国,5.69,5.28,5.65,5.49,6.55,6.02,4.77,5.85,5.38,6.44,6.55,5.0,-0.33,2026-04-13,2026-04-13,2000-2026
公共管理与公务员,GOV,中央/联邦公务员,政府发言人/新闻官,Government Spokesperson / Press Secretary,5.4,6.7,6.0,8.1,5.1,4.3,5.2,5.1,5.7,5.4,8.6,8.4,4.6,3.1,2.5,7.0,6.1,3.7,6.4,9.1,3.2,4.3,3.4,6.6,3.7,5.0,4.5,9.9,1.3,6.6,3.3,2.6,3.7,7.4,5.35,0,1,general,→,2032-2038,中国政府发言人/新闻官：加班文化严重，就业稳定,5.29,4.31,6.05,瑞士,尼日利亚,5.4,5.1,5.25,5.25,5.98,5.38,4.69,5.34,4.96,5.88,5.87,4.62,0.06,2026-04-13,2026-04-13,2000-2026
法律与社会服务,LAW,公证与仲裁,公证人(大陆法系),Civil Law Notary,7.8,8.3,4.2,8.4,4.9,4.9,4.6,5.4,8.4,6.2,7.2,9.0,6.2,4.8,4.7,4.4,3.3,1.3,6.0,8.6,2.5,6.1,4.4,5.9,6.9,4.3,6.7,7.0,0.8,9.2,2.4,1.4,1.5,6.9,5.35,0,-1,general,→,2032-2038,中国公证人(大陆法系)：薪资回报高,5.65,4.46,6.64,瑞士,孟加拉国,5.71,5.3,5.51,5.6,6.39,5.98,4.81,5.73,5.26,6.44,6.47,5.0,-0.3,2026-04-13,2026-04-13,2000-2026
法律与社会服务,LAW,法官,法官,Judge,9.4,8.7,5.0,9.2,3.6,4.5,4.5,3.5,7.9,6.1,9.1,7.6,5.7,3.4,2.7,5.6,4.4,1.7,8.5,10.0,1.6,7.4,3.6,8.5,1.6,4.5,7.6,7.7,0.5,9.3,1.5,0.3,3.0,8.8,5.35,0,0,general,→,2035+,中国法官：AI替代抗性强，加班文化严重，就业稳定,5.53,4.46,6.47,英国,孟加拉国,5.57,5.19,5.4,5.49,6.3,5.81,4.75,5.58,5.2,6.3,6.37,4.82,-0.18,2026-04-13,2026-04-13,2000-2026
法律与社会服务,LAW,律师各专业,海事律师,Maritime / Admiralty Lawyer,8.3,8.0,4.8,7.5,4.3,3.6,5.7,6.3,8.2,5.3,5.0,8.6,5.2,1.9,3.0,4.5,3.6,1.5,7.4,8.7,4.4,6.0,2.4,6.3,5.8,4.7,7.0,6.6,0.7,9.1,4.3,2.5,7.2,4.8,5.35,1,0,general,→,2032-2038,中国海事律师：薪资回报高，加班文化严重,5.69,4.64,6.85,瑞士,孟加拉国,5.74,5.38,5.46,5.6,6.45,6.05,4.9,5.74,5.32,6.5,6.58,4.97,-0.34,2026-04-13,2026-04-13,2000-2026
文化、艺术与传媒,ART,影视制作,演员,Actor / Actress,5.9,5.1,6.6,5.3,7.5,7.7,5.9,6.9,7.0,5.8,2.0,6.0,4.8,0.4,3.5,6.7,5.5,4.2,7.0,9.1,3.1,6.7,0.7,8.8,5.9,3.1,4.4,6.7,5.2,1.7,6.9,4.9,4.9,4.9,5.35,3,1,general,→,2032-2038,中国演员：加班文化严重，就业波动大,5.41,4.41,6.22,瑞典,巴基斯坦,5.48,5.04,5.38,5.3,6.07,5.81,4.76,5.45,5.03,6.06,6.15,4.83,-0.06,2026-04-13,2026-04-13,2000-2026
法律与社会服务,LAW,心理社会服务,危机干预咨询师,Crisis Intervention Counselor,5.2,5.6,5.9,6.5,5.2,4.3,5.9,4.9,6.1,4.0,5.6,6.2,3.0,1.9,0.7,5.4,5.2,2.0,8.9,6.2,3.7,5.9,2.9,7.2,4.0,6.5,5.3,9.2,1.7,6.0,2.4,3.5,4.4,3.5,5.35,2,2,general,↑,2035+,中国危机干预咨询师：AI替代抗性强，加班文化严重,5.6,4.5,6.65,瑞士,孟加拉国,5.63,5.27,5.57,5.52,6.46,5.81,4.79,5.63,5.22,6.22,6.43,4.95,-0.25,2026-04-13,2026-04-13,2000-2026
法律与社会服务,LAW,律师各专业,房地产律师,Real Estate Lawyer,6.7,7.4,5.5,8.3,7.6,6.7,5.5,4.4,8.0,5.9,5.0,8.9,4.9,2.5,3.4,6.0,4.8,2.3,5.9,7.8,4.7,6.1,1.9,4.8,7.0,5.2,6.0,6.8,1.3,8.2,7.1,2.9,3.3,3.7,5.35,1,0,general,→,2028-2033,中国房地产律师：薪资回报高，加班文化严重,5.61,4.4,6.68,瑞士,孟加拉国,5.74,5.24,5.45,5.56,6.43,5.91,4.72,5.63,5.14,6.4,6.48,4.95,-0.26,2026-04-13,2026-04-13,2000-2026
医疗与健康,MED,兽医学,动物园兽医,Zoo / Wildlife Veterinarian,7.9,8.1,6.5,7.3,7.8,5.3,5.5,5.8,4.1,5.4,7.3,5.2,4.0,1.5,1.6,4.0,4.6,1.7,7.7,6.6,2.5,6.6,2.6,9.0,7.4,7.5,6.2,6.8,7.1,7.9,1.9,4.5,5.2,2.7,5.35,3,3,general,↑,2035+,中国动物园兽医：薪资水平偏低，AI替代抗性强，加班文化严重,5.66,4.54,6.55,瑞士,孟加拉国,5.69,5.41,5.52,5.62,6.37,5.97,4.82,5.86,5.3,6.27,6.38,4.96,-0.31,2026-04-13,2026-04-13,2000-2026
公共管理与公务员,GOV,情报安全,环境保护执法员,Environmental Enforcement Officer,5.1,5.8,6.0,8.8,6.0,6.2,5.7,4.8,5.6,5.7,9.8,7.4,4.8,4.1,4.5,4.7,4.5,1.9,6.5,7.1,1.7,3.8,3.7,6.9,1.6,4.7,5.8,6.8,3.5,8.2,2.3,1.7,2.9,7.1,5.34,2,3,general,↑,2032-2038,中国环境保护执法员：就业稳定,5.26,4.34,6.03,丹麦,尼日利亚,5.33,5.03,5.18,5.22,5.96,5.34,4.68,5.42,4.94,5.82,5.85,4.61,0.08,2026-04-13,2026-04-13,2000-2026
文化、艺术与传媒,ART,影视制作,纪录片导演,Documentary Director,5.6,5.0,6.6,6.0,7.5,6.2,6.2,6.1,5.8,4.5,3.5,6.0,5.7,0.6,3.3,6.4,5.3,3.4,6.5,7.7,3.0,6.4,1.2,9.6,5.6,4.4,4.6,7.4,3.7,2.3,7.0,4.7,5.9,5.5,5.34,3,1,general,→,2032-2038,中国纪录片导演：加班文化严重，就业波动大,5.45,4.33,6.35,英国,巴基斯坦,5.51,5.11,5.4,5.32,6.12,5.82,4.69,5.53,5.13,6.03,6.25,4.85,-0.11,2026-04-13,2026-04-13,2000-2026
交通运输与物流,TRA,航海,引航员,Marine Pilot / Harbor Pilot,8.1,6.9,5.7,7.8,7.0,8.2,8.8,9.3,9.4,7.0,6.3,5.0,2.9,1.2,3.0,4.3,4.6,1.7,7.4,7.9,0.0,4.9,0.9,7.2,4.6,2.3,4.6,5.8,4.0,9.3,7.8,0.7,5.8,4.9,5.34,1,1,general,→,2032-2038,中国引航员：薪资回报高，人才需求旺盛，加班文化严重,5.24,4.07,6.33,荷兰,巴基斯坦,5.44,5.06,5.02,5.32,6.09,5.38,4.29,5.36,4.71,5.94,5.98,4.5,0.1,2026-04-13,2026-04-13,2000-2026
服务业与消费,SVC,休闲娱乐,攀岩教练,Rock Climbing Instructor,3.8,3.8,7.2,7.1,7.2,6.2,5.4,4.4,5.9,5.1,3.8,5.0,5.7,1.2,3.3,5.4,5.0,1.2,8.7,4.2,0.3,5.4,1.7,7.8,6.9,5.3,5.1,7.0,7.2,3.8,7.2,5.3,4.1,3.9,5.34,2,3,general,↑,2035+,中国攀岩教练：AI替代抗性强，加班文化严重，就业波动大,5.58,4.52,6.63,瑞士,尼日利亚,5.61,5.33,5.46,5.58,6.27,5.81,4.76,5.69,5.2,6.34,6.31,4.87,-0.24,2026-04-13,2026-04-13,2000-2026
交通运输与物流,TRA,航海,船长,Ship Captain / Master Mariner,8.4,7.1,5.8,8.4,7.6,9.0,7.6,7.5,10.0,7.1,5.8,4.2,3.4,0.7,2.3,4.1,4.8,1.5,8.0,8.3,0.0,6.2,0.0,6.6,3.5,2.5,5.2,5.5,5.0,9.4,8.0,1.5,8.2,4.8,5.34,1,1,general,→,2035+,中国船长：薪资回报高，人才需求旺盛，AI替代抗性强,5.22,3.99,6.32,荷兰,巴基斯坦,5.44,5.01,5.09,5.27,6.08,5.38,4.26,5.32,4.67,5.88,5.96,4.46,0.12,2026-04-13,2026-04-13,2000-2026
服务业与消费,SVC,家政照护,保姆/家政服务员,Domestic Helper / Housekeeper,3.7,2.9,7.7,6.2,9.1,8.2,8.1,6.5,2.2,4.3,4.3,6.4,4.2,0.4,4.2,4.5,5.1,1.8,8.8,2.2,1.2,3.4,1.5,7.1,5.3,2.4,5.9,7.8,6.5,2.1,3.9,3.9,4.1,3.2,5.34,3,4,general,↑↑,2035+,中国保姆/家政服务员：薪资水平偏低，人才需求旺盛，AI替代抗性强,5.56,4.37,6.69,瑞典,孟加拉国,5.63,5.28,5.43,5.57,6.58,5.77,4.6,5.62,5.05,6.34,6.37,4.85,-0.22,2026-04-13,2026-04-13,2000-2026
服务业与消费,SVC,餐饮,日料寿司师傅,Sushi Chef / Itamae,7.1,3.5,5.9,6.8,6.6,7.4,6.4,5.4,5.8,4.2,4.0,5.7,4.0,0.0,3.1,6.4,5.5,2.4,8.9,4.6,0.6,4.9,1.4,8.6,7.7,5.4,4.7,7.7,7.1,2.7,5.4,5.7,5.6,4.0,5.33,2,2,general,↑,2035+,中国日料寿司师傅：AI替代抗性强，加班文化严重，就业波动大,5.59,4.44,6.63,瑞士,巴基斯坦,5.55,5.27,5.57,5.6,6.34,5.89,4.68,5.62,5.2,6.4,6.42,4.92,-0.26,2026-04-13,2026-04-13,2000-2026
技术工种与手工业,SKL,焊接,机器人焊接技师,Robotic Welding Technician,5.5,4.5,7.7,6.8,7.5,7.9,7.5,6.8,7.8,6.6,5.8,5.0,3.6,2.1,3.0,5.9,5.4,1.6,4.0,5.0,0.4,5.2,1.7,6.3,5.7,0.4,4.5,5.3,5.3,5.4,6.2,5.7,5.7,2.7,5.33,2,3,general,↑,2026-2030,中国机器人焊接技师：人才需求旺盛，AI替代风险较高，加班文化严重,5.51,4.3,6.77,瑞士,尼日利亚,5.53,5.12,5.68,5.52,6.5,5.78,4.54,5.51,4.9,6.5,6.48,4.66,-0.18,2026-04-13,2026-04-13,2000-2026
交通运输与物流,TRA,铁路,轨道车辆工程师,Rolling Stock Engineer,7.3,6.8,6.5,7.7,8.3,9.3,7.3,6.9,7.4,5.9,7.6,5.9,4.1,0.9,2.8,5.0,4.3,1.0,6.2,8.0,0.8,3.6,1.7,6.3,3.6,4.9,6.0,5.3,2.7,5.1,4.9,1.9,3.7,6.9,5.33,2,3,general,↑,2032-2038,中国轨道车辆工程师：加班文化严重，就业稳定,5.32,3.98,6.53,瑞士,孟加拉国,5.56,4.82,5.49,5.33,6.36,5.45,4.37,5.4,4.7,5.9,6.33,4.41,0.01,2026-04-13,2026-04-13,2000-2026
公共管理与公务员,GOV,情报安全,食品药品监管员,Food & Drug Inspector,5.6,6.3,5.2,9.6,5.6,6.3,5.3,4.6,5.3,6.7,9.9,7.9,4.4,4.6,4.4,5.3,4.2,2.0,5.9,7.3,1.8,3.9,4.4,5.8,1.6,5.2,6.6,6.6,3.7,8.4,0.3,0.9,3.2,7.2,5.33,1,2,general,↑,2028-2033,中国食品药品监管员：就业稳定,5.37,4.57,6.16,瑞士,尼日利亚,5.43,5.2,5.29,5.38,6.06,5.4,4.81,5.43,5.01,5.86,5.97,4.75,-0.04,2026-04-13,2026-04-13,2000-2026
教育与学术,EDU,高等教育,助教,Teaching Assistant,6.4,6.0,4.1,4.7,7.4,6.8,4.9,4.7,3.8,3.3,5.6,9.7,5.2,2.7,3.3,5.1,5.5,0.9,6.5,6.2,6.2,4.7,3.2,6.2,3.5,6.5,4.3,7.4,1.9,5.3,2.0,5.6,5.1,2.8,5.32,1,0,general,→,2032-2038,中国助教：薪资水平偏低，加班文化严重,5.24,4.12,6.44,芬兰,尼日利亚,5.33,4.96,5.12,5.17,6.35,5.56,4.42,5.12,4.72,5.99,6.07,4.44,0.08,2026-04-13,2026-04-13,2000-2026
服务业与消费,SVC,酒店旅游,度假村经理,Resort Manager,5.0,4.6,5.1,7.1,6.0,7.0,5.9,5.5,5.6,3.9,4.8,6.2,5.2,1.1,4.0,6.7,5.3,2.0,7.0,7.2,1.5,6.7,1.4,6.6,7.2,5.1,4.9,7.6,5.4,2.3,7.5,3.9,5.3,5.0,5.32,2,2,general,↑,2032-2038,中国度假村经理：加班文化严重,5.74,4.61,6.79,瑞士,孟加拉国,5.64,5.52,5.73,5.81,6.49,5.96,4.84,5.82,5.34,6.46,6.54,5.1,-0.42,2026-04-13,2026-04-13,2000-2026
文化、艺术与传媒,ART,新闻传媒,电视主持人/主播,TV Anchor / Presenter,4.7,5.1,3.6,7.3,4.2,5.4,5.2,6.0,8.1,5.8,5.5,4.1,5.8,0.2,4.8,7.1,5.6,3.2,5.8,7.6,3.7,3.6,2.4,7.6,5.6,4.1,5.8,7.1,3.5,2.8,4.9,4.7,5.4,4.4,5.31,0,-2,general,↓,2028-2033,中国电视主持人/主播：薪资回报高，加班文化严重，近年需求下降,5.59,4.3,6.63,荷兰,孟加拉国,5.62,5.17,5.63,5.38,6.42,5.95,4.67,5.72,5.22,6.35,6.46,5.0,-0.28,2026-04-13,2026-04-13,2000-2026
交通运输与物流,TRA,铁路,信号工程师(铁路),Railway Signal Engineer,6.8,6.6,6.7,8.0,7.6,9.3,7.3,6.4,6.9,6.2,7.8,7.7,4.7,1.7,2.6,4.9,4.5,1.2,6.3,6.9,0.3,3.5,2.4,5.7,3.0,4.3,5.9,5.1,3.6,6.3,4.0,2.7,3.3,7.1,5.31,2,3,general,↑,2032-2038,中国信号工程师(铁路)：加班文化严重，就业稳定,5.3,3.94,6.46,丹麦,孟加拉国,5.53,4.87,5.45,5.32,6.27,5.45,4.37,5.44,4.64,5.87,6.26,4.47,0.01,2026-04-13,2026-04-13,2000-2026
交通运输与物流,TRA,航海,船舶检验师,Marine Surveyor,6.8,6.1,5.1,7.6,7.5,8.5,7.4,8.3,7.9,5.8,6.3,5.9,2.9,1.2,3.3,4.9,4.0,1.4,6.6,6.7,2.0,5.4,1.2,7.0,3.4,2.0,4.7,5.5,4.8,7.3,7.6,1.5,8.0,4.4,5.31,1,1,general,→,2032-2038,中国船舶检验师：加班文化严重,5.25,4.17,6.34,荷兰,巴基斯坦,5.43,5.06,5.09,5.33,6.17,5.34,4.35,5.33,4.76,5.94,5.95,4.48,0.06,2026-04-13,2026-04-13,2000-2026
技术工种与手工业,SKL,汽车维修,摩托车维修技师,Motorcycle Mechanic,4.1,2.5,5.8,7.2,6.2,5.6,5.0,5.6,4.7,6.9,5.8,4.7,5.2,0.9,3.3,4.9,4.4,1.3,6.9,5.2,0.2,6.7,2.2,6.9,7.3,2.0,6.5,6.5,6.8,4.3,5.1,6.8,3.4,2.8,5.31,2,2,general,↑,2032-2038,中国摩托车维修技师：加班文化严重,5.83,4.6,7.32,瑞士,孟加拉国,5.79,5.4,5.96,5.76,6.84,6.14,4.79,5.82,5.24,6.88,6.92,5.03,-0.52,2026-04-13,2026-04-13,2000-2026
公共管理与公务员,GOV,地方公务员,公共卫生巡查员,Public Health Inspector,5.4,6.2,6.0,9.5,5.8,6.6,5.3,4.3,4.9,6.7,10.0,7.9,5.4,4.4,3.4,4.9,4.2,1.7,6.0,7.4,0.5,3.8,3.7,6.4,2.2,5.5,7.2,7.3,3.5,8.3,1.6,1.4,2.7,7.8,5.31,1,2,general,↑,2032-2038,中国公共卫生巡查员：就业稳定,5.4,4.57,6.21,丹麦,尼日利亚,5.45,5.24,5.27,5.39,6.1,5.42,4.89,5.52,5.11,5.97,5.96,4.75,-0.09,2026-04-13,2026-04-13,2000-2026
公共管理与公务员,GOV,情报安全,劳动监察员,Labor Inspector,4.7,6.3,4.8,9.1,6.2,6.5,5.0,4.5,4.3,6.1,10.0,7.6,6.0,5.3,4.7,4.7,4.1,2.2,6.4,8.1,1.3,3.8,4.3,5.3,1.8,5.4,6.7,6.7,3.3,7.9,1.0,1.0,3.4,7.4,5.31,0,1,general,→,2032-2038,中国劳动监察员：薪资水平偏低，就业稳定,5.29,4.42,6.08,丹麦,尼日利亚,5.37,5.11,5.22,5.26,5.99,5.3,4.7,5.45,4.98,5.94,5.89,4.61,0.02,2026-04-13,2026-04-13,2000-2026
服务业与消费,SVC,餐饮,食品安全检查员,Food Safety Inspector,5.3,4.8,5.3,6.6,6.3,7.0,6.6,5.4,5.1,4.9,6.3,5.7,5.2,0.5,4.0,6.0,5.7,2.4,6.6,4.9,2.3,5.7,1.9,7.2,7.5,5.5,4.9,7.9,3.4,5.3,5.9,5.3,4.2,4.2,5.3,2,2,general,↑,2032-2038,中国食品安全检查员：加班文化严重,5.47,4.41,6.49,瑞士,孟加拉国,5.44,5.26,5.42,5.5,6.14,5.8,4.64,5.49,5.07,6.15,6.25,4.8,-0.17,2026-04-13,2026-04-13,2000-2026
服务业与消费,SVC,餐饮,巧克力师,Chocolatier,6.0,3.3,6.1,6.3,6.1,4.4,6.8,5.2,4.5,4.5,4.5,5.2,4.9,0.4,4.1,6.4,5.6,2.5,8.9,5.4,1.2,4.8,1.8,8.5,8.6,4.4,5.1,7.3,7.3,2.7,6.2,5.7,4.8,4.4,5.3,2,2,general,↑,2035+,中国巧克力师：薪资水平偏低，AI替代抗性强，加班文化严重,5.55,4.46,6.65,瑞士,孟加拉国,5.5,5.27,5.59,5.55,6.27,5.85,4.67,5.59,5.19,6.36,6.29,4.86,-0.25,2026-04-13,2026-04-13,2000-2026
法律与社会服务,LAW,律师各专业,破产律师,Bankruptcy Lawyer,7.6,7.8,5.3,8.0,6.2,5.4,5.2,5.4,8.6,6.1,4.6,9.1,5.4,0.9,1.9,5.4,5.5,2.0,5.7,8.2,5.4,5.0,2.5,4.8,7.3,5.9,6.6,7.4,0.5,8.8,7.5,3.4,4.1,3.3,5.3,1,0,general,→,2028-2033,中国破产律师：薪资回报高，加班文化严重,5.61,4.4,6.62,瑞士,孟加拉国,5.7,5.24,5.44,5.49,6.43,5.96,4.78,5.62,5.25,6.36,6.48,4.89,-0.31,2026-04-13,2026-04-13,2000-2026
法律与社会服务,LAW,NGO与人道主义,筹款经理,Fundraising Manager,5.1,4.8,3.5,7.1,3.8,4.0,4.9,3.9,2.5,4.1,4.5,9.0,4.7,1.9,3.4,6.9,6.9,2.3,6.1,6.1,6.3,5.2,3.5,6.3,7.1,6.5,6.8,9.3,1.5,2.2,5.0,4.4,4.9,1.6,5.3,2,1,general,→,2032-2038,中国筹款经理：薪资水平偏低，加班文化严重,5.96,4.99,7.04,芬兰,巴基斯坦,5.82,5.53,5.89,5.68,7.02,6.15,5.28,6.1,5.72,6.75,6.8,5.41,-0.66,2026-04-13,2026-04-13,2000-2026
交通运输与物流,TRA,太空运输,商业航天飞行员,Commercial Space Pilot,9.5,8.7,9.1,5.7,5.1,2.6,9.5,10.0,10.0,7.0,5.1,3.4,3.4,0.2,3.5,5.4,5.0,1.7,8.1,10.0,0.0,4.5,0.4,9.7,4.7,4.0,2.7,5.8,7.6,9.3,6.3,1.5,6.8,8.3,5.3,4,5,general,↑↑,2035+,中国商业航天飞行员：薪资回报高，人才需求旺盛，AI替代抗性强,5.36,4.17,6.31,荷兰,孟加拉国,5.45,5.08,5.31,5.46,6.09,5.63,4.47,5.49,4.96,6.03,6.13,4.54,-0.06,2026-04-13,2026-04-13,2000-2026
文化、艺术与传媒,ART,音乐产业,调音师/音响师,Sound Engineer / Live Sound Technician,6.4,5.1,6.5,6.5,6.8,6.6,5.4,5.4,5.3,5.0,3.2,6.9,6.2,1.4,4.1,7.0,4.8,3.4,7.1,6.9,2.0,6.9,0.4,8.3,6.1,4.0,5.5,6.7,4.6,2.0,6.5,5.6,5.2,3.9,5.3,2,0,general,→,2032-2038,中国调音师/音响师：加班文化严重，就业波动大,5.37,4.31,6.28,荷兰,巴基斯坦,5.42,5.06,5.24,5.27,6.04,5.79,4.65,5.46,4.99,5.93,6.18,4.72,-0.07,2026-04-13,2026-04-13,2000-2026
服务业与消费,SVC,餐饮,甜品师,Dessert Chef / Patissier,5.2,3.8,6.1,6.9,6.4,7.2,6.3,6.2,3.7,5.1,3.8,5.4,4.0,0.0,3.3,6.9,5.6,2.5,8.4,4.9,1.8,4.9,1.9,7.5,8.4,4.4,5.5,7.8,7.0,3.0,6.2,5.5,5.0,4.4,5.3,2,2,general,↑,2035+,中国甜品师：薪资水平偏低，AI替代抗性强，加班文化严重,5.55,4.42,6.61,瑞士,孟加拉国,5.51,5.28,5.57,5.58,6.25,5.85,4.65,5.51,5.16,6.36,6.32,4.89,-0.25,2026-04-13,2026-04-13,2000-2026
服务业与消费,SVC,平台零工,在线虚拟助理,Virtual Assistant (Online),1.8,2.1,8.0,5.0,10.0,10.0,5.9,3.2,3.1,4.2,0.8,5.2,4.7,0.0,3.3,5.2,5.6,1.7,4.2,3.7,8.3,7.4,2.0,4.7,6.2,4.3,5.0,6.5,1.6,1.1,5.9,7.8,4.5,2.5,5.3,4,4,general,↑↑,2026-2030,中国在线虚拟助理：薪资水平偏低，加班文化严重，就业波动大,5.55,4.61,6.53,瑞士,巴基斯坦,5.48,5.34,5.44,5.52,6.23,5.76,4.83,5.63,5.19,6.31,6.28,4.93,-0.25,2026-04-13,2026-04-13,2000-2026
技术工种与手工业,SKL,传统手工艺,书籍装帧师,Bookbinder,5.5,2.6,3.5,8.4,4.7,4.8,4.2,4.6,4.8,4.6,4.5,5.4,3.9,3.4,4.4,3.8,3.4,2.3,8.6,6.4,1.4,7.7,3.9,8.6,6.9,4.1,6.7,5.0,5.8,2.0,4.5,7.2,2.7,2.1,5.3,0,-1,general,→,2035+,中国书籍装帧师：AI替代抗性强，加班文化严重,5.76,4.68,7.14,瑞士,孟加拉国,5.74,5.32,5.88,5.66,6.69,6.07,4.84,5.79,5.19,6.71,6.82,4.99,-0.46,2026-04-13,2026-04-13,2000-2026
交通运输与物流,TRA,铁路,铁路维护工程师,Railway Maintenance Engineer,5.9,5.4,6.8,8.1,8.4,9.1,7.2,6.4,5.4,6.8,9.0,5.2,5.2,1.3,2.6,4.9,4.6,1.2,6.9,6.3,0.1,3.7,2.7,5.7,3.3,3.2,5.1,5.3,7.1,5.5,4.1,2.1,3.1,6.3,5.3,2,2,general,↑,2032-2038,中国铁路维护工程师：加班文化严重，就业稳定,5.18,3.85,6.44,瑞士,孟加拉国,5.41,4.78,5.31,5.22,6.12,5.32,4.22,5.29,4.51,5.79,6.22,4.3,0.12,2026-04-13,2026-04-13,2000-2026
法律与社会服务,LAW,公证与仲裁,公证人,Notary Public,5.3,4.7,3.7,8.6,6.4,6.9,5.0,3.6,4.6,5.6,6.8,9.2,5.7,4.1,5.0,4.4,3.5,1.5,5.5,7.0,3.6,5.2,4.5,5.1,6.1,5.3,6.7,6.7,0.8,7.2,2.3,3.3,1.5,6.0,5.3,0,-1,general,→,2028-2033,中国公证人：发展平稳,5.45,4.21,6.57,瑞士,孟加拉国,5.52,5.12,5.37,5.37,6.19,5.82,4.63,5.48,4.99,6.2,6.37,4.71,-0.15,2026-04-13,2026-04-13,2000-2026
文化、艺术与传媒,ART,新闻传媒,调查记者,Investigative Journalist,5.4,5.2,3.7,6.8,4.1,5.6,4.4,5.5,6.4,6.0,3.7,1.8,5.7,0.6,4.8,6.7,6.0,2.6,7.4,8.3,5.1,5.1,1.2,8.8,4.8,5.6,6.5,7.5,3.6,2.0,5.4,4.5,5.7,4.8,5.3,0,-2,general,↓,2032-2038,中国调查记者：加班文化严重，就业波动大，近年需求下降,5.64,4.32,6.68,荷兰,巴基斯坦,5.66,5.24,5.58,5.46,6.43,6.03,4.69,5.78,5.32,6.42,6.56,4.96,-0.34,2026-04-13,2026-04-13,2000-2026
服务业与消费,SVC,零售,店长,Store Manager,2.8,2.8,5.9,6.3,7.9,9.4,5.6,4.4,6.2,4.8,4.8,7.5,5.8,0.7,3.1,6.3,5.9,1.5,5.3,5.2,0.5,5.3,1.2,4.3,6.8,5.3,4.9,7.0,4.2,1.2,6.5,4.4,2.3,3.3,5.3,0,0,general,→,2028-2033,中国店长：加班文化严重,5.41,4.42,6.35,澳大利亚,巴基斯坦,5.45,5.2,5.42,5.42,6.15,5.61,4.59,5.51,4.97,6.12,6.09,4.77,-0.11,2026-04-13,2026-04-13,2000-2026
服务业与消费,SVC,零售,奢侈品销售顾问,Luxury Retail Sales Advisor,4.1,2.8,6.1,6.6,8.0,7.7,5.5,4.5,5.6,4.2,4.0,7.4,7.0,1.1,3.3,5.4,5.5,1.3,6.5,5.7,0.8,3.0,2.2,4.9,5.4,5.5,5.3,8.4,4.8,1.6,6.1,4.3,4.5,4.3,5.29,0,0,general,→,2032-2038,中国奢侈品销售顾问：加班文化严重，就业波动大,5.42,4.39,6.4,澳大利亚,尼日利亚,5.49,5.12,5.41,5.41,6.19,5.75,4.63,5.43,5.06,6.18,6.08,4.7,-0.13,2026-04-13,2026-04-13,2000-2026
技术工种与手工业,SKL,传统手工艺,铁匠/锻工,Blacksmith,5.5,3.0,3.5,8.3,4.5,5.1,4.5,5.4,4.5,4.2,4.5,3.7,4.4,2.6,5.1,4.3,3.3,2.1,9.5,5.6,1.4,6.7,3.0,8.1,8.1,4.2,7.7,4.9,8.5,1.7,4.2,6.7,3.9,2.1,5.29,0,0,general,→,2035+,中国铁匠/锻工：薪资水平偏低，AI替代抗性强，加班文化严重,5.79,4.69,7.22,瑞士,巴基斯坦,5.73,5.38,5.93,5.64,6.78,6.01,4.83,5.94,5.24,6.68,6.87,5.01,-0.5,2026-04-13,2026-04-13,2000-2026
服务业与消费,SVC,零售,买手,Retail Buyer / Merchandiser,4.3,4.3,5.1,6.5,8.0,10.0,6.2,4.1,6.2,4.3,4.7,7.4,5.7,0.9,3.5,5.2,5.3,1.8,6.4,5.1,0.7,4.3,1.9,6.2,5.4,4.3,4.9,7.8,4.1,1.0,5.6,4.6,4.8,4.3,5.29,0,0,general,→,2032-2038,中国买手：加班文化严重,5.42,4.38,6.37,丹麦,孟加拉国,5.43,5.16,5.39,5.5,6.2,5.63,4.64,5.47,5.05,6.07,6.12,4.72,-0.13,2026-04-13,2026-04-13,2000-2026
服务业与消费,SVC,餐饮,餐厅经理,Restaurant Manager,5.8,4.6,5.3,6.6,6.5,7.4,6.0,5.8,6.0,3.6,5.3,5.7,4.7,0.2,3.1,6.5,6.1,2.5,7.1,6.3,1.5,6.3,1.9,7.7,7.8,4.0,5.1,7.8,7.0,3.3,5.6,5.7,3.7,3.9,5.29,2,2,general,↑,2032-2038,中国餐厅经理：加班文化严重,5.54,4.46,6.58,瑞士,孟加拉国,5.54,5.31,5.43,5.57,6.26,5.79,4.72,5.57,5.16,6.31,6.29,4.84,-0.25,2026-04-13,2026-04-13,2000-2026
服务业与消费,SVC,酒店旅游,生态旅游导游,Ecotourism Guide,4.8,4.0,7.2,6.8,6.3,4.7,5.7,5.1,4.3,5.2,3.8,6.7,5.7,0.2,3.6,6.0,5.9,1.7,8.3,5.3,1.3,5.2,1.2,7.7,6.9,5.0,5.1,8.2,6.9,3.0,7.4,4.1,5.4,5.0,5.29,2,3,general,↑,2035+,中国生态旅游导游：薪资水平偏低，AI替代抗性强，加班文化严重,5.58,4.55,6.55,澳大利亚,孟加拉国,5.52,5.34,5.54,5.68,6.26,5.87,4.77,5.58,5.22,6.4,6.32,4.9,-0.29,2026-04-13,2026-04-13,2000-2026
技术工种与手工业,SKL,传统手工艺,猎鹰训练师,Falconer,5.5,3.0,4.4,8.3,2.5,3.0,4.0,5.5,4.8,5.0,5.5,5.5,4.6,2.1,5.1,4.5,2.9,2.1,9.4,6.1,1.7,8.0,3.7,9.3,7.6,3.0,7.6,5.2,4.8,5.4,4.0,7.0,0.4,2.3,5.28,0,0,general,→,2035+,中国猎鹰训练师：供过于求，AI替代抗性强，加班文化严重,5.65,4.5,7.09,瑞士,尼日利亚,5.64,5.21,5.66,5.47,6.62,5.85,4.7,5.79,5.18,6.58,6.74,4.84,-0.37,2026-04-13,2026-04-13,2000-2026
交通运输与物流,TRA,物流管理,仓库管理员,Warehouse Operative / Stocker,2.3,1.2,6.4,5.5,7.6,7.8,5.7,6.7,4.3,6.1,5.3,6.5,5.1,1.7,3.0,5.9,4.9,1.4,3.6,3.9,4.0,4.6,2.0,5.7,5.4,5.0,5.2,5.9,7.4,1.2,7.2,3.1,4.7,3.9,5.28,3,3,general,↑,2026-2030,中国仓库管理员：薪资水平偏低，AI替代风险较高，加班文化严重,5.52,4.12,6.75,瑞士,孟加拉国,5.65,5.22,5.49,5.53,6.53,5.85,4.48,5.51,4.87,6.32,6.5,4.63,-0.24,2026-04-13,2026-04-13,2000-2026
技术工种与手工业,SKL,焊接,电弧焊工,Arc Welder,3.5,2.5,7.0,6.8,7.2,8.1,7.2,6.9,5.9,6.6,6.1,2.4,3.4,1.2,3.3,5.3,4.8,1.5,6.1,4.3,0.5,4.2,2.4,6.6,5.9,1.0,4.9,5.1,7.7,5.3,6.2,5.7,5.3,3.3,5.28,2,2,general,↑,2032-2038,中国电弧焊工：加班文化严重,5.56,4.38,6.72,瑞士,孟加拉国,5.53,5.2,5.72,5.55,6.47,5.92,4.54,5.5,5.0,6.54,6.51,4.72,-0.28,2026-04-13,2026-04-13,2000-2026
技术工种与手工业,SKL,机械加工,电火花加工技师,EDM (Electrical Discharge Machining) Technician,5.2,3.2,6.7,7.3,7.5,5.6,6.7,6.5,6.2,6.4,5.8,4.4,5.1,1.9,3.8,5.4,4.9,1.6,5.4,5.0,0.0,5.5,2.6,6.2,4.9,2.5,5.4,4.9,5.0,3.8,6.2,4.1,4.7,3.4,5.28,1,1,general,→,2028-2033,中国电火花加工技师：加班文化严重,5.46,4.29,6.79,瑞士,巴基斯坦,5.52,5.1,5.65,5.35,6.44,5.77,4.39,5.52,4.92,6.36,6.45,4.58,-0.18,2026-04-13,2026-04-13,2000-2026
服务业与消费,SVC,零售,电商运营专员,E-commerce Operations Specialist,3.0,4.0,7.9,6.2,7.6,10.0,5.2,3.6,4.5,4.1,4.5,7.4,7.0,0.9,4.0,5.9,5.3,1.4,4.2,4.6,6.1,3.7,2.2,4.7,5.9,4.4,5.5,7.2,1.2,1.8,6.0,4.2,2.8,3.7,5.28,0,4,general,↑↑,2026-2030,中国电商运营专员：薪资水平偏低，加班文化严重，近年增长迅猛,5.49,4.43,6.46,丹麦,孟加拉国,5.48,5.22,5.48,5.52,6.28,5.81,4.66,5.54,5.15,6.23,6.22,4.75,-0.21,2026-04-13,2026-04-13,2000-2026
法律与社会服务,LAW,宗教,犹太拉比,Rabbi,7.3,6.8,3.2,9.0,3.1,0.9,4.3,4.7,4.3,5.0,6.6,6.9,4.5,2.2,4.0,5.7,4.5,2.0,9.1,8.1,3.6,6.6,3.7,7.7,4.0,4.0,8.3,9.5,1.3,7.6,0.5,3.0,4.5,4.5,5.28,0,0,general,→,2035+,中国犹太拉比：薪资水平偏低，AI替代抗性强，加班文化严重,5.67,4.9,6.46,荷兰,孟加拉国,5.65,5.45,5.55,5.47,6.23,5.9,5.14,5.55,5.47,6.38,6.28,5.28,-0.39,2026-04-13,2026-04-13,2000-2026
文化、艺术与传媒,ART,新闻传媒,事实核查员,Fact-checker,5.0,5.6,4.4,6.8,4.2,3.1,5.2,6.2,5.0,4.8,4.7,4.3,5.7,0.1,4.1,7.0,6.0,2.1,6.5,6.1,5.7,4.8,1.9,7.5,4.8,5.6,6.6,7.8,3.5,2.0,4.7,5.3,5.7,3.8,5.27,0,-2,general,↓,2032-2038,中国事实核查员：加班文化严重，近年需求下降,5.61,4.38,6.66,荷兰,孟加拉国,5.57,5.22,5.51,5.41,6.39,6.0,4.68,5.71,5.33,6.4,6.53,4.95,-0.34,2026-04-13,2026-04-13,2000-2026
服务业与消费,SVC,休闲娱乐,滑雪教练,Ski Instructor,5.0,3.7,6.4,7.1,6.4,7.0,6.1,4.2,5.5,4.6,5.0,4.7,5.0,0.9,2.6,4.9,5.0,1.6,8.9,4.6,1.5,5.0,1.5,8.4,6.7,5.8,4.9,7.8,7.1,4.3,8.6,5.6,4.7,3.9,5.27,2,3,general,↑,2035+,中国滑雪教练：AI替代抗性强，加班文化严重,5.55,4.35,6.48,丹麦,孟加拉国,5.55,5.33,5.47,5.57,6.28,5.83,4.65,5.7,5.17,6.32,6.25,4.84,-0.28,2026-04-13,2026-04-13,2000-2026
文化、艺术与传媒,ART,新闻传媒,视频记者/多媒体记者,Video Journalist (VJ) / Multimedia Journalist,5.4,5.6,6.0,7.1,5.1,4.6,4.5,5.5,5.6,5.6,5.0,4.3,5.2,0.9,4.5,7.0,6.6,2.2,6.0,5.9,4.9,3.7,1.5,7.4,4.9,5.3,5.9,7.4,3.5,2.2,4.6,5.5,4.8,4.4,5.27,0,0,general,→,2028-2033,中国视频记者/多媒体记者：加班文化严重,5.53,4.38,6.58,荷兰,孟加拉国,5.5,5.12,5.53,5.35,6.34,5.93,4.67,5.62,5.22,6.3,6.45,4.86,-0.26,2026-04-13,2026-04-13,2000-2026
法律与社会服务,LAW,心理社会服务,戒瘾辅导员,Substance Abuse Counselor,4.8,5.0,5.8,6.7,6.2,5.2,5.7,5.4,4.1,3.6,4.8,7.5,4.5,2.9,1.9,5.3,4.1,2.7,8.4,5.2,4.3,4.4,2.2,7.7,5.4,5.9,6.6,8.7,1.8,5.6,2.6,3.4,3.6,3.3,5.27,2,1,general,→,2035+,中国戒瘾辅导员：薪资水平偏低，AI替代抗性强，加班文化严重,5.57,4.62,6.53,瑞士,尼日利亚,5.62,5.28,5.5,5.46,6.37,5.79,4.83,5.62,5.21,6.22,6.39,4.85,-0.3,2026-04-13,2026-04-13,2000-2026
服务业与消费,SVC,殡葬,遗体化妆师,Embalmer / Mortuary Cosmetician,4.7,4.6,5.0,8.1,4.9,4.5,5.7,5.4,5.3,6.4,6.3,5.9,3.8,2.4,2.8,4.6,4.4,1.0,9.0,4.0,1.6,5.3,2.2,5.9,4.4,5.1,6.4,6.8,5.1,4.0,2.0,2.0,2.9,4.5,5.27,1,1,general,→,2035+,中国遗体化妆师：AI替代抗性强，加班文化严重,5.52,4.54,6.44,荷兰,孟加拉国,5.53,5.32,5.47,5.53,6.26,5.65,4.7,5.55,5.12,6.26,6.26,4.86,-0.25,2026-04-13,2026-04-13,2000-2026
技术工种与手工业,SKL,建筑工,石材工,Stone Mason,4.7,2.1,6.5,6.5,8.4,10.0,6.6,7.1,4.7,5.5,5.3,3.9,3.7,1.4,3.3,4.3,3.8,1.7,8.7,4.2,0.8,4.7,0.9,7.6,5.3,1.7,4.4,5.5,8.8,2.9,7.5,5.2,3.9,2.8,5.27,2,2,general,↑,2035+,中国石材工：AI替代抗性强，加班文化严重,5.55,4.39,6.67,瑞士,孟加拉国,5.55,5.18,5.6,5.59,6.38,5.86,4.63,5.45,5.01,6.54,6.45,4.85,-0.28,2026-04-13,2026-04-13,2000-2026
服务业与消费,SVC,餐饮,美食评论家/美食博主,Food Critic / Food Blogger,5.8,4.6,5.3,6.6,6.6,7.0,6.4,6.0,3.9,3.8,4.3,5.2,4.5,0.0,3.8,6.6,5.1,2.8,6.1,5.3,7.4,4.4,2.0,7.6,9.1,4.2,5.8,7.3,1.9,2.8,6.2,7.9,3.7,4.4,5.27,2,2,general,↑,2032-2038,中国美食评论家/美食博主：薪资水平偏低，加班文化严重,5.66,4.62,6.79,瑞士,孟加拉国,5.58,5.4,5.59,5.7,6.36,5.91,4.8,5.69,5.26,6.52,6.43,5.04,-0.39,2026-04-13,2026-04-13,2000-2026
服务业与消费,SVC,餐饮,西点烘焙师,Pastry Chef / Baker,5.3,3.8,5.3,6.5,6.8,7.7,5.8,6.0,5.1,5.0,4.0,5.4,4.8,0.0,3.8,6.8,6.1,2.8,8.4,4.5,1.2,4.4,1.4,7.5,8.5,6.2,5.6,7.4,6.9,3.0,6.0,5.3,3.6,4.8,5.27,2,2,general,↑,2035+,中国西点烘焙师：AI替代抗性强，加班文化严重，就业波动大,5.49,4.51,6.56,瑞士,尼日利亚,5.45,5.24,5.49,5.54,6.18,5.77,4.72,5.45,5.13,6.26,6.28,4.79,-0.22,2026-04-13,2026-04-13,2000-2026
文化、艺术与传媒,ART,新闻传媒,广播电台主持人,Radio Host,5.1,5.6,4.1,6.8,4.9,4.3,4.8,6.3,6.9,5.8,4.0,4.1,5.5,0.1,3.8,6.9,6.0,2.1,6.0,7.1,5.2,4.1,1.5,7.6,4.8,5.7,5.9,7.5,3.5,2.9,5.3,5.5,5.3,4.3,5.26,0,-2,general,↓,2028-2033,中国广播电台主持人：加班文化严重，就业波动大，近年需求下降,5.5,4.26,6.67,荷兰,巴基斯坦,5.47,5.09,5.44,5.32,6.36,5.92,4.62,5.6,5.14,6.22,6.46,4.84,-0.24,2026-04-13,2026-04-13,2000-2026
服务业与消费,SVC,休闲娱乐,蹦极/跳伞教练,Bungee Jumping / Skydiving Instructor,4.3,4.1,6.6,5.8,7.1,4.9,6.3,4.6,6.2,5.1,4.3,3.7,4.6,1.4,2.4,5.0,5.2,1.4,8.7,4.8,1.4,5.7,2.0,8.5,7.0,5.1,5.3,7.5,6.6,5.3,7.3,5.1,3.3,3.5,5.26,2,3,general,↑,2035+,中国蹦极/跳伞教练：AI替代抗性强，加班文化严重,5.43,4.25,6.5,丹麦,巴基斯坦,5.47,5.18,5.31,5.41,6.22,5.73,4.49,5.56,5.03,6.16,6.17,4.76,-0.17,2026-04-13,2026-04-13,2000-2026
法律与社会服务,LAW,NGO与人道主义,NGO项目经理,NGO Program Manager,5.8,5.9,4.0,7.1,4.3,4.7,4.8,4.7,3.2,3.4,4.4,7.2,4.7,2.4,2.9,7.7,6.9,2.0,6.9,5.9,6.0,5.4,1.9,7.5,6.3,6.2,5.7,8.4,2.0,3.0,3.5,2.6,6.2,3.1,5.26,2,1,general,→,2032-2038,中国NGO项目经理：薪资水平偏低，加班文化严重,5.93,5.04,7.06,瑞典,巴基斯坦,5.77,5.55,5.82,5.65,7.0,6.17,5.27,6.08,5.7,6.62,6.75,5.28,-0.67,2026-04-13,2026-04-13,2000-2026
技术工种与手工业,SKL,汽车维修,汽车喷漆工,Automotive Painter,3.5,2.5,5.4,7.2,6.1,8.2,5.8,5.6,4.5,5.7,5.3,3.7,3.4,1.9,3.0,5.1,4.8,1.5,7.4,4.6,0.0,6.2,2.2,7.3,7.4,1.2,5.5,6.5,6.1,4.0,6.0,6.6,4.2,2.6,5.26,2,2,general,↑,2032-2038,中国汽车喷漆工：薪资水平偏低，加班文化严重,5.88,4.53,7.24,瑞士,孟加拉国,5.85,5.42,5.92,5.9,6.84,6.24,4.77,5.83,5.35,7.0,6.95,5.07,-0.62,2026-04-13,2026-04-13,2000-2026
交通运输与物流,TRA,航海,海洋救助员,Maritime Search & Rescue Worker,5.3,4.0,5.9,7.2,7.3,8.5,6.7,7.3,5.8,6.3,6.0,2.7,3.1,0.4,2.2,4.9,3.8,1.7,8.2,7.5,0.2,4.7,0.9,8.5,4.2,3.5,5.4,5.4,8.0,5.8,7.5,1.6,7.9,3.7,5.25,1,1,general,→,2035+,中国海洋救助员：AI替代抗性强，加班文化严重,5.27,4.19,6.42,荷兰,巴基斯坦,5.4,5.07,5.11,5.35,6.19,5.43,4.36,5.33,4.69,5.85,6.08,4.52,-0.02,2026-04-13,2026-04-13,2000-2026
服务业与消费,SVC,餐饮,中餐厨师,Chinese Cuisine Chef,5.5,3.3,5.1,6.2,6.6,6.9,6.4,5.4,4.8,4.6,4.5,5.2,4.9,0.4,3.5,6.9,5.7,2.4,8.3,5.7,1.7,5.4,0.4,8.3,7.3,4.8,5.9,7.7,7.2,3.3,5.9,5.1,2.9,4.2,5.25,2,2,general,↑,2035+,中国中餐厨师：AI替代抗性强，加班文化严重,5.47,4.35,6.49,澳大利亚,孟加拉国,5.48,5.23,5.43,5.51,6.25,5.81,4.55,5.53,5.1,6.22,6.16,4.8,-0.22,2026-04-13,2026-04-13,2000-2026
服务业与消费,SVC,平台零工,代购/个人购物者,Personal Shopper / Daigou Agent,2.0,1.5,8.0,5.4,10.0,10.0,5.9,4.2,3.7,3.7,1.1,5.2,5.2,0.0,4.1,4.8,5.2,1.8,5.9,3.0,2.3,7.0,2.5,3.8,6.9,5.0,5.2,6.9,5.2,0.7,5.6,7.2,3.5,2.5,5.25,4,4,general,↑↑,2028-2033,中国代购/个人购物者：薪资水平偏低，加班文化严重，就业波动大,5.42,4.43,6.51,瑞士,孟加拉国,5.35,5.27,5.31,5.36,6.22,5.72,4.65,5.43,5.06,6.03,6.15,4.77,-0.17,2026-04-13,2026-04-13,2000-2026
文化、艺术与传媒,ART,新闻传媒,气象主播,Weather Anchor / Meteorologist Presenter,5.9,5.4,4.6,7.3,3.9,5.5,4.6,5.8,7.2,4.7,5.1,4.1,6.4,1.2,4.3,6.9,5.7,2.2,4.9,6.7,4.0,3.8,2.2,7.6,5.7,5.9,6.7,7.3,3.8,2.8,5.2,5.3,5.9,4.6,5.25,0,-2,general,↓,2028-2033,中国气象主播：加班文化严重，近年需求下降,5.53,4.34,6.49,荷兰,孟加拉国,5.52,5.13,5.5,5.28,6.42,5.85,4.63,5.63,5.19,6.3,6.42,4.9,-0.28,2026-04-13,2026-04-13,2000-2026
服务业与消费,SVC,酒店旅游,礼宾部经理,Concierge Manager,4.6,3.8,6.1,6.7,5.7,7.0,5.5,4.7,5.3,3.9,4.5,6.4,6.0,0.4,3.1,5.7,6.1,1.9,7.4,6.1,2.8,4.0,1.0,6.3,6.8,4.4,5.1,9.2,5.3,2.9,8.0,4.1,6.5,4.2,5.25,2,2,general,↑,2032-2038,中国礼宾部经理：加班文化严重,5.65,4.36,6.6,丹麦,孟加拉国,5.58,5.4,5.65,5.62,6.41,6.01,4.73,5.7,5.32,6.44,6.36,4.97,-0.4,2026-04-13,2026-04-13,2000-2026
公共管理与公务员,GOV,情报安全,情报分析师,Intelligence Analyst,7.1,8.1,6.4,8.3,4.3,4.9,6.1,6.7,7.8,6.2,10.0,6.4,4.0,2.6,2.9,6.5,4.4,2.2,6.2,8.8,3.5,4.9,1.7,7.4,1.9,4.6,5.2,6.0,1.2,10.0,1.4,0.1,3.3,9.1,5.25,1,3,general,↑,2032-2038,中国情报分析师：加班文化严重，就业稳定,5.21,4.27,5.99,瑞典,尼日利亚,5.3,4.98,5.16,5.14,5.96,5.26,4.67,5.29,4.9,5.8,5.79,4.54,0.04,2026-04-13,2026-04-13,2000-2026
文化、艺术与传媒,ART,音乐产业,K-pop练习生,K-pop Trainee,7.0,5.1,6.1,2.6,6.4,7.4,5.1,5.8,5.3,5.2,2.0,7.2,6.3,0.7,5.3,6.2,5.5,3.8,7.4,6.9,5.0,6.7,1.2,8.5,6.8,4.9,5.3,7.3,7.8,2.0,6.3,5.7,5.2,4.2,5.25,2,0,general,→,2032-2038,中国K-pop练习生：加班文化严重，就业波动大,5.23,4.21,6.1,美国,孟加拉国,5.25,4.88,5.19,5.07,5.83,5.66,4.5,5.27,4.94,5.86,6.03,4.61,0.02,2026-04-13,2026-04-13,2000-2026
技术工种与手工业,SKL,机械加工,CNC编程员,CNC Programmer,5.6,4.2,6.9,6.9,6.6,7.7,7.3,6.6,6.6,6.4,6.4,4.7,4.5,1.7,3.0,5.5,5.3,1.2,3.9,5.0,2.6,5.0,2.0,6.1,5.3,1.2,5.8,4.0,6.2,3.7,6.3,4.3,4.1,2.8,5.24,1,2,general,↑,2026-2030,中国CNC编程员：AI替代风险较高，加班文化严重,5.43,4.13,6.73,瑞士,孟加拉国,5.56,5.01,5.67,5.33,6.34,5.76,4.35,5.45,4.91,6.24,6.44,4.57,-0.19,2026-04-13,2026-04-13,2000-2026
服务业与消费,SVC,婚庆活动,婚纱礼服顾问,Bridal Gown Consultant,3.7,3.4,5.3,7.3,6.3,6.8,5.7,4.6,3.6,5.4,4.0,7.0,6.0,0.4,3.1,5.5,5.1,1.7,6.4,5.0,1.7,6.4,1.4,7.0,7.4,6.4,4.8,8.8,4.8,1.9,7.2,4.5,3.2,3.0,5.24,2,2,general,↑,2032-2038,中国婚纱礼服顾问：薪资水平偏低，加班文化严重，就业波动大,5.5,4.47,6.5,瑞士,尼日利亚,5.54,5.26,5.42,5.49,6.18,5.79,4.69,5.53,5.08,6.24,6.24,4.85,-0.26,2026-04-13,2026-04-13,2000-2026
服务业与消费,SVC,零售,视觉陈列设计师,Visual Merchandiser,3.8,4.1,5.9,6.6,8.0,9.7,6.2,4.1,4.2,4.4,3.5,7.7,7.0,0.6,3.3,6.2,5.3,1.4,6.2,3.9,1.7,4.2,1.2,7.3,5.9,5.6,5.6,7.2,4.1,1.2,5.5,4.4,2.8,3.9,5.24,0,0,general,→,2032-2038,中国视觉陈列设计师：薪资水平偏低，加班文化严重，就业波动大,5.32,4.23,6.34,瑞典,尼日利亚,5.39,5.09,5.34,5.29,6.08,5.65,4.46,5.41,4.9,6.1,6.04,4.53,-0.08,2026-04-13,2026-04-13,2000-2026
服务业与消费,SVC,休闲娱乐,宠物酒店经理,Pet Hotel / Boarding Manager,4.4,3.9,7.8,6.8,7.3,5.1,5.7,4.8,5.0,4.4,4.8,5.4,5.5,1.4,2.3,5.7,5.2,1.5,7.8,4.3,0.6,5.3,1.4,7.0,8.5,5.0,4.7,6.9,5.5,3.1,7.1,4.5,3.7,3.7,5.24,2,4,general,↑↑,2035+,中国宠物酒店经理：AI替代抗性强，加班文化严重，近年增长迅猛,5.51,4.31,6.59,瑞士,孟加拉国,5.53,5.25,5.38,5.58,6.2,5.79,4.61,5.61,5.12,6.32,6.25,4.83,-0.27,2026-04-13,2026-04-13,2000-2026
公共管理与公务员,GOV,中央/联邦公务员,税务官员,Tax Official,5.3,6.4,4.2,9.8,6.4,7.9,4.7,4.3,5.4,5.8,10.0,9.4,6.8,5.1,3.7,4.8,3.9,2.7,4.9,7.3,3.7,2.9,4.7,5.5,1.8,5.6,6.5,6.8,1.2,8.6,1.6,0.6,2.9,8.8,5.24,-1,0,general,→,2028-2033,中国税务官员：就业稳定,5.24,4.47,6.01,丹麦,巴基斯坦,5.33,5.04,5.21,5.2,5.9,5.25,4.7,5.36,4.96,5.78,5.77,4.65,-0.0,2026-04-13,2026-04-13,2000-2026
文化、艺术与传媒,ART,新闻传媒,新闻编辑,News Editor,5.4,5.8,4.3,6.8,5.2,5.2,4.4,5.6,6.2,5.3,5.3,4.1,5.3,1.4,4.3,6.7,6.0,2.1,4.9,6.1,7.0,4.4,1.0,7.1,5.1,4.8,6.7,7.5,3.2,2.6,5.3,5.7,5.8,5.0,5.23,0,-2,general,↓,2028-2033,中国新闻编辑：加班文化严重，近年需求下降,5.55,4.4,6.72,荷兰,巴基斯坦,5.57,5.13,5.56,5.38,6.38,5.9,4.69,5.58,5.18,6.35,6.45,4.94,-0.32,2026-04-13,2026-04-13,2000-2026
文化、艺术与传媒,ART,影视制作,场记,Script Supervisor / Continuity Person,3.9,5.4,7.0,6.4,7.1,7.9,5.5,6.5,4.8,4.8,2.6,6.2,5.2,0.6,4.0,6.9,5.5,2.9,6.4,4.1,2.0,6.4,1.9,8.0,5.9,4.8,4.2,7.0,4.0,2.0,6.7,4.9,4.9,5.1,5.23,3,1,general,→,2032-2038,中国场记：加班文化严重，就业波动大,5.29,4.12,6.18,英国,巴基斯坦,5.34,4.96,5.32,5.12,5.95,5.64,4.55,5.33,5.0,5.85,6.07,4.73,-0.06,2026-04-13,2026-04-13,2000-2026
技术工种与手工业,SKL,建筑工,油漆工,Painter (Construction),2.8,1.9,5.9,5.9,8.0,10.0,6.2,6.2,5.2,6.2,5.7,4.7,3.7,0.6,2.6,4.9,3.8,2.0,7.6,4.0,0.8,5.0,2.2,5.8,5.2,1.9,4.6,5.6,7.5,3.3,7.9,5.7,3.9,1.8,5.23,2,2,general,↑,2035+,中国油漆工：AI替代抗性强，加班文化严重,5.49,4.31,6.7,瑞士,尼日利亚,5.48,5.16,5.54,5.53,6.34,5.75,4.58,5.38,4.93,6.52,6.4,4.74,-0.26,2026-04-13,2026-04-13,2000-2026
法律与社会服务,LAW,NGO与人道主义,环保NGO倡导者,Environmental NGO Advocate,4.7,5.0,5.3,6.8,3.4,3.4,5.3,3.7,3.3,2.6,4.1,6.9,4.6,1.9,1.9,6.7,6.3,2.5,7.5,6.3,5.5,6.4,1.7,7.8,5.7,5.9,6.0,8.8,2.8,2.5,2.8,3.3,6.7,2.5,5.23,3,3,general,↑,2035+,中国环保NGO倡导者：薪资水平偏低，AI替代抗性强，加班文化严重,5.75,4.84,6.87,丹麦,巴基斯坦,5.63,5.37,5.65,5.41,6.77,6.08,5.04,5.97,5.45,6.48,6.56,5.17,-0.52,2026-04-13,2026-04-13,2000-2026
公共管理与公务员,GOV,地方公务员,民政事务员,Civil Affairs Officer,4.3,5.9,4.0,8.9,6.2,7.3,4.1,3.3,5.0,4.9,10.0,9.6,5.9,5.1,4.9,4.7,3.3,2.2,6.1,7.6,2.2,3.3,4.3,6.9,1.6,4.7,6.5,7.9,2.3,8.4,0.8,1.1,2.0,8.3,5.23,0,1,general,→,2032-2038,中国民政事务员：就业稳定,5.27,4.4,6.1,丹麦,尼日利亚,5.35,5.06,5.24,5.28,5.98,5.32,4.68,5.38,4.97,5.77,5.82,4.62,-0.04,2026-04-13,2026-04-13,2000-2026
文化、艺术与传媒,ART,体育竞技,职业篮球运动员,Professional Basketball Player,5.7,3.7,6.3,3.8,5.9,9.6,6.1,6.3,9.8,4.0,2.6,4.9,3.3,0.0,4.1,4.1,3.8,3.9,9.1,9.5,1.3,5.2,0.7,8.3,4.0,3.4,2.0,7.0,8.5,2.2,5.1,3.2,7.7,5.7,5.22,3,1,general,→,2035+,中国职业篮球运动员：薪资回报高，AI替代抗性强，加班文化严重,5.1,4.01,5.96,澳大利亚,巴基斯坦,5.1,4.73,5.1,4.91,5.7,5.43,4.36,5.35,4.84,5.85,5.81,4.51,0.12,2026-04-13,2026-04-13,2000-2026
服务业与消费,SVC,酒店旅游,赌场酒店经理,Casino/Resort Hotel Manager,4.6,4.4,5.5,6.7,6.1,5.0,5.3,5.1,7.1,3.9,5.2,6.7,5.2,0.4,3.4,5.8,5.9,1.9,7.0,7.3,1.3,5.0,1.4,6.6,6.6,5.4,4.7,8.3,5.0,5.4,8.3,4.7,5.4,5.0,5.22,2,2,general,↑,2032-2038,中国赌场酒店经理：加班文化严重,5.61,4.53,6.48,荷兰,孟加拉国,5.52,5.36,5.54,5.72,6.36,5.82,4.79,5.67,5.24,6.31,6.38,4.96,-0.39,2026-04-13,2026-04-13,2000-2026
文化、艺术与传媒,ART,新闻传媒,记者,Journalist / Reporter,4.7,6.1,4.3,6.7,4.4,5.4,5.0,6.1,5.6,5.3,3.5,3.0,6.0,0.0,4.9,7.1,6.8,2.2,6.8,6.8,4.5,4.1,1.5,7.6,4.5,5.5,6.5,7.8,3.5,2.1,4.6,5.1,4.8,4.8,5.22,0,-2,general,↓,2032-2038,中国记者：加班文化严重，就业波动大，近年需求下降,5.55,4.36,6.54,荷兰,孟加拉国,5.58,5.11,5.47,5.32,6.37,5.95,4.71,5.58,5.29,6.36,6.46,4.9,-0.33,2026-04-13,2026-04-13,2000-2026
技术工种与手工业,SKL,建筑工,地板安装工,Floor Layer / Installer,3.1,1.9,5.9,6.6,8.5,10.0,6.2,6.4,5.1,5.9,5.6,5.4,3.9,1.6,2.0,4.8,4.0,2.3,7.6,4.1,0.4,4.5,1.5,5.6,5.0,1.7,4.9,5.3,7.5,2.6,7.7,5.5,4.5,2.8,5.22,2,2,general,↑,2035+,中国地板安装工：AI替代抗性强，加班文化严重,5.52,4.42,6.79,瑞士,孟加拉国,5.49,5.14,5.61,5.58,6.28,5.87,4.6,5.46,4.94,6.59,6.47,4.81,-0.3,2026-04-13,2026-04-13,2000-2026
法律与社会服务,LAW,社会工作,社会工作者,Social Worker,5.7,5.5,3.5,7.5,5.2,5.8,5.7,4.8,3.4,4.4,6.0,6.9,4.5,3.2,1.2,5.4,5.2,1.9,7.9,5.4,3.7,4.3,3.7,7.6,3.2,6.9,7.0,8.7,1.6,6.1,2.4,3.2,4.5,3.3,5.22,2,1,general,→,2035+,中国社会工作者：薪资水平偏低，AI替代抗性强，加班文化严重,5.67,4.81,6.63,丹麦,尼日利亚,5.56,5.28,5.58,5.4,6.61,5.91,4.97,5.89,5.38,6.48,6.48,5.08,-0.45,2026-04-13,2026-04-13,2000-2026
服务业与消费,SVC,平台零工,民宿清洁服务者,Airbnb / Vacation Rental Cleaner,2.0,1.9,7.8,4.7,10.0,10.0,5.7,4.0,3.3,3.6,2.0,5.7,4.5,0.0,4.3,4.7,5.2,1.5,7.1,2.7,3.5,7.7,2.0,4.4,6.8,4.2,4.8,5.0,7.1,0.9,6.0,7.2,2.4,3.1,5.21,4,4,general,↑↑,2032-2038,中国民宿清洁服务者：薪资水平偏低，加班文化严重，就业波动大,5.39,4.52,6.36,瑞士,孟加拉国,5.33,5.22,5.25,5.31,6.05,5.67,4.7,5.35,5.03,6.11,6.14,4.81,-0.18,2026-04-13,2026-04-13,2000-2026
文化、艺术与传媒,ART,新闻传媒,摄影记者,Photojournalist,5.4,5.8,4.3,6.8,4.9,5.3,5.0,5.6,5.1,6.0,3.8,3.3,6.0,1.1,4.5,7.4,6.2,1.9,7.0,5.9,2.6,5.0,2.2,7.8,5.0,5.3,6.6,7.5,5.9,2.5,5.6,5.3,4.9,4.0,5.21,0,-2,general,↓,2032-2038,中国摄影记者：加班文化严重，就业波动大，近年需求下降,5.43,4.32,6.51,荷兰,巴基斯坦,5.44,5.03,5.35,5.2,6.27,5.79,4.6,5.5,5.14,6.2,6.29,4.77,-0.22,2026-04-13,2026-04-13,2000-2026
服务业与消费,SVC,客户服务,投诉处理专员,Complaints Handler,2.8,3.6,4.7,6.3,7.7,9.6,6.1,3.5,2.9,4.7,5.5,8.2,6.2,1.5,5.8,5.6,6.1,1.6,4.1,3.2,5.6,2.7,3.0,3.6,3.6,6.0,5.1,8.6,2.3,1.2,4.5,4.7,2.8,3.8,5.21,-1,-1,general,→,2026-2030,中国投诉处理专员：薪资水平偏低，加班文化严重,5.3,4.33,6.31,瑞士,孟加拉国,5.33,5.05,5.3,5.3,6.06,5.52,4.47,5.32,4.94,6.03,6.03,4.6,-0.09,2026-04-13,2026-04-13,2000-2026
公共管理与公务员,GOV,事业单位/公共机构,事业编制人员,Public Institution Staff (Shiye Bian),5.0,6.1,4.2,9.2,6.8,8.7,4.4,2.9,4.7,5.5,9.6,9.6,5.7,4.9,4.4,5.0,4.1,2.0,5.4,7.7,1.9,3.4,5.4,5.4,1.4,4.4,7.0,6.5,1.8,8.4,1.1,1.5,2.0,7.6,5.21,0,0,general,→,2028-2033,中国事业编制人员：就业稳定,5.25,4.4,6.01,丹麦,肯尼亚,5.42,5.02,5.18,5.23,5.88,5.3,4.74,5.34,4.94,5.82,5.8,4.55,-0.04,2026-04-13,2026-04-13,2000-2026
交通运输与物流,TRA,航海,船舶调度员,Vessel Traffic Controller,5.6,5.2,5.3,7.6,6.6,9.1,6.9,8.3,6.4,6.8,5.3,7.7,3.0,0.9,2.3,3.9,4.1,1.4,6.0,6.5,1.0,5.2,0.0,7.2,4.2,2.1,5.0,5.4,2.8,6.8,7.7,0.7,8.0,4.0,5.2,1,1,general,→,2032-2038,中国船舶调度员：加班文化严重,5.3,4.16,6.62,荷兰,巴基斯坦,5.44,5.08,5.13,5.38,6.21,5.47,4.36,5.33,4.73,6.02,6.11,4.57,-0.1,2026-04-13,2026-04-13,2000-2026
服务业与消费,SVC,餐饮,中央厨房经理,Central Kitchen / Commissary Manager,6.1,4.2,5.7,6.0,6.7,7.4,6.7,5.5,5.6,4.1,5.7,5.2,4.5,0.0,4.5,6.4,5.9,2.7,7.3,5.4,1.2,5.5,1.2,7.4,7.3,4.9,5.5,4.5,3.8,3.3,5.8,5.3,3.5,4.4,5.2,2,2,general,↑,2032-2038,中国中央厨房经理：加班文化严重,5.45,4.46,6.47,瑞士,孟加拉国,5.43,5.18,5.42,5.52,6.1,5.69,4.63,5.41,5.08,6.12,6.28,4.78,-0.25,2026-04-13,2026-04-13,2000-2026
文化、艺术与传媒,ART,体育竞技,体育经纪人,Sports Agent,6.1,3.9,6.0,7.8,5.3,7.3,6.0,6.2,9.4,4.5,2.4,4.9,4.0,0.4,4.1,3.8,3.7,4.4,9.0,7.4,0.2,4.5,0.5,8.6,8.0,4.1,1.3,8.3,2.4,2.2,4.8,2.2,6.3,5.7,5.2,3,1,general,→,2035+,中国体育经纪人：薪资回报高，AI替代抗性强，加班文化严重,5.22,4.14,6.11,德国,巴基斯坦,5.17,4.84,5.17,5.13,5.79,5.58,4.45,5.32,5.0,5.87,6.02,4.67,-0.02,2026-04-13,2026-04-13,2000-2026
服务业与消费,SVC,餐饮,餐饮连锁运营经理,Restaurant Chain Operations Manager,5.3,5.0,4.9,6.6,6.2,7.1,5.8,5.8,6.3,4.2,5.6,5.2,4.8,0.0,4.0,6.0,5.9,2.6,7.3,6.1,1.2,6.0,1.2,6.6,7.7,4.5,5.3,7.3,6.7,3.1,5.9,4.9,3.7,4.4,5.2,2,2,general,↑,2032-2038,中国餐饮连锁运营经理：加班文化严重,5.52,4.35,6.48,丹麦,孟加拉国,5.49,5.35,5.44,5.54,6.25,5.75,4.68,5.56,5.13,6.28,6.26,4.8,-0.32,2026-04-13,2026-04-13,2000-2026
服务业与消费,SVC,休闲娱乐,射击教练,Shooting / Firearms Instructor,4.4,3.5,6.3,6.7,6.7,4.6,5.7,5.2,4.7,5.2,4.8,4.2,5.5,0.7,3.3,5.0,5.6,1.2,8.4,4.9,0.0,5.7,1.2,7.6,6.9,4.8,4.9,7.4,4.2,5.5,6.6,5.1,3.9,4.3,5.2,2,3,general,↑,2035+,中国射击教练：AI替代抗性强，加班文化严重,5.42,4.27,6.48,瑞士,巴基斯坦,5.37,5.19,5.37,5.42,6.13,5.69,4.55,5.48,5.1,6.18,6.16,4.7,-0.22,2026-04-13,2026-04-13,2000-2026
服务业与消费,SVC,客户服务,技术支持专员,Technical Support Specialist,4.8,4.5,6.1,6.8,7.5,8.9,5.9,3.7,4.4,5.1,4.5,7.9,7.0,1.7,3.8,6.2,5.3,1.7,4.4,3.5,6.8,3.5,2.5,4.3,3.4,5.2,5.1,7.6,2.3,1.2,4.6,3.7,3.3,4.8,5.19,-1,-1,general,→,2026-2030,中国技术支持专员：薪资水平偏低，加班文化严重,5.42,4.23,6.41,澳大利亚,孟加拉国,5.45,5.21,5.33,5.43,6.19,5.7,4.53,5.5,5.03,6.2,6.14,4.66,-0.23,2026-04-13,2026-04-13,2000-2026
农业、资源与环境,AGR,渔业,海洋生物学家,Marine Biologist,8.3,8.0,6.3,6.9,5.7,9.5,6.6,5.8,8.3,5.9,4.5,3.3,3.4,0.0,3.1,4.0,2.4,1.7,7.0,8.1,3.0,5.8,1.2,9.2,5.6,6.2,5.0,4.7,5.0,2.8,8.0,3.3,5.9,3.4,5.19,0,0,general,→,2032-2038,中国海洋生物学家：薪资回报高，加班文化严重,5.17,4.16,6.08,丹麦,肯尼亚,5.23,5.04,5.13,5.06,5.89,5.37,4.48,5.29,4.88,5.86,5.72,4.4,0.02,2026-04-13,2026-04-13,2000-2026
服务业与消费,SVC,酒店旅游,客房管理主管,Housekeeping Manager,4.3,4.0,5.7,7.4,5.7,6.8,5.3,5.5,3.7,4.9,4.5,6.4,5.0,0.4,4.3,6.4,5.7,1.9,7.8,5.1,1.5,4.2,2.2,6.4,7.5,4.2,5.2,7.8,5.2,2.6,8.0,3.9,4.6,4.2,5.19,2,2,general,↑,2035+,中国客房管理主管：薪资水平偏低，AI替代抗性强，加班文化严重,5.54,4.39,6.54,荷兰,孟加拉国,5.45,5.26,5.42,5.61,6.3,5.87,4.66,5.67,5.18,6.26,6.3,4.91,-0.35,2026-04-13,2026-04-13,2000-2026
公共管理与公务员,GOV,军事,军事工程师,Military Engineer,7.2,7.6,6.3,8.0,5.2,4.5,6.1,6.7,8.7,6.9,10.0,5.1,3.4,1.4,2.9,6.2,5.8,1.7,6.6,9.3,0.9,4.1,2.4,6.4,2.0,3.4,4.6,6.0,4.7,9.3,0.1,0.3,2.7,9.9,5.19,1,3,general,↑,2032-2038,中国军事工程师：薪资回报高，加班文化严重，就业稳定,5.05,4.2,5.93,丹麦,尼日利亚,5.17,4.78,4.98,5.07,5.81,5.11,4.53,5.06,4.68,5.59,5.64,4.41,0.14,2026-04-13,2026-04-13,2000-2026
服务业与消费,SVC,零售,药房零售店员,Pharmacy Retail Assistant,3.3,3.1,5.5,6.2,7.2,9.8,6.2,4.3,4.1,4.4,5.5,7.4,6.5,1.5,3.1,6.3,5.5,1.2,5.2,4.4,1.7,4.0,1.7,4.7,6.5,5.0,5.7,7.3,4.8,2.7,5.6,4.5,2.9,4.4,5.19,0,0,general,→,2028-2033,中国药房零售店员：薪资水平偏低，加班文化严重,5.21,4.2,6.23,瑞士,巴基斯坦,5.3,4.88,5.14,5.22,5.98,5.48,4.42,5.18,4.89,5.91,5.91,4.52,-0.02,2026-04-13,2026-04-13,2000-2026
服务业与消费,SVC,酒店旅游,旅游规划师,Tourism Planner / Destination Manager,5.7,5.7,5.4,6.7,5.9,6.6,6.1,4.5,5.0,4.6,4.8,6.2,5.9,1.4,3.8,6.0,5.5,2.2,6.8,6.5,4.7,4.5,2.1,6.3,6.2,5.3,4.6,7.8,4.7,2.6,7.6,3.7,4.4,3.8,5.19,2,2,general,↑,2032-2038,中国旅游规划师：加班文化严重,5.49,4.39,6.48,瑞士,巴基斯坦,5.38,5.26,5.47,5.47,6.23,5.79,4.61,5.55,5.14,6.28,6.29,4.83,-0.3,2026-04-13,2026-04-13,2000-2026
服务业与消费,SVC,婚庆活动,活动安保经理,Event Security Manager,3.6,3.7,5.2,6.8,6.3,7.1,5.3,5.0,5.1,4.9,3.5,5.4,6.1,1.1,4.0,5.3,5.5,1.7,6.6,4.1,0.4,6.4,1.2,7.6,7.6,4.4,5.3,8.3,6.0,2.3,6.8,5.1,3.3,3.0,5.18,2,2,general,↑,2032-2038,中国活动安保经理：加班文化严重，就业波动大,5.47,4.32,6.46,瑞士,巴基斯坦,5.47,5.25,5.47,5.46,6.18,5.75,4.57,5.66,5.04,6.15,6.19,4.75,-0.29,2026-04-13,2026-04-13,2000-2026
服务业与消费,SVC,酒店旅游,邮轮经理,Cruise Director,4.8,4.1,5.1,7.0,5.7,6.8,6.0,5.1,4.5,4.0,4.8,6.2,5.5,0.0,3.4,6.2,6.3,2.3,6.7,7.0,1.6,4.4,0.7,6.2,6.8,5.0,5.3,7.8,3.7,2.2,7.3,4.3,7.3,5.0,5.18,2,2,general,↑,2032-2038,中国邮轮经理：薪资水平偏低，加班文化严重,5.62,4.49,6.65,瑞士,孟加拉国,5.55,5.31,5.61,5.7,6.31,5.89,4.71,5.67,5.28,6.36,6.39,5.0,-0.44,2026-04-13,2026-04-13,2000-2026
公共管理与公务员,GOV,地方公务员,地方政府公务员,Local Government Officer,4.9,5.6,4.3,9.4,6.6,8.6,3.6,3.1,3.9,6.2,10.0,9.6,6.2,4.9,3.9,5.5,4.1,2.8,6.3,9.2,1.2,2.6,4.8,5.2,1.1,5.3,6.9,7.8,1.8,9.4,1.4,1.4,1.6,8.4,5.18,0,1,general,→,2032-2038,中国地方政府公务员：薪资水平偏低，供过于求，就业稳定,5.22,4.37,5.94,丹麦,尼日利亚,5.32,4.97,5.12,5.25,5.88,5.28,4.7,5.24,4.91,5.81,5.8,4.62,-0.04,2026-04-13,2026-04-13,2000-2026
技术工种与手工业,SKL,机械加工,钣金工,Sheet Metal Worker,4.7,3.2,5.9,7.2,6.8,8.6,7.6,5.9,5.3,5.2,6.8,4.2,5.2,1.7,3.8,4.7,4.3,1.4,6.0,4.2,0.2,5.2,2.0,6.5,4.6,1.3,5.3,4.4,7.0,3.3,6.0,4.1,4.7,3.0,5.18,1,1,general,→,2032-2038,中国钣金工：人才需求旺盛，加班文化严重,5.48,4.28,6.81,瑞士,孟加拉国,5.47,5.08,5.62,5.33,6.52,5.76,4.45,5.5,4.98,6.49,6.48,4.62,-0.3,2026-04-13,2026-04-13,2000-2026
服务业与消费,SVC,休闲娱乐,高尔夫球场管理员,Golf Course Superintendent,4.0,3.9,6.4,7.1,6.5,5.5,5.5,5.0,6.2,4.9,4.6,5.4,5.5,0.6,2.1,5.4,5.2,1.5,7.0,5.1,0.7,5.3,1.0,7.2,7.2,4.2,5.7,7.3,4.7,3.0,7.4,5.3,3.2,4.1,5.18,2,3,general,↑,2032-2038,中国高尔夫球场管理员：加班文化严重,5.52,4.25,6.57,瑞士,孟加拉国,5.48,5.35,5.47,5.56,6.24,5.74,4.6,5.59,5.09,6.28,6.26,4.87,-0.34,2026-04-13,2026-04-13,2000-2026
技术工种与手工业,SKL,建筑工,玻璃安装工,Glazier,2.8,1.8,5.6,6.5,7.7,10.0,7.0,6.9,5.5,6.4,5.6,3.2,3.6,1.2,2.2,4.5,4.6,2.3,8.0,3.8,0.0,3.9,1.7,5.9,5.5,0.5,4.4,5.8,7.9,2.7,7.0,4.9,4.1,2.8,5.18,2,2,general,↑,2035+,中国玻璃安装工：AI替代抗性强，加班文化严重,5.52,4.44,6.67,澳大利亚,孟加拉国,5.46,5.14,5.62,5.56,6.31,5.79,4.56,5.41,4.99,6.6,6.47,4.8,-0.34,2026-04-13,2026-04-13,2000-2026
服务业与消费,SVC,行政办公,办公室经理,Office Manager,3.3,3.6,3.4,7.4,5.3,7.0,4.5,3.9,4.7,4.9,5.5,8.2,6.3,1.9,2.3,6.4,5.5,1.0,5.1,5.5,4.8,5.2,3.0,4.8,3.7,4.9,6.0,6.0,1.9,1.7,4.2,3.2,2.9,4.1,5.18,-1,-1,general,→,2028-2033,中国办公室经理：加班文化严重,5.59,4.54,6.64,瑞士,巴基斯坦,5.54,5.38,5.54,5.58,6.36,5.83,4.72,5.68,5.26,6.3,6.32,4.91,-0.41,2026-04-13,2026-04-13,2000-2026
交通运输与物流,TRA,航空,货机飞行员,Cargo Pilot,9.1,7.8,6.7,7.3,7.2,7.3,7.9,8.1,8.1,6.6,5.9,3.9,4.2,1.6,3.3,5.3,4.8,1.2,5.9,7.8,1.0,5.2,0.2,7.9,2.9,2.0,4.3,3.5,4.9,9.6,6.5,2.2,8.8,4.7,5.18,2,3,general,↑,2028-2033,中国货机飞行员：薪资回报高，人才需求旺盛，加班文化严重,5.24,3.98,6.18,瑞典,巴基斯坦,5.37,4.93,5.14,5.38,6.07,5.58,4.22,5.27,4.78,5.89,6.06,4.44,-0.06,2026-04-13,2026-04-13,2000-2026
技术工种与手工业,SKL,建筑工,瓦工/贴砖工,Tile Setter,3.1,2.0,6.0,6.5,8.6,10.0,6.0,7.1,5.3,6.1,4.7,4.7,3.6,0.7,2.0,4.7,3.8,1.8,8.0,3.2,0.0,4.5,1.2,6.3,5.9,1.9,4.3,5.3,8.3,2.9,6.9,5.1,3.9,2.4,5.18,2,2,general,↑,2035+,中国瓦工/贴砖工：AI替代抗性强，加班文化严重,5.54,4.4,6.86,瑞士,巴基斯坦,5.44,5.18,5.56,5.6,6.42,5.8,4.58,5.45,4.98,6.6,6.53,4.86,-0.36,2026-04-13,2026-04-13,2000-2026
服务业与消费,SVC,餐饮,侍酒师,Sommelier,6.0,4.8,5.1,6.2,6.4,4.6,5.5,5.2,5.1,4.4,4.2,5.7,5.0,0.0,3.4,6.4,6.1,2.4,8.6,6.5,1.2,4.7,0.4,7.6,7.1,5.1,5.3,7.6,6.5,2.5,6.3,5.7,5.9,4.4,5.17,2,2,general,↑,2035+,中国侍酒师：AI替代抗性强，加班文化严重,5.57,4.46,6.56,澳大利亚,孟加拉国,5.48,5.33,5.62,5.6,6.27,5.85,4.69,5.58,5.24,6.32,6.32,4.88,-0.4,2026-04-13,2026-04-13,2000-2026
农业、资源与环境,AGR,畜牧,兽医,Veterinarian,7.9,7.8,5.4,7.8,5.6,8.1,6.9,8.8,6.9,5.6,4.8,4.3,3.7,0.0,2.8,4.2,5.7,1.4,7.3,7.8,1.8,6.5,1.7,8.2,5.7,4.1,6.7,3.8,4.9,7.6,7.4,2.4,3.9,3.4,5.17,0,1,general,→,2032-2038,中国兽医：加班文化严重,5.39,4.52,6.33,丹麦,尼日利亚,5.19,5.1,5.34,5.3,6.14,5.56,4.7,5.52,5.19,6.22,6.06,4.85,-0.22,2026-04-13,2026-04-13,2000-2026
服务业与消费,SVC,酒店旅游,主题公园运营经理,Theme Park Operations Manager,4.3,3.8,5.3,6.7,6.5,6.2,5.1,4.8,6.0,3.9,5.2,6.7,5.3,0.1,4.0,6.0,5.1,2.0,7.2,5.5,1.6,5.2,1.6,6.0,6.4,4.7,4.7,8.0,5.3,2.9,8.1,4.3,5.2,4.6,5.17,2,2,general,↑,2032-2038,中国主题公园运营经理：加班文化严重,5.59,4.43,6.46,德国,孟加拉国,5.46,5.32,5.61,5.69,6.27,5.88,4.76,5.67,5.24,6.32,6.3,4.94,-0.42,2026-04-13,2026-04-13,2000-2026
服务业与消费,SVC,客户服务,在线客服(聊天),Online Chat Support Agent,2.7,3.2,5.7,6.8,8.0,9.0,5.5,4.2,3.4,3.9,5.0,7.7,7.0,1.6,5.1,4.8,5.3,1.2,2.4,3.7,8.4,3.0,3.1,3.7,3.5,5.1,4.9,6.5,0.8,1.3,4.7,4.6,3.2,4.0,5.17,-1,-2,general,↓,2025-2028,中国在线客服(聊天)：薪资水平偏低，AI替代风险较高，加班文化严重,5.21,4.24,6.08,荷兰,巴基斯坦,5.25,5.02,5.27,5.19,5.93,5.43,4.43,5.26,4.76,5.85,5.91,4.55,-0.04,2026-04-13,2026-04-13,2000-2026
服务业与消费,SVC,酒店旅游,导游,Tour Guide,5.0,4.1,5.1,7.0,5.7,6.6,5.9,5.4,3.9,4.9,2.8,6.7,5.5,0.9,3.8,6.6,6.3,2.2,7.4,6.1,1.2,4.2,1.7,7.0,6.6,5.6,5.9,9.1,6.3,2.6,8.2,4.7,4.6,4.6,5.16,2,2,general,↑,2032-2038,中国导游：薪资水平偏低，加班文化严重，就业波动大,5.44,4.43,6.4,瑞士,巴基斯坦,5.34,5.18,5.37,5.45,6.18,5.79,4.65,5.5,5.05,6.23,6.2,4.82,-0.28,2026-04-13,2026-04-13,2000-2026
服务业与消费,SVC,平台零工,M-Pesa代理人,M-Pesa Agent,1.7,1.8,7.2,4.7,10.0,7.5,6.3,3.8,3.9,4.1,0.3,5.4,5.2,0.6,4.1,4.7,5.6,1.6,6.5,3.5,2.2,6.3,2.2,4.5,6.8,5.2,5.0,6.9,5.2,1.0,5.9,7.6,2.1,2.9,5.16,4,4,general,↑↑,2032-2038,中国M-Pesa代理人：薪资水平偏低，加班文化严重，就业波动大,5.24,4.3,6.21,荷兰,巴基斯坦,5.16,5.06,5.17,5.15,5.97,5.55,4.49,5.22,4.9,5.98,5.97,4.62,-0.08,2026-04-13,2026-04-13,2000-2026
技术工种与手工业,SKL,焊接,MIG焊工,MIG Welder,4.1,3.1,6.8,6.7,7.0,7.9,6.2,7.1,5.6,6.9,5.3,2.7,3.5,1.6,2.9,6.0,5.2,1.3,6.2,4.4,0.0,4.2,2.2,5.6,5.4,1.3,5.0,4.8,7.5,5.0,5.7,5.1,4.7,2.7,5.16,2,2,general,↑,2032-2038,中国MIG焊工：加班文化严重,5.54,4.45,6.73,瑞士,巴基斯坦,5.53,5.16,5.74,5.5,6.5,5.89,4.59,5.5,4.98,6.49,6.51,4.68,-0.38,2026-04-13,2026-04-13,2000-2026
服务业与消费,SVC,零售,超市部门经理,Supermarket Department Manager,3.3,3.0,6.1,6.5,7.4,9.6,5.4,3.9,4.7,3.9,5.8,7.7,6.2,0.2,3.0,6.2,5.5,1.5,4.6,5.1,1.6,5.7,1.7,4.7,6.0,5.3,5.3,7.9,4.8,1.3,6.2,4.4,1.9,4.5,5.16,0,0,general,→,2028-2033,中国超市部门经理：加班文化严重,5.33,4.27,6.34,荷兰,巴基斯坦,5.34,5.1,5.36,5.31,5.99,5.59,4.49,5.33,4.94,6.08,6.08,4.62,-0.17,2026-04-13,2026-04-13,2000-2026
交通运输与物流,TRA,航海,大副/二副,Chief/Second Officer (Mate),7.1,5.3,6.2,7.5,7.1,8.4,6.9,7.7,7.9,6.3,6.0,4.2,3.9,0.5,2.5,4.1,4.2,1.5,6.9,6.4,0.0,5.7,0.0,6.8,3.6,2.5,5.2,5.4,5.9,7.8,7.4,1.5,8.2,3.8,5.16,1,1,general,→,2032-2038,中国大副/二副：加班文化严重,5.08,3.9,6.25,丹麦,巴基斯坦,5.36,4.83,4.9,5.14,6.04,5.17,4.1,5.09,4.56,5.76,5.83,4.37,0.08,2026-04-13,2026-04-13,2000-2026
交通运输与物流,TRA,铁路,列车司机,Train Driver / Locomotive Engineer,4.3,5.4,7.1,8.0,7.4,9.6,6.6,6.9,5.1,6.3,9.3,5.4,5.1,1.6,2.4,5.7,4.4,1.2,4.4,6.3,0.8,4.0,2.0,6.2,3.5,3.4,5.7,3.0,4.2,7.2,4.6,2.3,2.9,6.7,5.16,2,2,general,↑,2026-2030,中国列车司机：加班文化严重，就业稳定,5.05,3.67,6.26,瑞士,孟加拉国,5.31,4.6,5.19,5.04,5.97,5.19,4.1,5.2,4.42,5.66,6.07,4.12,0.11,2026-04-13,2026-04-13,2000-2026
服务业与消费,SVC,餐饮,调酒师,Bartender / Mixologist,5.4,3.9,5.9,6.6,6.9,6.4,6.2,6.0,4.8,4.2,4.8,5.4,4.8,0.0,4.3,6.0,6.1,2.4,7.0,5.7,0.3,4.5,0.7,7.2,7.4,5.4,4.9,8.1,7.0,3.0,6.1,4.4,4.6,4.4,5.16,2,2,general,↑,2032-2038,中国调酒师：加班文化严重,5.45,4.37,6.51,瑞士,巴基斯坦,5.37,5.21,5.48,5.48,6.18,5.76,4.58,5.46,5.07,6.18,6.23,4.75,-0.29,2026-04-13,2026-04-13,2000-2026
技术工种与手工业,SKL,建筑工,抹灰工,Plasterer,3.0,2.0,5.3,6.0,8.1,10.0,5.7,6.1,4.0,6.7,5.5,3.7,3.2,1.6,2.8,5.1,4.6,2.1,7.9,4.2,0.5,5.2,2.5,5.7,5.0,1.4,4.5,5.5,8.8,2.5,7.2,5.1,3.7,1.8,5.16,2,2,general,↑,2035+,中国抹灰工：薪资水平偏低，AI替代抗性强，加班文化严重,5.48,4.35,6.76,瑞士,巴基斯坦,5.39,5.1,5.58,5.57,6.32,5.76,4.55,5.39,4.91,6.62,6.41,4.76,-0.32,2026-04-13,2026-04-13,2000-2026
法律与社会服务,LAW,心理社会服务,家庭暴力受害者倡导者,Domestic Violence Advocate,5.1,4.6,5.7,6.7,5.5,4.0,4.6,5.2,3.6,3.6,4.1,6.0,3.0,1.7,1.2,5.9,5.8,2.0,9.0,5.2,3.5,4.9,1.4,7.4,3.6,7.3,6.8,9.0,3.0,4.3,2.1,3.4,4.8,3.7,5.15,2,2,general,↑,2035+,中国家庭暴力受害者倡导者：薪资水平偏低，AI替代抗性强，加班文化严重,5.5,4.54,6.53,瑞士,巴基斯坦,5.51,5.2,5.48,5.36,6.21,5.74,4.73,5.54,5.17,6.14,6.35,4.88,-0.35,2026-04-13,2026-04-13,2000-2026
技术工种与手工业,SKL,建筑工,绝缘工,Insulation Worker,2.9,1.5,5.3,6.0,8.3,10.0,6.6,6.5,6.0,6.4,5.3,4.0,3.8,0.9,2.5,4.2,4.8,2.1,7.9,3.4,0.0,4.5,1.9,5.2,5.1,0.4,4.2,5.3,6.9,3.3,7.6,5.1,3.7,2.2,5.15,2,2,general,↑,2035+,中国绝缘工：AI替代抗性强，加班文化严重,5.5,4.38,6.74,瑞士,孟加拉国,5.42,5.09,5.6,5.56,6.42,5.78,4.56,5.38,4.96,6.57,6.42,4.8,-0.35,2026-04-13,2026-04-13,2000-2026
服务业与消费,SVC,休闲娱乐,赛车机械师,Motorsport Mechanic,5.8,3.6,6.0,6.8,6.3,5.3,5.5,5.1,4.5,4.9,4.6,4.9,5.8,1.0,2.3,5.7,5.4,1.7,7.9,4.7,0.3,6.0,2.2,7.3,7.0,5.0,5.1,7.8,6.6,3.3,6.3,5.4,3.4,3.5,5.15,2,3,general,↑,2035+,中国赛车机械师：薪资水平偏低，AI替代抗性强，加班文化严重,5.36,4.26,6.45,瑞士,孟加拉国,5.34,5.13,5.31,5.38,6.11,5.65,4.49,5.42,4.98,6.0,6.18,4.65,-0.21,2026-04-13,2026-04-13,2000-2026
法律与社会服务,LAW,宗教,伊斯兰阿訇/伊玛目,Islamic Imam,5.5,5.3,3.8,9.1,4.3,4.7,4.8,3.6,3.4,4.0,6.5,6.5,4.7,3.0,3.5,4.7,3.1,3.5,9.1,7.4,2.5,5.8,3.4,8.3,3.9,1.7,7.8,9.5,1.8,5.8,0.3,3.0,4.7,4.8,5.15,1,0,general,→,2035+,中国伊斯兰阿訇/伊玛目：薪资水平偏低，AI替代抗性强，加班文化严重,5.48,4.76,6.31,荷兰,孟加拉国,5.43,5.28,5.35,5.29,6.02,5.71,4.99,5.45,5.23,6.14,6.11,5.11,-0.33,2026-04-13,2026-04-13,2000-2026
公共管理与公务员,GOV,军事,军事情报分析师,Military Intelligence Analyst,7.5,7.9,6.3,8.6,6.0,3.4,6.3,6.1,8.3,6.7,10.0,5.3,4.6,1.2,2.6,5.9,5.4,1.4,6.5,9.3,3.2,3.8,0.9,7.8,1.1,3.2,4.6,5.2,3.0,10.0,1.2,0.1,2.3,9.4,5.15,1,3,general,↑,2032-2038,中国军事情报分析师：薪资回报高，加班文化严重，就业稳定,5.11,4.11,5.91,丹麦,尼日利亚,5.24,4.86,5.06,5.2,5.82,5.2,4.6,5.19,4.73,5.62,5.69,4.44,0.04,2026-04-13,2026-04-13,2000-2026
服务业与消费,SVC,休闲娱乐,保龄球馆/台球厅经理,Bowling Alley / Billiards Hall Manager,4.4,4.1,6.7,6.7,6.5,6.4,5.9,4.4,5.1,4.1,5.1,5.7,5.2,0.7,2.0,5.4,5.3,1.4,7.1,4.5,1.8,4.7,2.2,7.0,7.2,4.7,5.7,6.9,6.2,3.3,7.1,4.7,3.3,3.5,5.14,2,3,general,↑,2032-2038,中国保龄球馆/台球厅经理：加班文化严重,5.44,4.22,6.43,瑞士,孟加拉国,5.42,5.24,5.39,5.49,6.16,5.65,4.45,5.58,5.04,6.18,6.21,4.79,-0.3,2026-04-13,2026-04-13,2000-2026
服务业与消费,SVC,休闲娱乐,KTV/歌厅经理,Karaoke Venue Manager,3.8,3.5,5.7,7.1,6.9,6.2,5.3,4.4,5.9,4.4,4.0,5.2,5.2,1.1,2.6,5.8,5.6,1.7,6.7,5.0,1.1,5.4,1.7,7.0,7.2,4.7,4.9,7.8,6.2,3.5,7.3,4.9,3.5,3.5,5.14,2,3,general,↑,2032-2038,中国KTV/歌厅经理：加班文化严重，就业波动大,5.41,4.19,6.44,瑞士,孟加拉国,5.39,5.17,5.33,5.44,6.15,5.6,4.5,5.51,5.08,6.19,6.17,4.78,-0.27,2026-04-13,2026-04-13,2000-2026
交通运输与物流,TRA,航海,轮机长,Chief Engineer (Marine),7.5,6.3,5.6,7.2,6.5,8.7,7.5,7.5,8.1,6.3,6.3,4.7,3.7,0.7,2.4,4.3,3.8,1.4,7.1,7.4,0.8,5.2,0.0,6.8,3.6,2.0,4.9,5.8,6.7,8.5,7.7,1.7,8.4,4.2,5.14,1,1,general,→,2032-2038,中国轮机长：薪资回报高，人才需求旺盛，加班文化严重,5.06,3.88,6.19,荷兰,巴基斯坦,5.29,4.89,4.82,5.11,6.01,5.17,4.1,5.09,4.48,5.74,5.85,4.3,0.08,2026-04-13,2026-04-13,2000-2026
服务业与消费,SVC,酒店旅游,OTA运营经理,Online Travel Agency (OTA) Operations Manager,4.8,4.7,7.4,6.8,5.7,7.0,5.1,4.7,5.2,4.6,4.0,6.7,6.0,1.1,3.5,6.5,5.5,2.2,4.6,5.7,6.1,3.8,1.0,6.3,6.4,4.3,5.7,8.0,4.7,2.9,8.3,3.7,5.4,4.0,5.14,2,3,general,↑,2028-2033,中国OTA运营经理：加班文化严重，就业波动大,5.6,4.46,6.55,瑞士,孟加拉国,5.5,5.34,5.61,5.63,6.35,5.83,4.74,5.66,5.23,6.32,6.4,4.93,-0.46,2026-04-13,2026-04-13,2000-2026
文化、艺术与传媒,ART,影视制作,灯光师,Lighting Technician / Gaffer,4.3,4.1,6.8,5.8,7.5,7.1,5.6,6.6,4.8,6.0,2.8,5.7,4.5,0.0,4.0,6.8,5.7,3.4,6.2,4.6,0.3,6.0,1.0,8.3,5.7,3.9,4.8,6.7,5.3,1.8,7.6,4.7,6.1,4.3,5.14,3,1,general,→,2032-2038,中国灯光师：加班文化严重，就业波动大,5.32,4.16,6.25,美国,孟加拉国,5.35,5.0,5.28,5.2,5.96,5.7,4.54,5.32,4.99,5.95,6.11,4.75,-0.18,2026-04-13,2026-04-13,2000-2026
文化、艺术与传媒,ART,体育竞技,电竞教练,Esports Coach,6.3,4.2,8.4,6.6,5.7,8.3,6.2,6.4,7.7,4.1,3.3,5.2,3.5,0.0,3.8,4.3,3.6,4.4,9.5,7.4,0.0,4.6,1.0,9.1,3.0,3.4,2.1,7.6,3.2,2.3,4.9,2.2,5.6,5.7,5.13,3,3,general,↑,2035+,中国电竞教练：AI替代抗性强，加班文化严重，就业波动大,5.11,3.96,6.04,荷兰,巴基斯坦,5.15,4.71,5.09,4.99,5.74,5.45,4.29,5.23,4.77,5.8,5.97,4.46,0.02,2026-04-13,2026-04-13,2000-2026
技术工种与手工业,SKL,机械加工,数控磨床操作员,CNC Grinding Operator,3.9,3.5,5.4,7.2,7.1,8.1,6.7,6.5,5.8,6.6,6.6,4.7,4.1,1.9,3.8,4.8,5.0,1.5,3.5,4.4,0.0,4.2,2.7,6.0,4.8,1.2,5.9,4.7,5.9,3.4,5.4,4.9,4.7,3.4,5.13,1,0,general,→,2026-2030,中国数控磨床操作员：AI替代风险较高，加班文化严重,5.27,3.99,6.63,德国,尼日利亚,5.29,4.83,5.5,5.22,6.23,5.62,4.25,5.25,4.7,6.24,6.26,4.38,-0.14,2026-04-13,2026-04-13,2000-2026
服务业与消费,SVC,平台零工,跑腿代办,Errand Runner / Task-based Worker,1.7,1.5,7.6,4.8,10.0,10.0,6.3,4.0,2.4,4.1,1.4,5.4,4.3,0.0,3.6,5.2,5.2,1.6,5.6,3.2,3.4,6.5,2.7,4.4,6.6,5.3,5.2,5.3,6.4,0.7,5.8,7.4,2.0,2.3,5.13,4,4,general,↑↑,2028-2033,中国跑腿代办：薪资水平偏低，加班文化严重，就业波动大,5.27,4.34,6.17,瑞士,巴基斯坦,5.23,5.05,5.21,5.2,6.02,5.46,4.53,5.33,4.93,5.91,5.95,4.68,-0.14,2026-04-13,2026-04-13,2000-2026
文化、艺术与传媒,ART,新闻传媒,战地记者,War Correspondent,4.6,5.9,3.7,7.1,4.6,5.2,4.6,5.4,6.5,4.8,4.8,0.6,6.3,0.9,4.6,6.2,5.8,3.1,5.6,9.1,5.2,4.1,0.0,9.3,5.5,5.9,6.1,7.7,5.6,2.8,5.0,5.7,5.3,4.0,5.13,0,-2,general,↓,2028-2033,中国战地记者：加班文化严重，近年需求下降,5.4,4.14,6.45,荷兰,孟加拉国,5.39,4.97,5.32,5.2,6.25,5.79,4.47,5.44,5.14,6.07,6.33,4.77,-0.27,2026-04-13,2026-04-13,2000-2026
技术工种与手工业,SKL,机械加工,铣工,Milling Machine Operator,4.5,3.0,5.0,7.8,6.9,7.9,6.6,5.7,5.2,6.4,6.8,4.9,5.2,1.5,3.6,4.8,5.3,1.7,4.1,5.4,0.1,4.5,3.3,6.1,5.5,2.4,5.1,4.2,6.2,3.9,6.1,4.7,4.0,3.2,5.12,1,-1,general,→,2026-2030,中国铣工：加班文化严重,5.27,3.98,6.59,瑞士,孟加拉国,5.33,4.86,5.49,5.16,6.3,5.59,4.22,5.29,4.7,6.06,6.26,4.43,-0.15,2026-04-13,2026-04-13,2000-2026
公共管理与公务员,GOV,地方公务员,镇长/区长,Mayor / District Governor,7.4,8.1,7.0,7.5,3.2,4.5,3.9,3.4,8.6,6.2,8.1,8.1,5.5,1.3,2.2,7.5,5.7,3.9,8.0,10.0,1.2,6.4,2.1,7.9,2.6,3.6,4.0,9.8,1.7,10.0,3.1,0.9,3.5,8.8,5.12,0,1,general,→,2035+,中国镇长/区长：薪资回报高，供过于求，AI替代抗性强,5.0,4.12,5.91,丹麦,尼日利亚,5.12,4.77,4.92,4.98,5.84,5.03,4.44,5.13,4.66,5.52,5.58,4.34,0.12,2026-04-13,2026-04-13,2000-2026
文化、艺术与传媒,ART,舞台表演,脱口秀演员,Stand-up Comedian,6.0,4.2,7.3,5.4,5.9,5.4,4.9,5.1,6.8,3.8,2.5,5.9,5.3,0.9,3.8,5.7,4.7,3.7,8.3,6.0,0.8,5.8,0.4,8.7,7.8,4.4,4.2,9.0,6.7,1.9,6.2,5.0,4.5,4.0,5.12,1,1,general,→,2035+,中国脱口秀演员：AI替代抗性强，加班文化严重，就业波动大,5.16,4.03,6.19,荷兰,巴基斯坦,5.23,4.83,5.15,4.99,5.73,5.52,4.39,5.21,4.82,5.74,5.98,4.54,-0.04,2026-04-13,2026-04-13,2000-2026
服务业与消费,SVC,餐饮,西餐厨师,Western Cuisine Chef,5.9,3.9,5.5,6.6,6.6,6.6,6.2,5.8,4.8,4.2,3.8,5.2,4.5,0.0,3.0,6.8,6.1,2.4,7.9,5.2,1.1,5.4,1.7,6.8,7.1,3.9,5.1,7.5,7.4,3.0,5.6,4.7,4.3,4.3,5.12,2,2,general,↑,2035+,中国西餐厨师：AI替代抗性强，加班文化严重，就业波动大,5.5,4.36,6.55,瑞士,孟加拉国,5.42,5.28,5.51,5.57,6.18,5.87,4.64,5.48,5.08,6.24,6.24,4.86,-0.38,2026-04-13,2026-04-13,2000-2026
农业、资源与环境,AGR,种植,葡萄酒酿造师,Winemaker / Viticulturist,5.8,4.2,4.0,7.9,6.2,4.3,4.9,6.2,6.7,4.9,4.7,5.0,3.9,1.4,2.3,3.8,3.7,1.7,7.4,5.9,0.0,6.9,2.5,8.6,8.3,4.5,6.2,3.7,6.3,0.8,6.1,2.0,4.0,2.8,5.11,0,0,general,→,2032-2038,中国葡萄酒酿造师：加班文化严重,5.27,4.59,6.19,荷兰,巴基斯坦,4.99,5.01,5.29,5.15,5.91,5.45,4.73,5.35,5.13,6.03,5.96,4.78,-0.16,2026-04-13,2026-04-13,2000-2026
公共管理与公务员,GOV,情报安全,签证官员,Visa Officer / Immigration Officer,4.4,5.6,4.4,9.1,5.9,7.0,5.2,4.7,5.3,5.6,10.0,7.9,5.6,3.8,3.4,4.0,3.7,2.5,5.4,7.9,1.6,2.8,4.1,4.7,0.6,5.6,6.6,7.2,1.7,8.2,1.3,0.7,4.3,9.1,5.11,0,1,general,→,2028-2033,中国签证官员：就业稳定,5.13,4.29,5.9,瑞典,尼日利亚,5.19,4.93,5.11,5.08,5.9,5.25,4.62,5.23,4.83,5.66,5.66,4.46,-0.02,2026-04-13,2026-04-13,2000-2026
服务业与消费,SVC,平台零工,共享单车运维员,Bike-sharing Maintenance Worker,2.3,1.3,8.0,4.7,10.0,9.1,5.9,3.0,3.4,3.3,1.9,4.9,4.7,0.0,4.5,4.7,5.6,1.5,6.1,3.0,2.5,7.2,1.5,4.6,7.2,4.9,5.2,5.0,6.4,0.7,5.2,7.8,1.7,2.9,5.11,4,2,general,↑,2032-2038,中国共享单车运维员：薪资水平偏低，加班文化严重，就业波动大,5.24,4.3,6.21,瑞士,孟加拉国,5.18,5.08,5.14,5.24,5.91,5.5,4.53,5.15,4.85,5.99,5.94,4.65,-0.13,2026-04-13,2026-04-13,2000-2026
文化、艺术与传媒,ART,体育竞技,赛事运营经理,Sports Event Operations Manager,5.9,3.8,5.6,7.9,5.8,7.5,5.6,6.6,8.2,3.8,2.4,5.0,3.3,0.0,4.3,4.1,4.2,4.1,9.1,6.6,1.5,3.7,0.4,8.9,6.8,3.9,1.8,8.5,3.3,2.6,5.4,2.6,6.2,6.1,5.11,3,1,general,→,2035+,中国赛事运营经理：薪资回报高，AI替代抗性强，加班文化严重,5.13,3.94,6.04,澳大利亚,巴基斯坦,5.18,4.72,5.08,4.99,5.83,5.45,4.32,5.31,4.84,5.82,5.92,4.5,-0.02,2026-04-13,2026-04-13,2000-2026
服务业与消费,SVC,酒店旅游,酒店收益管理师,Hotel Revenue Manager,5.1,5.2,6.3,6.5,6.5,6.6,5.9,4.5,5.2,3.9,4.1,6.2,6.3,1.1,3.5,6.4,5.9,2.2,5.1,5.6,4.8,4.2,1.5,6.8,6.8,4.4,4.7,8.0,4.7,2.9,7.9,4.5,4.6,3.8,5.11,2,3,general,↑,2028-2033,中国酒店收益管理师：加班文化严重,5.55,4.42,6.51,澳大利亚,孟加拉国,5.45,5.25,5.51,5.59,6.3,5.8,4.66,5.7,5.16,6.34,6.32,4.94,-0.44,2026-04-13,2026-04-13,2000-2026
文化、艺术与传媒,ART,体育竞技,职业足球运动员,Professional Soccer/Football Player,5.8,4.1,5.6,3.1,6.1,9.7,5.5,5.4,10.0,4.8,2.6,4.7,3.2,0.0,3.6,4.3,4.3,4.2,9.1,9.1,1.1,4.2,0.2,9.1,4.1,4.6,1.4,7.7,8.6,2.5,4.7,3.0,7.8,5.8,5.11,3,1,general,→,2035+,中国职业足球运动员：薪资回报高，AI替代抗性强，加班文化严重,5.12,3.89,6.0,荷兰,孟加拉国,5.1,4.76,5.09,4.99,5.75,5.47,4.23,5.37,4.86,5.82,5.85,4.53,-0.01,2026-04-13,2026-04-13,2000-2026
服务业与消费,SVC,零售,仓储会员店运营,Warehouse Club Operations Staff,3.6,3.4,5.7,6.3,7.4,9.2,5.6,4.1,4.7,5.1,4.8,7.2,6.3,1.1,4.0,5.9,5.1,1.4,4.9,4.0,1.1,3.7,2.2,4.1,6.0,5.5,5.4,7.4,4.2,1.7,6.4,4.4,2.8,3.7,5.1,0,0,general,→,2028-2033,中国仓储会员店运营：加班文化严重,5.2,4.23,6.14,澳大利亚,巴基斯坦,5.22,4.95,5.11,5.25,5.92,5.52,4.43,5.22,4.77,5.94,5.89,4.53,-0.1,2026-04-13,2026-04-13,2000-2026
公共管理与公务员,GOV,司法行政,缓刑官/假释官,Probation / Parole Officer,4.8,5.8,4.5,8.4,5.4,5.5,5.5,4.4,4.9,6.2,9.1,6.6,3.6,3.4,2.7,5.7,4.2,2.3,6.4,7.3,2.3,4.6,3.8,6.2,1.0,5.3,5.5,7.6,2.8,8.2,0.5,1.0,3.2,8.0,5.1,0,1,general,→,2032-2038,中国缓刑官/假释官：加班文化严重，就业稳定,5.19,4.38,6.1,丹麦,尼日利亚,5.28,5.0,5.14,5.19,5.96,5.28,4.68,5.2,4.84,5.83,5.75,4.51,-0.09,2026-04-13,2026-04-13,2000-2026
文化、艺术与传媒,ART,体育竞技,体育解说员/评论员,Sports Commentator / Analyst,6.5,4.2,5.8,7.6,5.2,7.5,6.0,5.4,8.2,3.8,2.5,4.9,3.9,0.0,4.0,3.8,3.9,4.4,9.3,6.5,4.4,4.5,1.0,8.8,3.6,4.7,2.0,8.7,2.0,2.3,5.5,2.8,5.6,5.7,5.1,3,1,general,→,2035+,中国体育解说员/评论员：薪资回报高，AI替代抗性强，加班文化严重,5.16,4.03,6.09,澳大利亚,孟加拉国,5.12,4.8,5.1,5.02,5.73,5.59,4.38,5.31,4.89,5.95,5.98,4.56,-0.06,2026-04-13,2026-04-13,2000-2026
技术工种与手工业,SKL,建筑工,屋顶工,Roofer,2.4,1.9,5.3,6.2,8.6,10.0,5.8,7.2,5.7,6.1,5.8,2.0,2.6,1.4,1.8,4.5,4.4,2.3,7.9,3.2,0.0,3.9,1.7,5.8,5.3,1.1,4.4,5.2,8.8,3.1,7.0,5.3,4.9,1.8,5.1,2,2,general,↑,2035+,中国屋顶工：AI替代抗性强，加班文化严重,5.46,4.24,6.64,德国,孟加拉国,5.41,5.09,5.52,5.49,6.22,5.75,4.52,5.35,4.93,6.52,6.4,4.76,-0.36,2026-04-13,2026-04-13,2000-2026
技术工种与手工业,SKL,建筑工,防水工,Waterproofing Worker,3.1,1.4,5.7,6.8,8.4,10.0,6.9,7.2,5.5,5.7,4.8,3.9,3.2,1.2,2.8,3.8,4.0,2.0,7.6,3.8,0.4,3.8,1.2,5.0,5.6,0.4,4.7,5.4,8.0,4.2,7.5,5.0,4.1,1.8,5.1,2,2,general,↑,2035+,中国防水工：AI替代抗性强，加班文化严重,5.46,4.29,6.67,荷兰,孟加拉国,5.44,5.15,5.54,5.52,6.29,5.79,4.5,5.34,4.89,6.46,6.42,4.7,-0.36,2026-04-13,2026-04-13,2000-2026
服务业与消费,SVC,平台零工,任务众包工人,Task-based Gig Worker (TaskRabbit/etc.),1.8,1.8,8.2,4.7,10.0,10.0,6.5,3.2,4.0,4.2,1.8,5.4,4.0,0.4,3.8,5.2,5.2,1.7,5.2,2.8,2.0,7.4,2.5,4.4,6.6,4.2,4.6,4.7,6.5,0.5,6.1,7.4,2.3,3.5,5.1,4,4,general,↑↑,2028-2033,中国任务众包工人：薪资水平偏低，加班文化严重，就业波动大,5.24,4.32,6.17,荷兰,巴基斯坦,5.18,5.03,5.13,5.19,5.9,5.58,4.54,5.22,4.9,5.96,5.95,4.66,-0.14,2026-04-13,2026-04-13,2000-2026
服务业与消费,SVC,行政办公,前台接待员(企业),Corporate Receptionist,3.1,3.3,4.1,7.0,5.5,7.2,4.6,4.3,4.1,4.3,5.3,8.2,6.5,1.7,3.5,5.3,5.3,0.8,5.3,3.7,4.8,3.2,2.9,4.4,3.6,4.9,5.2,7.6,2.2,1.2,4.0,3.6,2.9,4.5,5.1,-1,0,general,→,2028-2033,中国前台接待员(企业)：薪资水平偏低，加班文化严重,5.37,4.46,6.43,瑞士,巴基斯坦,5.3,5.14,5.37,5.36,6.13,5.58,4.61,5.43,5.01,6.13,6.1,4.72,-0.27,2026-04-13,2026-04-13,2000-2026
服务业与消费,SVC,酒店旅游,旅游顾问,Travel Consultant,4.2,4.1,5.1,6.5,5.9,7.4,6.1,4.7,3.8,3.9,4.6,6.2,6.2,0.4,3.6,6.4,5.5,2.2,4.8,6.1,5.6,4.5,2.3,6.0,6.8,5.0,5.3,7.8,5.0,2.6,7.5,3.9,4.5,4.0,5.09,2,2,general,↑,2028-2033,中国旅游顾问：薪资水平偏低，加班文化严重,5.39,4.41,6.43,瑞士,巴基斯坦,5.29,5.12,5.33,5.46,6.06,5.68,4.56,5.5,5.01,6.16,6.19,4.74,-0.3,2026-04-13,2026-04-13,2000-2026
法律与社会服务,LAW,社会工作,医务社工,Medical Social Worker,5.7,6.0,4.6,7.8,3.9,4.4,5.8,5.7,3.3,3.9,6.5,7.4,4.0,2.2,1.2,6.3,5.0,1.7,7.9,5.3,2.9,4.4,2.7,6.9,2.3,7.3,6.5,8.8,1.5,6.8,2.2,1.7,4.9,4.2,5.09,2,2,general,↑,2035+,中国医务社工：薪资水平偏低，AI替代抗性强，加班文化严重,5.68,4.75,6.73,荷兰,巴基斯坦,5.55,5.29,5.57,5.36,6.65,5.9,5.0,5.89,5.42,6.52,6.53,5.09,-0.59,2026-04-13,2026-04-13,2000-2026
文化、艺术与传媒,ART,舞台表演,魔术师,Magician,6.6,4.8,6.1,5.1,5.7,6.0,4.8,5.9,5.5,4.3,3.3,6.2,4.9,0.7,4.1,6.0,4.3,3.3,9.1,6.2,1.6,5.7,0.0,8.1,8.1,4.4,3.6,8.2,5.0,2.2,6.4,5.2,4.0,4.0,5.09,1,-1,general,→,2035+,中国魔术师：AI替代抗性强，加班文化严重，就业波动大,5.13,4.13,6.05,美国,巴基斯坦,5.19,4.84,5.07,4.98,5.74,5.56,4.44,5.08,4.78,5.76,5.91,4.51,-0.04,2026-04-13,2026-04-13,2000-2026
法律与社会服务,LAW,律师各专业,人权律师,Human Rights Lawyer,7.9,7.6,5.3,7.8,5.0,4.0,4.2,4.7,4.7,4.1,3.7,5.8,4.0,2.9,2.2,5.9,5.3,3.5,7.4,8.7,4.8,6.1,2.2,8.6,4.5,6.2,5.3,8.5,1.2,7.5,2.9,2.5,7.5,3.2,5.08,2,1,general,→,2032-2038,中国人权律师：加班文化严重，就业波动大,5.38,4.11,6.44,英国,巴基斯坦,5.45,4.99,5.24,5.31,6.16,5.78,4.52,5.38,4.99,6.23,6.32,4.6,-0.3,2026-04-13,2026-04-13,2000-2026
服务业与消费,SVC,餐饮,茶艺师,Tea Ceremony Master / Tea Specialist,5.9,3.6,5.6,6.9,6.2,4.3,5.8,5.9,3.6,5.1,4.7,5.2,4.0,0.0,4.4,6.2,5.3,2.2,9.1,5.2,0.6,5.2,0.4,7.0,7.3,5.1,5.1,7.5,7.4,2.7,6.4,5.3,2.6,4.2,5.08,2,2,general,↑,2035+,中国茶艺师：薪资水平偏低，AI替代抗性强，加班文化严重,5.4,4.24,6.39,瑞士,巴基斯坦,5.32,5.17,5.36,5.46,6.16,5.68,4.55,5.4,5.07,6.14,6.17,4.72,-0.32,2026-04-13,2026-04-13,2000-2026
服务业与消费,SVC,行政办公,会议/日程协调员,Meeting / Schedule Coordinator,3.4,3.9,4.0,7.0,5.7,7.3,5.2,4.1,3.1,4.6,4.8,8.0,7.5,2.4,2.3,5.4,5.7,0.7,3.6,4.6,6.7,3.4,3.4,4.7,3.4,6.1,5.8,6.6,1.7,1.2,4.4,4.0,2.4,3.9,5.08,-1,-1,general,→,2026-2030,中国会议/日程协调员：薪资水平偏低，AI替代风险较高，加班文化严重,5.35,4.42,6.23,瑞士,巴基斯坦,5.32,5.11,5.29,5.41,6.05,5.54,4.55,5.4,4.93,6.12,6.07,4.72,-0.27,2026-04-13,2026-04-13,2000-2026
法律与社会服务,LAW,检察官,检察官,Prosecutor,8.0,8.4,4.4,8.0,5.4,5.6,4.4,3.9,6.7,5.6,7.5,6.4,5.0,1.9,2.9,6.5,6.1,2.5,7.4,8.9,1.9,5.2,2.7,7.6,2.5,5.7,6.8,8.4,0.5,9.2,1.7,0.6,3.5,8.3,5.08,0,0,general,→,2032-2038,中国检察官：加班文化严重，就业稳定,5.35,4.09,6.41,瑞士,孟加拉国,5.47,4.97,5.15,5.24,6.19,5.63,4.51,5.39,4.93,6.1,6.25,4.65,-0.27,2026-04-13,2026-04-13,2000-2026
法律与社会服务,LAW,宗教,佛教僧侣,Buddhist Monk / Nun,3.8,2.8,2.2,9.6,2.1,2.1,3.1,2.6,2.1,3.1,7.9,8.9,6.2,4.4,5.1,3.6,3.6,2.2,9.9,6.1,2.5,6.0,0.4,8.9,2.3,3.8,8.2,8.0,3.3,4.7,0.2,0.6,2.9,3.8,5.06,-1,-1,general,→,2035+,中国佛教僧侣：薪资水平偏低，供过于求，AI替代抗性强,5.39,4.44,6.22,荷兰,孟加拉国,5.3,5.23,5.26,5.2,5.97,5.68,4.76,5.37,5.16,6.06,6.01,4.99,-0.33,2026-04-13,2026-04-13,2000-2026
服务业与消费,SVC,餐饮,食品研发工程师,Food Product Developer,6.2,5.8,5.3,6.3,6.0,6.6,5.8,5.9,5.7,3.9,3.5,5.4,5.1,0.2,4.0,6.0,6.1,2.6,6.0,5.9,3.4,5.7,0.7,6.8,6.7,4.0,5.5,7.5,2.8,3.0,5.4,5.7,3.7,4.0,5.06,2,2,general,↑,2032-2038,中国食品研发工程师：加班文化严重，就业波动大,5.43,4.24,6.38,荷兰,孟加拉国,5.41,5.17,5.37,5.46,6.17,5.7,4.49,5.43,5.06,6.2,6.2,4.83,-0.37,2026-04-13,2026-04-13,2000-2026
技术工种与手工业,SKL,机械加工,CNC操作员,CNC Machine Operator,4.1,3.8,5.5,7.6,7.3,7.9,6.3,6.3,5.9,5.4,6.1,4.7,4.1,1.2,3.8,5.2,5.1,1.6,2.9,4.4,0.2,5.7,3.0,5.9,4.6,2.3,6.0,4.6,6.0,3.5,5.6,4.3,4.9,3.2,5.06,1,0,general,→,2026-2030,中国CNC操作员：AI替代风险较高，加班文化严重,5.27,4.11,6.65,瑞士,尼日利亚,5.31,4.87,5.47,5.16,6.24,5.54,4.32,5.22,4.71,6.11,6.31,4.39,-0.21,2026-04-13,2026-04-13,2000-2026
服务业与消费,SVC,行政办公,行政助理/秘书,Administrative Assistant / Secretary,3.3,3.2,4.2,6.8,5.3,7.8,5.3,4.1,3.8,3.9,6.0,8.2,6.7,1.9,2.6,5.3,5.9,0.8,3.8,3.7,5.3,3.7,3.4,4.4,3.6,4.0,6.0,6.1,1.7,1.2,4.4,4.0,3.3,4.3,5.06,-1,-1,general,→,2026-2030,中国行政助理/秘书：薪资水平偏低，AI替代风险较高，加班文化严重,5.29,4.34,6.33,瑞士,孟加拉国,5.28,5.08,5.27,5.32,6.09,5.42,4.51,5.33,4.91,6.01,6.0,4.62,-0.23,2026-04-13,2026-04-13,2000-2026
服务业与消费,SVC,餐饮,面包师,Bread Baker / Boulanger,4.3,3.8,5.7,6.3,5.7,6.8,5.8,5.6,3.9,4.4,3.5,5.4,4.4,0.0,3.7,6.5,5.9,2.8,7.9,5.4,0.8,4.1,1.0,7.6,8.4,4.4,5.0,7.5,7.5,3.0,6.5,5.7,3.9,4.0,5.05,2,2,general,↑,2035+,中国面包师：薪资水平偏低，AI替代抗性强，加班文化严重,5.47,4.39,6.5,瑞士,孟加拉国,5.38,5.24,5.44,5.63,6.14,5.81,4.63,5.5,4.99,6.22,6.21,4.79,-0.42,2026-04-13,2026-04-13,2000-2026
技术工种与手工业,SKL,建筑工,砌筑工,Bricklayer / Mason,3.0,1.7,5.9,6.3,8.3,10.0,5.8,7.1,4.5,5.2,5.6,3.4,3.2,0.7,2.4,4.7,3.8,2.3,7.9,4.1,0.5,4.2,1.5,5.2,5.5,1.6,5.2,5.6,8.7,3.0,7.3,4.7,4.3,3.0,5.05,2,2,general,↑,2035+,中国砌筑工：薪资水平偏低，AI替代抗性强，加班文化严重,5.45,4.31,6.61,瑞士,孟加拉国,5.39,5.09,5.59,5.54,6.31,5.74,4.51,5.32,4.91,6.48,6.38,4.68,-0.4,2026-04-13,2026-04-13,2000-2026
文化、艺术与传媒,ART,体育竞技,体育教练,Sports Coach / Trainer,6.6,4.4,6.3,7.3,5.1,8.0,5.9,6.4,6.9,4.9,5.0,4.9,4.0,0.0,4.0,4.3,4.3,3.9,9.4,6.6,0.9,4.7,0.7,7.9,4.2,3.7,1.2,7.1,6.2,3.2,5.4,2.2,6.0,5.7,5.05,3,1,general,→,2035+,中国体育教练：AI替代抗性强，加班文化严重,4.97,3.83,5.87,瑞典,孟加拉国,5.0,4.6,4.92,4.84,5.61,5.43,4.13,5.07,4.68,5.66,5.8,4.36,0.08,2026-04-13,2026-04-13,2000-2026
技术工种与手工业,SKL,建筑工,钢筋工,Rebar Worker / Ironworker,3.0,1.9,6.0,6.6,8.5,10.0,5.7,6.8,5.7,5.6,4.6,2.2,3.0,0.7,2.3,4.3,4.8,2.1,7.3,4.2,0.0,4.7,1.7,5.5,5.6,2.0,4.6,5.2,9.0,3.1,7.7,5.1,4.1,1.8,5.05,2,2,general,↑,2032-2038,中国钢筋工：加班文化严重,5.39,4.29,6.69,澳大利亚,孟加拉国,5.3,5.0,5.41,5.44,6.26,5.69,4.44,5.29,4.86,6.54,6.35,4.69,-0.34,2026-04-13,2026-04-13,2000-2026
技术工种与手工业,SKL,建筑工,脚手架工,Scaffolder,3.2,1.4,6.1,6.2,7.9,10.0,5.5,7.2,5.6,6.6,5.1,1.9,2.9,0.7,3.3,4.1,3.8,2.3,7.9,3.4,0.0,4.3,2.2,5.3,5.3,1.3,4.2,5.5,8.8,4.4,7.2,5.3,4.3,1.9,5.05,2,2,general,↑,2035+,中国脚手架工：AI替代抗性强，加班文化严重,5.41,4.21,6.57,瑞士,孟加拉国,5.33,5.05,5.46,5.46,6.3,5.74,4.42,5.39,4.84,6.54,6.3,4.63,-0.36,2026-04-13,2026-04-13,2000-2026
技术工种与手工业,SKL,建筑工,木模工,Formwork Carpenter / Shuttering Joiner,4.0,1.9,5.7,6.2,7.5,10.0,6.9,6.4,5.3,6.4,5.8,2.7,3.9,1.4,2.7,4.1,3.6,2.3,7.0,3.4,0.0,3.8,2.4,5.4,5.1,1.9,4.4,5.5,7.8,3.4,7.8,5.7,4.5,1.9,5.04,2,2,general,↑,2032-2038,中国木模工：加班文化严重,5.42,4.3,6.61,荷兰,孟加拉国,5.39,5.05,5.46,5.47,6.24,5.72,4.44,5.36,4.86,6.52,6.35,4.67,-0.38,2026-04-13,2026-04-13,2000-2026
服务业与消费,SVC,餐饮,屠宰师/肉类切割师,Butcher / Meat Cutter,4.1,3.8,5.9,6.2,6.2,6.0,6.4,5.2,4.0,4.4,4.0,5.2,5.0,0.0,3.2,6.4,6.1,2.6,7.9,5.3,0.5,4.7,0.7,7.0,7.7,4.3,4.9,7.6,8.2,2.8,6.4,5.1,4.1,4.8,5.04,2,2,general,↑,2035+,中国屠宰师/肉类切割师：薪资水平偏低，AI替代抗性强，加班文化严重,5.41,4.3,6.5,瑞士,巴基斯坦,5.32,5.18,5.34,5.46,6.13,5.77,4.56,5.38,5.02,6.16,6.19,4.76,-0.37,2026-04-13,2026-04-13,2000-2026
公共管理与公务员,GOV,警察执法,海关官员,Customs Officer,5.3,5.8,4.8,9.3,6.2,5.6,5.6,4.1,6.2,6.1,10.0,7.7,5.4,3.9,3.6,4.2,3.5,2.7,5.5,8.5,0.2,2.6,4.1,5.8,1.0,4.2,5.4,6.8,3.0,9.3,2.1,0.0,4.5,8.5,5.03,0,1,general,→,2028-2033,中国海关官员：就业稳定,4.99,4.08,5.85,瑞士,尼日利亚,5.11,4.78,4.86,4.99,5.78,5.01,4.34,5.16,4.61,5.66,5.63,4.24,0.04,2026-04-13,2026-04-13,2000-2026
服务业与消费,SVC,餐饮,食品卫生管理员,Food Hygiene Manager,5.3,3.3,5.3,6.6,6.4,6.7,5.8,5.4,4.2,4.6,7.0,5.4,4.3,0.0,4.1,6.1,5.5,2.4,5.7,4.5,0.3,4.2,1.4,7.2,7.5,4.0,5.2,7.8,2.9,4.3,6.4,4.5,4.4,4.4,5.03,2,2,general,↑,2028-2033,中国食品卫生管理员：薪资水平偏低，加班文化严重,5.38,4.32,6.49,瑞士,巴基斯坦,5.32,5.12,5.37,5.39,6.13,5.75,4.51,5.36,5.04,6.11,6.13,4.74,-0.35,2026-04-13,2026-04-13,2000-2026
农业、资源与环境,AGR,种植,精准农业技术员,Precision Agriculture Technician,5.2,4.3,7.1,7.6,6.9,8.9,6.4,8.0,5.6,5.5,4.6,4.7,3.7,1.3,2.8,3.8,3.3,1.7,2.9,5.1,1.1,6.5,3.1,6.0,6.2,4.6,7.1,4.0,4.7,1.3,7.7,3.2,1.8,2.5,5.03,3,5,general,↑↑,2025-2028,中国精准农业技术员：AI替代风险较高，加班文化严重，近年增长迅猛,5.21,4.41,6.17,丹麦,巴基斯坦,5.0,4.97,5.16,4.96,5.94,5.39,4.65,5.27,5.0,6.06,5.84,4.75,-0.18,2026-04-13,2026-04-13,2000-2026
法律与社会服务,LAW,宗教,印度教祭司,Hindu Priest (Pandit),4.3,3.3,2.7,8.5,4.1,3.3,4.1,3.3,2.6,3.7,5.4,8.2,6.0,2.2,3.7,4.3,3.0,3.2,9.2,6.3,1.6,6.6,2.7,7.6,4.0,2.0,8.3,9.1,2.1,5.0,0.3,3.5,3.7,3.8,5.03,0,0,general,→,2035+,中国印度教祭司：薪资水平偏低，AI替代抗性强，加班文化严重,5.48,4.74,6.25,荷兰,孟加拉国,5.38,5.27,5.4,5.23,6.11,5.72,4.99,5.44,5.24,6.18,6.1,5.08,-0.45,2026-04-13,2026-04-13,2000-2026
服务业与消费,SVC,客户服务,客服专员/呼叫中心坐席,Customer Service Representative / Call Center Agent,3.3,3.6,4.9,6.2,7.4,9.3,6.3,4.7,3.5,4.1,5.0,7.9,6.8,0.7,4.3,5.3,5.4,1.8,3.1,3.2,5.2,3.2,3.0,3.9,3.9,4.8,5.1,8.1,2.3,1.8,4.6,3.9,3.5,4.0,5.03,-1,-1,general,→,2026-2030,中国客服专员/呼叫中心坐席：薪资水平偏低，AI替代风险较高，加班文化严重,5.24,4.17,6.18,瑞士,巴基斯坦,5.27,4.99,5.21,5.22,6.03,5.42,4.36,5.29,4.79,5.91,6.06,4.56,-0.21,2026-04-13,2026-04-13,2000-2026
服务业与消费,SVC,休闲娱乐,游乐园操作员,Amusement Park Ride Operator,2.4,3.6,6.3,6.7,6.7,7.5,6.1,4.6,3.1,4.4,4.3,4.4,5.3,0.6,2.6,5.8,5.6,1.8,6.9,2.9,0.8,5.5,1.9,7.8,6.7,4.4,4.7,7.9,5.5,3.0,6.9,4.5,3.1,3.7,5.03,2,3,general,↑,2032-2038,中国游乐园操作员：薪资水平偏低，加班文化严重,5.3,4.13,6.28,瑞士,孟加拉国,5.28,5.08,5.25,5.28,5.98,5.52,4.4,5.41,4.94,6.06,6.02,4.64,-0.27,2026-04-13,2026-04-13,2000-2026
服务业与消费,SVC,殡葬,公墓管理员,Cemetery Manager,4.3,4.4,4.5,7.8,5.5,4.4,6.0,5.4,3.6,5.4,6.5,5.7,4.2,1.7,3.8,5.2,3.5,0.9,7.5,4.5,0.6,4.7,2.2,6.4,4.2,5.3,6.5,5.0,4.3,4.4,1.6,2.6,2.5,5.1,5.03,1,1,general,→,2035+,中国公墓管理员：薪资水平偏低，AI替代抗性强，加班文化严重,5.47,4.55,6.46,荷兰,巴基斯坦,5.34,5.26,5.44,5.43,6.26,5.71,4.7,5.59,5.15,6.18,6.17,4.84,-0.44,2026-04-13,2026-04-13,2000-2026
技术工种与手工业,SKL,建筑工,吊车操作员,Crane Operator,4.2,3.1,5.9,6.8,8.1,10.0,6.8,7.1,6.6,5.8,4.9,2.4,3.9,0.9,3.3,4.9,4.0,1.7,5.5,4.4,0.0,4.5,0.9,5.5,5.4,1.5,5.2,5.8,5.7,6.4,7.5,5.7,4.7,2.6,5.03,2,2,general,↑,2028-2033,中国吊车操作员：加班文化严重,5.29,4.16,6.49,澳大利亚,孟加拉国,5.21,4.93,5.34,5.33,6.11,5.6,4.3,5.26,4.8,6.38,6.18,4.55,-0.26,2026-04-13,2026-04-13,2000-2026
法律与社会服务,LAW,社会工作,学校社工,School Social Worker,5.9,5.6,3.9,7.5,4.0,4.4,5.1,4.7,2.1,4.4,5.4,8.2,5.2,3.7,2.7,5.9,5.6,2.3,7.2,5.7,3.3,4.7,3.9,6.8,3.0,6.2,6.2,8.6,1.1,6.1,2.2,2.2,3.9,4.4,5.02,2,1,general,→,2032-2038,中国学校社工：薪资水平偏低,5.7,4.87,6.67,丹麦,尼日利亚,5.57,5.35,5.62,5.42,6.63,5.94,5.01,5.9,5.4,6.38,6.48,5.14,-0.68,2026-04-13,2026-04-13,2000-2026
技术工种与手工业,SKL,建筑工,混凝土工,Concrete Finisher,3.0,2.0,6.1,6.5,8.5,10.0,6.2,6.9,4.1,6.0,4.8,2.9,3.7,0.9,1.8,4.3,4.4,2.1,7.6,3.8,0.0,5.0,2.2,5.2,5.2,0.8,5.0,5.5,9.0,3.4,7.9,5.5,4.1,2.6,5.02,2,2,general,↑,2035+,中国混凝土工：薪资水平偏低，AI替代抗性强，加班文化严重,5.41,4.36,6.59,澳大利亚,孟加拉国,5.31,5.01,5.48,5.46,6.36,5.68,4.54,5.36,4.88,6.5,6.33,4.68,-0.39,2026-04-13,2026-04-13,2000-2026
公共管理与公务员,GOV,司法行政,法院书记员,Court Clerk,4.5,5.7,4.2,9.6,5.3,6.1,3.9,3.4,5.4,6.2,10.0,8.9,5.9,4.1,5.0,4.7,4.5,1.7,4.2,6.6,2.0,2.3,3.9,4.3,0.6,5.2,7.5,6.3,1.0,8.5,0.3,0.8,2.1,8.6,5.01,-1,0,general,→,2026-2030,中国法院书记员：供过于求，就业稳定,5.09,4.29,5.84,瑞士,孟加拉国,5.13,4.92,5.03,5.08,5.79,5.16,4.48,5.19,4.77,5.6,5.64,4.48,-0.08,2026-04-13,2026-04-13,2000-2026
农业、资源与环境,AGR,种植,农学家/农艺师,Agronomist,7.3,7.6,5.3,7.9,5.9,10.0,5.9,5.9,6.8,4.8,5.5,5.2,3.4,0.2,2.8,3.2,5.7,2.0,5.8,7.2,2.1,6.9,3.0,5.5,6.6,3.5,6.4,4.3,4.0,3.8,7.8,2.2,4.0,2.5,5.01,0,0,general,→,2028-2033,中国农学家/农艺师：加班文化严重,5.29,4.59,6.32,丹麦,尼日利亚,5.01,5.04,5.26,5.11,6.01,5.58,4.73,5.38,5.09,6.07,5.95,4.76,-0.28,2026-04-13,2026-04-13,2000-2026
农业、资源与环境,AGR,种植,农业无人机操作员,Agricultural Drone Operator,5.0,4.1,8.2,7.6,5.7,9.5,6.0,6.7,4.9,5.1,4.3,6.5,4.0,0.0,2.6,3.7,3.2,2.2,3.5,5.5,2.3,7.1,3.2,5.3,7.3,4.3,7.3,4.2,3.5,1.4,8.0,3.0,1.8,2.9,5.01,3,5,general,↑↑,2026-2030,中国农业无人机操作员：AI替代风险较高，加班文化严重，近年增长迅猛,5.3,4.49,6.4,荷兰,尼日利亚,5.0,5.07,5.31,5.12,5.97,5.59,4.76,5.48,5.12,6.08,5.93,4.7,-0.29,2026-04-13,2026-04-13,2000-2026
农业、资源与环境,AGR,石油天然气,石油工程师,Petroleum Engineer,7.5,7.9,3.4,6.6,6.0,7.3,6.5,9.3,10.0,6.5,5.9,2.5,3.5,0.0,3.3,4.9,5.7,1.9,6.3,8.5,2.0,4.8,1.2,5.6,3.8,2.4,5.2,5.5,3.7,6.1,8.1,0.5,6.9,6.8,5.01,-1,0,general,→,2032-2038,中国石油工程师：薪资回报高，加班文化严重,4.97,3.96,5.81,澳大利亚,孟加拉国,4.78,4.66,5.13,5.13,5.6,5.37,4.11,4.96,4.79,5.64,5.51,4.44,0.04,2026-04-13,2026-04-13,2000-2026
文化、艺术与传媒,ART,体育竞技,职业网球运动员,Professional Tennis Player,6.4,4.5,6.0,3.5,6.1,8.9,6.2,6.4,10.0,4.5,2.0,4.7,3.5,0.1,3.3,4.6,3.2,4.4,9.3,7.9,0.6,3.9,0.0,8.3,5.1,3.4,1.4,7.6,8.9,2.3,4.6,2.5,8.0,5.3,5.01,3,1,general,→,2035+,中国职业网球运动员：薪资回报高，AI替代抗性强，加班文化严重,5.08,3.84,5.9,德国,孟加拉国,5.09,4.64,5.05,4.99,5.69,5.4,4.31,5.28,4.84,5.7,5.8,4.6,-0.07,2026-04-13,2026-04-13,2000-2026
文化、艺术与传媒,ART,体育竞技,职业电子竞技选手,Professional Esports Player,6.0,3.8,8.9,2.2,5.5,9.4,6.1,6.0,8.1,4.3,2.6,4.7,4.2,0.0,4.1,4.1,4.3,4.1,9.1,7.0,0.8,3.9,0.6,8.3,3.8,3.4,1.6,7.5,5.0,2.2,5.0,2.6,6.2,6.3,5.01,5,4,general,↑↑,2035+,中国职业电子竞技选手：薪资回报高，AI替代抗性强，加班文化严重,5.04,3.94,5.95,荷兰,巴基斯坦,5.0,4.65,5.01,4.93,5.66,5.4,4.31,5.21,4.74,5.76,5.84,4.45,-0.03,2026-04-13,2026-04-13,2000-2026
文化、艺术与传媒,ART,舞台表演,即兴戏剧演员,Improv Performer,5.8,4.3,6.3,4.7,6.2,5.8,4.3,6.1,4.9,4.8,2.8,5.7,4.5,0.4,3.3,5.9,4.3,3.6,8.5,6.0,1.4,6.2,0.1,9.1,7.1,4.4,3.3,9.0,6.2,1.8,6.9,4.6,4.3,3.8,5.0,1,-1,general,→,2035+,中国即兴戏剧演员：AI替代抗性强，加班文化严重，就业波动大,5.08,3.99,5.94,荷兰,孟加拉国,5.14,4.75,5.02,5.0,5.75,5.43,4.31,5.11,4.76,5.71,5.85,4.48,-0.08,2026-04-13,2026-04-13,2000-2026
文化、艺术与传媒,ART,体育竞技,体育记者,Sports Journalist,6.6,4.4,6.5,7.9,5.3,8.2,5.6,6.4,6.3,3.8,2.8,4.9,3.0,0.2,2.8,3.7,4.1,4.2,9.1,7.4,3.4,4.9,0.2,8.3,3.6,4.9,1.6,7.5,2.8,2.2,5.3,3.0,6.2,5.9,5.0,3,1,general,→,2035+,中国体育记者：AI替代抗性强，加班文化严重，就业波动大,5.09,3.91,6.14,澳大利亚,巴基斯坦,5.01,4.69,5.1,4.95,5.71,5.54,4.24,5.26,4.84,5.88,5.92,4.48,-0.09,2026-04-13,2026-04-13,2000-2026
服务业与消费,SVC,酒店旅游,前台接待员,Hotel Front Desk Receptionist,2.6,2.6,5.9,6.7,5.9,6.4,4.9,4.5,2.7,4.6,4.3,6.2,5.9,0.9,3.2,6.2,5.9,2.0,5.9,3.9,1.3,5.2,1.4,6.4,6.4,4.4,5.5,8.5,4.7,2.5,8.3,4.6,4.8,4.6,5.0,2,2,general,↑,2028-2033,中国前台接待员：薪资水平偏低，加班文化严重,5.39,4.37,6.36,瑞士,孟加拉国,5.28,5.15,5.31,5.46,6.07,5.78,4.56,5.45,4.97,6.06,6.15,4.76,-0.39,2026-04-13,2026-04-13,2000-2026
技术工种与手工业,SKL,机械加工,车工,Lathe Operator / Turner,3.9,3.2,5.0,7.0,7.7,8.7,5.5,4.7,5.3,5.1,6.5,5.0,4.9,1.9,3.0,5.4,4.9,1.2,3.5,5.2,0.0,5.5,2.6,5.8,5.2,2.4,5.4,4.3,6.5,3.6,6.2,4.7,4.3,3.7,4.99,0,-1,general,→,2026-2030,中国车工：AI替代风险较高，加班文化严重,5.22,3.99,6.48,德国,尼日利亚,5.25,4.79,5.42,5.15,6.18,5.52,4.18,5.3,4.71,6.09,6.18,4.38,-0.23,2026-04-13,2026-04-13,2000-2026
农业、资源与环境,AGR,采矿,矿山安全工程师,Mine Safety Engineer,7.4,7.4,5.9,5.9,6.2,8.4,8.1,8.6,9.7,5.7,5.8,5.0,2.4,0.4,2.2,3.8,2.7,1.9,6.7,7.7,2.6,3.2,1.2,6.6,4.1,1.8,3.7,5.4,4.3,7.1,7.6,1.3,5.6,5.2,4.99,0,1,general,→,2032-2038,中国矿山安全工程师：薪资回报高，人才需求旺盛，加班文化严重,4.96,3.83,6.08,澳大利亚,孟加拉国,4.75,4.62,5.23,4.9,5.71,5.35,4.11,4.86,4.92,5.82,5.51,4.42,0.03,2026-04-13,2026-04-13,2000-2026
公共管理与公务员,GOV,消防应急,消防队长,Fire Captain,6.1,6.5,4.5,7.2,4.4,4.4,5.5,5.1,6.6,6.7,10.0,4.3,2.9,1.9,2.4,5.2,4.2,1.3,7.9,9.6,0.0,4.9,1.6,7.8,2.0,3.4,4.1,8.3,8.2,8.5,0.0,1.4,2.2,8.8,4.99,0,1,general,→,2035+,中国消防队长：AI替代抗性强，加班文化严重，就业稳定,5.03,4.15,5.86,丹麦,尼日利亚,5.11,4.83,4.95,5.03,5.84,5.07,4.49,5.1,4.68,5.57,5.61,4.35,-0.04,2026-04-13,2026-04-13,2000-2026
文化、艺术与传媒,ART,舞台表演,木偶师,Puppeteer,6.3,4.5,5.4,5.3,5.5,4.4,5.0,5.0,5.0,4.6,3.3,6.2,4.3,0.4,4.3,5.9,4.4,3.6,9.5,6.2,1.9,5.5,1.2,8.7,5.2,5.0,4.2,7.9,6.2,2.3,6.9,4.0,4.7,4.0,4.99,1,-1,general,→,2035+,中国木偶师：AI替代抗性强，加班文化严重，就业波动大,5.01,3.92,5.9,德国,孟加拉国,5.06,4.68,5.03,4.84,5.62,5.47,4.25,5.05,4.62,5.7,5.8,4.41,-0.02,2026-04-13,2026-04-13,2000-2026
法律与社会服务,LAW,宗教,军队牧师,Military Chaplain,5.8,6.4,3.2,7.8,2.5,1.8,4.5,4.2,4.8,5.8,7.6,6.2,4.9,3.1,2.8,5.6,4.1,2.0,8.7,6.9,1.7,3.9,2.5,8.7,2.2,3.9,7.1,9.1,3.3,7.0,1.2,0.6,5.5,6.7,4.99,0,0,general,→,2035+,中国军队牧师：AI替代抗性强，加班文化严重，就业稳定,5.37,4.55,6.1,荷兰,孟加拉国,5.36,5.14,5.26,5.22,5.87,5.63,4.81,5.38,5.14,5.9,6.0,4.96,-0.38,2026-04-13,2026-04-13,2000-2026
文化、艺术与传媒,ART,舞台表演,歌剧歌手,Opera Singer,8.1,6.6,5.4,5.2,5.9,5.4,4.9,4.8,7.2,3.9,3.3,6.0,5.1,0.5,2.8,5.8,4.6,3.3,8.7,7.8,2.0,6.5,0.6,9.4,5.0,5.5,3.8,8.1,6.7,2.4,6.5,4.6,4.3,4.6,4.99,1,-1,general,→,2035+,中国歌剧歌手：AI替代抗性强，加班文化严重，就业波动大,5.09,3.95,5.99,澳大利亚,巴基斯坦,5.16,4.75,5.06,4.95,5.73,5.5,4.36,5.13,4.7,5.76,5.9,4.46,-0.1,2026-04-13,2026-04-13,2000-2026
文化、艺术与传媒,ART,舞台表演,舞蹈家/舞者,Dancer / Choreographer,6.0,4.5,5.0,3.3,6.2,5.6,5.3,5.0,4.5,4.8,3.0,6.0,5.5,0.6,4.0,6.2,4.9,3.3,8.8,6.4,1.7,6.7,0.0,8.9,5.9,4.7,3.6,7.7,8.1,1.5,6.1,4.8,4.7,4.6,4.98,1,-1,general,→,2035+,中国舞蹈家/舞者：薪资水平偏低，AI替代抗性强，加班文化严重,5.0,3.96,5.92,德国,巴基斯坦,5.07,4.62,4.85,4.84,5.68,5.39,4.31,5.05,4.64,5.57,5.87,4.41,-0.02,2026-04-13,2026-04-13,2000-2026
公共管理与公务员,GOV,警察执法,刑事侦探,Criminal Investigator / Detective,6.0,5.6,4.7,7.9,6.3,6.1,6.2,5.8,5.7,5.8,8.9,5.0,2.8,2.1,1.6,5.2,4.7,2.7,7.0,8.8,0.2,5.0,2.0,8.2,1.6,4.2,4.7,7.5,5.8,9.0,0.5,0.9,3.0,9.0,4.98,0,1,general,→,2032-2038,中国刑事侦探：加班文化严重，就业稳定,4.98,4.02,5.82,丹麦,尼日利亚,5.13,4.75,4.89,4.93,5.78,5.01,4.4,5.08,4.63,5.6,5.59,4.26,0.0,2026-04-13,2026-04-13,2000-2026
服务业与消费,SVC,平台零工,网约车司机,Ride-hailing Driver (Uber/Didi/etc.),2.0,1.6,8.0,5.4,10.0,10.0,6.3,3.4,2.4,4.0,0.6,4.7,4.7,0.3,3.8,4.3,5.5,1.4,5.1,3.0,2.3,7.1,2.2,4.6,6.4,3.6,5.2,4.5,4.8,1.0,4.9,7.6,1.6,3.1,4.98,4,3,general,↑,2028-2033,中国网约车司机：薪资水平偏低，加班文化严重，就业波动大,5.21,4.31,6.09,荷兰,孟加拉国,5.07,5.0,5.13,5.21,5.95,5.46,4.52,5.21,4.92,5.87,5.9,4.65,-0.23,2026-04-13,2026-04-13,2000-2026
农业、资源与环境,AGR,畜牧,养蜂人,Beekeeper / Apiarist,3.2,2.7,4.6,7.3,5.8,4.7,5.1,6.6,4.3,5.5,5.5,5.0,3.4,0.2,2.8,3.2,3.7,1.5,7.5,3.5,0.0,5.9,2.2,7.5,7.4,3.0,7.7,3.6,6.1,1.6,6.6,5.7,1.9,3.4,4.98,0,1,general,→,2035+,中国养蜂人：薪资水平偏低，AI替代抗性强，加班文化严重,5.15,4.3,6.19,荷兰,尼日利亚,4.96,4.87,5.2,5.02,5.85,5.39,4.45,5.18,4.96,5.88,5.91,4.53,-0.17,2026-04-13,2026-04-13,2000-2026
信息技术与数字化,TECH,新兴数字职业,数据标注师,Data Annotator,2.1,1.2,4.0,3.6,6.6,8.0,5.2,3.8,5.4,5.9,3.3,9.5,4.5,2.0,2.3,4.4,5.5,2.8,2.3,4.5,6.3,2.7,3.5,3.1,3.5,7.1,7.5,3.4,1.5,0.0,5.9,7.3,3.0,2.7,4.98,2,2,general,↑,2025-2028,中国数据标注师：AI替代风险较高，加班文化严重，就业波动大,4.79,3.65,5.83,瑞典,孟加拉国,4.84,4.42,4.79,4.85,5.73,5.27,4.02,4.68,4.32,5.44,5.64,3.87,0.19,2026-04-13,2026-04-13,2000-2026
法律与社会服务,LAW,社会工作,社区发展工作者,Community Development Worker,4.8,4.9,3.1,6.5,3.0,4.0,4.8,4.4,1.7,4.4,3.8,7.2,4.5,3.0,2.4,6.5,5.5,2.5,8.0,5.4,3.0,5.7,3.0,6.4,5.0,7.1,6.9,9.1,2.9,3.6,3.1,4.2,4.2,3.6,4.98,1,1,general,→,2035+,中国社区发展工作者：薪资水平偏低，AI替代抗性强，加班文化严重,5.62,4.72,6.72,瑞典,巴基斯坦,5.5,5.29,5.54,5.3,6.66,5.78,4.91,5.85,5.34,6.44,6.4,5.04,-0.64,2026-04-13,2026-04-13,2000-2026
公共管理与公务员,GOV,消防应急,消防员,Firefighter,4.9,4.3,4.2,7.3,6.7,7.9,6.1,5.0,3.9,6.2,10.0,3.8,2.4,3.2,2.6,3.7,3.8,0.9,8.3,8.8,0.0,2.1,1.7,8.6,0.4,2.8,4.0,7.5,8.7,7.6,0.6,1.1,3.0,9.0,4.97,0,1,general,→,2035+,中国消防员：薪资水平偏低，AI替代抗性强，加班文化严重,4.88,4.05,5.69,荷兰,巴基斯坦,4.98,4.67,4.77,4.84,5.58,5.01,4.28,4.97,4.58,5.42,5.48,4.24,0.09,2026-04-13,2026-04-13,2000-2026
法律与社会服务,LAW,法律助理/律师助理,法律秘书,Legal Secretary,3.4,3.1,3.4,6.7,6.4,7.4,4.1,3.7,3.5,5.3,5.0,9.2,5.2,2.9,4.0,4.7,4.5,1.8,3.5,4.3,5.3,3.4,3.7,3.4,2.6,6.2,6.0,6.2,0.2,2.2,3.6,4.6,3.0,3.0,4.97,0,-2,general,↓,2026-2030,中国法律秘书：薪资水平偏低，AI替代风险较高，加班文化严重,5.26,4.09,6.35,瑞士,孟加拉国,5.29,4.96,5.17,5.14,5.97,5.57,4.45,5.36,4.88,5.98,6.12,4.57,-0.29,2026-04-13,2026-04-13,2000-2026
技术工种与手工业,SKL,建筑工,挖掘机操作员,Excavator Operator,3.5,1.4,5.7,6.0,8.5,10.0,6.1,7.3,6.5,6.4,4.4,3.4,3.4,0.6,3.2,4.1,3.6,1.9,4.0,3.8,0.6,4.0,1.6,5.3,5.1,0.8,5.0,5.2,4.7,4.0,7.7,5.6,4.7,1.8,4.97,2,1,general,→,2026-2030,中国挖掘机操作员：AI替代风险较高，加班文化严重,5.27,4.17,6.59,澳大利亚,孟加拉国,5.24,4.86,5.37,5.3,6.07,5.63,4.35,5.18,4.72,6.42,6.21,4.44,-0.3,2026-04-13,2026-04-13,2000-2026
服务业与消费,SVC,餐饮,服务员,Waiter / Waitress,2.5,1.9,5.1,6.2,6.9,6.8,6.2,6.0,2.8,3.9,3.0,5.4,5.0,0.2,4.6,5.8,6.2,2.2,6.8,2.8,0.0,4.5,1.0,6.9,7.5,4.5,4.6,7.3,7.1,2.7,6.4,5.1,4.3,4.4,4.97,2,2,general,↑,2032-2038,中国服务员：薪资水平偏低，加班文化严重，就业波动大,5.33,4.32,6.47,瑞士,孟加拉国,5.3,5.1,5.33,5.32,6.11,5.64,4.51,5.35,4.88,6.02,6.07,4.71,-0.36,2026-04-13,2026-04-13,2000-2026
服务业与消费,SVC,零售,零售店员/销售助理,Retail Sales Associate,2.8,3.3,5.5,6.0,7.4,9.5,5.4,4.1,4.0,4.7,3.0,7.4,6.3,0.9,3.4,5.9,5.8,1.5,5.1,4.5,1.4,3.2,1.2,4.4,5.2,5.5,5.1,7.7,4.3,1.9,5.6,4.8,2.1,3.5,4.97,0,0,general,→,2028-2033,中国零售店员/销售助理：薪资水平偏低，加班文化严重，就业波动大,5.15,4.25,6.11,澳大利亚,孟加拉国,5.14,4.91,5.16,5.16,5.87,5.37,4.37,5.21,4.8,5.96,5.86,4.42,-0.18,2026-04-13,2026-04-13,2000-2026
农业、资源与环境,AGR,石油天然气,LNG工程师,LNG (Liquefied Natural Gas) Engineer,5.6,5.2,4.7,6.5,6.8,6.4,7.9,9.0,9.1,6.7,5.1,4.3,2.4,0.6,3.0,4.1,4.8,2.2,5.6,5.8,1.4,4.7,0.0,5.2,3.6,2.8,4.8,5.7,3.7,5.4,8.9,0.9,7.1,6.9,4.97,-1,2,general,↑,2028-2033,中国LNG工程师：薪资回报高，人才需求旺盛，加班文化严重,5.06,4.05,5.94,加拿大,巴基斯坦,4.88,4.78,5.19,5.17,5.67,5.46,4.23,4.99,4.85,5.76,5.64,4.5,-0.09,2026-04-13,2026-04-13,2000-2026
文化、艺术与传媒,ART,体育竞技,职业高尔夫球员,Professional Golfer,5.6,4.0,6.2,4.7,5.5,7.6,5.4,5.6,9.9,4.0,2.5,4.7,3.5,0.0,3.5,4.2,3.1,3.9,9.0,8.4,0.4,4.0,0.1,9.1,4.2,3.4,1.9,7.4,9.4,2.6,4.9,3.0,7.3,6.1,4.96,3,1,general,→,2035+,中国职业高尔夫球员：薪资回报高，AI替代抗性强，加班文化严重,5.07,4.0,5.97,德国,孟加拉国,5.07,4.7,5.11,4.94,5.6,5.48,4.31,5.2,4.78,5.78,5.82,4.5,-0.11,2026-04-13,2026-04-13,2000-2026
农业、资源与环境,AGR,渔业,渔业检查员,Fisheries Inspector,5.1,4.6,3.5,6.8,6.5,10.0,5.6,6.6,6.8,5.5,6.0,6.3,3.2,0.0,2.3,3.5,3.4,1.4,6.8,6.0,0.9,7.1,0.7,5.9,6.2,1.9,5.7,4.9,4.4,5.3,7.5,2.9,2.7,2.8,4.96,0,0,general,→,2032-2038,中国渔业检查员：加班文化严重,4.91,3.93,5.84,丹麦,尼日利亚,4.96,4.76,4.85,4.77,5.72,5.07,4.17,5.04,4.58,5.68,5.51,4.18,0.05,2026-04-13,2026-04-13,2000-2026
文化、艺术与传媒,ART,舞台表演,相声/曲艺演员,Crosstalk / Traditional Comedy Performer,6.1,4.3,5.2,7.1,5.8,4.1,4.7,4.9,4.6,4.0,3.0,5.7,5.0,1.2,3.8,5.4,4.8,3.7,8.9,6.4,1.7,6.7,0.4,8.5,5.9,4.3,4.4,7.9,6.4,1.5,6.3,4.6,3.9,4.2,4.96,1,-1,general,→,2035+,中国相声/曲艺演员：AI替代抗性强，加班文化严重，就业波动大,5.05,3.95,5.97,德国,巴基斯坦,5.12,4.71,5.03,4.92,5.65,5.41,4.29,5.05,4.74,5.64,5.83,4.5,-0.09,2026-04-13,2026-04-13,2000-2026
技术工种与手工业,SKL,建筑工,桩基工,Pile Driver Operator,3.3,1.6,5.9,5.9,7.9,10.0,5.6,7.1,5.9,6.2,4.6,3.0,3.3,1.5,3.3,4.7,4.8,2.0,4.3,3.1,0.7,5.2,2.4,5.6,5.6,1.9,4.2,5.5,6.7,5.6,7.6,5.1,4.3,2.6,4.96,2,2,general,↑,2028-2033,中国桩基工：加班文化严重,5.25,4.17,6.46,瑞士,孟加拉国,5.26,4.88,5.34,5.31,6.04,5.57,4.32,5.15,4.74,6.3,6.16,4.49,-0.29,2026-04-13,2026-04-13,2000-2026
服务业与消费,SVC,安保,私家侦探,Private Investigator,5.6,4.2,5.6,6.8,6.0,5.8,5.1,4.5,5.8,4.5,4.8,4.2,4.7,0.4,3.4,4.0,5.1,1.3,6.6,4.7,2.7,6.7,1.7,4.9,8.4,3.6,5.3,7.0,7.2,4.8,3.6,4.2,2.8,4.4,4.95,1,1,general,→,2032-2038,中国私家侦探：加班文化严重,5.23,4.27,6.16,荷兰,孟加拉国,5.19,4.98,5.2,5.22,5.96,5.48,4.46,5.36,4.84,5.88,5.94,4.59,-0.28,2026-04-13,2026-04-13,2000-2026
技术工种与手工业,SKL,工业维护,印刷机操作员,Printing Press Operator,4.5,3.5,3.2,7.6,8.2,9.4,5.9,4.0,3.9,6.4,6.8,4.7,3.7,1.7,3.3,5.5,5.6,1.8,3.2,5.0,0.0,5.5,2.5,6.8,5.6,1.7,6.7,5.0,5.2,3.9,4.4,4.8,4.1,3.8,4.95,-2,-2,general,↓,2026-2030,中国印刷机操作员：薪资水平偏低，AI替代风险较高，加班文化严重,5.24,3.99,6.52,瑞士,尼日利亚,5.27,4.85,5.47,5.12,6.22,5.57,4.23,5.21,4.68,6.16,6.26,4.35,-0.29,2026-04-13,2026-04-13,2000-2026
公共管理与公务员,GOV,情报安全,反恐专家,Counter-terrorism Specialist,7.3,7.6,5.9,7.4,4.7,4.4,7.0,6.7,8.3,6.7,9.6,3.9,2.2,1.4,2.4,5.1,3.8,2.0,7.6,9.0,1.3,4.3,0.6,8.3,1.4,3.9,3.9,5.6,7.8,10.0,1.1,0.1,3.8,10.0,4.95,1,3,general,↑,2035+,中国反恐专家：薪资回报高，AI替代抗性强，加班文化严重,4.8,3.85,5.59,瑞典,尼日利亚,4.93,4.56,4.72,4.78,5.56,4.81,4.23,4.94,4.46,5.37,5.32,4.17,0.15,2026-04-13,2026-04-13,2000-2026
文化、艺术与传媒,ART,舞台表演,杂技演员,Acrobat / Circus Performer,5.9,4.2,6.2,3.8,5.9,6.6,4.3,5.9,4.4,3.8,3.3,3.4,5.5,0.7,3.3,5.8,5.0,3.4,9.5,5.7,1.4,6.6,0.4,8.9,6.0,5.6,3.6,8.0,9.2,2.0,6.7,4.4,5.0,4.0,4.95,1,-1,general,→,2035+,中国杂技演员：薪资水平偏低，AI替代抗性强，加班文化严重,4.9,3.83,5.85,荷兰,巴基斯坦,4.99,4.51,4.85,4.71,5.55,5.27,4.14,4.97,4.57,5.52,5.74,4.35,0.05,2026-04-13,2026-04-13,2000-2026
文化、艺术与传媒,ART,舞台表演,马戏团表演者,Circus Performer,6.0,4.3,5.8,3.8,6.0,5.6,5.5,6.0,5.2,4.6,3.6,3.4,4.3,1.6,2.8,6.1,4.5,3.4,9.5,6.2,1.1,5.7,0.3,8.1,6.0,5.9,3.2,8.5,9.4,1.8,7.0,4.0,4.7,4.8,4.95,1,-1,general,→,2035+,中国马戏团表演者：AI替代抗性强，加班文化严重，就业波动大,4.92,3.9,5.9,荷兰,孟加拉国,4.98,4.56,4.89,4.78,5.55,5.28,4.22,5.06,4.53,5.54,5.72,4.34,0.03,2026-04-13,2026-04-13,2000-2026
法律与社会服务,LAW,NGO与人道主义,人权倡导者,Human Rights Advocate,5.9,5.4,4.1,7.0,3.0,2.1,5.1,3.7,2.8,3.9,4.0,5.2,3.4,1.4,1.4,6.4,5.5,3.5,7.9,6.6,4.5,6.9,1.3,8.5,4.0,7.2,5.7,8.7,2.0,2.5,2.7,3.4,6.6,2.1,4.95,1,1,general,→,2035+,中国人权倡导者：薪资水平偏低，AI替代抗性强，加班文化严重,5.51,4.65,6.64,芬兰,巴基斯坦,5.39,5.1,5.4,5.19,6.61,5.7,4.79,5.65,5.2,6.24,6.39,4.97,-0.56,2026-04-13,2026-04-13,2000-2026
文化、艺术与传媒,ART,体育竞技,运动医学医生,Sports Medicine Doctor,7.8,7.7,5.9,8.0,6.1,7.4,5.8,6.5,10.0,4.3,3.5,5.0,3.5,0.6,3.8,4.7,3.3,3.8,8.0,8.9,0.0,5.2,0.4,8.1,3.2,4.6,1.4,7.8,4.0,6.8,5.2,2.2,6.4,5.9,4.95,3,1,general,→,2035+,中国运动医学医生：薪资回报高，AI替代抗性强，加班文化严重,4.81,3.66,5.73,荷兰,孟加拉国,4.84,4.39,4.88,4.67,5.44,5.17,4.04,4.97,4.48,5.5,5.62,4.14,0.14,2026-04-13,2026-04-13,2000-2026
法律与社会服务,LAW,NGO与人道主义,志愿者管理协调员,Volunteer Coordinator,3.2,3.9,2.4,6.0,4.0,3.8,3.9,3.1,2.0,3.1,3.5,8.2,5.2,3.7,2.2,5.7,5.4,2.3,7.1,4.4,4.8,4.7,2.7,6.2,5.0,7.0,6.7,10.0,1.7,2.0,4.4,5.4,3.8,2.3,4.94,1,0,general,→,2032-2038,中国志愿者管理协调员：薪资水平偏低，供过于求，就业波动大,5.73,4.89,6.89,荷兰,埃及,5.5,5.34,5.65,5.42,6.79,5.96,5.09,5.9,5.47,6.5,6.58,5.16,-0.79,2026-04-13,2026-04-13,2000-2026
法律与社会服务,LAW,社会工作,社区组织者,Community Organizer,4.0,4.4,3.5,6.4,4.0,4.2,4.4,4.2,1.6,3.8,3.6,7.0,5.1,3.0,1.7,6.7,5.5,2.7,7.8,5.2,3.2,5.2,1.8,7.3,4.8,6.8,6.5,9.0,3.0,3.0,2.3,4.5,3.1,2.9,4.94,1,1,general,→,2035+,中国社区组织者：薪资水平偏低，AI替代抗性强，加班文化严重,5.67,4.72,6.71,荷兰,尼日利亚,5.55,5.32,5.61,5.38,6.66,5.88,4.97,5.8,5.4,6.44,6.46,5.11,-0.73,2026-04-13,2026-04-13,2000-2026
服务业与消费,SVC,餐饮,咖啡师,Barista,3.5,3.6,5.7,6.8,6.9,6.6,6.0,5.4,1.8,4.4,4.7,5.2,5.0,0.0,3.8,6.0,5.9,2.4,6.9,4.5,0.1,4.4,0.5,7.1,6.5,4.2,5.9,7.4,6.8,3.3,5.7,6.0,3.7,4.4,4.94,2,2,general,↑,2032-2038,中国咖啡师：薪资水平偏低，加班文化严重,5.34,4.27,6.45,瑞士,巴基斯坦,5.28,5.1,5.3,5.28,6.03,5.68,4.51,5.37,4.98,6.1,6.15,4.69,-0.4,2026-04-13,2026-04-13,2000-2026
交通运输与物流,TRA,快递最后一公里,达巴瓦拉(印度送餐人),Dabbawala (Mumbai Lunchbox Deliverer),1.5,1.3,7.4,5.8,8.8,3.2,5.6,5.0,2.6,5.4,4.0,5.9,3.2,0.1,2.2,3.2,3.7,2.2,7.9,5.9,0.0,5.0,1.0,7.6,5.4,2.4,6.7,7.4,8.1,1.5,5.8,6.4,0.0,4.3,4.94,4,4,general,↑↑,2035+,中国达巴瓦拉(印度送餐人)：薪资水平偏低，AI替代抗性强，加班文化严重,5.07,3.85,6.23,瑞士,孟加拉国,5.13,4.72,5.13,5.11,6.02,5.38,4.05,5.17,4.58,5.78,5.97,4.22,-0.13,2026-04-13,2026-04-13,2000-2026
服务业与消费,SVC,清洁与维护,园艺师/园丁,Gardener / Landscaper,2.3,1.5,4.0,7.4,6.4,6.5,5.5,5.3,2.5,4.1,5.3,5.4,4.2,1.0,2.8,4.1,5.1,0.7,7.5,2.3,1.0,2.5,2.4,5.7,6.4,3.9,5.7,4.8,6.7,1.0,5.0,5.2,2.3,3.0,4.93,0,1,general,→,2035+,中国园艺师/园丁：薪资水平偏低，AI替代抗性强，加班文化严重,5.2,4.28,6.2,瑞士,巴基斯坦,5.15,5.0,5.18,5.25,5.93,5.29,4.44,5.19,4.87,5.86,5.91,4.58,-0.27,2026-04-13,2026-04-13,2000-2026
服务业与消费,SVC,零售,收银员,Cashier,1.2,1.8,5.9,6.2,7.9,9.5,6.0,4.1,2.5,4.4,3.7,7.6,6.3,0.2,4.0,5.5,6.0,1.2,2.9,2.9,1.7,3.9,1.9,4.7,5.6,4.7,5.4,7.4,4.2,1.8,5.9,4.6,2.0,3.9,4.93,-2,-1,general,→,2025-2028,中国收银员：薪资水平偏低，AI替代风险较高，加班文化严重,5.03,3.99,5.97,瑞士,孟加拉国,5.04,4.76,4.94,5.06,5.76,5.37,4.26,5.08,4.6,5.78,5.74,4.36,-0.1,2026-04-13,2026-04-13,2000-2026
服务业与消费,SVC,零售,加油站员工,Gas Station Attendant,1.9,1.3,5.7,6.5,8.1,9.6,5.1,3.9,2.1,4.2,4.3,4.9,5.5,1.0,3.3,6.4,5.5,1.5,5.9,2.5,1.1,3.9,1.2,4.5,6.2,4.1,4.9,7.9,4.7,1.2,6.2,5.0,2.0,4.1,4.92,-1,-1,general,→,2028-2033,中国加油站员工：薪资水平偏低，加班文化严重,5.12,4.18,6.1,澳大利亚,孟加拉国,5.14,4.89,4.97,5.18,5.87,5.34,4.34,5.16,4.73,5.91,5.84,4.44,-0.2,2026-04-13,2026-04-13,2000-2026
农业、资源与环境,AGR,林业,林业工程师,Forestry Engineer / Silviculturist,6.1,6.9,5.0,7.5,5.1,5.2,5.8,6.8,6.8,5.4,6.0,3.3,3.2,1.2,3.2,4.1,3.7,1.7,7.0,5.9,1.8,6.7,1.5,6.8,4.3,2.8,4.7,4.1,4.2,2.3,5.5,2.3,4.1,4.4,4.92,1,1,general,→,2032-2038,中国林业工程师：加班文化严重,5.04,4.19,5.99,荷兰,孟加拉国,4.85,4.73,5.13,4.93,5.79,5.32,4.34,5.09,4.89,5.86,5.67,4.42,-0.12,2026-04-13,2026-04-13,2000-2026
文化、艺术与传媒,ART,传统表演艺术,民族乐器演奏家,Traditional/Folk Instrument Player,6.8,4.2,4.1,5.7,5.2,4.4,4.2,5.2,5.5,3.2,3.3,6.7,5.5,2.7,2.5,4.5,4.3,2.7,9.5,6.4,1.4,5.0,1.6,8.5,3.0,4.7,4.7,6.7,6.3,2.2,3.3,4.7,4.4,4.9,4.92,-1,-2,general,↓,2035+,中国民族乐器演奏家：AI替代抗性强，加班文化严重，就业波动大,4.87,3.83,5.87,荷兰,孟加拉国,4.95,4.51,4.82,4.73,5.42,5.27,4.12,4.94,4.5,5.46,5.7,4.28,0.05,2026-04-13,2026-04-13,2000-2026
文化、艺术与传媒,ART,舞台表演,艺伎,Geisha,7.7,4.9,5.6,5.6,6.1,3.0,5.3,5.6,6.2,3.6,3.1,6.0,5.0,0.6,3.9,5.3,4.8,3.6,9.9,5.6,1.0,6.0,0.7,8.5,5.5,1.0,3.8,7.8,6.8,2.4,6.1,5.1,4.8,4.0,4.91,1,-1,general,→,2035+,中国艺伎：AI替代抗性强，加班文化严重，就业波动大,4.92,3.91,5.81,德国,孟加拉国,4.95,4.59,4.82,4.76,5.54,5.31,4.23,4.94,4.68,5.46,5.72,4.36,-0.01,2026-04-13,2026-04-13,2000-2026
文化、艺术与传媒,ART,舞台表演,芭蕾舞者,Ballet Dancer,7.8,4.5,6.0,3.3,6.2,6.2,4.3,5.0,5.1,4.8,3.5,5.9,4.7,0.9,3.3,6.5,4.5,3.9,9.5,6.0,0.5,6.2,0.9,10.0,5.6,5.0,4.4,7.6,9.4,2.3,7.0,4.6,4.2,4.4,4.91,1,-1,general,→,2035+,中国芭蕾舞者：AI替代抗性强，加班文化严重，就业波动大,4.96,3.89,5.87,荷兰,孟加拉国,5.01,4.63,4.88,4.87,5.57,5.41,4.14,5.02,4.59,5.54,5.79,4.39,-0.05,2026-04-13,2026-04-13,2000-2026
交通运输与物流,TRA,管道运输,管道检测技师,Pipeline Inspection Technician,5.3,5.1,4.6,8.3,4.4,4.2,7.1,8.0,7.0,5.6,6.5,5.0,3.7,3.2,4.1,3.7,3.8,0.8,6.2,4.6,0.8,4.7,2.6,5.3,2.8,2.9,6.0,4.0,6.3,6.3,5.2,2.5,2.8,7.5,4.91,1,1,general,→,2032-2038,中国管道检测技师：加班文化严重,5.12,3.96,6.16,丹麦,巴基斯坦,5.21,4.84,5.06,5.16,6.04,5.45,4.15,5.13,4.63,5.9,5.96,4.29,-0.21,2026-04-13,2026-04-13,2000-2026
技术工种与手工业,SKL,机械加工,磨床操作员,Grinder Operator,3.9,2.9,4.3,7.3,7.3,8.1,6.6,6.6,5.5,6.2,6.6,3.9,3.7,1.9,3.1,4.8,4.5,1.8,2.8,5.0,0.1,4.2,2.2,6.5,4.4,0.9,6.0,4.5,6.0,3.7,6.3,4.6,4.1,3.8,4.9,1,-1,general,→,2026-2030,中国磨床操作员：AI替代风险较高，加班文化严重,5.24,3.98,6.69,瑞士,孟加拉国,5.29,4.82,5.44,5.1,6.25,5.54,4.25,5.28,4.65,6.14,6.26,4.35,-0.34,2026-04-13,2026-04-13,2000-2026
农业、资源与环境,AGR,畜牧,动物营养师,Animal Nutritionist,6.5,6.6,5.3,7.2,5.7,8.1,5.6,6.9,7.1,5.3,4.8,4.5,3.2,0.2,2.1,3.1,3.1,1.7,5.4,6.3,4.1,7.2,1.4,5.7,6.4,4.4,5.8,3.7,3.1,1.5,6.7,2.0,2.1,2.9,4.9,0,1,general,→,2028-2033,中国动物营养师：加班文化严重,5.12,4.27,6.05,荷兰,孟加拉国,4.92,4.85,5.14,5.02,5.81,5.39,4.4,5.22,4.97,5.95,5.83,4.5,-0.22,2026-04-13,2026-04-13,2000-2026
法律与社会服务,LAW,NGO与人道主义,难民安置官员,Refugee Resettlement Officer,4.8,4.7,4.4,6.7,2.8,2.6,5.3,4.8,2.0,3.2,4.5,6.0,4.7,2.7,2.4,5.8,5.2,3.0,8.0,6.0,3.3,4.9,1.7,8.4,3.1,6.7,5.5,8.7,3.2,5.0,3.7,2.0,7.6,4.0,4.89,2,2,general,↑,2035+,中国难民安置官员：薪资水平偏低，AI替代抗性强，加班文化严重,5.5,4.62,6.56,瑞典,巴基斯坦,5.33,5.13,5.38,5.23,6.54,5.75,4.83,5.72,5.21,6.23,6.31,4.93,-0.61,2026-04-13,2026-04-13,2000-2026
农业、资源与环境,AGR,石油天然气,油气勘探地球物理师,Geophysicist (Oil & Gas Exploration),8.1,7.8,3.6,6.6,6.4,7.4,6.8,8.4,8.9,7.3,4.4,2.8,2.5,0.0,1.9,4.7,4.6,2.0,6.5,8.2,2.0,4.7,0.2,7.4,3.8,2.4,5.2,5.8,3.6,4.8,8.7,1.1,7.3,6.5,4.89,-1,0,general,→,2032-2038,中国油气勘探地球物理师：薪资回报高，加班文化严重,4.99,3.9,5.95,加拿大,孟加拉国,4.81,4.76,5.1,5.2,5.63,5.47,4.13,4.92,4.78,5.62,5.53,4.4,-0.1,2026-04-13,2026-04-13,2000-2026
法律与社会服务,LAW,宗教,天主教神父,Catholic Priest,6.8,6.6,2.5,9.7,3.0,3.8,5.5,5.7,3.4,3.0,7.2,7.4,4.7,3.5,2.2,5.2,3.9,3.8,9.0,6.8,3.1,5.4,0.4,8.3,2.8,0.1,7.3,9.1,1.8,6.7,1.3,1.5,5.5,4.4,4.89,-1,-1,general,→,2035+,中国天主教神父：薪资水平偏低，AI替代抗性强，加班文化严重,5.34,4.59,6.04,荷兰,孟加拉国,5.31,5.17,5.22,5.11,5.87,5.57,4.84,5.3,5.08,5.96,5.94,4.99,-0.45,2026-04-13,2026-04-13,2000-2026
交通运输与物流,TRA,管道运输,管道调度员,Pipeline Dispatcher,4.7,4.8,4.4,8.1,5.2,4.4,6.0,7.6,6.9,5.9,7.1,6.9,4.1,2.6,3.1,3.1,3.4,0.7,5.2,4.4,2.0,4.2,2.2,4.7,2.6,3.2,5.8,4.7,2.4,5.8,5.6,1.7,3.0,7.5,4.88,1,1,general,→,2028-2033,中国管道调度员：加班文化严重,5.18,4.05,6.19,丹麦,孟加拉国,5.2,4.9,5.22,5.22,6.15,5.44,4.25,5.14,4.7,5.89,6.04,4.36,-0.3,2026-04-13,2026-04-13,2000-2026
公共管理与公务员,GOV,地方公务员,社区干部/街道办事员,Community/Street Office Official,3.8,4.1,4.2,8.5,5.9,8.2,3.7,2.4,3.3,5.4,9.4,9.1,6.1,4.1,4.1,4.9,3.3,2.7,5.7,6.6,1.1,1.7,3.1,5.6,1.1,4.3,7.0,8.5,2.2,7.0,1.5,0.6,1.7,7.3,4.88,0,1,general,→,2028-2033,中国社区干部/街道办事员：薪资水平偏低，供过于求，就业稳定,4.98,4.15,5.8,瑞士,孟加拉国,5.11,4.75,4.89,4.93,5.77,4.92,4.34,5.11,4.67,5.58,5.56,4.38,-0.1,2026-04-13,2026-04-13,2000-2026
文化、艺术与传媒,ART,舞台表演,舞台监督,Stage Manager,6.4,4.5,5.6,4.8,6.1,6.6,5.4,5.6,6.1,3.6,3.5,5.9,3.9,0.4,3.8,6.1,4.4,3.7,8.1,5.5,1.1,5.2,0.5,8.7,5.3,4.4,3.2,7.8,6.2,2.3,6.7,4.8,4.3,4.5,4.88,1,-1,general,→,2035+,中国舞台监督：AI替代抗性强，加班文化严重，就业波动大,5.03,3.81,6.02,荷兰,巴基斯坦,5.09,4.68,4.97,4.95,5.6,5.42,4.23,5.11,4.67,5.6,5.9,4.44,-0.15,2026-04-13,2026-04-13,2000-2026
服务业与消费,SVC,安保,安防系统技术员,Security System Technician,5.1,3.1,6.6,6.8,6.2,6.0,6.7,5.3,5.3,4.6,5.5,4.7,6.0,0.7,2.3,6.3,4.9,1.5,6.3,4.4,0.0,4.2,0.7,4.5,3.9,3.3,5.1,4.6,4.8,2.8,4.4,4.5,2.3,4.8,4.88,1,3,general,↑,2032-2038,中国安防系统技术员：加班文化严重,5.09,4.17,6.09,丹麦,巴基斯坦,5.06,4.89,5.07,5.12,5.85,5.32,4.33,5.11,4.71,5.84,5.79,4.42,-0.21,2026-04-13,2026-04-13,2000-2026
文化、艺术与传媒,ART,舞台表演,舞台剧演员,Theatre Actor,6.1,4.8,6.0,4.8,5.5,6.4,4.5,5.1,5.5,4.0,1.8,5.9,4.7,0.6,3.3,6.2,4.3,3.9,7.9,6.1,1.6,6.2,0.7,9.6,5.8,5.6,3.6,8.0,6.4,2.4,6.8,4.4,4.7,4.2,4.87,1,-1,general,→,2035+,中国舞台剧演员：AI替代抗性强，加班文化严重，就业波动大,4.98,4.03,5.89,荷兰,巴基斯坦,5.05,4.65,4.91,4.84,5.56,5.35,4.3,5.09,4.62,5.62,5.76,4.36,-0.11,2026-04-13,2026-04-13,2000-2026
文化、艺术与传媒,ART,传统表演艺术,歌舞伎演员,Kabuki Actor,7.4,4.9,4.3,6.7,4.4,3.1,4.7,5.2,6.6,3.1,3.3,6.7,4.8,2.2,3.0,4.4,3.7,2.7,9.8,7.3,0.8,5.7,2.0,7.8,3.3,4.8,4.0,6.8,6.3,2.8,3.1,3.5,3.4,5.5,4.87,-1,-2,general,↓,2035+,中国歌舞伎演员：AI替代抗性强，加班文化严重，就业波动大,4.9,3.84,5.79,荷兰,孟加拉国,4.97,4.55,4.91,4.76,5.52,5.31,4.17,4.96,4.58,5.48,5.66,4.25,-0.03,2026-04-13,2026-04-13,2000-2026
公共管理与公务员,GOV,军事,军官,Military Officer,6.8,7.4,5.8,8.5,5.4,5.2,4.9,4.4,7.9,6.7,10.0,4.0,3.0,1.6,2.3,6.2,4.3,2.8,7.5,10.0,0.0,4.2,1.1,7.8,0.9,3.0,4.2,7.1,7.5,9.8,1.6,0.5,3.0,9.7,4.86,0,2,general,↑,2035+,中国军官：AI替代抗性强，加班文化严重，就业稳定,4.75,3.89,5.66,丹麦,孟加拉国,4.85,4.57,4.72,4.82,5.47,4.86,4.24,4.83,4.38,5.2,5.3,4.07,0.11,2026-04-13,2026-04-13,2000-2026
文化、艺术与传媒,ART,体育竞技,职业拳击手/格斗选手,Professional Boxer / MMA Fighter,6.1,4.1,6.2,2.7,5.6,8.1,6.2,5.3,8.6,4.3,2.1,2.7,4.4,0.1,3.3,4.7,3.0,3.8,9.4,7.9,1.2,4.0,0.7,8.9,3.8,4.5,1.6,7.7,9.3,2.1,4.9,2.6,6.1,5.7,4.86,3,1,general,→,2035+,中国职业拳击手/格斗选手：薪资回报高，AI替代抗性强，加班文化严重,4.81,3.6,5.72,荷兰,孟加拉国,4.87,4.42,4.74,4.68,5.4,5.15,3.91,4.91,4.57,5.52,5.66,4.21,0.05,2026-04-13,2026-04-13,2000-2026
交通运输与物流,TRA,航海,普通海员,Able Seaman,2.7,2.9,5.1,5.8,7.3,9.1,7.0,7.7,4.7,6.4,5.2,3.4,4.5,0.7,2.3,4.5,4.0,1.3,4.7,3.9,0.0,5.0,0.0,7.0,3.4,2.2,5.5,5.9,8.3,4.6,7.7,0.5,7.1,4.4,4.86,1,1,general,→,2028-2033,中国普通海员：加班文化严重,4.95,3.81,6.23,荷兰,巴基斯坦,5.13,4.72,4.79,5.07,5.85,5.17,4.03,4.92,4.37,5.54,5.75,4.18,-0.09,2026-04-13,2026-04-13,2000-2026
服务业与消费,SVC,酒店旅游,旅行社计调,Travel Agency Operations Planner,5.1,4.4,5.7,6.5,5.9,7.0,4.9,4.4,3.3,4.9,3.6,6.4,5.0,0.0,3.3,6.1,6.1,2.0,4.6,5.7,4.6,4.0,1.7,6.1,7.0,4.4,5.3,7.0,5.5,2.3,7.7,4.5,4.7,5.0,4.86,2,2,general,↑,2028-2033,中国旅行社计调：薪资水平偏低，加班文化严重，就业波动大,5.38,4.23,6.31,澳大利亚,孟加拉国,5.23,5.14,5.35,5.43,6.08,5.69,4.5,5.45,5.0,6.12,6.14,4.78,-0.52,2026-04-13,2026-04-13,2000-2026
文化、艺术与传媒,ART,舞台表演,京剧演员,Peking Opera Performer,8.3,4.2,6.0,6.0,6.4,4.0,5.1,5.3,4.6,3.6,2.3,6.2,4.3,1.5,3.8,6.1,4.3,3.6,9.4,6.0,1.4,5.9,0.0,8.3,5.2,4.3,4.1,8.3,6.5,2.3,7.2,5.2,4.1,4.8,4.85,1,-1,general,→,2035+,中国京剧演员：AI替代抗性强，加班文化严重，就业波动大,5.02,3.94,5.88,德国,巴基斯坦,5.02,4.69,5.0,4.91,5.66,5.31,4.29,5.05,4.66,5.59,5.84,4.5,-0.17,2026-04-13,2026-04-13,2000-2026
服务业与消费,SVC,清洁与维护,工业清洁工(高压清洗等),Industrial Cleaner / Pressure Washer,1.8,1.9,3.7,6.5,6.6,6.9,6.7,6.0,3.2,3.9,5.1,3.9,5.0,2.1,2.1,3.6,5.3,1.2,7.4,2.7,0.1,2.7,1.9,3.1,4.4,4.8,6.7,4.5,7.8,0.7,3.9,5.7,2.4,3.2,4.85,0,1,general,→,2032-2038,中国工业清洁工(高压清洗等)：薪资水平偏低，加班文化严重,5.07,4.04,6.08,瑞士,巴基斯坦,5.05,4.85,5.0,5.06,5.84,5.26,4.28,5.18,4.72,5.74,5.8,4.36,-0.22,2026-04-13,2026-04-13,2000-2026
法律与社会服务,LAW,合规与监管,选举监督员,Election Observer / Monitor,3.8,4.4,4.6,5.7,4.5,3.5,3.9,3.5,3.6,3.8,3.8,5.4,5.2,2.5,3.1,5.0,4.6,2.7,7.8,5.6,2.3,4.2,1.5,6.3,2.4,6.5,6.2,8.1,2.7,4.0,3.9,5.5,7.2,3.8,4.85,1,0,general,→,2035+,中国选举监督员：薪资水平偏低，供过于求，AI替代抗性强,5.13,4.17,6.07,瑞士,巴基斯坦,5.18,4.82,5.02,5.06,5.88,5.41,4.36,5.17,4.75,5.88,5.92,4.47,-0.28,2026-04-13,2026-04-13,2000-2026
文化、艺术与传媒,ART,传统表演艺术,能乐演员,Noh Theatre Performer,7.1,4.3,4.5,5.7,4.8,4.1,4.0,4.3,6.0,3.3,4.5,6.4,6.0,2.2,1.8,4.4,3.7,2.6,9.6,8.1,1.7,5.5,1.4,8.2,3.1,3.8,3.7,6.7,6.1,2.3,3.3,4.5,2.6,5.5,4.85,-1,-2,general,↓,2035+,中国能乐演员：供过于求，AI替代抗性强，加班文化严重,4.86,3.83,5.76,荷兰,巴基斯坦,4.96,4.51,4.82,4.72,5.47,5.25,4.1,4.93,4.52,5.46,5.68,4.25,-0.01,2026-04-13,2026-04-13,2000-2026
文化、艺术与传媒,ART,体育竞技,职业游泳运动员,Professional Swimmer,6.0,3.9,6.2,2.7,5.0,7.3,6.0,6.6,8.1,3.6,3.3,5.2,4.2,0.0,3.5,3.9,3.7,4.2,9.3,7.2,0.0,4.4,0.6,8.7,3.2,4.2,1.8,7.0,9.5,2.0,4.8,2.8,6.1,5.3,4.85,3,1,general,→,2035+,中国职业游泳运动员：薪资回报高，AI替代抗性强，加班文化严重,4.8,3.62,5.8,德国,孟加拉国,4.81,4.39,4.76,4.66,5.37,5.17,3.98,5.02,4.5,5.52,5.65,4.22,0.05,2026-04-13,2026-04-13,2000-2026
农业、资源与环境,AGR,石油天然气,钻井工程师,Drilling Engineer,6.1,5.6,4.5,6.9,6.8,7.3,7.3,7.3,8.8,7.8,5.9,2.0,3.3,0.0,2.1,5.3,3.8,2.2,5.6,6.0,1.0,3.8,0.0,5.5,4.5,2.7,5.2,5.3,6.2,5.4,8.5,1.1,7.1,6.8,4.83,-1,0,general,→,2028-2033,中国钻井工程师：薪资回报高，加班文化严重,4.85,3.85,5.77,加拿大,孟加拉国,4.66,4.6,4.92,5.0,5.48,5.37,4.01,4.75,4.66,5.48,5.38,4.3,-0.02,2026-04-13,2026-04-13,2000-2026
技术工种与手工业,SKL,重型设备操作,隧道掘进机操作员,Tunnel Boring Machine (TBM) Operator,5.1,3.5,6.1,7.1,7.2,6.3,7.0,6.3,7.4,6.2,5.5,3.5,4.0,1.0,2.1,4.0,3.9,1.6,6.0,3.2,0.0,4.4,2.2,5.4,3.9,1.6,4.8,3.7,5.8,6.1,6.5,2.9,4.2,3.4,4.83,2,2,general,↑,2032-2038,中国隧道掘进机操作员：加班文化严重,5.14,3.92,6.32,澳大利亚,孟加拉国,5.08,4.81,5.26,5.22,5.9,5.47,4.22,5.06,4.65,6.24,6.01,4.37,-0.31,2026-04-13,2026-04-13,2000-2026
法律与社会服务,LAW,法官,最高法院法官/大法官,Supreme Court Justice,9.6,10.0,3.5,9.8,1.6,2.4,2.1,1.4,7.6,4.1,8.9,7.1,5.0,2.7,2.5,5.7,3.2,2.8,9.9,10.0,1.3,9.5,3.4,9.1,0.7,4.7,7.8,7.2,0.2,9.8,0.6,0.1,2.9,10.0,4.83,0,0,general,→,2035+,中国最高法院法官/大法官：供过于求，AI替代抗性强，加班文化严重,5.12,3.97,5.98,英国,孟加拉国,5.18,4.85,4.94,5.08,5.85,5.33,4.35,5.21,4.8,5.89,5.92,4.43,-0.29,2026-04-13,2026-04-13,2000-2026
技术工种与手工业,SKL,重型设备操作,打桩机操作员,Pile Driver / Piling Rig Operator,3.5,1.9,6.3,6.7,8.2,8.0,5.5,6.5,5.9,6.4,5.3,2.0,3.9,0.4,3.2,4.5,3.5,1.3,4.6,3.8,0.7,4.2,2.2,5.6,4.9,1.0,4.8,4.3,6.7,5.3,6.5,3.7,3.6,3.6,4.83,2,2,general,↑,2028-2033,中国打桩机操作员：加班文化严重,5.08,3.98,6.39,瑞士,孟加拉国,5.01,4.72,5.18,5.19,5.9,5.33,4.18,4.98,4.48,6.16,6.03,4.36,-0.25,2026-04-13,2026-04-13,2000-2026
文化、艺术与传媒,ART,传统表演艺术,二人转演员,Er Ren Zhuan Performer,7.3,4.8,4.5,6.3,4.4,3.5,5.0,5.4,4.7,3.4,4.3,6.5,4.8,2.5,2.6,4.2,3.6,2.4,9.5,5.6,0.6,5.0,2.4,8.1,3.5,4.5,4.4,6.9,6.3,2.3,3.9,4.7,3.6,5.3,4.82,-1,-2,general,↓,2035+,中国二人转演员：AI替代抗性强，加班文化严重，近年需求下降,4.73,3.75,5.68,荷兰,巴基斯坦,4.84,4.33,4.71,4.55,5.35,5.07,4.02,4.76,4.38,5.38,5.54,4.2,0.09,2026-04-13,2026-04-13,2000-2026
文化、艺术与传媒,ART,体育竞技,运动心理学家,Sports Psychologist,8.1,8.4,6.3,8.0,5.5,8.0,6.4,5.8,8.4,4.6,2.8,5.2,3.8,0.4,3.1,4.0,3.5,4.1,7.8,7.3,0.0,4.0,0.4,9.1,3.6,4.7,1.4,7.9,1.7,2.6,5.0,2.6,5.8,6.3,4.82,3,1,general,→,2035+,中国运动心理学家：薪资回报高，AI替代抗性强，加班文化严重,4.84,3.6,5.79,德国,孟加拉国,4.9,4.47,4.8,4.73,5.46,5.16,3.99,4.94,4.56,5.54,5.68,4.2,-0.02,2026-04-13,2026-04-13,2000-2026
服务业与消费,SVC,清洁与维护,害虫防治员,Pest Control Technician,2.0,1.8,3.5,7.0,6.0,6.7,5.8,5.8,3.7,3.6,4.7,4.9,4.5,2.1,3.0,4.1,4.5,1.3,7.0,2.8,0.0,3.6,1.9,4.1,6.9,4.2,5.9,4.4,5.5,3.3,4.0,5.1,1.9,3.0,4.82,0,1,general,→,2032-2038,中国害虫防治员：薪资水平偏低，加班文化严重,5.1,4.13,6.17,瑞士,孟加拉国,5.04,4.85,5.08,5.13,5.88,5.36,4.29,5.15,4.72,5.82,5.84,4.46,-0.28,2026-04-13,2026-04-13,2000-2026
服务业与消费,SVC,清洁与维护,保洁员,Janitor / Cleaner,2.6,1.5,4.4,6.7,6.6,6.9,6.2,5.3,3.3,3.9,4.0,5.4,5.0,2.1,3.1,3.5,4.9,0.9,6.6,2.1,0.0,3.6,2.4,4.1,4.5,3.7,5.9,4.5,7.1,0.7,3.4,5.5,1.3,2.8,4.82,0,1,general,→,2032-2038,中国保洁员：薪资水平偏低，加班文化严重，就业波动大,5.03,4.15,6.03,瑞士,孟加拉国,4.99,4.83,5.01,4.99,5.84,5.2,4.28,5.02,4.62,5.72,5.77,4.39,-0.21,2026-04-13,2026-04-13,2000-2026
文化、艺术与传媒,ART,传统表演艺术,昆曲演员,Kunqu Opera Performer,6.8,5.1,3.5,6.5,5.2,3.1,4.5,5.5,5.4,3.4,4.5,6.2,4.9,2.2,2.8,4.4,3.3,2.9,9.1,7.6,1.7,4.5,2.4,7.8,2.7,5.2,4.3,7.0,6.5,2.2,2.9,4.1,2.5,4.8,4.82,-1,-2,general,↓,2035+,中国昆曲演员：AI替代抗性强，加班文化严重，近年需求下降,4.83,3.81,5.74,澳大利亚,孟加拉国,4.9,4.48,4.74,4.67,5.48,5.3,4.11,4.88,4.43,5.52,5.63,4.27,-0.01,2026-04-13,2026-04-13,2000-2026
法律与社会服务,LAW,宗教,道教道士,Taoist Priest,4.6,3.5,2.1,9.1,2.2,1.7,3.3,2.7,1.7,2.8,6.9,8.7,5.7,4.2,5.5,3.4,3.0,2.5,9.3,4.8,1.0,6.4,3.1,7.1,3.5,4.0,9.0,7.1,2.8,4.9,0.9,1.7,2.1,3.8,4.81,-1,0,general,→,2035+,中国道教道士：薪资水平偏低，供过于求，AI替代抗性强,5.25,4.38,6.01,瑞士,孟加拉国,5.17,5.04,5.13,5.07,5.78,5.49,4.63,5.3,5.04,5.92,5.88,4.9,-0.44,2026-04-13,2026-04-13,2000-2026
服务业与消费,SVC,清洁与维护,物业维修工,Building Maintenance Worker,3.5,1.3,4.6,7.0,6.8,6.5,5.4,5.6,4.6,4.1,4.0,4.9,3.7,1.2,3.1,5.6,4.9,1.2,7.6,2.2,0.1,2.2,1.0,3.1,4.1,5.4,6.6,4.5,6.5,1.1,3.9,4.7,1.5,3.0,4.81,0,1,general,→,2035+,中国物业维修工：AI替代抗性强，加班文化严重，就业波动大,5.14,4.26,6.22,瑞士,尼日利亚,5.11,4.89,5.05,5.14,5.91,5.38,4.39,5.19,4.72,5.93,5.84,4.5,-0.33,2026-04-13,2026-04-13,2000-2026
服务业与消费,SVC,行政办公,速记员/文字录入员,Stenographer / Data Entry Clerk,3.0,4.1,4.4,6.8,5.5,5.6,4.7,3.4,3.1,4.6,5.0,7.7,7.0,1.5,3.3,5.3,5.9,0.9,2.1,3.0,5.7,3.5,2.7,4.4,3.4,5.8,6.1,5.9,1.5,1.0,4.2,4.2,3.2,4.1,4.81,-3,-3,general,↓,2025-2028,中国速记员/文字录入员：薪资水平偏低，AI替代风险较高，加班文化严重,5.13,4.12,6.26,瑞士,巴基斯坦,5.08,4.88,5.03,5.16,5.9,5.33,4.33,5.15,4.8,5.88,5.87,4.51,-0.32,2026-04-13,2026-04-13,2000-2026
文化、艺术与传媒,ART,传统表演艺术,弗拉门戈舞者,Flamenco Dancer,7.0,4.6,4.3,5.5,5.0,4.1,3.8,5.4,6.0,4.0,3.4,6.7,5.7,2.1,2.9,3.8,3.1,2.7,9.1,6.1,1.8,4.9,2.1,8.8,3.7,3.9,3.6,6.7,7.2,2.9,3.3,3.7,3.9,4.7,4.81,-1,-2,general,↓,2035+,中国弗拉门戈舞者：供过于求，AI替代抗性强，加班文化严重,4.85,3.81,5.85,荷兰,孟加拉国,4.92,4.5,4.79,4.69,5.5,5.26,4.12,4.88,4.51,5.4,5.69,4.24,-0.04,2026-04-13,2026-04-13,2000-2026
服务业与消费,SVC,清洁与维护,泳池维护技师,Pool Maintenance Technician,2.1,1.3,4.2,6.7,6.2,6.4,6.1,5.6,3.5,3.4,4.0,5.7,3.8,1.2,2.8,3.3,4.9,1.2,7.1,2.5,0.7,3.2,2.4,3.3,7.1,3.6,6.5,4.5,5.8,1.0,4.8,5.3,2.2,3.8,4.81,0,1,general,→,2032-2038,中国泳池维护技师：薪资水平偏低，加班文化严重，就业波动大,5.14,4.15,6.2,瑞士,巴基斯坦,5.09,4.93,5.1,5.11,5.95,5.36,4.28,5.14,4.77,5.88,5.86,4.5,-0.33,2026-04-13,2026-04-13,2000-2026
法律与社会服务,LAW,检察官,反腐检察官,Anti-Corruption Prosecutor,8.0,8.6,6.0,7.4,4.2,4.1,5.4,4.7,6.9,4.6,6.8,4.9,4.0,1.4,1.8,5.6,5.2,3.5,7.2,9.7,2.0,5.9,1.6,8.6,1.2,4.6,6.1,7.8,1.1,8.7,2.1,0.5,3.7,8.3,4.8,1,1,general,→,2032-2038,中国反腐检察官：加班文化严重,5.07,3.99,6.05,瑞士,巴基斯坦,5.15,4.72,4.87,5.0,5.91,5.29,4.27,5.15,4.66,5.87,5.96,4.36,-0.27,2026-04-13,2026-04-13,2000-2026
文化、艺术与传媒,ART,体育竞技,体能训练师,Strength & Conditioning Coach,6.4,4.4,6.0,6.7,6.1,8.4,6.1,5.4,6.9,4.2,2.3,5.0,4.0,0.5,3.9,4.9,3.8,3.9,8.0,7.0,0.4,4.2,0.4,8.5,3.1,3.7,1.7,7.5,6.9,3.4,5.6,2.2,6.1,5.7,4.8,3,1,general,→,2035+,中国体能训练师：AI替代抗性强，加班文化严重，就业波动大,4.8,3.65,5.84,德国,孟加拉国,4.78,4.41,4.75,4.69,5.43,5.18,3.95,4.94,4.5,5.52,5.68,4.21,-0.0,2026-04-13,2026-04-13,2000-2026
农业、资源与环境,AGR,畜牧,牧场经理,Ranch Manager,4.8,3.8,3.5,7.5,5.6,8.4,5.2,6.0,6.6,5.1,5.2,4.8,3.4,0.6,2.1,3.6,3.1,1.8,6.0,5.1,0.0,8.2,1.7,5.1,8.0,2.9,6.0,6.3,6.7,1.8,7.4,2.2,0.9,3.2,4.8,0,1,general,→,2032-2038,中国牧场经理：加班文化严重,5.11,4.28,6.19,荷兰,巴基斯坦,4.92,4.88,5.06,4.97,5.89,5.4,4.39,5.09,4.87,5.9,5.86,4.54,-0.31,2026-04-13,2026-04-13,2000-2026
文化、艺术与传媒,ART,传统表演艺术,皮影戏表演者,Shadow Puppetry Performer,7.4,4.9,3.7,6.1,4.9,3.9,4.4,5.0,5.1,4.3,3.6,6.5,4.7,1.4,2.1,4.4,4.2,2.4,9.9,6.0,1.7,4.7,2.2,7.8,2.8,5.5,3.7,6.6,4.7,2.3,3.7,4.7,2.7,4.3,4.8,-1,-2,general,↓,2035+,中国皮影戏表演者：AI替代抗性强，加班文化严重，就业波动大,4.77,3.72,5.6,荷兰,巴基斯坦,4.83,4.45,4.72,4.6,5.39,5.11,4.03,4.87,4.43,5.4,5.56,4.18,0.03,2026-04-13,2026-04-13,2000-2026
服务业与消费,SVC,安保,私人保镖,Personal Bodyguard,4.8,2.9,4.9,5.5,6.6,4.5,5.1,5.3,6.2,4.4,4.5,4.2,5.6,0.9,2.1,4.0,4.1,1.4,8.0,4.7,0.5,3.9,1.4,4.3,4.5,2.7,4.4,5.3,7.6,2.7,3.7,4.1,4.9,4.2,4.79,1,1,general,→,2035+,中国私人保镖：AI替代抗性强，加班文化严重,5.12,4.18,6.0,丹麦,孟加拉国,5.12,4.89,5.05,5.19,5.86,5.38,4.35,5.16,4.74,5.76,5.78,4.47,-0.33,2026-04-13,2026-04-13,2000-2026
文化、艺术与传媒,ART,体育竞技,相扑力士,Sumo Wrestler (Rikishi),6.4,3.8,5.8,3.8,6.0,4.5,5.4,5.4,7.0,4.8,2.3,5.2,4.4,0.0,4.3,4.8,3.5,3.8,9.6,7.1,1.0,3.9,0.9,8.5,4.0,4.3,1.6,7.2,9.5,2.6,5.1,2.6,5.8,5.7,4.79,3,1,general,→,2035+,中国相扑力士：AI替代抗性强，加班文化严重，就业波动大,4.82,3.59,5.89,德国,孟加拉国,4.83,4.4,4.81,4.65,5.46,5.27,3.94,5.0,4.57,5.58,5.63,4.19,-0.03,2026-04-13,2026-04-13,2000-2026
交通运输与物流,TRA,公路,校车司机,School Bus Driver,2.9,2.6,3.9,6.9,7.7,9.8,5.7,7.1,2.9,5.1,7.0,5.5,3.7,0.6,2.4,3.1,3.3,1.5,3.9,3.9,0.1,4.7,3.2,4.3,4.7,3.0,5.7,5.9,6.6,4.3,3.6,5.3,1.9,2.4,4.79,0,-1,general,→,2026-2030,中国校车司机：薪资水平偏低，AI替代风险较高，加班文化严重,4.99,3.7,6.19,瑞士,孟加拉国,4.98,4.66,5.03,5.08,5.98,5.33,3.9,5.02,4.47,5.8,5.97,4.06,-0.2,2026-04-13,2026-04-13,2000-2026
农业、资源与环境,AGR,畜牧,畜牧养殖者,Livestock Farmer / Rancher,3.3,2.3,4.2,7.3,5.6,7.9,5.5,5.8,4.6,5.6,5.3,4.8,4.2,0.0,2.8,3.0,3.7,1.7,5.0,4.2,0.0,7.2,1.9,5.7,7.4,3.8,6.7,4.4,8.5,1.8,6.6,3.2,1.6,3.0,4.79,0,1,general,→,2028-2033,中国畜牧养殖者：加班文化严重,4.89,4.09,5.93,荷兰,巴基斯坦,4.69,4.62,4.83,4.8,5.6,5.21,4.22,5.01,4.7,5.64,5.6,4.26,-0.1,2026-04-13,2026-04-13,2000-2026
服务业与消费,SVC,清洁与维护,地毯清洁工,Carpet Cleaner,2.3,1.2,4.2,7.0,6.6,6.3,5.0,5.4,3.4,3.2,4.3,5.4,4.7,1.5,2.7,3.3,4.9,0.9,7.0,2.9,0.4,3.4,2.4,4.1,5.6,4.3,6.5,4.5,6.0,1.0,4.2,4.8,1.3,3.8,4.79,0,1,general,→,2032-2038,中国地毯清洁工：薪资水平偏低，加班文化严重,5.1,4.09,6.11,瑞士,巴基斯坦,5.03,4.89,5.1,5.08,5.9,5.35,4.27,5.17,4.7,5.78,5.81,4.51,-0.31,2026-04-13,2026-04-13,2000-2026
农业、资源与环境,AGR,石油天然气,炼化工程师,Refinery Process Engineer,5.8,5.5,3.1,6.2,7.0,6.5,6.8,8.4,8.6,6.5,4.6,3.8,2.8,0.0,2.1,4.5,5.7,2.2,5.9,6.0,0.8,4.4,1.2,5.4,4.3,2.7,4.7,5.5,3.8,5.1,8.1,1.5,5.6,7.0,4.79,-1,0,general,→,2028-2033,中国炼化工程师：薪资回报高，加班文化严重,4.89,3.9,5.76,加拿大,巴基斯坦,4.69,4.61,4.92,5.07,5.47,5.36,4.06,4.81,4.76,5.54,5.43,4.35,-0.1,2026-04-13,2026-04-13,2000-2026
农业、资源与环境,AGR,畜牧,畜牧育种师,Animal Breeder,5.4,4.6,4.3,7.3,5.6,8.1,5.9,6.5,6.1,4.9,6.1,4.3,4.4,0.5,3.0,3.2,3.5,1.7,5.5,4.2,0.0,6.9,1.7,6.1,6.6,3.6,6.6,3.7,5.7,1.3,7.5,3.0,1.4,3.8,4.78,0,1,general,→,2028-2033,中国畜牧育种师：加班文化严重,4.95,4.15,6.02,荷兰,孟加拉国,4.79,4.66,4.97,4.88,5.71,5.23,4.29,5.01,4.74,5.72,5.64,4.32,-0.17,2026-04-13,2026-04-13,2000-2026
交通运输与物流,TRA,公路,道路救援员,Roadside Assistance Technician,2.5,2.0,3.6,6.8,7.1,9.4,5.3,7.1,3.8,4.6,4.8,5.2,2.9,0.4,2.8,3.7,3.1,1.7,5.5,4.5,0.0,4.4,1.7,5.8,5.7,1.6,6.4,6.7,7.3,3.0,5.9,4.9,2.3,2.8,4.78,0,-1,general,→,2028-2033,中国道路救援员：薪资水平偏低，加班文化严重,5.03,3.74,6.26,瑞士,孟加拉国,5.05,4.69,5.09,5.09,6.03,5.3,3.91,5.15,4.51,5.88,5.99,4.13,-0.25,2026-04-13,2026-04-13,2000-2026
农业、资源与环境,AGR,采矿,地质学家/探矿师,Geologist / Exploration Geologist,7.6,7.9,4.2,5.2,6.2,8.6,7.8,7.9,9.0,6.0,4.8,4.7,1.9,0.0,1.7,3.6,3.1,2.2,6.7,7.8,1.9,3.8,0.9,7.4,4.1,1.2,4.5,5.3,5.0,5.0,8.6,1.1,6.6,5.0,4.78,0,1,general,→,2032-2038,中国地质学家/探矿师：薪资回报高，人才需求旺盛，加班文化严重,4.78,3.55,5.9,澳大利亚,孟加拉国,4.59,4.42,5.05,4.71,5.55,5.23,3.91,4.69,4.68,5.64,5.31,4.22,0.0,2026-04-13,2026-04-13,2000-2026
交通运输与物流,TRA,管道运输,管道运行工,Pipeline Operator,4.8,4.8,3.9,8.0,5.2,4.0,6.8,7.9,6.5,6.3,6.6,4.9,4.4,2.4,3.6,4.3,3.4,1.2,5.1,4.4,0.0,5.5,1.9,4.9,2.3,3.0,6.2,4.3,7.3,5.3,5.3,1.9,3.1,6.9,4.78,1,1,general,→,2028-2033,中国管道运行工：加班文化严重,4.96,3.76,6.0,丹麦,孟加拉国,5.01,4.64,5.01,4.97,5.87,5.2,4.04,4.99,4.49,5.72,5.83,4.19,-0.18,2026-04-13,2026-04-13,2000-2026
文化、艺术与传媒,ART,传统表演艺术,印度古典舞者,Indian Classical Dancer,7.1,4.3,4.3,6.3,4.2,4.6,4.2,5.0,5.2,3.4,3.3,6.2,4.8,2.7,2.4,4.4,4.0,2.4,9.1,6.3,2.3,5.0,1.5,8.6,3.1,4.5,3.9,6.7,6.4,2.8,3.5,4.1,2.9,4.7,4.78,-1,-2,general,↓,2035+,中国印度古典舞者：AI替代抗性强，加班文化严重，就业波动大,4.79,3.8,5.78,德国,孟加拉国,4.85,4.45,4.75,4.64,5.43,5.14,4.13,4.87,4.46,5.3,5.63,4.16,-0.01,2026-04-13,2026-04-13,2000-2026
农业、资源与环境,AGR,畜牧,兽医助理/兽医技师,Veterinary Technician,4.3,4.0,4.2,7.2,6.0,8.6,4.8,6.5,4.4,4.9,5.2,4.3,3.6,0.0,3.0,4.0,3.5,1.4,6.2,5.9,0.2,7.1,1.5,5.5,5.7,6.8,5.9,3.9,5.4,4.8,6.8,3.0,1.1,3.0,4.77,0,1,general,→,2032-2038,中国兽医助理/兽医技师：薪资水平偏低，加班文化严重,4.98,4.1,5.93,荷兰,巴基斯坦,4.79,4.74,4.98,4.88,5.71,5.27,4.28,5.16,4.73,5.7,5.66,4.36,-0.21,2026-04-13,2026-04-13,2000-2026
农业、资源与环境,AGR,林业,护林员,Forest Ranger / Park Ranger,3.2,2.2,3.3,7.1,4.5,5.9,4.8,6.2,3.7,4.6,6.5,3.8,3.4,1.4,2.8,4.3,3.7,1.2,7.9,4.8,0.5,6.2,1.9,7.3,3.8,3.8,5.3,3.8,6.7,3.8,5.1,1.7,2.3,5.0,4.77,1,1,general,→,2035+,中国护林员：薪资水平偏低，AI替代抗性强，加班文化严重,4.95,4.16,5.81,荷兰,巴基斯坦,4.7,4.64,5.06,4.91,5.66,5.29,4.28,4.96,4.78,5.64,5.56,4.45,-0.18,2026-04-13,2026-04-13,2000-2026
技术工种与手工业,SKL,重型设备操作,高空作业车操作员,Aerial Work Platform Operator,3.4,2.7,5.5,6.7,7.4,8.0,5.8,6.5,5.0,5.5,4.3,2.0,3.4,1.7,3.3,4.1,3.3,1.3,5.9,4.0,0.0,5.5,2.1,5.7,4.2,1.6,5.5,3.7,5.8,5.9,7.1,3.3,4.2,3.0,4.76,2,2,general,↑,2028-2033,中国高空作业车操作员：加班文化严重,5.17,4.11,6.43,澳大利亚,孟加拉国,5.09,4.77,5.37,5.25,5.96,5.44,4.27,5.06,4.63,6.23,6.1,4.44,-0.41,2026-04-13,2026-04-13,2000-2026
文化、艺术与传媒,ART,体育竞技,运动营养师,Sports Nutritionist,6.6,6.3,5.6,7.3,6.3,7.5,6.2,6.0,7.6,4.8,2.8,5.2,3.7,0.2,3.5,4.9,3.7,4.1,6.7,6.4,0.6,3.9,0.0,8.9,3.4,4.3,2.0,7.9,3.5,3.3,5.5,2.8,5.5,6.1,4.76,3,1,general,→,2032-2038,中国运动营养师：加班文化严重，就业波动大,4.81,3.71,5.72,德国,孟加拉国,4.81,4.38,4.74,4.7,5.49,5.2,4.04,4.93,4.52,5.52,5.66,4.12,-0.05,2026-04-13,2026-04-13,2000-2026
农业、资源与环境,AGR,渔业,淡水渔业养殖者,Freshwater Fish Farmer,3.3,2.0,4.5,6.8,6.7,9.5,6.1,6.8,3.9,4.6,4.3,4.5,3.9,0.0,2.1,4.1,2.8,1.8,5.4,4.4,1.1,6.2,2.4,5.9,7.0,2.6,4.9,4.8,7.4,3.3,7.2,3.1,2.0,2.8,4.75,0,0,general,→,2028-2033,中国淡水渔业养殖者：薪资水平偏低，加班文化严重,4.76,3.73,5.69,荷兰,巴基斯坦,4.85,4.59,4.69,4.55,5.55,5.01,4.03,4.9,4.48,5.43,5.34,4.01,-0.01,2026-04-13,2026-04-13,2000-2026
法律与社会服务,LAW,NGO与人道主义,人道主义援助工作者,Humanitarian Aid Worker,5.1,4.7,4.5,6.0,3.3,3.2,5.3,4.5,2.2,3.2,2.5,4.4,2.4,1.5,1.4,6.8,5.7,2.2,7.9,7.2,2.5,5.7,0.0,8.3,3.8,6.6,5.0,9.3,5.6,3.9,3.8,1.1,8.3,2.9,4.75,2,2,general,↑,2035+,中国人道主义援助工作者：薪资水平偏低，AI替代抗性强，加班文化严重,5.41,4.48,6.52,丹麦,巴基斯坦,5.28,4.99,5.34,5.14,6.45,5.7,4.74,5.53,5.16,6.16,6.21,4.83,-0.66,2026-04-13,2026-04-13,2000-2026
技术工种与手工业,SKL,重型设备操作,装载机操作员,Loader Operator,3.5,1.9,6.2,7.1,7.2,9.0,5.4,6.6,5.6,5.2,5.0,2.9,3.2,0.7,3.3,3.6,3.5,1.3,4.3,3.8,0.5,4.4,2.4,6.0,4.4,1.6,5.1,4.4,6.8,4.9,7.0,3.3,4.0,3.8,4.75,2,2,general,↑,2026-2030,中国装载机操作员：加班文化严重,5.05,3.92,6.2,瑞士,尼日利亚,5.03,4.66,5.17,5.17,5.83,5.36,4.15,4.96,4.51,6.16,5.97,4.22,-0.3,2026-04-13,2026-04-13,2000-2026
服务业与消费,SVC,清洁与维护,高空清洁工(蜘蛛人),High-rise Window Cleaner,2.6,1.5,3.7,5.4,6.9,7.1,6.5,5.6,3.7,3.9,5.3,2.7,4.7,0.9,2.8,3.3,5.1,1.2,8.2,3.2,0.4,2.5,2.2,3.3,4.8,4.5,3.3,4.7,8.8,0.8,4.3,5.5,2.3,3.4,4.75,0,1,general,→,2035+,中国高空清洁工(蜘蛛人)：薪资水平偏低，AI替代抗性强，加班文化严重,5.06,4.0,6.06,瑞典,孟加拉国,5.08,4.79,5.01,5.06,5.83,5.26,4.25,5.13,4.68,5.76,5.79,4.41,-0.31,2026-04-13,2026-04-13,2000-2026
农业、资源与环境,AGR,渔业,珍珠养殖者,Pearl Farmer / Oyster Culturist,3.6,2.6,3.9,6.2,6.3,6.4,5.9,5.9,4.2,5.6,4.5,4.0,3.6,0.1,2.9,4.1,3.7,1.2,7.0,3.8,0.0,6.7,1.4,6.6,6.1,3.4,4.7,4.5,6.7,3.1,7.0,3.7,2.1,3.8,4.74,0,0,general,→,2032-2038,中国珍珠养殖者：薪资水平偏低，加班文化严重,4.74,3.79,5.82,丹麦,尼日利亚,4.81,4.58,4.67,4.57,5.57,5.0,4.06,4.86,4.38,5.47,5.26,4.0,0.0,2026-04-13,2026-04-13,2000-2026
文化、艺术与传媒,ART,体育竞技,职业田径运动员,Professional Track & Field Athlete,5.7,4.6,6.0,3.2,6.1,7.1,5.7,5.6,7.1,4.4,2.3,5.2,3.8,0.0,3.3,3.9,3.5,3.8,9.0,7.1,0.1,4.4,0.0,9.0,3.9,4.0,2.2,7.2,9.3,2.3,5.0,2.2,6.6,6.5,4.73,3,1,general,→,2035+,中国职业田径运动员：AI替代抗性强，加班文化严重，就业波动大,4.82,3.68,5.79,德国,孟加拉国,4.85,4.4,4.78,4.61,5.41,5.19,4.04,4.93,4.53,5.51,5.68,4.24,-0.09,2026-04-13,2026-04-13,2000-2026
农业、资源与环境,AGR,采矿,矿业工程师,Mining Engineer,7.3,7.0,5.5,5.5,6.3,7.8,7.6,8.7,10.0,5.9,4.1,4.0,2.2,0.2,2.0,3.0,5.9,2.4,6.1,7.0,2.2,3.7,0.0,3.8,4.3,1.8,4.3,4.7,4.4,5.6,8.4,1.1,5.7,5.6,4.73,0,1,general,→,2032-2038,中国矿业工程师：薪资回报高，人才需求旺盛，加班文化严重,4.85,3.67,5.91,澳大利亚,孟加拉国,4.64,4.55,5.03,4.73,5.64,5.19,4.08,4.81,4.75,5.72,5.42,4.24,-0.12,2026-04-13,2026-04-13,2000-2026
农业、资源与环境,AGR,石油天然气,管道工程师(油气),Pipeline Engineer,6.1,5.4,4.5,6.9,6.0,7.2,6.2,8.3,8.9,6.7,4.6,3.5,2.6,0.4,1.9,5.2,4.0,1.7,5.7,6.2,0.7,3.6,0.0,5.7,3.8,1.9,5.0,5.2,5.1,5.6,8.1,0.7,6.3,7.3,4.72,-1,0,general,→,2028-2033,中国管道工程师(油气)：薪资回报高，加班文化严重,4.87,3.91,5.69,丹麦,巴基斯坦,4.63,4.63,4.93,5.04,5.49,5.3,4.07,4.81,4.63,5.55,5.44,4.35,-0.15,2026-04-13,2026-04-13,2000-2026
文化、艺术与传媒,ART,传统表演艺术,落语家,Rakugo Performer,6.8,4.6,3.5,6.3,4.2,3.1,4.8,4.9,5.2,3.7,4.1,6.2,5.2,1.5,2.1,3.8,3.9,2.7,8.7,6.8,1.4,4.5,2.4,8.8,2.6,5.4,4.7,6.7,5.9,2.6,3.5,4.4,2.6,4.5,4.72,-1,-2,general,↓,2035+,中国落语家：AI替代抗性强，加班文化严重，近年需求下降,4.78,3.77,5.64,瑞士,巴基斯坦,4.83,4.47,4.7,4.64,5.36,5.12,4.1,4.8,4.44,5.4,5.58,4.2,-0.06,2026-04-13,2026-04-13,2000-2026
技术工种与手工业,SKL,重型设备操作,混凝土搅拌车司机,Concrete Mixer Truck Driver,3.8,2.5,5.9,6.8,7.2,8.3,5.3,6.2,6.4,5.9,5.5,3.2,3.5,1.4,2.8,3.5,3.3,1.8,4.4,3.6,0.8,5.5,1.7,5.8,4.0,1.3,5.3,3.3,6.1,4.8,7.0,3.3,3.8,4.0,4.72,2,2,general,↑,2026-2030,中国混凝土搅拌车司机：加班文化严重,5.07,3.88,6.37,瑞士,孟加拉国,5.04,4.7,5.1,5.11,5.97,5.38,4.08,4.97,4.5,6.22,6.0,4.35,-0.35,2026-04-13,2026-04-13,2000-2026
农业、资源与环境,AGR,种植,蘑菇种植者,Mushroom Farmer,3.9,2.0,4.2,7.6,6.5,5.9,4.3,5.6,3.5,4.6,4.1,5.0,3.9,1.0,3.1,4.0,3.7,1.7,5.0,4.4,0.0,6.4,3.4,5.4,6.6,4.7,7.1,4.3,6.5,0.7,6.4,2.4,1.8,3.1,4.71,0,0,general,→,2028-2033,中国蘑菇种植者：薪资水平偏低，加班文化严重,4.89,4.21,5.98,荷兰,尼日利亚,4.62,4.66,4.87,4.68,5.56,5.12,4.36,5.0,4.78,5.58,5.58,4.38,-0.18,2026-04-13,2026-04-13,2000-2026
农业、资源与环境,AGR,渔业,远洋渔民,Deep-sea Fisherman,2.8,1.8,4.5,6.0,6.3,10.0,4.9,6.8,5.2,5.8,4.7,1.5,2.4,0.0,2.0,3.7,3.6,1.4,7.0,4.2,0.7,6.4,0.0,6.1,5.6,1.2,4.0,5.8,9.3,2.7,7.9,2.7,3.3,3.1,4.71,0,0,general,→,2032-2038,中国远洋渔民：加班文化严重,4.64,3.64,5.54,丹麦,巴基斯坦,4.68,4.47,4.53,4.48,5.38,4.88,3.93,4.83,4.31,5.43,5.22,3.9,0.07,2026-04-13,2026-04-13,2000-2026
农业、资源与环境,AGR,林业,树艺师,Arborist / Tree Surgeon,5.1,3.5,3.7,6.8,4.5,6.1,5.4,6.9,4.9,4.4,5.3,3.8,3.2,2.1,3.6,3.7,3.0,1.4,7.9,4.3,0.0,5.7,2.6,6.6,6.3,2.5,4.7,4.4,7.8,4.3,6.2,2.5,2.5,4.0,4.71,1,1,general,→,2035+,中国树艺师：AI替代抗性强，加班文化严重,4.99,4.07,5.82,荷兰,孟加拉国,4.75,4.74,5.13,4.88,5.76,5.28,4.28,5.06,4.85,5.72,5.57,4.39,-0.28,2026-04-13,2026-04-13,2000-2026
文化、艺术与传媒,ART,体育竞技,裁判员,Sports Referee / Umpire,5.7,3.8,6.0,5.7,5.4,7.2,5.6,6.0,5.8,4.8,4.3,4.7,3.1,0.0,3.1,4.4,3.8,4.2,7.6,6.8,0.0,4.7,0.2,8.5,3.6,4.0,1.8,7.3,5.3,3.8,5.1,2.2,5.5,5.3,4.71,3,1,general,→,2035+,中国裁判员：AI替代抗性强，加班文化严重,4.86,3.65,5.93,德国,孟加拉国,4.75,4.47,4.83,4.79,5.48,5.25,4.08,5.07,4.57,5.57,5.7,4.2,-0.15,2026-04-13,2026-04-13,2000-2026
公共管理与公务员,GOV,警察执法,警察,Police Officer,4.5,4.6,4.4,7.9,7.2,8.1,5.1,4.6,4.3,6.2,9.4,5.0,2.6,2.1,1.4,5.0,4.0,3.8,7.2,8.7,0.0,3.0,2.1,6.5,0.6,3.8,4.6,8.3,7.3,8.8,0.9,1.3,2.1,9.4,4.71,0,1,general,→,2032-2038,中国警察：薪资水平偏低，加班文化严重，就业稳定,4.75,3.75,5.6,丹麦,尼日利亚,4.84,4.52,4.65,4.78,5.53,4.81,4.14,4.91,4.36,5.44,5.36,4.01,-0.04,2026-04-13,2026-04-13,2000-2026
交通运输与物流,TRA,公路,拖车司机/重型运输司机,Tow Truck / Heavy Hauler Driver,2.5,1.8,4.1,6.8,7.3,10.0,5.6,6.5,4.0,5.4,5.2,4.7,3.9,0.4,2.8,3.7,3.5,1.4,4.0,4.1,0.0,5.7,1.9,4.3,5.5,2.8,6.0,3.8,7.4,4.8,6.5,5.1,2.3,3.3,4.7,0,-1,general,→,2026-2030,中国拖车司机/重型运输司机：薪资水平偏低，AI替代风险较高，加班文化严重,4.82,3.36,5.94,瑞士,孟加拉国,4.91,4.47,4.81,4.93,5.86,5.16,3.69,4.87,4.33,5.59,5.72,3.86,-0.12,2026-04-13,2026-04-13,2000-2026
农业、资源与环境,AGR,石油天然气,海上石油平台工人,Offshore Oil Platform Worker,3.5,2.9,3.8,6.4,6.8,7.3,6.9,8.3,7.9,7.5,4.8,1.3,1.4,0.0,0.8,4.5,4.4,2.3,6.1,6.0,1.3,4.0,0.0,5.0,4.6,1.6,4.6,5.0,8.7,4.7,8.6,0.9,5.7,6.7,4.69,-1,0,general,→,2032-2038,中国海上石油平台工人：加班文化严重,4.79,3.78,5.72,加拿大,肯尼亚,4.6,4.52,4.84,5.0,5.39,5.23,3.96,4.7,4.58,5.44,5.36,4.28,-0.1,2026-04-13,2026-04-13,2000-2026
技术工种与手工业,SKL,重型设备操作,推土机操作员,Bulldozer Operator,3.4,2.6,5.3,6.8,7.2,8.4,5.8,5.7,5.3,6.2,5.6,2.7,3.1,1.1,2.3,4.6,3.3,1.5,4.1,4.1,0.2,5.2,2.5,6.3,4.3,0.7,5.4,4.3,7.0,5.2,7.0,3.7,3.5,3.4,4.69,2,2,general,↑,2026-2030,中国推土机操作员：加班文化严重,5.04,3.83,6.25,荷兰,孟加拉国,4.98,4.69,5.1,5.06,5.88,5.36,4.1,4.97,4.48,6.08,5.98,4.28,-0.35,2026-04-13,2026-04-13,2000-2026
法律与社会服务,LAW,社会工作,儿童福利社工,Child Welfare Social Worker,5.9,5.8,3.3,7.0,4.1,4.7,5.4,5.4,1.9,3.4,5.7,7.0,3.9,2.0,1.2,4.8,4.6,3.0,8.0,4.9,2.2,4.0,2.2,7.7,3.3,7.3,5.5,8.6,2.7,6.6,1.6,1.9,4.1,3.6,4.69,2,1,general,→,2035+,中国儿童福利社工：薪资水平偏低，AI替代抗性强，加班文化严重,5.43,4.58,6.52,瑞典,巴基斯坦,5.31,5.02,5.4,5.14,6.44,5.6,4.71,5.6,5.19,6.18,6.26,4.88,-0.74,2026-04-13,2026-04-13,2000-2026
交通运输与物流,TRA,公路,特种车辆驾驶员,Specialized Vehicle Driver,2.8,2.4,4.4,6.8,8.0,10.0,5.3,7.5,4.8,5.7,4.8,3.9,3.4,0.0,2.8,3.1,4.1,1.4,3.3,4.1,0.5,5.4,1.1,3.7,5.5,3.2,6.7,3.9,7.5,5.3,6.2,4.7,2.8,2.5,4.69,0,-1,general,→,2026-2030,中国特种车辆驾驶员：AI替代风险较高，加班文化严重,4.78,3.51,5.82,瑞士,孟加拉国,4.88,4.4,4.83,4.88,5.76,5.12,3.71,4.86,4.24,5.6,5.67,3.88,-0.09,2026-04-13,2026-04-13,2000-2026
交通运输与物流,TRA,公路,公交车司机,Bus Driver,2.5,2.4,4.2,6.5,7.0,10.0,5.7,7.1,2.9,5.6,5.8,5.5,3.4,0.1,2.6,3.3,3.7,1.2,2.3,4.8,0.5,5.6,1.5,4.3,5.1,3.9,5.6,6.5,7.4,4.8,3.9,5.2,2.4,4.3,4.69,0,-1,general,→,2025-2028,中国公交车司机：薪资水平偏低，AI替代风险较高，加班文化严重,4.82,3.5,5.91,瑞士,孟加拉国,4.87,4.47,4.87,4.88,5.79,5.15,3.73,4.86,4.31,5.71,5.75,3.94,-0.13,2026-04-13,2026-04-13,2000-2026
农业、资源与环境,AGR,石油天然气,天然气处理技师,Natural Gas Processing Technician,4.5,4.0,4.3,6.2,5.9,6.8,6.8,8.0,6.2,7.4,4.4,3.0,1.9,0.0,3.1,5.1,5.0,1.9,5.4,6.2,0.4,4.3,0.4,5.0,4.4,2.9,4.6,5.6,6.4,5.3,9.0,1.6,5.8,7.0,4.68,-1,0,general,→,2028-2033,中国天然气处理技师：加班文化严重,4.82,3.83,5.7,澳大利亚,孟加拉国,4.61,4.58,4.92,5.07,5.39,5.29,3.99,4.66,4.6,5.54,5.39,4.21,-0.14,2026-04-13,2026-04-13,2000-2026
文化、艺术与传媒,ART,传统表演艺术,评书/说书人,Storyteller (Pingshu),6.6,5.1,3.4,6.4,4.0,4.3,4.8,4.8,4.6,3.6,4.0,6.5,5.5,2.4,3.0,3.9,3.1,2.6,9.0,5.4,0.8,5.0,2.2,7.8,3.5,4.5,3.7,8.6,6.1,2.0,3.1,3.7,2.6,5.5,4.68,-1,-2,general,↓,2035+,中国评书/说书人：AI替代抗性强，加班文化严重，就业波动大,4.8,3.76,5.69,澳大利亚,孟加拉国,4.89,4.44,4.76,4.65,5.43,5.17,4.04,4.81,4.48,5.46,5.59,4.2,-0.12,2026-04-13,2026-04-13,2000-2026
农业、资源与环境,AGR,渔业,水产养殖技术员,Aquaculture Technician,4.9,3.9,6.4,6.3,5.9,9.4,6.7,6.3,5.4,5.4,4.3,4.3,3.9,0.0,2.5,3.5,3.0,1.5,5.0,4.6,0.6,6.4,1.2,5.8,5.8,2.5,4.8,5.1,6.8,3.3,7.6,2.9,1.8,3.8,4.68,0,2,general,↑,2028-2033,中国水产养殖技术员：加班文化严重,4.75,3.72,5.84,丹麦,巴基斯坦,4.86,4.54,4.57,4.55,5.53,4.94,3.99,4.98,4.45,5.44,5.43,4.05,-0.07,2026-04-13,2026-04-13,2000-2026
服务业与消费,SVC,清洁与维护,洗衣/干洗师,Laundry / Dry Cleaning Worker,2.0,1.3,4.6,7.0,6.8,5.5,4.9,5.5,3.7,4.1,4.1,5.4,3.8,1.2,3.1,3.8,4.9,1.2,6.1,2.3,0.1,2.3,0.9,3.1,4.1,5.3,6.7,4.5,5.1,1.1,3.8,4.7,1.6,3.0,4.67,0,1,general,→,2032-2038,中国洗衣/干洗师：薪资水平偏低，加班文化严重,4.99,4.11,6.06,瑞士,巴基斯坦,4.95,4.75,4.92,5.02,5.8,5.17,4.23,5.0,4.61,5.72,5.72,4.38,-0.32,2026-04-13,2026-04-13,2000-2026
文化、艺术与传媒,ART,传统表演艺术,粤剧演员,Cantonese Opera Performer,6.7,4.6,4.1,6.5,4.2,3.4,4.2,4.8,4.6,3.7,3.8,6.7,5.5,1.1,2.1,4.9,3.3,2.6,9.4,5.8,0.9,5.0,1.2,8.4,3.3,4.6,4.8,7.3,6.0,2.9,3.9,3.5,2.5,4.3,4.67,-1,-2,general,↓,2035+,中国粤剧演员：AI替代抗性强，加班文化严重，就业波动大,4.79,3.7,5.7,瑞士,孟加拉国,4.89,4.47,4.73,4.62,5.42,5.14,4.05,4.83,4.42,5.39,5.57,4.21,-0.12,2026-04-13,2026-04-13,2000-2026
农业、资源与环境,AGR,林业,森林消防员,Wildland Firefighter,3.3,2.9,3.7,6.7,4.7,5.8,5.2,6.8,5.3,4.7,5.0,1.5,2.9,0.0,2.3,4.1,2.7,1.5,8.6,5.9,0.5,6.7,0.5,8.5,3.6,3.1,5.7,4.4,8.8,2.4,7.2,1.7,1.6,4.8,4.66,1,1,general,→,2035+,中国森林消防员：AI替代抗性强，加班文化严重,4.8,4.01,5.72,澳大利亚,巴基斯坦,4.55,4.51,4.85,4.76,5.57,5.11,4.13,4.86,4.61,5.65,5.38,4.28,-0.14,2026-04-13,2026-04-13,2000-2026
交通运输与物流,TRA,公路,搬家工人,Moving Company Worker / Mover,1.6,1.3,3.9,5.6,7.9,9.2,4.9,6.3,3.9,4.8,4.0,4.7,3.6,0.0,2.0,3.3,2.9,1.2,5.4,3.7,0.7,5.6,1.7,4.0,4.6,2.5,6.5,3.8,8.7,1.0,5.8,5.7,1.9,3.5,4.66,0,-1,general,→,2028-2033,中国搬家工人：薪资水平偏低，加班文化严重，就业波动大,4.87,3.58,6.16,瑞士,孟加拉国,4.89,4.53,4.92,4.86,5.83,5.2,3.79,5.01,4.37,5.6,5.83,3.97,-0.21,2026-04-13,2026-04-13,2000-2026
农业、资源与环境,AGR,种植,有机农业技术员,Organic Farming Technician,4.5,3.9,5.4,7.6,5.7,9.3,4.4,5.5,4.9,4.6,4.5,5.3,3.4,1.0,2.0,3.4,3.9,2.1,4.4,4.4,0.4,7.0,2.7,7.1,6.7,3.7,6.6,4.5,8.2,1.0,8.1,2.2,1.0,2.7,4.66,0,3,general,↑,2026-2030,中国有机农业技术员：加班文化严重,5.0,4.27,5.94,荷兰,尼日利亚,4.73,4.78,4.98,4.84,5.63,5.28,4.45,5.11,4.83,5.78,5.67,4.43,-0.34,2026-04-13,2026-04-13,2000-2026
交通运输与物流,TRA,公路,长途卡车司机,Long-haul Truck Driver,2.6,1.8,4.0,6.6,8.1,9.6,6.7,8.1,5.5,5.9,4.9,4.7,3.2,0.0,0.8,3.7,3.0,1.5,1.9,4.1,0.0,5.4,0.0,4.9,5.7,3.1,6.5,4.1,7.4,4.4,6.7,4.7,2.8,2.7,4.66,0,-2,general,↓,2025-2028,中国长途卡车司机：AI替代风险较高，加班文化严重，近年需求下降,4.64,3.42,5.77,瑞士,尼日利亚,4.66,4.26,4.63,4.73,5.62,5.03,3.63,4.75,4.09,5.44,5.55,3.73,0.02,2026-04-13,2026-04-13,2000-2026
交通运输与物流,TRA,快递最后一公里,快递站长,Delivery Station Manager,3.8,3.2,6.7,4.8,9.2,10.0,5.0,5.5,4.4,4.3,4.0,6.2,2.5,0.0,1.9,2.8,2.9,2.3,4.4,5.0,0.0,5.9,1.2,4.2,4.8,3.9,6.4,7.4,4.7,2.6,6.1,7.2,1.4,4.5,4.65,4,4,general,↑↑,2028-2033,中国快递站长：薪资水平偏低，加班文化严重，就业波动大,4.93,3.59,6.04,瑞士,孟加拉国,4.99,4.59,4.95,4.99,5.93,5.3,3.85,5.05,4.36,5.68,5.86,3.98,-0.28,2026-04-13,2026-04-13,2000-2026
技术工种与手工业,SKL,重型设备操作,压路机操作员,Road Roller Operator,3.8,2.1,5.3,7.3,8.0,7.4,5.7,6.4,5.5,5.8,4.6,4.0,3.4,0.1,2.4,4.0,3.7,1.3,3.4,4.2,0.5,4.5,1.0,5.8,4.0,1.3,5.5,4.2,5.3,4.9,7.2,3.1,4.2,2.8,4.65,2,2,general,↑,2026-2030,中国压路机操作员：AI替代风险较高，加班文化严重,5.04,4.0,6.22,澳大利亚,孟加拉国,5.01,4.64,5.13,5.19,5.86,5.31,4.11,4.97,4.48,6.1,5.94,4.29,-0.39,2026-04-13,2026-04-13,2000-2026
农业、资源与环境,AGR,石油天然气,油田技术员,Oilfield Technician,3.9,3.1,4.1,6.8,6.2,7.3,5.6,8.0,6.4,7.2,5.1,2.0,2.9,0.2,1.6,4.7,4.6,1.8,5.1,5.2,1.0,4.8,0.0,5.0,4.2,2.5,5.2,5.5,8.0,5.1,8.3,1.3,5.8,6.7,4.64,-1,0,general,→,2028-2033,中国油田技术员：加班文化严重,4.65,3.56,5.67,澳大利亚,巴基斯坦,4.47,4.38,4.71,4.84,5.2,5.24,3.76,4.5,4.48,5.41,5.21,4.06,-0.01,2026-04-13,2026-04-13,2000-2026
农业、资源与环境,AGR,种植,灌溉专员,Irrigation Specialist,3.7,3.1,4.0,7.2,6.9,7.4,5.0,5.3,3.7,4.6,5.5,5.5,4.4,0.7,2.5,4.3,3.5,1.9,3.6,3.8,0.0,7.3,2.2,5.9,6.0,4.8,6.8,4.2,6.5,1.1,7.9,3.0,2.0,2.9,4.64,0,0,general,→,2026-2030,中国灌溉专员：薪资水平偏低，AI替代风险较高，加班文化严重,4.81,4.1,5.78,荷兰,尼日利亚,4.55,4.55,4.77,4.65,5.54,5.12,4.26,4.87,4.61,5.57,5.46,4.3,-0.17,2026-04-13,2026-04-13,2000-2026
服务业与消费,SVC,清洁与维护,停车管理员,Parking Lot Attendant,2.4,1.9,3.6,6.8,6.2,7.5,6.1,5.6,3.2,4.1,4.0,5.7,4.5,1.3,3.0,3.9,5.2,1.2,5.1,2.3,0.0,2.4,2.2,4.0,4.1,5.1,6.1,4.2,7.6,0.5,4.3,5.1,1.7,3.0,4.64,-1,-1,general,→,2028-2033,中国停车管理员：薪资水平偏低，加班文化严重，就业波动大,4.89,3.98,5.83,瑞士,巴基斯坦,4.87,4.69,4.84,4.86,5.62,5.12,4.14,4.95,4.48,5.61,5.62,4.28,-0.25,2026-04-13,2026-04-13,2000-2026
农业、资源与环境,AGR,种植,咖啡种植者,Coffee Farmer,3.3,2.3,4.0,7.9,5.9,5.9,4.4,5.7,4.3,5.1,5.0,5.0,2.9,0.0,2.8,3.8,3.7,2.2,3.3,4.4,0.0,7.5,3.2,6.5,7.1,3.7,7.1,4.0,7.9,1.4,7.9,3.0,2.9,3.1,4.64,0,0,general,→,2026-2030,中国咖啡种植者：薪资水平偏低，AI替代风险较高，加班文化严重,4.83,4.19,5.8,荷兰,尼日利亚,4.54,4.56,4.8,4.67,5.51,5.13,4.34,4.93,4.66,5.58,5.48,4.3,-0.19,2026-04-13,2026-04-13,2000-2026
农业、资源与环境,AGR,畜牧,乳业技术员,Dairy Technician,3.6,2.9,4.2,7.2,5.8,8.2,5.7,6.5,4.3,4.3,4.5,5.0,3.9,0.0,2.1,3.4,3.5,1.4,3.9,3.8,0.7,7.4,1.9,5.1,6.3,3.8,6.7,3.9,6.7,1.2,7.0,2.6,2.1,3.4,4.63,0,1,general,→,2026-2030,中国乳业技术员：薪资水平偏低，AI替代风险较高，加班文化严重,4.92,4.17,6.02,荷兰,孟加拉国,4.67,4.59,5.0,4.8,5.69,5.19,4.28,5.01,4.73,5.71,5.64,4.36,-0.29,2026-04-13,2026-04-13,2000-2026
服务业与消费,SVC,安保,保安,Security Guard,2.8,2.9,5.0,6.0,6.2,6.2,5.6,5.7,3.4,3.9,5.3,4.2,5.2,0.7,4.3,4.8,4.5,1.3,6.4,3.4,1.0,3.2,0.9,4.5,4.1,2.3,4.5,4.9,6.2,3.2,4.6,4.7,2.3,4.8,4.63,1,1,general,→,2032-2038,中国保安：薪资水平偏低，加班文化严重,4.92,3.97,5.94,瑞士,孟加拉国,4.87,4.68,4.82,4.96,5.72,5.11,4.13,4.99,4.54,5.7,5.64,4.29,-0.29,2026-04-13,2026-04-13,2000-2026
法律与社会服务,LAW,心理社会服务,保释担保人,Bail Bondsman,3.0,2.8,3.3,6.8,3.4,3.1,4.6,3.1,6.1,5.6,3.1,5.4,3.7,1.9,2.5,4.8,4.3,4.3,6.8,3.3,3.4,6.4,2.6,4.6,8.3,4.3,5.7,7.4,3.5,5.3,3.3,4.4,0.5,3.9,4.62,0,-1,general,→,2032-2038,中国保释担保人：加班文化严重，就业波动大,4.92,3.9,5.89,荷兰,孟加拉国,4.92,4.62,4.86,4.84,5.66,5.15,4.13,5.0,4.61,5.68,5.78,4.16,-0.3,2026-04-13,2026-04-13,2000-2026
农业、资源与环境,AGR,渔业,水产品加工技师,Seafood Processing Technician,2.7,2.1,4.1,6.6,6.8,10.0,5.9,6.4,4.6,4.5,4.1,3.8,2.6,0.4,3.0,3.7,3.0,1.5,4.5,4.0,0.2,6.2,0.2,5.5,6.2,3.7,5.5,4.7,7.5,3.4,7.8,3.5,2.8,3.0,4.62,0,0,general,→,2026-2030,中国水产品加工技师：加班文化严重,4.6,3.63,5.68,丹麦,巴基斯坦,4.68,4.42,4.5,4.39,5.4,4.79,3.94,4.75,4.24,5.36,5.22,3.87,0.02,2026-04-13,2026-04-13,2000-2026
文化、艺术与传媒,ART,传统表演艺术,黑人灵歌/福音歌手,Gospel Singer,7.0,5.1,3.9,5.8,4.2,5.9,4.2,5.2,4.5,4.3,3.2,6.5,5.4,1.4,1.8,4.4,3.3,2.7,9.4,5.8,1.1,4.5,1.2,7.9,2.5,4.7,4.1,7.1,5.9,2.6,3.8,4.4,2.9,4.6,4.62,-1,-2,general,↓,2035+,中国黑人灵歌/福音歌手：薪资水平偏低，AI替代抗性强，加班文化严重,4.83,3.62,5.66,荷兰,孟加拉国,4.83,4.53,4.74,4.63,5.47,5.25,4.03,4.94,4.49,5.5,5.6,4.27,-0.21,2026-04-13,2026-04-13,2000-2026
技术工种与手工业,SKL,重型设备操作,矿用卡车司机,Mining Haul Truck Driver,3.2,2.2,6.3,6.9,7.6,6.9,5.9,6.1,6.0,5.3,4.3,2.9,3.2,1.5,2.5,4.1,4.3,1.6,3.1,3.3,0.0,4.7,1.1,5.3,4.9,1.0,4.7,4.2,5.7,5.4,6.7,3.7,4.7,3.6,4.61,2,2,general,↑,2026-2030,中国矿用卡车司机：AI替代风险较高，加班文化严重,5.0,3.88,6.18,荷兰,孟加拉国,4.94,4.63,5.06,5.05,5.79,5.3,4.07,4.94,4.51,6.04,5.94,4.22,-0.39,2026-04-13,2026-04-13,2000-2026
农业、资源与环境,AGR,种植,粮食作物种植者,Grain Farmer,2.7,1.7,3.8,7.6,5.9,9.8,4.3,5.7,3.5,4.6,5.0,4.8,3.7,0.4,2.8,4.0,3.7,1.7,3.6,3.8,0.3,6.6,2.4,5.9,6.3,4.4,6.8,3.8,8.0,1.3,7.7,2.2,1.8,3.5,4.6,0,0,general,→,2026-2030,中国粮食作物种植者：薪资水平偏低，AI替代风险较高，加班文化严重,4.83,4.1,5.78,丹麦,尼日利亚,4.51,4.56,4.79,4.69,5.56,5.1,4.41,4.85,4.67,5.58,5.45,4.36,-0.23,2026-04-13,2026-04-13,2000-2026
交通运输与物流,TRA,公路,摩托车信使,Motorcycle Courier,2.2,1.8,3.3,6.2,8.1,9.8,5.4,6.9,3.1,5.6,5.3,3.7,3.1,0.2,2.8,3.3,3.9,1.7,2.8,3.8,0.0,5.4,0.7,4.1,6.5,3.0,5.8,4.1,8.5,2.9,5.4,7.5,2.7,3.1,4.59,0,1,general,→,2025-2028,中国摩托车信使：薪资水平偏低，AI替代风险较高，加班文化严重,4.77,3.56,5.91,瑞士,孟加拉国,4.81,4.48,4.81,4.82,5.74,5.09,3.75,4.86,4.2,5.51,5.71,3.87,-0.18,2026-04-13,2026-04-13,2000-2026
服务业与消费,SVC,特殊合法职业,博彩从业者/荷官,Casino Dealer / Gaming Worker,3.5,1.8,4.1,5.8,6.2,6.9,4.6,3.9,4.9,4.9,4.8,4.4,4.5,0.6,4.3,4.3,4.0,2.7,6.6,3.5,1.3,4.5,0.9,4.6,5.1,4.4,4.2,7.4,5.3,5.5,4.2,4.1,1.8,4.8,4.59,1,2,general,↑,2032-2038,中国博彩从业者/荷官：加班文化严重,4.84,3.8,5.81,澳大利亚,尼日利亚,4.83,4.58,4.79,4.86,5.6,5.07,4.01,4.86,4.49,5.6,5.63,4.08,-0.25,2026-04-13,2026-04-13,2000-2026
农业、资源与环境,AGR,畜牧,蚕丝养殖者,Sericulturist / Silkworm Farmer,4.1,2.3,1.6,7.8,5.8,4.0,5.3,6.8,4.3,4.8,4.5,4.8,3.1,0.4,2.3,3.4,3.7,1.7,6.7,3.7,0.7,7.2,2.0,5.3,6.1,2.7,6.5,3.8,5.1,2.1,6.7,3.0,0.9,2.8,4.58,-2,-1,general,→,2032-2038,中国蚕丝养殖者：薪资水平偏低，加班文化严重,4.81,3.99,5.78,荷兰,巴基斯坦,4.57,4.52,4.85,4.74,5.53,5.11,4.06,4.92,4.6,5.56,5.51,4.2,-0.23,2026-04-13,2026-04-13,2000-2026
农业、资源与环境,AGR,种植,果蔬种植者,Fruit & Vegetable Grower,3.0,2.4,4.2,7.0,6.1,8.9,4.1,5.6,4.0,4.9,4.8,5.3,3.1,0.4,2.8,3.8,2.9,2.2,3.7,4.2,0.2,6.7,2.2,6.2,7.0,3.7,6.6,3.7,8.2,0.8,7.5,2.4,1.8,3.1,4.56,0,0,general,→,2026-2030,中国果蔬种植者：薪资水平偏低，AI替代风险较高，加班文化严重,4.87,4.13,5.96,荷兰,尼日利亚,4.63,4.65,4.78,4.65,5.54,5.15,4.39,5.01,4.68,5.65,5.54,4.34,-0.31,2026-04-13,2026-04-13,2000-2026
交通运输与物流,TRA,快递最后一公里,包裹柜运维员,Parcel Locker Technician,3.3,3.3,6.9,4.8,8.6,10.0,4.6,5.4,3.7,4.8,3.8,7.7,3.1,0.0,2.0,2.8,3.1,1.7,4.8,3.2,0.0,5.4,1.7,4.2,4.8,2.1,6.4,4.3,5.2,1.3,5.3,4.0,1.1,3.9,4.56,4,4,general,↑↑,2028-2033,中国包裹柜运维员：薪资水平偏低，加班文化严重，就业波动大,4.72,3.36,5.9,瑞士,巴基斯坦,4.79,4.33,4.76,4.8,5.63,5.05,3.59,4.75,4.27,5.59,5.62,3.88,-0.16,2026-04-13,2026-04-13,2000-2026
农业、资源与环境,AGR,种植,茶叶种植与加工师,Tea Farmer / Tea Processing Specialist,2.7,1.8,4.0,7.2,6.4,5.8,3.9,5.5,4.0,4.4,4.5,5.0,4.4,0.4,2.8,3.2,3.4,2.1,3.1,3.9,1.2,6.2,2.9,6.9,7.0,4.6,6.4,3.8,8.4,1.4,6.7,2.6,2.0,2.9,4.55,0,0,general,→,2026-2030,中国茶叶种植与加工师：薪资水平偏低，供过于求，AI替代风险较高,4.88,4.17,5.8,新西兰,尼日利亚,4.57,4.66,4.88,4.68,5.53,5.17,4.33,5.01,4.65,5.72,5.51,4.37,-0.33,2026-04-13,2026-04-13,2000-2026
公共管理与公务员,GOV,警察执法,交通警察,Traffic Police Officer,3.9,5.0,4.3,8.0,6.1,7.5,5.6,3.9,5.1,4.7,10.0,5.7,3.0,2.2,2.4,3.1,2.8,3.0,5.2,7.1,0.0,3.1,3.4,4.9,1.2,3.9,4.7,7.4,5.7,7.7,0.3,0.9,1.8,9.1,4.55,-1,0,general,→,2028-2033,中国交通警察：加班文化严重，就业稳定,4.53,3.53,5.52,丹麦,尼日利亚,4.65,4.32,4.45,4.5,5.34,4.59,3.98,4.63,4.16,5.11,5.16,3.81,0.02,2026-04-13,2026-04-13,2000-2026
农业、资源与环境,AGR,种植,花卉种植师,Floriculturist / Flower Grower,3.6,1.8,4.6,7.8,5.9,5.8,3.8,5.6,3.5,5.3,4.5,4.8,2.9,0.7,2.9,4.2,3.4,2.2,3.1,3.4,0.6,7.5,3.4,6.1,6.6,5.4,6.4,4.0,6.8,1.0,7.1,2.4,1.0,3.3,4.54,0,0,general,→,2026-2030,中国花卉种植师：薪资水平偏低，供过于求，AI替代风险较高,4.85,4.15,5.84,荷兰,埃及,4.55,4.66,4.84,4.64,5.55,5.06,4.32,4.93,4.69,5.68,5.51,4.29,-0.31,2026-04-13,2026-04-13,2000-2026
交通运输与物流,TRA,快递最后一公里,快递员,Courier / Delivery Driver,1.3,2.1,7.0,4.8,9.4,10.0,4.6,6.0,3.1,5.3,4.5,5.4,3.2,0.0,1.1,3.4,3.3,2.2,2.8,3.6,0.0,4.5,1.4,4.2,4.4,3.0,7.0,5.2,8.3,1.5,5.6,5.6,1.8,4.5,4.53,4,3,general,↑,2025-2028,中国快递员：薪资水平偏低，AI替代风险较高，加班文化严重,4.64,3.32,5.75,荷兰,孟加拉国,4.72,4.32,4.62,4.71,5.54,4.97,3.55,4.76,4.15,5.4,5.53,3.72,-0.11,2026-04-13,2026-04-13,2000-2026
公共管理与公务员,GOV,警察执法,边防警察,Border Patrol Agent,4.1,4.7,3.7,7.2,5.4,5.8,5.8,4.8,4.4,5.6,10.0,5.2,2.9,2.4,2.4,3.8,3.3,2.7,6.3,6.8,0.0,3.3,1.5,6.5,1.0,4.0,4.6,6.8,7.8,8.5,1.0,0.7,2.5,9.6,4.53,0,2,general,↑,2032-2038,中国边防警察：薪资水平偏低，加班文化严重，就业稳定,4.51,3.56,5.38,丹麦,尼日利亚,4.61,4.31,4.44,4.49,5.32,4.55,3.83,4.63,4.16,5.02,5.17,3.84,0.02,2026-04-13,2026-04-13,2000-2026
公共管理与公务员,GOV,司法行政,法警,Court Marshal / Bailiff,4.3,5.2,2.8,8.0,5.3,5.4,4.3,4.1,3.3,5.2,10.0,6.9,4.4,3.3,3.7,3.8,3.3,2.2,6.6,6.8,0.2,2.1,3.4,4.9,0.6,3.9,5.2,6.2,4.8,7.7,1.1,1.0,1.4,8.6,4.53,0,1,general,→,2032-2038,中国法警：薪资水平偏低，加班文化严重，就业稳定,4.71,3.89,5.5,瑞典,肯尼亚,4.82,4.51,4.66,4.68,5.43,4.78,4.23,4.76,4.3,5.26,5.31,4.08,-0.18,2026-04-13,2026-04-13,2000-2026
服务业与消费,SVC,安保,安检员,Security Screener,3.6,2.3,4.7,6.0,6.0,6.6,5.7,5.1,2.8,3.9,5.6,6.2,5.0,1.1,2.5,3.8,5.1,1.5,4.7,4.0,0.1,2.7,1.0,4.9,4.3,2.9,4.9,6.2,7.4,2.8,4.6,4.5,2.7,4.6,4.51,1,0,general,→,2028-2033,中国安检员：薪资水平偏低，加班文化严重,4.89,3.93,5.88,瑞士,孟加拉国,4.81,4.66,4.84,4.92,5.66,5.12,4.1,4.96,4.5,5.62,5.6,4.26,-0.38,2026-04-13,2026-04-13,2000-2026
交通运输与物流,TRA,公路,出租车司机,Taxi Driver,2.9,2.0,4.1,6.2,7.9,9.8,4.8,7.3,3.0,5.3,4.8,5.4,2.6,0.2,3.3,3.5,2.9,1.4,1.3,4.1,0.1,5.6,0.8,4.8,6.2,1.9,6.5,5.9,6.7,3.7,6.3,6.0,2.4,3.5,4.51,0,-2,general,↓,2025-2028,中国出租车司机：薪资水平偏低，AI替代风险较高，加班文化严重,4.75,3.4,5.87,瑞士,孟加拉国,4.75,4.44,4.76,4.81,5.76,5.08,3.63,4.85,4.19,5.54,5.68,3.89,-0.24,2026-04-13,2026-04-13,2000-2026
服务业与消费,SVC,特殊合法职业,大麻产业工人(合法地区),Cannabis Industry Worker (Legal Jurisdictions),2.5,1.9,7.3,5.3,6.0,5.1,4.8,4.2,5.7,5.1,3.5,4.4,4.0,0.2,3.3,4.2,4.0,2.5,6.7,2.6,0.3,4.0,0.9,3.8,5.0,4.6,4.1,6.2,5.9,6.0,4.5,3.9,1.8,5.0,4.51,1,5,general,↑↑,2032-2038,中国大麻产业工人(合法地区)：加班文化严重，就业波动大，近年增长迅猛,4.86,3.84,5.84,丹麦,孟加拉国,4.82,4.65,4.84,4.9,5.68,5.06,4.03,4.9,4.47,5.58,5.54,4.22,-0.35,2026-04-13,2026-04-13,2000-2026
农业、资源与环境,AGR,林业,木材加工师,Timber Processing Specialist / Sawyer,3.3,2.9,4.2,7.3,5.3,5.0,5.4,6.6,3.4,4.2,4.8,3.3,2.9,2.2,2.3,3.2,3.5,1.4,6.5,3.9,0.2,5.9,1.7,6.3,4.3,2.7,5.5,4.1,8.8,2.6,5.7,2.5,1.9,4.8,4.5,1,1,general,→,2032-2038,中国木材加工师：薪资水平偏低，加班文化严重,4.75,3.92,5.72,澳大利亚,尼日利亚,4.5,4.47,4.8,4.62,5.45,5.07,4.08,4.79,4.66,5.57,5.34,4.21,-0.25,2026-04-13,2026-04-13,2000-2026
服务业与消费,SVC,特殊合法职业,性工作者(合法地区),Licensed Sex Worker (Legal Jurisdictions),2.3,2.6,4.1,5.8,6.4,6.0,4.6,4.5,5.9,5.0,2.5,2.9,5.0,1.5,4.0,4.4,4.2,2.7,8.6,1.6,0.9,3.7,0.4,3.2,4.8,2.6,4.2,6.2,5.6,5.3,3.0,4.3,1.9,5.6,4.49,1,2,general,↑,2035+,中国性工作者(合法地区)：AI替代抗性强，加班文化严重，就业波动大,4.75,3.74,5.76,瑞士,孟加拉国,4.74,4.51,4.66,4.78,5.56,4.99,3.92,4.72,4.37,5.52,5.52,4.05,-0.26,2026-04-13,2026-04-13,2000-2026
公共管理与公务员,GOV,司法行政,监狱管理人员,Corrections Officer,3.5,4.1,3.5,7.5,5.2,6.4,4.9,5.5,4.3,4.7,8.8,5.1,3.4,3.8,1.4,3.1,3.0,2.5,7.5,5.4,0.0,1.9,2.7,4.2,0.8,2.9,4.3,6.9,5.7,7.7,0.6,1.6,2.4,8.7,4.48,0,1,general,→,2032-2038,中国监狱管理人员：薪资水平偏低，AI替代抗性强，就业稳定,4.52,3.53,5.36,丹麦,尼日利亚,4.61,4.32,4.4,4.49,5.24,4.58,3.96,4.66,4.25,5.04,5.1,3.88,-0.04,2026-04-13,2026-04-13,2000-2026
交通运输与物流,TRA,快递最后一公里,同城配送员,Same-City Express Courier,1.9,1.5,7.2,4.9,9.3,10.0,4.9,5.1,2.5,4.8,4.3,5.2,2.4,0.0,1.5,2.4,4.1,1.9,3.1,3.9,0.0,4.7,1.7,4.0,5.4,2.4,6.2,4.7,7.7,1.8,5.0,6.1,1.2,4.3,4.48,4,4,general,↑↑,2026-2030,中国同城配送员：薪资水平偏低，AI替代风险较高，加班文化严重,4.69,3.42,5.96,瑞士,孟加拉国,4.73,4.27,4.72,4.8,5.61,5.04,3.63,4.73,4.2,5.57,5.6,3.84,-0.21,2026-04-13,2026-04-13,2000-2026
公共管理与公务员,GOV,军事,士兵/士官,Enlisted Soldier / NCO,3.4,3.4,3.9,6.6,7.4,7.0,5.0,4.6,4.9,5.6,9.4,3.3,3.2,1.2,2.0,4.5,2.8,3.2,7.4,6.7,0.0,1.8,0.9,6.1,0.6,2.8,2.0,7.0,9.3,6.1,1.1,0.7,2.4,9.3,4.45,0,1,general,→,2032-2038,中国士兵/士官：加班文化严重，就业稳定,4.28,3.28,5.03,丹麦,尼日利亚,4.41,4.04,4.2,4.41,4.98,4.32,3.79,4.38,3.86,4.84,4.84,3.56,0.17,2026-04-13,2026-04-13,2000-2026
服务业与消费,SVC,特殊合法职业,烟草专卖员(合法地区),Tobacco Retail Specialist,2.2,2.1,4.7,5.6,5.8,5.0,5.0,3.5,3.3,4.6,5.0,4.4,4.4,0.4,4.4,4.4,4.6,2.5,5.4,3.3,1.1,4.9,0.9,4.2,5.2,4.6,4.0,6.6,5.1,5.0,4.0,4.7,1.6,5.6,4.44,-1,-1,general,→,2028-2033,中国烟草专卖员(合法地区)：薪资水平偏低，加班文化严重,4.65,3.72,5.76,瑞士,巴基斯坦,4.65,4.43,4.57,4.65,5.42,4.84,3.82,4.65,4.28,5.51,5.42,3.95,-0.21,2026-04-13,2026-04-13,2000-2026
农业、资源与环境,AGR,畜牧,家禽养殖者,Poultry Farmer,3.9,2.9,4.0,7.0,6.0,7.4,4.7,6.6,3.7,4.1,4.7,4.5,3.1,0.0,2.0,3.2,3.3,1.4,3.9,3.6,0.4,6.2,1.7,6.2,5.6,4.1,5.6,4.4,7.0,1.3,6.6,2.4,1.7,3.2,4.43,0,1,general,→,2026-2030,中国家禽养殖者：薪资水平偏低，AI替代风险较高，加班文化严重,4.83,4.01,5.97,荷兰,巴基斯坦,4.59,4.58,4.82,4.73,5.53,5.06,4.12,4.9,4.63,5.74,5.57,4.21,-0.4,2026-04-13,2026-04-13,2000-2026
农业、资源与环境,AGR,林业,伐木工,Logger / Lumberjack,3.8,2.5,3.9,5.2,4.5,5.9,5.1,7.0,3.5,4.5,5.5,2.3,1.9,1.6,1.7,4.3,3.6,1.4,6.9,2.8,0.2,6.4,1.9,6.7,4.3,3.6,3.9,3.8,9.8,2.5,5.6,2.5,2.0,4.8,4.41,1,1,general,→,2032-2038,中国伐木工：薪资水平偏低，加班文化严重,4.58,3.69,5.49,澳大利亚,孟加拉国,4.34,4.29,4.64,4.52,5.29,4.84,3.91,4.67,4.43,5.34,5.16,4.08,-0.17,2026-04-13,2026-04-13,2000-2026
农业、资源与环境,AGR,种植,烟草种植者,Tobacco Farmer,3.3,2.4,2.0,7.8,6.5,6.1,4.9,6.3,3.2,4.6,5.5,5.2,4.2,0.9,2.5,3.3,3.7,1.9,3.6,3.3,0.4,6.2,3.2,3.8,6.2,4.3,6.2,4.4,8.2,1.4,8.2,2.4,1.6,3.3,4.41,-2,-2,general,↓,2026-2030,中国烟草种植者：薪资水平偏低，AI替代风险较高，加班文化严重,4.65,4.0,5.6,丹麦,肯尼亚,4.35,4.42,4.6,4.46,5.41,4.86,4.08,4.77,4.51,5.45,5.32,4.11,-0.24,2026-04-13,2026-04-13,2000-2026
农业、资源与环境,AGR,采矿,FIFO矿工(飞进飞出矿工),FIFO Miner (Fly-In Fly-Out),3.2,2.2,3.6,5.9,6.8,7.8,7.2,8.7,6.8,6.2,4.1,1.7,2.4,0.1,1.0,3.2,2.9,2.0,5.6,4.5,0.5,3.0,0.3,3.8,4.1,2.0,4.3,4.2,8.9,3.6,8.4,1.1,4.5,5.9,4.4,0,1,general,→,2028-2033,中国FIFO矿工(飞进飞出矿工)：加班文化严重,4.46,3.37,5.68,澳大利亚,孟加拉国,4.26,4.09,4.64,4.42,5.25,4.9,3.7,4.42,4.33,5.38,5.01,3.88,-0.06,2026-04-13,2026-04-13,2000-2026
服务业与消费,SVC,清洁与维护,电梯操作员,Elevator Operator,2.5,1.3,3.5,6.9,6.4,3.7,5.5,5.4,1.7,3.4,4.5,5.4,4.7,1.4,3.3,3.7,5.3,1.2,3.7,2.8,0.0,3.2,0.9,4.2,4.1,4.8,6.3,4.9,8.0,0.5,4.7,5.1,1.5,3.2,4.39,-2,-2,general,↓,2026-2030,中国电梯操作员：薪资水平偏低，AI替代风险较高，加班文化严重,4.78,3.9,5.81,瑞士,孟加拉国,4.67,4.55,4.66,4.74,5.59,4.99,4.04,4.82,4.47,5.44,5.52,4.17,-0.39,2026-04-13,2026-04-13,2000-2026
法律与社会服务,LAW,NGO与人道主义,灾害救援工作者,Disaster Relief Worker,4.8,4.9,3.5,6.0,4.0,3.7,5.1,3.9,1.3,2.4,3.0,3.4,2.2,1.4,1.3,6.4,5.0,2.2,8.6,6.0,0.9,4.9,0.0,7.4,2.5,5.8,4.5,8.7,7.0,3.5,4.2,2.4,6.6,2.9,4.39,2,2,general,↑,2035+,中国灾害救援工作者：薪资水平偏低，AI替代抗性强，加班文化严重,5.2,4.22,6.24,丹麦,巴基斯坦,5.02,4.84,5.15,4.91,6.18,5.39,4.53,5.41,4.95,6.02,5.99,4.65,-0.81,2026-04-13,2026-04-13,2000-2026
服务业与消费,SVC,特殊合法职业,彩票销售员,Lottery Sales Agent,1.6,1.9,4.7,5.0,5.4,6.0,5.4,3.9,3.7,4.4,5.8,4.4,5.0,0.5,3.3,3.8,3.8,2.2,5.5,3.1,0.2,3.7,0.1,4.0,4.7,3.1,3.9,7.3,5.0,5.1,4.9,4.3,1.8,5.4,4.35,1,2,general,↑,2028-2033,中国彩票销售员：薪资水平偏低，加班文化严重,4.7,3.73,5.75,瑞士,巴基斯坦,4.67,4.48,4.67,4.73,5.49,4.91,3.85,4.77,4.26,5.4,5.45,4.0,-0.35,2026-04-13,2026-04-13,2000-2026
交通运输与物流,TRA,快递最后一公里,外卖骑手,Food Delivery Rider,1.6,1.6,7.3,4.0,9.0,10.0,4.4,5.1,1.6,5.3,4.0,5.0,2.5,0.0,0.3,2.4,3.5,1.7,2.5,3.3,0.0,5.4,0.7,3.4,5.2,3.7,7.2,4.8,8.5,1.8,5.1,6.9,1.3,4.3,4.32,4,4,general,↑↑,2025-2028,中国外卖骑手：薪资水平偏低，AI替代风险较高，加班文化严重,4.55,3.29,5.8,瑞士,孟加拉国,4.58,4.18,4.55,4.62,5.5,4.91,3.53,4.57,4.06,5.3,5.46,3.71,-0.23,2026-04-13,2026-04-13,2000-2026
农业、资源与环境,AGR,采矿,爆破技师,Blaster / Explosives Technician,5.1,4.0,3.4,5.3,6.6,7.6,7.1,6.7,6.7,6.1,4.5,0.7,1.4,0.4,1.5,3.8,2.9,1.7,7.3,4.6,0.7,2.5,1.2,4.4,3.7,3.0,4.9,5.4,7.5,6.8,7.7,1.0,2.7,6.0,4.28,0,1,general,→,2032-2038,中国爆破技师：加班文化严重,4.35,3.37,5.54,澳大利亚,孟加拉国,4.19,4.06,4.61,4.18,5.09,4.74,3.59,4.25,4.24,5.2,4.88,3.82,-0.07,2026-04-13,2026-04-13,2000-2026
法律与社会服务,LAW,心理社会服务,赏金猎人,Bounty Hunter / Bail Enforcement Agent,3.0,2.3,3.6,5.5,3.1,1.8,3.6,3.6,5.5,5.3,2.3,2.7,2.0,0.9,1.4,4.2,4.4,4.5,7.9,3.0,1.1,7.1,1.2,5.5,7.2,2.4,4.4,7.3,7.7,5.0,3.8,4.2,0.9,3.6,4.15,0,-1,general,→,2035+,中国赏金猎人：供过于求，AI替代抗性强，加班文化严重,4.45,3.39,5.44,瑞士,孟加拉国,4.49,4.14,4.35,4.39,5.3,4.7,3.66,4.48,4.09,5.09,5.24,3.77,-0.3,2026-04-13,2026-04-13,2000-2026
农业、资源与环境,AGR,采矿,露天矿工,Open-pit Miner,4.1,2.5,4.4,5.3,6.2,8.3,6.7,7.0,4.7,6.7,5.0,0.9,1.9,0.2,2.3,3.8,3.0,1.9,4.5,4.0,0.0,3.7,0.7,3.8,3.3,1.7,3.8,4.9,9.8,3.9,7.8,1.3,2.4,5.2,4.14,0,1,general,→,2028-2033,中国露天矿工：加班文化严重,4.2,3.19,5.44,澳大利亚,孟加拉国,3.94,3.85,4.39,4.16,4.99,4.6,3.44,4.11,4.12,5.09,4.78,3.64,-0.06,2026-04-13,2026-04-13,2000-2026
农业、资源与环境,AGR,采矿,井下矿工,Underground Miner,3.8,3.0,3.7,5.2,6.1,7.8,6.4,7.1,6.6,6.2,4.3,0.9,0.2,0.0,1.0,3.6,3.2,2.3,5.3,3.4,0.7,3.7,0.2,4.4,4.5,2.5,3.8,4.7,9.2,3.3,8.5,0.7,2.8,5.6,4.11,0,1,general,→,2028-2033,中国井下矿工：加班文化严重,4.18,3.06,5.39,澳大利亚,孟加拉国,3.97,3.84,4.34,4.08,5.01,4.66,3.37,4.03,4.04,5.08,4.8,3.59,-0.07,2026-04-13,2026-04-13,2000-2026
公共管理与公务员,GOV,警察执法,辅警/协警,Auxiliary Police Officer,2.3,2.8,3.3,6.7,6.6,7.0,4.4,2.8,2.8,3.9,6.9,5.0,3.7,2.1,2.1,2.9,2.6,3.4,5.5,5.5,0.0,2.3,1.1,4.2,1.2,3.7,5.1,7.3,6.7,5.0,1.8,1.6,1.9,7.3,4.1,-1,0,general,→,2028-2033,中国辅警/协警：薪资水平偏低，加班文化严重,4.05,3.0,5.0,丹麦,尼日利亚,4.17,3.85,3.96,4.02,4.86,4.07,3.47,4.16,3.66,4.66,4.67,3.29,0.05,2026-04-13,2026-04-13,2000-2026
公共管理与公务员,GOV,地方公务员,城管执法人员,Urban Management Officer (Chengguan),3.6,4.4,3.3,8.3,5.1,6.0,4.2,2.3,2.6,3.9,8.7,6.2,4.9,3.3,2.6,3.3,2.5,4.9,5.2,4.6,0.0,3.6,3.6,3.6,0.9,3.1,6.5,7.8,6.0,6.0,1.6,0.7,1.1,7.6,4.07,-1,0,general,→,2028-2033,中国城管执法人员：薪资水平偏低，加班文化严重，就业稳定,4.21,3.37,5.04,丹麦,尼日利亚,4.27,4.03,4.11,4.18,4.95,4.29,3.64,4.28,3.85,4.75,4.82,3.58,-0.14,2026-04-13,2026-04-13,2000-2026
农业、资源与环境,AGR,采矿,手工采矿工人,Artisanal / Small-scale Miner,1.9,1.4,4.5,5.9,6.4,6.2,5.9,7.8,2.1,6.9,3.0,0.2,1.1,0.2,2.3,3.2,2.3,2.2,6.4,2.5,0.4,3.8,1.2,3.8,4.7,1.5,3.9,4.5,9.4,3.2,8.3,1.3,0.7,5.7,3.99,0,1,general,→,2032-2038,中国手工采矿工人：薪资水平偏低，加班文化严重，就业波动大,4.12,3.15,5.34,澳大利亚,孟加拉国,3.86,3.78,4.32,4.03,4.82,4.55,3.38,4.0,4.06,4.96,4.68,3.64,-0.13,2026-04-13,2026-04-13,2000-2026
