id,major_category,major_code,mid_category,sub_category,sub_category_en,isco_code,onet_code,region,country_or_region,iso_code,type,employer_type,typical_education,typical_entry_age,locality,learning_cost,education_req,growth_coeff,career_lifespan,opportunity,market_size,supply_demand,developed_scarcity,value_added,cost_performance,stability,safety,occupational_disease,overtime,burnout,skill_versatility,career_switch,reputation_variance,ai_resistance,social_status,remote_friendly,autonomy,family_friendly,fulfillment,entrepreneurship,gender_equality,age_flexibility,social_interaction,physical_demand,license_barrier,cycle_sensitivity,side_job_compat,intl_mobility,industry_monopoly,trend_2000_2026,trend_5yr,demand_direction,ai_timeline,composite_index,summary_zh,summary_en,data_source,generated_date,data_snapshot_date,source_period,median_salary_rmb
TECH-0302-CN-general,信息技术与数字化,TECH,网络与安全,信息安全工程师,Cybersecurity Engineer,2529,15-1212.00,东亚,中国,CN,country,general,本科/硕士,23-30,global,6.3,5.8,9.5,8.3,10.0,8.4,9.8,9.9,10.0,9.4,7.1,8.7,4.5,0.7,2.0,7.3,7.5,0.4,7.8,9.1,6.0,6.3,3.3,8.2,7.6,4.6,6.6,5.8,1.0,3.1,3.2,6.3,7.5,2.7,5,5,↑↑,2035+,7.24,中国信息安全工程师：薪资回报高，人才需求旺盛，AI替代抗性强,"China Cybersecurity Engineer: high compensation, strong talent demand, strong AI resistance",AI综合评估 + O*NET/ILO/OECD锚点校准,2026-04-13,2026-04-13,2000-2026,1350000
TECH-0108-CN-general,信息技术与数字化,TECH,软件开发,软件架构师,Software Architect,2512,15-1251.00,东亚,中国,CN,country,general,本科/硕士,28-35,global,7.9,6.8,9.4,7.4,9.4,7.4,9.0,9.9,10.0,8.6,6.6,9.5,5.0,1.4,3.5,8.7,8.4,0.7,7.3,9.3,5.6,7.2,2.9,8.9,8.7,4.5,7.0,6.2,1.3,1.3,5.2,6.9,7.1,2.3,4,3,↑,2032-2038,7.2,中国软件架构师：薪资回报高，人才需求旺盛，加班文化严重,"China Software Architect: high compensation, strong talent demand, heavy overtime culture",AI综合评估 + O*NET/ILO/OECD锚点校准,2026-04-13,2026-04-13,2000-2026,1350000
TECH-0201-CN-general,信息技术与数字化,TECH,人工智能与数据,机器学习工程师,Machine Learning Engineer,2511,15-2051.00,东亚,中国,CN,country,general,硕士/博士,24-30,global,7.0,7.1,9.7,6.5,10.0,8.5,9.1,9.3,10.0,9.8,4.6,9.7,5.5,0.5,3.1,8.7,8.5,0.9,7.4,9.6,6.1,7.2,2.7,9.0,8.6,4.9,5.3,5.3,1.2,0.2,4.2,6.1,8.4,3.1,5,5,↑↑,2032-2038,7.19,中国机器学习工程师：薪资回报高，人才需求旺盛，加班文化严重,"China Machine Learning Engineer: high compensation, strong talent demand, heavy overtime culture",AI综合评估 + O*NET/ILO/OECD锚点校准,2026-04-13,2026-04-13,2000-2026,1350000
TECH-0207-CN-general,信息技术与数字化,TECH,人工智能与数据,AI研究科学家,AI Research Scientist,2120,15-2051.00,东亚,中国,CN,country,general,博士,27-35,global,9.0,9.8,9.6,8.3,9.4,5.1,9.6,10.0,10.0,8.6,5.6,9.7,5.7,1.1,2.5,8.4,7.4,0.9,8.1,10.0,5.3,8.1,3.4,9.5,8.3,5.0,4.1,5.3,0.2,0.5,3.5,5.0,8.8,3.9,5,5,↑↑,2035+,7.07,中国AI研究科学家：薪资回报高，人才需求旺盛，AI替代抗性强,"China AI Research Scientist: high compensation, strong talent demand, strong AI resistance",AI综合评估 + O*NET/ILO/OECD锚点校准,2026-04-13,2026-04-13,2000-2026,1350000
TECH-0511-CN-general,信息技术与数字化,TECH,新兴数字职业,AI安全研究员,AI Safety Researcher,2511,15-2051.00,东亚,中国,CN,country,general,博士,27-35,global,8.3,9.1,9.8,8.1,9.0,4.7,10.0,10.0,10.0,8.6,5.3,9.5,5.7,1.7,2.9,7.2,6.6,1.4,8.6,10.0,6.6,6.9,2.7,9.6,6.6,5.1,5.3,5.1,0.6,0.5,3.3,5.1,7.7,3.3,3,5,↑↑,2035+,7.02,中国AI安全研究员：薪资回报高，人才需求旺盛，AI替代抗性强,"China AI Safety Researcher: high compensation, strong talent demand, strong AI resistance",AI综合评估 + O*NET/ILO/OECD锚点校准,2026-04-13,2026-04-13,2000-2026,1350000
TECH-0303-CN-general,信息技术与数字化,TECH,网络与安全,渗透测试工程师,Penetration Tester,2529,15-1212.00,东亚,中国,CN,country,general,本科/自学,22-30,global,6.4,5.3,9.5,7.1,10.0,6.1,9.0,10.0,10.0,8.3,6.9,8.7,5.4,1.4,2.4,7.2,6.7,0.8,8.0,7.9,5.8,5.7,3.7,7.8,7.6,3.4,5.7,5.5,0.8,2.7,3.6,7.4,6.9,2.2,4,5,↑↑,2035+,7.01,中国渗透测试工程师：薪资回报高，人才需求旺盛，AI替代抗性强,"China Penetration Tester: high compensation, strong talent demand, strong AI resistance",AI综合评估 + O*NET/ILO/OECD锚点校准,2026-04-13,2026-04-13,2000-2026,1350000
TECH-0305-CN-general,信息技术与数字化,TECH,网络与安全,云计算工程师,Cloud Engineer,2523,15-1244.00,东亚,中国,CN,country,general,本科,22-30,global,6.4,4.8,9.8,7.3,10.0,9.2,8.7,9.2,9.6,8.6,5.8,9.7,5.7,1.1,2.9,8.9,7.9,1.4,5.9,8.9,6.4,5.5,2.7,7.5,7.3,3.9,5.9,5.8,1.3,1.6,3.8,6.6,8.0,3.3,5,5,↑↑,2028-2033,7.0,中国云计算工程师：薪资回报高，人才需求旺盛，加班文化严重,"China Cloud Engineer: high compensation, strong talent demand, heavy overtime culture",AI综合评估 + O*NET/ILO/OECD锚点校准,2026-04-13,2026-04-13,2000-2026,1128000
TECH-0202-CN-general,信息技术与数字化,TECH,人工智能与数据,数据科学家,Data Scientist,2120,15-2051.00,东亚,中国,CN,country,general,硕士/博士,24-30,global,7.3,7.4,9.7,6.7,10.0,8.6,7.4,7.7,10.0,9.4,5.1,9.5,5.5,1.9,3.3,9.4,8.7,1.1,6.4,9.4,6.2,6.0,3.2,8.2,8.3,4.5,5.3,5.2,0.4,0.3,4.3,7.1,7.2,2.0,5,4,↑↑,2032-2038,6.99,中国数据科学家：薪资回报高，加班文化严重，近年增长迅猛,"China Data Scientist: high compensation, heavy overtime culture, rapid recent growth",AI综合评估 + O*NET/ILO/OECD锚点校准,2026-04-13,2026-04-13,2000-2026,1350000
TECH-0205-CN-general,信息技术与数字化,TECH,人工智能与数据,NLP工程师,NLP Engineer,2511,15-2051.00,东亚,中国,CN,country,general,硕士/博士,24-30,global,7.3,7.6,9.1,6.2,10.0,7.7,9.4,9.5,10.0,9.6,5.1,9.7,5.7,0.6,2.6,8.2,7.6,1.4,7.0,9.1,6.3,6.5,2.5,8.8,7.6,4.8,5.0,5.3,0.5,0.0,5.0,6.0,7.3,3.0,5,5,↑↑,2032-2038,6.94,中国NLP工程师：薪资回报高，人才需求旺盛，加班文化严重,"China NLP Engineer: high compensation, strong talent demand, heavy overtime culture",AI综合评估 + O*NET/ILO/OECD锚点校准,2026-04-13,2026-04-13,2000-2026,1350000
TECH-0106-CN-general,信息技术与数字化,TECH,软件开发,DevOps工程师,DevOps Engineer,2522,15-1244.00,东亚,中国,CN,country,general,本科,22-30,global,5.8,5.4,9.2,7.0,9.4,9.6,8.9,8.8,10.0,8.6,5.4,9.7,5.4,0.6,3.3,8.4,7.2,1.4,6.1,7.8,6.4,5.9,3.4,7.6,6.9,3.9,6.0,5.4,0.7,0.4,4.0,6.4,6.9,2.2,4,4,↑↑,2032-2038,6.92,中国DevOps工程师：薪资回报高，人才需求旺盛，加班文化严重,"China DevOps Engineer: high compensation, strong talent demand, heavy overtime culture",AI综合评估 + O*NET/ILO/OECD锚点校准,2026-04-13,2026-04-13,2000-2026,1350000
EDU-0402-CN-general,教育与学术,EDU,在线教育,教育科技产品经理,EdTech Product Manager,2511,15-1299.09,东亚,中国,CN,country,general,本科/硕士,25-33,global,6.4,5.2,8.8,7.1,10.0,9.4,7.7,7.7,7.6,7.2,7.1,9.7,5.8,1.6,2.3,8.1,8.0,2.4,6.1,8.3,10.0,7.5,2.8,8.2,8.8,4.9,6.5,7.6,0.5,1.6,5.2,7.3,6.7,3.4,5,5,↑↑,2032-2038,6.9,中国教育科技产品经理：人才需求旺盛，远程友好度高，加班文化严重,"China EdTech Product Manager: strong talent demand, highly remote-friendly, heavy overtime culture",AI综合评估 + O*NET/ILO/UNESCO锚点校准,2026-04-13,2026-04-13,2000-2026,459000
TECH-0208-CN-general,信息技术与数字化,TECH,人工智能与数据,大数据架构师,Big Data Architect,2523,15-1243.00,东亚,中国,CN,country,general,本科/硕士,27-35,global,7.3,6.9,8.9,7.3,9.1,6.8,8.1,8.6,10.0,9.0,6.1,9.7,4.7,2.0,2.8,7.1,7.4,0.4,6.3,8.4,6.6,6.7,4.2,7.4,7.4,4.1,6.8,6.3,0.7,0.8,4.6,6.3,7.2,3.1,4,3,↑,2032-2038,6.9,中国大数据架构师：薪资回报高，人才需求旺盛，加班文化严重,"China Big Data Architect: high compensation, strong talent demand, heavy overtime culture",AI综合评估 + O*NET/ILO/OECD锚点校准,2026-04-13,2026-04-13,2000-2026,1350000
TECH-0103-CN-general,信息技术与数字化,TECH,软件开发,全栈工程师,Full-stack Engineer,2514,15-1252.00,东亚,中国,CN,country,general,本科/自学,21-28,global,6.4,5.2,9.3,6.2,9.7,9.9,7.2,7.6,8.8,8.7,5.3,9.5,5.7,1.4,2.8,9.6,7.9,1.9,5.5,8.2,7.3,6.4,3.7,7.7,9.2,5.2,5.1,5.2,1.0,0.3,5.5,8.5,7.3,1.0,4,3,↑,2028-2033,6.89,中国全栈工程师：薪资回报高，加班文化严重,"China Full-stack Engineer: high compensation, heavy overtime culture",AI综合评估 + O*NET/ILO/OECD锚点校准,2026-04-13,2026-04-13,2000-2026,787000
TECH-0512-CN-general,信息技术与数字化,TECH,新兴数字职业,MLOps工程师,MLOps Engineer,2522,15-1244.00,东亚,中国,CN,country,general,本科/硕士,23-30,global,6.3,5.6,10.0,6.8,9.8,7.6,9.0,8.9,10.0,8.6,4.6,9.5,5.7,1.4,3.3,8.0,7.2,1.0,6.4,8.2,5.6,5.4,2.9,7.7,7.0,3.9,5.4,5.6,0.6,0.2,4.2,6.0,7.1,2.4,4,5,↑↑,2032-2038,6.88,中国MLOps工程师：薪资回报高，人才需求旺盛，加班文化严重,"China MLOps Engineer: high compensation, strong talent demand, heavy overtime culture",AI综合评估 + O*NET/ILO/OECD锚点校准,2026-04-13,2026-04-13,2000-2026,1350000
TECH-0204-CN-general,信息技术与数字化,TECH,人工智能与数据,数据工程师,Data Engineer,2523,15-1243.00,东亚,中国,CN,country,general,本科/硕士,22-28,global,6.1,5.2,9.3,6.8,9.6,8.7,8.7,8.4,9.0,8.9,5.7,9.5,6.0,1.9,2.8,7.5,7.8,0.9,5.6,7.3,7.4,5.7,3.7,6.6,7.1,4.7,5.5,4.9,1.3,0.3,4.1,5.4,6.8,1.8,4,4,↑↑,2028-2033,6.84,中国数据工程师：薪资回报高，人才需求旺盛，加班文化严重,"China Data Engineer: high compensation, strong talent demand, heavy overtime culture",AI综合评估 + O*NET/ILO/OECD锚点校准,2026-04-13,2026-04-13,2000-2026,861000
TECH-0206-CN-general,信息技术与数字化,TECH,人工智能与数据,计算机视觉工程师,Computer Vision Engineer,2511,15-2051.00,东亚,中国,CN,country,general,硕士/博士,24-30,global,7.5,7.6,9.4,6.8,9.8,6.9,9.4,9.6,10.0,9.2,5.1,9.2,5.7,2.2,3.0,7.3,6.9,0.9,6.4,8.4,5.3,6.7,2.5,7.8,7.9,3.3,4.8,5.0,0.7,0.3,5.3,5.7,6.8,2.8,4,5,↑↑,2032-2038,6.78,中国计算机视觉工程师：薪资回报高，人才需求旺盛，加班文化严重,"China Computer Vision Engineer: high compensation, strong talent demand, heavy overtime culture",AI综合评估 + O*NET/ILO/OECD锚点校准,2026-04-13,2026-04-13,2000-2026,1350000
TECH-0109-CN-general,信息技术与数字化,TECH,软件开发,站点可靠性工程师(SRE),Site Reliability Engineer (SRE),2522,15-1244.00,东亚,中国,CN,country,general,本科,23-30,global,6.5,5.9,9.4,7.1,9.4,7.1,8.5,8.3,9.8,8.9,6.3,9.5,4.5,0.7,3.1,7.7,7.8,1.0,6.3,7.7,6.1,6.3,2.6,7.0,6.4,3.9,5.5,5.2,0.7,0.6,4.0,4.6,7.8,3.1,4,4,↑↑,2032-2038,6.76,中国站点可靠性工程师(SRE)：薪资回报高，人才需求旺盛，加班文化严重,"China Site Reliability Engineer (SRE): high compensation, strong talent demand, heavy overtime culture",AI综合评估 + O*NET/ILO/OECD锚点校准,2026-04-13,2026-04-13,2000-2026,1234000
TECH-0401-CN-general,信息技术与数字化,TECH,产品与设计,产品经理,Product Manager,2511,15-1299.09,东亚,中国,CN,country,general,本科/硕士,24-30,global,5.8,5.3,10.0,7.1,10.0,8.8,6.6,7.2,9.1,7.9,4.4,9.7,5.4,0.2,3.0,8.9,8.0,2.4,6.6,8.2,5.0,6.5,3.1,7.6,9.7,4.7,6.4,8.1,0.8,0.3,6.3,5.8,6.1,1.3,4,3,↑,2032-2038,6.73,中国产品经理：薪资回报高，加班文化严重,"China Product Manager: high compensation, heavy overtime culture",AI综合评估 + O*NET/ILO/OECD锚点校准,2026-04-13,2026-04-13,2000-2026,901000
EDU-0401-CN-general,教育与学术,EDU,在线教育,在线课程设计师,Online Course Designer,2424,25-9031.00,东亚,中国,CN,country,general,本科/硕士(教育技术),24-32,global,5.3,4.8,8.5,7.3,9.9,9.9,6.6,6.3,6.4,7.3,7.6,9.7,6.0,1.9,3.1,7.1,7.3,1.6,5.0,7.1,10.0,6.7,4.4,7.1,7.5,5.7,6.8,5.2,0.2,2.0,3.8,8.5,6.0,2.1,5,4,↑↑,2028-2033,6.73,中国在线课程设计师：远程友好度高，加班文化严重，就业稳定,"China Online Course Designer: highly remote-friendly, heavy overtime culture, stable employment",AI综合评估 + O*NET/ILO/UNESCO锚点校准,2026-04-13,2026-04-13,2000-2026,267000
TECH-0102-CN-general,信息技术与数字化,TECH,软件开发,后端工程师,Back-end Engineer,2514,15-1252.00,东亚,中国,CN,country,general,本科,21-28,global,5.9,5.4,9.0,7.1,10.0,10.0,6.8,6.7,8.8,8.4,5.8,9.4,5.3,1.2,3.0,8.0,8.2,1.2,5.0,8.2,6.2,6.2,3.0,7.6,7.7,5.9,6.0,4.7,0.8,0.6,5.0,6.9,6.6,1.1,4,3,↑,2028-2033,6.73,中国后端工程师：薪资回报高，加班文化严重,"China Back-end Engineer: high compensation, heavy overtime culture",AI综合评估 + O*NET/ILO/OECD锚点校准,2026-04-13,2026-04-13,2000-2026,787000
TECH-0405-CN-general,信息技术与数字化,TECH,产品与设计,技术项目经理,Technical Project Manager,1330,15-1299.09,东亚,中国,CN,country,general,本科/硕士,26-35,global,5.9,5.3,8.5,7.5,9.6,9.0,6.5,6.7,9.9,7.3,5.1,9.5,5.2,0.9,3.1,8.6,8.6,1.7,6.6,8.4,5.6,5.2,3.7,6.6,7.8,5.5,6.8,8.1,0.8,1.8,5.4,5.1,6.6,1.3,3,2,↑,2032-2038,6.71,中国技术项目经理：薪资回报高，加班文化严重,"China Technical Project Manager: high compensation, heavy overtime culture",AI综合评估 + O*NET/ILO/OECD锚点校准,2026-04-13,2026-04-13,2000-2026,1291000
TECH-0101-CN-general,信息技术与数字化,TECH,软件开发,前端工程师,Front-end Engineer,2514,15-1254.00,东亚,中国,CN,country,general,本科/自学,20-28,global,5.0,4.9,8.3,5.8,10.0,10.0,6.7,6.6,9.2,9.1,4.1,9.3,5.6,1.2,3.1,8.2,8.2,1.4,5.0,7.2,7.8,5.9,3.2,7.0,8.4,6.4,5.0,5.3,1.0,0.2,6.1,7.9,6.2,1.5,4,2,↑,2028-2033,6.67,中国前端工程师：薪资回报高，加班文化严重,"China Front-end Engineer: high compensation, heavy overtime culture",AI综合评估 + O*NET/ILO/OECD锚点校准,2026-04-13,2026-04-13,2000-2026,942000
EDU-0110-CN-general,教育与学术,EDU,K12教育,信息技术教师,IT / Computer Science Teacher,2330,25-2031.00,东亚,中国,CN,country,general,本科(计算机/教育),22-30,global,5.5,5.6,6.4,7.7,8.8,8.2,7.1,8.3,6.7,6.8,10.0,9.7,5.2,2.4,2.3,7.8,6.9,1.7,6.4,7.5,7.0,6.0,4.2,7.1,6.2,5.7,7.2,8.0,1.6,5.9,1.0,7.5,4.5,2.5,4,4,↑↑,2032-2038,6.64,中国信息技术教师：加班文化严重，就业稳定，近年增长迅猛,"China IT / Computer Science Teacher: heavy overtime culture, stable employment, rapid recent growth",AI综合评估 + O*NET/ILO/UNESCO锚点校准,2026-04-13,2026-04-13,2000-2026,306000
TECH-0403-CN-general,信息技术与数字化,TECH,产品与设计,UX设计师,UX Designer,2166,15-1255.00,东亚,中国,CN,country,general,本科/硕士,22-28,global,5.4,5.3,7.9,6.5,9.4,8.2,6.2,6.5,8.6,7.5,5.4,9.5,6.0,2.2,2.8,7.6,7.2,1.4,6.1,7.3,6.8,5.7,4.4,7.7,8.3,6.1,5.9,6.8,0.4,0.5,5.7,7.3,6.0,1.5,4,3,↑,2032-2038,6.64,中国UX设计师：薪资回报高，加班文化严重,"China UX Designer: high compensation, heavy overtime culture",AI综合评估 + O*NET/ILO/OECD锚点校准,2026-04-13,2026-04-13,2000-2026,719000
FIN-0904-CN-general,金融与商业,FIN,人力资源,HRBP(人力资源业务伙伴),HR Business Partner,2423,13-1071.00,东亚,中国,CN,country,general,本科,22-28,global,4.9,5.2,8.4,7.6,8.4,8.5,7.0,5.5,9.1,8.2,6.7,9.5,5.8,2.7,4.3,6.3,6.2,1.0,5.9,7.1,6.3,6.3,4.5,6.2,5.7,7.2,6.1,8.7,0.6,3.0,4.9,4.2,5.6,2.3,2,3,↑,2028-2033,6.62,中国HRBP(人力资源业务伙伴)：薪资回报高，加班文化严重,"China HR Business Partner: high compensation, heavy overtime culture",AI综合评估 + O*NET/ILO/BIS锚点校准,2026-04-13,2026-04-13,2000-2026,901000
TECH-0505-CN-general,信息技术与数字化,TECH,新兴数字职业,量子计算研究员,Quantum Computing Researcher,2120,15-2051.00,东亚,中国,CN,country,general,博士,27-35,global,9.5,9.3,8.2,7.8,7.5,4.0,9.4,10.0,10.0,6.2,6.3,9.5,6.7,2.1,2.8,5.0,5.2,0.3,9.2,10.0,5.8,6.9,3.7,9.0,5.4,4.3,4.5,5.1,0.7,1.1,4.2,3.3,8.0,5.1,3,5,↑↑,2035+,6.62,中国量子计算研究员：薪资回报高，人才需求旺盛，AI替代抗性强,"China Quantum Computing Researcher: high compensation, strong talent demand, strong AI resistance",AI综合评估 + O*NET/ILO/OECD锚点校准,2026-04-13,2026-04-13,2000-2026,1350000
TECH-0514-CN-general,信息技术与数字化,TECH,新兴数字职业,数字无障碍专家,Digital Accessibility Specialist,2514,15-1255.00,东亚,中国,CN,country,general,本科,22-30,global,4.6,3.7,7.7,6.5,8.8,6.1,7.5,7.5,7.6,6.7,5.3,9.2,6.0,3.2,3.9,6.2,6.3,1.4,6.1,6.5,7.2,5.0,4.4,7.8,6.1,7.0,6.7,6.3,0.2,0.5,3.2,5.9,5.6,1.0,3,4,↑↑,2032-2038,6.61,中国数字无障碍专家：人才需求旺盛，加班文化严重，近年增长迅猛,"China Digital Accessibility Specialist: strong talent demand, heavy overtime culture, rapid recent growth",AI综合评估 + O*NET/ILO/OECD锚点校准,2026-04-13,2026-04-13,2000-2026,459000
EDU-0508-CN-general,教育与学术,EDU,学术研究,科学传播者/科普作家,Science Communicator,2641,27-3043.00,东亚,中国,CN,country,general,硕士/博士,25-35,global,5.8,6.0,5.6,8.2,8.3,6.5,5.9,6.3,7.4,5.4,7.2,9.5,4.0,2.0,3.6,7.4,6.6,1.8,6.9,7.8,10.0,7.1,3.5,8.0,8.1,5.5,7.5,8.1,1.0,2.0,2.6,8.2,6.2,1.4,4,3,↑,2032-2038,6.61,中国科学传播者/科普作家：远程友好度高，加班文化严重,"China Science Communicator: highly remote-friendly, heavy overtime culture",AI综合评估 + O*NET/ILO/UNESCO锚点校准,2026-04-13,2026-04-13,2000-2026,419000
EDU-0404-CN-general,教育与学术,EDU,在线教育,教学设计师,Instructional Designer,2424,25-9031.00,东亚,中国,CN,country,general,本科/硕士(教育技术),24-32,global,5.6,6.1,7.5,7.4,9.0,8.8,7.4,6.5,4.9,6.7,6.6,9.7,5.3,2.9,3.3,7.5,7.0,0.9,5.5,6.3,10.0,6.7,5.4,7.2,6.6,6.5,7.5,5.9,0.4,2.4,3.1,7.5,5.8,2.4,4,3,↑,2028-2033,6.6,中国教学设计师：远程友好度高，加班文化严重,"China Instructional Designer: highly remote-friendly, heavy overtime culture",AI综合评估 + O*NET/ILO/UNESCO锚点校准,2026-04-13,2026-04-13,2000-2026,136000
EDU-0104-CN-general,教育与学术,EDU,K12教育,学校心理咨询师,School Counselor,2634,21-1012.00,东亚,中国,CN,country,general,硕士(心理学/教育),24-30,global,6.9,6.8,6.2,9.3,7.3,7.0,7.2,8.6,5.6,6.1,9.7,9.2,4.2,2.5,1.5,7.0,6.0,0.9,8.4,7.5,6.4,6.4,4.7,8.8,4.9,7.2,7.4,8.9,1.6,7.3,0.4,6.3,4.6,2.2,3,3,↑,2035+,6.57,中国学校心理咨询师：AI替代抗性强，加班文化严重，就业稳定,"China School Counselor: strong AI resistance, heavy overtime culture, stable employment",AI综合评估 + O*NET/ILO/UNESCO锚点校准,2026-04-13,2026-04-13,2000-2026,186000
FIN-0506-CN-general,金融与商业,FIN,管理咨询,ESG咨询顾问,ESG Consultant,2421,13-1111.00,东亚,中国,CN,country,general,硕士,24-30,global,6.8,7.1,10.0,6.6,8.4,7.5,9.1,7.0,10.0,8.0,6.4,9.8,4.7,0.2,1.8,8.0,8.1,1.9,5.9,8.7,5.7,5.7,1.8,7.7,8.3,5.7,4.0,8.8,1.8,2.3,5.5,5.2,6.7,3.3,5,5,↑↑,2028-2033,6.56,中国ESG咨询顾问：薪资回报高，人才需求旺盛，加班文化严重,"China ESG Consultant: high compensation, strong talent demand, heavy overtime culture",AI综合评估 + O*NET/ILO/BIS锚点校准,2026-04-13,2026-04-13,2000-2026,1350000
ENG-1202-CN-general,工程与制造,ENG,生物医学工程,医疗器械设计工程师,Medical Device Design Engineer,2149,17-2031.00,东亚,中国,CN,country,general,硕士,24-30,global,6.8,7.1,8.7,8.3,8.1,7.0,8.3,8.2,8.9,7.7,6.5,7.5,5.6,2.2,3.6,7.5,7.2,0.6,8.0,8.6,4.5,6.2,3.9,8.9,6.0,4.1,5.3,5.2,2.5,5.8,3.8,3.3,6.7,4.6,4,4,↑↑,2035+,6.56,中国医疗器械设计工程师：薪资回报高，人才需求旺盛，AI替代抗性强,"China Medical Device Design Engineer: high compensation, strong talent demand, strong AI resistance",AI综合评估 + O*NET/ILO/OECD锚点校准,2026-04-13,2026-04-13,2000-2026,823000
FIN-0502-CN-general,金融与商业,FIN,管理咨询,IT咨询顾问,IT Consultant,2421,13-1111.00,东亚,中国,CN,country,general,硕士,24-30,global,6.8,7.0,8.8,6.6,8.7,9.2,8.2,7.0,9.2,8.4,5.1,9.7,4.3,0.5,1.8,9.0,8.5,1.9,6.0,9.2,7.8,6.1,2.3,6.9,8.3,5.7,4.5,8.9,1.8,2.3,6.4,4.2,6.5,3.5,3,4,↑↑,2032-2038,6.54,中国IT咨询顾问：薪资回报高，人才需求旺盛，加班文化严重,"China IT Consultant: high compensation, strong talent demand, heavy overtime culture",AI综合评估 + O*NET/ILO/BIS锚点校准,2026-04-13,2026-04-13,2000-2026,942000
TECH-0304-CN-general,信息技术与数字化,TECH,网络与安全,安全运维工程师,Security Operations Engineer,2529,15-1212.00,东亚,中国,CN,country,general,本科,22-28,global,5.8,5.2,8.5,7.3,8.7,8.0,8.5,8.0,9.5,8.2,6.3,9.0,4.2,1.4,2.6,6.8,6.0,1.1,6.5,7.5,5.5,5.5,3.1,6.9,6.1,4.9,5.3,5.9,1.5,2.6,3.6,5.7,5.7,3.1,3,4,↑↑,2032-2038,6.53,中国安全运维工程师：薪资回报高，人才需求旺盛，加班文化严重,"China Security Operations Engineer: high compensation, strong talent demand, heavy overtime culture",AI综合评估 + O*NET/ILO/OECD锚点校准,2026-04-13,2026-04-13,2000-2026,1078000
TECH-0105-CN-general,信息技术与数字化,TECH,软件开发,嵌入式软件工程师,Embedded Software Engineer,2514,15-1252.00,东亚,中国,CN,country,general,本科/硕士,22-28,global,6.3,5.8,8.2,7.0,8.7,8.6,8.2,8.5,9.1,7.1,6.6,9.5,5.9,1.9,2.6,6.0,5.9,0.3,6.6,8.4,3.5,6.2,3.3,7.5,6.0,4.0,6.4,4.5,1.7,0.7,4.5,4.6,5.9,2.5,3,3,↑,2032-2038,6.53,中国嵌入式软件工程师：薪资回报高，人才需求旺盛，加班文化严重,"China Embedded Software Engineer: high compensation, strong talent demand, heavy overtime culture",AI综合评估 + O*NET/ILO/OECD锚点校准,2026-04-13,2026-04-13,2000-2026,901000
FIN-0905-CN-general,金融与商业,FIN,人力资源,人力资源总监,HR Director,1212,11-3121.00,东亚,中国,CN,country,general,硕士,32-42,global,4.5,4.9,6.2,7.5,8.0,8.9,5.6,6.5,10.0,6.8,7.4,9.5,6.6,1.6,2.9,6.5,6.2,1.0,5.4,9.1,5.6,6.3,4.6,6.8,6.3,7.2,6.3,8.2,1.4,2.6,4.6,4.4,4.6,2.1,2,2,↑,2028-2033,6.52,中国人力资源总监：薪资回报高，加班文化严重,"China HR Director: high compensation, heavy overtime culture",AI综合评估 + O*NET/ILO/BIS锚点校准,2026-04-13,2026-04-13,2000-2026,1350000
FIN-0301-CN-general,金融与商业,FIN,保险,精算师,Actuary,2120,15-2011.00,东亚,中国,CN,country,general,本科/硕士(精算),24-28,global,8.3,7.8,7.2,8.2,7.9,9.9,9.5,9.3,10.0,6.9,9.4,9.5,6.2,3.3,3.4,5.3,5.2,1.4,6.1,8.9,5.2,5.4,4.6,7.8,6.5,4.5,6.5,6.7,1.2,8.4,4.2,4.1,4.7,4.3,2,3,↑,2032-2038,6.51,中国精算师：薪资回报高，人才需求旺盛，加班文化严重,"China Actuary: high compensation, strong talent demand, heavy overtime culture",AI综合评估 + O*NET/ILO/BIS锚点校准,2026-04-13,2026-04-13,2000-2026,1350000
ENG-1201-CN-general,工程与制造,ENG,生物医学工程,生物医学工程师,Biomedical Engineer,2149,17-2031.00,东亚,中国,CN,country,general,硕士,24-30,global,7.1,7.1,7.7,8.3,9.2,7.8,8.3,8.8,9.2,7.0,7.3,7.5,5.6,1.9,3.3,6.7,6.3,0.4,7.9,8.4,3.3,6.4,4.2,7.9,5.5,4.1,5.2,5.3,2.6,4.3,3.9,3.3,6.5,4.2,4,4,↑↑,2035+,6.51,中国生物医学工程师：薪资回报高，人才需求旺盛，AI替代抗性强,"China Biomedical Engineer: high compensation, strong talent demand, strong AI resistance",AI综合评估 + O*NET/ILO/OECD锚点校准,2026-04-13,2026-04-13,2000-2026,942000
EDU-0808-CN-general,教育与学术,EDU,特殊教育与辅助,教育数据分析师,Education Data Analyst,2120,15-2051.00,东亚,中国,CN,country,general,本科/硕士(数据科学),23-30,global,5.6,5.6,6.9,7.8,8.4,7.3,6.2,7.6,5.5,6.6,7.6,9.9,5.0,2.3,2.8,7.5,6.9,1.0,5.0,7.1,9.6,6.6,4.4,6.4,5.9,6.4,6.6,5.7,0.4,1.6,2.9,8.3,5.5,2.3,5,4,↑↑,2028-2033,6.5,中国教育数据分析师：远程友好度高，加班文化严重，就业稳定,"China Education Data Analyst: highly remote-friendly, heavy overtime culture, stable employment",AI综合评估 + O*NET/ILO/UNESCO锚点校准,2026-04-13,2026-04-13,2000-2026,178000
EDU-0805-CN-general,教育与学术,EDU,特殊教育与辅助,STEM教育专家,STEM Education Specialist,2424,25-9031.00,东亚,中国,CN,country,general,硕士(STEM+教育),25-33,global,6.1,6.0,7.1,8.3,7.3,7.0,6.6,7.5,5.4,6.9,8.1,9.4,4.5,1.9,2.4,7.5,6.7,1.6,7.0,7.5,8.0,7.3,4.2,7.2,6.6,6.4,7.0,7.2,2.0,4.0,2.3,7.3,5.2,2.1,4,4,↑↑,2032-2038,6.5,中国STEM教育专家：加班文化严重，就业稳定，近年增长迅猛,"China STEM Education Specialist: heavy overtime culture, stable employment, rapid recent growth",AI综合评估 + O*NET/ILO/UNESCO锚点校准,2026-04-13,2026-04-13,2000-2026,170000
FIN-0503-CN-general,金融与商业,FIN,管理咨询,人力资源咨询顾问,HR Consultant,2421,13-1111.00,东亚,中国,CN,country,general,硕士,24-30,global,7.1,6.8,7.8,6.8,8.8,9.4,7.4,8.0,10.0,8.5,5.4,9.7,5.1,0.0,1.1,8.6,8.3,1.5,5.8,9.1,7.3,5.8,1.3,6.5,8.1,6.0,5.3,8.8,1.3,2.6,6.4,4.2,6.7,3.7,3,2,↑,2028-2033,6.5,中国人力资源咨询顾问：薪资回报高，加班文化严重,"China HR Consultant: high compensation, heavy overtime culture",AI综合评估 + O*NET/ILO/BIS锚点校准,2026-04-13,2026-04-13,2000-2026,1350000
FIN-1003-CN-general,金融与商业,FIN,供应链,国际贸易专员,International Trade Specialist,2433,13-1199.06,东亚,中国,CN,country,general,本科,22-28,global,4.8,4.8,7.5,7.7,8.4,8.9,7.4,6.9,9.0,8.2,6.7,9.2,6.5,2.3,3.4,6.7,5.7,0.7,5.3,7.1,6.0,6.3,2.8,6.2,5.5,5.7,5.8,6.9,2.0,3.1,6.1,3.8,7.9,2.6,3,3,↑,2028-2033,6.5,中国国际贸易专员：薪资回报高，加班文化严重,"China International Trade Specialist: high compensation, heavy overtime culture",AI综合评估 + O*NET/ILO/BIS锚点校准,2026-04-13,2026-04-13,2000-2026,861000
FIN-0501-CN-general,金融与商业,FIN,管理咨询,战略咨询顾问,Strategy Consultant,2421,13-1111.00,东亚,中国,CN,country,general,硕士/MBA,24-30,global,6.8,6.7,8.2,6.9,7.9,8.2,6.7,8.0,10.0,7.9,5.2,9.5,5.6,0.0,1.4,8.8,8.3,1.4,6.0,10.0,6.1,6.5,2.4,7.3,7.5,4.5,4.4,8.6,1.2,2.6,6.4,5.0,7.2,3.5,3,2,↑,2032-2038,6.49,中国战略咨询顾问：薪资回报高，加班文化严重,"China Strategy Consultant: high compensation, heavy overtime culture",AI综合评估 + O*NET/ILO/BIS锚点校准,2026-04-13,2026-04-13,2000-2026,1350000
FIN-0507-CN-general,金融与商业,FIN,管理咨询,数字化转型咨询顾问,Digital Transformation Consultant,2421,13-1111.00,东亚,中国,CN,country,general,硕士,24-30,global,7.4,7.6,8.8,6.3,8.5,9.0,9.3,7.0,9.7,7.2,5.9,9.2,4.8,0.0,1.6,9.0,8.3,1.4,5.8,8.9,7.4,5.8,2.5,6.3,7.5,4.5,4.9,8.2,1.2,2.5,6.3,5.0,7.2,3.0,4,5,↑↑,2028-2033,6.49,中国数字化转型咨询顾问：薪资回报高，人才需求旺盛，加班文化严重,"China Digital Transformation Consultant: high compensation, strong talent demand, heavy overtime culture",AI综合评估 + O*NET/ILO/BIS锚点校准,2026-04-13,2026-04-13,2000-2026,1180000
FIN-0508-CN-general,金融与商业,FIN,管理咨询,供应链咨询顾问,Supply Chain Consultant,2421,13-1111.00,东亚,中国,CN,country,general,硕士,24-30,global,6.7,7.1,7.7,7.2,8.0,8.8,8.2,7.8,10.0,8.2,5.7,9.5,5.1,0.0,2.1,8.7,7.5,1.7,5.8,8.1,6.3,7.1,2.3,7.3,8.3,4.8,4.4,8.3,1.8,2.6,5.5,4.4,6.6,3.7,3,4,↑↑,2028-2033,6.49,中国供应链咨询顾问：薪资回报高，人才需求旺盛，加班文化严重,"China Supply Chain Consultant: high compensation, strong talent demand, heavy overtime culture",AI综合评估 + O*NET/ILO/BIS锚点校准,2026-04-13,2026-04-13,2000-2026,1350000
FIN-0908-CN-general,金融与商业,FIN,人力资源,组织发展顾问,Organizational Development Consultant,2423,13-1111.00,东亚,中国,CN,country,general,硕士,28-35,global,6.9,6.6,6.4,7.5,8.0,8.9,6.0,5.9,9.9,7.9,6.4,9.5,6.3,3.0,3.9,7.1,6.4,1.2,5.6,6.9,6.9,5.7,4.1,8.3,6.1,6.6,6.3,8.6,1.3,2.3,4.5,4.4,5.2,2.7,2,2,↑,2028-2033,6.47,中国组织发展顾问：薪资回报高，加班文化严重,"China Organizational Development Consultant: high compensation, heavy overtime culture",AI综合评估 + O*NET/ILO/BIS锚点校准,2026-04-13,2026-04-13,2000-2026,1291000
ENG-1203-CN-general,工程与制造,ENG,生物医学工程,康复工程师,Rehabilitation Engineer,2149,17-2031.00,东亚,中国,CN,country,general,硕士,24-30,global,7.6,6.8,7.7,7.8,8.0,6.5,6.8,8.6,10.0,7.7,6.4,7.3,4.8,3.3,2.6,7.6,7.2,0.6,8.4,8.0,3.3,5.7,3.9,8.9,5.7,5.9,5.6,5.2,3.1,4.3,4.4,3.4,6.5,4.6,4,4,↑↑,2035+,6.47,中国康复工程师：薪资回报高，AI替代抗性强，加班文化严重,"China Rehabilitation Engineer: high compensation, strong AI resistance, heavy overtime culture",AI综合评估 + O*NET/ILO/OECD锚点校准,2026-04-13,2026-04-13,2000-2026,1350000
FIN-0410-CN-general,金融与商业,FIN,会计审计,ERP财务顾问,ERP Financial Consultant,2411,13-2011.01,东亚,中国,CN,country,general,本科/硕士,22-28,global,6.3,6.0,6.7,9.1,8.4,9.6,7.1,7.0,9.9,7.9,7.3,9.7,6.0,1.0,2.9,6.4,6.8,1.2,4.7,8.2,7.3,5.5,3.5,5.7,6.5,6.1,5.8,6.5,0.8,6.8,2.7,5.5,6.6,3.1,2,3,↑,2028-2033,6.47,中国ERP财务顾问：薪资回报高，加班文化严重,"China ERP Financial Consultant: high compensation, heavy overtime culture",AI综合评估 + O*NET/ILO/BIS锚点校准,2026-04-13,2026-04-13,2000-2026,1291000
FIN-1107-CN-general,金融与商业,FIN,市场营销与销售,数字营销专员,Digital Marketing Specialist,2431,13-1161.00,东亚,中国,CN,country,general,本科/自学,20-28,global,3.6,4.8,8.8,7.1,8.6,9.5,7.3,6.0,7.7,8.2,5.2,9.0,5.3,1.0,2.6,6.8,7.5,2.2,4.3,7.0,8.4,6.9,2.8,6.8,9.2,5.0,5.4,8.7,2.0,1.7,6.3,7.4,5.4,1.9,4,4,↑↑,2026-2030,6.47,中国数字营销专员：加班文化严重，近年增长迅猛,"China Digital Marketing Specialist: heavy overtime culture, rapid recent growth",AI综合评估 + O*NET/ILO/BIS锚点校准,2026-04-13,2026-04-13,2000-2026,480000
TECH-0508-CN-general,信息技术与数字化,TECH,新兴数字职业,数字孪生工程师,Digital Twin Engineer,2514,15-1252.00,东亚,中国,CN,country,general,本科/硕士,24-30,global,6.7,6.5,8.3,6.8,9.7,5.9,8.5,8.4,9.3,8.3,4.6,9.5,5.2,1.9,2.8,6.3,6.5,1.2,6.6,8.0,4.7,5.4,4.1,8.1,6.5,3.7,5.5,5.0,1.5,1.3,4.9,4.4,6.2,2.8,3,5,↑↑,2032-2038,6.45,中国数字孪生工程师：薪资回报高，人才需求旺盛，加班文化严重,"China Digital Twin Engineer: high compensation, strong talent demand, heavy overtime culture",AI综合评估 + O*NET/ILO/OECD锚点校准,2026-04-13,2026-04-13,2000-2026,985000
FIN-1103-CN-general,金融与商业,FIN,市场营销与销售,大客户经理,Key Account Manager,2433,41-4012.00,东亚,中国,CN,country,general,本科,22-28,global,4.3,4.4,7.2,6.8,7.9,9.5,5.8,6.0,9.9,7.4,5.2,9.0,5.6,0.5,3.2,7.2,7.3,2.2,5.9,7.4,6.1,7.0,2.6,6.6,7.5,6.5,6.1,9.8,2.4,1.6,5.8,6.0,5.2,1.7,2,2,↑,2032-2038,6.44,中国大客户经理：薪资回报高，加班文化严重,"China Key Account Manager: high compensation, heavy overtime culture",AI综合评估 + O*NET/ILO/BIS锚点校准,2026-04-13,2026-04-13,2000-2026,1291000
TECH-0509-CN-general,信息技术与数字化,TECH,新兴数字职业,边缘计算工程师,Edge Computing Engineer,2514,15-1252.00,东亚,中国,CN,country,general,本科/硕士,23-30,global,6.3,6.1,9.1,6.2,8.7,6.2,8.7,8.5,8.8,7.4,5.9,9.7,6.4,1.2,2.6,6.1,5.9,1.1,7.0,7.8,4.0,5.9,3.6,7.6,7.1,3.1,5.6,5.0,1.7,1.3,4.5,4.9,6.0,2.8,3,5,↑↑,2032-2038,6.44,中国边缘计算工程师：薪资回报高，人才需求旺盛，加班文化严重,"China Edge Computing Engineer: high compensation, strong talent demand, heavy overtime culture",AI综合评估 + O*NET/ILO/OECD锚点校准,2026-04-13,2026-04-13,2000-2026,787000
FIN-0405-CN-general,金融与商业,FIN,会计审计,法务会计师,Forensic Accountant,2411,13-2011.01,东亚,中国,CN,country,general,本科,22-28,global,6.7,5.8,5.9,9.2,8.6,4.5,6.9,6.7,10.0,8.0,7.9,9.7,5.7,1.6,2.6,7.2,6.2,0.9,6.0,8.0,7.0,5.0,3.4,7.8,6.5,5.9,6.5,6.5,0.5,7.2,3.0,4.9,6.0,3.7,2,1,→,2032-2038,6.44,中国法务会计师：薪资回报高，加班文化严重，就业稳定,"China Forensic Accountant: high compensation, heavy overtime culture, stable employment",AI综合评估 + O*NET/ILO/BIS锚点校准,2026-04-13,2026-04-13,2000-2026,1350000
TECH-0513-CN-general,信息技术与数字化,TECH,新兴数字职业,合成数据工程师,Synthetic Data Engineer,2511,15-2051.00,东亚,中国,CN,country,general,硕士/博士,24-30,global,7.1,6.3,8.3,5.5,9.0,5.4,9.0,8.4,10.0,7.4,4.3,9.5,6.4,1.9,3.0,7.1,6.4,1.3,5.9,7.8,5.8,5.4,3.4,7.2,7.0,4.7,5.0,4.3,0.8,0.8,4.1,5.9,6.4,3.0,2,5,↑↑,2028-2033,6.43,中国合成数据工程师：薪资回报高，人才需求旺盛，加班文化严重,"China Synthetic Data Engineer: high compensation, strong talent demand, heavy overtime culture",AI综合评估 + O*NET/ILO/OECD锚点校准,2026-04-13,2026-04-13,2000-2026,1350000
ENG-1204-CN-general,工程与制造,ENG,生物医学工程,组织工程研究员,Tissue Engineering Researcher,2149,17-2031.00,东亚,中国,CN,country,general,博士,26-33,global,7.8,8.6,8.5,7.8,8.3,4.9,8.6,8.2,8.8,8.0,6.6,7.8,6.1,2.7,2.6,7.1,6.1,0.7,7.7,8.9,3.2,6.4,3.4,9.0,5.3,5.9,5.3,5.4,2.2,4.2,3.8,4.0,6.3,3.8,4,4,↑↑,2035+,6.43,中国组织工程研究员：薪资回报高，人才需求旺盛，AI替代抗性强,"China Tissue Engineering Researcher: high compensation, strong talent demand, strong AI resistance",AI综合评估 + O*NET/ILO/OECD锚点校准,2026-04-13,2026-04-13,2000-2026,787000
EDU-0201-CN-general,教育与学术,EDU,高等教育,大学教授,University Professor,2310,25-1099.00,东亚,中国,CN,country,general,博士,30-40,global,9.0,10.0,5.9,9.5,7.9,7.0,5.5,6.3,8.1,5.6,9.3,9.7,4.0,2.4,1.8,7.2,6.6,1.9,7.4,9.2,7.5,8.9,3.7,9.2,5.7,5.6,8.5,7.5,1.2,8.0,1.3,7.1,6.6,2.8,2,1,→,2032-2038,6.43,中国大学教授：薪资回报高，加班文化严重，就业稳定,"China University Professor: high compensation, heavy overtime culture, stable employment",AI综合评估 + O*NET/ILO/UNESCO锚点校准,2026-04-13,2026-04-13,2000-2026,574000
FIN-1001-CN-general,金融与商业,FIN,供应链,采购经理,Procurement Manager,1324,11-3061.00,东亚,中国,CN,country,general,本科/硕士,28-35,global,4.7,4.8,7.1,7.8,8.4,9.0,7.0,6.5,9.1,8.4,7.4,8.7,6.8,1.2,3.1,7.3,6.5,1.2,5.1,7.7,5.5,6.3,3.9,6.3,5.5,5.7,5.8,7.3,2.3,2.8,5.8,3.6,5.8,3.3,3,3,↑,2028-2033,6.43,中国采购经理：薪资回报高，加班文化严重,"China Procurement Manager: high compensation, heavy overtime culture",AI综合评估 + O*NET/ILO/BIS锚点校准,2026-04-13,2026-04-13,2000-2026,901000
FIN-1105-CN-general,金融与商业,FIN,市场营销与销售,商务拓展经理(BD),Business Development Manager,2433,11-2021.00,东亚,中国,CN,country,general,本科,22-28,global,4.3,4.6,7.2,7.0,8.3,9.5,6.2,6.0,9.9,8.2,4.6,9.2,5.8,0.0,2.6,7.8,6.9,1.9,5.0,7.6,6.1,6.7,3.5,6.9,9.1,6.2,5.3,9.0,1.7,1.6,6.5,6.0,5.1,2.3,2,2,↑,2028-2033,6.43,中国商务拓展经理(BD)：薪资回报高，加班文化严重,"China Business Development Manager: high compensation, heavy overtime culture",AI综合评估 + O*NET/ILO/BIS锚点校准,2026-04-13,2026-04-13,2000-2026,1291000
EDU-0206-CN-general,教育与学术,EDU,高等教育,终身教职教授,Tenured Professor,2310,25-1099.00,东亚,中国,CN,country,general,博士+多年研究,35-50,global,10.0,10.0,4.6,9.6,5.8,5.3,4.3,4.7,8.3,6.1,10.0,9.7,5.2,2.0,2.5,7.8,5.9,1.5,8.2,10.0,8.8,9.7,4.9,9.6,6.2,4.8,9.9,7.2,0.6,10.0,0.0,7.1,6.4,3.1,1,0,→,2035+,6.43,中国终身教职教授：薪资回报高，AI替代抗性强，远程友好度高,"China Tenured Professor: high compensation, strong AI resistance, highly remote-friendly",AI综合评估 + O*NET/ILO/UNESCO锚点校准,2026-04-13,2026-04-13,2000-2026,628000
FIN-0104-CN-general,金融与商业,FIN,银行,风控专员,Risk Management Specialist,2413,13-2054.00,东亚,中国,CN,country,general,本科,22-28,global,5.4,5.3,8.1,7.8,7.6,10.0,8.2,8.0,9.9,7.5,7.6,9.2,5.3,2.0,3.1,6.2,6.7,1.2,5.4,7.5,5.3,5.2,3.8,6.3,4.9,4.6,5.2,7.2,0.6,4.5,4.2,3.1,5.1,3.5,2,3,↑,2028-2033,6.43,中国风控专员：薪资回报高，人才需求旺盛，加班文化严重,"China Risk Management Specialist: high compensation, strong talent demand, heavy overtime culture",AI综合评估 + O*NET/ILO/BIS锚点校准,2026-04-13,2026-04-13,2000-2026,1291000
TECH-0502-CN-general,信息技术与数字化,TECH,新兴数字职业,物联网工程师,IoT Engineer,2514,15-1252.00,东亚,中国,CN,country,general,本科/硕士,22-28,global,6.5,5.4,9.0,6.8,9.3,8.4,8.2,7.8,8.6,7.2,5.9,9.2,5.6,2.1,2.1,6.9,6.0,1.2,6.5,7.4,4.0,5.6,3.2,7.0,8.1,3.7,5.5,5.8,2.8,0.9,4.8,5.1,5.9,3.3,4,4,↑↑,2032-2038,6.42,中国物联网工程师：薪资回报高，人才需求旺盛，加班文化严重,"China IoT Engineer: high compensation, strong talent demand, heavy overtime culture",AI综合评估 + O*NET/ILO/OECD锚点校准,2026-04-13,2026-04-13,2000-2026,719000
ENG-0608-CN-general,工程与制造,ENG,汽车,电池系统工程师,Battery Systems Engineer,2144,17-2141.02,东亚,中国,CN,country,general,本科/硕士,22-28,global,6.8,6.3,10.0,7.3,10.0,9.4,10.0,9.4,10.0,7.2,6.0,6.2,4.5,1.9,2.9,7.5,6.1,1.0,6.5,8.4,3.2,4.6,2.7,7.4,4.5,4.1,6.7,5.2,2.9,2.5,5.6,2.9,5.1,3.8,5,5,↑↑,2032-2038,6.42,中国电池系统工程师：薪资回报高，人才需求旺盛，加班文化严重,"China Battery Systems Engineer: high compensation, strong talent demand, heavy overtime culture",AI综合评估 + O*NET/ILO/OECD锚点校准,2026-04-13,2026-04-13,2000-2026,1350000
EDU-0802-CN-general,教育与学术,EDU,特殊教育与辅助,教育心理学家,Educational Psychologist,2634,19-3031.02,东亚,中国,CN,country,general,博士/硕士(心理学),26-33,global,8.0,8.3,5.6,8.7,6.9,6.2,6.2,8.9,6.8,5.9,9.1,9.5,3.2,1.9,1.3,6.8,5.4,1.2,8.5,9.3,6.8,7.5,3.4,8.2,6.1,6.5,8.2,8.2,1.5,8.2,0.4,6.5,5.7,3.1,3,3,↑,2035+,6.41,中国教育心理学家：AI替代抗性强，加班文化严重，就业稳定,"China Educational Psychologist: strong AI resistance, heavy overtime culture, stable employment",AI综合评估 + O*NET/ILO/UNESCO锚点校准,2026-04-13,2026-04-13,2000-2026,320000
FIN-0906-CN-general,金融与商业,FIN,人力资源,劳动关系专员,Labor Relations Specialist,2423,13-1075.00,东亚,中国,CN,country,general,本科,22-28,global,4.5,5.1,7.0,7.9,7.8,9.1,6.2,5.7,7.8,7.3,7.8,9.2,6.0,2.8,3.4,6.5,6.2,1.2,5.9,6.7,7.0,5.2,4.1,6.6,5.7,7.5,5.7,8.8,1.1,3.9,5.1,5.2,4.8,2.3,2,2,↑,2032-2038,6.41,中国劳动关系专员：加班文化严重，就业稳定,"China Labor Relations Specialist: heavy overtime culture, stable employment",AI综合评估 + O*NET/ILO/BIS锚点校准,2026-04-13,2026-04-13,2000-2026,502000
ENG-1205-CN-general,工程与制造,ENG,生物医学工程,生物力学工程师,Biomechanical Engineer,2149,17-2031.00,东亚,中国,CN,country,general,硕士,24-30,global,7.0,7.1,8.3,8.1,8.0,6.1,7.8,7.9,9.8,7.6,7.4,7.2,5.1,2.6,2.6,7.0,6.6,0.7,6.9,8.3,4.2,5.4,3.4,8.5,5.3,5.9,5.4,5.8,3.1,4.6,4.2,4.2,6.2,4.2,4,4,↑↑,2032-2038,6.41,中国生物力学工程师：薪资回报高，人才需求旺盛，加班文化严重,"China Biomechanical Engineer: high compensation, strong talent demand, heavy overtime culture",AI综合评估 + O*NET/ILO/OECD锚点校准,2026-04-13,2026-04-13,2000-2026,1234000
AGR-0607-CN-general,农业、资源与环境,AGR,新能源,新能源项目开发经理,Renewable Energy Project Developer,1349,11-9199.00,东亚,中国,CN,country,general,本科/硕士,28-38,global,6.4,6.3,10.0,7.5,9.0,9.6,8.9,7.9,8.6,7.6,6.3,6.0,6.2,1.6,3.3,6.6,6.1,1.6,6.1,7.6,4.6,6.7,2.4,7.9,7.7,5.4,5.1,7.2,2.6,4.6,5.5,3.3,6.7,4.4,4,5,↑↑,2032-2038,6.4,中国新能源项目开发经理：薪资回报高，人才需求旺盛，加班文化严重,"China Renewable Energy Project Developer: high compensation, strong talent demand, heavy overtime culture",AI综合评估 + O*NET/ILO/OECD锚点校准,2026-04-13,2026-04-13,2000-2026,719000
FIN-1002-CN-general,金融与商业,FIN,供应链,供应链经理,Supply Chain Manager,1324,11-3071.01,东亚,中国,CN,country,general,本科/硕士,28-35,global,4.8,4.7,8.1,8.2,8.0,8.2,8.2,6.7,8.7,8.2,7.0,9.2,7.1,1.5,4.1,6.3,5.7,0.8,5.1,6.8,5.1,6.4,3.1,6.3,5.3,4.5,5.9,6.6,1.9,3.1,5.8,3.2,5.9,2.4,3,4,↑↑,2028-2033,6.4,中国供应链经理：薪资回报高，人才需求旺盛，加班文化严重,"China Supply Chain Manager: high compensation, strong talent demand, heavy overtime culture",AI综合评估 + O*NET/ILO/BIS锚点校准,2026-04-13,2026-04-13,2000-2026,752000
FIN-0909-CN-general,金融与商业,FIN,人力资源,员工关系专员,Employee Relations Specialist,2423,13-1071.00,东亚,中国,CN,country,general,本科,22-28,global,4.8,5.1,7.2,7.8,8.0,8.6,6.2,5.9,6.8,8.0,6.9,9.5,5.8,3.5,3.2,6.7,6.8,1.0,6.0,7.1,6.4,5.1,3.8,6.4,6.3,6.3,6.1,8.0,0.7,2.3,4.7,4.5,4.5,1.9,2,2,↑,2032-2038,6.4,中国员工关系专员：加班文化严重,China Employee Relations Specialist: heavy overtime culture,AI综合评估 + O*NET/ILO/BIS锚点校准,2026-04-13,2026-04-13,2000-2026,320000
FIN-0111-CN-general,金融与商业,FIN,银行,金融科技产品经理,FinTech Product Manager,2511,15-1299.09,东亚,中国,CN,country,general,本科/硕士,22-28,global,6.1,6.1,8.7,7.9,8.6,9.6,8.5,6.6,10.0,7.2,6.4,9.0,5.1,1.8,3.4,6.8,6.1,1.3,5.8,7.5,7.4,5.6,3.1,6.2,5.3,4.8,5.8,6.9,1.4,4.5,4.2,3.5,5.1,4.3,4,5,↑↑,2028-2033,6.4,中国金融科技产品经理：薪资回报高，人才需求旺盛，加班文化严重,"China FinTech Product Manager: high compensation, strong talent demand, heavy overtime culture",AI综合评估 + O*NET/ILO/BIS锚点校准,2026-04-13,2026-04-13,2000-2026,1350000
LAW-0113-CN-general,法律与社会服务,LAW,律师各专业,隐私与数据保护律师,Privacy & Data Protection Lawyer,2611,23-1011.00,东亚,中国,CN,country,general,法学博士/硕士+技术背景,25-32,global,7.9,7.8,9.2,6.7,8.6,5.3,7.8,8.0,9.5,8.1,6.3,8.9,5.0,2.0,3.2,7.1,6.9,1.8,6.0,9.4,6.1,6.6,3.4,6.4,8.0,6.0,5.2,7.2,0.7,8.5,3.0,3.6,7.0,3.5,4,5,↑↑,2032-2038,6.4,中国隐私与数据保护律师：薪资回报高，人才需求旺盛，加班文化严重,"China Privacy & Data Protection Lawyer: high compensation, strong talent demand, heavy overtime culture",AI综合评估 + O*NET/ILO/OECD锚点校准,2026-04-13,2026-04-13,2000-2026,1078000
FIN-0504-CN-general,金融与商业,FIN,管理咨询,运营咨询顾问,Operations Consultant,2421,13-1111.00,东亚,中国,CN,country,general,硕士,24-30,global,7.1,7.3,7.4,7.1,8.7,8.8,7.6,7.6,9.6,7.2,6.4,9.5,4.7,0.0,1.1,8.5,8.5,1.5,5.3,8.5,7.0,7.0,1.4,6.5,8.3,5.4,4.8,8.4,1.5,2.6,6.1,4.3,6.8,2.9,3,2,↑,2028-2033,6.39,中国运营咨询顾问：薪资回报高，人才需求旺盛，加班文化严重,"China Operations Consultant: high compensation, strong talent demand, heavy overtime culture",AI综合评估 + O*NET/ILO/BIS锚点校准,2026-04-13,2026-04-13,2000-2026,1128000
ENG-0104-CN-general,工程与制造,ENG,机械工程,机器人工程师,Robotics Engineer,2144,17-2199.08,东亚,中国,CN,country,general,本科/硕士,22-28,global,6.0,5.7,8.9,7.8,9.2,8.0,9.0,8.7,8.8,7.0,6.3,7.0,4.1,2.2,2.3,6.6,5.8,0.8,7.3,8.0,4.1,5.2,4.0,7.2,4.6,4.3,6.6,5.1,3.2,2.5,5.9,3.8,5.0,2.3,4,5,↑↑,2032-2038,6.39,中国机器人工程师：薪资回报高，人才需求旺盛，加班文化严重,"China Robotics Engineer: high compensation, strong talent demand, heavy overtime culture",AI综合评估 + O*NET/ILO/OECD锚点校准,2026-04-13,2026-04-13,2000-2026,787000
FIN-1008-CN-general,金融与商业,FIN,供应链,关务经理,Customs Compliance Manager,1324,13-1041.06,东亚,中国,CN,country,general,本科,22-28,global,5.0,5.1,6.9,8.1,7.4,8.4,6.6,7.1,8.3,7.3,7.9,9.0,6.1,2.3,3.8,7.3,6.4,0.9,5.9,7.2,6.1,5.5,3.3,5.9,5.7,5.7,5.6,7.3,2.3,4.6,5.6,4.0,6.5,2.6,3,3,↑,2028-2033,6.38,中国关务经理：薪资回报高，加班文化严重，就业稳定,"China Customs Compliance Manager: high compensation, heavy overtime culture, stable employment",AI综合评估 + O*NET/ILO/BIS锚点校准,2026-04-13,2026-04-13,2000-2026,628000
FIN-0505-CN-general,金融与商业,FIN,管理咨询,财务咨询顾问,Financial Advisory Consultant,2412,13-2052.00,东亚,中国,CN,country,general,硕士,24-30,global,6.8,6.8,7.4,6.5,8.7,8.4,7.0,7.8,10.0,8.1,5.9,9.2,4.7,0.0,0.8,8.2,8.3,1.4,5.4,8.7,6.6,6.5,1.8,7.6,7.7,4.5,5.0,8.4,1.2,2.1,6.5,4.6,6.6,3.3,3,2,↑,2028-2033,6.38,中国财务咨询顾问：薪资回报高，加班文化严重,"China Financial Advisory Consultant: high compensation, heavy overtime culture",AI综合评估 + O*NET/ILO/BIS锚点校准,2026-04-13,2026-04-13,2000-2026,1350000
EDU-0405-CN-general,教育与学术,EDU,在线教育,在线教育运营,Online Education Operations Manager,1345,11-9033.00,东亚,中国,CN,country,general,本科,24-30,global,4.3,4.8,7.7,7.2,9.8,8.7,6.0,6.2,5.8,6.6,6.1,10.0,5.9,0.7,2.1,7.2,6.8,2.1,5.2,7.3,10.0,6.0,3.9,6.3,7.7,6.6,5.9,7.1,0.4,1.4,4.6,6.4,5.5,2.8,5,4,↑↑,2028-2033,6.38,中国在线教育运营：远程友好度高，加班文化严重，近年增长迅猛,"China Online Education Operations Manager: highly remote-friendly, heavy overtime culture, rapid recent growth",AI综合评估 + O*NET/ILO/UNESCO锚点校准,2026-04-13,2026-04-13,2000-2026,204000
EDU-0301-CN-general,教育与学术,EDU,职业培训,企业培训师,Corporate Trainer,2424,13-1151.00,东亚,中国,CN,country,general,本科/硕士,25-35,global,4.8,5.3,5.6,7.2,8.4,8.7,5.6,6.1,5.7,6.1,7.1,9.4,5.5,2.6,2.5,7.7,7.4,1.6,6.9,6.7,7.7,7.2,3.4,6.6,7.5,6.6,6.7,8.2,1.6,2.6,4.5,8.2,4.6,2.4,3,2,↑,2032-2038,6.38,中国企业培训师：加班文化严重,China Corporate Trainer: heavy overtime culture,AI综合评估 + O*NET/ILO/UNESCO锚点校准,2026-04-13,2026-04-13,2000-2026,195000
MED-0903-CN-general,医疗与健康,MED,心理健康,心理咨询师,Counseling Psychologist,2634,19-3031.03,东亚,中国,CN,country,general,硕士/博士,26-32,global,6.6,6.7,7.9,8.8,8.6,8.4,7.1,7.3,4.4,5.9,8.3,8.7,4.8,1.0,2.8,6.3,6.6,1.9,7.1,6.8,6.9,6.9,3.9,8.5,7.9,5.5,7.6,9.0,0.7,6.7,1.5,5.9,5.0,2.8,4,5,↑↑,2032-2038,6.37,中国心理咨询师：薪资水平偏低，加班文化严重，就业稳定,"China Counseling Psychologist: relatively low pay, heavy overtime culture, stable employment",AI综合评估 + O*NET/ILO/WHO锚点校准,2026-04-13,2026-04-13,2000-2026,109000
MED-0901-CN-general,医疗与健康,MED,心理健康,精神科医生,Psychiatrist,2212,29-1223.00,东亚,中国,CN,country,general,博士/医学学位,30-36,global,9.5,9.8,7.3,8.4,9.4,8.0,8.7,8.6,7.8,6.3,7.8,8.9,4.3,0.8,1.6,6.1,5.7,1.9,7.8,8.5,6.2,6.9,3.4,8.2,7.9,5.2,7.2,9.2,1.0,8.7,1.4,6.2,4.7,2.6,4,5,↑↑,2035+,6.37,中国精神科医生：人才需求旺盛，AI替代抗性强，加班文化严重,"China Psychiatrist: strong talent demand, strong AI resistance, heavy overtime culture",AI综合评估 + O*NET/ILO/WHO锚点校准,2026-04-13,2026-04-13,2000-2026,502000
MED-0905-CN-general,医疗与健康,MED,心理健康,心理治疗师,Psychotherapist,2634,19-3031.02,东亚,中国,CN,country,general,硕士/博士,26-32,global,7.6,7.3,7.7,8.4,9.1,8.4,8.1,7.0,5.4,6.7,7.0,8.4,3.4,1.0,2.5,6.6,6.4,1.9,8.0,6.8,6.6,6.6,3.4,9.1,8.1,5.6,7.4,9.3,0.5,7.9,1.8,7.2,4.2,2.7,4,5,↑↑,2035+,6.36,中国心理治疗师：人才需求旺盛，AI替代抗性强，加班文化严重,"China Psychotherapist: strong talent demand, strong AI resistance, heavy overtime culture",AI综合评估 + O*NET/ILO/WHO锚点校准,2026-04-13,2026-04-13,2000-2026,170000
FIN-1006-CN-general,金融与商业,FIN,供应链,合同管理专员,Contract Manager,2421,13-1023.00,东亚,中国,CN,country,general,本科,22-28,global,5.0,4.8,7.1,7.9,8.6,9.0,7.4,7.7,8.6,8.6,6.9,8.7,6.5,2.5,3.2,6.4,5.7,0.9,5.4,6.6,4.8,5.0,3.1,5.7,5.7,5.7,5.7,7.0,2.3,3.6,5.0,4.2,5.8,2.6,3,3,↑,2028-2033,6.36,中国合同管理专员：薪资回报高，加班文化严重,"China Contract Manager: high compensation, heavy overtime culture",AI综合评估 + O*NET/ILO/BIS锚点校准,2026-04-13,2026-04-13,2000-2026,719000
TECH-0203-CN-general,信息技术与数字化,TECH,人工智能与数据,数据分析师,Data Analyst,2120,15-2051.00,东亚,中国,CN,country,general,本科,22-28,global,4.5,4.8,6.5,6.8,9.6,10.0,7.1,6.1,8.2,7.4,4.6,9.7,5.4,2.1,4.0,8.2,7.8,1.4,4.2,6.7,4.9,4.2,3.7,6.2,6.1,5.4,6.2,6.4,0.4,0.0,4.6,7.2,5.6,1.3,4,3,↑,2026-2030,6.36,中国数据分析师：薪资回报高，加班文化严重,"China Data Analyst: high compensation, heavy overtime culture",AI综合评估 + O*NET/ILO/OECD锚点校准,2026-04-13,2026-04-13,2000-2026,601000
FIN-0106-CN-general,金融与商业,FIN,银行,私人银行家,Private Banker,2412,13-2052.00,东亚,中国,CN,country,general,本科,22-28,global,5.0,5.3,6.8,7.6,7.6,9.6,7.7,6.0,9.9,6.6,7.0,9.0,6.0,1.5,3.6,6.6,5.7,0.7,6.0,9.0,4.7,4.5,3.8,6.3,6.6,4.4,5.6,9.3,1.3,3.8,4.8,2.7,5.1,3.5,2,2,↑,2032-2038,6.35,中国私人银行家：薪资回报高，人才需求旺盛，加班文化严重,"China Private Banker: high compensation, strong talent demand, heavy overtime culture",AI综合评估 + O*NET/ILO/BIS锚点校准,2026-04-13,2026-04-13,2000-2026,1291000
ENG-0602-CN-general,工程与制造,ENG,汽车,新能源汽车工程师,New Energy Vehicle Engineer,2144,17-2141.02,东亚,中国,CN,country,general,本科/硕士,22-28,global,7.0,6.4,10.0,6.8,10.0,10.0,10.0,9.1,10.0,8.2,5.5,6.5,5.2,1.4,2.3,6.6,6.2,1.1,6.9,7.5,3.5,4.4,2.7,7.0,4.2,4.3,6.7,5.2,3.5,2.5,5.9,3.1,5.1,3.8,4,5,↑↑,2032-2038,6.35,中国新能源汽车工程师：薪资回报高，人才需求旺盛，加班文化严重,"China New Energy Vehicle Engineer: high compensation, strong talent demand, heavy overtime culture",AI综合评估 + O*NET/ILO/OECD锚点校准,2026-04-13,2026-04-13,2000-2026,1350000
FIN-0902-CN-general,金融与商业,FIN,人力资源,培训与发展经理,Training & Development Manager,1212,11-3131.00,东亚,中国,CN,country,general,本科/硕士,28-35,global,5.6,5.3,6.6,7.8,8.2,9.2,5.6,6.3,8.3,7.0,6.2,9.5,6.7,2.1,3.7,6.3,6.8,1.1,5.2,6.8,7.0,5.0,4.8,7.6,5.5,5.8,6.3,8.6,1.0,2.7,4.3,4.0,5.1,2.5,2,2,↑,2028-2033,6.35,中国培训与发展经理：薪资回报高，加班文化严重,"China Training & Development Manager: high compensation, heavy overtime culture",AI综合评估 + O*NET/ILO/BIS锚点校准,2026-04-13,2026-04-13,2000-2026,628000
ENG-0603-CN-general,工程与制造,ENG,汽车,自动驾驶工程师,Autonomous Driving Engineer,2144,17-2141.02,东亚,中国,CN,country,general,硕士,22-28,global,7.5,7.9,10.0,7.0,10.0,9.8,10.0,10.0,9.9,7.2,6.0,6.5,4.4,1.4,2.0,7.2,6.4,1.4,5.9,8.6,4.0,4.9,3.7,7.4,4.3,4.9,6.1,5.8,2.7,2.5,6.5,2.5,5.8,4.2,5,5,↑↑,2028-2033,6.34,中国自动驾驶工程师：薪资回报高，人才需求旺盛，加班文化严重,"China Autonomous Driving Engineer: high compensation, strong talent demand, heavy overtime culture",AI综合评估 + O*NET/ILO/OECD锚点校准,2026-04-13,2026-04-13,2000-2026,1291000
FIN-0403-CN-general,金融与商业,FIN,会计审计,税务师,Tax Advisor,2411,13-2082.00,东亚,中国,CN,country,general,本科,22-28,global,6.1,6.3,6.1,8.9,8.2,9.8,6.2,6.1,8.4,7.3,7.9,9.7,6.0,1.5,2.6,7.3,6.6,0.7,5.4,8.3,5.8,5.8,3.4,6.1,8.3,6.2,6.1,6.5,0.5,7.6,3.2,4.5,6.0,3.3,2,2,↑,2028-2033,6.34,中国税务师：薪资回报高，加班文化严重，就业稳定,"China Tax Advisor: high compensation, heavy overtime culture, stable employment",AI综合评估 + O*NET/ILO/BIS锚点校准,2026-04-13,2026-04-13,2000-2026,657000
EDU-0109-CN-general,教育与学术,EDU,K12教育,高中数学教师,High School Math Teacher,2330,25-2031.00,东亚,中国,CN,country,general,本科/硕士(数学),22-28,global,6.1,6.0,5.3,9.3,8.1,9.7,6.8,8.0,5.3,5.9,9.5,9.0,4.8,1.5,2.9,6.9,6.2,0.8,6.9,7.1,5.0,5.4,4.2,7.1,5.1,5.3,7.5,8.4,1.9,6.0,0.6,7.0,4.2,3.1,2,2,↑,2032-2038,6.34,中国高中数学教师：加班文化严重，就业稳定,"China High School Math Teacher: heavy overtime culture, stable employment",AI综合评估 + O*NET/ILO/UNESCO锚点校准,2026-04-13,2026-04-13,2000-2026,163000
FIN-1108-CN-general,金融与商业,FIN,市场营销与销售,产品营销经理,Product Marketing Manager,1221,11-2021.00,东亚,中国,CN,country,general,本科/硕士,22-28,global,5.1,4.9,6.8,7.3,8.9,9.8,7.0,5.7,9.0,8.5,5.4,9.2,5.8,1.8,2.6,6.8,6.5,2.0,5.0,6.6,6.2,6.5,2.3,6.8,7.7,5.3,5.4,9.5,2.0,1.4,5.8,6.0,5.4,2.7,2,3,↑,2028-2033,6.34,中国产品营销经理：薪资回报高，加班文化严重,"China Product Marketing Manager: high compensation, heavy overtime culture",AI综合评估 + O*NET/ILO/BIS锚点校准,2026-04-13,2026-04-13,2000-2026,861000
FIN-0307-CN-general,金融与商业,FIN,保险,保险产品开发师,Insurance Product Developer,3321,13-2053.00,东亚,中国,CN,country,general,本科,22-28,global,6.3,5.9,7.2,8.3,8.0,9.9,7.2,6.4,10.0,7.7,8.7,9.2,6.3,3.3,4.4,5.3,5.2,1.4,5.1,7.3,4.6,5.7,3.8,6.1,7.1,5.5,5.9,7.3,1.3,5.1,4.4,3.7,4.4,4.3,2,2,↑,2028-2033,6.34,中国保险产品开发师：薪资回报高，加班文化严重，就业稳定,"China Insurance Product Developer: high compensation, heavy overtime culture, stable employment",AI综合评估 + O*NET/ILO/BIS锚点校准,2026-04-13,2026-04-13,2000-2026,1350000
EDU-0705-CN-general,教育与学术,EDU,早期教育,儿童发展评估师,Child Development Assessor,2634,21-1012.00,东亚,中国,CN,country,general,硕士(发展心理学),25-32,global,6.6,6.6,5.4,8.0,6.4,6.0,7.2,7.6,4.4,6.3,9.8,9.2,4.7,3.0,3.3,5.8,5.7,1.2,8.1,7.6,5.5,6.9,4.5,8.2,5.1,8.0,7.6,8.0,1.7,6.7,1.1,5.7,4.7,2.7,3,3,↑,2035+,6.33,中国儿童发展评估师：薪资水平偏低，AI替代抗性强，加班文化严重,"China Child Development Assessor: relatively low pay, strong AI resistance, heavy overtime culture",AI综合评估 + O*NET/ILO/UNESCO锚点校准,2026-04-13,2026-04-13,2000-2026,109000
FIN-1205-CN-general,金融与商业,FIN,加密货币与去中心化金融,加密合规专员,Crypto Compliance Specialist,2413,13-1041.00,东亚,中国,CN,country,general,本科/自学,22-30,global,6.0,5.6,9.1,4.8,9.6,6.9,8.0,8.8,9.8,7.5,4.6,8.8,5.1,1.3,1.8,7.1,5.9,3.4,5.4,6.5,7.7,7.5,2.8,7.5,9.8,4.3,6.5,5.2,0.5,3.3,8.5,6.5,6.5,1.4,4,5,↑↑,2028-2033,6.33,中国加密合规专员：薪资回报高，人才需求旺盛，加班文化严重,"China Crypto Compliance Specialist: high compensation, strong talent demand, heavy overtime culture",AI综合评估 + O*NET/ILO/BIS锚点校准,2026-04-13,2026-04-13,2000-2026,1234000
FIN-1204-CN-general,金融与商业,FIN,加密货币与去中心化金融,智能合约审计师,Smart Contract Auditor,2529,15-1212.00,东亚,中国,CN,country,general,本科/硕士,22-30,global,7.6,6.8,8.8,4.6,9.6,6.9,9.0,8.9,10.0,8.2,4.7,9.2,5.4,1.2,1.1,6.3,5.5,3.5,6.0,6.9,9.2,7.2,2.5,6.3,8.8,4.5,6.1,5.3,0.4,1.3,8.6,6.2,7.4,2.2,4,5,↑↑,2032-2038,6.33,中国智能合约审计师：薪资回报高，人才需求旺盛，远程友好度高,"China Smart Contract Auditor: high compensation, strong talent demand, highly remote-friendly",AI综合评估 + O*NET/ILO/BIS锚点校准,2026-04-13,2026-04-13,2000-2026,1350000
FIN-1202-CN-general,金融与商业,FIN,加密货币与去中心化金融,DeFi策略师,DeFi Strategist,2413,13-2051.00,东亚,中国,CN,country,general,本科/自学,22-30,global,6.3,5.9,9.4,4.8,9.4,6.3,8.8,8.2,10.0,8.5,2.4,8.8,4.2,1.3,1.8,6.7,5.9,3.3,5.5,7.0,9.1,8.0,2.7,6.9,8.8,3.7,6.1,5.5,0.1,1.7,8.5,7.0,7.1,1.8,4,4,↑↑,2028-2033,6.33,中国DeFi策略师：薪资回报高，人才需求旺盛，远程友好度高,"China DeFi Strategist: high compensation, strong talent demand, highly remote-friendly",AI综合评估 + O*NET/ILO/BIS锚点校准,2026-04-13,2026-04-13,2000-2026,1350000
MED-0902-CN-general,医疗与健康,MED,心理健康,临床心理学家,Clinical Psychologist,2634,19-3031.02,东亚,中国,CN,country,general,硕士/博士,26-32,global,7.3,7.5,8.5,8.6,9.3,7.9,7.6,6.7,6.3,5.6,8.2,8.6,3.5,1.5,2.8,6.3,6.6,1.8,7.2,6.6,6.6,6.4,2.7,8.4,8.1,6.1,8.0,9.5,1.0,7.3,2.2,5.4,4.2,2.8,4,5,↑↑,2032-2038,6.33,中国临床心理学家：人才需求旺盛，加班文化严重，就业稳定,"China Clinical Psychologist: strong talent demand, heavy overtime culture, stable employment",AI综合评估 + O*NET/ILO/WHO锚点校准,2026-04-13,2026-04-13,2000-2026,255000
FIN-0112-CN-general,金融与商业,FIN,银行,反洗钱分析师,Anti-Money Laundering (AML) Analyst,2413,13-2054.00,东亚,中国,CN,country,general,本科,22-28,global,4.8,5.6,8.3,7.8,8.0,9.2,7.6,7.2,8.8,7.2,8.7,9.2,4.5,2.7,2.4,6.2,6.5,0.9,5.1,7.3,4.8,5.5,3.0,6.3,4.7,5.4,5.4,6.7,0.7,4.4,4.2,3.5,5.3,3.5,2,4,↑↑,2028-2033,6.33,中国反洗钱分析师：薪资回报高，人才需求旺盛，加班文化严重,"China Anti-Money Laundering (AML) Analyst: high compensation, strong talent demand, heavy overtime culture",AI综合评估 + O*NET/ILO/BIS锚点校准,2026-04-13,2026-04-13,2000-2026,787000
AGR-0604-CN-general,农业、资源与环境,AGR,新能源,氢能工程师,Hydrogen Energy Engineer,2151,17-2199.11,东亚,中国,CN,country,general,本科/硕士,24-32,global,6.6,5.7,10.0,7.3,8.8,6.8,10.0,10.0,7.6,7.3,6.0,6.0,5.4,2.4,4.4,6.5,6.2,1.5,6.8,7.5,2.6,6.0,3.9,8.5,6.8,4.1,4.9,5.8,4.2,4.6,5.6,3.1,5.4,4.4,4,5,↑↑,2032-2038,6.33,中国氢能工程师：人才需求旺盛，加班文化严重，近年增长迅猛,"China Hydrogen Energy Engineer: strong talent demand, heavy overtime culture, rapid recent growth",AI综合评估 + O*NET/ILO/OECD锚点校准,2026-04-13,2026-04-13,2000-2026,459000
FIN-1004-CN-general,金融与商业,FIN,供应链,采购分析师,Procurement Analyst,2413,13-1023.00,东亚,中国,CN,country,general,本科,22-28,global,5.3,5.4,7.3,7.8,8.4,8.2,7.2,7.7,8.1,8.2,7.7,8.8,6.5,1.5,4.0,6.8,6.1,1.2,4.3,7.6,5.7,5.5,2.6,6.3,5.5,6.0,5.2,6.9,2.3,2.8,5.5,4.0,6.6,3.0,3,3,↑,2026-2030,6.32,中国采购分析师：薪资回报高，加班文化严重，就业稳定,"China Procurement Analyst: high compensation, heavy overtime culture, stable employment",AI综合评估 + O*NET/ILO/BIS锚点校准,2026-04-13,2026-04-13,2000-2026,574000
EDU-0801-CN-general,教育与学术,EDU,特殊教育与辅助,学习障碍辅导师,Learning Disability Specialist,2352,25-2054.00,东亚,中国,CN,country,general,硕士(特殊教育),24-30,global,6.8,6.5,5.5,8.8,7.9,6.7,7.0,8.0,4.8,6.6,9.6,8.7,3.2,3.4,2.1,5.8,4.6,0.6,8.4,7.8,4.9,5.5,4.3,8.2,4.3,7.4,7.8,8.8,3.2,6.6,1.0,5.4,4.2,1.6,3,3,↑,2035+,6.32,中国学习障碍辅导师：AI替代抗性强，加班文化严重，就业稳定,"China Learning Disability Specialist: strong AI resistance, heavy overtime culture, stable employment",AI综合评估 + O*NET/ILO/UNESCO锚点校准,2026-04-13,2026-04-13,2000-2026,130000
ENG-0910-CN-general,工程与制造,ENG,制造管理,智能制造工程师,Smart Manufacturing / Industry 4.0 Engineer,2141,17-2112.00,东亚,中国,CN,country,general,本科,22-30,global,5.8,5.9,9.5,7.8,10.0,8.9,9.1,8.4,9.1,7.7,6.5,6.3,4.2,1.4,2.2,7.2,6.3,1.1,6.0,8.6,3.3,6.2,2.7,5.7,5.8,3.5,6.7,6.9,3.0,3.0,5.5,2.5,4.8,3.6,4,5,↑↑,2028-2033,6.32,中国智能制造工程师：薪资回报高，人才需求旺盛，加班文化严重,"China Smart Manufacturing / Industry 4.0 Engineer: high compensation, strong talent demand, heavy overtime culture",AI综合评估 + O*NET/ILO/OECD锚点校准,2026-04-13,2026-04-13,2000-2026,901000
TECH-0104-CN-general,信息技术与数字化,TECH,软件开发,移动应用开发工程师,Mobile App Developer,2514,15-1252.00,东亚,中国,CN,country,general,本科/自学,20-28,global,5.1,4.2,7.9,5.6,9.7,9.4,5.7,5.4,8.9,7.4,4.4,9.5,5.7,1.9,2.8,6.8,7.2,1.6,4.3,7.7,5.5,6.4,3.7,6.8,8.7,4.6,4.7,5.5,1.1,0.2,6.1,7.9,6.8,2.2,3,1,→,2026-2030,6.32,中国移动应用开发工程师：薪资回报高，加班文化严重,"China Mobile App Developer: high compensation, heavy overtime culture",AI综合评估 + O*NET/ILO/OECD锚点校准,2026-04-13,2026-04-13,2000-2026,823000
FIN-0304-CN-general,金融与商业,FIN,保险,保险精算分析师,Actuarial Analyst,2120,15-2011.00,东亚,中国,CN,country,general,本科/硕士,22-26,global,7.5,7.0,6.4,8.1,7.3,10.0,8.2,7.2,10.0,8.0,8.4,9.5,6.3,3.4,4.1,5.3,5.6,1.4,6.0,6.7,5.7,4.9,4.4,6.3,7.3,4.5,6.1,7.3,1.0,7.8,3.8,4.3,4.0,4.3,2,2,↑,2032-2038,6.32,中国保险精算分析师：薪资回报高，人才需求旺盛，加班文化严重,"China Actuarial Analyst: high compensation, strong talent demand, heavy overtime culture",AI综合评估 + O*NET/ILO/BIS锚点校准,2026-04-13,2026-04-13,2000-2026,1350000
AGR-0603-CN-general,农业、资源与环境,AGR,新能源,储能系统工程师,Energy Storage Engineer,2151,17-2199.11,东亚,中国,CN,country,general,本科/硕士,24-32,global,6.9,6.3,10.0,7.0,9.0,8.9,10.0,9.1,7.7,8.2,5.5,6.0,6.4,1.2,4.4,6.3,6.0,1.5,6.8,7.7,2.2,6.5,2.6,8.1,7.2,4.4,5.1,5.3,4.5,4.3,5.1,2.9,6.5,4.0,4,5,↑↑,2032-2038,6.32,中国储能系统工程师：人才需求旺盛，加班文化严重，近年增长迅猛,"China Energy Storage Engineer: strong talent demand, heavy overtime culture, rapid recent growth",AI综合评估 + O*NET/ILO/OECD锚点校准,2026-04-13,2026-04-13,2000-2026,480000
FIN-0903-CN-general,金融与商业,FIN,人力资源,薪酬福利经理,Compensation & Benefits Manager,1212,11-3111.00,东亚,中国,CN,country,general,本科/硕士,22-28,global,6.1,4.8,6.6,8.2,8.0,8.4,6.0,6.3,7.9,7.4,6.2,9.2,6.1,2.2,3.8,6.7,5.8,1.0,5.0,6.5,6.7,6.2,5.1,6.8,6.1,6.1,6.5,8.7,1.4,2.6,4.5,4.0,4.3,1.8,2,2,↑,2028-2033,6.32,中国薪酬福利经理：加班文化严重,China Compensation & Benefits Manager: heavy overtime culture,AI综合评估 + O*NET/ILO/BIS锚点校准,2026-04-13,2026-04-13,2000-2026,525000
ENG-0505-CN-general,工程与制造,ENG,航空航天,航空电子工程师,Avionics Engineer,2152,17-2011.00,东亚,中国,CN,country,general,硕士,24-30,global,7.8,7.5,8.2,8.1,8.8,7.6,8.8,9.1,10.0,8.0,7.0,5.8,4.6,1.2,3.5,6.3,5.9,0.4,7.5,9.4,3.6,5.2,3.5,8.3,3.2,3.9,5.4,5.8,3.8,3.5,4.2,3.2,5.2,5.6,3,3,↑,2035+,6.32,中国航空电子工程师：薪资回报高，人才需求旺盛，AI替代抗性强,"China Avionics Engineer: high compensation, strong talent demand, strong AI resistance",AI综合评估 + O*NET/ILO/OECD锚点校准,2026-04-13,2026-04-13,2000-2026,1350000
EDU-0108-CN-general,教育与学术,EDU,K12教育,美术教师,Art Teacher,2354,25-1121.00,东亚,中国,CN,country,general,本科(美术),22-28,global,5.5,5.2,3.9,8.7,7.5,7.9,4.9,6.6,4.6,5.6,9.3,9.5,5.4,3.7,3.5,5.9,5.9,1.9,7.9,7.0,5.9,6.6,3.7,8.6,6.7,6.6,8.1,7.7,2.0,4.6,1.2,8.0,3.4,1.6,1,1,→,2035+,6.32,中国美术教师：AI替代抗性强，就业稳定,"China Art Teacher: strong AI resistance, stable employment",AI综合评估 + O*NET/ILO/UNESCO锚点校准,2026-04-13,2026-04-13,2000-2026,119000
FIN-1007-CN-general,金融与商业,FIN,供应链,进出口经理,Import/Export Manager,1324,11-3071.01,东亚,中国,CN,country,general,本科,22-28,global,5.0,5.4,7.3,7.5,8.3,9.2,6.8,6.9,7.6,8.4,7.4,8.8,6.5,2.8,3.6,6.5,5.7,1.1,5.4,6.8,5.9,5.2,3.3,6.3,5.5,4.9,5.8,6.8,1.7,3.6,5.2,3.8,6.7,3.2,3,3,↑,2028-2033,6.31,中国进出口经理：加班文化严重,China Import/Export Manager: heavy overtime culture,AI综合评估 + O*NET/ILO/BIS锚点校准,2026-04-13,2026-04-13,2000-2026,459000
MED-0909-CN-general,医疗与健康,MED,心理健康,法医心理学家,Forensic Psychologist,2634,19-3031.02,东亚,中国,CN,country,general,硕士/博士,26-32,global,7.3,7.6,8.6,8.7,9.0,5.7,7.5,6.8,6.1,6.8,7.5,8.4,3.7,2.3,1.9,6.6,6.4,2.1,8.0,6.4,5.3,6.4,3.7,8.4,7.1,6.4,7.8,8.1,1.0,7.4,1.5,6.0,4.5,1.9,4,3,↑,2035+,6.31,中国法医心理学家：人才需求旺盛，AI替代抗性强，加班文化严重,"China Forensic Psychologist: strong talent demand, strong AI resistance, heavy overtime culture",AI综合评估 + O*NET/ILO/WHO锚点校准,2026-04-13,2026-04-13,2000-2026,233000
MED-0503-CN-general,医疗与健康,MED,公共卫生,卫生教育专家,Health Education Specialist,2269,21-1091.00,东亚,中国,CN,country,general,本科/硕士,22-28,global,5.5,5.5,7.5,7.8,7.7,8.1,6.2,5.0,5.3,6.3,8.3,9.1,5.6,2.4,2.6,7.1,7.1,1.2,7.1,7.7,5.5,6.4,4.7,7.5,4.6,6.0,7.5,8.7,2.0,6.1,1.9,4.3,5.9,3.7,3,3,↑,2032-2038,6.31,中国卫生教育专家：加班文化严重，就业稳定,"China Health Education Specialist: heavy overtime culture, stable employment",AI综合评估 + O*NET/ILO/WHO锚点校准,2026-04-13,2026-04-13,2000-2026,163000
ENG-0501-CN-general,工程与制造,ENG,航空航天,飞机设计工程师,Aircraft Design Engineer,2144,17-2011.00,东亚,中国,CN,country,general,硕士,24-30,global,7.3,7.6,8.8,7.8,9.2,6.9,8.1,9.3,10.0,8.0,6.7,6.0,4.3,1.6,2.3,6.3,6.2,0.7,8.0,9.8,2.5,6.2,2.7,8.6,3.2,3.5,5.7,5.8,3.2,3.7,4.0,2.8,5.1,5.2,3,3,↑,2035+,6.31,中国飞机设计工程师：薪资回报高，人才需求旺盛，AI替代抗性强,"China Aircraft Design Engineer: high compensation, strong talent demand, strong AI resistance",AI综合评估 + O*NET/ILO/OECD锚点校准,2026-04-13,2026-04-13,2000-2026,1350000
FIN-0306-CN-general,金融与商业,FIN,保险,再保险专员,Reinsurance Specialist,3321,13-2053.00,东亚,中国,CN,country,general,本科,22-28,global,5.8,5.1,7.0,8.1,7.1,6.8,7.5,6.7,9.5,7.0,8.7,9.7,5.8,3.0,3.3,5.3,5.6,1.4,5.4,6.3,5.4,5.6,4.1,6.1,6.7,5.1,6.3,6.6,0.7,4.8,4.3,4.5,6.8,4.5,2,2,↑,2028-2033,6.31,中国再保险专员：薪资回报高，人才需求旺盛，加班文化严重,"China Reinsurance Specialist: high compensation, strong talent demand, heavy overtime culture",AI综合评估 + O*NET/ILO/BIS锚点校准,2026-04-13,2026-04-13,2000-2026,1078000
FIN-1101-CN-general,金融与商业,FIN,市场营销与销售,市场营销经理,Marketing Manager,1221,11-2021.00,东亚,中国,CN,country,general,本科/硕士,26-32,global,3.9,4.8,6.2,7.4,9.1,9.9,5.6,6.0,9.0,7.2,4.7,8.7,5.0,1.5,2.4,7.2,7.3,2.3,5.1,7.0,6.6,7.0,2.6,7.3,8.3,5.8,5.2,9.3,1.7,1.2,6.5,5.8,5.7,2.9,2,2,↑,2028-2033,6.3,中国市场营销经理：薪资回报高，加班文化严重,"China Marketing Manager: high compensation, heavy overtime culture",AI综合评估 + O*NET/ILO/BIS锚点校准,2026-04-13,2026-04-13,2000-2026,861000
EDU-0305-CN-general,教育与学术,EDU,职业培训,语言培训教师,Language Training Teacher,2353,25-3011.00,东亚,中国,CN,country,general,本科(语言)+认证,22-30,global,4.7,5.3,4.9,8.0,8.5,9.8,5.5,6.5,4.3,5.3,7.8,9.5,5.0,1.9,3.5,5.4,5.7,1.7,6.0,5.6,9.3,6.0,3.5,7.3,7.7,7.6,7.5,8.2,1.8,3.1,3.2,8.4,6.3,1.5,2,0,→,2032-2038,6.3,中国语言培训教师：薪资水平偏低，远程友好度高，加班文化严重,"China Language Training Teacher: relatively low pay, highly remote-friendly, heavy overtime culture",AI综合评估 + O*NET/ILO/UNESCO锚点校准,2026-04-13,2026-04-13,2000-2026,104000
ENG-0504-CN-general,工程与制造,ENG,航空航天,推进系统工程师,Propulsion Engineer,2144,17-2011.00,东亚,中国,CN,country,general,硕士,24-30,global,7.6,7.9,8.0,8.0,8.5,6.6,9.1,9.5,10.0,7.5,6.7,6.3,4.4,2.1,2.3,6.1,5.5,0.9,8.5,9.8,3.6,5.9,2.9,8.3,3.5,3.8,5.7,5.4,3.4,4.0,4.2,2.6,5.5,5.5,3,3,↑,2035+,6.3,中国推进系统工程师：薪资回报高，人才需求旺盛，AI替代抗性强,"China Propulsion Engineer: high compensation, strong talent demand, strong AI resistance",AI综合评估 + O*NET/ILO/OECD锚点校准,2026-04-13,2026-04-13,2000-2026,1350000
FIN-0910-CN-general,金融与商业,FIN,人力资源,人才测评顾问,Talent Assessment Consultant,2423,13-1071.00,东亚,中国,CN,country,general,本科/硕士,26-32,global,5.8,6.4,6.8,7.9,7.8,5.4,6.7,6.5,8.4,6.9,6.1,9.2,6.5,3.2,3.8,6.7,6.0,1.2,5.8,6.5,7.0,6.2,3.6,5.9,6.3,6.6,6.5,8.1,0.7,2.3,4.5,4.6,5.0,2.7,2,2,↑,2028-2033,6.3,中国人才测评顾问：薪资回报高，加班文化严重,"China Talent Assessment Consultant: high compensation, heavy overtime culture",AI综合评估 + O*NET/ILO/BIS锚点校准,2026-04-13,2026-04-13,2000-2026,657000
FIN-1005-CN-general,金融与商业,FIN,供应链,供应链分析师,Supply Chain Analyst,2413,13-1081.01,东亚,中国,CN,country,general,本科,22-28,global,4.9,5.4,7.6,7.8,8.2,8.8,6.8,6.7,8.9,7.5,7.3,9.0,6.5,1.7,4.0,6.5,6.3,0.9,4.6,6.6,6.7,5.3,2.8,5.3,6.1,4.9,5.6,6.8,1.7,3.1,4.8,3.6,6.4,3.0,3,3,↑,2028-2033,6.3,中国供应链分析师：薪资回报高，加班文化严重,"China Supply Chain Analyst: high compensation, heavy overtime culture",AI综合评估 + O*NET/ILO/BIS锚点校准,2026-04-13,2026-04-13,2000-2026,823000
EDU-0103-CN-general,教育与学术,EDU,K12教育,特殊教育教师,Special Education Teacher,2352,25-2054.00,东亚,中国,CN,country,general,本科/硕士(特教),22-28,global,6.0,5.8,5.9,8.8,8.1,7.7,7.5,8.4,4.4,6.3,10.0,8.2,3.5,2.1,1.5,5.8,4.6,0.9,8.7,7.2,4.6,6.4,3.5,8.8,4.1,7.2,7.1,8.7,5.0,7.1,0.0,4.8,3.8,2.0,3,3,↑,2035+,6.29,中国特殊教育教师：薪资水平偏低，人才需求旺盛，AI替代抗性强,"China Special Education Teacher: relatively low pay, strong talent demand, strong AI resistance",AI综合评估 + O*NET/ILO/UNESCO锚点校准,2026-04-13,2026-04-13,2000-2026,109000
FIN-0308-CN-general,金融与商业,FIN,保险,保险经纪人,Insurance Broker,3321,41-3021.00,东亚,中国,CN,country,general,本科,22-28,global,5.5,5.6,6.6,8.4,8.2,10.0,7.1,6.2,9.4,7.1,7.4,9.2,5.0,2.4,3.4,5.5,5.0,1.4,5.5,6.7,5.7,6.6,4.0,5.5,8.6,5.7,6.1,6.9,1.3,4.8,4.0,4.7,4.6,3.7,2,2,↑,2028-2033,6.29,中国保险经纪人：薪资回报高，加班文化严重,"China Insurance Broker: high compensation, heavy overtime culture",AI综合评估 + O*NET/ILO/BIS锚点校准,2026-04-13,2026-04-13,2000-2026,1031000
MED-0702-CN-general,医疗与健康,MED,口腔,牙科卫生师,Dental Hygienist,3251,29-1292.00,东亚,中国,CN,country,general,大专/本科,20-24,global,4.5,4.2,7.5,8.0,8.9,9.1,7.5,6.4,6.1,7.0,8.8,8.1,4.0,3.0,3.8,4.6,4.2,1.4,8.3,6.2,0.4,5.8,4.9,7.6,9.0,5.4,5.5,7.6,5.4,5.1,2.7,5.0,4.9,3.4,3,3,↑,2035+,6.29,中国牙科卫生师：人才需求旺盛，AI替代抗性强，加班文化严重,"China Dental Hygienist: strong talent demand, strong AI resistance, heavy overtime culture",AI综合评估 + O*NET/ILO/WHO锚点校准,2026-04-13,2026-04-13,2000-2026,233000
FIN-1102-CN-general,金融与商业,FIN,市场营销与销售,销售经理,Sales Manager,1221,11-2022.00,东亚,中国,CN,country,general,本科,22-28,global,4.5,5.0,6.2,7.1,8.7,10.0,5.4,5.9,8.6,8.4,5.7,9.2,5.0,0.5,1.1,7.4,6.9,1.8,5.5,7.2,6.5,6.0,3.0,6.8,8.7,6.4,5.6,8.6,2.0,1.3,6.2,5.4,5.3,1.9,2,2,↑,2028-2033,6.29,中国销售经理：薪资回报高，加班文化严重,"China Sales Manager: high compensation, heavy overtime culture",AI综合评估 + O*NET/ILO/BIS锚点校准,2026-04-13,2026-04-13,2000-2026,719000
FIN-0812-CN-general,金融与商业,FIN,企业管理,首席可持续发展官(CSO),Chief Sustainability Officer (CSO),1120,11-1011.00,东亚,中国,CN,country,general,硕士/MBA,32-45,global,8.1,7.9,10.0,7.4,6.8,5.3,7.6,6.9,10.0,7.2,5.1,9.7,3.8,0.5,1.1,7.5,6.3,3.4,7.3,10.0,5.9,9.5,0.8,8.5,9.2,4.7,5.3,8.2,1.3,1.7,5.6,3.0,5.5,2.4,5,5,↑↑,2032-2038,6.29,中国首席可持续发展官(CSO)：薪资回报高，人才需求旺盛，加班文化严重,"China Chief Sustainability Officer (CSO): high compensation, strong talent demand, heavy overtime culture",AI综合评估 + O*NET/ILO/BIS锚点校准,2026-04-13,2026-04-13,2000-2026,1350000
FIN-0206-CN-general,金融与商业,FIN,证券投资,量化交易员,Quantitative Trader,2413,13-2051.00,东亚,中国,CN,country,general,硕士/博士,24-30,global,8.2,8.3,8.3,6.8,9.4,9.3,9.2,9.6,10.0,9.2,5.2,9.2,4.8,0.1,1.2,6.5,6.1,2.2,6.0,9.4,6.8,6.5,2.1,6.3,7.6,2.9,5.0,7.4,0.3,5.7,7.4,4.5,6.8,4.2,3,2,↑,2032-2038,6.29,中国量化交易员：薪资回报高，人才需求旺盛，加班文化严重,"China Quantitative Trader: high compensation, strong talent demand, heavy overtime culture",AI综合评估 + O*NET/ILO/BIS锚点校准,2026-04-13,2026-04-13,2000-2026,1350000
EDU-0102-CN-general,教育与学术,EDU,K12教育,中学教师,Secondary School Teacher,2330,25-2031.00,东亚,中国,CN,country,general,本科/硕士,22-28,global,5.3,6.0,4.6,8.7,8.9,10.0,6.0,7.6,5.9,6.2,9.5,9.0,3.7,1.6,2.8,5.6,5.5,1.4,7.9,7.0,5.0,5.7,4.0,7.9,4.2,6.2,7.7,8.4,3.2,5.9,1.1,5.9,4.6,3.1,2,1,→,2035+,6.28,中国中学教师：AI替代抗性强，加班文化严重，就业稳定,"China Secondary School Teacher: strong AI resistance, heavy overtime culture, stable employment",AI综合评估 + O*NET/ILO/UNESCO锚点校准,2026-04-13,2026-04-13,2000-2026,213000
AGR-0606-CN-general,农业、资源与环境,AGR,新能源,碳交易分析师,Carbon Trading Analyst,2413,13-2051.00,东亚,中国,CN,country,general,本科/硕士,24-32,global,5.8,6.1,9.7,7.6,9.8,9.3,8.9,8.7,7.8,8.7,5.5,6.0,4.9,1.7,3.7,5.9,5.9,1.5,5.0,7.2,6.8,5.8,2.4,6.9,6.2,5.9,4.9,5.3,1.3,4.8,5.7,3.3,6.5,4.0,4,5,↑↑,2028-2033,6.28,中国碳交易分析师：人才需求旺盛，加班文化严重，近年增长迅猛,"China Carbon Trading Analyst: strong talent demand, heavy overtime culture, rapid recent growth",AI综合评估 + O*NET/ILO/OECD锚点校准,2026-04-13,2026-04-13,2000-2026,502000
MED-0504-CN-general,医疗与健康,MED,公共卫生,营养师,Dietitian / Nutritionist,2265,29-1031.00,东亚,中国,CN,country,general,本科,22-26,global,5.6,5.3,7.3,8.4,8.0,8.5,7.0,4.9,4.5,6.1,8.0,8.9,5.7,1.7,3.7,6.5,6.9,1.4,7.3,6.9,6.0,6.2,4.1,7.6,7.0,3.6,7.5,7.3,2.0,5.2,1.3,5.7,5.2,3.2,3,4,↑↑,2032-2038,6.28,中国营养师：薪资水平偏低，加班文化严重，就业稳定,"China Dietitian / Nutritionist: relatively low pay, heavy overtime culture, stable employment",AI综合评估 + O*NET/ILO/WHO锚点校准,2026-04-13,2026-04-13,2000-2026,114000
LAW-1007-CN-general,法律与社会服务,LAW,合规与监管,法律科技产品经理,Legal Tech Product Manager,2511,15-1299.09,东亚,中国,CN,country,general,法学+技术背景,26-32,global,6.8,6.6,8.2,6.3,7.6,4.1,8.0,7.7,8.0,7.0,4.9,9.2,5.5,2.5,3.4,8.0,6.6,1.9,5.6,6.6,7.2,6.5,3.9,7.2,8.8,4.9,4.3,7.2,0.3,3.2,4.6,4.4,6.5,2.4,4,5,↑↑,2028-2033,6.27,中国法律科技产品经理：薪资回报高，人才需求旺盛，加班文化严重,"China Legal Tech Product Manager: high compensation, strong talent demand, heavy overtime culture",AI综合评估 + O*NET/ILO/OECD锚点校准,2026-04-13,2026-04-13,2000-2026,549000
FIN-1203-CN-general,金融与商业,FIN,加密货币与去中心化金融,代币经济学设计师,Tokenomics Designer,2413,13-2051.00,东亚,中国,CN,country,general,本科/自学,22-30,global,7.3,6.5,8.5,4.9,9.8,5.4,8.6,9.2,10.0,8.5,2.7,9.2,4.5,0.9,2.2,6.5,6.3,3.4,5.6,6.7,8.4,6.5,3.6,7.5,9.0,4.2,5.8,5.9,0.2,1.5,8.9,6.2,6.8,2.0,4,3,↑,2028-2033,6.27,中国代币经济学设计师：薪资回报高，人才需求旺盛，加班文化严重,"China Tokenomics Designer: high compensation, strong talent demand, heavy overtime culture",AI综合评估 + O*NET/ILO/BIS锚点校准,2026-04-13,2026-04-13,2000-2026,1350000
ENG-0701-CN-general,工程与制造,ENG,半导体,芯片设计工程师(IC Designer),IC Design Engineer,2152,17-2072.00,东亚,中国,CN,country,general,硕士/博士,23-28,global,8.0,8.1,9.0,6.7,9.6,7.6,9.8,9.8,10.0,8.8,5.7,6.3,3.6,0.1,2.8,6.3,6.1,0.7,7.4,9.0,2.5,6.2,3.0,7.7,4.5,4.3,5.7,4.1,2.5,2.3,5.9,3.1,6.5,6.1,4,5,↑↑,2032-2038,6.27,中国芯片设计工程师(IC Designer)：薪资回报高，人才需求旺盛，加班文化严重,"China IC Design Engineer: high compensation, strong talent demand, heavy overtime culture",AI综合评估 + O*NET/ILO/OECD锚点校准,2026-04-13,2026-04-13,2000-2026,1350000
ART-1008-CN-general,文化、艺术与传媒,ART,新媒体内容,KOL/网红,Key Opinion Leader (KOL) / Influencer,2431,27-3043.00,东亚,中国,CN,country,general,无要求,16-30,global,2.8,3.4,8.9,4.6,9.8,10.0,7.3,6.6,9.0,6.0,2.0,8.2,5.8,0.0,4.5,6.1,5.7,3.8,6.4,6.0,6.8,8.7,2.2,6.5,9.6,5.9,4.3,7.3,2.2,0.8,4.8,7.8,4.2,2.9,5,4,↑↑,2032-2038,6.27,中国KOL/网红：薪资回报高，加班文化严重，就业波动大,"China Key Opinion Leader (KOL) / Influencer: high compensation, heavy overtime culture, volatile employment",AI综合评估 + O*NET/ILO/OECD锚点校准,2026-04-13,2026-04-13,2000-2026,861000
FIN-1104-CN-general,金融与商业,FIN,市场营销与销售,渠道经理,Channel Manager,1221,11-2022.00,东亚,中国,CN,country,general,本科,22-28,global,3.7,4.8,6.6,7.0,7.9,9.9,6.2,5.2,9.4,8.2,5.4,8.7,5.0,0.8,3.4,7.8,7.5,2.0,4.7,7.0,5.8,5.8,3.6,5.8,8.3,5.6,6.0,8.5,1.8,1.9,6.3,5.9,5.1,2.8,2,2,↑,2028-2033,6.27,中国渠道经理：薪资回报高，加班文化严重,"China Channel Manager: high compensation, heavy overtime culture",AI综合评估 + O*NET/ILO/BIS锚点校准,2026-04-13,2026-04-13,2000-2026,1031000
ENG-0612-CN-general,工程与制造,ENG,汽车,车联网(V2X)工程师,V2X / Connected Vehicle Engineer,2153,17-2061.00,东亚,中国,CN,country,general,本科/硕士,22-28,global,6.9,5.7,10.0,6.8,10.0,9.6,8.5,9.3,9.4,8.5,6.3,6.8,3.9,1.4,3.6,6.6,5.8,1.4,5.8,7.0,3.7,4.6,3.7,6.7,4.3,4.1,5.9,5.5,3.3,2.8,5.9,3.1,5.4,3.8,4,5,↑↑,2028-2033,6.27,中国车联网(V2X)工程师：薪资回报高，人才需求旺盛，加班文化严重,"China V2X / Connected Vehicle Engineer: high compensation, strong talent demand, heavy overtime culture",AI综合评估 + O*NET/ILO/OECD锚点校准,2026-04-13,2026-04-13,2000-2026,1031000
FIN-0811-CN-general,金融与商业,FIN,企业管理,首席数据官(CDO),Chief Data Officer (CDO),1330,11-3021.00,东亚,中国,CN,country,general,硕士/博士,30-42,global,8.6,7.8,8.7,7.0,6.6,6.4,7.8,6.9,10.0,8.5,5.6,9.2,4.3,0.0,1.4,7.3,6.5,2.9,7.4,10.0,5.7,8.5,1.2,7.7,9.8,3.4,5.7,8.5,1.2,2.5,5.7,2.2,6.2,2.6,4,5,↑↑,2032-2038,6.27,中国首席数据官(CDO)：薪资回报高，人才需求旺盛，加班文化严重,"China Chief Data Officer (CDO): high compensation, strong talent demand, heavy overtime culture",AI综合评估 + O*NET/ILO/BIS锚点校准,2026-04-13,2026-04-13,2000-2026,1350000
ART-0802-CN-general,文化、艺术与传媒,ART,广告公关,创意总监,Creative Director,2431,11-2011.00,东亚,中国,CN,country,general,本科,30-40,global,4.8,5.0,6.4,8.1,6.9,7.7,7.0,5.8,10.0,6.0,6.0,7.9,6.7,1.1,3.9,7.9,6.6,1.3,4.9,8.0,6.5,6.9,2.9,5.6,5.9,5.9,5.9,7.3,2.3,1.3,5.7,5.8,5.3,3.7,3,1,→,2028-2033,6.27,中国创意总监：薪资回报高，加班文化严重,"China Creative Director: high compensation, heavy overtime culture",AI综合评估 + O*NET/ILO/OECD锚点校准,2026-04-13,2026-04-13,2000-2026,1350000
FIN-0408-CN-general,金融与商业,FIN,会计审计,财务分析师,Financial Analyst,2411,13-2051.00,东亚,中国,CN,country,general,本科/硕士,22-28,global,6.3,6.4,6.3,8.8,8.0,10.0,6.8,6.0,8.6,6.9,7.9,9.3,5.3,1.8,3.3,7.5,7.8,0.9,4.1,7.7,7.5,6.2,2.8,5.5,6.5,4.8,5.5,6.4,0.8,7.1,3.2,5.1,6.1,3.3,2,1,→,2026-2030,6.26,中国财务分析师：薪资回报高，加班文化严重，就业稳定,"China Financial Analyst: high compensation, heavy overtime culture, stable employment",AI综合评估 + O*NET/ILO/BIS锚点校准,2026-04-13,2026-04-13,2000-2026,719000
LAW-0103-CN-general,法律与社会服务,LAW,律师各专业,知识产权律师,Intellectual Property Lawyer,2611,23-1011.00,东亚,中国,CN,country,general,法学博士+理工背景,26-32,global,8.5,8.3,8.0,7.9,8.9,6.6,7.6,7.7,10.0,6.8,6.3,9.2,5.0,1.2,2.6,6.6,5.8,1.7,6.6,9.5,6.9,6.1,2.7,6.4,7.5,5.6,5.7,7.2,0.1,9.1,4.4,3.7,7.1,3.5,4,3,↑,2032-2038,6.26,中国知识产权律师：薪资回报高，人才需求旺盛，加班文化严重,"China Intellectual Property Lawyer: high compensation, strong talent demand, heavy overtime culture",AI综合评估 + O*NET/ILO/OECD锚点校准,2026-04-13,2026-04-13,2000-2026,1350000
EDU-0111-CN-general,教育与学术,EDU,K12教育,外语教师(K12),Foreign Language Teacher (K-12),2330,25-2031.00,东亚,中国,CN,country,general,本科(外语),22-28,global,5.5,5.4,5.0,8.1,7.2,9.4,4.9,6.0,4.6,5.6,10.0,9.7,4.5,2.9,3.1,6.4,5.8,0.9,6.4,7.4,7.7,6.2,3.5,6.9,5.5,6.7,6.9,7.5,1.9,6.1,1.0,7.3,5.6,2.4,2,1,→,2032-2038,6.26,中国外语教师(K12)：加班文化严重，就业稳定,"China Foreign Language Teacher (K-12): heavy overtime culture, stable employment",AI综合评估 + O*NET/ILO/UNESCO锚点校准,2026-04-13,2026-04-13,2000-2026,119000
MED-0501-CN-general,医疗与健康,MED,公共卫生,流行病学家,Epidemiologist,2212,19-1041.00,东亚,中国,CN,country,general,硕士/博士,24-30,global,6.7,7.8,6.7,8.3,8.0,7.3,8.0,5.2,6.2,6.8,7.7,9.1,5.8,1.8,3.2,7.5,6.9,1.4,7.6,6.9,7.4,5.6,3.8,7.4,4.9,6.1,6.7,7.2,2.0,6.1,2.2,4.3,5.6,3.3,4,5,↑↑,2035+,6.26,中国流行病学家：人才需求旺盛，AI替代抗性强，加班文化严重,"China Epidemiologist: strong talent demand, strong AI resistance, heavy overtime culture",AI综合评估 + O*NET/ILO/WHO锚点校准,2026-04-13,2026-04-13,2000-2026,244000
EDU-0112-CN-general,教育与学术,EDU,K12教育,科学教师,Science Teacher,2330,25-2031.00,东亚,中国,CN,country,general,本科/硕士(理科),22-28,global,5.9,6.6,4.6,9.2,8.2,10.0,6.3,8.0,5.5,5.6,10.0,8.2,4.1,2.0,2.1,6.5,6.2,1.0,7.1,7.2,5.3,5.2,4.9,8.4,4.9,5.3,6.9,8.2,3.4,5.8,0.4,6.1,4.0,3.1,3,2,↑,2032-2038,6.26,中国科学教师：加班文化严重，就业稳定,"China Science Teacher: heavy overtime culture, stable employment",AI综合评估 + O*NET/ILO/UNESCO锚点校准,2026-04-13,2026-04-13,2000-2026,178000
FIN-0302-CN-general,金融与商业,FIN,保险,保险代理人,Insurance Agent,3321,41-3021.00,东亚,中国,CN,country,general,大专/本科,20-35,global,2.7,2.7,7.2,8.7,7.1,9.9,6.0,6.0,8.0,7.9,5.3,9.7,5.3,3.3,3.1,6.3,5.6,2.7,5.0,5.4,5.7,5.5,4.6,6.3,8.6,5.4,6.1,7.4,0.9,5.2,3.6,6.5,4.1,3.9,2,0,→,2028-2033,6.26,中国保险代理人：薪资回报高，加班文化严重,"China Insurance Agent: high compensation, heavy overtime culture",AI综合评估 + O*NET/ILO/BIS锚点校准,2026-04-13,2026-04-13,2000-2026,549000
MED-0908-CN-general,医疗与健康,MED,心理健康,儿童心理学家,Child Psychologist,2634,19-3031.02,东亚,中国,CN,country,general,硕士/博士,26-32,global,7.3,7.8,8.1,8.7,9.2,9.0,8.2,7.9,5.4,5.6,8.1,8.7,3.3,1.7,1.7,6.1,5.8,2.0,7.3,6.2,5.8,5.8,3.5,8.9,6.8,6.4,7.4,8.7,1.0,7.8,1.5,5.4,4.8,1.9,4,5,↑↑,2032-2038,6.26,中国儿童心理学家：人才需求旺盛，加班文化严重，就业稳定,"China Child Psychologist: strong talent demand, heavy overtime culture, stable employment",AI综合评估 + O*NET/ILO/WHO锚点校准,2026-04-13,2026-04-13,2000-2026,170000
LAW-1001-CN-general,法律与社会服务,LAW,合规与监管,数据保护官(DPO),Data Protection Officer (DPO),2619,13-1041.00,东亚,中国,CN,country,general,法学/IT硕士,26-32,global,6.5,7.1,8.3,6.8,8.1,6.6,7.6,6.9,7.9,7.3,6.3,9.0,5.7,2.9,3.2,7.0,6.3,1.8,6.2,6.2,7.5,5.9,3.4,6.5,6.0,5.4,5.9,6.7,0.5,6.8,2.7,3.9,7.1,3.2,4,4,↑↑,2032-2038,6.25,中国数据保护官(DPO)：人才需求旺盛，加班文化严重，近年增长迅猛,"China Data Protection Officer (DPO): strong talent demand, heavy overtime culture, rapid recent growth",AI综合评估 + O*NET/ILO/OECD锚点校准,2026-04-13,2026-04-13,2000-2026,525000
EDU-0101-CN-general,教育与学术,EDU,K12教育,小学教师,Elementary School Teacher,2341,25-2021.00,东亚,中国,CN,country,general,本科/教育学,22-28,global,5.6,5.2,4.2,9.0,8.6,10.0,5.7,7.1,4.9,5.1,10.0,9.2,3.7,2.4,2.8,5.9,5.1,0.9,8.3,6.7,5.7,4.7,5.4,7.2,4.2,7.7,6.9,8.8,3.9,6.7,0.8,5.9,3.5,2.1,2,1,→,2035+,6.25,中国小学教师：AI替代抗性强，加班文化严重，就业稳定,"China Elementary School Teacher: strong AI resistance, heavy overtime culture, stable employment",AI综合评估 + O*NET/ILO/UNESCO锚点校准,2026-04-13,2026-04-13,2000-2026,136000
MED-0906-CN-general,医疗与健康,MED,心理健康,成瘾咨询师,Addiction Counselor,2634,21-1011.00,东亚,中国,CN,country,general,本科/硕士,24-30,global,5.8,6.1,7.8,9.1,8.7,9.0,7.8,7.2,3.9,6.1,8.5,7.9,3.8,1.0,1.1,5.7,6.6,2.1,7.5,7.2,5.0,6.8,3.6,7.5,7.2,5.5,7.2,9.3,0.7,5.3,1.6,5.2,4.2,2.0,4,4,↑↑,2035+,6.25,中国成瘾咨询师：薪资水平偏低，人才需求旺盛，AI替代抗性强,"China Addiction Counselor: relatively low pay, strong talent demand, strong AI resistance",AI综合评估 + O*NET/ILO/WHO锚点校准,2026-04-13,2026-04-13,2000-2026,87000
MED-0904-CN-general,医疗与健康,MED,心理健康,精神科护士,Psychiatric Nurse,2221,29-1141.00,东亚,中国,CN,country,general,大专/本科,22-26,global,5.5,5.5,7.3,8.3,8.8,7.8,7.9,7.7,4.5,5.6,7.5,7.4,4.6,2.2,2.6,6.6,6.2,2.1,7.4,6.6,5.6,6.2,2.6,8.8,7.6,7.0,7.3,9.3,1.0,7.9,2.5,5.6,3.9,2.4,4,4,↑↑,2032-2038,6.25,中国精神科护士：薪资水平偏低，人才需求旺盛，加班文化严重,"China Psychiatric Nurse: relatively low pay, strong talent demand, heavy overtime culture",AI综合评估 + O*NET/ILO/WHO锚点校准,2026-04-13,2026-04-13,2000-2026,114000
FIN-0205-CN-general,金融与商业,FIN,证券投资,风险投资人,Venture Capitalist,2411,11-3031.02,东亚,中国,CN,country,general,硕士/MBA,28-35,global,7.3,7.1,8.3,7.1,8.0,6.5,6.8,7.7,10.0,8.3,5.7,9.2,4.3,0.0,1.1,6.9,5.7,2.1,7.3,9.7,7.0,6.8,2.6,8.2,10.0,3.1,4.8,6.5,0.2,6.1,7.2,3.5,6.4,3.6,3,2,↑,2032-2038,6.25,中国风险投资人：薪资回报高，加班文化严重,"China Venture Capitalist: high compensation, heavy overtime culture",AI综合评估 + O*NET/ILO/BIS锚点校准,2026-04-13,2026-04-13,2000-2026,1350000
ENG-0703-CN-general,工程与制造,ENG,半导体,封装测试工程师,Packaging & Testing Engineer,2152,17-2072.00,东亚,中国,CN,country,general,硕士,23-28,global,6.8,6.3,9.4,7.1,9.2,9.1,8.9,10.0,9.3,7.5,7.0,6.8,3.5,0.6,2.8,6.9,6.0,0.3,6.7,7.7,1.6,5.2,3.0,7.6,4.5,3.2,5.7,4.4,3.0,2.2,5.5,2.7,5.8,5.3,4,4,↑↑,2032-2038,6.25,中国封装测试工程师：薪资回报高，人才需求旺盛，加班文化严重,"China Packaging & Testing Engineer: high compensation, strong talent demand, heavy overtime culture",AI综合评估 + O*NET/ILO/OECD锚点校准,2026-04-13,2026-04-13,2000-2026,985000
ENG-0707-CN-general,工程与制造,ENG,半导体,EDA工具工程师,EDA Tools Engineer,2152,17-2072.00,东亚,中国,CN,country,general,硕士,23-28,global,7.3,7.3,9.0,6.8,10.0,7.4,8.3,9.3,10.0,8.4,7.0,6.8,3.4,1.4,2.4,6.3,5.6,0.4,6.0,8.2,5.3,5.2,3.4,6.7,4.4,2.9,5.7,4.2,2.9,2.0,5.0,3.1,5.9,5.7,4,4,↑↑,2028-2033,6.24,中国EDA工具工程师：薪资回报高，人才需求旺盛，加班文化严重,"China EDA Tools Engineer: high compensation, strong talent demand, heavy overtime culture",AI综合评估 + O*NET/ILO/OECD锚点校准,2026-04-13,2026-04-13,2000-2026,1350000
FIN-0901-CN-general,金融与商业,FIN,人力资源,招聘专员,Recruiter,2423,13-1071.00,东亚,中国,CN,country,general,本科,22-28,global,4.6,5.4,7.2,7.3,8.4,8.7,5.6,6.5,8.4,7.4,5.0,9.5,6.3,2.7,3.9,7.3,6.0,1.2,4.2,6.5,7.3,5.5,4.0,5.7,5.7,6.6,6.1,8.8,0.7,2.7,6.8,5.0,5.1,2.8,2,1,→,2026-2030,6.24,中国招聘专员：薪资回报高，加班文化严重,"China Recruiter: high compensation, heavy overtime culture",AI综合评估 + O*NET/ILO/BIS锚点校准,2026-04-13,2026-04-13,2000-2026,657000
ENG-0909-CN-general,工程与制造,ENG,制造管理,自动化产线工程师,Automated Production Line Engineer,2141,17-2112.00,东亚,中国,CN,country,general,本科,22-30,global,5.3,5.3,7.7,8.4,8.7,9.3,8.1,8.1,9.2,7.8,7.2,6.5,5.1,2.0,2.8,7.7,7.4,0.9,5.0,7.4,1.5,5.7,2.6,6.9,5.0,4.3,6.6,7.3,2.8,3.1,6.1,3.3,4.3,3.2,3,4,↑↑,2028-2033,6.24,中国自动化产线工程师：薪资回报高，人才需求旺盛，加班文化严重,"China Automated Production Line Engineer: high compensation, strong talent demand, heavy overtime culture",AI综合评估 + O*NET/ILO/OECD锚点校准,2026-04-13,2026-04-13,2000-2026,942000
FIN-0401-CN-general,金融与商业,FIN,会计审计,注册会计师,Certified Public Accountant (CPA),2411,13-2011.01,东亚,中国,CN,country,general,本科,22-28,global,6.3,6.4,5.9,8.3,8.2,9.0,6.6,6.8,8.7,8.0,8.2,9.4,5.8,0.8,2.8,7.3,6.0,1.2,4.9,8.9,6.4,5.8,3.3,5.5,8.1,5.4,5.5,6.2,0.1,8.6,2.8,4.5,5.9,3.5,2,1,→,2028-2033,6.24,中国注册会计师：薪资回报高，加班文化严重，就业稳定,"China Certified Public Accountant (CPA): high compensation, heavy overtime culture, stable employment",AI综合评估 + O*NET/ILO/BIS锚点校准,2026-04-13,2026-04-13,2000-2026,752000
FIN-0105-CN-general,金融与商业,FIN,银行,合规专员,Compliance Officer,2413,13-1041.00,东亚,中国,CN,country,general,本科,22-28,global,5.1,5.2,7.7,8.1,8.4,9.8,7.6,6.0,8.7,8.2,7.7,9.2,5.3,2.3,2.6,6.4,6.5,1.1,5.5,7.1,4.7,5.1,3.1,5.9,4.5,5.1,6.0,6.7,0.8,5.2,4.9,3.1,5.4,4.1,4,4,↑↑,2028-2033,6.24,中国合规专员：薪资回报高，人才需求旺盛，加班文化严重,"China Compliance Officer: high compensation, strong talent demand, heavy overtime culture",AI综合评估 + O*NET/ILO/BIS锚点校准,2026-04-13,2026-04-13,2000-2026,752000
FIN-1106-CN-general,金融与商业,FIN,市场营销与销售,CRM分析师,CRM Analyst,2431,13-1161.00,东亚,中国,CN,country,general,本科,22-28,global,5.1,4.3,6.4,7.0,8.9,9.8,5.4,5.4,7.7,8.8,5.6,9.0,5.8,0.5,3.1,7.2,7.1,2.0,4.5,7.6,6.8,5.7,3.3,6.4,7.5,6.1,5.4,9.3,1.5,1.9,6.0,5.4,5.7,2.1,2,3,↑,2028-2033,6.24,中国CRM分析师：加班文化严重,China CRM Analyst: heavy overtime culture,AI综合评估 + O*NET/ILO/BIS锚点校准,2026-04-13,2026-04-13,2000-2026,480000
AGR-0601-CN-general,农业、资源与环境,AGR,新能源,太阳能工程师,Solar Energy Engineer,2151,17-2199.11,东亚,中国,CN,country,general,本科/硕士,24-32,global,6.5,6.6,10.0,7.3,9.1,8.9,9.6,9.3,8.1,7.1,6.3,6.3,6.1,1.2,3.8,6.3,5.7,1.8,6.3,7.3,2.8,5.2,3.4,7.7,6.7,5.2,5.6,5.2,3.6,4.8,5.2,3.3,5.5,3.8,4,5,↑↑,2032-2038,6.23,中国太阳能工程师：薪资回报高，人才需求旺盛，加班文化严重,"China Solar Energy Engineer: high compensation, strong talent demand, heavy overtime culture",AI综合评估 + O*NET/ILO/OECD锚点校准,2026-04-13,2026-04-13,2000-2026,574000
FIN-0207-CN-general,金融与商业,FIN,证券投资,债券分析师,Fixed Income Analyst,2413,13-2051.00,东亚,中国,CN,country,general,本科/硕士,22-28,global,7.3,7.4,8.5,6.9,10.0,9.5,8.3,7.5,10.0,8.0,6.4,9.0,5.0,0.3,2.2,6.9,5.7,1.9,4.9,9.0,7.0,6.6,1.6,6.6,6.8,4.7,4.8,7.3,0.8,5.3,7.4,3.5,6.9,4.2,3,2,↑,2028-2033,6.23,中国债券分析师：薪资回报高，人才需求旺盛，加班文化严重,"China Fixed Income Analyst: high compensation, strong talent demand, heavy overtime culture",AI综合评估 + O*NET/ILO/BIS锚点校准,2026-04-13,2026-04-13,2000-2026,1350000
ENG-0502-CN-general,工程与制造,ENG,航空航天,航天工程师,Aerospace Engineer,2144,17-2011.00,东亚,中国,CN,country,general,硕士,24-30,global,7.3,7.2,8.7,8.0,7.9,6.9,8.0,8.5,10.0,6.9,8.0,6.1,4.9,2.1,3.1,6.1,6.2,0.4,7.5,9.6,2.5,5.4,2.9,8.9,3.0,3.8,5.9,5.2,3.5,4.2,5.0,2.2,5.5,5.8,3,3,↑,2035+,6.23,中国航天工程师：薪资回报高，人才需求旺盛，AI替代抗性强,"China Aerospace Engineer: high compensation, strong talent demand, strong AI resistance",AI综合评估 + O*NET/ILO/OECD锚点校准,2026-04-13,2026-04-13,2000-2026,1350000
EDU-0501-CN-general,教育与学术,EDU,学术研究,自然科学研究员,Natural Science Researcher,2110,19-2099.00,东亚,中国,CN,country,general,博士,27-35,global,8.8,9.3,5.0,8.5,8.6,7.1,6.4,8.4,8.2,5.4,9.1,8.0,3.4,1.4,2.0,7.7,6.4,0.9,6.8,9.3,6.1,7.7,2.6,9.3,4.9,5.1,7.0,6.3,3.5,8.0,2.3,5.0,7.9,3.5,3,2,↑,2032-2038,6.22,中国自然科学研究员：薪资回报高，加班文化严重，就业稳定,"China Natural Science Researcher: high compensation, heavy overtime culture, stable employment",AI综合评估 + O*NET/ILO/UNESCO锚点校准,2026-04-13,2026-04-13,2000-2026,601000
TECH-0404-CN-general,信息技术与数字化,TECH,产品与设计,交互设计师,Interaction Designer,2166,15-1255.00,东亚,中国,CN,country,general,本科,22-28,global,5.1,5.2,7.0,6.5,9.3,7.0,5.6,6.8,8.1,7.2,4.6,9.7,5.5,1.7,3.6,7.2,6.8,2.4,5.6,7.0,5.0,5.4,3.8,6.6,7.0,6.3,5.0,6.2,0.6,0.6,5.7,7.0,5.9,1.1,3,2,↑,2028-2033,6.22,中国交互设计师：薪资回报高，加班文化严重,"China Interaction Designer: high compensation, heavy overtime culture",AI综合评估 + O*NET/ILO/OECD锚点校准,2026-04-13,2026-04-13,2000-2026,574000
EDU-0504-CN-general,教育与学术,EDU,学术研究,实验室主任,Laboratory Director,1223,11-9121.01,东亚,中国,CN,country,general,博士+管理经验,35-45,global,8.3,9.0,5.7,8.9,6.7,6.0,6.2,7.6,10.0,6.7,9.8,7.5,4.1,1.6,1.7,6.5,5.7,0.9,7.6,9.2,5.3,7.4,2.7,7.8,6.5,3.9,7.0,6.6,2.4,8.4,2.3,4.9,6.6,3.8,3,2,↑,2035+,6.22,中国实验室主任：薪资回报高，AI替代抗性强，加班文化严重,"China Laboratory Director: high compensation, strong AI resistance, heavy overtime culture",AI综合评估 + O*NET/ILO/UNESCO锚点校准,2026-04-13,2026-04-13,2000-2026,1350000
ENG-1102-CN-general,工程与制造,ENG,通信工程,5G系统工程师,5G Systems Engineer,2153,17-2061.00,东亚,中国,CN,country,general,本科/硕士,22-28,global,6.8,6.0,8.2,7.6,9.0,7.4,8.0,8.5,9.1,8.0,6.8,7.0,4.6,1.5,3.0,6.1,5.8,0.9,6.5,8.7,4.2,5.9,2.7,6.4,4.8,3.8,5.7,5.7,3.1,3.6,5.4,3.8,5.7,3.9,4,5,↑↑,2032-2038,6.22,中国5G系统工程师：薪资回报高，人才需求旺盛，加班文化严重,"China 5G Systems Engineer: high compensation, strong talent demand, heavy overtime culture",AI综合评估 + O*NET/ILO/OECD锚点校准,2026-04-13,2026-04-13,2000-2026,901000
FIN-0809-CN-general,金融与商业,FIN,企业管理,首席技术官(CTO),Chief Technology Officer (CTO),1330,11-3021.00,东亚,中国,CN,country,general,硕士/博士,30-42,global,8.1,7.9,8.4,7.1,7.4,6.4,7.5,6.7,10.0,7.7,4.6,9.7,3.6,0.0,2.1,7.7,6.3,3.2,7.3,10.0,5.3,8.8,1.6,8.1,9.2,4.1,5.1,8.3,1.8,2.4,5.0,3.0,5.9,3.4,2,4,↑↑,2032-2038,6.22,中国首席技术官(CTO)：薪资回报高，人才需求旺盛，加班文化严重,"China Chief Technology Officer (CTO): high compensation, strong talent demand, heavy overtime culture",AI综合评估 + O*NET/ILO/BIS锚点校准,2026-04-13,2026-04-13,2000-2026,1350000
ART-1006-CN-general,文化、艺术与传媒,ART,新媒体内容,直播带货主播,Livestream Commerce Host,5242,,东亚,中国,CN,country,general,无要求,16-30,regional,3.3,3.1,9.8,4.7,10.0,8.7,7.6,6.6,7.3,6.3,2.5,8.0,5.8,0.0,4.1,6.8,5.9,4.1,5.9,5.0,8.1,7.9,1.6,7.0,9.8,5.4,4.1,8.4,2.4,0.8,4.5,7.9,4.2,2.5,5,5,↑↑,2028-2033,6.21,中国直播带货主播：人才需求旺盛，加班文化严重，就业波动大,"China Livestream Commerce Host: strong talent demand, heavy overtime culture, volatile employment",AI综合评估 + O*NET/ILO/OECD锚点校准,2026-04-13,2026-04-13,2000-2026,401000
TECH-0504-CN-general,信息技术与数字化,TECH,新兴数字职业,增强现实/虚拟现实开发工程师,AR/VR Developer,2514,15-1252.00,东亚,中国,CN,country,general,本科/硕士,22-28,global,7.1,5.3,8.7,5.8,9.9,6.2,7.8,8.3,8.4,7.4,3.4,9.5,5.5,0.7,2.9,6.5,6.5,2.8,6.0,8.2,5.2,6.2,3.1,8.2,8.5,4.4,4.8,5.3,1.5,0.2,7.0,6.4,5.9,3.9,3,3,↑,2032-2038,6.21,中国增强现实/虚拟现实开发工程师：薪资回报高，人才需求旺盛，加班文化严重,"China AR/VR Developer: high compensation, strong talent demand, heavy overtime culture",AI综合评估 + O*NET/ILO/OECD锚点校准,2026-04-13,2026-04-13,2000-2026,657000
ENG-0107-CN-general,工程与制造,ENG,机械工程,机电一体化工程师,Mechatronics Engineer,2144,17-2199.08,东亚,中国,CN,country,general,本科/硕士,22-28,global,6.6,6.3,7.7,7.8,8.9,8.4,7.7,7.9,8.0,6.7,7.4,7.3,3.9,1.2,3.2,7.0,6.4,1.2,6.6,8.2,4.0,4.8,4.4,7.0,5.3,4.1,6.6,5.3,3.9,2.5,5.3,4.2,5.2,2.3,3,4,↑↑,2032-2038,6.21,中国机电一体化工程师：薪资回报高，人才需求旺盛，加班文化严重,"China Mechatronics Engineer: high compensation, strong talent demand, heavy overtime culture",AI综合评估 + O*NET/ILO/OECD锚点校准,2026-04-13,2026-04-13,2000-2026,549000
FIN-0305-CN-general,金融与商业,FIN,保险,保险核保师,Insurance Underwriter,3321,13-2053.00,东亚,中国,CN,country,general,本科,22-28,global,5.5,5.8,6.4,8.1,7.5,10.0,7.0,6.4,9.3,6.9,8.2,9.5,5.8,3.3,3.4,6.1,4.8,1.2,4.6,6.9,5.7,5.3,3.9,6.3,6.7,5.4,6.1,7.3,1.2,5.5,3.9,3.5,4.8,3.9,2,2,↑,2028-2033,6.21,中国保险核保师：薪资回报高，加班文化严重，就业稳定,"China Insurance Underwriter: high compensation, heavy overtime culture, stable employment",AI综合评估 + O*NET/ILO/BIS锚点校准,2026-04-13,2026-04-13,2000-2026,985000
ENG-0506-CN-general,工程与制造,ENG,航空航天,航空结构工程师,Aerospace Structural Engineer,2144,17-2011.00,东亚,中国,CN,country,general,硕士,24-30,global,7.6,8.1,9.0,7.5,7.5,6.6,9.0,8.8,10.0,7.8,7.7,5.8,3.9,1.5,2.3,6.3,5.1,0.5,8.4,9.1,3.4,5.4,3.0,8.5,3.2,3.8,5.4,5.5,3.3,4.3,3.9,2.6,4.9,5.6,3,3,↑,2035+,6.21,中国航空结构工程师：薪资回报高，人才需求旺盛，AI替代抗性强,"China Aerospace Structural Engineer: high compensation, strong talent demand, strong AI resistance",AI综合评估 + O*NET/ILO/OECD锚点校准,2026-04-13,2026-04-13,2000-2026,1350000
FIN-0210-CN-general,金融与商业,FIN,证券投资,财富管理顾问,Wealth Management Advisor,2412,13-2052.00,东亚,中国,CN,country,general,本科/硕士,22-28,global,7.1,6.8,8.1,7.1,9.3,9.9,7.5,8.5,10.0,8.7,5.2,8.7,4.5,0.0,1.6,6.7,5.9,1.7,5.9,8.2,6.0,6.3,1.6,7.3,7.9,3.5,4.6,8.3,0.8,5.4,7.0,4.5,5.8,4.2,3,3,↑,2032-2038,6.21,中国财富管理顾问：薪资回报高，人才需求旺盛，加班文化严重,"China Wealth Management Advisor: high compensation, strong talent demand, heavy overtime culture",AI综合评估 + O*NET/ILO/BIS锚点校准,2026-04-13,2026-04-13,2000-2026,1350000
EDU-0507-CN-general,教育与学术,EDU,学术研究,科研基金管理员,Research Grants Administrator,2422,11-9199.00,东亚,中国,CN,country,general,硕士,25-33,global,5.0,6.1,4.5,8.0,7.7,6.3,6.1,6.0,8.2,6.6,8.8,10.0,4.9,2.2,2.9,5.3,5.4,0.5,6.0,6.8,8.6,5.4,4.9,5.6,3.1,7.0,6.9,6.7,0.2,3.8,1.7,4.2,4.8,3.9,2,2,↑,2028-2033,6.21,中国科研基金管理员：薪资回报高，远程友好度高，加班文化严重,"China Research Grants Administrator: high compensation, highly remote-friendly, heavy overtime culture",AI综合评估 + O*NET/ILO/UNESCO锚点校准,2026-04-13,2026-04-13,2000-2026,601000
EDU-0506-CN-general,教育与学术,EDU,学术研究,学术期刊编辑,Academic Journal Editor,2641,27-3041.00,东亚,中国,CN,country,general,博士/硕士,28-38,global,7.0,7.6,4.0,9.0,6.8,5.4,5.8,6.2,7.0,5.5,10.0,10.0,5.2,1.4,3.2,5.9,5.3,0.7,5.5,7.7,10.0,6.5,4.9,7.3,4.0,5.5,8.5,6.1,1.0,6.7,0.8,6.8,6.7,3.1,1,0,→,2028-2033,6.21,中国学术期刊编辑：远程友好度高，加班文化严重，就业稳定,"China Academic Journal Editor: highly remote-friendly, heavy overtime culture, stable employment",AI综合评估 + O*NET/ILO/UNESCO锚点校准,2026-04-13,2026-04-13,2000-2026,350000
FIN-0805-CN-general,金融与商业,FIN,企业管理,首席信息官(CIO),Chief Information Officer (CIO),1330,11-3021.00,东亚,中国,CN,country,general,硕士/MBA,32-45,global,7.9,7.5,8.5,7.4,7.0,6.2,6.4,7.1,10.0,8.4,4.7,9.7,3.6,0.1,2.1,8.5,6.3,3.4,6.9,9.6,4.4,8.3,1.8,7.7,9.0,3.8,5.7,8.1,1.8,1.9,4.7,3.0,6.2,3.0,2,4,↑↑,2032-2038,6.2,中国首席信息官(CIO)：薪资回报高，加班文化严重，近年增长迅猛,"China Chief Information Officer (CIO): high compensation, heavy overtime culture, rapid recent growth",AI综合评估 + O*NET/ILO/BIS锚点校准,2026-04-13,2026-04-13,2000-2026,1350000
FIN-0810-CN-general,金融与商业,FIN,企业管理,首席人力资源官(CHRO),Chief Human Resources Officer (CHRO),1212,11-3121.00,东亚,中国,CN,country,general,硕士/MBA,35-45,global,7.8,7.9,7.3,7.4,7.2,7.2,5.7,7.3,10.0,7.5,5.7,9.2,3.8,0.0,1.6,7.9,6.5,3.0,7.5,9.5,4.5,8.5,0.6,8.1,9.0,6.0,4.9,8.8,1.2,1.8,5.3,3.0,5.9,2.4,2,2,↑,2035+,6.2,中国首席人力资源官(CHRO)：薪资回报高，AI替代抗性强，加班文化严重,"China Chief Human Resources Officer (CHRO): high compensation, strong AI resistance, heavy overtime culture",AI综合评估 + O*NET/ILO/BIS锚点校准,2026-04-13,2026-04-13,2000-2026,1350000
EDU-0702-CN-general,教育与学术,EDU,早期教育,蒙特梭利教师,Montessori Teacher,2342,25-2011.00,东亚,中国,CN,country,general,蒙氏认证+大专以上,22-28,global,5.8,5.0,5.3,7.9,6.6,6.2,7.2,6.4,5.5,5.4,8.7,8.7,4.2,2.7,2.9,5.9,4.8,1.3,9.4,6.8,3.4,6.7,3.6,8.1,6.9,7.1,6.4,8.8,5.6,5.4,2.5,4.3,5.5,1.4,3,2,↑,2035+,6.2,中国蒙特梭利教师：AI替代抗性强，加班文化严重，就业稳定,"China Montessori Teacher: strong AI resistance, heavy overtime culture, stable employment",AI综合评估 + O*NET/ILO/UNESCO锚点校准,2026-04-13,2026-04-13,2000-2026,178000
EDU-0105-CN-general,教育与学术,EDU,K12教育,国际学校教师,International School Teacher,2330,25-2031.00,东亚,中国,CN,country,general,本科/硕士,22-30,global,5.6,5.8,6.2,7.8,7.3,6.8,6.3,6.4,6.3,7.6,7.5,9.2,4.3,2.1,2.3,5.9,5.8,1.7,7.7,8.3,4.9,6.2,3.0,8.4,3.8,6.5,6.4,7.9,3.3,5.6,2.7,4.2,7.5,2.5,4,3,↑,2035+,6.2,中国国际学校教师：AI替代抗性强，加班文化严重，就业稳定,"China International School Teacher: strong AI resistance, heavy overtime culture, stable employment",AI综合评估 + O*NET/ILO/UNESCO锚点校准,2026-04-13,2026-04-13,2000-2026,255000
ENG-0503-CN-general,工程与制造,ENG,航空航天,卫星工程师,Satellite Engineer,2144,17-2011.00,东亚,中国,CN,country,general,硕士,24-30,global,7.3,7.4,8.3,7.7,8.8,7.1,8.5,8.9,9.3,7.0,7.3,5.8,4.8,1.9,2.3,6.3,5.4,0.7,7.5,8.8,3.4,6.0,3.1,8.9,3.5,3.5,6.4,5.7,3.8,3.8,4.7,2.6,5.1,5.2,3,4,↑↑,2035+,6.2,中国卫星工程师：薪资回报高，人才需求旺盛，AI替代抗性强,"China Satellite Engineer: high compensation, strong talent demand, strong AI resistance",AI综合评估 + O*NET/ILO/OECD锚点校准,2026-04-13,2026-04-13,2000-2026,985000
ART-1402-CN-general,文化、艺术与传媒,ART,文化产业管理,文化投资人,Cultural Industry Investor,2411,11-3031.02,东亚,中国,CN,country,general,本科/硕士,30-45,global,4.7,5.4,6.5,7.8,7.4,6.9,6.0,6.9,9.0,6.2,5.8,7.9,6.2,2.1,4.3,7.5,6.5,3.2,5.4,7.4,6.0,8.7,2.2,7.0,8.7,5.9,5.9,7.5,1.7,1.7,5.5,5.0,5.0,4.3,4,2,↑,2028-2033,6.2,中国文化投资人：薪资回报高，加班文化严重,"China Cultural Industry Investor: high compensation, heavy overtime culture",AI综合评估 + O*NET/ILO/OECD锚点校准,2026-04-13,2026-04-13,2000-2026,861000
ENG-0709-CN-general,工程与制造,ENG,半导体,模拟IC设计工程师,Analog IC Design Engineer,2152,17-2072.00,东亚,中国,CN,country,general,硕士/博士,23-28,global,8.1,8.1,8.6,7.1,9.8,6.5,10.0,10.0,10.0,8.3,5.8,6.5,3.0,1.0,2.8,6.3,5.8,0.6,7.7,9.0,2.3,5.4,2.2,7.1,4.4,3.8,5.6,4.7,2.2,2.2,5.2,2.5,5.3,5.1,4,4,↑↑,2035+,6.2,中国模拟IC设计工程师：薪资回报高，人才需求旺盛，AI替代抗性强,"China Analog IC Design Engineer: high compensation, strong talent demand, strong AI resistance",AI综合评估 + O*NET/ILO/OECD锚点校准,2026-04-13,2026-04-13,2000-2026,1350000
MED-1114-CN-general,医疗与健康,MED,医疗管理,健康数据分析师,Health Data Analyst,2120,15-2051.00,东亚,中国,CN,country,general,本科/硕士,22-28,global,6.4,6.3,6.7,7.5,8.6,9.4,8.1,6.7,6.7,7.1,7.3,8.4,6.3,2.2,2.6,6.9,6.1,1.4,5.3,6.7,6.9,5.1,4.1,6.1,4.9,5.6,6.9,6.8,2.1,4.1,2.0,5.0,4.8,3.6,3,5,↑↑,2028-2033,6.19,中国健康数据分析师：人才需求旺盛，加班文化严重，近年增长迅猛,"China Health Data Analyst: strong talent demand, heavy overtime culture, rapid recent growth",AI综合评估 + O*NET/ILO/WHO锚点校准,2026-04-13,2026-04-13,2000-2026,306000
FIN-0214-CN-general,金融与商业,FIN,证券投资,投资组合分析师,Portfolio Analyst,2413,13-2051.00,东亚,中国,CN,country,general,本科/硕士,22-28,global,6.9,7.4,8.1,7.3,10.0,9.7,7.9,8.3,10.0,8.9,5.2,9.0,4.0,0.5,2.1,7.1,6.5,1.9,3.7,9.4,6.1,6.7,1.3,7.3,7.4,4.4,5.0,6.9,0.4,6.0,7.0,3.7,6.5,3.8,3,2,↑,2026-2030,6.19,中国投资组合分析师：薪资回报高，人才需求旺盛，AI替代风险较高,"China Portfolio Analyst: high compensation, strong talent demand, high AI displacement risk",AI综合评估 + O*NET/ILO/BIS锚点校准,2026-04-13,2026-04-13,2000-2026,1350000
ENG-0708-CN-general,工程与制造,ENG,半导体,芯片验证工程师,Chip Verification Engineer,2152,17-2072.00,东亚,中国,CN,country,general,硕士,23-28,global,8.0,6.8,8.6,7.3,9.8,8.0,8.9,9.3,10.0,8.3,5.5,6.8,3.4,1.5,2.6,6.1,6.1,0.8,6.0,8.8,5.1,5.9,2.4,6.9,4.0,2.7,5.4,4.3,2.4,2.8,5.1,3.5,6.0,5.1,4,4,↑↑,2028-2033,6.19,中国芯片验证工程师：薪资回报高，人才需求旺盛，加班文化严重,"China Chip Verification Engineer: high compensation, strong talent demand, heavy overtime culture",AI综合评估 + O*NET/ILO/OECD锚点校准,2026-04-13,2026-04-13,2000-2026,1350000
FIN-1206-CN-general,金融与商业,FIN,加密货币与去中心化金融,量化加密交易员,Quantitative Crypto Trader,3311,13-2051.00,东亚,中国,CN,country,general,硕士/博士,22-30,global,8.2,7.6,8.6,4.6,8.8,7.2,8.4,9.2,10.0,7.9,3.1,9.0,5.3,0.0,0.4,6.7,6.3,3.7,6.0,6.7,8.0,7.7,3.4,7.1,9.5,4.7,5.9,5.8,0.7,1.9,8.2,7.0,7.0,1.4,4,3,↑,2032-2038,6.19,中国量化加密交易员：薪资回报高，人才需求旺盛，加班文化严重,"China Quantitative Crypto Trader: high compensation, strong talent demand, heavy overtime culture",AI综合评估 + O*NET/ILO/BIS锚点校准,2026-04-13,2026-04-13,2000-2026,1350000
FIN-0907-CN-general,金融与商业,FIN,人力资源,猎头顾问,Executive Search Consultant / Headhunter,2423,13-1071.00,东亚,中国,CN,country,general,本科,22-28,global,4.2,5.4,6.6,7.6,8.6,9.0,5.8,5.9,8.1,7.0,5.6,9.2,5.8,0.0,1.1,7.1,6.0,0.8,5.6,6.3,6.1,5.0,4.7,6.4,8.0,7.2,6.1,8.9,1.3,2.3,7.6,6.0,4.7,2.3,2,2,↑,2028-2033,6.19,中国猎头顾问：薪资回报高，加班文化严重,"China Executive Search Consultant / Headhunter: high compensation, heavy overtime culture",AI综合评估 + O*NET/ILO/BIS锚点校准,2026-04-13,2026-04-13,2000-2026,574000
EDU-0107-CN-general,教育与学术,EDU,K12教育,音乐教师,Music Teacher,2354,25-1121.00,东亚,中国,CN,country,general,本科(音乐),22-28,global,6.4,5.3,3.9,9.0,7.1,7.3,4.8,6.6,4.0,5.1,8.8,10.0,5.0,3.5,3.3,6.2,5.5,1.8,8.9,7.7,6.1,6.2,3.7,8.3,6.4,5.9,7.4,7.2,2.2,5.0,1.9,8.2,3.6,2.3,1,1,→,2035+,6.19,中国音乐教师：薪资水平偏低，AI替代抗性强，加班文化严重,"China Music Teacher: relatively low pay, strong AI resistance, heavy overtime culture",AI综合评估 + O*NET/ILO/UNESCO锚点校准,2026-04-13,2026-04-13,2000-2026,91000
FIN-0407-CN-general,金融与商业,FIN,会计审计,内部审计师,Internal Auditor,2411,13-2011.02,东亚,中国,CN,country,general,本科,22-28,global,6.5,5.7,6.2,8.6,8.4,10.0,6.3,6.1,9.1,7.5,7.6,9.3,5.8,1.3,2.1,7.5,5.8,0.9,4.0,8.1,7.1,5.4,2.9,6.3,6.9,5.0,6.3,6.5,0.9,6.8,3.8,4.7,5.7,3.5,2,1,→,2026-2030,6.19,中国内部审计师：薪资回报高，AI替代风险较高，加班文化严重,"China Internal Auditor: high compensation, high AI displacement risk, heavy overtime culture",AI综合评估 + O*NET/ILO/BIS锚点校准,2026-04-13,2026-04-13,2000-2026,901000
FIN-0201-CN-general,金融与商业,FIN,证券投资,股票分析师,Equity Analyst,2413,13-2051.00,东亚,中国,CN,country,general,本科/硕士,22-28,global,7.2,7.4,8.7,6.9,9.4,10.0,8.3,8.1,10.0,8.7,5.7,9.2,4.8,0.8,1.3,6.5,6.1,1.8,4.1,8.8,6.7,6.5,2.1,6.5,7.0,4.1,4.6,7.0,0.5,5.9,7.2,4.3,6.1,3.6,3,2,↑,2026-2030,6.18,中国股票分析师：薪资回报高，人才需求旺盛，加班文化严重,"China Equity Analyst: high compensation, strong talent demand, heavy overtime culture",AI综合评估 + O*NET/ILO/BIS锚点校准,2026-04-13,2026-04-13,2000-2026,1350000
EDU-0502-CN-general,教育与学术,EDU,学术研究,社会科学研究员,Social Science Researcher,2632,19-3099.00,东亚,中国,CN,country,general,博士,27-35,global,8.3,8.2,4.3,8.8,7.5,6.8,5.8,5.9,8.2,4.8,7.9,9.7,4.7,1.7,2.8,7.7,5.4,1.9,7.0,8.6,9.1,7.9,3.4,7.7,4.6,6.0,7.8,6.4,1.5,8.0,1.7,6.9,7.2,3.4,2,1,→,2032-2038,6.18,中国社会科学研究员：薪资回报高，远程友好度高，加班文化严重,"China Social Science Researcher: high compensation, highly remote-friendly, heavy overtime culture",AI综合评估 + O*NET/ILO/UNESCO锚点校准,2026-04-13,2026-04-13,2000-2026,601000
MED-0502-CN-general,医疗与健康,MED,公共卫生,公共卫生官员,Public Health Officer,1342,11-9111.00,东亚,中国,CN,country,general,硕士/博士,24-30,global,6.4,7.1,6.7,7.8,8.4,7.7,6.2,5.4,6.4,6.6,8.5,9.1,5.6,2.0,3.4,6.9,6.3,1.3,7.4,7.3,5.8,4.9,3.8,8.1,3.4,6.7,6.7,7.3,1.7,5.8,1.4,3.9,5.6,4.2,3,4,↑↑,2032-2038,6.18,中国公共卫生官员：加班文化严重，就业稳定，近年增长迅猛,"China Public Health Officer: heavy overtime culture, stable employment, rapid recent growth",AI综合评估 + O*NET/ILO/WHO锚点校准,2026-04-13,2026-04-13,2000-2026,267000
ART-0605-CN-general,文化、艺术与传媒,ART,设计创意,珠宝设计师,Jewelry Designer,2163,27-1029.00,东亚,中国,CN,country,general,本科,20-28,global,4.7,4.7,6.3,7.5,6.7,4.8,5.8,6.7,6.9,6.8,5.3,7.7,7.0,1.9,4.2,7.5,6.1,1.7,7.0,6.3,6.4,6.5,3.9,7.7,8.5,4.4,6.3,5.7,3.6,1.2,5.2,7.0,4.9,3.4,3,1,→,2032-2038,6.18,中国珠宝设计师：加班文化严重,China Jewelry Designer: heavy overtime culture,AI综合评估 + O*NET/ILO/OECD锚点校准,2026-04-13,2026-04-13,2000-2026,335000
MED-0408-CN-general,医疗与健康,MED,康复与治疗,运动治疗师,Exercise Therapist / Kinesiologist,2269,29-1128.00,东亚,中国,CN,country,general,本科/硕士,22-26,global,5.4,6.3,8.0,7.9,8.8,9.0,6.9,6.6,5.3,6.1,8.0,8.9,4.5,1.6,2.4,5.4,5.9,1.9,7.3,6.7,3.5,6.4,3.7,8.1,8.1,5.1,6.5,8.3,6.2,4.9,1.4,5.5,4.7,2.9,3,4,↑↑,2032-2038,6.18,中国运动治疗师：加班文化严重，就业稳定，近年增长迅猛,"China Exercise Therapist / Kinesiologist: heavy overtime culture, stable employment, rapid recent growth",AI综合评估 + O*NET/ILO/WHO锚点校准,2026-04-13,2026-04-13,2000-2026,163000
ENG-0605-CN-general,工程与制造,ENG,汽车,汽车电子工程师,Automotive Electronics Engineer,2152,17-2072.00,东亚,中国,CN,country,general,本科/硕士,22-28,global,6.6,6.4,9.7,6.5,10.0,10.0,8.4,8.6,9.1,8.3,6.2,6.3,4.2,1.9,2.3,7.4,6.2,1.2,6.1,7.7,2.9,4.7,2.7,6.6,4.4,3.5,6.8,5.2,3.0,2.9,6.1,3.6,4.9,4.0,3,4,↑↑,2032-2038,6.17,中国汽车电子工程师：薪资回报高，人才需求旺盛，加班文化严重,"China Automotive Electronics Engineer: high compensation, strong talent demand, heavy overtime culture",AI综合评估 + O*NET/ILO/OECD锚点校准,2026-04-13,2026-04-13,2000-2026,901000
AGR-0602-CN-general,农业、资源与环境,AGR,新能源,风电工程师,Wind Energy Engineer,2151,17-2199.11,东亚,中国,CN,country,general,本科/硕士,24-32,global,7.1,5.7,9.9,7.8,9.7,9.1,9.5,8.0,8.1,7.9,5.5,6.0,5.4,2.4,3.8,6.6,5.3,1.7,5.7,7.9,1.8,5.9,3.7,7.3,7.3,4.4,5.3,5.2,3.9,4.6,5.4,2.8,6.1,5.0,4,5,↑↑,2028-2033,6.17,中国风电工程师：薪资回报高，人才需求旺盛，加班文化严重,"China Wind Energy Engineer: high compensation, strong talent demand, heavy overtime culture",AI综合评估 + O*NET/ILO/OECD锚点校准,2026-04-13,2026-04-13,2000-2026,574000
ENG-0507-CN-general,工程与制造,ENG,航空航天,无人机工程师,Drone Engineer / UAV Engineer,2144,17-2011.00,东亚,中国,CN,country,general,硕士,24-30,global,7.5,7.3,9.2,7.8,10.0,7.5,9.2,8.4,9.1,7.8,7.5,5.8,4.9,1.4,2.5,6.4,5.9,0.9,6.6,8.2,2.5,6.2,3.0,7.9,3.7,4.2,5.5,5.3,3.6,3.7,5.2,2.4,5.4,5.8,4,5,↑↑,2032-2038,6.17,中国无人机工程师：薪资回报高，人才需求旺盛，加班文化严重,"China Drone Engineer / UAV Engineer: high compensation, strong talent demand, heavy overtime culture",AI综合评估 + O*NET/ILO/OECD锚点校准,2026-04-13,2026-04-13,2000-2026,901000
MED-0505-CN-general,医疗与健康,MED,公共卫生,卫生统计师,Biostatistician,2120,15-2041.01,东亚,中国,CN,country,general,硕士/博士,24-30,global,8.1,8.1,7.1,7.8,8.0,7.5,8.0,6.4,7.5,6.1,7.5,9.1,5.3,2.0,3.4,7.3,7.0,1.7,5.9,7.3,8.1,5.1,3.6,7.4,4.3,6.1,7.3,6.7,2.3,5.9,1.5,4.5,5.4,4.0,3,5,↑↑,2028-2033,6.17,中国卫生统计师：人才需求旺盛，加班文化严重，就业稳定,"China Biostatistician: strong talent demand, heavy overtime culture, stable employment",AI综合评估 + O*NET/ILO/WHO锚点校准,2026-04-13,2026-04-13,2000-2026,438000
ENG-0610-CN-general,工程与制造,ENG,汽车,底盘工程师,Chassis Engineer,2144,17-2141.02,东亚,中国,CN,country,general,本科/硕士,22-28,global,6.5,6.4,9.0,7.1,10.0,8.6,7.8,7.0,8.9,8.0,5.8,6.8,3.9,1.9,3.4,7.5,6.4,1.0,6.5,7.3,3.2,5.7,3.4,6.8,5.1,3.4,5.7,5.7,2.8,2.8,5.4,2.9,5.8,4.6,3,2,↑,2032-2038,6.17,中国底盘工程师：薪资回报高，人才需求旺盛，加班文化严重,"China Chassis Engineer: high compensation, strong talent demand, heavy overtime culture",AI综合评估 + O*NET/ILO/OECD锚点校准,2026-04-13,2026-04-13,2000-2026,823000
MED-0907-CN-general,医疗与健康,MED,心理健康,神经心理学家,Neuropsychologist,2634,19-3031.02,东亚,中国,CN,country,general,博士,28-34,global,8.9,9.1,7.7,8.9,9.0,7.0,6.9,7.2,7.1,6.6,7.8,8.6,3.7,2.0,2.1,6.7,6.0,1.9,6.9,6.6,4.6,6.2,4.1,8.5,7.4,5.8,7.0,8.9,1.3,8.0,1.7,6.0,4.4,1.8,4,4,↑↑,2032-2038,6.17,中国神经心理学家：加班文化严重，就业稳定，近年增长迅猛,"China Neuropsychologist: heavy overtime culture, stable employment, rapid recent growth",AI综合评估 + O*NET/ILO/WHO锚点校准,2026-04-13,2026-04-13,2000-2026,366000
ART-0610-CN-general,文化、艺术与传媒,ART,设计创意,花艺设计师,Floral Designer,3432,27-1023.00,东亚,中国,CN,country,general,本科,20-28,global,3.5,3.1,5.8,8.1,7.1,6.8,6.8,6.3,5.4,6.1,4.0,8.0,6.0,2.2,3.2,7.0,5.8,1.9,7.6,6.6,6.3,6.7,3.4,7.3,8.0,5.6,6.1,6.4,3.5,1.4,5.5,7.2,5.1,3.0,3,1,→,2035+,6.17,中国花艺设计师：AI替代抗性强，加班文化严重，就业波动大,"China Floral Designer: strong AI resistance, heavy overtime culture, volatile employment",AI综合评估 + O*NET/ILO/OECD锚点校准,2026-04-13,2026-04-13,2000-2026,170000
ENG-0704-CN-general,工程与制造,ENG,半导体,FPGA工程师,FPGA Engineer,2152,17-2072.00,东亚,中国,CN,country,general,硕士,23-28,global,7.9,7.1,8.8,6.5,9.8,8.0,8.3,8.7,10.0,7.5,6.8,6.3,4.1,0.5,2.3,6.1,6.2,0.6,6.4,8.5,5.1,5.7,3.1,7.2,4.7,3.2,5.7,4.5,2.4,2.6,5.7,3.3,5.9,5.7,4,4,↑↑,2032-2038,6.16,中国FPGA工程师：薪资回报高，人才需求旺盛，加班文化严重,"China FPGA Engineer: high compensation, strong talent demand, heavy overtime culture",AI综合评估 + O*NET/ILO/OECD锚点校准,2026-04-13,2026-04-13,2000-2026,1350000
ART-1404-CN-general,文化、艺术与传媒,ART,文化产业管理,版权管理专员,Copyright/Licensing Manager,2619,11-9199.00,东亚,中国,CN,country,general,本科/硕士,25-35,global,5.0,5.8,7.2,7.8,7.5,6.3,5.8,6.8,7.8,7.3,5.3,8.0,6.5,1.6,3.5,7.7,7.1,1.8,5.6,6.6,6.4,7.1,2.4,7.6,6.8,5.0,5.7,7.6,2.2,2.3,5.1,6.2,5.3,5.0,4,2,↑,2028-2033,6.16,中国版权管理专员：加班文化严重,China Copyright/Licensing Manager: heavy overtime culture,AI综合评估 + O*NET/ILO/OECD锚点校准,2026-04-13,2026-04-13,2000-2026,502000
ART-1011-CN-general,文化、艺术与传媒,ART,新媒体内容,社交媒体经理,Social Media Manager,2431,11-2021.00,东亚,中国,CN,country,general,无要求,16-30,global,3.6,4.3,8.6,4.5,9.0,9.8,7.8,6.3,7.6,5.3,4.3,7.9,5.7,0.0,5.0,6.7,6.0,3.8,6.4,5.5,7.6,8.0,1.7,6.9,8.7,5.3,4.5,7.0,2.8,1.1,5.6,8.0,4.4,2.3,5,3,↑,2032-2038,6.16,中国社交媒体经理：人才需求旺盛，加班文化严重,"China Social Media Manager: strong talent demand, heavy overtime culture",AI综合评估 + O*NET/ILO/OECD锚点校准,2026-04-13,2026-04-13,2000-2026,459000
ENG-0601-CN-general,工程与制造,ENG,汽车,汽车设计工程师,Automotive Design Engineer,2144,17-2141.02,东亚,中国,CN,country,general,本科/硕士,22-28,global,6.3,5.8,9.4,6.7,9.3,9.3,7.7,7.0,9.2,8.5,6.0,6.8,4.1,1.6,3.1,7.2,5.9,1.1,6.4,7.0,3.7,5.2,3.2,7.4,4.3,4.0,5.8,5.3,3.3,3.1,6.3,3.3,5.7,4.4,3,3,↑,2032-2038,6.16,中国汽车设计工程师：薪资回报高，人才需求旺盛，加班文化严重,"China Automotive Design Engineer: high compensation, strong talent demand, heavy overtime culture",AI综合评估 + O*NET/ILO/OECD锚点校准,2026-04-13,2026-04-13,2000-2026,942000
ART-1408-CN-general,文化、艺术与传媒,ART,文化产业管理,音乐节运营总监,Music Festival Director,1349,11-9199.00,东亚,中国,CN,country,general,本科/硕士,28-38,global,5.3,5.4,6.5,7.8,6.6,7.1,6.0,7.0,9.1,6.6,5.0,8.0,5.5,2.2,2.8,7.2,6.7,2.1,6.0,6.8,5.8,6.2,3.2,7.2,7.3,5.9,6.1,8.8,2.3,2.0,5.4,5.6,5.1,3.8,4,2,↑,2028-2033,6.16,中国音乐节运营总监：薪资回报高，加班文化严重,"China Music Festival Director: high compensation, heavy overtime culture",AI综合评估 + O*NET/ILO/OECD锚点校准,2026-04-13,2026-04-13,2000-2026,901000
FIN-0110-CN-general,金融与商业,FIN,银行,信用卡业务经理,Credit Card Business Manager,1346,11-3031.01,东亚,中国,CN,country,general,本科,22-28,global,5.4,5.3,6.2,7.3,7.8,9.8,6.1,6.6,9.3,7.4,7.6,9.0,5.3,2.5,2.8,6.6,6.7,0.8,4.6,7.7,5.5,5.0,3.0,6.3,5.3,4.8,6.2,6.9,0.5,3.8,4.9,2.5,5.5,3.9,2,1,→,2028-2033,6.16,中国信用卡业务经理：薪资回报高，加班文化严重，就业稳定,"China Credit Card Business Manager: high compensation, heavy overtime culture, stable employment",AI综合评估 + O*NET/ILO/BIS锚点校准,2026-04-13,2026-04-13,2000-2026,985000
FIN-0309-CN-general,金融与商业,FIN,保险,损失评估师,Loss Adjuster,3315,13-1031.02,东亚,中国,CN,country,general,本科,22-28,global,5.6,5.7,6.6,8.5,7.1,10.0,7.3,6.3,9.1,7.7,8.1,9.7,5.0,2.6,3.6,6.3,5.1,1.7,5.7,6.9,4.0,5.0,3.8,5.9,6.5,4.5,6.5,6.6,3.2,5.2,3.2,4.3,4.0,3.7,2,2,↑,2028-2033,6.16,中国损失评估师：薪资回报高，加班文化严重，就业稳定,"China Loss Adjuster: high compensation, heavy overtime culture, stable employment",AI综合评估 + O*NET/ILO/BIS锚点校准,2026-04-13,2026-04-13,2000-2026,901000
EDU-0303-CN-general,教育与学术,EDU,职业培训,职业技术教师,Vocational Education Teacher,2320,25-1194.00,东亚,中国,CN,country,general,大专/本科+实操经验,25-35,global,5.0,5.0,4.4,8.8,7.8,9.1,5.6,6.8,5.8,5.6,9.4,9.0,4.2,3.5,4.3,5.5,5.7,1.6,7.9,6.4,4.7,5.7,3.8,7.5,4.3,5.0,7.7,7.7,4.1,4.9,2.5,5.5,3.0,2.3,3,2,↑,2035+,6.15,中国职业技术教师：AI替代抗性强，加班文化严重，就业稳定,"China Vocational Education Teacher: strong AI resistance, heavy overtime culture, stable employment",AI综合评估 + O*NET/ILO/UNESCO锚点校准,2026-04-13,2026-04-13,2000-2026,204000
ART-1003-CN-general,文化、艺术与传媒,ART,新媒体内容,播客主持人,Podcast Host,2656,27-3011.00,东亚,中国,CN,country,general,无要求,16-30,global,3.3,3.6,9.3,5.3,10.0,10.0,7.8,6.0,7.0,6.0,2.3,8.2,5.4,0.4,4.0,6.0,5.7,3.9,5.7,5.2,9.3,8.7,2.0,7.0,9.3,5.1,4.3,7.5,2.6,1.3,5.4,7.6,3.7,2.5,5,4,↑↑,2028-2033,6.15,中国播客主持人：人才需求旺盛，远程友好度高，加班文化严重,"China Podcast Host: strong talent demand, highly remote-friendly, heavy overtime culture",AI综合评估 + O*NET/ILO/OECD锚点校准,2026-04-13,2026-04-13,2000-2026,350000
FIN-0213-CN-general,金融与商业,FIN,证券投资,商品期货交易员,Commodity Futures Trader,3311,13-2051.00,东亚,中国,CN,country,general,本科/硕士,22-28,global,7.4,6.6,8.1,6.5,9.4,9.7,8.1,7.7,10.0,8.3,4.7,9.2,4.8,0.0,0.8,7.3,6.1,1.9,5.1,9.8,7.0,6.7,1.6,6.9,7.7,4.0,5.0,6.9,0.2,5.7,9.4,3.9,6.9,4.2,3,2,↑,2028-2033,6.15,中国商品期货交易员：薪资回报高，人才需求旺盛，加班文化严重,"China Commodity Futures Trader: high compensation, strong talent demand, heavy overtime culture",AI综合评估 + O*NET/ILO/BIS锚点校准,2026-04-13,2026-04-13,2000-2026,1350000
ENG-0111-CN-general,工程与制造,ENG,机械工程,3D打印/增材制造工程师,Additive Manufacturing Engineer,2144,17-2141.00,东亚,中国,CN,country,general,本科/硕士,22-28,global,6.4,6.4,9.2,7.8,8.1,9.0,7.6,7.9,8.9,7.2,7.3,7.1,3.9,1.3,2.3,7.0,5.8,1.2,5.9,7.0,3.4,5.2,3.2,7.2,4.7,3.4,6.6,5.2,3.5,2.8,4.9,3.8,6.0,2.4,4,5,↑↑,2028-2033,6.15,中国3D打印/增材制造工程师：薪资回报高，人才需求旺盛，加班文化严重,"China Additive Manufacturing Engineer: high compensation, strong talent demand, heavy overtime culture",AI综合评估 + O*NET/ILO/OECD锚点校准,2026-04-13,2026-04-13,2000-2026,823000
ART-1401-CN-general,文化、艺术与传媒,ART,文化产业管理,IP运营经理,IP Operations Manager,1349,11-2011.00,东亚,中国,CN,country,general,本科/硕士,25-35,global,5.1,5.2,8.1,7.5,6.6,6.1,6.3,6.8,8.9,7.1,4.8,7.7,6.7,1.9,3.6,7.6,6.3,2.2,5.8,6.4,5.0,6.8,3.1,7.2,7.6,5.0,6.1,7.8,2.0,2.3,6.2,5.0,5.8,4.2,4,3,↑,2028-2033,6.15,中国IP运营经理：薪资回报高，加班文化严重,"China IP Operations Manager: high compensation, heavy overtime culture",AI综合评估 + O*NET/ILO/OECD锚点校准,2026-04-13,2026-04-13,2000-2026,823000
ENG-0905-CN-general,工程与制造,ENG,制造管理,制造工程师,Manufacturing Engineer,2141,17-2112.00,东亚,中国,CN,country,general,本科,22-30,global,5.6,5.3,6.4,8.3,8.6,9.3,6.2,7.0,9.0,8.6,7.2,6.5,4.1,1.1,2.6,7.7,6.9,1.1,6.2,7.7,2.8,5.4,4.0,6.5,5.3,4.7,6.1,7.1,3.1,2.7,5.9,2.9,4.5,3.4,2,2,↑,2032-2038,6.14,中国制造工程师：薪资回报高，加班文化严重,"China Manufacturing Engineer: high compensation, heavy overtime culture",AI综合评估 + O*NET/ILO/OECD锚点校准,2026-04-13,2026-04-13,2000-2026,861000
FIN-0404-CN-general,金融与商业,FIN,会计审计,管理会计师,Management Accountant,2411,13-2011.01,东亚,中国,CN,country,general,本科,22-28,global,6.4,5.8,6.1,8.8,8.0,9.4,5.9,6.0,7.6,7.1,8.6,9.5,5.2,2.1,3.1,7.1,6.2,1.2,3.9,8.1,6.4,5.2,4.1,6.3,7.0,5.3,6.1,6.8,0.6,6.6,3.8,4.7,5.8,3.9,2,1,→,2026-2030,6.14,中国管理会计师：AI替代风险较高，加班文化严重，就业稳定,"China Management Accountant: high AI displacement risk, heavy overtime culture, stable employment",AI综合评估 + O*NET/ILO/BIS锚点校准,2026-04-13,2026-04-13,2000-2026,459000
MED-1101-CN-general,医疗与健康,MED,医疗管理,医院管理者,Hospital Administrator,1342,11-9111.00,东亚,中国,CN,country,general,硕士/MBA,30-40,global,7.1,6.8,7.3,7.6,8.3,9.6,6.7,5.0,7.7,6.8,7.5,8.4,5.2,2.3,3.3,6.2,6.5,1.3,5.9,7.8,3.3,6.8,3.8,6.5,5.4,5.3,6.8,7.5,1.8,4.2,1.3,5.2,4.8,3.9,3,3,↑,2028-2033,6.14,中国医院管理者：加班文化严重，就业稳定,"China Hospital Administrator: heavy overtime culture, stable employment",AI综合评估 + O*NET/ILO/WHO锚点校准,2026-04-13,2026-04-13,2000-2026,480000
FIN-0202-CN-general,金融与商业,FIN,证券投资,基金经理,Fund Manager,2411,11-3031.01,东亚,中国,CN,country,general,本科/硕士,22-28,global,7.3,7.0,7.8,7.1,10.0,10.0,7.4,8.1,10.0,8.0,4.9,9.2,4.4,0.0,1.3,7.1,6.3,2.1,5.2,10.0,5.5,6.5,1.9,7.6,7.0,4.2,5.3,6.7,0.8,6.0,8.2,4.7,6.1,4.0,3,2,↑,2028-2033,6.14,中国基金经理：薪资回报高，加班文化严重,"China Fund Manager: high compensation, heavy overtime culture",AI综合评估 + O*NET/ILO/BIS锚点校准,2026-04-13,2026-04-13,2000-2026,1350000
EDU-0603-CN-general,教育与学术,EDU,教育管理,教育政策研究员,Education Policy Researcher,2632,19-3099.00,东亚,中国,CN,country,general,博士,28-35,global,7.6,7.8,4.7,8.6,5.8,5.5,4.6,6.0,6.8,4.5,8.9,10.0,5.0,2.7,2.6,7.2,5.4,1.2,6.9,8.6,9.3,7.0,4.4,8.4,4.4,5.4,6.7,7.3,0.6,6.8,0.9,6.0,6.4,3.3,2,2,↑,2032-2038,6.14,中国教育政策研究员：远程友好度高，加班文化严重，就业稳定,"China Education Policy Researcher: highly remote-friendly, heavy overtime culture, stable employment",AI综合评估 + O*NET/ILO/UNESCO锚点校准,2026-04-13,2026-04-13,2000-2026,320000
TECH-0402-CN-general,信息技术与数字化,TECH,产品与设计,UI设计师,UI Designer,2166,15-1255.00,东亚,中国,CN,country,general,本科/专科,20-26,global,4.8,4.6,7.1,6.3,8.7,8.0,5.6,4.7,7.2,7.9,3.8,9.5,6.0,1.9,2.6,6.9,7.3,1.6,4.1,6.7,7.0,6.7,2.9,6.8,7.5,6.4,5.6,5.7,0.7,0.0,6.0,7.6,5.9,1.7,3,1,→,2026-2030,6.14,中国UI设计师：加班文化严重，就业波动大,"China UI Designer: heavy overtime culture, volatile employment",AI综合评估 + O*NET/ILO/OECD锚点校准,2026-04-13,2026-04-13,2000-2026,383000
LAW-0403-CN-general,法律与社会服务,LAW,公证与仲裁,仲裁员,Arbitrator,2619,23-1022.00,东亚,中国,CN,country,general,法学硕士+行业经验,35-50,global,8.1,8.4,6.2,8.2,5.5,5.1,6.1,6.1,9.8,6.9,5.3,9.5,4.5,2.7,4.2,6.3,6.3,1.8,7.7,9.7,5.0,8.4,2.5,7.3,7.4,4.8,8.0,7.4,0.2,8.5,3.4,3.8,7.5,5.2,2,2,↑,2035+,6.14,中国仲裁员：薪资回报高，AI替代抗性强，加班文化严重,"China Arbitrator: high compensation, strong AI resistance, heavy overtime culture",AI综合评估 + O*NET/ILO/OECD锚点校准,2026-04-13,2026-04-13,2000-2026,1234000
ART-1403-CN-general,文化、艺术与传媒,ART,文化产业管理,艺人经纪人,Talent Agent / Artist Manager,3339,13-1011.00,东亚,中国,CN,country,general,本科/硕士,25-35,global,4.8,5.5,6.5,7.3,6.7,6.9,6.2,6.4,7.6,7.6,5.7,8.0,6.7,1.9,3.2,7.5,6.9,2.4,5.5,6.1,5.3,6.7,2.7,6.6,8.1,5.0,6.8,9.2,2.0,1.8,5.3,6.0,6.1,4.0,4,2,↑,2028-2033,6.14,中国艺人经纪人：加班文化严重,China Talent Agent / Artist Manager: heavy overtime culture,AI综合评估 + O*NET/ILO/OECD锚点校准,2026-04-13,2026-04-13,2000-2026,459000
ENG-0203-CN-general,工程与制造,ENG,电气工程,控制工程师,Control Systems Engineer,2151,17-2072.01,东亚,中国,CN,country,general,本科/硕士,22-28,global,5.8,6.0,7.3,7.5,8.4,8.6,7.7,7.0,7.9,7.7,7.3,6.5,4.1,1.4,2.9,7.6,6.8,0.8,6.2,7.7,4.5,5.4,3.9,7.4,5.5,4.7,5.9,4.6,2.5,3.6,5.4,4.0,4.4,3.8,2,2,↑,2032-2038,6.14,中国控制工程师：人才需求旺盛，加班文化严重,"China Control Systems Engineer: strong talent demand, heavy overtime culture",AI综合评估 + O*NET/ILO/OECD锚点校准,2026-04-13,2026-04-13,2000-2026,525000
EDU-0701-CN-general,教育与学术,EDU,早期教育,幼儿园教师,Kindergarten Teacher,2342,25-2012.00,东亚,中国,CN,country,general,大专/本科(学前教育),20-26,global,4.0,4.6,4.9,8.0,8.6,10.0,6.6,7.4,2.9,4.1,10.0,9.0,3.5,2.4,2.1,4.9,5.2,1.2,9.3,6.2,3.4,4.6,4.5,8.0,4.8,8.6,6.9,9.0,5.7,5.5,0.7,4.5,3.4,1.4,2,2,↑,2035+,6.14,中国幼儿园教师：薪资水平偏低，AI替代抗性强，加班文化严重,"China Kindergarten Teacher: relatively low pay, strong AI resistance, heavy overtime culture",AI综合评估 + O*NET/ILO/UNESCO锚点校准,2026-04-13,2026-04-13,2000-2026,55000
ENG-0901-CN-general,工程与制造,ENG,制造管理,工厂厂长,Plant Manager,1321,11-3051.00,东亚,中国,CN,country,general,本科,30-40,global,6.3,5.7,6.6,8.3,8.6,9.5,6.2,6.0,9.4,7.1,6.0,6.8,4.4,1.2,3.0,7.9,6.8,1.2,7.5,8.7,0.6,7.2,3.4,7.4,4.9,4.7,7.0,7.0,3.2,2.4,5.4,3.1,4.1,3.8,2,2,↑,2032-2038,6.13,中国工厂厂长：薪资回报高，AI替代抗性强，加班文化严重,"China Plant Manager: high compensation, strong AI resistance, heavy overtime culture",AI综合评估 + O*NET/ILO/OECD锚点校准,2026-04-13,2026-04-13,2000-2026,1031000
FIN-0806-CN-general,金融与商业,FIN,企业管理,总经理,General Manager,1120,11-1021.00,东亚,中国,CN,country,general,本科/硕士,30-40,global,8.1,7.6,7.9,7.1,7.4,7.0,5.8,7.5,9.4,8.0,4.9,9.2,4.0,0.0,1.6,7.8,5.9,2.7,7.4,8.9,5.4,9.3,0.8,7.7,9.8,4.4,5.1,8.7,1.9,2.2,5.6,2.4,5.5,3.2,2,2,↑,2032-2038,6.13,中国总经理：薪资回报高，加班文化严重,"China General Manager: high compensation, heavy overtime culture",AI综合评估 + O*NET/ILO/BIS锚点校准,2026-04-13,2026-04-13,2000-2026,1031000
TECH-0501-CN-general,信息技术与数字化,TECH,新兴数字职业,区块链开发工程师,Blockchain Developer,2514,15-1252.00,东亚,中国,CN,country,general,本科/自学,22-30,global,6.8,5.3,7.7,4.7,8.6,6.2,7.5,7.4,9.3,8.6,2.0,9.5,5.8,2.4,3.3,5.6,5.9,3.6,5.5,6.9,6.3,6.7,3.5,6.8,9.6,4.1,5.1,5.8,0.8,0.2,7.9,7.1,6.6,1.3,3,1,→,2028-2033,6.13,中国区块链开发工程师：薪资回报高，人才需求旺盛，加班文化严重,"China Blockchain Developer: high compensation, strong talent demand, heavy overtime culture",AI综合评估 + O*NET/ILO/OECD锚点校准,2026-04-13,2026-04-13,2000-2026,985000
FIN-0108-CN-general,金融与商业,FIN,银行,银行分行行长,Bank Branch Manager,1346,11-3031.01,东亚,中国,CN,country,general,本科/硕士,30-40,global,6.3,5.3,6.4,8.1,7.9,9.8,6.3,6.6,9.3,7.9,6.7,8.7,5.7,1.3,2.8,6.8,5.9,0.9,4.9,8.4,5.8,6.8,2.8,5.5,4.3,4.6,5.8,7.0,0.7,4.1,4.7,3.5,5.0,4.3,0,0,→,2028-2033,6.13,中国银行分行行长：薪资回报高，加班文化严重,"China Bank Branch Manager: high compensation, heavy overtime culture",AI综合评估 + O*NET/ILO/BIS锚点校准,2026-04-13,2026-04-13,2000-2026,985000
ART-1406-CN-general,文化、艺术与传媒,ART,文化产业管理,艺术节总监,Festival Director,1349,11-2011.00,东亚,中国,CN,country,general,本科/硕士,30-40,global,4.6,5.7,6.3,7.5,7.4,6.7,6.2,6.1,7.8,6.6,5.3,7.7,7.0,2.1,3.0,8.0,7.1,2.1,5.2,7.9,5.4,7.2,3.2,7.4,7.2,5.0,5.9,8.2,2.3,2.3,5.4,5.8,6.1,4.6,4,2,↑,2028-2033,6.13,中国艺术节总监：加班文化严重,China Festival Director: heavy overtime culture,AI综合评估 + O*NET/ILO/OECD锚点校准,2026-04-13,2026-04-13,2000-2026,502000
ART-1012-CN-general,文化、艺术与传媒,ART,新媒体内容,声优/配音演员,Voice Actor (Seiyuu),2655,27-2011.00,东亚,中国,CN,country,general,无要求,16-30,regional,5.8,2.8,8.6,4.6,9.8,8.0,7.6,6.4,6.4,5.3,2.6,8.0,7.1,0.0,4.9,6.5,5.9,3.9,7.5,5.2,6.9,8.9,2.0,8.6,9.4,5.4,3.7,7.8,2.2,0.7,5.6,7.0,4.1,2.5,5,4,↑↑,2035+,6.13,中国声优/配音演员：人才需求旺盛，AI替代抗性强，加班文化严重,"China Voice Actor (Seiyuu): strong talent demand, strong AI resistance, heavy overtime culture",AI综合评估 + O*NET/ILO/OECD锚点校准,2026-04-13,2026-04-13,2000-2026,267000
MED-0703-CN-general,医疗与健康,MED,口腔,正畸医生,Orthodontist,2261,29-1023.00,东亚,中国,CN,country,general,博士/医学学位,26-32,global,9.1,9.1,7.0,7.8,8.1,8.4,7.6,6.7,10.0,7.2,8.2,8.1,3.0,3.2,3.9,5.0,4.2,1.4,8.0,8.4,0.7,6.6,3.8,7.4,9.1,6.5,5.9,7.4,5.3,8.3,2.5,4.2,4.6,3.0,3,4,↑↑,2035+,6.13,中国正畸医生：薪资回报高，人才需求旺盛，AI替代抗性强,"China Orthodontist: high compensation, strong talent demand, strong AI resistance",AI综合评估 + O*NET/ILO/WHO锚点校准,2026-04-13,2026-04-13,2000-2026,1350000
ART-0805-CN-general,文化、艺术与传媒,ART,广告公关,品牌经理,Brand Manager,1221,11-2021.00,东亚,中国,CN,country,general,本科,22-28,global,4.6,4.8,7.1,7.5,7.4,7.7,7.1,6.7,9.2,6.5,6.1,7.9,6.2,1.7,3.5,6.9,7.1,1.6,4.4,7.7,5.8,5.0,2.2,6.3,6.4,5.1,5.9,7.3,1.5,1.5,5.6,5.0,4.6,4.5,3,1,→,2026-2030,6.12,中国品牌经理：薪资回报高，加班文化严重,"China Brand Manager: high compensation, heavy overtime culture",AI综合评估 + O*NET/ILO/OECD锚点校准,2026-04-13,2026-04-13,2000-2026,942000
ART-1405-CN-general,文化、艺术与传媒,ART,文化产业管理,文化政策研究员,Cultural Policy Researcher,2632,19-3099.00,东亚,中国,CN,country,general,硕士/博士,25-35,global,5.3,8.1,7.1,7.8,7.4,6.9,6.2,6.1,6.6,7.5,6.5,8.2,6.7,1.5,4.1,8.0,6.9,2.1,5.6,6.6,5.8,6.9,3.1,8.1,6.5,5.6,6.9,7.5,2.3,1.7,5.5,5.6,5.1,4.2,4,2,↑,2028-2033,6.12,中国文化政策研究员：加班文化严重,China Cultural Policy Researcher: heavy overtime culture,AI综合评估 + O*NET/ILO/OECD锚点校准,2026-04-13,2026-04-13,2000-2026,292000
FIN-1201-CN-general,金融与商业,FIN,加密货币与去中心化金融,加密货币分析师,Cryptocurrency Analyst,2413,13-2051.00,东亚,中国,CN,country,general,本科/自学,22-30,global,6.1,5.6,8.4,4.6,9.0,6.7,7.6,8.4,9.6,7.2,2.6,8.7,4.1,0.8,1.8,7.0,6.5,3.6,5.9,6.5,8.8,7.0,2.6,6.3,9.2,4.3,6.5,5.4,0.1,1.3,9.3,6.2,6.5,1.6,4,3,↑,2028-2033,6.12,中国加密货币分析师：薪资回报高，人才需求旺盛，远程友好度高,"China Cryptocurrency Analyst: high compensation, strong talent demand, highly remote-friendly",AI综合评估 + O*NET/ILO/BIS锚点校准,2026-04-13,2026-04-13,2000-2026,1128000
FIN-0211-CN-general,金融与商业,FIN,证券投资,信托经理,Trust Manager,2411,13-2052.00,东亚,中国,CN,country,general,本科/硕士,22-28,global,7.3,7.3,8.1,6.8,9.8,7.9,6.7,7.7,10.0,8.7,7.2,8.8,4.6,0.0,1.9,7.3,6.7,2.3,5.4,9.4,6.4,5.6,1.6,6.6,7.0,3.3,4.6,6.9,0.6,5.9,7.2,3.5,6.8,4.2,3,2,↑,2028-2033,6.12,中国信托经理：薪资回报高，加班文化严重,"China Trust Manager: high compensation, heavy overtime culture",AI综合评估 + O*NET/ILO/BIS锚点校准,2026-04-13,2026-04-13,2000-2026,1350000
FIN-0804-CN-general,金融与商业,FIN,企业管理,首席营销官(CMO),Chief Marketing Officer (CMO),1221,11-2021.00,东亚,中国,CN,country,general,硕士/MBA,32-45,global,8.3,7.8,7.9,7.4,6.4,6.8,5.3,7.3,10.0,8.6,4.7,9.5,4.0,0.0,0.8,7.9,6.5,3.2,7.0,9.6,5.7,8.3,2.1,8.1,9.0,4.2,5.7,8.8,1.1,2.2,6.0,2.6,5.5,2.8,2,2,↑,2032-2038,6.12,中国首席营销官(CMO)：薪资回报高，加班文化严重,"China Chief Marketing Officer (CMO): high compensation, heavy overtime culture",AI综合评估 + O*NET/ILO/BIS锚点校准,2026-04-13,2026-04-13,2000-2026,1350000
ART-0614-CN-general,文化、艺术与传媒,ART,设计创意,用户体验设计师(非IT),Service Designer / Experience Designer,2163,27-1029.00,东亚,中国,CN,country,general,本科,20-28,global,4.8,4.8,7.4,7.1,6.5,7.4,6.9,6.7,8.2,6.3,5.2,8.0,5.8,0.9,3.5,7.4,6.5,1.6,5.0,6.0,5.5,6.2,3.7,8.1,7.5,4.7,6.5,6.1,2.5,1.5,4.9,6.0,5.0,4.0,3,2,↑,2028-2033,6.11,中国用户体验设计师(非IT)：薪资回报高，加班文化严重,"China Service Designer / Experience Designer: high compensation, heavy overtime culture",AI综合评估 + O*NET/ILO/OECD锚点校准,2026-04-13,2026-04-13,2000-2026,601000
ART-0602-CN-general,文化、艺术与传媒,ART,设计创意,工业设计师,Industrial Designer,2163,27-1021.00,东亚,中国,CN,country,general,本科,20-28,global,5.3,6.1,6.2,7.2,6.3,7.2,5.6,6.9,7.9,6.7,5.0,7.9,5.8,1.3,4.3,7.9,6.4,1.4,6.0,7.3,6.4,6.7,4.0,7.1,7.7,4.9,5.7,5.9,2.7,1.5,5.1,6.9,4.6,3.8,3,1,→,2032-2038,6.11,中国工业设计师：加班文化严重,China Industrial Designer: heavy overtime culture,AI综合评估 + O*NET/ILO/OECD锚点校准,2026-04-13,2026-04-13,2000-2026,525000
ART-1001-CN-general,文化、艺术与传媒,ART,新媒体内容,YouTuber/视频博主,YouTuber / Video Content Creator,2642,27-3043.00,东亚,中国,CN,country,general,无要求,16-30,global,3.1,3.4,8.6,5.4,9.2,9.9,7.2,5.4,7.4,6.4,2.2,7.9,6.7,0.6,4.0,5.8,5.1,3.6,6.4,5.3,7.9,7.7,2.2,8.2,10.0,4.2,3.9,7.3,2.8,1.3,5.4,8.0,3.6,2.7,5,4,↑↑,2032-2038,6.11,中国YouTuber/视频博主：加班文化严重，就业波动大，近年增长迅猛,"China YouTuber / Video Content Creator: heavy overtime culture, volatile employment, rapid recent growth",AI综合评估 + O*NET/ILO/OECD锚点校准,2026-04-13,2026-04-13,2000-2026,419000
ENG-0510-CN-general,工程与制造,ENG,航空航天,空气动力学工程师,Aerodynamics Engineer,2144,17-2011.00,东亚,中国,CN,country,general,硕士/博士,24-30,global,7.7,8.0,8.0,8.3,8.3,6.0,8.6,9.0,10.0,7.0,6.5,6.0,4.6,0.9,2.3,6.3,6.1,0.6,7.6,8.5,2.2,5.9,4.0,8.5,3.9,3.2,6.3,5.1,4.0,4.3,4.1,2.2,5.8,5.8,3,3,↑,2035+,6.11,中国空气动力学工程师：薪资回报高，人才需求旺盛，AI替代抗性强,"China Aerodynamics Engineer: high compensation, strong talent demand, strong AI resistance",AI综合评估 + O*NET/ILO/OECD锚点校准,2026-04-13,2026-04-13,2000-2026,1350000
ART-0606-CN-general,文化、艺术与传媒,ART,设计创意,文创产品设计师,Cultural/Creative Product Designer,2163,27-1029.00,东亚,中国,CN,country,general,本科,20-28,global,4.7,5.2,6.5,8.0,6.3,6.6,6.4,6.4,7.2,5.6,4.7,8.2,6.5,1.9,4.1,8.0,5.8,1.3,4.9,6.4,7.2,6.7,2.9,8.1,8.0,4.9,6.1,6.5,2.8,1.5,5.4,7.0,5.1,3.0,3,2,↑,2028-2033,6.11,中国文创产品设计师：加班文化严重,China Cultural/Creative Product Designer: heavy overtime culture,AI综合评估 + O*NET/ILO/OECD锚点校准,2026-04-13,2026-04-13,2000-2026,383000
ENG-0204-CN-general,工程与制造,ENG,电气工程,自动化工程师,Automation Engineer,2151,17-2072.01,东亚,中国,CN,country,general,本科/硕士,22-28,global,6.6,6.6,7.9,7.3,8.5,8.8,8.1,8.2,8.9,8.4,7.2,6.5,4.1,2.4,2.8,7.4,5.7,0.9,5.4,6.7,2.0,5.2,3.0,7.0,5.1,4.7,6.5,5.1,2.7,3.3,4.8,3.6,5.4,3.4,3,4,↑↑,2028-2033,6.11,中国自动化工程师：薪资回报高，人才需求旺盛，加班文化严重,"China Automation Engineer: high compensation, strong talent demand, heavy overtime culture",AI综合评估 + O*NET/ILO/OECD锚点校准,2026-04-13,2026-04-13,2000-2026,823000
FIN-0209-CN-general,金融与商业,FIN,证券投资,外汇交易员,Forex Trader,3311,13-2051.00,东亚,中国,CN,country,general,本科/硕士,22-28,global,6.7,7.1,7.7,7.2,9.0,9.7,7.9,8.3,10.0,8.7,3.9,9.0,4.6,0.0,1.4,7.3,5.5,2.2,5.3,8.6,6.4,7.0,2.3,7.3,7.8,3.8,4.4,6.8,0.8,5.6,7.9,3.9,6.0,4.2,3,2,↑,2028-2033,6.1,中国外汇交易员：薪资回报高，人才需求旺盛，加班文化严重,"China Forex Trader: high compensation, strong talent demand, heavy overtime culture",AI综合评估 + O*NET/ILO/BIS锚点校准,2026-04-13,2026-04-13,2000-2026,1350000
ENG-0509-CN-general,工程与制造,ENG,航空航天,飞行测试工程师,Flight Test Engineer,2144,17-2011.00,东亚,中国,CN,country,general,硕士,24-30,global,7.3,8.0,8.4,8.3,8.3,6.8,9.0,9.4,9.6,7.8,7.0,4.3,3.7,1.8,2.1,6.9,5.8,0.8,8.0,8.3,1.0,5.6,3.3,8.8,3.1,3.4,5.2,5.6,3.7,3.6,4.5,2.2,4.9,5.0,3,3,↑,2035+,6.1,中国飞行测试工程师：薪资回报高，人才需求旺盛，AI替代抗性强,"China Flight Test Engineer: high compensation, strong talent demand, strong AI resistance",AI综合评估 + O*NET/ILO/OECD锚点校准,2026-04-13,2026-04-13,2000-2026,1128000
ENG-0411-CN-general,工程与制造,ENG,土木与建筑,BIM工程师,BIM Engineer,2142,17-2051.00,东亚,中国,CN,country,general,本科/硕士,22-28,global,6.1,5.8,8.9,7.8,10.0,9.8,9.2,7.5,8.8,7.0,7.0,5.0,3.8,2.5,2.6,6.7,6.4,0.9,5.8,7.7,5.7,4.4,2.8,6.1,5.5,3.2,6.1,6.2,5.3,4.7,7.2,2.5,3.7,2.6,4,5,↑↑,2028-2033,6.1,中国BIM工程师：薪资回报高，人才需求旺盛，加班文化严重,"China BIM Engineer: high compensation, strong talent demand, heavy overtime culture",AI综合评估 + O*NET/ILO/OECD锚点校准,2026-04-13,2026-04-13,2000-2026,787000
FIN-0808-CN-general,金融与商业,FIN,企业管理,董事会秘书,Corporate Secretary,2421,11-3012.00,东亚,中国,CN,country,general,硕士/MBA,30-40,global,8.1,7.8,6.9,7.1,7.4,7.0,5.3,7.7,8.8,7.5,7.4,9.5,4.8,1.5,1.0,8.3,5.7,2.8,7.5,8.1,4.9,9.0,1.5,7.5,8.9,3.8,5.5,8.6,1.2,5.5,5.3,3.0,6.1,3.4,2,2,↑,2035+,6.1,中国董事会秘书：薪资回报高，AI替代抗性强，加班文化严重,"China Corporate Secretary: high compensation, strong AI resistance, heavy overtime culture",AI综合评估 + O*NET/ILO/BIS锚点校准,2026-04-13,2026-04-13,2000-2026,787000
MED-1104-CN-general,医疗与健康,MED,医疗管理,医疗质量管理师,Healthcare Quality Manager,1342,11-9111.00,东亚,中国,CN,country,general,本科/硕士,22-28,global,4.7,5.2,7.3,7.7,8.4,9.4,7.1,4.6,7.1,7.0,6.7,8.7,6.3,2.0,3.9,6.6,6.3,1.6,5.6,5.9,4.5,4.4,3.4,6.6,5.6,5.7,7.0,7.4,1.9,4.4,1.7,5.0,4.4,3.6,3,3,↑,2028-2033,6.1,中国医疗质量管理师：加班文化严重,China Healthcare Quality Manager: heavy overtime culture,AI综合评估 + O*NET/ILO/WHO锚点校准,2026-04-13,2026-04-13,2000-2026,366000
MED-0802-CN-general,医疗与健康,MED,眼科,验光师,Optometrist,2267,29-1041.00,东亚,中国,CN,country,general,博士/医学学位,28-34,global,7.3,7.1,7.9,8.4,8.2,7.9,7.1,6.3,7.3,6.1,8.2,8.9,4.5,2.5,4.4,4.2,4.8,1.3,6.8,7.3,2.1,6.6,4.5,7.1,8.9,4.9,6.0,7.3,3.7,7.1,2.4,4.4,5.5,3.8,3,3,↑,2032-2038,6.1,中国验光师：加班文化严重，就业稳定,"China Optometrist: heavy overtime culture, stable employment",AI综合评估 + O*NET/ILO/WHO锚点校准,2026-04-13,2026-04-13,2000-2026,401000
MED-0506-CN-general,医疗与健康,MED,公共卫生,环境卫生工程师,Environmental Health Engineer,2143,17-2081.00,东亚,中国,CN,country,general,本科/硕士,22-28,global,7.4,7.5,7.2,7.8,8.7,8.5,6.4,4.6,6.2,6.3,8.7,9.2,5.3,2.3,3.6,7.0,6.1,1.5,6.9,7.3,4.9,5.6,3.6,8.0,4.9,6.1,7.7,7.0,3.6,6.1,1.8,3.9,5.7,4.0,3,3,↑,2032-2038,6.1,中国环境卫生工程师：加班文化严重，就业稳定,"China Environmental Health Engineer: heavy overtime culture, stable employment",AI综合评估 + O*NET/ILO/WHO锚点校准,2026-04-13,2026-04-13,2000-2026,244000
MED-1111-CN-general,医疗与健康,MED,医疗管理,临床试验管理员,Clinical Trial Manager,2269,11-9121.01,东亚,中国,CN,country,general,本科/硕士,26-32,global,6.8,7.1,6.3,8.0,8.5,10.0,7.6,6.9,7.2,7.0,6.8,8.6,6.0,1.2,4.0,7.2,7.3,1.8,5.6,7.3,4.7,4.4,2.6,6.5,5.8,5.9,6.6,7.0,1.9,4.1,1.5,5.0,4.0,3.9,3,4,↑↑,2028-2033,6.1,中国临床试验管理员：人才需求旺盛，加班文化严重，近年增长迅猛,"China Clinical Trial Manager: strong talent demand, heavy overtime culture, rapid recent growth",AI综合评估 + O*NET/ILO/WHO锚点校准,2026-04-13,2026-04-13,2000-2026,383000
EDU-0403-CN-general,教育与学术,EDU,在线教育,MOOC讲师,MOOC Instructor,2310,25-1099.00,东亚,中国,CN,country,general,硕士/博士,28-40,global,6.6,7.4,7.3,6.9,9.3,8.5,5.3,4.7,4.9,5.3,5.3,10.0,5.0,2.2,2.6,6.2,5.8,1.8,5.6,7.6,10.0,7.1,4.5,8.2,7.1,5.7,7.2,4.8,0.9,4.0,3.4,9.3,6.4,3.5,5,3,↑,2028-2033,6.1,中国MOOC讲师：远程友好度高，加班文化严重,"China MOOC Instructor: highly remote-friendly, heavy overtime culture",AI综合评估 + O*NET/ILO/UNESCO锚点校准,2026-04-13,2026-04-13,2000-2026,136000
EDU-0207-CN-general,教育与学术,EDU,高等教育,学术顾问/导师,Academic Advisor,2424,21-1012.00,东亚,中国,CN,country,general,硕士,25-32,global,5.6,6.1,4.2,8.3,7.7,7.3,6.3,6.3,5.3,4.6,9.3,9.7,4.9,2.2,4.0,4.7,5.1,0.9,7.4,7.1,7.0,5.9,4.7,6.9,4.0,5.6,6.7,8.3,1.2,4.8,1.0,4.7,4.1,3.0,2,2,↑,2032-2038,6.1,中国学术顾问/导师：加班文化严重，就业稳定,"China Academic Advisor: heavy overtime culture, stable employment",AI综合评估 + O*NET/ILO/UNESCO锚点校准,2026-04-13,2026-04-13,2000-2026,163000
FIN-0215-CN-general,金融与商业,FIN,证券投资,资产管理经理,Asset Manager,2411,11-3031.02,东亚,中国,CN,country,general,硕士,26-32,global,7.6,7.4,7.9,6.6,9.5,9.3,6.9,8.7,10.0,7.7,5.2,9.2,3.6,0.0,1.1,7.3,5.7,2.0,5.2,9.2,6.1,7.0,2.2,7.3,7.8,3.8,4.6,7.5,0.6,6.0,7.8,4.5,5.9,3.2,3,2,↑,2028-2033,6.09,中国资产管理经理：薪资回报高，加班文化严重,"China Asset Manager: high compensation, heavy overtime culture",AI综合评估 + O*NET/ILO/BIS锚点校准,2026-04-13,2026-04-13,2000-2026,1350000
ENG-0702-CN-general,工程与制造,ENG,半导体,半导体制造工程师,Semiconductor Fabrication Engineer,2152,17-2072.00,东亚,中国,CN,country,general,硕士,23-28,global,7.4,7.2,9.0,7.1,9.4,8.4,8.6,9.4,9.9,8.0,6.9,5.8,3.9,0.9,2.0,6.5,6.4,0.6,6.5,8.0,1.6,5.2,2.7,7.0,4.4,3.3,4.8,4.6,3.4,2.0,6.1,2.5,6.4,5.5,4,4,↑↑,2032-2038,6.09,中国半导体制造工程师：薪资回报高，人才需求旺盛，加班文化严重,"China Semiconductor Fabrication Engineer: high compensation, strong talent demand, heavy overtime culture",AI综合评估 + O*NET/ILO/OECD锚点校准,2026-04-13,2026-04-13,2000-2026,1291000
EDU-0202-CN-general,教育与学术,EDU,高等教育,大学讲师,University Lecturer,2310,25-1099.00,东亚,中国,CN,country,general,硕士/博士,27-35,global,7.8,7.3,4.5,8.1,7.5,7.6,5.8,5.6,7.5,5.4,8.0,9.7,4.5,1.7,3.0,7.3,5.1,1.4,7.0,8.7,6.8,6.4,3.6,7.9,5.0,5.3,8.2,7.5,1.8,7.2,2.0,6.5,5.5,3.4,2,0,→,2032-2038,6.09,中国大学讲师：加班文化严重，就业稳定,"China University Lecturer: heavy overtime culture, stable employment",AI综合评估 + O*NET/ILO/UNESCO锚点校准,2026-04-13,2026-04-13,2000-2026,438000
MED-0403-CN-general,医疗与健康,MED,康复与治疗,言语治疗师,Speech-Language Pathologist,2266,29-1127.00,东亚,中国,CN,country,general,本科/硕士,22-26,global,6.1,6.0,7.8,7.8,8.5,8.4,7.7,8.1,4.6,6.5,6.8,8.9,3.3,2.8,2.9,5.7,5.1,1.4,7.8,6.7,4.4,6.1,2.7,7.9,6.2,4.0,5.7,8.3,5.3,6.9,2.1,5.3,4.7,2.9,3,4,↑↑,2035+,6.09,中国言语治疗师：人才需求旺盛，AI替代抗性强，加班文化严重,"China Speech-Language Pathologist: strong talent demand, strong AI resistance, heavy overtime culture",AI综合评估 + O*NET/ILO/WHO锚点校准,2026-04-13,2026-04-13,2000-2026,119000
EDU-0806-CN-general,教育与学术,EDU,特殊教育与辅助,留学顾问,Study Abroad Counselor / Education Agent,2424,21-1012.00,东亚,中国,CN,country,general,本科+留学经历,23-30,global,4.3,4.3,6.0,7.5,8.2,7.7,5.4,4.2,5.5,5.9,7.1,10.0,4.4,2.0,3.3,5.6,6.5,2.6,6.4,6.2,6.9,5.6,3.0,5.9,8.6,6.7,6.1,8.8,1.5,2.7,5.0,7.0,6.8,2.2,3,1,→,2032-2038,6.09,中国留学顾问：加班文化严重,China Study Abroad Counselor / Education Agent: heavy overtime culture,AI综合评估 + O*NET/ILO/UNESCO锚点校准,2026-04-13,2026-04-13,2000-2026,178000
FIN-0107-CN-general,金融与商业,FIN,银行,贸易融资专员,Trade Finance Specialist,2413,13-2072.00,东亚,中国,CN,country,general,本科,22-28,global,4.8,5.8,7.2,7.3,7.6,9.2,6.9,7.1,7.9,8.0,7.5,9.2,5.3,1.5,2.3,6.2,6.3,1.0,4.8,7.7,4.6,5.8,3.2,5.3,4.7,5.1,5.0,7.1,1.0,4.1,4.8,3.1,6.5,4.3,2,1,→,2028-2033,6.09,中国贸易融资专员：加班文化严重，就业稳定,"China Trade Finance Specialist: heavy overtime culture, stable employment",AI综合评估 + O*NET/ILO/BIS锚点校准,2026-04-13,2026-04-13,2000-2026,525000
ENG-1006-CN-general,工程与制造,ENG,质量控制,可靠性工程师,Reliability Engineer,2141,17-2112.01,东亚,中国,CN,country,general,本科,22-28,global,5.9,5.5,7.3,7.7,8.0,8.6,6.9,6.9,6.8,6.8,7.3,7.0,4.6,2.4,3.5,7.4,6.2,0.6,6.4,6.7,4.0,4.4,4.2,6.6,4.1,4.4,7.1,5.9,2.7,3.5,4.2,2.5,5.4,2.3,2,2,↑,2032-2038,6.08,中国可靠性工程师：加班文化严重,China Reliability Engineer: heavy overtime culture,AI综合评估 + O*NET/ILO/OECD锚点校准,2026-04-13,2026-04-13,2000-2026,320000
FIN-0102-CN-general,金融与商业,FIN,银行,客户经理(银行),Bank Relationship Manager,2412,13-2072.00,东亚,中国,CN,country,general,本科,22-28,global,4.8,5.6,6.6,8.2,8.4,9.6,5.9,6.8,8.2,7.2,6.9,9.0,5.5,1.3,3.4,6.0,6.3,0.8,4.8,7.5,4.3,4.7,4.0,6.3,5.3,5.2,6.2,8.2,1.0,4.4,4.6,3.3,4.9,4.7,2,1,→,2028-2033,6.08,中国客户经理(银行)：薪资回报高，加班文化严重,"China Bank Relationship Manager: high compensation, heavy overtime culture",AI综合评估 + O*NET/ILO/BIS锚点校准,2026-04-13,2026-04-13,2000-2026,601000
EDU-0602-CN-general,教育与学术,EDU,教育管理,教务主任,Academic Dean,1345,11-9033.00,东亚,中国,CN,country,general,硕士/博士,35-45,global,7.2,7.5,5.5,8.2,5.9,7.0,4.6,5.8,7.3,6.8,10.0,9.7,4.2,2.2,1.2,5.9,5.9,1.2,7.5,8.9,6.0,6.9,3.1,8.2,4.3,5.8,6.7,8.5,1.2,6.3,0.7,4.3,3.6,3.1,2,1,→,2035+,6.08,中国教务主任：AI替代抗性强，加班文化严重，就业稳定,"China Academic Dean: strong AI resistance, heavy overtime culture, stable employment",AI综合评估 + O*NET/ILO/UNESCO锚点校准,2026-04-13,2026-04-13,2000-2026,401000
MED-0304-CN-general,医疗与健康,MED,药学,药品注册专员,Drug Regulatory Affairs Specialist,2262,11-9121.01,东亚,中国,CN,country,general,本科/硕士,22-26,global,6.2,7.2,6.9,8.3,8.0,9.9,8.0,4.7,8.3,7.1,8.5,8.9,5.1,1.5,3.4,5.6,6.1,1.7,5.2,7.1,4.8,5.6,4.1,6.4,7.2,6.2,6.8,6.2,2.1,7.6,1.8,3.7,4.4,3.7,2,3,↑,2028-2033,6.08,中国药品注册专员：薪资回报高，人才需求旺盛，加班文化严重,"China Drug Regulatory Affairs Specialist: high compensation, strong talent demand, heavy overtime culture",AI综合评估 + O*NET/ILO/WHO锚点校准,2026-04-13,2026-04-13,2000-2026,628000
AGR-0903-CN-general,农业、资源与环境,AGR,农业科技,农业生物技术研究员,Agricultural Biotechnology Researcher,2131,19-1013.00,东亚,中国,CN,country,general,硕士/博士,26-35,global,8.3,8.7,8.0,7.7,7.9,6.2,7.5,9.1,7.8,7.0,6.3,7.0,5.4,1.9,3.6,6.3,6.4,1.7,7.3,7.8,2.8,5.7,3.1,8.3,6.1,5.4,4.9,6.0,2.3,3.3,5.0,3.2,6.9,3.6,3,4,↑↑,2032-2038,6.08,中国农业生物技术研究员：人才需求旺盛，加班文化严重，近年增长迅猛,"China Agricultural Biotechnology Researcher: strong talent demand, heavy overtime culture, rapid recent growth",AI综合评估 + O*NET/ILO/OECD锚点校准,2026-04-13,2026-04-13,2000-2026,502000
EDU-0704-CN-general,教育与学术,EDU,早期教育,早教中心教师,Early Childhood Center Teacher,2342,25-2011.00,东亚,中国,CN,country,general,大专/本科(学前教育),20-26,global,4.1,4.6,5.2,7.5,7.7,8.6,6.8,6.5,4.5,5.1,8.7,8.7,3.3,3.2,2.8,4.9,4.5,0.8,9.4,5.8,3.6,4.4,3.2,7.6,5.9,9.2,5.9,8.8,6.4,4.9,1.6,4.4,3.6,2.2,3,2,↑,2035+,6.08,中国早教中心教师：薪资水平偏低，AI替代抗性强，加班文化严重,"China Early Childhood Center Teacher: relatively low pay, strong AI resistance, heavy overtime culture",AI综合评估 + O*NET/ILO/UNESCO锚点校准,2026-04-13,2026-04-13,2000-2026,114000
ENG-0210-CN-general,工程与制造,ENG,电气工程,变电站工程师,Substation Engineer,2151,17-2071.00,东亚,中国,CN,country,general,本科/硕士,22-28,global,6.0,5.8,6.9,7.9,8.4,7.5,6.9,7.4,9.3,7.8,8.5,5.3,3.9,2.2,2.6,7.2,6.2,1.2,6.0,7.8,2.2,5.7,3.7,7.6,4.9,4.0,6.2,5.3,4.4,4.4,5.0,3.5,5.4,3.6,2,2,↑,2032-2038,6.07,中国变电站工程师：薪资回报高，加班文化严重，就业稳定,"China Substation Engineer: high compensation, heavy overtime culture, stable employment",AI综合评估 + O*NET/ILO/OECD锚点校准,2026-04-13,2026-04-13,2000-2026,985000
MED-0410-CN-general,医疗与健康,MED,康复与治疗,听力师,Audiologist,2266,29-1181.00,东亚,中国,CN,country,general,本科/硕士,22-26,global,5.8,5.8,7.8,7.6,8.3,8.4,8.0,6.7,5.3,5.8,7.0,8.4,4.4,2.7,2.6,5.4,5.3,1.4,6.4,6.5,3.3,6.0,3.6,7.6,7.4,6.4,6.3,8.3,5.1,6.6,2.1,5.3,5.7,2.5,3,3,↑,2032-2038,6.07,中国听力师：人才需求旺盛，加班文化严重,"China Audiologist: strong talent demand, heavy overtime culture",AI综合评估 + O*NET/ILO/WHO锚点校准,2026-04-13,2026-04-13,2000-2026,163000
ART-1407-CN-general,文化、艺术与传媒,ART,文化产业管理,剧院经理,Theatre Manager,1349,11-9199.00,东亚,中国,CN,country,general,本科/硕士,25-35,global,5.5,5.6,6.3,7.2,7.1,7.1,6.3,7.1,7.4,6.8,5.0,8.2,6.5,2.1,3.8,7.0,6.1,1.9,5.5,6.6,6.2,5.7,3.0,6.8,7.6,5.6,6.0,7.5,1.7,1.7,5.4,6.0,5.7,3.8,4,2,↑,2028-2033,6.07,中国剧院经理：加班文化严重,China Theatre Manager: heavy overtime culture,AI综合评估 + O*NET/ILO/OECD锚点校准,2026-04-13,2026-04-13,2000-2026,419000
FIN-0803-CN-general,金融与商业,FIN,企业管理,首席财务官(CFO),Chief Financial Officer (CFO),1211,11-3031.01,东亚,中国,CN,country,general,硕士/MBA/CPA,32-45,global,8.1,7.6,6.9,7.6,7.4,6.1,5.9,6.8,10.0,7.9,5.2,9.2,4.2,0.0,1.1,7.3,5.7,3.2,7.5,10.0,5.0,8.8,1.6,7.6,8.8,4.1,5.5,8.8,1.8,3.9,5.3,2.8,6.2,2.5,2,2,↑,2035+,6.07,中国首席财务官(CFO)：薪资回报高，AI替代抗性强，加班文化严重,"China Chief Financial Officer (CFO): high compensation, strong AI resistance, heavy overtime culture",AI综合评估 + O*NET/ILO/BIS锚点校准,2026-04-13,2026-04-13,2000-2026,1350000
AGR-0608-CN-general,农业、资源与环境,AGR,新能源,生物质能工程师,Biomass Energy Engineer,2151,17-2199.11,东亚,中国,CN,country,general,本科/硕士,24-32,global,6.5,6.1,9.0,7.9,9.2,7.5,9.6,8.2,7.1,7.2,5.9,6.3,5.7,1.4,3.8,5.7,6.1,1.3,6.1,7.3,2.7,5.7,2.9,7.9,7.0,4.1,4.9,5.6,4.4,4.5,6.2,3.3,6.5,4.8,4,4,↑↑,2032-2038,6.07,中国生物质能工程师：人才需求旺盛，加班文化严重，近年增长迅猛,"China Biomass Energy Engineer: strong talent demand, heavy overtime culture, rapid recent growth",AI综合评估 + O*NET/ILO/OECD锚点校准,2026-04-13,2026-04-13,2000-2026,366000
TECH-0510-CN-general,信息技术与数字化,TECH,新兴数字职业,Web3开发工程师,Web3 Developer,2514,15-1252.00,东亚,中国,CN,country,general,本科/自学,22-30,global,6.3,5.0,7.4,4.2,9.2,5.5,8.1,7.0,9.6,6.9,2.1,9.7,6.4,1.0,2.3,6.6,6.3,3.9,5.5,6.4,7.6,6.5,3.9,6.6,9.6,4.0,6.0,5.4,0.8,0.4,8.6,7.2,6.8,1.9,2,0,→,2028-2033,6.07,中国Web3开发工程师：薪资回报高，人才需求旺盛，加班文化严重,"China Web3 Developer: high compensation, strong talent demand, heavy overtime culture",AI综合评估 + O*NET/ILO/OECD锚点校准,2026-04-13,2026-04-13,2000-2026,1128000
MED-0405-CN-general,医疗与健康,MED,康复与治疗,呼吸治疗师,Respiratory Therapist,2269,29-1126.00,东亚,中国,CN,country,general,本科/硕士,22-26,global,5.9,6.6,7.6,7.6,8.1,8.8,7.5,6.8,6.1,5.8,7.3,7.2,3.5,2.8,3.9,5.4,5.5,1.2,6.8,6.7,2.8,5.7,3.9,8.2,6.2,7.0,5.7,8.1,5.3,6.7,2.3,5.3,5.3,2.5,3,4,↑↑,2032-2038,6.07,中国呼吸治疗师：人才需求旺盛，加班文化严重，近年增长迅猛,"China Respiratory Therapist: strong talent demand, heavy overtime culture, rapid recent growth",AI综合评估 + O*NET/ILO/WHO锚点校准,2026-04-13,2026-04-13,2000-2026,233000
ART-1007-CN-general,文化、艺术与传媒,ART,新媒体内容,游戏直播主播,Game Streamer,2656,27-2011.00,东亚,中国,CN,country,general,无要求,16-30,global,2.8,3.0,9.0,5.0,9.4,9.8,7.5,5.6,7.5,6.3,1.8,8.2,5.7,0.6,3.8,6.0,5.7,4.4,6.4,4.4,7.3,8.1,1.2,7.7,9.0,4.6,4.7,7.4,2.8,0.7,5.0,8.0,4.4,2.9,5,4,↑↑,2032-2038,6.07,中国游戏直播主播：人才需求旺盛，加班文化严重，就业波动大,"China Game Streamer: strong talent demand, heavy overtime culture, volatile employment",AI综合评估 + O*NET/ILO/OECD锚点校准,2026-04-13,2026-04-13,2000-2026,438000
EDU-0803-CN-general,教育与学术,EDU,特殊教育与辅助,手语教师/翻译,Sign Language Teacher/Interpreter,2352,27-3091.00,东亚,中国,CN,country,general,大专/本科(手语),22-30,global,6.1,5.4,5.1,7.6,6.4,4.8,6.5,8.1,4.0,5.4,7.6,9.0,4.9,3.0,3.1,4.1,4.4,0.4,8.0,7.2,6.6,5.1,3.7,9.0,4.7,6.4,7.3,8.1,3.0,5.4,0.2,7.0,3.1,2.0,2,1,→,2035+,6.07,中国手语教师/翻译：薪资水平偏低，AI替代抗性强，加班文化严重,"China Sign Language Teacher/Interpreter: relatively low pay, strong AI resistance, heavy overtime culture",AI综合评估 + O*NET/ILO/UNESCO锚点校准,2026-04-13,2026-04-13,2000-2026,91000
FIN-0813-CN-general,金融与商业,FIN,企业管理,投资者关系总监,Investor Relations Director,2422,11-2031.00,东亚,中国,CN,country,general,硕士/MBA,30-40,global,8.1,7.8,7.3,7.4,7.4,4.3,4.7,6.5,10.0,7.5,4.4,9.5,4.8,0.0,1.1,7.9,5.5,2.7,7.5,10.0,6.3,9.3,1.8,7.5,8.8,4.1,5.3,8.3,1.2,1.9,5.2,3.2,5.9,3.4,2,2,↑,2035+,6.07,中国投资者关系总监：薪资回报高，AI替代抗性强，加班文化严重,"China Investor Relations Director: high compensation, strong AI resistance, heavy overtime culture",AI综合评估 + O*NET/ILO/BIS锚点校准,2026-04-13,2026-04-13,2000-2026,1350000
TECH-0506-CN-general,信息技术与数字化,TECH,新兴数字职业,AI提示工程师,AI Prompt Engineer,2511,15-1299.09,东亚,中国,CN,country,general,本科/自学,20-35,global,3.6,3.3,6.4,3.5,9.2,6.1,6.9,6.4,8.4,8.2,2.3,9.5,5.5,3.1,3.8,6.8,6.9,3.0,3.0,6.1,7.3,6.2,4.0,5.6,8.3,5.6,6.6,5.9,1.0,0.0,6.5,7.4,5.4,2.5,2,5,↑↑,2026-2030,6.06,中国AI提示工程师：薪资回报高，AI替代风险较高，加班文化严重,"China AI Prompt Engineer: high compensation, high AI displacement risk, heavy overtime culture",AI综合评估 + O*NET/ILO/OECD锚点校准,2026-04-13,2026-04-13,2000-2026,657000
FIN-0303-CN-general,金融与商业,FIN,保险,保险理赔员,Claims Adjuster,3315,13-1031.02,东亚,中国,CN,country,general,本科,22-28,global,5.9,5.5,6.6,7.8,7.3,10.0,6.8,6.8,8.3,8.2,7.8,9.2,6.0,3.5,3.8,5.7,4.8,1.6,4.4,6.3,3.3,5.7,3.8,6.5,6.9,5.3,5.9,6.7,3.1,5.2,3.9,3.5,5.1,4.5,2,2,↑,2028-2033,6.06,中国保险理赔员：薪资回报高，加班文化严重，就业稳定,"China Claims Adjuster: high compensation, heavy overtime culture, stable employment",AI综合评估 + O*NET/ILO/BIS锚点校准,2026-04-13,2026-04-13,2000-2026,628000
MED-0115-CN-general,医疗与健康,MED,临床医学,皮肤科医生,Dermatologist,2212,29-1213.00,东亚,中国,CN,country,general,博士/医学学位,28-35,global,9.2,8.8,7.8,8.1,9.1,9.4,7.6,6.3,9.1,5.8,8.2,6.9,3.7,2.3,3.7,6.0,4.3,1.9,5.8,9.0,1.4,6.4,4.7,8.5,8.6,3.7,6.4,7.8,2.7,9.1,0.8,6.0,4.9,3.3,3,3,↑,2028-2033,6.06,中国皮肤科医生：薪资回报高，人才需求旺盛，加班文化严重,"China Dermatologist: high compensation, strong talent demand, heavy overtime culture",AI综合评估 + O*NET/ILO/WHO锚点校准,2026-04-13,2026-04-13,2000-2026,901000
ART-0613-CN-general,文化、艺术与传媒,ART,设计创意,动态图形设计师,Motion Graphics Designer,2166,27-1014.00,东亚,中国,CN,country,general,本科,20-28,global,5.6,4.8,6.8,7.6,6.8,7.0,7.0,6.9,7.4,6.5,4.1,8.2,5.8,1.2,3.8,7.6,6.4,1.3,4.6,5.8,6.9,6.2,3.2,7.7,7.6,5.1,6.3,5.6,2.6,1.0,5.6,6.6,5.2,3.6,3,2,↑,2028-2033,6.06,中国动态图形设计师：加班文化严重,China Motion Graphics Designer: heavy overtime culture,AI综合评估 + O*NET/ILO/OECD锚点校准,2026-04-13,2026-04-13,2000-2026,419000
ART-0804-CN-general,文化、艺术与传媒,ART,广告公关,危机公关专家,Crisis Communications Specialist,2432,27-3031.00,东亚,中国,CN,country,general,本科,22-28,global,4.8,5.0,6.2,7.9,6.8,5.9,6.3,6.8,7.7,6.6,4.8,8.2,6.5,0.9,4.6,7.0,6.6,1.4,6.7,7.1,6.4,5.2,2.4,6.0,6.2,6.0,6.1,6.8,1.8,1.3,5.7,5.2,4.5,3.9,3,1,→,2032-2038,6.06,中国危机公关专家：加班文化严重,China Crisis Communications Specialist: heavy overtime culture,AI综合评估 + O*NET/ILO/OECD锚点校准,2026-04-13,2026-04-13,2000-2026,480000
ENG-0202-CN-general,工程与制造,ENG,电气工程,电子工程师,Electronics Engineer,2152,17-2072.00,东亚,中国,CN,country,general,本科/硕士,22-28,global,5.8,6.4,7.2,7.2,8.6,8.2,7.0,7.4,8.8,7.1,7.0,6.8,3.9,2.4,3.0,6.6,6.1,1.2,6.1,7.3,4.6,5.9,3.0,7.4,5.3,3.8,5.8,4.9,3.3,3.6,4.6,3.8,5.1,3.8,2,2,↑,2032-2038,6.06,中国电子工程师：薪资回报高，加班文化严重,"China Electronics Engineer: high compensation, heavy overtime culture",AI综合评估 + O*NET/ILO/OECD锚点校准,2026-04-13,2026-04-13,2000-2026,787000
ENG-0212-CN-general,工程与制造,ENG,电气工程,射频工程师(RF),RF Engineer,2153,17-2061.00,东亚,中国,CN,country,general,本科/硕士,22-28,global,7.6,7.6,7.3,7.0,7.6,6.3,7.7,8.9,9.4,8.0,7.0,6.3,4.3,2.2,3.5,6.4,6.1,1.4,6.9,8.2,4.0,5.2,2.8,7.2,5.1,4.6,6.1,5.2,3.1,3.4,5.2,3.2,4.7,3.2,2,2,↑,2032-2038,6.06,中国射频工程师(RF)：薪资回报高，人才需求旺盛，加班文化严重,"China RF Engineer: high compensation, strong talent demand, heavy overtime culture",AI综合评估 + O*NET/ILO/OECD锚点校准,2026-04-13,2026-04-13,2000-2026,1031000
MED-0507-CN-general,医疗与健康,MED,公共卫生,疾控中心研究员,CDC Researcher,2212,19-1042.00,东亚,中国,CN,country,general,硕士/博士,26-32,global,8.6,8.5,6.7,8.2,7.5,8.1,7.0,5.4,5.3,6.4,8.3,9.2,5.3,2.2,3.6,7.1,6.7,1.5,6.8,7.1,6.2,5.4,4.2,8.1,5.1,6.5,6.9,7.1,2.2,6.4,1.7,4.2,5.8,4.0,3,4,↑↑,2032-2038,6.06,中国疾控中心研究员：加班文化严重，就业稳定，近年增长迅猛,"China CDC Researcher: heavy overtime culture, stable employment, rapid recent growth",AI综合评估 + O*NET/ILO/WHO锚点校准,2026-04-13,2026-04-13,2000-2026,163000
EDU-0601-CN-general,教育与学术,EDU,教育管理,校长(中小学),School Principal,1345,11-9032.00,东亚,中国,CN,country,general,硕士+教学经验,35-45,global,6.8,7.6,5.4,8.7,6.4,7.5,4.7,6.2,8.4,5.9,10.0,9.2,4.7,0.4,1.8,6.9,5.3,1.8,8.9,8.9,4.9,7.4,1.9,8.2,5.2,4.5,6.2,8.9,2.7,7.6,0.4,2.8,3.3,2.8,2,1,→,2035+,6.05,中国校长(中小学)：薪资回报高，AI替代抗性强，加班文化严重,"China School Principal: high compensation, strong AI resistance, heavy overtime culture",AI综合评估 + O*NET/ILO/UNESCO锚点校准,2026-04-13,2026-04-13,2000-2026,657000
FIN-0701-CN-general,金融与商业,FIN,伊斯兰金融,伊斯兰教法合规分析师,Sharia Compliance Analyst,2413,13-2054.00,东亚,中国,CN,country,general,本科/硕士,24-30,regional,6.3,6.3,8.0,7.5,7.0,5.0,6.8,6.6,8.4,7.0,7.2,9.0,5.8,3.4,3.1,5.3,4.8,1.3,7.5,7.4,4.9,5.0,3.8,8.0,5.7,3.8,6.0,7.3,1.2,7.1,4.2,3.4,3.8,4.2,3,4,↑↑,2035+,6.05,中国伊斯兰教法合规分析师：薪资回报高，AI替代抗性强，加班文化严重,"China Sharia Compliance Analyst: high compensation, strong AI resistance, heavy overtime culture",AI综合评估 + O*NET/ILO/BIS锚点校准,2026-04-13,2026-04-13,2000-2026,657000
TECH-0503-CN-general,信息技术与数字化,TECH,新兴数字职业,机器人流程自动化工程师,RPA Developer,2514,15-1252.00,东亚,中国,CN,country,general,本科/大专,22-30,global,4.8,4.2,7.0,5.0,7.7,6.9,7.6,6.2,7.9,7.9,4.4,9.5,6.3,1.6,4.1,6.3,6.2,1.7,4.1,6.6,5.3,5.2,4.0,5.5,6.7,5.4,6.8,5.5,0.5,0.5,5.6,6.2,5.7,3.7,3,2,↑,2026-2030,6.05,中国机器人流程自动化工程师：人才需求旺盛，加班文化严重,"China RPA Developer: strong talent demand, heavy overtime culture",AI综合评估 + O*NET/ILO/OECD锚点校准,2026-04-13,2026-04-13,2000-2026,525000
ART-0607-CN-general,文化、艺术与传媒,ART,设计创意,品牌设计师,Brand Identity Designer,2166,27-1024.00,东亚,中国,CN,country,general,本科,20-28,global,5.0,5.4,6.1,7.3,7.2,7.4,6.5,6.6,8.0,5.8,5.3,7.7,6.2,1.7,3.3,7.4,6.6,1.4,5.0,6.6,6.7,6.5,3.0,7.5,6.8,4.7,6.2,5.5,2.7,1.2,5.5,6.8,4.5,3.4,3,1,→,2028-2033,6.04,中国品牌设计师：薪资回报高，加班文化严重,"China Brand Identity Designer: high compensation, heavy overtime culture",AI综合评估 + O*NET/ILO/OECD锚点校准,2026-04-13,2026-04-13,2000-2026,549000
MED-0303-CN-general,医疗与健康,MED,药学,药品研发科学家,Pharmaceutical R&D Scientist,2131,19-2031.00,东亚,中国,CN,country,general,硕士/博士,26-32,global,8.7,8.8,6.8,8.4,8.0,9.7,7.4,7.3,8.3,7.1,7.7,8.4,4.9,1.8,3.4,6.0,5.7,1.7,6.2,8.5,5.0,5.0,3.1,7.5,7.2,5.5,6.4,6.2,1.7,7.8,1.9,3.7,4.6,4.7,2,4,↑↑,2032-2038,6.04,中国药品研发科学家：薪资回报高，加班文化严重，就业稳定,"China Pharmaceutical R&D Scientist: high compensation, heavy overtime culture, stable employment",AI综合评估 + O*NET/ILO/WHO锚点校准,2026-04-13,2026-04-13,2000-2026,628000
TECH-0112-CN-general,信息技术与数字化,TECH,软件开发,数据库管理员,Database Administrator,2521,15-1242.00,东亚,中国,CN,country,general,本科,22-30,global,5.3,5.1,6.2,7.2,7.5,8.4,6.2,6.0,9.0,7.4,5.6,9.3,5.2,2.1,3.2,6.6,6.5,1.2,4.6,6.4,5.7,4.2,4.1,5.8,5.6,4.7,6.1,4.2,1.0,1.3,4.5,5.6,5.5,2.5,1,0,→,2028-2033,6.04,中国数据库管理员：薪资回报高，加班文化严重,"China Database Administrator: high compensation, heavy overtime culture",AI综合评估 + O*NET/ILO/OECD锚点校准,2026-04-13,2026-04-13,2000-2026,861000
LAW-0404-CN-general,法律与社会服务,LAW,公证与仲裁,调解员,Mediator,2619,23-1022.00,东亚,中国,CN,country,general,法学/心理学学位,30-45,global,6.6,6.4,6.9,7.7,6.2,5.9,5.9,5.0,6.1,5.5,5.0,8.7,5.4,4.2,4.2,7.2,6.4,2.3,7.9,8.2,5.0,6.6,3.2,6.9,7.0,6.8,7.4,9.1,0.2,6.7,3.1,5.0,5.5,3.8,2,2,↑,2035+,6.04,中国调解员：AI替代抗性强,China Mediator: strong AI resistance,AI综合评估 + O*NET/ILO/OECD锚点校准,2026-04-13,2026-04-13,2000-2026,233000
SKL-0202-CN-general,技术工种与手工业,SKL,管道暖通,暖通空调技师,HVAC Technician,7127,49-9021.00,东亚,中国,CN,country,general,职校/学徒,18-25,global,4.0,3.0,7.0,7.7,6.9,8.6,8.3,8.0,7.4,6.6,6.6,4.7,4.4,2.1,3.3,6.2,5.6,1.4,8.4,4.8,0.0,6.0,2.2,6.8,7.7,2.6,6.3,6.1,7.3,5.8,4.7,7.3,5.9,2.3,3,4,↑↑,2035+,6.04,中国暖通空调技师：人才需求旺盛，AI替代抗性强，加班文化严重,"China HVAC Technician: strong talent demand, strong AI resistance, heavy overtime culture",AI综合评估 + O*NET/ILO/OECD锚点校准,2026-04-13,2026-04-13,2000-2026,419000
AGR-0901-CN-general,农业、资源与环境,AGR,农业科技,农业物联网工程师,Agricultural IoT Engineer,2514,15-1252.00,东亚,中国,CN,country,general,本科/硕士,24-32,global,7.1,6.9,8.9,7.3,7.9,6.7,8.2,9.3,8.5,6.8,5.6,7.0,5.5,2.7,3.1,6.7,5.8,1.6,4.7,7.1,4.6,5.6,3.2,7.0,5.5,4.7,5.5,5.5,2.1,3.4,5.1,4.2,5.6,3.8,3,5,↑↑,2028-2033,6.04,中国农业物联网工程师：薪资回报高，人才需求旺盛，加班文化严重,"China Agricultural IoT Engineer: high compensation, strong talent demand, heavy overtime culture",AI综合评估 + O*NET/ILO/OECD锚点校准,2026-04-13,2026-04-13,2000-2026,687000
ART-1002-CN-general,文化、艺术与传媒,ART,新媒体内容,短视频创作者,Short-form Video Creator,2642,27-3043.00,东亚,中国,CN,country,general,无要求,16-30,global,2.8,3.6,8.8,5.3,9.3,9.8,7.7,6.1,6.2,6.1,1.8,7.7,6.7,0.0,4.6,6.2,6.1,4.2,5.7,5.0,7.6,7.9,1.9,7.2,9.8,5.6,4.3,7.5,2.5,1.0,5.2,7.8,3.8,2.5,5,5,↑↑,2028-2033,6.04,中国短视频创作者：人才需求旺盛，加班文化严重，就业波动大,"China Short-form Video Creator: strong talent demand, heavy overtime culture, volatile employment",AI综合评估 + O*NET/ILO/OECD锚点校准,2026-04-13,2026-04-13,2000-2026,244000
ENG-0101-CN-general,工程与制造,ENG,机械工程,机械设计工程师,Mechanical Design Engineer,2144,17-2141.00,东亚,中国,CN,country,general,本科/硕士,22-28,global,5.7,6.4,6.6,7.3,7.9,8.6,6.2,6.7,9.1,7.5,7.2,7.1,4.6,1.2,3.0,7.4,6.8,1.4,6.5,7.1,2.5,5.4,4.0,7.4,4.9,4.0,6.3,5.0,3.7,2.5,5.4,3.2,6.1,2.7,2,2,↑,2032-2038,6.04,中国机械设计工程师：薪资回报高，加班文化严重,"China Mechanical Design Engineer: high compensation, heavy overtime culture",AI综合评估 + O*NET/ILO/OECD锚点校准,2026-04-13,2026-04-13,2000-2026,901000
ENG-0106-CN-general,工程与制造,ENG,机械工程,设备工程师,Equipment Engineer,2144,17-2141.00,东亚,中国,CN,country,general,本科/硕士,22-28,global,5.2,5.9,6.2,7.7,7.9,8.6,6.3,7.5,7.8,6.8,7.1,6.8,4.9,1.2,2.8,7.6,6.6,1.1,6.9,7.8,1.0,5.5,3.7,7.4,4.7,4.9,6.8,5.0,3.6,3.2,5.0,4.0,5.7,2.3,2,2,↑,2032-2038,6.04,中国设备工程师：加班文化严重,China Equipment Engineer: heavy overtime culture,AI综合评估 + O*NET/ILO/OECD锚点校准,2026-04-13,2026-04-13,2000-2026,502000
ENG-0706-CN-general,工程与制造,ENG,半导体,光刻工程师,Lithography Engineer,2152,17-2072.00,东亚,中国,CN,country,general,硕士,23-28,global,8.4,8.4,9.2,6.8,9.4,6.6,9.9,9.3,10.0,7.7,5.7,6.5,3.7,0.9,2.3,6.5,5.5,0.6,7.2,8.9,2.5,4.7,3.0,7.0,3.5,2.9,4.8,4.0,2.1,2.6,5.9,3.3,5.8,5.5,4,4,↑↑,2032-2038,6.03,中国光刻工程师：薪资回报高，人才需求旺盛，加班文化严重,"China Lithography Engineer: high compensation, strong talent demand, heavy overtime culture",AI综合评估 + O*NET/ILO/OECD锚点校准,2026-04-13,2026-04-13,2000-2026,1350000
FIN-0402-CN-general,金融与商业,FIN,会计审计,审计师,Auditor,2411,13-2011.02,东亚,中国,CN,country,general,本科,22-28,global,5.7,6.4,6.1,8.5,8.2,9.8,5.7,6.4,9.4,6.7,8.4,9.3,5.5,0.0,0.3,7.5,6.2,0.9,3.9,7.5,5.9,6.0,0.9,5.3,7.5,6.2,6.7,6.5,0.7,7.3,3.7,5.7,6.0,3.3,2,1,→,2026-2030,6.03,中国审计师：薪资回报高，AI替代风险较高，加班文化严重,"China Auditor: high compensation, high AI displacement risk, heavy overtime culture",AI综合评估 + O*NET/ILO/BIS锚点校准,2026-04-13,2026-04-13,2000-2026,1031000
ENG-0606-CN-general,工程与制造,ENG,汽车,汽车安全工程师,Automotive Safety Engineer,2144,17-2141.02,东亚,中国,CN,country,general,本科/硕士,22-28,global,6.9,6.1,8.6,7.1,9.5,9.4,7.2,6.9,8.0,7.7,6.5,5.5,4.6,2.2,2.3,6.8,6.2,1.4,7.1,7.6,3.0,5.4,3.2,7.6,4.5,4.3,5.9,5.8,2.6,4.0,5.4,2.7,5.5,4.4,3,3,↑,2032-2038,6.03,中国汽车安全工程师：薪资回报高，加班文化严重,"China Automotive Safety Engineer: high compensation, heavy overtime culture",AI综合评估 + O*NET/ILO/OECD锚点校准,2026-04-13,2026-04-13,2000-2026,549000
ART-0502-CN-general,文化、艺术与传媒,ART,博物馆与文化遗产,文物修复师,Art/Artifact Conservator,2621,25-4013.00,东亚,中国,CN,country,general,硕士,24-32,global,6.8,6.9,5.8,9.0,6.0,4.7,5.5,6.4,7.5,4.8,6.8,8.0,7.0,3.2,3.1,6.6,4.8,0.3,9.4,7.4,3.9,5.4,4.0,8.1,3.8,5.5,7.7,6.8,4.6,3.0,3.1,3.7,5.1,5.4,2,0,→,2035+,6.03,中国文物修复师：AI替代抗性强，加班文化严重,"China Art/Artifact Conservator: strong AI resistance, heavy overtime culture",AI综合评估 + O*NET/ILO/OECD锚点校准,2026-04-13,2026-04-13,2000-2026,438000
ENG-0604-CN-general,工程与制造,ENG,汽车,车辆动力系统工程师,Powertrain Engineer,2144,17-2141.02,东亚,中国,CN,country,general,本科/硕士,22-28,global,6.6,6.0,8.7,6.8,10.0,9.4,7.0,7.4,8.3,8.3,6.0,6.8,4.4,1.4,2.8,6.8,6.6,1.1,5.9,7.8,2.7,5.6,2.9,6.8,4.2,3.1,5.7,5.8,3.3,2.4,6.6,3.1,6.1,4.4,3,3,↑,2028-2033,6.03,中国车辆动力系统工程师：薪资回报高，加班文化严重,"China Powertrain Engineer: high compensation, heavy overtime culture",AI综合评估 + O*NET/ILO/OECD锚点校准,2026-04-13,2026-04-13,2000-2026,628000
LAW-0101-CN-general,法律与社会服务,LAW,律师各专业,公司法律师,Corporate Lawyer,2611,23-1011.00,东亚,中国,CN,country,general,法学博士/硕士,25-30,global,8.1,8.4,7.9,8.0,8.0,6.8,6.6,6.4,8.9,7.4,6.2,8.9,5.2,1.4,2.7,7.0,7.1,1.9,6.2,8.9,5.7,5.7,2.0,6.5,7.7,5.9,5.9,7.2,0.8,9.2,4.1,2.8,6.7,3.8,3,2,↑,2032-2038,6.03,中国公司法律师：薪资回报高，加班文化严重,"China Corporate Lawyer: high compensation, heavy overtime culture",AI综合评估 + O*NET/ILO/OECD锚点校准,2026-04-13,2026-04-13,2000-2026,823000
ART-1409-CN-general,文化、艺术与传媒,ART,文化产业管理,演出经纪人,Talent Booking Agent,3339,13-1011.00,东亚,中国,CN,country,general,本科/硕士,25-35,global,5.0,5.8,6.3,7.3,6.8,7.3,5.6,6.9,7.8,6.3,5.6,8.0,5.5,1.9,3.1,7.3,7.1,2.4,5.5,6.4,5.6,6.7,3.4,7.0,7.1,5.0,5.9,8.7,1.8,2.2,4.9,6.2,5.7,4.6,4,2,↑,2028-2033,6.03,中国演出经纪人：加班文化严重,China Talent Booking Agent: heavy overtime culture,AI综合评估 + O*NET/ILO/OECD锚点校准,2026-04-13,2026-04-13,2000-2026,502000
FIN-0607-CN-general,金融与商业,FIN,房地产,商业地产经理,Commercial Real Estate Manager,1346,11-9141.00,东亚,中国,CN,country,general,本科/硕士,28-35,global,3.8,4.1,6.5,7.4,8.1,10.0,5.3,4.7,9.7,7.2,6.6,9.2,6.0,0.8,2.9,5.8,5.6,2.6,6.0,6.3,3.6,6.5,3.5,5.9,9.1,4.6,5.7,8.2,3.3,4.5,9.6,6.7,4.8,1.9,2,0,→,2032-2038,6.03,中国商业地产经理：薪资回报高，加班文化严重,"China Commercial Real Estate Manager: high compensation, heavy overtime culture",AI综合评估 + O*NET/ILO/BIS锚点校准,2026-04-13,2026-04-13,2000-2026,1180000
FIN-0604-CN-general,金融与商业,FIN,房地产,土地规划师,Land Use Planner,2164,19-3051.00,东亚,中国,CN,country,general,本科/硕士,24-30,global,6.3,6.1,6.0,7.3,8.9,10.0,5.5,4.7,8.6,7.4,6.9,9.0,6.2,0.8,2.6,5.6,5.8,2.3,6.4,6.5,5.3,7.2,2.8,7.6,8.5,4.3,6.1,8.3,3.0,4.3,5.8,5.7,3.1,1.7,2,0,→,2032-2038,6.02,中国土地规划师：薪资回报高，加班文化严重,"China Land Use Planner: high compensation, heavy overtime culture",AI综合评估 + O*NET/ILO/BIS锚点校准,2026-04-13,2026-04-13,2000-2026,719000
FIN-0409-CN-general,金融与商业,FIN,会计审计,出纳员,Cashier / Treasury Clerk,4211,43-3031.00,东亚,中国,CN,country,general,高中/大专,18-25,global,1.7,1.8,6.1,9.1,7.6,10.0,3.8,6.6,4.7,7.4,7.7,9.2,5.0,0.5,2.6,6.9,6.0,1.4,1.6,5.2,7.3,6.5,2.3,6.3,6.9,6.1,6.3,6.4,0.8,1.1,3.4,5.3,6.3,3.9,-2,-2,↓,2025-2028,6.02,中国出纳员：供过于求，AI替代风险较高，加班文化严重,"China Cashier / Treasury Clerk: oversupply of talent, high AI displacement risk, heavy overtime culture",AI综合评估 + O*NET/ILO/BIS锚点校准,2026-04-13,2026-04-13,2000-2026,124000
MED-0401-CN-general,医疗与健康,MED,康复与治疗,物理治疗师,Physical Therapist,2264,29-1123.00,东亚,中国,CN,country,general,本科/硕士,22-26,global,5.7,6.2,7.0,7.6,8.7,8.2,7.7,7.6,4.6,6.1,6.6,8.9,3.6,1.8,2.5,5.2,5.3,1.2,7.7,5.9,3.9,6.1,3.1,7.4,7.6,5.6,6.5,7.5,5.8,6.7,1.4,5.5,5.1,2.7,3,4,↑↑,2035+,6.02,中国物理治疗师：人才需求旺盛，AI替代抗性强，加班文化严重,"China Physical Therapist: strong talent demand, strong AI resistance, heavy overtime culture",AI综合评估 + O*NET/ILO/WHO锚点校准,2026-04-13,2026-04-13,2000-2026,119000
ART-0811-CN-general,文化、艺术与传媒,ART,广告公关,内容策略师,Content Strategist,2431,27-3043.00,东亚,中国,CN,country,general,本科,22-28,global,4.9,5.0,7.8,7.9,7.0,8.5,6.1,6.1,6.9,6.7,4.8,7.9,6.0,0.4,3.8,7.1,6.6,1.9,5.0,5.6,8.3,5.8,3.4,6.5,6.2,4.7,6.8,7.4,2.2,1.2,5.9,6.0,5.4,4.5,3,2,↑,2028-2033,6.02,中国内容策略师：加班文化严重,China Content Strategist: heavy overtime culture,AI综合评估 + O*NET/ILO/OECD锚点校准,2026-04-13,2026-04-13,2000-2026,335000
ART-1004-CN-general,文化、艺术与传媒,ART,新媒体内容,博客作者,Blogger / Online Writer,2641,27-3043.00,东亚,中国,CN,country,general,无要求,16-30,global,3.3,2.8,8.9,7.0,10.0,9.9,7.8,5.3,5.8,5.8,2.5,8.2,6.0,0.0,5.1,6.2,5.6,4.1,4.9,5.0,7.8,8.2,1.5,6.8,9.7,5.4,4.0,7.8,2.5,1.5,5.2,7.2,4.4,3.1,5,4,↑↑,2028-2033,6.02,中国博客作者：人才需求旺盛，加班文化严重，就业波动大,"China Blogger / Online Writer: strong talent demand, heavy overtime culture, volatile employment",AI综合评估 + O*NET/ILO/OECD锚点校准,2026-04-13,2026-04-13,2000-2026,204000
ENG-0206-CN-general,工程与制造,ENG,电气工程,电气设计工程师,Electrical Design Engineer,2151,17-2071.00,东亚,中国,CN,country,general,本科/硕士,22-28,global,6.0,6.3,7.2,7.8,8.4,8.6,6.9,7.4,8.7,7.3,6.5,6.5,4.3,1.9,3.2,7.0,5.6,1.0,5.9,6.9,4.7,6.1,3.6,6.4,5.6,3.2,5.7,5.2,2.6,3.2,5.0,4.0,4.5,3.7,2,2,↑,2028-2033,6.02,中国电气设计工程师：薪资回报高，加班文化严重,"China Electrical Design Engineer: high compensation, heavy overtime culture",AI综合评估 + O*NET/ILO/OECD锚点校准,2026-04-13,2026-04-13,2000-2026,752000
ENG-0710-CN-general,工程与制造,ENG,半导体,晶圆代工工程师,Foundry / Wafer Fab Engineer,2152,17-2072.00,东亚,中国,CN,country,general,硕士,23-28,global,7.5,7.6,8.7,6.8,9.8,7.6,8.6,9.8,9.9,7.5,6.7,5.3,4.3,0.2,3.0,6.5,6.0,0.9,6.7,8.2,1.1,4.7,3.0,7.2,3.6,3.8,5.7,4.2,3.6,2.5,5.1,3.3,5.6,5.1,4,4,↑↑,2032-2038,6.02,中国晶圆代工工程师：薪资回报高，人才需求旺盛，加班文化严重,"China Foundry / Wafer Fab Engineer: high compensation, strong talent demand, heavy overtime culture",AI综合评估 + O*NET/ILO/OECD锚点校准,2026-04-13,2026-04-13,2000-2026,1291000
FIN-0212-CN-general,金融与商业,FIN,证券投资,衍生品交易员,Derivatives Trader,3311,13-2051.00,东亚,中国,CN,country,general,本科/硕士,22-28,global,8.3,7.3,8.9,6.9,9.8,9.1,7.7,7.9,10.0,8.4,3.4,9.2,4.8,0.0,1.4,6.5,6.1,2.1,4.9,9.8,5.5,5.7,2.3,6.7,8.0,4.7,4.4,7.4,0.6,5.6,8.2,4.1,5.9,3.6,3,2,↑,2028-2033,6.02,中国衍生品交易员：薪资回报高，人才需求旺盛，加班文化严重,"China Derivatives Trader: high compensation, strong talent demand, heavy overtime culture",AI综合评估 + O*NET/ILO/BIS锚点校准,2026-04-13,2026-04-13,2000-2026,1350000
FIN-0802-CN-general,金融与商业,FIN,企业管理,首席运营官(COO),Chief Operating Officer (COO),1120,11-1011.00,东亚,中国,CN,country,general,硕士/MBA,33-45,global,7.7,7.6,6.9,7.6,6.6,6.8,3.9,7.1,10.0,7.5,5.0,9.7,3.8,0.0,1.3,7.3,6.5,3.2,7.0,9.8,5.7,8.8,1.0,7.7,9.8,4.3,5.5,8.7,1.5,2.1,5.9,2.8,6.1,3.2,2,2,↑,2032-2038,6.02,中国首席运营官(COO)：薪资回报高，供过于求，加班文化严重,"China Chief Operating Officer (COO): high compensation, oversupply of talent, heavy overtime culture",AI综合评估 + O*NET/ILO/BIS锚点校准,2026-04-13,2026-04-13,2000-2026,1350000
ENG-1104-CN-general,工程与制造,ENG,通信工程,卫星通信工程师,Satellite Communications Engineer,2153,17-2061.00,东亚,中国,CN,country,general,本科/硕士,22-28,global,7.9,7.6,7.3,7.3,8.4,5.5,8.3,7.8,8.5,7.5,6.3,7.0,4.7,2.0,3.2,6.7,5.9,0.8,7.1,8.2,3.6,4.9,3.2,6.9,5.1,3.5,6.6,5.0,4.0,3.3,4.9,3.7,5.4,3.5,3,4,↑↑,2032-2038,6.01,中国卫星通信工程师：薪资回报高，人才需求旺盛，加班文化严重,"China Satellite Communications Engineer: high compensation, strong talent demand, heavy overtime culture",AI综合评估 + O*NET/ILO/OECD锚点校准,2026-04-13,2026-04-13,2000-2026,687000
FIN-0103-CN-general,金融与商业,FIN,银行,信贷审批员,Credit Analyst,2413,13-2041.00,东亚,中国,CN,country,general,本科,22-28,global,4.8,6.6,6.6,8.2,7.8,10.0,5.9,7.2,7.7,7.8,7.6,9.2,5.0,1.6,3.3,6.0,5.7,0.9,4.0,7.7,4.3,4.9,3.6,5.7,5.1,5.0,5.7,7.3,0.5,4.2,5.0,3.7,5.4,3.5,2,1,→,2026-2030,6.01,中国信贷审批员：AI替代风险较高，加班文化严重，就业稳定,"China Credit Analyst: high AI displacement risk, heavy overtime culture, stable employment",AI综合评估 + O*NET/ILO/BIS锚点校准,2026-04-13,2026-04-13,2000-2026,480000
MED-0307-CN-general,医疗与健康,MED,药学,药物警戒专员,Pharmacovigilance Specialist,2262,29-1051.00,东亚,中国,CN,country,general,本科/硕士,22-26,global,7.1,6.8,6.4,8.3,8.0,10.0,7.2,5.0,8.0,6.9,8.0,8.6,4.8,1.5,3.6,5.2,6.1,1.6,5.5,7.1,5.6,4.4,4.1,7.0,6.7,5.9,7.0,6.2,1.7,7.6,1.3,4.3,4.9,4.3,2,3,↑,2028-2033,6.01,中国药物警戒专员：薪资回报高，加班文化严重，就业稳定,"China Pharmacovigilance Specialist: high compensation, heavy overtime culture, stable employment",AI综合评估 + O*NET/ILO/WHO锚点校准,2026-04-13,2026-04-13,2000-2026,549000
ENG-0102-CN-general,工程与制造,ENG,机械工程,热能工程师,Thermal Engineer,2144,17-2141.00,东亚,中国,CN,country,general,本科/硕士,22-28,global,6.3,6.9,6.6,7.8,7.1,7.4,5.9,6.7,9.3,7.3,6.2,7.0,3.9,2.7,3.0,7.2,6.4,1.2,6.6,7.9,3.1,5.7,4.1,7.0,4.7,4.6,5.8,5.3,3.8,2.5,5.2,4.1,5.9,3.1,2,2,↑,2032-2038,6.01,中国热能工程师：薪资回报高，加班文化严重,"China Thermal Engineer: high compensation, heavy overtime culture",AI综合评估 + O*NET/ILO/OECD锚点校准,2026-04-13,2026-04-13,2000-2026,985000
SKL-0201-CN-general,技术工种与手工业,SKL,管道暖通,水管工,Plumber,7126,47-2152.00,东亚,中国,CN,country,general,职校/学徒,18-25,global,3.4,3.3,6.4,8.0,6.7,7.8,7.3,8.0,6.9,7.9,7.0,4.7,3.9,2.2,2.8,5.8,5.2,1.5,8.6,4.6,0.7,6.7,2.2,6.8,7.5,2.4,6.3,6.8,6.6,6.4,4.3,7.2,5.7,2.2,3,3,↑,2035+,6.01,中国水管工：AI替代抗性强，加班文化严重,"China Plumber: strong AI resistance, heavy overtime culture",AI综合评估 + O*NET/ILO/OECD锚点校准,2026-04-13,2026-04-13,2000-2026,335000
ENG-0607-CN-general,工程与制造,ENG,汽车,汽车NVH工程师,Automotive NVH Engineer,2144,17-2141.02,东亚,中国,CN,country,general,本科/硕士,22-28,global,6.8,6.6,9.0,6.5,9.7,7.9,7.3,8.0,8.7,7.2,6.2,6.8,4.4,0.9,3.1,6.4,5.8,0.9,7.4,7.0,3.2,5.3,3.7,6.4,4.2,3.1,5.8,5.2,2.7,2.9,6.2,3.3,4.9,4.0,3,3,↑,2032-2038,6.01,中国汽车NVH工程师：薪资回报高，加班文化严重,"China Automotive NVH Engineer: high compensation, heavy overtime culture",AI综合评估 + O*NET/ILO/OECD锚点校准,2026-04-13,2026-04-13,2000-2026,752000
MED-1103-CN-general,医疗与健康,MED,医疗管理,健康保险管理师,Health Insurance Manager,1346,11-9111.00,东亚,中国,CN,country,general,本科/硕士,22-28,global,5.4,5.1,7.5,7.9,8.2,8.8,6.2,5.4,5.7,6.8,7.0,8.4,5.9,1.7,3.4,6.6,7.3,1.3,5.9,6.1,5.5,4.1,2.6,6.6,4.8,5.3,6.1,7.0,2.2,4.1,1.5,5.0,4.2,2.7,3,3,↑,2028-2033,6.01,中国健康保险管理师：加班文化严重,China Health Insurance Manager: heavy overtime culture,AI综合评估 + O*NET/ILO/WHO锚点校准,2026-04-13,2026-04-13,2000-2026,195000
ENG-0508-CN-general,工程与制造,ENG,航空航天,航空材料工程师,Aerospace Materials Engineer,2146,17-2131.00,东亚,中国,CN,country,general,硕士,24-30,global,7.9,7.9,8.4,8.4,7.9,6.0,7.3,8.9,10.0,7.5,6.5,5.8,4.1,0.9,3.0,6.1,6.1,0.6,7.3,8.4,2.2,4.6,2.7,8.7,4.1,3.7,6.1,5.8,3.4,3.6,4.4,2.4,5.1,5.8,3,3,↑,2032-2038,6.0,中国航空材料工程师：薪资回报高，加班文化严重,"China Aerospace Materials Engineer: high compensation, heavy overtime culture",AI综合评估 + O*NET/ILO/OECD锚点校准,2026-04-13,2026-04-13,2000-2026,1350000
ENG-0902-CN-general,工程与制造,ENG,制造管理,精益生产工程师,Lean Manufacturing Engineer,2141,17-2112.00,东亚,中国,CN,country,general,本科,22-30,global,5.9,5.8,6.7,8.3,8.0,8.7,7.2,6.4,7.5,8.0,6.5,6.5,5.1,1.9,2.1,7.7,6.5,0.9,5.7,7.8,1.2,6.6,3.6,6.1,5.8,4.8,6.5,7.1,3.4,2.8,5.4,2.7,4.9,2.8,2,3,↑,2028-2033,6.0,中国精益生产工程师：加班文化严重,China Lean Manufacturing Engineer: heavy overtime culture,AI综合评估 + O*NET/ILO/OECD锚点校准,2026-04-13,2026-04-13,2000-2026,438000
ENG-1007-CN-general,工程与制造,ENG,质量控制,六西格玛黑带,Six Sigma Black Belt,2141,17-2112.00,东亚,中国,CN,country,general,本科,22-28,global,6.3,5.6,6.1,8.1,7.5,8.8,7.0,5.8,8.9,6.8,7.2,7.3,5.4,2.7,3.5,7.0,6.1,0.7,4.9,7.3,4.4,4.9,3.9,5.6,4.6,5.1,6.3,6.1,2.7,3.4,4.7,3.7,5.0,3.1,2,2,↑,2028-2033,6.0,中国六西格玛黑带：薪资回报高，加班文化严重,"China Six Sigma Black Belt: high compensation, heavy overtime culture",AI综合评估 + O*NET/ILO/OECD锚点校准,2026-04-13,2026-04-13,2000-2026,823000
FIN-0204-CN-general,金融与商业,FIN,证券投资,PE投资经理,Private Equity Manager,2411,11-3031.02,东亚,中国,CN,country,general,硕士/MBA,26-32,global,7.0,7.5,7.9,6.5,7.5,7.4,7.0,7.6,10.0,8.0,4.4,9.2,4.3,0.0,0.1,6.5,6.3,2.1,6.4,10.0,6.7,6.2,2.3,7.0,7.8,3.5,5.0,7.2,0.4,5.9,7.2,4.5,6.3,4.2,3,2,↑,2032-2038,6.0,中国PE投资经理：薪资回报高，加班文化严重,"China Private Equity Manager: high compensation, heavy overtime culture",AI综合评估 + O*NET/ILO/BIS锚点校准,2026-04-13,2026-04-13,2000-2026,1350000
MED-1115-CN-general,医疗与健康,MED,医疗管理,患者体验官,Patient Experience Officer,1342,11-9111.00,东亚,中国,CN,country,general,本科/硕士,24-30,global,4.3,5.4,6.8,7.6,8.8,9.0,5.7,5.4,5.3,6.6,6.4,8.9,6.1,1.7,2.4,6.2,6.1,1.4,6.4,5.7,5.1,5.1,3.6,5.7,5.5,5.4,6.3,9.3,2.1,3.8,1.5,4.7,5.0,3.1,3,4,↑↑,2032-2038,6.0,中国患者体验官：加班文化严重，近年增长迅猛,"China Patient Experience Officer: heavy overtime culture, rapid recent growth",AI综合评估 + O*NET/ILO/WHO锚点校准,2026-04-13,2026-04-13,2000-2026,163000
LAW-1006-CN-general,法律与社会服务,LAW,合规与监管,知识产权分析师,Intellectual Property Analyst,2619,23-2011.00,东亚,中国,CN,country,general,理工+法学,24-30,global,6.5,6.2,7.3,7.5,6.8,5.9,6.1,5.4,7.6,6.3,5.6,9.2,4.7,3.6,4.0,6.1,6.6,1.5,6.0,6.1,5.9,6.2,3.2,6.5,6.8,5.9,5.5,7.0,0.8,6.3,2.8,4.1,6.8,3.1,3,2,↑,2028-2033,6.0,中国知识产权分析师：发展平稳,China Intellectual Property Analyst: steady development,AI综合评估 + O*NET/ILO/OECD锚点校准,2026-04-13,2026-04-13,2000-2026,459000
EDU-0606-CN-general,教育与学术,EDU,教育管理,招生主任,Director of Admissions,1345,11-9033.00,东亚,中国,CN,country,general,硕士,28-38,global,4.7,6.0,5.5,7.9,6.8,6.0,5.0,5.1,7.4,5.4,10.0,9.7,5.4,1.2,2.3,6.1,5.6,1.3,6.7,7.4,7.0,5.4,3.5,6.2,3.6,5.1,7.3,8.1,1.7,4.0,2.3,4.2,4.6,4.1,2,1,→,2032-2038,5.99,中国招生主任：加班文化严重，就业稳定,"China Director of Admissions: heavy overtime culture, stable employment",AI综合评估 + O*NET/ILO/UNESCO锚点校准,2026-04-13,2026-04-13,2000-2026,419000
ENG-0705-CN-general,工程与制造,ENG,半导体,半导体工艺工程师,Semiconductor Process Engineer,2152,17-2072.00,东亚,中国,CN,country,general,硕士,23-28,global,8.1,6.7,9.0,7.1,9.6,8.3,8.9,9.6,9.3,7.5,6.5,5.5,3.6,0.2,2.5,6.3,5.5,0.3,6.5,7.9,1.7,5.7,2.2,7.1,4.4,2.7,4.7,4.7,3.5,2.6,5.9,2.5,6.6,5.5,4,4,↑↑,2032-2038,5.99,中国半导体工艺工程师：薪资回报高，人才需求旺盛，加班文化严重,"China Semiconductor Process Engineer: high compensation, strong talent demand, heavy overtime culture",AI综合评估 + O*NET/ILO/OECD锚点校准,2026-04-13,2026-04-13,2000-2026,985000
FIN-0807-CN-general,金融与商业,FIN,企业管理,企业家/创业者,Entrepreneur,1120,11-1011.00,东亚,中国,CN,country,general,不限,22-40,global,7.7,7.3,7.1,7.5,6.5,6.2,3.6,6.7,9.9,7.7,3.2,9.7,4.7,0.0,1.1,8.4,6.5,4.5,7.3,9.6,6.0,9.9,0.7,9.8,9.8,4.4,4.9,8.5,1.5,0.6,7.5,2.2,6.0,2.3,2,2,↑,2032-2038,5.99,中国企业家/创业者：薪资回报高，供过于求，加班文化严重,"China Entrepreneur: high compensation, oversupply of talent, heavy overtime culture",AI综合评估 + O*NET/ILO/BIS锚点校准,2026-04-13,2026-04-13,2000-2026,1291000
FIN-0208-CN-general,金融与商业,FIN,证券投资,证券经纪人,Stockbroker,3311,41-3031.00,东亚,中国,CN,country,general,本科/硕士,22-28,global,4.9,4.5,8.3,6.6,9.0,9.3,5.2,7.9,10.0,8.7,5.6,8.8,5.1,0.3,1.4,7.1,5.7,2.0,3.0,7.1,5.8,6.2,1.3,6.5,7.7,4.7,5.2,7.3,0.5,5.4,7.4,3.7,6.1,3.8,-1,-1,→,2026-2030,5.99,中国证券经纪人：薪资回报高，AI替代风险较高，加班文化严重,"China Stockbroker: high compensation, high AI displacement risk, heavy overtime culture",AI综合评估 + O*NET/ILO/BIS锚点校准,2026-04-13,2026-04-13,2000-2026,1350000
MED-1102-CN-general,医疗与健康,MED,医疗管理,医疗信息化专家,Health Informatics Specialist,2529,15-1211.01,东亚,中国,CN,country,general,本科/硕士,24-30,global,6.5,6.3,6.3,7.3,8.9,9.2,8.5,6.8,6.1,5.8,7.8,8.6,5.9,1.1,2.6,6.6,6.7,1.7,5.8,6.1,7.7,3.9,2.6,5.7,4.9,5.0,6.8,6.6,2.0,4.4,2.0,4.0,5.2,3.6,3,5,↑↑,2028-2033,5.99,中国医疗信息化专家：人才需求旺盛，加班文化严重，就业稳定,"China Health Informatics Specialist: strong talent demand, heavy overtime culture, stable employment",AI综合评估 + O*NET/ILO/WHO锚点校准,2026-04-13,2026-04-13,2000-2026,233000
FIN-0406-CN-general,金融与商业,FIN,会计审计,会计文员,Bookkeeper / Accounting Clerk,3313,43-3031.00,东亚,中国,CN,country,general,大专/自学,20-30,global,2.2,2.8,5.9,8.5,7.6,9.4,4.3,6.9,4.6,7.7,7.3,9.5,5.3,1.0,2.5,6.9,6.1,1.2,2.1,5.8,7.1,5.0,3.3,6.1,6.9,5.7,5.9,6.6,0.8,2.3,3.3,5.5,5.8,3.5,-1,-1,→,2025-2028,5.99,中国会计文员：AI替代风险较高，加班文化严重,"China Bookkeeper / Accounting Clerk: high AI displacement risk, heavy overtime culture",AI综合评估 + O*NET/ILO/BIS锚点校准,2026-04-13,2026-04-13,2000-2026,119000
ENG-1105-CN-general,工程与制造,ENG,通信工程,天线工程师,Antenna Engineer,2153,17-2061.00,东亚,中国,CN,country,general,本科/硕士,22-28,global,7.4,7.1,7.5,7.2,8.6,5.8,6.7,7.9,8.2,8.3,6.7,7.0,4.9,0.9,2.8,6.3,6.2,1.1,7.0,7.6,4.1,5.6,3.5,6.3,4.7,4.7,6.4,5.1,3.0,3.0,5.2,3.8,5.1,3.5,3,3,↑,2032-2038,5.99,中国天线工程师：薪资回报高，加班文化严重,"China Antenna Engineer: high compensation, heavy overtime culture",AI综合评估 + O*NET/ILO/OECD锚点校准,2026-04-13,2026-04-13,2000-2026,601000
MED-0801-CN-general,医疗与健康,MED,眼科,眼科医生,Ophthalmologist,2212,29-1241.00,东亚,中国,CN,country,general,博士/医学学位,28-34,global,8.9,8.2,7.5,7.6,8.5,8.0,8.1,7.1,8.8,6.7,8.7,8.7,4.0,1.0,2.1,5.2,3.8,1.3,6.5,8.4,0.9,6.6,3.6,7.4,8.3,4.5,6.3,7.6,4.2,9.0,2.3,4.7,5.7,3.6,3,3,↑,2032-2038,5.98,中国眼科医生：薪资回报高，人才需求旺盛，加班文化严重,"China Ophthalmologist: high compensation, strong talent demand, heavy overtime culture",AI综合评估 + O*NET/ILO/WHO锚点校准,2026-04-13,2026-04-13,2000-2026,787000
ART-1005-CN-general,文化、艺术与传媒,ART,新媒体内容,VTuber(虚拟主播),VTuber (Virtual YouTuber),2655,,东亚,中国,CN,country,general,无要求,16-30,regional,3.4,3.1,9.4,4.5,9.8,7.6,6.6,5.6,6.5,5.4,1.8,8.0,6.5,0.2,5.2,6.7,6.3,4.1,5.9,4.6,7.2,8.9,1.4,7.4,9.3,5.0,3.7,7.7,2.5,0.7,5.4,8.2,4.1,2.5,5,4,↑↑,2028-2033,5.98,中国VTuber(虚拟主播)：加班文化严重，就业波动大，近年增长迅猛,"China VTuber (Virtual YouTuber): heavy overtime culture, volatile employment, rapid recent growth",AI综合评估 + O*NET/ILO/OECD锚点校准,2026-04-13,2026-04-13,2000-2026,280000
ENG-0308-CN-general,工程与制造,ENG,化学工程,纳米材料研究员,Nanomaterials Researcher,2146,17-2131.00,东亚,中国,CN,country,general,硕士/博士,25-32,global,8.1,8.6,7.8,7.8,7.3,6.8,7.7,8.5,10.0,7.1,6.7,5.8,3.6,1.9,2.5,6.1,5.9,1.2,7.4,8.2,3.4,5.4,3.5,7.0,4.1,3.7,6.3,5.3,3.2,3.3,5.4,3.1,5.1,2.8,4,4,↑↑,2032-2038,5.98,中国纳米材料研究员：薪资回报高，人才需求旺盛，加班文化严重,"China Nanomaterials Researcher: high compensation, strong talent demand, heavy overtime culture",AI综合评估 + O*NET/ILO/OECD锚点校准,2026-04-13,2026-04-13,2000-2026,1350000
ART-1009-CN-general,文化、艺术与传媒,ART,新媒体内容,MCN运营经理,MCN Operations Manager,1349,11-2011.00,东亚,中国,CN,country,general,无要求,25-35,global,3.4,5.3,8.4,5.3,9.6,9.9,7.5,5.9,7.6,5.7,3.3,7.9,6.4,0.2,4.3,5.9,5.1,4.2,6.0,6.2,7.5,8.7,1.7,6.7,7.2,4.6,3.9,7.5,2.5,1.1,5.3,8.0,3.6,3.1,5,4,↑↑,2032-2038,5.98,中国MCN运营经理：人才需求旺盛，加班文化严重，就业波动大,"China MCN Operations Manager: strong talent demand, heavy overtime culture, volatile employment",AI综合评估 + O*NET/ILO/OECD锚点校准,2026-04-13,2026-04-13,2000-2026,459000
ENG-0609-CN-general,工程与制造,ENG,汽车,车身工程师,Vehicle Body Engineer,2144,17-2141.02,东亚,中国,CN,country,general,本科/硕士,22-28,global,6.3,6.1,8.6,6.7,10.0,8.9,7.8,6.9,8.0,6.9,5.8,6.3,3.6,2.1,3.0,6.6,6.2,1.2,6.9,7.3,2.5,4.4,3.2,7.4,4.4,4.9,6.0,5.0,2.7,2.8,6.1,2.8,5.7,3.8,3,2,↑,2032-2038,5.98,中国车身工程师：薪资回报高，人才需求旺盛，加班文化严重,"China Vehicle Body Engineer: high compensation, strong talent demand, heavy overtime culture",AI综合评估 + O*NET/ILO/OECD锚点校准,2026-04-13,2026-04-13,2000-2026,549000
ENG-1304-CN-general,工程与制造,ENG,环境工程,绿色建筑工程师,Green Building / LEED Engineer,2142,17-2051.00,东亚,中国,CN,country,general,本科/硕士,22-28,global,6.1,6.4,7.7,7.8,8.6,8.0,7.6,7.2,8.8,6.6,6.0,5.3,3.2,1.9,3.0,7.1,6.1,0.8,6.1,7.4,3.6,5.2,3.4,6.8,5.2,5.4,6.9,5.2,3.9,4.7,4.8,3.7,4.7,3.0,4,4,↑↑,2032-2038,5.98,中国绿色建筑工程师：薪资回报高，人才需求旺盛，加班文化严重,"China Green Building / LEED Engineer: high compensation, strong talent demand, heavy overtime culture",AI综合评估 + O*NET/ILO/OECD锚点校准,2026-04-13,2026-04-13,2000-2026,787000
GOV-0902-CN-general,公共管理与公务员,GOV,情报安全,网络安全分析师(政府),Government Cybersecurity Analyst,2529,15-1212.00,东亚,中国,CN,country,general,本科/硕士,22-28,global,7.0,8.0,8.3,7.7,7.2,5.7,8.8,7.4,6.9,6.9,9.8,9.7,5.4,3.4,3.7,7.7,5.9,1.7,5.6,8.5,4.1,4.1,3.5,7.3,3.4,4.5,5.3,5.4,0.7,8.9,1.0,2.0,5.1,7.9,3,5,↑↑,2028-2033,5.98,中国网络安全分析师(政府)：人才需求旺盛，加班文化严重，就业稳定,"China Government Cybersecurity Analyst: strong talent demand, heavy overtime culture, stable employment",AI综合评估 + O*NET/ILO/OECD锚点校准,2026-04-13,2026-04-13,2000-2026,335000
MED-1109-CN-general,医疗与健康,MED,医疗管理,病案编码员,Health Information Technician,3252,29-2072.00,东亚,中国,CN,country,general,大专/本科,20-26,global,4.0,3.8,7.3,7.3,9.0,9.0,6.6,5.4,4.7,7.3,7.0,8.4,4.9,1.4,2.9,6.8,6.7,1.6,4.0,5.9,6.8,4.9,3.9,6.7,5.6,5.3,6.8,6.7,2.0,4.5,1.5,4.4,4.2,3.7,3,1,→,2026-2030,5.98,中国病案编码员：AI替代风险较高，加班文化严重,"China Health Information Technician: high AI displacement risk, heavy overtime culture",AI综合评估 + O*NET/ILO/WHO锚点校准,2026-04-13,2026-04-13,2000-2026,124000
MED-0706-CN-general,医疗与健康,MED,口腔,牙周病医生,Periodontist,2261,29-1024.00,东亚,中国,CN,country,general,博士/医学学位,26-32,global,9.2,9.3,6.9,7.8,8.7,9.1,7.4,6.2,8.1,6.9,9.0,8.4,4.1,3.0,2.4,4.6,4.8,1.7,8.1,7.8,0.8,7.1,3.4,6.7,8.5,5.9,6.4,7.5,5.2,8.7,2.3,4.6,4.6,3.3,3,3,↑,2035+,5.98,中国牙周病医生：薪资回报高，AI替代抗性强，加班文化严重,"China Periodontist: high compensation, strong AI resistance, heavy overtime culture",AI综合评估 + O*NET/ILO/WHO锚点校准,2026-04-13,2026-04-13,2000-2026,574000
ART-0604-CN-general,文化、艺术与传媒,ART,设计创意,室内设计师,Interior Designer,2161,27-1025.00,东亚,中国,CN,country,general,本科,20-28,global,5.0,5.4,6.0,7.6,6.7,8.3,6.2,6.2,8.1,6.4,5.3,7.7,5.7,1.9,3.8,7.8,6.6,1.6,4.9,5.8,4.8,6.2,3.2,7.5,8.2,4.1,6.4,6.5,3.1,2.7,6.1,6.3,4.9,3.2,3,1,→,2028-2033,5.97,中国室内设计师：薪资回报高，加班文化严重,"China Interior Designer: high compensation, heavy overtime culture",AI综合评估 + O*NET/ILO/OECD锚点校准,2026-04-13,2026-04-13,2000-2026,574000
ENG-1008-CN-general,工程与制造,ENG,质量控制,认证工程师(CE/UL),Certification Engineer (CE/UL),2141,17-2112.01,东亚,中国,CN,country,general,本科,22-28,global,5.9,5.9,6.5,8.3,8.1,8.8,6.1,6.6,6.6,6.1,7.0,7.1,4.3,2.7,3.3,7.6,6.3,0.6,6.4,7.3,4.1,5.4,3.9,5.6,5.1,4.2,7.1,6.2,2.9,5.6,4.5,3.3,5.4,2.5,2,2,↑,2032-2038,5.97,中国认证工程师(CE/UL)：加班文化严重,China Certification Engineer (CE/UL): heavy overtime culture,AI综合评估 + O*NET/ILO/OECD锚点校准,2026-04-13,2026-04-13,2000-2026,292000
MED-1112-CN-general,医疗与健康,MED,医疗管理,远程医疗协调员,Telemedicine Coordinator,2269,29-9099.00,东亚,中国,CN,country,general,本科,22-28,global,4.3,5.6,6.3,7.3,8.4,9.8,7.6,4.6,4.6,6.4,6.8,8.6,5.3,2.0,3.1,6.2,7.3,1.4,4.9,5.7,8.4,5.1,3.4,6.0,5.0,6.2,6.2,7.0,2.1,3.6,2.0,4.3,4.4,2.9,3,5,↑↑,2028-2033,5.97,中国远程医疗协调员：人才需求旺盛，加班文化严重，近年增长迅猛,"China Telemedicine Coordinator: strong talent demand, heavy overtime culture, rapid recent growth",AI综合评估 + O*NET/ILO/WHO锚点校准,2026-04-13,2026-04-13,2000-2026,119000
ART-0612-CN-general,文化、艺术与传媒,ART,设计创意,字体设计师,Type Designer / Typographer,2166,27-1024.00,东亚,中国,CN,country,general,本科,20-28,global,5.1,4.8,6.4,7.8,6.5,4.9,5.8,6.7,6.4,6.0,5.3,7.7,6.7,2.1,3.0,7.3,6.2,1.3,5.5,5.6,6.9,6.4,3.0,7.3,7.5,5.3,6.9,6.3,2.8,1.8,5.1,6.6,5.1,3.8,3,1,→,2028-2033,5.97,中国字体设计师：加班文化严重,China Type Designer / Typographer: heavy overtime culture,AI综合评估 + O*NET/ILO/OECD锚点校准,2026-04-13,2026-04-13,2000-2026,267000
ART-0813-CN-general,文化、艺术与传媒,ART,广告公关,社会化媒体分析师,Social Media Analyst,2431,13-1161.00,东亚,中国,CN,country,general,本科,22-28,global,4.9,4.8,6.2,7.6,7.6,8.1,6.8,6.9,6.0,7.1,5.5,8.2,6.8,0.2,3.6,7.2,6.7,1.7,5.2,5.6,7.0,5.9,3.2,6.2,5.9,4.4,6.5,6.7,1.5,1.5,5.2,5.5,4.6,4.1,3,1,→,2028-2033,5.97,中国社会化媒体分析师：加班文化严重,China Social Media Analyst: heavy overtime culture,AI综合评估 + O*NET/ILO/OECD锚点校准,2026-04-13,2026-04-13,2000-2026,223000
FIN-0603-CN-general,金融与商业,FIN,房地产,物业管理经理,Property Manager,1346,11-9141.00,东亚,中国,CN,country,general,大专/本科,22-30,global,4.3,4.0,6.7,7.4,8.5,10.0,5.9,4.9,8.2,7.9,6.5,9.0,5.8,1.5,2.9,5.8,5.6,2.2,6.4,6.1,3.1,7.0,3.2,5.3,8.7,3.8,5.7,7.9,3.1,4.7,9.0,6.1,3.5,2.1,2,0,→,2032-2038,5.97,中国物业管理经理：薪资回报高，加班文化严重,"China Property Manager: high compensation, heavy overtime culture",AI综合评估 + O*NET/ILO/BIS锚点校准,2026-04-13,2026-04-13,2000-2026,601000
EDU-0607-CN-general,教育与学术,EDU,教育管理,学生事务主任,Dean of Students,1345,11-9033.00,东亚,中国,CN,country,general,硕士+学生工作经验,30-40,global,6.6,6.8,5.2,8.0,7.0,6.3,4.8,5.4,6.5,6.4,9.1,10.0,3.9,1.9,2.6,5.3,5.7,1.1,7.9,7.5,4.5,5.9,2.7,8.2,4.2,6.3,6.1,9.3,2.0,5.1,1.2,3.5,4.5,3.0,2,2,↑,2035+,5.97,中国学生事务主任：AI替代抗性强，加班文化严重，就业稳定,"China Dean of Students: strong AI resistance, heavy overtime culture, stable employment",AI综合评估 + O*NET/ILO/UNESCO锚点校准,2026-04-13,2026-04-13,2000-2026,280000
AGR-0605-CN-general,农业、资源与环境,AGR,新能源,风电场运维技术员,Wind Turbine Technician,7412,49-9081.00,东亚,中国,CN,country,general,技校/培训,20-30,global,4.3,3.8,9.2,7.8,9.4,8.8,8.4,8.6,5.5,7.4,5.5,4.3,6.2,1.4,3.3,6.4,5.3,1.5,7.1,5.7,0.8,6.0,2.8,8.4,6.6,5.6,4.9,5.4,7.9,5.1,5.8,2.5,5.6,4.2,4,5,↑↑,2032-2038,5.97,中国风电场运维技术员：人才需求旺盛，加班文化严重，近年增长迅猛,"China Wind Turbine Technician: strong talent demand, heavy overtime culture, rapid recent growth",AI综合评估 + O*NET/ILO/OECD锚点校准,2026-04-13,2026-04-13,2000-2026,178000
ART-0603-CN-general,文化、艺术与传媒,ART,设计创意,时装设计师,Fashion Designer,2163,27-1022.00,东亚,中国,CN,country,general,本科,20-28,global,4.8,5.0,6.4,7.6,6.7,6.7,6.4,6.1,6.5,6.8,4.5,8.0,6.7,1.7,3.3,7.1,5.8,3.2,5.0,7.7,6.9,6.9,2.9,8.5,7.6,5.3,6.7,5.7,2.6,1.2,5.7,6.2,5.4,3.4,3,1,→,2028-2033,5.97,中国时装设计师：加班文化严重,China Fashion Designer: heavy overtime culture,AI综合评估 + O*NET/ILO/OECD锚点校准,2026-04-13,2026-04-13,2000-2026,280000
AGR-0905-CN-general,农业、资源与环境,AGR,农业科技,农业经济学家,Agricultural Economist,2631,19-3011.00,东亚,中国,CN,country,general,硕士/博士,26-35,global,7.5,7.5,7.5,7.3,7.1,5.1,7.0,8.1,7.0,7.3,5.3,6.8,5.9,2.3,3.0,6.1,6.4,1.5,6.9,6.9,7.0,6.7,3.7,6.1,6.3,5.0,5.7,5.6,1.8,3.3,5.4,4.2,5.4,3.8,3,4,↑↑,2032-2038,5.96,中国农业经济学家：加班文化严重，近年增长迅猛,"China Agricultural Economist: heavy overtime culture, rapid recent growth",AI综合评估 + O*NET/ILO/OECD锚点校准,2026-04-13,2026-04-13,2000-2026,350000
ENG-1101-CN-general,工程与制造,ENG,通信工程,通信网络工程师,Telecommunications Network Engineer,2153,17-2061.00,东亚,中国,CN,country,general,本科/硕士,22-28,global,6.8,6.0,7.3,7.3,7.8,7.5,7.5,7.3,7.9,8.5,7.4,7.3,4.6,2.2,3.3,5.9,6.5,1.2,5.9,7.5,4.0,5.2,2.9,6.3,4.8,3.2,5.8,5.2,4.3,3.3,5.4,3.8,5.3,3.7,3,3,↑,2028-2033,5.96,中国通信网络工程师：人才需求旺盛，加班文化严重,"China Telecommunications Network Engineer: strong talent demand, heavy overtime culture",AI综合评估 + O*NET/ILO/OECD锚点校准,2026-04-13,2026-04-13,2000-2026,525000
MED-0701-CN-general,医疗与健康,MED,口腔,牙科医生,Dentist,2261,29-1021.00,东亚,中国,CN,country,general,博士/医学学位,26-32,global,8.4,7.8,6.3,8.2,8.8,9.1,7.3,6.2,7.2,6.5,8.7,8.4,3.8,2.2,3.5,5.2,3.7,1.8,8.1,7.8,0.3,6.5,4.9,7.1,8.4,5.9,6.7,7.8,5.5,8.6,3.1,4.2,4.6,3.1,3,3,↑,2035+,5.96,中国牙科医生：AI替代抗性强，加班文化严重，就业稳定,"China Dentist: strong AI resistance, heavy overtime culture, stable employment",AI综合评估 + O*NET/ILO/WHO锚点校准,2026-04-13,2026-04-13,2000-2026,383000
ENG-0903-CN-general,工程与制造,ENG,制造管理,工业工程师,Industrial Engineer,2141,17-2112.00,东亚,中国,CN,country,general,本科,22-30,global,5.6,5.6,6.6,8.3,8.9,9.4,6.3,6.6,8.1,7.3,6.7,6.3,3.9,1.4,2.6,7.3,7.3,0.9,4.9,7.2,3.0,6.5,3.9,6.3,4.9,4.3,6.9,6.6,3.3,2.9,5.8,2.9,4.3,3.0,2,2,↑,2028-2033,5.96,中国工业工程师：薪资回报高，加班文化严重,"China Industrial Engineer: high compensation, heavy overtime culture",AI综合评估 + O*NET/ILO/OECD锚点校准,2026-04-13,2026-04-13,2000-2026,574000
MED-0402-CN-general,医疗与健康,MED,康复与治疗,职业治疗师,Occupational Therapist,2269,29-1122.00,东亚,中国,CN,country,general,本科/硕士,22-26,global,6.1,6.3,7.8,7.5,8.0,8.8,7.2,6.3,5.6,5.9,6.7,8.6,4.1,1.8,2.8,6.0,5.3,1.9,7.3,5.7,3.3,5.8,3.4,8.6,6.4,6.7,5.9,8.0,4.9,7.0,2.1,4.9,5.3,2.7,3,4,↑↑,2032-2038,5.96,中国职业治疗师：加班文化严重，近年增长迅猛,"China Occupational Therapist: heavy overtime culture, rapid recent growth",AI综合评估 + O*NET/ILO/WHO锚点校准,2026-04-13,2026-04-13,2000-2026,186000
SKL-0101-CN-general,技术工种与手工业,SKL,电气技术,电工,Electrician,7411,47-2111.00,东亚,中国,CN,country,general,职校/学徒,18-25,global,4.0,3.7,6.7,8.0,7.3,8.1,7.1,8.1,7.2,7.2,6.8,4.4,5.4,1.2,4.1,6.7,4.9,1.3,8.0,4.9,0.8,6.3,3.4,6.3,7.6,1.7,5.6,5.2,6.5,6.3,5.1,7.9,5.3,2.7,3,3,↑,2035+,5.96,中国电工：AI替代抗性强，加班文化严重,"China Electrician: strong AI resistance, heavy overtime culture",AI综合评估 + O*NET/ILO/OECD锚点校准,2026-04-13,2026-04-13,2000-2026,383000
ART-0611-CN-general,文化、艺术与传媒,ART,设计创意,家具设计师,Furniture Designer,2163,27-1021.00,东亚,中国,CN,country,general,本科,20-28,global,5.2,5.3,5.6,7.9,6.7,6.6,6.2,5.8,6.8,5.8,5.5,7.9,6.2,1.6,3.0,7.7,6.0,1.4,6.2,6.0,6.3,7.2,2.7,7.3,7.5,4.5,6.2,6.0,3.0,1.3,5.0,6.2,5.0,3.8,3,1,→,2032-2038,5.96,中国家具设计师：加班文化严重,China Furniture Designer: heavy overtime culture,AI综合评估 + O*NET/ILO/OECD锚点校准,2026-04-13,2026-04-13,2000-2026,320000
ART-0812-CN-general,文化、艺术与传媒,ART,广告公关,影响力营销专员,Influencer Marketing Specialist,2431,13-1161.00,东亚,中国,CN,country,general,本科,22-28,global,4.5,5.6,8.3,7.8,7.0,8.0,7.5,6.0,7.5,5.9,5.5,7.9,5.7,0.4,3.5,6.8,6.5,1.6,4.2,6.0,6.2,5.7,3.4,5.8,6.4,5.3,6.1,6.8,1.7,1.2,5.2,5.6,5.0,4.3,3,3,↑,2026-2030,5.96,中国影响力营销专员：人才需求旺盛，加班文化严重,"China Influencer Marketing Specialist: strong talent demand, heavy overtime culture",AI综合评估 + O*NET/ILO/OECD锚点校准,2026-04-13,2026-04-13,2000-2026,438000
ENG-0110-CN-general,工程与制造,ENG,机械工程,有限元分析工程师(FEA),Finite Element Analysis (FEA) Engineer,2144,17-2141.00,东亚,中国,CN,country,general,本科/硕士,22-28,global,6.8,7.2,6.4,7.2,6.7,5.9,6.4,6.9,8.1,7.0,7.0,7.1,4.6,2.4,3.3,7.6,5.9,0.9,7.3,7.9,3.5,5.6,4.2,7.4,4.6,3.7,5.7,5.5,3.2,3.0,5.5,3.8,5.5,3.1,2,2,↑,2032-2038,5.96,中国有限元分析工程师(FEA)：薪资回报高，加班文化严重,"China Finite Element Analysis (FEA) Engineer: high compensation, heavy overtime culture",AI综合评估 + O*NET/ILO/OECD锚点校准,2026-04-13,2026-04-13,2000-2026,574000
LAW-0109-CN-general,法律与社会服务,LAW,律师各专业,国际法律师,International Lawyer,2611,23-1011.00,东亚,中国,CN,country,general,法学博士+LLM,26-32,global,8.9,8.3,6.9,7.5,6.2,4.8,6.5,6.6,8.8,6.4,6.4,8.1,5.0,1.7,3.0,7.6,6.3,1.5,6.9,9.7,5.4,6.7,1.2,7.9,6.7,5.5,5.0,8.5,0.5,8.8,3.4,2.5,8.5,5.1,3,2,↑,2032-2038,5.96,中国国际法律师：薪资回报高，加班文化严重,"China International Lawyer: high compensation, heavy overtime culture",AI综合评估 + O*NET/ILO/OECD锚点校准,2026-04-13,2026-04-13,2000-2026,787000
AGR-0912-CN-general,农业、资源与环境,AGR,农业科技,农业保险评估师,Agricultural Insurance Assessor,3315,13-1031.02,东亚,中国,CN,country,general,本科,24-32,global,5.6,5.9,8.0,7.7,7.7,7.3,7.2,8.4,5.9,7.2,6.0,7.3,5.4,2.0,4.1,6.2,5.9,1.7,5.2,7.0,4.5,5.6,2.7,7.4,5.2,6.0,5.9,7.0,1.7,5.0,4.4,3.6,4.9,3.4,3,4,↑↑,2028-2033,5.96,中国农业保险评估师：加班文化严重，近年增长迅猛,"China Agricultural Insurance Assessor: heavy overtime culture, rapid recent growth",AI综合评估 + O*NET/ILO/OECD锚点校准,2026-04-13,2026-04-13,2000-2026,213000
ENG-0211-CN-general,工程与制造,ENG,电气工程,信号与通信工程师,Signal & Communications Engineer,2153,17-2061.00,东亚,中国,CN,country,general,本科/硕士,22-28,global,6.0,6.1,7.8,7.5,8.4,7.2,7.4,7.4,7.4,7.3,6.5,6.5,4.1,2.1,3.0,6.8,6.4,1.1,6.0,7.3,3.6,6.2,2.9,6.4,5.7,3.1,6.5,5.0,3.0,3.5,5.3,3.2,4.9,2.6,2,2,↑,2032-2038,5.96,中国信号与通信工程师：加班文化严重,China Signal & Communications Engineer: heavy overtime culture,AI综合评估 + O*NET/ILO/OECD锚点校准,2026-04-13,2026-04-13,2000-2026,419000
ENG-0311-CN-general,工程与制造,ENG,化学工程,复合材料工程师,Composite Materials Engineer,2146,17-2131.00,东亚,中国,CN,country,general,本科/硕士,22-28,global,6.3,6.6,8.0,7.9,7.4,7.0,7.0,8.2,8.4,7.5,7.0,5.8,3.9,1.7,3.5,5.9,5.3,1.1,6.7,6.9,2.9,4.9,3.9,7.0,4.4,4.6,6.3,5.3,3.8,3.4,5.6,3.3,5.5,2.6,3,3,↑,2032-2038,5.96,中国复合材料工程师：薪资回报高，加班文化严重,"China Composite Materials Engineer: high compensation, heavy overtime culture",AI综合评估 + O*NET/ILO/OECD锚点校准,2026-04-13,2026-04-13,2000-2026,657000
ENG-0611-CN-general,工程与制造,ENG,汽车,汽车标定工程师,Automotive Calibration Engineer,2144,17-2141.02,东亚,中国,CN,country,general,本科/硕士,22-28,global,6.8,6.4,8.4,7.1,9.1,8.3,7.2,7.2,8.6,8.2,6.2,6.5,4.9,2.1,2.3,7.2,6.6,0.8,6.3,6.5,1.7,4.4,3.2,6.8,4.0,4.1,6.1,5.4,3.2,3.1,5.7,2.9,5.5,4.0,3,3,↑,2032-2038,5.95,中国汽车标定工程师：薪资回报高，加班文化严重,"China Automotive Calibration Engineer: high compensation, heavy overtime culture",AI综合评估 + O*NET/ILO/OECD锚点校准,2026-04-13,2026-04-13,2000-2026,719000
ENG-0908-CN-general,工程与制造,ENG,制造管理,安全工程师(工厂),Factory Safety Engineer,2149,17-2111.02,东亚,中国,CN,country,general,本科,22-30,global,5.9,5.9,6.2,7.8,8.4,9.1,6.2,5.8,8.4,8.3,7.3,5.0,4.9,0.9,3.2,6.9,7.1,1.0,7.2,7.3,1.0,6.0,3.0,7.3,5.2,3.5,6.7,6.6,3.4,5.1,5.0,3.7,4.6,2.8,2,2,↑,2032-2038,5.95,中国安全工程师(工厂)：薪资回报高，加班文化严重,"China Factory Safety Engineer: high compensation, heavy overtime culture",AI综合评估 + O*NET/ILO/OECD锚点校准,2026-04-13,2026-04-13,2000-2026,657000
TECH-0111-CN-general,信息技术与数字化,TECH,软件开发,游戏服务器工程师,Game Server Engineer,2514,15-1252.00,东亚,中国,CN,country,general,本科,21-28,global,5.7,5.4,7.7,6.0,8.0,7.0,7.0,6.5,9.5,7.4,3.4,9.7,5.0,0.4,1.7,7.1,6.3,2.0,5.8,6.4,6.3,4.8,2.2,7.4,7.2,4.0,4.3,5.8,1.3,0.6,7.0,4.5,5.6,2.6,3,2,↑,2028-2033,5.95,中国游戏服务器工程师：薪资回报高，加班文化严重，就业波动大,"China Game Server Engineer: high compensation, heavy overtime culture, volatile employment",AI综合评估 + O*NET/ILO/OECD锚点校准,2026-04-13,2026-04-13,2000-2026,1078000
MED-0409-CN-general,医疗与健康,MED,康复与治疗,假肢矫形师,Prosthetist / Orthotist,2269,29-2091.00,东亚,中国,CN,country,general,本科/硕士,22-26,global,6.6,6.4,7.6,7.7,8.8,6.0,8.0,6.0,5.5,5.4,7.4,8.6,4.8,1.3,3.9,5.4,5.3,1.6,8.3,6.7,2.7,5.3,3.2,7.2,6.8,5.8,6.1,7.6,5.9,6.4,2.0,5.5,4.7,3.1,3,3,↑,2035+,5.95,中国假肢矫形师：人才需求旺盛，AI替代抗性强，加班文化严重,"China Prosthetist / Orthotist: strong talent demand, strong AI resistance, heavy overtime culture",AI综合评估 + O*NET/ILO/WHO锚点校准,2026-04-13,2026-04-13,2000-2026,178000
ENG-0105-CN-general,工程与制造,ENG,机械工程,CAD/CAM工程师,CAD/CAM Engineer,2144,17-3013.00,东亚,中国,CN,country,general,本科/硕士,22-28,global,5.2,5.6,6.2,6.8,7.5,7.8,6.7,6.6,9.3,7.2,6.0,7.0,4.7,1.7,2.1,7.6,6.8,1.4,5.4,6.6,4.8,5.2,4.2,7.7,5.3,4.6,5.9,5.0,3.6,3.1,5.6,3.8,5.1,3.3,2,1,→,2028-2033,5.95,中国CAD/CAM工程师：薪资回报高，加班文化严重,"China CAD/CAM Engineer: high compensation, heavy overtime culture",AI综合评估 + O*NET/ILO/OECD锚点校准,2026-04-13,2026-04-13,2000-2026,985000
MED-0404-CN-general,医疗与健康,MED,康复与治疗,康复医学科医生,Rehabilitation Physician,2212,29-1229.04,东亚,中国,CN,country,general,博士/医学学位,28-34,global,9.1,8.5,7.0,7.3,8.7,8.8,6.9,6.4,7.3,5.4,7.6,8.6,4.8,2.8,3.1,5.7,5.3,1.4,7.8,7.6,3.2,5.7,3.0,7.4,5.6,6.7,5.5,7.7,4.9,8.7,1.5,5.7,5.3,2.9,3,4,↑↑,2035+,5.95,中国康复医学科医生：AI替代抗性强，加班文化严重，就业稳定,"China Rehabilitation Physician: strong AI resistance, heavy overtime culture, stable employment",AI综合评估 + O*NET/ILO/WHO锚点校准,2026-04-13,2026-04-13,2000-2026,401000
MED-0407-CN-general,医疗与健康,MED,康复与治疗,艺术治疗师,Art Therapist,2269,29-1129.00,东亚,中国,CN,country,general,本科/硕士,22-28,global,4.7,6.2,7.0,7.7,8.7,6.3,6.0,6.4,4.5,6.8,7.1,8.4,3.6,2.3,2.9,5.6,6.1,1.7,7.8,5.1,2.1,5.1,3.9,9.3,7.7,6.3,5.5,8.3,5.0,6.3,1.4,4.7,4.6,2.2,3,3,↑,2035+,5.95,中国艺术治疗师：薪资水平偏低，AI替代抗性强，加班文化严重,"China Art Therapist: relatively low pay, strong AI resistance, heavy overtime culture",AI综合评估 + O*NET/ILO/WHO锚点校准,2026-04-13,2026-04-13,2000-2026,114000
FIN-0703-CN-general,金融与商业,FIN,伊斯兰金融,伊斯兰金融顾问,Islamic Finance Advisor,2412,13-2052.00,东亚,中国,CN,country,general,本科/硕士,24-30,regional,6.6,6.6,7.6,7.4,6.7,5.3,5.9,6.8,8.9,7.9,7.4,9.0,6.0,2.8,3.5,4.3,4.6,1.4,6.4,7.8,4.6,5.0,3.0,6.9,5.9,2.7,5.3,8.0,0.5,5.3,4.0,3.4,4.6,3.6,3,4,↑↑,2032-2038,5.95,中国伊斯兰金融顾问：薪资回报高，加班文化严重，近年增长迅猛,"China Islamic Finance Advisor: high compensation, heavy overtime culture, rapid recent growth",AI综合评估 + O*NET/ILO/BIS锚点校准,2026-04-13,2026-04-13,2000-2026,823000
SKL-0203-CN-general,技术工种与手工业,SKL,管道暖通,制冷技师,Refrigeration Technician,7127,49-9021.00,东亚,中国,CN,country,general,职校/学徒,18-25,global,3.7,3.1,6.8,7.7,7.3,8.4,6.9,7.1,7.2,7.2,7.1,4.7,4.4,1.9,4.3,5.7,4.7,1.3,8.4,4.4,0.6,6.7,2.5,7.0,7.6,0.9,6.1,6.3,7.3,5.6,4.9,6.9,5.1,2.6,3,3,↑,2035+,5.94,中国制冷技师：AI替代抗性强，加班文化严重,"China Refrigeration Technician: strong AI resistance, heavy overtime culture",AI综合评估 + O*NET/ILO/OECD锚点校准,2026-04-13,2026-04-13,2000-2026,383000
ART-0810-CN-general,文化、艺术与传媒,ART,广告公关,SEO/SEM专家,SEO/SEM Specialist,2431,13-1161.00,东亚,中国,CN,country,general,本科,22-28,global,5.1,5.4,7.2,7.5,7.7,7.9,5.9,6.7,6.5,6.8,4.8,8.0,6.0,1.1,3.0,6.9,6.4,1.4,4.9,5.4,8.5,5.6,2.8,6.6,6.1,4.8,6.7,7.3,1.7,1.8,5.8,5.4,4.7,3.9,3,2,↑,2028-2033,5.94,中国SEO/SEM专家：远程友好度高，加班文化严重,"China SEO/SEM Specialist: highly remote-friendly, heavy overtime culture",AI综合评估 + O*NET/ILO/OECD锚点校准,2026-04-13,2026-04-13,2000-2026,280000
ENG-0906-CN-general,工程与制造,ENG,制造管理,供应商质量工程师,Supplier Quality Engineer,2141,17-2112.00,东亚,中国,CN,country,general,本科,22-30,global,5.3,5.6,6.9,8.0,8.0,9.1,6.5,6.2,7.9,7.2,6.9,6.5,4.6,1.6,2.3,7.5,7.1,1.3,6.5,7.0,2.3,5.2,3.4,6.7,4.9,3.8,6.6,7.0,3.1,3.3,6.0,2.9,4.9,3.0,2,2,↑,2032-2038,5.94,中国供应商质量工程师：加班文化严重,China Supplier Quality Engineer: heavy overtime culture,AI综合评估 + O*NET/ILO/OECD锚点校准,2026-04-13,2026-04-13,2000-2026,525000
MED-0705-CN-general,医疗与健康,MED,口腔,牙科技师,Dental Technician,3214,51-9081.00,东亚,中国,CN,country,general,大专/本科,20-24,global,5.0,4.9,7.6,8.3,8.9,8.9,7.7,6.7,4.2,6.2,8.5,7.9,3.9,3.1,3.9,4.4,3.8,1.2,6.0,5.7,1.6,6.9,3.2,7.5,6.5,5.8,5.9,7.5,4.8,4.6,3.1,4.6,4.2,3.8,3,2,↑,2032-2038,5.94,中国牙科技师：薪资水平偏低，人才需求旺盛，加班文化严重,"China Dental Technician: relatively low pay, strong talent demand, heavy overtime culture",AI综合评估 + O*NET/ILO/WHO锚点校准,2026-04-13,2026-04-13,2000-2026,99000
ART-0705-CN-general,文化、艺术与传媒,ART,动画游戏,关卡设计师,Level Designer,2166,15-1255.01,东亚,中国,CN,country,general,本科,20-28,global,5.6,5.4,7.4,7.3,7.9,7.6,6.5,6.3,7.1,6.3,5.3,7.2,6.0,0.2,5.3,6.7,6.1,2.2,6.6,6.0,5.5,5.4,2.1,8.2,5.8,5.1,6.1,5.7,2.8,1.3,5.5,5.1,5.5,4.3,4,2,↑,2032-2038,5.94,中国关卡设计师：加班文化严重,China Level Designer: heavy overtime culture,AI综合评估 + O*NET/ILO/OECD锚点校准,2026-04-13,2026-04-13,2000-2026,366000
AGR-0609-CN-general,农业、资源与环境,AGR,新能源,地热工程师,Geothermal Engineer,2151,17-2199.11,东亚,中国,CN,country,general,本科/硕士,24-32,global,6.3,5.7,8.6,7.8,9.3,6.8,7.9,8.2,6.3,7.9,5.7,6.0,5.9,1.1,3.3,5.7,5.5,1.5,6.1,7.7,3.0,6.7,3.4,8.1,6.6,4.2,5.7,5.2,4.9,4.9,5.8,2.7,5.5,4.6,4,4,↑↑,2032-2038,5.94,中国地热工程师：人才需求旺盛，加班文化严重，近年增长迅猛,"China Geothermal Engineer: strong talent demand, heavy overtime culture, rapid recent growth",AI综合评估 + O*NET/ILO/OECD锚点校准,2026-04-13,2026-04-13,2000-2026,255000
EDU-0302-CN-general,教育与学术,EDU,职业培训,职业认证讲师,Certification Instructor,2320,25-1194.00,东亚,中国,CN,country,general,本科+行业认证,25-35,global,5.9,6.1,5.7,7.8,7.8,6.8,5.4,6.0,5.2,5.6,6.6,9.7,5.2,2.4,2.8,5.9,6.0,1.7,6.0,7.1,8.4,5.2,3.4,7.2,6.1,6.0,7.3,7.9,1.2,5.2,3.5,7.3,3.5,2.7,3,2,↑,2032-2038,5.94,中国职业认证讲师：加班文化严重,China Certification Instructor: heavy overtime culture,AI综合评估 + O*NET/ILO/UNESCO锚点校准,2026-04-13,2026-04-13,2000-2026,156000
FIN-0801-CN-general,金融与商业,FIN,企业管理,首席执行官(CEO),Chief Executive Officer (CEO),1120,11-1011.00,东亚,中国,CN,country,general,硕士/MBA/博士,35-50,global,8.0,8.9,7.3,6.8,7.0,7.2,3.9,6.5,10.0,8.2,4.2,9.5,4.3,0.0,0.1,7.5,6.3,4.1,7.1,10.0,5.9,9.0,1.1,9.1,9.8,4.7,5.3,8.4,1.5,2.1,5.1,2.4,5.7,3.0,2,2,↑,2032-2038,5.94,中国首席执行官(CEO)：薪资回报高，供过于求，加班文化严重,"China Chief Executive Officer (CEO): high compensation, oversupply of talent, heavy overtime culture",AI综合评估 + O*NET/ILO/BIS锚点校准,2026-04-13,2026-04-13,2000-2026,1350000
MED-0608-CN-general,医疗与健康,MED,传统与替代医学,整骨师,Osteopath,2269,29-1199.00,东亚,中国,CN,country,general,本科/硕士,22-28,global,7.4,7.0,6.1,8.9,7.0,10.0,6.4,3.8,9.9,4.8,6.2,8.9,5.3,2.7,2.9,4.3,4.3,2.1,6.9,8.2,3.4,6.6,4.1,7.5,8.8,5.7,8.0,7.9,3.8,7.6,2.2,5.9,3.1,2.7,1,2,↑,2032-2038,5.94,中国整骨师：薪资回报高，加班文化严重,"China Osteopath: high compensation, heavy overtime culture",AI综合评估 + O*NET/ILO/WHO锚点校准,2026-04-13,2026-04-13,2000-2026,1291000
ENG-0112-CN-general,工程与制造,ENG,机械工程,包装工程师,Packaging Engineer,2144,17-2141.00,东亚,中国,CN,country,general,本科/硕士,22-28,global,5.3,5.0,7.2,6.5,8.0,7.9,5.9,6.7,9.1,6.7,7.0,7.0,5.2,1.5,3.3,7.4,5.7,1.1,5.8,6.8,4.0,4.7,3.2,7.1,5.3,4.0,5.8,4.6,3.1,2.8,5.6,3.2,5.2,2.9,2,1,→,2028-2033,5.94,中国包装工程师：薪资回报高，加班文化严重,"China Packaging Engineer: high compensation, heavy overtime culture",AI综合评估 + O*NET/ILO/OECD锚点校准,2026-04-13,2026-04-13,2000-2026,901000
AGR-0904-CN-general,农业、资源与环境,AGR,农业科技,食品科学家,Food Scientist,2145,19-1012.00,东亚,中国,CN,country,general,本科/硕士,24-32,global,6.8,6.8,7.6,7.0,7.5,7.0,7.3,8.3,7.3,6.4,6.0,7.0,6.3,1.9,3.8,6.5,6.0,1.4,5.5,7.0,3.9,6.7,3.4,7.6,6.3,5.3,4.7,5.8,2.2,3.8,5.6,3.0,5.6,3.0,3,4,↑↑,2028-2033,5.94,中国食品科学家：加班文化严重，近年增长迅猛,"China Food Scientist: heavy overtime culture, rapid recent growth",AI综合评估 + O*NET/ILO/OECD锚点校准,2026-04-13,2026-04-13,2000-2026,401000
ART-0803-CN-general,文化、艺术与传媒,ART,广告公关,公关专员,Public Relations Specialist,2432,27-3031.00,东亚,中国,CN,country,general,本科,22-28,global,4.8,4.7,6.4,7.6,7.2,7.7,6.0,5.8,6.0,5.5,6.0,8.2,6.5,1.6,4.1,7.7,6.9,1.7,6.0,5.9,4.7,6.2,2.0,6.0,6.6,4.4,6.8,8.0,2.3,1.5,5.5,5.6,5.2,3.3,3,1,→,2028-2033,5.94,中国公关专员：加班文化严重,China Public Relations Specialist: heavy overtime culture,AI综合评估 + O*NET/ILO/OECD锚点校准,2026-04-13,2026-04-13,2000-2026,223000
FIN-0702-CN-general,金融与商业,FIN,伊斯兰金融,伊斯兰银行产品经理,Islamic Banking Product Manager,1346,11-3031.01,东亚,中国,CN,country,general,本科/硕士,24-30,regional,6.6,6.3,8.1,7.6,6.5,4.8,7.1,7.0,8.9,8.2,6.4,8.8,5.6,3.5,4.1,5.5,4.2,1.6,6.1,7.0,4.0,5.0,3.1,6.9,6.3,3.5,5.9,7.4,1.0,5.9,4.3,3.4,3.3,3.2,3,4,↑↑,2032-2038,5.94,中国伊斯兰银行产品经理：薪资回报高，加班文化严重，近年增长迅猛,"China Islamic Banking Product Manager: high compensation, heavy overtime culture, rapid recent growth",AI综合评估 + O*NET/ILO/BIS锚点校准,2026-04-13,2026-04-13,2000-2026,823000
ENG-0403-CN-general,工程与制造,ENG,土木与建筑,建筑师,Architect,2161,17-1011.00,东亚,中国,CN,country,general,本科/硕士,22-28,global,7.1,7.4,6.9,9.3,10.0,10.0,7.2,6.9,7.6,7.3,6.7,5.1,4.4,1.9,2.3,6.8,5.4,1.4,7.3,8.5,3.2,5.2,3.3,8.1,6.1,2.9,7.1,6.9,4.9,7.0,7.1,3.1,4.2,2.6,2,2,↑,2032-2038,5.93,中国建筑师：加班文化严重,China Architect: heavy overtime culture,AI综合评估 + O*NET/ILO/OECD锚点校准,2026-04-13,2026-04-13,2000-2026,459000
MED-0130-CN-general,医疗与健康,MED,临床医学,运动医学科医生,Sports Medicine Physician,2212,29-1229.04,东亚,中国,CN,country,general,博士/医学学位,28-35,global,9.0,8.8,7.0,8.7,9.2,10.0,8.0,6.5,7.5,6.0,7.7,7.1,4.1,1.7,3.1,5.4,4.3,1.9,6.6,8.8,2.3,5.4,3.6,8.5,7.7,4.9,6.8,7.7,3.8,8.8,2.3,4.6,5.4,3.2,3,4,↑↑,2032-2038,5.93,中国运动医学科医生：人才需求旺盛，加班文化严重，就业稳定,"China Sports Medicine Physician: strong talent demand, heavy overtime culture, stable employment",AI综合评估 + O*NET/ILO/WHO锚点校准,2026-04-13,2026-04-13,2000-2026,438000
GOV-0103-CN-general,公共管理与公务员,GOV,中央/联邦公务员,政策分析师,Policy Analyst,2422,19-3094.00,东亚,中国,CN,country,general,硕士,24-30,global,7.0,8.2,5.9,8.7,6.6,6.3,6.4,5.9,7.6,6.5,9.1,9.6,6.4,4.6,4.3,6.2,5.1,1.8,6.5,9.3,5.1,4.5,4.1,7.1,3.2,4.6,5.6,7.0,0.5,8.5,1.9,2.7,5.3,7.3,1,2,↑,2032-2038,5.93,中国政策分析师：就业稳定,China Policy Analyst: stable employment,AI综合评估 + O*NET/ILO/OECD锚点校准,2026-04-13,2026-04-13,2000-2026,459000
ART-0601-CN-general,文化、艺术与传媒,ART,设计创意,平面设计师,Graphic Designer,2166,27-1024.00,东亚,中国,CN,country,general,本科,20-28,global,5.4,5.4,6.6,7.2,7.1,7.0,5.8,7.0,5.8,5.8,5.3,8.2,6.2,2.2,3.5,7.5,6.2,1.3,4.5,5.8,7.0,6.7,2.4,8.1,6.7,4.8,5.7,6.4,2.5,1.2,5.1,7.2,4.6,3.4,3,1,→,2026-2030,5.93,中国平面设计师：加班文化严重,China Graphic Designer: heavy overtime culture,AI综合评估 + O*NET/ILO/OECD锚点校准,2026-04-13,2026-04-13,2000-2026,204000
ENG-0201-CN-general,工程与制造,ENG,电气工程,电力工程师,Power Engineer,2151,17-2071.00,东亚,中国,CN,country,general,本科/硕士,22-28,global,6.0,6.6,7.1,7.6,8.6,9.3,6.4,7.8,7.6,7.5,8.0,6.3,3.9,1.1,2.8,7.7,6.6,1.2,6.2,7.6,2.1,4.7,3.5,7.0,4.7,3.4,5.9,4.7,3.0,4.8,4.6,4.0,5.2,3.2,2,2,↑,2032-2038,5.93,中国电力工程师：加班文化严重，就业稳定,"China Power Engineer: heavy overtime culture, stable employment",AI综合评估 + O*NET/ILO/OECD锚点校准,2026-04-13,2026-04-13,2000-2026,459000
ENG-0305-CN-general,工程与制造,ENG,化学工程,生物化学工程师,Biochemical Engineer,2145,17-2041.00,东亚,中国,CN,country,general,本科/硕士,22-28,global,6.6,6.6,7.4,7.5,7.9,7.8,7.0,8.3,9.5,7.3,6.6,5.3,4.1,1.9,3.1,6.7,6.3,1.0,6.6,7.2,1.7,5.4,2.8,7.1,4.3,3.2,5.9,5.1,3.6,2.9,5.0,3.1,5.1,3.2,3,3,↑,2032-2038,5.93,中国生物化学工程师：薪资回报高，加班文化严重,"China Biochemical Engineer: high compensation, heavy overtime culture",AI综合评估 + O*NET/ILO/OECD锚点校准,2026-04-13,2026-04-13,2000-2026,1078000
ART-0504-CN-general,文化、艺术与传媒,ART,博物馆与文化遗产,非物质文化遗产传承人,Intangible Cultural Heritage Practitioner,2651,,东亚,中国,CN,country,general,硕士,24-32,regional,7.3,3.8,5.7,9.5,5.6,4.3,5.8,6.8,4.8,5.6,7.0,7.9,6.8,3.4,2.1,6.5,5.0,0.7,10.0,6.6,3.0,4.7,4.2,9.6,3.2,5.0,6.9,6.5,3.1,3.6,3.8,3.8,4.9,5.8,2,0,→,2035+,5.93,中国非物质文化遗产传承人：AI替代抗性强，加班文化严重,"China Intangible Cultural Heritage Practitioner: strong AI resistance, heavy overtime culture",AI综合评估 + O*NET/ILO/OECD锚点校准,2026-04-13,2026-04-13,2000-2026,130000
TECH-0107-CN-general,信息技术与数字化,TECH,软件开发,软件测试工程师,Software QA Engineer,2519,15-1253.00,东亚,中国,CN,country,general,本科/大专,21-28,global,3.8,3.8,6.4,6.1,8.6,8.9,5.1,5.4,7.0,6.9,5.1,9.7,5.5,1.5,2.8,6.3,6.9,2.0,4.2,6.7,6.3,4.0,4.2,5.1,6.2,5.4,6.3,5.4,1.0,0.5,5.8,6.1,5.9,1.9,2,0,→,2026-2030,5.93,中国软件测试工程师：加班文化严重,China Software QA Engineer: heavy overtime culture,AI综合评估 + O*NET/ILO/OECD锚点校准,2026-04-13,2026-04-13,2000-2026,350000
ART-0305-CN-general,文化、艺术与传媒,ART,出版写作,技术文档写作,Technical Writer,2641,27-3042.00,东亚,中国,CN,country,general,本科,22-35,global,4.9,5.0,5.7,8.0,5.3,5.5,5.7,4.8,7.7,5.0,6.2,7.7,6.0,2.4,2.3,7.0,6.4,2.6,4.4,6.4,7.3,7.9,4.9,8.0,6.8,5.5,7.2,5.4,1.8,1.2,4.8,6.6,5.7,3.4,1,-1,→,2026-2030,5.93,中国技术文档写作：加班文化严重,China Technical Writer: heavy overtime culture,AI综合评估 + O*NET/ILO/OECD锚点校准,2026-04-13,2026-04-13,2000-2026,480000
ENG-0209-CN-general,工程与制造,ENG,电气工程,电力系统规划工程师,Power System Planning Engineer,2151,17-2071.00,东亚,中国,CN,country,general,本科/硕士,22-28,global,5.7,6.0,6.4,7.2,7.8,7.2,6.4,6.8,9.1,7.2,7.7,6.3,4.6,1.9,2.3,7.4,5.8,1.0,5.9,7.0,4.1,5.4,2.7,7.2,4.8,4.6,6.3,4.8,3.1,5.1,4.5,3.8,4.8,2.6,2,2,↑,2028-2033,5.92,中国电力系统规划工程师：薪资回报高，加班文化严重，就业稳定,"China Power System Planning Engineer: high compensation, heavy overtime culture, stable employment",AI综合评估 + O*NET/ILO/OECD锚点校准,2026-04-13,2026-04-13,2000-2026,901000
ART-0608-CN-general,文化、艺术与传媒,ART,设计创意,包装设计师,Packaging Designer,2166,27-1024.00,东亚,中国,CN,country,general,本科,20-28,global,5.3,5.3,5.8,7.2,6.9,7.0,6.0,6.6,6.6,6.0,4.5,7.7,6.9,1.7,3.3,7.7,6.6,1.6,4.9,6.0,5.7,7.2,3.4,7.5,7.1,5.6,6.3,5.7,2.1,1.3,5.8,7.0,5.1,3.8,3,1,→,2028-2033,5.92,中国包装设计师：加班文化严重,China Packaging Designer: heavy overtime culture,AI综合评估 + O*NET/ILO/OECD锚点校准,2026-04-13,2026-04-13,2000-2026,292000
ART-0702-CN-general,文化、艺术与传媒,ART,动画游戏,3D动画师,3D Animator,2166,27-1014.00,东亚,中国,CN,country,general,本科,20-28,global,5.3,5.4,7.1,6.7,7.5,6.8,7.4,7.4,8.8,6.3,5.5,7.5,6.0,0.7,5.0,6.3,5.8,2.1,5.9,6.2,5.5,5.4,1.4,7.5,5.4,5.1,5.7,5.4,2.2,1.9,5.6,5.1,4.9,5.1,4,3,↑,2028-2033,5.92,中国3D动画师：薪资回报高，加班文化严重,"China 3D Animator: high compensation, heavy overtime culture",AI综合评估 + O*NET/ILO/OECD锚点校准,2026-04-13,2026-04-13,2000-2026,787000
ART-0707-CN-general,文化、艺术与传媒,ART,动画游戏,游戏程序员,Game Programmer,2514,15-1252.00,东亚,中国,CN,country,general,本科,20-28,global,5.9,5.5,7.3,7.0,7.6,7.0,7.3,7.4,8.7,6.9,4.7,7.4,5.2,0.6,4.8,7.3,5.2,2.1,6.0,5.4,5.5,5.9,1.9,7.8,5.6,4.2,5.4,5.6,2.1,1.3,5.8,5.3,5.1,4.7,4,3,↑,2032-2038,5.92,中国游戏程序员：薪资回报高，加班文化严重,"China Game Programmer: high compensation, heavy overtime culture",AI综合评估 + O*NET/ILO/OECD锚点校准,2026-04-13,2026-04-13,2000-2026,752000
EDU-0503-CN-general,教育与学术,EDU,学术研究,人文学科研究员,Humanities Researcher,2633,25-1126.00,东亚,中国,CN,country,general,博士,27-35,global,8.3,8.2,3.2,9.3,6.5,5.2,4.4,4.5,7.0,3.8,8.5,9.7,5.2,2.5,2.1,6.8,6.2,1.4,6.4,7.3,9.0,8.9,4.2,8.5,4.1,5.4,8.3,5.0,0.5,7.9,2.2,7.7,6.5,2.3,0,0,→,2032-2038,5.92,中国人文学科研究员：远程友好度高，加班文化严重，就业稳定,"China Humanities Researcher: highly remote-friendly, heavy overtime culture, stable employment",AI综合评估 + O*NET/ILO/UNESCO锚点校准,2026-04-13,2026-04-13,2000-2026,350000
MED-0209-CN-general,医疗与健康,MED,护理,麻醉护士,Nurse Anesthetist,2221,29-1151.00,东亚,中国,CN,country,general,大专/本科,20-24,global,7.3,7.1,7.8,7.3,9.1,10.0,8.5,9.3,7.9,5.8,8.2,6.9,3.3,0.0,1.7,4.6,4.8,1.7,7.5,7.0,0.9,6.6,2.1,7.3,3.9,3.4,5.4,8.9,6.3,7.8,0.5,3.4,6.1,2.3,3,4,↑↑,2035+,5.92,中国麻醉护士：人才需求旺盛，AI替代抗性强，加班文化严重,"China Nurse Anesthetist: strong talent demand, strong AI resistance, heavy overtime culture",AI综合评估 + O*NET/ILO/WHO锚点校准,2026-04-13,2026-04-13,2000-2026,525000
FIN-0601-CN-general,金融与商业,FIN,房地产,房地产经纪人,Real Estate Agent,3334,41-9022.00,东亚,中国,CN,country,general,大专/本科,22-30,global,4.4,4.2,6.7,7.1,8.5,10.0,5.7,5.7,7.8,7.7,4.4,9.0,5.3,1.5,3.1,5.3,5.4,2.7,5.5,6.3,4.7,7.3,3.3,6.1,9.8,4.3,6.5,8.3,3.4,4.1,8.6,7.0,3.4,2.5,2,0,→,2028-2033,5.92,中国房地产经纪人：加班文化严重,China Real Estate Agent: heavy overtime culture,AI综合评估 + O*NET/ILO/BIS锚点校准,2026-04-13,2026-04-13,2000-2026,502000
ART-0808-CN-general,文化、艺术与传媒,ART,广告公关,广告客户经理,Account Executive (Advertising),2431,11-2011.00,东亚,中国,CN,country,general,本科,22-28,global,4.9,5.1,6.2,7.2,7.2,7.7,6.0,6.3,7.5,6.8,5.3,7.9,5.7,0.9,4.1,7.1,7.2,1.9,5.0,6.0,6.5,4.9,2.2,6.4,6.3,5.6,5.7,8.7,2.3,1.6,6.1,5.2,5.2,3.9,3,1,→,2028-2033,5.91,中国广告客户经理：加班文化严重,China Account Executive (Advertising): heavy overtime culture,AI综合评估 + O*NET/ILO/OECD锚点校准,2026-04-13,2026-04-13,2000-2026,438000
ENG-1004-CN-general,工程与制造,ENG,质量控制,标准化工程师,Standards Engineer,2141,17-2112.01,东亚,中国,CN,country,general,本科,22-28,global,5.9,5.9,6.5,7.7,7.5,8.0,6.3,6.0,8.0,6.8,7.7,7.0,5.1,2.9,3.5,6.4,6.0,0.9,5.1,6.6,4.3,5.0,4.4,5.8,4.9,4.8,6.4,5.7,2.6,3.5,5.1,3.5,5.2,2.9,2,2,↑,2028-2033,5.91,中国标准化工程师：薪资回报高，加班文化严重，就业稳定,"China Standards Engineer: high compensation, heavy overtime culture, stable employment",AI综合评估 + O*NET/ILO/OECD锚点校准,2026-04-13,2026-04-13,2000-2026,549000
FIN-0606-CN-general,金融与商业,FIN,房地产,REITs分析师,REIT Analyst,2413,13-2051.00,东亚,中国,CN,country,general,本科/硕士,24-28,global,6.3,6.6,6.3,7.0,8.1,10.0,5.7,5.3,10.0,7.9,5.2,8.9,6.1,1.5,2.4,5.8,5.2,2.3,4.4,6.9,7.2,7.3,2.9,5.9,9.5,4.5,6.5,7.8,3.3,4.3,8.6,6.1,3.9,2.9,2,0,→,2028-2033,5.91,中国REITs分析师：薪资回报高，加班文化严重,"China REIT Analyst: high compensation, heavy overtime culture",AI综合评估 + O*NET/ILO/BIS锚点校准,2026-04-13,2026-04-13,2000-2026,1350000
ENG-0208-CN-general,工程与制造,ENG,电气工程,电磁兼容工程师,EMC Engineer,2152,17-2072.00,东亚,中国,CN,country,general,本科/硕士,22-28,global,7.4,7.1,6.5,7.0,8.0,5.9,7.0,7.2,7.9,8.5,7.2,6.8,3.9,2.4,3.1,7.2,6.0,1.2,7.0,8.1,3.3,5.7,2.8,6.6,4.6,4.6,5.9,5.0,3.4,3.8,5.4,3.6,4.5,2.6,2,2,↑,2032-2038,5.91,中国电磁兼容工程师：加班文化严重,China EMC Engineer: heavy overtime culture,AI综合评估 + O*NET/ILO/OECD锚点校准,2026-04-13,2026-04-13,2000-2026,525000
SKL-0102-CN-general,技术工种与手工业,SKL,电气技术,电梯维修技师,Elevator Repair Technician,7412,47-4021.00,东亚,中国,CN,country,general,职校/学徒,18-25,global,4.5,3.2,7.3,8.0,7.5,8.3,7.9,8.1,6.1,6.6,7.1,4.2,4.9,2.4,3.6,6.7,5.7,1.6,7.9,5.5,0.2,6.3,2.2,7.1,6.9,2.4,5.7,5.5,6.0,6.7,4.4,6.2,5.2,3.7,3,3,↑,2035+,5.91,中国电梯维修技师：人才需求旺盛，AI替代抗性强，加班文化严重,"China Elevator Repair Technician: strong talent demand, strong AI resistance, heavy overtime culture",AI综合评估 + O*NET/ILO/OECD锚点校准,2026-04-13,2026-04-13,2000-2026,233000
MED-0803-CN-general,医疗与健康,MED,眼科,配镜师,Optician / Dispensing Optician,3254,29-2081.00,东亚,中国,CN,country,general,大专,18-24,global,4.3,3.6,7.2,7.8,9.1,8.7,7.8,7.3,4.3,7.2,7.6,8.9,4.3,1.5,2.0,5.0,4.0,1.7,4.9,4.3,1.2,5.9,3.6,7.8,8.1,5.9,7.0,7.5,2.3,4.4,2.2,3.7,4.9,3.8,3,2,↑,2028-2033,5.91,中国配镜师：薪资水平偏低，人才需求旺盛，加班文化严重,"China Optician / Dispensing Optician: relatively low pay, strong talent demand, heavy overtime culture",AI综合评估 + O*NET/ILO/WHO锚点校准,2026-04-13,2026-04-13,2000-2026,104000
MED-0305-CN-general,医疗与健康,MED,药学,药品销售代表,Pharmaceutical Sales Representative,2433,41-4011.00,东亚,中国,CN,country,general,本科,22-28,global,4.6,4.2,6.2,8.0,8.5,10.0,6.9,4.6,7.8,6.7,7.5,8.4,5.1,1.0,2.6,6.3,5.2,2.9,4.9,7.5,4.7,4.8,2.9,7.0,7.2,5.0,6.8,9.0,3.9,2.8,4.3,2.7,4.4,4.5,2,1,→,2028-2033,5.91,中国药品销售代表：加班文化严重，就业稳定,"China Pharmaceutical Sales Representative: heavy overtime culture, stable employment",AI综合评估 + O*NET/ILO/WHO锚点校准,2026-04-13,2026-04-13,2000-2026,502000
MED-1113-CN-general,医疗与健康,MED,医疗管理,医疗翻译,Medical Interpreter,2643,27-3091.00,东亚,中国,CN,country,general,本科,22-30,global,5.4,5.4,6.5,7.8,8.8,9.2,6.0,5.0,4.1,7.0,6.8,8.4,4.9,1.6,2.7,6.7,6.1,1.3,5.4,5.7,6.3,4.4,3.1,5.6,5.1,6.5,6.6,6.7,2.1,3.9,1.4,6.5,6.5,3.5,3,3,↑,2028-2033,5.9,中国医疗翻译：薪资水平偏低，加班文化严重,"China Medical Interpreter: relatively low pay, heavy overtime culture",AI综合评估 + O*NET/ILO/WHO锚点校准,2026-04-13,2026-04-13,2000-2026,95000
ART-0806-CN-general,文化、艺术与传媒,ART,广告公关,活动策划师,Event Planner,3332,13-1121.00,东亚,中国,CN,country,general,本科,22-28,global,4.3,5.4,6.1,7.8,7.6,8.1,6.8,6.2,6.5,6.8,4.8,7.9,5.5,0.7,4.0,6.9,6.9,1.4,4.9,6.0,2.3,5.9,3.2,6.2,7.8,5.9,6.7,8.1,4.2,1.8,5.1,6.0,5.2,3.7,3,1,→,2028-2033,5.9,中国活动策划师：加班文化严重,China Event Planner: heavy overtime culture,AI综合评估 + O*NET/ILO/OECD锚点校准,2026-04-13,2026-04-13,2000-2026,280000
AGR-0902-CN-general,农业、资源与环境,AGR,农业科技,垂直农场运营经理,Vertical Farm Operations Manager,6111,45-2091.00,东亚,中国,CN,country,general,本科,24-35,global,6.3,6.5,9.1,7.6,7.0,5.1,8.1,7.5,6.8,6.6,6.6,6.8,5.2,2.0,3.8,6.2,6.2,1.8,5.8,6.1,2.7,6.7,3.2,6.8,6.9,5.4,5.1,5.9,4.3,3.3,4.8,4.2,4.6,2.8,3,5,↑↑,2028-2033,5.9,中国垂直农场运营经理：人才需求旺盛，加班文化严重，近年增长迅猛,"China Vertical Farm Operations Manager: strong talent demand, heavy overtime culture, rapid recent growth",AI综合评估 + O*NET/ILO/OECD锚点校准,2026-04-13,2026-04-13,2000-2026,320000
TRA-0510-CN-general,交通运输与物流,TRA,物流管理,物流自动化工程师,Logistics Automation Engineer,2141,17-2112.00,东亚,中国,CN,country,general,本科/硕士,24-32,global,7.6,6.9,9.2,6.8,7.3,8.1,7.6,8.4,8.7,7.1,5.8,7.4,5.2,1.9,4.0,5.8,4.7,1.4,6.5,6.8,3.1,5.4,3.1,4.7,6.0,5.1,5.9,5.9,2.2,3.3,6.9,2.9,4.8,3.2,3,5,↑↑,2032-2038,5.9,中国物流自动化工程师：薪资回报高，人才需求旺盛，加班文化严重,"China Logistics Automation Engineer: high compensation, strong talent demand, heavy overtime culture",AI综合评估 + O*NET/ILO/OECD锚点校准,2026-04-13,2026-04-13,2000-2026,752000
ENG-0309-CN-general,工程与制造,ENG,化学工程,食品工程师,Food Engineer,2145,17-2041.00,东亚,中国,CN,country,general,本科/硕士,22-28,global,5.3,5.5,6.3,7.8,7.6,9.0,6.5,6.9,9.0,7.8,7.5,6.0,2.9,1.4,2.8,6.9,5.9,0.9,5.5,6.5,3.2,4.8,2.9,7.5,5.2,4.4,5.9,4.5,3.6,3.3,4.6,3.3,5.1,3.4,2,1,→,2028-2033,5.9,中国食品工程师：薪资回报高，加班文化严重，就业稳定,"China Food Engineer: high compensation, heavy overtime culture, stable employment",AI综合评估 + O*NET/ILO/OECD锚点校准,2026-04-13,2026-04-13,2000-2026,861000
MED-0207-CN-general,医疗与健康,MED,护理,社区护士,Community Health Nurse,2221,29-1141.00,东亚,中国,CN,country,general,大专/本科,20-24,global,5.0,5.1,7.7,7.2,9.3,10.0,9.0,7.3,4.0,6.1,9.0,6.4,2.8,2.0,2.8,4.7,5.0,1.7,7.2,5.9,3.6,3.1,3.1,7.3,3.6,4.4,5.2,8.8,5.1,6.9,1.0,4.2,5.9,2.4,3,4,↑↑,2032-2038,5.9,中国社区护士：薪资水平偏低，人才需求旺盛，加班文化严重,"China Community Health Nurse: relatively low pay, strong talent demand, heavy overtime culture",AI综合评估 + O*NET/ILO/WHO锚点校准,2026-04-13,2026-04-13,2000-2026,91000
ART-0809-CN-general,文化、艺术与传媒,ART,广告公关,市场研究分析师,Market Research Analyst,2431,13-1161.00,东亚,中国,CN,country,general,本科,22-28,global,4.9,5.6,6.8,7.8,7.6,8.5,6.0,6.3,6.6,6.0,4.6,8.2,7.0,1.2,3.5,7.1,6.6,1.9,5.5,6.4,5.4,5.2,2.7,6.4,5.7,4.4,6.5,7.3,1.6,1.2,5.5,6.0,5.3,3.9,3,1,→,2028-2033,5.9,中国市场研究分析师：加班文化严重,China Market Research Analyst: heavy overtime culture,AI综合评估 + O*NET/ILO/OECD锚点校准,2026-04-13,2026-04-13,2000-2026,292000
MED-0202-CN-general,医疗与健康,MED,护理,护理师,Nurse Practitioner,2221,29-1171.00,东亚,中国,CN,country,general,大专/本科,20-24,global,7.1,6.8,7.4,7.3,9.1,10.0,9.8,8.9,5.7,5.8,8.7,6.9,2.6,0.0,0.6,5.3,5.2,1.7,7.4,7.6,2.7,5.9,1.4,7.8,4.3,3.0,5.2,8.1,6.0,6.3,1.4,3.8,6.7,2.8,3,5,↑↑,2032-2038,5.9,中国护理师：人才需求旺盛，加班文化严重，就业稳定,"China Nurse Practitioner: strong talent demand, heavy overtime culture, stable employment",AI综合评估 + O*NET/ILO/WHO锚点校准,2026-04-13,2026-04-13,2000-2026,195000
ART-0309-CN-general,文化、艺术与传媒,ART,出版写作,漫画家/插画师,Comic Artist / Illustrator,2651,27-1013.00,东亚,中国,CN,country,general,本科,22-35,global,5.6,4.8,4.9,7.7,5.2,5.7,4.3,5.1,5.8,5.3,5.0,7.7,6.5,2.4,2.8,7.3,5.8,3.1,6.7,5.4,8.0,7.5,4.7,9.4,8.3,6.1,7.0,5.3,1.5,1.3,4.2,6.7,5.9,3.2,1,-1,→,2032-2038,5.9,中国漫画家/插画师：加班文化严重,China Comic Artist / Illustrator: heavy overtime culture,AI综合评估 + O*NET/ILO/OECD锚点校准,2026-04-13,2026-04-13,2000-2026,204000
MED-1110-CN-general,医疗与健康,MED,医疗管理,医疗器械技师,Biomedical Equipment Technician,3211,49-9062.00,东亚,中国,CN,country,general,大专/本科,20-26,global,5.5,4.6,6.6,7.3,8.2,9.8,7.7,5.8,4.7,6.3,7.0,8.7,5.8,1.1,3.6,7.0,6.3,1.4,6.5,6.3,2.3,4.4,3.1,6.1,5.0,5.3,6.4,6.7,4.3,4.4,1.6,5.0,4.4,3.0,3,3,↑,2032-2038,5.9,中国医疗器械技师：人才需求旺盛，加班文化严重,"China Biomedical Equipment Technician: strong talent demand, heavy overtime culture",AI综合评估 + O*NET/ILO/WHO锚点校准,2026-04-13,2026-04-13,2000-2026,124000
MED-1105-CN-general,医疗与健康,MED,医疗管理,临床研究协调员,Clinical Research Coordinator,2269,11-9121.01,东亚,中国,CN,country,general,本科/硕士,24-30,global,5.8,5.3,6.6,7.5,8.7,9.4,7.5,5.6,5.3,5.9,7.1,8.6,6.0,1.3,2.8,6.2,7.2,1.6,5.1,6.7,4.3,5.1,3.4,5.9,4.6,6.2,6.8,7.0,2.0,3.8,1.9,4.8,4.4,3.5,3,4,↑↑,2028-2033,5.9,中国临床研究协调员：人才需求旺盛，加班文化严重，近年增长迅猛,"China Clinical Research Coordinator: strong talent demand, heavy overtime culture, rapid recent growth",AI综合评估 + O*NET/ILO/WHO锚点校准,2026-04-13,2026-04-13,2000-2026,163000
ENG-0401-CN-general,工程与制造,ENG,土木与建筑,结构工程师,Structural Engineer,2142,17-2051.00,东亚,中国,CN,country,general,本科/硕士,22-28,global,6.0,6.1,6.6,8.0,10.0,10.0,7.7,6.5,9.1,7.5,6.0,5.3,3.6,1.2,2.1,6.3,5.2,0.9,8.0,7.9,2.3,5.0,3.4,6.1,4.7,4.2,6.4,6.2,4.7,5.8,6.0,2.9,3.8,3.6,2,2,↑,2035+,5.89,中国结构工程师：薪资回报高，人才需求旺盛，AI替代抗性强,"China Structural Engineer: high compensation, strong talent demand, strong AI resistance",AI综合评估 + O*NET/ILO/OECD锚点校准,2026-04-13,2026-04-13,2000-2026,901000
LAW-0908-CN-general,法律与社会服务,LAW,心理社会服务,遗产规划顾问,Estate Planning Advisor,2611,23-1011.00,东亚,中国,CN,country,general,法学/金融硕士,26-32,global,7.3,7.0,6.3,8.6,6.1,5.2,6.0,5.7,7.2,6.1,6.3,9.2,5.7,3.5,4.5,6.3,6.1,1.4,5.7,6.4,5.8,6.9,3.7,6.1,7.6,5.3,7.5,7.4,0.4,7.2,2.6,3.6,4.2,4.3,2,1,→,2028-2033,5.89,中国遗产规划顾问：加班文化严重,China Estate Planning Advisor: heavy overtime culture,AI综合评估 + O*NET/ILO/OECD锚点校准,2026-04-13,2026-04-13,2000-2026,383000
MED-0117-CN-general,医疗与健康,MED,临床医学,整形外科医生,Plastic Surgeon,2212,29-1241.00,东亚,中国,CN,country,general,博士/医学学位,28-35,global,9.4,9.1,7.4,8.9,9.6,9.5,7.2,6.3,10.0,4.9,8.5,6.9,3.8,0.7,2.1,5.4,4.9,2.8,7.0,9.0,2.3,5.6,3.1,7.7,9.0,5.6,6.8,7.9,4.7,9.0,3.4,5.1,5.0,3.7,3,3,↑,2032-2038,5.89,中国整形外科医生：薪资回报高，加班文化严重，就业稳定,"China Plastic Surgeon: high compensation, heavy overtime culture, stable employment",AI综合评估 + O*NET/ILO/WHO锚点校准,2026-04-13,2026-04-13,2000-2026,1350000
ART-0710-CN-general,文化、艺术与传媒,ART,动画游戏,技术美术(TA),Technical Artist,2166,27-1014.00,东亚,中国,CN,country,general,本科,20-28,global,7.1,5.0,8.3,7.3,8.0,7.0,7.7,7.0,8.2,5.8,4.6,7.4,5.2,0.0,4.3,7.1,6.1,2.2,6.3,5.4,5.6,5.9,1.8,8.2,6.0,3.6,6.1,5.8,2.8,1.9,5.8,4.5,5.4,4.9,4,3,↑,2032-2038,5.89,中国技术美术(TA)：薪资回报高，人才需求旺盛，加班文化严重,"China Technical Artist: high compensation, strong talent demand, heavy overtime culture",AI综合评估 + O*NET/ILO/OECD锚点校准,2026-04-13,2026-04-13,2000-2026,601000
GOV-0503-CN-general,公共管理与公务员,GOV,国际组织,国际发展顾问,International Development Advisor,2422,19-3094.00,东亚,中国,CN,country,general,硕士/博士,28-38,global,7.1,8.3,5.7,8.5,4.4,4.0,6.4,6.1,6.8,6.4,8.1,6.9,5.4,3.9,3.4,7.3,6.3,2.0,7.4,9.3,4.5,5.8,2.6,8.7,3.9,7.1,4.9,8.5,3.1,8.3,2.3,1.9,9.1,5.8,1,2,↑,2032-2038,5.89,中国国际发展顾问：就业稳定,China International Development Advisor: stable employment,AI综合评估 + O*NET/ILO/OECD锚点校准,2026-04-13,2026-04-13,2000-2026,320000
ENG-1003-CN-general,工程与制造,ENG,质量控制,计量工程师,Metrology Engineer,2149,17-2112.01,东亚,中国,CN,country,general,本科,22-28,global,6.1,6.6,5.7,7.5,8.1,6.5,6.1,6.8,7.8,6.7,7.3,7.3,4.2,3.4,3.7,6.8,6.2,0.3,7.0,6.7,2.7,4.9,2.9,6.2,4.3,4.2,6.7,6.0,3.3,4.4,4.1,3.5,4.3,2.5,2,2,↑,2032-2038,5.89,中国计量工程师：加班文化严重,China Metrology Engineer: heavy overtime culture,AI综合评估 + O*NET/ILO/OECD锚点校准,2026-04-13,2026-04-13,2000-2026,502000
MED-1106-CN-general,医疗与健康,MED,医疗管理,医疗编码员,Medical Coder,3252,29-2071.00,东亚,中国,CN,country,general,大专/本科,20-28,global,4.1,4.0,7.3,7.9,8.5,9.0,7.2,5.0,3.8,5.9,8.0,8.9,4.8,1.0,3.6,7.1,6.3,1.4,3.4,5.7,8.5,4.5,2.9,6.1,5.0,5.6,6.2,6.7,1.7,4.6,1.5,4.4,4.6,3.7,3,0,→,2026-2030,5.89,中国医疗编码员：薪资水平偏低，AI替代风险较高，远程友好度高,"China Medical Coder: relatively low pay, high AI displacement risk, highly remote-friendly",AI综合评估 + O*NET/ILO/WHO锚点校准,2026-04-13,2026-04-13,2000-2026,83000
ART-0706-CN-general,文化、艺术与传媒,ART,动画游戏,游戏音效设计师,Game Sound Designer,3521,27-4014.00,东亚,中国,CN,country,general,本科,20-28,global,5.6,4.7,7.2,7.1,7.3,5.5,6.9,6.8,6.3,6.4,5.0,7.7,5.7,0.0,5.0,6.6,5.7,1.9,7.0,6.0,6.2,5.9,1.5,8.1,5.8,5.1,5.3,5.5,2.6,1.3,6.0,5.3,5.5,4.9,4,2,↑,2032-2038,5.88,中国游戏音效设计师：加班文化严重,China Game Sound Designer: heavy overtime culture,AI综合评估 + O*NET/ILO/OECD锚点校准,2026-04-13,2026-04-13,2000-2026,255000
TECH-0306-CN-general,信息技术与数字化,TECH,网络与安全,系统管理员,System Administrator,2522,15-1244.00,东亚,中国,CN,country,general,大专/本科,22-28,global,4.7,3.9,6.5,6.8,7.8,10.0,5.3,5.5,7.2,7.1,4.9,9.7,5.2,0.9,4.3,5.4,6.6,1.3,5.0,6.7,4.1,5.2,3.7,5.5,5.8,4.6,5.4,4.8,1.9,2.0,4.2,5.0,5.3,2.6,0,-1,→,2028-2033,5.88,中国系统管理员：加班文化严重,China System Administrator: heavy overtime culture,AI综合评估 + O*NET/ILO/OECD锚点校准,2026-04-13,2026-04-13,2000-2026,383000
MED-0704-CN-general,医疗与健康,MED,口腔,口腔颌面外科医生,Oral & Maxillofacial Surgeon,2261,29-1022.00,东亚,中国,CN,country,general,博士/医学学位,26-32,global,9.9,9.9,7.3,8.1,8.4,8.5,6.7,6.6,10.0,6.0,8.2,6.7,4.1,0.0,1.1,4.5,4.6,1.3,8.1,9.7,1.9,7.1,4.6,7.5,9.0,5.0,5.7,7.6,6.6,8.6,2.4,4.3,4.2,3.7,3,3,↑,2035+,5.88,中国口腔颌面外科医生：薪资回报高，AI替代抗性强，加班文化严重,"China Oral & Maxillofacial Surgeon: high compensation, strong AI resistance, heavy overtime culture",AI综合评估 + O*NET/ILO/WHO锚点校准,2026-04-13,2026-04-13,2000-2026,1350000
TECH-0301-CN-general,信息技术与数字化,TECH,网络与安全,网络工程师,Network Engineer,2523,15-1241.00,东亚,中国,CN,country,general,本科/大专,22-28,global,5.5,5.0,7.0,6.8,8.0,9.9,6.4,6.1,7.6,6.9,5.9,9.2,4.5,1.1,4.0,6.3,5.9,1.3,4.9,6.4,3.7,5.0,3.0,6.6,6.2,3.4,5.7,4.8,2.0,2.4,4.0,4.7,5.3,3.4,2,1,→,2028-2033,5.88,中国网络工程师：加班文化严重,China Network Engineer: heavy overtime culture,AI综合评估 + O*NET/ILO/OECD锚点校准,2026-04-13,2026-04-13,2000-2026,459000
MED-0302-CN-general,医疗与健康,MED,药学,临床药师,Clinical Pharmacist,2262,29-1051.00,东亚,中国,CN,country,general,本科/硕士,22-26,global,7.6,7.0,6.4,7.7,8.4,10.0,7.3,5.0,8.3,6.0,7.7,8.7,5.5,1.7,2.8,6.2,5.4,1.6,6.3,7.5,2.4,4.8,3.4,6.4,6.7,5.5,6.6,7.2,2.3,7.4,1.2,3.9,4.4,4.0,2,3,↑,2032-2038,5.88,中国临床药师：薪资回报高，加班文化严重，就业稳定,"China Clinical Pharmacist: high compensation, heavy overtime culture, stable employment",AI综合评估 + O*NET/ILO/WHO锚点校准,2026-04-13,2026-04-13,2000-2026,628000
MED-0105-CN-general,医疗与健康,MED,临床医学,放射科医生,Radiologist,2212,29-1224.00,东亚,中国,CN,country,general,博士/医学学位,28-35,global,8.9,9.0,7.8,8.6,9.4,10.0,8.0,6.6,7.9,4.9,8.7,6.9,4.3,1.3,3.3,5.4,5.0,2.3,3.8,9.1,5.4,6.1,4.4,7.7,5.9,4.9,6.3,7.8,1.8,8.6,1.2,3.6,4.9,3.7,3,1,→,2026-2030,5.88,中国放射科医生：人才需求旺盛，AI替代风险较高，加班文化严重,"China Radiologist: strong talent demand, high AI displacement risk, heavy overtime culture",AI综合评估 + O*NET/ILO/WHO锚点校准,2026-04-13,2026-04-13,2000-2026,525000
TRA-0502-CN-general,交通运输与物流,TRA,物流管理,物流经理,Logistics Manager,1324,11-3071.01,东亚,中国,CN,country,general,本科,28-38,global,4.6,3.8,6.8,6.7,8.0,8.6,6.1,6.5,8.0,5.5,6.3,7.9,4.7,1.1,3.5,6.0,6.5,1.9,6.0,7.2,4.2,6.9,3.4,5.7,5.6,4.2,6.2,7.7,4.6,3.3,7.2,3.7,4.5,3.4,3,3,↑,2028-2033,5.88,中国物流经理：薪资回报高，加班文化严重,"China Logistics Manager: high compensation, heavy overtime culture",AI综合评估 + O*NET/ILO/OECD锚点校准,2026-04-13,2026-04-13,2000-2026,549000
SKL-0104-CN-general,技术工种与手工业,SKL,电气技术,工业电气技师,Industrial Electrician,7411,47-2111.00,东亚,中国,CN,country,general,职校/学徒,18-25,global,5.3,3.7,7.3,7.7,7.2,8.7,6.7,7.4,8.0,7.5,6.4,4.7,5.2,2.1,3.5,5.9,5.5,1.5,7.9,4.8,0.7,6.2,2.7,7.0,6.8,1.7,6.0,5.4,6.9,5.8,5.3,7.2,5.2,3.3,3,3,↑,2035+,5.88,中国工业电气技师：薪资回报高，AI替代抗性强，加班文化严重,"China Industrial Electrician: high compensation, strong AI resistance, heavy overtime culture",AI综合评估 + O*NET/ILO/OECD锚点校准,2026-04-13,2026-04-13,2000-2026,549000
EDU-0605-CN-general,教育与学术,EDU,教育管理,教育督导,Education Inspector / Superintendent,1345,11-9032.00,东亚,中国,CN,country,general,硕士+行政经验,35-45,global,7.1,7.4,3.7,8.5,5.5,5.6,4.3,5.5,7.6,5.1,10.0,9.7,4.9,2.0,2.3,6.1,5.0,0.9,7.9,8.6,5.6,6.4,3.9,7.0,4.1,5.0,7.5,7.7,2.2,6.3,0.9,3.9,3.4,3.6,1,1,→,2035+,5.87,中国教育督导：AI替代抗性强，加班文化严重，就业稳定,"China Education Inspector / Superintendent: strong AI resistance, heavy overtime culture, stable employment",AI综合评估 + O*NET/ILO/UNESCO锚点校准,2026-04-13,2026-04-13,2000-2026,459000
FIN-0203-CN-general,金融与商业,FIN,证券投资,投行分析师,Investment Banking Analyst,2411,13-2051.00,东亚,中国,CN,country,general,本科/硕士,22-28,global,7.6,6.7,7.9,6.9,9.2,9.7,7.8,7.9,10.0,8.0,4.5,9.2,3.5,0.0,0.0,6.3,6.5,2.4,4.9,9.1,6.1,6.0,0.0,5.4,7.4,4.6,5.0,6.9,0.1,5.6,8.2,4.1,6.8,4.2,3,1,→,2028-2033,5.87,中国投行分析师：薪资回报高，人才需求旺盛，加班文化严重,"China Investment Banking Analyst: high compensation, strong talent demand, heavy overtime culture",AI综合评估 + O*NET/ILO/BIS锚点校准,2026-04-13,2026-04-13,2000-2026,1350000
TECH-0110-CN-general,信息技术与数字化,TECH,软件开发,低代码/无代码开发者,Low-Code/No-Code Developer,2514,15-1252.00,东亚,中国,CN,country,general,大专/自学,20-35,global,2.9,2.5,7.3,4.2,8.7,7.1,6.4,5.3,5.7,7.9,3.2,9.5,5.4,2.4,3.4,5.7,6.5,2.4,3.6,5.4,6.8,4.2,4.4,5.7,7.4,5.7,6.5,5.2,0.8,0.0,5.2,6.9,4.5,2.1,2,4,↑↑,2026-2030,5.87,中国低代码/无代码开发者：AI替代风险较高，加班文化严重，就业波动大,"China Low-Code/No-Code Developer: high AI displacement risk, heavy overtime culture, volatile employment",AI综合评估 + O*NET/ILO/OECD锚点校准,2026-04-13,2026-04-13,2000-2026,195000
SKL-0204-CN-general,技术工种与手工业,SKL,管道暖通,管道安装工,Pipefitter,7126,47-2152.02,东亚,中国,CN,country,general,职校/学徒,18-25,global,3.7,3.2,6.4,7.8,7.2,8.4,6.7,7.5,7.5,6.8,6.9,4.2,4.4,1.9,2.8,6.4,4.8,1.8,8.1,4.8,0.0,6.5,2.7,6.9,7.5,2.5,5.9,5.9,7.3,5.6,4.5,6.7,5.7,2.6,3,3,↑,2035+,5.87,中国管道安装工：AI替代抗性强，加班文化严重,"China Pipefitter: strong AI resistance, heavy overtime culture",AI综合评估 + O*NET/ILO/OECD锚点校准,2026-04-13,2026-04-13,2000-2026,438000
ART-0703-CN-general,文化、艺术与传媒,ART,动画游戏,游戏策划,Game Designer / Game Planner,2166,15-1255.01,东亚,中国,CN,country,general,本科,20-28,global,5.3,5.4,7.2,7.0,7.9,7.4,6.5,7.3,6.6,6.7,5.1,7.5,5.8,0.0,4.2,6.7,6.1,1.9,7.1,5.8,5.1,5.5,1.5,7.5,5.6,4.2,5.2,6.4,2.8,1.9,5.5,4.9,5.7,4.5,4,2,↑,2032-2038,5.87,中国游戏策划：加班文化严重,China Game Designer / Game Planner: heavy overtime culture,AI综合评估 + O*NET/ILO/OECD锚点校准,2026-04-13,2026-04-13,2000-2026,292000
SKL-0108-CN-general,技术工种与手工业,SKL,电气技术,电动车充电桩安装技师,EV Charging Station Installer,7411,47-2111.00,东亚,中国,CN,country,general,职校/学徒,18-25,global,4.3,3.8,8.5,8.3,6.8,7.1,7.4,6.9,7.2,6.7,6.5,4.9,5.1,2.1,3.2,6.7,5.7,1.5,7.4,5.6,0.2,6.7,2.5,6.6,6.8,1.6,5.5,5.8,6.4,5.9,5.3,6.6,4.8,2.9,4,5,↑↑,2032-2038,5.86,中国电动车充电桩安装技师：加班文化严重，近年增长迅猛,"China EV Charging Station Installer: heavy overtime culture, rapid recent growth",AI综合评估 + O*NET/ILO/OECD锚点校准,2026-04-13,2026-04-13,2000-2026,383000
MED-0121-CN-general,医疗与健康,MED,临床医学,内分泌科医生,Endocrinologist,2212,29-1216.00,东亚,中国,CN,country,general,博士/医学学位,28-35,global,8.7,9.4,7.6,8.7,9.2,9.5,8.2,6.3,7.5,6.4,8.2,7.1,3.8,0.5,2.6,5.8,4.3,2.2,7.0,8.9,2.9,5.9,3.3,7.9,6.0,4.1,6.8,8.3,5.0,9.4,1.9,3.6,5.3,3.4,3,4,↑↑,2032-2038,5.86,中国内分泌科医生：人才需求旺盛，加班文化严重，就业稳定,"China Endocrinologist: strong talent demand, heavy overtime culture, stable employment",AI综合评估 + O*NET/ILO/WHO锚点校准,2026-04-13,2026-04-13,2000-2026,438000
ART-1203-CN-general,文化、艺术与传媒,ART,会展,拍卖师,Auctioneer,3339,27-2099.00,东亚,中国,CN,country,general,本科,22-30,global,4.3,4.3,5.9,7.7,6.5,6.0,5.3,5.5,8.0,5.3,5.3,7.4,6.3,1.6,3.0,6.8,6.0,1.6,7.9,6.7,4.2,5.0,2.1,6.9,6.6,4.9,6.7,8.9,4.4,3.0,6.5,5.3,5.4,4.3,3,1,→,2035+,5.86,中国拍卖师：薪资回报高，AI替代抗性强，加班文化严重,"China Auctioneer: high compensation, strong AI resistance, heavy overtime culture",AI综合评估 + O*NET/ILO/OECD锚点校准,2026-04-13,2026-04-13,2000-2026,549000
MED-0116-CN-general,医疗与健康,MED,临床医学,耳鼻喉科医生,Otolaryngologist (ENT),2212,29-1241.00,东亚,中国,CN,country,general,博士/医学学位,28-35,global,9.3,9.4,7.8,8.6,9.5,9.5,8.2,6.1,8.3,6.2,8.3,7.4,3.5,0.0,1.1,6.1,4.9,2.2,7.3,9.1,2.3,5.4,2.1,8.1,6.6,5.3,6.5,8.3,5.4,9.1,1.6,3.8,5.3,3.1,3,2,↑,2032-2038,5.86,中国耳鼻喉科医生：薪资回报高，人才需求旺盛，加班文化严重,"China Otolaryngologist (ENT): high compensation, strong talent demand, heavy overtime culture",AI综合评估 + O*NET/ILO/WHO锚点校准,2026-04-13,2026-04-13,2000-2026,628000
LAW-1002-CN-general,法律与社会服务,LAW,合规与监管,法规事务专员,Regulatory Affairs Specialist,2619,13-1041.00,东亚,中国,CN,country,general,本科/硕士,24-30,global,6.1,6.2,6.3,7.7,6.6,6.5,6.3,5.3,7.5,6.0,6.3,9.4,5.4,4.1,3.7,5.8,5.3,1.7,6.0,6.8,6.9,5.2,2.9,5.3,5.1,5.2,6.4,7.0,0.4,6.1,2.7,3.5,5.6,3.6,2,2,↑,2028-2033,5.86,中国法规事务专员：发展平稳,China Regulatory Affairs Specialist: steady development,AI综合评估 + O*NET/ILO/OECD锚点校准,2026-04-13,2026-04-13,2000-2026,438000
ENG-0108-CN-general,工程与制造,ENG,机械工程,振动与噪声工程师,Vibration & Acoustics Engineer,2144,17-2141.00,东亚,中国,CN,country,general,本科/硕士,22-28,global,7.0,7.4,6.2,7.4,6.9,5.7,5.7,7.5,8.2,6.6,7.2,7.3,3.9,1.7,2.8,7.4,5.8,1.2,7.5,6.8,3.1,5.4,4.4,7.6,4.7,3.8,6.0,5.0,3.0,2.4,4.9,3.4,5.4,3.1,2,2,↑,2032-2038,5.86,中国振动与噪声工程师：薪资回报高，AI替代抗性强，加班文化严重,"China Vibration & Acoustics Engineer: high compensation, strong AI resistance, heavy overtime culture",AI综合评估 + O*NET/ILO/OECD锚点校准,2026-04-13,2026-04-13,2000-2026,601000
ENG-0302-CN-general,工程与制造,ENG,化学工程,材料工程师,Materials Engineer,2146,17-2131.00,东亚,中国,CN,country,general,本科/硕士,22-28,global,6.8,6.9,7.1,7.3,7.7,7.5,7.1,7.8,8.1,7.5,7.0,5.3,3.2,2.2,2.6,6.7,5.2,0.8,6.9,7.6,2.1,4.9,2.9,7.6,4.2,3.5,6.2,4.8,3.2,3.3,4.4,3.7,5.1,2.8,2,2,↑,2032-2038,5.86,中国材料工程师：薪资回报高，加班文化严重,"China Materials Engineer: high compensation, heavy overtime culture",AI综合评估 + O*NET/ILO/OECD锚点校准,2026-04-13,2026-04-13,2000-2026,574000
ENG-0409-CN-general,工程与制造,ENG,土木与建筑,城市规划师,Urban Planner,2164,19-3051.00,东亚,中国,CN,country,general,本科/硕士,22-28,global,6.1,6.0,7.4,8.4,10.0,8.3,7.5,6.2,7.0,6.8,6.0,4.8,4.2,2.7,3.3,6.3,5.6,0.8,7.4,8.2,3.7,4.5,3.0,7.3,4.9,3.5,6.8,6.2,4.9,5.5,7.0,2.4,3.5,2.6,2,2,↑,2032-2038,5.85,中国城市规划师：人才需求旺盛，加班文化严重,"China Urban Planner: strong talent demand, heavy overtime culture",AI综合评估 + O*NET/ILO/OECD锚点校准,2026-04-13,2026-04-13,2000-2026,350000
ENG-1002-CN-general,工程与制造,ENG,质量控制,质量控制工程师(QC),Quality Control Engineer,2141,17-2112.01,东亚,中国,CN,country,general,本科,22-28,global,5.3,5.5,5.7,8.0,7.5,8.2,5.7,6.8,8.0,6.3,7.0,7.3,4.9,2.9,3.5,7.0,5.6,0.6,5.9,6.4,1.5,4.7,4.0,6.6,4.1,5.4,6.8,5.8,3.8,3.7,4.6,3.1,4.4,2.3,2,2,↑,2028-2033,5.85,中国质量控制工程师(QC)：薪资回报高，加班文化严重,"China Quality Control Engineer: high compensation, heavy overtime culture",AI综合评估 + O*NET/ILO/OECD锚点校准,2026-04-13,2026-04-13,2000-2026,549000
MED-0104-CN-general,医疗与健康,MED,临床医学,麻醉科医生,Anesthesiologist,2212,29-1211.00,东亚,中国,CN,country,general,博士/医学学位,28-35,global,8.7,9.6,7.8,8.5,8.5,9.7,8.5,7.3,9.6,5.9,8.3,6.2,4.1,0.0,0.1,5.7,4.9,1.8,6.7,8.4,2.4,5.4,0.9,8.7,6.4,5.2,7.2,7.9,5.8,8.9,0.9,3.8,5.4,3.4,3,3,↑,2032-2038,5.85,中国麻醉科医生：薪资回报高，人才需求旺盛，加班文化严重,"China Anesthesiologist: high compensation, strong talent demand, heavy overtime culture",AI综合评估 + O*NET/ILO/WHO锚点校准,2026-04-13,2026-04-13,2000-2026,1128000
ENG-0109-CN-general,工程与制造,ENG,机械工程,液压工程师,Hydraulic Systems Engineer,2144,17-2141.00,东亚,中国,CN,country,general,本科/硕士,22-28,global,6.0,5.9,6.6,7.9,7.0,7.1,6.4,7.2,7.6,6.6,6.3,7.3,4.1,2.7,2.2,6.5,6.2,1.3,6.7,8.0,1.9,5.2,3.7,6.8,5.2,3.7,6.2,5.3,3.7,2.5,5.9,3.4,5.7,2.5,2,2,↑,2032-2038,5.85,中国液压工程师：加班文化严重,China Hydraulic Systems Engineer: heavy overtime culture,AI综合评估 + O*NET/ILO/OECD锚点校准,2026-04-13,2026-04-13,2000-2026,459000
ENG-0907-CN-general,工程与制造,ENG,制造管理,设备维护经理,Maintenance Manager,1321,11-3051.00,东亚,中国,CN,country,general,本科,28-38,global,5.9,5.3,6.4,7.8,7.6,8.5,6.0,6.2,9.0,7.5,7.2,5.5,4.3,1.4,2.8,7.2,6.8,1.0,6.7,7.0,0.5,5.2,3.6,6.3,5.8,4.0,6.4,6.9,3.7,3.0,6.0,2.9,4.0,3.4,2,2,↑,2032-2038,5.85,中国设备维护经理：薪资回报高，加班文化严重,"China Maintenance Manager: high compensation, heavy overtime culture",AI综合评估 + O*NET/ILO/OECD锚点校准,2026-04-13,2026-04-13,2000-2026,861000
ART-0709-CN-general,文化、艺术与传媒,ART,动画游戏,游戏叙事设计师,Narrative Designer,2641,27-3043.00,东亚,中国,CN,country,general,本科,20-28,global,5.8,5.4,7.8,6.8,7.8,7.2,7.0,6.4,7.2,5.5,4.0,7.2,5.8,0.7,4.8,6.5,5.7,1.9,6.9,5.8,6.4,6.2,1.4,8.2,5.9,3.7,6.0,5.8,2.4,1.5,5.6,4.8,5.5,5.3,4,2,↑,2032-2038,5.85,中国游戏叙事设计师：加班文化严重，就业波动大,"China Narrative Designer: heavy overtime culture, volatile employment",AI综合评估 + O*NET/ILO/OECD锚点校准,2026-04-13,2026-04-13,2000-2026,383000
MED-0206-CN-general,医疗与健康,MED,护理,护士长,Head Nurse / Nurse Manager,1342,11-9111.00,东亚,中国,CN,country,general,大专/本科,20-24,global,6.4,6.4,6.9,7.2,8.9,10.0,9.0,7.6,5.3,6.3,8.1,6.9,2.8,0.8,1.1,5.5,5.8,1.5,7.9,6.5,1.8,5.3,2.1,6.7,3.7,3.6,5.4,9.3,6.2,6.3,0.8,3.6,6.7,2.7,3,3,↑,2035+,5.85,中国护士长：人才需求旺盛，AI替代抗性强，加班文化严重,"China Head Nurse / Nurse Manager: strong talent demand, strong AI resistance, heavy overtime culture",AI综合评估 + O*NET/ILO/WHO锚点校准,2026-04-13,2026-04-13,2000-2026,163000
ENG-1306-CN-general,工程与制造,ENG,环境工程,可靠性/可用性工程师(RAMS),"RAMS Engineer (Reliability, Availability)",2141,17-2112.01,东亚,中国,CN,country,general,本科/硕士,22-28,global,5.7,6.0,6.9,7.2,7.4,7.8,7.1,7.4,7.9,6.3,7.3,5.3,4.4,2.4,2.2,6.8,6.5,1.4,7.0,6.3,3.9,4.5,2.9,7.6,5.2,3.9,6.3,5.7,3.8,3.8,4.3,2.9,4.1,3.4,3,3,↑,2032-2038,5.85,中国可靠性/可用性工程师(RAMS)：加班文化严重,"China RAMS Engineer (Reliability, Availability): heavy overtime culture",AI综合评估 + O*NET/ILO/OECD锚点校准,2026-04-13,2026-04-13,2000-2026,525000
ENG-0213-CN-general,工程与制造,ENG,电气工程,光电工程师,Optoelectronics Engineer,2152,17-2072.00,东亚,中国,CN,country,general,本科/硕士,22-28,global,6.8,7.0,7.2,7.3,8.1,6.0,7.0,7.0,7.6,7.5,7.2,6.5,3.8,1.6,3.0,6.4,6.8,1.4,7.0,7.2,2.7,5.2,2.8,7.4,5.3,4.0,6.1,5.5,3.4,3.6,5.2,3.4,4.9,3.4,2,2,↑,2032-2038,5.84,中国光电工程师：加班文化严重,China Optoelectronics Engineer: heavy overtime culture,AI综合评估 + O*NET/ILO/OECD锚点校准,2026-04-13,2026-04-13,2000-2026,459000
ART-0801-CN-general,文化、艺术与传媒,ART,广告公关,广告文案,Advertising Copywriter,2431,27-3043.00,东亚,中国,CN,country,general,本科,22-28,global,5.0,5.0,5.8,7.6,7.1,8.1,6.2,5.9,6.3,6.0,5.3,8.0,6.3,0.4,4.1,7.6,6.9,1.3,3.9,6.6,5.7,6.0,2.0,7.1,6.3,5.5,6.0,7.0,1.9,1.4,5.7,5.8,5.2,3.5,3,1,→,2026-2030,5.84,中国广告文案：AI替代风险较高，加班文化严重,"China Advertising Copywriter: high AI displacement risk, heavy overtime culture",AI综合评估 + O*NET/ILO/OECD锚点校准,2026-04-13,2026-04-13,2000-2026,255000
TRA-0701-CN-general,交通运输与物流,TRA,城市交通,交通规划师,Transportation Planner,2164,19-3051.00,东亚,中国,CN,country,general,本科/硕士,26-35,global,7.6,6.7,8.2,7.5,7.3,6.8,7.5,6.7,8.3,5.7,6.3,7.7,6.2,2.2,3.3,6.4,5.9,1.7,6.4,7.4,3.5,6.6,2.4,6.7,5.0,4.7,6.4,5.4,1.5,4.3,4.2,3.4,4.5,6.0,3,4,↑↑,2032-2038,5.84,中国交通规划师：薪资回报高，人才需求旺盛，加班文化严重,"China Transportation Planner: high compensation, strong talent demand, heavy overtime culture",AI综合评估 + O*NET/ILO/OECD锚点校准,2026-04-13,2026-04-13,2000-2026,628000
ART-0713-CN-general,文化、艺术与传媒,ART,动画游戏,概念艺术家,Concept Artist,2651,27-1013.00,东亚,中国,CN,country,general,本科,20-28,global,5.6,5.4,7.2,7.1,6.8,7.0,7.2,6.8,8.1,6.8,5.5,7.5,5.5,0.0,4.2,6.8,5.3,2.6,6.0,6.0,6.6,5.0,1.4,8.8,5.1,4.3,5.8,5.1,2.4,1.3,6.5,5.1,6.1,5.3,4,2,↑,2032-2038,5.84,中国概念艺术家：薪资回报高，加班文化严重,"China Concept Artist: high compensation, heavy overtime culture",AI综合评估 + O*NET/ILO/OECD锚点校准,2026-04-13,2026-04-13,2000-2026,574000
ENG-1001-CN-general,工程与制造,ENG,质量控制,质量保证工程师(QA),Quality Assurance Engineer,2141,17-2112.01,东亚,中国,CN,country,general,本科,22-28,global,5.5,6.1,5.5,8.1,7.9,8.0,5.7,5.8,7.7,6.8,6.7,7.1,5.1,3.1,3.8,7.0,5.7,0.6,5.2,6.8,3.2,5.0,3.9,5.4,4.4,5.5,6.7,5.6,2.7,3.5,3.9,3.7,4.8,3.3,2,2,↑,2028-2033,5.83,中国质量保证工程师(QA)：加班文化严重,China Quality Assurance Engineer: heavy overtime culture,AI综合评估 + O*NET/ILO/OECD锚点校准,2026-04-13,2026-04-13,2000-2026,480000
LAW-0504-CN-general,法律与社会服务,LAW,法律助理/律师助理,专利代理人,Patent Agent,2619,23-2011.00,东亚,中国,CN,country,general,理工+法学,24-30,global,7.4,7.5,7.3,8.0,7.0,5.0,6.8,6.0,8.1,7.0,5.7,9.4,5.3,2.9,3.5,6.3,5.0,1.7,5.2,6.2,6.5,5.1,3.7,6.9,7.4,4.1,5.8,6.4,0.3,7.8,2.7,3.7,6.2,4.6,3,2,↑,2028-2033,5.83,中国专利代理人：薪资回报高，加班文化严重,"China Patent Agent: high compensation, heavy overtime culture",AI综合评估 + O*NET/ILO/OECD锚点校准,2026-04-13,2026-04-13,2000-2026,574000
MED-0211-CN-general,医疗与健康,MED,护理,肿瘤科护士,Oncology Nurse,2221,29-1141.00,东亚,中国,CN,country,general,大专/本科,20-24,global,5.4,5.1,7.8,7.1,9.6,10.0,8.4,8.1,4.8,5.8,8.5,6.9,2.8,0.0,0.1,5.0,4.8,1.6,7.6,6.4,1.9,4.4,2.4,7.1,3.9,4.5,6.2,8.4,6.8,6.9,0.6,4.2,6.6,2.4,3,3,↑,2035+,5.83,中国肿瘤科护士：人才需求旺盛，AI替代抗性强，加班文化严重,"China Oncology Nurse: strong talent demand, strong AI resistance, heavy overtime culture",AI综合评估 + O*NET/ILO/WHO锚点校准,2026-04-13,2026-04-13,2000-2026,130000
MED-0210-CN-general,医疗与健康,MED,护理,儿科护士,Pediatric Nurse,2221,29-1141.00,东亚,中国,CN,country,general,大专/本科,20-24,global,5.1,5.3,7.9,7.0,9.7,10.0,9.0,7.3,4.5,6.5,8.2,6.9,3.2,0.0,1.8,5.3,5.0,1.4,7.5,5.4,1.7,3.9,1.9,8.0,4.4,3.7,5.8,8.2,6.1,7.0,0.7,3.2,6.5,2.5,3,3,↑,2035+,5.83,中国儿科护士：薪资水平偏低，人才需求旺盛，AI替代抗性强,"China Pediatric Nurse: relatively low pay, strong talent demand, strong AI resistance",AI综合评估 + O*NET/ILO/WHO锚点校准,2026-04-13,2026-04-13,2000-2026,114000
ART-0609-CN-general,文化、艺术与传媒,ART,设计创意,展览设计师,Exhibition Designer,2163,27-1027.00,东亚,中国,CN,country,general,本科,20-28,global,4.8,5.0,6.2,7.8,7.1,6.4,6.4,7.1,6.9,6.6,4.3,8.0,5.5,1.6,3.8,7.2,5.8,1.7,5.5,5.8,3.0,6.7,2.4,7.5,7.1,4.7,5.9,5.7,3.5,1.4,5.6,6.6,4.7,4.0,3,1,→,2028-2033,5.83,中国展览设计师：加班文化严重,China Exhibition Designer: heavy overtime culture,AI综合评估 + O*NET/ILO/OECD锚点校准,2026-04-13,2026-04-13,2000-2026,335000
ART-0307-CN-general,文化、艺术与传媒,ART,出版写作,口译员,Interpreter,2643,27-3091.00,东亚,中国,CN,country,general,本科,22-35,global,5.0,5.1,4.3,7.7,6.1,5.6,4.7,5.9,7.6,5.1,4.5,8.0,6.7,1.6,2.8,7.2,6.6,2.7,5.9,6.4,3.7,6.9,3.5,7.9,7.1,5.7,6.9,7.7,2.2,1.5,5.1,6.6,7.0,2.8,1,-1,→,2028-2033,5.83,中国口译员：加班文化严重,China Interpreter: heavy overtime culture,AI综合评估 + O*NET/ILO/OECD锚点校准,2026-04-13,2026-04-13,2000-2026,459000
MED-0306-CN-general,医疗与健康,MED,药学,药品质量管理员,Pharmaceutical QA Specialist,2262,29-1051.00,东亚,中国,CN,country,general,本科/硕士,22-26,global,5.8,7.4,6.6,8.2,8.4,10.0,7.1,5.2,7.0,6.3,7.0,8.9,4.6,1.7,2.9,5.2,5.4,1.6,5.9,6.7,3.2,4.4,3.8,6.6,7.2,6.2,7.0,6.7,2.3,7.8,1.4,4.5,4.4,3.9,2,2,↑,2028-2033,5.83,中国药品质量管理员：加班文化严重,China Pharmaceutical QA Specialist: heavy overtime culture,AI综合评估 + O*NET/ILO/WHO锚点校准,2026-04-13,2026-04-13,2000-2026,350000
ENG-0310-CN-general,工程与制造,ENG,化学工程,环境化学工程师,Environmental Chemical Engineer,2145,17-2041.00,东亚,中国,CN,country,general,本科/硕士,22-28,global,6.2,6.8,6.9,7.4,7.7,7.4,6.4,6.7,9.0,7.5,7.0,5.8,3.8,2.2,2.0,6.5,6.3,1.2,6.4,7.0,2.3,4.4,4.0,7.7,4.8,3.5,6.5,4.7,3.7,3.0,5.2,3.7,5.3,3.2,3,3,↑,2032-2038,5.83,中国环境化学工程师：薪资回报高，加班文化严重,"China Environmental Chemical Engineer: high compensation, heavy overtime culture",AI综合评估 + O*NET/ILO/OECD锚点校准,2026-04-13,2026-04-13,2000-2026,861000
ART-1207-CN-general,文化、艺术与传媒,ART,会展,艺术博览会策展人,Art Fair Curator,2621,25-4012.00,东亚,中国,CN,country,general,本科,22-30,global,4.8,4.2,5.9,7.5,7.1,6.0,5.3,5.9,6.8,6.0,4.8,7.4,5.8,2.4,2.8,6.7,6.4,1.7,6.5,7.4,4.2,4.9,3.2,7.8,6.8,4.3,5.7,8.0,3.7,1.7,5.9,5.1,5.0,3.5,3,1,→,2032-2038,5.83,中国艺术博览会策展人：加班文化严重,China Art Fair Curator: heavy overtime culture,AI综合评估 + O*NET/ILO/OECD锚点校准,2026-04-13,2026-04-13,2000-2026,320000
MED-0201-CN-general,医疗与健康,MED,护理,注册护士,Registered Nurse,2221,29-1141.00,东亚,中国,CN,country,general,大专/本科,20-24,global,4.8,4.8,7.6,7.3,10.0,10.0,9.7,8.2,3.6,6.0,8.0,6.8,2.3,0.8,1.8,5.1,5.0,1.4,7.5,5.7,1.3,3.1,2.7,7.3,4.1,3.3,5.5,8.6,6.3,7.0,1.3,3.6,7.0,2.4,3,4,↑↑,2035+,5.83,中国注册护士：薪资水平偏低，人才需求旺盛，AI替代抗性强,"China Registered Nurse: relatively low pay, strong talent demand, strong AI resistance",AI综合评估 + O*NET/ILO/WHO锚点校准,2026-04-13,2026-04-13,2000-2026,76000
ENG-0904-CN-general,工程与制造,ENG,制造管理,生产计划员,Production Planner,3122,11-3051.04,东亚,中国,CN,country,general,本科,22-30,global,5.1,4.3,6.6,7.0,8.6,9.1,6.2,6.8,7.2,7.8,7.0,6.5,4.8,1.1,2.6,7.3,7.0,1.2,4.5,5.3,2.0,5.9,2.7,6.3,5.5,4.9,7.2,7.3,3.0,2.6,5.9,2.9,4.9,3.6,2,2,↑,2028-2033,5.83,中国生产计划员：加班文化严重,China Production Planner: heavy overtime culture,AI综合评估 + O*NET/ILO/OECD锚点校准,2026-04-13,2026-04-13,2000-2026,383000
ENG-1305-CN-general,工程与制造,ENG,环境工程,水处理工程师(工业),Industrial Water Treatment Engineer,2143,17-2081.00,东亚,中国,CN,country,general,本科/硕士,22-28,global,6.3,5.8,6.6,7.5,7.8,7.6,7.0,7.0,8.6,6.2,6.3,4.8,4.4,2.9,2.1,6.8,5.8,1.1,6.8,7.3,2.4,4.1,3.7,7.3,4.9,5.2,6.2,6.0,4.5,4.0,4.2,2.5,5.1,3.0,3,3,↑,2032-2038,5.83,中国水处理工程师(工业)：薪资回报高，加班文化严重,"China Industrial Water Treatment Engineer: high compensation, heavy overtime culture",AI综合评估 + O*NET/ILO/OECD锚点校准,2026-04-13,2026-04-13,2000-2026,719000
ART-0101-CN-general,文化、艺术与传媒,ART,影视制作,电影导演,Film Director,2654,27-2012.00,东亚,中国,CN,country,general,本科,25-35,global,5.8,5.1,6.9,8.1,7.3,7.5,5.9,6.7,8.9,5.6,4.1,5.9,5.5,1.4,3.6,6.7,5.7,4.2,6.5,9.0,3.9,9.3,1.4,9.0,7.8,4.8,4.5,7.2,3.9,2.4,7.2,4.7,4.9,5.2,3,1,→,2032-2038,5.82,中国电影导演：薪资回报高，加班文化严重,"China Film Director: high compensation, heavy overtime culture",AI综合评估 + O*NET/ILO/OECD锚点校准,2026-04-13,2026-04-13,2000-2026,823000
LAW-1008-CN-general,法律与社会服务,LAW,合规与监管,法律AI训练师,Legal AI Trainer / Specialist,2619,15-1299.09,东亚,中国,CN,country,general,法学+AI/数据,24-30,global,6.1,5.3,7.5,5.0,7.7,4.4,6.9,7.2,6.9,6.7,4.5,9.2,4.9,2.7,2.6,7.5,6.1,2.7,4.6,5.3,7.9,5.9,3.4,5.9,7.8,6.1,5.0,6.0,0.2,3.8,5.4,5.4,6.3,3.9,3,5,↑↑,2028-2033,5.82,中国法律AI训练师：加班文化严重，近年增长迅猛,"China Legal AI Trainer / Specialist: heavy overtime culture, rapid recent growth",AI综合评估 + O*NET/ILO/OECD锚点校准,2026-04-13,2026-04-13,2000-2026,335000
AGR-0910-CN-general,农业、资源与环境,AGR,农业科技,农业气象学家,Agricultural Meteorologist,2112,19-2021.00,东亚,中国,CN,country,general,本科/硕士,24-32,global,7.9,7.2,7.8,7.0,7.7,4.5,6.0,7.8,6.6,7.5,6.0,7.0,5.2,1.5,4.0,6.9,6.4,1.3,6.5,6.2,4.4,6.2,3.2,7.2,5.7,4.7,5.4,5.2,2.5,3.2,5.7,3.8,6.0,3.6,3,4,↑↑,2032-2038,5.82,中国农业气象学家：加班文化严重，近年增长迅猛,"China Agricultural Meteorologist: heavy overtime culture, rapid recent growth",AI综合评估 + O*NET/ILO/OECD锚点校准,2026-04-13,2026-04-13,2000-2026,292000
SKL-0207-CN-general,技术工种与手工业,SKL,管道暖通,洒水/消防系统安装工,Sprinkler Fitter / Fire Suppression Installer,7126,47-2152.03,东亚,中国,CN,country,general,职校/学徒,18-25,global,3.5,2.6,6.0,7.5,7.1,7.6,6.7,7.6,6.3,7.9,6.3,3.9,4.4,1.2,3.3,6.0,4.3,1.6,8.4,5.0,0.5,7.0,2.7,6.7,8.1,2.5,5.7,5.7,7.3,6.6,3.8,6.9,5.1,2.4,3,3,↑,2035+,5.82,中国洒水/消防系统安装工：AI替代抗性强，加班文化严重,"China Sprinkler Fitter / Fire Suppression Installer: strong AI resistance, heavy overtime culture",AI综合评估 + O*NET/ILO/OECD锚点校准,2026-04-13,2026-04-13,2000-2026,255000
SKL-0705-CN-general,技术工种与手工业,SKL,传统手工艺,珠宝工匠,Jewelry Craftsman / Goldsmith,7313,51-9071.00,东亚,中国,CN,country,general,师徒制/自学,16-30,global,6.5,3.0,3.9,7.9,5.3,4.6,5.9,5.6,6.6,5.7,5.1,5.9,5.4,2.8,4.3,4.8,3.6,2.1,9.5,6.8,1.4,7.7,4.0,9.2,7.9,3.9,7.7,5.3,4.0,1.8,3.8,6.2,4.7,1.7,0,0,→,2035+,5.82,中国珠宝工匠：AI替代抗性强，加班文化严重,"China Jewelry Craftsman / Goldsmith: strong AI resistance, heavy overtime culture",AI综合评估 + O*NET/ILO/OECD锚点校准,2026-04-13,2026-04-13,2000-2026,292000
ENG-0303-CN-general,工程与制造,ENG,化学工程,高分子材料工程师,Polymer Engineer,2146,17-2131.00,东亚,中国,CN,country,general,本科/硕士,22-28,global,6.6,6.3,5.7,7.2,6.8,6.7,5.5,6.7,9.3,7.8,7.5,5.5,4.1,1.7,2.8,6.5,5.4,0.9,6.8,7.8,3.5,5.5,3.0,6.9,4.7,4.3,6.9,5.2,3.8,3.8,5.2,2.7,5.5,2.6,2,1,→,2032-2038,5.82,中国高分子材料工程师：薪资回报高，加班文化严重，就业稳定,"China Polymer Engineer: high compensation, heavy overtime culture, stable employment",AI综合评估 + O*NET/ILO/OECD锚点校准,2026-04-13,2026-04-13,2000-2026,985000
SKL-0704-CN-general,技术工种与手工业,SKL,传统手工艺,制表师/钟表匠,Watchmaker / Horologist,7311,49-9064.00,东亚,中国,CN,country,general,师徒制(3-5年),18-25,global,7.6,4.5,4.1,8.3,5.3,4.9,7.1,7.4,7.0,4.5,5.1,5.7,4.4,2.4,3.8,4.3,3.1,1.7,9.2,7.3,2.2,7.0,3.9,9.0,7.4,3.2,7.5,4.9,3.0,2.4,4.1,6.8,6.4,1.6,0,0,→,2035+,5.82,中国制表师/钟表匠：AI替代抗性强，加班文化严重,"China Watchmaker / Horologist: strong AI resistance, heavy overtime culture",AI综合评估 + O*NET/ILO/OECD锚点校准,2026-04-13,2026-04-13,2000-2026,350000
TRA-0704-CN-general,交通运输与物流,TRA,城市交通,共享出行运营经理,Shared Mobility Operations Manager,1324,11-3071.01,东亚,中国,CN,country,general,本科,26-35,global,5.8,5.8,7.8,7.9,7.5,6.8,6.7,6.9,7.8,6.4,6.3,7.7,4.9,1.6,3.3,6.1,5.5,1.4,5.7,6.3,4.8,5.3,3.0,6.5,6.6,4.4,6.0,7.3,3.0,3.8,4.1,2.9,3.7,5.5,3,4,↑↑,2028-2033,5.82,中国共享出行运营经理：加班文化严重，近年增长迅猛,"China Shared Mobility Operations Manager: heavy overtime culture, rapid recent growth",AI综合评估 + O*NET/ILO/OECD锚点校准,2026-04-13,2026-04-13,2000-2026,502000
MED-0128-CN-general,医疗与健康,MED,临床医学,老年科医生,Geriatrician,2212,29-1216.00,东亚,中国,CN,country,general,博士/医学学位,28-35,global,8.7,8.8,7.0,8.9,9.3,10.0,8.6,7.9,6.4,5.0,8.9,7.4,3.3,0.8,2.1,5.5,4.9,2.1,7.1,7.2,2.3,5.8,3.1,7.7,6.6,4.3,6.4,8.0,5.4,9.4,0.9,3.4,5.5,3.3,4,5,↑↑,2032-2038,5.82,中国老年科医生：人才需求旺盛，加班文化严重，就业稳定,"China Geriatrician: strong talent demand, heavy overtime culture, stable employment",AI综合评估 + O*NET/ILO/WHO锚点校准,2026-04-13,2026-04-13,2000-2026,267000
ENG-0405-CN-general,工程与制造,ENG,土木与建筑,岩土工程师,Geotechnical Engineer,2142,17-2051.00,东亚,中国,CN,country,general,本科/硕士,22-28,global,5.8,6.6,7.3,7.8,9.2,8.3,6.7,5.8,8.8,7.3,6.3,5.1,4.1,1.9,2.8,6.0,5.4,1.0,8.0,7.8,1.5,4.7,3.7,6.1,5.5,4.1,6.3,6.6,5.2,5.5,6.5,3.3,4.3,3.3,2,2,↑,2035+,5.82,中国岩土工程师：薪资回报高，AI替代抗性强，加班文化严重,"China Geotechnical Engineer: high compensation, strong AI resistance, heavy overtime culture",AI综合评估 + O*NET/ILO/OECD锚点校准,2026-04-13,2026-04-13,2000-2026,787000
ART-0711-CN-general,文化、艺术与传媒,ART,动画游戏,游戏UI设计师,Game UI Designer,2166,15-1255.01,东亚,中国,CN,country,general,本科,20-28,global,5.3,5.4,6.6,6.7,7.5,6.6,7.0,6.5,7.7,7.1,5.2,7.2,6.2,0.0,4.2,6.8,6.0,2.0,5.4,6.2,6.3,5.7,2.1,7.7,5.8,3.9,5.7,5.7,2.4,1.2,5.6,4.9,5.1,5.1,4,2,↑,2028-2033,5.82,中国游戏UI设计师：加班文化严重,China Game UI Designer: heavy overtime culture,AI综合评估 + O*NET/ILO/OECD锚点校准,2026-04-13,2026-04-13,2000-2026,480000
ENG-1310-CN-general,工程与制造,ENG,环境工程,激光工程师,Laser Engineer,2152,17-2072.00,东亚,中国,CN,country,general,本科/硕士,22-28,global,7.5,7.5,7.5,7.6,7.6,6.5,7.3,6.5,7.5,7.0,6.7,5.5,3.6,2.7,2.3,7.3,6.7,0.8,7.0,7.5,3.5,5.1,4.4,7.0,4.4,4.0,6.1,5.8,3.7,4.3,4.8,3.1,4.0,3.6,3,3,↑,2032-2038,5.81,中国激光工程师：加班文化严重,China Laser Engineer: heavy overtime culture,AI综合评估 + O*NET/ILO/OECD锚点校准,2026-04-13,2026-04-13,2000-2026,438000
MED-0107-CN-general,医疗与健康,MED,临床医学,急诊科医生,Emergency Medicine Physician,2212,29-1214.00,东亚,中国,CN,country,general,博士/医学学位,28-35,global,9.1,8.8,7.4,8.3,9.0,10.0,8.0,7.9,8.5,5.7,8.3,6.4,3.5,0.0,0.0,5.8,5.3,2.2,8.4,8.0,2.5,5.6,0.0,8.7,6.8,4.0,6.8,7.7,6.7,9.2,0.7,3.4,5.5,3.6,3,4,↑↑,2035+,5.81,中国急诊科医生：薪资回报高，人才需求旺盛，AI替代抗性强,"China Emergency Medicine Physician: high compensation, strong talent demand, strong AI resistance",AI综合评估 + O*NET/ILO/WHO锚点校准,2026-04-13,2026-04-13,2000-2026,687000
AGR-0908-CN-general,农业、资源与环境,AGR,农业科技,土壤科学家,Soil Scientist,2114,19-1013.00,东亚,中国,CN,country,general,硕士/博士,26-35,global,7.6,7.8,7.3,7.8,7.3,6.3,7.5,8.4,7.1,6.0,5.4,6.8,6.2,2.4,2.8,6.5,6.4,1.5,6.8,7.0,2.7,6.7,2.7,7.4,6.3,4.0,5.1,5.8,4.3,3.5,5.4,3.9,5.3,3.6,3,4,↑↑,2032-2038,5.81,中国土壤科学家：人才需求旺盛，加班文化严重，近年增长迅猛,"China Soil Scientist: strong talent demand, heavy overtime culture, rapid recent growth",AI综合评估 + O*NET/ILO/OECD锚点校准,2026-04-13,2026-04-13,2000-2026,366000
FIN-0602-CN-general,金融与商业,FIN,房地产,房地产估价师,Real Estate Appraiser,3334,13-2023.00,东亚,中国,CN,country,general,大专/本科,22-30,global,4.1,3.7,5.9,7.4,8.3,10.0,5.7,5.1,8.4,7.8,6.7,9.0,5.1,0.8,3.6,5.2,5.8,2.6,4.9,6.7,4.4,6.1,2.3,6.1,8.7,4.2,6.5,7.6,2.7,6.7,9.4,6.1,3.2,2.4,2,0,→,2028-2033,5.81,中国房地产估价师：薪资回报高，加班文化严重,"China Real Estate Appraiser: high compensation, heavy overtime culture",AI综合评估 + O*NET/ILO/BIS锚点校准,2026-04-13,2026-04-13,2000-2026,657000
ENG-0103-CN-general,工程与制造,ENG,机械工程,流体力学工程师,Fluid Mechanics Engineer,2144,17-2141.00,东亚,中国,CN,country,general,本科/硕士,22-28,global,7.4,7.3,6.2,7.8,6.1,6.0,6.3,7.1,8.1,6.5,7.1,7.0,3.6,2.4,2.8,7.5,6.6,1.2,6.9,7.9,2.5,5.7,4.2,6.8,5.2,4.6,5.8,4.9,3.9,2.3,6.1,3.0,5.3,2.7,2,2,↑,2032-2038,5.81,中国流体力学工程师：薪资回报高，加班文化严重,"China Fluid Mechanics Engineer: high compensation, heavy overtime culture",AI综合评估 + O*NET/ILO/OECD锚点校准,2026-04-13,2026-04-13,2000-2026,574000
MED-0112-CN-general,医疗与健康,MED,临床医学,肿瘤科医生,Oncologist,2212,29-1243.00,东亚,中国,CN,country,general,博士/医学学位,28-35,global,8.9,9.1,7.3,9.0,8.9,9.9,8.1,7.1,8.8,5.0,8.2,6.7,2.8,0.0,0.6,5.6,5.1,1.9,7.0,8.7,1.9,6.3,1.9,8.8,6.6,4.3,7.0,8.1,4.8,9.4,1.8,3.2,5.5,3.2,3,4,↑↑,2032-2038,5.81,中国肿瘤科医生：薪资回报高，人才需求旺盛，加班文化严重,"China Oncologist: high compensation, strong talent demand, heavy overtime culture",AI综合评估 + O*NET/ILO/WHO锚点校准,2026-04-13,2026-04-13,2000-2026,787000
SKL-0206-CN-general,技术工种与手工业,SKL,管道暖通,燃气安装维修工,Gas Fitter,7126,47-2152.00,东亚,中国,CN,country,general,职校/学徒,18-25,global,4.0,2.6,6.4,8.0,7.0,8.0,6.7,6.8,6.0,7.2,7.0,3.2,4.4,2.4,2.8,6.4,5.2,1.6,8.5,5.0,0.2,7.0,2.0,7.2,7.9,1.2,6.1,6.4,6.9,7.2,4.0,7.5,5.4,2.9,3,3,↑,2035+,5.81,中国燃气安装维修工：AI替代抗性强，加班文化严重,"China Gas Fitter: strong AI resistance, heavy overtime culture",AI综合评估 + O*NET/ILO/OECD锚点校准,2026-04-13,2026-04-13,2000-2026,223000
ART-0807-CN-general,文化、艺术与传媒,ART,广告公关,媒介购买,Media Buyer,2431,13-1161.00,东亚,中国,CN,country,general,本科,22-28,global,5.0,5.3,5.9,7.0,6.9,7.5,6.7,6.7,7.2,5.6,5.5,7.9,6.0,0.5,3.5,7.7,7.0,1.7,4.4,6.0,5.4,5.4,3.2,6.0,6.8,4.3,5.9,7.2,1.8,1.2,6.1,5.2,5.2,3.3,3,1,→,2026-2030,5.81,中国媒介购买：加班文化严重,China Media Buyer: heavy overtime culture,AI综合评估 + O*NET/ILO/OECD锚点校准,2026-04-13,2026-04-13,2000-2026,383000
MED-0103-CN-general,医疗与健康,MED,临床医学,全科医生,General Practitioner,2211,29-1215.00,东亚,中国,CN,country,general,博士/医学学位,28-35,global,8.0,8.0,7.6,9.2,9.1,9.6,7.7,7.2,5.3,6.2,7.7,7.4,2.9,1.3,3.2,6.2,5.0,2.4,6.8,6.6,2.7,5.1,3.4,7.9,5.8,4.3,8.2,7.6,5.3,8.9,0.8,4.0,5.3,3.6,3,3,↑,2032-2038,5.81,中国全科医生：人才需求旺盛，加班文化严重，就业稳定,"China General Practitioner: strong talent demand, heavy overtime culture, stable employment",AI综合评估 + O*NET/ILO/WHO锚点校准,2026-04-13,2026-04-13,2000-2026,163000
ENG-0408-CN-general,工程与制造,ENG,土木与建筑,景观设计师,Landscape Architect,2162,17-1012.00,东亚,中国,CN,country,general,本科/硕士,22-28,global,6.5,6.8,7.8,8.3,8.7,9.5,6.8,5.8,7.4,6.5,6.9,4.8,3.1,2.1,3.1,6.9,5.8,0.9,7.7,6.9,3.3,4.1,2.5,8.4,6.0,3.0,6.8,6.0,5.2,4.8,6.7,3.1,4.0,3.0,2,2,↑,2035+,5.81,中国景观设计师：AI替代抗性强，加班文化严重,"China Landscape Architect: strong AI resistance, heavy overtime culture",AI综合评估 + O*NET/ILO/OECD锚点校准,2026-04-13,2026-04-13,2000-2026,419000
ART-0310-CN-general,文化、艺术与传媒,ART,出版写作,书法家,Calligrapher,2651,27-1013.00,东亚,中国,CN,country,general,本科,25-40,regional,5.4,5.4,4.3,9.3,5.3,4.0,3.9,5.0,5.1,4.5,3.5,7.9,6.2,2.4,2.3,7.5,6.4,2.7,9.5,6.0,7.1,7.0,3.7,9.4,7.5,5.5,6.8,4.9,1.2,1.8,3.9,6.2,5.2,2.8,1,-1,→,2035+,5.81,中国书法家：供过于求，AI替代抗性强，加班文化严重,"China Calligrapher: oversupply of talent, strong AI resistance, heavy overtime culture",AI综合评估 + O*NET/ILO/OECD锚点校准,2026-04-13,2026-04-13,2000-2026,149000
FIN-0704-CN-general,金融与商业,FIN,伊斯兰金融,塔卡福尔(伊斯兰保险)专员,Takaful Specialist,3321,13-2053.00,东亚,中国,CN,country,general,本科/硕士,24-30,regional,6.6,6.5,7.9,7.8,6.8,3.6,5.5,6.4,7.2,7.9,7.4,9.0,5.5,2.3,3.9,4.4,4.4,1.6,6.3,7.4,5.3,5.2,3.6,6.7,6.3,3.2,5.8,7.3,1.3,5.6,3.9,3.6,4.4,4.0,3,4,↑↑,2032-2038,5.81,中国塔卡福尔(伊斯兰保险)专员：加班文化严重，近年增长迅猛,"China Takaful Specialist: heavy overtime culture, rapid recent growth",AI综合评估 + O*NET/ILO/BIS锚点校准,2026-04-13,2026-04-13,2000-2026,383000
MED-0406-CN-general,医疗与健康,MED,康复与治疗,音乐治疗师,Music Therapist,2269,29-1129.00,东亚,中国,CN,country,general,本科/硕士,22-28,global,5.2,5.7,7.2,7.7,8.7,5.5,5.0,6.2,4.2,5.6,8.0,8.6,3.3,1.3,2.7,5.2,5.5,1.5,7.2,5.7,3.6,5.7,2.9,9.1,7.6,6.1,6.5,8.0,4.9,6.4,2.2,5.1,4.4,2.6,3,3,↑,2032-2038,5.81,中国音乐治疗师：薪资水平偏低，加班文化严重，就业稳定,"China Music Therapist: relatively low pay, heavy overtime culture, stable employment",AI综合评估 + O*NET/ILO/WHO锚点校准,2026-04-13,2026-04-13,2000-2026,99000
LAW-0112-CN-general,法律与社会服务,LAW,律师各专业,并购律师,M&A Lawyer,2611,23-1011.00,东亚,中国,CN,country,general,法学博士/硕士+MBA,26-32,global,8.6,8.3,8.5,7.0,7.2,5.5,6.9,7.2,9.7,7.0,4.8,8.7,4.5,0.0,1.7,7.7,6.8,1.8,6.4,9.8,5.0,5.4,0.9,6.5,7.0,4.9,5.1,8.5,0.2,9.2,6.0,1.4,8.1,5.3,3,2,↑,2032-2038,5.8,中国并购律师：薪资回报高，加班文化严重,"China M&A Lawyer: high compensation, heavy overtime culture",AI综合评估 + O*NET/ILO/OECD锚点校准,2026-04-13,2026-04-13,2000-2026,1180000
SVC-0505-CN-general,服务业与消费,SVC,家政照护,老年护理员,Elderly Care Worker,5322,31-1122.00,东亚,中国,CN,country,general,高中/证书,20-40,global,3.9,2.2,9.8,6.7,8.7,8.3,9.7,6.6,4.1,4.1,4.2,6.2,4.9,1.4,5.2,4.6,4.7,1.7,9.5,3.9,0.9,3.2,1.7,6.5,5.0,6.6,5.3,7.2,6.5,1.8,3.5,4.5,4.1,3.0,3,5,↑↑,2035+,5.8,中国老年护理员：薪资水平偏低，人才需求旺盛，AI替代抗性强,"China Elderly Care Worker: relatively low pay, strong talent demand, strong AI resistance",AI综合评估 + O*NET/ILO/OECD锚点校准,2026-04-13,2026-04-13,2000-2026,95000
MED-0123-CN-general,医疗与健康,MED,临床医学,风湿免疫科医生,Rheumatologist,2212,29-1216.00,东亚,中国,CN,country,general,博士/医学学位,28-35,global,8.8,9.3,7.2,8.1,9.4,8.8,7.0,6.9,6.3,5.9,8.5,7.2,3.3,2.2,3.3,5.8,4.7,2.2,7.0,9.2,2.0,6.3,1.9,8.6,5.9,5.2,6.3,8.0,5.1,8.9,1.1,3.2,5.3,3.2,3,3,↑,2032-2038,5.8,中国风湿免疫科医生：加班文化严重，就业稳定,"China Rheumatologist: heavy overtime culture, stable employment",AI综合评估 + O*NET/ILO/WHO锚点校准,2026-04-13,2026-04-13,2000-2026,255000
ART-0501-CN-general,文化、艺术与传媒,ART,博物馆与文化遗产,博物馆策展人,Museum Curator,2621,25-4012.00,东亚,中国,CN,country,general,硕士,24-32,global,6.9,6.5,5.4,8.0,6.0,5.2,5.9,7.0,7.1,5.6,6.2,7.9,7.0,3.1,2.6,6.4,4.8,0.4,7.6,7.3,2.5,6.9,3.8,7.8,4.2,4.9,7.3,6.2,3.0,3.8,3.6,3.6,4.1,5.6,2,0,→,2035+,5.8,中国博物馆策展人：AI替代抗性强，加班文化严重,"China Museum Curator: strong AI resistance, heavy overtime culture",AI综合评估 + O*NET/ILO/OECD锚点校准,2026-04-13,2026-04-13,2000-2026,366000
ART-1204-CN-general,文化、艺术与传媒,ART,会展,画廊经营者,Gallery Owner / Dealer,1420,11-9199.00,东亚,中国,CN,country,general,本科,30-40,global,4.5,4.8,5.8,7.5,6.9,6.6,5.9,6.4,7.8,6.3,4.8,7.5,7.0,1.6,2.5,6.2,5.7,3.1,6.2,6.8,3.0,7.9,2.6,6.5,9.6,4.7,6.5,7.1,4.1,2.2,6.9,5.1,5.3,3.9,3,1,→,2032-2038,5.8,中国画廊经营者：加班文化严重,China Gallery Owner / Dealer: heavy overtime culture,AI综合评估 + O*NET/ILO/OECD锚点校准,2026-04-13,2026-04-13,2000-2026,502000
ENG-0205-CN-general,工程与制造,ENG,电气工程,PLC编程工程师,PLC Programmer,2151,17-2072.01,东亚,中国,CN,country,general,本科/硕士,22-28,global,5.8,5.4,6.5,7.0,8.2,7.4,6.8,7.2,9.0,7.5,6.7,6.8,4.8,1.2,2.8,7.6,6.0,1.4,4.9,5.8,2.1,5.7,2.7,7.0,4.7,3.7,6.9,4.8,3.9,3.0,4.9,3.2,5.3,3.6,2,2,↑,2028-2033,5.8,中国PLC编程工程师：薪资回报高，加班文化严重,"China PLC Programmer: high compensation, heavy overtime culture",AI综合评估 + O*NET/ILO/OECD锚点校准,2026-04-13,2026-04-13,2000-2026,861000
MED-0120-CN-general,医疗与健康,MED,临床医学,重症医学科医生,Intensivist (ICU Physician),2212,29-1216.00,东亚,中国,CN,country,general,博士/医学学位,28-35,global,8.8,8.8,7.6,8.7,9.2,9.8,8.6,7.1,8.2,5.4,8.1,5.9,3.8,0.0,0.0,6.2,5.1,1.9,7.8,8.4,2.6,5.1,0.1,7.5,6.3,5.5,6.3,7.7,5.0,8.6,0.8,3.8,5.7,3.9,3,4,↑↑,2035+,5.79,中国重症医学科医生：薪资回报高，人才需求旺盛，AI替代抗性强,"China Intensivist (ICU Physician): high compensation, strong talent demand, strong AI resistance",AI综合评估 + O*NET/ILO/WHO锚点校准,2026-04-13,2026-04-13,2000-2026,601000
ART-0302-CN-general,文化、艺术与传媒,ART,出版写作,图书编辑,Book Editor,2641,27-3041.00,东亚,中国,CN,country,general,本科,22-35,global,5.3,5.3,5.4,7.7,6.1,6.3,4.6,5.8,5.7,5.9,4.8,7.9,6.2,1.7,2.8,7.7,5.8,2.3,5.0,6.2,7.4,6.8,3.5,8.0,6.9,5.5,6.8,5.3,1.6,1.2,4.3,6.2,5.9,3.1,1,-1,→,2028-2033,5.79,中国图书编辑：加班文化严重,China Book Editor: heavy overtime culture,AI综合评估 + O*NET/ILO/OECD锚点校准,2026-04-13,2026-04-13,2000-2026,195000
ENG-1103-CN-general,工程与制造,ENG,通信工程,光纤工程师,Fiber Optics Engineer,2153,17-2061.00,东亚,中国,CN,country,general,本科/硕士,22-28,global,6.3,6.0,7.5,7.2,7.6,6.7,6.3,7.2,7.8,8.0,6.5,6.8,4.1,1.1,2.1,6.3,5.8,1.1,6.6,7.9,2.3,5.5,3.5,6.0,4.7,3.4,5.9,5.9,4.4,3.1,5.4,3.6,5.6,4.1,3,3,↑,2032-2038,5.79,中国光纤工程师：加班文化严重,China Fiber Optics Engineer: heavy overtime culture,AI综合评估 + O*NET/ILO/OECD锚点校准,2026-04-13,2026-04-13,2000-2026,502000
LAW-0901-CN-general,法律与社会服务,LAW,心理社会服务,婚姻家庭咨询师,Marriage & Family Therapist,2634,21-1013.00,东亚,中国,CN,country,general,硕士/博士,26-32,global,6.4,6.3,5.3,7.8,6.1,5.3,5.3,5.5,7.0,5.8,5.0,8.7,4.7,2.7,2.9,5.8,4.8,2.5,8.0,6.1,5.6,6.4,3.9,6.9,7.4,7.3,6.8,9.3,0.8,7.0,2.2,5.1,4.4,3.6,2,2,↑,2035+,5.79,中国婚姻家庭咨询师：AI替代抗性强，加班文化严重,"China Marriage & Family Therapist: strong AI resistance, heavy overtime culture",AI综合评估 + O*NET/ILO/OECD锚点校准,2026-04-13,2026-04-13,2000-2026,350000
LAW-0107-CN-general,法律与社会服务,LAW,律师各专业,税法律师,Tax Lawyer,2611,23-1011.00,东亚,中国,CN,country,general,法学博士/硕士+会计,25-32,global,8.5,8.1,6.0,8.8,6.8,5.8,7.1,5.9,9.6,6.4,6.3,8.6,4.9,1.2,2.4,7.0,6.4,1.8,5.4,9.0,6.0,5.9,2.7,5.3,7.2,5.0,6.6,6.5,0.4,9.3,3.4,3.1,5.8,3.8,2,1,→,2028-2033,5.79,中国税法律师：薪资回报高，加班文化严重,"China Tax Lawyer: high compensation, heavy overtime culture",AI综合评估 + O*NET/ILO/OECD锚点校准,2026-04-13,2026-04-13,2000-2026,1128000
SKL-0716-CN-general,技术工种与手工业,SKL,传统手工艺,酿酒师(手工啤酒),Craft Brewer,7514,51-3092.00,东亚,中国,CN,country,general,师徒制/自学,16-30,global,4.6,2.9,6.2,8.2,4.9,6.2,5.7,4.8,5.5,4.9,5.3,5.7,4.2,2.9,4.6,4.7,3.6,1.7,9.1,6.1,2.2,7.8,3.9,9.2,9.5,3.2,6.6,6.5,5.9,4.2,3.7,7.2,3.3,2.3,3,3,↑,2035+,5.79,中国酿酒师(手工啤酒)：AI替代抗性强，加班文化严重,"China Craft Brewer: strong AI resistance, heavy overtime culture",AI综合评估 + O*NET/ILO/OECD锚点校准,2026-04-13,2026-04-13,2000-2026,178000
MED-0604-CN-general,医疗与健康,MED,传统与替代医学,脊椎指压治疗师,Chiropractor,2269,29-1011.00,东亚,中国,CN,country,general,本科/硕士,22-28,global,7.3,7.4,5.1,8.9,7.3,10.0,6.4,3.7,9.7,4.9,7.5,8.6,4.6,2.3,4.1,4.5,4.5,2.7,6.7,7.6,3.1,5.9,3.2,7.3,8.7,4.8,7.4,7.4,4.0,7.9,2.2,6.0,3.7,3.4,1,2,↑,2032-2038,5.79,中国脊椎指压治疗师：薪资回报高，加班文化严重，就业稳定,"China Chiropractor: high compensation, heavy overtime culture, stable employment",AI综合评估 + O*NET/ILO/WHO锚点校准,2026-04-13,2026-04-13,2000-2026,1180000
MED-0602-CN-general,医疗与健康,MED,传统与替代医学,针灸师,Acupuncturist,2230,29-1199.00,东亚,中国,CN,country,general,本科/硕士,22-28,global,6.3,5.8,5.1,8.4,7.0,10.0,6.6,3.2,8.8,5.3,6.8,8.6,4.8,1.8,3.4,4.7,4.0,2.2,6.9,8.2,2.2,6.6,2.6,6.7,8.8,4.8,8.0,7.1,3.7,6.7,2.9,6.1,3.9,3.0,1,3,↑,2032-2038,5.79,中国针灸师：薪资回报高，加班文化严重,"China Acupuncturist: high compensation, heavy overtime culture",AI综合评估 + O*NET/ILO/WHO锚点校准,2026-04-13,2026-04-13,2000-2026,787000
EDU-0807-CN-general,教育与学术,EDU,特殊教育与辅助,考试出题人/评分员,Test Developer / Exam Grader,2310,25-9031.00,东亚,中国,CN,country,general,硕士(教育测量),25-33,global,6.0,6.8,3.8,8.2,6.4,6.8,4.6,5.7,5.7,6.4,8.3,9.7,5.0,2.4,3.1,4.9,5.1,0.9,5.1,6.1,9.0,6.1,4.9,6.1,4.4,5.4,7.8,5.5,0.5,5.7,2.4,6.0,4.8,3.3,1,0,→,2028-2033,5.79,中国考试出题人/评分员：远程友好度高，加班文化严重，就业稳定,"China Test Developer / Exam Grader: highly remote-friendly, heavy overtime culture, stable employment",AI综合评估 + O*NET/ILO/UNESCO锚点校准,2026-04-13,2026-04-13,2000-2026,195000
SKL-0205-CN-general,技术工种与手工业,SKL,管道暖通,锅炉技师,Boiler Technician,7127,51-8021.00,东亚,中国,CN,country,general,职校/学徒,18-25,global,3.4,2.9,6.6,7.4,7.0,8.6,5.6,7.2,6.3,7.9,6.6,3.7,4.4,1.2,3.3,6.6,4.6,1.4,8.5,4.2,0.4,6.7,2.1,6.7,7.3,2.1,5.7,6.1,6.5,6.4,5.0,7.6,5.9,2.6,3,1,→,2035+,5.79,中国锅炉技师：AI替代抗性强，加班文化严重,"China Boiler Technician: strong AI resistance, heavy overtime culture",AI综合评估 + O*NET/ILO/OECD锚点校准,2026-04-13,2026-04-13,2000-2026,255000
ENG-0402-CN-general,工程与制造,ENG,土木与建筑,桥梁工程师,Bridge Engineer,2142,17-2051.00,东亚,中国,CN,country,general,本科/硕士,22-28,global,6.4,6.1,7.7,8.1,9.2,9.0,7.7,5.8,7.9,6.5,7.5,4.8,3.7,1.5,2.8,5.9,5.2,1.1,7.4,8.1,2.0,5.2,2.9,6.7,4.5,3.3,6.6,7.0,4.7,5.8,6.8,3.0,4.1,2.8,2,2,↑,2032-2038,5.79,中国桥梁工程师：人才需求旺盛，加班文化严重，就业稳定,"China Bridge Engineer: strong talent demand, heavy overtime culture, stable employment",AI综合评估 + O*NET/ILO/OECD锚点校准,2026-04-13,2026-04-13,2000-2026,525000
ENG-0412-CN-general,工程与制造,ENG,土木与建筑,隧道工程师,Tunnel Engineer,2142,17-2051.00,东亚,中国,CN,country,general,本科/硕士,22-28,global,5.8,5.7,7.1,8.3,9.7,7.9,7.3,6.1,7.2,7.2,6.0,4.0,4.4,2.4,3.3,6.5,5.5,1.2,7.7,7.8,3.0,5.0,2.7,5.9,4.8,3.3,6.8,6.5,5.1,5.3,6.1,3.3,4.1,3.4,2,2,↑,2035+,5.79,中国隧道工程师：AI替代抗性强，加班文化严重,"China Tunnel Engineer: strong AI resistance, heavy overtime culture",AI综合评估 + O*NET/ILO/OECD锚点校准,2026-04-13,2026-04-13,2000-2026,383000
ART-0708-CN-general,文化、艺术与传媒,ART,动画游戏,动作捕捉技术员,Motion Capture Technician,3521,27-4014.00,东亚,中国,CN,country,general,本科,20-28,global,5.2,5.4,7.3,6.8,7.7,4.7,6.7,6.6,8.6,7.0,5.3,7.7,5.5,0.0,4.8,7.0,5.3,2.2,7.1,6.2,1.1,5.7,1.2,8.1,5.8,4.3,5.2,5.7,3.7,1.0,5.6,4.9,5.7,5.3,4,2,↑,2032-2038,5.79,中国动作捕捉技术员：薪资回报高，加班文化严重,"China Motion Capture Technician: high compensation, heavy overtime culture",AI综合评估 + O*NET/ILO/OECD锚点校准,2026-04-13,2026-04-13,2000-2026,719000
FIN-0109-CN-general,金融与商业,FIN,银行,外汇交易员(银行),Bank FX Trader,3311,13-2051.00,东亚,中国,CN,country,general,本科,22-28,global,5.4,5.6,6.8,7.5,7.9,10.0,6.5,6.2,9.4,7.0,4.7,9.0,6.0,0.0,1.3,6.8,5.5,1.1,4.3,7.3,4.9,5.7,3.3,5.8,4.5,4.5,6.0,7.4,0.7,3.9,7.6,2.9,5.1,4.1,2,1,→,2026-2030,5.79,中国外汇交易员(银行)：薪资回报高，加班文化严重,"China Bank FX Trader: high compensation, heavy overtime culture",AI综合评估 + O*NET/ILO/BIS锚点校准,2026-04-13,2026-04-13,2000-2026,1031000
MED-1108-CN-general,医疗与健康,MED,医疗管理,护理人员(院前急救),Paramedic,3258,29-2043.00,东亚,中国,CN,country,general,大专/本科,20-26,global,5.0,5.3,6.9,7.6,8.3,9.6,6.8,5.4,5.2,7.4,7.7,5.4,5.3,0.0,0.1,6.9,6.9,1.2,7.8,7.1,4.7,4.3,0.1,8.2,5.2,5.9,6.8,7.3,7.3,6.4,2.2,4.0,4.1,4.0,3,3,↑,2035+,5.78,中国护理人员(院前急救)：AI替代抗性强，加班文化严重，就业稳定,"China Paramedic: strong AI resistance, heavy overtime culture, stable employment",AI综合评估 + O*NET/ILO/WHO锚点校准,2026-04-13,2026-04-13,2000-2026,156000
ENG-0207-CN-general,工程与制造,ENG,电气工程,仪器仪表工程师,Instrumentation Engineer,2151,17-2072.01,东亚,中国,CN,country,general,本科/硕士,22-28,global,6.6,6.1,6.9,7.3,7.6,7.6,6.9,7.4,7.8,7.8,6.2,6.8,4.3,2.6,2.3,6.4,5.8,1.0,6.0,7.7,1.8,4.9,3.4,6.8,4.6,3.1,5.8,4.7,3.5,3.0,4.6,3.2,5.1,3.8,2,2,↑,2032-2038,5.78,中国仪器仪表工程师：加班文化严重,China Instrumentation Engineer: heavy overtime culture,AI综合评估 + O*NET/ILO/OECD锚点校准,2026-04-13,2026-04-13,2000-2026,502000
MED-0106-CN-general,医疗与健康,MED,临床医学,病理科医生,Pathologist,2212,29-1222.00,东亚,中国,CN,country,general,博士/医学学位,28-35,global,8.8,9.3,7.5,9.1,9.4,9.6,7.8,7.3,7.0,6.2,7.7,6.9,4.0,1.3,4.3,6.2,4.9,1.8,3.8,8.6,4.7,5.2,3.6,7.6,6.4,4.9,6.2,3.9,1.5,9.4,1.4,3.8,5.3,3.4,3,1,→,2026-2030,5.78,中国病理科医生：人才需求旺盛，AI替代风险较高，加班文化严重,"China Pathologist: strong talent demand, high AI displacement risk, heavy overtime culture",AI综合评估 + O*NET/ILO/WHO锚点校准,2026-04-13,2026-04-13,2000-2026,350000
ENG-1301-CN-general,工程与制造,ENG,环境工程,环境工程师(制造),Environmental Engineer (Manufacturing),2143,17-2081.00,东亚,中国,CN,country,general,本科/硕士,22-28,global,5.8,6.1,7.5,7.5,6.8,8.1,6.2,7.1,7.3,7.2,6.0,5.5,4.6,2.1,2.6,6.6,6.0,1.1,7.0,7.4,2.3,5.4,3.7,6.6,4.3,4.2,6.5,6.0,4.3,4.0,4.5,2.9,4.3,3.5,3,3,↑,2032-2038,5.78,中国环境工程师(制造)：加班文化严重,China Environmental Engineer (Manufacturing): heavy overtime culture,AI综合评估 + O*NET/ILO/OECD锚点校准,2026-04-13,2026-04-13,2000-2026,401000
ENG-1302-CN-general,工程与制造,ENG,环境工程,噪声控制工程师,Noise Control / Acoustic Engineer,2149,17-2199.01,东亚,中国,CN,country,general,本科/硕士,22-28,global,5.8,5.8,6.2,7.3,6.7,6.4,5.6,6.9,8.5,6.3,6.6,5.3,3.6,2.6,3.6,7.0,6.4,1.0,7.2,6.4,2.6,5.4,4.2,6.8,4.0,4.1,6.3,5.8,3.8,3.8,4.2,3.5,4.3,3.2,3,3,↑,2032-2038,5.78,中国噪声控制工程师：薪资回报高，加班文化严重,"China Noise Control / Acoustic Engineer: high compensation, heavy overtime culture",AI综合评估 + O*NET/ILO/OECD锚点校准,2026-04-13,2026-04-13,2000-2026,687000
MED-1107-CN-general,医疗与健康,MED,医疗管理,急救技术员/急救员,Emergency Medical Technician (EMT),3258,29-2042.00,东亚,中国,CN,country,general,大专/培训,18-25,global,3.8,4.0,7.4,7.3,8.5,9.6,6.8,5.4,3.8,7.1,7.0,5.7,5.2,0.0,0.4,6.8,7.1,1.7,7.7,7.2,4.8,5.1,0.0,7.4,5.0,5.0,6.6,7.0,7.8,5.2,1.5,4.6,4.4,3.6,3,3,↑,2035+,5.78,中国急救技术员/急救员：薪资水平偏低，AI替代抗性强，加班文化严重,"China Emergency Medical Technician (EMT): relatively low pay, strong AI resistance, heavy overtime culture",AI综合评估 + O*NET/ILO/WHO锚点校准,2026-04-13,2026-04-13,2000-2026,83000
SVC-0511-CN-general,服务业与消费,SVC,家政照护,管家(私人/豪宅),Butler / Estate Manager,5152,39-9011.00,东亚,中国,CN,country,general,高中/证书,20-40,global,5.4,2.2,7.3,6.8,8.3,6.0,8.6,5.5,7.8,4.3,4.0,6.2,4.4,1.7,4.8,5.3,4.7,1.5,8.5,5.8,0.2,3.9,2.2,6.9,5.4,6.2,5.9,7.4,6.0,1.8,2.9,3.9,4.9,3.6,3,4,↑↑,2035+,5.78,中国管家(私人/豪宅)：人才需求旺盛，AI替代抗性强，加班文化严重,"China Butler / Estate Manager: strong talent demand, strong AI resistance, heavy overtime culture",AI综合评估 + O*NET/ILO/OECD锚点校准,2026-04-13,2026-04-13,2000-2026,502000
ART-0505-CN-general,文化、艺术与传媒,ART,博物馆与文化遗产,古建筑修复专家,Heritage Building Restorer,2621,25-4013.00,东亚,中国,CN,country,general,硕士,24-32,global,6.5,6.5,5.8,8.2,5.4,4.7,5.7,6.5,6.6,5.3,7.1,7.7,6.2,2.5,2.6,6.1,5.2,0.4,9.0,6.8,2.7,6.0,3.4,7.3,4.0,5.9,6.8,6.3,5.2,4.1,3.2,3.6,4.7,5.2,2,0,→,2035+,5.78,中国古建筑修复专家：AI替代抗性强，加班文化严重,"China Heritage Building Restorer: strong AI resistance, heavy overtime culture",AI综合评估 + O*NET/ILO/OECD锚点校准,2026-04-13,2026-04-13,2000-2026,292000
EDU-0205-CN-general,教育与学术,EDU,高等教育,大学招生官,University Admissions Officer,2424,11-9033.00,东亚,中国,CN,country,general,本科/硕士,24-30,global,4.8,5.8,3.9,7.9,6.6,6.2,5.2,5.8,4.7,5.3,9.6,9.7,5.2,2.2,3.0,5.5,5.8,1.2,6.1,7.2,6.5,4.2,3.9,6.3,3.1,6.1,6.9,7.7,0.8,3.5,1.7,4.4,3.7,3.9,2,1,→,2032-2038,5.78,中国大学招生官：加班文化严重，就业稳定,"China University Admissions Officer: heavy overtime culture, stable employment",AI综合评估 + O*NET/ILO/UNESCO锚点校准,2026-04-13,2026-04-13,2000-2026,124000
ART-0503-CN-general,文化、艺术与传媒,ART,博物馆与文化遗产,考古学家,Archaeologist,2632,19-3091.00,东亚,中国,CN,country,general,硕士/博士,24-32,global,7.5,7.7,6.1,8.6,5.2,6.0,5.1,6.6,6.0,5.3,6.1,7.7,6.0,2.9,3.0,6.7,5.1,0.4,8.4,8.1,3.9,5.2,4.2,8.3,3.6,5.0,7.5,6.5,4.8,3.8,3.3,3.4,4.8,4.8,2,0,→,2035+,5.78,中国考古学家：AI替代抗性强，加班文化严重,"China Archaeologist: strong AI resistance, heavy overtime culture",AI综合评估 + O*NET/ILO/OECD锚点校准,2026-04-13,2026-04-13,2000-2026,223000
ART-0704-CN-general,文化、艺术与传媒,ART,动画游戏,游戏美术设计师,Game Artist,2166,27-1014.00,东亚,中国,CN,country,general,本科,20-28,global,5.8,5.0,6.8,7.1,7.6,7.6,6.3,6.4,7.7,6.1,4.8,7.4,6.0,0.0,3.8,6.6,6.1,1.8,5.1,6.6,5.5,5.9,1.9,7.5,5.0,3.9,5.8,5.8,2.8,1.4,5.4,5.5,6.1,4.3,4,2,↑,2028-2033,5.78,中国游戏美术设计师：加班文化严重,China Game Artist: heavy overtime culture,AI综合评估 + O*NET/ILO/OECD锚点校准,2026-04-13,2026-04-13,2000-2026,480000
MED-0118-CN-general,医疗与健康,MED,临床医学,神经外科医生,Neurosurgeon,2212,29-1241.00,东亚,中国,CN,country,general,博士/医学学位,28-35,global,10.0,9.9,6.8,7.3,8.6,9.7,8.9,8.9,10.0,5.7,9.1,6.4,3.0,0.0,0.0,6.0,4.9,2.4,7.4,10.0,1.9,4.8,0.0,8.5,6.4,5.1,6.6,8.1,6.6,9.4,0.9,3.6,4.9,3.7,3,3,↑,2032-2038,5.78,中国神经外科医生：薪资回报高，人才需求旺盛，加班文化严重,"China Neurosurgeon: high compensation, strong talent demand, heavy overtime culture",AI综合评估 + O*NET/ILO/WHO锚点校准,2026-04-13,2026-04-13,2000-2026,1350000
MED-0122-CN-general,医疗与健康,MED,临床医学,肾内科医生,Nephrologist,2212,29-1216.00,东亚,中国,CN,country,general,博士/医学学位,28-35,global,9.0,8.8,7.6,8.4,8.6,9.9,7.4,7.3,7.7,5.7,8.0,7.2,3.8,1.0,2.7,5.2,4.5,2.0,7.0,8.3,2.9,6.4,1.9,7.7,6.7,4.2,6.3,7.8,5.3,9.2,1.6,3.2,4.9,3.7,3,3,↑,2032-2038,5.78,中国肾内科医生：加班文化严重，就业稳定,"China Nephrologist: heavy overtime culture, stable employment",AI综合评估 + O*NET/ILO/WHO锚点校准,2026-04-13,2026-04-13,2000-2026,480000
ART-0507-CN-general,文化、艺术与传媒,ART,博物馆与文化遗产,文化遗产保护规划师,Heritage Conservation Planner,2621,25-4013.00,东亚,中国,CN,country,general,硕士,24-32,global,6.1,6.8,6.0,8.3,5.8,5.3,5.2,6.2,6.1,5.0,7.4,7.7,7.4,3.1,2.3,6.7,5.0,0.7,7.0,7.0,3.4,5.9,4.5,8.2,4.0,6.1,7.3,6.4,2.7,3.5,3.7,3.8,4.0,5.4,2,0,→,2032-2038,5.77,中国文化遗产保护规划师：加班文化严重,China Heritage Conservation Planner: heavy overtime culture,AI综合评估 + O*NET/ILO/OECD锚点校准,2026-04-13,2026-04-13,2000-2026,233000
ENG-1005-CN-general,工程与制造,ENG,质量控制,无损检测工程师,Non-Destructive Testing (NDT) Engineer,2149,17-3029.09,东亚,中国,CN,country,general,本科,22-28,global,5.6,5.9,5.9,7.8,7.3,7.1,5.9,6.0,6.5,6.8,6.8,5.8,4.1,2.9,4.1,7.2,6.2,0.4,7.4,6.7,1.4,5.0,4.5,6.4,4.1,4.8,6.9,6.2,4.2,5.6,4.9,2.5,4.9,2.9,2,2,↑,2032-2038,5.77,中国无损检测工程师：加班文化严重,China Non-Destructive Testing (NDT) Engineer: heavy overtime culture,AI综合评估 + O*NET/ILO/OECD锚点校准,2026-04-13,2026-04-13,2000-2026,280000
TECH-0113-CN-general,信息技术与数字化,TECH,软件开发,技术支持工程师,Technical Support Engineer,2519,15-1232.00,东亚,中国,CN,country,general,大专/本科,20-28,global,3.9,3.5,6.6,5.5,8.0,10.0,6.0,5.5,6.3,7.4,5.6,9.5,5.2,2.1,2.4,5.6,6.8,1.9,4.0,5.6,5.0,3.5,3.7,4.4,5.0,4.1,6.3,7.5,1.8,0.0,5.0,4.9,4.8,1.9,1,0,→,2026-2030,5.77,中国技术支持工程师：AI替代风险较高，加班文化严重,"China Technical Support Engineer: high AI displacement risk, heavy overtime culture",AI综合评估 + O*NET/ILO/OECD锚点校准,2026-04-13,2026-04-13,2000-2026,255000
MED-0108-CN-general,医疗与健康,MED,临床医学,儿科医生,Pediatrician,2212,29-1221.00,东亚,中国,CN,country,general,博士/医学学位,28-35,global,9.4,9.4,8.0,8.9,9.4,9.9,7.8,7.1,6.1,6.2,8.5,6.9,3.8,0.0,1.1,6.2,4.6,1.8,7.3,8.6,2.0,4.8,1.4,8.7,6.0,5.9,6.2,7.9,5.3,9.2,0.8,4.0,5.4,3.2,3,3,↑,2032-2038,5.77,中国儿科医生：人才需求旺盛，加班文化严重，就业稳定,"China Pediatrician: strong talent demand, heavy overtime culture, stable employment",AI综合评估 + O*NET/ILO/WHO锚点校准,2026-04-13,2026-04-13,2000-2026,233000
ENG-1303-CN-general,工程与制造,ENG,环境工程,能源审计师,Energy Auditor,2149,13-1199.01,东亚,中国,CN,country,general,本科/硕士,22-28,global,5.4,4.8,6.0,7.5,7.8,7.4,6.2,6.7,7.5,6.5,6.2,5.3,3.9,2.7,2.3,7.4,6.3,0.9,5.6,6.2,3.8,5.6,3.1,7.3,4.7,4.2,6.6,5.8,3.7,4.0,4.0,3.5,4.3,2.8,3,3,↑,2028-2033,5.77,中国能源审计师：加班文化严重,China Energy Auditor: heavy overtime culture,AI综合评估 + O*NET/ILO/OECD锚点校准,2026-04-13,2026-04-13,2000-2026,438000
ART-0701-CN-general,文化、艺术与传媒,ART,动画游戏,2D动画师,2D Animator,2166,27-1014.00,东亚,中国,CN,country,general,本科,20-28,global,5.3,4.6,6.6,6.7,7.7,7.0,6.5,7.0,6.7,6.6,4.6,7.5,5.3,0.7,5.3,6.7,6.1,1.8,5.4,5.8,6.3,5.2,0.9,7.5,6.0,3.9,6.2,5.7,2.2,1.0,6.2,4.6,5.3,4.7,4,2,↑,2028-2033,5.77,中国2D动画师：加班文化严重,China 2D Animator: heavy overtime culture,AI综合评估 + O*NET/ILO/OECD锚点校准,2026-04-13,2026-04-13,2000-2026,306000
SKL-0111-CN-general,技术工种与手工业,SKL,电气技术,安防监控安装技师,Security & CCTV Installation Technician,7412,49-2098.00,东亚,中国,CN,country,general,职校/学徒,18-25,global,4.0,3.4,7.4,8.1,7.7,8.3,5.9,7.2,6.7,6.7,6.1,4.7,4.2,1.5,3.3,6.2,6.0,1.6,7.2,5.7,0.0,6.3,2.7,6.4,7.2,2.8,6.0,5.2,5.5,5.6,5.2,6.6,4.6,2.5,3,3,↑,2032-2038,5.76,中国安防监控安装技师：加班文化严重,China Security & CCTV Installation Technician: heavy overtime culture,AI综合评估 + O*NET/ILO/OECD锚点校准,2026-04-13,2026-04-13,2000-2026,306000
EDU-0804-CN-general,教育与学术,EDU,特殊教育与辅助,课后辅导教师/补习教师,After-school Tutor,2353,25-3098.00,东亚,中国,CN,country,general,大专/本科,20-30,global,3.1,3.3,4.1,6.5,8.4,9.6,4.6,4.6,3.6,5.1,6.2,9.5,3.9,1.2,1.8,3.9,5.5,1.8,6.4,5.4,8.3,7.1,2.4,6.1,7.1,5.4,6.4,7.5,1.6,1.5,3.0,9.5,2.1,1.0,2,0,→,2032-2038,5.76,中国课后辅导教师/补习教师：薪资水平偏低，加班文化严重,"China After-school Tutor: relatively low pay, heavy overtime culture",AI综合评估 + O*NET/ILO/UNESCO锚点校准,2026-04-13,2026-04-13,2000-2026,76000
SKL-1005-CN-general,技术工种与手工业,SKL,工业维护,锁匠,Locksmith,7222,49-9094.00,东亚,中国,CN,country,general,职校/技校,20-28,global,4.3,3.1,6.5,7.8,7.5,7.1,7.3,6.6,4.8,6.9,7.1,6.2,3.8,2.4,3.8,5.8,5.0,1.5,8.5,4.2,0.4,5.0,3.2,5.6,7.5,2.0,6.1,6.7,4.7,3.8,4.5,6.7,3.7,3.0,2,2,↑,2035+,5.76,中国锁匠：AI替代抗性强，加班文化严重,"China Locksmith: strong AI resistance, heavy overtime culture",AI综合评估 + O*NET/ILO/OECD锚点校准,2026-04-13,2026-04-13,2000-2026,130000
ART-0308-CN-general,文化、艺术与传媒,ART,出版写作,出版发行人,Publisher,1349,11-2011.00,东亚,中国,CN,country,general,本科,30-40,global,5.4,4.7,4.5,8.1,5.5,6.1,4.9,4.9,7.8,5.0,4.8,7.9,7.0,1.7,2.8,6.9,6.3,2.6,5.0,6.4,7.7,6.7,3.7,7.3,7.5,5.0,6.5,4.8,1.2,1.9,4.4,6.9,5.2,3.0,1,-1,→,2028-2033,5.76,中国出版发行人：加班文化严重,China Publisher: heavy overtime culture,AI综合评估 + O*NET/ILO/OECD锚点校准,2026-04-13,2026-04-13,2000-2026,502000
MED-0208-CN-general,医疗与健康,MED,护理,护理助理,Nursing Assistant,5321,31-1131.00,东亚,中国,CN,country,general,高中/大专,18-25,global,2.7,3.1,7.7,7.1,9.6,10.0,9.5,7.3,2.8,5.6,7.8,6.6,2.8,0.0,0.8,5.1,5.0,1.2,8.0,3.4,1.5,3.6,1.1,7.5,3.1,3.4,5.8,8.4,7.2,3.2,1.3,3.8,6.0,1.8,3,4,↑↑,2035+,5.76,中国护理助理：薪资水平偏低，人才需求旺盛，AI替代抗性强,"China Nursing Assistant: relatively low pay, strong talent demand, strong AI resistance",AI综合评估 + O*NET/ILO/WHO锚点校准,2026-04-13,2026-04-13,2000-2026,53000
ENG-0415-CN-general,工程与制造,ENG,土木与建筑,海洋工程师,Ocean/Marine Engineer,2142,17-2121.00,东亚,中国,CN,country,general,本科/硕士,22-28,global,7.1,7.1,7.6,7.7,9.3,7.5,6.7,7.0,7.0,7.0,6.7,4.3,3.9,2.7,3.3,6.2,5.3,1.0,7.4,7.5,3.0,4.9,4.0,6.5,5.5,3.5,6.5,6.5,4.7,4.8,6.4,2.7,4.3,3.4,2,2,↑,2032-2038,5.76,中国海洋工程师：加班文化严重,China Ocean/Marine Engineer: heavy overtime culture,AI综合评估 + O*NET/ILO/OECD锚点校准,2026-04-13,2026-04-13,2000-2026,350000
ART-0508-CN-general,文化、艺术与传媒,ART,博物馆与文化遗产,博物馆教育员,Museum Educator,2621,25-4012.00,东亚,中国,CN,country,general,硕士,24-32,global,6.3,6.3,5.0,8.6,5.2,5.6,5.7,6.4,5.6,5.5,7.3,8.2,6.7,3.7,1.8,5.7,4.8,0.6,7.8,7.4,3.4,5.0,4.7,8.0,3.5,4.6,7.3,7.8,3.2,3.2,3.5,4.0,4.3,5.8,2,0,→,2035+,5.76,中国博物馆教育员：AI替代抗性强,China Museum Educator: strong AI resistance,AI综合评估 + O*NET/ILO/OECD锚点校准,2026-04-13,2026-04-13,2000-2026,186000
EDU-0106-CN-general,教育与学术,EDU,K12教育,体育教师,Physical Education Teacher,2342,25-2059.01,东亚,中国,CN,country,general,本科(体育),22-28,global,4.5,5.1,3.9,7.5,7.4,9.7,5.2,5.5,4.4,4.5,9.7,8.0,2.5,4.0,3.3,4.1,5.3,1.6,8.9,6.8,3.1,5.4,4.9,7.4,3.9,4.4,5.7,8.5,7.8,6.0,0.8,5.5,3.1,2.9,2,1,→,2035+,5.76,中国体育教师：薪资水平偏低，AI替代抗性强，就业稳定,"China Physical Education Teacher: relatively low pay, strong AI resistance, stable employment",AI综合评估 + O*NET/ILO/UNESCO锚点校准,2026-04-13,2026-04-13,2000-2026,109000
MED-0606-CN-general,医疗与健康,MED,传统与替代医学,推拿师,Tui Na Massage Therapist,2230,31-9011.00,东亚,中国,CN,country,general,大专/本科,20-28,regional,4.3,3.9,5.1,8.7,6.6,10.0,6.2,3.0,8.2,6.1,7.3,8.6,4.3,2.0,3.3,4.3,4.6,2.7,7.0,7.6,1.5,6.6,3.6,6.7,7.1,5.0,7.4,7.5,7.2,4.7,1.9,6.2,0.0,2.6,1,1,→,2032-2038,5.75,中国推拿师：薪资回报高，加班文化严重,"China Tui Na Massage Therapist: high compensation, heavy overtime culture",AI综合评估 + O*NET/ILO/WHO锚点校准,2026-04-13,2026-04-13,2000-2026,601000
MED-0126-CN-general,医疗与健康,MED,临床医学,感染科医生,Infectious Disease Physician,2212,29-1216.00,东亚,中国,CN,country,general,博士/医学学位,28-35,global,9.4,9.4,8.0,8.1,9.0,9.6,8.3,6.8,7.3,6.4,8.3,5.6,3.0,1.0,2.0,6.3,5.3,2.1,7.6,8.8,1.2,6.1,0.9,7.9,6.6,4.0,6.8,7.8,4.7,8.8,1.5,3.6,4.7,3.6,4,5,↑↑,2035+,5.75,中国感染科医生：人才需求旺盛，AI替代抗性强，加班文化严重,"China Infectious Disease Physician: strong talent demand, strong AI resistance, heavy overtime culture",AI综合评估 + O*NET/ILO/WHO锚点校准,2026-04-13,2026-04-13,2000-2026,401000
TRA-0104-CN-general,交通运输与物流,TRA,航空,机场运营经理,Airport Operations Manager,1324,11-3071.01,东亚,中国,CN,country,general,本科,28-38,global,6.3,6.0,7.1,7.1,7.6,8.4,8.0,8.3,8.0,6.9,6.8,5.2,4.2,2.1,3.3,5.3,6.0,1.4,6.5,7.3,1.8,6.2,1.7,8.3,3.7,2.9,3.7,7.1,4.9,4.8,7.2,2.1,6.7,4.3,2,2,↑,2032-2038,5.75,中国机场运营经理：薪资回报高，人才需求旺盛，加班文化严重,"China Airport Operations Manager: high compensation, strong talent demand, heavy overtime culture",AI综合评估 + O*NET/ILO/OECD锚点校准,2026-04-13,2026-04-13,2000-2026,549000
SKL-0208-CN-general,技术工种与手工业,SKL,管道暖通,管道清洗工,Drain Technician / Sewer Cleaner,7126,47-2152.00,东亚,中国,CN,country,general,职校/学徒,18-25,global,2.0,1.6,6.5,8.0,7.9,7.9,6.3,5.6,4.5,7.1,6.8,4.9,3.7,2.4,4.3,6.0,4.8,1.3,8.7,3.1,0.0,6.0,3.5,4.8,7.9,1.5,5.9,6.1,7.4,6.4,4.7,7.3,5.7,2.6,3,3,↑,2035+,5.75,中国管道清洗工：薪资水平偏低，AI替代抗性强，加班文化严重,"China Drain Technician / Sewer Cleaner: relatively low pay, strong AI resistance, heavy overtime culture",AI综合评估 + O*NET/ILO/OECD锚点校准,2026-04-13,2026-04-13,2000-2026,114000
ENG-0803-CN-general,工程与制造,ENG,核工程,辐射防护工程师,Radiation Protection Engineer,2149,17-2161.00,东亚,中国,CN,country,general,硕士/博士,25-32,global,7.9,8.1,6.7,8.8,5.6,5.8,7.7,7.8,9.3,6.5,8.5,4.0,2.9,3.4,2.8,5.9,5.4,0.4,8.2,8.3,1.7,5.2,2.7,7.9,2.8,3.8,7.1,5.4,4.7,7.0,3.3,1.9,5.1,6.7,2,2,↑,2035+,5.75,中国辐射防护工程师：薪资回报高，人才需求旺盛，AI替代抗性强,"China Radiation Protection Engineer: high compensation, strong talent demand, strong AI resistance",AI综合评估 + O*NET/ILO/OECD锚点校准,2026-04-13,2026-04-13,2000-2026,985000
ENG-1308-CN-general,工程与制造,ENG,环境工程,防腐蚀工程师,Corrosion Protection Engineer,2145,17-2041.00,东亚,中国,CN,country,general,本科/硕士,22-28,global,6.6,6.0,7.2,7.8,7.8,6.7,6.4,6.9,7.9,6.3,6.5,5.5,3.3,2.4,2.6,7.2,6.6,1.2,6.7,6.3,1.6,5.4,3.7,7.6,4.9,3.6,7.1,5.8,4.3,4.3,4.3,2.5,4.5,3.2,3,3,↑,2032-2038,5.75,中国防腐蚀工程师：加班文化严重,China Corrosion Protection Engineer: heavy overtime culture,AI综合评估 + O*NET/ILO/OECD锚点校准,2026-04-13,2026-04-13,2000-2026,525000
LAW-0104-CN-general,法律与社会服务,LAW,律师各专业,移民律师,Immigration Lawyer,2611,23-1011.00,东亚,中国,CN,country,general,法学博士/硕士,25-30,global,7.4,7.4,6.5,7.0,7.2,6.8,6.7,5.4,7.5,6.1,5.3,8.1,4.2,3.0,2.7,5.3,4.8,2.5,7.0,7.6,6.0,6.7,3.1,6.4,7.4,5.8,5.5,8.2,0.5,8.0,4.9,3.2,7.1,3.2,3,2,↑,2032-2038,5.75,中国移民律师：加班文化严重,China Immigration Lawyer: heavy overtime culture,AI综合评估 + O*NET/ILO/OECD锚点校准,2026-04-13,2026-04-13,2000-2026,438000
ART-0506-CN-general,文化、艺术与传媒,ART,博物馆与文化遗产,博物馆讲解员,Museum Guide / Docent,5113,39-7012.00,东亚,中国,CN,country,general,硕士,24-32,global,4.4,4.4,5.2,7.6,6.2,6.0,5.7,6.5,4.0,5.0,7.2,7.7,7.5,2.9,2.4,6.6,5.4,0.3,7.9,5.2,3.0,5.4,3.7,7.3,3.4,5.3,6.9,9.0,3.2,3.3,3.8,3.2,4.0,5.0,2,0,→,2035+,5.75,中国博物馆讲解员：薪资水平偏低，AI替代抗性强，加班文化严重,"China Museum Guide / Docent: relatively low pay, strong AI resistance, heavy overtime culture",AI综合评估 + O*NET/ILO/OECD锚点校准,2026-04-13,2026-04-13,2000-2026,91000
ART-1504-CN-general,文化、艺术与传媒,ART,摄影,时尚摄影师,Fashion Photographer,3431,27-4021.00,东亚,中国,CN,country,general,本科/专科,20-30,global,5.1,3.8,5.2,7.8,6.3,5.1,5.0,5.1,7.3,5.6,4.2,7.7,6.5,1.9,2.3,6.0,5.9,1.9,5.2,7.2,5.5,7.7,2.4,7.3,8.3,4.4,5.8,6.5,3.6,1.3,5.3,6.4,5.7,2.9,2,0,→,2028-2033,5.75,中国时尚摄影师：加班文化严重,China Fashion Photographer: heavy overtime culture,AI综合评估 + O*NET/ILO/OECD锚点校准,2026-04-13,2026-04-13,2000-2026,401000
MED-0605-CN-general,医疗与健康,MED,传统与替代医学,自然疗法医师,Naturopathic Physician,2230,29-1199.00,东亚,中国,CN,country,general,本科/硕士,22-28,global,6.5,6.1,5.0,8.3,7.6,10.0,6.8,3.6,9.4,5.3,7.0,8.7,5.1,1.8,3.6,3.9,4.6,3.5,7.3,8.4,1.9,6.1,2.6,7.3,8.3,5.3,7.8,7.2,4.1,5.9,3.0,6.1,1.7,2.3,1,2,↑,2032-2038,5.75,中国自然疗法医师：薪资回报高，加班文化严重,"China Naturopathic Physician: high compensation, heavy overtime culture",AI综合评估 + O*NET/ILO/WHO锚点校准,2026-04-13,2026-04-13,2000-2026,1031000
ART-1303-CN-general,文化、艺术与传媒,ART,图书馆信息,信息科学专家,Information Scientist,2622,15-1299.09,东亚,中国,CN,country,general,硕士,24-30,global,5.3,5.8,5.7,9.3,4.5,4.3,5.6,4.8,6.9,5.5,7.0,8.5,7.9,3.9,1.1,5.6,5.2,0.0,5.4,5.3,6.4,4.5,5.4,6.5,3.2,6.0,8.0,4.9,1.0,2.6,1.9,2.9,3.9,4.0,1,0,→,2028-2033,5.75,中国信息科学专家：发展平稳,China Information Scientist: steady development,AI综合评估 + O*NET/ILO/OECD锚点校准,2026-04-13,2026-04-13,2000-2026,335000
GOV-0501-CN-general,公共管理与公务员,GOV,国际组织,联合国职员,United Nations Staff,2422,11-1031.00,东亚,中国,CN,country,general,硕士/博士,27-35,global,7.6,9.1,5.7,9.0,4.2,3.4,5.2,3.9,8.5,7.0,9.1,8.1,6.2,2.9,4.7,6.8,5.0,1.4,7.2,10.0,4.2,4.6,3.1,7.8,1.4,6.5,4.9,8.2,1.5,9.4,1.4,1.4,9.5,8.4,0,1,→,2032-2038,5.75,中国联合国职员：薪资回报高，加班文化严重，就业稳定,"China United Nations Staff: high compensation, heavy overtime culture, stable employment",AI综合评估 + O*NET/ILO/OECD锚点校准,2026-04-13,2026-04-13,2000-2026,687000
SVC-0402-CN-general,服务业与消费,SVC,美容养生,SPA技师/水疗师,Spa Therapist,5142,39-9032.00,东亚,中国,CN,country,general,专科/证书,20-30,global,4.2,3.3,7.5,6.5,8.1,8.0,6.0,5.5,6.0,5.3,5.3,6.9,6.0,0.6,4.1,5.7,4.8,2.0,8.4,4.8,1.3,5.9,2.4,7.7,7.8,5.7,6.4,7.3,7.0,2.8,5.7,6.0,3.9,3.8,3,3,↑,2035+,5.75,中国SPA技师/水疗师：AI替代抗性强，加班文化严重,"China Spa Therapist: strong AI resistance, heavy overtime culture",AI综合评估 + O*NET/ILO/OECD锚点校准,2026-04-13,2026-04-13,2000-2026,223000
MED-0603-CN-general,医疗与健康,MED,传统与替代医学,阿育吠陀医师,Ayurveda Practitioner,2230,29-1199.00,东亚,中国,CN,country,general,本科/硕士,22-28,regional,6.6,5.8,5.0,9.1,7.2,10.0,7.4,2.8,9.0,6.1,7.3,8.6,3.8,2.0,2.9,3.7,4.6,3.3,7.0,8.0,2.2,6.9,3.4,7.1,8.2,5.7,8.2,7.8,4.2,6.7,2.7,6.1,0.7,2.9,1,2,↑,2032-2038,5.74,中国阿育吠陀医师：薪资回报高，加班文化严重,"China Ayurveda Practitioner: high compensation, heavy overtime culture",AI综合评估 + O*NET/ILO/WHO锚点校准,2026-04-13,2026-04-13,2000-2026,861000
LAW-1003-CN-general,法律与社会服务,LAW,合规与监管,反垄断合规专员,Antitrust Compliance Specialist,2619,13-1041.00,东亚,中国,CN,country,general,法学/经济学硕士,25-32,global,6.8,7.4,5.9,7.3,6.3,5.0,6.5,5.9,7.8,6.5,6.4,9.5,5.2,3.5,3.4,5.8,5.3,2.0,5.9,7.0,6.6,5.4,3.7,5.4,4.5,5.3,6.1,7.3,0.9,6.8,2.9,2.8,6.2,4.6,2,2,↑,2028-2033,5.74,中国反垄断合规专员：加班文化严重,China Antitrust Compliance Specialist: heavy overtime culture,AI综合评估 + O*NET/ILO/OECD锚点校准,2026-04-13,2026-04-13,2000-2026,502000
ENG-1313-CN-general,工程与制造,ENG,环境工程,真空技术工程师,Vacuum Technology Engineer,2152,17-2072.00,东亚,中国,CN,country,general,本科/硕士,22-28,global,7.6,6.8,6.4,7.6,7.2,5.0,6.7,6.7,8.0,6.6,6.6,5.5,3.6,2.7,3.6,6.7,5.8,0.8,6.9,6.8,3.4,4.7,3.2,7.2,4.4,4.5,7.1,5.6,3.7,3.5,4.5,3.5,4.3,2.8,3,3,↑,2032-2038,5.74,中国真空技术工程师：薪资回报高，加班文化严重,"China Vacuum Technology Engineer: high compensation, heavy overtime culture",AI综合评估 + O*NET/ILO/OECD锚点校准,2026-04-13,2026-04-13,2000-2026,549000
ENG-0404-CN-general,工程与制造,ENG,土木与建筑,测量工程师,Surveyor,2165,17-1022.00,东亚,中国,CN,country,general,本科/硕士,22-28,global,5.5,5.6,7.7,8.0,9.7,9.2,7.0,5.8,8.9,6.3,6.5,5.3,4.4,2.3,2.1,6.1,6.1,1.2,6.4,6.5,0.8,5.2,3.2,6.3,5.5,3.2,6.1,6.5,6.3,5.1,7.2,3.1,4.6,2.9,2,2,↑,2032-2038,5.74,中国测量工程师：薪资回报高，加班文化严重,"China Surveyor: high compensation, heavy overtime culture",AI综合评估 + O*NET/ILO/OECD锚点校准,2026-04-13,2026-04-13,2000-2026,823000
ENG-0407-CN-general,工程与制造,ENG,土木与建筑,水利工程师,Hydraulic Engineer,2142,17-2051.01,东亚,中国,CN,country,general,本科/硕士,22-28,global,5.9,6.4,6.7,7.5,9.0,8.6,7.4,6.7,7.6,6.6,7.2,5.0,3.1,1.1,3.0,6.7,5.9,1.4,7.0,7.9,3.0,4.9,2.5,6.9,4.9,3.8,6.7,6.5,5.3,4.9,7.1,2.9,4.2,3.0,2,2,↑,2032-2038,5.74,中国水利工程师：加班文化严重,China Hydraulic Engineer: heavy overtime culture,AI综合评估 + O*NET/ILO/OECD锚点校准,2026-04-13,2026-04-13,2000-2026,459000
MED-0111-CN-general,医疗与健康,MED,临床医学,神经内科医生,Neurologist,2212,29-1217.00,东亚,中国,CN,country,general,博士/医学学位,28-35,global,9.9,9.4,7.8,8.2,9.2,10.0,8.1,7.0,7.4,5.0,8.8,7.1,3.6,0.0,1.9,5.2,4.9,1.9,7.9,8.2,1.1,6.3,1.4,7.8,6.6,4.9,6.6,7.8,4.8,9.5,1.4,3.8,5.1,3.3,3,4,↑↑,2035+,5.74,中国神经内科医生：人才需求旺盛，AI替代抗性强，加班文化严重,"China Neurologist: strong talent demand, strong AI resistance, heavy overtime culture",AI综合评估 + O*NET/ILO/WHO锚点校准,2026-04-13,2026-04-13,2000-2026,419000
ENG-1312-CN-general,工程与制造,ENG,环境工程,电镀工程师,Electroplating / Surface Treatment Engineer,2145,17-2041.00,东亚,中国,CN,country,general,本科/硕士,22-28,global,4.6,4.8,6.2,7.8,7.4,7.3,6.4,6.5,8.2,5.9,7.5,4.3,3.6,2.4,2.2,6.8,6.4,1.1,6.8,5.8,1.4,5.1,3.9,6.7,5.0,4.2,6.6,5.5,5.0,4.1,4.1,2.9,4.8,3.2,3,3,↑,2032-2038,5.74,中国电镀工程师：薪资回报高，加班文化严重，就业稳定,"China Electroplating / Surface Treatment Engineer: high compensation, heavy overtime culture, stable employment",AI综合评估 + O*NET/ILO/OECD锚点校准,2026-04-13,2026-04-13,2000-2026,601000
ENG-1309-CN-general,工程与制造,ENG,环境工程,管道完整性工程师,Pipeline Integrity Engineer,2145,17-2171.00,东亚,中国,CN,country,general,本科/硕士,22-28,global,6.4,5.9,6.6,7.2,6.8,6.5,6.7,7.1,8.5,6.5,7.0,4.3,3.2,3.3,2.1,7.4,6.6,0.9,6.5,6.7,0.7,5.0,4.5,7.0,4.8,5.1,6.3,5.2,4.7,4.8,4.3,3.1,5.1,3.4,3,3,↑,2032-2038,5.74,中国管道完整性工程师：薪资回报高，加班文化严重,"China Pipeline Integrity Engineer: high compensation, heavy overtime culture",AI综合评估 + O*NET/ILO/OECD锚点校准,2026-04-13,2026-04-13,2000-2026,687000
MED-0114-CN-general,医疗与健康,MED,临床医学,泌尿科医生,Urologist,2212,29-1241.00,东亚,中国,CN,country,general,博士/医学学位,28-35,global,8.7,8.7,7.4,8.1,9.3,9.3,8.0,6.7,8.2,6.2,7.7,7.2,3.1,0.5,2.1,5.0,4.7,2.4,6.9,9.1,1.4,5.8,1.2,7.7,6.0,4.8,6.0,8.5,5.8,8.8,1.1,3.8,5.5,3.3,3,3,↑,2032-2038,5.73,中国泌尿科医生：薪资回报高，人才需求旺盛，加班文化严重,"China Urologist: high compensation, strong talent demand, heavy overtime culture",AI综合评估 + O*NET/ILO/WHO锚点校准,2026-04-13,2026-04-13,2000-2026,601000
MED-0110-CN-general,医疗与健康,MED,临床医学,心血管科医生,Cardiologist,2212,29-1212.00,东亚,中国,CN,country,general,博士/医学学位,28-35,global,9.6,9.1,7.2,8.9,9.3,9.8,8.1,7.7,8.5,5.2,8.5,7.2,3.1,0.0,0.6,6.0,4.2,1.9,7.0,9.3,1.1,5.2,1.4,8.5,6.0,4.8,6.2,7.9,4.7,9.3,1.6,3.6,5.1,3.8,3,4,↑↑,2032-2038,5.73,中国心血管科医生：薪资回报高，人才需求旺盛，加班文化严重,"China Cardiologist: high compensation, strong talent demand, heavy overtime culture",AI综合评估 + O*NET/ILO/WHO锚点校准,2026-04-13,2026-04-13,2000-2026,687000
FIN-0605-CN-general,金融与商业,FIN,房地产,房地产开发商,Real Estate Developer,1120,11-9021.00,东亚,中国,CN,country,general,本科/硕士,30-40,global,7.3,3.7,6.1,7.0,8.9,10.0,5.7,4.7,10.0,7.2,2.7,9.0,5.0,0.5,1.9,5.4,5.0,3.6,7.4,8.1,5.0,7.0,2.6,5.6,10.0,4.2,5.8,7.7,3.3,4.7,10.0,6.3,3.5,2.9,2,0,→,2032-2038,5.73,中国房地产开发商：薪资回报高，加班文化严重，就业波动大,"China Real Estate Developer: high compensation, heavy overtime culture, volatile employment",AI综合评估 + O*NET/ILO/BIS锚点校准,2026-04-13,2026-04-13,2000-2026,1350000
ENG-1311-CN-general,工程与制造,ENG,环境工程,焊接工程师,Welding Engineer,2144,17-2141.00,东亚,中国,CN,country,general,大专/本科,22-28,global,5.6,5.1,6.2,7.8,6.7,7.9,6.4,7.5,7.2,7.2,6.2,4.5,3.3,1.9,2.8,7.2,6.6,0.8,7.4,6.8,1.1,4.2,3.9,7.6,4.7,4.0,6.4,5.3,5.7,4.3,4.7,3.3,4.3,3.4,3,3,↑,2032-2038,5.73,中国焊接工程师：加班文化严重,China Welding Engineer: heavy overtime culture,AI综合评估 + O*NET/ILO/OECD锚点校准,2026-04-13,2026-04-13,2000-2026,383000
SKL-0103-CN-general,技术工种与手工业,SKL,电气技术,电力线路工人,Power Line Worker / Lineman,7413,49-9051.00,东亚,中国,CN,country,general,职校/学徒,18-25,global,4.1,3.5,6.6,7.7,7.5,8.3,6.8,8.5,6.5,6.5,6.8,2.7,5.4,0.1,3.3,6.7,5.8,1.2,7.9,4.9,0.4,5.5,0.5,7.0,7.2,3.2,6.1,5.3,8.2,4.5,5.0,7.2,4.8,3.5,3,3,↑,2035+,5.73,中国电力线路工人：AI替代抗性强，加班文化严重,"China Power Line Worker / Lineman: strong AI resistance, heavy overtime culture",AI综合评估 + O*NET/ILO/OECD锚点校准,2026-04-13,2026-04-13,2000-2026,280000
ART-1201-CN-general,文化、艺术与传媒,ART,会展,会展设计师,Exhibition Designer,2163,27-1027.00,东亚,中国,CN,country,general,本科,22-30,global,4.2,5.0,5.3,7.3,6.1,5.8,5.5,6.1,7.8,6.1,5.2,7.5,5.8,2.1,3.2,6.4,5.8,1.6,6.3,5.8,3.4,5.7,3.2,7.2,6.5,4.1,6.5,7.2,3.8,1.6,6.1,5.5,4.8,4.5,3,1,→,2032-2038,5.73,中国会展设计师：加班文化严重,China Exhibition Designer: heavy overtime culture,AI综合评估 + O*NET/ILO/OECD锚点校准,2026-04-13,2026-04-13,2000-2026,502000
ENG-0306-CN-general,工程与制造,ENG,化学工程,催化剂工程师,Catalyst Engineer,2145,17-2041.00,东亚,中国,CN,country,general,本科/硕士,22-28,global,7.2,7.8,6.7,7.2,7.0,5.2,6.5,7.1,8.1,7.8,6.5,5.3,3.3,2.1,3.5,6.8,5.3,0.8,7.1,7.7,2.3,4.6,3.5,7.4,4.1,4.7,6.3,5.0,3.9,3.0,5.4,3.7,5.0,2.8,2,1,→,2032-2038,5.73,中国催化剂工程师：薪资回报高，加班文化严重,"China Catalyst Engineer: high compensation, heavy overtime culture",AI综合评估 + O*NET/ILO/OECD锚点校准,2026-04-13,2026-04-13,2000-2026,574000
ART-0107-CN-general,文化、艺术与传媒,ART,影视制作,视觉特效师(VFX),Visual Effects (VFX) Artist,2166,27-1014.00,东亚,中国,CN,country,general,本科,20-30,global,5.3,5.4,8.2,5.5,7.4,7.4,8.5,6.9,8.2,5.3,3.5,6.0,6.0,1.2,2.8,6.4,6.2,3.2,5.5,6.6,6.0,5.7,1.4,7.6,6.1,4.8,5.2,7.0,3.8,1.7,6.8,5.7,5.9,4.7,5,3,↑,2028-2033,5.73,中国视觉特效师(VFX)：薪资回报高，人才需求旺盛，加班文化严重,"China Visual Effects (VFX) Artist: high compensation, strong talent demand, heavy overtime culture",AI综合评估 + O*NET/ILO/OECD锚点校准,2026-04-13,2026-04-13,2000-2026,601000
AGR-0911-CN-general,农业、资源与环境,AGR,农业科技,智能温室管理员,Smart Greenhouse Manager,6111,45-2091.00,东亚,中国,CN,country,general,大专/本科,22-32,global,6.2,6.5,8.6,7.6,7.1,6.2,7.4,7.5,6.3,7.3,5.5,6.7,4.9,2.4,3.5,5.8,6.2,1.5,4.9,6.2,2.1,6.4,3.5,6.8,6.2,5.9,5.1,5.7,3.5,3.8,5.2,3.2,5.3,3.8,3,5,↑↑,2028-2033,5.73,中国智能温室管理员：加班文化严重，近年增长迅猛,"China Smart Greenhouse Manager: heavy overtime culture, rapid recent growth",AI综合评估 + O*NET/ILO/OECD锚点校准,2026-04-13,2026-04-13,2000-2026,255000
GOV-0502-CN-general,公共管理与公务员,GOV,国际组织,国际组织项目官员,International Organization Program Officer,2422,11-9199.00,东亚,中国,CN,country,general,硕士,26-34,global,7.3,8.4,5.5,8.6,5.1,3.6,5.1,5.1,6.7,7.2,8.6,7.9,6.4,3.5,4.2,7.3,5.7,1.7,6.8,9.7,5.3,4.7,2.5,7.5,2.7,6.7,4.4,7.7,2.3,8.4,2.4,1.3,8.5,6.5,1,2,↑,2032-2038,5.73,中国国际组织项目官员：加班文化严重，就业稳定,"China International Organization Program Officer: heavy overtime culture, stable employment",AI综合评估 + O*NET/ILO/OECD锚点校准,2026-04-13,2026-04-13,2000-2026,306000
ENG-0406-CN-general,工程与制造,ENG,土木与建筑,道路工程师,Highway Engineer,2142,17-2051.00,东亚,中国,CN,country,general,本科/硕士,22-28,global,6.0,6.0,7.3,8.0,9.0,10.0,6.8,6.6,7.3,6.7,7.0,5.1,3.7,2.5,2.8,6.1,6.0,1.1,7.2,7.1,0.5,4.2,2.6,6.7,4.7,3.6,7.2,6.5,5.4,4.5,6.2,2.7,4.1,3.0,2,2,↑,2032-2038,5.73,中国道路工程师：加班文化严重,China Highway Engineer: heavy overtime culture,AI综合评估 + O*NET/ILO/OECD锚点校准,2026-04-13,2026-04-13,2000-2026,401000
AGR-0709-CN-general,农业、资源与环境,AGR,环保,环保合规顾问,Environmental Compliance Consultant,2143,13-1041.01,东亚,中国,CN,country,general,本科/硕士,26-35,global,6.0,6.2,7.4,7.9,6.0,5.5,5.9,7.4,7.2,5.7,5.3,6.5,4.9,2.1,2.8,5.3,6.3,1.4,6.0,5.6,4.8,6.2,3.3,7.9,6.5,5.2,6.2,7.4,3.8,5.5,4.2,3.1,6.2,3.8,3,4,↑↑,2032-2038,5.73,中国环保合规顾问：加班文化严重，近年增长迅猛,"China Environmental Compliance Consultant: heavy overtime culture, rapid recent growth",AI综合评估 + O*NET/ILO/OECD锚点校准,2026-04-13,2026-04-13,2000-2026,383000
ENG-0805-CN-general,工程与制造,ENG,核工程,核废料管理工程师,Nuclear Waste Management Engineer,2149,17-2161.00,东亚,中国,CN,country,general,硕士/博士,25-32,global,8.3,8.6,6.5,8.8,6.6,4.6,7.4,8.0,9.3,8.0,8.0,3.8,3.4,2.4,3.1,5.9,5.0,0.6,8.6,8.5,0.6,5.5,3.2,8.4,1.9,4.1,7.3,5.5,4.8,7.0,3.6,2.1,4.1,6.4,2,2,↑,2035+,5.72,中国核废料管理工程师：薪资回报高，AI替代抗性强，加班文化严重,"China Nuclear Waste Management Engineer: high compensation, strong AI resistance, heavy overtime culture",AI综合评估 + O*NET/ILO/OECD锚点校准,2026-04-13,2026-04-13,2000-2026,985000
MED-0125-CN-general,医疗与健康,MED,临床医学,血液科医生,Hematologist,2212,29-1216.00,东亚,中国,CN,country,general,博士/医学学位,28-35,global,8.7,9.3,7.9,8.6,9.3,7.5,7.2,6.1,8.3,5.5,8.8,7.2,3.8,1.2,2.0,5.0,4.3,1.9,7.2,8.5,2.0,5.9,0.7,8.5,6.2,5.3,6.3,7.8,5.2,9.4,1.6,3.2,5.3,3.9,3,3,↑,2032-2038,5.72,中国血液科医生：薪资回报高，加班文化严重，就业稳定,"China Hematologist: high compensation, heavy overtime culture, stable employment",AI综合评估 + O*NET/ILO/WHO锚点校准,2026-04-13,2026-04-13,2000-2026,628000
ART-1010-CN-general,文化、艺术与传媒,ART,新媒体内容,内容审核员,Content Moderator,4132,43-9199.00,东亚,中国,CN,country,general,无要求,16-30,global,2.2,2.9,8.0,5.1,10.0,10.0,7.5,5.8,5.0,5.0,4.6,7.7,5.5,0.0,5.8,6.2,5.5,3.8,5.0,4.8,6.0,3.6,1.7,3.9,9.4,5.5,4.1,7.5,2.8,1.0,5.3,7.4,4.2,2.7,5,4,↑↑,2028-2033,5.72,中国内容审核员：人才需求旺盛，加班文化严重，近年增长迅猛,"China Content Moderator: strong talent demand, heavy overtime culture, rapid recent growth",AI综合评估 + O*NET/ILO/OECD锚点校准,2026-04-13,2026-04-13,2000-2026,142000
ART-0712-CN-general,文化、艺术与传媒,ART,动画游戏,游戏测试员(QA),Game QA Tester,2519,15-1253.00,东亚,中国,CN,country,general,本科,20-28,global,3.8,3.5,7.0,5.8,7.7,6.8,7.3,6.4,5.7,6.6,5.2,7.4,6.0,0.0,5.0,6.4,6.1,1.8,5.2,4.5,6.1,5.7,1.2,8.1,6.0,3.6,5.2,5.5,3.0,1.8,5.9,5.5,5.2,5.5,4,2,↑,2028-2033,5.72,中国游戏测试员(QA)：加班文化严重,China Game QA Tester: heavy overtime culture,AI综合评估 + O*NET/ILO/OECD锚点校准,2026-04-13,2026-04-13,2000-2026,195000
LAW-1004-CN-general,法律与社会服务,LAW,合规与监管,贸易合规专员,Trade Compliance Specialist,2619,13-1041.06,东亚,中国,CN,country,general,本科/硕士,24-30,global,6.4,6.4,6.4,7.4,7.5,5.5,6.1,6.0,7.1,5.5,6.6,9.2,5.0,3.0,4.6,5.6,5.5,1.6,5.5,5.7,6.3,4.9,3.4,4.9,4.9,5.2,6.5,7.1,0.7,6.3,4.6,2.4,7.2,3.8,2,2,↑,2028-2033,5.72,中国贸易合规专员：加班文化严重,China Trade Compliance Specialist: heavy overtime culture,AI综合评估 + O*NET/ILO/OECD锚点校准,2026-04-13,2026-04-13,2000-2026,366000
ART-0303-CN-general,文化、艺术与传媒,ART,出版写作,文学经纪人,Literary Agent,3339,13-1011.00,东亚,中国,CN,country,general,本科,22-35,global,5.3,5.3,4.5,8.0,5.9,4.6,5.0,5.5,7.1,4.7,3.8,8.0,6.2,2.2,3.1,7.0,6.5,2.6,4.9,5.6,6.8,7.7,4.2,7.6,7.8,5.0,6.2,7.7,1.2,1.8,4.7,6.4,5.7,4.0,1,-1,→,2028-2033,5.72,中国文学经纪人：加班文化严重，就业波动大,"China Literary Agent: heavy overtime culture, volatile employment",AI综合评估 + O*NET/ILO/OECD锚点校准,2026-04-13,2026-04-13,2000-2026,366000
ENG-0410-CN-general,工程与制造,ENG,土木与建筑,工程造价师,Quantity Surveyor / Cost Estimator,2149,13-1051.00,东亚,中国,CN,country,general,本科/硕士,22-28,global,5.5,5.6,6.8,7.7,9.4,9.1,6.5,6.4,7.3,6.5,6.7,5.3,3.7,2.0,2.8,6.5,5.7,1.2,5.9,6.8,4.6,5.1,3.1,6.1,5.1,4.4,6.8,6.7,4.7,5.2,6.7,2.9,4.0,3.8,2,2,↑,2028-2033,5.72,中国工程造价师：加班文化严重,China Quantity Surveyor / Cost Estimator: heavy overtime culture,AI综合评估 + O*NET/ILO/OECD锚点校准,2026-04-13,2026-04-13,2000-2026,401000
EDU-0307-CN-general,教育与学术,EDU,职业培训,礼仪培训师,Etiquette Trainer,2424,13-1151.00,东亚,中国,CN,country,general,大专/本科+培训,25-35,global,3.8,3.6,4.2,7.1,5.9,5.1,3.4,4.3,5.2,5.1,5.1,10.0,4.7,2.2,3.6,4.9,4.6,2.4,7.0,6.4,5.6,8.2,3.2,6.9,7.6,6.8,7.7,8.2,2.8,1.9,4.9,7.8,2.8,1.0,1,1,→,2032-2038,5.71,中国礼仪培训师：供过于求，加班文化严重,"China Etiquette Trainer: oversupply of talent, heavy overtime culture",AI综合评估 + O*NET/ILO/UNESCO锚点校准,2026-04-13,2026-04-13,2000-2026,156000
MED-0109-CN-general,医疗与健康,MED,临床医学,妇产科医生,Obstetrician/Gynecologist,2212,29-1218.00,东亚,中国,CN,country,general,博士/医学学位,28-35,global,9.4,9.0,7.6,8.7,8.8,9.9,8.0,6.9,8.6,5.2,8.5,6.4,4.3,0.0,0.4,5.8,4.9,2.5,7.0,8.1,1.0,5.8,2.1,8.1,6.5,5.5,6.6,8.2,6.3,8.8,1.4,3.4,5.1,3.1,3,2,↑,2032-2038,5.71,中国妇产科医生：薪资回报高，人才需求旺盛，加班文化严重,"China Obstetrician/Gynecologist: high compensation, strong talent demand, heavy overtime culture",AI综合评估 + O*NET/ILO/WHO锚点校准,2026-04-13,2026-04-13,2000-2026,719000
SVC-0404-CN-general,服务业与消费,SVC,美容养生,健身教练,Fitness Trainer / Personal Trainer,3423,39-9031.00,东亚,中国,CN,country,general,专科/证书,20-30,global,4.3,3.3,8.1,7.1,7.6,7.7,6.4,5.5,5.8,5.0,4.1,6.7,5.5,0.2,3.9,6.5,5.6,1.9,7.8,4.7,2.0,5.0,2.4,6.6,8.4,6.8,5.4,8.2,7.0,2.5,4.5,6.3,3.5,3.9,3,4,↑↑,2035+,5.71,中国健身教练：AI替代抗性强，加班文化严重，近年增长迅猛,"China Fitness Trainer / Personal Trainer: strong AI resistance, heavy overtime culture, rapid recent growth",AI综合评估 + O*NET/ILO/OECD锚点校准,2026-04-13,2026-04-13,2000-2026,204000
ART-1502-CN-general,文化、艺术与传媒,ART,摄影,婚礼摄影师,Wedding Photographer,3431,27-4021.00,东亚,中国,CN,country,general,本科/专科,20-30,global,4.7,4.0,5.2,7.3,5.6,6.7,5.6,6.0,6.7,5.3,4.1,7.2,6.8,2.1,2.3,6.1,5.7,2.1,5.5,5.5,4.2,7.5,2.9,8.3,8.5,4.7,6.9,7.3,3.2,1.2,6.7,7.5,3.9,2.6,2,0,→,2028-2033,5.71,中国婚礼摄影师：加班文化严重,China Wedding Photographer: heavy overtime culture,AI综合评估 + O*NET/ILO/OECD锚点校准,2026-04-13,2026-04-13,2000-2026,306000
GOV-0705-CN-general,公共管理与公务员,GOV,警察执法,网络警察,Cybercrime Police Officer,5412,33-3021.00,东亚,中国,CN,country,general,本科/硕士,22-28,global,6.9,6.3,6.5,8.4,5.9,5.1,7.3,7.4,7.3,7.0,10.0,8.7,5.2,2.8,3.9,7.2,5.3,2.1,5.6,9.2,3.3,4.1,3.7,7.7,2.4,4.0,5.2,5.7,1.2,8.6,1.7,1.0,4.2,9.1,2,4,↑↑,2028-2033,5.71,中国网络警察：加班文化严重，就业稳定，近年增长迅猛,"China Cybercrime Police Officer: heavy overtime culture, stable employment, rapid recent growth",AI综合评估 + O*NET/ILO/OECD锚点校准,2026-04-13,2026-04-13,2000-2026,401000
EDU-0703-CN-general,教育与学术,EDU,早期教育,育婴师,Infant Care Specialist / Nanny,5311,39-9011.00,东亚,中国,CN,country,general,高中/大专+育婴证,20-35,global,2.8,2.9,4.5,6.9,7.8,9.2,6.2,6.3,3.9,4.1,7.5,7.9,3.7,1.2,3.3,2.8,3.4,1.5,9.6,4.8,2.6,4.4,2.1,7.3,5.3,9.2,6.7,7.6,6.6,3.4,1.8,3.9,3.1,0.8,2,2,↑,2035+,5.71,中国育婴师：薪资水平偏低，AI替代抗性强，加班文化严重,"China Infant Care Specialist / Nanny: relatively low pay, strong AI resistance, heavy overtime culture",AI综合评估 + O*NET/ILO/UNESCO锚点校准,2026-04-13,2026-04-13,2000-2026,87000
EDU-0604-CN-general,教育与学术,EDU,教育管理,大学校长,University President,1120,11-9033.00,东亚,中国,CN,country,general,博士+高管经验,45-60,global,9.5,9.6,4.1,8.0,4.6,3.9,2.8,4.0,10.0,7.6,10.0,9.5,4.2,0.0,1.5,8.0,4.9,2.6,9.2,9.8,4.9,8.1,2.0,8.4,5.6,3.3,6.7,9.2,1.7,10.0,0.5,3.0,5.2,4.6,1,1,→,2035+,5.71,中国大学校长：薪资回报高，供过于求，AI替代抗性强,"China University President: high compensation, oversupply of talent, strong AI resistance",AI综合评估 + O*NET/ILO/UNESCO锚点校准,2026-04-13,2026-04-13,2000-2026,1350000
SKL-0804-CN-general,技术工种与手工业,SKL,美发美容技术,化妆师,Makeup Artist,5142,39-5091.00,东亚,中国,CN,country,general,职校/短期培训,18-25,global,2.4,1.4,4.9,6.7,6.3,7.9,4.1,5.3,5.9,5.6,4.4,5.9,4.7,2.2,3.5,3.6,3.8,1.7,8.7,3.7,0.4,6.2,3.2,7.3,8.2,7.6,5.7,8.8,4.7,3.2,4.2,8.0,5.0,1.2,2,2,↑,2035+,5.71,中国化妆师：AI替代抗性强，加班文化严重,"China Makeup Artist: strong AI resistance, heavy overtime culture",AI综合评估 + O*NET/ILO/OECD锚点校准,2026-04-13,2026-04-13,2000-2026,213000
SVC-0413-CN-general,服务业与消费,SVC,美容养生,康体私教(功能训练),Functional Training Coach,3423,39-9031.00,东亚,中国,CN,country,general,专科/证书,20-30,global,4.5,3.8,8.3,6.8,7.3,7.6,6.8,5.3,6.2,5.9,4.5,6.9,5.0,1.1,4.0,6.1,5.0,2.3,7.8,5.0,1.7,5.2,2.9,6.6,8.0,6.6,5.6,7.5,5.9,3.3,5.6,6.5,2.9,2.8,3,4,↑↑,2035+,5.71,中国康体私教(功能训练)：AI替代抗性强，加班文化严重，近年增长迅猛,"China Functional Training Coach: strong AI resistance, heavy overtime culture, rapid recent growth",AI综合评估 + O*NET/ILO/OECD锚点校准,2026-04-13,2026-04-13,2000-2026,244000
AGR-0705-CN-general,农业、资源与环境,AGR,环保,环境科学家,Environmental Scientist,2133,19-2041.00,东亚,中国,CN,country,general,硕士/博士,26-35,global,6.8,7.9,6.8,7.3,6.3,5.8,5.7,7.0,6.5,6.9,6.2,6.5,5.4,2.9,3.6,5.3,5.4,1.5,6.9,7.6,4.7,5.2,4.1,7.9,4.9,5.1,5.8,5.6,3.9,5.1,3.9,3.3,6.3,4.5,3,4,↑↑,2032-2038,5.71,中国环境科学家：加班文化严重，近年增长迅猛,"China Environmental Scientist: heavy overtime culture, rapid recent growth",AI综合评估 + O*NET/ILO/OECD锚点校准,2026-04-13,2026-04-13,2000-2026,280000
TRA-0702-CN-general,交通运输与物流,TRA,城市交通,交通工程师,Traffic Engineer,2142,17-2051.00,东亚,中国,CN,country,general,本科/硕士,24-32,global,7.0,7.1,7.7,7.8,7.0,6.9,6.6,6.9,8.0,6.4,6.0,7.4,5.2,2.4,3.3,6.2,5.5,1.8,6.4,7.8,3.3,5.2,3.0,6.7,5.0,4.7,6.1,5.5,2.3,5.6,4.4,3.3,4.4,5.0,3,3,↑,2032-2038,5.71,中国交通工程师：薪资回报高，加班文化严重,"China Traffic Engineer: high compensation, heavy overtime culture",AI综合评估 + O*NET/ILO/OECD锚点校准,2026-04-13,2026-04-13,2000-2026,549000
LAW-0505-CN-general,法律与社会服务,LAW,法律助理/律师助理,商标代理人,Trademark Agent,2619,23-2011.00,东亚,中国,CN,country,general,法学本科/硕士,22-28,global,6.3,5.7,6.1,7.7,6.3,5.6,6.2,5.3,6.8,6.5,5.5,9.4,5.8,2.7,4.2,5.0,5.8,1.7,5.2,5.9,5.6,6.2,3.5,5.3,7.0,5.8,6.5,6.1,0.0,7.3,3.6,4.8,5.7,3.9,2,1,→,2028-2033,5.71,中国商标代理人：加班文化严重,China Trademark Agent: heavy overtime culture,AI综合评估 + O*NET/ILO/OECD锚点校准,2026-04-13,2026-04-13,2000-2026,320000
SKL-0105-CN-general,技术工种与手工业,SKL,电气技术,太阳能电池板安装工,Solar Panel Installer,7411,47-2231.00,东亚,中国,CN,country,general,职校/学徒,18-25,global,4.5,3.1,7.6,7.8,7.4,8.7,6.9,5.9,7.2,7.2,6.6,4.2,4.0,0.9,3.1,6.3,5.3,1.3,7.1,5.2,0.2,5.5,3.2,6.1,7.6,1.7,6.2,5.8,7.0,5.6,5.0,6.3,5.0,3.3,4,5,↑↑,2032-2038,5.71,中国太阳能电池板安装工：加班文化严重，近年增长迅猛,"China Solar Panel Installer: heavy overtime culture, rapid recent growth",AI综合评估 + O*NET/ILO/OECD锚点校准,2026-04-13,2026-04-13,2000-2026,383000
MED-0124-CN-general,医疗与健康,MED,临床医学,消化科医生,Gastroenterologist,2212,29-1216.00,东亚,中国,CN,country,general,博士/医学学位,28-35,global,9.6,9.0,8.0,8.9,9.0,10.0,7.4,6.9,7.6,5.7,8.1,7.1,4.0,0.0,2.3,6.2,4.3,2.4,6.9,8.3,2.5,5.8,1.3,7.9,5.9,4.9,6.8,7.7,5.3,9.4,2.0,4.2,4.8,3.2,3,3,↑,2032-2038,5.71,中国消化科医生：加班文化严重，就业稳定,"China Gastroenterologist: heavy overtime culture, stable employment",AI综合评估 + O*NET/ILO/WHO锚点校准,2026-04-13,2026-04-13,2000-2026,459000
TRA-0501-CN-general,交通运输与物流,TRA,物流管理,仓储经理,Warehouse Manager,1324,11-3071.02,东亚,中国,CN,country,general,大专/本科,26-35,global,4.3,4.6,7.0,7.0,7.2,8.3,6.3,6.0,7.0,6.8,6.3,7.7,5.6,0.9,3.3,6.2,5.9,1.5,5.8,6.6,2.0,5.9,2.2,5.7,5.8,5.2,6.0,7.2,3.9,3.0,6.0,3.3,4.0,3.5,3,3,↑,2028-2033,5.71,中国仓储经理：加班文化严重,China Warehouse Manager: heavy overtime culture,AI综合评估 + O*NET/ILO/OECD锚点校准,2026-04-13,2026-04-13,2000-2026,350000
AGR-0906-CN-general,农业、资源与环境,AGR,农业科技,植物保护员/植检员,Plant Protection / Phytosanitary Inspector,3132,45-2011.00,东亚,中国,CN,country,general,大专/本科,22-30,global,4.6,4.3,7.3,7.6,6.6,6.8,7.2,7.9,6.1,6.1,5.6,6.8,5.4,1.8,3.6,6.2,6.0,1.4,5.9,5.1,1.0,5.7,3.8,7.8,5.5,4.7,5.5,5.3,4.3,5.5,5.0,4.2,4.6,3.0,3,4,↑↑,2028-2033,5.71,中国植物保护员/植检员：加班文化严重，近年增长迅猛,"China Plant Protection / Phytosanitary Inspector: heavy overtime culture, rapid recent growth",AI综合评估 + O*NET/ILO/OECD锚点校准,2026-04-13,2026-04-13,2000-2026,233000
TRA-0112-CN-general,交通运输与物流,TRA,航空,航空安全检查员,Aviation Safety Inspector,3154,53-6051.07,东亚,中国,CN,country,general,本科+工程经验,28-38,global,6.4,6.3,6.2,7.1,7.4,8.1,7.9,7.9,7.9,6.4,7.6,8.2,4.9,2.0,3.8,5.3,4.8,1.7,6.9,7.7,1.7,5.2,2.4,8.2,3.9,3.6,4.2,5.8,2.7,7.2,7.4,1.2,7.1,5.1,2,2,↑,2032-2038,5.71,中国航空安全检查员：人才需求旺盛，加班文化严重，就业稳定,"China Aviation Safety Inspector: strong talent demand, heavy overtime culture, stable employment",AI综合评估 + O*NET/ILO/OECD锚点校准,2026-04-13,2026-04-13,2000-2026,525000
SVC-0405-CN-general,服务业与消费,SVC,美容养生,瑜伽教练,Yoga Instructor,3423,39-9031.00,东亚,中国,CN,country,general,专科/证书,20-30,global,4.3,4.1,7.5,7.1,7.8,8.0,6.2,4.9,5.4,6.2,5.0,7.0,5.0,0.7,3.8,5.8,5.2,2.2,7.6,4.6,0.9,5.7,2.2,8.6,8.2,5.4,5.8,7.7,5.2,3.3,4.8,5.9,4.9,3.0,3,4,↑↑,2035+,5.71,中国瑜伽教练：AI替代抗性强，加班文化严重，近年增长迅猛,"China Yoga Instructor: strong AI resistance, heavy overtime culture, rapid recent growth",AI综合评估 + O*NET/ILO/OECD锚点校准,2026-04-13,2026-04-13,2000-2026,170000
SVC-0513-CN-general,服务业与消费,SVC,家政照护,私人厨师,Private Chef,5120,35-1011.00,东亚,中国,CN,country,general,高中/证书,20-40,global,6.3,2.8,8.0,6.5,8.3,8.9,8.8,6.3,5.6,3.9,3.5,6.2,5.0,0.7,4.1,4.7,4.3,1.6,9.0,5.7,1.2,3.9,1.7,7.5,8.2,6.4,4.7,7.7,6.7,2.4,3.4,3.9,4.7,3.2,3,4,↑↑,2035+,5.7,中国私人厨师：人才需求旺盛，AI替代抗性强，加班文化严重,"China Private Chef: strong talent demand, strong AI resistance, heavy overtime culture",AI综合评估 + O*NET/ILO/OECD锚点校准,2026-04-13,2026-04-13,2000-2026,186000
ENG-1307-CN-general,工程与制造,ENG,环境工程,安全评价工程师,Safety Assessment Engineer (HAZOP),2149,17-2111.02,东亚,中国,CN,country,general,本科/硕士,22-28,global,6.4,6.1,6.4,7.2,7.7,7.4,6.0,6.7,7.4,6.5,7.0,4.8,3.4,2.0,2.0,7.0,6.6,0.9,6.9,7.4,3.3,4.9,4.1,7.0,4.6,5.1,6.5,5.4,4.4,5.6,4.7,3.3,4.1,3.2,3,3,↑,2032-2038,5.7,中国安全评价工程师：加班文化严重,China Safety Assessment Engineer (HAZOP): heavy overtime culture,AI综合评估 + O*NET/ILO/OECD锚点校准,2026-04-13,2026-04-13,2000-2026,419000
MED-0301-CN-general,医疗与健康,MED,药学,药剂师,Pharmacist,2262,29-1051.00,东亚,中国,CN,country,general,本科/硕士,22-26,global,7.0,7.3,6.7,7.8,8.4,10.0,6.6,5.4,6.9,7.1,7.2,8.9,5.3,1.1,2.6,6.0,5.5,1.7,4.4,6.7,3.1,5.3,2.6,6.2,7.2,5.9,6.1,6.8,1.7,7.9,1.7,4.5,5.2,4.2,2,1,→,2026-2030,5.7,中国药剂师：加班文化严重,China Pharmacist: heavy overtime culture,AI综合评估 + O*NET/ILO/WHO锚点校准,2026-04-13,2026-04-13,2000-2026,335000
MED-0601-CN-general,医疗与健康,MED,传统与替代医学,中医师,Traditional Chinese Medicine Practitioner,2230,29-1199.00,东亚,中国,CN,country,general,本科/硕士,22-28,regional,7.0,6.0,6.1,8.6,6.7,10.0,7.1,3.2,8.0,6.1,6.7,8.4,4.3,1.8,4.3,4.1,4.4,3.6,6.9,8.2,2.0,6.9,3.2,7.3,7.7,5.7,8.2,7.5,4.1,6.6,2.8,6.3,1.5,3.1,1,3,↑,2032-2038,5.7,中国中医师：薪资回报高，加班文化严重,"China Traditional Chinese Medicine Practitioner: high compensation, heavy overtime culture",AI综合评估 + O*NET/ILO/WHO锚点校准,2026-04-13,2026-04-13,2000-2026,549000
SVC-0508-CN-general,服务业与消费,SVC,家政照护,宠物护理员/宠物美容师,Pet Groomer / Pet Care Worker,5164,39-2021.00,东亚,中国,CN,country,general,高中/证书,20-40,global,3.9,2.2,9.2,6.5,8.1,7.9,9.0,6.4,4.1,4.4,3.9,6.4,5.3,1.0,5.1,4.8,4.7,1.8,8.4,3.6,0.5,3.2,2.0,7.3,7.2,6.9,5.2,7.8,5.8,1.5,3.4,3.5,3.8,3.4,3,4,↑↑,2035+,5.7,中国宠物护理员/宠物美容师：薪资水平偏低，人才需求旺盛，AI替代抗性强,"China Pet Groomer / Pet Care Worker: relatively low pay, strong talent demand, strong AI resistance",AI综合评估 + O*NET/ILO/OECD锚点校准,2026-04-13,2026-04-13,2000-2026,95000
ENG-0417-CN-general,工程与制造,ENG,土木与建筑,给排水工程师,Water Supply & Drainage Engineer,2142,17-2051.01,东亚,中国,CN,country,general,本科/硕士,22-28,global,6.1,6.0,6.8,8.1,9.8,9.4,6.9,5.7,7.7,6.3,7.5,5.0,4.4,2.0,2.6,5.7,5.6,1.4,6.4,7.7,2.5,5.1,3.7,6.7,5.2,2.7,7.3,6.8,5.1,4.8,6.8,2.5,3.5,3.8,2,2,↑,2032-2038,5.7,中国给排水工程师：加班文化严重，就业稳定,"China Water Supply & Drainage Engineer: heavy overtime culture, stable employment",AI综合评估 + O*NET/ILO/OECD锚点校准,2026-04-13,2026-04-13,2000-2026,480000
FIN-0705-CN-general,金融与商业,FIN,伊斯兰金融,穆拉巴哈融资专员,Murabaha Finance Specialist,2412,13-2052.00,东亚,中国,CN,country,general,本科/硕士,24-30,regional,6.9,7.0,8.4,7.8,6.2,3.0,5.9,6.8,7.2,7.3,6.9,8.7,5.1,2.4,4.0,4.7,4.6,1.8,6.5,7.0,5.4,5.3,3.8,6.9,5.3,2.8,5.8,7.0,0.7,6.0,4.0,3.1,3.2,3.4,3,4,↑↑,2032-2038,5.7,中国穆拉巴哈融资专员：加班文化严重，近年增长迅猛,"China Murabaha Finance Specialist: heavy overtime culture, rapid recent growth",AI综合评估 + O*NET/ILO/BIS锚点校准,2026-04-13,2026-04-13,2000-2026,383000
MED-0101-CN-general,医疗与健康,MED,临床医学,内科医生,Internal Medicine Physician,2212,29-1216.00,东亚,中国,CN,country,general,博士/医学学位,28-35,global,9.6,9.0,7.7,8.3,8.8,9.9,7.2,6.5,8.1,6.4,8.5,7.4,3.6,0.0,0.6,6.2,4.3,1.9,6.5,8.8,3.5,5.6,0.9,7.7,6.0,4.4,6.0,8.1,4.0,9.2,1.7,3.8,5.3,3.5,3,3,↑,2032-2038,5.7,中国内科医生：薪资回报高，加班文化严重，就业稳定,"China Internal Medicine Physician: high compensation, heavy overtime culture, stable employment",AI综合评估 + O*NET/ILO/WHO锚点校准,2026-04-13,2026-04-13,2000-2026,574000
SKL-0107-CN-general,技术工种与手工业,SKL,电气技术,弱电工程师,Low-Voltage Systems Technician,7411,49-2022.00,东亚,中国,CN,country,general,职校/学徒,18-25,global,4.6,4.1,6.8,7.7,7.6,7.9,7.3,7.6,6.0,7.2,7.0,4.9,4.1,1.4,4.3,5.9,5.3,1.5,6.9,5.7,0.0,6.0,2.2,6.9,6.5,1.6,5.7,5.7,5.3,5.7,4.9,6.5,4.8,3.5,3,3,↑,2032-2038,5.7,中国弱电工程师：加班文化严重,China Low-Voltage Systems Technician: heavy overtime culture,AI综合评估 + O*NET/ILO/OECD锚点校准,2026-04-13,2026-04-13,2000-2026,223000
SVC-0512-CN-general,服务业与消费,SVC,家政照护,临终关怀护理员,Hospice Care Worker,5322,31-1122.00,东亚,中国,CN,country,general,高中/证书,20-40,global,3.9,2.3,7.3,6.5,8.9,8.7,8.3,6.5,4.7,5.1,4.0,5.9,5.0,0.9,5.8,4.9,4.3,1.5,9.1,4.6,0.0,4.4,1.4,7.5,4.6,6.4,5.5,7.2,6.6,1.5,3.8,4.1,3.3,3.8,3,4,↑↑,2035+,5.69,中国临终关怀护理员：人才需求旺盛，AI替代抗性强，加班文化严重,"China Hospice Care Worker: strong talent demand, strong AI resistance, heavy overtime culture",AI综合评估 + O*NET/ILO/OECD锚点校准,2026-04-13,2026-04-13,2000-2026,124000
TRA-0111-CN-general,交通运输与物流,TRA,航空,航空货运代理,Air Cargo Agent,3331,43-5011.01,东亚,中国,CN,country,general,大专/本科,22-30,global,4.5,4.4,6.9,7.1,8.0,8.0,7.6,8.3,6.1,6.4,6.7,5.5,3.9,1.7,4.0,5.0,5.3,1.3,4.6,8.8,3.8,5.4,2.4,7.4,2.9,3.5,4.7,6.7,3.1,4.0,7.1,1.2,7.2,4.7,2,2,↑,2028-2033,5.69,中国航空货运代理：人才需求旺盛，加班文化严重,"China Air Cargo Agent: strong talent demand, heavy overtime culture",AI综合评估 + O*NET/ILO/OECD锚点校准,2026-04-13,2026-04-13,2000-2026,233000
TRA-0504-CN-general,交通运输与物流,TRA,物流管理,货运代理人,Freight Forwarder,3331,43-5011.01,东亚,中国,CN,country,general,大专/本科,22-32,global,4.8,3.7,6.6,7.1,7.2,8.6,6.1,6.2,6.4,6.4,5.8,7.7,5.4,2.4,3.3,6.0,5.3,1.5,5.1,5.3,3.3,5.4,2.7,5.5,6.4,3.8,5.6,6.8,2.2,3.1,6.4,3.5,6.6,3.0,3,3,↑,2028-2033,5.69,中国货运代理人：加班文化严重,China Freight Forwarder: heavy overtime culture,AI综合评估 + O*NET/ILO/OECD锚点校准,2026-04-13,2026-04-13,2000-2026,267000
ART-0304-CN-general,文化、艺术与传媒,ART,出版写作,翻译,Translator,2643,27-3091.00,东亚,中国,CN,country,general,本科,22-35,global,5.3,5.3,4.9,7.7,5.0,5.9,5.0,5.1,5.0,5.6,4.3,7.7,6.7,1.2,3.3,7.4,5.8,2.6,3.5,5.7,9.0,8.2,4.9,7.3,7.3,6.4,6.4,5.4,1.5,1.3,4.4,6.0,7.2,3.0,1,-1,→,2026-2030,5.69,中国翻译：AI替代风险较高，远程友好度高，加班文化严重,"China Translator: high AI displacement risk, highly remote-friendly, heavy overtime culture",AI综合评估 + O*NET/ILO/OECD锚点校准,2026-04-13,2026-04-13,2000-2026,142000
MED-0127-CN-general,医疗与健康,MED,临床医学,呼吸科医生,Pulmonologist,2212,29-1216.00,东亚,中国,CN,country,general,博士/医学学位,28-35,global,9.3,8.8,7.7,8.3,8.7,9.7,7.7,7.1,7.2,6.1,8.5,7.4,3.8,0.3,2.4,5.4,4.1,2.2,6.6,8.4,1.7,6.1,0.6,7.9,6.2,5.3,6.4,8.1,4.8,8.9,1.1,3.2,4.7,3.0,3,4,↑↑,2032-2038,5.69,中国呼吸科医生：人才需求旺盛，加班文化严重，就业稳定,"China Pulmonologist: strong talent demand, heavy overtime culture, stable employment",AI综合评估 + O*NET/ILO/WHO锚点校准,2026-04-13,2026-04-13,2000-2026,383000
MED-0102-CN-general,医疗与健康,MED,临床医学,外科医生,Surgeon,2212,29-1241.00,东亚,中国,CN,country,general,博士/医学学位,28-35,global,9.8,9.9,7.4,7.4,9.2,9.5,7.5,7.5,9.3,5.9,7.5,6.7,3.1,0.0,0.3,6.0,4.3,2.1,8.0,9.4,0.1,6.1,1.1,8.6,6.3,4.6,6.9,7.8,6.7,8.9,0.8,3.6,4.8,3.2,3,2,↑,2035+,5.69,中国外科医生：薪资回报高，人才需求旺盛，AI替代抗性强,"China Surgeon: high compensation, strong talent demand, strong AI resistance",AI综合评估 + O*NET/ILO/WHO锚点校准,2026-04-13,2026-04-13,2000-2026,985000
LAW-0503-CN-general,法律与社会服务,LAW,法律助理/律师助理,法律翻译,Legal Translator,2643,27-3091.00,东亚,中国,CN,country,general,法学/语言本科,22-28,global,6.3,7.1,5.2,7.3,5.8,4.5,6.0,5.3,7.2,5.3,4.0,9.2,6.2,3.5,3.2,6.0,5.5,1.8,4.9,6.1,7.0,5.7,4.5,5.7,7.1,6.5,6.0,5.4,0.8,5.1,3.8,7.7,6.2,2.0,1,-1,→,2028-2033,5.69,中国法律翻译：加班文化严重，就业波动大,"China Legal Translator: heavy overtime culture, volatile employment",AI综合评估 + O*NET/ILO/OECD锚点校准,2026-04-13,2026-04-13,2000-2026,383000
SKL-0806-CN-general,技术工种与手工业,SKL,美发美容技术,美睫师,Eyelash Extension Technician,5142,39-5094.00,东亚,中国,CN,country,general,职校/短期培训,18-25,global,2.5,2.2,6.3,6.5,5.9,6.1,4.9,5.0,4.2,5.9,5.5,6.2,3.9,1.7,3.8,4.2,4.0,1.8,8.6,4.1,1.1,7.0,3.4,6.7,8.4,7.2,6.3,7.7,3.2,3.0,3.8,7.7,4.0,1.4,2,3,↑,2035+,5.69,中国美睫师：薪资水平偏低，AI替代抗性强，加班文化严重,"China Eyelash Extension Technician: relatively low pay, strong AI resistance, heavy overtime culture",AI综合评估 + O*NET/ILO/OECD锚点校准,2026-04-13,2026-04-13,2000-2026,99000
ENG-0304-CN-general,工程与制造,ENG,化学工程,涂料工程师,Coatings Engineer,2145,17-2041.00,东亚,中国,CN,country,general,本科/硕士,22-28,global,5.9,5.6,6.5,7.9,6.6,7.1,6.8,6.6,8.7,7.0,7.2,5.5,3.2,2.6,2.5,6.5,6.0,1.4,5.5,6.8,2.0,4.4,3.1,6.7,4.4,3.3,6.8,4.9,3.2,3.0,4.6,3.1,5.5,3.0,2,1,→,2028-2033,5.69,中国涂料工程师：薪资回报高，加班文化严重,"China Coatings Engineer: high compensation, heavy overtime culture",AI综合评估 + O*NET/ILO/OECD锚点校准,2026-04-13,2026-04-13,2000-2026,752000
ENG-0301-CN-general,工程与制造,ENG,化学工程,化工工艺工程师,Chemical Process Engineer,2145,17-2041.00,东亚,中国,CN,country,general,本科/硕士,22-28,global,6.9,6.3,5.5,7.8,7.8,8.4,6.0,6.9,8.4,6.7,7.3,5.1,3.6,2.2,2.3,6.5,5.7,0.8,6.8,7.7,2.3,4.6,3.9,7.0,3.9,3.7,6.0,5.0,3.7,3.3,5.5,3.1,4.5,3.5,2,1,→,2032-2038,5.69,中国化工工艺工程师：薪资回报高，加班文化严重,"China Chemical Process Engineer: high compensation, heavy overtime culture",AI综合评估 + O*NET/ILO/OECD锚点校准,2026-04-13,2026-04-13,2000-2026,657000
ART-0301-CN-general,文化、艺术与传媒,ART,出版写作,小说家/作家,Novelist / Author,2641,27-3043.00,东亚,中国,CN,country,general,本科,22-35,global,5.1,5.4,4.7,8.0,5.7,5.9,4.5,5.9,4.8,5.6,2.3,7.7,6.5,1.1,2.3,7.0,6.3,3.4,5.2,6.4,8.6,8.9,4.4,9.0,8.8,5.2,7.0,5.3,1.6,1.2,4.5,6.4,5.7,3.4,1,-1,→,2028-2033,5.69,中国小说家/作家：远程友好度高，加班文化严重，就业波动大,"China Novelist / Author: highly remote-friendly, heavy overtime culture, volatile employment",AI综合评估 + O*NET/ILO/OECD锚点校准,2026-04-13,2026-04-13,2000-2026,130000
MED-0213-CN-general,医疗与健康,MED,护理,透析护士,Dialysis Nurse,2221,29-1141.00,东亚,中国,CN,country,general,大专/本科,20-24,global,5.1,5.1,8.0,7.0,9.9,10.0,8.1,8.1,3.6,6.3,8.0,6.4,2.8,0.2,2.6,5.1,5.1,1.3,6.8,6.1,1.5,4.1,1.4,6.9,4.1,3.9,5.6,8.7,7.0,6.7,1.1,3.4,5.7,2.7,3,3,↑,2032-2038,5.69,中国透析护士：薪资水平偏低，人才需求旺盛，加班文化严重,"China Dialysis Nurse: relatively low pay, strong talent demand, heavy overtime culture",AI综合评估 + O*NET/ILO/WHO锚点校准,2026-04-13,2026-04-13,2000-2026,76000
MED-0607-CN-general,医疗与健康,MED,传统与替代医学,中药师,Chinese Herbal Medicine Pharmacist,2262,29-1199.00,东亚,中国,CN,country,general,本科/硕士,22-28,regional,6.3,6.6,5.5,8.3,7.4,10.0,7.4,2.6,8.3,5.8,6.3,8.7,4.9,2.2,2.8,4.3,4.0,2.7,7.1,8.2,3.0,7.1,3.7,6.7,7.9,4.1,8.2,7.3,3.9,6.7,2.4,6.5,0.2,2.9,1,2,↑,2032-2038,5.69,中国中药师：薪资回报高，加班文化严重,"China Chinese Herbal Medicine Pharmacist: high compensation, heavy overtime culture",AI综合评估 + O*NET/ILO/WHO锚点校准,2026-04-13,2026-04-13,2000-2026,628000
FIN-0101-CN-general,金融与商业,FIN,银行,银行柜员,Bank Teller,4211,43-3071.00,东亚,中国,CN,country,general,大专/本科,20-25,global,2.5,2.8,6.2,7.3,8.5,9.4,3.6,6.4,5.2,7.0,7.7,9.2,5.3,2.5,2.6,6.8,6.5,1.3,2.3,5.2,5.8,4.8,3.8,5.5,4.5,4.5,5.2,6.7,1.2,4.1,4.3,2.5,5.1,4.7,-1,-1,→,2025-2028,5.69,中国银行柜员：供过于求，AI替代风险较高，加班文化严重,"China Bank Teller: oversupply of talent, high AI displacement risk, heavy overtime culture",AI综合评估 + O*NET/ILO/BIS锚点校准,2026-04-13,2026-04-13,2000-2026,156000
EDU-0809-CN-general,教育与学术,EDU,特殊教育与辅助,图书管理员(学校),School Librarian,2622,25-4022.00,东亚,中国,CN,country,general,本科/硕士(图书馆学),22-30,global,5.3,4.8,2.3,8.2,5.6,7.3,3.5,4.8,4.4,4.8,9.3,9.5,5.6,3.7,4.0,4.8,5.2,0.3,5.3,5.9,4.6,5.9,6.0,6.8,2.9,8.4,8.4,6.8,2.9,5.1,0.1,4.7,2.5,2.9,-1,-1,→,2028-2033,5.68,中国图书管理员(学校)：薪资水平偏低，供过于求，就业稳定,"China School Librarian: relatively low pay, oversupply of talent, stable employment",AI综合评估 + O*NET/ILO/UNESCO锚点校准,2026-04-13,2026-04-13,2000-2026,109000
ENG-0307-CN-general,工程与制造,ENG,化学工程,陶瓷工程师,Ceramic Engineer,2146,17-2131.00,东亚,中国,CN,country,general,本科/硕士,22-28,global,6.9,6.9,6.3,7.3,6.9,6.5,6.3,7.1,8.2,6.8,6.3,5.8,2.7,2.6,3.0,6.4,5.2,1.2,6.2,6.5,3.5,4.4,4.0,7.2,5.2,4.6,6.4,4.6,3.8,3.0,4.6,3.5,5.3,2.6,2,1,→,2032-2038,5.68,中国陶瓷工程师：薪资回报高，加班文化严重,"China Ceramic Engineer: high compensation, heavy overtime culture",AI综合评估 + O*NET/ILO/OECD锚点校准,2026-04-13,2026-04-13,2000-2026,601000
SKL-0110-CN-general,技术工种与手工业,SKL,电气技术,家电维修技师,Appliance Repair Technician,7412,49-9031.00,东亚,中国,CN,country,general,职校/学徒,18-25,global,4.2,3.5,7.2,8.1,7.3,7.1,5.1,5.4,4.8,6.4,7.1,4.5,4.4,2.1,4.3,6.9,5.6,1.5,7.7,5.2,0.0,5.9,2.7,6.6,8.4,2.9,5.6,6.9,6.2,5.6,4.9,7.4,5.2,2.9,3,3,↑,2035+,5.68,中国家电维修技师：AI替代抗性强，加班文化严重,"China Appliance Repair Technician: strong AI resistance, heavy overtime culture",AI综合评估 + O*NET/ILO/OECD锚点校准,2026-04-13,2026-04-13,2000-2026,130000
TRA-0103-CN-general,交通运输与物流,TRA,航空,航空管制员,Air Traffic Controller,3154,53-2021.00,东亚,中国,CN,country,general,本科+专业资格,22-30,global,6.7,6.8,6.6,7.3,8.0,8.1,8.1,7.9,8.0,6.2,8.2,8.7,4.4,1.2,1.7,5.5,4.5,1.6,7.0,7.8,1.4,5.0,2.2,7.2,3.7,3.9,4.6,6.2,2.0,8.8,7.1,2.0,7.7,4.5,2,2,↑,2032-2038,5.68,中国航空管制员：薪资回报高，人才需求旺盛，加班文化严重,"China Air Traffic Controller: high compensation, strong talent demand, heavy overtime culture",AI综合评估 + O*NET/ILO/OECD锚点校准,2026-04-13,2026-04-13,2000-2026,549000
TRA-0507-CN-general,交通运输与物流,TRA,物流管理,跨境电商物流专员,Cross-border E-commerce Logistics Specialist,3331,43-5011.01,东亚,中国,CN,country,general,本科,22-30,global,4.4,4.1,8.2,6.5,8.0,8.1,5.7,6.8,7.0,6.5,5.3,7.9,5.7,1.9,3.8,5.2,4.7,1.7,5.1,5.1,4.6,5.2,3.2,5.9,6.4,3.9,5.1,6.2,4.6,3.6,6.3,2.7,5.4,3.2,3,4,↑↑,2028-2033,5.68,中国跨境电商物流专员：加班文化严重，近年增长迅猛,"China Cross-border E-commerce Logistics Specialist: heavy overtime culture, rapid recent growth",AI综合评估 + O*NET/ILO/OECD锚点校准,2026-04-13,2026-04-13,2000-2026,350000
ART-1202-CN-general,文化、艺术与传媒,ART,会展,会展组织者,Conference/Exhibition Organizer,3332,13-1121.00,东亚,中国,CN,country,general,本科,22-30,global,4.8,4.3,5.1,7.8,6.0,6.0,5.1,6.3,6.9,6.5,4.1,7.2,6.7,1.9,2.3,6.2,5.7,1.7,6.6,5.8,4.2,5.9,3.2,6.5,6.9,5.3,5.8,8.6,4.0,2.3,6.8,4.5,5.6,3.5,3,1,→,2032-2038,5.68,中国会展组织者：加班文化严重,China Conference/Exhibition Organizer: heavy overtime culture,AI综合评估 + O*NET/ILO/OECD锚点校准,2026-04-13,2026-04-13,2000-2026,335000
ENG-0416-CN-general,工程与制造,ENG,土木与建筑,暖通空调设计工程师,HVAC Design Engineer,2144,17-2141.00,东亚,中国,CN,country,general,本科/硕士,22-28,global,6.0,6.0,6.5,8.3,9.4,8.9,6.9,6.7,8.5,6.2,6.3,4.8,3.6,1.7,2.8,5.7,5.6,1.3,6.1,6.8,3.2,5.2,3.2,6.5,4.8,4.1,6.7,6.5,4.7,4.5,6.8,3.5,3.5,3.5,2,2,↑,2032-2038,5.68,中国暖通空调设计工程师：薪资回报高，加班文化严重,"China HVAC Design Engineer: high compensation, heavy overtime culture",AI综合评估 + O*NET/ILO/OECD锚点校准,2026-04-13,2026-04-13,2000-2026,687000
MED-1205-CN-general,医疗与健康,MED,兽医学,兽医公共卫生专家,Veterinary Public Health Specialist,2250,29-1131.00,东亚,中国,CN,country,general,博士/兽医学位,26-30,global,7.9,7.3,6.9,7.9,8.3,7.2,7.2,5.8,4.6,5.8,8.4,6.6,3.8,1.8,2.6,4.4,4.0,1.4,8.3,6.9,3.8,6.6,1.9,7.8,7.9,6.3,6.5,7.0,5.7,7.9,3.0,4.5,4.0,3.2,3,3,↑,2035+,5.68,中国兽医公共卫生专家：AI替代抗性强，加班文化严重，就业稳定,"China Veterinary Public Health Specialist: strong AI resistance, heavy overtime culture, stable employment",AI综合评估 + O*NET/ILO/WHO锚点校准,2026-04-13,2026-04-13,2000-2026,119000
EDU-0113-CN-general,教育与学术,EDU,K12教育,图书馆教师/媒体专员,School Library Media Specialist,2622,25-4022.00,东亚,中国,CN,country,general,本科/硕士(图书馆学),22-30,global,5.1,5.6,3.1,8.2,5.9,6.9,3.8,5.0,4.1,4.2,9.7,9.7,5.4,4.2,4.3,5.2,5.0,0.6,5.7,5.5,4.0,5.4,4.7,6.6,3.4,8.2,8.3,7.3,2.5,4.8,0.2,4.8,2.5,2.7,0,0,→,2028-2033,5.67,中国图书馆教师/媒体专员：薪资水平偏低，供过于求，就业稳定,"China School Library Media Specialist: relatively low pay, oversupply of talent, stable employment",AI综合评估 + O*NET/ILO/UNESCO锚点校准,2026-04-13,2026-04-13,2000-2026,95000
TRA-0205-CN-general,交通运输与物流,TRA,航海,港口管理人员,Port Manager,1324,11-3071.01,东亚,中国,CN,country,general,本科+航运经验,30-40,global,6.0,6.5,6.1,7.6,7.2,9.3,7.7,7.3,8.7,6.8,5.0,7.7,3.5,0.7,2.3,4.7,4.8,1.7,6.6,8.4,2.1,5.9,2.8,7.6,3.4,2.2,5.5,7.7,3.0,5.1,7.2,1.5,8.4,4.4,1,1,→,2032-2038,5.67,中国港口管理人员：薪资回报高，人才需求旺盛，加班文化严重,"China Port Manager: high compensation, strong talent demand, heavy overtime culture",AI综合评估 + O*NET/ILO/OECD锚点校准,2026-04-13,2026-04-13,2000-2026,752000
AGR-0909-CN-general,农业、资源与环境,AGR,农业科技,农产品质量检测员,Agricultural Product Quality Inspector,3257,45-2011.00,东亚,中国,CN,country,general,大专/本科,22-30,global,4.0,4.4,7.7,7.2,6.7,6.0,7.8,7.9,5.7,6.1,6.2,7.0,5.1,1.4,3.1,6.2,6.2,1.8,4.4,6.4,2.2,5.6,3.2,7.6,6.5,5.1,5.9,5.2,3.4,4.9,5.0,3.2,4.7,3.8,3,4,↑↑,2026-2030,5.67,中国农产品质量检测员：人才需求旺盛，加班文化严重，近年增长迅猛,"China Agricultural Product Quality Inspector: strong talent demand, heavy overtime culture, rapid recent growth",AI综合评估 + O*NET/ILO/OECD锚点校准,2026-04-13,2026-04-13,2000-2026,195000
MED-0204-CN-general,医疗与健康,MED,护理,ICU护士,ICU Nurse,2221,29-1141.00,东亚,中国,CN,country,general,大专/本科,20-24,global,6.5,5.4,7.6,7.3,9.3,10.0,9.1,8.1,5.6,5.8,7.9,6.1,2.5,0.0,0.7,5.1,4.8,1.6,7.8,5.7,1.7,3.1,0.8,7.3,3.9,3.9,5.2,9.0,6.5,7.0,1.3,3.4,6.5,2.2,3,4,↑↑,2035+,5.67,中国ICU护士：人才需求旺盛，AI替代抗性强，加班文化严重,"China ICU Nurse: strong talent demand, strong AI resistance, heavy overtime culture",AI综合评估 + O*NET/ILO/WHO锚点校准,2026-04-13,2026-04-13,2000-2026,186000
MED-0119-CN-general,医疗与健康,MED,临床医学,心胸外科医生,Cardiothoracic Surgeon,2212,29-1241.00,东亚,中国,CN,country,general,博士/医学学位,28-35,global,10.0,9.6,7.8,7.1,8.6,9.3,8.8,8.9,9.3,5.2,8.8,5.4,3.8,0.0,0.0,5.4,4.5,1.7,6.9,9.6,1.3,5.3,0.0,8.0,6.0,4.3,6.6,8.0,7.1,8.8,1.8,4.2,4.4,3.1,3,2,↑,2032-2038,5.66,中国心胸外科医生：薪资回报高，人才需求旺盛，加班文化严重,"China Cardiothoracic Surgeon: high compensation, strong talent demand, heavy overtime culture",AI综合评估 + O*NET/ILO/WHO锚点校准,2026-04-13,2026-04-13,2000-2026,985000
ART-1506-CN-general,文化、艺术与传媒,ART,摄影,航拍摄影师,Aerial/Drone Photographer,3431,27-4021.00,东亚,中国,CN,country,general,本科/专科,20-30,global,4.5,4.0,6.2,7.3,5.8,6.1,4.6,5.0,7.2,5.8,3.3,7.4,6.7,1.9,2.0,6.9,5.7,1.9,6.3,5.7,3.9,7.6,2.1,7.3,8.0,5.3,5.9,6.3,2.8,2.5,5.5,7.5,4.1,3.3,2,2,↑,2032-2038,5.66,中国航拍摄影师：加班文化严重，就业波动大,"China Aerial/Drone Photographer: heavy overtime culture, volatile employment",AI综合评估 + O*NET/ILO/OECD锚点校准,2026-04-13,2026-04-13,2000-2026,383000
MED-0203-CN-general,医疗与健康,MED,护理,助产士,Midwife,2222,29-1161.00,东亚,中国,CN,country,general,大专/本科,20-24,global,5.0,5.4,7.6,6.7,9.4,10.0,8.1,7.3,3.5,5.8,8.8,6.4,3.3,0.0,1.6,4.5,5.4,1.3,7.5,6.4,1.4,3.4,1.9,9.2,3.2,2.3,6.2,8.2,6.2,6.9,1.1,3.6,5.5,2.6,3,3,↑,2035+,5.66,中国助产士：薪资水平偏低，人才需求旺盛，AI替代抗性强,"China Midwife: relatively low pay, strong talent demand, strong AI resistance",AI综合评估 + O*NET/ILO/WHO锚点校准,2026-04-13,2026-04-13,2000-2026,72000
GOV-0803-CN-general,公共管理与公务员,GOV,消防应急,应急管理专员,Emergency Management Specialist,5419,13-1061.00,东亚,中国,CN,country,general,本科/硕士,24-32,global,5.9,6.3,5.8,8.8,6.4,6.1,6.7,6.0,6.7,5.9,9.9,6.8,4.7,2.9,3.4,6.4,5.4,1.7,6.9,7.4,3.0,4.4,1.8,7.8,2.9,4.8,5.8,7.2,3.9,7.6,2.2,2.5,5.3,6.8,2,3,↑,2032-2038,5.66,中国应急管理专员：加班文化严重，就业稳定,"China Emergency Management Specialist: heavy overtime culture, stable employment",AI综合评估 + O*NET/ILO/OECD锚点校准,2026-04-13,2026-04-13,2000-2026,306000
GOV-0904-CN-general,公共管理与公务员,GOV,情报安全,密码学专家(政府),Government Cryptographer,2529,15-1212.00,东亚,中国,CN,country,general,硕士/博士,24-30,global,8.2,9.2,7.5,7.8,4.9,3.3,7.8,8.8,9.1,6.2,9.9,9.1,5.7,4.4,3.1,5.6,4.8,1.3,6.1,9.8,3.5,5.1,2.9,6.8,2.1,3.4,4.0,4.1,0.5,10.0,0.1,1.3,3.9,9.3,2,4,↑↑,2032-2038,5.66,中国密码学专家(政府)：薪资回报高，人才需求旺盛，就业稳定,"China Government Cryptographer: high compensation, strong talent demand, stable employment",AI综合评估 + O*NET/ILO/OECD锚点校准,2026-04-13,2026-04-13,2000-2026,901000
MED-0205-CN-general,医疗与健康,MED,护理,手术室护士,Operating Room Nurse,2221,29-1141.00,东亚,中国,CN,country,general,大专/本科,20-24,global,5.8,5.0,7.1,6.9,8.9,10.0,8.4,8.2,4.5,6.0,7.6,6.9,2.9,0.2,0.6,5.3,4.6,1.7,7.9,6.3,2.2,3.3,1.2,7.3,3.9,3.1,6.0,8.5,6.3,6.6,1.1,3.4,6.5,3.0,3,3,↑,2035+,5.65,中国手术室护士：薪资水平偏低，人才需求旺盛，AI替代抗性强,"China Operating Room Nurse: relatively low pay, strong talent demand, strong AI resistance",AI综合评估 + O*NET/ILO/WHO锚点校准,2026-04-13,2026-04-13,2000-2026,114000
SVC-0506-CN-general,服务业与消费,SVC,家政照护,残障护理员,Disability Support Worker,5322,31-1122.00,东亚,中国,CN,country,general,高中/证书,20-40,global,3.8,2.6,8.9,6.2,8.1,8.8,9.4,5.7,4.4,4.1,4.3,6.4,4.4,1.2,4.3,5.5,4.7,1.5,8.6,3.5,0.9,4.7,2.2,6.3,5.4,6.0,4.7,7.7,6.8,2.4,3.9,4.3,4.0,3.6,3,4,↑↑,2035+,5.65,中国残障护理员：薪资水平偏低，人才需求旺盛，AI替代抗性强,"China Disability Support Worker: relatively low pay, strong talent demand, strong AI resistance",AI综合评估 + O*NET/ILO/OECD锚点校准,2026-04-13,2026-04-13,2000-2026,109000
ENG-0413-CN-general,工程与制造,ENG,土木与建筑,消防工程师,Fire Protection Engineer,2149,17-2111.02,东亚,中国,CN,country,general,本科/硕士,22-28,global,6.1,6.1,6.9,8.4,9.5,8.7,6.6,6.5,7.1,7.2,6.2,5.5,3.4,1.9,2.2,6.9,6.0,1.4,6.7,7.7,2.1,4.7,2.9,5.9,4.9,4.5,6.2,6.8,5.3,6.4,6.6,2.5,4.6,3.4,2,2,↑,2032-2038,5.65,中国消防工程师：加班文化严重,China Fire Protection Engineer: heavy overtime culture,AI综合评估 + O*NET/ILO/OECD锚点校准,2026-04-13,2026-04-13,2000-2026,366000
ART-1505-CN-general,文化、艺术与传媒,ART,摄影,纪实摄影师,Documentary Photographer,3431,27-4021.00,东亚,中国,CN,country,general,本科/专科,20-30,global,4.3,4.1,5.2,7.8,6.1,4.3,5.4,5.4,5.9,5.3,4.3,7.2,6.6,2.3,3.1,5.9,5.8,2.4,5.4,5.9,4.6,7.7,2.9,8.4,8.1,5.9,6.1,6.5,3.3,1.2,5.3,6.7,3.6,3.3,2,0,→,2028-2033,5.64,中国纪实摄影师：加班文化严重,China Documentary Photographer: heavy overtime culture,AI综合评估 + O*NET/ILO/OECD锚点校准,2026-04-13,2026-04-13,2000-2026,213000
AGR-0704-CN-general,农业、资源与环境,AGR,环保,环境影响评价师,Environmental Impact Assessor,2143,19-2041.00,东亚,中国,CN,country,general,本科/硕士+资格证,26-35,global,6.1,6.3,6.8,7.9,6.4,5.4,6.1,7.8,7.7,6.4,5.1,6.3,5.4,3.1,3.0,5.7,5.3,1.7,6.0,5.4,3.7,5.3,3.2,7.7,6.1,5.6,5.8,6.9,4.2,6.5,4.4,3.5,5.7,4.7,3,4,↑↑,2032-2038,5.64,中国环境影响评价师：加班文化严重，近年增长迅猛,"China Environmental Impact Assessor: heavy overtime culture, rapid recent growth",AI综合评估 + O*NET/ILO/OECD锚点校准,2026-04-13,2026-04-13,2000-2026,480000
TRA-0102-CN-general,交通运输与物流,TRA,航空,空中乘务员,Flight Attendant,5111,53-2031.00,东亚,中国,CN,country,general,大专/高中,20-28,global,4.1,3.8,6.7,7.0,7.6,7.7,7.3,7.4,5.3,6.6,6.0,5.4,4.1,2.2,4.3,5.7,5.4,1.4,7.6,6.1,0.7,5.7,0.9,7.5,2.9,4.4,4.7,8.8,5.0,4.7,7.3,1.4,7.8,4.7,2,2,↑,2035+,5.64,中国空中乘务员：AI替代抗性强，加班文化严重,"China Flight Attendant: strong AI resistance, heavy overtime culture",AI综合评估 + O*NET/ILO/OECD锚点校准,2026-04-13,2026-04-13,2000-2026,163000
SKL-0712-CN-general,技术工种与手工业,SKL,传统手工艺,乐器制作师,Musical Instrument Maker / Luthier,7312,51-9071.06,东亚,中国,CN,country,general,师徒制/专业学校,16-30,global,6.8,2.8,3.7,8.0,4.5,4.4,4.9,5.0,6.0,5.2,5.6,5.7,5.2,2.2,4.8,4.4,3.7,1.7,9.1,7.5,2.0,7.0,2.9,9.5,7.1,4.4,7.3,5.5,3.7,2.4,4.8,7.0,5.0,2.1,0,0,→,2035+,5.64,中国乐器制作师：AI替代抗性强，加班文化严重,"China Musical Instrument Maker / Luthier: strong AI resistance, heavy overtime culture",AI综合评估 + O*NET/ILO/OECD锚点校准,2026-04-13,2026-04-13,2000-2026,223000
ART-1503-CN-general,文化、艺术与传媒,ART,摄影,肖像摄影师,Portrait Photographer,3431,27-4021.00,东亚,中国,CN,country,general,本科/专科,20-30,global,4.6,3.7,4.8,7.6,5.8,6.6,5.6,5.5,6.7,5.3,3.8,7.5,6.7,1.9,3.1,6.8,5.7,2.4,5.4,5.3,4.4,7.0,2.2,7.5,8.3,5.0,5.9,6.8,4.0,1.2,5.0,7.6,4.1,3.5,2,0,→,2028-2033,5.64,中国肖像摄影师：加班文化严重，就业波动大,"China Portrait Photographer: heavy overtime culture, volatile employment",AI综合评估 + O*NET/ILO/OECD锚点校准,2026-04-13,2026-04-13,2000-2026,306000
SKL-0801-CN-general,技术工种与手工业,SKL,美发美容技术,美发师,Hairdresser / Barber,5141,39-5012.00,东亚,中国,CN,country,general,职校/短期培训,18-25,global,2.8,1.6,5.5,6.8,6.1,7.5,5.1,4.8,4.2,5.2,5.1,6.2,5.2,1.2,3.8,3.8,4.0,2.1,8.7,4.4,0.8,6.5,4.0,7.5,8.9,6.0,5.9,8.7,5.2,3.5,4.2,8.4,3.4,1.4,2,2,↑,2035+,5.64,中国美发师：薪资水平偏低，AI替代抗性强，加班文化严重,"China Hairdresser / Barber: relatively low pay, strong AI resistance, heavy overtime culture",AI综合评估 + O*NET/ILO/OECD锚点校准,2026-04-13,2026-04-13,2000-2026,99000
ART-0206-CN-general,文化、艺术与传媒,ART,音乐产业,DJ/电子音乐人,DJ / Electronic Music Producer,2652,27-2042.00,东亚,中国,CN,country,general,本科/专科,18-28,global,4.3,3.0,6.7,6.5,6.1,7.0,5.8,5.8,6.9,4.4,3.5,7.0,5.4,1.5,3.5,6.9,4.6,3.6,6.7,6.4,3.8,6.9,1.7,8.3,9.1,3.9,5.9,7.2,3.3,2.3,6.1,6.1,5.9,4.4,2,2,↑,2032-2038,5.64,中国DJ/电子音乐人：加班文化严重，就业波动大,"China DJ / Electronic Music Producer: heavy overtime culture, volatile employment",AI综合评估 + O*NET/ILO/OECD锚点校准,2026-04-13,2026-04-13,2000-2026,335000
SVC-0514-CN-general,服务业与消费,SVC,家政照护,家庭护理协调员,Home Care Coordinator,5322,31-1121.00,东亚,中国,CN,country,general,高中/证书,20-40,global,3.9,2.6,8.3,6.6,8.1,8.4,8.7,6.5,4.2,4.6,3.5,6.7,5.5,1.7,4.3,4.5,4.9,1.2,7.2,4.7,3.3,4.0,2.2,6.4,4.8,5.4,4.9,7.2,6.5,1.8,3.3,4.1,2.9,3.0,3,4,↑↑,2032-2038,5.63,中国家庭护理协调员：薪资水平偏低，人才需求旺盛，加班文化严重,"China Home Care Coordinator: relatively low pay, strong talent demand, heavy overtime culture",AI综合评估 + O*NET/ILO/OECD锚点校准,2026-04-13,2026-04-13,2000-2026,99000
SKL-0701-CN-general,技术工种与手工业,SKL,传统手工艺,木工/细木工,Carpenter / Joiner,7115,47-2031.00,东亚,中国,CN,country,general,学徒/职校,18-25,global,3.9,2.6,4.3,7.9,6.8,7.7,5.6,6.3,5.3,4.3,5.6,4.5,4.1,2.7,4.1,3.9,2.9,2.1,8.4,5.8,2.0,7.0,4.1,8.7,7.3,4.1,6.8,5.2,7.3,1.5,4.1,6.6,3.3,1.4,0,1,→,2035+,5.63,中国木工/细木工：AI替代抗性强，加班文化严重,"China Carpenter / Joiner: strong AI resistance, heavy overtime culture",AI综合评估 + O*NET/ILO/OECD锚点校准,2026-04-13,2026-04-13,2000-2026,163000
ART-0203-CN-general,文化、艺术与传媒,ART,音乐产业,音乐制作人,Music Producer,2652,27-2041.00,东亚,中国,CN,country,general,本科/专科,18-28,global,6.0,4.8,7.5,6.8,6.4,7.3,6.4,5.8,8.1,5.5,2.3,7.0,5.8,0.4,3.3,6.9,5.0,3.9,6.9,8.1,3.8,7.2,1.0,8.3,7.7,3.9,5.5,7.0,3.5,1.8,6.7,6.5,5.0,4.0,2,0,→,2032-2038,5.63,中国音乐制作人：薪资回报高，加班文化严重，就业波动大,"China Music Producer: high compensation, heavy overtime culture, volatile employment",AI综合评估 + O*NET/ILO/OECD锚点校准,2026-04-13,2026-04-13,2000-2026,574000
ART-0209-CN-general,文化、艺术与传媒,ART,音乐产业,声乐教师,Vocal Coach / Voice Teacher,2354,25-1121.00,东亚,中国,CN,country,general,本科/专科,18-28,global,6.0,5.1,6.3,8.1,6.9,7.0,5.4,6.0,6.3,5.1,5.7,7.2,5.7,0.9,3.8,7.3,5.5,3.4,7.4,6.3,3.8,6.5,1.2,8.0,7.6,4.0,5.3,6.8,3.5,2.5,6.7,6.7,5.2,4.8,2,0,→,2032-2038,5.63,中国声乐教师：加班文化严重,China Vocal Coach / Voice Teacher: heavy overtime culture,AI综合评估 + O*NET/ILO/OECD锚点校准,2026-04-13,2026-04-13,2000-2026,255000
SKL-0109-CN-general,技术工种与手工业,SKL,电气技术,通信线路技师,Telecommunications Line Technician,7422,49-9052.00,东亚,中国,CN,country,general,职校/学徒,18-25,global,4.1,3.5,6.5,7.7,7.6,7.9,5.8,6.3,6.4,6.6,6.6,4.0,5.4,1.1,3.0,6.5,5.8,1.2,6.7,5.8,0.0,6.4,3.2,6.3,6.6,2.3,6.5,5.7,7.3,5.3,4.8,7.0,4.2,3.5,3,3,↑,2032-2038,5.63,中国通信线路技师：加班文化严重,China Telecommunications Line Technician: heavy overtime culture,AI综合评估 + O*NET/ILO/OECD锚点校准,2026-04-13,2026-04-13,2000-2026,267000
AGR-0701-CN-general,农业、资源与环境,AGR,环保,环境工程师,Environmental Engineer,2143,17-2081.00,东亚,中国,CN,country,general,本科/硕士,24-32,global,5.7,6.1,5.8,7.8,5.8,5.0,6.8,7.2,6.3,6.6,6.3,6.3,5.9,3.1,2.8,5.1,4.9,1.4,6.5,6.3,4.6,5.2,4.4,6.9,4.9,4.6,5.8,6.3,4.4,5.6,4.3,3.5,5.4,3.9,3,4,↑↑,2032-2038,5.63,中国环境工程师：加班文化严重，近年增长迅猛,"China Environmental Engineer: heavy overtime culture, rapid recent growth",AI综合评估 + O*NET/ILO/OECD锚点校准,2026-04-13,2026-04-13,2000-2026,255000
ENG-0804-CN-general,工程与制造,ENG,核工程,核反应堆操作员,Nuclear Reactor Operator,3131,51-8011.00,东亚,中国,CN,country,general,大专/本科,22-28,global,6.2,6.6,6.5,8.0,6.4,4.7,7.2,8.2,8.4,6.8,7.8,2.8,3.4,2.8,2.6,5.2,5.1,0.7,8.9,7.9,0.0,5.2,2.9,8.6,2.1,3.9,6.7,5.5,3.9,7.8,3.5,1.9,4.8,6.1,2,2,↑,2035+,5.63,中国核反应堆操作员：薪资回报高，AI替代抗性强，加班文化严重,"China Nuclear Reactor Operator: high compensation, strong AI resistance, heavy overtime culture",AI综合评估 + O*NET/ILO/OECD锚点校准,2026-04-13,2026-04-13,2000-2026,657000
ENG-0312-CN-general,工程与制造,ENG,化学工程,腐蚀工程师,Corrosion Engineer,2145,17-2041.00,东亚,中国,CN,country,general,本科/硕士,22-28,global,6.8,6.8,6.7,7.9,7.8,7.1,6.0,6.5,8.1,8.0,6.0,5.8,2.6,2.7,3.4,7.0,5.6,1.1,6.2,6.8,1.9,4.7,2.9,7.2,4.8,3.4,5.6,4.5,3.9,3.8,4.4,3.1,4.3,3.2,2,1,→,2032-2038,5.63,中国腐蚀工程师：薪资回报高，加班文化严重,"China Corrosion Engineer: high compensation, heavy overtime culture",AI综合评估 + O*NET/ILO/OECD锚点校准,2026-04-13,2026-04-13,2000-2026,574000
ENG-0414-CN-general,工程与制造,ENG,土木与建筑,地下管网工程师,Underground Utilities Engineer,2142,17-2051.00,东亚,中国,CN,country,general,本科/硕士,22-28,global,5.8,6.4,6.7,7.8,9.6,9.0,6.9,5.8,7.6,6.5,6.7,5.1,4.3,2.6,2.3,5.8,6.0,0.9,6.7,6.0,1.2,4.4,3.5,6.1,5.4,4.1,6.7,6.1,5.6,4.8,7.2,3.7,4.1,2.9,2,2,↑,2032-2038,5.63,中国地下管网工程师：加班文化严重,China Underground Utilities Engineer: heavy overtime culture,AI综合评估 + O*NET/ILO/OECD锚点校准,2026-04-13,2026-04-13,2000-2026,459000
SVC-0409-CN-general,服务业与消费,SVC,美容养生,体重管理顾问,Weight Management Consultant,2265,29-1031.00,东亚,中国,CN,country,general,专科/证书,20-30,global,4.3,3.8,7.6,7.4,7.1,7.6,6.3,4.7,4.4,5.9,5.3,6.7,5.0,1.6,3.5,5.9,5.6,1.7,5.9,5.0,4.6,5.2,2.9,7.2,8.2,5.6,5.7,7.7,6.8,3.3,4.8,6.4,3.3,3.4,3,3,↑,2028-2033,5.63,中国体重管理顾问：薪资水平偏低，加班文化严重,"China Weight Management Consultant: relatively low pay, heavy overtime culture",AI综合评估 + O*NET/ILO/OECD锚点校准,2026-04-13,2026-04-13,2000-2026,109000
SKL-0504-CN-general,技术工种与手工业,SKL,汽车维修,新能源汽车维修技师,EV Repair Technician,7231,49-3023.00,东亚,中国,CN,country,general,职校/学徒,18-25,global,5.1,3.9,8.4,7.0,6.0,8.4,7.8,6.8,6.7,5.7,6.1,4.4,4.7,2.4,3.3,4.9,4.4,1.8,6.6,4.9,1.0,5.5,2.5,7.3,7.5,2.5,5.8,6.8,6.4,3.7,4.7,6.2,3.7,2.4,4,5,↑↑,2032-2038,5.62,中国新能源汽车维修技师：人才需求旺盛，加班文化严重，近年增长迅猛,"China EV Repair Technician: strong talent demand, heavy overtime culture, rapid recent growth",AI综合评估 + O*NET/ILO/OECD锚点校准,2026-04-13,2026-04-13,2000-2026,306000
MED-0212-CN-general,医疗与健康,MED,护理,急诊护士,Emergency Room Nurse,2221,29-1141.00,东亚,中国,CN,country,general,大专/本科,20-24,global,5.1,4.8,7.2,7.1,9.2,10.0,8.7,8.1,3.7,6.0,8.5,5.9,2.8,0.0,0.4,4.5,5.4,1.4,7.4,6.4,1.5,2.9,1.2,6.9,3.9,3.5,5.6,8.7,6.7,7.0,1.3,4.2,6.5,2.5,3,4,↑↑,2032-2038,5.62,中国急诊护士：薪资水平偏低，人才需求旺盛，加班文化严重,"China Emergency Room Nurse: relatively low pay, strong talent demand, heavy overtime culture",AI综合评估 + O*NET/ILO/WHO锚点校准,2026-04-13,2026-04-13,2000-2026,79000
GOV-0403-CN-general,公共管理与公务员,GOV,事业单位/公共机构,政府统计人员,Government Statistician,2120,15-2041.00,东亚,中国,CN,country,general,硕士,24-30,global,6.9,7.3,4.7,9.3,6.0,5.5,6.2,5.5,6.1,6.0,10.0,9.6,6.7,4.6,4.4,5.9,5.4,1.7,4.9,7.5,4.2,4.4,4.1,6.3,2.5,5.2,6.8,4.7,0.4,8.0,1.7,3.0,4.8,6.7,1,2,↑,2028-2033,5.62,中国政府统计人员：就业稳定,China Government Statistician: stable employment,AI综合评估 + O*NET/ILO/OECD锚点校准,2026-04-13,2026-04-13,2000-2026,233000
MED-1201-CN-general,医疗与健康,MED,兽医学,小动物兽医,Small Animal Veterinarian,2250,29-1131.00,东亚,中国,CN,country,general,博士/兽医学位,26-30,global,7.9,7.9,6.2,7.9,8.1,8.0,8.0,6.4,6.0,5.6,6.5,6.9,4.0,0.5,2.3,4.8,4.2,1.6,7.9,6.4,1.8,6.1,2.1,8.6,8.4,7.2,6.5,6.3,5.6,7.5,2.2,4.0,4.6,2.8,3,4,↑↑,2035+,5.62,中国小动物兽医：人才需求旺盛，AI替代抗性强，加班文化严重,"China Small Animal Veterinarian: strong talent demand, strong AI resistance, heavy overtime culture",AI综合评估 + O*NET/ILO/WHO锚点校准,2026-04-13,2026-04-13,2000-2026,223000
SKL-0802-CN-general,技术工种与手工业,SKL,美发美容技术,美容师,Beautician / Esthetician,5142,39-5094.00,东亚,中国,CN,country,general,职校/短期培训,18-25,global,3.0,2.2,5.6,6.7,6.4,6.9,5.3,4.3,4.4,6.4,5.8,5.9,4.7,1.4,4.0,3.4,4.2,2.1,8.9,4.5,0.7,6.4,3.4,7.1,8.1,6.1,6.0,8.6,5.2,3.5,3.8,6.8,4.0,1.6,2,2,↑,2035+,5.62,中国美容师：薪资水平偏低，AI替代抗性强，加班文化严重,"China Beautician / Esthetician: relatively low pay, strong AI resistance, heavy overtime culture",AI综合评估 + O*NET/ILO/OECD锚点校准,2026-04-13,2026-04-13,2000-2026,109000
SKL-0106-CN-general,技术工种与手工业,SKL,电气技术,防雷工程师,Lightning Protection Technician,7411,47-2111.00,东亚,中国,CN,country,general,职校/学徒,18-25,global,4.6,3.3,7.1,7.6,4.5,4.1,5.9,5.6,6.6,6.9,6.6,4.5,5.5,2.1,4.3,7.1,4.9,1.3,7.9,5.5,0.4,6.2,2.7,6.2,7.2,1.5,6.1,5.8,6.2,5.9,5.4,7.2,5.4,2.9,3,3,↑,2035+,5.62,中国防雷工程师：AI替代抗性强，加班文化严重,"China Lightning Protection Technician: strong AI resistance, heavy overtime culture",AI综合评估 + O*NET/ILO/OECD锚点校准,2026-04-13,2026-04-13,2000-2026,292000
SKL-0511-CN-general,技术工种与手工业,SKL,汽车维修,汽车贴膜/改色技师,Vehicle Wrap / Tinting Technician,7231,49-3023.00,东亚,中国,CN,country,general,职校/学徒,18-25,global,2.5,2.4,6.7,7.3,6.4,5.4,6.1,6.6,5.8,5.7,6.1,4.7,4.3,2.4,3.0,5.4,4.8,1.2,8.1,4.8,0.7,6.0,2.2,6.2,7.6,1.1,6.6,6.7,4.8,4.3,5.0,7.2,3.2,2.0,2,3,↑,2035+,5.62,中国汽车贴膜/改色技师：AI替代抗性强，加班文化严重,"China Vehicle Wrap / Tinting Technician: strong AI resistance, heavy overtime culture",AI综合评估 + O*NET/ILO/OECD锚点校准,2026-04-13,2026-04-13,2000-2026,204000
SKL-0505-CN-general,技术工种与手工业,SKL,汽车维修,汽车诊断技师,Automotive Diagnostic Technician,7231,49-3023.00,东亚,中国,CN,country,general,职校/学徒,18-25,global,4.5,3.9,7.2,7.0,6.8,8.0,6.4,6.9,6.6,6.7,5.6,5.0,4.4,1.2,3.8,5.3,5.4,1.4,6.4,4.6,0.2,6.3,2.7,6.2,7.8,2.7,6.6,6.6,6.2,3.7,5.9,7.2,4.2,2.4,2,3,↑,2032-2038,5.62,中国汽车诊断技师：加班文化严重,China Automotive Diagnostic Technician: heavy overtime culture,AI综合评估 + O*NET/ILO/OECD锚点校准,2026-04-13,2026-04-13,2000-2026,292000
LAW-0117-CN-general,法律与社会服务,LAW,律师各专业,娱乐法律师,Entertainment Lawyer,2611,23-1011.00,东亚,中国,CN,country,general,法学博士/硕士,25-30,global,7.5,7.5,6.7,7.3,6.2,4.7,5.0,5.7,7.8,6.9,4.3,8.7,4.9,2.5,2.7,6.2,6.2,2.7,6.6,8.4,5.8,6.1,2.7,7.7,7.9,4.9,5.0,8.4,0.4,8.6,5.6,2.9,6.2,4.5,2,2,↑,2032-2038,5.62,中国娱乐法律师：加班文化严重,China Entertainment Lawyer: heavy overtime culture,AI综合评估 + O*NET/ILO/OECD锚点校准,2026-04-13,2026-04-13,2000-2026,502000
ENG-0801-CN-general,工程与制造,ENG,核工程,核电工程师,Nuclear Power Engineer,2149,17-2161.00,东亚,中国,CN,country,general,硕士/博士,25-32,global,8.1,7.8,6.7,8.9,6.1,5.1,7.0,8.0,9.7,7.5,7.7,4.3,2.2,2.1,2.1,5.8,4.5,0.6,8.5,9.6,0.8,4.4,2.6,7.8,2.2,4.1,7.0,5.7,4.3,7.6,3.3,2.1,4.2,6.9,2,2,↑,2035+,5.62,中国核电工程师：薪资回报高，AI替代抗性强，加班文化严重,"China Nuclear Power Engineer: high compensation, strong AI resistance, heavy overtime culture",AI综合评估 + O*NET/ILO/OECD锚点校准,2026-04-13,2026-04-13,2000-2026,1180000
SKL-0404-CN-general,技术工种与手工业,SKL,机械加工,模具制造技师,Tool & Die Maker,7222,51-4111.00,东亚,中国,CN,country,general,职校/技校,18-25,global,5.9,4.3,5.7,7.5,6.8,7.9,8.2,7.5,7.4,5.7,6.9,4.7,4.1,1.9,3.5,5.8,4.6,1.6,6.8,6.3,1.1,5.4,3.2,7.5,4.8,2.5,5.6,4.7,6.2,3.3,5.2,4.9,4.5,3.4,1,1,→,2032-2038,5.61,中国模具制造技师：人才需求旺盛，加班文化严重,"China Tool & Die Maker: strong talent demand, heavy overtime culture",AI综合评估 + O*NET/ILO/OECD锚点校准,2026-04-13,2026-04-13,2000-2026,419000
TRA-0903-CN-general,交通运输与物流,TRA,太空运输,太空旅游顾问,Space Tourism Consultant,4221,41-3041.00,东亚,中国,CN,country,general,本科+旅游/航天知识,25-35,global,5.0,5.3,8.3,6.1,4.7,3.4,9.0,10.0,6.9,7.2,5.2,9.0,4.7,1.0,2.8,4.8,5.4,2.2,5.2,6.2,4.4,4.9,0.5,9.0,7.8,3.6,3.5,8.0,1.0,3.6,6.6,1.1,5.5,7.7,4,4,↑↑,2028-2033,5.61,中国太空旅游顾问：人才需求旺盛，加班文化严重，近年增长迅猛,"China Space Tourism Consultant: strong talent demand, heavy overtime culture, rapid recent growth",AI综合评估 + O*NET/ILO/OECD锚点校准,2026-04-13,2026-04-13,2000-2026,335000
AGR-0907-CN-general,农业、资源与环境,AGR,农业科技,昆虫学家,Entomologist,2131,19-1023.00,东亚,中国,CN,country,general,硕士/博士,26-35,global,8.6,8.4,7.1,7.5,7.3,3.6,6.0,7.6,6.9,6.9,5.3,6.8,6.2,1.4,3.6,6.1,5.6,1.8,7.0,6.6,2.7,6.4,3.4,8.4,6.7,4.2,4.7,5.6,4.1,3.2,5.2,4.0,5.3,4.0,3,4,↑↑,2032-2038,5.61,中国昆虫学家：加班文化严重，近年增长迅猛,"China Entomologist: heavy overtime culture, rapid recent growth",AI综合评估 + O*NET/ILO/OECD锚点校准,2026-04-13,2026-04-13,2000-2026,335000
MED-1203-CN-general,医疗与健康,MED,兽医学,动物外科兽医,Veterinary Surgeon,2250,29-1131.00,东亚,中国,CN,country,general,博士/兽医学位,26-30,global,8.8,8.9,6.5,7.3,8.7,7.6,8.0,6.4,7.2,4.9,7.5,6.4,3.8,0.7,2.6,5.3,4.2,1.4,7.6,6.9,1.0,6.8,2.7,7.7,7.2,6.8,6.3,7.0,6.5,7.2,2.3,4.0,4.4,3.4,3,3,↑,2035+,5.6,中国动物外科兽医：人才需求旺盛，AI替代抗性强，加班文化严重,"China Veterinary Surgeon: strong talent demand, strong AI resistance, heavy overtime culture",AI综合评估 + O*NET/ILO/WHO锚点校准,2026-04-13,2026-04-13,2000-2026,383000
SVC-0412-CN-general,服务业与消费,SVC,美容养生,足疗师/反射疗法师,Reflexologist / Foot Massage Therapist,5142,31-9011.00,东亚,中国,CN,country,general,专科/证书,20-30,global,5.1,4.1,7.5,6.7,7.9,7.2,6.0,5.3,3.9,5.1,5.3,6.7,5.0,0.9,3.6,6.4,5.4,2.2,9.1,5.2,1.0,5.9,2.3,7.8,8.0,6.0,5.6,7.6,7.2,3.4,4.5,6.3,2.6,3.0,3,3,↑,2035+,5.6,中国足疗师/反射疗法师：薪资水平偏低，AI替代抗性强，加班文化严重,"China Reflexologist / Foot Massage Therapist: relatively low pay, strong AI resistance, heavy overtime culture",AI综合评估 + O*NET/ILO/OECD锚点校准,2026-04-13,2026-04-13,2000-2026,87000
ART-0311-CN-general,文化、艺术与传媒,ART,出版写作,自出版作者,Self-publishing Author,2641,27-3043.00,东亚,中国,CN,country,general,本科,22-35,global,5.1,3.4,4.2,8.1,5.9,5.5,4.9,6.0,4.3,4.6,1.3,8.0,6.0,1.4,2.4,6.8,6.2,2.9,4.7,5.9,8.9,8.4,4.1,7.9,9.2,5.5,6.6,5.3,1.7,1.2,5.0,6.6,6.0,3.2,1,-1,→,2028-2033,5.6,中国自出版作者：薪资水平偏低，远程友好度高，加班文化严重,"China Self-publishing Author: relatively low pay, highly remote-friendly, heavy overtime culture",AI综合评估 + O*NET/ILO/OECD锚点校准,2026-04-13,2026-04-13,2000-2026,104000
ENG-1314-CN-general,工程与制造,ENG,环境工程,爆炸力学工程师,Explosion Mechanics / Blast Engineer,2149,17-2199.00,东亚,中国,CN,country,general,本科/硕士,22-28,global,7.2,7.3,7.0,7.7,6.8,4.9,6.6,6.3,8.3,6.4,6.3,3.3,3.4,2.9,3.3,6.4,5.7,1.1,7.9,7.4,2.1,4.6,3.7,7.4,4.7,4.9,6.5,5.1,4.5,6.3,3.9,3.3,4.2,3.0,3,3,↑,2035+,5.6,中国爆炸力学工程师：薪资回报高，AI替代抗性强，加班文化严重,"China Explosion Mechanics / Blast Engineer: high compensation, strong AI resistance, heavy overtime culture",AI综合评估 + O*NET/ILO/OECD锚点校准,2026-04-13,2026-04-13,2000-2026,628000
TRA-0509-CN-general,交通运输与物流,TRA,物流管理,冷链物流专员,Cold Chain Logistics Specialist,1324,11-3071.02,东亚,中国,CN,country,general,大专/本科,24-32,global,4.3,4.4,7.9,7.1,7.4,8.8,6.0,6.6,6.2,7.2,5.0,6.9,5.4,1.9,3.3,5.9,5.1,1.7,5.2,5.3,3.3,5.7,2.9,5.8,6.4,4.2,6.2,5.9,3.9,4.1,7.0,3.3,4.9,3.8,3,3,↑,2028-2033,5.6,中国冷链物流专员：加班文化严重,China Cold Chain Logistics Specialist: heavy overtime culture,AI综合评估 + O*NET/ILO/OECD锚点校准,2026-04-13,2026-04-13,2000-2026,244000
SKL-0714-CN-general,技术工种与手工业,SKL,传统手工艺,雕刻师,Engraver / Carver,7316,51-9194.00,东亚,中国,CN,country,general,师徒制/自学,16-30,global,5.5,2.4,3.7,8.3,4.7,5.5,5.0,5.7,5.9,4.9,4.5,5.7,5.2,2.4,4.3,4.0,3.9,1.8,9.3,5.9,1.1,8.0,3.2,9.2,7.4,3.5,7.3,5.1,5.3,1.7,4.0,7.4,3.3,2.3,0,0,→,2035+,5.6,中国雕刻师：AI替代抗性强，加班文化严重,"China Engraver / Carver: strong AI resistance, heavy overtime culture",AI综合评估 + O*NET/ILO/OECD锚点校准,2026-04-13,2026-04-13,2000-2026,213000
AGR-0707-CN-general,农业、资源与环境,AGR,环保,生态修复专家,Ecological Restoration Specialist,2133,19-1029.00,东亚,中国,CN,country,general,本科/硕士,24-32,global,6.0,6.1,6.3,7.8,6.8,4.0,5.6,7.2,6.8,5.4,4.9,6.5,6.1,2.4,3.0,5.3,4.9,1.2,7.4,6.6,1.7,5.4,2.9,9.1,5.4,7.0,5.8,6.1,6.0,5.3,4.1,3.1,5.8,4.3,3,4,↑↑,2032-2038,5.59,中国生态修复专家：加班文化严重，近年增长迅猛,"China Ecological Restoration Specialist: heavy overtime culture, rapid recent growth",AI综合评估 + O*NET/ILO/OECD锚点校准,2026-04-13,2026-04-13,2000-2026,320000
SKL-0408-CN-general,技术工种与手工业,SKL,机械加工,精密加工技师,Precision Machinist,7223,51-4041.00,东亚,中国,CN,country,general,职校/技校,18-25,global,5.5,4.2,6.7,7.3,7.0,8.3,8.0,7.5,8.0,6.3,7.1,4.7,3.8,1.9,3.5,5.2,5.1,1.3,6.9,6.4,0.2,4.6,3.2,5.6,5.0,2.1,5.2,5.0,6.2,3.0,6.3,3.7,4.9,3.9,1,1,→,2032-2038,5.59,中国精密加工技师：薪资回报高，人才需求旺盛，加班文化严重,"China Precision Machinist: high compensation, strong talent demand, heavy overtime culture",AI综合评估 + O*NET/ILO/OECD锚点校准,2026-04-13,2026-04-13,2000-2026,549000
ART-1302-CN-general,文化、艺术与传媒,ART,图书馆信息,档案管理员,Archivist,2621,25-4011.00,东亚,中国,CN,country,general,硕士,24-30,global,5.3,5.6,4.0,8.7,4.0,5.1,4.0,5.2,4.9,5.8,7.8,8.2,7.3,3.7,2.0,6.3,5.1,0.4,6.5,5.1,5.1,5.7,5.6,6.6,2.3,5.9,8.2,5.3,1.7,2.0,2.7,3.4,3.1,4.2,1,-1,→,2032-2038,5.59,中国档案管理员：供过于求，就业稳定,"China Archivist: oversupply of talent, stable employment",AI综合评估 + O*NET/ILO/OECD锚点校准,2026-04-13,2026-04-13,2000-2026,136000
SVC-0407-CN-general,服务业与消费,SVC,美容养生,按摩治疗师,Massage Therapist,5142,31-9011.00,东亚,中国,CN,country,general,专科/证书,20-30,global,4.3,3.9,7.1,6.7,7.8,7.4,6.4,4.9,4.5,5.1,4.7,7.2,5.7,0.6,4.0,5.5,5.0,1.9,8.9,5.6,0.5,5.9,1.4,7.4,8.5,5.1,6.2,7.8,7.1,3.0,5.5,6.3,3.5,3.6,3,3,↑,2035+,5.59,中国按摩治疗师：薪资水平偏低，AI替代抗性强，加班文化严重,"China Massage Therapist: relatively low pay, strong AI resistance, heavy overtime culture",AI综合评估 + O*NET/ILO/OECD锚点校准,2026-04-13,2026-04-13,2000-2026,114000
MED-0113-CN-general,医疗与健康,MED,临床医学,骨科医生,Orthopedic Surgeon,2212,29-1241.00,东亚,中国,CN,country,general,博士/医学学位,28-35,global,9.9,9.6,7.2,8.4,9.6,9.7,7.6,6.3,9.3,5.2,8.5,6.7,4.0,0.0,1.4,6.0,4.5,2.3,7.0,8.3,1.1,5.6,0.9,8.1,6.0,3.0,6.6,8.5,7.2,9.2,1.8,3.4,5.1,3.8,3,3,↑,2032-2038,5.58,中国骨科医生：薪资回报高，人才需求旺盛，加班文化严重,"China Orthopedic Surgeon: high compensation, strong talent demand, heavy overtime culture",AI综合评估 + O*NET/ILO/WHO锚点校准,2026-04-13,2026-04-13,2000-2026,985000
GOV-0106-CN-general,公共管理与公务员,GOV,中央/联邦公务员,立法助理/政策顾问,Legislative Assistant / Policy Advisor,2422,19-3094.00,东亚,中国,CN,country,general,硕士,25-32,global,6.9,8.4,6.1,8.4,5.5,5.4,4.9,5.3,6.5,5.5,8.9,10.0,5.8,3.4,4.4,6.6,6.1,2.2,6.4,9.1,3.9,4.8,3.4,6.9,2.7,5.6,6.1,7.8,1.0,8.4,2.7,1.6,4.4,7.2,0,2,↑,2032-2038,5.58,中国立法助理/政策顾问：加班文化严重，就业稳定,"China Legislative Assistant / Policy Advisor: heavy overtime culture, stable employment",AI综合评估 + O*NET/ILO/OECD锚点校准,2026-04-13,2026-04-13,2000-2026,280000
ENG-0802-CN-general,工程与制造,ENG,核工程,核医学物理师,Medical Physicist (Nuclear),2111,29-1299.01,东亚,中国,CN,country,general,硕士/博士,25-32,global,8.8,9.6,5.7,8.4,6.8,6.0,7.8,8.0,10.0,6.5,8.0,4.0,3.6,2.7,2.8,5.6,5.3,0.6,7.8,9.0,0.6,5.6,2.5,7.8,2.3,3.8,6.2,5.1,4.0,7.7,3.8,2.7,4.4,6.3,2,2,↑,2035+,5.58,中国核医学物理师：薪资回报高，人才需求旺盛，AI替代抗性强,"China Medical Physicist (Nuclear): high compensation, strong talent demand, strong AI resistance",AI综合评估 + O*NET/ILO/OECD锚点校准,2026-04-13,2026-04-13,2000-2026,1350000
ART-1205-CN-general,文化、艺术与传媒,ART,会展,艺术品鉴定师,Art Appraiser / Authenticator,2621,13-2023.00,东亚,中国,CN,country,general,本科,22-30,global,7.1,7.4,6.1,7.8,6.7,4.5,5.7,5.4,7.4,5.3,4.3,7.7,6.0,1.2,2.6,6.2,6.0,1.3,8.1,7.4,2.8,5.7,2.4,7.1,6.2,4.8,6.3,7.4,4.4,2.3,6.1,5.5,4.4,3.9,3,1,→,2035+,5.58,中国艺术品鉴定师：AI替代抗性强，加班文化严重,"China Art Appraiser / Authenticator: strong AI resistance, heavy overtime culture",AI综合评估 + O*NET/ILO/OECD锚点校准,2026-04-13,2026-04-13,2000-2026,419000
LAW-0108-CN-general,法律与社会服务,LAW,律师各专业,环境法律师,Environmental Lawyer,2611,23-1011.00,东亚,中国,CN,country,general,法学博士/硕士,25-30,global,7.5,7.3,6.4,7.6,6.5,4.8,6.6,5.9,7.1,4.9,5.5,8.4,5.2,3.0,2.3,5.7,5.2,1.9,6.7,7.4,4.9,5.6,3.4,6.6,6.1,6.4,5.5,7.0,1.0,8.0,3.2,2.2,5.3,3.1,3,3,↑,2032-2038,5.58,中国环境法律师：加班文化严重,China Environmental Lawyer: heavy overtime culture,AI综合评估 + O*NET/ILO/OECD锚点校准,2026-04-13,2026-04-13,2000-2026,366000
SKL-0803-CN-general,技术工种与手工业,SKL,美发美容技术,纹身师,Tattoo Artist,5142,39-5091.00,东亚,中国,CN,country,general,职校/短期培训,18-25,global,4.1,1.7,5.4,7.1,6.5,5.2,4.0,4.4,5.6,6.5,5.8,6.2,4.6,1.9,3.3,4.4,3.8,2.3,8.6,4.2,0.0,6.7,3.5,8.6,8.5,6.4,6.6,7.6,5.5,4.7,4.3,7.3,3.6,1.6,2,2,↑,2035+,5.58,中国纹身师：供过于求，AI替代抗性强，加班文化严重,"China Tattoo Artist: oversupply of talent, strong AI resistance, heavy overtime culture",AI综合评估 + O*NET/ILO/OECD锚点校准,2026-04-13,2026-04-13,2000-2026,186000
EDU-0505-CN-general,教育与学术,EDU,学术研究,研究助理,Research Assistant,2110,19-4099.00,东亚,中国,CN,country,general,本科/硕士在读,22-28,global,5.6,5.9,5.0,5.2,8.1,7.4,5.4,5.4,6.7,3.6,6.3,8.0,4.7,1.7,2.8,6.2,5.5,1.2,6.5,6.8,7.5,4.2,2.4,6.2,3.8,6.1,4.4,6.5,2.7,4.8,2.6,5.1,5.9,3.0,2,1,→,2032-2038,5.58,中国研究助理：加班文化严重,China Research Assistant: heavy overtime culture,AI综合评估 + O*NET/ILO/UNESCO锚点校准,2026-04-13,2026-04-13,2000-2026,306000
SKL-0805-CN-general,技术工种与手工业,SKL,美发美容技术,美甲师,Nail Technician / Manicurist,5142,39-5092.00,东亚,中国,CN,country,general,职校/短期培训,18-25,global,1.6,2.3,4.7,7.1,7.1,7.7,4.2,5.2,4.9,5.9,4.9,6.2,5.2,2.6,2.8,3.8,4.0,2.1,8.7,3.7,0.1,5.7,2.9,6.6,8.5,6.3,6.0,7.7,3.6,3.8,3.3,7.5,3.8,1.8,2,2,↑,2035+,5.58,中国美甲师：AI替代抗性强，加班文化严重,"China Nail Technician / Manicurist: strong AI resistance, heavy overtime culture",AI综合评估 + O*NET/ILO/OECD锚点校准,2026-04-13,2026-04-13,2000-2026,136000
SVC-0503-CN-general,服务业与消费,SVC,家政照护,育儿嫂,Childcare Nanny,5311,39-9011.00,东亚,中国,CN,country,general,高中/证书,20-40,global,3.9,2.8,7.3,6.8,8.7,8.7,8.8,6.1,4.3,4.6,5.1,6.2,4.0,1.0,5.3,5.4,4.9,1.4,8.7,3.7,0.5,3.7,2.2,6.5,4.5,3.3,4.9,7.1,6.4,2.4,3.5,4.3,3.7,3.0,3,4,↑↑,2035+,5.58,中国育儿嫂：薪资水平偏低，人才需求旺盛，AI替代抗性强,"China Childcare Nanny: relatively low pay, strong talent demand, strong AI resistance",AI综合评估 + O*NET/ILO/OECD锚点校准,2026-04-13,2026-04-13,2000-2026,104000
ENG-0806-CN-general,工程与制造,ENG,核工程,核燃料工程师,Nuclear Fuel Engineer,2149,17-2161.00,东亚,中国,CN,country,general,硕士/博士,25-32,global,8.4,8.4,5.7,8.5,6.1,4.6,7.4,9.0,9.7,7.0,8.2,4.3,2.4,1.9,3.1,4.8,4.4,0.3,8.5,8.7,0.5,4.2,3.2,8.1,2.9,3.8,6.6,5.4,3.8,7.6,4.1,2.5,4.2,6.7,2,2,↑,2035+,5.58,中国核燃料工程师：薪资回报高，AI替代抗性强，加班文化严重,"China Nuclear Fuel Engineer: high compensation, strong AI resistance, heavy overtime culture",AI综合评估 + O*NET/ILO/OECD锚点校准,2026-04-13,2026-04-13,2000-2026,1180000
TRA-0705-CN-general,交通运输与物流,TRA,城市交通,自动驾驶安全员,Autonomous Vehicle Safety Operator,8322,53-3054.00,东亚,中国,CN,country,general,技术培训+驾照,22-35,global,5.3,4.8,8.9,7.2,7.5,6.8,7.8,6.9,5.7,6.6,7.1,6.9,6.2,2.4,2.8,5.8,6.1,1.7,4.3,6.1,0.0,5.7,2.7,5.9,4.6,5.4,5.9,5.5,2.7,4.8,3.5,3.1,4.0,5.4,3,5,↑↑,2026-2030,5.57,中国自动驾驶安全员：人才需求旺盛，加班文化严重，近年增长迅猛,"China Autonomous Vehicle Safety Operator: strong talent demand, heavy overtime culture, rapid recent growth",AI综合评估 + O*NET/ILO/OECD锚点校准,2026-04-13,2026-04-13,2000-2026,195000
SVC-0411-CN-general,服务业与消费,SVC,美容养生,芳香治疗师,Aromatherapist,5142,39-9032.00,东亚,中国,CN,country,general,专科/证书,20-30,global,5.0,3.6,7.1,6.5,7.4,5.8,6.2,5.1,5.4,5.8,4.3,6.9,5.0,0.4,4.3,6.0,5.2,1.7,8.5,4.6,0.8,4.9,2.7,7.6,8.2,5.4,5.8,7.8,6.8,3.0,5.1,5.7,3.6,3.0,3,3,↑,2035+,5.57,中国芳香治疗师：AI替代抗性强，加班文化严重,"China Aromatherapist: strong AI resistance, heavy overtime culture",AI综合评估 + O*NET/ILO/OECD锚点校准,2026-04-13,2026-04-13,2000-2026,170000
LAW-0116-CN-general,法律与社会服务,LAW,律师各专业,体育法律师,Sports Lawyer,2611,23-1011.00,东亚,中国,CN,country,general,法学博士/硕士,25-30,global,7.6,7.3,6.9,7.6,5.4,4.1,6.0,5.7,8.6,6.1,4.5,8.6,5.5,2.0,3.5,6.1,6.1,3.0,6.6,8.3,5.5,6.1,1.6,6.9,6.7,4.6,5.8,7.9,0.9,8.1,4.4,2.7,5.4,4.0,2,1,→,2032-2038,5.57,中国体育法律师：薪资回报高，加班文化严重,"China Sports Lawyer: high compensation, heavy overtime culture",AI综合评估 + O*NET/ILO/OECD锚点校准,2026-04-13,2026-04-13,2000-2026,719000
ART-0202-CN-general,文化、艺术与传媒,ART,音乐产业,作曲家/词曲创作人,Composer / Songwriter,2652,27-2041.00,东亚,中国,CN,country,general,本科/专科,18-28,global,6.4,5.3,6.1,6.5,7.2,7.2,6.0,6.5,6.0,4.3,2.7,7.0,5.6,0.7,2.8,6.6,4.7,3.3,6.6,6.5,7.9,8.0,1.4,9.6,6.7,3.9,5.7,6.8,3.5,2.4,6.4,6.1,6.1,4.0,2,0,→,2032-2038,5.57,中国作曲家/词曲创作人：加班文化严重，就业波动大,"China Composer / Songwriter: heavy overtime culture, volatile employment",AI综合评估 + O*NET/ILO/OECD锚点校准,2026-04-13,2026-04-13,2000-2026,223000
MED-1003-CN-general,医疗与健康,MED,医学影像与检验,超声技师,Diagnostic Medical Sonographer,3211,29-2032.00,东亚,中国,CN,country,general,大专/本科,20-24,global,5.6,5.5,6.4,7.3,8.0,9.6,8.2,5.4,6.3,5.6,8.3,7.2,3.3,0.5,3.8,5.3,5.0,0.9,5.1,6.2,1.3,4.4,2.9,6.1,4.2,5.6,6.1,5.6,4.9,5.3,1.9,3.6,5.0,4.0,2,3,↑,2028-2033,5.57,中国超声技师：人才需求旺盛，加班文化严重，就业稳定,"China Diagnostic Medical Sonographer: strong talent demand, heavy overtime culture, stable employment",AI综合评估 + O*NET/ILO/WHO锚点校准,2026-04-13,2026-04-13,2000-2026,255000
LAW-0106-CN-general,法律与社会服务,LAW,律师各专业,劳动法律师,Employment / Labor Lawyer,2611,23-1011.00,东亚,中国,CN,country,general,法学博士/硕士,25-30,global,7.6,8.0,6.5,7.7,6.8,6.1,6.1,4.7,6.6,5.7,6.0,8.3,4.0,2.7,3.0,6.2,6.0,2.3,6.4,8.9,4.7,6.2,2.5,6.5,7.5,4.4,6.5,7.8,0.4,8.5,3.5,3.2,4.7,3.7,2,1,→,2032-2038,5.57,中国劳动法律师：加班文化严重,China Employment / Labor Lawyer: heavy overtime culture,AI综合评估 + O*NET/ILO/OECD锚点校准,2026-04-13,2026-04-13,2000-2026,292000
LAW-0904-CN-general,法律与社会服务,LAW,心理社会服务,职业康复咨询师,Vocational Rehabilitation Counselor,2634,21-1015.00,东亚,中国,CN,country,general,硕士,24-30,global,5.8,5.9,6.0,7.3,4.9,4.9,5.3,5.2,5.7,4.5,6.3,8.7,4.5,4.0,2.9,5.3,5.6,1.7,7.4,5.9,4.7,4.4,3.7,7.1,4.7,5.9,7.0,8.9,1.5,5.8,2.3,3.6,3.9,3.3,1,1,→,2032-2038,5.57,中国职业康复咨询师：发展平稳,China Vocational Rehabilitation Counselor: steady development,AI综合评估 + O*NET/ILO/OECD锚点校准,2026-04-13,2026-04-13,2000-2026,195000
TRA-0503-CN-general,交通运输与物流,TRA,物流管理,报关员,Customs Broker,3331,13-1041.06,东亚,中国,CN,country,general,大专/本科+报关资格,22-30,global,4.6,4.4,7.2,6.5,8.0,8.2,5.7,7.0,5.9,6.6,6.5,7.4,4.9,1.9,3.0,5.8,5.7,1.5,5.3,5.8,2.2,5.2,2.5,5.6,5.6,3.7,5.9,6.5,2.3,6.7,6.3,3.5,6.2,3.6,3,3,↑,2028-2033,5.56,中国报关员：加班文化严重,China Customs Broker: heavy overtime culture,AI综合评估 + O*NET/ILO/OECD锚点校准,2026-04-13,2026-04-13,2000-2026,213000
GOV-0104-CN-general,公共管理与公务员,GOV,中央/联邦公务员,财政预算官员,Budget Analyst,2411,13-2031.00,东亚,中国,CN,country,general,本科/硕士,23-30,global,6.0,7.3,5.1,9.2,6.0,6.9,6.1,4.4,6.5,6.9,10.0,9.9,6.0,3.3,4.4,5.6,4.8,1.7,4.9,8.4,3.9,4.1,5.2,5.8,1.4,4.4,7.2,5.7,0.8,8.4,1.7,1.8,3.5,7.0,0,1,→,2028-2033,5.56,中国财政预算官员：加班文化严重，就业稳定,"China Budget Analyst: heavy overtime culture, stable employment",AI综合评估 + O*NET/ILO/OECD锚点校准,2026-04-13,2026-04-13,2000-2026,280000
GOV-0402-CN-general,公共管理与公务员,GOV,事业单位/公共机构,公共图书馆馆长,Public Library Director,1345,11-9121.01,东亚,中国,CN,country,general,硕士,28-40,global,5.6,6.8,4.3,9.3,5.2,5.0,4.2,4.6,5.0,4.7,10.0,9.9,6.5,5.2,6.4,4.5,4.0,1.5,6.1,7.3,2.0,5.6,5.6,7.3,1.6,7.3,8.1,6.7,1.7,7.5,0.7,2.5,3.5,7.4,-1,0,→,2032-2038,5.56,中国公共图书馆馆长：就业稳定,China Public Library Director: stable employment,AI综合评估 + O*NET/ILO/OECD锚点校准,2026-04-13,2026-04-13,2000-2026,142000
ART-0103-CN-general,文化、艺术与传媒,ART,影视制作,制片人,Film/TV Producer,2654,27-2012.01,东亚,中国,CN,country,general,本科,28-38,global,5.8,5.1,6.8,5.5,7.5,7.5,6.0,6.3,7.8,5.1,2.5,6.2,5.5,0.6,3.2,6.6,5.9,3.4,6.9,8.6,3.3,8.2,1.4,7.6,7.5,3.9,5.0,6.7,4.3,2.0,6.5,4.7,6.0,4.9,3,1,→,2032-2038,5.56,中国制片人：加班文化严重，就业波动大,"China Film/TV Producer: heavy overtime culture, volatile employment",AI综合评估 + O*NET/ILO/OECD锚点校准,2026-04-13,2026-04-13,2000-2026,502000
ART-1304-CN-general,文化、艺术与传媒,ART,图书馆信息,数字档案管理员,Digital Archivist,2621,25-4011.00,东亚,中国,CN,country,general,硕士,24-30,global,5.1,5.3,6.5,9.0,4.1,4.3,5.7,4.6,5.3,4.6,7.1,8.5,7.0,3.9,2.0,5.3,5.0,0.1,5.2,5.0,6.7,4.4,4.7,6.7,2.6,6.3,7.9,5.0,1.9,2.9,3.0,3.8,3.2,4.6,1,1,→,2028-2033,5.56,中国数字档案管理员：发展平稳,China Digital Archivist: steady development,AI综合评估 + O*NET/ILO/OECD锚点校准,2026-04-13,2026-04-13,2000-2026,163000
SKL-0703-CN-general,技术工种与手工业,SKL,传统手工艺,陶艺师,Potter / Ceramicist,7314,51-9195.04,东亚,中国,CN,country,general,师徒制/自学,16-30,global,5.7,2.9,4.3,8.6,4.9,5.4,4.8,5.3,5.2,5.0,5.3,5.9,4.1,3.2,4.9,4.3,3.7,2.1,9.4,5.6,1.1,6.7,3.0,8.8,8.2,4.4,7.1,4.6,4.5,1.7,4.3,7.2,3.3,1.9,0,0,→,2035+,5.56,中国陶艺师：AI替代抗性强，加班文化严重,"China Potter / Ceramicist: strong AI resistance, heavy overtime culture",AI综合评估 + O*NET/ILO/OECD锚点校准,2026-04-13,2026-04-13,2000-2026,156000
ART-0213-CN-general,文化、艺术与传媒,ART,音乐产业,音乐版权管理人,Music Rights Manager,2619,13-1199.00,东亚,中国,CN,country,general,本科/专科,18-28,global,5.7,6.6,6.3,6.2,6.0,7.2,5.2,6.3,6.8,4.3,6.3,6.9,6.4,0.9,4.1,7.4,5.6,3.7,6.1,6.1,6.1,6.2,1.0,9.1,6.4,4.2,5.7,6.8,3.3,2.4,6.4,6.5,5.7,4.6,2,0,→,2032-2038,5.55,中国音乐版权管理人：加班文化严重,China Music Rights Manager: heavy overtime culture,AI综合评估 + O*NET/ILO/OECD锚点校准,2026-04-13,2026-04-13,2000-2026,320000
SKL-0303-CN-general,技术工种与手工业,SKL,焊接,水下焊工,Underwater Welder,7212,51-4121.00,东亚,中国,CN,country,general,职校/短期培训,18-25,global,7.0,2.4,6.2,6.8,6.2,5.2,8.7,8.5,9.0,6.7,5.4,1.5,3.7,1.7,3.6,5.5,5.3,1.6,8.6,5.4,1.0,5.5,2.9,5.9,5.3,2.3,5.3,5.0,9.2,7.2,6.6,5.5,6.4,3.3,2,2,↑,2035+,5.55,中国水下焊工：薪资回报高，人才需求旺盛，AI替代抗性强,"China Underwater Welder: high compensation, strong talent demand, strong AI resistance",AI综合评估 + O*NET/ILO/OECD锚点校准,2026-04-13,2026-04-13,2000-2026,861000
MED-0609-CN-general,医疗与健康,MED,传统与替代医学,顺势疗法医师,Homeopath,2230,29-1199.00,东亚,中国,CN,country,general,本科/硕士,22-28,regional,7.0,5.8,4.9,8.4,7.0,10.0,6.3,3.4,7.0,5.3,7.0,8.7,4.8,2.2,3.7,4.3,4.7,3.8,5.8,6.9,1.7,6.6,3.9,7.5,7.8,5.7,7.2,7.5,3.8,4.1,1.9,6.5,1.8,3.4,1,0,→,2028-2033,5.55,中国顺势疗法医师：加班文化严重,China Homeopath: heavy overtime culture,AI综合评估 + O*NET/ILO/WHO锚点校准,2026-04-13,2026-04-13,2000-2026,350000
AGR-0711-CN-general,农业、资源与环境,AGR,环保,野生动物保护专家,Wildlife Conservation Specialist,2133,19-1023.00,东亚,中国,CN,country,general,本科/硕士,24-32,global,6.0,6.1,6.1,7.8,6.6,2.5,5.3,7.6,5.6,5.9,6.2,6.5,5.6,3.4,4.1,5.1,5.4,1.4,8.4,6.6,1.0,5.7,2.7,9.0,5.0,5.3,4.9,5.8,5.5,4.8,5.0,2.9,5.2,4.5,3,4,↑↑,2035+,5.55,中国野生动物保护专家：AI替代抗性强，加班文化严重，近年增长迅猛,"China Wildlife Conservation Specialist: strong AI resistance, heavy overtime culture, rapid recent growth",AI综合评估 + O*NET/ILO/OECD锚点校准,2026-04-13,2026-04-13,2000-2026,186000
TRA-0506-CN-general,交通运输与物流,TRA,物流管理,物流分析师,Logistics Analyst,2413,13-1081.01,东亚,中国,CN,country,general,本科,24-32,global,5.3,5.5,7.6,7.3,7.8,8.9,6.1,6.2,6.9,6.3,5.2,7.7,4.9,0.9,3.8,5.4,5.3,1.6,4.6,5.7,5.3,4.9,2.7,4.9,6.0,3.7,6.3,6.0,1.3,3.4,5.9,3.1,3.9,2.8,3,4,↑↑,2028-2033,5.55,中国物流分析师：加班文化严重，近年增长迅猛,"China Logistics Analyst: heavy overtime culture, rapid recent growth",AI综合评估 + O*NET/ILO/OECD锚点校准,2026-04-13,2026-04-13,2000-2026,335000
ART-0112-CN-general,文化、艺术与传媒,ART,影视制作,选角导演,Casting Director,2654,27-2012.04,东亚,中国,CN,country,general,本科,20-30,global,6.1,5.0,6.6,6.0,7.5,5.5,6.1,6.9,7.5,5.1,3.3,5.9,5.0,0.4,3.5,6.8,6.3,3.4,7.9,6.9,3.6,6.4,0.9,8.6,5.7,4.5,5.2,8.0,3.8,2.4,6.8,5.5,5.5,5.1,3,1,→,2035+,5.55,中国选角导演：AI替代抗性强，加班文化严重，就业波动大,"China Casting Director: strong AI resistance, heavy overtime culture, volatile employment",AI综合评估 + O*NET/ILO/OECD锚点校准,2026-04-13,2026-04-13,2000-2026,438000
ART-1501-CN-general,文化、艺术与传媒,ART,摄影,商业摄影师,Commercial Photographer,3431,27-4021.00,东亚,中国,CN,country,general,本科/专科,20-30,global,4.6,3.8,4.6,7.3,5.5,7.1,5.2,5.6,6.1,5.6,3.2,7.2,6.7,2.4,2.2,6.7,6.0,2.4,5.0,5.9,4.3,6.9,2.2,7.9,9.2,5.0,6.1,6.4,3.2,1.8,6.0,6.9,4.1,2.7,2,0,→,2028-2033,5.54,中国商业摄影师：加班文化严重，就业波动大,"China Commercial Photographer: heavy overtime culture, volatile employment",AI综合评估 + O*NET/ILO/OECD锚点校准,2026-04-13,2026-04-13,2000-2026,233000
TRA-0511-CN-general,交通运输与物流,TRA,物流管理,危险品运输管理员,Hazardous Materials Transport Manager,1324,53-1044.00,东亚,中国,CN,country,general,本科+危险品资格,25-35,global,4.8,3.7,6.6,6.7,7.8,7.9,5.7,5.9,6.9,6.8,6.6,5.5,5.2,1.1,3.5,6.2,5.0,1.7,6.1,5.7,3.9,5.7,3.2,5.3,5.6,5.5,5.2,6.0,3.5,6.8,6.5,2.7,4.5,3.0,3,3,↑,2032-2038,5.54,中国危险品运输管理员：加班文化严重,China Hazardous Materials Transport Manager: heavy overtime culture,AI综合评估 + O*NET/ILO/OECD锚点校准,2026-04-13,2026-04-13,2000-2026,335000
SVC-0507-CN-general,服务业与消费,SVC,家政照护,陪诊员,Medical Appointment Companion,5322,,东亚,中国,CN,country,general,高中/证书,20-40,regional,3.5,2.3,8.9,6.8,8.5,7.1,8.1,5.7,2.6,4.3,4.3,6.4,5.5,1.4,4.8,5.2,4.7,1.4,8.1,3.7,0.9,4.4,2.4,6.7,5.0,6.3,5.0,7.9,6.4,2.1,3.9,4.1,3.3,3.8,3,4,↑↑,2035+,5.54,中国陪诊员：薪资水平偏低，人才需求旺盛，AI替代抗性强,"China Medical Appointment Companion: relatively low pay, strong talent demand, strong AI resistance",AI综合评估 + O*NET/ILO/OECD锚点校准,2026-04-13,2026-04-13,2000-2026,48000
SVC-0704-CN-general,服务业与消费,SVC,殡葬,哀伤辅导师,Grief Counselor,2634,21-1013.00,东亚,中国,CN,country,general,本科/硕士,22-35,global,6.0,5.6,4.7,8.1,6.1,4.7,6.0,5.8,6.4,6.6,6.3,5.7,4.5,2.6,3.5,4.9,4.6,1.3,8.9,5.6,4.9,5.2,2.2,7.4,5.0,4.5,6.7,6.7,2.0,4.8,1.8,2.8,1.8,4.4,1,1,→,2035+,5.54,中国哀伤辅导师：AI替代抗性强，加班文化严重,"China Grief Counselor: strong AI resistance, heavy overtime culture",AI综合评估 + O*NET/ILO/OECD锚点校准,2026-04-13,2026-04-13,2000-2026,267000
AGR-0710-CN-general,农业、资源与环境,AGR,环保,土壤修复工程师,Soil Remediation Engineer,2143,17-2081.00,东亚,中国,CN,country,general,本科/硕士,24-32,global,6.3,5.8,6.0,7.6,5.8,5.7,6.5,6.8,6.9,6.1,6.0,5.3,5.4,2.4,4.0,5.9,5.7,1.2,6.9,5.6,1.2,5.7,4.1,8.1,4.8,6.2,5.0,6.4,5.4,5.2,4.2,2.5,4.3,4.3,3,4,↑↑,2032-2038,5.54,中国土壤修复工程师：加班文化严重，近年增长迅猛,"China Soil Remediation Engineer: heavy overtime culture, rapid recent growth",AI综合评估 + O*NET/ILO/OECD锚点校准,2026-04-13,2026-04-13,2000-2026,335000
ART-1604-CN-general,文化、艺术与传媒,ART,美术/纯艺术,装置艺术家,Installation Artist,2651,27-1013.00,东亚,中国,CN,country,general,本科/硕士,20-30,global,6.0,5.3,4.3,8.7,4.6,3.5,4.4,4.8,5.5,4.0,2.9,7.7,7.0,3.1,2.6,6.5,4.7,3.9,8.2,6.5,6.3,8.9,2.4,10.0,7.7,5.2,8.4,5.2,5.1,1.3,3.9,6.6,3.9,3.2,1,-1,→,2035+,5.54,中国装置艺术家：AI替代抗性强，加班文化严重，就业波动大,"China Installation Artist: strong AI resistance, heavy overtime culture, volatile employment",AI综合评估 + O*NET/ILO/OECD锚点校准,2026-04-13,2026-04-13,2000-2026,178000
SVC-0403-CN-general,服务业与消费,SVC,美容养生,注册营养师,Registered Dietitian,2265,29-1031.00,东亚,中国,CN,country,general,本科,24-32,global,6.1,6.8,7.1,7.0,7.4,8.2,6.5,4.6,5.4,4.6,6.1,6.7,5.8,0.9,3.0,6.2,5.4,2.1,6.2,6.6,4.1,5.9,2.9,7.4,8.0,6.6,5.8,7.8,6.1,5.4,4.4,5.7,3.6,3.0,3,3,↑,2032-2038,5.54,中国注册营养师：加班文化严重,China Registered Dietitian: heavy overtime culture,AI综合评估 + O*NET/ILO/OECD锚点校准,2026-04-13,2026-04-13,2000-2026,170000
AGR-0708-CN-general,农业、资源与环境,AGR,环保,水资源管理师,Water Resources Manager,2143,17-2081.00,东亚,中国,CN,country,general,本科/硕士,24-32,global,6.0,6.3,6.1,7.3,6.2,4.9,6.6,7.7,6.7,5.6,5.3,6.8,5.3,2.7,3.3,5.1,5.4,1.5,6.7,6.1,3.2,5.3,3.2,7.9,4.5,4.9,5.8,6.9,3.7,5.2,4.8,3.7,4.7,4.5,3,4,↑↑,2032-2038,5.54,中国水资源管理师：加班文化严重，近年增长迅猛,"China Water Resources Manager: heavy overtime culture, rapid recent growth",AI综合评估 + O*NET/ILO/OECD锚点校准,2026-04-13,2026-04-13,2000-2026,306000
SVC-0408-CN-general,服务业与消费,SVC,美容养生,皮肤管理师,Skin Care Specialist,5142,39-5094.00,东亚,中国,CN,country,general,专科/证书,20-30,global,4.3,3.3,8.3,7.3,7.4,7.7,6.2,4.9,5.3,4.9,5.2,6.9,5.3,0.5,2.8,6.3,5.2,2.2,7.2,5.2,0.8,4.7,2.0,7.8,8.0,5.7,6.0,7.8,6.2,3.4,4.9,6.1,2.6,3.4,3,4,↑↑,2032-2038,5.54,中国皮肤管理师：加班文化严重，近年增长迅猛,"China Skin Care Specialist: heavy overtime culture, rapid recent growth",AI综合评估 + O*NET/ILO/OECD锚点校准,2026-04-13,2026-04-13,2000-2026,163000
AGR-0702-CN-general,农业、资源与环境,AGR,环保,污水处理工程师,Wastewater Treatment Engineer,2143,17-2081.00,东亚,中国,CN,country,general,本科/硕士,24-32,global,6.1,6.0,6.9,7.8,6.0,5.9,6.3,7.5,6.4,6.6,5.0,5.8,6.1,2.7,4.3,5.1,5.2,1.3,6.2,6.1,1.9,5.0,3.2,7.1,5.1,6.4,5.6,6.1,4.7,5.3,4.1,2.9,4.9,4.7,3,4,↑↑,2032-2038,5.53,中国污水处理工程师：加班文化严重，近年增长迅猛,"China Wastewater Treatment Engineer: heavy overtime culture, rapid recent growth",AI综合评估 + O*NET/ILO/OECD锚点校准,2026-04-13,2026-04-13,2000-2026,267000
SKL-1003-CN-general,技术工种与手工业,SKL,工业维护,仪表维修技师,Instrument Maintenance Technician,7412,49-9062.00,东亚,中国,CN,country,general,职校/技校,20-28,global,4.9,4.5,7.0,6.9,8.0,8.8,7.3,6.6,5.5,5.6,7.1,4.9,4.1,2.1,3.6,5.9,5.0,1.8,6.5,4.8,0.5,5.5,2.7,6.4,5.7,2.9,6.4,5.0,4.2,4.0,4.7,4.8,4.9,3.2,2,2,↑,2032-2038,5.53,中国仪表维修技师：加班文化严重,China Instrument Maintenance Technician: heavy overtime culture,AI综合评估 + O*NET/ILO/OECD锚点校准,2026-04-13,2026-04-13,2000-2026,178000
ART-0212-CN-general,文化、艺术与传媒,ART,音乐产业,音乐治疗师(临床),Clinical Music Therapist,2652,29-1129.00,东亚,中国,CN,country,general,本科/专科,18-28,global,5.8,6.8,5.7,6.7,6.2,6.4,5.4,5.4,6.1,5.3,5.8,7.0,5.5,0.6,4.1,7.4,5.4,3.6,8.0,6.5,5.2,6.6,1.0,9.1,7.0,4.5,5.6,7.0,3.5,4.0,6.1,5.7,5.1,4.4,2,0,→,2035+,5.53,中国音乐治疗师(临床)：AI替代抗性强，加班文化严重,"China Clinical Music Therapist: strong AI resistance, heavy overtime culture",AI综合评估 + O*NET/ILO/OECD锚点校准,2026-04-13,2026-04-13,2000-2026,233000
SVC-1302-CN-general,服务业与消费,SVC,婚庆活动,司仪/婚礼主持人,Wedding Officiant / MC,2656,27-2011.00,东亚,中国,CN,country,general,专科,20-32,global,3.3,3.5,5.9,7.0,6.7,7.3,5.5,4.6,5.8,5.1,3.6,7.2,5.8,1.1,4.0,5.6,5.7,2.0,7.9,5.7,1.4,5.2,1.4,8.1,8.2,4.6,5.9,9.0,5.0,2.3,6.8,6.6,2.5,3.2,2,2,↑,2035+,5.53,中国司仪/婚礼主持人：AI替代抗性强，加班文化严重，就业波动大,"China Wedding Officiant / MC: strong AI resistance, heavy overtime culture, volatile employment",AI综合评估 + O*NET/ILO/OECD锚点校准,2026-04-13,2026-04-13,2000-2026,204000
ART-0205-CN-general,文化、艺术与传媒,ART,音乐产业,指挥,Orchestra Conductor,2652,27-2041.01,东亚,中国,CN,country,general,硕士,28-40,global,7.9,7.2,6.1,8.6,6.8,6.7,5.2,6.1,7.7,5.0,3.3,6.7,6.5,1.1,4.0,6.2,4.8,3.6,6.9,8.3,4.9,7.4,0.9,8.1,7.0,5.1,5.5,6.9,3.8,2.2,6.5,6.2,5.1,4.0,2,0,→,2032-2038,5.53,中国指挥：加班文化严重，就业波动大,"China Orchestra Conductor: heavy overtime culture, volatile employment",AI综合评估 + O*NET/ILO/OECD锚点校准,2026-04-13,2026-04-13,2000-2026,480000
TRA-0308-CN-general,交通运输与物流,TRA,铁路,铁路客运服务员,Railway Passenger Service Agent,5111,43-4181.00,东亚,中国,CN,country,general,高中/大专,18-28,global,3.1,2.6,6.3,7.8,8.4,8.7,6.6,7.1,4.2,7.0,9.0,7.0,4.7,1.4,2.0,5.1,5.4,1.3,5.9,6.3,0.0,3.7,1.9,6.1,3.4,5.1,5.5,8.0,3.2,2.6,4.7,1.7,3.3,7.1,2,2,↑,2028-2033,5.53,中国铁路客运服务员：薪资水平偏低，加班文化严重，就业稳定,"China Railway Passenger Service Agent: relatively low pay, heavy overtime culture, stable employment",AI综合评估 + O*NET/ILO/OECD锚点校准,2026-04-13,2026-04-13,2000-2026,99000
TRA-0706-CN-general,交通运输与物流,TRA,城市交通,交通信号技术员,Traffic Signal Technician,7412,49-2098.00,东亚,中国,CN,country,general,技校/大专,20-30,global,4.5,3.8,7.5,7.2,7.5,6.1,6.1,6.8,6.3,6.6,7.0,6.5,5.5,1.9,3.8,5.6,5.3,1.7,5.9,6.4,0.4,4.4,2.7,6.5,4.6,5.6,6.0,5.4,5.8,4.3,4.5,3.0,4.1,5.1,3,3,↑,2028-2033,5.53,中国交通信号技术员：加班文化严重,China Traffic Signal Technician: heavy overtime culture,AI综合评估 + O*NET/ILO/OECD锚点校准,2026-04-13,2026-04-13,2000-2026,255000
GOV-0504-CN-general,公共管理与公务员,GOV,国际组织,翻译/口译(国际组织),International Organization Translator/Interpreter,2643,27-3091.00,东亚,中国,CN,country,general,硕士,25-32,global,6.8,8.1,5.2,7.5,3.7,3.8,4.9,6.2,7.2,6.7,8.4,9.1,5.0,3.6,3.9,5.6,5.6,1.5,4.6,8.3,4.2,4.9,3.3,6.9,3.1,6.6,4.7,7.7,0.9,8.9,1.1,3.1,8.2,6.9,-1,-1,→,2028-2033,5.53,中国翻译/口译(国际组织)：就业稳定,China International Organization Translator/Interpreter: stable employment,AI综合评估 + O*NET/ILO/OECD锚点校准,2026-04-13,2026-04-13,2000-2026,383000
SKL-1002-CN-general,技术工种与手工业,SKL,工业维护,液压系统维修工,Hydraulic Systems Technician,7233,49-9041.00,东亚,中国,CN,country,general,职校/技校,20-28,global,4.7,2.9,7.2,7.3,7.2,7.2,7.1,6.4,7.0,6.7,6.6,3.9,3.6,1.9,3.3,5.1,4.8,1.5,6.5,5.0,0.7,5.5,2.7,6.3,5.7,2.8,6.1,4.8,6.3,4.4,4.2,4.2,4.5,3.2,2,2,↑,2032-2038,5.52,中国液压系统维修工：加班文化严重,China Hydraulic Systems Technician: heavy overtime culture,AI综合评估 + O*NET/ILO/OECD锚点校准,2026-04-13,2026-04-13,2000-2026,350000
SKL-1007-CN-general,技术工种与手工业,SKL,工业维护,电池回收技术员,Battery Recycling Technician,7233,51-9199.00,东亚,中国,CN,country,general,职校/技校,20-28,global,4.2,3.2,8.3,7.2,7.4,6.1,7.0,6.8,5.9,5.6,7.8,3.4,3.7,1.6,4.1,5.3,5.6,1.2,6.6,4.4,0.0,4.7,3.2,6.6,5.4,2.2,5.5,4.7,6.5,3.7,4.5,5.4,4.1,3.0,3,4,↑↑,2032-2038,5.52,中国电池回收技术员：加班文化严重，就业稳定，近年增长迅猛,"China Battery Recycling Technician: heavy overtime culture, stable employment, rapid recent growth",AI综合评估 + O*NET/ILO/OECD锚点校准,2026-04-13,2026-04-13,2000-2026,213000
SKL-1006-CN-general,技术工种与手工业,SKL,工业维护,自动售货机维修工,Vending Machine Technician,7233,49-9091.00,东亚,中国,CN,country,general,职校/技校,20-28,global,4.3,3.5,7.4,7.3,7.8,7.7,6.5,7.1,5.2,6.4,7.4,5.0,4.9,1.7,3.3,5.9,4.8,1.2,6.0,5.0,0.0,5.7,2.2,6.4,5.7,3.2,6.1,4.8,5.7,4.4,4.6,5.0,4.1,3.4,2,2,↑,2032-2038,5.52,中国自动售货机维修工：加班文化严重,China Vending Machine Technician: heavy overtime culture,AI综合评估 + O*NET/ILO/OECD锚点校准,2026-04-13,2026-04-13,2000-2026,156000
ART-0122-CN-general,文化、艺术与传媒,ART,影视制作,后期制作总监,Post-production Supervisor,2654,27-4032.00,东亚,中国,CN,country,general,本科,20-30,global,5.6,4.9,6.4,5.6,7.2,7.7,6.5,6.8,8.0,5.1,2.8,5.9,6.0,0.2,3.5,6.0,5.7,2.9,6.4,6.4,6.2,6.7,0.4,8.0,5.7,5.4,5.0,6.5,4.3,1.7,7.6,5.1,5.7,4.9,3,1,→,2032-2038,5.52,中国后期制作总监：薪资回报高，加班文化严重，就业波动大,"China Post-production Supervisor: high compensation, heavy overtime culture, volatile employment",AI综合评估 + O*NET/ILO/OECD锚点校准,2026-04-13,2026-04-13,2000-2026,549000
TRA-0902-CN-general,交通运输与物流,TRA,太空运输,航天任务控制员,Mission Control Specialist,3154,53-2021.00,东亚,中国,CN,country,general,硕士+航天培训,26-38,global,7.6,7.9,9.1,5.8,5.3,3.7,9.3,10.0,8.8,5.6,5.2,8.4,3.9,1.2,3.0,4.9,4.8,2.2,7.5,8.7,1.9,5.4,1.6,9.3,5.5,4.1,3.1,5.9,2.5,7.2,5.6,0.5,5.7,8.5,4,5,↑↑,2032-2038,5.52,中国航天任务控制员：薪资回报高，人才需求旺盛，AI替代抗性强,"China Mission Control Specialist: high compensation, strong talent demand, strong AI resistance",AI综合评估 + O*NET/ILO/OECD锚点校准,2026-04-13,2026-04-13,2000-2026,787000
SVC-0509-CN-general,服务业与消费,SVC,家政照护,宠物训练师,Pet/Dog Trainer,5164,39-2011.00,东亚,中国,CN,country,general,高中/证书,20-40,global,4.6,2.6,7.9,6.5,9.1,6.3,8.3,5.9,4.5,3.9,3.1,6.2,4.2,1.6,4.8,5.3,4.1,1.5,8.8,3.4,0.3,4.0,1.9,6.8,7.2,6.3,5.3,7.3,5.4,1.7,3.6,3.5,3.9,3.4,3,4,↑↑,2035+,5.52,中国宠物训练师：薪资水平偏低，人才需求旺盛，AI替代抗性强,"China Pet/Dog Trainer: relatively low pay, strong talent demand, strong AI resistance",AI综合评估 + O*NET/ILO/OECD锚点校准,2026-04-13,2026-04-13,2000-2026,114000
SVC-1301-CN-general,服务业与消费,SVC,婚庆活动,婚礼策划师,Wedding Planner,3332,13-1121.00,东亚,中国,CN,country,general,专科,20-32,global,3.3,3.3,5.7,6.5,6.5,6.8,5.6,4.8,4.6,5.0,3.7,6.9,6.2,0.7,4.0,6.2,6.3,1.9,7.5,5.7,1.1,7.2,1.9,7.5,8.6,5.8,5.5,8.8,4.5,1.8,7.6,4.7,4.1,3.8,2,2,↑,2035+,5.52,中国婚礼策划师：AI替代抗性强，加班文化严重，就业波动大,"China Wedding Planner: strong AI resistance, heavy overtime culture, volatile employment",AI综合评估 + O*NET/ILO/OECD锚点校准,2026-04-13,2026-04-13,2000-2026,119000
ART-0105-CN-general,文化、艺术与传媒,ART,影视制作,摄影指导,Cinematographer / Director of Photography,2654,27-4031.00,东亚,中国,CN,country,general,本科,20-30,global,6.8,5.0,6.4,6.1,7.5,7.9,6.5,6.5,8.2,5.3,3.2,6.0,4.8,1.1,3.3,6.1,6.0,3.2,7.6,7.3,3.0,6.2,1.4,7.8,6.4,4.5,5.2,6.9,4.5,2.2,6.6,4.9,4.8,5.1,3,1,→,2035+,5.52,中国摄影指导：薪资回报高，AI替代抗性强，加班文化严重,"China Cinematographer / Director of Photography: high compensation, strong AI resistance, heavy overtime culture",AI综合评估 + O*NET/ILO/OECD锚点校准,2026-04-13,2026-04-13,2000-2026,601000
SVC-0504-CN-general,服务业与消费,SVC,家政照护,家庭教师,Home Tutor,2353,25-3098.00,东亚,中国,CN,country,general,本科,20-40,global,4.8,5.4,8.0,6.5,8.4,8.8,8.2,6.1,4.7,4.4,4.3,6.2,5.2,0.9,4.2,5.4,4.2,1.7,6.2,4.9,5.1,3.4,1.9,6.7,5.2,5.3,5.4,7.5,1.7,1.5,3.5,4.3,2.9,3.4,3,4,↑↑,2032-2038,5.51,中国家庭教师：人才需求旺盛，加班文化严重，近年增长迅猛,"China Home Tutor: strong talent demand, heavy overtime culture, rapid recent growth",AI综合评估 + O*NET/ILO/OECD锚点校准,2026-04-13,2026-04-13,2000-2026,124000
SKL-0509-CN-general,技术工种与手工业,SKL,汽车维修,柴油机技师,Diesel Mechanic,7231,49-3031.00,东亚,中国,CN,country,general,职校/学徒,18-25,global,3.9,3.3,6.1,7.6,6.8,7.2,6.5,7.2,6.1,6.2,6.3,4.2,4.9,0.9,2.8,5.1,5.2,1.4,7.1,4.6,0.0,5.7,2.7,6.5,7.1,1.6,5.9,6.8,6.6,3.8,5.3,7.4,3.8,2.8,2,1,→,2032-2038,5.51,中国柴油机技师：加班文化严重,China Diesel Mechanic: heavy overtime culture,AI综合评估 + O*NET/ILO/OECD锚点校准,2026-04-13,2026-04-13,2000-2026,233000
ART-0106-CN-general,文化、艺术与传媒,ART,影视制作,剪辑师,Film/Video Editor,2654,27-4032.00,东亚,中国,CN,country,general,本科,20-30,global,5.6,5.3,6.2,6.4,6.9,7.1,5.7,6.3,7.4,5.6,2.8,6.2,5.9,1.4,3.5,6.7,5.5,3.1,5.3,6.7,6.7,6.7,1.8,8.2,6.3,3.7,4.4,6.8,3.7,1.5,6.5,4.9,5.8,4.5,3,1,→,2028-2033,5.51,中国剪辑师：加班文化严重，就业波动大,"China Film/Video Editor: heavy overtime culture, volatile employment",AI综合评估 + O*NET/ILO/OECD锚点校准,2026-04-13,2026-04-13,2000-2026,419000
ART-1605-CN-general,文化、艺术与传媒,ART,美术/纯艺术,行为艺术家,Performance Artist,2655,27-2011.00,东亚,中国,CN,country,general,本科/硕士,20-30,global,6.3,5.3,4.9,9.3,4.6,3.2,4.2,4.8,3.7,4.7,2.8,7.9,6.8,2.6,2.2,5.5,4.7,4.4,9.5,6.9,5.7,9.2,3.5,9.3,8.0,5.1,8.0,5.2,5.8,0.7,4.2,7.0,4.3,3.6,1,-1,→,2035+,5.51,中国行为艺术家：薪资水平偏低，AI替代抗性强，加班文化严重,"China Performance Artist: relatively low pay, strong AI resistance, heavy overtime culture",AI综合评估 + O*NET/ILO/OECD锚点校准,2026-04-13,2026-04-13,2000-2026,79000
SKL-1001-CN-general,技术工种与手工业,SKL,工业维护,工业机械维修工,Industrial Machinery Mechanic,7233,49-9041.00,东亚,中国,CN,country,general,职校/技校,20-28,global,4.5,3.2,6.3,7.0,7.0,8.6,8.3,6.6,6.4,6.5,7.5,4.2,3.8,1.8,3.8,6.1,4.8,1.7,6.5,4.8,0.0,4.7,2.9,5.7,5.6,2.9,5.7,5.0,6.8,4.1,4.2,4.4,4.1,3.2,2,2,↑,2032-2038,5.51,中国工业机械维修工：人才需求旺盛，加班文化严重，就业稳定,"China Industrial Machinery Mechanic: strong talent demand, heavy overtime culture, stable employment",AI综合评估 + O*NET/ILO/OECD锚点校准,2026-04-13,2026-04-13,2000-2026,267000
MED-1007-CN-general,医疗与健康,MED,医学影像与检验,MRI技师,MRI Technologist,3211,29-2035.00,东亚,中国,CN,country,general,大专/本科,20-24,global,6.4,5.2,6.8,7.6,8.6,9.8,7.4,4.9,6.0,5.6,8.3,7.1,3.6,0.5,3.4,4.8,5.3,0.9,5.3,5.2,1.9,3.6,3.3,6.3,4.2,5.9,5.7,5.6,3.4,5.3,1.7,3.5,4.5,4.0,2,3,↑,2028-2033,5.51,中国MRI技师：加班文化严重，就业稳定,"China MRI Technologist: heavy overtime culture, stable employment",AI综合评估 + O*NET/ILO/WHO锚点校准,2026-04-13,2026-04-13,2000-2026,223000
SVC-0510-CN-general,服务业与消费,SVC,家政照护,家庭收纳师,Professional Home Organizer,5152,,东亚,中国,CN,country,general,高中/证书,20-40,global,3.8,2.8,8.4,6.9,9.3,5.1,8.4,6.0,4.5,4.4,3.3,6.4,5.3,1.2,4.8,4.5,4.7,1.7,7.1,3.9,0.9,3.9,2.0,6.3,8.8,5.6,4.7,7.6,4.8,2.3,3.2,3.5,3.7,3.6,3,3,↑,2032-2038,5.51,中国家庭收纳师：薪资水平偏低，人才需求旺盛，加班文化严重,"China Professional Home Organizer: relatively low pay, strong talent demand, heavy overtime culture",AI综合评估 + O*NET/ILO/OECD锚点校准,2026-04-13,2026-04-13,2000-2026,114000
ART-0102-CN-general,文化、艺术与传媒,ART,影视制作,编剧,Screenwriter,2641,27-3043.00,东亚,中国,CN,country,general,本科,20-30,global,5.5,5.1,7.1,6.3,6.5,7.9,5.4,6.4,7.3,5.0,3.5,5.7,4.7,0.2,3.3,6.8,6.3,2.8,4.9,7.0,6.8,8.0,0.4,8.7,6.1,5.1,4.8,6.9,3.7,2.3,7.4,5.5,5.6,4.7,3,1,→,2028-2033,5.51,中国编剧：加班文化严重，就业波动大,"China Screenwriter: heavy overtime culture, volatile employment",AI综合评估 + O*NET/ILO/OECD锚点校准,2026-04-13,2026-04-13,2000-2026,401000
TRA-0106-CN-general,交通运输与物流,TRA,航空,飞行签派员,Flight Dispatcher,3154,53-2022.00,东亚,中国,CN,country,general,本科/专业培训,22-30,global,5.6,6.6,6.1,6.8,8.0,7.9,7.7,8.2,7.1,6.9,5.4,5.2,5.0,2.4,3.1,5.2,5.4,1.2,5.2,8.8,2.1,5.2,2.2,7.9,3.1,3.0,4.0,6.7,1.8,6.7,7.4,1.8,7.1,5.1,2,2,↑,2028-2033,5.51,中国飞行签派员：人才需求旺盛，加班文化严重,"China Flight Dispatcher: strong talent demand, heavy overtime culture",AI综合评估 + O*NET/ILO/OECD锚点校准,2026-04-13,2026-04-13,2000-2026,366000
EDU-0306-CN-general,教育与学术,EDU,职业培训,飞行教官,Flight Instructor,3153,25-3021.00,东亚,中国,CN,country,general,飞行执照+培训资质,25-35,global,8.4,5.3,4.8,6.7,6.2,5.8,7.2,7.9,6.2,6.1,7.5,5.5,3.0,1.2,3.1,3.5,4.4,0.6,8.4,8.6,1.8,7.1,2.0,8.4,5.8,3.2,4.9,6.5,4.5,9.3,4.7,4.8,5.8,4.2,2,2,↑,2035+,5.51,中国飞行教官：AI替代抗性强，加班文化严重，就业稳定,"China Flight Instructor: strong AI resistance, heavy overtime culture, stable employment",AI综合评估 + O*NET/ILO/UNESCO锚点校准,2026-04-13,2026-04-13,2000-2026,244000
SVC-0310-CN-general,服务业与消费,SVC,零售,直播电商运营,Livestream E-commerce Operator,2431,,东亚,中国,CN,country,general,高中/专科,18-30,regional,3.1,2.8,9.7,6.8,7.3,8.8,5.6,4.1,6.8,3.8,3.8,7.2,5.8,1.7,3.3,5.8,6.1,1.4,5.5,3.9,5.3,3.4,1.4,5.1,8.3,5.0,4.8,7.7,4.4,1.8,6.0,4.6,2.4,3.7,0,5,↑↑,2028-2033,5.51,中国直播电商运营：加班文化严重，就业波动大，近年增长迅猛,"China Livestream E-commerce Operator: heavy overtime culture, volatile employment, rapid recent growth",AI综合评估 + O*NET/ILO/OECD锚点校准,2026-04-13,2026-04-13,2000-2026,320000
TRA-0305-CN-general,交通运输与物流,TRA,铁路,列车长/车务员,Train Conductor,8311,53-4031.00,东亚,中国,CN,country,general,高中/大专,20-28,global,3.8,2.6,7.1,7.7,7.5,8.9,7.2,7.2,4.3,6.7,8.0,6.2,5.1,1.6,3.3,5.3,4.9,1.4,5.5,6.5,0.3,4.2,2.9,6.1,2.6,4.4,5.5,7.4,4.0,4.7,4.5,2.7,3.5,6.3,2,2,↑,2028-2033,5.5,中国列车长/车务员：薪资水平偏低，加班文化严重，就业稳定,"China Train Conductor: relatively low pay, heavy overtime culture, stable employment",AI综合评估 + O*NET/ILO/OECD锚点校准,2026-04-13,2026-04-13,2000-2026,104000
SVC-0701-CN-general,服务业与消费,SVC,殡葬,殡葬师/殡仪馆主任,Funeral Director / Mortician,5163,39-4031.00,东亚,中国,CN,country,general,专科/证书,22-35,global,4.3,3.8,4.5,8.0,5.9,4.3,6.3,6.1,6.7,6.3,7.3,5.9,4.8,2.1,2.9,4.6,4.2,0.7,8.6,5.5,0.6,5.1,2.9,6.2,6.5,5.3,6.3,7.0,4.7,5.4,2.1,2.2,2.5,5.4,1,1,→,2035+,5.5,中国殡葬师/殡仪馆主任：AI替代抗性强，加班文化严重,"China Funeral Director / Mortician: strong AI resistance, heavy overtime culture",AI综合评估 + O*NET/ILO/OECD锚点校准,2026-04-13,2026-04-13,2000-2026,306000
ART-0118-CN-general,文化、艺术与传媒,ART,影视制作,调色师,Colorist,2654,27-4032.00,东亚,中国,CN,country,general,本科,20-30,global,5.9,5.0,6.8,5.8,7.7,6.0,5.7,5.9,7.5,6.0,3.5,6.0,4.7,0.2,4.3,6.2,5.7,3.1,5.8,6.9,6.3,6.2,1.6,8.8,5.9,4.5,4.6,7.4,3.8,2.3,7.6,5.8,5.2,4.9,3,1,→,2028-2033,5.5,中国调色师：加班文化严重，就业波动大,"China Colorist: heavy overtime culture, volatile employment",AI综合评估 + O*NET/ILO/OECD锚点校准,2026-04-13,2026-04-13,2000-2026,438000
SKL-0302-CN-general,技术工种与手工业,SKL,焊接,TIG焊工,TIG Welder,7212,51-4121.00,东亚,中国,CN,country,general,职校/短期培训,18-25,global,4.8,2.6,6.0,6.5,7.0,8.3,8.2,6.8,8.4,6.7,5.8,2.9,2.9,1.9,3.6,5.9,5.4,1.5,6.6,5.4,0.4,5.2,2.0,6.6,5.7,0.7,5.5,4.9,7.7,4.5,5.7,5.5,5.1,3.3,2,2,↑,2032-2038,5.5,中国TIG焊工：薪资回报高，人才需求旺盛，加班文化严重,"China TIG Welder: high compensation, strong talent demand, heavy overtime culture",AI综合评估 + O*NET/ILO/OECD锚点校准,2026-04-13,2026-04-13,2000-2026,657000
TRA-0105-CN-general,交通运输与物流,TRA,航空,飞机维修工程师,Aircraft Maintenance Engineer,7232,49-3011.00,东亚,中国,CN,country,general,大专/本科+执照,20-28,global,8.1,6.6,6.7,7.0,7.4,7.7,8.1,7.3,7.2,7.1,6.6,5.4,5.1,1.1,4.0,5.9,5.5,1.5,7.0,8.4,0.0,4.7,1.7,8.5,3.9,2.9,4.1,5.7,6.5,7.5,6.7,2.2,7.9,4.6,2,2,↑,2032-2038,5.5,中国飞机维修工程师：人才需求旺盛，加班文化严重,"China Aircraft Maintenance Engineer: strong talent demand, heavy overtime culture",AI综合评估 + O*NET/ILO/OECD锚点校准,2026-04-13,2026-04-13,2000-2026,383000
SVC-0410-CN-general,服务业与消费,SVC,美容养生,游泳教练,Swimming Coach / Instructor,3423,39-9031.00,东亚,中国,CN,country,general,专科/证书,20-30,global,4.8,3.9,7.6,7.1,7.7,8.0,6.0,4.5,4.6,5.9,4.3,6.2,5.7,0.4,3.6,6.5,5.6,2.2,7.7,4.5,1.9,5.5,2.4,7.0,7.6,6.0,5.8,7.2,5.2,3.5,6.1,5.9,3.2,3.2,3,3,↑,2035+,5.5,中国游泳教练：AI替代抗性强，加班文化严重,"China Swimming Coach / Instructor: strong AI resistance, heavy overtime culture",AI综合评估 + O*NET/ILO/OECD锚点校准,2026-04-13,2026-04-13,2000-2026,119000
SKL-0702-CN-general,技术工种与手工业,SKL,传统手工艺,裁缝,Tailor / Dressmaker,7531,51-6052.00,东亚,中国,CN,country,general,师徒制/自学,16-30,global,5.3,3.2,4.1,8.5,4.9,6.6,3.9,5.0,4.6,5.3,4.5,5.4,4.1,3.0,5.1,3.9,4.1,1.7,7.9,6.2,1.3,6.7,4.0,8.0,7.1,6.6,7.3,6.5,3.5,1.8,3.9,6.4,3.1,1.5,0,1,→,2035+,5.5,中国裁缝：供过于求，AI替代抗性强，加班文化严重,"China Tailor / Dressmaker: oversupply of talent, strong AI resistance, heavy overtime culture",AI综合评估 + O*NET/ILO/OECD锚点校准,2026-04-13,2026-04-13,2000-2026,119000
TRA-0113-CN-general,交通运输与物流,TRA,航空,飞行教官(民航),Certified Flight Instructor,3153,25-3021.00,东亚,中国,CN,country,general,ATPL+教官资格,28-40,global,7.3,6.6,7.1,6.7,7.8,6.1,7.7,8.1,6.4,6.8,5.8,4.9,5.1,1.4,3.8,5.2,5.5,1.3,8.1,7.5,0.0,4.5,1.6,8.2,5.3,2.9,4.6,8.0,3.3,9.1,6.6,1.4,7.9,5.1,2,2,↑,2035+,5.5,中国飞行教官(民航)：人才需求旺盛，AI替代抗性强，加班文化严重,"China Certified Flight Instructor: strong talent demand, strong AI resistance, heavy overtime culture",AI综合评估 + O*NET/ILO/OECD锚点校准,2026-04-13,2026-04-13,2000-2026,267000
MED-0129-CN-general,医疗与健康,MED,临床医学,新生儿科医生,Neonatologist,2212,29-1221.00,东亚,中国,CN,country,general,博士/医学学位,28-35,global,9.1,9.0,7.2,8.5,9.0,9.5,7.5,6.4,7.7,5.3,8.0,5.9,4.3,0.0,0.0,5.8,4.5,2.2,6.9,8.7,1.7,5.8,0.0,8.5,6.4,4.0,7.0,8.2,5.3,9.6,1.6,3.2,4.7,3.3,3,3,↑,2032-2038,5.5,中国新生儿科医生：人才需求旺盛，加班文化严重，就业稳定,"China Neonatologist: strong talent demand, heavy overtime culture, stable employment",AI综合评估 + O*NET/ILO/WHO锚点校准,2026-04-13,2026-04-13,2000-2026,480000
SKL-0807-CN-general,技术工种与手工业,SKL,美发美容技术,假发制作师,Wig Maker,5141,39-5012.00,东亚,中国,CN,country,general,职校/短期培训,18-25,global,4.5,1.6,5.5,6.8,6.7,3.6,5.4,4.4,4.2,5.6,5.0,6.2,5.2,2.2,3.5,4.2,4.2,2.1,9.1,4.0,0.0,7.0,3.7,7.1,8.6,6.4,6.3,5.5,3.7,3.3,3.9,7.1,3.4,1.4,2,2,↑,2035+,5.5,中国假发制作师：薪资水平偏低，AI替代抗性强，加班文化严重,"China Wig Maker: relatively low pay, strong AI resistance, heavy overtime culture",AI综合评估 + O*NET/ILO/OECD锚点校准,2026-04-13,2026-04-13,2000-2026,99000
SKL-0707-CN-general,技术工种与手工业,SKL,传统手工艺,玻璃工匠,Glassblower / Glass Artisan,7315,51-9195.00,东亚,中国,CN,country,general,师徒制/自学,16-30,global,6.0,3.0,3.7,8.0,5.1,4.0,5.2,5.5,4.8,5.4,5.3,3.2,4.9,2.4,5.1,4.1,3.1,2.1,9.1,6.2,2.6,7.0,4.0,9.6,8.1,4.1,7.5,4.7,5.3,2.1,3.8,6.3,3.8,1.9,0,0,→,2035+,5.5,中国玻璃工匠：AI替代抗性强，加班文化严重,"China Glassblower / Glass Artisan: strong AI resistance, heavy overtime culture",AI综合评估 + O*NET/ILO/OECD锚点校准,2026-04-13,2026-04-13,2000-2026,130000
GOV-0404-CN-general,公共管理与公务员,GOV,事业单位/公共机构,气象预报员,Meteorologist,2112,19-2021.00,东亚,中国,CN,country,general,硕士/博士,24-30,global,6.7,7.6,5.0,9.0,4.6,4.8,6.9,5.9,6.5,5.4,10.0,9.4,6.2,3.6,3.9,4.2,4.2,1.8,5.2,7.7,4.0,4.9,4.8,6.9,1.6,4.5,6.8,4.6,1.8,8.6,0.3,2.4,5.9,7.3,1,3,↑,2028-2033,5.5,中国气象预报员：就业稳定,China Meteorologist: stable employment,AI综合评估 + O*NET/ILO/OECD锚点校准,2026-04-13,2026-04-13,2000-2026,280000
SVC-1102-CN-general,服务业与消费,SVC,客户服务,客服经理,Customer Service Manager,1439,11-9199.00,东亚,中国,CN,country,general,本科,28-38,global,2.8,3.8,4.9,6.2,6.9,9.8,6.5,3.7,5.8,4.9,5.3,7.9,6.7,0.6,5.3,5.7,6.3,1.7,4.9,5.4,6.1,5.6,2.9,3.5,3.6,5.8,4.8,8.1,1.7,1.3,5.0,3.9,3.3,4.2,-1,-1,→,2028-2033,5.49,中国客服经理：加班文化严重,China Customer Service Manager: heavy overtime culture,AI综合评估 + O*NET/ILO/OECD锚点校准,2026-04-13,2026-04-13,2000-2026,204000
TRA-0703-CN-general,交通运输与物流,TRA,城市交通,停车场管理员,Parking Manager / Attendant,5419,53-6021.00,东亚,中国,CN,country,general,无要求,18-40,global,1.9,1.9,6.9,6.5,7.5,7.0,6.3,7.3,4.2,6.8,6.1,7.2,5.4,2.1,3.3,5.8,5.5,1.4,2.9,3.3,3.7,5.4,3.2,6.5,4.2,5.4,5.1,5.4,4.3,1.3,3.9,3.1,3.5,5.2,3,3,↑,2025-2028,5.49,中国停车场管理员：薪资水平偏低，AI替代风险较高，加班文化严重,"China Parking Manager / Attendant: relatively low pay, high AI displacement risk, heavy overtime culture",AI综合评估 + O*NET/ILO/OECD锚点校准,2026-04-13,2026-04-13,2000-2026,99000
TRA-0302-CN-general,交通运输与物流,TRA,铁路,铁路调度员,Railway Dispatcher,4323,43-5032.00,东亚,中国,CN,country,general,大专/本科,20-28,global,5.7,5.2,6.7,8.2,8.2,9.0,7.2,7.3,6.0,7.1,8.1,7.4,4.1,2.2,3.1,5.1,4.8,1.0,5.8,5.9,0.4,4.0,2.2,6.7,3.1,4.3,5.3,5.7,2.2,5.7,4.9,1.9,3.7,6.3,2,2,↑,2028-2033,5.48,中国铁路调度员：加班文化严重，就业稳定,"China Railway Dispatcher: heavy overtime culture, stable employment",AI综合评估 + O*NET/ILO/OECD锚点校准,2026-04-13,2026-04-13,2000-2026,223000
SKL-0502-CN-general,技术工种与手工业,SKL,汽车维修,汽车钣金工,Auto Body Repairer,7213,49-3021.00,东亚,中国,CN,country,general,职校/学徒,18-25,global,4.0,3.0,5.5,7.3,6.8,8.1,6.1,6.8,4.7,7.1,5.8,4.2,4.3,1.5,2.8,4.7,4.6,1.8,7.6,5.2,0.8,6.1,2.9,6.9,7.3,2.6,6.3,6.5,7.1,4.4,5.4,7.2,3.8,2.4,2,2,↑,2035+,5.48,中国汽车钣金工：AI替代抗性强，加班文化严重,"China Auto Body Repairer: strong AI resistance, heavy overtime culture",AI综合评估 + O*NET/ILO/OECD锚点校准,2026-04-13,2026-04-13,2000-2026,124000
ART-0116-CN-general,文化、艺术与传媒,ART,影视制作,电视导演,Television Director,2654,27-2012.00,东亚,中国,CN,country,general,本科,20-30,global,5.3,5.4,6.9,6.0,6.9,8.1,5.7,6.8,7.6,4.8,4.2,6.2,5.0,1.1,3.3,5.9,5.7,3.2,6.4,7.5,3.3,5.9,1.2,8.7,5.9,4.6,5.2,7.1,4.3,2.1,6.7,4.9,4.9,5.2,3,1,→,2032-2038,5.48,中国电视导演：加班文化严重,China Television Director: heavy overtime culture,AI综合评估 + O*NET/ILO/OECD锚点校准,2026-04-13,2026-04-13,2000-2026,459000
GOV-0604-CN-general,公共管理与公务员,GOV,军事,军医,Military Physician,2212,29-1216.00,东亚,中国,CN,country,general,医学本科+,24-30,global,9.4,9.7,5.2,8.5,5.5,4.9,7.0,6.6,9.6,5.4,10.0,5.8,4.4,3.2,2.4,6.5,6.7,1.5,7.7,10.0,1.2,4.3,0.9,8.6,2.6,5.0,5.1,7.5,4.7,10.0,0.2,1.5,4.8,9.3,0,2,↑,2035+,5.48,中国军医：薪资回报高，AI替代抗性强，加班文化严重,"China Military Physician: high compensation, strong AI resistance, heavy overtime culture",AI综合评估 + O*NET/ILO/OECD锚点校准,2026-04-13,2026-04-13,2000-2026,1128000
SKL-0709-CN-general,技术工种与手工业,SKL,传统手工艺,编织工艺师,Weaver / Textile Artisan,7318,51-6063.00,东亚,中国,CN,country,general,师徒制/自学,16-30,global,5.6,2.5,3.5,8.6,5.3,5.3,3.6,5.3,4.1,4.5,5.5,5.7,4.9,2.9,4.0,4.6,3.5,1.7,9.4,6.2,2.0,7.2,4.4,8.0,6.9,5.5,6.9,5.0,4.2,2.0,4.7,6.8,2.9,2.3,0,0,→,2035+,5.48,中国编织工艺师：薪资水平偏低，供过于求，AI替代抗性强,"China Weaver / Textile Artisan: relatively low pay, oversupply of talent, strong AI resistance",AI综合评估 + O*NET/ILO/OECD锚点校准,2026-04-13,2026-04-13,2000-2026,95000
TRA-0211-CN-general,交通运输与物流,TRA,航海,船舶代理人,Ship Broker / Shipping Agent,3331,43-5011.01,东亚,中国,CN,country,general,本科,25-35,global,4.8,5.1,5.6,7.8,7.7,8.4,7.4,7.3,8.5,7.1,5.3,4.4,3.7,0.7,2.1,4.1,4.6,1.8,4.9,6.4,3.6,4.5,2.9,6.6,7.6,2.5,5.1,8.1,2.3,5.1,7.4,1.3,7.4,4.3,1,1,→,2028-2033,5.48,中国船舶代理人：薪资回报高，加班文化严重,"China Ship Broker / Shipping Agent: high compensation, heavy overtime culture",AI综合评估 + O*NET/ILO/OECD锚点校准,2026-04-13,2026-04-13,2000-2026,687000
SKL-0304-CN-general,技术工种与手工业,SKL,焊接,焊接检验员,Welding Inspector,7212,51-4121.00,东亚,中国,CN,country,general,职校/短期培训,18-25,global,5.5,4.8,6.8,6.8,7.4,7.9,7.2,6.6,7.0,5.7,5.0,6.0,2.7,2.1,3.8,6.1,5.6,1.3,7.2,5.8,1.7,4.4,2.0,5.7,6.1,1.4,5.1,5.2,3.9,6.1,6.3,5.1,5.9,2.6,2,2,↑,2032-2038,5.48,中国焊接检验员：加班文化严重,China Welding Inspector: heavy overtime culture,AI综合评估 + O*NET/ILO/OECD锚点校准,2026-04-13,2026-04-13,2000-2026,350000
LAW-0110-CN-general,法律与社会服务,LAW,律师各专业,医疗纠纷律师,Medical Malpractice Lawyer,2611,23-1011.00,东亚,中国,CN,country,general,法学博士/硕士,26-32,global,8.4,8.6,5.9,8.0,6.4,4.8,5.9,4.7,8.8,6.3,5.5,8.6,4.9,1.7,2.4,6.4,5.0,2.5,7.0,8.8,3.6,5.7,1.7,6.0,7.1,5.8,6.8,7.2,0.6,8.5,3.1,2.6,4.1,2.9,2,1,→,2032-2038,5.47,中国医疗纠纷律师：薪资回报高，加班文化严重,"China Medical Malpractice Lawyer: high compensation, heavy overtime culture",AI综合评估 + O*NET/ILO/OECD锚点校准,2026-04-13,2026-04-13,2000-2026,787000
SVC-0314-CN-general,服务业与消费,SVC,零售,花店经营者,Florist / Flower Shop Owner,5243,27-1023.00,东亚,中国,CN,country,general,高中/专科,18-30,global,2.8,3.4,5.5,6.5,7.8,9.9,5.4,4.1,3.8,5.0,4.2,7.2,6.0,1.6,4.0,5.9,6.1,1.7,7.2,4.3,2.3,8.1,0.9,6.8,9.0,5.5,5.5,7.5,4.7,1.6,6.2,4.4,2.0,4.5,0,0,→,2032-2038,5.47,中国花店经营者：薪资水平偏低，加班文化严重,"China Florist / Flower Shop Owner: relatively low pay, heavy overtime culture",AI综合评估 + O*NET/ILO/OECD锚点校准,2026-04-13,2026-04-13,2000-2026,83000
MED-1001-CN-general,医疗与健康,MED,医学影像与检验,放射技师,Radiologic Technologist,3211,29-2034.00,东亚,中国,CN,country,general,大专/本科,20-24,global,5.9,5.3,6.6,7.7,7.9,9.8,6.9,5.8,5.8,6.5,7.9,6.7,3.1,0.8,3.1,4.9,5.2,0.7,4.5,5.8,1.1,4.6,3.4,5.5,3.3,6.2,5.9,5.4,3.8,5.4,1.4,2.5,4.8,2.9,2,2,↑,2028-2033,5.47,中国放射技师：加班文化严重，就业稳定,"China Radiologic Technologist: heavy overtime culture, stable employment",AI综合评估 + O*NET/ILO/WHO锚点校准,2026-04-13,2026-04-13,2000-2026,204000
ART-1602-CN-general,文化、艺术与传媒,ART,美术/纯艺术,雕塑家,Sculptor,2651,27-1013.00,东亚,中国,CN,country,general,本科/硕士,20-30,global,5.7,5.8,4.3,9.0,4.7,4.2,4.2,4.6,4.9,3.6,2.8,7.7,7.5,3.1,2.3,6.4,5.0,4.1,8.2,6.9,5.4,8.1,3.8,9.9,7.2,5.0,7.4,4.7,5.8,1.3,3.9,6.8,5.1,3.6,1,-1,→,2035+,5.47,中国雕塑家：AI替代抗性强，加班文化严重，就业波动大,"China Sculptor: strong AI resistance, heavy overtime culture, volatile employment",AI综合评估 + O*NET/ILO/OECD锚点校准,2026-04-13,2026-04-13,2000-2026,136000
SVC-1412-CN-general,服务业与消费,SVC,休闲娱乐,电子竞技赛事运营,Esports Event Organizer,3332,13-1121.00,东亚,中国,CN,country,general,专科/证书,20-32,global,4.1,3.2,8.3,6.7,7.1,6.2,6.0,4.6,6.2,5.4,3.9,5.2,5.7,0.4,3.3,5.5,5.7,1.8,6.2,4.8,4.0,4.8,1.5,7.2,6.8,5.8,5.7,8.0,3.0,2.8,6.5,5.3,3.9,3.3,2,4,↑↑,2032-2038,5.47,中国电子竞技赛事运营：加班文化严重，就业波动大，近年增长迅猛,"China Esports Event Organizer: heavy overtime culture, volatile employment, rapid recent growth",AI综合评估 + O*NET/ILO/OECD锚点校准,2026-04-13,2026-04-13,2000-2026,244000
TRA-0110-CN-general,交通运输与物流,TRA,航空,机务人员,Aircraft Mechanic,7232,49-3011.00,东亚,中国,CN,country,general,技校/大专,20-28,global,6.1,4.9,6.2,7.0,7.8,8.1,7.5,7.9,6.5,6.3,6.6,5.7,5.4,2.1,4.1,4.9,4.6,1.4,7.3,8.0,0.0,4.5,1.4,8.3,3.1,3.9,4.3,6.0,7.3,6.6,7.2,1.2,6.9,5.3,2,2,↑,2032-2038,5.47,中国机务人员：人才需求旺盛，加班文化严重,"China Aircraft Mechanic: strong talent demand, heavy overtime culture",AI综合评估 + O*NET/ILO/OECD锚点校准,2026-04-13,2026-04-13,2000-2026,280000
SKL-0501-CN-general,技术工种与手工业,SKL,汽车维修,汽车维修技师,Automotive Mechanic / Technician,7231,49-3023.00,东亚,中国,CN,country,general,职校/学徒,18-25,global,4.1,2.6,5.5,7.6,6.8,7.8,5.6,7.0,5.0,5.6,6.5,4.7,4.5,0.9,4.3,5.3,5.2,1.3,6.7,4.2,0.8,5.5,2.4,6.9,8.3,1.0,6.7,6.8,6.7,3.7,5.8,7.3,3.8,2.6,2,2,↑,2032-2038,5.47,中国汽车维修技师：加班文化严重,China Automotive Mechanic / Technician: heavy overtime culture,AI综合评估 + O*NET/ILO/OECD锚点校准,2026-04-13,2026-04-13,2000-2026,142000
ART-0123-CN-general,文化、艺术与传媒,ART,影视制作,影视发行人,Film Distribution Executive,1349,11-2011.00,东亚,中国,CN,country,general,本科,30-40,global,5.8,4.7,6.2,6.3,6.7,7.1,5.9,6.3,8.6,4.8,3.5,6.0,4.8,0.9,3.6,6.4,5.3,2.9,5.9,7.7,2.8,5.9,1.7,8.6,7.2,5.2,5.0,7.5,4.0,2.3,7.5,4.6,4.9,4.5,3,1,→,2028-2033,5.47,中国影视发行人：薪资回报高，加班文化严重，就业波动大,"China Film Distribution Executive: high compensation, heavy overtime culture, volatile employment",AI综合评估 + O*NET/ILO/OECD锚点校准,2026-04-13,2026-04-13,2000-2026,719000
EDU-0203-CN-general,教育与学术,EDU,高等教育,博士后研究员,Postdoctoral Researcher,2310,25-1099.00,东亚,中国,CN,country,general,博士,27-35,global,9.3,9.8,6.2,4.8,7.5,5.8,5.6,5.9,5.4,4.4,5.8,9.7,4.0,0.6,1.3,6.9,6.2,1.6,8.0,8.4,8.1,6.9,2.4,7.2,4.6,3.7,3.7,6.1,1.7,9.3,2.7,5.8,7.8,3.9,2,1,→,2035+,5.47,中国博士后研究员：AI替代抗性强，加班文化严重,"China Postdoctoral Researcher: strong AI resistance, heavy overtime culture",AI综合评估 + O*NET/ILO/UNESCO锚点校准,2026-04-13,2026-04-13,2000-2026,170000
ART-0120-CN-general,文化、艺术与传媒,ART,影视制作,动作导演/武术指导,Action Director / Stunt Coordinator,2654,27-2012.00,东亚,中国,CN,country,general,本科,20-35,global,5.3,5.3,6.6,4.7,6.9,7.7,5.9,6.1,8.0,4.6,3.0,4.2,5.4,0.9,2.9,5.7,5.4,2.8,8.9,6.9,4.2,6.2,1.7,8.2,6.7,5.1,4.4,7.3,8.3,2.1,6.8,4.9,5.7,5.3,3,1,→,2035+,5.47,中国动作导演/武术指导：薪资回报高，AI替代抗性强，加班文化严重,"China Action Director / Stunt Coordinator: high compensation, strong AI resistance, heavy overtime culture",AI综合评估 + O*NET/ILO/OECD锚点校准,2026-04-13,2026-04-13,2000-2026,549000
AGR-0109-CN-general,农业、资源与环境,AGR,种植,种子研究员,Seed Researcher / Plant Breeder,2132,19-1013.00,东亚,中国,CN,country,general,硕士/博士,26-35,global,7.8,8.6,6.5,7.2,6.5,9.9,6.4,8.2,8.2,5.3,5.5,5.3,4.0,0.1,3.0,4.0,3.5,1.9,6.7,7.3,2.6,7.0,2.9,7.8,6.8,4.5,6.6,3.8,3.3,1.0,7.9,3.0,5.5,2.5,0,0,→,2032-2038,5.47,中国种子研究员：薪资回报高，加班文化严重,"China Seed Researcher / Plant Breeder: high compensation, heavy overtime culture",AI综合评估 + O*NET/ILO/OECD锚点校准,2026-04-13,2026-04-13,2000-2026,601000
SKL-0711-CN-general,技术工种与手工业,SKL,传统手工艺,烟斗工匠,Pipe Maker,7319,51-9199.00,东亚,中国,CN,country,general,师徒制/自学,16-30,global,5.7,2.5,3.7,8.6,4.3,3.3,4.9,5.7,4.4,4.6,5.2,5.9,4.9,2.2,4.0,4.8,3.5,1.8,9.0,6.0,2.0,7.7,3.3,8.7,7.3,4.7,7.2,5.5,4.5,2.1,4.8,7.0,3.1,1.9,0,0,→,2035+,5.47,中国烟斗工匠：薪资水平偏低，AI替代抗性强，加班文化严重,"China Pipe Maker: relatively low pay, strong AI resistance, heavy overtime culture",AI综合评估 + O*NET/ILO/OECD锚点校准,2026-04-13,2026-04-13,2000-2026,109000
LAW-0119-CN-general,法律与社会服务,LAW,律师各专业,航空法律师,Aviation Lawyer,2611,23-1011.00,东亚,中国,CN,country,general,法学博士/硕士,26-32,global,8.3,8.0,5.7,8.1,4.8,2.8,6.5,6.4,8.7,6.4,5.3,8.6,5.2,2.5,2.9,5.3,3.8,1.5,6.7,8.2,5.3,5.9,3.0,5.7,6.0,4.2,6.0,6.6,0.1,9.1,5.8,1.7,7.4,4.8,2,1,→,2032-2038,5.47,中国航空法律师：薪资回报高，加班文化严重,"China Aviation Lawyer: high compensation, heavy overtime culture",AI综合评估 + O*NET/ILO/OECD锚点校准,2026-04-13,2026-04-13,2000-2026,752000
GOV-0804-CN-general,公共管理与公务员,GOV,消防应急,灾害救援协调员,Disaster Relief Coordinator,5419,13-1061.00,东亚,中国,CN,country,general,本科/硕士,25-35,global,5.5,6.7,5.7,8.0,5.3,4.8,6.4,5.6,6.3,5.2,8.4,6.3,4.5,2.1,3.2,6.2,5.1,1.8,7.0,8.5,2.5,5.4,1.1,8.4,2.3,5.3,4.7,8.2,4.5,7.3,2.6,2.2,7.2,6.3,2,3,↑,2032-2038,5.46,中国灾害救援协调员：加班文化严重，就业稳定,"China Disaster Relief Coordinator: heavy overtime culture, stable employment",AI综合评估 + O*NET/ILO/OECD锚点校准,2026-04-13,2026-04-13,2000-2026,255000
EDU-0208-CN-general,教育与学术,EDU,高等教育,大学兼职讲师/客座教授,Adjunct / Visiting Professor,2310,25-1099.00,东亚,中国,CN,country,general,博士,30-45,global,8.6,8.5,4.5,6.4,7.5,6.9,4.2,4.7,5.3,4.3,4.3,9.7,4.9,1.5,2.0,7.0,5.3,2.2,7.1,7.7,7.6,6.9,2.7,6.9,5.1,5.6,7.1,7.1,1.5,8.1,3.1,7.0,7.8,3.4,2,1,→,2032-2038,5.46,中国大学兼职讲师/客座教授：加班文化严重,China Adjunct / Visiting Professor: heavy overtime culture,AI综合评估 + O*NET/ILO/UNESCO锚点校准,2026-04-13,2026-04-13,2000-2026,163000
ART-1301-CN-general,文化、艺术与传媒,ART,图书馆信息,图书馆员,Librarian,2622,25-4022.00,东亚,中国,CN,country,general,硕士,24-30,global,5.0,6.1,4.0,9.0,4.6,5.1,4.0,5.0,5.1,5.8,8.3,8.7,7.0,4.2,1.3,6.2,4.8,0.4,4.2,6.1,3.7,4.4,5.4,7.5,2.4,5.5,7.3,6.2,1.0,2.5,2.7,3.0,3.8,3.8,1,-1,→,2026-2030,5.46,中国图书馆员：供过于求，就业稳定,"China Librarian: oversupply of talent, stable employment",AI综合评估 + O*NET/ILO/OECD锚点校准,2026-04-13,2026-04-13,2000-2026,149000
MED-1204-CN-general,医疗与健康,MED,兽医学,动物急诊兽医,Emergency Veterinarian,2250,29-1131.00,东亚,中国,CN,country,general,博士/兽医学位,26-30,global,7.9,7.2,6.2,7.1,7.9,7.6,8.5,6.1,6.5,5.4,7.5,5.7,4.0,0.0,0.4,4.4,4.2,1.8,8.0,7.2,1.8,6.4,0.4,8.5,7.6,6.0,6.3,6.0,6.0,7.9,2.7,4.5,4.8,3.2,3,4,↑↑,2035+,5.46,中国动物急诊兽医：人才需求旺盛，AI替代抗性强，加班文化严重,"China Emergency Veterinarian: strong talent demand, strong AI resistance, heavy overtime culture",AI综合评估 + O*NET/ILO/WHO锚点校准,2026-04-13,2026-04-13,2000-2026,280000
SVC-0502-CN-general,服务业与消费,SVC,家政照护,月嫂/产后护理师,Maternity Nurse / Postpartum Doula,5321,31-1131.00,东亚,中国,CN,country,general,高中/证书,20-40,regional,4.1,2.7,8.3,6.8,8.9,7.4,8.7,6.7,4.7,3.9,3.2,6.4,4.3,0.5,4.8,4.3,4.1,1.6,9.1,4.5,0.6,3.8,2.0,7.1,4.4,1.9,4.7,7.5,6.1,2.3,4.0,4.1,3.9,3.9,3,4,↑↑,2035+,5.46,中国月嫂/产后护理师：人才需求旺盛，AI替代抗性强，加班文化严重,"China Maternity Nurse / Postpartum Doula: strong talent demand, strong AI resistance, heavy overtime culture",AI综合评估 + O*NET/ILO/OECD锚点校准,2026-04-13,2026-04-13,2000-2026,124000
MED-1006-CN-general,医疗与健康,MED,医学影像与检验,心电图技师,Electrocardiograph Technician,3211,29-2031.00,东亚,中国,CN,country,general,大专,20-24,global,3.7,4.4,6.6,7.5,7.6,9.7,7.2,5.4,4.2,6.4,7.7,6.9,3.6,1.7,3.3,5.5,4.8,1.2,3.7,5.6,1.6,3.9,2.9,6.7,4.3,6.5,6.1,5.6,3.8,4.5,1.5,2.7,4.3,3.4,2,1,→,2026-2030,5.46,中国心电图技师：薪资水平偏低，AI替代风险较高，加班文化严重,"China Electrocardiograph Technician: relatively low pay, high AI displacement risk, heavy overtime culture",AI综合评估 + O*NET/ILO/WHO锚点校准,2026-04-13,2026-04-13,2000-2026,99000
TRA-0306-CN-general,交通运输与物流,TRA,铁路,地铁运营员,Metro Operations Staff,8311,53-4011.00,东亚,中国,CN,country,general,高中/技校,20-28,global,4.0,3.9,7.1,7.8,7.4,8.7,7.0,7.1,5.9,6.3,9.1,6.9,4.7,2.4,2.8,5.7,5.4,0.9,5.4,5.9,0.0,4.0,1.7,5.7,3.0,4.6,5.5,5.0,3.8,5.6,4.4,1.9,3.6,6.9,2,2,↑,2028-2033,5.46,中国地铁运营员：加班文化严重，就业稳定,"China Metro Operations Staff: heavy overtime culture, stable employment",AI综合评估 + O*NET/ILO/OECD锚点校准,2026-04-13,2026-04-13,2000-2026,213000
SKL-0508-CN-general,技术工种与手工业,SKL,汽车维修,汽车空调维修技师,Automotive AC Technician,7231,49-3023.00,东亚,中国,CN,country,general,职校/学徒,18-25,global,3.6,2.7,6.3,7.2,6.2,8.4,5.9,6.5,5.6,6.4,5.8,4.9,4.4,1.7,3.8,4.9,5.2,1.6,6.5,5.0,0.4,5.7,2.0,6.9,7.9,1.8,6.3,6.0,6.9,4.8,6.0,7.0,4.2,2.9,2,2,↑,2032-2038,5.46,中国汽车空调维修技师：加班文化严重,China Automotive AC Technician: heavy overtime culture,AI综合评估 + O*NET/ILO/OECD锚点校准,2026-04-13,2026-04-13,2000-2026,186000
TRA-0101-CN-general,交通运输与物流,TRA,航空,民航飞行员,Commercial Airline Pilot,3153,53-2011.00,东亚,中国,CN,country,general,航校/本科+ATPL,23-32,global,9.1,7.6,6.7,6.8,7.6,7.4,7.8,7.3,10.0,7.1,5.5,4.4,5.4,2.1,3.8,5.2,5.4,1.7,6.7,9.6,0.1,5.7,0.0,8.2,2.9,3.2,4.9,6.0,3.7,9.5,7.4,1.8,8.6,5.3,2,2,↑,2032-2038,5.45,中国民航飞行员：薪资回报高，人才需求旺盛，加班文化严重,"China Commercial Airline Pilot: high compensation, strong talent demand, heavy overtime culture",AI综合评估 + O*NET/ILO/OECD锚点校准,2026-04-13,2026-04-13,2000-2026,1350000
ART-1603-CN-general,文化、艺术与传媒,ART,美术/纯艺术,版画家,Printmaker,2651,27-1013.00,东亚,中国,CN,country,general,本科/硕士,20-30,global,6.6,5.5,4.7,9.4,4.9,3.0,4.2,5.4,4.9,3.8,2.1,8.2,7.0,2.4,2.3,5.3,4.3,3.9,8.0,6.7,6.0,7.9,3.9,9.7,7.9,5.0,8.2,4.9,3.6,0.7,4.2,6.4,4.7,3.6,1,-1,→,2035+,5.45,中国版画家：AI替代抗性强，加班文化严重，就业波动大,"China Printmaker: strong AI resistance, heavy overtime culture, volatile employment",AI综合评估 + O*NET/ILO/OECD锚点校准,2026-04-13,2026-04-13,2000-2026,136000
LAW-0105-CN-general,法律与社会服务,LAW,律师各专业,家庭法律师,Family Lawyer,2611,23-1011.00,东亚,中国,CN,country,general,法学博士/硕士,25-30,global,7.0,7.1,5.3,8.0,6.7,7.5,5.5,3.7,6.8,5.1,5.3,7.4,4.5,3.5,2.8,5.8,5.0,3.0,7.1,7.4,5.3,5.2,2.7,6.7,6.9,5.7,6.8,9.0,1.0,8.6,1.6,3.1,3.6,3.2,1,0,→,2032-2038,5.45,中国家庭法律师：加班文化严重,China Family Lawyer: heavy overtime culture,AI综合评估 + O*NET/ILO/OECD锚点校准,2026-04-13,2026-04-13,2000-2026,320000
SKL-0507-CN-general,技术工种与手工业,SKL,汽车维修,轮胎技师,Tire Technician,7231,49-3093.00,东亚,中国,CN,country,general,职校/学徒,18-25,global,1.7,1.2,5.7,6.6,5.9,7.4,5.5,5.9,4.5,6.9,6.5,4.7,3.6,1.9,4.1,4.7,4.2,1.6,7.1,2.9,0.0,5.9,3.2,7.1,7.9,2.7,6.3,6.2,7.3,3.9,5.9,6.9,4.0,3.0,2,2,↑,2032-2038,5.44,中国轮胎技师：薪资水平偏低，加班文化严重,"China Tire Technician: relatively low pay, heavy overtime culture",AI综合评估 + O*NET/ILO/OECD锚点校准,2026-04-13,2026-04-13,2000-2026,114000
SKL-0305-CN-general,技术工种与手工业,SKL,焊接,管道焊工,Pipe Welder,7212,51-4121.00,东亚,中国,CN,country,general,职校/短期培训,18-25,global,4.3,3.0,7.0,6.8,6.8,8.5,8.4,7.6,8.1,5.9,5.3,2.7,3.2,2.1,2.8,5.5,5.2,1.5,7.2,4.2,0.2,4.5,2.9,6.5,5.7,1.9,5.1,5.1,7.8,5.9,6.6,4.9,4.9,3.3,2,2,↑,2032-2038,5.44,中国管道焊工：薪资回报高，人才需求旺盛，加班文化严重,"China Pipe Welder: high compensation, strong talent demand, heavy overtime culture",AI综合评估 + O*NET/ILO/OECD锚点校准,2026-04-13,2026-04-13,2000-2026,574000
SVC-0112-CN-general,服务业与消费,SVC,餐饮,行政总厨,Executive Chef,3434,35-1011.00,东亚,中国,CN,country,general,专科/职校,30-40,global,7.1,3.2,5.3,7.4,6.0,7.4,6.4,5.0,7.3,4.6,5.3,5.4,4.9,0.0,3.9,6.3,5.6,2.8,7.0,7.3,1.5,7.2,2.0,6.7,8.7,5.4,5.7,7.3,7.3,2.7,5.6,5.2,4.0,4.2,2,2,↑,2032-2038,5.44,中国行政总厨：加班文化严重,China Executive Chef: heavy overtime culture,AI综合评估 + O*NET/ILO/OECD锚点校准,2026-04-13,2026-04-13,2000-2026,401000
SKL-0708-CN-general,技术工种与手工业,SKL,传统手工艺,皮革工匠,Leather Worker / Saddler,7536,51-6041.00,东亚,中国,CN,country,general,师徒制/自学,16-30,global,5.2,3.0,4.1,8.2,4.1,5.2,4.9,5.5,5.2,4.4,4.8,6.0,4.9,2.2,5.1,4.5,3.7,1.8,9.1,5.5,0.8,7.2,3.4,7.7,8.4,3.8,7.7,5.0,4.4,1.8,4.9,6.8,2.7,2.5,0,0,→,2035+,5.44,中国皮革工匠：AI替代抗性强，加班文化严重,"China Leather Worker / Saddler: strong AI resistance, heavy overtime culture",AI综合评估 + O*NET/ILO/OECD锚点校准,2026-04-13,2026-04-13,2000-2026,156000
ART-0201-CN-general,文化、艺术与传媒,ART,音乐产业,歌手,Singer / Vocalist,2652,27-2042.00,东亚,中国,CN,country,general,本科/专科,18-28,global,6.4,5.3,5.7,5.5,7.0,7.0,5.6,6.2,7.1,4.1,1.6,6.7,6.0,0.9,4.4,6.7,5.1,3.8,7.2,8.0,4.4,6.8,1.3,9.4,6.6,3.6,5.5,7.0,3.5,2.1,6.9,5.6,6.1,3.8,2,0,→,2032-2038,5.44,中国歌手：加班文化严重，就业波动大,"China Singer / Vocalist: heavy overtime culture, volatile employment",AI综合评估 + O*NET/ILO/OECD锚点校准,2026-04-13,2026-04-13,2000-2026,366000
ART-0109-CN-general,文化、艺术与传媒,ART,影视制作,美术指导(影视),Production Designer,2166,27-1027.00,东亚,中国,CN,country,general,本科,20-30,global,5.6,5.0,6.6,6.0,7.0,7.7,5.7,6.2,7.1,4.8,4.0,6.2,6.0,0.0,4.3,6.1,5.5,2.8,6.9,6.8,3.9,5.5,1.2,8.3,5.9,4.2,4.8,7.0,4.0,2.3,6.8,5.3,5.3,5.5,3,1,→,2032-2038,5.44,中国美术指导(影视)：加班文化严重，就业波动大,"China Production Designer: heavy overtime culture, volatile employment",AI综合评估 + O*NET/ILO/OECD锚点校准,2026-04-13,2026-04-13,2000-2026,366000
EDU-0304-CN-general,教育与学术,EDU,职业培训,驾校教练,Driving Instructor,5165,25-3021.00,东亚,中国,CN,country,general,高中/大专+驾照,25-40,global,2.3,2.6,3.0,7.8,7.6,9.0,5.0,4.4,4.0,5.3,8.8,6.5,3.2,2.7,3.8,2.2,4.2,1.4,7.4,4.1,2.2,6.6,3.5,5.2,7.0,4.4,6.6,7.5,3.9,5.0,2.6,6.4,1.1,2.4,0,-1,→,2032-2038,5.44,中国驾校教练：薪资水平偏低，加班文化严重，就业稳定,"China Driving Instructor: relatively low pay, heavy overtime culture, stable employment",AI综合评估 + O*NET/ILO/UNESCO锚点校准,2026-04-13,2026-04-13,2000-2026,91000
AGR-0706-CN-general,农业、资源与环境,AGR,环保,空气质量分析师,Air Quality Analyst,2133,19-2041.01,东亚,中国,CN,country,general,本科/硕士,24-32,global,6.3,5.7,6.3,7.5,6.1,5.3,5.6,7.2,6.3,6.6,5.0,6.5,4.6,2.8,3.5,6.1,5.0,1.3,5.6,6.0,3.0,5.5,4.2,7.3,5.0,4.6,5.2,6.1,3.3,5.6,4.7,3.0,4.6,3.9,3,4,↑↑,2028-2033,5.44,中国空气质量分析师：加班文化严重，近年增长迅猛,"China Air Quality Analyst: heavy overtime culture, rapid recent growth",AI综合评估 + O*NET/ILO/OECD锚点校准,2026-04-13,2026-04-13,2000-2026,255000
TRA-0109-CN-general,交通运输与物流,TRA,航空,航空地勤,Airport Ground Crew,5111,53-2031.00,东亚,中国,CN,country,general,高中,18-30,global,2.4,2.6,7.3,5.6,7.4,7.4,7.7,8.3,3.7,7.6,5.7,5.9,4.7,1.1,3.3,5.2,5.0,1.6,4.8,4.8,0.7,6.0,1.5,7.9,3.6,3.3,4.5,6.3,7.9,2.3,7.1,2.2,7.9,4.5,2,2,↑,2028-2033,5.44,中国航空地勤：薪资水平偏低，人才需求旺盛，加班文化严重,"China Airport Ground Crew: relatively low pay, strong talent demand, heavy overtime culture",AI综合评估 + O*NET/ILO/OECD锚点校准,2026-04-13,2026-04-13,2000-2026,79000
ART-0214-CN-general,文化、艺术与传媒,ART,音乐产业,乐器调律师,Piano/Instrument Tuner,7312,49-9063.00,东亚,中国,CN,country,general,本科/专科,18-28,global,5.3,5.4,6.1,9.4,6.3,5.2,6.0,6.1,4.6,4.3,2.1,7.2,5.7,0.4,4.0,6.6,5.6,3.7,8.4,6.3,3.5,6.2,0.9,8.5,7.6,4.9,5.5,7.2,3.2,1.7,6.1,5.4,5.3,4.4,2,0,→,2035+,5.44,中国乐器调律师：AI替代抗性强，加班文化严重，就业波动大,"China Piano/Instrument Tuner: strong AI resistance, heavy overtime culture, volatile employment",AI综合评估 + O*NET/ILO/OECD锚点校准,2026-04-13,2026-04-13,2000-2026,119000
SKL-0409-CN-general,技术工种与手工业,SKL,机械加工,3D打印技术员,3D Printing Technician / Additive Manufacturing,7223,51-4041.00,东亚,中国,CN,country,general,职校/技校,18-25,global,4.4,3.5,8.2,7.5,7.1,5.9,7.9,5.8,6.4,6.2,6.8,5.9,4.6,2.1,3.0,5.2,4.7,1.3,5.0,4.6,0.8,5.4,3.5,6.4,5.3,2.4,5.8,4.5,4.3,3.3,6.5,3.8,4.3,4.0,4,5,↑↑,2028-2033,5.44,中国3D打印技术员：人才需求旺盛，加班文化严重，近年增长迅猛,"China 3D Printing Technician / Additive Manufacturing: strong talent demand, heavy overtime culture, rapid recent growth",AI综合评估 + O*NET/ILO/OECD锚点校准,2026-04-13,2026-04-13,2000-2026,267000
SVC-1304-CN-general,服务业与消费,SVC,婚庆活动,婚礼花艺师,Wedding Florist,3432,27-1023.00,东亚,中国,CN,country,general,专科,20-32,global,3.6,3.3,6.3,6.7,6.5,7.0,5.5,5.0,4.5,5.1,3.3,6.7,6.5,0.0,3.7,6.2,5.3,2.2,8.4,5.1,1.4,6.2,1.9,7.8,7.9,5.8,5.5,8.5,4.7,1.7,7.7,4.7,3.5,3.8,2,2,↑,2035+,5.44,中国婚礼花艺师：薪资水平偏低，AI替代抗性强，加班文化严重,"China Wedding Florist: relatively low pay, strong AI resistance, heavy overtime culture",AI综合评估 + O*NET/ILO/OECD锚点校准,2026-04-13,2026-04-13,2000-2026,114000
SVC-0603-CN-general,服务业与消费,SVC,平台零工,自由职业者平台接单,Freelancer (Fiverr/Upwork/etc.),2514,15-1252.00,东亚,中国,CN,country,general,无要求,18-40,global,4.0,3.8,8.4,4.8,10.0,10.0,6.3,3.1,5.2,3.5,1.3,5.7,4.5,0.5,3.0,8.0,5.4,1.8,5.4,3.2,8.6,6.3,2.2,4.6,7.0,5.0,4.8,4.8,1.8,1.0,6.0,7.8,5.5,2.9,4,4,↑↑,2028-2033,5.44,中国自由职业者平台接单：远程友好度高，加班文化严重，就业波动大,"China Freelancer (Fiverr/Upwork/etc.): highly remote-friendly, heavy overtime culture, volatile employment",AI综合评估 + O*NET/ILO/OECD锚点校准,2026-04-13,2026-04-13,2000-2026,156000
ART-0113-CN-general,文化、艺术与传媒,ART,影视制作,特技演员,Stunt Performer,2655,27-2011.00,东亚,中国,CN,country,general,本科,18-28,global,5.9,5.3,6.2,3.5,7.2,7.9,6.3,6.5,6.7,5.0,3.8,3.7,4.8,1.1,4.4,6.2,5.7,2.8,9.4,6.1,3.7,6.4,1.4,8.3,6.8,4.3,4.4,6.6,9.0,2.0,6.7,5.3,5.5,4.9,3,1,→,2035+,5.44,中国特技演员：AI替代抗性强，加班文化严重，就业波动大,"China Stunt Performer: strong AI resistance, heavy overtime culture, volatile employment",AI综合评估 + O*NET/ILO/OECD锚点校准,2026-04-13,2026-04-13,2000-2026,306000
ART-1206-CN-general,文化、艺术与传媒,ART,会展,舞台搭建工,Stagehand / Set Builder,7119,27-4012.00,东亚,中国,CN,country,general,高中/大专,18-30,global,3.4,3.1,5.5,7.3,6.5,6.4,5.7,6.6,4.3,5.8,4.5,5.9,5.7,1.3,3.5,6.2,6.0,1.9,6.5,3.4,3.6,5.9,2.7,6.5,6.4,4.5,5.9,7.1,7.8,2.3,6.8,5.3,5.4,3.9,3,1,→,2032-2038,5.43,中国舞台搭建工：薪资水平偏低，加班文化严重,"China Stagehand / Set Builder: relatively low pay, heavy overtime culture",AI综合评估 + O*NET/ILO/OECD锚点校准,2026-04-13,2026-04-13,2000-2026,104000
GOV-0101-CN-general,公共管理与公务员,GOV,中央/联邦公务员,中央政府公务员,Central Government Civil Servant,1112,11-1031.00,东亚,中国,CN,country,general,本科/硕士,22-30,global,6.6,7.6,5.0,9.5,5.3,7.2,4.5,4.0,4.9,6.0,10.0,9.2,7.2,5.3,4.8,6.0,4.1,2.7,6.6,9.9,2.7,3.6,4.4,6.6,1.6,5.0,7.2,6.7,1.0,9.2,0.7,1.5,2.8,7.6,0,1,→,2032-2038,5.43,中国中央政府公务员：就业稳定,China Central Government Civil Servant: stable employment,AI综合评估 + O*NET/ILO/OECD锚点校准,2026-04-13,2026-04-13,2000-2026,136000
SKL-0308-CN-general,技术工种与手工业,SKL,焊接,铝焊工,Aluminum Welder,7212,51-4121.00,东亚,中国,CN,country,general,职校/短期培训,18-25,global,5.1,3.0,7.2,6.4,7.6,6.0,7.5,6.3,7.2,5.9,6.3,3.2,2.9,2.2,4.0,5.7,5.2,1.2,7.0,4.8,0.7,5.5,1.9,6.4,5.0,1.0,5.7,5.5,8.2,5.2,6.0,4.9,5.7,2.7,2,2,↑,2032-2038,5.43,中国铝焊工：人才需求旺盛，加班文化严重,"China Aluminum Welder: strong talent demand, heavy overtime culture",AI综合评估 + O*NET/ILO/OECD锚点校准,2026-04-13,2026-04-13,2000-2026,383000
SVC-0406-CN-general,服务业与消费,SVC,美容养生,普拉提教练,Pilates Instructor,3423,39-9031.00,东亚,中国,CN,country,general,专科/证书,20-30,global,4.9,3.8,7.2,6.8,7.3,5.9,6.4,5.1,5.7,4.7,4.3,6.7,5.4,0.9,3.6,5.3,5.8,1.9,7.4,4.9,0.5,5.0,1.9,6.8,8.5,6.1,5.4,7.5,5.0,3.4,5.4,5.7,3.3,3.0,3,3,↑,2032-2038,5.43,中国普拉提教练：加班文化严重,China Pilates Instructor: heavy overtime culture,AI综合评估 + O*NET/ILO/OECD锚点校准,2026-04-13,2026-04-13,2000-2026,195000
SVC-0201-CN-general,服务业与消费,SVC,酒店旅游,酒店总经理,Hotel General Manager,1411,11-9081.00,东亚,中国,CN,country,general,本科,30-40,global,4.6,6.1,4.9,8.3,5.9,7.0,5.5,5.1,6.9,4.0,6.5,6.2,5.9,0.4,3.8,6.5,5.1,2.2,6.7,7.6,1.0,7.0,0.9,6.3,7.5,5.3,4.7,8.3,5.0,2.3,8.1,4.1,7.1,4.4,2,2,↑,2032-2038,5.43,中国酒店总经理：加班文化严重,China Hotel General Manager: heavy overtime culture,AI综合评估 + O*NET/ILO/OECD锚点校准,2026-04-13,2026-04-13,2000-2026,335000
LAW-0607-CN-general,法律与社会服务,LAW,社会工作,社会政策分析师,Social Policy Analyst,2632,19-3094.00,东亚,中国,CN,country,general,硕士/博士,24-30,global,6.7,7.1,4.7,8.1,3.3,2.8,4.6,4.7,5.4,4.6,5.0,9.5,6.2,3.9,4.8,7.1,5.8,1.5,6.4,6.5,5.9,5.4,2.9,7.4,4.3,6.0,5.8,7.3,0.5,6.6,2.4,3.7,5.7,4.9,2,1,→,2032-2038,5.42,中国社会政策分析师：发展平稳,China Social Policy Analyst: steady development,AI综合评估 + O*NET/ILO/OECD锚点校准,2026-04-13,2026-04-13,2000-2026,170000
MED-1002-CN-general,医疗与健康,MED,医学影像与检验,医学检验技师,Medical Laboratory Technologist,3212,29-2011.00,东亚,中国,CN,country,general,大专/本科,20-24,global,5.5,5.9,6.8,7.6,7.6,10.0,6.6,5.6,5.8,5.7,8.3,7.9,4.0,1.2,2.6,4.8,4.9,0.8,4.5,6.0,0.9,4.1,2.9,5.7,3.9,5.3,6.3,5.2,3.6,5.3,1.2,2.9,4.3,3.6,2,2,↑,2028-2033,5.42,中国医学检验技师：加班文化严重，就业稳定,"China Medical Laboratory Technologist: heavy overtime culture, stable employment",AI综合评估 + O*NET/ILO/WHO锚点校准,2026-04-13,2026-04-13,2000-2026,204000
ART-0204-CN-general,文化、艺术与传媒,ART,音乐产业,录音工程师,Recording Engineer,3521,27-4014.00,东亚,中国,CN,country,general,本科/专科,18-28,global,6.6,5.0,6.1,6.8,6.0,7.2,5.2,6.4,7.0,4.9,3.1,6.7,5.5,1.4,3.3,7.0,5.0,3.6,6.8,6.9,3.6,6.9,0.9,8.6,6.1,4.8,5.5,6.6,2.3,2.3,6.7,6.5,5.1,4.6,2,0,→,2032-2038,5.42,中国录音工程师：加班文化严重，就业波动大,"China Recording Engineer: heavy overtime culture, volatile employment",AI综合评估 + O*NET/ILO/OECD锚点校准,2026-04-13,2026-04-13,2000-2026,350000
GOV-0102-CN-general,公共管理与公务员,GOV,中央/联邦公务员,外交官,Diplomat,2422,11-1031.00,东亚,中国,CN,country,general,硕士/博士,25-32,global,7.9,8.9,4.8,9.0,3.9,4.6,5.6,5.2,7.3,6.2,10.0,7.1,5.5,2.2,4.6,6.1,5.0,2.2,7.6,10.0,1.3,4.4,1.8,7.8,0.6,4.3,5.4,8.7,1.2,9.6,0.7,0.8,8.8,8.9,0,1,→,2035+,5.42,中国外交官：AI替代抗性强，加班文化严重，就业稳定,"China Diplomat: strong AI resistance, heavy overtime culture, stable employment",AI综合评估 + O*NET/ILO/OECD锚点校准,2026-04-13,2026-04-13,2000-2026,401000
SVC-0211-CN-general,服务业与消费,SVC,酒店旅游,民宿经营者,B&B / Guesthouse Operator,1411,11-9081.00,东亚,中国,CN,country,general,专科/本科,20-30,global,4.5,4.3,7.4,7.1,5.9,6.8,5.5,5.5,4.4,4.7,4.1,6.4,6.2,0.7,3.8,6.8,6.1,2.2,7.0,5.5,1.6,7.7,1.6,5.6,9.5,4.4,5.7,8.2,4.7,2.3,8.3,4.7,5.1,4.2,2,3,↑,2032-2038,5.42,中国民宿经营者：薪资水平偏低，加班文化严重,"China B&B / Guesthouse Operator: relatively low pay, heavy overtime culture",AI综合评估 + O*NET/ILO/OECD锚点校准,2026-04-13,2026-04-13,2000-2026,109000
ART-1601-CN-general,文化、艺术与传媒,ART,美术/纯艺术,画家/油画家,Painter / Fine Artist,2651,27-1013.00,东亚,中国,CN,country,general,本科/硕士,20-30,global,6.4,5.3,4.5,9.8,4.2,4.0,4.6,5.2,4.2,3.1,2.7,7.7,6.7,3.2,3.0,6.3,4.1,4.1,7.8,5.9,6.0,9.2,2.5,9.9,8.0,4.4,7.4,4.9,3.0,1.3,3.4,6.0,4.6,3.2,1,-1,→,2035+,5.42,中国画家/油画家：薪资水平偏低，AI替代抗性强，加班文化严重,"China Painter / Fine Artist: relatively low pay, strong AI resistance, heavy overtime culture",AI综合评估 + O*NET/ILO/OECD锚点校准,2026-04-13,2026-04-13,2000-2026,99000
SVC-0313-CN-general,服务业与消费,SVC,零售,二手店/古着店经营者,Secondhand / Vintage Shop Owner,1420,41-1011.00,东亚,中国,CN,country,general,高中/专科,18-30,global,2.8,3.1,6.8,6.3,7.4,10.0,5.7,4.2,5.1,4.4,4.0,7.5,6.5,0.7,4.1,6.1,6.1,1.5,5.1,3.8,1.3,8.2,1.2,6.9,8.7,5.3,5.5,7.8,4.5,1.8,6.6,4.8,2.2,4.5,0,2,↑,2028-2033,5.42,中国二手店/古着店经营者：加班文化严重，就业波动大,"China Secondhand / Vintage Shop Owner: heavy overtime culture, volatile employment",AI综合评估 + O*NET/ILO/OECD锚点校准,2026-04-13,2026-04-13,2000-2026,149000
SVC-0401-CN-general,服务业与消费,SVC,美容养生,美容顾问,Beauty Consultant / Advisor,5142,39-5094.00,东亚,中国,CN,country,general,专科/证书,20-30,global,4.5,3.5,6.9,7.1,7.5,7.2,6.4,5.6,4.0,5.4,3.9,7.2,4.7,0.9,3.7,5.6,4.8,2.0,7.0,5.5,1.0,5.3,2.5,6.9,7.1,5.1,5.6,8.0,6.8,3.1,5.0,6.7,3.1,3.2,3,3,↑,2032-2038,5.42,中国美容顾问：薪资水平偏低，加班文化严重，就业波动大,"China Beauty Consultant / Advisor: relatively low pay, heavy overtime culture, volatile employment",AI综合评估 + O*NET/ILO/OECD锚点校准,2026-04-13,2026-04-13,2000-2026,91000
ART-1607-CN-general,文化、艺术与传媒,ART,美术/纯艺术,数字艺术家/AI艺术家,Digital / AI Artist,2651,27-1013.00,东亚,中国,CN,country,general,本科/硕士,20-30,global,6.3,5.3,7.3,9.1,4.6,4.8,4.4,5.4,5.6,3.5,2.3,8.2,7.0,2.1,2.1,5.3,4.5,3.8,3.9,6.5,7.3,8.2,3.0,9.5,7.6,5.6,8.0,5.3,3.8,0.8,3.6,6.8,4.9,3.8,1,2,↑,2026-2030,5.41,中国数字艺术家/AI艺术家：AI替代风险较高，加班文化严重，就业波动大,"China Digital / AI Artist: high AI displacement risk, heavy overtime culture, volatile employment",AI综合评估 + O*NET/ILO/OECD锚点校准,2026-04-13,2026-04-13,2000-2026,186000
SKL-0715-CN-general,技术工种与手工业,SKL,传统手工艺,鞋匠/制鞋师,Cobbler / Shoemaker,7536,51-6041.00,东亚,中国,CN,country,general,师徒制/自学,16-30,global,5.2,2.9,4.3,8.5,4.5,5.6,3.9,5.2,3.5,5.4,5.3,5.4,5.1,1.9,4.8,4.5,3.7,2.1,9.0,5.6,1.7,7.1,3.7,7.9,7.0,4.4,7.2,5.0,4.2,2.1,4.3,7.4,3.7,2.5,0,0,→,2035+,5.41,中国鞋匠/制鞋师：薪资水平偏低，供过于求，AI替代抗性强,"China Cobbler / Shoemaker: relatively low pay, oversupply of talent, strong AI resistance",AI综合评估 + O*NET/ILO/OECD锚点校准,2026-04-13,2026-04-13,2000-2026,72000
LAW-0801-CN-general,法律与社会服务,LAW,宗教,基督教牧师,Christian Pastor / Minister,2636,21-2011.00,东亚,中国,CN,country,general,神学本科/硕士,24-35,global,5.2,5.1,3.7,8.4,4.1,5.6,4.0,3.5,4.2,4.7,6.1,8.2,5.2,1.7,2.2,6.4,4.3,3.0,9.4,6.0,3.3,6.9,2.7,8.6,4.6,4.9,7.5,9.6,1.5,5.5,1.8,3.7,5.4,3.4,0,0,→,2035+,5.4,中国基督教牧师：薪资水平偏低，供过于求，AI替代抗性强,"China Christian Pastor / Minister: relatively low pay, oversupply of talent, strong AI resistance",AI综合评估 + O*NET/ILO/OECD锚点校准,2026-04-13,2026-04-13,2000-2026,99000
SKL-0510-CN-general,技术工种与手工业,SKL,汽车维修,汽车改装技师,Automotive Customization Technician,7231,49-3023.00,东亚,中国,CN,country,general,职校/学徒,18-25,global,4.3,2.6,5.6,7.2,5.8,5.4,5.5,5.8,6.3,6.2,5.4,4.7,3.6,1.4,3.6,5.1,4.8,1.6,7.7,5.0,0.8,5.5,2.4,7.5,7.8,2.1,6.1,7.0,7.0,4.3,5.0,6.4,3.6,2.6,2,2,↑,2035+,5.4,中国汽车改装技师：AI替代抗性强，加班文化严重,"China Automotive Customization Technician: strong AI resistance, heavy overtime culture",AI综合评估 + O*NET/ILO/OECD锚点校准,2026-04-13,2026-04-13,2000-2026,255000
MED-1202-CN-general,医疗与健康,MED,兽医学,大动物/农场兽医,Large Animal / Farm Veterinarian,2250,29-1131.00,东亚,中国,CN,country,general,博士/兽医学位,26-30,global,7.8,7.2,6.0,7.8,7.6,6.4,6.9,6.3,5.8,5.6,7.5,5.7,3.1,1.5,1.3,4.5,4.0,1.4,8.1,6.4,1.4,5.3,2.2,7.9,8.3,7.1,5.8,6.2,8.1,7.6,2.2,4.1,3.9,3.2,3,2,↑,2035+,5.4,中国大动物/农场兽医：AI替代抗性强，加班文化严重，就业稳定,"China Large Animal / Farm Veterinarian: strong AI resistance, heavy overtime culture, stable employment",AI综合评估 + O*NET/ILO/WHO锚点校准,2026-04-13,2026-04-13,2000-2026,204000
ART-0208-CN-general,文化、艺术与传媒,ART,音乐产业,音乐编曲师,Music Arranger,2652,27-2041.00,东亚,中国,CN,country,general,本科/专科,18-28,global,5.8,4.8,5.7,6.4,6.4,7.0,5.0,5.6,5.8,5.1,3.0,6.9,6.0,1.4,2.8,6.2,4.8,3.3,5.6,6.8,5.9,7.5,1.9,8.8,7.0,5.4,5.7,7.1,3.9,2.1,6.3,5.7,5.5,4.8,2,0,→,2028-2033,5.4,中国音乐编曲师：加班文化严重，就业波动大,"China Music Arranger: heavy overtime culture, volatile employment",AI综合评估 + O*NET/ILO/OECD锚点校准,2026-04-13,2026-04-13,2000-2026,204000
ART-0306-CN-general,文化、艺术与传媒,ART,出版写作,诗人,Poet,2641,27-3043.00,东亚,中国,CN,country,general,本科,22-35,global,5.1,4.7,4.9,8.3,6.0,2.8,4.3,5.0,3.9,4.8,0.9,7.9,6.7,2.2,2.0,7.2,6.2,4.1,4.6,6.4,6.5,9.5,4.7,9.5,7.1,5.2,6.2,5.5,1.7,1.3,4.9,7.0,5.9,3.4,1,-1,→,2028-2033,5.4,中国诗人：薪资水平偏低，加班文化严重，就业波动大,"China Poet: relatively low pay, heavy overtime culture, volatile employment",AI综合评估 + O*NET/ILO/OECD锚点校准,2026-04-13,2026-04-13,2000-2026,87000
ART-0114-CN-general,文化、艺术与传媒,ART,影视制作,化妆师(影视),Film/TV Makeup Artist,5142,39-5091.00,东亚,中国,CN,country,general,本科,20-30,global,5.5,5.3,7.0,6.1,6.6,7.3,5.5,6.3,6.4,4.9,3.3,6.2,5.0,1.4,4.0,7.0,5.6,3.2,7.2,6.3,3.1,6.5,1.0,7.7,6.0,5.3,4.6,6.8,3.3,2.5,7.6,5.5,5.8,5.5,3,1,→,2032-2038,5.4,中国化妆师(影视)：加班文化严重，就业波动大,"China Film/TV Makeup Artist: heavy overtime culture, volatile employment",AI综合评估 + O*NET/ILO/OECD锚点校准,2026-04-13,2026-04-13,2000-2026,267000
TRA-0508-CN-general,交通运输与物流,TRA,物流管理,叉车操作员,Forklift Operator,8344,53-7051.00,东亚,中国,CN,country,general,培训证书,18-30,global,2.0,1.6,7.2,5.9,7.4,8.5,6.1,6.4,4.7,7.1,6.4,5.9,4.4,1.2,4.3,5.8,5.0,1.5,4.5,3.1,3.1,4.6,3.5,4.9,5.6,3.6,5.3,5.6,6.5,3.6,6.4,2.9,4.4,3.2,3,3,↑,2026-2030,5.4,中国叉车操作员：加班文化严重,China Forklift Operator: heavy overtime culture,AI综合评估 + O*NET/ILO/OECD锚点校准,2026-04-13,2026-04-13,2000-2026,124000
ART-0121-CN-general,文化、艺术与传媒,ART,影视制作,外景制片,Location Manager,2654,27-2012.00,东亚,中国,CN,country,general,本科,20-30,global,5.8,5.3,6.8,6.3,6.9,7.3,5.3,6.5,6.2,5.0,3.3,5.9,5.0,0.4,3.5,5.9,5.5,2.8,7.0,7.1,2.3,6.5,1.6,8.3,6.6,5.4,5.4,7.2,4.7,1.8,6.8,5.3,4.9,4.5,3,1,→,2032-2038,5.39,中国外景制片：加班文化严重，就业波动大,"China Location Manager: heavy overtime culture, volatile employment",AI综合评估 + O*NET/ILO/OECD锚点校准,2026-04-13,2026-04-13,2000-2026,244000
GOV-0206-CN-general,公共管理与公务员,GOV,地方公务员,规划审批官员,Planning & Zoning Officer,3354,19-3051.00,东亚,中国,CN,country,general,本科/硕士,23-30,global,5.2,6.5,5.1,8.7,5.6,6.7,5.2,4.5,6.6,5.8,9.4,10.0,6.7,4.8,3.6,5.5,4.5,2.4,5.6,7.6,2.2,4.1,3.9,5.8,2.2,5.6,7.0,6.2,2.4,8.7,2.1,1.9,3.2,7.4,0,1,→,2028-2033,5.39,中国规划审批官员：就业稳定,China Planning & Zoning Officer: stable employment,AI综合评估 + O*NET/ILO/OECD锚点校准,2026-04-13,2026-04-13,2000-2026,292000
SVC-1406-CN-general,服务业与消费,SVC,休闲娱乐,潜水教练,Scuba Diving Instructor,3423,39-9031.00,东亚,中国,CN,country,general,专科/证书,20-32,global,5.6,3.5,6.0,7.4,6.7,6.9,5.9,4.7,5.5,4.9,4.3,4.7,5.0,1.2,2.8,5.7,4.8,1.5,9.4,4.4,1.7,6.1,2.0,8.5,6.8,4.3,4.9,7.5,7.9,4.9,6.9,5.1,6.1,3.7,2,3,↑,2035+,5.39,中国潜水教练：AI替代抗性强，加班文化严重,"China Scuba Diving Instructor: strong AI resistance, heavy overtime culture",AI综合评估 + O*NET/ILO/OECD锚点校准,2026-04-13,2026-04-13,2000-2026,178000
ART-1608-CN-general,文化、艺术与传媒,ART,美术/纯艺术,艺术评论家,Art Critic,2641,27-3043.00,东亚,中国,CN,country,general,本科/硕士,20-30,global,7.0,7.4,4.5,9.0,4.6,3.7,3.6,5.4,5.0,4.3,2.8,7.7,7.0,3.4,3.0,5.7,4.7,4.1,7.6,6.6,7.6,8.5,3.8,8.6,7.6,5.1,7.4,4.8,3.3,1.1,4.4,6.2,4.1,3.5,1,-1,→,2035+,5.39,中国艺术评论家：供过于求，AI替代抗性强，加班文化严重,"China Art Critic: oversupply of talent, strong AI resistance, heavy overtime culture",AI综合评估 + O*NET/ILO/OECD锚点校准,2026-04-13,2026-04-13,2000-2026,142000
ART-0115-CN-general,文化、艺术与传媒,ART,影视制作,收音师,Production Sound Mixer,3521,27-4014.00,东亚,中国,CN,country,general,本科,20-30,global,5.3,5.0,6.6,6.1,6.5,6.7,5.9,6.9,6.9,5.8,4.0,6.2,4.9,1.4,4.3,6.7,5.5,2.9,6.7,6.1,0.6,5.4,1.0,7.8,5.8,4.7,5.0,6.8,3.4,2.1,7.4,5.5,5.7,5.3,3,1,→,2032-2038,5.39,中国收音师：加班文化严重，就业波动大,"China Production Sound Mixer: heavy overtime culture, volatile employment",AI综合评估 + O*NET/ILO/OECD锚点校准,2026-04-13,2026-04-13,2000-2026,335000
ART-0111-CN-general,文化、艺术与传媒,ART,影视制作,综艺编导,Variety Show Director,2654,27-2012.00,东亚,中国,CN,country,general,本科,20-30,global,5.3,4.8,7.0,5.7,7.1,7.1,5.3,7.1,5.8,5.1,4.1,5.9,5.5,0.4,4.8,6.4,5.3,3.4,6.6,6.4,3.7,6.6,0.7,8.2,5.7,4.5,5.0,7.3,4.3,2.0,7.4,4.7,5.0,4.9,3,1,→,2032-2038,5.38,中国综艺编导：加班文化严重,China Variety Show Director: heavy overtime culture,AI综合评估 + O*NET/ILO/OECD锚点校准,2026-04-13,2026-04-13,2000-2026,204000
ART-1606-CN-general,文化、艺术与传媒,ART,美术/纯艺术,壁画师,Muralist,2651,27-1013.00,东亚,中国,CN,country,general,本科/硕士,20-30,global,5.8,6.0,4.3,9.0,4.3,4.4,4.6,5.0,4.8,4.1,2.0,8.2,7.0,2.1,2.8,5.8,4.1,3.9,8.2,6.9,4.7,9.0,3.0,9.3,7.8,4.2,7.8,4.7,5.2,1.4,3.8,6.6,4.8,3.8,1,-1,→,2035+,5.38,中国壁画师：AI替代抗性强，加班文化严重，就业波动大,"China Muralist: strong AI resistance, heavy overtime culture, volatile employment",AI综合评估 + O*NET/ILO/OECD锚点校准,2026-04-13,2026-04-13,2000-2026,130000
ART-0407-CN-general,文化、艺术与传媒,ART,舞台表演,戏剧导演,Theatre Director,2654,27-2012.02,东亚,中国,CN,country,general,本科/专科,28-38,global,5.8,4.2,6.0,8.3,6.5,6.4,5.3,6.0,6.2,4.5,2.8,5.7,5.0,1.4,4.3,6.1,4.4,3.6,8.0,8.1,2.1,8.0,1.1,9.2,5.4,4.2,3.4,8.0,6.0,2.0,6.3,4.8,4.1,4.0,1,-1,→,2035+,5.38,中国戏剧导演：AI替代抗性强，加班文化严重，就业波动大,"China Theatre Director: strong AI resistance, heavy overtime culture, volatile employment",AI综合评估 + O*NET/ILO/OECD锚点校准,2026-04-13,2026-04-13,2000-2026,244000
TRA-0108-CN-general,交通运输与物流,TRA,航空,直升机飞行员,Helicopter Pilot,3153,53-2012.00,东亚,中国,CN,country,general,本科/专业培训,24-35,global,7.9,6.8,6.9,7.4,8.2,6.8,7.4,7.7,8.4,7.1,6.0,4.2,4.2,1.6,3.4,5.3,5.2,1.5,7.2,7.6,1.0,5.5,1.7,7.8,3.5,2.0,4.1,6.0,4.6,9.4,6.8,1.0,6.8,4.7,2,2,↑,2032-2038,5.38,中国直升机飞行员：薪资回报高，加班文化严重,"China Helicopter Pilot: high compensation, heavy overtime culture",AI综合评估 + O*NET/ILO/OECD锚点校准,2026-04-13,2026-04-13,2000-2026,657000
SVC-1401-CN-general,服务业与消费,SVC,休闲娱乐,密室逃脱设计师,Escape Room Designer,2163,27-1027.00,东亚,中国,CN,country,general,专科/证书,20-32,global,5.3,4.1,8.2,7.1,7.3,6.6,6.1,4.4,5.0,5.4,4.1,5.5,5.0,0.4,3.1,5.5,5.0,1.5,7.1,4.8,2.5,5.0,2.2,8.4,9.3,5.6,5.1,7.7,6.5,3.0,6.7,4.7,2.9,3.3,2,4,↑↑,2032-2038,5.38,中国密室逃脱设计师：加班文化严重，近年增长迅猛,"China Escape Room Designer: heavy overtime culture, rapid recent growth",AI综合评估 + O*NET/ILO/OECD锚点校准,2026-04-13,2026-04-13,2000-2026,142000
LAW-0102-CN-general,法律与社会服务,LAW,律师各专业,刑事辩护律师,Criminal Defense Lawyer,2611,23-1011.00,东亚,中国,CN,country,general,法学博士/硕士,25-30,global,7.3,7.9,5.2,8.1,6.9,6.7,5.5,4.7,6.4,5.8,4.8,6.9,3.5,1.4,2.1,6.0,5.9,3.0,7.9,7.8,3.2,6.6,2.2,7.3,7.6,5.4,6.8,8.1,0.7,9.3,2.4,3.1,4.1,3.3,1,0,→,2035+,5.37,中国刑事辩护律师：AI替代抗性强，加班文化严重,"China Criminal Defense Lawyer: strong AI resistance, heavy overtime culture",AI综合评估 + O*NET/ILO/OECD锚点校准,2026-04-13,2026-04-13,2000-2026,267000
LAW-0501-CN-general,法律与社会服务,LAW,法律助理/律师助理,律师助理,Paralegal,3411,23-2011.00,东亚,中国,CN,country,general,大专/本科,20-28,global,4.6,4.4,5.6,7.1,6.8,7.3,5.6,3.8,5.8,5.8,5.3,9.2,4.7,2.7,2.7,5.4,5.6,2.0,4.4,4.8,6.8,3.7,3.7,4.5,3.5,5.7,5.9,6.7,0.3,4.0,3.7,4.1,4.7,3.5,2,0,→,2026-2030,5.37,中国律师助理：加班文化严重,China Paralegal: heavy overtime culture,AI综合评估 + O*NET/ILO/OECD锚点校准,2026-04-13,2026-04-13,2000-2026,204000
TRA-0304-CN-general,交通运输与物流,TRA,铁路,高铁技术工程师,High-Speed Rail Engineer,2144,17-2141.00,东亚,中国,CN,country,general,本科/硕士,24-32,global,7.3,7.4,7.8,7.5,7.6,8.9,8.0,6.5,7.4,6.1,8.8,6.2,4.7,1.1,2.8,5.1,4.8,1.2,6.4,7.5,0.8,3.2,2.0,5.5,2.8,4.0,5.5,5.1,3.3,5.3,4.7,2.5,4.0,7.0,2,4,↑↑,2032-2038,5.37,中国高铁技术工程师：人才需求旺盛，加班文化严重，就业稳定,"China High-Speed Rail Engineer: strong talent demand, heavy overtime culture, stable employment",AI综合评估 + O*NET/ILO/OECD锚点校准,2026-04-13,2026-04-13,2000-2026,419000
AGR-0703-CN-general,农业、资源与环境,AGR,环保,废物管理专员,Waste Management Specialist,2143,17-2081.00,东亚,中国,CN,country,general,本科/硕士,24-32,global,5.8,6.3,6.2,7.6,6.5,5.4,6.0,7.6,5.0,5.9,5.5,5.3,5.6,3.1,3.0,6.1,5.5,1.4,5.8,6.4,1.3,5.0,3.5,6.9,5.3,5.8,5.6,5.9,5.5,5.4,5.1,3.4,4.9,3.5,3,4,↑↑,2028-2033,5.36,中国废物管理专员：加班文化严重，近年增长迅猛,"China Waste Management Specialist: heavy overtime culture, rapid recent growth",AI综合评估 + O*NET/ILO/OECD锚点校准,2026-04-13,2026-04-13,2000-2026,142000
ART-0207-CN-general,文化、艺术与传媒,ART,音乐产业,器乐演奏家,Instrumental Musician,2652,27-2042.02,东亚,中国,CN,country,general,本科/专科,18-28,global,8.6,7.0,6.3,7.5,6.8,7.0,5.8,6.1,5.5,4.3,3.2,6.7,5.8,0.7,4.3,6.2,5.0,3.9,8.4,5.9,5.0,7.0,0.8,9.4,7.1,4.0,5.5,6.7,3.6,1.8,7.1,5.7,5.5,4.8,2,0,→,2035+,5.36,中国器乐演奏家：AI替代抗性强，加班文化严重，就业波动大,"China Instrumental Musician: strong AI resistance, heavy overtime culture, volatile employment",AI综合评估 + O*NET/ILO/OECD锚点校准,2026-04-13,2026-04-13,2000-2026,178000
MED-1004-CN-general,医疗与健康,MED,医学影像与检验,核医学技师,Nuclear Medicine Technologist,3211,29-2033.00,东亚,中国,CN,country,general,大专/本科,20-24,global,6.1,5.3,6.8,7.3,8.3,9.2,6.9,5.8,5.6,6.3,7.5,5.9,2.6,1.5,3.3,4.5,4.6,1.2,4.9,6.0,2.0,3.6,2.4,5.7,3.1,5.3,6.7,5.9,3.4,5.5,1.5,3.3,4.8,4.0,2,2,↑,2028-2033,5.36,中国核医学技师：加班文化严重，就业稳定,"China Nuclear Medicine Technologist: heavy overtime culture, stable employment",AI综合评估 + O*NET/ILO/WHO锚点校准,2026-04-13,2026-04-13,2000-2026,186000
MED-1005-CN-general,医疗与健康,MED,医学影像与检验,病理技师,Histotechnologist,3212,29-2011.00,东亚,中国,CN,country,general,大专/本科,20-24,global,5.9,5.8,6.4,7.6,8.6,9.6,7.2,5.8,4.1,5.6,7.7,7.1,3.3,0.8,2.3,4.9,4.8,0.7,4.5,5.6,2.7,3.7,3.1,6.2,3.7,5.0,6.6,5.3,3.5,6.0,1.2,3.2,5.1,3.0,2,2,↑,2028-2033,5.36,中国病理技师：薪资水平偏低，加班文化严重，就业稳定,"China Histotechnologist: relatively low pay, heavy overtime culture, stable employment",AI综合评估 + O*NET/ILO/WHO锚点校准,2026-04-13,2026-04-13,2000-2026,95000
ART-0110-CN-general,文化、艺术与传媒,ART,影视制作,服装设计师(影视),Costume Designer,2163,27-1022.00,东亚,中国,CN,country,general,本科,20-30,global,5.5,5.3,6.4,5.8,6.5,5.8,5.5,6.3,6.9,6.1,2.9,6.2,5.0,0.9,3.0,6.4,5.3,3.4,7.9,6.7,2.8,5.4,0.5,8.4,6.3,5.1,5.0,6.6,4.3,1.5,7.2,5.1,5.9,4.5,3,1,→,2035+,5.36,中国服装设计师(影视)：AI替代抗性强，加班文化严重，就业波动大,"China Costume Designer: strong AI resistance, heavy overtime culture, volatile employment",AI综合评估 + O*NET/ILO/OECD锚点校准,2026-04-13,2026-04-13,2000-2026,335000
LAW-0201-CN-general,法律与社会服务,LAW,法官,法官,Judge,2612,23-1023.00,东亚,中国,CN,country,general,法学博士/硕士+多年执业,35-50,global,9.4,8.7,5.0,9.2,3.6,4.5,4.5,3.5,7.9,6.1,9.1,7.6,5.7,3.4,2.7,5.6,4.4,1.7,8.5,10.0,1.6,7.4,3.6,8.5,1.6,4.5,7.6,7.7,0.5,9.3,1.5,0.3,3.0,8.8,0,0,→,2035+,5.35,中国法官：AI替代抗性强，加班文化严重，就业稳定,"China Judge: strong AI resistance, heavy overtime culture, stable employment",AI综合评估 + O*NET/ILO/OECD锚点校准,2026-04-13,2026-04-13,2000-2026,525000
LAW-0202-CN-general,法律与社会服务,LAW,法官,行政法法官,Administrative Law Judge,2612,23-1021.00,东亚,中国,CN,country,general,法学博士/硕士,35-50,global,8.3,8.6,4.8,8.5,4.6,4.6,4.5,4.4,7.8,5.4,7.8,7.8,5.7,4.2,3.6,6.0,4.8,1.7,7.6,9.5,3.0,7.4,3.2,7.5,2.0,5.8,7.6,7.1,0.5,9.0,1.2,0.6,2.1,9.4,0,0,→,2035+,5.35,中国行政法法官：AI替代抗性强，就业稳定,"China Administrative Law Judge: strong AI resistance, stable employment",AI综合评估 + O*NET/ILO/OECD锚点校准,2026-04-13,2026-04-13,2000-2026,502000
LAW-0402-CN-general,法律与社会服务,LAW,公证与仲裁,公证人(大陆法系),Civil Law Notary,2619,,东亚,中国,CN,country,general,法学硕士+国家考试,28-35,regional,7.8,8.3,4.2,8.4,4.9,4.9,4.6,5.4,8.4,6.2,7.2,9.0,6.2,4.8,4.7,4.4,3.3,1.3,6.0,8.6,2.5,6.1,4.4,5.9,6.9,4.3,6.7,7.0,0.8,9.2,2.4,1.4,1.5,6.9,0,-1,→,2032-2038,5.35,中国公证人(大陆法系)：薪资回报高,China Civil Law Notary: high compensation,AI综合评估 + O*NET/ILO/OECD锚点校准,2026-04-13,2026-04-13,2000-2026,657000
SVC-1408-CN-general,服务业与消费,SVC,休闲娱乐,马术教练,Equestrian Coach / Riding Instructor,3423,39-9031.00,东亚,中国,CN,country,general,专科/证书,20-32,global,5.5,3.3,6.8,7.1,6.5,5.5,5.9,4.8,5.7,5.4,4.8,5.4,5.5,1.2,3.3,5.8,5.0,1.7,9.0,5.1,0.5,5.7,1.2,7.8,7.2,4.4,5.4,7.5,6.8,3.7,6.9,4.5,3.8,4.3,2,3,↑,2035+,5.35,中国马术教练：AI替代抗性强，加班文化严重,"China Equestrian Coach / Riding Instructor: strong AI resistance, heavy overtime culture",AI综合评估 + O*NET/ILO/OECD锚点校准,2026-04-13,2026-04-13,2000-2026,195000
ART-0906-CN-general,文化、艺术与传媒,ART,新闻传媒,数据新闻记者,Data Journalist,2642,27-3022.00,东亚,中国,CN,country,general,本科,22-28,global,5.4,6.1,5.9,6.8,5.1,4.8,4.6,6.0,6.9,5.6,4.3,4.1,5.3,0.2,5.1,6.4,5.8,2.2,5.2,5.9,6.8,5.0,1.8,7.4,5.3,4.5,6.5,8.0,3.2,2.6,4.7,5.5,6.0,4.8,0,1,→,2028-2033,5.35,中国数据新闻记者：加班文化严重,China Data Journalist: heavy overtime culture,AI综合评估 + O*NET/ILO/OECD锚点校准,2026-04-13,2026-04-13,2000-2026,335000
TRA-0208-CN-general,交通运输与物流,TRA,航海,邮轮乘务员,Cruise Ship Crew,5111,53-2031.00,东亚,中国,CN,country,general,高中/大专,20-30,global,2.9,2.3,5.7,7.5,6.8,8.9,7.1,7.4,5.4,6.1,5.8,5.4,4.1,0.1,2.1,4.3,3.8,1.4,7.8,4.6,0.0,4.6,0.0,6.9,3.6,4.8,5.0,8.5,5.8,3.3,7.6,0.9,7.3,3.7,1,1,→,2035+,5.35,中国邮轮乘务员：AI替代抗性强，加班文化严重,"China Cruise Ship Crew: strong AI resistance, heavy overtime culture",AI综合评估 + O*NET/ILO/OECD锚点校准,2026-04-13,2026-04-13,2000-2026,170000
ART-0104-CN-general,文化、艺术与传媒,ART,影视制作,演员,Actor / Actress,2655,27-2011.00,东亚,中国,CN,country,general,本科,18-30,global,5.9,5.1,6.6,5.3,7.5,7.7,5.9,6.9,7.0,5.8,2.0,6.0,4.8,0.4,3.5,6.7,5.5,4.2,7.0,9.1,3.1,6.7,0.7,8.8,5.9,3.1,4.4,6.7,5.2,1.7,6.9,4.9,4.9,4.9,3,1,→,2032-2038,5.35,中国演员：加班文化严重，就业波动大,"China Actor / Actress: heavy overtime culture, volatile employment",AI综合评估 + O*NET/ILO/OECD锚点校准,2026-04-13,2026-04-13,2000-2026,350000
MED-1206-CN-general,医疗与健康,MED,兽医学,动物园兽医,Zoo / Wildlife Veterinarian,2250,29-1131.00,东亚,中国,CN,country,general,博士/兽医学位,26-30,global,7.9,8.1,6.5,7.3,7.8,5.3,5.5,5.8,4.1,5.4,7.3,5.2,4.0,1.5,1.6,4.0,4.6,1.7,7.7,6.6,2.5,6.6,2.6,9.0,7.4,7.5,6.2,6.8,7.1,7.9,1.9,4.5,5.2,2.7,3,3,↑,2035+,5.35,中国动物园兽医：薪资水平偏低，AI替代抗性强，加班文化严重,"China Zoo / Wildlife Veterinarian: relatively low pay, strong AI resistance, heavy overtime culture",AI综合评估 + O*NET/ILO/WHO锚点校准,2026-04-13,2026-04-13,2000-2026,95000
GOV-0107-CN-general,公共管理与公务员,GOV,中央/联邦公务员,政府发言人/新闻官,Government Spokesperson / Press Secretary,2432,27-3031.00,东亚,中国,CN,country,general,本科/硕士,26-35,global,5.4,6.7,6.0,8.1,5.1,4.3,5.2,5.1,5.7,5.4,8.6,8.4,4.6,3.1,2.5,7.0,6.1,3.7,6.4,9.1,3.2,4.3,3.4,6.6,3.7,5.0,4.5,9.9,1.3,6.6,3.3,2.6,3.7,7.4,0,1,→,2032-2038,5.35,中国政府发言人/新闻官：加班文化严重，就业稳定,"China Government Spokesperson / Press Secretary: heavy overtime culture, stable employment",AI综合评估 + O*NET/ILO/OECD锚点校准,2026-04-13,2026-04-13,2000-2026,195000
LAW-0111-CN-general,法律与社会服务,LAW,律师各专业,房地产律师,Real Estate Lawyer,2611,23-1011.00,东亚,中国,CN,country,general,法学博士/硕士,25-30,global,6.7,7.4,5.5,8.3,7.6,6.7,5.5,4.4,8.0,5.9,5.0,8.9,4.9,2.5,3.4,6.0,4.8,2.3,5.9,7.8,4.7,6.1,1.9,4.8,7.0,5.2,6.0,6.8,1.3,8.2,7.1,2.9,3.3,3.7,1,0,→,2028-2033,5.35,中国房地产律师：薪资回报高，加班文化严重,"China Real Estate Lawyer: high compensation, heavy overtime culture",AI综合评估 + O*NET/ILO/OECD锚点校准,2026-04-13,2026-04-13,2000-2026,549000
LAW-0903-CN-general,法律与社会服务,LAW,心理社会服务,危机干预咨询师,Crisis Intervention Counselor,2634,21-1023.00,东亚,中国,CN,country,general,硕士,24-30,global,5.2,5.6,5.9,6.5,5.2,4.3,5.9,4.9,6.1,4.0,5.6,6.2,3.0,1.9,0.7,5.4,5.2,2.0,8.9,6.2,3.7,5.9,2.9,7.2,4.0,6.5,5.3,9.2,1.7,6.0,2.4,3.5,4.4,3.5,2,2,↑,2035+,5.35,中国危机干预咨询师：AI替代抗性强，加班文化严重,"China Crisis Intervention Counselor: strong AI resistance, heavy overtime culture",AI综合评估 + O*NET/ILO/OECD锚点校准,2026-04-13,2026-04-13,2000-2026,233000
LAW-0115-CN-general,法律与社会服务,LAW,律师各专业,海事律师,Maritime / Admiralty Lawyer,2611,23-1011.00,东亚,中国,CN,country,general,法学博士/硕士,26-32,global,8.3,8.0,4.8,7.5,4.3,3.6,5.7,6.3,8.2,5.3,5.0,8.6,5.2,1.9,3.0,4.5,3.6,1.5,7.4,8.7,4.4,6.0,2.4,6.3,5.8,4.7,7.0,6.6,0.7,9.1,4.3,2.5,7.2,4.8,1,0,→,2032-2038,5.35,中国海事律师：薪资回报高，加班文化严重,"China Maritime / Admiralty Lawyer: high compensation, heavy overtime culture",AI综合评估 + O*NET/ILO/OECD锚点校准,2026-04-13,2026-04-13,2000-2026,601000
ART-0119-CN-general,文化、艺术与传媒,ART,影视制作,纪录片导演,Documentary Director,2654,27-2012.00,东亚,中国,CN,country,general,本科,20-30,global,5.6,5.0,6.6,6.0,7.5,6.2,6.2,6.1,5.8,4.5,3.5,6.0,5.7,0.6,3.3,6.4,5.3,3.4,6.5,7.7,3.0,6.4,1.2,9.6,5.6,4.4,4.6,7.4,3.7,2.3,7.0,4.7,5.9,5.5,3,1,→,2032-2038,5.34,中国纪录片导演：加班文化严重，就业波动大,"China Documentary Director: heavy overtime culture, volatile employment",AI综合评估 + O*NET/ILO/OECD锚点校准,2026-04-13,2026-04-13,2000-2026,204000
TRA-0206-CN-general,交通运输与物流,TRA,航海,引航员,Marine Pilot / Harbor Pilot,3151,53-5021.02,东亚,中国,CN,country,general,甲类船长+引航资格,30-45,global,8.1,6.9,5.7,7.8,7.0,8.2,8.8,9.3,9.4,7.0,6.3,5.0,2.9,1.2,3.0,4.3,4.6,1.7,7.4,7.9,0.0,4.9,0.9,7.2,4.6,2.3,4.6,5.8,4.0,9.3,7.8,0.7,5.8,4.9,1,1,→,2032-2038,5.34,中国引航员：薪资回报高，人才需求旺盛，加班文化严重,"China Marine Pilot / Harbor Pilot: high compensation, strong talent demand, heavy overtime culture",AI综合评估 + O*NET/ILO/OECD锚点校准,2026-04-13,2026-04-13,2000-2026,1031000
SVC-1409-CN-general,服务业与消费,SVC,休闲娱乐,攀岩教练,Rock Climbing Instructor,3423,39-9031.00,东亚,中国,CN,country,general,专科/证书,20-32,global,3.8,3.8,7.2,7.1,7.2,6.2,5.4,4.4,5.9,5.1,3.8,5.0,5.7,1.2,3.3,5.4,5.0,1.2,8.7,4.2,0.3,5.4,1.7,7.8,6.9,5.3,5.1,7.0,7.2,3.8,7.2,5.3,4.1,3.9,2,3,↑,2035+,5.34,中国攀岩教练：AI替代抗性强，加班文化严重，就业波动大,"China Rock Climbing Instructor: strong AI resistance, heavy overtime culture, volatile employment",AI综合评估 + O*NET/ILO/OECD锚点校准,2026-04-13,2026-04-13,2000-2026,213000
SVC-0501-CN-general,服务业与消费,SVC,家政照护,保姆/家政服务员,Domestic Helper / Housekeeper,5152,39-9011.00,东亚,中国,CN,country,general,高中/证书,20-40,global,3.7,2.9,7.7,6.2,9.1,8.2,8.1,6.5,2.2,4.3,4.3,6.4,4.2,0.4,4.2,4.5,5.1,1.8,8.8,2.2,1.2,3.4,1.5,7.1,5.3,2.4,5.9,7.8,6.5,2.1,3.9,3.9,4.1,3.2,3,4,↑↑,2035+,5.34,中国保姆/家政服务员：薪资水平偏低，人才需求旺盛，AI替代抗性强,"China Domestic Helper / Housekeeper: relatively low pay, strong talent demand, strong AI resistance",AI综合评估 + O*NET/ILO/OECD锚点校准,2026-04-13,2026-04-13,2000-2026,40000
TRA-0201-CN-general,交通运输与物流,TRA,航海,船长,Ship Captain / Master Mariner,3151,53-5021.00,东亚,中国,CN,country,general,航海院校+甲类适任证书,30-40,global,8.4,7.1,5.8,8.4,7.6,9.0,7.6,7.5,10.0,7.1,5.8,4.2,3.4,0.7,2.3,4.1,4.8,1.5,8.0,8.3,0.0,6.2,0.0,6.6,3.5,2.5,5.2,5.5,5.0,9.4,8.0,1.5,8.2,4.8,1,1,→,2035+,5.34,中国船长：薪资回报高，人才需求旺盛，AI替代抗性强,"China Ship Captain / Master Mariner: high compensation, strong talent demand, strong AI resistance",AI综合评估 + O*NET/ILO/OECD锚点校准,2026-04-13,2026-04-13,2000-2026,1350000
GOV-0906-CN-general,公共管理与公务员,GOV,情报安全,环境保护执法员,Environmental Enforcement Officer,3355,33-9032.00,东亚,中国,CN,country,general,本科,22-28,global,5.1,5.8,6.0,8.8,6.0,6.2,5.7,4.8,5.6,5.7,9.8,7.4,4.8,4.1,4.5,4.7,4.5,1.9,6.5,7.1,1.7,3.8,3.7,6.9,1.6,4.7,5.8,6.8,3.5,8.2,2.3,1.7,2.9,7.1,2,3,↑,2032-2038,5.34,中国环境保护执法员：就业稳定,China Environmental Enforcement Officer: stable employment,AI综合评估 + O*NET/ILO/OECD锚点校准,2026-04-13,2026-04-13,2000-2026,186000
SVC-0109-CN-general,服务业与消费,SVC,餐饮,日料寿司师傅,Sushi Chef / Itamae,5120,35-1011.00,东亚,中国,CN,country,general,专科/职校,18-28,global,7.1,3.5,5.9,6.8,6.6,7.4,6.4,5.4,5.8,4.2,4.0,5.7,4.0,0.0,3.1,6.4,5.5,2.4,8.9,4.6,0.6,4.9,1.4,8.6,7.7,5.4,4.7,7.7,7.1,2.7,5.4,5.7,5.6,4.0,2,2,↑,2035+,5.33,中国日料寿司师傅：AI替代抗性强，加班文化严重，就业波动大,"China Sushi Chef / Itamae: strong AI resistance, heavy overtime culture, volatile employment",AI综合评估 + O*NET/ILO/OECD锚点校准,2026-04-13,2026-04-13,2000-2026,204000
TRA-0309-CN-general,交通运输与物流,TRA,铁路,轨道车辆工程师,Rolling Stock Engineer,2144,17-2141.00,东亚,中国,CN,country,general,本科/硕士,24-32,global,7.3,6.8,6.5,7.7,8.3,9.3,7.3,6.9,7.4,5.9,7.6,5.9,4.1,0.9,2.8,5.0,4.3,1.0,6.2,8.0,0.8,3.6,1.7,6.3,3.6,4.9,6.0,5.3,2.7,5.1,4.9,1.9,3.7,6.9,2,3,↑,2032-2038,5.33,中国轨道车辆工程师：加班文化严重，就业稳定,"China Rolling Stock Engineer: heavy overtime culture, stable employment",AI综合评估 + O*NET/ILO/OECD锚点校准,2026-04-13,2026-04-13,2000-2026,419000
SKL-0306-CN-general,技术工种与手工业,SKL,焊接,机器人焊接技师,Robotic Welding Technician,7212,51-4121.00,东亚,中国,CN,country,general,职校/短期培训,18-25,global,5.5,4.5,7.7,6.8,7.5,7.9,7.5,6.8,7.8,6.6,5.8,5.0,3.6,2.1,3.0,5.9,5.4,1.6,4.0,5.0,0.4,5.2,1.7,6.3,5.7,0.4,4.5,5.3,5.3,5.4,6.2,5.7,5.7,2.7,2,3,↑,2026-2030,5.33,中国机器人焊接技师：人才需求旺盛，AI替代风险较高，加班文化严重,"China Robotic Welding Technician: strong talent demand, high AI displacement risk, heavy overtime culture",AI综合评估 + O*NET/ILO/OECD锚点校准,2026-04-13,2026-04-13,2000-2026,502000
GOV-0907-CN-general,公共管理与公务员,GOV,情报安全,食品药品监管员,Food & Drug Inspector,3257,45-2011.00,东亚,中国,CN,country,general,本科,22-28,global,5.6,6.3,5.2,9.6,5.6,6.3,5.3,4.6,5.3,6.7,9.9,7.9,4.4,4.6,4.4,5.3,4.2,2.0,5.9,7.3,1.8,3.9,4.4,5.8,1.6,5.2,6.6,6.6,3.7,8.4,0.3,0.9,3.2,7.2,1,2,↑,2028-2033,5.33,中国食品药品监管员：就业稳定,China Food & Drug Inspector: stable employment,AI综合评估 + O*NET/ILO/OECD锚点校准,2026-04-13,2026-04-13,2000-2026,163000
EDU-0204-CN-general,教育与学术,EDU,高等教育,助教,Teaching Assistant,2310,25-1191.00,东亚,中国,CN,country,general,硕士在读/硕士,22-28,global,6.4,6.0,4.1,4.7,7.4,6.8,4.9,4.7,3.8,3.3,5.6,9.7,5.2,2.7,3.3,5.1,5.5,0.9,6.5,6.2,6.2,4.7,3.2,6.2,3.5,6.5,4.3,7.4,1.9,5.3,2.0,5.6,5.1,2.8,1,0,→,2032-2038,5.32,中国助教：薪资水平偏低，加班文化严重,"China Teaching Assistant: relatively low pay, heavy overtime culture",AI综合评估 + O*NET/ILO/UNESCO锚点校准,2026-04-13,2026-04-13,2000-2026,83000
SVC-0208-CN-general,服务业与消费,SVC,酒店旅游,度假村经理,Resort Manager,1411,11-9081.00,东亚,中国,CN,country,general,专科/本科,28-38,global,5.0,4.6,5.1,7.1,6.0,7.0,5.9,5.5,5.6,3.9,4.8,6.2,5.2,1.1,4.0,6.7,5.3,2.0,7.0,7.2,1.5,6.7,1.4,6.6,7.2,5.1,4.9,7.6,5.4,2.3,7.5,3.9,5.3,5.0,2,2,↑,2032-2038,5.32,中国度假村经理：加班文化严重,China Resort Manager: heavy overtime culture,AI综合评估 + O*NET/ILO/OECD锚点校准,2026-04-13,2026-04-13,2000-2026,186000
GOV-0207-CN-general,公共管理与公务员,GOV,地方公务员,公共卫生巡查员,Public Health Inspector,3257,29-9011.00,东亚,中国,CN,country,general,本科,22-28,global,5.4,6.2,6.0,9.5,5.8,6.6,5.3,4.3,4.9,6.7,10.0,7.9,5.4,4.4,3.4,4.9,4.2,1.7,6.0,7.4,0.5,3.8,3.7,6.4,2.2,5.5,7.2,7.3,3.5,8.3,1.6,1.4,2.7,7.8,1,2,↑,2032-2038,5.31,中国公共卫生巡查员：就业稳定,China Public Health Inspector: stable employment,AI综合评估 + O*NET/ILO/OECD锚点校准,2026-04-13,2026-04-13,2000-2026,136000
ART-0902-CN-general,文化、艺术与传媒,ART,新闻传媒,电视主持人/主播,TV Anchor / Presenter,2656,27-3011.00,东亚,中国,CN,country,general,本科,22-28,global,4.7,5.1,3.6,7.3,4.2,5.4,5.2,6.0,8.1,5.8,5.5,4.1,5.8,0.2,4.8,7.1,5.6,3.2,5.8,7.6,3.7,3.6,2.4,7.6,5.6,4.1,5.8,7.1,3.5,2.8,4.9,4.7,5.4,4.4,0,-2,↓,2028-2033,5.31,中国电视主持人/主播：薪资回报高，加班文化严重，近年需求下降,"China TV Anchor / Presenter: high compensation, heavy overtime culture, declining demand",AI综合评估 + O*NET/ILO/OECD锚点校准,2026-04-13,2026-04-13,2000-2026,574000
SKL-0506-CN-general,技术工种与手工业,SKL,汽车维修,摩托车维修技师,Motorcycle Mechanic,7231,49-3052.00,东亚,中国,CN,country,general,职校/学徒,18-25,global,4.1,2.5,5.8,7.2,6.2,5.6,5.0,5.6,4.7,6.9,5.8,4.7,5.2,0.9,3.3,4.9,4.4,1.3,6.9,5.2,0.2,6.7,2.2,6.9,7.3,2.0,6.5,6.5,6.8,4.3,5.1,6.8,3.4,2.8,2,2,↑,2032-2038,5.31,中国摩托车维修技师：加班文化严重,China Motorcycle Mechanic: heavy overtime culture,AI综合评估 + O*NET/ILO/OECD锚点校准,2026-04-13,2026-04-13,2000-2026,124000
GOV-0908-CN-general,公共管理与公务员,GOV,情报安全,劳动监察员,Labor Inspector,3355,13-1041.00,东亚,中国,CN,country,general,本科,22-28,global,4.7,6.3,4.8,9.1,6.2,6.5,5.0,4.5,4.3,6.1,10.0,7.6,6.0,5.3,4.7,4.7,4.1,2.2,6.4,8.1,1.3,3.8,4.3,5.3,1.8,5.4,6.7,6.7,3.3,7.9,1.0,1.0,3.4,7.4,0,1,→,2032-2038,5.31,中国劳动监察员：薪资水平偏低，就业稳定,"China Labor Inspector: relatively low pay, stable employment",AI综合评估 + O*NET/ILO/OECD锚点校准,2026-04-13,2026-04-13,2000-2026,104000
TRA-0307-CN-general,交通运输与物流,TRA,铁路,信号工程师(铁路),Railway Signal Engineer,2151,17-2071.00,东亚,中国,CN,country,general,本科,20-28,global,6.8,6.6,6.7,8.0,7.6,9.3,7.3,6.4,6.9,6.2,7.8,7.7,4.7,1.7,2.6,4.9,4.5,1.2,6.3,6.9,0.3,3.5,2.4,5.7,3.0,4.3,5.9,5.1,3.6,6.3,4.0,2.7,3.3,7.1,2,3,↑,2032-2038,5.31,中国信号工程师(铁路)：加班文化严重，就业稳定,"China Railway Signal Engineer: heavy overtime culture, stable employment",AI综合评估 + O*NET/ILO/OECD锚点校准,2026-04-13,2026-04-13,2000-2026,335000
TRA-0207-CN-general,交通运输与物流,TRA,航海,船舶检验师,Marine Surveyor,3151,53-5021.00,东亚,中国,CN,country,general,航海+检验资格,28-38,global,6.8,6.1,5.1,7.6,7.5,8.5,7.4,8.3,7.9,5.8,6.3,5.9,2.9,1.2,3.3,4.9,4.0,1.4,6.6,6.7,2.0,5.4,1.2,7.0,3.4,2.0,4.7,5.5,4.8,7.3,7.6,1.5,8.0,4.4,1,1,→,2032-2038,5.31,中国船舶检验师：加班文化严重,China Marine Surveyor: heavy overtime culture,AI综合评估 + O*NET/ILO/OECD锚点校准,2026-04-13,2026-04-13,2000-2026,525000
TRA-0901-CN-general,交通运输与物流,TRA,太空运输,商业航天飞行员,Commercial Space Pilot,3153,53-2011.00,东亚,中国,CN,country,general,硕士/博士+飞行员资格,30-42,global,9.5,8.7,9.1,5.7,5.1,2.6,9.5,10.0,10.0,7.0,5.1,3.4,3.4,0.2,3.5,5.4,5.0,1.7,8.1,10.0,0.0,4.5,0.4,9.7,4.7,4.0,2.7,5.8,7.6,9.3,6.3,1.5,6.8,8.3,4,5,↑↑,2035+,5.3,中国商业航天飞行员：薪资回报高，人才需求旺盛，AI替代抗性强,"China Commercial Space Pilot: high compensation, strong talent demand, strong AI resistance",AI综合评估 + O*NET/ILO/OECD锚点校准,2026-04-13,2026-04-13,2000-2026,1350000
SVC-0118-CN-general,服务业与消费,SVC,餐饮,甜品师,Dessert Chef / Patissier,7512,51-3011.00,东亚,中国,CN,country,general,专科/职校,18-28,global,5.2,3.8,6.1,6.9,6.4,7.2,6.3,6.2,3.7,5.1,3.8,5.4,4.0,0.0,3.3,6.9,5.6,2.5,8.4,4.9,1.8,4.9,1.9,7.5,8.4,4.4,5.5,7.8,7.0,3.0,6.2,5.5,5.0,4.4,2,2,↑,2035+,5.3,中国甜品师：薪资水平偏低，AI替代抗性强，加班文化严重,"China Dessert Chef / Patissier: relatively low pay, strong AI resistance, heavy overtime culture",AI综合评估 + O*NET/ILO/OECD锚点校准,2026-04-13,2026-04-13,2000-2026,79000
LAW-0702-CN-general,法律与社会服务,LAW,NGO与人道主义,筹款经理,Fundraising Manager,1114,11-2031.00,东亚,中国,CN,country,general,本科,22-28,global,5.1,4.8,3.5,7.1,3.8,4.0,4.9,3.9,2.5,4.1,4.5,9.0,4.7,1.9,3.4,6.9,6.9,2.3,6.1,6.1,6.3,5.2,3.5,6.3,7.1,6.5,6.8,9.3,1.5,2.2,5.0,4.4,4.9,1.6,2,1,→,2032-2038,5.3,中国筹款经理：薪资水平偏低，加班文化严重,"China Fundraising Manager: relatively low pay, heavy overtime culture",AI综合评估 + O*NET/ILO/OECD锚点校准,2026-04-13,2026-04-13,2000-2026,46000
LAW-0401-CN-general,法律与社会服务,LAW,公证与仲裁,公证人,Notary Public,2619,23-2011.00,东亚,中国,CN,country,general,法学本科/硕士,25-35,global,5.3,4.7,3.7,8.6,6.4,6.9,5.0,3.6,4.6,5.6,6.8,9.2,5.7,4.1,5.0,4.4,3.5,1.5,5.5,7.0,3.6,5.2,4.5,5.1,6.1,5.3,6.7,6.7,0.8,7.2,2.3,3.3,1.5,6.0,0,-1,→,2028-2033,5.3,中国公证人：发展平稳,China Notary Public: steady development,AI综合评估 + O*NET/ILO/OECD锚点校准,2026-04-13,2026-04-13,2000-2026,119000
SVC-0302-CN-general,服务业与消费,SVC,零售,店长,Store Manager,1420,41-1011.00,东亚,中国,CN,country,general,高中/专科,25-35,global,2.8,2.8,5.9,6.3,7.9,9.4,5.6,4.4,6.2,4.8,4.8,7.5,5.8,0.7,3.1,6.3,5.9,1.5,5.3,5.2,0.5,5.3,1.2,4.3,6.8,5.3,4.9,7.0,4.2,1.2,6.5,4.4,2.3,3.3,0,0,→,2028-2033,5.3,中国店长：加班文化严重,China Store Manager: heavy overtime culture,AI综合评估 + O*NET/ILO/OECD锚点校准,2026-04-13,2026-04-13,2000-2026,244000
SVC-0608-CN-general,服务业与消费,SVC,平台零工,在线虚拟助理,Virtual Assistant (Online),4120,43-6014.00,东亚,中国,CN,country,general,无要求,18-40,global,1.8,2.1,8.0,5.0,10.0,10.0,5.9,3.2,3.1,4.2,0.8,5.2,4.7,0.0,3.3,5.2,5.6,1.7,4.2,3.7,8.3,7.4,2.0,4.7,6.2,4.3,5.0,6.5,1.6,1.1,5.9,7.8,4.5,2.5,4,4,↑↑,2026-2030,5.3,中国在线虚拟助理：薪资水平偏低，加班文化严重，就业波动大,"China Virtual Assistant (Online): relatively low pay, heavy overtime culture, volatile employment",AI综合评估 + O*NET/ILO/OECD锚点校准,2026-04-13,2026-04-13,2000-2026,61000
SKL-0713-CN-general,技术工种与手工业,SKL,传统手工艺,书籍装帧师,Bookbinder,7323,51-5113.00,东亚,中国,CN,country,general,师徒制/自学,16-30,global,5.5,2.6,3.5,8.4,4.7,4.8,4.2,4.6,4.8,4.6,4.5,5.4,3.9,3.4,4.4,3.8,3.4,2.3,8.6,6.4,1.4,7.7,3.9,8.6,6.9,4.1,6.7,5.0,5.8,2.0,4.5,7.2,2.7,2.1,0,-1,→,2035+,5.3,中国书籍装帧师：AI替代抗性强，加班文化严重,"China Bookbinder: strong AI resistance, heavy overtime culture",AI综合评估 + O*NET/ILO/OECD锚点校准,2026-04-13,2026-04-13,2000-2026,130000
ART-0210-CN-general,文化、艺术与传媒,ART,音乐产业,调音师/音响师,Sound Engineer / Live Sound Technician,3521,27-4014.00,东亚,中国,CN,country,general,本科/专科,18-28,global,6.4,5.1,6.5,6.5,6.8,6.6,5.4,5.4,5.3,5.0,3.2,6.9,6.2,1.4,4.1,7.0,4.8,3.4,7.1,6.9,2.0,6.9,0.4,8.3,6.1,4.0,5.5,6.7,4.6,2.0,6.5,5.6,5.2,3.9,2,0,→,2032-2038,5.3,中国调音师/音响师：加班文化严重，就业波动大,"China Sound Engineer / Live Sound Technician: heavy overtime culture, volatile employment",AI综合评估 + O*NET/ILO/OECD锚点校准,2026-04-13,2026-04-13,2000-2026,163000
SVC-0107-CN-general,服务业与消费,SVC,餐饮,食品安全检查员,Food Safety Inspector,3257,45-2011.00,东亚,中国,CN,country,general,专科/职校,18-28,global,5.3,4.8,5.3,6.6,6.3,7.0,6.6,5.4,5.1,4.9,6.3,5.7,5.2,0.5,4.0,6.0,5.7,2.4,6.6,4.9,2.3,5.7,1.9,7.2,7.5,5.5,4.9,7.9,3.4,5.3,5.9,5.3,4.2,4.2,2,2,↑,2032-2038,5.3,中国食品安全检查员：加班文化严重,China Food Safety Inspector: heavy overtime culture,AI综合评估 + O*NET/ILO/OECD锚点校准,2026-04-13,2026-04-13,2000-2026,149000
SVC-0114-CN-general,服务业与消费,SVC,餐饮,巧克力师,Chocolatier,7512,51-3092.00,东亚,中国,CN,country,general,专科/职校,18-28,global,6.0,3.3,6.1,6.3,6.1,4.4,6.8,5.2,4.5,4.5,4.5,5.2,4.9,0.4,4.1,6.4,5.6,2.5,8.9,5.4,1.2,4.8,1.8,8.5,8.6,4.4,5.1,7.3,7.3,2.7,6.2,5.7,4.8,4.4,2,2,↑,2035+,5.3,中国巧克力师：薪资水平偏低，AI替代抗性强，加班文化严重,"China Chocolatier: relatively low pay, strong AI resistance, heavy overtime culture",AI综合评估 + O*NET/ILO/OECD锚点校准,2026-04-13,2026-04-13,2000-2026,114000
LAW-0114-CN-general,法律与社会服务,LAW,律师各专业,破产律师,Bankruptcy Lawyer,2611,23-1011.00,东亚,中国,CN,country,general,法学博士/硕士,25-30,global,7.6,7.8,5.3,8.0,6.2,5.4,5.2,5.4,8.6,6.1,4.6,9.1,5.4,0.9,1.9,5.4,5.5,2.0,5.7,8.2,5.4,5.0,2.5,4.8,7.3,5.9,6.6,7.4,0.5,8.8,7.5,3.4,4.1,3.3,1,0,→,2028-2033,5.3,中国破产律师：薪资回报高，加班文化严重,"China Bankruptcy Lawyer: high compensation, heavy overtime culture",AI综合评估 + O*NET/ILO/OECD锚点校准,2026-04-13,2026-04-13,2000-2026,719000
ART-0905-CN-general,文化、艺术与传媒,ART,新闻传媒,调查记者,Investigative Journalist,2642,27-3022.00,东亚,中国,CN,country,general,本科,22-28,global,5.4,5.2,3.7,6.8,4.1,5.6,4.4,5.5,6.4,6.0,3.7,1.8,5.7,0.6,4.8,6.7,6.0,2.6,7.4,8.3,5.1,5.1,1.2,8.8,4.8,5.6,6.5,7.5,3.6,2.0,5.4,4.5,5.7,4.8,0,-2,↓,2032-2038,5.3,中国调查记者：加班文化严重，就业波动大，近年需求下降,"China Investigative Journalist: heavy overtime culture, volatile employment, declining demand",AI综合评估 + O*NET/ILO/OECD锚点校准,2026-04-13,2026-04-13,2000-2026,267000
TRA-0303-CN-general,交通运输与物流,TRA,铁路,铁路维护工程师,Railway Maintenance Engineer,7233,49-9097.00,东亚,中国,CN,country,general,大专/本科,20-28,global,5.9,5.4,6.8,8.1,8.4,9.1,7.2,6.4,5.4,6.8,9.0,5.2,5.2,1.3,2.6,4.9,4.6,1.2,6.9,6.3,0.1,3.7,2.7,5.7,3.3,3.2,5.1,5.3,7.1,5.5,4.1,2.1,3.1,6.3,2,2,↑,2032-2038,5.3,中国铁路维护工程师：加班文化严重，就业稳定,"China Railway Maintenance Engineer: heavy overtime culture, stable employment",AI综合评估 + O*NET/ILO/OECD锚点校准,2026-04-13,2026-04-13,2000-2026,170000
SVC-0303-CN-general,服务业与消费,SVC,零售,买手,Retail Buyer / Merchandiser,3323,13-1022.00,东亚,中国,CN,country,general,高中/专科,18-30,global,4.3,4.3,5.1,6.5,8.0,10.0,6.2,4.1,6.2,4.3,4.7,7.4,5.7,0.9,3.5,5.2,5.3,1.8,6.4,5.1,0.7,4.3,1.9,6.2,5.4,4.3,4.9,7.8,4.1,1.0,5.6,4.6,4.8,4.3,0,0,→,2032-2038,5.29,中国买手：加班文化严重,China Retail Buyer / Merchandiser: heavy overtime culture,AI综合评估 + O*NET/ILO/OECD锚点校准,2026-04-13,2026-04-13,2000-2026,244000
SVC-0106-CN-general,服务业与消费,SVC,餐饮,餐厅经理,Restaurant Manager,1412,11-9051.00,东亚,中国,CN,country,general,专科/职校,25-35,global,5.8,4.6,5.3,6.6,6.5,7.4,6.0,5.8,6.0,3.6,5.3,5.7,4.7,0.2,3.1,6.5,6.1,2.5,7.1,6.3,1.5,6.3,1.9,7.7,7.8,4.0,5.1,7.8,7.0,3.3,5.6,5.7,3.7,3.9,2,2,↑,2032-2038,5.29,中国餐厅经理：加班文化严重,China Restaurant Manager: heavy overtime culture,AI综合评估 + O*NET/ILO/OECD锚点校准,2026-04-13,2026-04-13,2000-2026,223000
SKL-0706-CN-general,技术工种与手工业,SKL,传统手工艺,铁匠/锻工,Blacksmith,7221,51-4022.00,东亚,中国,CN,country,general,师徒制/自学,16-30,global,5.5,3.0,3.5,8.3,4.5,5.1,4.5,5.4,4.5,4.2,4.5,3.7,4.4,2.6,5.1,4.3,3.3,2.1,9.5,5.6,1.4,6.7,3.0,8.1,8.1,4.2,7.7,4.9,8.5,1.7,4.2,6.7,3.9,2.1,0,0,→,2035+,5.29,中国铁匠/锻工：薪资水平偏低，AI替代抗性强，加班文化严重,"China Blacksmith: relatively low pay, strong AI resistance, heavy overtime culture",AI综合评估 + O*NET/ILO/OECD锚点校准,2026-04-13,2026-04-13,2000-2026,114000
SVC-0215-CN-general,服务业与消费,SVC,酒店旅游,生态旅游导游,Ecotourism Guide,5113,39-7012.00,东亚,中国,CN,country,general,专科/本科,20-30,global,4.8,4.0,7.2,6.8,6.3,4.7,5.7,5.1,4.3,5.2,3.8,6.7,5.7,0.2,3.6,6.0,5.9,1.7,8.3,5.3,1.3,5.2,1.2,7.7,6.9,5.0,5.1,8.2,6.9,3.0,7.4,4.1,5.4,5.0,2,3,↑,2035+,5.29,中国生态旅游导游：薪资水平偏低，AI替代抗性强，加班文化严重,"China Ecotourism Guide: relatively low pay, strong AI resistance, heavy overtime culture",AI综合评估 + O*NET/ILO/OECD锚点校准,2026-04-13,2026-04-13,2000-2026,104000
SVC-0307-CN-general,服务业与消费,SVC,零售,奢侈品销售顾问,Luxury Retail Sales Advisor,5223,41-2031.00,东亚,中国,CN,country,general,高中/专科,18-30,global,4.1,2.8,6.1,6.6,8.0,7.7,5.5,4.5,5.6,4.2,4.0,7.4,7.0,1.1,3.3,5.4,5.5,1.3,6.5,5.7,0.8,3.0,2.2,4.9,5.4,5.5,5.3,8.4,4.8,1.6,6.1,4.3,4.5,4.3,0,0,→,2032-2038,5.29,中国奢侈品销售顾问：加班文化严重，就业波动大,"China Luxury Retail Sales Advisor: heavy overtime culture, volatile employment",AI综合评估 + O*NET/ILO/OECD锚点校准,2026-04-13,2026-04-13,2000-2026,186000
SKL-0710-CN-general,技术工种与手工业,SKL,传统手工艺,猎鹰训练师,Falconer,6129,,东亚,中国,CN,country,general,师徒制/自学,16-30,country_specific,5.5,3.0,4.4,8.3,2.5,3.0,4.0,5.5,4.8,5.0,5.5,5.5,4.6,2.1,5.1,4.5,2.9,2.1,9.4,6.1,1.7,8.0,3.7,9.3,7.6,3.0,7.6,5.2,4.8,5.4,4.0,7.0,0.4,2.3,0,0,→,2035+,5.28,中国猎鹰训练师：供过于求，AI替代抗性强，加班文化严重,"China Falconer: oversupply of talent, strong AI resistance, heavy overtime culture",AI综合评估 + O*NET/ILO/OECD锚点校准,2026-04-13,2026-04-13,2000-2026,130000
TRA-0505-CN-general,交通运输与物流,TRA,物流管理,仓库管理员,Warehouse Operative / Stocker,9321,53-7065.00,东亚,中国,CN,country,general,高中/无要求,18-30,global,2.3,1.2,6.4,5.5,7.6,7.8,5.7,6.7,4.3,6.1,5.3,6.5,5.1,1.7,3.0,5.9,4.9,1.4,3.6,3.9,4.0,4.6,2.0,5.7,5.4,5.0,5.2,5.9,7.4,1.2,7.2,3.1,4.7,3.9,3,3,↑,2026-2030,5.28,中国仓库管理员：薪资水平偏低，AI替代风险较高，加班文化严重,"China Warehouse Operative / Stocker: relatively low pay, high AI displacement risk, heavy overtime culture",AI综合评估 + O*NET/ILO/OECD锚点校准,2026-04-13,2026-04-13,2000-2026,104000
SVC-0304-CN-general,服务业与消费,SVC,零售,电商运营专员,E-commerce Operations Specialist,2431,11-2021.00,东亚,中国,CN,country,general,高中/专科,18-30,global,3.0,4.0,7.9,6.2,7.6,10.0,5.2,3.6,4.5,4.1,4.5,7.4,7.0,0.9,4.0,5.9,5.3,1.4,4.2,4.6,6.1,3.7,2.2,4.7,5.9,4.4,5.5,7.2,1.2,1.8,6.0,4.2,2.8,3.7,0,4,↑↑,2026-2030,5.28,中国电商运营专员：薪资水平偏低，加班文化严重，近年增长迅猛,"China E-commerce Operations Specialist: relatively low pay, heavy overtime culture, rapid recent growth",AI综合评估 + O*NET/ILO/OECD锚点校准,2026-04-13,2026-04-13,2000-2026,114000
LAW-0804-CN-general,法律与社会服务,LAW,宗教,犹太拉比,Rabbi,2636,21-2011.00,东亚,中国,CN,country,general,犹太神学院,25-32,global,7.3,6.8,3.2,9.0,3.1,0.9,4.3,4.7,4.3,5.0,6.6,6.9,4.5,2.2,4.0,5.7,4.5,2.0,9.1,8.1,3.6,6.6,3.7,7.7,4.0,4.0,8.3,9.5,1.3,7.6,0.5,3.0,4.5,4.5,0,0,→,2035+,5.28,中国犹太拉比：薪资水平偏低，AI替代抗性强，加班文化严重,"China Rabbi: relatively low pay, strong AI resistance, heavy overtime culture",AI综合评估 + O*NET/ILO/OECD锚点校准,2026-04-13,2026-04-13,2000-2026,104000
SKL-0301-CN-general,技术工种与手工业,SKL,焊接,电弧焊工,Arc Welder,7212,51-4121.00,东亚,中国,CN,country,general,职校/短期培训,18-25,global,3.5,2.5,7.0,6.8,7.2,8.1,7.2,6.9,5.9,6.6,6.1,2.4,3.4,1.2,3.3,5.3,4.8,1.5,6.1,4.3,0.5,4.2,2.4,6.6,5.9,1.0,4.9,5.1,7.7,5.3,6.2,5.7,5.3,3.3,2,2,↑,2032-2038,5.28,中国电弧焊工：加班文化严重,China Arc Welder: heavy overtime culture,AI综合评估 + O*NET/ILO/OECD锚点校准,2026-04-13,2026-04-13,2000-2026,213000
SKL-0410-CN-general,技术工种与手工业,SKL,机械加工,电火花加工技师,EDM (Electrical Discharge Machining) Technician,7223,51-4041.00,东亚,中国,CN,country,general,职校/技校,18-25,global,5.2,3.2,6.7,7.3,7.5,5.6,6.7,6.5,6.2,6.4,5.8,4.4,5.1,1.9,3.8,5.4,4.9,1.6,5.4,5.0,0.0,5.5,2.6,6.2,4.9,2.5,5.4,4.9,5.0,3.8,6.2,4.1,4.7,3.4,1,1,→,2028-2033,5.28,中国电火花加工技师：加班文化严重,China EDM (Electrical Discharge Machining) Technician: heavy overtime culture,AI综合评估 + O*NET/ILO/OECD锚点校准,2026-04-13,2026-04-13,2000-2026,244000
SVC-0120-CN-general,服务业与消费,SVC,餐饮,美食评论家/美食博主,Food Critic / Food Blogger,2641,27-3043.00,东亚,中国,CN,country,general,专科/职校,18-28,global,5.8,4.6,5.3,6.6,6.6,7.0,6.4,6.0,3.9,3.8,4.3,5.2,4.5,0.0,3.8,6.6,5.1,2.8,6.1,5.3,7.4,4.4,2.0,7.6,9.1,4.2,5.8,7.3,1.9,2.8,6.2,7.9,3.7,4.4,2,2,↑,2032-2038,5.27,中国美食评论家/美食博主：薪资水平偏低，加班文化严重,"China Food Critic / Food Blogger: relatively low pay, heavy overtime culture",AI综合评估 + O*NET/ILO/OECD锚点校准,2026-04-13,2026-04-13,2000-2026,87000
ART-0911-CN-general,文化、艺术与传媒,ART,新闻传媒,事实核查员,Fact-checker,2642,27-3041.00,东亚,中国,CN,country,general,本科,22-28,global,5.0,5.6,4.4,6.8,4.2,3.1,5.2,6.2,5.0,4.8,4.7,4.3,5.7,0.1,4.1,7.0,6.0,2.1,6.5,6.1,5.7,4.8,1.9,7.5,4.8,5.6,6.6,7.8,3.5,2.0,4.7,5.3,5.7,3.8,0,-2,↓,2032-2038,5.27,中国事实核查员：加班文化严重，近年需求下降,"China Fact-checker: heavy overtime culture, declining demand",AI综合评估 + O*NET/ILO/OECD锚点校准,2026-04-13,2026-04-13,2000-2026,142000
SVC-1407-CN-general,服务业与消费,SVC,休闲娱乐,滑雪教练,Ski Instructor,3423,39-9031.00,东亚,中国,CN,country,general,专科/证书,20-32,global,5.0,3.7,6.4,7.1,6.4,7.0,6.1,4.2,5.5,4.6,5.0,4.7,5.0,0.9,2.6,4.9,5.0,1.6,8.9,4.6,1.5,5.0,1.5,8.4,6.7,5.8,4.9,7.8,7.1,4.3,8.6,5.6,4.7,3.9,2,3,↑,2035+,5.27,中国滑雪教练：AI替代抗性强，加班文化严重,"China Ski Instructor: strong AI resistance, heavy overtime culture",AI综合评估 + O*NET/ILO/OECD锚点校准,2026-04-13,2026-04-13,2000-2026,178000
SVC-0702-CN-general,服务业与消费,SVC,殡葬,遗体化妆师,Embalmer / Mortuary Cosmetician,5163,39-4011.00,东亚,中国,CN,country,general,专科/证书,22-35,global,4.7,4.6,5.0,8.1,4.9,4.5,5.7,5.4,5.3,6.4,6.3,5.9,3.8,2.4,2.8,4.6,4.4,1.0,9.0,4.0,1.6,5.3,2.2,5.9,4.4,5.1,6.4,6.8,5.1,4.0,2.0,2.0,2.9,4.5,1,1,→,2035+,5.27,中国遗体化妆师：AI替代抗性强，加班文化严重,"China Embalmer / Mortuary Cosmetician: strong AI resistance, heavy overtime culture",AI综合评估 + O*NET/ILO/OECD锚点校准,2026-04-13,2026-04-13,2000-2026,163000
LAW-0902-CN-general,法律与社会服务,LAW,心理社会服务,戒瘾辅导员,Substance Abuse Counselor,2634,21-1011.00,东亚,中国,CN,country,general,本科/硕士,24-30,global,4.8,5.0,5.8,6.7,6.2,5.2,5.7,5.4,4.1,3.6,4.8,7.5,4.5,2.9,1.9,5.3,4.1,2.7,8.4,5.2,4.3,4.4,2.2,7.7,5.4,5.9,6.6,8.7,1.8,5.6,2.6,3.4,3.6,3.3,2,1,→,2035+,5.27,中国戒瘾辅导员：薪资水平偏低，AI替代抗性强，加班文化严重,"China Substance Abuse Counselor: relatively low pay, strong AI resistance, heavy overtime culture",AI综合评估 + O*NET/ILO/OECD锚点校准,2026-04-13,2026-04-13,2000-2026,95000
SKL-0614-CN-general,技术工种与手工业,SKL,建筑工,石材工,Stone Mason,7113,47-2022.00,东亚,中国,CN,country,general,短期培训/学徒,18-25,global,4.7,2.1,6.5,6.5,8.4,10.0,6.6,7.1,4.7,5.5,5.3,3.9,3.7,1.4,3.3,4.3,3.8,1.7,8.7,4.2,0.8,4.7,0.9,7.6,5.3,1.7,4.4,5.5,8.8,2.9,7.5,5.2,3.9,2.8,2,2,↑,2035+,5.27,中国石材工：AI替代抗性强，加班文化严重,"China Stone Mason: strong AI resistance, heavy overtime culture",AI综合评估 + O*NET/ILO/OECD锚点校准,2026-04-13,2026-04-13,2000-2026,124000
ART-0910-CN-general,文化、艺术与传媒,ART,新闻传媒,视频记者/多媒体记者,Video Journalist (VJ) / Multimedia Journalist,2642,27-3022.00,东亚,中国,CN,country,general,本科,22-28,global,5.4,5.6,6.0,7.1,5.1,4.6,4.5,5.5,5.6,5.6,5.0,4.3,5.2,0.9,4.5,7.0,6.6,2.2,6.0,5.9,4.9,3.7,1.5,7.4,4.9,5.3,5.9,7.4,3.5,2.2,4.6,5.5,4.8,4.4,0,0,→,2028-2033,5.27,中国视频记者/多媒体记者：加班文化严重,China Video Journalist (VJ) / Multimedia Journalist: heavy overtime culture,AI综合评估 + O*NET/ILO/OECD锚点校准,2026-04-13,2026-04-13,2000-2026,186000
SVC-0103-CN-general,服务业与消费,SVC,餐饮,西点烘焙师,Pastry Chef / Baker,7512,51-3011.00,东亚,中国,CN,country,general,专科/职校,18-28,global,5.3,3.8,5.3,6.5,6.8,7.7,5.8,6.0,5.1,5.0,4.0,5.4,4.8,0.0,3.8,6.8,6.1,2.8,8.4,4.5,1.2,4.4,1.4,7.5,8.5,6.2,5.6,7.4,6.9,3.0,6.0,5.3,3.6,4.8,2,2,↑,2035+,5.27,中国西点烘焙师：AI替代抗性强，加班文化严重，就业波动大,"China Pastry Chef / Baker: strong AI resistance, heavy overtime culture, volatile employment",AI综合评估 + O*NET/ILO/OECD锚点校准,2026-04-13,2026-04-13,2000-2026,149000
ART-0907-CN-general,文化、艺术与传媒,ART,新闻传媒,广播电台主持人,Radio Host,2656,27-3011.00,东亚,中国,CN,country,general,本科,22-28,global,5.1,5.6,4.1,6.8,4.9,4.3,4.8,6.3,6.9,5.8,4.0,4.1,5.5,0.1,3.8,6.9,6.0,2.1,6.0,7.1,5.2,4.1,1.5,7.6,4.8,5.7,5.9,7.5,3.5,2.9,5.3,5.5,5.3,4.3,0,-2,↓,2028-2033,5.26,中国广播电台主持人：加班文化严重，就业波动大，近年需求下降,"China Radio Host: heavy overtime culture, volatile employment, declining demand",AI综合评估 + O*NET/ILO/OECD锚点校准,2026-04-13,2026-04-13,2000-2026,335000
LAW-0701-CN-general,法律与社会服务,LAW,NGO与人道主义,NGO项目经理,NGO Program Manager,1114,11-9199.00,东亚,中国,CN,country,general,本科/硕士,24-30,global,5.8,5.9,4.0,7.1,4.3,4.7,4.8,4.7,3.2,3.4,4.4,7.2,4.7,2.4,2.9,7.7,6.9,2.0,6.9,5.9,6.0,5.4,1.9,7.5,6.3,6.2,5.7,8.4,2.0,3.0,3.5,2.6,6.2,3.1,2,1,→,2032-2038,5.26,中国NGO项目经理：薪资水平偏低，加班文化严重,"China NGO Program Manager: relatively low pay, heavy overtime culture",AI综合评估 + O*NET/ILO/OECD锚点校准,2026-04-13,2026-04-13,2000-2026,63000
SKL-0503-CN-general,技术工种与手工业,SKL,汽车维修,汽车喷漆工,Automotive Painter,7132,51-9124.00,东亚,中国,CN,country,general,职校/学徒,18-25,global,3.5,2.5,5.4,7.2,6.1,8.2,5.8,5.6,4.5,5.7,5.3,3.7,3.4,1.9,3.0,5.1,4.8,1.5,7.4,4.6,0.0,6.2,2.2,7.3,7.4,1.2,5.5,6.5,6.1,4.0,6.0,6.6,4.2,2.6,2,2,↑,2032-2038,5.26,中国汽车喷漆工：薪资水平偏低，加班文化严重,"China Automotive Painter: relatively low pay, heavy overtime culture",AI综合评估 + O*NET/ILO/OECD锚点校准,2026-04-13,2026-04-13,2000-2026,114000
SVC-1411-CN-general,服务业与消费,SVC,休闲娱乐,蹦极/跳伞教练,Bungee Jumping / Skydiving Instructor,3423,39-9031.00,东亚,中国,CN,country,general,专科/证书,20-32,global,4.3,4.1,6.6,5.8,7.1,4.9,6.3,4.6,6.2,5.1,4.3,3.7,4.6,1.4,2.4,5.0,5.2,1.4,8.7,4.8,1.4,5.7,2.0,8.5,7.0,5.1,5.3,7.5,6.6,5.3,7.3,5.1,3.3,3.5,2,3,↑,2035+,5.26,中国蹦极/跳伞教练：AI替代抗性强，加班文化严重,"China Bungee Jumping / Skydiving Instructor: strong AI resistance, heavy overtime culture",AI综合评估 + O*NET/ILO/OECD锚点校准,2026-04-13,2026-04-13,2000-2026,244000
GOV-0901-CN-general,公共管理与公务员,GOV,情报安全,情报分析师,Intelligence Analyst,2422,33-3021.06,东亚,中国,CN,country,general,硕士,24-30,global,7.1,8.1,6.4,8.3,4.3,4.9,6.1,6.7,7.8,6.2,10.0,6.4,4.0,2.6,2.9,6.5,4.4,2.2,6.2,8.8,3.5,4.9,1.7,7.4,1.9,4.6,5.2,6.0,1.2,10.0,1.4,0.1,3.3,9.1,1,3,↑,2032-2038,5.25,中国情报分析师：加班文化严重，就业稳定,"China Intelligence Analyst: heavy overtime culture, stable employment",AI综合评估 + O*NET/ILO/OECD锚点校准,2026-04-13,2026-04-13,2000-2026,502000
SVC-0607-CN-general,服务业与消费,SVC,平台零工,代购/个人购物者,Personal Shopper / Daigou Agent,5243,41-2031.00,东亚,中国,CN,country,general,无要求,18-40,global,2.0,1.5,8.0,5.4,10.0,10.0,5.9,4.2,3.7,3.7,1.1,5.2,5.2,0.0,4.1,4.8,5.2,1.8,5.9,3.0,2.3,7.0,2.5,3.8,6.9,5.0,5.2,6.9,5.2,0.7,5.6,7.2,3.5,2.5,4,4,↑↑,2028-2033,5.25,中国代购/个人购物者：薪资水平偏低，加班文化严重，就业波动大,"China Personal Shopper / Daigou Agent: relatively low pay, heavy overtime culture, volatile employment",AI综合评估 + O*NET/ILO/OECD锚点校准,2026-04-13,2026-04-13,2000-2026,79000
ART-0211-CN-general,文化、艺术与传媒,ART,音乐产业,K-pop练习生,K-pop Trainee,2655,,东亚,中国,CN,country,general,无要求,12-18,regional,7.0,5.1,6.1,2.6,6.4,7.4,5.1,5.8,5.3,5.2,2.0,7.2,6.3,0.7,5.3,6.2,5.5,3.8,7.4,6.9,5.0,6.7,1.2,8.5,6.8,4.9,5.3,7.3,7.8,2.0,6.3,5.7,5.2,4.2,2,0,→,2032-2038,5.25,中国K-pop练习生：加班文化严重，就业波动大,"China K-pop Trainee: heavy overtime culture, volatile employment",AI综合评估 + O*NET/ILO/OECD锚点校准,2026-04-13,2026-04-13,2000-2026,163000
SVC-0206-CN-general,服务业与消费,SVC,酒店旅游,礼宾部经理,Concierge Manager,1411,39-6012.00,东亚,中国,CN,country,general,专科/本科,20-30,global,4.6,3.8,6.1,6.7,5.7,7.0,5.5,4.7,5.3,3.9,4.5,6.4,6.0,0.4,3.1,5.7,6.1,1.9,7.4,6.1,2.8,4.0,1.0,6.3,6.8,4.4,5.1,9.2,5.3,2.9,8.0,4.1,6.5,4.2,2,2,↑,2032-2038,5.25,中国礼宾部经理：加班文化严重,China Concierge Manager: heavy overtime culture,AI综合评估 + O*NET/ILO/OECD锚点校准,2026-04-13,2026-04-13,2000-2026,163000
ART-0909-CN-general,文化、艺术与传媒,ART,新闻传媒,气象主播,Weather Anchor / Meteorologist Presenter,2656,27-3011.00,东亚,中国,CN,country,general,本科,22-28,global,5.9,5.4,4.6,7.3,3.9,5.5,4.6,5.8,7.2,4.7,5.1,4.1,6.4,1.2,4.3,6.9,5.7,2.2,4.9,6.7,4.0,3.8,2.2,7.6,5.7,5.9,6.7,7.3,3.8,2.8,5.2,5.3,5.9,4.6,0,-2,↓,2028-2033,5.25,中国气象主播：加班文化严重，近年需求下降,"China Weather Anchor / Meteorologist Presenter: heavy overtime culture, declining demand",AI综合评估 + O*NET/ILO/OECD锚点校准,2026-04-13,2026-04-13,2000-2026,383000
SVC-0101-CN-general,服务业与消费,SVC,餐饮,中餐厨师,Chinese Cuisine Chef,5120,35-1011.00,东亚,中国,CN,country,general,专科/职校,18-28,global,5.5,3.3,5.1,6.2,6.6,6.9,6.4,5.4,4.8,4.6,4.5,5.2,4.9,0.4,3.5,6.9,5.7,2.4,8.3,5.7,1.7,5.4,0.4,8.3,7.3,4.8,5.9,7.7,7.2,3.3,5.9,5.1,2.9,4.2,2,2,↑,2035+,5.25,中国中餐厨师：AI替代抗性强，加班文化严重,"China Chinese Cuisine Chef: strong AI resistance, heavy overtime culture",AI综合评估 + O*NET/ILO/OECD锚点校准,2026-04-13,2026-04-13,2000-2026,130000
TRA-0210-CN-general,交通运输与物流,TRA,航海,海洋救助员,Maritime Search & Rescue Worker,5419,33-2011.00,东亚,中国,CN,country,general,救援培训+证书,22-32,global,5.3,4.0,5.9,7.2,7.3,8.5,6.7,7.3,5.8,6.3,6.0,2.7,3.1,0.4,2.2,4.9,3.8,1.7,8.2,7.5,0.2,4.7,0.9,8.5,4.2,3.5,5.4,5.4,8.0,5.8,7.5,1.6,7.9,3.7,1,1,→,2035+,5.25,中国海洋救助员：AI替代抗性强，加班文化严重,"China Maritime Search & Rescue Worker: strong AI resistance, heavy overtime culture",AI综合评估 + O*NET/ILO/OECD锚点校准,2026-04-13,2026-04-13,2000-2026,204000
SVC-1303-CN-general,服务业与消费,SVC,婚庆活动,婚纱礼服顾问,Bridal Gown Consultant,5223,41-2031.00,东亚,中国,CN,country,general,专科,20-32,global,3.7,3.4,5.3,7.3,6.3,6.8,5.7,4.6,3.6,5.4,4.0,7.0,6.0,0.4,3.1,5.5,5.1,1.7,6.4,5.0,1.7,6.4,1.4,7.0,7.4,6.4,4.8,8.8,4.8,1.9,7.2,4.5,3.2,3.0,2,2,↑,2032-2038,5.24,中国婚纱礼服顾问：薪资水平偏低，加班文化严重，就业波动大,"China Bridal Gown Consultant: relatively low pay, heavy overtime culture, volatile employment",AI综合评估 + O*NET/ILO/OECD锚点校准,2026-04-13,2026-04-13,2000-2026,76000
SVC-1414-CN-general,服务业与消费,SVC,休闲娱乐,宠物酒店经理,Pet Hotel / Boarding Manager,1431,11-9071.00,东亚,中国,CN,country,general,专科/证书,20-32,global,4.4,3.9,7.8,6.8,7.3,5.1,5.7,4.8,5.0,4.4,4.8,5.4,5.5,1.4,2.3,5.7,5.2,1.5,7.8,4.3,0.6,5.3,1.4,7.0,8.5,5.0,4.7,6.9,5.5,3.1,7.1,4.5,3.7,3.7,2,4,↑↑,2035+,5.24,中国宠物酒店经理：AI替代抗性强，加班文化严重，近年增长迅猛,"China Pet Hotel / Boarding Manager: strong AI resistance, heavy overtime culture, rapid recent growth",AI综合评估 + O*NET/ILO/OECD锚点校准,2026-04-13,2026-04-13,2000-2026,142000
SKL-0407-CN-general,技术工种与手工业,SKL,机械加工,CNC编程员,CNC Programmer,7223,51-4012.00,东亚,中国,CN,country,general,职校/技校,18-25,global,5.6,4.2,6.9,6.9,6.6,7.7,7.3,6.6,6.6,6.4,6.4,4.7,4.5,1.7,3.0,5.5,5.3,1.2,3.9,5.0,2.6,5.0,2.0,6.1,5.3,1.2,5.8,4.0,6.2,3.7,6.3,4.3,4.1,2.8,1,2,↑,2026-2030,5.24,中国CNC编程员：AI替代风险较高，加班文化严重,"China CNC Programmer: high AI displacement risk, heavy overtime culture",AI综合评估 + O*NET/ILO/OECD锚点校准,2026-04-13,2026-04-13,2000-2026,292000
GOV-0105-CN-general,公共管理与公务员,GOV,中央/联邦公务员,税务官员,Tax Official,3353,13-2081.00,东亚,中国,CN,country,general,本科,22-28,global,5.3,6.4,4.2,9.8,6.4,7.9,4.7,4.3,5.4,5.8,10.0,9.4,6.8,5.1,3.7,4.8,3.9,2.7,4.9,7.3,3.7,2.9,4.7,5.5,1.8,5.6,6.5,6.8,1.2,8.6,1.6,0.6,2.9,8.8,-1,0,→,2028-2033,5.24,中国税务官员：就业稳定,China Tax Official: stable employment,AI综合评估 + O*NET/ILO/OECD锚点校准,2026-04-13,2026-04-13,2000-2026,170000
SVC-0305-CN-general,服务业与消费,SVC,零售,视觉陈列设计师,Visual Merchandiser,3432,27-1026.00,东亚,中国,CN,country,general,高中/专科,18-30,global,3.8,4.1,5.9,6.6,8.0,9.7,6.2,4.1,4.2,4.4,3.5,7.7,7.0,0.6,3.3,6.2,5.3,1.4,6.2,3.9,1.7,4.2,1.2,7.3,5.9,5.6,5.6,7.2,4.1,1.2,5.5,4.4,2.8,3.9,0,0,→,2032-2038,5.24,中国视觉陈列设计师：薪资水平偏低，加班文化严重，就业波动大,"China Visual Merchandiser: relatively low pay, heavy overtime culture, volatile employment",AI综合评估 + O*NET/ILO/OECD锚点校准,2026-04-13,2026-04-13,2000-2026,99000
SKL-0610-CN-general,技术工种与手工业,SKL,建筑工,油漆工,Painter (Construction),7131,47-2141.00,东亚,中国,CN,country,general,短期培训/学徒,18-25,global,2.8,1.9,5.9,5.9,8.0,10.0,6.2,6.2,5.2,6.2,5.7,4.7,3.7,0.6,2.6,4.9,3.8,2.0,7.6,4.0,0.8,5.0,2.2,5.8,5.2,1.9,4.6,5.6,7.5,3.3,7.9,5.7,3.9,1.8,2,2,↑,2035+,5.23,中国油漆工：AI替代抗性强，加班文化严重,"China Painter (Construction): strong AI resistance, heavy overtime culture",AI综合评估 + O*NET/ILO/OECD锚点校准,2026-04-13,2026-04-13,2000-2026,156000
GOV-0203-CN-general,公共管理与公务员,GOV,地方公务员,民政事务员,Civil Affairs Officer,3354,21-1099.00,东亚,中国,CN,country,general,本科,22-28,global,4.3,5.9,4.0,8.9,6.2,7.3,4.1,3.3,5.0,4.9,10.0,9.6,5.9,5.1,4.9,4.7,3.3,2.2,6.1,7.6,2.2,3.3,4.3,6.9,1.6,4.7,6.5,7.9,2.3,8.4,0.8,1.1,2.0,8.3,0,1,→,2032-2038,5.23,中国民政事务员：就业稳定,China Civil Affairs Officer: stable employment,AI综合评估 + O*NET/ILO/OECD锚点校准,2026-04-13,2026-04-13,2000-2026,142000
ART-0904-CN-general,文化、艺术与传媒,ART,新闻传媒,新闻编辑,News Editor,2642,27-3041.00,东亚,中国,CN,country,general,本科,22-28,global,5.4,5.8,4.3,6.8,5.2,5.2,4.4,5.6,6.2,5.3,5.3,4.1,5.3,1.4,4.3,6.7,6.0,2.1,4.9,6.1,7.0,4.4,1.0,7.1,5.1,4.8,6.7,7.5,3.2,2.6,5.3,5.7,5.8,5.0,0,-2,↓,2028-2033,5.23,中国新闻编辑：加班文化严重，近年需求下降,"China News Editor: heavy overtime culture, declining demand",AI综合评估 + O*NET/ILO/OECD锚点校准,2026-04-13,2026-04-13,2000-2026,244000
LAW-0708-CN-general,法律与社会服务,LAW,NGO与人道主义,环保NGO倡导者,Environmental NGO Advocate,2635,21-1099.00,东亚,中国,CN,country,general,本科/硕士,22-30,global,4.7,5.0,5.3,6.8,3.4,3.4,5.3,3.7,3.3,2.6,4.1,6.9,4.6,1.9,1.9,6.7,6.3,2.5,7.5,6.3,5.5,6.4,1.7,7.8,5.7,5.9,6.0,8.8,2.8,2.5,2.8,3.3,6.7,2.5,3,3,↑,2035+,5.23,中国环保NGO倡导者：薪资水平偏低，AI替代抗性强，加班文化严重,"China Environmental NGO Advocate: relatively low pay, strong AI resistance, heavy overtime culture",AI综合评估 + O*NET/ILO/OECD锚点校准,2026-04-13,2026-04-13,2000-2026,66000
ART-0117-CN-general,文化、艺术与传媒,ART,影视制作,场记,Script Supervisor / Continuity Person,2654,27-2012.00,东亚,中国,CN,country,general,本科,20-30,global,3.9,5.4,7.0,6.4,7.1,7.9,5.5,6.5,4.8,4.8,2.6,6.2,5.2,0.6,4.0,6.9,5.5,2.9,6.4,4.1,2.0,6.4,1.9,8.0,5.9,4.8,4.2,7.0,4.0,2.0,6.7,4.9,4.9,5.1,3,1,→,2032-2038,5.23,中国场记：加班文化严重，就业波动大,"China Script Supervisor / Continuity Person: heavy overtime culture, volatile employment",AI综合评估 + O*NET/ILO/OECD锚点校准,2026-04-13,2026-04-13,2000-2026,130000
ART-0901-CN-general,文化、艺术与传媒,ART,新闻传媒,记者,Journalist / Reporter,2642,27-3022.00,东亚,中国,CN,country,general,本科,22-28,global,4.7,6.1,4.3,6.7,4.4,5.4,5.0,6.1,5.6,5.3,3.5,3.0,6.0,0.0,4.9,7.1,6.8,2.2,6.8,6.8,4.5,4.1,1.5,7.6,4.5,5.5,6.5,7.8,3.5,2.1,4.6,5.1,4.8,4.8,0,-2,↓,2032-2038,5.22,中国记者：加班文化严重，就业波动大，近年需求下降,"China Journalist / Reporter: heavy overtime culture, volatile employment, declining demand",AI综合评估 + O*NET/ILO/OECD锚点校准,2026-04-13,2026-04-13,2000-2026,186000
SVC-0213-CN-general,服务业与消费,SVC,酒店旅游,赌场酒店经理,Casino/Resort Hotel Manager,1411,11-9081.00,东亚,中国,CN,country,general,专科/本科,20-30,regional,4.6,4.4,5.5,6.7,6.1,5.0,5.3,5.1,7.1,3.9,5.2,6.7,5.2,0.4,3.4,5.8,5.9,1.9,7.0,7.3,1.3,5.0,1.4,6.6,6.6,5.4,4.7,8.3,5.0,5.4,8.3,4.7,5.4,5.0,2,2,↑,2032-2038,5.22,中国赌场酒店经理：加班文化严重,China Casino/Resort Hotel Manager: heavy overtime culture,AI综合评估 + O*NET/ILO/OECD锚点校准,2026-04-13,2026-04-13,2000-2026,366000
SKL-0613-CN-general,技术工种与手工业,SKL,建筑工,地板安装工,Floor Layer / Installer,7122,47-2042.00,东亚,中国,CN,country,general,短期培训/学徒,18-25,global,3.1,1.9,5.9,6.6,8.5,10.0,6.2,6.4,5.1,5.9,5.6,5.4,3.9,1.6,2.0,4.8,4.0,2.3,7.6,4.1,0.4,4.5,1.5,5.6,5.0,1.7,4.9,5.3,7.5,2.6,7.7,5.5,4.5,2.8,2,2,↑,2035+,5.22,中国地板安装工：AI替代抗性强，加班文化严重,"China Floor Layer / Installer: strong AI resistance, heavy overtime culture",AI综合评估 + O*NET/ILO/OECD锚点校准,2026-04-13,2026-04-13,2000-2026,149000
ART-1102-CN-general,文化、艺术与传媒,ART,体育竞技,职业篮球运动员,Professional Basketball Player,3421,27-2021.00,东亚,中国,CN,country,general,高中/体校,14-22,global,5.7,3.7,6.3,3.8,5.9,9.6,6.1,6.3,9.8,4.0,2.6,4.9,3.3,0.0,4.1,4.1,3.8,3.9,9.1,9.5,1.3,5.2,0.7,8.3,4.0,3.4,2.0,7.0,8.5,2.2,5.1,3.2,7.7,5.7,3,1,→,2035+,5.22,中国职业篮球运动员：薪资回报高，AI替代抗性强，加班文化严重,"China Professional Basketball Player: high compensation, strong AI resistance, heavy overtime culture",AI综合评估 + O*NET/ILO/OECD锚点校准,2026-04-13,2026-04-13,2000-2026,1234000
LAW-0601-CN-general,法律与社会服务,LAW,社会工作,社会工作者,Social Worker,2635,21-1021.00,东亚,中国,CN,country,general,社工本科/硕士,22-28,global,5.7,5.5,3.5,7.5,5.2,5.8,5.7,4.8,3.4,4.4,6.0,6.9,4.5,3.2,1.2,5.4,5.2,1.9,7.9,5.4,3.7,4.3,3.7,7.6,3.2,6.9,7.0,8.7,1.6,6.1,2.4,3.2,4.5,3.3,2,1,→,2035+,5.22,中国社会工作者：薪资水平偏低，AI替代抗性强，加班文化严重,"China Social Worker: relatively low pay, strong AI resistance, heavy overtime culture",AI综合评估 + O*NET/ILO/OECD锚点校准,2026-04-13,2026-04-13,2000-2026,69000
GOV-0401-CN-general,公共管理与公务员,GOV,事业单位/公共机构,事业编制人员,Public Institution Staff (Shiye Bian),3354,,东亚,中国,CN,country,general,本科/硕士,22-30,country_specific,5.0,6.1,4.2,9.2,6.8,8.7,4.4,2.9,4.7,5.5,9.6,9.6,5.7,4.9,4.4,5.0,4.1,2.0,5.4,7.7,1.9,3.4,5.4,5.4,1.4,4.4,7.0,6.5,1.8,8.4,1.1,1.5,2.0,7.6,0,0,→,2028-2033,5.21,中国事业编制人员：就业稳定,China Public Institution Staff (Shiye Bian): stable employment,AI综合评估 + O*NET/ILO/OECD锚点校准,2026-04-13,2026-04-13,2000-2026,124000
ART-0903-CN-general,文化、艺术与传媒,ART,新闻传媒,摄影记者,Photojournalist,3431,27-4021.00,东亚,中国,CN,country,general,本科,22-28,global,5.4,5.8,4.3,6.8,4.9,5.3,5.0,5.6,5.1,6.0,3.8,3.3,6.0,1.1,4.5,7.4,6.2,1.9,7.0,5.9,2.6,5.0,2.2,7.8,5.0,5.3,6.6,7.5,5.9,2.5,5.6,5.3,4.9,4.0,0,-2,↓,2032-2038,5.21,中国摄影记者：加班文化严重，就业波动大，近年需求下降,"China Photojournalist: heavy overtime culture, volatile employment, declining demand",AI综合评估 + O*NET/ILO/OECD锚点校准,2026-04-13,2026-04-13,2000-2026,149000
SVC-0609-CN-general,服务业与消费,SVC,平台零工,民宿清洁服务者,Airbnb / Vacation Rental Cleaner,9112,37-2012.00,东亚,中国,CN,country,general,无要求,18-40,global,2.0,1.9,7.8,4.7,10.0,10.0,5.7,4.0,3.3,3.6,2.0,5.7,4.5,0.0,4.3,4.7,5.2,1.5,7.1,2.7,3.5,7.7,2.0,4.4,6.8,4.2,4.8,5.0,7.1,0.9,6.0,7.2,2.4,3.1,4,4,↑↑,2032-2038,5.21,中国民宿清洁服务者：薪资水平偏低，加班文化严重，就业波动大,"China Airbnb / Vacation Rental Cleaner: relatively low pay, heavy overtime culture, volatile employment",AI综合评估 + O*NET/ILO/OECD锚点校准,2026-04-13,2026-04-13,2000-2026,66000
SVC-1103-CN-general,服务业与消费,SVC,客户服务,投诉处理专员,Complaints Handler,4222,43-4051.00,东亚,中国,CN,country,general,高中/专科,18-30,global,2.8,3.6,4.7,6.3,7.7,9.6,6.1,3.5,2.9,4.7,5.5,8.2,6.2,1.5,5.8,5.6,6.1,1.6,4.1,3.2,5.6,2.7,3.0,3.6,3.6,6.0,5.1,8.6,2.3,1.2,4.5,4.7,2.8,3.8,-1,-1,→,2026-2030,5.21,中国投诉处理专员：薪资水平偏低，加班文化严重,"China Complaints Handler: relatively low pay, heavy overtime culture",AI综合评估 + O*NET/ILO/OECD锚点校准,2026-04-13,2026-04-13,2000-2026,55000
TRA-0209-CN-general,交通运输与物流,TRA,航海,船舶调度员,Vessel Traffic Controller,3151,53-5021.02,东亚,中国,CN,country,general,航海院校/大专,24-32,global,5.6,5.2,5.3,7.6,6.6,9.1,6.9,8.3,6.4,6.8,5.3,7.7,3.0,0.9,2.3,3.9,4.1,1.4,6.0,6.5,1.0,5.2,0.0,7.2,4.2,2.1,5.0,5.4,2.8,6.8,7.7,0.7,8.0,4.0,1,1,→,2032-2038,5.2,中国船舶调度员：加班文化严重,China Vessel Traffic Controller: heavy overtime culture,AI综合评估 + O*NET/ILO/OECD锚点校准,2026-04-13,2026-04-13,2000-2026,267000
SVC-0121-CN-general,服务业与消费,SVC,餐饮,中央厨房经理,Central Kitchen / Commissary Manager,1412,11-9051.00,东亚,中国,CN,country,general,专科/职校,28-38,global,6.1,4.2,5.7,6.0,6.7,7.4,6.7,5.5,5.6,4.1,5.7,5.2,4.5,0.0,4.5,6.4,5.9,2.7,7.3,5.4,1.2,5.5,1.2,7.4,7.3,4.9,5.5,4.5,3.8,3.3,5.8,5.3,3.5,4.4,2,2,↑,2032-2038,5.2,中国中央厨房经理：加班文化严重,China Central Kitchen / Commissary Manager: heavy overtime culture,AI综合评估 + O*NET/ILO/OECD锚点校准,2026-04-13,2026-04-13,2000-2026,186000
SVC-0119-CN-general,服务业与消费,SVC,餐饮,餐饮连锁运营经理,Restaurant Chain Operations Manager,1412,11-9051.00,东亚,中国,CN,country,general,本科,28-38,global,5.3,5.0,4.9,6.6,6.2,7.1,5.8,5.8,6.3,4.2,5.6,5.2,4.8,0.0,4.0,6.0,5.9,2.6,7.3,6.1,1.2,6.0,1.2,6.6,7.7,4.5,5.3,7.3,6.7,3.1,5.9,4.9,3.7,4.4,2,2,↑,2032-2038,5.2,中国餐饮连锁运营经理：加班文化严重,China Restaurant Chain Operations Manager: heavy overtime culture,AI综合评估 + O*NET/ILO/OECD锚点校准,2026-04-13,2026-04-13,2000-2026,255000
SVC-1410-CN-general,服务业与消费,SVC,休闲娱乐,射击教练,Shooting / Firearms Instructor,3423,39-9031.00,东亚,中国,CN,country,general,专科/证书,20-32,global,4.4,3.5,6.3,6.7,6.7,4.6,5.7,5.2,4.7,5.2,4.8,4.2,5.5,0.7,3.3,5.0,5.6,1.2,8.4,4.9,0.0,5.7,1.2,7.6,6.9,4.8,4.9,7.4,4.2,5.5,6.6,5.1,3.9,4.3,2,3,↑,2035+,5.2,中国射击教练：AI替代抗性强，加班文化严重,"China Shooting / Firearms Instructor: strong AI resistance, heavy overtime culture",AI综合评估 + O*NET/ILO/OECD锚点校准,2026-04-13,2026-04-13,2000-2026,124000
ART-1108-CN-general,文化、艺术与传媒,ART,体育竞技,体育经纪人,Sports Agent,3339,13-1011.00,东亚,中国,CN,country,general,本科,25-35,global,6.1,3.9,6.0,7.8,5.3,7.3,6.0,6.2,9.4,4.5,2.4,4.9,4.0,0.4,4.1,3.8,3.7,4.4,9.0,7.4,0.2,4.5,0.5,8.6,8.0,4.1,1.3,8.3,2.4,2.2,4.8,2.2,6.3,5.7,3,1,→,2035+,5.2,中国体育经纪人：薪资回报高，AI替代抗性强，加班文化严重,"China Sports Agent: high compensation, strong AI resistance, heavy overtime culture",AI综合评估 + O*NET/ILO/OECD锚点校准,2026-04-13,2026-04-13,2000-2026,1031000
AGR-0305-CN-general,农业、资源与环境,AGR,渔业,海洋生物学家,Marine Biologist,2131,19-1023.00,东亚,中国,CN,country,general,硕士/博士,26-35,global,8.3,8.0,6.3,6.9,5.7,9.5,6.6,5.8,8.3,5.9,4.5,3.3,3.4,0.0,3.1,4.0,2.4,1.7,7.0,8.1,3.0,5.8,1.2,9.2,5.6,6.2,5.0,4.7,5.0,2.8,8.0,3.3,5.9,3.4,0,0,→,2032-2038,5.19,中国海洋生物学家：薪资回报高，加班文化严重,"China Marine Biologist: high compensation, heavy overtime culture",AI综合评估 + O*NET/ILO/OECD锚点校准,2026-04-13,2026-04-13,2000-2026,628000
SVC-0210-CN-general,服务业与消费,SVC,酒店旅游,旅游规划师,Tourism Planner / Destination Manager,2164,19-3051.00,东亚,中国,CN,country,general,本科,20-30,global,5.7,5.7,5.4,6.7,5.9,6.6,6.1,4.5,5.0,4.6,4.8,6.2,5.9,1.4,3.8,6.0,5.5,2.2,6.8,6.5,4.7,4.5,2.1,6.3,6.2,5.3,4.6,7.8,4.7,2.6,7.6,3.7,4.4,3.8,2,2,↑,2032-2038,5.19,中国旅游规划师：加班文化严重,China Tourism Planner / Destination Manager: heavy overtime culture,AI综合评估 + O*NET/ILO/OECD锚点校准,2026-04-13,2026-04-13,2000-2026,142000
GOV-0605-CN-general,公共管理与公务员,GOV,军事,军事工程师,Military Engineer,110,55-1012.00,东亚,中国,CN,country,general,本科/硕士,22-28,global,7.2,7.6,6.3,8.0,5.2,4.5,6.1,6.7,8.7,6.9,10.0,5.1,3.4,1.4,2.9,6.2,5.8,1.7,6.6,9.3,0.9,4.1,2.4,6.4,2.0,3.4,4.6,6.0,4.7,9.3,0.1,0.3,2.7,9.9,1,3,↑,2032-2038,5.19,中国军事工程师：薪资回报高，加班文化严重，就业稳定,"China Military Engineer: high compensation, heavy overtime culture, stable employment",AI综合评估 + O*NET/ILO/OECD锚点校准,2026-04-13,2026-04-13,2000-2026,752000
SVC-0312-CN-general,服务业与消费,SVC,零售,药房零售店员,Pharmacy Retail Assistant,5223,29-2052.00,东亚,中国,CN,country,general,高中/专科,18-30,global,3.3,3.1,5.5,6.2,7.2,9.8,6.2,4.3,4.1,4.4,5.5,7.4,6.5,1.5,3.1,6.3,5.5,1.2,5.2,4.4,1.7,4.0,1.7,4.7,6.5,5.0,5.7,7.3,4.8,2.7,5.6,4.5,2.9,4.4,0,0,→,2028-2033,5.19,中国药房零售店员：薪资水平偏低，加班文化严重,"China Pharmacy Retail Assistant: relatively low pay, heavy overtime culture",AI综合评估 + O*NET/ILO/OECD锚点校准,2026-04-13,2026-04-13,2000-2026,95000
SVC-1104-CN-general,服务业与消费,SVC,客户服务,技术支持专员,Technical Support Specialist,3512,15-1232.00,东亚,中国,CN,country,general,高中/专科,18-30,global,4.8,4.5,6.1,6.8,7.5,8.9,5.9,3.7,4.4,5.1,4.5,7.9,7.0,1.7,3.8,6.2,5.3,1.7,4.4,3.5,6.8,3.5,2.5,4.3,3.4,5.2,5.1,7.6,2.3,1.2,4.6,3.7,3.3,4.8,-1,-1,→,2026-2030,5.19,中国技术支持专员：薪资水平偏低，加班文化严重,"China Technical Support Specialist: relatively low pay, heavy overtime culture",AI综合评估 + O*NET/ILO/OECD锚点校准,2026-04-13,2026-04-13,2000-2026,109000
SVC-0207-CN-general,服务业与消费,SVC,酒店旅游,客房管理主管,Housekeeping Manager,1411,37-1011.00,东亚,中国,CN,country,general,专科/本科,20-30,global,4.3,4.0,5.7,7.4,5.7,6.8,5.3,5.5,3.7,4.9,4.5,6.4,5.0,0.4,4.3,6.4,5.7,1.9,7.8,5.1,1.5,4.2,2.2,6.4,7.5,4.2,5.2,7.8,5.2,2.6,8.0,3.9,4.6,4.2,2,2,↑,2035+,5.19,中国客房管理主管：薪资水平偏低，AI替代抗性强，加班文化严重,"China Housekeeping Manager: relatively low pay, strong AI resistance, heavy overtime culture",AI综合评估 + O*NET/ILO/OECD锚点校准,2026-04-13,2026-04-13,2000-2026,79000
SVC-1203-CN-general,服务业与消费,SVC,行政办公,办公室经理,Office Manager,1346,11-3012.00,东亚,中国,CN,country,general,专科/本科,28-38,global,3.3,3.6,3.4,7.4,5.3,7.0,4.5,3.9,4.7,4.9,5.5,8.2,6.3,1.9,2.3,6.4,5.5,1.0,5.1,5.5,4.8,5.2,3.0,4.8,3.7,4.9,6.0,6.0,1.9,1.7,4.2,3.2,2.9,4.1,-1,-1,→,2028-2033,5.18,中国办公室经理：加班文化严重,China Office Manager: heavy overtime culture,AI综合评估 + O*NET/ILO/OECD锚点校准,2026-04-13,2026-04-13,2000-2026,124000
SKL-0612-CN-general,技术工种与手工业,SKL,建筑工,玻璃安装工,Glazier,7125,47-2121.00,东亚,中国,CN,country,general,短期培训/学徒,18-25,global,2.8,1.8,5.6,6.5,7.7,10.0,7.0,6.9,5.5,6.4,5.6,3.2,3.6,1.2,2.2,4.5,4.6,2.3,8.0,3.8,0.0,3.9,1.7,5.9,5.5,0.5,4.4,5.8,7.9,2.7,7.0,4.9,4.1,2.8,2,2,↑,2035+,5.18,中国玻璃安装工：AI替代抗性强，加班文化严重,"China Glazier: strong AI resistance, heavy overtime culture",AI综合评估 + O*NET/ILO/OECD锚点校准,2026-04-13,2026-04-13,2000-2026,178000
SVC-0209-CN-general,服务业与消费,SVC,酒店旅游,邮轮经理,Cruise Director,1411,11-9081.00,东亚,中国,CN,country,general,专科/本科,20-30,global,4.8,4.1,5.1,7.0,5.7,6.8,6.0,5.1,4.5,4.0,4.8,6.2,5.5,0.0,3.4,6.2,6.3,2.3,6.7,7.0,1.6,4.4,0.7,6.2,6.8,5.0,5.3,7.8,3.7,2.2,7.3,4.3,7.3,5.0,2,2,↑,2032-2038,5.18,中国邮轮经理：薪资水平偏低，加班文化严重,"China Cruise Director: relatively low pay, heavy overtime culture",AI综合评估 + O*NET/ILO/OECD锚点校准,2026-04-13,2026-04-13,2000-2026,114000
GOV-0201-CN-general,公共管理与公务员,GOV,地方公务员,地方政府公务员,Local Government Officer,3354,11-1031.00,东亚,中国,CN,country,general,本科,22-28,global,4.9,5.6,4.3,9.4,6.6,8.6,3.6,3.1,3.9,6.2,10.0,9.6,6.2,4.9,3.9,5.5,4.1,2.8,6.3,9.2,1.2,2.6,4.8,5.2,1.1,5.3,6.9,7.8,1.8,9.4,1.4,1.4,1.6,8.4,0,1,→,2032-2038,5.18,中国地方政府公务员：薪资水平偏低，供过于求，就业稳定,"China Local Government Officer: relatively low pay, oversupply of talent, stable employment",AI综合评估 + O*NET/ILO/OECD锚点校准,2026-04-13,2026-04-13,2000-2026,87000
SVC-1404-CN-general,服务业与消费,SVC,休闲娱乐,高尔夫球场管理员,Golf Course Superintendent,1431,11-9071.00,东亚,中国,CN,country,general,专科/证书,20-32,global,4.0,3.9,6.4,7.1,6.5,5.5,5.5,5.0,6.2,4.9,4.6,5.4,5.5,0.6,2.1,5.4,5.2,1.5,7.0,5.1,0.7,5.3,1.0,7.2,7.2,4.2,5.7,7.3,4.7,3.0,7.4,5.3,3.2,4.1,2,3,↑,2032-2038,5.18,中国高尔夫球场管理员：加班文化严重,China Golf Course Superintendent: heavy overtime culture,AI综合评估 + O*NET/ILO/OECD锚点校准,2026-04-13,2026-04-13,2000-2026,244000
SKL-0406-CN-general,技术工种与手工业,SKL,机械加工,钣金工,Sheet Metal Worker,7213,47-2211.00,东亚,中国,CN,country,general,职校/技校,18-25,global,4.7,3.2,5.9,7.2,6.8,8.6,7.6,5.9,5.3,5.2,6.8,4.2,5.2,1.7,3.8,4.7,4.3,1.4,6.0,4.2,0.2,5.2,2.0,6.5,4.6,1.3,5.3,4.4,7.0,3.3,6.0,4.1,4.7,3.0,1,1,→,2032-2038,5.18,中国钣金工：人才需求旺盛，加班文化严重,"China Sheet Metal Worker: strong talent demand, heavy overtime culture",AI综合评估 + O*NET/ILO/OECD锚点校准,2026-04-13,2026-04-13,2000-2026,163000
SKL-0609-CN-general,技术工种与手工业,SKL,建筑工,瓦工/贴砖工,Tile Setter,7122,47-2044.00,东亚,中国,CN,country,general,短期培训/学徒,18-25,global,3.1,2.0,6.0,6.5,8.6,10.0,6.0,7.1,5.3,6.1,4.7,4.7,3.6,0.7,2.0,4.7,3.8,1.8,8.0,3.2,0.0,4.5,1.2,6.3,5.9,1.9,4.3,5.3,8.3,2.9,6.9,5.1,3.9,2.4,2,2,↑,2035+,5.18,中国瓦工/贴砖工：AI替代抗性强，加班文化严重,"China Tile Setter: strong AI resistance, heavy overtime culture",AI综合评估 + O*NET/ILO/OECD锚点校准,2026-04-13,2026-04-13,2000-2026,163000
TRA-0107-CN-general,交通运输与物流,TRA,航空,货机飞行员,Cargo Pilot,3153,53-2011.00,东亚,中国,CN,country,general,本科/专业培训,22-30,global,9.1,7.8,6.7,7.3,7.2,7.3,7.9,8.1,8.1,6.6,5.9,3.9,4.2,1.6,3.3,5.3,4.8,1.2,5.9,7.8,1.0,5.2,0.2,7.9,2.9,2.0,4.3,3.5,4.9,9.6,6.5,2.2,8.8,4.7,2,3,↑,2028-2033,5.18,中国货机飞行员：薪资回报高，人才需求旺盛，加班文化严重,"China Cargo Pilot: high compensation, strong talent demand, heavy overtime culture",AI综合评估 + O*NET/ILO/OECD锚点校准,2026-04-13,2026-04-13,2000-2026,574000
SVC-1305-CN-general,服务业与消费,SVC,婚庆活动,活动安保经理,Event Security Manager,5414,33-9032.00,东亚,中国,CN,country,general,专科,20-32,global,3.6,3.7,5.2,6.8,6.3,7.1,5.3,5.0,5.1,4.9,3.5,5.4,6.1,1.1,4.0,5.3,5.5,1.7,6.6,4.1,0.4,6.4,1.2,7.6,7.6,4.4,5.3,8.3,6.0,2.3,6.8,5.1,3.3,3.0,2,2,↑,2032-2038,5.18,中国活动安保经理：加班文化严重，就业波动大,"China Event Security Manager: heavy overtime culture, volatile employment",AI综合评估 + O*NET/ILO/OECD锚点校准,2026-04-13,2026-04-13,2000-2026,149000
SVC-0105-CN-general,服务业与消费,SVC,餐饮,侍酒师,Sommelier,5132,35-3031.00,东亚,中国,CN,country,general,专科/职校,18-28,global,6.0,4.8,5.1,6.2,6.4,4.6,5.5,5.2,5.1,4.4,4.2,5.7,5.0,0.0,3.4,6.4,6.1,2.4,8.6,6.5,1.2,4.7,0.4,7.6,7.1,5.1,5.3,7.6,6.5,2.5,6.3,5.7,5.9,4.4,2,2,↑,2035+,5.17,中国侍酒师：AI替代抗性强，加班文化严重,"China Sommelier: strong AI resistance, heavy overtime culture",AI综合评估 + O*NET/ILO/OECD锚点校准,2026-04-13,2026-04-13,2000-2026,149000
AGR-0202-CN-general,农业、资源与环境,AGR,畜牧,兽医,Veterinarian,2250,29-1131.00,东亚,中国,CN,country,general,本科/硕士(兽医学),24-30,global,7.9,7.8,5.4,7.8,5.6,8.1,6.9,8.8,6.9,5.6,4.8,4.3,3.7,0.0,2.8,4.2,5.7,1.4,7.3,7.8,1.8,6.5,1.7,8.2,5.7,4.1,6.7,3.8,4.9,7.6,7.4,2.4,3.9,3.4,0,1,→,2032-2038,5.17,中国兽医：加班文化严重,China Veterinarian: heavy overtime culture,AI综合评估 + O*NET/ILO/OECD锚点校准,2026-04-13,2026-04-13,2000-2026,335000
SVC-0214-CN-general,服务业与消费,SVC,酒店旅游,主题公园运营经理,Theme Park Operations Manager,1431,11-9071.00,东亚,中国,CN,country,general,专科/本科,25-35,global,4.3,3.8,5.3,6.7,6.5,6.2,5.1,4.8,6.0,3.9,5.2,6.7,5.3,0.1,4.0,6.0,5.1,2.0,7.2,5.5,1.6,5.2,1.6,6.0,6.4,4.7,4.7,8.0,5.3,2.9,8.1,4.3,5.2,4.6,2,2,↑,2032-2038,5.17,中国主题公园运营经理：加班文化严重,China Theme Park Operations Manager: heavy overtime culture,AI综合评估 + O*NET/ILO/OECD锚点校准,2026-04-13,2026-04-13,2000-2026,223000
SVC-1105-CN-general,服务业与消费,SVC,客户服务,在线客服(聊天),Online Chat Support Agent,4222,43-4051.00,东亚,中国,CN,country,general,高中/专科,18-30,global,2.7,3.2,5.7,6.8,8.0,9.0,5.5,4.2,3.4,3.9,5.0,7.7,7.0,1.6,5.1,4.8,5.3,1.2,2.4,3.7,8.4,3.0,3.1,3.7,3.5,5.1,4.9,6.5,0.8,1.3,4.7,4.6,3.2,4.0,-1,-2,↓,2025-2028,5.17,中国在线客服(聊天)：薪资水平偏低，AI替代风险较高，加班文化严重,"China Online Chat Support Agent: relatively low pay, high AI displacement risk, heavy overtime culture",AI综合评估 + O*NET/ILO/OECD锚点校准,2026-04-13,2026-04-13,2000-2026,69000
SVC-0605-CN-general,服务业与消费,SVC,平台零工,M-Pesa代理人,M-Pesa Agent,4211,,东亚,中国,CN,country,general,无要求,18-40,regional,1.7,1.8,7.2,4.7,10.0,7.5,6.3,3.8,3.9,4.1,0.3,5.4,5.2,0.6,4.1,4.7,5.6,1.6,6.5,3.5,2.2,6.3,2.2,4.5,6.8,5.2,5.0,6.9,5.2,1.0,5.9,7.6,2.1,2.9,4,4,↑↑,2032-2038,5.16,中国M-Pesa代理人：薪资水平偏低，加班文化严重，就业波动大,"China M-Pesa Agent: relatively low pay, heavy overtime culture, volatile employment",AI综合评估 + O*NET/ILO/OECD锚点校准,2026-04-13,2026-04-13,2000-2026,87000
TRA-0202-CN-general,交通运输与物流,TRA,航海,大副/二副,Chief/Second Officer (Mate),3151,53-5021.00,东亚,中国,CN,country,general,航海院校/大专,24-32,global,7.1,5.3,6.2,7.5,7.1,8.4,6.9,7.7,7.9,6.3,6.0,4.2,3.9,0.5,2.5,4.1,4.2,1.5,6.9,6.4,0.0,5.7,0.0,6.8,3.6,2.5,5.2,5.4,5.9,7.8,7.4,1.5,8.2,3.8,1,1,→,2032-2038,5.16,中国大副/二副：加班文化严重,China Chief/Second Officer (Mate): heavy overtime culture,AI综合评估 + O*NET/ILO/OECD锚点校准,2026-04-13,2026-04-13,2000-2026,525000
TRA-0301-CN-general,交通运输与物流,TRA,铁路,列车司机,Train Driver / Locomotive Engineer,8311,53-4011.00,东亚,中国,CN,country,general,技校/大专,22-30,global,4.3,5.4,7.1,8.0,7.4,9.6,6.6,6.9,5.1,6.3,9.3,5.4,5.1,1.6,2.4,5.7,4.4,1.2,4.4,6.3,0.8,4.0,2.0,6.2,3.5,3.4,5.7,3.0,4.2,7.2,4.6,2.3,2.9,6.7,2,2,↑,2026-2030,5.16,中国列车司机：加班文化严重，就业稳定,"China Train Driver / Locomotive Engineer: heavy overtime culture, stable employment",AI综合评估 + O*NET/ILO/OECD锚点校准,2026-04-13,2026-04-13,2000-2026,149000
SVC-0104-CN-general,服务业与消费,SVC,餐饮,调酒师,Bartender / Mixologist,5132,35-3011.00,东亚,中国,CN,country,general,专科/职校,18-28,global,5.4,3.9,5.9,6.6,6.9,6.4,6.2,6.0,4.8,4.2,4.8,5.4,4.8,0.0,4.3,6.0,6.1,2.4,7.0,5.7,0.3,4.5,0.7,7.2,7.4,5.4,4.9,8.1,7.0,3.0,6.1,4.4,4.6,4.4,2,2,↑,2032-2038,5.16,中国调酒师：加班文化严重,China Bartender / Mixologist: heavy overtime culture,AI综合评估 + O*NET/ILO/OECD锚点校准,2026-04-13,2026-04-13,2000-2026,130000
SKL-0602-CN-general,技术工种与手工业,SKL,建筑工,抹灰工,Plasterer,7123,47-2161.00,东亚,中国,CN,country,general,短期培训/学徒,18-25,global,3.0,2.0,5.3,6.0,8.1,10.0,5.7,6.1,4.0,6.7,5.5,3.7,3.2,1.6,2.8,5.1,4.6,2.1,7.9,4.2,0.5,5.2,2.5,5.7,5.0,1.4,4.5,5.5,8.8,2.5,7.2,5.1,3.7,1.8,2,2,↑,2035+,5.16,中国抹灰工：薪资水平偏低，AI替代抗性强，加班文化严重,"China Plasterer: relatively low pay, strong AI resistance, heavy overtime culture",AI综合评估 + O*NET/ILO/OECD锚点校准,2026-04-13,2026-04-13,2000-2026,91000
SKL-0307-CN-general,技术工种与手工业,SKL,焊接,MIG焊工,MIG Welder,7212,51-4121.00,东亚,中国,CN,country,general,职校/短期培训,18-25,global,4.1,3.1,6.8,6.7,7.0,7.9,6.2,7.1,5.6,6.9,5.3,2.7,3.5,1.6,2.9,6.0,5.2,1.3,6.2,4.4,0.0,4.2,2.2,5.6,5.4,1.3,5.0,4.8,7.5,5.0,5.7,5.1,4.7,2.7,2,2,↑,2032-2038,5.16,中国MIG焊工：加班文化严重,China MIG Welder: heavy overtime culture,AI综合评估 + O*NET/ILO/OECD锚点校准,2026-04-13,2026-04-13,2000-2026,186000
SVC-0311-CN-general,服务业与消费,SVC,零售,超市部门经理,Supermarket Department Manager,1420,41-1011.00,东亚,中国,CN,country,general,高中/专科,25-35,global,3.3,3.0,6.1,6.5,7.4,9.6,5.4,3.9,4.7,3.9,5.8,7.7,6.2,0.2,3.0,6.2,5.5,1.5,4.6,5.1,1.6,5.7,1.7,4.7,6.0,5.3,5.3,7.9,4.8,1.3,6.2,4.4,1.9,4.5,0,0,→,2028-2033,5.16,中国超市部门经理：加班文化严重,China Supermarket Department Manager: heavy overtime culture,AI综合评估 + O*NET/ILO/OECD锚点校准,2026-04-13,2026-04-13,2000-2026,124000
SVC-0203-CN-general,服务业与消费,SVC,酒店旅游,导游,Tour Guide,5113,39-7012.00,东亚,中国,CN,country,general,专科/本科,20-30,global,5.0,4.1,5.1,7.0,5.7,6.6,5.9,5.4,3.9,4.9,2.8,6.7,5.5,0.9,3.8,6.6,6.3,2.2,7.4,6.1,1.2,4.2,1.7,7.0,6.6,5.6,5.9,9.1,6.3,2.6,8.2,4.7,4.6,4.6,2,2,↑,2032-2038,5.16,中国导游：薪资水平偏低，加班文化严重，就业波动大,"China Tour Guide: relatively low pay, heavy overtime culture, volatile employment",AI综合评估 + O*NET/ILO/OECD锚点校准,2026-04-13,2026-04-13,2000-2026,87000
SKL-0616-CN-general,技术工种与手工业,SKL,建筑工,绝缘工,Insulation Worker,7124,47-2131.00,东亚,中国,CN,country,general,短期培训/学徒,18-25,global,2.9,1.5,5.3,6.0,8.3,10.0,6.6,6.5,6.0,6.4,5.3,4.0,3.8,0.9,2.5,4.2,4.8,2.1,7.9,3.4,0.0,4.5,1.9,5.2,5.1,0.4,4.2,5.3,6.9,3.3,7.6,5.1,3.7,2.2,2,2,↑,2035+,5.15,中国绝缘工：AI替代抗性强，加班文化严重,"China Insulation Worker: strong AI resistance, heavy overtime culture",AI综合评估 + O*NET/ILO/OECD锚点校准,2026-04-13,2026-04-13,2000-2026,223000
GOV-0603-CN-general,公共管理与公务员,GOV,军事,军事情报分析师,Military Intelligence Analyst,110,55-3017.00,东亚,中国,CN,country,general,本科/硕士,22-28,global,7.5,7.9,6.3,8.6,6.0,3.4,6.3,6.1,8.3,6.7,10.0,5.3,4.6,1.2,2.6,5.9,5.4,1.4,6.5,9.3,3.2,3.8,0.9,7.8,1.1,3.2,4.6,5.2,3.0,10.0,1.2,0.1,2.3,9.4,1,3,↑,2032-2038,5.15,中国军事情报分析师：薪资回报高，加班文化严重，就业稳定,"China Military Intelligence Analyst: high compensation, heavy overtime culture, stable employment",AI综合评估 + O*NET/ILO/OECD锚点校准,2026-04-13,2026-04-13,2000-2026,628000
LAW-0907-CN-general,法律与社会服务,LAW,心理社会服务,家庭暴力受害者倡导者,Domestic Violence Advocate,2635,21-1099.00,东亚,中国,CN,country,general,本科/硕士,23-30,global,5.1,4.6,5.7,6.7,5.5,4.0,4.6,5.2,3.6,3.6,4.1,6.0,3.0,1.7,1.2,5.9,5.8,2.0,9.0,5.2,3.5,4.9,1.4,7.4,3.6,7.3,6.8,9.0,3.0,4.3,2.1,3.4,4.8,3.7,2,2,↑,2035+,5.15,中国家庭暴力受害者倡导者：薪资水平偏低，AI替代抗性强，加班文化严重,"China Domestic Violence Advocate: relatively low pay, strong AI resistance, heavy overtime culture",AI综合评估 + O*NET/ILO/OECD锚点校准,2026-04-13,2026-04-13,2000-2026,76000
LAW-0803-CN-general,法律与社会服务,LAW,宗教,伊斯兰阿訇/伊玛目,Islamic Imam,2636,21-2011.00,东亚,中国,CN,country,general,伊斯兰学院,22-30,global,5.5,5.3,3.8,9.1,4.3,4.7,4.8,3.6,3.4,4.0,6.5,6.5,4.7,3.0,3.5,4.7,3.1,3.5,9.1,7.4,2.5,5.8,3.4,8.3,3.9,1.7,7.8,9.5,1.8,5.8,0.3,3.0,4.7,4.8,1,0,→,2035+,5.15,中国伊斯兰阿訇/伊玛目：薪资水平偏低，AI替代抗性强，加班文化严重,"China Islamic Imam: relatively low pay, strong AI resistance, heavy overtime culture",AI综合评估 + O*NET/ILO/OECD锚点校准,2026-04-13,2026-04-13,2000-2026,69000
SVC-1413-CN-general,服务业与消费,SVC,休闲娱乐,赛车机械师,Motorsport Mechanic,7231,49-3023.00,东亚,中国,CN,country,general,专科/证书,20-32,global,5.8,3.6,6.0,6.8,6.3,5.3,5.5,5.1,4.5,4.9,4.6,4.9,5.8,1.0,2.3,5.7,5.4,1.7,7.9,4.7,0.3,6.0,2.2,7.3,7.0,5.0,5.1,7.8,6.6,3.3,6.3,5.4,3.4,3.5,2,3,↑,2035+,5.15,中国赛车机械师：薪资水平偏低，AI替代抗性强，加班文化严重,"China Motorsport Mechanic: relatively low pay, strong AI resistance, heavy overtime culture",AI综合评估 + O*NET/ILO/OECD锚点校准,2026-04-13,2026-04-13,2000-2026,114000
TRA-0203-CN-general,交通运输与物流,TRA,航海,轮机长,Chief Engineer (Marine),3151,53-5031.00,东亚,中国,CN,country,general,轮机工程+证书,26-35,global,7.5,6.3,5.6,7.2,6.5,8.7,7.5,7.5,8.1,6.3,6.3,4.7,3.7,0.7,2.4,4.3,3.8,1.4,7.1,7.4,0.8,5.2,0.0,6.8,3.6,2.0,4.9,5.8,6.7,8.5,7.7,1.7,8.4,4.2,1,1,→,2032-2038,5.14,中国轮机长：薪资回报高，人才需求旺盛，加班文化严重,"China Chief Engineer (Marine): high compensation, strong talent demand, heavy overtime culture",AI综合评估 + O*NET/ILO/OECD锚点校准,2026-04-13,2026-04-13,2000-2026,574000
SVC-1403-CN-general,服务业与消费,SVC,休闲娱乐,保龄球馆/台球厅经理,Bowling Alley / Billiards Hall Manager,1431,11-9071.00,东亚,中国,CN,country,general,专科/证书,20-32,global,4.4,4.1,6.7,6.7,6.5,6.4,5.9,4.4,5.1,4.1,5.1,5.7,5.2,0.7,2.0,5.4,5.3,1.4,7.1,4.5,1.8,4.7,2.2,7.0,7.2,4.7,5.7,6.9,6.2,3.3,7.1,4.7,3.3,3.5,2,3,↑,2032-2038,5.14,中国保龄球馆/台球厅经理：加班文化严重,China Bowling Alley / Billiards Hall Manager: heavy overtime culture,AI综合评估 + O*NET/ILO/OECD锚点校准,2026-04-13,2026-04-13,2000-2026,149000
ART-0108-CN-general,文化、艺术与传媒,ART,影视制作,灯光师,Lighting Technician / Gaffer,3521,27-4011.00,东亚,中国,CN,country,general,本科,20-30,global,4.3,4.1,6.8,5.8,7.5,7.1,5.6,6.6,4.8,6.0,2.8,5.7,4.5,0.0,4.0,6.8,5.7,3.4,6.2,4.6,0.3,6.0,1.0,8.3,5.7,3.9,4.8,6.7,5.3,1.8,7.6,4.7,6.1,4.3,3,1,→,2032-2038,5.14,中国灯光师：加班文化严重，就业波动大,"China Lighting Technician / Gaffer: heavy overtime culture, volatile employment",AI综合评估 + O*NET/ILO/OECD锚点校准,2026-04-13,2026-04-13,2000-2026,130000
SVC-1405-CN-general,服务业与消费,SVC,休闲娱乐,KTV/歌厅经理,Karaoke Venue Manager,1431,11-9071.00,东亚,中国,CN,country,general,专科/证书,20-32,regional,3.8,3.5,5.7,7.1,6.9,6.2,5.3,4.4,5.9,4.4,4.0,5.2,5.2,1.1,2.6,5.8,5.6,1.7,6.7,5.0,1.1,5.4,1.7,7.0,7.2,4.7,4.9,7.8,6.2,3.5,7.3,4.9,3.5,3.5,2,3,↑,2032-2038,5.14,中国KTV/歌厅经理：加班文化严重，就业波动大,"China Karaoke Venue Manager: heavy overtime culture, volatile employment",AI综合评估 + O*NET/ILO/OECD锚点校准,2026-04-13,2026-04-13,2000-2026,213000
SVC-0205-CN-general,服务业与消费,SVC,酒店旅游,OTA运营经理,Online Travel Agency (OTA) Operations Manager,1439,11-9081.00,东亚,中国,CN,country,general,本科,25-35,global,4.8,4.7,7.4,6.8,5.7,7.0,5.1,4.7,5.2,4.6,4.0,6.7,6.0,1.1,3.5,6.5,5.5,2.2,4.6,5.7,6.1,3.8,1.0,6.3,6.4,4.3,5.7,8.0,4.7,2.9,8.3,3.7,5.4,4.0,2,3,↑,2028-2033,5.14,中国OTA运营经理：加班文化严重，就业波动大,"China Online Travel Agency (OTA) Operations Manager: heavy overtime culture, volatile employment",AI综合评估 + O*NET/ILO/OECD锚点校准,2026-04-13,2026-04-13,2000-2026,156000
SKL-0411-CN-general,技术工种与手工业,SKL,机械加工,数控磨床操作员,CNC Grinding Operator,7224,51-4033.00,东亚,中国,CN,country,general,职校/技校,18-25,global,3.9,3.5,5.4,7.2,7.1,8.1,6.7,6.5,5.8,6.6,6.6,4.7,4.1,1.9,3.8,4.8,5.0,1.5,3.5,4.4,0.0,4.2,2.7,6.0,4.8,1.2,5.9,4.7,5.9,3.4,5.4,4.9,4.7,3.4,1,0,→,2026-2030,5.13,中国数控磨床操作员：AI替代风险较高，加班文化严重,"China CNC Grinding Operator: high AI displacement risk, heavy overtime culture",AI综合评估 + O*NET/ILO/OECD锚点校准,2026-04-13,2026-04-13,2000-2026,204000
SVC-0602-CN-general,服务业与消费,SVC,平台零工,跑腿代办,Errand Runner / Task-based Worker,9621,53-7065.00,东亚,中国,CN,country,general,无要求,18-40,global,1.7,1.5,7.6,4.8,10.0,10.0,6.3,4.0,2.4,4.1,1.4,5.4,4.3,0.0,3.6,5.2,5.2,1.6,5.6,3.2,3.4,6.5,2.7,4.4,6.6,5.3,5.2,5.3,6.4,0.7,5.8,7.4,2.0,2.3,4,4,↑↑,2028-2033,5.13,中国跑腿代办：薪资水平偏低，加班文化严重，就业波动大,"China Errand Runner / Task-based Worker: relatively low pay, heavy overtime culture, volatile employment",AI综合评估 + O*NET/ILO/OECD锚点校准,2026-04-13,2026-04-13,2000-2026,44000
ART-0908-CN-general,文化、艺术与传媒,ART,新闻传媒,战地记者,War Correspondent,2642,27-3022.00,东亚,中国,CN,country,general,本科,22-28,global,4.6,5.9,3.7,7.1,4.6,5.2,4.6,5.4,6.5,4.8,4.8,0.6,6.3,0.9,4.6,6.2,5.8,3.1,5.6,9.1,5.2,4.1,0.0,9.3,5.5,5.9,6.1,7.7,5.6,2.8,5.0,5.7,5.3,4.0,0,-2,↓,2028-2033,5.13,中国战地记者：加班文化严重，近年需求下降,"China War Correspondent: heavy overtime culture, declining demand",AI综合评估 + O*NET/ILO/OECD锚点校准,2026-04-13,2026-04-13,2000-2026,280000
ART-1114-CN-general,文化、艺术与传媒,ART,体育竞技,电竞教练,Esports Coach,3422,27-2022.00,东亚,中国,CN,country,general,无要求,22-32,global,6.3,4.2,8.4,6.6,5.7,8.3,6.2,6.4,7.7,4.1,3.3,5.2,3.5,0.0,3.8,4.3,3.6,4.4,9.5,7.4,0.0,4.6,1.0,9.1,3.0,3.4,2.1,7.6,3.2,2.3,4.9,2.2,5.6,5.7,3,3,↑,2035+,5.13,中国电竞教练：AI替代抗性强，加班文化严重，就业波动大,"China Esports Coach: strong AI resistance, heavy overtime culture, volatile employment",AI综合评估 + O*NET/ILO/OECD锚点校准,2026-04-13,2026-04-13,2000-2026,480000
SVC-0102-CN-general,服务业与消费,SVC,餐饮,西餐厨师,Western Cuisine Chef,5120,35-1011.00,东亚,中国,CN,country,general,专科/职校,18-28,global,5.9,3.9,5.5,6.6,6.6,6.6,6.2,5.8,4.8,4.2,3.8,5.2,4.5,0.0,3.0,6.8,6.1,2.4,7.9,5.2,1.1,5.4,1.7,6.8,7.1,3.9,5.1,7.5,7.4,3.0,5.6,4.7,4.3,4.3,2,2,↑,2035+,5.12,中国西餐厨师：AI替代抗性强，加班文化严重，就业波动大,"China Western Cuisine Chef: strong AI resistance, heavy overtime culture, volatile employment",AI综合评估 + O*NET/ILO/OECD锚点校准,2026-04-13,2026-04-13,2000-2026,130000
ART-0403-CN-general,文化、艺术与传媒,ART,舞台表演,脱口秀演员,Stand-up Comedian,2655,27-2011.00,东亚,中国,CN,country,general,本科/专科,16-25,global,6.0,4.2,7.3,5.4,5.9,5.4,4.9,5.1,6.8,3.8,2.5,5.9,5.3,0.9,3.8,5.7,4.7,3.7,8.3,6.0,0.8,5.8,0.4,8.7,7.8,4.4,4.2,9.0,6.7,1.9,6.2,5.0,4.5,4.0,1,1,→,2035+,5.12,中国脱口秀演员：AI替代抗性强，加班文化严重，就业波动大,"China Stand-up Comedian: strong AI resistance, heavy overtime culture, volatile employment",AI综合评估 + O*NET/ILO/OECD锚点校准,2026-04-13,2026-04-13,2000-2026,320000
GOV-0205-CN-general,公共管理与公务员,GOV,地方公务员,镇长/区长,Mayor / District Governor,1112,11-1031.00,东亚,中国,CN,country,general,硕士/博士,35-50,global,7.4,8.1,7.0,7.5,3.2,4.5,3.9,3.4,8.6,6.2,8.1,8.1,5.5,1.3,2.2,7.5,5.7,3.9,8.0,10.0,1.2,6.4,2.1,7.9,2.6,3.6,4.0,9.8,1.7,10.0,3.1,0.9,3.5,8.8,0,1,→,2035+,5.12,中国镇长/区长：薪资回报高，供过于求，AI替代抗性强,"China Mayor / District Governor: high compensation, oversupply of talent, strong AI resistance",AI综合评估 + O*NET/ILO/OECD锚点校准,2026-04-13,2026-04-13,2000-2026,719000
SKL-0403-CN-general,技术工种与手工业,SKL,机械加工,铣工,Milling Machine Operator,7223,51-4035.00,东亚,中国,CN,country,general,职校/技校,18-25,global,4.5,3.0,5.0,7.8,6.9,7.9,6.6,5.7,5.2,6.4,6.8,4.9,5.2,1.5,3.6,4.8,5.3,1.7,4.1,5.4,0.1,4.5,3.3,6.1,5.5,2.4,5.1,4.2,6.2,3.9,6.1,4.7,4.0,3.2,1,-1,→,2026-2030,5.12,中国铣工：加班文化严重,China Milling Machine Operator: heavy overtime culture,AI综合评估 + O*NET/ILO/OECD锚点校准,2026-04-13,2026-04-13,2000-2026,156000
AGR-0108-CN-general,农业、资源与环境,AGR,种植,葡萄酒酿造师,Winemaker / Viticulturist,7514,45-2092.02,东亚,中国,CN,country,general,专业培训/大专,22-35,global,5.8,4.2,4.0,7.9,6.2,4.3,4.9,6.2,6.7,4.9,4.7,5.0,3.9,1.4,2.3,3.8,3.7,1.7,7.4,5.9,0.0,6.9,2.5,8.6,8.3,4.5,6.2,3.7,6.3,0.8,6.1,2.0,4.0,2.8,0,0,→,2032-2038,5.11,中国葡萄酒酿造师：加班文化严重,China Winemaker / Viticulturist: heavy overtime culture,AI综合评估 + O*NET/ILO/OECD锚点校准,2026-04-13,2026-04-13,2000-2026,306000
ART-1101-CN-general,文化、艺术与传媒,ART,体育竞技,职业足球运动员,Professional Soccer/Football Player,3421,27-2021.00,东亚,中国,CN,country,general,高中/体校,14-22,global,5.8,4.1,5.6,3.1,6.1,9.7,5.5,5.4,10.0,4.8,2.6,4.7,3.2,0.0,3.6,4.3,4.3,4.2,9.1,9.1,1.1,4.2,0.2,9.1,4.1,4.6,1.4,7.7,8.6,2.5,4.7,3.0,7.8,5.8,3,1,→,2035+,5.11,中国职业足球运动员：薪资回报高，AI替代抗性强，加班文化严重,"China Professional Soccer/Football Player: high compensation, strong AI resistance, heavy overtime culture",AI综合评估 + O*NET/ILO/OECD锚点校准,2026-04-13,2026-04-13,2000-2026,1350000
ART-1119-CN-general,文化、艺术与传媒,ART,体育竞技,赛事运营经理,Sports Event Operations Manager,3332,13-1121.00,东亚,中国,CN,country,general,本科,25-35,global,5.9,3.8,5.6,7.9,5.8,7.5,5.6,6.6,8.2,3.8,2.4,5.0,3.3,0.0,4.3,4.1,4.2,4.1,9.1,6.6,1.5,3.7,0.4,8.9,6.8,3.9,1.8,8.5,3.3,2.6,5.4,2.6,6.2,6.1,3,1,→,2035+,5.11,中国赛事运营经理：薪资回报高，AI替代抗性强，加班文化严重,"China Sports Event Operations Manager: high compensation, strong AI resistance, heavy overtime culture",AI综合评估 + O*NET/ILO/OECD锚点校准,2026-04-13,2026-04-13,2000-2026,601000
SVC-0216-CN-general,服务业与消费,SVC,酒店旅游,酒店收益管理师,Hotel Revenue Manager,1411,11-9081.00,东亚,中国,CN,country,general,本科,20-30,global,5.1,5.2,6.3,6.5,6.5,6.6,5.9,4.5,5.2,3.9,4.1,6.2,6.3,1.1,3.5,6.4,5.9,2.2,5.1,5.6,4.8,4.2,1.5,6.8,6.8,4.4,4.7,8.0,4.7,2.9,7.9,4.5,4.6,3.8,2,3,↑,2028-2033,5.11,中国酒店收益管理师：加班文化严重,China Hotel Revenue Manager: heavy overtime culture,AI综合评估 + O*NET/ILO/OECD锚点校准,2026-04-13,2026-04-13,2000-2026,156000
GOV-0905-CN-general,公共管理与公务员,GOV,情报安全,签证官员,Visa Officer / Immigration Officer,3351,33-3021.06,东亚,中国,CN,country,general,本科,22-30,global,4.4,5.6,4.4,9.1,5.9,7.0,5.2,4.7,5.3,5.6,10.0,7.9,5.6,3.8,3.4,4.0,3.7,2.5,5.4,7.9,1.6,2.8,4.1,4.7,0.6,5.6,6.6,7.2,1.7,8.2,1.3,0.7,4.3,9.1,0,1,→,2028-2033,5.11,中国签证官员：就业稳定,China Visa Officer / Immigration Officer: stable employment,AI综合评估 + O*NET/ILO/OECD锚点校准,2026-04-13,2026-04-13,2000-2026,163000
SVC-0606-CN-general,服务业与消费,SVC,平台零工,共享单车运维员,Bike-sharing Maintenance Worker,9629,49-3091.00,东亚,中国,CN,country,general,无要求,18-40,global,2.3,1.3,8.0,4.7,10.0,9.1,5.9,3.0,3.4,3.3,1.9,4.9,4.7,0.0,4.5,4.7,5.6,1.5,6.1,3.0,2.5,7.2,1.5,4.6,7.2,4.9,5.2,5.0,6.4,0.7,5.2,7.8,1.7,2.9,4,2,↑,2032-2038,5.11,中国共享单车运维员：薪资水平偏低，加班文化严重，就业波动大,"China Bike-sharing Maintenance Worker: relatively low pay, heavy overtime culture, volatile employment",AI综合评估 + O*NET/ILO/OECD锚点校准,2026-04-13,2026-04-13,2000-2026,69000
SVC-0604-CN-general,服务业与消费,SVC,平台零工,任务众包工人,Task-based Gig Worker (TaskRabbit/etc.),9629,53-7065.00,东亚,中国,CN,country,general,无要求,18-40,global,1.8,1.8,8.2,4.7,10.0,10.0,6.5,3.2,4.0,4.2,1.8,5.4,4.0,0.4,3.8,5.2,5.2,1.7,5.2,2.8,2.0,7.4,2.5,4.4,6.6,4.2,4.6,4.7,6.5,0.5,6.1,7.4,2.3,3.5,4,4,↑↑,2028-2033,5.1,中国任务众包工人：薪资水平偏低，加班文化严重，就业波动大,"China Task-based Gig Worker (TaskRabbit/etc.): relatively low pay, heavy overtime culture, volatile employment",AI综合评估 + O*NET/ILO/OECD锚点校准,2026-04-13,2026-04-13,2000-2026,91000
SVC-1202-CN-general,服务业与消费,SVC,行政办公,前台接待员(企业),Corporate Receptionist,4226,43-4171.00,东亚,中国,CN,country,general,专科/本科,20-30,global,3.1,3.3,4.1,7.0,5.5,7.2,4.6,4.3,4.1,4.3,5.3,8.2,6.5,1.7,3.5,5.3,5.3,0.8,5.3,3.7,4.8,3.2,2.9,4.4,3.6,4.9,5.2,7.6,2.2,1.2,4.0,3.6,2.9,4.5,-1,0,→,2028-2033,5.1,中国前台接待员(企业)：薪资水平偏低，加班文化严重,"China Corporate Receptionist: relatively low pay, heavy overtime culture",AI综合评估 + O*NET/ILO/OECD锚点校准,2026-04-13,2026-04-13,2000-2026,95000
SVC-0309-CN-general,服务业与消费,SVC,零售,仓储会员店运营,Warehouse Club Operations Staff,1420,41-1011.00,东亚,中国,CN,country,general,高中/专科,18-30,global,3.6,3.4,5.7,6.3,7.4,9.2,5.6,4.1,4.7,5.1,4.8,7.2,6.3,1.1,4.0,5.9,5.1,1.4,4.9,4.0,1.1,3.7,2.2,4.1,6.0,5.5,5.4,7.4,4.2,1.7,6.4,4.4,2.8,3.7,0,0,→,2028-2033,5.1,中国仓储会员店运营：加班文化严重,China Warehouse Club Operations Staff: heavy overtime culture,AI综合评估 + O*NET/ILO/OECD锚点校准,2026-04-13,2026-04-13,2000-2026,124000
SKL-0611-CN-general,技术工种与手工业,SKL,建筑工,屋顶工,Roofer,7121,47-2181.00,东亚,中国,CN,country,general,短期培训/学徒,18-25,global,2.4,1.9,5.3,6.2,8.6,10.0,5.8,7.2,5.7,6.1,5.8,2.0,2.6,1.4,1.8,4.5,4.4,2.3,7.9,3.2,0.0,3.9,1.7,5.8,5.3,1.1,4.4,5.2,8.8,3.1,7.0,5.3,4.9,1.8,2,2,↑,2035+,5.1,中国屋顶工：AI替代抗性强，加班文化严重,"China Roofer: strong AI resistance, heavy overtime culture",AI综合评估 + O*NET/ILO/OECD锚点校准,2026-04-13,2026-04-13,2000-2026,195000
SKL-0603-CN-general,技术工种与手工业,SKL,建筑工,防水工,Waterproofing Worker,7124,47-2141.00,东亚,中国,CN,country,general,短期培训/学徒,18-25,global,3.1,1.4,5.7,6.8,8.4,10.0,6.9,7.2,5.5,5.7,4.8,3.9,3.2,1.2,2.8,3.8,4.0,2.0,7.6,3.8,0.4,3.8,1.2,5.0,5.6,0.4,4.7,5.4,8.0,4.2,7.5,5.0,4.1,1.8,2,2,↑,2035+,5.1,中国防水工：AI替代抗性强，加班文化严重,"China Waterproofing Worker: strong AI resistance, heavy overtime culture",AI综合评估 + O*NET/ILO/OECD锚点校准,2026-04-13,2026-04-13,2000-2026,178000
GOV-0304-CN-general,公共管理与公务员,GOV,司法行政,缓刑官/假释官,Probation / Parole Officer,3412,21-1092.00,东亚,中国,CN,country,general,本科,23-30,global,4.8,5.8,4.5,8.4,5.4,5.5,5.5,4.4,4.9,6.2,9.1,6.6,3.6,3.4,2.7,5.7,4.2,2.3,6.4,7.3,2.3,4.6,3.8,6.2,1.0,5.3,5.5,7.6,2.8,8.2,0.5,1.0,3.2,8.0,0,1,→,2032-2038,5.1,中国缓刑官/假释官：加班文化严重，就业稳定,"China Probation / Parole Officer: heavy overtime culture, stable employment",AI综合评估 + O*NET/ILO/OECD锚点校准,2026-04-13,2026-04-13,2000-2026,136000
ART-1109-CN-general,文化、艺术与传媒,ART,体育竞技,体育解说员/评论员,Sports Commentator / Analyst,2656,27-3011.00,东亚,中国,CN,country,general,本科,28-38,global,6.5,4.2,5.8,7.6,5.2,7.5,6.0,5.4,8.2,3.8,2.5,4.9,3.9,0.0,4.0,3.8,3.9,4.4,9.3,6.5,4.4,4.5,1.0,8.8,3.6,4.7,2.0,8.7,2.0,2.3,5.5,2.8,5.6,5.7,3,1,→,2035+,5.1,中国体育解说员/评论员：薪资回报高，AI替代抗性强，加班文化严重,"China Sports Commentator / Analyst: high compensation, strong AI resistance, heavy overtime culture",AI综合评估 + O*NET/ILO/OECD锚点校准,2026-04-13,2026-04-13,2000-2026,601000
SVC-0212-CN-general,服务业与消费,SVC,酒店旅游,旅游顾问,Travel Consultant,4221,41-3041.00,东亚,中国,CN,country,general,专科/本科,20-30,global,4.2,4.1,5.1,6.5,5.9,7.4,6.1,4.7,3.8,3.9,4.6,6.2,6.2,0.4,3.6,6.4,5.5,2.2,4.8,6.1,5.6,4.5,2.3,6.0,6.8,5.0,5.3,7.8,5.0,2.6,7.5,3.9,4.5,4.0,2,2,↑,2028-2033,5.09,中国旅游顾问：薪资水平偏低，加班文化严重,"China Travel Consultant: relatively low pay, heavy overtime culture",AI综合评估 + O*NET/ILO/OECD锚点校准,2026-04-13,2026-04-13,2000-2026,83000
ART-0405-CN-general,文化、艺术与传媒,ART,舞台表演,魔术师,Magician,2655,27-2011.00,东亚,中国,CN,country,general,本科/专科,16-25,global,6.6,4.8,6.1,5.1,5.7,6.0,4.8,5.9,5.5,4.3,3.3,6.2,4.9,0.7,4.1,6.0,4.3,3.3,9.1,6.2,1.6,5.7,0.0,8.1,8.1,4.4,3.6,8.2,5.0,2.2,6.4,5.2,4.0,4.0,1,-1,→,2035+,5.09,中国魔术师：AI替代抗性强，加班文化严重，就业波动大,"China Magician: strong AI resistance, heavy overtime culture, volatile employment",AI综合评估 + O*NET/ILO/OECD锚点校准,2026-04-13,2026-04-13,2000-2026,178000
LAW-0604-CN-general,法律与社会服务,LAW,社会工作,医务社工,Medical Social Worker,2635,21-1022.00,东亚,中国,CN,country,general,社工硕士,23-30,global,5.7,6.0,4.6,7.8,3.9,4.4,5.8,5.7,3.3,3.9,6.5,7.4,4.0,2.2,1.2,6.3,5.0,1.7,7.9,5.3,2.9,4.4,2.7,6.9,2.3,7.3,6.5,8.8,1.5,6.8,2.2,1.7,4.9,4.2,2,2,↑,2035+,5.09,中国医务社工：薪资水平偏低，AI替代抗性强，加班文化严重,"China Medical Social Worker: relatively low pay, strong AI resistance, heavy overtime culture",AI综合评估 + O*NET/ILO/OECD锚点校准,2026-04-13,2026-04-13,2000-2026,66000
SVC-0115-CN-general,服务业与消费,SVC,餐饮,茶艺师,Tea Ceremony Master / Tea Specialist,5132,,东亚,中国,CN,country,general,专科/职校,18-28,regional,5.9,3.6,5.6,6.9,6.2,4.3,5.8,5.9,3.6,5.1,4.7,5.2,4.0,0.0,4.4,6.2,5.3,2.2,9.1,5.2,0.6,5.2,0.4,7.0,7.3,5.1,5.1,7.5,7.4,2.7,6.4,5.3,2.6,4.2,2,2,↑,2035+,5.08,中国茶艺师：薪资水平偏低，AI替代抗性强，加班文化严重,"China Tea Ceremony Master / Tea Specialist: relatively low pay, strong AI resistance, heavy overtime culture",AI综合评估 + O*NET/ILO/OECD锚点校准,2026-04-13,2026-04-13,2000-2026,76000
LAW-0118-CN-general,法律与社会服务,LAW,律师各专业,人权律师,Human Rights Lawyer,2611,23-1011.00,东亚,中国,CN,country,general,法学博士/硕士,25-32,global,7.9,7.6,5.3,7.8,5.0,4.0,4.2,4.7,4.7,4.1,3.7,5.8,4.0,2.9,2.2,5.9,5.3,3.5,7.4,8.7,4.8,6.1,2.2,8.6,4.5,6.2,5.3,8.5,1.2,7.5,2.9,2.5,7.5,3.2,2,1,→,2032-2038,5.08,中国人权律师：加班文化严重，就业波动大,"China Human Rights Lawyer: heavy overtime culture, volatile employment",AI综合评估 + O*NET/ILO/OECD锚点校准,2026-04-13,2026-04-13,2000-2026,124000
LAW-0301-CN-general,法律与社会服务,LAW,检察官,检察官,Prosecutor,2611,23-1011.00,东亚,中国,CN,country,general,法学博士/硕士,25-32,global,8.0,8.4,4.4,8.0,5.4,5.6,4.4,3.9,6.7,5.6,7.5,6.4,5.0,1.9,2.9,6.5,6.1,2.5,7.4,8.9,1.9,5.2,2.7,7.6,2.5,5.7,6.8,8.4,0.5,9.2,1.7,0.6,3.5,8.3,0,0,→,2032-2038,5.08,中国检察官：加班文化严重，就业稳定,"China Prosecutor: heavy overtime culture, stable employment",AI综合评估 + O*NET/ILO/OECD锚点校准,2026-04-13,2026-04-13,2000-2026,306000
SVC-1204-CN-general,服务业与消费,SVC,行政办公,会议/日程协调员,Meeting / Schedule Coordinator,4120,43-6014.00,东亚,中国,CN,country,general,专科/本科,20-30,global,3.4,3.9,4.0,7.0,5.7,7.3,5.2,4.1,3.1,4.6,4.8,8.0,7.5,2.4,2.3,5.4,5.7,0.7,3.6,4.6,6.7,3.4,3.4,4.7,3.4,6.1,5.8,6.6,1.7,1.2,4.4,4.0,2.4,3.9,-1,-1,→,2026-2030,5.08,中国会议/日程协调员：薪资水平偏低，AI替代风险较高，加班文化严重,"China Meeting / Schedule Coordinator: relatively low pay, high AI displacement risk, heavy overtime culture",AI综合评估 + O*NET/ILO/OECD锚点校准,2026-04-13,2026-04-13,2000-2026,61000
SKL-0401-CN-general,技术工种与手工业,SKL,机械加工,CNC操作员,CNC Machine Operator,7223,51-4011.00,东亚,中国,CN,country,general,职校/技校,18-25,global,4.1,3.8,5.5,7.6,7.3,7.9,6.3,6.3,5.9,5.4,6.1,4.7,4.1,1.2,3.8,5.2,5.1,1.6,2.9,4.4,0.2,5.7,3.0,5.9,4.6,2.3,6.0,4.6,6.0,3.5,5.6,4.3,4.9,3.2,1,0,→,2026-2030,5.06,中国CNC操作员：AI替代风险较高，加班文化严重,"China CNC Machine Operator: high AI displacement risk, heavy overtime culture",AI综合评估 + O*NET/ILO/OECD锚点校准,2026-04-13,2026-04-13,2000-2026,213000
SVC-1201-CN-general,服务业与消费,SVC,行政办公,行政助理/秘书,Administrative Assistant / Secretary,4120,43-6014.00,东亚,中国,CN,country,general,专科/本科,20-30,global,3.3,3.2,4.2,6.8,5.3,7.8,5.3,4.1,3.8,3.9,6.0,8.2,6.7,1.9,2.6,5.3,5.9,0.8,3.8,3.7,5.3,3.7,3.4,4.4,3.6,4.0,6.0,6.1,1.7,1.2,4.4,4.0,3.3,4.3,-1,-1,→,2026-2030,5.06,中国行政助理/秘书：薪资水平偏低，AI替代风险较高，加班文化严重,"China Administrative Assistant / Secretary: relatively low pay, high AI displacement risk, heavy overtime culture",AI综合评估 + O*NET/ILO/OECD锚点校准,2026-04-13,2026-04-13,2000-2026,83000
SVC-0108-CN-general,服务业与消费,SVC,餐饮,食品研发工程师,Food Product Developer,2145,19-1012.00,东亚,中国,CN,country,general,本科,24-32,global,6.2,5.8,5.3,6.3,6.0,6.6,5.8,5.9,5.7,3.9,3.5,5.4,5.1,0.2,4.0,6.0,6.1,2.6,6.0,5.9,3.4,5.7,0.7,6.8,6.7,4.0,5.5,7.5,2.8,3.0,5.4,5.7,3.7,4.0,2,2,↑,2032-2038,5.06,中国食品研发工程师：加班文化严重，就业波动大,"China Food Product Developer: heavy overtime culture, volatile employment",AI综合评估 + O*NET/ILO/OECD锚点校准,2026-04-13,2026-04-13,2000-2026,195000
LAW-0802-CN-general,法律与社会服务,LAW,宗教,佛教僧侣,Buddhist Monk / Nun,2636,21-2011.00,东亚,中国,CN,country,general,寺院教育,15-30,global,3.8,2.8,2.2,9.6,2.1,2.1,3.1,2.6,2.1,3.1,7.9,8.9,6.2,4.4,5.1,3.6,3.6,2.2,9.9,6.1,2.5,6.0,0.4,8.9,2.3,3.8,8.2,8.0,3.3,4.7,0.2,0.6,2.9,3.8,-1,-1,→,2035+,5.06,中国佛教僧侣：薪资水平偏低，供过于求，AI替代抗性强,"China Buddhist Monk / Nun: relatively low pay, oversupply of talent, strong AI resistance",AI综合评估 + O*NET/ILO/OECD锚点校准,2026-04-13,2026-04-13,2000-2026,39000
SVC-0117-CN-general,服务业与消费,SVC,餐饮,面包师,Bread Baker / Boulanger,7512,51-3011.00,东亚,中国,CN,country,general,专科/职校,18-28,global,4.3,3.8,5.7,6.3,5.7,6.8,5.8,5.6,3.9,4.4,3.5,5.4,4.4,0.0,3.7,6.5,5.9,2.8,7.9,5.4,0.8,4.1,1.0,7.6,8.4,4.4,5.0,7.5,7.5,3.0,6.5,5.7,3.9,4.0,2,2,↑,2035+,5.05,中国面包师：薪资水平偏低，AI替代抗性强，加班文化严重,"China Bread Baker / Boulanger: relatively low pay, strong AI resistance, heavy overtime culture",AI综合评估 + O*NET/ILO/OECD锚点校准,2026-04-13,2026-04-13,2000-2026,87000
ART-1106-CN-general,文化、艺术与传媒,ART,体育竞技,体育教练,Sports Coach / Trainer,3422,27-2022.00,东亚,中国,CN,country,general,本科,25-40,global,6.6,4.4,6.3,7.3,5.1,8.0,5.9,6.4,6.9,4.9,5.0,4.9,4.0,0.0,4.0,4.3,4.3,3.9,9.4,6.6,0.9,4.7,0.7,7.9,4.2,3.7,1.2,7.1,6.2,3.2,5.4,2.2,6.0,5.7,3,1,→,2035+,5.05,中国体育教练：AI替代抗性强，加班文化严重,"China Sports Coach / Trainer: strong AI resistance, heavy overtime culture",AI综合评估 + O*NET/ILO/OECD锚点校准,2026-04-13,2026-04-13,2000-2026,335000
SKL-0606-CN-general,技术工种与手工业,SKL,建筑工,脚手架工,Scaffolder,7119,47-2225.00,东亚,中国,CN,country,general,短期培训/学徒,18-25,global,3.2,1.4,6.1,6.2,7.9,10.0,5.5,7.2,5.6,6.6,5.1,1.9,2.9,0.7,3.3,4.1,3.8,2.3,7.9,3.4,0.0,4.3,2.2,5.3,5.3,1.3,4.2,5.5,8.8,4.4,7.2,5.3,4.3,1.9,2,2,↑,2035+,5.05,中国脚手架工：AI替代抗性强，加班文化严重,"China Scaffolder: strong AI resistance, heavy overtime culture",AI综合评估 + O*NET/ILO/OECD锚点校准,2026-04-13,2026-04-13,2000-2026,186000
SKL-0601-CN-general,技术工种与手工业,SKL,建筑工,砌筑工,Bricklayer / Mason,7112,47-2021.00,东亚,中国,CN,country,general,短期培训/学徒,18-25,global,3.0,1.7,5.9,6.3,8.3,10.0,5.8,7.1,4.5,5.2,5.6,3.4,3.2,0.7,2.4,4.7,3.8,2.3,7.9,4.1,0.5,4.2,1.5,5.2,5.5,1.6,5.2,5.6,8.7,3.0,7.3,4.7,4.3,3.0,2,2,↑,2035+,5.05,中国砌筑工：薪资水平偏低，AI替代抗性强，加班文化严重,"China Bricklayer / Mason: relatively low pay, strong AI resistance, heavy overtime culture",AI综合评估 + O*NET/ILO/OECD锚点校准,2026-04-13,2026-04-13,2000-2026,114000
SKL-0604-CN-general,技术工种与手工业,SKL,建筑工,钢筋工,Rebar Worker / Ironworker,7214,47-2171.00,东亚,中国,CN,country,general,短期培训/学徒,18-25,global,3.0,1.9,6.0,6.6,8.5,10.0,5.7,6.8,5.7,5.6,4.6,2.2,3.0,0.7,2.3,4.3,4.8,2.1,7.3,4.2,0.0,4.7,1.7,5.5,5.6,2.0,4.6,5.2,9.0,3.1,7.7,5.1,4.1,1.8,2,2,↑,2032-2038,5.05,中国钢筋工：加班文化严重,China Rebar Worker / Ironworker: heavy overtime culture,AI综合评估 + O*NET/ILO/OECD锚点校准,2026-04-13,2026-04-13,2000-2026,195000
SKL-0617-CN-general,技术工种与手工业,SKL,建筑工,木模工,Formwork Carpenter / Shuttering Joiner,7115,47-2031.00,东亚,中国,CN,country,general,短期培训/学徒,18-25,global,4.0,1.9,5.7,6.2,7.5,10.0,6.9,6.4,5.3,6.4,5.8,2.7,3.9,1.4,2.7,4.1,3.6,2.3,7.0,3.4,0.0,3.8,2.4,5.4,5.1,1.9,4.4,5.5,7.8,3.4,7.8,5.7,4.5,1.9,2,2,↑,2032-2038,5.04,中国木模工：加班文化严重,China Formwork Carpenter / Shuttering Joiner: heavy overtime culture,AI综合评估 + O*NET/ILO/OECD锚点校准,2026-04-13,2026-04-13,2000-2026,163000
SVC-0113-CN-general,服务业与消费,SVC,餐饮,屠宰师/肉类切割师,Butcher / Meat Cutter,7511,51-3021.00,东亚,中国,CN,country,general,专科/职校,18-28,global,4.1,3.8,5.9,6.2,6.2,6.0,6.4,5.2,4.0,4.4,4.0,5.2,5.0,0.0,3.2,6.4,6.1,2.6,7.9,5.3,0.5,4.7,0.7,7.0,7.7,4.3,4.9,7.6,8.2,2.8,6.4,5.1,4.1,4.8,2,2,↑,2035+,5.04,中国屠宰师/肉类切割师：薪资水平偏低，AI替代抗性强，加班文化严重,"China Butcher / Meat Cutter: relatively low pay, strong AI resistance, heavy overtime culture",AI综合评估 + O*NET/ILO/OECD锚点校准,2026-04-13,2026-04-13,2000-2026,91000
LAW-0807-CN-general,法律与社会服务,LAW,宗教,印度教祭司,Hindu Priest (Pandit),2636,21-2011.00,东亚,中国,CN,country,general,家族传承/学院,18-30,regional,4.3,3.3,2.7,8.5,4.1,3.3,4.1,3.3,2.6,3.7,5.4,8.2,6.0,2.2,3.7,4.3,3.0,3.2,9.2,6.3,1.6,6.6,2.7,7.6,4.0,2.0,8.3,9.1,2.1,5.0,0.3,3.5,3.7,3.8,0,0,→,2035+,5.03,中国印度教祭司：薪资水平偏低，AI替代抗性强，加班文化严重,"China Hindu Priest (Pandit): relatively low pay, strong AI resistance, heavy overtime culture",AI综合评估 + O*NET/ILO/OECD锚点校准,2026-04-13,2026-04-13,2000-2026,48000
GOV-0706-CN-general,公共管理与公务员,GOV,警察执法,海关官员,Customs Officer,3351,33-3021.06,东亚,中国,CN,country,general,本科,22-28,global,5.3,5.8,4.8,9.3,6.2,5.6,5.6,4.1,6.2,6.1,10.0,7.7,5.4,3.9,3.6,4.2,3.5,2.7,5.5,8.5,0.2,2.6,4.1,5.8,1.0,4.2,5.4,6.8,3.0,9.3,2.1,0.0,4.5,8.5,0,1,→,2028-2033,5.03,中国海关官员：就业稳定,China Customs Officer: stable employment,AI综合评估 + O*NET/ILO/OECD锚点校准,2026-04-13,2026-04-13,2000-2026,244000
AGR-0106-CN-general,农业、资源与环境,AGR,种植,精准农业技术员,Precision Agriculture Technician,6111,45-2091.00,东亚,中国,CN,country,general,大专/本科,22-32,global,5.2,4.3,7.1,7.6,6.9,8.9,6.4,8.0,5.6,5.5,4.6,4.7,3.7,1.3,2.8,3.8,3.3,1.7,2.9,5.1,1.1,6.5,3.1,6.0,6.2,4.6,7.1,4.0,4.7,1.3,7.7,3.2,1.8,2.5,3,5,↑↑,2025-2028,5.03,中国精准农业技术员：AI替代风险较高，加班文化严重，近年增长迅猛,"China Precision Agriculture Technician: high AI displacement risk, heavy overtime culture, rapid recent growth",AI综合评估 + O*NET/ILO/OECD锚点校准,2026-04-13,2026-04-13,2000-2026,186000
SKL-0607-CN-general,技术工种与手工业,SKL,建筑工,吊车操作员,Crane Operator,8343,53-7021.00,东亚,中国,CN,country,general,短期培训/学徒,18-25,global,4.2,3.1,5.9,6.8,8.1,10.0,6.8,7.1,6.6,5.8,4.9,2.4,3.9,0.9,3.3,4.9,4.0,1.7,5.5,4.4,0.0,4.5,0.9,5.5,5.4,1.5,5.2,5.8,5.7,6.4,7.5,5.7,4.7,2.6,2,2,↑,2028-2033,5.03,中国吊车操作员：加班文化严重,China Crane Operator: heavy overtime culture,AI综合评估 + O*NET/ILO/OECD锚点校准,2026-04-13,2026-04-13,2000-2026,292000
SVC-1101-CN-general,服务业与消费,SVC,客户服务,客服专员/呼叫中心坐席,Customer Service Representative / Call Center Agent,4222,43-4051.00,东亚,中国,CN,country,general,高中/专科,18-30,global,3.3,3.6,4.9,6.2,7.4,9.3,6.3,4.7,3.5,4.1,5.0,7.9,6.8,0.7,4.3,5.3,5.4,1.8,3.1,3.2,5.2,3.2,3.0,3.9,3.9,4.8,5.1,8.1,2.3,1.8,4.6,3.9,3.5,4.0,-1,-1,→,2026-2030,5.03,中国客服专员/呼叫中心坐席：薪资水平偏低，AI替代风险较高，加班文化严重,"China Customer Service Representative / Call Center Agent: relatively low pay, high AI displacement risk, heavy overtime culture",AI综合评估 + O*NET/ILO/OECD锚点校准,2026-04-13,2026-04-13,2000-2026,72000
SVC-0703-CN-general,服务业与消费,SVC,殡葬,公墓管理员,Cemetery Manager,5163,39-4031.00,东亚,中国,CN,country,general,专科/证书,22-35,global,4.3,4.4,4.5,7.8,5.5,4.4,6.0,5.4,3.6,5.4,6.5,5.7,4.2,1.7,3.8,5.2,3.5,0.9,7.5,4.5,0.6,4.7,2.2,6.4,4.2,5.3,6.5,5.0,4.3,4.4,1.6,2.6,2.5,5.1,1,1,→,2035+,5.03,中国公墓管理员：薪资水平偏低，AI替代抗性强，加班文化严重,"China Cemetery Manager: relatively low pay, strong AI resistance, heavy overtime culture",AI综合评估 + O*NET/ILO/OECD锚点校准,2026-04-13,2026-04-13,2000-2026,76000
SVC-1402-CN-general,服务业与消费,SVC,休闲娱乐,游乐园操作员,Amusement Park Ride Operator,9629,39-3091.00,东亚,中国,CN,country,general,无要求,18-28,global,2.4,3.6,6.3,6.7,6.7,7.5,6.1,4.6,3.1,4.4,4.3,4.4,5.3,0.6,2.6,5.8,5.6,1.8,6.9,2.9,0.8,5.5,1.9,7.8,6.7,4.4,4.7,7.9,5.5,3.0,6.9,4.5,3.1,3.7,2,3,↑,2032-2038,5.03,中国游乐园操作员：薪资水平偏低，加班文化严重,"China Amusement Park Ride Operator: relatively low pay, heavy overtime culture",AI综合评估 + O*NET/ILO/OECD锚点校准,2026-04-13,2026-04-13,2000-2026,61000
SVC-0116-CN-general,服务业与消费,SVC,餐饮,食品卫生管理员,Food Hygiene Manager,3257,29-9011.00,东亚,中国,CN,country,general,专科/职校,18-28,global,5.3,3.3,5.3,6.6,6.4,6.7,5.8,5.4,4.2,4.6,7.0,5.4,4.3,0.0,4.1,6.1,5.5,2.4,5.7,4.5,0.3,4.2,1.4,7.2,7.5,4.0,5.2,7.8,2.9,4.3,6.4,4.5,4.4,4.4,2,2,↑,2028-2033,5.03,中国食品卫生管理员：薪资水平偏低，加班文化严重,"China Food Hygiene Manager: relatively low pay, heavy overtime culture",AI综合评估 + O*NET/ILO/OECD锚点校准,2026-04-13,2026-04-13,2000-2026,99000
SKL-0605-CN-general,技术工种与手工业,SKL,建筑工,混凝土工,Concrete Finisher,7114,47-2051.00,东亚,中国,CN,country,general,短期培训/学徒,18-25,global,3.0,2.0,6.1,6.5,8.5,10.0,6.2,6.9,4.1,6.0,4.8,2.9,3.7,0.9,1.8,4.3,4.4,2.1,7.6,3.8,0.0,5.0,2.2,5.2,5.2,0.8,5.0,5.5,9.0,3.4,7.9,5.5,4.1,2.6,2,2,↑,2035+,5.02,中国混凝土工：薪资水平偏低，AI替代抗性强，加班文化严重,"China Concrete Finisher: relatively low pay, strong AI resistance, heavy overtime culture",AI综合评估 + O*NET/ILO/OECD锚点校准,2026-04-13,2026-04-13,2000-2026,95000
LAW-0605-CN-general,法律与社会服务,LAW,社会工作,学校社工,School Social Worker,2635,21-1021.00,东亚,中国,CN,country,general,社工本科/硕士,23-28,global,5.9,5.6,3.9,7.5,4.0,4.4,5.1,4.7,2.1,4.4,5.4,8.2,5.2,3.7,2.7,5.9,5.6,2.3,7.2,5.7,3.3,4.7,3.9,6.8,3.0,6.2,6.2,8.6,1.1,6.1,2.2,2.2,3.9,4.4,2,1,→,2032-2038,5.02,中国学校社工：薪资水平偏低,China School Social Worker: relatively low pay,AI综合评估 + O*NET/ILO/OECD锚点校准,2026-04-13,2026-04-13,2000-2026,39000
ART-1105-CN-general,文化、艺术与传媒,ART,体育竞技,职业电子竞技选手,Professional Esports Player,3421,27-2021.00,东亚,中国,CN,country,general,高中/体校,14-20,global,6.0,3.8,8.9,2.2,5.5,9.4,6.1,6.0,8.1,4.3,2.6,4.7,4.2,0.0,4.1,4.1,4.3,4.1,9.1,7.0,0.8,3.9,0.6,8.3,3.8,3.4,1.6,7.5,5.0,2.2,5.0,2.6,6.2,6.3,5,4,↑↑,2035+,5.01,中国职业电子竞技选手：薪资回报高，AI替代抗性强，加班文化严重,"China Professional Esports Player: high compensation, strong AI resistance, heavy overtime culture",AI综合评估 + O*NET/ILO/OECD锚点校准,2026-04-13,2026-04-13,2000-2026,574000
ART-1103-CN-general,文化、艺术与传媒,ART,体育竞技,职业网球运动员,Professional Tennis Player,3421,27-2021.00,东亚,中国,CN,country,general,高中/体校,14-22,global,6.4,4.5,6.0,3.5,6.1,8.9,6.2,6.4,10.0,4.5,2.0,4.7,3.5,0.1,3.3,4.6,3.2,4.4,9.3,7.9,0.6,3.9,0.0,8.3,5.1,3.4,1.4,7.6,8.9,2.3,4.6,2.5,8.0,5.3,3,1,→,2035+,5.01,中国职业网球运动员：薪资回报高，AI替代抗性强，加班文化严重,"China Professional Tennis Player: high compensation, strong AI resistance, heavy overtime culture",AI综合评估 + O*NET/ILO/OECD锚点校准,2026-04-13,2026-04-13,2000-2026,1350000
AGR-0114-CN-general,农业、资源与环境,AGR,种植,农业无人机操作员,Agricultural Drone Operator,6111,45-2091.00,东亚,中国,CN,country,general,培训/大专,20-35,global,5.0,4.1,8.2,7.6,5.7,9.5,6.0,6.7,4.9,5.1,4.3,6.5,4.0,0.0,2.6,3.7,3.2,2.2,3.5,5.5,2.3,7.1,3.2,5.3,7.3,4.3,7.3,4.2,3.5,1.4,8.0,3.0,1.8,2.9,3,5,↑↑,2026-2030,5.01,中国农业无人机操作员：AI替代风险较高，加班文化严重，近年增长迅猛,"China Agricultural Drone Operator: high AI displacement risk, heavy overtime culture, rapid recent growth",AI综合评估 + O*NET/ILO/OECD锚点校准,2026-04-13,2026-04-13,2000-2026,136000
GOV-0301-CN-general,公共管理与公务员,GOV,司法行政,法院书记员,Court Clerk,3411,43-4031.00,东亚,中国,CN,country,general,本科,22-28,global,4.5,5.7,4.2,9.6,5.3,6.1,3.9,3.4,5.4,6.2,10.0,8.9,5.9,4.1,5.0,4.7,4.5,1.7,4.2,6.6,2.0,2.3,3.9,4.3,0.6,5.2,7.5,6.3,1.0,8.5,0.3,0.8,2.1,8.6,-1,0,→,2026-2030,5.01,中国法院书记员：供过于求，就业稳定,"China Court Clerk: oversupply of talent, stable employment",AI综合评估 + O*NET/ILO/OECD锚点校准,2026-04-13,2026-04-13,2000-2026,170000
AGR-0501-CN-general,农业、资源与环境,AGR,石油天然气,石油工程师,Petroleum Engineer,2145,17-2171.00,东亚,中国,CN,country,general,本科/硕士,24-32,global,7.5,7.9,3.4,6.6,6.0,7.3,6.5,9.3,10.0,6.5,5.9,2.5,3.5,0.0,3.3,4.9,5.7,1.9,6.3,8.5,2.0,4.8,1.2,5.6,3.8,2.4,5.2,5.5,3.7,6.1,8.1,0.5,6.9,6.8,-1,0,→,2032-2038,5.01,中国石油工程师：薪资回报高，加班文化严重,"China Petroleum Engineer: high compensation, heavy overtime culture",AI综合评估 + O*NET/ILO/OECD锚点校准,2026-04-13,2026-04-13,2000-2026,1350000
AGR-0107-CN-general,农业、资源与环境,AGR,种植,农学家/农艺师,Agronomist,2132,19-1011.00,东亚,中国,CN,country,general,本科/硕士,24-32,global,7.3,7.6,5.3,7.9,5.9,10.0,5.9,5.9,6.8,4.8,5.5,5.2,3.4,0.2,2.8,3.2,5.7,2.0,5.8,7.2,2.1,6.9,3.0,5.5,6.6,3.5,6.4,4.3,4.0,3.8,7.8,2.2,4.0,2.5,0,0,→,2028-2033,5.01,中国农学家/农艺师：加班文化严重,China Agronomist: heavy overtime culture,AI综合评估 + O*NET/ILO/OECD锚点校准,2026-04-13,2026-04-13,2000-2026,320000
SVC-0202-CN-general,服务业与消费,SVC,酒店旅游,前台接待员,Hotel Front Desk Receptionist,4224,43-4081.00,东亚,中国,CN,country,general,高中,18-25,global,2.6,2.6,5.9,6.7,5.9,6.4,4.9,4.5,2.7,4.6,4.3,6.2,5.9,0.9,3.2,6.2,5.9,2.0,5.9,3.9,1.3,5.2,1.4,6.4,6.4,4.4,5.5,8.5,4.7,2.5,8.3,4.6,4.8,4.6,2,2,↑,2028-2033,5.0,中国前台接待员：薪资水平偏低，加班文化严重,"China Hotel Front Desk Receptionist: relatively low pay, heavy overtime culture",AI综合评估 + O*NET/ILO/OECD锚点校准,2026-04-13,2026-04-13,2000-2026,51000
ART-1116-CN-general,文化、艺术与传媒,ART,体育竞技,体育记者,Sports Journalist,2642,27-3022.00,东亚,中国,CN,country,general,本科,22-30,global,6.6,4.4,6.5,7.9,5.3,8.2,5.6,6.4,6.3,3.8,2.8,4.9,3.0,0.2,2.8,3.7,4.1,4.2,9.1,7.4,3.4,4.9,0.2,8.3,3.6,4.9,1.6,7.5,2.8,2.2,5.3,3.0,6.2,5.9,3,1,→,2035+,5.0,中国体育记者：AI替代抗性强，加班文化严重，就业波动大,"China Sports Journalist: strong AI resistance, heavy overtime culture, volatile employment",AI综合评估 + O*NET/ILO/OECD锚点校准,2026-04-13,2026-04-13,2000-2026,255000
ART-0415-CN-general,文化、艺术与传媒,ART,舞台表演,即兴戏剧演员,Improv Performer,2655,27-2011.00,东亚,中国,CN,country,general,本科/专科,16-25,global,5.8,4.3,6.3,4.7,6.2,5.8,4.3,6.1,4.9,4.8,2.8,5.7,4.5,0.4,3.3,5.9,4.3,3.6,8.5,6.0,1.4,6.2,0.1,9.1,7.1,4.4,3.3,9.0,6.2,1.8,6.9,4.6,4.3,3.8,1,-1,→,2035+,5.0,中国即兴戏剧演员：AI替代抗性强，加班文化严重，就业波动大,"China Improv Performer: strong AI resistance, heavy overtime culture, volatile employment",AI综合评估 + O*NET/ILO/OECD锚点校准,2026-04-13,2026-04-13,2000-2026,136000
LAW-0808-CN-general,法律与社会服务,LAW,宗教,军队牧师,Military Chaplain,2636,21-2011.00,东亚,中国,CN,country,general,神学硕士+军事训练,26-35,global,5.8,6.4,3.2,7.8,2.5,1.8,4.5,4.2,4.8,5.8,7.6,6.2,4.9,3.1,2.8,5.6,4.1,2.0,8.7,6.9,1.7,3.9,2.5,8.7,2.2,3.9,7.1,9.1,3.3,7.0,1.2,0.6,5.5,6.7,0,0,→,2035+,4.99,中国军队牧师：AI替代抗性强，加班文化严重，就业稳定,"China Military Chaplain: strong AI resistance, heavy overtime culture, stable employment",AI综合评估 + O*NET/ILO/OECD锚点校准,2026-04-13,2026-04-13,2000-2026,130000
ART-0410-CN-general,文化、艺术与传媒,ART,舞台表演,木偶师,Puppeteer,2655,27-2011.00,东亚,中国,CN,country,general,本科/专科,16-25,global,6.3,4.5,5.4,5.3,5.5,4.4,5.0,5.0,5.0,4.6,3.3,6.2,4.3,0.4,4.3,5.9,4.4,3.6,9.5,6.2,1.9,5.5,1.2,8.7,5.2,5.0,4.2,7.9,6.2,2.3,6.9,4.0,4.7,4.0,1,-1,→,2035+,4.99,中国木偶师：AI替代抗性强，加班文化严重，就业波动大,"China Puppeteer: strong AI resistance, heavy overtime culture, volatile employment",AI综合评估 + O*NET/ILO/OECD锚点校准,2026-04-13,2026-04-13,2000-2026,142000
SKL-0402-CN-general,技术工种与手工业,SKL,机械加工,车工,Lathe Operator / Turner,7223,51-4034.00,东亚,中国,CN,country,general,职校/技校,18-25,global,3.9,3.2,5.0,7.0,7.7,8.7,5.5,4.7,5.3,5.1,6.5,5.0,4.9,1.9,3.0,5.4,4.9,1.2,3.5,5.2,0.0,5.5,2.6,5.8,5.2,2.4,5.4,4.3,6.5,3.6,6.2,4.7,4.3,3.7,0,-1,→,2026-2030,4.99,中国车工：AI替代风险较高，加班文化严重,"China Lathe Operator / Turner: high AI displacement risk, heavy overtime culture",AI综合评估 + O*NET/ILO/OECD锚点校准,2026-04-13,2026-04-13,2000-2026,163000
AGR-0406-CN-general,农业、资源与环境,AGR,采矿,矿山安全工程师,Mine Safety Engineer,2149,17-2111.02,东亚,中国,CN,country,general,本科/硕士,24-32,global,7.4,7.4,5.9,5.9,6.2,8.4,8.1,8.6,9.7,5.7,5.8,5.0,2.4,0.4,2.2,3.8,2.7,1.9,6.7,7.7,2.6,3.2,1.2,6.6,4.1,1.8,3.7,5.4,4.3,7.1,7.6,1.3,5.6,5.2,0,1,→,2032-2038,4.99,中国矿山安全工程师：薪资回报高，人才需求旺盛，加班文化严重,"China Mine Safety Engineer: high compensation, strong talent demand, heavy overtime culture",AI综合评估 + O*NET/ILO/OECD锚点校准,2026-04-13,2026-04-13,2000-2026,1180000
GOV-0802-CN-general,公共管理与公务员,GOV,消防应急,消防队长,Fire Captain,5411,33-1021.01,东亚,中国,CN,country,general,大专/本科,25-35,global,6.1,6.5,4.5,7.2,4.4,4.4,5.5,5.1,6.6,6.7,10.0,4.3,2.9,1.9,2.4,5.2,4.2,1.3,7.9,9.6,0.0,4.9,1.6,7.8,2.0,3.4,4.1,8.3,8.2,8.5,0.0,1.4,2.2,8.8,0,1,→,2035+,4.99,中国消防队长：AI替代抗性强，加班文化严重，就业稳定,"China Fire Captain: strong AI resistance, heavy overtime culture, stable employment",AI综合评估 + O*NET/ILO/OECD锚点校准,2026-04-13,2026-04-13,2000-2026,292000
ART-0409-CN-general,文化、艺术与传媒,ART,舞台表演,歌剧歌手,Opera Singer,2652,27-2042.00,东亚,中国,CN,country,general,本科/专科,16-25,global,8.1,6.6,5.4,5.2,5.9,5.4,4.9,4.8,7.2,3.9,3.3,6.0,5.1,0.5,2.8,5.8,4.6,3.3,8.7,7.8,2.0,6.5,0.6,9.4,5.0,5.5,3.8,8.1,6.7,2.4,6.5,4.6,4.3,4.6,1,-1,→,2035+,4.99,中国歌剧歌手：AI替代抗性强，加班文化严重，就业波动大,"China Opera Singer: strong AI resistance, heavy overtime culture, volatile employment",AI综合评估 + O*NET/ILO/OECD锚点校准,2026-04-13,2026-04-13,2000-2026,383000
SVC-0601-CN-general,服务业与消费,SVC,平台零工,网约车司机,Ride-hailing Driver (Uber/Didi/etc.),8322,53-3054.00,东亚,中国,CN,country,general,无要求,18-40,global,2.0,1.6,8.0,5.4,10.0,10.0,6.3,3.4,2.4,4.0,0.6,4.7,4.7,0.3,3.8,4.3,5.5,1.4,5.1,3.0,2.3,7.1,2.2,4.6,6.4,3.6,5.2,4.5,4.8,1.0,4.9,7.6,1.6,3.1,4,3,↑,2028-2033,4.98,中国网约车司机：薪资水平偏低，加班文化严重，就业波动大,"China Ride-hailing Driver (Uber/Didi/etc.): relatively low pay, heavy overtime culture, volatile employment",AI综合评估 + O*NET/ILO/OECD锚点校准,2026-04-13,2026-04-13,2000-2026,44000
ART-0402-CN-general,文化、艺术与传媒,ART,舞台表演,舞蹈家/舞者,Dancer / Choreographer,2653,27-2031.00,东亚,中国,CN,country,general,本科/专科,14-22,global,6.0,4.5,5.0,3.3,6.2,5.6,5.3,5.0,4.5,4.8,3.0,6.0,5.5,0.6,4.0,6.2,4.9,3.3,8.8,6.4,1.7,6.7,0.0,8.9,5.9,4.7,3.6,7.7,8.1,1.5,6.1,4.8,4.7,4.6,1,-1,→,2035+,4.98,中国舞蹈家/舞者：薪资水平偏低，AI替代抗性强，加班文化严重,"China Dancer / Choreographer: relatively low pay, strong AI resistance, heavy overtime culture",AI综合评估 + O*NET/ILO/OECD锚点校准,2026-04-13,2026-04-13,2000-2026,114000
TECH-0507-CN-general,信息技术与数字化,TECH,新兴数字职业,数据标注师,Data Annotator,4132,43-9021.00,东亚,中国,CN,country,general,高中/大专,18-40,global,2.1,1.2,4.0,3.6,6.6,8.0,5.2,3.8,5.4,5.9,3.3,9.5,4.5,2.0,2.3,4.4,5.5,2.8,2.3,4.5,6.3,2.7,3.5,3.1,3.5,7.1,7.5,3.4,1.5,0.0,5.9,7.3,3.0,2.7,2,2,↑,2025-2028,4.98,中国数据标注师：AI替代风险较高，加班文化严重，就业波动大,"China Data Annotator: high AI displacement risk, heavy overtime culture, volatile employment",AI综合评估 + O*NET/ILO/OECD锚点校准,2026-04-13,2026-04-13,2000-2026,170000
LAW-0606-CN-general,法律与社会服务,LAW,社会工作,社区发展工作者,Community Development Worker,3412,21-1094.00,东亚,中国,CN,country,general,本科/大专,22-30,global,4.8,4.9,3.1,6.5,3.0,4.0,4.8,4.4,1.7,4.4,3.8,7.2,4.5,3.0,2.4,6.5,5.5,2.5,8.0,5.4,3.0,5.7,3.0,6.4,5.0,7.1,6.9,9.1,2.9,3.6,3.1,4.2,4.2,3.6,1,1,→,2035+,4.98,中国社区发展工作者：薪资水平偏低，AI替代抗性强，加班文化严重,"China Community Development Worker: relatively low pay, strong AI resistance, heavy overtime culture",AI综合评估 + O*NET/ILO/OECD锚点校准,2026-04-13,2026-04-13,2000-2026,32000
GOV-0702-CN-general,公共管理与公务员,GOV,警察执法,刑事侦探,Criminal Investigator / Detective,5412,33-3021.00,东亚,中国,CN,country,general,本科,22-30,global,6.0,5.6,4.7,7.9,6.3,6.1,6.2,5.8,5.7,5.8,8.9,5.0,2.8,2.1,1.6,5.2,4.7,2.7,7.0,8.8,0.2,5.0,2.0,8.2,1.6,4.2,4.7,7.5,5.8,9.0,0.5,0.9,3.0,9.0,0,1,→,2032-2038,4.98,中国刑事侦探：加班文化严重，就业稳定,"China Criminal Investigator / Detective: heavy overtime culture, stable employment",AI综合评估 + O*NET/ILO/OECD锚点校准,2026-04-13,2026-04-13,2000-2026,195000
AGR-0208-CN-general,农业、资源与环境,AGR,畜牧,养蜂人,Beekeeper / Apiarist,6123,45-2093.00,东亚,中国,CN,country,general,培训/自学,20-50,global,3.2,2.7,4.6,7.3,5.8,4.7,5.1,6.6,4.3,5.5,5.5,5.0,3.4,0.2,2.8,3.2,3.7,1.5,7.5,3.5,0.0,5.9,2.2,7.5,7.4,3.0,7.7,3.6,6.1,1.6,6.6,5.7,1.9,3.4,0,1,→,2035+,4.98,中国养蜂人：薪资水平偏低，AI替代抗性强，加班文化严重,"China Beekeeper / Apiarist: relatively low pay, strong AI resistance, heavy overtime culture",AI综合评估 + O*NET/ILO/OECD锚点校准,2026-04-13,2026-04-13,2000-2026,104000
SVC-0301-CN-general,服务业与消费,SVC,零售,零售店员/销售助理,Retail Sales Associate,5223,41-2031.00,东亚,中国,CN,country,general,高中/专科,18-30,global,2.8,3.3,5.5,6.0,7.4,9.5,5.4,4.1,4.0,4.7,3.0,7.4,6.3,0.9,3.4,5.9,5.8,1.5,5.1,4.5,1.4,3.2,1.2,4.4,5.2,5.5,5.1,7.7,4.3,1.9,5.6,4.8,2.1,3.5,0,0,→,2028-2033,4.97,中国零售店员/销售助理：薪资水平偏低，加班文化严重，就业波动大,"China Retail Sales Associate: relatively low pay, heavy overtime culture, volatile employment",AI综合评估 + O*NET/ILO/OECD锚点校准,2026-04-13,2026-04-13,2000-2026,91000
LAW-0502-CN-general,法律与社会服务,LAW,法律助理/律师助理,法律秘书,Legal Secretary,3411,43-6012.00,东亚,中国,CN,country,general,大专/高中,18-25,global,3.4,3.1,3.4,6.7,6.4,7.4,4.1,3.7,3.5,5.3,5.0,9.2,5.2,2.9,4.0,4.7,4.5,1.8,3.5,4.3,5.3,3.4,3.7,3.4,2.6,6.2,6.0,6.2,0.2,2.2,3.6,4.6,3.0,3.0,0,-2,↓,2026-2030,4.97,中国法律秘书：薪资水平偏低，AI替代风险较高，加班文化严重,"China Legal Secretary: relatively low pay, high AI displacement risk, heavy overtime culture",AI综合评估 + O*NET/ILO/OECD锚点校准,2026-04-13,2026-04-13,2000-2026,72000
SKL-0608-CN-general,技术工种与手工业,SKL,建筑工,挖掘机操作员,Excavator Operator,8342,47-2073.00,东亚,中国,CN,country,general,短期培训/学徒,18-25,global,3.5,1.4,5.7,6.0,8.5,10.0,6.1,7.3,6.5,6.4,4.4,3.4,3.4,0.6,3.2,4.1,3.6,1.9,4.0,3.8,0.6,4.0,1.6,5.3,5.1,0.8,5.0,5.2,4.7,4.0,7.7,5.6,4.7,1.8,2,1,→,2026-2030,4.97,中国挖掘机操作员：AI替代风险较高，加班文化严重,"China Excavator Operator: high AI displacement risk, heavy overtime culture",AI综合评估 + O*NET/ILO/OECD锚点校准,2026-04-13,2026-04-13,2000-2026,280000
AGR-0508-CN-general,农业、资源与环境,AGR,石油天然气,LNG工程师,LNG (Liquefied Natural Gas) Engineer,2145,17-2171.00,东亚,中国,CN,country,general,本科/硕士,24-32,global,5.6,5.2,4.7,6.5,6.8,6.4,7.9,9.0,9.1,6.7,5.1,4.3,2.4,0.6,3.0,4.1,4.8,2.2,5.6,5.8,1.4,4.7,0.0,5.2,3.6,2.8,4.8,5.7,3.7,5.4,8.9,0.9,7.1,6.9,-1,2,↑,2028-2033,4.97,中国LNG工程师：薪资回报高，人才需求旺盛，加班文化严重,"China LNG (Liquefied Natural Gas) Engineer: high compensation, strong talent demand, heavy overtime culture",AI综合评估 + O*NET/ILO/OECD锚点校准,2026-04-13,2026-04-13,2000-2026,901000
SVC-0111-CN-general,服务业与消费,SVC,餐饮,服务员,Waiter / Waitress,5131,35-3031.00,东亚,中国,CN,country,general,无要求,16-25,global,2.5,1.9,5.1,6.2,6.9,6.8,6.2,6.0,2.8,3.9,3.0,5.4,5.0,0.2,4.6,5.8,6.2,2.2,6.8,2.8,0.0,4.5,1.0,6.9,7.5,4.5,4.6,7.3,7.1,2.7,6.4,5.1,4.3,4.4,2,2,↑,2032-2038,4.97,中国服务员：薪资水平偏低，加班文化严重，就业波动大,"China Waiter / Waitress: relatively low pay, heavy overtime culture, volatile employment",AI综合评估 + O*NET/ILO/OECD锚点校准,2026-04-13,2026-04-13,2000-2026,53000
GOV-0801-CN-general,公共管理与公务员,GOV,消防应急,消防员,Firefighter,5411,33-2011.00,东亚,中国,CN,country,general,高中/大专,18-25,global,4.9,4.3,4.2,7.3,6.7,7.9,6.1,5.0,3.9,6.2,10.0,3.8,2.4,3.2,2.6,3.7,3.8,0.9,8.3,8.8,0.0,2.1,1.7,8.6,0.4,2.8,4.0,7.5,8.7,7.6,0.6,1.1,3.0,9.0,0,1,→,2035+,4.97,中国消防员：薪资水平偏低，AI替代抗性强，加班文化严重,"China Firefighter: relatively low pay, strong AI resistance, heavy overtime culture",AI综合评估 + O*NET/ILO/OECD锚点校准,2026-04-13,2026-04-13,2000-2026,87000
ART-0404-CN-general,文化、艺术与传媒,ART,舞台表演,相声/曲艺演员,Crosstalk / Traditional Comedy Performer,2655,27-2011.00,东亚,中国,CN,country,general,本科/专科,16-25,regional,6.1,4.3,5.2,7.1,5.8,4.1,4.7,4.9,4.6,4.0,3.0,5.7,5.0,1.2,3.8,5.4,4.8,3.7,8.9,6.4,1.7,6.7,0.4,8.5,5.9,4.3,4.4,7.9,6.4,1.5,6.3,4.6,3.9,4.2,1,-1,→,2035+,4.96,中国相声/曲艺演员：AI替代抗性强，加班文化严重，就业波动大,"China Crosstalk / Traditional Comedy Performer: strong AI resistance, heavy overtime culture, volatile employment",AI综合评估 + O*NET/ILO/OECD锚点校准,2026-04-13,2026-04-13,2000-2026,119000
AGR-0307-CN-general,农业、资源与环境,AGR,渔业,渔业检查员,Fisheries Inspector,3257,45-3011.00,东亚,中国,CN,country,general,大专/本科,24-35,global,5.1,4.6,3.5,6.8,6.5,10.0,5.6,6.6,6.8,5.5,6.0,6.3,3.2,0.0,2.3,3.5,3.4,1.4,6.8,6.0,0.9,7.1,0.7,5.9,6.2,1.9,5.7,4.9,4.4,5.3,7.5,2.9,2.7,2.8,0,0,→,2032-2038,4.96,中国渔业检查员：加班文化严重,China Fisheries Inspector: heavy overtime culture,AI综合评估 + O*NET/ILO/OECD锚点校准,2026-04-13,2026-04-13,2000-2026,320000
ART-1104-CN-general,文化、艺术与传媒,ART,体育竞技,职业高尔夫球员,Professional Golfer,3421,27-2021.00,东亚,中国,CN,country,general,高中/体校,14-22,global,5.6,4.0,6.2,4.7,5.5,7.6,5.4,5.6,9.9,4.0,2.5,4.7,3.5,0.0,3.5,4.2,3.1,3.9,9.0,8.4,0.4,4.0,0.1,9.1,4.2,3.4,1.9,7.4,9.4,2.6,4.9,3.0,7.3,6.1,3,1,→,2035+,4.96,中国职业高尔夫球员：薪资回报高，AI替代抗性强，加班文化严重,"China Professional Golfer: high compensation, strong AI resistance, heavy overtime culture",AI综合评估 + O*NET/ILO/OECD锚点校准,2026-04-13,2026-04-13,2000-2026,1291000
SKL-0615-CN-general,技术工种与手工业,SKL,建筑工,桩基工,Pile Driver Operator,8342,47-2072.00,东亚,中国,CN,country,general,短期培训/学徒,18-25,global,3.3,1.6,5.9,5.9,7.9,10.0,5.6,7.1,5.9,6.2,4.6,3.0,3.3,1.5,3.3,4.7,4.8,2.0,4.3,3.1,0.7,5.2,2.4,5.6,5.6,1.9,4.2,5.5,6.7,5.6,7.6,5.1,4.3,2.6,2,2,↑,2028-2033,4.96,中国桩基工：加班文化严重,China Pile Driver Operator: heavy overtime culture,AI综合评估 + O*NET/ILO/OECD锚点校准,2026-04-13,2026-04-13,2000-2026,213000
ART-0414-CN-general,文化、艺术与传媒,ART,舞台表演,马戏团表演者,Circus Performer,2655,27-2011.00,东亚,中国,CN,country,general,本科/专科,16-25,global,6.0,4.3,5.8,3.8,6.0,5.6,5.5,6.0,5.2,4.6,3.6,3.4,4.3,1.6,2.8,6.1,4.5,3.4,9.5,6.2,1.1,5.7,0.3,8.1,6.0,5.9,3.2,8.5,9.4,1.8,7.0,4.0,4.7,4.8,1,-1,→,2035+,4.95,中国马戏团表演者：AI替代抗性强，加班文化严重，就业波动大,"China Circus Performer: strong AI resistance, heavy overtime culture, volatile employment",AI综合评估 + O*NET/ILO/OECD锚点校准,2026-04-13,2026-04-13,2000-2026,156000
ART-0406-CN-general,文化、艺术与传媒,ART,舞台表演,杂技演员,Acrobat / Circus Performer,2655,27-2011.00,东亚,中国,CN,country,general,本科/专科,10-18,global,5.9,4.2,6.2,3.8,5.9,6.6,4.3,5.9,4.4,3.8,3.3,3.4,5.5,0.7,3.3,5.8,5.0,3.4,9.5,5.7,1.4,6.6,0.4,8.9,6.0,5.6,3.6,8.0,9.2,2.0,6.7,4.4,5.0,4.0,1,-1,→,2035+,4.95,中国杂技演员：薪资水平偏低，AI替代抗性强，加班文化严重,"China Acrobat / Circus Performer: relatively low pay, strong AI resistance, heavy overtime culture",AI综合评估 + O*NET/ILO/OECD锚点校准,2026-04-13,2026-04-13,2000-2026,109000
LAW-0706-CN-general,法律与社会服务,LAW,NGO与人道主义,人权倡导者,Human Rights Advocate,2619,21-1099.00,东亚,中国,CN,country,general,本科/硕士,23-30,global,5.9,5.4,4.1,7.0,3.0,2.1,5.1,3.7,2.8,3.9,4.0,5.2,3.4,1.4,1.4,6.4,5.5,3.5,7.9,6.6,4.5,6.9,1.3,8.5,4.0,7.2,5.7,8.7,2.0,2.5,2.7,3.4,6.6,2.1,1,1,→,2035+,4.95,中国人权倡导者：薪资水平偏低，AI替代抗性强，加班文化严重,"China Human Rights Advocate: relatively low pay, strong AI resistance, heavy overtime culture",AI综合评估 + O*NET/ILO/OECD锚点校准,2026-04-13,2026-04-13,2000-2026,53000
SKL-1004-CN-general,技术工种与手工业,SKL,工业维护,印刷机操作员,Printing Press Operator,7322,51-5112.00,东亚,中国,CN,country,general,职校/技校,20-28,global,4.5,3.5,3.2,7.6,8.2,9.4,5.9,4.0,3.9,6.4,6.8,4.7,3.7,1.7,3.3,5.5,5.6,1.8,3.2,5.0,0.0,5.5,2.5,6.8,5.6,1.7,6.7,5.0,5.2,3.9,4.4,4.8,4.1,3.8,-2,-2,↓,2026-2030,4.95,中国印刷机操作员：薪资水平偏低，AI替代风险较高，加班文化严重,"China Printing Press Operator: relatively low pay, high AI displacement risk, heavy overtime culture",AI综合评估 + O*NET/ILO/OECD锚点校准,2026-04-13,2026-04-13,2000-2026,87000
GOV-0903-CN-general,公共管理与公务员,GOV,情报安全,反恐专家,Counter-terrorism Specialist,5412,33-3021.06,东亚,中国,CN,country,general,本科/军校,22-30,global,7.3,7.6,5.9,7.4,4.7,4.4,7.0,6.7,8.3,6.7,9.6,3.9,2.2,1.4,2.4,5.1,3.8,2.0,7.6,9.0,1.3,4.3,0.6,8.3,1.4,3.9,3.9,5.6,7.8,10.0,1.1,0.1,3.8,10.0,1,3,↑,2035+,4.95,中国反恐专家：薪资回报高，AI替代抗性强，加班文化严重,"China Counter-terrorism Specialist: high compensation, strong AI resistance, heavy overtime culture",AI综合评估 + O*NET/ILO/OECD锚点校准,2026-04-13,2026-04-13,2000-2026,628000
ART-1120-CN-general,文化、艺术与传媒,ART,体育竞技,运动医学医生,Sports Medicine Doctor,2212,29-1229.04,东亚,中国,CN,country,general,博士,28-35,global,7.8,7.7,5.9,8.0,6.1,7.4,5.8,6.5,10.0,4.3,3.5,5.0,3.5,0.6,3.8,4.7,3.3,3.8,8.0,8.9,0.0,5.2,0.4,8.1,3.2,4.6,1.4,7.8,4.0,6.8,5.2,2.2,6.4,5.9,3,1,→,2035+,4.95,中国运动医学医生：薪资回报高，AI替代抗性强，加班文化严重,"China Sports Medicine Doctor: high compensation, strong AI resistance, heavy overtime culture",AI综合评估 + O*NET/ILO/OECD锚点校准,2026-04-13,2026-04-13,2000-2026,1350000
SVC-1004-CN-general,服务业与消费,SVC,安保,私家侦探,Private Investigator,3411,33-9021.00,东亚,中国,CN,country,general,高中/证书,20-35,global,5.6,4.2,5.6,6.8,6.0,5.8,5.1,4.5,5.8,4.5,4.8,4.2,4.7,0.4,3.4,4.0,5.1,1.3,6.6,4.7,2.7,6.7,1.7,4.9,8.4,3.6,5.3,7.0,7.2,4.8,3.6,4.2,2.8,4.4,1,1,→,2032-2038,4.95,中国私家侦探：加班文化严重,China Private Investigator: heavy overtime culture,AI综合评估 + O*NET/ILO/OECD锚点校准,2026-04-13,2026-04-13,2000-2026,204000
LAW-0703-CN-general,法律与社会服务,LAW,NGO与人道主义,志愿者管理协调员,Volunteer Coordinator,1114,11-9151.00,东亚,中国,CN,country,general,本科/大专,22-30,global,3.2,3.9,2.4,6.0,4.0,3.8,3.9,3.1,2.0,3.1,3.5,8.2,5.2,3.7,2.2,5.7,5.4,2.3,7.1,4.4,4.8,4.7,2.7,6.2,5.0,7.0,6.7,10.0,1.7,2.0,4.4,5.4,3.8,2.3,1,0,→,2032-2038,4.94,中国志愿者管理协调员：薪资水平偏低，供过于求，就业波动大,"China Volunteer Coordinator: relatively low pay, oversupply of talent, volatile employment",AI综合评估 + O*NET/ILO/OECD锚点校准,2026-04-13,2026-04-13,2000-2026,37000
TRA-0605-CN-general,交通运输与物流,TRA,快递最后一公里,达巴瓦拉(印度送餐人),Dabbawala (Mumbai Lunchbox Deliverer),9321,,东亚,中国,CN,country,general,无要求,18-35,country_specific,1.5,1.3,7.4,5.8,8.8,3.2,5.6,5.0,2.6,5.4,4.0,5.9,3.2,0.1,2.2,3.2,3.7,2.2,7.9,5.9,0.0,5.0,1.0,7.6,5.4,2.4,6.7,7.4,8.1,1.5,5.8,6.4,0.0,4.3,4,4,↑↑,2035+,4.94,中国达巴瓦拉(印度送餐人)：薪资水平偏低，AI替代抗性强，加班文化严重,"China Dabbawala (Mumbai Lunchbox Deliverer): relatively low pay, strong AI resistance, heavy overtime culture",AI综合评估 + O*NET/ILO/OECD锚点校准,2026-04-13,2026-04-13,2000-2026,48000
SVC-0110-CN-general,服务业与消费,SVC,餐饮,咖啡师,Barista,5132,35-3023.01,东亚,中国,CN,country,general,专科/职校,18-28,global,3.5,3.6,5.7,6.8,6.9,6.6,6.0,5.4,1.8,4.4,4.7,5.2,5.0,0.0,3.8,6.0,5.9,2.4,6.9,4.5,0.1,4.4,0.5,7.1,6.5,4.2,5.9,7.4,6.8,3.3,5.7,6.0,3.7,4.4,2,2,↑,2032-2038,4.94,中国咖啡师：薪资水平偏低，加班文化严重,"China Barista: relatively low pay, heavy overtime culture",AI综合评估 + O*NET/ILO/OECD锚点校准,2026-04-13,2026-04-13,2000-2026,34000
LAW-0602-CN-general,法律与社会服务,LAW,社会工作,社区组织者,Community Organizer,3412,21-1094.00,东亚,中国,CN,country,general,本科/大专,22-30,global,4.0,4.4,3.5,6.4,4.0,4.2,4.4,4.2,1.6,3.8,3.6,7.0,5.1,3.0,1.7,6.7,5.5,2.7,7.8,5.2,3.2,5.2,1.8,7.3,4.8,6.8,6.5,9.0,3.0,3.0,2.3,4.5,3.1,2.9,1,1,→,2035+,4.94,中国社区组织者：薪资水平偏低，AI替代抗性强，加班文化严重,"China Community Organizer: relatively low pay, strong AI resistance, heavy overtime culture",AI综合评估 + O*NET/ILO/OECD锚点校准,2026-04-13,2026-04-13,2000-2026,31000
SVC-0306-CN-general,服务业与消费,SVC,零售,收银员,Cashier,5230,41-2011.00,东亚,中国,CN,country,general,无要求,16-25,global,1.2,1.8,5.9,6.2,7.9,9.5,6.0,4.1,2.5,4.4,3.7,7.6,6.3,0.2,4.0,5.5,6.0,1.2,2.9,2.9,1.7,3.9,1.9,4.7,5.6,4.7,5.4,7.4,4.2,1.8,5.9,4.6,2.0,3.9,-2,-1,→,2025-2028,4.93,中国收银员：薪资水平偏低，AI替代风险较高，加班文化严重,"China Cashier: relatively low pay, high AI displacement risk, heavy overtime culture",AI综合评估 + O*NET/ILO/OECD锚点校准,2026-04-13,2026-04-13,2000-2026,46000
SVC-0903-CN-general,服务业与消费,SVC,清洁与维护,园艺师/园丁,Gardener / Landscaper,6113,37-3011.00,东亚,中国,CN,country,general,无要求,18-45,global,2.3,1.5,4.0,7.4,6.4,6.5,5.5,5.3,2.5,4.1,5.3,5.4,4.2,1.0,2.8,4.1,5.1,0.7,7.5,2.3,1.0,2.5,2.4,5.7,6.4,3.9,5.7,4.8,6.7,1.0,5.0,5.2,2.3,3.0,0,1,→,2035+,4.93,中国园艺师/园丁：薪资水平偏低，AI替代抗性强，加班文化严重,"China Gardener / Landscaper: relatively low pay, strong AI resistance, heavy overtime culture",AI综合评估 + O*NET/ILO/OECD锚点校准,2026-04-13,2026-04-13,2000-2026,46000
ART-1710-CN-general,文化、艺术与传媒,ART,传统表演艺术,民族乐器演奏家,Traditional/Folk Instrument Player,2652,27-2042.02,东亚,中国,CN,country,general,专科/师承,12-20,regional,6.8,4.2,4.1,5.7,5.2,4.4,4.2,5.2,5.5,3.2,3.3,6.7,5.5,2.7,2.5,4.5,4.3,2.7,9.5,6.4,1.4,5.0,1.6,8.5,3.0,4.7,4.7,6.7,6.3,2.2,3.3,4.7,4.4,4.9,-1,-2,↓,2035+,4.92,中国民族乐器演奏家：AI替代抗性强，加班文化严重，就业波动大,"China Traditional/Folk Instrument Player: strong AI resistance, heavy overtime culture, volatile employment",AI综合评估 + O*NET/ILO/OECD锚点校准,2026-04-13,2026-04-13,2000-2026,178000
AGR-0804-CN-general,农业、资源与环境,AGR,林业,林业工程师,Forestry Engineer / Silviculturist,2132,19-1032.00,东亚,中国,CN,country,general,本科,24-32,global,6.1,6.9,5.0,7.5,5.1,5.2,5.8,6.8,6.8,5.4,6.0,3.3,3.2,1.2,3.2,4.1,3.7,1.7,7.0,5.9,1.8,6.7,1.5,6.8,4.3,2.8,4.7,4.1,4.2,2.3,5.5,2.3,4.1,4.4,1,1,→,2032-2038,4.92,中国林业工程师：加班文化严重,China Forestry Engineer / Silviculturist: heavy overtime culture,AI综合评估 + O*NET/ILO/OECD锚点校准,2026-04-13,2026-04-13,2000-2026,320000
TRA-0404-CN-general,交通运输与物流,TRA,公路,驾校教练,Driving Instructor,5165,25-3021.00,东亚,中国,CN,country,general,驾照+教练资格,25-40,global,2.8,2.6,4.0,6.6,7.3,9.6,5.5,7.3,4.5,5.9,4.5,6.4,3.4,0.0,3.0,3.7,3.3,1.5,4.8,4.7,0.2,5.4,0.5,5.5,6.9,2.5,6.6,8.2,7.5,5.5,5.8,5.5,2.8,3.3,0,-1,→,2028-2033,4.92,中国驾校教练：薪资水平偏低，加班文化严重,"China Driving Instructor: relatively low pay, heavy overtime culture",AI综合评估 + O*NET/ILO/OECD锚点校准,2026-04-13,2026-04-13,2000-2026,114000
SVC-0308-CN-general,服务业与消费,SVC,零售,加油站员工,Gas Station Attendant,5245,53-6031.00,东亚,中国,CN,country,general,无要求,18-30,global,1.9,1.3,5.7,6.5,8.1,9.6,5.1,3.9,2.1,4.2,4.3,4.9,5.5,1.0,3.3,6.4,5.5,1.5,5.9,2.5,1.1,3.9,1.2,4.5,6.2,4.1,4.9,7.9,4.7,1.2,6.2,5.0,2.0,4.1,-1,-1,→,2028-2033,4.92,中国加油站员工：薪资水平偏低，加班文化严重,"China Gas Station Attendant: relatively low pay, heavy overtime culture",AI综合评估 + O*NET/ILO/OECD锚点校准,2026-04-13,2026-04-13,2000-2026,39000
ART-0411-CN-general,文化、艺术与传媒,ART,舞台表演,艺伎,Geisha,2655,,东亚,中国,CN,country,general,本科/专科,16-25,country_specific,7.7,4.9,5.6,5.6,6.1,3.0,5.3,5.6,6.2,3.6,3.1,6.0,5.0,0.6,3.9,5.3,4.8,3.6,9.9,5.6,1.0,6.0,0.7,8.5,5.5,1.0,3.8,7.8,6.8,2.4,6.1,5.1,4.8,4.0,1,-1,→,2035+,4.91,中国艺伎：AI替代抗性强，加班文化严重，就业波动大,"China Geisha: strong AI resistance, heavy overtime culture, volatile employment",AI综合评估 + O*NET/ILO/OECD锚点校准,2026-04-13,2026-04-13,2000-2026,244000
ART-0413-CN-general,文化、艺术与传媒,ART,舞台表演,芭蕾舞者,Ballet Dancer,2653,27-2031.00,东亚,中国,CN,country,general,本科/专科,10-18,global,7.8,4.5,6.0,3.3,6.2,6.2,4.3,5.0,5.1,4.8,3.5,5.9,4.7,0.9,3.3,6.5,4.5,3.9,9.5,6.0,0.5,6.2,0.9,10.0,5.6,5.0,4.4,7.6,9.4,2.3,7.0,4.6,4.2,4.4,1,-1,→,2035+,4.91,中国芭蕾舞者：AI替代抗性强，加班文化严重，就业波动大,"China Ballet Dancer: strong AI resistance, heavy overtime culture, volatile employment",AI综合评估 + O*NET/ILO/OECD锚点校准,2026-04-13,2026-04-13,2000-2026,149000
TRA-0802-CN-general,交通运输与物流,TRA,管道运输,管道检测技师,Pipeline Inspection Technician,3132,53-7072.00,东亚,中国,CN,country,general,大专/技校,24-35,global,5.3,5.1,4.6,8.3,4.4,4.2,7.1,8.0,7.0,5.6,6.5,5.0,3.7,3.2,4.1,3.7,3.8,0.8,6.2,4.6,0.8,4.7,2.6,5.3,2.8,2.9,6.0,4.0,6.3,6.3,5.2,2.5,2.8,7.5,1,1,→,2032-2038,4.91,中国管道检测技师：加班文化严重,China Pipeline Inspection Technician: heavy overtime culture,AI综合评估 + O*NET/ILO/OECD锚点校准,2026-04-13,2026-04-13,2000-2026,350000
AGR-0207-CN-general,农业、资源与环境,AGR,畜牧,动物营养师,Animal Nutritionist,2132,19-1011.00,东亚,中国,CN,country,general,本科/硕士,24-32,global,6.5,6.6,5.3,7.2,5.7,8.1,5.6,6.9,7.1,5.3,4.8,4.5,3.2,0.2,2.1,3.1,3.1,1.7,5.4,6.3,4.1,7.2,1.4,5.7,6.4,4.4,5.8,3.7,3.1,1.5,6.7,2.0,2.1,2.9,0,1,→,2028-2033,4.9,中国动物营养师：加班文化严重,China Animal Nutritionist: heavy overtime culture,AI综合评估 + O*NET/ILO/OECD锚点校准,2026-04-13,2026-04-13,2000-2026,366000
SKL-0405-CN-general,技术工种与手工业,SKL,机械加工,磨床操作员,Grinder Operator,7224,51-4033.00,东亚,中国,CN,country,general,职校/技校,18-25,global,3.9,2.9,4.3,7.3,7.3,8.1,6.6,6.6,5.5,6.2,6.6,3.9,3.7,1.9,3.1,4.8,4.5,1.8,2.8,5.0,0.1,4.2,2.2,6.5,4.4,0.9,6.0,4.5,6.0,3.7,6.3,4.6,4.1,3.8,1,-1,→,2026-2030,4.9,中国磨床操作员：AI替代风险较高，加班文化严重,"China Grinder Operator: high AI displacement risk, heavy overtime culture",AI综合评估 + O*NET/ILO/OECD锚点校准,2026-04-13,2026-04-13,2000-2026,178000
LAW-0705-CN-general,法律与社会服务,LAW,NGO与人道主义,难民安置官员,Refugee Resettlement Officer,2635,21-1099.00,东亚,中国,CN,country,general,本科/硕士,23-30,global,4.8,4.7,4.4,6.7,2.8,2.6,5.3,4.8,2.0,3.2,4.5,6.0,4.7,2.7,2.4,5.8,5.2,3.0,8.0,6.0,3.3,4.9,1.7,8.4,3.1,6.7,5.5,8.7,3.2,5.0,3.7,2.0,7.6,4.0,2,2,↑,2035+,4.89,中国难民安置官员：薪资水平偏低，AI替代抗性强，加班文化严重,"China Refugee Resettlement Officer: relatively low pay, strong AI resistance, heavy overtime culture",AI综合评估 + O*NET/ILO/OECD锚点校准,2026-04-13,2026-04-13,2000-2026,37000
LAW-0805-CN-general,法律与社会服务,LAW,宗教,天主教神父,Catholic Priest,2636,21-2011.00,东亚,中国,CN,country,general,神学院,25-35,global,6.8,6.6,2.5,9.7,3.0,3.8,5.5,5.7,3.4,3.0,7.2,7.4,4.7,3.5,2.2,5.2,3.9,3.8,9.0,6.8,3.1,5.4,0.4,8.3,2.8,0.1,7.3,9.1,1.8,6.7,1.3,1.5,5.5,4.4,-1,-1,→,2035+,4.89,中国天主教神父：薪资水平偏低，AI替代抗性强，加班文化严重,"China Catholic Priest: relatively low pay, strong AI resistance, heavy overtime culture",AI综合评估 + O*NET/ILO/OECD锚点校准,2026-04-13,2026-04-13,2000-2026,69000
AGR-0506-CN-general,农业、资源与环境,AGR,石油天然气,油气勘探地球物理师,Geophysicist (Oil & Gas Exploration),2114,19-2042.00,东亚,中国,CN,country,general,硕士/博士,26-35,global,8.1,7.8,3.6,6.6,6.4,7.4,6.8,8.4,8.9,7.3,4.4,2.8,2.5,0.0,1.9,4.7,4.6,2.0,6.5,8.2,2.0,4.7,0.2,7.4,3.8,2.4,5.2,5.8,3.6,4.8,8.7,1.1,7.3,6.5,-1,0,→,2032-2038,4.89,中国油气勘探地球物理师：薪资回报高，加班文化严重,"China Geophysicist (Oil & Gas Exploration): high compensation, heavy overtime culture",AI综合评估 + O*NET/ILO/OECD锚点校准,2026-04-13,2026-04-13,2000-2026,823000
TRA-0803-CN-general,交通运输与物流,TRA,管道运输,管道调度员,Pipeline Dispatcher,3132,43-5032.00,东亚,中国,CN,country,general,大专/技校,20-30,global,4.7,4.8,4.4,8.1,5.2,4.4,6.0,7.6,6.9,5.9,7.1,6.9,4.1,2.6,3.1,3.1,3.4,0.7,5.2,4.4,2.0,4.2,2.2,4.7,2.6,3.2,5.8,4.7,2.4,5.8,5.6,1.7,3.0,7.5,1,1,→,2028-2033,4.88,中国管道调度员：加班文化严重,China Pipeline Dispatcher: heavy overtime culture,AI综合评估 + O*NET/ILO/OECD锚点校准,2026-04-13,2026-04-13,2000-2026,335000
SVC-1005-CN-general,服务业与消费,SVC,安保,安防系统技术员,Security System Technician,7412,49-2098.00,东亚,中国,CN,country,general,高中/证书,20-35,global,5.1,3.1,6.6,6.8,6.2,6.0,6.7,5.3,5.3,4.6,5.5,4.7,6.0,0.7,2.3,6.3,4.9,1.5,6.3,4.4,0.0,4.2,0.7,4.5,3.9,3.3,5.1,4.6,4.8,2.8,4.4,4.5,2.3,4.8,1,3,↑,2032-2038,4.88,中国安防系统技术员：加班文化严重,China Security System Technician: heavy overtime culture,AI综合评估 + O*NET/ILO/OECD锚点校准,2026-04-13,2026-04-13,2000-2026,163000
ART-0408-CN-general,文化、艺术与传媒,ART,舞台表演,舞台监督,Stage Manager,2654,27-2012.04,东亚,中国,CN,country,general,本科/专科,16-25,global,6.4,4.5,5.6,4.8,6.1,6.6,5.4,5.6,6.1,3.6,3.5,5.9,3.9,0.4,3.8,6.1,4.4,3.7,8.1,5.5,1.1,5.2,0.5,8.7,5.3,4.4,3.2,7.8,6.2,2.3,6.7,4.8,4.3,4.5,1,-1,→,2035+,4.88,中国舞台监督：AI替代抗性强，加班文化严重，就业波动大,"China Stage Manager: strong AI resistance, heavy overtime culture, volatile employment",AI综合评估 + O*NET/ILO/OECD锚点校准,2026-04-13,2026-04-13,2000-2026,233000
GOV-0204-CN-general,公共管理与公务员,GOV,地方公务员,社区干部/街道办事员,Community/Street Office Official,3354,,东亚,中国,CN,country,general,大专/本科,22-30,country_specific,3.8,4.1,4.2,8.5,5.9,8.2,3.7,2.4,3.3,5.4,9.4,9.1,6.1,4.1,4.1,4.9,3.3,2.7,5.7,6.6,1.1,1.7,3.1,5.6,1.1,4.3,7.0,8.5,2.2,7.0,1.5,0.6,1.7,7.3,0,1,→,2028-2033,4.88,中国社区干部/街道办事员：薪资水平偏低，供过于求，就业稳定,"China Community/Street Office Official: relatively low pay, oversupply of talent, stable employment",AI综合评估 + O*NET/ILO/OECD锚点校准,2026-04-13,2026-04-13,2000-2026,66000
ART-0401-CN-general,文化、艺术与传媒,ART,舞台表演,舞台剧演员,Theatre Actor,2655,27-2011.00,东亚,中国,CN,country,general,本科/专科,16-25,global,6.1,4.8,6.0,4.8,5.5,6.4,4.5,5.1,5.5,4.0,1.8,5.9,4.7,0.6,3.3,6.2,4.3,3.9,7.9,6.1,1.6,6.2,0.7,9.6,5.8,5.6,3.6,8.0,6.4,2.4,6.8,4.4,4.7,4.2,1,-1,→,2035+,4.87,中国舞台剧演员：AI替代抗性强，加班文化严重，就业波动大,"China Theatre Actor: strong AI resistance, heavy overtime culture, volatile employment",AI综合评估 + O*NET/ILO/OECD锚点校准,2026-04-13,2026-04-13,2000-2026,178000
ART-1701-CN-general,文化、艺术与传媒,ART,传统表演艺术,歌舞伎演员,Kabuki Actor,2655,27-2011.00,东亚,中国,CN,country,general,专科/师承,12-20,country_specific,7.4,4.9,4.3,6.7,4.4,3.1,4.7,5.2,6.6,3.1,3.3,6.7,4.8,2.2,3.0,4.4,3.7,2.7,9.8,7.3,0.8,5.7,2.0,7.8,3.3,4.8,4.0,6.8,6.3,2.8,3.1,3.5,3.4,5.5,-1,-2,↓,2035+,4.87,中国歌舞伎演员：AI替代抗性强，加班文化严重，就业波动大,"China Kabuki Actor: strong AI resistance, heavy overtime culture, volatile employment",AI综合评估 + O*NET/ILO/OECD锚点校准,2026-04-13,2026-04-13,2000-2026,292000
SVC-0204-CN-general,服务业与消费,SVC,酒店旅游,旅行社计调,Travel Agency Operations Planner,4221,41-3041.00,东亚,中国,CN,country,general,专科/本科,20-30,global,5.1,4.4,5.7,6.5,5.9,7.0,4.9,4.4,3.3,4.9,3.6,6.4,5.0,0.0,3.3,6.1,6.1,2.0,4.6,5.7,4.6,4.0,1.7,6.1,7.0,4.4,5.3,7.0,5.5,2.3,7.7,4.5,4.7,5.0,2,2,↑,2028-2033,4.86,中国旅行社计调：薪资水平偏低，加班文化严重，就业波动大,"China Travel Agency Operations Planner: relatively low pay, heavy overtime culture, volatile employment",AI综合评估 + O*NET/ILO/OECD锚点校准,2026-04-13,2026-04-13,2000-2026,66000
TRA-0204-CN-general,交通运输与物流,TRA,航海,普通海员,Able Seaman,8350,53-5011.00,东亚,中国,CN,country,general,海员证,18-28,global,2.7,2.9,5.1,5.8,7.3,9.1,7.0,7.7,4.7,6.4,5.2,3.4,4.5,0.7,2.3,4.5,4.0,1.3,4.7,3.9,0.0,5.0,0.0,7.0,3.4,2.2,5.5,5.9,8.3,4.6,7.7,0.5,7.1,4.4,1,1,→,2028-2033,4.86,中国普通海员：加班文化严重,China Able Seaman: heavy overtime culture,AI综合评估 + O*NET/ILO/OECD锚点校准,2026-04-13,2026-04-13,2000-2026,124000
GOV-0601-CN-general,公共管理与公务员,GOV,军事,军官,Military Officer,110,55-1011.00,东亚,中国,CN,country,general,本科/军校,18-25,global,6.8,7.4,5.8,8.5,5.4,5.2,4.9,4.4,7.9,6.7,10.0,4.0,3.0,1.6,2.3,6.2,4.3,2.8,7.5,10.0,0.0,4.2,1.1,7.8,0.9,3.0,4.2,7.1,7.5,9.8,1.6,0.5,3.0,9.7,0,2,↑,2035+,4.86,中国军官：AI替代抗性强，加班文化严重，就业稳定,"China Military Officer: strong AI resistance, heavy overtime culture, stable employment",AI综合评估 + O*NET/ILO/OECD锚点校准,2026-04-13,2026-04-13,2000-2026,525000
ART-1110-CN-general,文化、艺术与传媒,ART,体育竞技,职业拳击手/格斗选手,Professional Boxer / MMA Fighter,3421,27-2021.00,东亚,中国,CN,country,general,高中/体校,14-22,global,6.1,4.1,6.2,2.7,5.6,8.1,6.2,5.3,8.6,4.3,2.1,2.7,4.4,0.1,3.3,4.7,3.0,3.8,9.4,7.9,1.2,4.0,0.7,8.9,3.8,4.5,1.6,7.7,9.3,2.1,4.9,2.6,6.1,5.7,3,1,→,2035+,4.86,中国职业拳击手/格斗选手：薪资回报高，AI替代抗性强，加班文化严重,"China Professional Boxer / MMA Fighter: high compensation, strong AI resistance, heavy overtime culture",AI综合评估 + O*NET/ILO/OECD锚点校准,2026-04-13,2026-04-13,2000-2026,719000
LAW-1005-CN-general,法律与社会服务,LAW,合规与监管,选举监督员,Election Observer / Monitor,3354,21-1099.00,东亚,中国,CN,country,general,本科,25-40,global,3.8,4.4,4.6,5.7,4.5,3.5,3.9,3.5,3.6,3.8,3.8,5.4,5.2,2.5,3.1,5.0,4.6,2.7,7.8,5.6,2.3,4.2,1.5,6.3,2.4,6.5,6.2,8.1,2.7,4.0,3.9,5.5,7.2,3.8,1,0,→,2035+,4.85,中国选举监督员：薪资水平偏低，供过于求，AI替代抗性强,"China Election Observer / Monitor: relatively low pay, oversupply of talent, strong AI resistance",AI综合评估 + O*NET/ILO/OECD锚点校准,2026-04-13,2026-04-13,2000-2026,76000
ART-1111-CN-general,文化、艺术与传媒,ART,体育竞技,职业游泳运动员,Professional Swimmer,3421,27-2021.00,东亚,中国,CN,country,general,高中/体校,14-22,global,6.0,3.9,6.2,2.7,5.0,7.3,6.0,6.6,8.1,3.6,3.3,5.2,4.2,0.0,3.5,3.9,3.7,4.2,9.3,7.2,0.0,4.4,0.6,8.7,3.2,4.2,1.8,7.0,9.5,2.0,4.8,2.8,6.1,5.3,3,1,→,2035+,4.85,中国职业游泳运动员：薪资回报高，AI替代抗性强，加班文化严重,"China Professional Swimmer: high compensation, strong AI resistance, heavy overtime culture",AI综合评估 + O*NET/ILO/OECD锚点校准,2026-04-13,2026-04-13,2000-2026,574000
ART-0412-CN-general,文化、艺术与传媒,ART,舞台表演,京剧演员,Peking Opera Performer,2655,27-2011.00,东亚,中国,CN,country,general,本科/专科,16-25,regional,8.3,4.2,6.0,6.0,6.4,4.0,5.1,5.3,4.6,3.6,2.3,6.2,4.3,1.5,3.8,6.1,4.3,3.6,9.4,6.0,1.4,5.9,0.0,8.3,5.2,4.3,4.1,8.3,6.5,2.3,7.2,5.2,4.1,4.8,1,-1,→,2035+,4.85,中国京剧演员：AI替代抗性强，加班文化严重，就业波动大,"China Peking Opera Performer: strong AI resistance, heavy overtime culture, volatile employment",AI综合评估 + O*NET/ILO/OECD锚点校准,2026-04-13,2026-04-13,2000-2026,119000
SVC-0911-CN-general,服务业与消费,SVC,清洁与维护,工业清洁工(高压清洗等),Industrial Cleaner / Pressure Washer,9112,37-2011.00,东亚,中国,CN,country,general,无要求,18-45,global,1.8,1.9,3.7,6.5,6.6,6.9,6.7,6.0,3.2,3.9,5.1,3.9,5.0,2.1,2.1,3.6,5.3,1.2,7.4,2.7,0.1,2.7,1.9,3.1,4.4,4.8,6.7,4.5,7.8,0.7,3.9,5.7,2.4,3.2,0,1,→,2032-2038,4.85,中国工业清洁工(高压清洗等)：薪资水平偏低，加班文化严重,"China Industrial Cleaner / Pressure Washer: relatively low pay, heavy overtime culture",AI综合评估 + O*NET/ILO/OECD锚点校准,2026-04-13,2026-04-13,2000-2026,63000
ART-1702-CN-general,文化、艺术与传媒,ART,传统表演艺术,能乐演员,Noh Theatre Performer,2655,27-2011.00,东亚,中国,CN,country,general,专科/师承,12-20,country_specific,7.1,4.3,4.5,5.7,4.8,4.1,4.0,4.3,6.0,3.3,4.5,6.4,6.0,2.2,1.8,4.4,3.7,2.6,9.6,8.1,1.7,5.5,1.4,8.2,3.1,3.8,3.7,6.7,6.1,2.3,3.3,4.5,2.6,5.5,-1,-2,↓,2035+,4.85,中国能乐演员：供过于求，AI替代抗性强，加班文化严重,"China Noh Theatre Performer: oversupply of talent, strong AI resistance, heavy overtime culture",AI综合评估 + O*NET/ILO/OECD锚点校准,2026-04-13,2026-04-13,2000-2026,223000
AGR-0502-CN-general,农业、资源与环境,AGR,石油天然气,钻井工程师,Drilling Engineer,2145,17-2171.00,东亚,中国,CN,country,general,本科,24-32,global,6.1,5.6,4.5,6.9,6.8,7.3,7.3,7.3,8.8,7.8,5.9,2.0,3.3,0.0,2.1,5.3,3.8,2.2,5.6,6.0,1.0,3.8,0.0,5.5,4.5,2.7,5.2,5.3,6.2,5.4,8.5,1.1,7.1,6.8,-1,0,→,2028-2033,4.83,中国钻井工程师：薪资回报高，加班文化严重,"China Drilling Engineer: high compensation, heavy overtime culture",AI综合评估 + O*NET/ILO/OECD锚点校准,2026-04-13,2026-04-13,2000-2026,787000
SKL-0905-CN-general,技术工种与手工业,SKL,重型设备操作,打桩机操作员,Pile Driver / Piling Rig Operator,8342,47-2072.00,东亚,中国,CN,country,general,驾照/培训,20-30,global,3.5,1.9,6.3,6.7,8.2,8.0,5.5,6.5,5.9,6.4,5.3,2.0,3.9,0.4,3.2,4.5,3.5,1.3,4.6,3.8,0.7,4.2,2.2,5.6,4.9,1.0,4.8,4.3,6.7,5.3,6.5,3.7,3.6,3.6,2,2,↑,2028-2033,4.83,中国打桩机操作员：加班文化严重,China Pile Driver / Piling Rig Operator: heavy overtime culture,AI综合评估 + O*NET/ILO/OECD锚点校准,2026-04-13,2026-04-13,2000-2026,213000
SKL-0908-CN-general,技术工种与手工业,SKL,重型设备操作,隧道掘进机操作员,Tunnel Boring Machine (TBM) Operator,8342,47-5041.00,东亚,中国,CN,country,general,驾照/培训,20-30,global,5.1,3.5,6.1,7.1,7.2,6.3,7.0,6.3,7.4,6.2,5.5,3.5,4.0,1.0,2.1,4.0,3.9,1.6,6.0,3.2,0.0,4.4,2.2,5.4,3.9,1.6,4.8,3.7,5.8,6.1,6.5,2.9,4.2,3.4,2,2,↑,2032-2038,4.83,中国隧道掘进机操作员：加班文化严重,China Tunnel Boring Machine (TBM) Operator: heavy overtime culture,AI综合评估 + O*NET/ILO/OECD锚点校准,2026-04-13,2026-04-13,2000-2026,419000
LAW-0203-CN-general,法律与社会服务,LAW,法官,最高法院法官/大法官,Supreme Court Justice,2612,23-1023.00,东亚,中国,CN,country,general,法学博士+长期司法经验,45-60,global,9.6,10.0,3.5,9.8,1.6,2.4,2.1,1.4,7.6,4.1,8.9,7.1,5.0,2.7,2.5,5.7,3.2,2.8,9.9,10.0,1.3,9.5,3.4,9.1,0.7,4.7,7.8,7.2,0.2,9.8,0.6,0.1,2.9,10.0,0,0,→,2035+,4.83,中国最高法院法官/大法官：供过于求，AI替代抗性强，加班文化严重,"China Supreme Court Justice: oversupply of talent, strong AI resistance, heavy overtime culture",AI综合评估 + O*NET/ILO/OECD锚点校准,2026-04-13,2026-04-13,2000-2026,459000
SVC-0904-CN-general,服务业与消费,SVC,清洁与维护,害虫防治员,Pest Control Technician,7544,37-2021.00,东亚,中国,CN,country,general,无要求,18-45,global,2.0,1.8,3.5,7.0,6.0,6.7,5.8,5.8,3.7,3.6,4.7,4.9,4.5,2.1,3.0,4.1,4.5,1.3,7.0,2.8,0.0,3.6,1.9,4.1,6.9,4.2,5.9,4.4,5.5,3.3,4.0,5.1,1.9,3.0,0,1,→,2032-2038,4.82,中国害虫防治员：薪资水平偏低，加班文化严重,"China Pest Control Technician: relatively low pay, heavy overtime culture",AI综合评估 + O*NET/ILO/OECD锚点校准,2026-04-13,2026-04-13,2000-2026,79000
SVC-0901-CN-general,服务业与消费,SVC,清洁与维护,保洁员,Janitor / Cleaner,9112,37-2011.00,东亚,中国,CN,country,general,无要求,18-45,global,2.6,1.5,4.4,6.7,6.6,6.9,6.2,5.3,3.3,3.9,4.0,5.4,5.0,2.1,3.1,3.5,4.9,0.9,6.6,2.1,0.0,3.6,2.4,4.1,4.5,3.7,5.9,4.5,7.1,0.7,3.4,5.5,1.3,2.8,0,1,→,2032-2038,4.82,中国保洁员：薪资水平偏低，加班文化严重，就业波动大,"China Janitor / Cleaner: relatively low pay, heavy overtime culture, volatile employment",AI综合评估 + O*NET/ILO/OECD锚点校准,2026-04-13,2026-04-13,2000-2026,66000
ART-1118-CN-general,文化、艺术与传媒,ART,体育竞技,运动心理学家,Sports Psychologist,2634,19-3031.02,东亚,中国,CN,country,general,硕士/博士,26-34,global,8.1,8.4,6.3,8.0,5.5,8.0,6.4,5.8,8.4,4.6,2.8,5.2,3.8,0.4,3.1,4.0,3.5,4.1,7.8,7.3,0.0,4.0,0.4,9.1,3.6,4.7,1.4,7.9,1.7,2.6,5.0,2.6,5.8,6.3,3,1,→,2035+,4.82,中国运动心理学家：薪资回报高，AI替代抗性强，加班文化严重,"China Sports Psychologist: high compensation, strong AI resistance, heavy overtime culture",AI综合评估 + O*NET/ILO/OECD锚点校准,2026-04-13,2026-04-13,2000-2026,657000
ART-1711-CN-general,文化、艺术与传媒,ART,传统表演艺术,二人转演员,Er Ren Zhuan Performer,2655,,东亚,中国,CN,country,general,专科/师承,12-20,country_specific,7.3,4.8,4.5,6.3,4.4,3.5,5.0,5.4,4.7,3.4,4.3,6.5,4.8,2.5,2.6,4.2,3.6,2.4,9.5,5.6,0.6,5.0,2.4,8.1,3.5,4.5,4.4,6.9,6.3,2.3,3.9,4.7,3.6,5.3,-1,-2,↓,2035+,4.82,中国二人转演员：AI替代抗性强，加班文化严重，近年需求下降,"China Er Ren Zhuan Performer: strong AI resistance, heavy overtime culture, declining demand",AI综合评估 + O*NET/ILO/OECD锚点校准,2026-04-13,2026-04-13,2000-2026,124000
ART-1707-CN-general,文化、艺术与传媒,ART,传统表演艺术,昆曲演员,Kunqu Opera Performer,2655,27-2011.00,东亚,中国,CN,country,general,专科/师承,12-20,regional,6.8,5.1,3.5,6.5,5.2,3.1,4.5,5.5,5.4,3.4,4.5,6.2,4.9,2.2,2.8,4.4,3.3,2.9,9.1,7.6,1.7,4.5,2.4,7.8,2.7,5.2,4.3,7.0,6.5,2.2,2.9,4.1,2.5,4.8,-1,-2,↓,2035+,4.82,中国昆曲演员：AI替代抗性强，加班文化严重，近年需求下降,"China Kunqu Opera Performer: strong AI resistance, heavy overtime culture, declining demand",AI综合评估 + O*NET/ILO/OECD锚点校准,2026-04-13,2026-04-13,2000-2026,170000
SVC-0906-CN-general,服务业与消费,SVC,清洁与维护,泳池维护技师,Pool Maintenance Technician,7544,37-2011.00,东亚,中国,CN,country,general,无要求,18-45,global,2.1,1.3,4.2,6.7,6.2,6.4,6.1,5.6,3.5,3.4,4.0,5.7,3.8,1.2,2.8,3.3,4.9,1.2,7.1,2.5,0.7,3.2,2.4,3.3,7.1,3.6,6.5,4.5,5.8,1.0,4.8,5.3,2.2,3.8,0,1,→,2032-2038,4.81,中国泳池维护技师：薪资水平偏低，加班文化严重，就业波动大,"China Pool Maintenance Technician: relatively low pay, heavy overtime culture, volatile employment",AI综合评估 + O*NET/ILO/OECD锚点校准,2026-04-13,2026-04-13,2000-2026,72000
SVC-1205-CN-general,服务业与消费,SVC,行政办公,速记员/文字录入员,Stenographer / Data Entry Clerk,4131,43-9021.00,东亚,中国,CN,country,general,专科/本科,20-30,global,3.0,4.1,4.4,6.8,5.5,5.6,4.7,3.4,3.1,4.6,5.0,7.7,7.0,1.5,3.3,5.3,5.9,0.9,2.1,3.0,5.7,3.5,2.7,4.4,3.4,5.8,6.1,5.9,1.5,1.0,4.2,4.2,3.2,4.1,-3,-3,↓,2025-2028,4.81,中国速记员/文字录入员：薪资水平偏低，AI替代风险较高，加班文化严重,"China Stenographer / Data Entry Clerk: relatively low pay, high AI displacement risk, heavy overtime culture",AI综合评估 + O*NET/ILO/OECD锚点校准,2026-04-13,2026-04-13,2000-2026,61000
ART-1704-CN-general,文化、艺术与传媒,ART,传统表演艺术,弗拉门戈舞者,Flamenco Dancer,2653,27-2031.00,东亚,中国,CN,country,general,专科/师承,12-20,regional,7.0,4.6,4.3,5.5,5.0,4.1,3.8,5.4,6.0,4.0,3.4,6.7,5.7,2.1,2.9,3.8,3.1,2.7,9.1,6.1,1.8,4.9,2.1,8.8,3.7,3.9,3.6,6.7,7.2,2.9,3.3,3.7,3.9,4.7,-1,-2,↓,2035+,4.81,中国弗拉门戈舞者：供过于求，AI替代抗性强，加班文化严重,"China Flamenco Dancer: oversupply of talent, strong AI resistance, heavy overtime culture",AI综合评估 + O*NET/ILO/OECD锚点校准,2026-04-13,2026-04-13,2000-2026,223000
SVC-0902-CN-general,服务业与消费,SVC,清洁与维护,物业维修工,Building Maintenance Worker,7131,49-9071.00,东亚,中国,CN,country,general,无要求,18-45,global,3.5,1.3,4.6,7.0,6.8,6.5,5.4,5.6,4.6,4.1,4.0,4.9,3.7,1.2,3.1,5.6,4.9,1.2,7.6,2.2,0.1,2.2,1.0,3.1,4.1,5.4,6.6,4.5,6.5,1.1,3.9,4.7,1.5,3.0,0,1,→,2035+,4.81,中国物业维修工：AI替代抗性强，加班文化严重，就业波动大,"China Building Maintenance Worker: strong AI resistance, heavy overtime culture, volatile employment",AI综合评估 + O*NET/ILO/OECD锚点校准,2026-04-13,2026-04-13,2000-2026,119000
LAW-0806-CN-general,法律与社会服务,LAW,宗教,道教道士,Taoist Priest,2636,21-2011.00,东亚,中国,CN,country,general,道观教育,18-30,regional,4.6,3.5,2.1,9.1,2.2,1.7,3.3,2.7,1.7,2.8,6.9,8.7,5.7,4.2,5.5,3.4,3.0,2.5,9.3,4.8,1.0,6.4,3.1,7.1,3.5,4.0,9.0,7.1,2.8,4.9,0.9,1.7,2.1,3.8,-1,0,→,2035+,4.81,中国道教道士：薪资水平偏低，供过于求，AI替代抗性强,"China Taoist Priest: relatively low pay, oversupply of talent, strong AI resistance",AI综合评估 + O*NET/ILO/OECD锚点校准,2026-04-13,2026-04-13,2000-2026,32000
LAW-0302-CN-general,法律与社会服务,LAW,检察官,反腐检察官,Anti-Corruption Prosecutor,2611,23-1011.00,东亚,中国,CN,country,general,法学博士/硕士,28-35,global,8.0,8.6,6.0,7.4,4.2,4.1,5.4,4.7,6.9,4.6,6.8,4.9,4.0,1.4,1.8,5.6,5.2,3.5,7.2,9.7,2.0,5.9,1.6,8.6,1.2,4.6,6.1,7.8,1.1,8.7,2.1,0.5,3.7,8.3,1,1,→,2032-2038,4.8,中国反腐检察官：加班文化严重,China Anti-Corruption Prosecutor: heavy overtime culture,AI综合评估 + O*NET/ILO/OECD锚点校准,2026-04-13,2026-04-13,2000-2026,335000
AGR-0209-CN-general,农业、资源与环境,AGR,畜牧,牧场经理,Ranch Manager,6121,11-9013.00,东亚,中国,CN,country,general,大专/经验,28-40,global,4.8,3.8,3.5,7.5,5.6,8.4,5.2,6.0,6.6,5.1,5.2,4.8,3.4,0.6,2.1,3.6,3.1,1.8,6.0,5.1,0.0,8.2,1.7,5.1,8.0,2.9,6.0,6.3,6.7,1.8,7.4,2.2,0.9,3.2,0,1,→,2032-2038,4.8,中国牧场经理：加班文化严重,China Ranch Manager: heavy overtime culture,AI综合评估 + O*NET/ILO/OECD锚点校准,2026-04-13,2026-04-13,2000-2026,292000
ART-1708-CN-general,文化、艺术与传媒,ART,传统表演艺术,皮影戏表演者,Shadow Puppetry Performer,2655,27-2011.00,东亚,中国,CN,country,general,专科/师承,12-20,regional,7.4,4.9,3.7,6.1,4.9,3.9,4.4,5.0,5.1,4.3,3.6,6.5,4.7,1.4,2.1,4.4,4.2,2.4,9.9,6.0,1.7,4.7,2.2,7.8,2.8,5.5,3.7,6.6,4.7,2.3,3.7,4.7,2.7,4.3,-1,-2,↓,2035+,4.8,中国皮影戏表演者：AI替代抗性强，加班文化严重，就业波动大,"China Shadow Puppetry Performer: strong AI resistance, heavy overtime culture, volatile employment",AI综合评估 + O*NET/ILO/OECD锚点校准,2026-04-13,2026-04-13,2000-2026,149000
ART-1117-CN-general,文化、艺术与传媒,ART,体育竞技,体能训练师,Strength & Conditioning Coach,3422,27-2022.00,东亚,中国,CN,country,general,本科,22-32,global,6.4,4.4,6.0,6.7,6.1,8.4,6.1,5.4,6.9,4.2,2.3,5.0,4.0,0.5,3.9,4.9,3.8,3.9,8.0,7.0,0.4,4.2,0.4,8.5,3.1,3.7,1.7,7.5,6.9,3.4,5.6,2.2,6.1,5.7,3,1,→,2035+,4.8,中国体能训练师：AI替代抗性强，加班文化严重，就业波动大,"China Strength & Conditioning Coach: strong AI resistance, heavy overtime culture, volatile employment",AI综合评估 + O*NET/ILO/OECD锚点校准,2026-04-13,2026-04-13,2000-2026,335000
ART-1113-CN-general,文化、艺术与传媒,ART,体育竞技,相扑力士,Sumo Wrestler (Rikishi),3421,,东亚,中国,CN,country,general,高中/体校,14-22,country_specific,6.4,3.8,5.8,3.8,6.0,4.5,5.4,5.4,7.0,4.8,2.3,5.2,4.4,0.0,4.3,4.8,3.5,3.8,9.6,7.1,1.0,3.9,0.9,8.5,4.0,4.3,1.6,7.2,9.5,2.6,5.1,2.6,5.8,5.7,3,1,→,2035+,4.79,中国相扑力士：AI替代抗性强，加班文化严重，就业波动大,"China Sumo Wrestler (Rikishi): strong AI resistance, heavy overtime culture, volatile employment",AI综合评估 + O*NET/ILO/OECD锚点校准,2026-04-13,2026-04-13,2000-2026,350000
TRA-0408-CN-general,交通运输与物流,TRA,公路,校车司机,School Bus Driver,8331,53-3051.00,东亚,中国,CN,country,general,驾照/高中,20-35,global,2.9,2.6,3.9,6.9,7.7,9.8,5.7,7.1,2.9,5.1,7.0,5.5,3.7,0.6,2.4,3.1,3.3,1.5,3.9,3.9,0.1,4.7,3.2,4.3,4.7,3.0,5.7,5.9,6.6,4.3,3.6,5.3,1.9,2.4,0,-1,→,2026-2030,4.79,中国校车司机：薪资水平偏低，AI替代风险较高，加班文化严重,"China School Bus Driver: relatively low pay, high AI displacement risk, heavy overtime culture",AI综合评估 + O*NET/ILO/OECD锚点校准,2026-04-13,2026-04-13,2000-2026,55000
AGR-0504-CN-general,农业、资源与环境,AGR,石油天然气,炼化工程师,Refinery Process Engineer,2145,17-2041.00,东亚,中国,CN,country,general,本科,24-32,global,5.8,5.5,3.1,6.2,7.0,6.5,6.8,8.4,8.6,6.5,4.6,3.8,2.8,0.0,2.1,4.5,5.7,2.2,5.9,6.0,0.8,4.4,1.2,5.4,4.3,2.7,4.7,5.5,3.8,5.1,8.1,1.5,5.6,7.0,-1,0,→,2028-2033,4.79,中国炼化工程师：薪资回报高，加班文化严重,"China Refinery Process Engineer: high compensation, heavy overtime culture",AI综合评估 + O*NET/ILO/OECD锚点校准,2026-04-13,2026-04-13,2000-2026,719000
SVC-0910-CN-general,服务业与消费,SVC,清洁与维护,地毯清洁工,Carpet Cleaner,9112,37-2012.00,东亚,中国,CN,country,general,无要求,18-45,global,2.3,1.2,4.2,7.0,6.6,6.3,5.0,5.4,3.4,3.2,4.3,5.4,4.7,1.5,2.7,3.3,4.9,0.9,7.0,2.9,0.4,3.4,2.4,4.1,5.6,4.3,6.5,4.5,6.0,1.0,4.2,4.8,1.3,3.8,0,1,→,2032-2038,4.79,中国地毯清洁工：薪资水平偏低，加班文化严重,"China Carpet Cleaner: relatively low pay, heavy overtime culture",AI综合评估 + O*NET/ILO/OECD锚点校准,2026-04-13,2026-04-13,2000-2026,69000
SVC-1002-CN-general,服务业与消费,SVC,安保,私人保镖,Personal Bodyguard,5414,33-9032.00,东亚,中国,CN,country,general,高中/证书,20-35,global,4.8,2.9,4.9,5.5,6.6,4.5,5.1,5.3,6.2,4.4,4.5,4.2,5.6,0.9,2.1,4.0,4.1,1.4,8.0,4.7,0.5,3.9,1.4,4.3,4.5,2.7,4.4,5.3,7.6,2.7,3.7,4.1,4.9,4.2,1,1,→,2035+,4.79,中国私人保镖：AI替代抗性强，加班文化严重,"China Personal Bodyguard: strong AI resistance, heavy overtime culture",AI综合评估 + O*NET/ILO/OECD锚点校准,2026-04-13,2026-04-13,2000-2026,244000
AGR-0201-CN-general,农业、资源与环境,AGR,畜牧,畜牧养殖者,Livestock Farmer / Rancher,6121,45-2093.00,东亚,中国,CN,country,general,无要求/中学,16-35,global,3.3,2.3,4.2,7.3,5.6,7.9,5.5,5.8,4.6,5.6,5.3,4.8,4.2,0.0,2.8,3.0,3.7,1.7,5.0,4.2,0.0,7.2,1.9,5.7,7.4,3.8,6.7,4.4,8.5,1.8,6.6,3.2,1.6,3.0,0,1,→,2028-2033,4.79,中国畜牧养殖者：加班文化严重,China Livestock Farmer / Rancher: heavy overtime culture,AI综合评估 + O*NET/ILO/OECD锚点校准,2026-04-13,2026-04-13,2000-2026,119000
TRA-0801-CN-general,交通运输与物流,TRA,管道运输,管道运行工,Pipeline Operator,3132,53-7072.00,东亚,中国,CN,country,general,大专/技校,22-32,global,4.8,4.8,3.9,8.0,5.2,4.0,6.8,7.9,6.5,6.3,6.6,4.9,4.4,2.4,3.6,4.3,3.4,1.2,5.1,4.4,0.0,5.5,1.9,4.9,2.3,3.0,6.2,4.3,7.3,5.3,5.3,1.9,3.1,6.9,1,1,→,2028-2033,4.78,中国管道运行工：加班文化严重,China Pipeline Operator: heavy overtime culture,AI综合评估 + O*NET/ILO/OECD锚点校准,2026-04-13,2026-04-13,2000-2026,280000
ART-1705-CN-general,文化、艺术与传媒,ART,传统表演艺术,印度古典舞者,Indian Classical Dancer,2653,27-2031.00,东亚,中国,CN,country,general,专科/师承,12-20,regional,7.1,4.3,4.3,6.3,4.2,4.6,4.2,5.0,5.2,3.4,3.3,6.2,4.8,2.7,2.4,4.4,4.0,2.4,9.1,6.3,2.3,5.0,1.5,8.6,3.1,4.5,3.9,6.7,6.4,2.8,3.5,4.1,2.9,4.7,-1,-2,↓,2035+,4.78,中国印度古典舞者：AI替代抗性强，加班文化严重，就业波动大,"China Indian Classical Dancer: strong AI resistance, heavy overtime culture, volatile employment",AI综合评估 + O*NET/ILO/OECD锚点校准,2026-04-13,2026-04-13,2000-2026,156000
TRA-0406-CN-general,交通运输与物流,TRA,公路,道路救援员,Roadside Assistance Technician,8332,49-3023.00,东亚,中国,CN,country,general,驾照+技术培训,20-35,global,2.5,2.0,3.6,6.8,7.1,9.4,5.3,7.1,3.8,4.6,4.8,5.2,2.9,0.4,2.8,3.7,3.1,1.7,5.5,4.5,0.0,4.4,1.7,5.8,5.7,1.6,6.4,6.7,7.3,3.0,5.9,4.9,2.3,2.8,0,-1,→,2028-2033,4.78,中国道路救援员：薪资水平偏低，加班文化严重,"China Roadside Assistance Technician: relatively low pay, heavy overtime culture",AI综合评估 + O*NET/ILO/OECD锚点校准,2026-04-13,2026-04-13,2000-2026,83000
AGR-0205-CN-general,农业、资源与环境,AGR,畜牧,畜牧育种师,Animal Breeder,6121,45-2021.00,东亚,中国,CN,country,general,大专/本科,22-32,global,5.4,4.6,4.3,7.3,5.6,8.1,5.9,6.5,6.1,4.9,6.1,4.3,4.4,0.5,3.0,3.2,3.5,1.7,5.5,4.2,0.0,6.9,1.7,6.1,6.6,3.6,6.6,3.7,5.7,1.3,7.5,3.0,1.4,3.8,0,1,→,2028-2033,4.78,中国畜牧育种师：加班文化严重,China Animal Breeder: heavy overtime culture,AI综合评估 + O*NET/ILO/OECD锚点校准,2026-04-13,2026-04-13,2000-2026,233000
AGR-0404-CN-general,农业、资源与环境,AGR,采矿,地质学家/探矿师,Geologist / Exploration Geologist,2114,19-2042.00,东亚,中国,CN,country,general,本科/硕士,24-32,global,7.6,7.9,4.2,5.2,6.2,8.6,7.8,7.9,9.0,6.0,4.8,4.7,1.9,0.0,1.7,3.6,3.1,2.2,6.7,7.8,1.9,3.8,0.9,7.4,4.1,1.2,4.5,5.3,5.0,5.0,8.6,1.1,6.6,5.0,0,1,→,2032-2038,4.78,中国地质学家/探矿师：薪资回报高，人才需求旺盛，加班文化严重,"China Geologist / Exploration Geologist: high compensation, strong talent demand, heavy overtime culture",AI综合评估 + O*NET/ILO/OECD锚点校准,2026-04-13,2026-04-13,2000-2026,861000
AGR-0206-CN-general,农业、资源与环境,AGR,畜牧,兽医助理/兽医技师,Veterinary Technician,3240,29-2056.00,东亚,中国,CN,country,general,大专/培训,20-28,global,4.3,4.0,4.2,7.2,6.0,8.6,4.8,6.5,4.4,4.9,5.2,4.3,3.6,0.0,3.0,4.0,3.5,1.4,6.2,5.9,0.2,7.1,1.5,5.5,5.7,6.8,5.9,3.9,5.4,4.8,6.8,3.0,1.1,3.0,0,1,→,2032-2038,4.77,中国兽医助理/兽医技师：薪资水平偏低，加班文化严重,"China Veterinary Technician: relatively low pay, heavy overtime culture",AI综合评估 + O*NET/ILO/OECD锚点校准,2026-04-13,2026-04-13,2000-2026,109000
AGR-0801-CN-general,农业、资源与环境,AGR,林业,护林员,Forest Ranger / Park Ranger,6210,19-1031.03,东亚,中国,CN,country,general,培训/大专,20-35,global,3.2,2.2,3.3,7.1,4.5,5.9,4.8,6.2,3.7,4.6,6.5,3.8,3.4,1.4,2.8,4.3,3.7,1.2,7.9,4.8,0.5,6.2,1.9,7.3,3.8,3.8,5.3,3.8,6.7,3.8,5.1,1.7,2.3,5.0,1,1,→,2035+,4.77,中国护林员：薪资水平偏低，AI替代抗性强，加班文化严重,"China Forest Ranger / Park Ranger: relatively low pay, strong AI resistance, heavy overtime culture",AI综合评估 + O*NET/ILO/OECD锚点校准,2026-04-13,2026-04-13,2000-2026,79000
ART-1115-CN-general,文化、艺术与传媒,ART,体育竞技,运动营养师,Sports Nutritionist,2265,29-1031.00,东亚,中国,CN,country,general,本科,24-32,global,6.6,6.3,5.6,7.3,6.3,7.5,6.2,6.0,7.6,4.8,2.8,5.2,3.7,0.2,3.5,4.9,3.7,4.1,6.7,6.4,0.6,3.9,0.0,8.9,3.4,4.3,2.0,7.9,3.5,3.3,5.5,2.8,5.5,6.1,3,1,→,2032-2038,4.76,中国运动营养师：加班文化严重，就业波动大,"China Sports Nutritionist: heavy overtime culture, volatile employment",AI综合评估 + O*NET/ILO/OECD锚点校准,2026-04-13,2026-04-13,2000-2026,459000
SKL-0906-CN-general,技术工种与手工业,SKL,重型设备操作,高空作业车操作员,Aerial Work Platform Operator,8343,53-7021.00,东亚,中国,CN,country,general,驾照/培训,20-30,global,3.4,2.7,5.5,6.7,7.4,8.0,5.8,6.5,5.0,5.5,4.3,2.0,3.4,1.7,3.3,4.1,3.3,1.3,5.9,4.0,0.0,5.5,2.1,5.7,4.2,1.6,5.5,3.7,5.8,5.9,7.1,3.3,4.2,3.0,2,2,↑,2028-2033,4.76,中国高空作业车操作员：加班文化严重,China Aerial Work Platform Operator: heavy overtime culture,AI综合评估 + O*NET/ILO/OECD锚点校准,2026-04-13,2026-04-13,2000-2026,142000
SVC-0905-CN-general,服务业与消费,SVC,清洁与维护,高空清洁工(蜘蛛人),High-rise Window Cleaner,9112,37-2011.00,东亚,中国,CN,country,general,无要求,18-45,global,2.6,1.5,3.7,5.4,6.9,7.1,6.5,5.6,3.7,3.9,5.3,2.7,4.7,0.9,2.8,3.3,5.1,1.2,8.2,3.2,0.4,2.5,2.2,3.3,4.8,4.5,3.3,4.7,8.8,0.8,4.3,5.5,2.3,3.4,0,1,→,2035+,4.75,中国高空清洁工(蜘蛛人)：薪资水平偏低，AI替代抗性强，加班文化严重,"China High-rise Window Cleaner: relatively low pay, strong AI resistance, heavy overtime culture",AI综合评估 + O*NET/ILO/OECD锚点校准,2026-04-13,2026-04-13,2000-2026,79000
AGR-0302-CN-general,农业、资源与环境,AGR,渔业,淡水渔业养殖者,Freshwater Fish Farmer,6221,45-3031.00,东亚,中国,CN,country,general,无要求,16-30,global,3.3,2.0,4.5,6.8,6.7,9.5,6.1,6.8,3.9,4.6,4.3,4.5,3.9,0.0,2.1,4.1,2.8,1.8,5.4,4.4,1.1,6.2,2.4,5.9,7.0,2.6,4.9,4.8,7.4,3.3,7.2,3.1,2.0,2.8,0,0,→,2028-2033,4.75,中国淡水渔业养殖者：薪资水平偏低，加班文化严重,"China Freshwater Fish Farmer: relatively low pay, heavy overtime culture",AI综合评估 + O*NET/ILO/OECD锚点校准,2026-04-13,2026-04-13,2000-2026,87000
SKL-0903-CN-general,技术工种与手工业,SKL,重型设备操作,装载机操作员,Loader Operator,8342,53-7032.00,东亚,中国,CN,country,general,驾照/培训,20-30,global,3.5,1.9,6.2,7.1,7.2,9.0,5.4,6.6,5.6,5.2,5.0,2.9,3.2,0.7,3.3,3.6,3.5,1.3,4.3,3.8,0.5,4.4,2.4,6.0,4.4,1.6,5.1,4.4,6.8,4.9,7.0,3.3,4.0,3.8,2,2,↑,2026-2030,4.75,中国装载机操作员：加班文化严重,China Loader Operator: heavy overtime culture,AI综合评估 + O*NET/ILO/OECD锚点校准,2026-04-13,2026-04-13,2000-2026,186000
LAW-0704-CN-general,法律与社会服务,LAW,NGO与人道主义,人道主义援助工作者,Humanitarian Aid Worker,2635,21-1099.00,东亚,中国,CN,country,general,本科/硕士,22-30,global,5.1,4.7,4.5,6.0,3.3,3.2,5.3,4.5,2.2,3.2,2.5,4.4,2.4,1.5,1.4,6.8,5.7,2.2,7.9,7.2,2.5,5.7,0.0,8.3,3.8,6.6,5.0,9.3,5.6,3.9,3.8,1.1,8.3,2.9,2,2,↑,2035+,4.75,中国人道主义援助工作者：薪资水平偏低，AI替代抗性强，加班文化严重,"China Humanitarian Aid Worker: relatively low pay, strong AI resistance, heavy overtime culture",AI综合评估 + O*NET/ILO/OECD锚点校准,2026-04-13,2026-04-13,2000-2026,40000
AGR-0306-CN-general,农业、资源与环境,AGR,渔业,珍珠养殖者,Pearl Farmer / Oyster Culturist,6221,45-3031.00,东亚,中国,CN,country,general,无要求,16-30,regional,3.6,2.6,3.9,6.2,6.3,6.4,5.9,5.9,4.2,5.6,4.5,4.0,3.6,0.1,2.9,4.1,3.7,1.2,7.0,3.8,0.0,6.7,1.4,6.6,6.1,3.4,4.7,4.5,6.7,3.1,7.0,3.7,2.1,3.8,0,0,→,2032-2038,4.74,中国珍珠养殖者：薪资水平偏低，加班文化严重,"China Pearl Farmer / Oyster Culturist: relatively low pay, heavy overtime culture",AI综合评估 + O*NET/ILO/OECD锚点校准,2026-04-13,2026-04-13,2000-2026,99000
AGR-0403-CN-general,农业、资源与环境,AGR,采矿,矿业工程师,Mining Engineer,2146,17-2151.00,东亚,中国,CN,country,general,本科/硕士,24-32,global,7.3,7.0,5.5,5.5,6.3,7.8,7.6,8.7,10.0,5.9,4.1,4.0,2.2,0.2,2.0,3.0,5.9,2.4,6.1,7.0,2.2,3.7,0.0,3.8,4.3,1.8,4.3,4.7,4.4,5.6,8.4,1.1,5.7,5.6,0,1,→,2032-2038,4.73,中国矿业工程师：薪资回报高，人才需求旺盛，加班文化严重,"China Mining Engineer: high compensation, strong talent demand, heavy overtime culture",AI综合评估 + O*NET/ILO/OECD锚点校准,2026-04-13,2026-04-13,2000-2026,1350000
ART-1112-CN-general,文化、艺术与传媒,ART,体育竞技,职业田径运动员,Professional Track & Field Athlete,3421,27-2021.00,东亚,中国,CN,country,general,高中/体校,14-22,global,5.7,4.6,6.0,3.2,6.1,7.1,5.7,5.6,7.1,4.4,2.3,5.2,3.8,0.0,3.3,3.9,3.5,3.8,9.0,7.1,0.1,4.4,0.0,9.0,3.9,4.0,2.2,7.2,9.3,2.3,5.0,2.2,6.6,6.5,3,1,→,2035+,4.73,中国职业田径运动员：AI替代抗性强，加班文化严重，就业波动大,"China Professional Track & Field Athlete: strong AI resistance, heavy overtime culture, volatile employment",AI综合评估 + O*NET/ILO/OECD锚点校准,2026-04-13,2026-04-13,2000-2026,366000
SKL-0902-CN-general,技术工种与手工业,SKL,重型设备操作,混凝土搅拌车司机,Concrete Mixer Truck Driver,8332,53-3032.00,东亚,中国,CN,country,general,驾照/培训,20-30,global,3.8,2.5,5.9,6.8,7.2,8.3,5.3,6.2,6.4,5.9,5.5,3.2,3.5,1.4,2.8,3.5,3.3,1.8,4.4,3.6,0.8,5.5,1.7,5.8,4.0,1.3,5.3,3.3,6.1,4.8,7.0,3.3,3.8,4.0,2,2,↑,2026-2030,4.72,中国混凝土搅拌车司机：加班文化严重,China Concrete Mixer Truck Driver: heavy overtime culture,AI综合评估 + O*NET/ILO/OECD锚点校准,2026-04-13,2026-04-13,2000-2026,267000
AGR-0503-CN-general,农业、资源与环境,AGR,石油天然气,管道工程师(油气),Pipeline Engineer,2145,17-2171.00,东亚,中国,CN,country,general,本科,24-32,global,6.1,5.4,4.5,6.9,6.0,7.2,6.2,8.3,8.9,6.7,4.6,3.5,2.6,0.4,1.9,5.2,4.0,1.7,5.7,6.2,0.7,3.6,0.0,5.7,3.8,1.9,5.0,5.2,5.1,5.6,8.1,0.7,6.3,7.3,-1,0,→,2028-2033,4.72,中国管道工程师(油气)：薪资回报高，加班文化严重,"China Pipeline Engineer: high compensation, heavy overtime culture",AI综合评估 + O*NET/ILO/OECD锚点校准,2026-04-13,2026-04-13,2000-2026,823000
ART-1712-CN-general,文化、艺术与传媒,ART,传统表演艺术,落语家,Rakugo Performer,2655,,东亚,中国,CN,country,general,专科/师承,12-20,country_specific,6.8,4.6,3.5,6.3,4.2,3.1,4.8,4.9,5.2,3.7,4.1,6.2,5.2,1.5,2.1,3.8,3.9,2.7,8.7,6.8,1.4,4.5,2.4,8.8,2.6,5.4,4.7,6.7,5.9,2.6,3.5,4.4,2.6,4.5,-1,-2,↓,2035+,4.72,中国落语家：AI替代抗性强，加班文化严重，近年需求下降,"China Rakugo Performer: strong AI resistance, heavy overtime culture, declining demand",AI综合评估 + O*NET/ILO/OECD锚点校准,2026-04-13,2026-04-13,2000-2026,156000
GOV-0701-CN-general,公共管理与公务员,GOV,警察执法,警察,Police Officer,5412,33-3051.00,东亚,中国,CN,country,general,大专/本科,20-28,global,4.5,4.6,4.4,7.9,7.2,8.1,5.1,4.6,4.3,6.2,9.4,5.0,2.6,2.1,1.4,5.0,4.0,3.8,7.2,8.7,0.0,3.0,2.1,6.5,0.6,3.8,4.6,8.3,7.3,8.8,0.9,1.3,2.1,9.4,0,1,→,2032-2038,4.71,中国警察：薪资水平偏低，加班文化严重，就业稳定,"China Police Officer: relatively low pay, heavy overtime culture, stable employment",AI综合评估 + O*NET/ILO/OECD锚点校准,2026-04-13,2026-04-13,2000-2026,104000
AGR-0301-CN-general,农业、资源与环境,AGR,渔业,远洋渔民,Deep-sea Fisherman,6222,45-3011.00,东亚,中国,CN,country,general,无要求,18-30,global,2.8,1.8,4.5,6.0,6.3,10.0,4.9,6.8,5.2,5.8,4.7,1.5,2.4,0.0,2.0,3.7,3.6,1.4,7.0,4.2,0.7,6.4,0.0,6.1,5.6,1.2,4.0,5.8,9.3,2.7,7.9,2.7,3.3,3.1,0,0,→,2032-2038,4.71,中国远洋渔民：加班文化严重,China Deep-sea Fisherman: heavy overtime culture,AI综合评估 + O*NET/ILO/OECD锚点校准,2026-04-13,2026-04-13,2000-2026,156000
ART-1107-CN-general,文化、艺术与传媒,ART,体育竞技,裁判员,Sports Referee / Umpire,3422,27-2023.00,东亚,中国,CN,country,general,无要求,25-35,global,5.7,3.8,6.0,5.7,5.4,7.2,5.6,6.0,5.8,4.8,4.3,4.7,3.1,0.0,3.1,4.4,3.8,4.2,7.6,6.8,0.0,4.7,0.2,8.5,3.6,4.0,1.8,7.3,5.3,3.8,5.1,2.2,5.5,5.3,3,1,→,2035+,4.71,中国裁判员：AI替代抗性强，加班文化严重,"China Sports Referee / Umpire: strong AI resistance, heavy overtime culture",AI综合评估 + O*NET/ILO/OECD锚点校准,2026-04-13,2026-04-13,2000-2026,204000
AGR-0806-CN-general,农业、资源与环境,AGR,林业,树艺师,Arborist / Tree Surgeon,6113,37-3013.00,东亚,中国,CN,country,general,培训+证书,20-40,global,5.1,3.5,3.7,6.8,4.5,6.1,5.4,6.9,4.9,4.4,5.3,3.8,3.2,2.1,3.6,3.7,3.0,1.4,7.9,4.3,0.0,5.7,2.6,6.6,6.3,2.5,4.7,4.4,7.8,4.3,6.2,2.5,2.5,4.0,1,1,→,2035+,4.71,中国树艺师：AI替代抗性强，加班文化严重,"China Arborist / Tree Surgeon: strong AI resistance, heavy overtime culture",AI综合评估 + O*NET/ILO/OECD锚点校准,2026-04-13,2026-04-13,2000-2026,136000
AGR-0113-CN-general,农业、资源与环境,AGR,种植,蘑菇种植者,Mushroom Farmer,6112,45-2092.02,东亚,中国,CN,country,general,培训,18-40,global,3.9,2.0,4.2,7.6,6.5,5.9,4.3,5.6,3.5,4.6,4.1,5.0,3.9,1.0,3.1,4.0,3.7,1.7,5.0,4.4,0.0,6.4,3.4,5.4,6.6,4.7,7.1,4.3,6.5,0.7,6.4,2.4,1.8,3.1,0,0,→,2028-2033,4.71,中国蘑菇种植者：薪资水平偏低，加班文化严重,"China Mushroom Farmer: relatively low pay, heavy overtime culture",AI综合评估 + O*NET/ILO/OECD锚点校准,2026-04-13,2026-04-13,2000-2026,72000
TRA-0409-CN-general,交通运输与物流,TRA,公路,拖车司机/重型运输司机,Tow Truck / Heavy Hauler Driver,8332,53-3032.00,东亚,中国,CN,country,general,驾照/高中,20-35,global,2.5,1.8,4.1,6.8,7.3,10.0,5.6,6.5,4.0,5.4,5.2,4.7,3.9,0.4,2.8,3.7,3.5,1.4,4.0,4.1,0.0,5.7,1.9,4.3,5.5,2.8,6.0,3.8,7.4,4.8,6.5,5.1,2.3,3.3,0,-1,→,2026-2030,4.7,中国拖车司机/重型运输司机：薪资水平偏低，AI替代风险较高，加班文化严重,"China Tow Truck / Heavy Hauler Driver: relatively low pay, high AI displacement risk, heavy overtime culture",AI综合评估 + O*NET/ILO/OECD锚点校准,2026-04-13,2026-04-13,2000-2026,91000
LAW-0603-CN-general,法律与社会服务,LAW,社会工作,儿童福利社工,Child Welfare Social Worker,2635,21-1021.00,东亚,中国,CN,country,general,社工硕士,23-30,global,5.9,5.8,3.3,7.0,4.1,4.7,5.4,5.4,1.9,3.4,5.7,7.0,3.9,2.0,1.2,4.8,4.6,3.0,8.0,4.9,2.2,4.0,2.2,7.7,3.3,7.3,5.5,8.6,2.7,6.6,1.6,1.9,4.1,3.6,2,1,→,2035+,4.69,中国儿童福利社工：薪资水平偏低，AI替代抗性强，加班文化严重,"China Child Welfare Social Worker: relatively low pay, strong AI resistance, heavy overtime culture",AI综合评估 + O*NET/ILO/OECD锚点校准,2026-04-13,2026-04-13,2000-2026,35000
TRA-0405-CN-general,交通运输与物流,TRA,公路,特种车辆驾驶员,Specialized Vehicle Driver,8332,53-3032.00,东亚,中国,CN,country,general,驾照/高中,20-35,global,2.8,2.4,4.4,6.8,8.0,10.0,5.3,7.5,4.8,5.7,4.8,3.9,3.4,0.0,2.8,3.1,4.1,1.4,3.3,4.1,0.5,5.4,1.1,3.7,5.5,3.2,6.7,3.9,7.5,5.3,6.2,4.7,2.8,2.5,0,-1,→,2026-2030,4.69,中国特种车辆驾驶员：AI替代风险较高，加班文化严重,"China Specialized Vehicle Driver: high AI displacement risk, heavy overtime culture",AI综合评估 + O*NET/ILO/OECD锚点校准,2026-04-13,2026-04-13,2000-2026,130000
TRA-0402-CN-general,交通运输与物流,TRA,公路,公交车司机,Bus Driver,8331,53-3052.00,东亚,中国,CN,country,general,驾照/高中,20-35,global,2.5,2.4,4.2,6.5,7.0,10.0,5.7,7.1,2.9,5.6,5.8,5.5,3.4,0.1,2.6,3.3,3.7,1.2,2.3,4.8,0.5,5.6,1.5,4.3,5.1,3.9,5.6,6.5,7.4,4.8,3.9,5.2,2.4,4.3,0,-1,→,2025-2028,4.69,中国公交车司机：薪资水平偏低，AI替代风险较高，加班文化严重,"China Bus Driver: relatively low pay, high AI displacement risk, heavy overtime culture",AI综合评估 + O*NET/ILO/OECD锚点校准,2026-04-13,2026-04-13,2000-2026,55000
SKL-0901-CN-general,技术工种与手工业,SKL,重型设备操作,推土机操作员,Bulldozer Operator,8342,47-2073.00,东亚,中国,CN,country,general,驾照/培训,20-30,global,3.4,2.6,5.3,6.8,7.2,8.4,5.8,5.7,5.3,6.2,5.6,2.7,3.1,1.1,2.3,4.6,3.3,1.5,4.1,4.1,0.2,5.2,2.5,6.3,4.3,0.7,5.4,4.3,7.0,5.2,7.0,3.7,3.5,3.4,2,2,↑,2026-2030,4.69,中国推土机操作员：加班文化严重,China Bulldozer Operator: heavy overtime culture,AI综合评估 + O*NET/ILO/OECD锚点校准,2026-04-13,2026-04-13,2000-2026,163000
AGR-0509-CN-general,农业、资源与环境,AGR,石油天然气,海上石油平台工人,Offshore Oil Platform Worker,8113,47-5013.00,东亚,中国,CN,country,general,培训/技校,20-32,global,3.5,2.9,3.8,6.4,6.8,7.3,6.9,8.3,7.9,7.5,4.8,1.3,1.4,0.0,0.8,4.5,4.4,2.3,6.1,6.0,1.3,4.0,0.0,5.0,4.6,1.6,4.6,5.0,8.7,4.7,8.6,0.9,5.7,6.7,-1,0,→,2032-2038,4.69,中国海上石油平台工人：加班文化严重,China Offshore Oil Platform Worker: heavy overtime culture,AI综合评估 + O*NET/ILO/OECD锚点校准,2026-04-13,2026-04-13,2000-2026,525000
AGR-0303-CN-general,农业、资源与环境,AGR,渔业,水产养殖技术员,Aquaculture Technician,6221,45-3031.00,东亚,中国,CN,country,general,大专/培训,20-30,global,4.9,3.9,6.4,6.3,5.9,9.4,6.7,6.3,5.4,5.4,4.3,4.3,3.9,0.0,2.5,3.5,3.0,1.5,5.0,4.6,0.6,6.4,1.2,5.8,5.8,2.5,4.8,5.1,6.8,3.3,7.6,2.9,1.8,3.8,0,2,↑,2028-2033,4.68,中国水产养殖技术员：加班文化严重,China Aquaculture Technician: heavy overtime culture,AI综合评估 + O*NET/ILO/OECD锚点校准,2026-04-13,2026-04-13,2000-2026,170000
AGR-0507-CN-general,农业、资源与环境,AGR,石油天然气,天然气处理技师,Natural Gas Processing Technician,3117,51-8093.00,东亚,中国,CN,country,general,大专/技校,20-30,global,4.5,4.0,4.3,6.2,5.9,6.8,6.8,8.0,6.2,7.4,4.4,3.0,1.9,0.0,3.1,5.1,5.0,1.9,5.4,6.2,0.4,4.3,0.4,5.0,4.4,2.9,4.6,5.6,6.4,5.3,9.0,1.6,5.8,7.0,-1,0,→,2028-2033,4.68,中国天然气处理技师：加班文化严重,China Natural Gas Processing Technician: heavy overtime culture,AI综合评估 + O*NET/ILO/OECD锚点校准,2026-04-13,2026-04-13,2000-2026,244000
ART-1709-CN-general,文化、艺术与传媒,ART,传统表演艺术,评书/说书人,Storyteller (Pingshu),2655,27-2011.00,东亚,中国,CN,country,general,专科/师承,12-20,regional,6.6,5.1,3.4,6.4,4.0,4.3,4.8,4.8,4.6,3.6,4.0,6.5,5.5,2.4,3.0,3.9,3.1,2.6,9.0,5.4,0.8,5.0,2.2,7.8,3.5,4.5,3.7,8.6,6.1,2.0,3.1,3.7,2.6,5.5,-1,-2,↓,2035+,4.68,中国评书/说书人：AI替代抗性强，加班文化严重，就业波动大,"China Storyteller (Pingshu): strong AI resistance, heavy overtime culture, volatile employment",AI综合评估 + O*NET/ILO/OECD锚点校准,2026-04-13,2026-04-13,2000-2026,119000
ART-1706-CN-general,文化、艺术与传媒,ART,传统表演艺术,粤剧演员,Cantonese Opera Performer,2655,27-2011.00,东亚,中国,CN,country,general,专科/师承,12-20,regional,6.7,4.6,4.1,6.5,4.2,3.4,4.2,4.8,4.6,3.7,3.8,6.7,5.5,1.1,2.1,4.9,3.3,2.6,9.4,5.8,0.9,5.0,1.2,8.4,3.3,4.6,4.8,7.3,6.0,2.9,3.9,3.5,2.5,4.3,-1,-2,↓,2035+,4.67,中国粤剧演员：AI替代抗性强，加班文化严重，就业波动大,"China Cantonese Opera Performer: strong AI resistance, heavy overtime culture, volatile employment",AI综合评估 + O*NET/ILO/OECD锚点校准,2026-04-13,2026-04-13,2000-2026,119000
SVC-0907-CN-general,服务业与消费,SVC,清洁与维护,洗衣/干洗师,Laundry / Dry Cleaning Worker,8157,51-6011.00,东亚,中国,CN,country,general,无要求,18-45,global,2.0,1.3,4.6,7.0,6.8,5.5,4.9,5.5,3.7,4.1,4.1,5.4,3.8,1.2,3.1,3.8,4.9,1.2,6.1,2.3,0.1,2.3,0.9,3.1,4.1,5.3,6.7,4.5,5.1,1.1,3.8,4.7,1.6,3.0,0,1,→,2032-2038,4.67,中国洗衣/干洗师：薪资水平偏低，加班文化严重,"China Laundry / Dry Cleaning Worker: relatively low pay, heavy overtime culture",AI综合评估 + O*NET/ILO/OECD锚点校准,2026-04-13,2026-04-13,2000-2026,79000
TRA-0401-CN-general,交通运输与物流,TRA,公路,长途卡车司机,Long-haul Truck Driver,8332,53-3032.00,东亚,中国,CN,country,general,驾照/高中,20-35,global,2.6,1.8,4.0,6.6,8.1,9.6,6.7,8.1,5.5,5.9,4.9,4.7,3.2,0.0,0.8,3.7,3.0,1.5,1.9,4.1,0.0,5.4,0.0,4.9,5.7,3.1,6.5,4.1,7.4,4.4,6.7,4.7,2.8,2.7,0,-2,↓,2025-2028,4.66,中国长途卡车司机：AI替代风险较高，加班文化严重，近年需求下降,"China Long-haul Truck Driver: high AI displacement risk, heavy overtime culture, declining demand",AI综合评估 + O*NET/ILO/OECD锚点校准,2026-04-13,2026-04-13,2000-2026,178000
TRA-0410-CN-general,交通运输与物流,TRA,公路,搬家工人,Moving Company Worker / Mover,9333,53-7062.00,东亚,中国,CN,country,general,无要求,18-35,global,1.6,1.3,3.9,5.6,7.9,9.2,4.9,6.3,3.9,4.8,4.0,4.7,3.6,0.0,2.0,3.3,2.9,1.2,5.4,3.7,0.7,5.6,1.7,4.0,4.6,2.5,6.5,3.8,8.7,1.0,5.8,5.7,1.9,3.5,0,-1,→,2028-2033,4.66,中国搬家工人：薪资水平偏低，加班文化严重，就业波动大,"China Moving Company Worker / Mover: relatively low pay, heavy overtime culture, volatile employment",AI综合评估 + O*NET/ILO/OECD锚点校准,2026-04-13,2026-04-13,2000-2026,87000
AGR-0803-CN-general,农业、资源与环境,AGR,林业,森林消防员,Wildland Firefighter,5411,33-2011.00,东亚,中国,CN,country,general,培训+体能,20-35,global,3.3,2.9,3.7,6.7,4.7,5.8,5.2,6.8,5.3,4.7,5.0,1.5,2.9,0.0,2.3,4.1,2.7,1.5,8.6,5.9,0.5,6.7,0.5,8.5,3.6,3.1,5.7,4.4,8.8,2.4,7.2,1.7,1.6,4.8,1,1,→,2035+,4.66,中国森林消防员：AI替代抗性强，加班文化严重,"China Wildland Firefighter: strong AI resistance, heavy overtime culture",AI综合评估 + O*NET/ILO/OECD锚点校准,2026-04-13,2026-04-13,2000-2026,163000
AGR-0105-CN-general,农业、资源与环境,AGR,种植,有机农业技术员,Organic Farming Technician,6111,45-2091.00,东亚,中国,CN,country,general,大专/培训,20-35,global,4.5,3.9,5.4,7.6,5.7,9.3,4.4,5.5,4.9,4.6,4.5,5.3,3.4,1.0,2.0,3.4,3.9,2.1,4.4,4.4,0.4,7.0,2.7,7.1,6.7,3.7,6.6,4.5,8.2,1.0,8.1,2.2,1.0,2.7,0,3,↑,2026-2030,4.66,中国有机农业技术员：加班文化严重,China Organic Farming Technician: heavy overtime culture,AI综合评估 + O*NET/ILO/OECD锚点校准,2026-04-13,2026-04-13,2000-2026,136000
TRA-0604-CN-general,交通运输与物流,TRA,快递最后一公里,快递站长,Delivery Station Manager,1324,11-3071.02,东亚,中国,CN,country,general,高中/大专,25-35,global,3.8,3.2,6.7,4.8,9.2,10.0,5.0,5.5,4.4,4.3,4.0,6.2,2.5,0.0,1.9,2.8,2.9,2.3,4.4,5.0,0.0,5.9,1.2,4.2,4.8,3.9,6.4,7.4,4.7,2.6,6.1,7.2,1.4,4.5,4,4,↑↑,2028-2033,4.65,中国快递站长：薪资水平偏低，加班文化严重，就业波动大,"China Delivery Station Manager: relatively low pay, heavy overtime culture, volatile employment",AI综合评估 + O*NET/ILO/OECD锚点校准,2026-04-13,2026-04-13,2000-2026,109000
SKL-0904-CN-general,技术工种与手工业,SKL,重型设备操作,压路机操作员,Road Roller Operator,8342,47-2073.00,东亚,中国,CN,country,general,驾照/培训,20-30,global,3.8,2.1,5.3,7.3,8.0,7.4,5.7,6.4,5.5,5.8,4.6,4.0,3.4,0.1,2.4,4.0,3.7,1.3,3.4,4.2,0.5,4.5,1.0,5.8,4.0,1.3,5.5,4.2,5.3,4.9,7.2,3.1,4.2,2.8,2,2,↑,2026-2030,4.65,中国压路机操作员：AI替代风险较高，加班文化严重,"China Road Roller Operator: high AI displacement risk, heavy overtime culture",AI综合评估 + O*NET/ILO/OECD锚点校准,2026-04-13,2026-04-13,2000-2026,178000
AGR-0505-CN-general,农业、资源与环境,AGR,石油天然气,油田技术员,Oilfield Technician,3117,47-5013.00,东亚,中国,CN,country,general,技校/培训,20-30,global,3.9,3.1,4.1,6.8,6.2,7.3,5.6,8.0,6.4,7.2,5.1,2.0,2.9,0.2,1.6,4.7,4.6,1.8,5.1,5.2,1.0,4.8,0.0,5.0,4.2,2.5,5.2,5.5,8.0,5.1,8.3,1.3,5.8,6.7,-1,0,→,2028-2033,4.64,中国油田技术员：加班文化严重,China Oilfield Technician: heavy overtime culture,AI综合评估 + O*NET/ILO/OECD锚点校准,2026-04-13,2026-04-13,2000-2026,267000
AGR-0110-CN-general,农业、资源与环境,AGR,种植,灌溉专员,Irrigation Specialist,6111,45-2091.00,东亚,中国,CN,country,general,大专/培训,20-30,global,3.7,3.1,4.0,7.2,6.9,7.4,5.0,5.3,3.7,4.6,5.5,5.5,4.4,0.7,2.5,4.3,3.5,1.9,3.6,3.8,0.0,7.3,2.2,5.9,6.0,4.8,6.8,4.2,6.5,1.1,7.9,3.0,2.0,2.9,0,0,→,2026-2030,4.64,中国灌溉专员：薪资水平偏低，AI替代风险较高，加班文化严重,"China Irrigation Specialist: relatively low pay, high AI displacement risk, heavy overtime culture",AI综合评估 + O*NET/ILO/OECD锚点校准,2026-04-13,2026-04-13,2000-2026,79000
AGR-0112-CN-general,农业、资源与环境,AGR,种植,咖啡种植者,Coffee Farmer,6112,45-2092.02,东亚,中国,CN,country,general,无要求/中学,16-35,regional,3.3,2.3,4.0,7.9,5.9,5.9,4.4,5.7,4.3,5.1,5.0,5.0,2.9,0.0,2.8,3.8,3.7,2.2,3.3,4.4,0.0,7.5,3.2,6.5,7.1,3.7,7.1,4.0,7.9,1.4,7.9,3.0,2.9,3.1,0,0,→,2026-2030,4.64,中国咖啡种植者：薪资水平偏低，AI替代风险较高，加班文化严重,"China Coffee Farmer: relatively low pay, high AI displacement risk, heavy overtime culture",AI综合评估 + O*NET/ILO/OECD锚点校准,2026-04-13,2026-04-13,2000-2026,104000
SVC-0909-CN-general,服务业与消费,SVC,清洁与维护,停车管理员,Parking Lot Attendant,5419,53-6021.00,东亚,中国,CN,country,general,无要求,18-45,global,2.4,1.9,3.6,6.8,6.2,7.5,6.1,5.6,3.2,4.1,4.0,5.7,4.5,1.3,3.0,3.9,5.2,1.2,5.1,2.3,0.0,2.4,2.2,4.0,4.1,5.1,6.1,4.2,7.6,0.5,4.3,5.1,1.7,3.0,-1,-1,→,2028-2033,4.64,中国停车管理员：薪资水平偏低，加班文化严重，就业波动大,"China Parking Lot Attendant: relatively low pay, heavy overtime culture, volatile employment",AI综合评估 + O*NET/ILO/OECD锚点校准,2026-04-13,2026-04-13,2000-2026,63000
SVC-1001-CN-general,服务业与消费,SVC,安保,保安,Security Guard,5414,33-9032.00,东亚,中国,CN,country,general,高中/证书,20-35,global,2.8,2.9,5.0,6.0,6.2,6.2,5.6,5.7,3.4,3.9,5.3,4.2,5.2,0.7,4.3,4.8,4.5,1.3,6.4,3.4,1.0,3.2,0.9,4.5,4.1,2.3,4.5,4.9,6.2,3.2,4.6,4.7,2.3,4.8,1,1,→,2032-2038,4.63,中国保安：薪资水平偏低，加班文化严重,"China Security Guard: relatively low pay, heavy overtime culture",AI综合评估 + O*NET/ILO/OECD锚点校准,2026-04-13,2026-04-13,2000-2026,69000
AGR-0203-CN-general,农业、资源与环境,AGR,畜牧,乳业技术员,Dairy Technician,6121,45-2093.00,东亚,中国,CN,country,general,无要求/中学,16-35,global,3.6,2.9,4.2,7.2,5.8,8.2,5.7,6.5,4.3,4.3,4.5,5.0,3.9,0.0,2.1,3.4,3.5,1.4,3.9,3.8,0.7,7.4,1.9,5.1,6.3,3.8,6.7,3.9,6.7,1.2,7.0,2.6,2.1,3.4,0,1,→,2026-2030,4.63,中国乳业技术员：薪资水平偏低，AI替代风险较高，加班文化严重,"China Dairy Technician: relatively low pay, high AI displacement risk, heavy overtime culture",AI综合评估 + O*NET/ILO/OECD锚点校准,2026-04-13,2026-04-13,2000-2026,104000
AGR-0304-CN-general,农业、资源与环境,AGR,渔业,水产品加工技师,Seafood Processing Technician,8160,51-3022.00,东亚,中国,CN,country,general,培训,18-35,global,2.7,2.1,4.1,6.6,6.8,10.0,5.9,6.4,4.6,4.5,4.1,3.8,2.6,0.4,3.0,3.7,3.0,1.5,4.5,4.0,0.2,6.2,0.2,5.5,6.2,3.7,5.5,4.7,7.5,3.4,7.8,3.5,2.8,3.0,0,0,→,2026-2030,4.62,中国水产品加工技师：加班文化严重,China Seafood Processing Technician: heavy overtime culture,AI综合评估 + O*NET/ILO/OECD锚点校准,2026-04-13,2026-04-13,2000-2026,119000
ART-1703-CN-general,文化、艺术与传媒,ART,传统表演艺术,黑人灵歌/福音歌手,Gospel Singer,2652,27-2042.00,东亚,中国,CN,country,general,专科/师承,12-20,global,7.0,5.1,3.9,5.8,4.2,5.9,4.2,5.2,4.5,4.3,3.2,6.5,5.4,1.4,1.8,4.4,3.3,2.7,9.4,5.8,1.1,4.5,1.2,7.9,2.5,4.7,4.1,7.1,5.9,2.6,3.8,4.4,2.9,4.6,-1,-2,↓,2035+,4.62,中国黑人灵歌/福音歌手：薪资水平偏低，AI替代抗性强，加班文化严重,"China Gospel Singer: relatively low pay, strong AI resistance, heavy overtime culture",AI综合评估 + O*NET/ILO/OECD锚点校准,2026-04-13,2026-04-13,2000-2026,114000
LAW-0906-CN-general,法律与社会服务,LAW,心理社会服务,保释担保人,Bail Bondsman,3312,13-2099.00,东亚,中国,CN,country,general,高中/大专,22-35,country_specific,3.0,2.8,3.3,6.8,3.4,3.1,4.6,3.1,6.1,5.6,3.1,5.4,3.7,1.9,2.5,4.8,4.3,4.3,6.8,3.3,3.4,6.4,2.6,4.6,8.3,4.3,5.7,7.4,3.5,5.3,3.3,4.4,0.5,3.9,0,-1,→,2032-2038,4.62,中国保释担保人：加班文化严重，就业波动大,"China Bail Bondsman: heavy overtime culture, volatile employment",AI综合评估 + O*NET/ILO/OECD锚点校准,2026-04-13,2026-04-13,2000-2026,233000
SKL-0907-CN-general,技术工种与手工业,SKL,重型设备操作,矿用卡车司机,Mining Haul Truck Driver,8342,53-7032.00,东亚,中国,CN,country,general,驾照/培训,20-30,global,3.2,2.2,6.3,6.9,7.6,6.9,5.9,6.1,6.0,5.3,4.3,2.9,3.2,1.5,2.5,4.1,4.3,1.6,3.1,3.3,0.0,4.7,1.1,5.3,4.9,1.0,4.7,4.2,5.7,5.4,6.7,3.7,4.7,3.6,2,2,↑,2026-2030,4.61,中国矿用卡车司机：AI替代风险较高，加班文化严重,"China Mining Haul Truck Driver: high AI displacement risk, heavy overtime culture",AI综合评估 + O*NET/ILO/OECD锚点校准,2026-04-13,2026-04-13,2000-2026,223000
AGR-0101-CN-general,农业、资源与环境,AGR,种植,粮食作物种植者,Grain Farmer,6111,45-2091.00,东亚,中国,CN,country,general,无要求/中学,16-35,global,2.7,1.7,3.8,7.6,5.9,9.8,4.3,5.7,3.5,4.6,5.0,4.8,3.7,0.4,2.8,4.0,3.7,1.7,3.6,3.8,0.3,6.6,2.4,5.9,6.3,4.4,6.8,3.8,8.0,1.3,7.7,2.2,1.8,3.5,0,0,→,2026-2030,4.6,中国粮食作物种植者：薪资水平偏低，AI替代风险较高，加班文化严重,"China Grain Farmer: relatively low pay, high AI displacement risk, heavy overtime culture",AI综合评估 + O*NET/ILO/OECD锚点校准,2026-04-13,2026-04-13,2000-2026,72000
TRA-0407-CN-general,交通运输与物流,TRA,公路,摩托车信使,Motorcycle Courier,8322,53-3054.00,东亚,中国,CN,country,general,驾照/高中,20-35,global,2.2,1.8,3.3,6.2,8.1,9.8,5.4,6.9,3.1,5.6,5.3,3.7,3.1,0.2,2.8,3.3,3.9,1.7,2.8,3.8,0.0,5.4,0.7,4.1,6.5,3.0,5.8,4.1,8.5,2.9,5.4,7.5,2.7,3.1,0,1,→,2025-2028,4.59,中国摩托车信使：薪资水平偏低，AI替代风险较高，加班文化严重,"China Motorcycle Courier: relatively low pay, high AI displacement risk, heavy overtime culture",AI综合评估 + O*NET/ILO/OECD锚点校准,2026-04-13,2026-04-13,2000-2026,61000
SVC-0802-CN-general,服务业与消费,SVC,特殊合法职业,博彩从业者/荷官,Casino Dealer / Gaming Worker,4212,39-3011.00,东亚,中国,CN,country,general,无要求/证书,18-35,regional,3.5,1.8,4.1,5.8,6.2,6.9,4.6,3.9,4.9,4.9,4.8,4.4,4.5,0.6,4.3,4.3,4.0,2.7,6.6,3.5,1.3,4.5,0.9,4.6,5.1,4.4,4.2,7.4,5.3,5.5,4.2,4.1,1.8,4.8,1,2,↑,2032-2038,4.59,中国博彩从业者/荷官：加班文化严重,China Casino Dealer / Gaming Worker: heavy overtime culture,AI综合评估 + O*NET/ILO/OECD锚点校准,2026-04-13,2026-04-13,2000-2026,136000
AGR-0210-CN-general,农业、资源与环境,AGR,畜牧,蚕丝养殖者,Sericulturist / Silkworm Farmer,6123,45-2093.00,东亚,中国,CN,country,general,无要求/中学,16-35,regional,4.1,2.3,1.6,7.8,5.8,4.0,5.3,6.8,4.3,4.8,4.5,4.8,3.1,0.4,2.3,3.4,3.7,1.7,6.7,3.7,0.7,7.2,2.0,5.3,6.1,2.7,6.5,3.8,5.1,2.1,6.7,3.0,0.9,2.8,-2,-1,→,2032-2038,4.58,中国蚕丝养殖者：薪资水平偏低，加班文化严重,"China Sericulturist / Silkworm Farmer: relatively low pay, heavy overtime culture",AI综合评估 + O*NET/ILO/OECD锚点校准,2026-04-13,2026-04-13,2000-2026,104000
AGR-0102-CN-general,农业、资源与环境,AGR,种植,果蔬种植者,Fruit & Vegetable Grower,6112,45-2092.02,东亚,中国,CN,country,general,无要求/中学,16-35,global,3.0,2.4,4.2,7.0,6.1,8.9,4.1,5.6,4.0,4.9,4.8,5.3,3.1,0.4,2.8,3.8,2.9,2.2,3.7,4.2,0.2,6.7,2.2,6.2,7.0,3.7,6.6,3.7,8.2,0.8,7.5,2.4,1.8,3.1,0,0,→,2026-2030,4.56,中国果蔬种植者：薪资水平偏低，AI替代风险较高，加班文化严重,"China Fruit & Vegetable Grower: relatively low pay, high AI displacement risk, heavy overtime culture",AI综合评估 + O*NET/ILO/OECD锚点校准,2026-04-13,2026-04-13,2000-2026,91000
TRA-0606-CN-general,交通运输与物流,TRA,快递最后一公里,包裹柜运维员,Parcel Locker Technician,9321,49-9071.00,东亚,中国,CN,country,general,技校/培训,20-30,global,3.3,3.3,6.9,4.8,8.6,10.0,4.6,5.4,3.7,4.8,3.8,7.7,3.1,0.0,2.0,2.8,3.1,1.7,4.8,3.2,0.0,5.4,1.7,4.2,4.8,2.1,6.4,4.3,5.2,1.3,5.3,4.0,1.1,3.9,4,4,↑↑,2028-2033,4.56,中国包裹柜运维员：薪资水平偏低，加班文化严重，就业波动大,"China Parcel Locker Technician: relatively low pay, heavy overtime culture, volatile employment",AI综合评估 + O*NET/ILO/OECD锚点校准,2026-04-13,2026-04-13,2000-2026,79000
AGR-0103-CN-general,农业、资源与环境,AGR,种植,茶叶种植与加工师,Tea Farmer / Tea Processing Specialist,6112,45-2092.02,东亚,中国,CN,country,general,无要求/中学,16-35,regional,2.7,1.8,4.0,7.2,6.4,5.8,3.9,5.5,4.0,4.4,4.5,5.0,4.4,0.4,2.8,3.2,3.4,2.1,3.1,3.9,1.2,6.2,2.9,6.9,7.0,4.6,6.4,3.8,8.4,1.4,6.7,2.6,2.0,2.9,0,0,→,2026-2030,4.55,中国茶叶种植与加工师：薪资水平偏低，供过于求，AI替代风险较高,"China Tea Farmer / Tea Processing Specialist: relatively low pay, oversupply of talent, high AI displacement risk",AI综合评估 + O*NET/ILO/OECD锚点校准,2026-04-13,2026-04-13,2000-2026,91000
GOV-0704-CN-general,公共管理与公务员,GOV,警察执法,交通警察,Traffic Police Officer,5412,33-3051.00,东亚,中国,CN,country,general,大专/本科,20-28,global,3.9,5.0,4.3,8.0,6.1,7.5,5.6,3.9,5.1,4.7,10.0,5.7,3.0,2.2,2.4,3.1,2.8,3.0,5.2,7.1,0.0,3.1,3.4,4.9,1.2,3.9,4.7,7.4,5.7,7.7,0.3,0.9,1.8,9.1,-1,0,→,2028-2033,4.55,中国交通警察：加班文化严重，就业稳定,"China Traffic Police Officer: heavy overtime culture, stable employment",AI综合评估 + O*NET/ILO/OECD锚点校准,2026-04-13,2026-04-13,2000-2026,149000
AGR-0104-CN-general,农业、资源与环境,AGR,种植,花卉种植师,Floriculturist / Flower Grower,6113,45-2092.01,东亚,中国,CN,country,general,无要求/中学,16-35,global,3.6,1.8,4.6,7.8,5.9,5.8,3.8,5.6,3.5,5.3,4.5,4.8,2.9,0.7,2.9,4.2,3.4,2.2,3.1,3.4,0.6,7.5,3.4,6.1,6.6,5.4,6.4,4.0,6.8,1.0,7.1,2.4,1.0,3.3,0,0,→,2026-2030,4.54,中国花卉种植师：薪资水平偏低，供过于求，AI替代风险较高,"China Floriculturist / Flower Grower: relatively low pay, oversupply of talent, high AI displacement risk",AI综合评估 + O*NET/ILO/OECD锚点校准,2026-04-13,2026-04-13,2000-2026,72000
GOV-0707-CN-general,公共管理与公务员,GOV,警察执法,边防警察,Border Patrol Agent,5412,33-3051.01,东亚,中国,CN,country,general,高中/大专,18-28,global,4.1,4.7,3.7,7.2,5.4,5.8,5.8,4.8,4.4,5.6,10.0,5.2,2.9,2.4,2.4,3.8,3.3,2.7,6.3,6.8,0.0,3.3,1.5,6.5,1.0,4.0,4.6,6.8,7.8,8.5,1.0,0.7,2.5,9.6,0,2,↑,2032-2038,4.53,中国边防警察：薪资水平偏低，加班文化严重，就业稳定,"China Border Patrol Agent: relatively low pay, heavy overtime culture, stable employment",AI综合评估 + O*NET/ILO/OECD锚点校准,2026-04-13,2026-04-13,2000-2026,109000
GOV-0302-CN-general,公共管理与公务员,GOV,司法行政,法警,Court Marshal / Bailiff,5412,33-3011.00,东亚,中国,CN,country,general,大专/本科,22-30,global,4.3,5.2,2.8,8.0,5.3,5.4,4.3,4.1,3.3,5.2,10.0,6.9,4.4,3.3,3.7,3.8,3.3,2.2,6.6,6.8,0.2,2.1,3.4,4.9,0.6,3.9,5.2,6.2,4.8,7.7,1.1,1.0,1.4,8.6,0,1,→,2032-2038,4.53,中国法警：薪资水平偏低，加班文化严重，就业稳定,"China Court Marshal / Bailiff: relatively low pay, heavy overtime culture, stable employment",AI综合评估 + O*NET/ILO/OECD锚点校准,2026-04-13,2026-04-13,2000-2026,66000
TRA-0601-CN-general,交通运输与物流,TRA,快递最后一公里,快递员,Courier / Delivery Driver,9321,53-7065.00,东亚,中国,CN,country,general,无要求,18-35,global,1.3,2.1,7.0,4.8,9.4,10.0,4.6,6.0,3.1,5.3,4.5,5.4,3.2,0.0,1.1,3.4,3.3,2.2,2.8,3.6,0.0,4.5,1.4,4.2,4.4,3.0,7.0,5.2,8.3,1.5,5.6,5.6,1.8,4.5,4,3,↑,2025-2028,4.53,中国快递员：薪资水平偏低，AI替代风险较高，加班文化严重,"China Courier / Delivery Driver: relatively low pay, high AI displacement risk, heavy overtime culture",AI综合评估 + O*NET/ILO/OECD锚点校准,2026-04-13,2026-04-13,2000-2026,61000
TRA-0403-CN-general,交通运输与物流,TRA,公路,出租车司机,Taxi Driver,8322,53-3054.00,东亚,中国,CN,country,general,驾照/高中,20-35,global,2.9,2.0,4.1,6.2,7.9,9.8,4.8,7.3,3.0,5.3,4.8,5.4,2.6,0.2,3.3,3.5,2.9,1.4,1.3,4.1,0.1,5.6,0.8,4.8,6.2,1.9,6.5,5.9,6.7,3.7,6.3,6.0,2.4,3.5,0,-2,↓,2025-2028,4.51,中国出租车司机：薪资水平偏低，AI替代风险较高，加班文化严重,"China Taxi Driver: relatively low pay, high AI displacement risk, heavy overtime culture",AI综合评估 + O*NET/ILO/OECD锚点校准,2026-04-13,2026-04-13,2000-2026,58000
SVC-0803-CN-general,服务业与消费,SVC,特殊合法职业,大麻产业工人(合法地区),Cannabis Industry Worker (Legal Jurisdictions),6113,,东亚,中国,CN,country,general,无要求/证书,18-35,regional,2.5,1.9,7.3,5.3,6.0,5.1,4.8,4.2,5.7,5.1,3.5,4.4,4.0,0.2,3.3,4.2,4.0,2.5,6.7,2.6,0.3,4.0,0.9,3.8,5.0,4.6,4.1,6.2,5.9,6.0,4.5,3.9,1.8,5.0,1,5,↑↑,2032-2038,4.51,中国大麻产业工人(合法地区)：加班文化严重，就业波动大，近年增长迅猛,"China Cannabis Industry Worker (Legal Jurisdictions): heavy overtime culture, volatile employment, rapid recent growth",AI综合评估 + O*NET/ILO/OECD锚点校准,2026-04-13,2026-04-13,2000-2026,195000
SVC-1003-CN-general,服务业与消费,SVC,安保,安检员,Security Screener,5414,33-9093.00,东亚,中国,CN,country,general,高中/证书,20-35,global,3.6,2.3,4.7,6.0,6.0,6.6,5.7,5.1,2.8,3.9,5.6,6.2,5.0,1.1,2.5,3.8,5.1,1.5,4.7,4.0,0.1,2.7,1.0,4.9,4.3,2.9,4.9,6.2,7.4,2.8,4.6,4.5,2.7,4.6,1,0,→,2028-2033,4.51,中国安检员：薪资水平偏低，加班文化严重,"China Security Screener: relatively low pay, heavy overtime culture",AI综合评估 + O*NET/ILO/OECD锚点校准,2026-04-13,2026-04-13,2000-2026,53000
AGR-0802-CN-general,农业、资源与环境,AGR,林业,木材加工师,Timber Processing Specialist / Sawyer,7521,45-4023.00,东亚,中国,CN,country,general,技校/培训,18-35,global,3.3,2.9,4.2,7.3,5.3,5.0,5.4,6.6,3.4,4.2,4.8,3.3,2.9,2.2,2.3,3.2,3.5,1.4,6.5,3.9,0.2,5.9,1.7,6.3,4.3,2.7,5.5,4.1,8.8,2.6,5.7,2.5,1.9,4.8,1,1,→,2032-2038,4.5,中国木材加工师：薪资水平偏低，加班文化严重,"China Timber Processing Specialist / Sawyer: relatively low pay, heavy overtime culture",AI综合评估 + O*NET/ILO/OECD锚点校准,2026-04-13,2026-04-13,2000-2026,69000
SVC-0801-CN-general,服务业与消费,SVC,特殊合法职业,性工作者(合法地区),Licensed Sex Worker (Legal Jurisdictions),5169,,东亚,中国,CN,country,general,无要求/证书,18-35,regional,2.3,2.6,4.1,5.8,6.4,6.0,4.6,4.5,5.9,5.0,2.5,2.9,5.0,1.5,4.0,4.4,4.2,2.7,8.6,1.6,0.9,3.7,0.4,3.2,4.8,2.6,4.2,6.2,5.6,5.3,3.0,4.3,1.9,5.6,1,2,↑,2035+,4.49,中国性工作者(合法地区)：AI替代抗性强，加班文化严重，就业波动大,"China Licensed Sex Worker (Legal Jurisdictions): strong AI resistance, heavy overtime culture, volatile employment",AI综合评估 + O*NET/ILO/OECD锚点校准,2026-04-13,2026-04-13,2000-2026,213000
TRA-0603-CN-general,交通运输与物流,TRA,快递最后一公里,同城配送员,Same-City Express Courier,9321,53-7065.00,东亚,中国,CN,country,general,无要求,18-35,global,1.9,1.5,7.2,4.9,9.3,10.0,4.9,5.1,2.5,4.8,4.3,5.2,2.4,0.0,1.5,2.4,4.1,1.9,3.1,3.9,0.0,4.7,1.7,4.0,5.4,2.4,6.2,4.7,7.7,1.8,5.0,6.1,1.2,4.3,4,4,↑↑,2026-2030,4.48,中国同城配送员：薪资水平偏低，AI替代风险较高，加班文化严重,"China Same-City Express Courier: relatively low pay, high AI displacement risk, heavy overtime culture",AI综合评估 + O*NET/ILO/OECD锚点校准,2026-04-13,2026-04-13,2000-2026,46000
GOV-0303-CN-general,公共管理与公务员,GOV,司法行政,监狱管理人员,Corrections Officer,5413,33-3012.00,东亚,中国,CN,country,general,高中/大专,20-30,global,3.5,4.1,3.5,7.5,5.2,6.4,4.9,5.5,4.3,4.7,8.8,5.1,3.4,3.8,1.4,3.1,3.0,2.5,7.5,5.4,0.0,1.9,2.7,4.2,0.8,2.9,4.3,6.9,5.7,7.7,0.6,1.6,2.4,8.7,0,1,→,2032-2038,4.48,中国监狱管理人员：薪资水平偏低，AI替代抗性强，就业稳定,"China Corrections Officer: relatively low pay, strong AI resistance, stable employment",AI综合评估 + O*NET/ILO/OECD锚点校准,2026-04-13,2026-04-13,2000-2026,104000
GOV-0602-CN-general,公共管理与公务员,GOV,军事,士兵/士官,Enlisted Soldier / NCO,210,55-3019.00,东亚,中国,CN,country,general,高中/大专,18-22,global,3.4,3.4,3.9,6.6,7.4,7.0,5.0,4.6,4.9,5.6,9.4,3.3,3.2,1.2,2.0,4.5,2.8,3.2,7.4,6.7,0.0,1.8,0.9,6.1,0.6,2.8,2.0,7.0,9.3,6.1,1.1,0.7,2.4,9.3,0,1,→,2032-2038,4.45,中国士兵/士官：加班文化严重，就业稳定,"China Enlisted Soldier / NCO: heavy overtime culture, stable employment",AI综合评估 + O*NET/ILO/OECD锚点校准,2026-04-13,2026-04-13,2000-2026,136000
SVC-0805-CN-general,服务业与消费,SVC,特殊合法职业,烟草专卖员(合法地区),Tobacco Retail Specialist,5223,41-2031.00,东亚,中国,CN,country,general,无要求/证书,18-35,regional,2.2,2.1,4.7,5.6,5.8,5.0,5.0,3.5,3.3,4.6,5.0,4.4,4.4,0.4,4.4,4.4,4.6,2.5,5.4,3.3,1.1,4.9,0.9,4.2,5.2,4.6,4.0,6.6,5.1,5.0,4.0,4.7,1.6,5.6,-1,-1,→,2028-2033,4.44,中国烟草专卖员(合法地区)：薪资水平偏低，加班文化严重,"China Tobacco Retail Specialist: relatively low pay, heavy overtime culture",AI综合评估 + O*NET/ILO/OECD锚点校准,2026-04-13,2026-04-13,2000-2026,66000
AGR-0204-CN-general,农业、资源与环境,AGR,畜牧,家禽养殖者,Poultry Farmer,6122,45-2093.00,东亚,中国,CN,country,general,无要求/中学,16-35,global,3.9,2.9,4.0,7.0,6.0,7.4,4.7,6.6,3.7,4.1,4.7,4.5,3.1,0.0,2.0,3.2,3.3,1.4,3.9,3.6,0.4,6.2,1.7,6.2,5.6,4.1,5.6,4.4,7.0,1.3,6.6,2.4,1.7,3.2,0,1,→,2026-2030,4.43,中国家禽养殖者：薪资水平偏低，AI替代风险较高，加班文化严重,"China Poultry Farmer: relatively low pay, high AI displacement risk, heavy overtime culture",AI综合评估 + O*NET/ILO/OECD锚点校准,2026-04-13,2026-04-13,2000-2026,79000
AGR-0111-CN-general,农业、资源与环境,AGR,种植,烟草种植者,Tobacco Farmer,6111,45-2091.00,东亚,中国,CN,country,general,无要求/中学,16-35,regional,3.3,2.4,2.0,7.8,6.5,6.1,4.9,6.3,3.2,4.6,5.5,5.2,4.2,0.9,2.5,3.3,3.7,1.9,3.6,3.3,0.4,6.2,3.2,3.8,6.2,4.3,6.2,4.4,8.2,1.4,8.2,2.4,1.6,3.3,-2,-2,↓,2026-2030,4.41,中国烟草种植者：薪资水平偏低，AI替代风险较高，加班文化严重,"China Tobacco Farmer: relatively low pay, high AI displacement risk, heavy overtime culture",AI综合评估 + O*NET/ILO/OECD锚点校准,2026-04-13,2026-04-13,2000-2026,63000
AGR-0805-CN-general,农业、资源与环境,AGR,林业,伐木工,Logger / Lumberjack,6210,45-4022.00,东亚,中国,CN,country,general,无要求,18-35,global,3.8,2.5,3.9,5.2,4.5,5.9,5.1,7.0,3.5,4.5,5.5,2.3,1.9,1.6,1.7,4.3,3.6,1.4,6.9,2.8,0.2,6.4,1.9,6.7,4.3,3.6,3.9,3.8,9.8,2.5,5.6,2.5,2.0,4.8,1,1,→,2032-2038,4.41,中国伐木工：薪资水平偏低，加班文化严重,"China Logger / Lumberjack: relatively low pay, heavy overtime culture",AI综合评估 + O*NET/ILO/OECD锚点校准,2026-04-13,2026-04-13,2000-2026,72000
AGR-0407-CN-general,农业、资源与环境,AGR,采矿,FIFO矿工(飞进飞出矿工),FIFO Miner (Fly-In Fly-Out),8111,47-5041.00,东亚,中国,CN,country,general,技校+证书,20-35,regional,3.2,2.2,3.6,5.9,6.8,7.8,7.2,8.7,6.8,6.2,4.1,1.7,2.4,0.1,1.0,3.2,2.9,2.0,5.6,4.5,0.5,3.0,0.3,3.8,4.1,2.0,4.3,4.2,8.9,3.6,8.4,1.1,4.5,5.9,0,1,→,2028-2033,4.4,中国FIFO矿工(飞进飞出矿工)：加班文化严重,China FIFO Miner (Fly-In Fly-Out): heavy overtime culture,AI综合评估 + O*NET/ILO/OECD锚点校准,2026-04-13,2026-04-13,2000-2026,320000
LAW-0707-CN-general,法律与社会服务,LAW,NGO与人道主义,灾害救援工作者,Disaster Relief Worker,2635,21-1099.00,东亚,中国,CN,country,general,本科/培训,22-30,global,4.8,4.9,3.5,6.0,4.0,3.7,5.1,3.9,1.3,2.4,3.0,3.4,2.2,1.4,1.3,6.4,5.0,2.2,8.6,6.0,0.9,4.9,0.0,7.4,2.5,5.8,4.5,8.7,7.0,3.5,4.2,2.4,6.6,2.9,2,2,↑,2035+,4.39,中国灾害救援工作者：薪资水平偏低，AI替代抗性强，加班文化严重,"China Disaster Relief Worker: relatively low pay, strong AI resistance, heavy overtime culture",AI综合评估 + O*NET/ILO/OECD锚点校准,2026-04-13,2026-04-13,2000-2026,27000
SVC-0908-CN-general,服务业与消费,SVC,清洁与维护,电梯操作员,Elevator Operator,9629,53-6011.00,东亚,中国,CN,country,general,无要求,18-45,global,2.5,1.3,3.5,6.9,6.4,3.7,5.5,5.4,1.7,3.4,4.5,5.4,4.7,1.4,3.3,3.7,5.3,1.2,3.7,2.8,0.0,3.2,0.9,4.2,4.1,4.8,6.3,4.9,8.0,0.5,4.7,5.1,1.5,3.2,-2,-2,↓,2026-2030,4.39,中国电梯操作员：薪资水平偏低，AI替代风险较高，加班文化严重,"China Elevator Operator: relatively low pay, high AI displacement risk, heavy overtime culture",AI综合评估 + O*NET/ILO/OECD锚点校准,2026-04-13,2026-04-13,2000-2026,32000
SVC-0804-CN-general,服务业与消费,SVC,特殊合法职业,彩票销售员,Lottery Sales Agent,5230,41-2031.00,东亚,中国,CN,country,general,无要求/证书,18-35,global,1.6,1.9,4.7,5.0,5.4,6.0,5.4,3.9,3.7,4.4,5.8,4.4,5.0,0.5,3.3,3.8,3.8,2.2,5.5,3.1,0.2,3.7,0.1,4.0,4.7,3.1,3.9,7.3,5.0,5.1,4.9,4.3,1.8,5.4,1,2,↑,2028-2033,4.35,中国彩票销售员：薪资水平偏低，加班文化严重,"China Lottery Sales Agent: relatively low pay, heavy overtime culture",AI综合评估 + O*NET/ILO/OECD锚点校准,2026-04-13,2026-04-13,2000-2026,79000
TRA-0602-CN-general,交通运输与物流,TRA,快递最后一公里,外卖骑手,Food Delivery Rider,9321,53-7065.00,东亚,中国,CN,country,general,无要求,18-35,global,1.6,1.6,7.3,4.0,9.0,10.0,4.4,5.1,1.6,5.3,4.0,5.0,2.5,0.0,0.3,2.4,3.5,1.7,2.5,3.3,0.0,5.4,0.7,3.4,5.2,3.7,7.2,4.8,8.5,1.8,5.1,6.9,1.3,4.3,4,4,↑↑,2025-2028,4.32,中国外卖骑手：薪资水平偏低，AI替代风险较高，加班文化严重,"China Food Delivery Rider: relatively low pay, high AI displacement risk, heavy overtime culture",AI综合评估 + O*NET/ILO/OECD锚点校准,2026-04-13,2026-04-13,2000-2026,31000
AGR-0405-CN-general,农业、资源与环境,AGR,采矿,爆破技师,Blaster / Explosives Technician,8111,47-5031.00,东亚,中国,CN,country,general,专业培训+证书,22-35,global,5.1,4.0,3.4,5.3,6.6,7.6,7.1,6.7,6.7,6.1,4.5,0.7,1.4,0.4,1.5,3.8,2.9,1.7,7.3,4.6,0.7,2.5,1.2,4.4,3.7,3.0,4.9,5.4,7.5,6.8,7.7,1.0,2.7,6.0,0,1,→,2032-2038,4.28,中国爆破技师：加班文化严重,China Blaster / Explosives Technician: heavy overtime culture,AI综合评估 + O*NET/ILO/OECD锚点校准,2026-04-13,2026-04-13,2000-2026,306000
LAW-0905-CN-general,法律与社会服务,LAW,心理社会服务,赏金猎人,Bounty Hunter / Bail Enforcement Agent,5414,33-9011.00,东亚,中国,CN,country,general,高中/培训,21-35,country_specific,3.0,2.3,3.6,5.5,3.1,1.8,3.6,3.6,5.5,5.3,2.3,2.7,2.0,0.9,1.4,4.2,4.4,4.5,7.9,3.0,1.1,7.1,1.2,5.5,7.2,2.4,4.4,7.3,7.7,5.0,3.8,4.2,0.9,3.6,0,-1,→,2035+,4.15,中国赏金猎人：供过于求，AI替代抗性强，加班文化严重,"China Bounty Hunter / Bail Enforcement Agent: oversupply of talent, strong AI resistance, heavy overtime culture",AI综合评估 + O*NET/ILO/OECD锚点校准,2026-04-13,2026-04-13,2000-2026,178000
AGR-0401-CN-general,农业、资源与环境,AGR,采矿,露天矿工,Open-pit Miner,8111,47-5041.00,东亚,中国,CN,country,general,技校/中学,18-30,global,4.1,2.5,4.4,5.3,6.2,8.3,6.7,7.0,4.7,6.7,5.0,0.9,1.9,0.2,2.3,3.8,3.0,1.9,4.5,4.0,0.0,3.7,0.7,3.8,3.3,1.7,3.8,4.9,9.8,3.9,7.8,1.3,2.4,5.2,0,1,→,2028-2033,4.14,中国露天矿工：加班文化严重,China Open-pit Miner: heavy overtime culture,AI综合评估 + O*NET/ILO/OECD锚点校准,2026-04-13,2026-04-13,2000-2026,124000
AGR-0402-CN-general,农业、资源与环境,AGR,采矿,井下矿工,Underground Miner,8111,47-5041.00,东亚,中国,CN,country,general,技校/中学,18-30,global,3.8,3.0,3.7,5.2,6.1,7.8,6.4,7.1,6.6,6.2,4.3,0.9,0.2,0.0,1.0,3.6,3.2,2.3,5.3,3.4,0.7,3.7,0.2,4.4,4.5,2.5,3.8,4.7,9.2,3.3,8.5,0.7,2.8,5.6,0,1,→,2028-2033,4.11,中国井下矿工：加班文化严重,China Underground Miner: heavy overtime culture,AI综合评估 + O*NET/ILO/OECD锚点校准,2026-04-13,2026-04-13,2000-2026,292000
GOV-0703-CN-general,公共管理与公务员,GOV,警察执法,辅警/协警,Auxiliary Police Officer,5412,,东亚,中国,CN,country,general,高中/大专,18-28,regional,2.3,2.8,3.3,6.7,6.6,7.0,4.4,2.8,2.8,3.9,6.9,5.0,3.7,2.1,2.1,2.9,2.6,3.4,5.5,5.5,0.0,2.3,1.1,4.2,1.2,3.7,5.1,7.3,6.7,5.0,1.8,1.6,1.9,7.3,-1,0,→,2028-2033,4.1,中国辅警/协警：薪资水平偏低，加班文化严重,"China Auxiliary Police Officer: relatively low pay, heavy overtime culture",AI综合评估 + O*NET/ILO/OECD锚点校准,2026-04-13,2026-04-13,2000-2026,53000
GOV-0202-CN-general,公共管理与公务员,GOV,地方公务员,城管执法人员,Urban Management Officer (Chengguan),3355,,东亚,中国,CN,country,general,高中/大专,20-30,country_specific,3.6,4.4,3.3,8.3,5.1,6.0,4.2,2.3,2.6,3.9,8.7,6.2,4.9,3.3,2.6,3.3,2.5,4.9,5.2,4.6,0.0,3.6,3.6,3.6,0.9,3.1,6.5,7.8,6.0,6.0,1.6,0.7,1.1,7.6,-1,0,→,2028-2033,4.07,中国城管执法人员：薪资水平偏低，加班文化严重，就业稳定,"China Urban Management Officer (Chengguan): relatively low pay, heavy overtime culture, stable employment",AI综合评估 + O*NET/ILO/OECD锚点校准,2026-04-13,2026-04-13,2000-2026,48000
AGR-0408-CN-general,农业、资源与环境,AGR,采矿,手工采矿工人,Artisanal / Small-scale Miner,8111,47-5041.00,东亚,中国,CN,country,general,无要求,16-40,regional,1.9,1.4,4.5,5.9,6.4,6.2,5.9,7.8,2.1,6.9,3.0,0.2,1.1,0.2,2.3,3.2,2.3,2.2,6.4,2.5,0.4,3.8,1.2,3.8,4.7,1.5,3.9,4.5,9.4,3.2,8.3,1.3,0.7,5.7,0,1,→,2032-2038,3.99,中国手工采矿工人：薪资水平偏低，加班文化严重，就业波动大,"China Artisanal / Small-scale Miner: relatively low pay, heavy overtime culture, volatile employment",AI综合评估 + O*NET/ILO/OECD锚点校准,2026-04-13,2026-04-13,2000-2026,39000
