id,major_category,major_code,mid_category,sub_category,sub_category_en,isco_code,onet_code,region,country_or_region,iso_code,type,employer_type,typical_education,typical_entry_age,locality,learning_cost,education_req,growth_coeff,career_lifespan,opportunity,market_size,supply_demand,developed_scarcity,value_added,cost_performance,stability,safety,occupational_disease,overtime,burnout,skill_versatility,career_switch,reputation_variance,ai_resistance,social_status,remote_friendly,autonomy,family_friendly,fulfillment,entrepreneurship,gender_equality,age_flexibility,social_interaction,physical_demand,license_barrier,cycle_sensitivity,side_job_compat,intl_mobility,industry_monopoly,trend_2000_2026,trend_5yr,demand_direction,ai_timeline,composite_index,summary_zh,summary_en,data_source
GOV-0101-CN-general,公共管理与公务员,GOV,中央/联邦公务员,中央政府公务员,Central Government Civil Servant,1112,11-1031.00,东亚,中国,CN,country,general,本科/硕士,22-30,global,5.8,7.6,4.7,9.4,5.3,6.1,4.1,3.7,5.6,5.4,9.8,9.1,7.0,6.0,5.4,5.5,4.3,2.6,6.5,8.9,2.8,3.6,5.9,6.7,1.5,5.5,6.5,6.7,0.9,9.4,1.1,0.7,2.8,7.9,0,1,→,2032-2038,5.39,中国中央政府公务员：就业极其稳定，准入门槛高,"China Central Government Civil Servant: extremely stable employment, high entry barrier",AI综合评估 + O*NET/ILO/OECD锚点校准
GOV-0101-JP-general,公共管理与公务员,GOV,中央/联邦公务员,中央政府公务员,Central Government Civil Servant,1112,11-1031.00,东亚,日本,JP,country,general,本科/硕士,22-30,global,6.2,7.1,4.6,9.5,4.7,5.3,3.8,3.3,6.1,5.7,10.0,9.2,7.4,6.4,5.9,5.8,4.2,2.1,6.8,9.1,2.8,4.1,6.1,6.8,1.8,5.6,6.8,7.2,0.8,8.9,1.5,0.9,2.8,8.0,0,0,→,2032-2038,5.53,日本中央政府公务员：就业极其稳定，准入门槛高,"Japan Central Government Civil Servant: extremely stable employment, high entry barrier",AI综合评估 + O*NET/ILO/OECD锚点校准
GOV-0101-KR-general,公共管理与公务员,GOV,中央/联邦公务员,中央政府公务员,Central Government Civil Servant,1112,11-1031.00,东亚,韩国,KR,country,general,本科/硕士,22-30,global,6.2,7.7,4.0,9.5,4.8,5.0,4.0,3.5,5.9,5.8,10.0,9.0,7.2,5.9,5.5,5.9,4.2,2.5,6.5,9.5,2.9,4.0,6.3,6.6,1.7,5.4,6.7,7.1,1.2,9.1,1.4,1.1,3.0,7.8,0,0,→,2032-2038,5.43,韩国中央政府公务员：就业极其稳定，准入门槛高,"South Korea Central Government Civil Servant: extremely stable employment, high entry barrier",AI综合评估 + O*NET/ILO/OECD锚点校准
GOV-0101-TW-general,公共管理与公务员,GOV,中央/联邦公务员,中央政府公务员,Central Government Civil Servant,1112,11-1031.00,东亚,中国台湾地区,TW,region,general,本科/硕士,22-30,global,6.1,7.1,4.1,9.3,4.2,4.9,3.9,3.3,5.8,5.1,10.0,9.1,7.6,6.2,5.8,5.7,4.3,2.4,6.3,9.0,2.6,4.2,6.2,6.7,1.5,5.5,7.0,7.2,1.1,8.9,1.3,1.4,3.0,7.7,0,0,→,2032-2038,5.41,中国台湾地区中央政府公务员：就业极其稳定，准入门槛高,"Taiwan (China) Central Government Civil Servant: extremely stable employment, high entry barrier",AI综合评估 + O*NET/ILO/OECD锚点校准
GOV-0101-HK-general,公共管理与公务员,GOV,中央/联邦公务员,中央政府公务员,Central Government Civil Servant,1112,11-1031.00,东亚,中国香港地区,HK,region,general,本科/硕士,22-30,global,5.8,7.4,3.9,9.3,4.3,4.4,3.6,3.1,6.7,5.5,10.0,9.1,7.3,6.2,6.0,5.9,4.3,2.2,6.8,8.8,3.1,4.3,6.0,6.7,1.4,5.7,7.1,6.7,0.9,8.8,1.1,1.3,3.3,7.8,0,0,→,2032-2038,5.49,中国香港地区中央政府公务员：就业极其稳定，准入门槛高,"Hong Kong (China) Central Government Civil Servant: extremely stable employment, high entry barrier",AI综合评估 + O*NET/ILO/OECD锚点校准
GOV-0101-SG-general,公共管理与公务员,GOV,中央/联邦公务员,中央政府公务员,Central Government Civil Servant,1112,11-1031.00,东南亚,新加坡,SG,country,general,本科/硕士,22-30,global,6.2,7.5,4.3,10.0,4.2,4.6,3.5,2.9,7.4,6.0,10.0,9.3,7.3,6.4,5.7,5.6,4.1,1.9,6.4,9.3,2.7,4.6,6.3,7.1,1.9,6.3,6.8,7.2,1.2,8.6,1.2,1.4,3.5,7.8,0,-1,→,2032-2038,5.61,新加坡中央政府公务员：就业极其稳定，准入门槛高,"Singapore Central Government Civil Servant: extremely stable employment, high entry barrier",AI综合评估 + O*NET/ILO/OECD锚点校准
GOV-0101-TH-general,公共管理与公务员,GOV,中央/联邦公务员,中央政府公务员,Central Government Civil Servant,1112,11-1031.00,东南亚,泰国,TH,country,general,本科/硕士,22-30,global,5.8,6.6,3.9,8.8,4.9,5.4,3.3,2.6,4.9,5.1,9.2,8.9,7.4,6.7,6.1,5.8,3.6,2.5,6.6,8.3,3.3,4.0,6.7,6.3,1.6,5.6,6.7,6.8,0.8,8.1,1.6,0.7,2.8,8.4,0,0,→,2032-2038,5.28,泰国中央政府公务员：就业极其稳定，准入门槛高,"Thailand Central Government Civil Servant: extremely stable employment, high entry barrier",AI综合评估 + O*NET/ILO/OECD锚点校准
GOV-0101-VN-general,公共管理与公务员,GOV,中央/联邦公务员,中央政府公务员,Central Government Civil Servant,1112,11-1031.00,东南亚,越南,VN,country,general,本科/硕士,22-30,global,5.7,7.2,4.5,9.1,4.8,6.1,3.6,3.4,4.6,5.0,10.0,9.1,7.5,6.4,6.0,5.3,4.1,2.7,6.7,8.5,2.6,3.9,6.3,6.3,1.3,5.6,6.8,6.8,1.2,8.7,1.6,0.8,3.0,8.1,0,1,→,2032-2038,5.32,越南中央政府公务员：就业极其稳定，准入门槛高,"Vietnam Central Government Civil Servant: extremely stable employment, high entry barrier",AI综合评估 + O*NET/ILO/OECD锚点校准
GOV-0101-ID-general,公共管理与公务员,GOV,中央/联邦公务员,中央政府公务员,Central Government Civil Servant,1112,11-1031.00,东南亚,印度尼西亚,ID,country,general,本科/硕士,22-30,global,5.8,6.8,4.4,9.1,5.0,5.3,3.5,3.1,5.1,4.7,9.3,9.0,7.2,6.5,5.7,5.2,3.9,2.5,6.4,8.4,3.2,3.6,6.1,6.5,1.5,5.3,6.8,7.3,0.8,8.7,1.3,1.1,2.9,8.0,0,0,→,2032-2038,5.29,印度尼西亚中央政府公务员：就业极其稳定，准入门槛高,"Indonesia Central Government Civil Servant: extremely stable employment, high entry barrier",AI综合评估 + O*NET/ILO/OECD锚点校准
GOV-0101-MY-general,公共管理与公务员,GOV,中央/联邦公务员,中央政府公务员,Central Government Civil Servant,1112,11-1031.00,东南亚,马来西亚,MY,country,general,本科/硕士,22-30,global,6.2,7.2,4.2,9.5,4.7,5.0,3.6,2.7,5.7,5.0,9.7,9.2,7.4,6.1,6.2,5.2,4.0,2.3,6.7,8.7,3.0,4.2,6.0,6.2,1.2,5.5,6.6,7.3,0.8,8.5,1.6,1.0,3.0,8.2,0,0,→,2032-2038,5.34,马来西亚中央政府公务员：就业极其稳定，准入门槛高,"Malaysia Central Government Civil Servant: extremely stable employment, high entry barrier",AI综合评估 + O*NET/ILO/OECD锚点校准
GOV-0101-PH-general,公共管理与公务员,GOV,中央/联邦公务员,中央政府公务员,Central Government Civil Servant,1112,11-1031.00,东南亚,菲律宾,PH,country,general,本科/硕士,22-30,global,5.7,7.1,3.8,8.9,4.8,5.3,3.6,2.8,4.8,4.5,8.9,8.8,7.1,6.3,6.1,5.6,3.7,2.6,6.4,7.9,2.8,3.9,6.1,6.4,1.5,6.1,6.9,6.7,1.1,8.4,1.3,0.7,3.3,8.0,0,0,→,2032-2038,5.19,菲律宾中央政府公务员：就业极其稳定，准入门槛高,"Philippines Central Government Civil Servant: extremely stable employment, high entry barrier",AI综合评估 + O*NET/ILO/OECD锚点校准
GOV-0101-IN-general,公共管理与公务员,GOV,中央/联邦公务员,中央政府公务员,Central Government Civil Servant,1112,11-1031.00,南亚,印度,IN,country,general,本科/硕士,22-30,global,6.3,7.3,4.1,9.4,4.7,5.7,3.9,3.6,5.6,4.9,9.6,9.2,7.1,6.1,5.6,5.5,3.6,2.5,6.6,8.9,2.6,3.6,6.2,6.2,1.6,5.3,7.1,6.9,1.3,9.0,1.6,0.7,2.9,8.0,0,1,→,2032-2038,5.3,印度中央政府公务员：就业极其稳定，准入门槛高,"India Central Government Civil Servant: extremely stable employment, high entry barrier",AI综合评估 + O*NET/ILO/OECD锚点校准
GOV-0101-PK-general,公共管理与公务员,GOV,中央/联邦公务员,中央政府公务员,Central Government Civil Servant,1112,11-1031.00,南亚,巴基斯坦,PK,country,general,本科/硕士,22-30,global,5.7,7.0,4.1,8.7,4.9,5.6,3.4,3.3,4.5,4.6,9.2,9.0,7.0,6.1,5.4,5.4,3.8,2.7,6.7,8.3,2.7,3.5,6.2,5.9,1.6,4.2,7.0,6.8,1.3,8.4,1.3,0.8,2.8,8.1,0,0,→,2032-2038,5.14,巴基斯坦中央政府公务员：就业极其稳定，准入门槛高,"Pakistan Central Government Civil Servant: extremely stable employment, high entry barrier",AI综合评估 + O*NET/ILO/OECD锚点校准
GOV-0101-BD-general,公共管理与公务员,GOV,中央/联邦公务员,中央政府公务员,Central Government Civil Servant,1112,11-1031.00,南亚,孟加拉国,BD,country,general,本科/硕士,22-30,global,5.8,6.9,4.0,9.0,4.5,5.1,3.6,3.3,4.8,4.2,9.3,9.1,7.0,6.0,5.8,5.2,4.1,2.8,6.1,8.3,2.7,3.4,6.2,6.1,1.3,4.5,7.0,7.2,1.1,8.7,1.3,0.5,2.6,8.0,0,0,→,2032-2038,5.1,孟加拉国中央政府公务员：就业极其稳定，准入门槛高,"Bangladesh Central Government Civil Servant: extremely stable employment, high entry barrier",AI综合评估 + O*NET/ILO/OECD锚点校准
GOV-0101-AE-general,公共管理与公务员,GOV,中央/联邦公务员,中央政府公务员,Central Government Civil Servant,1112,11-1031.00,中亚/西亚,阿联酋,AE,country,general,本科/硕士,22-30,global,5.9,6.9,4.0,9.6,4.8,5.5,3.3,2.6,6.7,5.8,10.0,9.2,7.1,6.4,5.7,5.9,4.0,2.0,6.6,8.7,2.9,4.0,6.4,6.6,1.7,5.1,6.9,6.9,1.1,8.4,1.4,0.9,3.5,8.0,0,0,→,2032-2038,5.5,阿联酋中央政府公务员：就业极其稳定，准入门槛高,"United Arab Emirates Central Government Civil Servant: extremely stable employment, high entry barrier",AI综合评估 + O*NET/ILO/OECD锚点校准
GOV-0101-IL-general,公共管理与公务员,GOV,中央/联邦公务员,中央政府公务员,Central Government Civil Servant,1112,11-1031.00,中亚/西亚,以色列,IL,country,general,本科/硕士,22-30,global,6.0,7.4,4.2,8.9,4.5,4.8,3.7,2.9,5.9,5.7,10.0,8.9,7.3,6.7,5.9,5.9,4.0,2.3,6.7,8.9,3.0,4.1,6.7,6.9,1.6,6.2,6.9,6.9,1.2,8.4,1.3,0.9,3.4,7.8,0,0,→,2032-2038,5.48,以色列中央政府公务员：就业极其稳定，准入门槛高,"Israel Central Government Civil Servant: extremely stable employment, high entry barrier",AI综合评估 + O*NET/ILO/OECD锚点校准
GOV-0101-SA-general,公共管理与公务员,GOV,中央/联邦公务员,中央政府公务员,Central Government Civil Servant,1112,11-1031.00,中亚/西亚,沙特阿拉伯,SA,country,general,本科/硕士,22-30,global,6.2,6.5,4.5,9.4,5.2,5.9,3.1,2.6,6.6,5.8,9.8,9.2,7.1,6.1,5.8,5.3,3.9,2.4,6.6,8.5,2.9,3.7,6.4,6.7,1.6,4.5,6.7,6.9,1.0,7.9,1.3,0.8,3.0,8.0,0,1,→,2032-2038,5.43,沙特阿拉伯中央政府公务员：就业极其稳定,Saudi Arabia Central Government Civil Servant: extremely stable employment,AI综合评估 + O*NET/ILO/OECD锚点校准
GOV-0101-TR-general,公共管理与公务员,GOV,中央/联邦公务员,中央政府公务员,Central Government Civil Servant,1112,11-1031.00,中亚/西亚,土耳其,TR,country,general,本科/硕士,22-30,global,5.8,7.1,3.9,9.0,4.7,5.5,3.7,3.2,5.0,4.6,9.3,8.9,7.2,6.1,5.7,5.3,4.1,2.5,6.5,8.7,2.9,3.6,6.2,6.5,1.7,5.3,6.9,7.2,1.0,8.8,1.7,0.7,2.8,8.0,0,0,→,2032-2038,5.24,土耳其中央政府公务员：就业极其稳定，准入门槛高,"Turkey Central Government Civil Servant: extremely stable employment, high entry barrier",AI综合评估 + O*NET/ILO/OECD锚点校准
GOV-0101-GB-general,公共管理与公务员,GOV,中央/联邦公务员,中央政府公务员,Central Government Civil Servant,1112,11-1031.00,西欧,英国,GB,country,general,本科/硕士,22-30,global,6.1,6.9,4.3,9.3,4.1,4.5,3.3,3.2,6.1,5.8,10.0,9.0,7.8,7.0,6.4,5.5,4.2,2.3,6.8,8.9,3.4,4.3,7.2,6.6,1.8,6.7,7.3,6.7,0.8,8.4,1.4,1.4,3.1,7.9,0,0,→,2032-2038,5.58,英国中央政府公务员：就业极其稳定，准入门槛高,"United Kingdom Central Government Civil Servant: extremely stable employment, high entry barrier",AI综合评估 + O*NET/ILO/OECD锚点校准
GOV-0101-FR-general,公共管理与公务员,GOV,中央/联邦公务员,中央政府公务员,Central Government Civil Servant,1112,11-1031.00,西欧,法国,FR,country,general,本科/硕士,22-30,global,6.3,7.0,4.2,9.3,5.3,5.6,3.6,3.5,6.2,5.6,10.0,9.3,7.7,7.3,6.3,5.5,4.2,2.5,6.4,8.9,3.2,4.7,7.1,6.9,1.8,6.1,7.1,7.0,1.2,9.2,1.5,1.1,3.5,8.1,0,1,→,2032-2038,5.61,法国中央政府公务员：就业极其稳定，准入门槛高,"France Central Government Civil Servant: extremely stable employment, high entry barrier",AI综合评估 + O*NET/ILO/OECD锚点校准
GOV-0101-DE-general,公共管理与公务员,GOV,中央/联邦公务员,中央政府公务员,Central Government Civil Servant,1112,11-1031.00,西欧,德国,DE,country,general,本科/硕士,22-30,global,6.4,7.3,4.2,9.7,4.2,4.8,3.5,3.0,6.2,5.9,10.0,9.1,7.7,7.3,6.5,5.6,4.5,2.1,6.9,9.0,3.3,4.6,7.7,6.8,1.8,6.4,7.2,7.1,1.0,8.8,1.6,1.1,2.9,8.2,0,0,→,2032-2038,5.63,德国中央政府公务员：就业极其稳定，准入门槛高,"Germany Central Government Civil Servant: extremely stable employment, high entry barrier",AI综合评估 + O*NET/ILO/OECD锚点校准
GOV-0101-NL-general,公共管理与公务员,GOV,中央/联邦公务员,中央政府公务员,Central Government Civil Servant,1112,11-1031.00,西欧,荷兰,NL,country,general,本科/硕士,22-30,global,6.1,7.1,3.9,9.2,4.6,4.7,3.3,3.2,6.2,5.6,10.0,9.1,8.3,7.4,6.6,5.7,4.1,2.1,6.9,8.6,3.7,4.4,7.5,6.6,1.7,6.8,7.4,7.3,1.0,8.4,1.6,1.4,3.3,7.8,0,0,→,2032-2038,5.65,荷兰中央政府公务员：就业极其稳定，准入门槛高,"Netherlands Central Government Civil Servant: extremely stable employment, high entry barrier",AI综合评估 + O*NET/ILO/OECD锚点校准
GOV-0101-CH-general,公共管理与公务员,GOV,中央/联邦公务员,中央政府公务员,Central Government Civil Servant,1112,11-1031.00,西欧,瑞士,CH,country,general,本科/硕士,22-30,global,5.9,7.0,4.2,9.7,4.4,4.7,3.3,3.1,6.8,6.0,9.9,9.2,7.8,7.5,6.5,5.5,4.2,2.2,6.8,8.8,3.5,4.6,7.5,6.7,1.7,6.1,7.3,7.0,1.2,8.2,1.1,1.0,3.1,8.1,0,-1,→,2032-2038,5.68,瑞士中央政府公务员：就业极其稳定，准入门槛高,"Switzerland Central Government Civil Servant: extremely stable employment, high entry barrier",AI综合评估 + O*NET/ILO/OECD锚点校准
GOV-0101-SE-general,公共管理与公务员,GOV,中央/联邦公务员,中央政府公务员,Central Government Civil Servant,1112,11-1031.00,北欧,瑞典,SE,country,general,本科/硕士,22-30,global,6.4,7.3,4.2,9.4,4.8,5.4,2.9,2.7,6.2,5.7,9.8,9.2,8.4,7.7,6.7,5.6,4.1,2.2,6.7,8.7,3.5,4.4,7.9,6.8,1.4,7.4,7.7,6.8,1.2,8.1,1.4,1.1,3.0,7.8,0,0,→,2032-2038,5.64,瑞典中央政府公务员：就业极其稳定，准入门槛高,"Sweden Central Government Civil Servant: extremely stable employment, high entry barrier",AI综合评估 + O*NET/ILO/OECD锚点校准
GOV-0101-DK-general,公共管理与公务员,GOV,中央/联邦公务员,中央政府公务员,Central Government Civil Servant,1112,11-1031.00,北欧,丹麦,DK,country,general,本科/硕士,22-30,global,6.4,7.2,4.3,9.6,4.6,5.1,2.9,2.8,6.3,5.7,10.0,9.2,8.2,7.7,6.6,5.7,4.2,2.0,6.6,8.8,3.6,4.6,7.4,6.9,1.9,7.2,7.5,6.7,0.8,8.4,1.4,1.4,3.2,8.3,0,0,→,2032-2038,5.66,丹麦中央政府公务员：就业极其稳定，准入门槛高,"Denmark Central Government Civil Servant: extremely stable employment, high entry barrier",AI综合评估 + O*NET/ILO/OECD锚点校准
GOV-0101-FI-general,公共管理与公务员,GOV,中央/联邦公务员,中央政府公务员,Central Government Civil Servant,1112,11-1031.00,北欧,芬兰,FI,country,general,本科/硕士,22-30,global,6.4,7.2,4.3,9.3,4.4,5.3,3.4,2.7,6.2,5.5,10.0,9.3,7.9,7.7,6.7,5.4,4.0,2.0,6.8,8.3,3.2,4.4,7.6,6.7,1.8,6.9,7.6,6.8,0.8,8.5,1.1,1.4,3.0,7.8,0,0,→,2032-2038,5.62,芬兰中央政府公务员：就业极其稳定，准入门槛高,"Finland Central Government Civil Servant: extremely stable employment, high entry barrier",AI综合评估 + O*NET/ILO/OECD锚点校准
GOV-0101-IT-general,公共管理与公务员,GOV,中央/联邦公务员,中央政府公务员,Central Government Civil Servant,1112,11-1031.00,南欧,意大利,IT,country,general,本科/硕士,22-30,global,6.3,7.2,4.5,9.4,5.0,5.3,3.6,3.1,6.0,5.0,10.0,9.2,7.3,6.6,6.3,5.8,4.3,2.4,6.6,8.6,2.8,4.1,6.7,6.4,1.7,5.6,7.0,7.0,1.0,8.7,1.4,1.1,2.9,7.9,0,0,→,2032-2038,5.47,意大利中央政府公务员：就业极其稳定，准入门槛高,"Italy Central Government Civil Servant: extremely stable employment, high entry barrier",AI综合评估 + O*NET/ILO/OECD锚点校准
GOV-0101-ES-general,公共管理与公务员,GOV,中央/联邦公务员,中央政府公务员,Central Government Civil Servant,1112,11-1031.00,南欧,西班牙,ES,country,general,本科/硕士,22-30,global,6.2,7.3,4.3,9.4,4.8,5.0,4.1,3.1,5.5,5.3,9.7,9.1,7.5,6.9,6.4,5.6,3.9,2.4,6.8,8.7,2.9,4.4,7.1,6.6,1.7,5.9,7.4,7.2,1.2,9.1,1.2,1.1,3.3,8.1,0,0,→,2032-2038,5.5,西班牙中央政府公务员：就业极其稳定，准入门槛高,"Spain Central Government Civil Servant: extremely stable employment, high entry barrier",AI综合评估 + O*NET/ILO/OECD锚点校准
GOV-0101-PT-general,公共管理与公务员,GOV,中央/联邦公务员,中央政府公务员,Central Government Civil Servant,1112,11-1031.00,南欧,葡萄牙,PT,country,general,本科/硕士,22-30,global,6.2,7.2,4.1,9.3,4.3,5.2,3.6,3.1,5.3,4.9,10.0,9.2,7.7,6.9,5.9,5.6,4.4,2.4,6.4,8.3,3.3,4.1,6.9,6.5,1.8,6.1,6.9,7.1,0.9,8.4,1.7,0.8,3.3,7.9,0,0,→,2032-2038,5.41,葡萄牙中央政府公务员：就业极其稳定，准入门槛高,"Portugal Central Government Civil Servant: extremely stable employment, high entry barrier",AI综合评估 + O*NET/ILO/OECD锚点校准
GOV-0101-PL-general,公共管理与公务员,GOV,中央/联邦公务员,中央政府公务员,Central Government Civil Servant,1112,11-1031.00,东欧,波兰,PL,country,general,本科/硕士,22-30,global,6.3,6.8,4.2,9.0,4.4,5.3,3.5,2.6,5.2,5.2,9.9,8.9,7.5,6.9,5.9,5.5,4.0,2.2,6.8,8.1,2.9,4.1,6.9,6.5,1.4,6.1,7.0,6.8,0.8,8.7,1.5,1.0,3.0,8.0,0,0,→,2032-2038,5.37,波兰中央政府公务员：就业极其稳定，准入门槛高,"Poland Central Government Civil Servant: extremely stable employment, high entry barrier",AI综合评估 + O*NET/ILO/OECD锚点校准
GOV-0101-CZ-general,公共管理与公务员,GOV,中央/联邦公务员,中央政府公务员,Central Government Civil Servant,1112,11-1031.00,东欧,捷克,CZ,country,general,本科/硕士,22-30,global,5.9,7.1,3.9,9.4,4.4,4.7,3.1,3.2,5.6,5.2,10.0,9.2,7.6,7.1,6.1,5.4,4.1,2.5,6.3,8.5,3.3,4.4,7.1,6.4,1.4,5.9,7.4,7.3,1.0,8.5,1.3,1.4,2.9,8.3,0,0,→,2032-2038,5.42,捷克中央政府公务员：就业极其稳定，准入门槛高,"Czech Republic Central Government Civil Servant: extremely stable employment, high entry barrier",AI综合评估 + O*NET/ILO/OECD锚点校准
GOV-0101-RU-general,公共管理与公务员,GOV,中央/联邦公务员,中央政府公务员,Central Government Civil Servant,1112,11-1031.00,东欧,俄罗斯,RU,country,general,本科/硕士,22-30,global,6.2,7.3,4.1,9.0,5.2,5.7,3.1,2.8,5.2,5.1,9.6,8.9,7.5,6.2,5.8,5.3,3.8,2.8,6.8,8.0,3.2,3.7,6.2,6.5,1.2,5.6,6.9,6.9,0.8,8.6,1.3,0.7,2.8,7.8,0,1,→,2032-2038,5.25,俄罗斯中央政府公务员：就业极其稳定，准入门槛高,"Russia Central Government Civil Servant: extremely stable employment, high entry barrier",AI综合评估 + O*NET/ILO/OECD锚点校准
GOV-0101-US-general,公共管理与公务员,GOV,中央/联邦公务员,中央政府公务员,Central Government Civil Servant,1112,11-1031.00,北美,美国,US,country,general,本科/硕士,22-30,global,6.2,7.0,3.9,9.2,4.3,4.8,3.4,3.2,6.0,5.8,10.0,9.1,7.3,6.4,6.2,5.9,4.3,2.3,6.4,8.9,3.1,4.1,6.6,6.8,1.7,6.3,7.0,7.0,0.7,8.7,1.3,1.3,3.0,7.6,0,0,→,2032-2038,5.49,美国中央政府公务员：就业极其稳定，准入门槛高,"United States Central Government Civil Servant: extremely stable employment, high entry barrier",AI综合评估 + O*NET/ILO/OECD锚点校准
GOV-0101-CA-general,公共管理与公务员,GOV,中央/联邦公务员,中央政府公务员,Central Government Civil Servant,1112,11-1031.00,北美,加拿大,CA,country,general,本科/硕士,22-30,global,6.0,7.3,4.0,9.7,4.4,5.0,3.4,2.9,6.3,5.7,9.9,9.2,7.8,7.3,6.2,5.4,4.0,2.0,6.5,8.5,3.1,4.2,7.1,6.5,1.3,6.5,7.1,7.1,0.7,8.6,1.2,1.2,3.5,8.2,0,0,→,2032-2038,5.55,加拿大中央政府公务员：就业极其稳定，准入门槛高,"Canada Central Government Civil Servant: extremely stable employment, high entry barrier",AI综合评估 + O*NET/ILO/OECD锚点校准
GOV-0101-MX-general,公共管理与公务员,GOV,中央/联邦公务员,中央政府公务员,Central Government Civil Servant,1112,11-1031.00,北美,墨西哥,MX,country,general,本科/硕士,22-30,global,5.8,6.9,3.9,8.7,4.6,5.0,3.2,2.6,4.8,4.7,9.0,8.9,7.1,6.4,6.0,5.8,3.7,2.9,6.6,7.9,3.0,4.0,6.1,6.2,1.4,5.5,7.2,7.0,0.9,8.3,1.5,0.8,2.8,7.8,0,0,→,2032-2038,5.16,墨西哥中央政府公务员：就业极其稳定，准入门槛高,"Mexico Central Government Civil Servant: extremely stable employment, high entry barrier",AI综合评估 + O*NET/ILO/OECD锚点校准
GOV-0101-BR-general,公共管理与公务员,GOV,中央/联邦公务员,中央政府公务员,Central Government Civil Servant,1112,11-1031.00,南美,巴西,BR,country,general,本科/硕士,22-30,global,5.8,7.1,4.5,9.3,5.0,5.8,3.7,3.1,5.7,5.3,9.7,9.0,7.7,6.7,5.8,5.6,3.7,2.4,6.5,8.8,3.3,3.9,6.8,6.1,1.1,5.3,6.7,7.1,1.0,9.0,1.6,1.2,3.0,8.3,0,1,→,2032-2038,5.42,巴西中央政府公务员：就业极其稳定，准入门槛高,"Brazil Central Government Civil Servant: extremely stable employment, high entry barrier",AI综合评估 + O*NET/ILO/OECD锚点校准
GOV-0101-AR-general,公共管理与公务员,GOV,中央/联邦公务员,中央政府公务员,Central Government Civil Servant,1112,11-1031.00,南美,阿根廷,AR,country,general,本科/硕士,22-30,global,6.1,6.8,3.9,8.6,4.9,5.6,3.4,3.1,5.1,4.4,8.8,8.9,7.4,6.2,5.9,5.8,3.8,2.7,6.4,7.9,2.6,3.9,6.3,6.1,1.7,5.8,6.6,7.2,1.2,8.2,1.6,0.7,3.0,8.4,-1,1,→,2032-2038,5.17,阿根廷中央政府公务员：就业极其稳定，准入门槛高,"Argentina Central Government Civil Servant: extremely stable employment, high entry barrier",AI综合评估 + O*NET/ILO/OECD锚点校准
GOV-0101-CL-general,公共管理与公务员,GOV,中央/联邦公务员,中央政府公务员,Central Government Civil Servant,1112,11-1031.00,南美,智利,CL,country,general,本科/硕士,22-30,global,6.0,7.1,4.1,8.9,4.5,4.5,3.1,2.7,5.6,4.9,10.0,9.0,7.4,6.6,6.0,5.6,3.9,2.5,6.4,8.2,2.8,4.0,6.2,7.0,1.4,5.4,6.7,7.0,0.9,8.4,1.7,1.0,3.2,8.0,0,0,→,2032-2038,5.29,智利中央政府公务员：就业极其稳定，准入门槛高,"Chile Central Government Civil Servant: extremely stable employment, high entry barrier",AI综合评估 + O*NET/ILO/OECD锚点校准
GOV-0101-CO-general,公共管理与公务员,GOV,中央/联邦公务员,中央政府公务员,Central Government Civil Servant,1112,11-1031.00,南美,哥伦比亚,CO,country,general,本科/硕士,22-30,global,6.1,7.1,4.0,8.8,4.9,4.9,3.5,2.9,4.6,4.7,9.2,8.9,7.2,6.2,6.1,5.5,4.1,2.6,6.7,7.9,2.7,3.6,6.3,6.0,1.3,5.2,6.8,6.9,0.8,8.6,1.9,1.2,2.6,7.7,0,0,→,2032-2038,5.16,哥伦比亚中央政府公务员：就业极其稳定，准入门槛高,"Colombia Central Government Civil Servant: extremely stable employment, high entry barrier",AI综合评估 + O*NET/ILO/OECD锚点校准
GOV-0101-AU-general,公共管理与公务员,GOV,中央/联邦公务员,中央政府公务员,Central Government Civil Servant,1112,11-1031.00,大洋洲,澳大利亚,AU,country,general,本科/硕士,22-30,global,6.4,7.4,4.4,9.5,4.3,4.6,3.5,3.1,6.5,6.1,9.8,9.3,7.9,7.0,6.4,5.6,4.2,2.2,6.7,9.0,3.3,4.8,7.1,6.8,1.7,6.5,7.3,7.2,1.3,8.5,1.4,1.5,3.5,7.8,0,0,→,2032-2038,5.65,澳大利亚中央政府公务员：就业极其稳定，准入门槛高,"Australia Central Government Civil Servant: extremely stable employment, high entry barrier",AI综合评估 + O*NET/ILO/OECD锚点校准
GOV-0101-NZ-general,公共管理与公务员,GOV,中央/联邦公务员,中央政府公务员,Central Government Civil Servant,1112,11-1031.00,大洋洲,新西兰,NZ,country,general,本科/硕士,22-30,global,5.9,7.2,4.1,9.2,4.3,4.6,3.7,3.0,6.1,5.6,10.0,9.2,8.2,7.5,6.4,5.5,4.1,1.9,6.8,8.7,3.5,4.6,7.3,7.1,1.6,6.8,7.2,7.2,1.1,8.6,1.2,1.3,3.1,8.0,0,0,→,2032-2038,5.65,新西兰中央政府公务员：就业极其稳定，准入门槛高,"New Zealand Central Government Civil Servant: extremely stable employment, high entry barrier",AI综合评估 + O*NET/ILO/OECD锚点校准
GOV-0101-ZA-general,公共管理与公务员,GOV,中央/联邦公务员,中央政府公务员,Central Government Civil Servant,1112,11-1031.00,非洲,南非,ZA,country,general,本科/硕士,22-30,global,6.0,7.2,3.9,9.0,4.3,5.3,3.2,2.8,5.4,4.6,8.8,8.8,7.4,6.3,6.1,5.4,3.7,2.8,6.6,7.9,2.9,3.6,6.6,6.5,1.2,5.3,7.1,7.3,1.0,7.9,1.4,0.8,3.1,7.7,0,0,→,2032-2038,5.2,南非中央政府公务员：就业极其稳定,South Africa Central Government Civil Servant: extremely stable employment,AI综合评估 + O*NET/ILO/OECD锚点校准
GOV-0101-NG-general,公共管理与公务员,GOV,中央/联邦公务员,中央政府公务员,Central Government Civil Servant,1112,11-1031.00,非洲,尼日利亚,NG,country,general,本科/硕士,22-30,global,6.0,6.6,3.8,8.5,4.6,5.3,2.8,3.1,4.4,4.2,8.5,8.8,7.1,5.9,5.3,5.3,4.1,2.9,6.5,8.0,2.6,3.3,6.0,6.2,1.2,4.9,6.9,7.2,0.8,8.0,1.6,0.5,2.8,8.3,-1,0,→,2032-2038,4.99,尼日利亚中央政府公务员：就业极其稳定，准入门槛高,"Nigeria Central Government Civil Servant: extremely stable employment, high entry barrier",AI综合评估 + O*NET/ILO/OECD锚点校准
GOV-0101-KE-general,公共管理与公务员,GOV,中央/联邦公务员,中央政府公务员,Central Government Civil Servant,1112,11-1031.00,非洲,肯尼亚,KE,country,general,本科/硕士,22-30,global,5.9,7.0,4.1,8.9,4.9,5.4,3.2,2.9,4.9,4.7,8.5,8.9,7.4,6.1,5.7,5.5,3.8,2.6,6.3,7.9,3.1,3.7,6.3,6.0,1.4,5.0,7.2,6.8,1.1,8.4,1.6,0.9,2.7,8.3,-1,0,→,2032-2038,5.13,肯尼亚中央政府公务员：就业极其稳定，准入门槛高,"Kenya Central Government Civil Servant: extremely stable employment, high entry barrier",AI综合评估 + O*NET/ILO/OECD锚点校准
GOV-0101-EG-general,公共管理与公务员,GOV,中央/联邦公务员,中央政府公务员,Central Government Civil Servant,1112,11-1031.00,非洲,埃及,EG,country,general,本科/硕士,22-30,global,5.9,6.7,4.0,9.0,5.0,5.8,3.3,3.2,4.8,4.7,8.9,9.0,7.6,6.4,5.8,5.1,4.1,2.7,6.5,8.2,2.7,3.4,6.3,6.5,1.1,4.7,7.1,7.0,1.3,8.2,1.3,0.7,2.7,8.2,0,1,→,2032-2038,5.19,埃及中央政府公务员：就业极其稳定，准入门槛高,"Egypt Central Government Civil Servant: extremely stable employment, high entry barrier",AI综合评估 + O*NET/ILO/OECD锚点校准
GOV-0102-CN-general,公共管理与公务员,GOV,中央/联邦公务员,外交官,Diplomat,2422,11-1031.00,东亚,中国,CN,country,general,硕士/博士,25-32,global,7.6,8.5,4.9,9.2,3.7,3.1,4.8,4.7,7.4,5.6,9.7,7.1,6.8,4.4,4.7,6.2,4.8,2.0,7.7,9.9,1.8,5.0,3.0,8.1,1.1,4.7,5.7,9.2,1.4,9.6,1.0,0.7,9.3,9.2,0,1,→,2035+,5.55,中国外交官：就业极其稳定，准入门槛高，AI替代抗性强,"China Diplomat: extremely stable employment, high entry barrier, strong AI resistance",AI综合评估 + O*NET/ILO/OECD锚点校准
GOV-0102-JP-general,公共管理与公务员,GOV,中央/联邦公务员,外交官,Diplomat,2422,11-1031.00,东亚,日本,JP,country,general,硕士/博士,25-32,global,7.8,8.1,4.9,9.0,3.1,2.2,4.8,4.0,7.6,6.4,10.0,7.2,6.8,4.5,5.4,6.0,4.7,2.0,7.5,9.8,1.6,5.4,3.8,8.4,1.3,4.5,5.9,9.0,1.8,9.3,0.6,0.7,9.3,9.0,0,0,→,2035+,5.59,日本外交官：就业极其稳定，薪资回报高，准入门槛高,"Japan Diplomat: extremely stable employment, high compensation, high entry barrier",AI综合评估 + O*NET/ILO/OECD锚点校准
GOV-0102-KR-general,公共管理与公务员,GOV,中央/联邦公务员,外交官,Diplomat,2422,11-1031.00,东亚,韩国,KR,country,general,硕士/博士,25-32,global,7.8,8.4,4.6,8.9,3.1,1.9,4.4,4.2,7.9,5.9,9.8,7.2,6.6,4.7,5.0,6.0,4.6,2.0,7.9,9.9,1.9,5.0,3.5,8.3,0.8,4.8,6.0,8.9,1.6,9.5,1.0,0.5,9.3,9.3,0,0,→,2035+,5.52,韩国外交官：就业极其稳定，薪资回报高，准入门槛高,"South Korea Diplomat: extremely stable employment, high compensation, high entry barrier",AI综合评估 + O*NET/ILO/OECD锚点校准
GOV-0102-TW-general,公共管理与公务员,GOV,中央/联邦公务员,外交官,Diplomat,2422,11-1031.00,东亚,中国台湾地区,TW,region,general,硕士/博士,25-32,global,7.7,8.3,4.6,8.7,3.0,1.7,4.3,4.2,7.3,5.5,9.4,7.1,6.8,4.8,5.2,6.3,4.8,1.9,7.8,9.3,1.8,5.3,3.9,8.1,1.1,5.5,6.0,9.2,1.5,9.4,1.0,0.4,9.4,9.0,0,0,→,2035+,5.5,中国台湾地区外交官：就业极其稳定，准入门槛高，AI替代抗性强,"Taiwan (China) Diplomat: extremely stable employment, high entry barrier, strong AI resistance",AI综合评估 + O*NET/ILO/OECD锚点校准
GOV-0102-HK-general,公共管理与公务员,GOV,中央/联邦公务员,外交官,Diplomat,2422,11-1031.00,东亚,中国香港地区,HK,region,general,硕士/博士,25-32,global,7.6,8.2,4.5,8.4,2.6,1.6,3.8,3.9,8.3,6.0,9.9,7.1,6.9,4.4,5.3,6.3,4.6,1.5,7.7,9.2,1.9,5.0,3.7,8.5,1.2,5.5,6.0,8.7,1.4,8.7,0.6,0.9,9.7,8.9,0,0,→,2035+,5.58,中国香港地区外交官：就业极其稳定，薪资回报高，准入门槛高,"Hong Kong (China) Diplomat: extremely stable employment, high compensation, high entry barrier",AI综合评估 + O*NET/ILO/OECD锚点校准
GOV-0102-SG-general,公共管理与公务员,GOV,中央/联邦公务员,外交官,Diplomat,2422,11-1031.00,东南亚,新加坡,SG,country,general,硕士/博士,25-32,global,8.0,8.4,4.7,9.3,2.7,1.2,4.1,4.1,8.7,6.6,10.0,7.3,7.0,4.5,5.5,6.5,4.7,1.6,7.5,9.9,2.1,5.1,3.5,8.6,1.2,5.6,5.7,9.0,1.5,9.3,0.6,0.9,10.0,8.7,0,-1,→,2035+,5.69,新加坡外交官：就业极其稳定，薪资回报高，准入门槛高,"Singapore Diplomat: extremely stable employment, high compensation, high entry barrier",AI综合评估 + O*NET/ILO/OECD锚点校准
GOV-0102-TH-general,公共管理与公务员,GOV,中央/联邦公务员,外交官,Diplomat,2422,11-1031.00,东南亚,泰国,TH,country,general,硕士/博士,25-32,global,7.5,8.1,4.5,8.8,3.6,2.1,4.0,4.1,6.7,5.1,8.8,7.0,7.1,5.1,5.4,5.8,4.2,2.2,7.4,9.1,2.0,4.9,4.2,8.2,1.2,5.4,5.9,8.8,1.5,8.9,1.0,0.1,9.2,9.2,0,0,→,2032-2038,5.38,泰国外交官：就业极其稳定，准入门槛高，AI替代抗性强,"Thailand Diplomat: extremely stable employment, high entry barrier, strong AI resistance",AI综合评估 + O*NET/ILO/OECD锚点校准
GOV-0102-VN-general,公共管理与公务员,GOV,中央/联邦公务员,外交官,Diplomat,2422,11-1031.00,东南亚,越南,VN,country,general,硕士/博士,25-32,global,7.7,8.2,5.1,8.8,3.3,3.0,3.8,4.3,6.2,5.6,9.7,7.0,6.6,4.6,5.3,6.0,4.2,2.0,7.5,8.9,2.0,4.7,4.0,8.0,0.7,4.9,6.1,8.8,1.5,9.0,0.7,0.5,9.3,9.3,0,1,→,2035+,5.4,越南外交官：就业极其稳定，准入门槛高，AI替代抗性强,"Vietnam Diplomat: extremely stable employment, high entry barrier, strong AI resistance",AI综合评估 + O*NET/ILO/OECD锚点校准
GOV-0102-ID-general,公共管理与公务员,GOV,中央/联邦公务员,外交官,Diplomat,2422,11-1031.00,东南亚,印度尼西亚,ID,country,general,硕士/博士,25-32,global,7.3,7.9,4.8,8.5,3.5,2.2,3.6,3.8,6.2,5.3,9.1,7.0,7.1,4.5,5.1,6.2,4.1,2.2,7.7,8.8,2.2,4.8,4.0,7.6,1.0,4.7,5.7,9.0,1.3,8.9,1.1,0.7,9.1,9.2,0,0,→,2035+,5.32,印度尼西亚外交官：就业极其稳定，准入门槛高，AI替代抗性强,"Indonesia Diplomat: extremely stable employment, high entry barrier, strong AI resistance",AI综合评估 + O*NET/ILO/OECD锚点校准
GOV-0102-MY-general,公共管理与公务员,GOV,中央/联邦公务员,外交官,Diplomat,2422,11-1031.00,东南亚,马来西亚,MY,country,general,硕士/博士,25-32,global,7.3,8.0,4.9,8.4,3.4,2.3,3.9,4.2,6.9,5.8,9.6,7.1,6.7,4.9,5.4,5.8,4.7,1.9,7.6,9.1,1.6,5.0,3.8,7.9,1.1,5.1,5.7,8.8,1.3,8.9,0.7,0.3,9.5,9.2,0,0,→,2035+,5.47,马来西亚外交官：就业极其稳定，准入门槛高，AI替代抗性强,"Malaysia Diplomat: extremely stable employment, high entry barrier, strong AI resistance",AI综合评估 + O*NET/ILO/OECD锚点校准
GOV-0102-PH-general,公共管理与公务员,GOV,中央/联邦公务员,外交官,Diplomat,2422,11-1031.00,东南亚,菲律宾,PH,country,general,硕士/博士,25-32,global,7.7,8.0,4.3,8.2,3.1,2.2,4.1,3.7,6.3,4.9,8.4,6.8,7.0,4.6,5.4,5.7,4.7,2.2,7.5,8.7,1.8,5.0,3.5,8.0,0.9,5.6,6.2,9.3,1.3,8.9,0.9,0.2,9.3,8.9,0,0,→,2035+,5.26,菲律宾外交官：就业稳定，准入门槛高，AI替代抗性强,"Philippines Diplomat: stable employment, high entry barrier, strong AI resistance",AI综合评估 + O*NET/ILO/OECD锚点校准
GOV-0102-IN-general,公共管理与公务员,GOV,中央/联邦公务员,外交官,Diplomat,2422,11-1031.00,南亚,印度,IN,country,general,硕士/博士,25-32,global,7.6,8.0,4.8,8.6,3.4,2.8,4.4,4.5,7.2,5.8,9.0,7.1,6.8,4.7,5.1,6.3,4.3,2.2,7.6,9.4,2.1,5.1,3.8,7.6,0.7,4.8,5.8,9.1,1.7,9.3,0.6,0.3,9.6,9.1,0,1,→,2035+,5.48,印度外交官：就业极其稳定，准入门槛高，AI替代抗性强,"India Diplomat: extremely stable employment, high entry barrier, strong AI resistance",AI综合评估 + O*NET/ILO/OECD锚点校准
GOV-0102-PK-general,公共管理与公务员,GOV,中央/联邦公务员,外交官,Diplomat,2422,11-1031.00,南亚,巴基斯坦,PK,country,general,硕士/博士,25-32,global,7.4,7.9,4.4,8.3,3.6,2.4,3.8,3.8,6.2,5.2,8.5,7.0,6.7,4.3,4.9,5.8,4.1,2.2,7.3,8.6,2.1,4.9,3.6,7.6,1.0,3.7,5.9,9.0,1.5,9.2,1.2,0.0,9.1,9.2,0,0,→,2032-2038,5.17,巴基斯坦外交官：就业极其稳定，准入门槛高，AI替代抗性强,"Pakistan Diplomat: extremely stable employment, high entry barrier, strong AI resistance",AI综合评估 + O*NET/ILO/OECD锚点校准
GOV-0102-BD-general,公共管理与公务员,GOV,中央/联邦公务员,外交官,Diplomat,2422,11-1031.00,南亚,孟加拉国,BD,country,general,硕士/博士,25-32,global,7.1,7.9,4.2,8.3,3.3,2.4,3.8,3.9,6.1,5.0,8.8,7.0,7.0,4.6,5.3,5.6,4.4,2.1,7.2,9.0,2.0,4.7,3.5,7.7,0.9,4.4,5.8,9.2,1.5,9.3,1.0,0.3,9.3,8.8,0,0,→,2032-2038,5.23,孟加拉国外交官：就业极其稳定，准入门槛高，AI替代抗性强,"Bangladesh Diplomat: extremely stable employment, high entry barrier, strong AI resistance",AI综合评估 + O*NET/ILO/OECD锚点校准
GOV-0102-AE-general,公共管理与公务员,GOV,中央/联邦公务员,外交官,Diplomat,2422,11-1031.00,中亚/西亚,阿联酋,AE,country,general,硕士/博士,25-32,global,7.7,7.7,4.9,8.9,3.1,2.2,3.4,3.6,8.6,6.8,10.0,7.2,7.2,5.0,5.2,5.9,4.6,1.8,7.3,8.7,1.9,4.9,3.6,8.3,1.0,4.8,6.0,8.9,1.3,8.5,0.8,0.7,9.6,9.3,0,0,→,2032-2038,5.58,阿联酋外交官：就业极其稳定，薪资回报高，准入门槛高,"United Arab Emirates Diplomat: extremely stable employment, high compensation, high entry barrier",AI综合评估 + O*NET/ILO/OECD锚点校准
GOV-0102-IL-general,公共管理与公务员,GOV,中央/联邦公务员,外交官,Diplomat,2422,11-1031.00,中亚/西亚,以色列,IL,country,general,硕士/博士,25-32,global,7.5,8.3,4.4,8.5,3.1,1.8,4.1,4.1,7.4,5.7,9.1,7.1,6.8,5.0,5.6,6.4,4.4,1.9,7.8,9.2,1.9,5.2,4.0,8.0,0.8,5.5,5.8,9.1,1.5,9.2,1.2,0.8,9.8,9.1,0,0,→,2035+,5.5,以色列外交官：就业极其稳定，准入门槛高，AI替代抗性强,"Israel Diplomat: extremely stable employment, high entry barrier, strong AI resistance",AI综合评估 + O*NET/ILO/OECD锚点校准
GOV-0102-SA-general,公共管理与公务员,GOV,中央/联邦公务员,外交官,Diplomat,2422,11-1031.00,中亚/西亚,沙特阿拉伯,SA,country,general,硕士/博士,25-32,global,7.8,8.0,5.0,8.6,3.4,3.0,3.2,3.8,7.8,6.1,9.4,7.1,6.9,4.4,5.2,6.1,4.6,2.0,7.6,9.0,2.1,4.7,3.6,7.8,1.3,4.1,6.2,8.7,1.5,8.4,0.8,0.3,9.5,8.9,0,1,→,2035+,5.47,沙特阿拉伯外交官：就业极其稳定，薪资回报高，准入门槛高,"Saudi Arabia Diplomat: extremely stable employment, high compensation, high entry barrier",AI综合评估 + O*NET/ILO/OECD锚点校准
GOV-0102-TR-general,公共管理与公务员,GOV,中央/联邦公务员,外交官,Diplomat,2422,11-1031.00,中亚/西亚,土耳其,TR,country,general,硕士/博士,25-32,global,7.4,8.2,4.5,8.5,3.3,2.6,4.0,4.0,6.7,5.4,8.5,7.0,6.7,4.8,5.0,5.8,4.2,2.0,7.5,8.8,2.1,4.9,3.9,7.8,1.2,4.4,6.2,9.0,1.5,9.5,1.3,0.2,9.6,9.0,0,0,→,2035+,5.32,土耳其外交官：就业极其稳定，准入门槛高，AI替代抗性强,"Turkey Diplomat: extremely stable employment, high entry barrier, strong AI resistance",AI综合评估 + O*NET/ILO/OECD锚点校准
GOV-0102-GB-general,公共管理与公务员,GOV,中央/联邦公务员,外交官,Diplomat,2422,11-1031.00,西欧,英国,GB,country,general,硕士/博士,25-32,global,7.4,8.0,4.8,8.6,3.0,1.7,4.0,4.0,7.6,5.8,9.9,7.1,7.5,5.3,5.9,6.3,4.9,1.6,7.7,9.5,2.0,5.4,4.8,8.4,1.0,6.0,6.2,9.1,1.8,9.3,0.7,0.6,9.6,9.2,0,0,→,2035+,5.69,英国外交官：就业极其稳定，薪资回报高，准入门槛高,"United Kingdom Diplomat: extremely stable employment, high compensation, high entry barrier",AI综合评估 + O*NET/ILO/OECD锚点校准
GOV-0102-FR-general,公共管理与公务员,GOV,中央/联邦公务员,外交官,Diplomat,2422,11-1031.00,西欧,法国,FR,country,general,硕士/博士,25-32,global,7.8,8.0,4.7,9.2,3.4,2.6,4.0,4.4,7.2,6.1,10.0,7.2,7.3,5.8,6.2,6.4,4.9,1.8,7.6,9.5,2.5,5.7,4.6,8.3,1.3,5.5,6.1,9.1,1.6,9.2,0.6,0.8,9.8,9.2,0,1,→,2035+,5.76,法国外交官：就业极其稳定，准入门槛高，AI替代抗性强,"France Diplomat: extremely stable employment, high entry barrier, strong AI resistance",AI综合评估 + O*NET/ILO/OECD锚点校准
GOV-0102-DE-general,公共管理与公务员,GOV,中央/联邦公务员,外交官,Diplomat,2422,11-1031.00,西欧,德国,DE,country,general,硕士/博士,25-32,global,7.6,8.5,4.6,8.9,3.0,1.9,4.1,4.3,7.6,6.0,10.0,7.2,7.7,5.8,6.1,6.4,4.5,1.8,7.6,9.6,2.3,5.5,4.8,8.1,1.3,5.8,6.4,8.8,1.3,9.3,1.0,0.4,9.4,8.9,0,0,→,2035+,5.7,德国外交官：就业极其稳定，薪资回报高，准入门槛高,"Germany Diplomat: extremely stable employment, high compensation, high entry barrier",AI综合评估 + O*NET/ILO/OECD锚点校准
GOV-0102-NL-general,公共管理与公务员,GOV,中央/联邦公务员,外交官,Diplomat,2422,11-1031.00,西欧,荷兰,NL,country,general,硕士/博士,25-32,global,7.9,8.3,4.8,8.9,2.7,2.0,3.9,4.1,7.9,6.2,9.7,7.2,7.9,6.3,6.2,6.0,4.4,1.5,7.5,8.8,2.4,5.5,4.9,8.1,1.2,6.1,6.6,8.8,1.5,9.2,0.6,0.8,9.8,8.7,0,0,→,2035+,5.74,荷兰外交官：就业极其稳定，薪资回报高，准入门槛高,"Netherlands Diplomat: extremely stable employment, high compensation, high entry barrier",AI综合评估 + O*NET/ILO/OECD锚点校准
GOV-0102-CH-general,公共管理与公务员,GOV,中央/联邦公务员,外交官,Diplomat,2422,11-1031.00,西欧,瑞士,CH,country,general,硕士/博士,25-32,global,7.6,8.0,4.5,9.0,2.8,1.5,3.9,4.0,8.6,6.4,9.7,7.4,7.7,6.0,5.8,6.2,4.6,1.7,8.0,9.5,2.6,5.3,5.1,8.6,1.0,5.9,6.0,9.2,1.3,9.2,1.0,0.6,9.6,9.0,0,-1,→,2035+,5.8,瑞士外交官：就业极其稳定，薪资回报高，准入门槛高,"Switzerland Diplomat: extremely stable employment, high compensation, high entry barrier",AI综合评估 + O*NET/ILO/OECD锚点校准
GOV-0102-SE-general,公共管理与公务员,GOV,中央/联邦公务员,外交官,Diplomat,2422,11-1031.00,北欧,瑞典,SE,country,general,硕士/博士,25-32,global,7.9,8.0,4.6,9.3,3.5,2.6,4.0,3.9,7.9,6.5,10.0,7.1,7.5,6.0,6.0,6.0,4.9,1.6,7.9,9.2,2.2,5.7,5.3,8.2,1.5,6.4,6.1,8.9,1.5,8.8,0.8,0.7,9.6,9.0,0,0,→,2035+,5.83,瑞典外交官：就业极其稳定，薪资回报高，准入门槛高,"Sweden Diplomat: extremely stable employment, high compensation, high entry barrier",AI综合评估 + O*NET/ILO/OECD锚点校准
GOV-0102-DK-general,公共管理与公务员,GOV,中央/联邦公务员,外交官,Diplomat,2422,11-1031.00,北欧,丹麦,DK,country,general,硕士/博士,25-32,global,7.6,8.3,4.6,8.8,3.0,2.3,3.4,4.0,8.2,6.1,9.8,7.2,7.8,6.0,6.4,6.0,5.0,1.5,7.7,8.9,2.3,5.7,5.1,8.3,1.2,6.6,6.6,9.1,1.7,8.9,0.9,1.0,9.9,9.1,0,0,→,2035+,5.8,丹麦外交官：就业极其稳定，薪资回报高，准入门槛高,"Denmark Diplomat: extremely stable employment, high compensation, high entry barrier",AI综合评估 + O*NET/ILO/OECD锚点校准
GOV-0102-FI-general,公共管理与公务员,GOV,中央/联邦公务员,外交官,Diplomat,2422,11-1031.00,北欧,芬兰,FI,country,general,硕士/博士,25-32,global,7.8,8.1,4.7,9.0,3.2,2.0,3.9,3.8,7.4,6.3,10.0,7.1,7.9,6.3,6.0,5.9,4.8,1.5,7.6,9.2,2.6,5.8,5.0,8.4,1.2,6.7,6.3,9.0,1.3,8.7,0.8,0.6,9.8,9.0,0,0,→,2035+,5.79,芬兰外交官：就业极其稳定，准入门槛高，AI替代抗性强,"Finland Diplomat: extremely stable employment, high entry barrier, strong AI resistance",AI综合评估 + O*NET/ILO/OECD锚点校准
GOV-0102-IT-general,公共管理与公务员,GOV,中央/联邦公务员,外交官,Diplomat,2422,11-1031.00,南欧,意大利,IT,country,general,硕士/博士,25-32,global,7.6,8.2,4.4,8.8,3.5,2.4,4.0,4.0,7.0,5.8,9.2,7.1,7.1,5.3,5.4,6.3,4.8,1.9,7.5,9.0,2.3,5.0,4.2,8.0,0.7,4.7,6.2,8.8,1.5,9.4,0.7,0.4,9.7,8.8,0,0,→,2035+,5.5,意大利外交官：就业极其稳定，准入门槛高，AI替代抗性强,"Italy Diplomat: extremely stable employment, high entry barrier, strong AI resistance",AI综合评估 + O*NET/ILO/OECD锚点校准
GOV-0102-ES-general,公共管理与公务员,GOV,中央/联邦公务员,外交官,Diplomat,2422,11-1031.00,南欧,西班牙,ES,country,general,硕士/博士,25-32,global,7.6,8.3,4.7,8.8,3.0,2.3,4.5,4.2,7.1,5.8,9.7,7.1,7.2,5.7,5.6,6.1,4.3,2.0,7.3,9.3,2.1,5.5,4.3,8.0,1.1,5.4,6.1,9.0,1.4,9.2,1.0,0.4,9.5,8.9,0,0,→,2032-2038,5.56,西班牙外交官：就业极其稳定，准入门槛高，AI替代抗性强,"Spain Diplomat: extremely stable employment, high entry barrier, strong AI resistance",AI综合评估 + O*NET/ILO/OECD锚点校准
GOV-0102-PT-general,公共管理与公务员,GOV,中央/联邦公务员,外交官,Diplomat,2422,11-1031.00,南欧,葡萄牙,PT,country,general,硕士/博士,25-32,global,7.3,8.2,4.7,8.5,3.1,2.0,3.8,4.2,6.8,5.4,9.7,7.1,6.9,5.7,5.8,6.2,4.6,1.7,7.3,9.1,2.1,5.4,4.5,8.3,1.4,6.0,5.8,9.1,1.2,9.4,0.9,0.8,9.5,9.2,0,0,→,2032-2038,5.56,葡萄牙外交官：就业极其稳定，准入门槛高，AI替代抗性强,"Portugal Diplomat: extremely stable employment, high entry barrier, strong AI resistance",AI综合评估 + O*NET/ILO/OECD锚点校准
GOV-0102-PL-general,公共管理与公务员,GOV,中央/联邦公务员,外交官,Diplomat,2422,11-1031.00,东欧,波兰,PL,country,general,硕士/博士,25-32,global,7.7,8.1,4.2,8.8,2.9,2.0,3.6,3.7,7.1,5.6,9.2,7.0,7.4,5.6,6.0,6.4,4.8,2.1,7.2,8.9,2.0,5.0,4.6,8.0,0.9,5.3,6.1,9.1,1.7,8.7,1.0,0.3,9.5,8.8,0,0,→,2032-2038,5.46,波兰外交官：就业极其稳定，准入门槛高，AI替代抗性强,"Poland Diplomat: extremely stable employment, high entry barrier, strong AI resistance",AI综合评估 + O*NET/ILO/OECD锚点校准
GOV-0102-CZ-general,公共管理与公务员,GOV,中央/联邦公务员,外交官,Diplomat,2422,11-1031.00,东欧,捷克,CZ,country,general,硕士/博士,25-32,global,7.4,8.2,4.3,8.6,3.0,1.8,3.7,3.9,7.3,5.9,9.4,7.2,7.2,5.4,6.0,6.3,4.5,1.9,7.5,9.1,2.0,5.3,4.6,8.2,1.3,5.2,6.0,9.0,1.3,9.2,0.7,0.7,9.4,9.2,0,0,→,2035+,5.54,捷克外交官：就业极其稳定，准入门槛高，AI替代抗性强,"Czech Republic Diplomat: extremely stable employment, high entry barrier, strong AI resistance",AI综合评估 + O*NET/ILO/OECD锚点校准
GOV-0102-RU-general,公共管理与公务员,GOV,中央/联邦公务员,外交官,Diplomat,2422,11-1031.00,东欧,俄罗斯,RU,country,general,硕士/博士,25-32,global,7.5,8.2,5.0,8.3,3.8,2.8,3.5,3.8,6.6,5.2,8.7,7.1,6.9,5.0,5.6,5.9,4.2,2.1,7.4,8.7,1.9,4.6,3.6,7.6,0.7,5.4,5.9,9.0,1.5,8.9,0.9,0.2,9.4,9.0,0,1,→,2032-2038,5.32,俄罗斯外交官：就业极其稳定，准入门槛高，AI替代抗性强,"Russia Diplomat: extremely stable employment, high entry barrier, strong AI resistance",AI综合评估 + O*NET/ILO/OECD锚点校准
GOV-0102-US-general,公共管理与公务员,GOV,中央/联邦公务员,外交官,Diplomat,2422,11-1031.00,北美,美国,US,country,general,硕士/博士,25-32,global,7.6,8.4,4.3,8.6,3.0,1.4,4.4,3.8,7.7,5.9,9.4,7.1,6.8,5.1,5.6,6.4,5.0,1.9,7.6,9.4,1.8,5.4,3.7,8.4,0.9,5.6,5.7,8.9,1.7,9.2,0.8,0.7,9.5,9.0,0,0,→,2035+,5.53,美国外交官：就业极其稳定，薪资回报高，准入门槛高,"United States Diplomat: extremely stable employment, high compensation, high entry barrier",AI综合评估 + O*NET/ILO/OECD锚点校准
GOV-0102-CA-general,公共管理与公务员,GOV,中央/联邦公务员,外交官,Diplomat,2422,11-1031.00,北美,加拿大,CA,country,general,硕士/博士,25-32,global,8.0,8.2,4.8,9.0,3.0,1.6,3.7,3.9,8.1,6.1,10.0,7.2,7.4,5.3,6.0,6.5,4.6,1.7,7.5,9.5,2.4,5.1,4.3,8.5,1.1,6.0,6.0,9.0,1.5,9.0,0.7,0.8,9.9,8.8,0,0,→,2035+,5.7,加拿大外交官：就业极其稳定，薪资回报高，准入门槛高,"Canada Diplomat: extremely stable employment, high compensation, high entry barrier",AI综合评估 + O*NET/ILO/OECD锚点校准
GOV-0102-MX-general,公共管理与公务员,GOV,中央/联邦公务员,外交官,Diplomat,2422,11-1031.00,北美,墨西哥,MX,country,general,硕士/博士,25-32,global,7.3,7.8,4.3,8.2,3.1,2.3,3.6,3.7,6.2,5.3,8.3,7.0,6.6,4.5,5.4,6.0,4.6,2.3,7.5,8.4,2.0,4.8,3.7,7.7,0.6,4.9,5.6,8.8,1.6,8.8,1.2,0.5,9.6,9.3,0,0,→,2035+,5.21,墨西哥外交官：就业稳定，准入门槛高，AI替代抗性强,"Mexico Diplomat: stable employment, high entry barrier, strong AI resistance",AI综合评估 + O*NET/ILO/OECD锚点校准
GOV-0102-BR-general,公共管理与公务员,GOV,中央/联邦公务员,外交官,Diplomat,2422,11-1031.00,南美,巴西,BR,country,general,硕士/博士,25-32,global,7.3,8.4,4.8,8.6,3.2,2.7,4.4,4.2,7.2,5.9,9.0,7.0,6.9,5.3,5.7,6.3,4.5,2.2,7.4,9.1,1.8,5.0,3.8,8.1,1.2,4.8,5.7,8.8,1.6,9.6,0.8,0.5,9.4,9.1,0,1,→,2032-2038,5.47,巴西外交官：就业极其稳定，准入门槛高，AI替代抗性强,"Brazil Diplomat: extremely stable employment, high entry barrier, strong AI resistance",AI综合评估 + O*NET/ILO/OECD锚点校准
GOV-0102-AR-general,公共管理与公务员,GOV,中央/联邦公务员,外交官,Diplomat,2422,11-1031.00,南美,阿根廷,AR,country,general,硕士/博士,25-32,global,7.7,7.7,4.4,8.1,3.6,2.4,3.5,4.1,6.4,5.0,8.2,6.9,6.9,5.0,5.7,6.2,4.5,2.0,7.2,8.2,1.9,4.7,3.9,7.5,1.2,5.1,5.8,8.8,1.5,8.6,0.9,0.4,9.5,9.2,-1,1,→,2032-2038,5.27,阿根廷外交官：就业稳定，准入门槛高，AI替代抗性强,"Argentina Diplomat: stable employment, high entry barrier, strong AI resistance",AI综合评估 + O*NET/ILO/OECD锚点校准
GOV-0102-CL-general,公共管理与公务员,GOV,中央/联邦公务员,外交官,Diplomat,2422,11-1031.00,南美,智利,CL,country,general,硕士/博士,25-32,global,7.2,8.2,4.6,8.9,2.9,1.5,3.8,3.7,6.9,5.7,9.3,6.9,6.8,5.3,5.5,6.1,4.5,1.9,7.8,8.6,2.0,5.5,3.8,8.0,0.8,5.2,6.2,8.8,1.6,8.5,1.1,0.7,9.2,9.1,0,0,→,2035+,5.45,智利外交官：就业极其稳定，准入门槛高，AI替代抗性强,"Chile Diplomat: extremely stable employment, high entry barrier, strong AI resistance",AI综合评估 + O*NET/ILO/OECD锚点校准
GOV-0102-CO-general,公共管理与公务员,GOV,中央/联邦公务员,外交官,Diplomat,2422,11-1031.00,南美,哥伦比亚,CO,country,general,硕士/博士,25-32,global,7.2,7.8,4.7,8.1,3.2,2.3,3.6,3.8,6.4,5.2,8.6,7.0,7.1,4.6,5.6,6.2,4.5,2.2,7.7,8.8,2.0,4.8,3.5,8.1,0.8,5.0,5.8,8.7,1.5,8.8,1.2,0.6,9.1,9.0,0,0,→,2035+,5.31,哥伦比亚外交官：就业极其稳定，准入门槛高，AI替代抗性强,"Colombia Diplomat: extremely stable employment, high entry barrier, strong AI resistance",AI综合评估 + O*NET/ILO/OECD锚点校准
GOV-0102-AU-general,公共管理与公务员,GOV,中央/联邦公务员,外交官,Diplomat,2422,11-1031.00,大洋洲,澳大利亚,AU,country,general,硕士/博士,25-32,global,7.4,8.2,4.5,9.1,3.2,1.8,4.0,4.0,7.8,6.2,10.0,7.2,7.6,5.6,5.8,6.3,4.9,1.8,7.9,9.1,1.9,5.5,4.7,8.4,1.2,6.0,6.4,9.1,1.5,9.0,0.9,0.5,9.9,9.2,0,0,→,2035+,5.74,澳大利亚外交官：就业极其稳定，薪资回报高，准入门槛高,"Australia Diplomat: extremely stable employment, high compensation, high entry barrier",AI综合评估 + O*NET/ILO/OECD锚点校准
GOV-0102-NZ-general,公共管理与公务员,GOV,中央/联邦公务员,外交官,Diplomat,2422,11-1031.00,大洋洲,新西兰,NZ,country,general,硕士/博士,25-32,global,7.3,8.1,4.7,8.9,2.7,1.9,4.2,4.1,7.3,5.9,10.0,7.3,7.4,5.8,6.3,5.8,4.6,1.4,7.4,8.9,2.5,5.6,5.2,8.4,1.3,6.0,6.2,9.2,1.8,8.5,0.6,0.5,9.7,8.7,0,0,→,2032-2038,5.75,新西兰外交官：就业极其稳定，准入门槛高，AI替代抗性强,"New Zealand Diplomat: extremely stable employment, high entry barrier, strong AI resistance",AI综合评估 + O*NET/ILO/OECD锚点校准
GOV-0102-ZA-general,公共管理与公务员,GOV,中央/联邦公务员,外交官,Diplomat,2422,11-1031.00,非洲,南非,ZA,country,general,硕士/博士,25-32,global,7.6,8.1,4.6,8.4,3.2,2.3,4.0,3.8,6.6,5.2,8.6,7.0,7.2,4.9,5.5,6.3,4.5,2.0,7.7,8.7,2.2,4.6,3.9,7.7,0.9,5.1,6.2,8.7,1.3,8.8,0.9,0.2,9.6,9.0,0,0,→,2035+,5.37,南非外交官：就业极其稳定，准入门槛高，AI替代抗性强,"South Africa Diplomat: extremely stable employment, high entry barrier, strong AI resistance",AI综合评估 + O*NET/ILO/OECD锚点校准
GOV-0102-NG-general,公共管理与公务员,GOV,中央/联邦公务员,外交官,Diplomat,2422,11-1031.00,非洲,尼日利亚,NG,country,general,硕士/博士,25-32,global,7.0,7.5,4.2,8.3,3.0,2.6,3.8,3.6,6.2,4.8,7.9,6.8,6.4,4.4,5.0,5.6,4.1,2.3,7.4,8.6,1.5,4.8,3.3,7.4,0.8,4.2,5.9,9.0,1.3,8.8,1.2,0.5,9.1,9.0,-1,0,→,2032-2038,5.1,尼日利亚外交官：就业稳定，准入门槛高，AI替代抗性强,"Nigeria Diplomat: stable employment, high entry barrier, strong AI resistance",AI综合评估 + O*NET/ILO/OECD锚点校准
GOV-0102-KE-general,公共管理与公务员,GOV,中央/联邦公务员,外交官,Diplomat,2422,11-1031.00,非洲,肯尼亚,KE,country,general,硕士/博士,25-32,global,7.5,7.7,4.3,7.9,3.3,2.4,3.5,3.7,6.5,5.3,8.0,6.9,6.6,4.9,5.2,5.6,4.4,2.1,7.4,8.4,2.0,4.9,3.3,8.0,0.6,4.5,6.0,9.1,1.4,8.6,1.0,0.4,9.2,8.9,-1,0,→,2032-2038,5.21,肯尼亚外交官：就业稳定，准入门槛高，AI替代抗性强,"Kenya Diplomat: stable employment, high entry barrier, strong AI resistance",AI综合评估 + O*NET/ILO/OECD锚点校准
GOV-0102-EG-general,公共管理与公务员,GOV,中央/联邦公务员,外交官,Diplomat,2422,11-1031.00,非洲,埃及,EG,country,general,硕士/博士,25-32,global,7.7,7.8,4.6,8.2,3.5,2.9,4.0,4.1,6.4,5.2,8.6,7.1,6.5,4.9,5.1,5.8,4.1,2.1,7.6,8.5,1.9,4.9,3.7,8.0,1.2,4.2,6.1,9.2,1.4,8.9,1.1,0.3,9.5,8.9,0,1,→,2035+,5.32,埃及外交官：就业极其稳定，准入门槛高，AI替代抗性强,"Egypt Diplomat: extremely stable employment, high entry barrier, strong AI resistance",AI综合评估 + O*NET/ILO/OECD锚点校准
GOV-0103-CN-general,公共管理与公务员,GOV,中央/联邦公务员,政策分析师,Policy Analyst,2422,19-3094.00,东亚,中国,CN,country,general,硕士,24-30,global,6.6,8.1,5.4,8.6,5.7,4.9,5.3,4.7,6.6,5.7,8.8,9.8,6.9,5.2,4.8,6.3,5.6,1.4,6.2,8.2,5.5,5.1,5.4,7.0,2.8,6.2,6.3,7.2,0.2,7.9,1.5,2.5,5.5,6.6,1,2,↑,2032-2038,5.87,中国政策分析师：就业极其稳定,China Policy Analyst: extremely stable employment,AI综合评估 + O*NET/ILO/OECD锚点校准
GOV-0103-JP-general,公共管理与公务员,GOV,中央/联邦公务员,政策分析师,Policy Analyst,2422,19-3094.00,东亚,日本,JP,country,general,硕士,24-30,global,6.6,7.5,5.3,8.4,5.2,4.2,5.7,5.0,7.4,6.2,9.7,9.8,6.6,5.8,5.3,6.7,5.6,1.3,6.0,8.5,5.4,5.8,5.9,7.0,2.9,5.9,6.3,7.0,0.8,7.5,1.6,2.6,5.5,6.6,1,1,→,2032-2038,6.04,日本政策分析师：就业极其稳定,Japan Policy Analyst: extremely stable employment,AI综合评估 + O*NET/ILO/OECD锚点校准
GOV-0103-KR-general,公共管理与公务员,GOV,中央/联邦公务员,政策分析师,Policy Analyst,2422,19-3094.00,东亚,韩国,KR,country,general,硕士,24-30,global,6.8,7.9,5.1,8.0,5.2,3.9,5.3,4.9,6.9,6.2,8.5,9.6,6.6,5.5,5.5,7.0,5.6,1.6,5.9,7.9,5.3,5.6,5.6,7.1,3.1,5.5,6.3,7.3,0.6,7.6,2.0,2.8,5.2,6.6,1,1,→,2028-2033,5.84,韩国政策分析师：就业极其稳定,South Korea Policy Analyst: extremely stable employment,AI综合评估 + O*NET/ILO/OECD锚点校准
GOV-0103-TW-general,公共管理与公务员,GOV,中央/联邦公务员,政策分析师,Policy Analyst,2422,19-3094.00,东亚,中国台湾地区,TW,region,general,硕士,24-30,global,6.5,8.1,5.1,8.5,4.6,3.9,5.3,4.7,6.7,6.0,8.9,9.6,6.9,6.0,5.2,6.5,5.7,1.6,6.3,7.8,5.7,5.3,6.1,7.3,3.2,6.4,6.2,7.2,0.4,7.6,2.0,2.5,5.4,6.7,1,1,→,2032-2038,5.89,中国台湾地区政策分析师：就业极其稳定,Taiwan (China) Policy Analyst: extremely stable employment,AI综合评估 + O*NET/ILO/OECD锚点校准
GOV-0103-HK-general,公共管理与公务员,GOV,中央/联邦公务员,政策分析师,Policy Analyst,2422,19-3094.00,东亚,中国香港地区,HK,region,general,硕士,24-30,global,6.4,7.7,4.8,8.4,4.7,3.6,4.9,4.6,7.3,6.4,8.8,9.7,6.9,5.4,5.1,6.8,5.7,1.3,6.2,8.0,5.1,5.5,5.7,7.4,3.1,6.7,6.5,7.0,0.3,7.0,1.8,2.9,5.7,6.6,1,1,→,2032-2038,5.93,中国香港地区政策分析师：就业极其稳定,Hong Kong (China) Policy Analyst: extremely stable employment,AI综合评估 + O*NET/ILO/OECD锚点校准
GOV-0103-SG-general,公共管理与公务员,GOV,中央/联邦公务员,政策分析师,Policy Analyst,2422,19-3094.00,东南亚,新加坡,SG,country,general,硕士,24-30,global,6.5,7.8,5.2,8.6,4.9,3.4,5.1,4.8,8.1,6.8,9.6,9.8,6.9,5.8,5.2,6.7,6.0,1.2,6.0,8.3,5.2,6.2,5.6,7.3,3.0,6.7,6.4,7.2,0.3,7.1,1.4,2.9,5.7,6.4,1,0,→,2032-2038,6.11,新加坡政策分析师：就业极其稳定，薪资回报高,"Singapore Policy Analyst: extremely stable employment, high compensation",AI综合评估 + O*NET/ILO/OECD锚点校准
GOV-0103-TH-general,公共管理与公务员,GOV,中央/联邦公务员,政策分析师,Policy Analyst,2422,19-3094.00,东南亚,泰国,TH,country,general,硕士,24-30,global,6.8,7.1,5.1,7.8,5.6,4.3,4.6,4.4,6.1,5.2,8.1,9.6,7.2,5.7,5.5,6.2,5.6,1.7,5.9,7.5,5.5,5.5,5.7,6.8,2.9,5.9,6.5,7.0,0.5,6.8,1.8,2.7,5.5,6.6,1,1,→,2028-2033,5.73,泰国政策分析师：就业稳定,Thailand Policy Analyst: stable employment,AI综合评估 + O*NET/ILO/OECD锚点校准
GOV-0103-VN-general,公共管理与公务员,GOV,中央/联邦公务员,政策分析师,Policy Analyst,2422,19-3094.00,东南亚,越南,VN,country,general,硕士,24-30,global,6.3,7.2,5.4,8.3,5.8,4.7,5.0,4.9,5.9,5.3,8.7,9.6,6.8,6.1,5.5,6.7,5.2,1.4,6.3,7.7,5.1,5.6,5.9,6.5,2.7,6.2,6.2,7.2,0.8,7.1,2.0,2.2,5.5,6.6,1,2,↑,2032-2038,5.86,越南政策分析师：就业极其稳定,Vietnam Policy Analyst: extremely stable employment,AI综合评估 + O*NET/ILO/OECD锚点校准
GOV-0103-ID-general,公共管理与公务员,GOV,中央/联邦公务员,政策分析师,Policy Analyst,2422,19-3094.00,东南亚,印度尼西亚,ID,country,general,硕士,24-30,global,6.5,7.4,4.9,7.9,5.4,4.4,4.6,4.2,6.1,5.2,7.8,9.5,6.9,6.0,5.5,6.3,5.7,1.8,6.0,7.3,5.7,5.4,5.8,7.0,2.9,5.8,6.3,6.9,0.6,7.1,1.8,2.2,5.0,6.4,1,1,→,2032-2038,5.68,印度尼西亚政策分析师：就业稳定,Indonesia Policy Analyst: stable employment,AI综合评估 + O*NET/ILO/OECD锚点校准
GOV-0103-MY-general,公共管理与公务员,GOV,中央/联邦公务员,政策分析师,Policy Analyst,2422,19-3094.00,东南亚,马来西亚,MY,country,general,硕士,24-30,global,6.6,7.4,5.2,8.5,5.3,4.2,5.1,4.7,6.4,5.7,8.2,9.6,6.6,5.9,5.3,6.7,5.7,1.6,6.2,7.6,5.3,5.3,5.8,7.2,2.9,5.8,6.2,7.1,0.5,7.2,1.6,2.6,5.6,6.4,1,1,→,2032-2038,5.84,马来西亚政策分析师：就业稳定,Malaysia Policy Analyst: stable employment,AI综合评估 + O*NET/ILO/OECD锚点校准
GOV-0103-PH-general,公共管理与公务员,GOV,中央/联邦公务员,政策分析师,Policy Analyst,2422,19-3094.00,东南亚,菲律宾,PH,country,general,硕士,24-30,global,6.5,7.6,4.7,7.9,5.3,4.1,5.0,4.4,5.8,5.0,7.4,9.5,6.7,5.8,5.4,6.3,5.6,1.6,6.1,6.9,5.5,5.1,5.7,7.1,3.2,6.6,6.5,6.9,0.3,6.8,2.2,2.6,5.7,6.3,1,1,→,2032-2038,5.67,菲律宾政策分析师：发展平稳,Philippines Policy Analyst: steady development,AI综合评估 + O*NET/ILO/OECD锚点校准
GOV-0103-IN-general,公共管理与公务员,GOV,中央/联邦公务员,政策分析师,Policy Analyst,2422,19-3094.00,南亚,印度,IN,country,general,硕士,24-30,global,6.8,7.8,5.5,8.1,5.1,4.8,5.6,5.2,6.5,5.4,8.2,9.5,6.6,5.7,5.2,6.4,5.2,1.7,6.2,8.0,5.6,5.5,5.9,6.6,3.2,5.6,6.5,6.9,0.5,7.8,2.1,2.5,5.5,6.6,1,2,↑,2032-2038,5.81,印度政策分析师：就业稳定,India Policy Analyst: stable employment,AI综合评估 + O*NET/ILO/OECD锚点校准
GOV-0103-PK-general,公共管理与公务员,GOV,中央/联邦公务员,政策分析师,Policy Analyst,2422,19-3094.00,南亚,巴基斯坦,PK,country,general,硕士,24-30,global,6.5,7.6,5.2,7.6,5.1,4.3,4.9,4.3,5.8,4.8,7.4,9.4,6.5,5.1,4.9,6.7,5.2,1.6,5.8,7.2,5.3,5.3,5.5,6.5,2.6,4.7,6.3,6.8,0.8,7.2,2.1,2.4,5.1,6.7,1,1,→,2028-2033,5.49,巴基斯坦政策分析师：发展平稳,Pakistan Policy Analyst: steady development,AI综合评估 + O*NET/ILO/OECD锚点校准
GOV-0103-BD-general,公共管理与公务员,GOV,中央/联邦公务员,政策分析师,Policy Analyst,2422,19-3094.00,南亚,孟加拉国,BD,country,general,硕士,24-30,global,6.4,7.7,5.0,7.6,5.1,4.3,4.9,4.4,5.3,5.2,7.8,9.4,6.6,5.4,5.0,6.3,5.5,2.0,5.7,7.5,5.5,4.8,5.4,6.5,2.6,4.9,6.2,6.8,0.4,7.2,2.1,2.1,5.1,6.3,1,1,→,2028-2033,5.48,孟加拉国政策分析师：就业稳定,Bangladesh Policy Analyst: stable employment,AI综合评估 + O*NET/ILO/OECD锚点校准
GOV-0103-AE-general,公共管理与公务员,GOV,中央/联邦公务员,政策分析师,Policy Analyst,2422,19-3094.00,中亚/西亚,阿联酋,AE,country,general,硕士,24-30,global,6.7,7.7,5.4,8.5,5.4,4.2,4.7,4.1,8.0,6.4,9.1,9.7,6.7,5.6,5.5,6.8,5.6,1.1,6.2,7.6,5.1,5.7,6.0,7.0,3.2,5.9,6.4,7.0,0.3,6.3,1.9,2.8,6.0,6.6,1,1,→,2032-2038,6.02,阿联酋政策分析师：就业极其稳定，薪资回报高,"United Arab Emirates Policy Analyst: extremely stable employment, high compensation",AI综合评估 + O*NET/ILO/OECD锚点校准
GOV-0103-IL-general,公共管理与公务员,GOV,中央/联邦公务员,政策分析师,Policy Analyst,2422,19-3094.00,中亚/西亚,以色列,IL,country,general,硕士,24-30,global,6.4,7.5,5.1,7.8,5.3,4.0,4.7,4.4,7.0,5.7,8.5,9.4,6.8,6.0,5.3,6.4,5.3,1.5,6.2,7.6,5.6,5.5,6.2,7.4,3.0,6.8,6.4,7.1,0.7,6.6,1.9,2.5,5.7,6.2,1,1,→,2032-2038,5.89,以色列政策分析师：就业极其稳定,Israel Policy Analyst: extremely stable employment,AI综合评估 + O*NET/ILO/OECD锚点校准
GOV-0103-SA-general,公共管理与公务员,GOV,中央/联邦公务员,政策分析师,Policy Analyst,2422,19-3094.00,中亚/西亚,沙特阿拉伯,SA,country,general,硕士,24-30,global,6.3,7.3,5.3,8.6,5.8,4.8,4.1,4.1,7.5,5.9,8.8,9.7,6.6,5.4,5.1,6.4,5.4,1.7,5.7,7.2,5.5,5.2,5.6,7.3,3.1,5.0,6.4,7.3,0.8,6.8,1.9,2.6,5.2,6.4,1,2,↑,2028-2033,5.81,沙特阿拉伯政策分析师：就业极其稳定，薪资回报高,"Saudi Arabia Policy Analyst: extremely stable employment, high compensation",AI综合评估 + O*NET/ILO/OECD锚点校准
GOV-0103-TR-general,公共管理与公务员,GOV,中央/联邦公务员,政策分析师,Policy Analyst,2422,19-3094.00,中亚/西亚,土耳其,TR,country,general,硕士,24-30,global,6.3,7.8,5.1,7.9,5.3,4.5,4.9,4.6,5.9,5.4,7.7,9.4,6.7,5.9,5.4,6.5,5.6,1.7,5.8,7.7,5.7,5.6,5.3,6.7,3.1,5.8,6.5,7.0,0.6,7.3,2.1,2.3,5.2,6.9,1,1,→,2028-2033,5.68,土耳其政策分析师：就业稳定,Turkey Policy Analyst: stable employment,AI综合评估 + O*NET/ILO/OECD锚点校准
GOV-0103-GB-general,公共管理与公务员,GOV,中央/联邦公务员,政策分析师,Policy Analyst,2422,19-3094.00,西欧,英国,GB,country,general,硕士,24-30,global,6.4,7.9,5.1,8.0,4.7,3.6,4.8,4.7,7.4,6.2,8.7,9.6,7.2,6.7,5.7,7.0,5.5,1.2,6.4,7.6,6.0,6.0,6.9,7.2,3.1,6.8,6.8,7.1,0.8,6.8,2.1,2.5,6.0,6.3,1,1,→,2032-2038,6.07,英国政策分析师：就业极其稳定,United Kingdom Policy Analyst: extremely stable employment,AI综合评估 + O*NET/ILO/OECD锚点校准
GOV-0103-FR-general,公共管理与公务员,GOV,中央/联邦公务员,政策分析师,Policy Analyst,2422,19-3094.00,西欧,法国,FR,country,general,硕士,24-30,global,6.6,7.8,5.2,8.1,5.8,5.1,5.4,4.8,6.7,6.2,8.8,9.7,7.4,6.7,6.0,6.8,5.9,1.1,6.3,7.9,5.6,6.2,6.9,7.0,3.0,6.7,6.9,7.0,0.3,7.1,1.9,2.3,5.6,6.4,1,2,↑,2032-2038,6.13,法国政策分析师：就业极其稳定,France Policy Analyst: extremely stable employment,AI综合评估 + O*NET/ILO/OECD锚点校准
GOV-0103-DE-general,公共管理与公务员,GOV,中央/联邦公务员,政策分析师,Policy Analyst,2422,19-3094.00,西欧,德国,DE,country,general,硕士,24-30,global,6.5,7.5,5.3,8.6,5.1,3.9,5.2,4.8,7.5,6.1,9.1,9.6,7.6,6.6,6.2,7.0,5.9,1.1,6.3,7.7,6.0,5.8,7.0,7.0,3.1,7.0,6.6,6.8,0.5,6.9,1.5,2.8,6.0,6.8,1,1,→,2032-2038,6.19,德国政策分析师：就业极其稳定，薪资回报高,"Germany Policy Analyst: extremely stable employment, high compensation",AI综合评估 + O*NET/ILO/OECD锚点校准
GOV-0103-NL-general,公共管理与公务员,GOV,中央/联邦公务员,政策分析师,Policy Analyst,2422,19-3094.00,西欧,荷兰,NL,country,general,硕士,24-30,global,6.7,7.8,5.2,8.6,4.6,3.5,4.8,4.6,7.4,6.4,9.0,9.7,7.8,6.9,6.5,6.4,5.9,0.9,6.3,7.5,5.9,6.2,6.9,7.5,2.9,7.5,6.9,7.3,0.5,7.0,1.9,2.9,5.6,6.5,1,1,→,2032-2038,6.17,荷兰政策分析师：就业极其稳定,Netherlands Policy Analyst: extremely stable employment,AI综合评估 + O*NET/ILO/OECD锚点校准
GOV-0103-CH-general,公共管理与公务员,GOV,中央/联邦公务员,政策分析师,Policy Analyst,2422,19-3094.00,西欧,瑞士,CH,country,general,硕士,24-30,global,6.5,7.6,5.0,8.5,4.5,3.3,5.0,4.6,8.1,6.9,9.5,9.7,7.8,7.1,6.0,6.9,5.8,0.9,6.0,8.0,5.8,5.9,7.0,7.6,3.4,6.8,7.1,6.7,0.6,7.2,1.8,2.9,5.6,6.6,1,0,→,2032-2038,6.22,瑞士政策分析师：就业极其稳定，薪资回报高,"Switzerland Policy Analyst: extremely stable employment, high compensation",AI综合评估 + O*NET/ILO/OECD锚点校准
GOV-0103-SE-general,公共管理与公务员,GOV,中央/联邦公务员,政策分析师,Policy Analyst,2422,19-3094.00,北欧,瑞典,SE,country,general,硕士,24-30,global,6.8,7.8,5.6,8.5,5.2,4.4,4.6,4.4,7.4,6.2,9.3,9.7,7.9,6.9,6.2,6.7,5.9,1.0,6.2,7.8,5.7,5.8,7.0,7.7,3.2,7.7,7.1,7.0,0.5,6.7,1.6,2.4,5.8,6.7,1,1,→,2032-2038,6.2,瑞典政策分析师：就业极其稳定,Sweden Policy Analyst: extremely stable employment,AI综合评估 + O*NET/ILO/OECD锚点校准
GOV-0103-DK-general,公共管理与公务员,GOV,中央/联邦公务员,政策分析师,Policy Analyst,2422,19-3094.00,北欧,丹麦,DK,country,general,硕士,24-30,global,7.0,7.4,5.3,8.5,5.5,4.4,4.6,4.6,7.6,6.3,9.5,9.7,7.8,6.9,6.1,6.7,5.9,1.2,6.0,7.2,5.7,6.2,6.9,7.5,3.2,7.9,7.1,7.2,0.5,6.7,2.0,2.7,6.0,6.8,1,1,→,2032-2038,6.2,丹麦政策分析师：就业极其稳定，薪资回报高,"Denmark Policy Analyst: extremely stable employment, high compensation",AI综合评估 + O*NET/ILO/OECD锚点校准
GOV-0103-FI-general,公共管理与公务员,GOV,中央/联邦公务员,政策分析师,Policy Analyst,2422,19-3094.00,北欧,芬兰,FI,country,general,硕士,24-30,global,6.8,7.7,5.2,8.7,5.0,3.9,4.6,4.5,6.8,5.9,9.3,9.7,7.6,7.1,6.3,6.6,5.6,0.9,6.1,7.7,5.9,6.1,7.1,7.4,3.3,7.4,6.6,7.3,0.7,7.0,2.1,2.7,5.8,6.6,1,1,→,2032-2038,6.12,芬兰政策分析师：就业极其稳定,Finland Policy Analyst: extremely stable employment,AI综合评估 + O*NET/ILO/OECD锚点校准
GOV-0103-IT-general,公共管理与公务员,GOV,中央/联邦公务员,政策分析师,Policy Analyst,2422,19-3094.00,南欧,意大利,IT,country,general,硕士,24-30,global,6.9,7.7,5.4,7.9,5.2,4.2,5.3,4.8,6.8,5.7,8.5,9.6,7.3,6.1,5.5,6.8,5.5,1.4,5.9,7.8,5.8,5.9,6.4,6.9,3.0,6.2,6.5,7.3,0.8,7.0,1.6,2.3,5.5,6.9,1,1,→,2028-2033,5.92,意大利政策分析师：就业极其稳定,Italy Policy Analyst: extremely stable employment,AI综合评估 + O*NET/ILO/OECD锚点校准
GOV-0103-ES-general,公共管理与公务员,GOV,中央/联邦公务员,政策分析师,Policy Analyst,2422,19-3094.00,南欧,西班牙,ES,country,general,硕士,24-30,global,6.7,7.8,5.0,8.0,4.8,3.9,5.7,4.5,6.6,5.7,8.3,9.6,7.4,6.3,6.0,6.5,5.4,1.5,6.3,7.9,5.4,5.6,6.5,6.8,2.7,6.4,6.9,7.0,0.5,7.5,2.1,2.4,5.7,6.8,1,1,→,2032-2038,5.89,西班牙政策分析师：就业稳定,Spain Policy Analyst: stable employment,AI综合评估 + O*NET/ILO/OECD锚点校准
GOV-0103-PT-general,公共管理与公务员,GOV,中央/联邦公务员,政策分析师,Policy Analyst,2422,19-3094.00,南欧,葡萄牙,PT,country,general,硕士,24-30,global,6.6,7.7,4.8,8.3,5.0,3.9,4.9,4.4,6.3,5.7,8.8,9.6,7.0,6.7,5.9,6.5,5.7,1.5,5.9,7.3,5.4,5.9,6.5,7.1,3.2,6.5,6.4,6.9,0.5,7.1,2.0,2.9,5.8,6.7,1,1,→,2028-2033,5.88,葡萄牙政策分析师：就业极其稳定,Portugal Policy Analyst: extremely stable employment,AI综合评估 + O*NET/ILO/OECD锚点校准
GOV-0103-PL-general,公共管理与公务员,GOV,中央/联邦公务员,政策分析师,Policy Analyst,2422,19-3094.00,东欧,波兰,PL,country,general,硕士,24-30,global,6.8,7.4,5.0,8.2,5.2,3.8,5.0,4.4,6.5,5.2,8.0,9.5,7.3,6.1,5.6,6.4,5.6,1.3,6.2,7.3,5.5,5.4,6.4,6.9,3.1,6.2,6.8,6.8,0.6,6.7,1.8,2.6,5.3,6.4,1,1,→,2032-2038,5.83,波兰政策分析师：就业稳定,Poland Policy Analyst: stable employment,AI综合评估 + O*NET/ILO/OECD锚点校准
GOV-0103-CZ-general,公共管理与公务员,GOV,中央/联邦公务员,政策分析师,Policy Analyst,2422,19-3094.00,东欧,捷克,CZ,country,general,硕士,24-30,global,6.7,7.3,5.2,8.1,5.1,3.7,4.7,4.6,6.3,5.5,8.5,9.7,7.2,6.3,6.1,6.8,5.3,1.6,5.9,7.4,5.4,5.8,6.6,7.0,3.3,6.1,6.8,6.7,0.7,6.9,2.2,2.5,5.7,6.3,1,1,→,2028-2033,5.86,捷克政策分析师：就业极其稳定,Czech Republic Policy Analyst: extremely stable employment,AI综合评估 + O*NET/ILO/OECD锚点校准
GOV-0103-RU-general,公共管理与公务员,GOV,中央/联邦公务员,政策分析师,Policy Analyst,2422,19-3094.00,东欧,俄罗斯,RU,country,general,硕士,24-30,global,6.6,7.4,5.3,7.9,5.5,4.8,4.7,4.6,6.0,5.2,7.7,9.5,6.9,6.0,5.1,6.9,5.3,1.7,6.1,7.2,5.6,5.2,5.8,6.7,3.0,6.4,6.3,6.9,0.3,6.9,1.9,2.5,5.4,6.5,1,2,↑,2032-2038,5.73,俄罗斯政策分析师：就业稳定,Russia Policy Analyst: stable employment,AI综合评估 + O*NET/ILO/OECD锚点校准
GOV-0103-US-general,公共管理与公务员,GOV,中央/联邦公务员,政策分析师,Policy Analyst,2422,19-3094.00,北美,美国,US,country,general,硕士,24-30,global,6.5,7.7,4.8,8.1,4.9,3.3,5.1,4.4,7.0,6.0,8.5,9.5,7.2,6.2,5.7,6.5,6.0,1.2,6.2,7.8,5.5,6.0,5.9,7.2,3.3,6.6,6.4,7.0,0.7,7.0,2.1,2.7,5.7,6.5,1,1,→,2032-2038,5.94,美国政策分析师：就业极其稳定,United States Policy Analyst: extremely stable employment,AI综合评估 + O*NET/ILO/OECD锚点校准
GOV-0103-CA-general,公共管理与公务员,GOV,中央/联邦公务员,政策分析师,Policy Analyst,2422,19-3094.00,北美,加拿大,CA,country,general,硕士,24-30,global,6.4,7.9,4.8,8.4,5.0,4.1,5.0,4.2,7.8,6.4,9.0,9.7,7.6,6.8,6.1,6.6,5.7,1.2,5.9,8.0,5.5,5.7,6.4,7.4,3.1,7.3,6.7,6.7,0.2,6.7,2.1,2.8,5.9,6.7,1,1,→,2028-2033,6.09,加拿大政策分析师：就业极其稳定，薪资回报高,"Canada Policy Analyst: extremely stable employment, high compensation",AI综合评估 + O*NET/ILO/OECD锚点校准
GOV-0103-MX-general,公共管理与公务员,GOV,中央/联邦公务员,政策分析师,Policy Analyst,2422,19-3094.00,北美,墨西哥,MX,country,general,硕士,24-30,global,6.6,7.7,4.8,8.0,5.2,4.3,4.6,4.3,5.7,4.9,7.2,9.3,6.9,5.6,5.6,6.3,5.6,1.8,5.9,7.0,5.4,5.2,5.5,6.9,3.1,5.7,6.7,7.2,0.6,6.6,2.1,2.2,5.3,6.2,1,1,→,2028-2033,5.58,墨西哥政策分析师：发展平稳,Mexico Policy Analyst: steady development,AI综合评估 + O*NET/ILO/OECD锚点校准
GOV-0103-BR-general,公共管理与公务员,GOV,中央/联邦公务员,政策分析师,Policy Analyst,2422,19-3094.00,南美,巴西,BR,country,general,硕士,24-30,global,6.5,7.4,5.5,8.1,5.3,4.7,5.0,4.6,6.7,5.8,8.1,9.4,6.9,6.3,5.6,6.3,5.3,1.4,6.3,7.9,5.2,5.4,6.2,7.0,3.0,5.9,6.6,7.3,0.4,7.4,1.7,2.7,5.4,6.9,1,2,↑,2032-2038,5.89,巴西政策分析师：就业稳定,Brazil Policy Analyst: stable employment,AI综合评估 + O*NET/ILO/OECD锚点校准
GOV-0103-AR-general,公共管理与公务员,GOV,中央/联邦公务员,政策分析师,Policy Analyst,2422,19-3094.00,南美,阿根廷,AR,country,general,硕士,24-30,global,6.7,7.5,5.4,7.9,5.4,4.4,4.8,4.4,6.0,5.1,7.3,9.4,7.1,5.6,5.3,6.8,5.4,1.5,5.8,7.0,5.6,5.3,5.8,7.0,3.1,5.9,6.2,6.9,0.6,6.7,1.9,2.6,5.7,6.7,0,2,↑,2028-2033,5.69,阿根廷政策分析师：发展平稳,Argentina Policy Analyst: steady development,AI综合评估 + O*NET/ILO/OECD锚点校准
GOV-0103-CL-general,公共管理与公务员,GOV,中央/联邦公务员,政策分析师,Policy Analyst,2422,19-3094.00,南美,智利,CL,country,general,硕士,24-30,global,6.3,7.4,4.7,8.1,4.7,3.5,4.8,4.3,6.7,5.3,8.3,9.5,7.0,5.9,5.6,6.7,5.4,1.3,6.3,7.2,5.6,5.5,6.1,7.5,3.4,6.2,6.5,7.2,0.6,6.5,2.0,2.5,5.6,6.7,1,1,→,2032-2038,5.84,智利政策分析师：就业稳定,Chile Policy Analyst: stable employment,AI综合评估 + O*NET/ILO/OECD锚点校准
GOV-0103-CO-general,公共管理与公务员,GOV,中央/联邦公务员,政策分析师,Policy Analyst,2422,19-3094.00,南美,哥伦比亚,CO,country,general,硕士,24-30,global,6.3,7.5,5.0,7.9,4.9,4.2,4.8,4.1,6.2,5.0,7.5,9.3,6.6,5.6,5.3,6.6,5.5,1.4,6.0,7.0,5.3,5.4,6.1,7.1,3.0,6.0,6.2,7.0,0.3,7.0,2.2,2.5,5.1,6.7,1,1,→,2032-2038,5.65,哥伦比亚政策分析师：就业稳定,Colombia Policy Analyst: stable employment,AI综合评估 + O*NET/ILO/OECD锚点校准
GOV-0103-AU-general,公共管理与公务员,GOV,中央/联邦公务员,政策分析师,Policy Analyst,2422,19-3094.00,大洋洲,澳大利亚,AU,country,general,硕士,24-30,global,6.4,7.9,5.4,8.7,5.1,3.9,4.6,4.4,7.4,6.4,9.3,9.8,7.6,6.8,6.2,6.7,5.9,1.3,5.9,7.6,6.0,6.2,7.0,7.1,3.3,6.9,6.5,7.0,0.3,6.9,1.9,2.9,6.1,6.4,1,1,→,2028-2033,6.15,澳大利亚政策分析师：就业极其稳定,Australia Policy Analyst: extremely stable employment,AI综合评估 + O*NET/ILO/OECD锚点校准
GOV-0103-NZ-general,公共管理与公务员,GOV,中央/联邦公务员,政策分析师,Policy Analyst,2422,19-3094.00,大洋洲,新西兰,NZ,country,general,硕士,24-30,global,6.5,7.5,4.8,8.5,4.8,3.4,5.2,4.4,7.0,6.1,9.4,9.6,7.4,6.7,6.0,6.6,5.6,1.1,5.9,7.3,5.7,6.3,6.9,7.5,3.3,7.6,7.1,7.1,0.5,6.9,1.9,2.7,5.8,6.2,1,1,→,2028-2033,6.1,新西兰政策分析师：就业极其稳定,New Zealand Policy Analyst: extremely stable employment,AI综合评估 + O*NET/ILO/OECD锚点校准
GOV-0103-ZA-general,公共管理与公务员,GOV,中央/联邦公务员,政策分析师,Policy Analyst,2422,19-3094.00,非洲,南非,ZA,country,general,硕士,24-30,global,6.8,7.5,5.2,7.8,5.4,4.5,4.8,4.1,6.4,5.2,7.3,9.4,6.8,6.0,5.7,6.5,5.6,1.5,6.1,7.0,5.1,5.2,5.7,7.0,2.7,5.9,6.2,7.2,0.8,6.4,2.0,2.1,5.5,6.3,1,1,→,2032-2038,5.69,南非政策分析师：发展平稳,South Africa Policy Analyst: steady development,AI综合评估 + O*NET/ILO/OECD锚点校准
GOV-0103-NG-general,公共管理与公务员,GOV,中央/联邦公务员,政策分析师,Policy Analyst,2422,19-3094.00,非洲,尼日利亚,NG,country,general,硕士,24-30,global,6.5,7.0,5.0,7.5,5.6,4.3,4.6,3.9,5.4,4.6,6.8,9.3,6.9,5.3,5.1,6.3,5.2,1.8,5.9,7.0,5.6,5.0,5.6,6.8,3.1,5.3,6.4,7.1,0.7,6.9,2.3,2.6,5.1,6.4,0,1,→,2028-2033,5.48,尼日利亚政策分析师：发展平稳,Nigeria Policy Analyst: steady development,AI综合评估 + O*NET/ILO/OECD锚点校准
GOV-0103-KE-general,公共管理与公务员,GOV,中央/联邦公务员,政策分析师,Policy Analyst,2422,19-3094.00,非洲,肯尼亚,KE,country,general,硕士,24-30,global,6.6,7.2,4.8,7.6,5.3,4.1,4.9,4.1,5.7,5.0,7.1,9.4,6.6,5.7,5.3,6.5,5.5,1.8,6.0,7.0,5.4,5.0,5.9,6.8,2.7,5.6,6.3,6.7,0.3,6.9,1.9,2.4,5.6,6.4,0,1,→,2032-2038,5.57,肯尼亚政策分析师：发展平稳,Kenya Policy Analyst: steady development,AI综合评估 + O*NET/ILO/OECD锚点校准
GOV-0103-EG-general,公共管理与公务员,GOV,中央/联邦公务员,政策分析师,Policy Analyst,2422,19-3094.00,非洲,埃及,EG,country,general,硕士,24-30,global,6.1,7.6,5.0,7.9,5.9,5.1,4.9,4.6,5.4,4.8,7.6,9.6,7.0,5.8,5.1,6.2,5.5,1.6,5.8,7.0,5.2,5.0,5.5,6.8,2.9,5.1,6.1,7.0,0.7,6.7,2.0,2.2,5.1,6.5,1,2,↑,2028-2033,5.6,埃及政策分析师：就业稳定,Egypt Policy Analyst: stable employment,AI综合评估 + O*NET/ILO/OECD锚点校准
GOV-0104-CN-general,公共管理与公务员,GOV,中央/联邦公务员,财政预算官员,Budget Analyst,2411,13-2031.00,东亚,中国,CN,country,general,本科/硕士,23-30,global,6.3,7.1,4.8,9.2,5.2,5.8,5.0,4.1,6.1,5.9,10.0,9.7,6.8,5.2,5.0,5.4,4.7,1.8,4.8,7.7,4.3,4.6,6.1,5.8,2.0,5.7,6.6,6.3,0.5,8.3,1.8,1.3,4.0,7.0,0,1,→,2028-2033,5.52,中国财政预算官员：就业极其稳定，准入门槛高,"China Budget Analyst: extremely stable employment, high entry barrier",AI综合评估 + O*NET/ILO/OECD锚点校准
GOV-0104-JP-general,公共管理与公务员,GOV,中央/联邦公务员,财政预算官员,Budget Analyst,2411,13-2031.00,东亚,日本,JP,country,general,本科/硕士,23-30,global,6.2,6.8,4.4,8.9,4.9,4.7,4.8,4.3,6.7,6.3,10.0,9.8,7.5,5.6,5.6,5.7,5.4,1.1,5.0,7.4,4.5,4.9,6.1,5.9,2.3,5.3,7.0,5.9,0.5,8.1,1.5,1.7,3.9,6.7,0,0,→,2028-2033,5.69,日本财政预算官员：就业极其稳定，准入门槛高,"Japan Budget Analyst: extremely stable employment, high entry barrier",AI综合评估 + O*NET/ILO/OECD锚点校准
GOV-0104-KR-general,公共管理与公务员,GOV,中央/联邦公务员,财政预算官员,Budget Analyst,2411,13-2031.00,东亚,韩国,KR,country,general,本科/硕士,23-30,global,6.4,6.6,4.3,8.7,4.3,4.4,4.9,4.5,6.9,6.1,9.6,9.5,7.2,5.7,5.4,5.6,5.1,1.3,5.2,8.1,4.6,4.8,6.0,6.0,2.3,4.8,7.1,6.0,0.4,8.0,1.7,1.4,4.0,7.0,0,0,→,2028-2033,5.62,韩国财政预算官员：就业极其稳定，准入门槛高,"South Korea Budget Analyst: extremely stable employment, high entry barrier",AI综合评估 + O*NET/ILO/OECD锚点校准
GOV-0104-TW-general,公共管理与公务员,GOV,中央/联邦公务员,财政预算官员,Budget Analyst,2411,13-2031.00,东亚,中国台湾地区,TW,region,general,本科/硕士,23-30,global,6.2,6.9,3.7,9.1,4.3,4.1,5.3,4.1,6.3,5.8,9.9,9.5,7.2,5.6,5.3,5.6,5.1,1.4,4.8,7.5,4.3,4.4,6.4,5.7,1.9,5.4,6.9,6.2,0.5,7.7,2.0,1.7,3.8,7.1,0,0,→,2028-2033,5.5,中国台湾地区财政预算官员：就业极其稳定,Taiwan (China) Budget Analyst: extremely stable employment,AI综合评估 + O*NET/ILO/OECD锚点校准
GOV-0104-HK-general,公共管理与公务员,GOV,中央/联邦公务员,财政预算官员,Budget Analyst,2411,13-2031.00,东亚,中国香港地区,HK,region,general,本科/硕士,23-30,global,6.0,6.8,3.9,8.9,4.4,4.2,4.4,3.8,6.8,6.0,9.9,9.6,7.3,5.8,4.9,5.6,5.2,1.0,5.0,7.0,4.5,4.8,6.2,6.1,2.1,6.1,6.8,5.7,0.4,7.3,1.7,1.5,4.3,6.6,0,0,→,2028-2033,5.59,中国香港地区财政预算官员：就业极其稳定,Hong Kong (China) Budget Analyst: extremely stable employment,AI综合评估 + O*NET/ILO/OECD锚点校准
GOV-0104-SG-general,公共管理与公务员,GOV,中央/联邦公务员,财政预算官员,Budget Analyst,2411,13-2031.00,东南亚,新加坡,SG,country,general,本科/硕士,23-30,global,6.0,7.0,3.7,9.2,4.3,3.9,4.8,4.0,7.7,6.5,10.0,9.7,7.5,5.6,5.6,5.8,5.3,1.2,4.9,7.4,4.5,5.0,6.2,5.9,2.4,6.0,7.1,5.7,0.6,7.6,1.8,1.9,4.2,6.7,0,-1,→,2028-2033,5.7,新加坡财政预算官员：就业极其稳定，薪资回报高,"Singapore Budget Analyst: extremely stable employment, high compensation",AI综合评估 + O*NET/ILO/OECD锚点校准
GOV-0104-TH-general,公共管理与公务员,GOV,中央/联邦公务员,财政预算官员,Budget Analyst,2411,13-2031.00,东南亚,泰国,TH,country,general,本科/硕士,23-30,global,6.1,6.2,3.9,8.2,4.6,4.6,4.5,3.9,5.4,5.4,8.9,9.5,7.5,6.0,5.2,5.2,4.8,1.7,5.0,6.7,4.4,4.6,6.7,5.2,1.8,5.6,7.2,5.7,0.7,7.6,2.1,1.4,3.7,7.2,0,0,→,2028-2033,5.34,泰国财政预算官员：就业极其稳定,Thailand Budget Analyst: extremely stable employment,AI综合评估 + O*NET/ILO/OECD锚点校准
GOV-0104-VN-general,公共管理与公务员,GOV,中央/联邦公务员,财政预算官员,Budget Analyst,2411,13-2031.00,东南亚,越南,VN,country,general,本科/硕士,23-30,global,6.2,6.8,4.3,8.8,5.1,5.5,4.7,3.9,5.4,5.5,9.4,9.7,7.3,5.7,5.3,5.4,4.6,1.6,5.1,7.0,4.5,4.1,6.3,5.1,1.8,5.8,6.8,5.9,0.6,7.6,2.1,1.5,3.6,7.0,0,1,→,2028-2033,5.41,越南财政预算官员：就业极其稳定,Vietnam Budget Analyst: extremely stable employment,AI综合评估 + O*NET/ILO/OECD锚点校准
GOV-0104-ID-general,公共管理与公务员,GOV,中央/联邦公务员,财政预算官员,Budget Analyst,2411,13-2031.00,东南亚,印度尼西亚,ID,country,general,本科/硕士,23-30,global,5.7,6.5,4.2,8.7,4.9,5.0,4.0,4.2,5.7,5.5,8.6,9.4,7.2,6.0,5.6,5.4,4.7,1.5,5.1,7.0,4.7,4.0,6.2,5.3,1.7,5.1,6.9,5.9,0.7,7.7,1.7,1.4,3.5,7.3,0,0,→,2028-2033,5.38,印度尼西亚财政预算官员：就业极其稳定,Indonesia Budget Analyst: extremely stable employment,AI综合评估 + O*NET/ILO/OECD锚点校准
GOV-0104-MY-general,公共管理与公务员,GOV,中央/联邦公务员,财政预算官员,Budget Analyst,2411,13-2031.00,东南亚,马来西亚,MY,country,general,本科/硕士,23-30,global,6.0,6.3,3.9,8.9,4.6,4.6,4.7,3.8,6.1,5.6,9.3,9.6,7.2,6.0,5.3,5.6,4.8,1.5,4.9,7.2,4.2,4.3,6.1,5.8,1.8,5.5,7.1,5.9,0.6,7.3,1.7,1.7,4.0,6.9,0,0,→,2028-2033,5.48,马来西亚财政预算官员：就业极其稳定,Malaysia Budget Analyst: extremely stable employment,AI综合评估 + O*NET/ILO/OECD锚点校准
GOV-0104-PH-general,公共管理与公务员,GOV,中央/联邦公务员,财政预算官员,Budget Analyst,2411,13-2031.00,东南亚,菲律宾,PH,country,general,本科/硕士,23-30,global,5.8,6.6,4.1,8.3,4.5,4.7,4.0,3.9,5.3,4.7,8.4,9.3,7.4,5.8,5.1,5.8,4.9,1.5,5.2,6.6,4.4,4.3,6.1,5.0,2.2,6.0,6.6,5.9,0.7,7.2,1.8,1.7,4.2,7.0,0,0,→,2028-2033,5.31,菲律宾财政预算官员：就业稳定,Philippines Budget Analyst: stable employment,AI综合评估 + O*NET/ILO/OECD锚点校准
GOV-0104-IN-general,公共管理与公务员,GOV,中央/联邦公务员,财政预算官员,Budget Analyst,2411,13-2031.00,南亚,印度,IN,country,general,本科/硕士,23-30,global,6.2,7.1,4.4,8.7,5.1,5.2,4.8,4.2,6.1,5.4,9.1,9.6,7.2,5.8,5.0,5.7,4.9,1.5,4.9,7.9,4.6,4.6,5.9,5.1,1.9,5.1,6.8,6.0,0.4,8.1,2.2,1.4,3.8,6.8,0,1,→,2028-2033,5.45,印度财政预算官员：就业极其稳定，准入门槛高,"India Budget Analyst: extremely stable employment, high entry barrier",AI综合评估 + O*NET/ILO/OECD锚点校准
GOV-0104-PK-general,公共管理与公务员,GOV,中央/联邦公务员,财政预算官员,Budget Analyst,2411,13-2031.00,南亚,巴基斯坦,PK,country,general,本科/硕士,23-30,global,5.6,6.4,4.3,8.1,4.5,4.8,4.5,4.3,4.9,5.2,8.1,9.4,7.4,5.1,5.2,5.5,5.0,1.8,4.6,6.6,4.5,4.2,6.2,5.4,1.9,4.4,6.9,6.2,0.6,7.8,1.9,1.5,3.7,6.9,0,0,→,2028-2033,5.24,巴基斯坦财政预算官员：就业稳定,Pakistan Budget Analyst: stable employment,AI综合评估 + O*NET/ILO/OECD锚点校准
GOV-0104-BD-general,公共管理与公务员,GOV,中央/联邦公务员,财政预算官员,Budget Analyst,2411,13-2031.00,南亚,孟加拉国,BD,country,general,本科/硕士,23-30,global,6.0,6.5,3.8,8.1,4.6,4.5,4.4,3.9,5.2,4.8,8.4,9.6,7.3,5.1,5.2,5.0,5.0,2.0,5.2,6.9,4.3,4.1,6.1,5.3,1.8,4.7,7.0,6.1,0.8,7.5,2.1,1.6,3.9,7.1,0,0,→,2028-2033,5.2,孟加拉国财政预算官员：就业稳定,Bangladesh Budget Analyst: stable employment,AI综合评估 + O*NET/ILO/OECD锚点校准
GOV-0104-AE-general,公共管理与公务员,GOV,中央/联邦公务员,财政预算官员,Budget Analyst,2411,13-2031.00,中亚/西亚,阿联酋,AE,country,general,本科/硕士,23-30,global,6.3,6.5,4.2,8.9,4.6,4.7,4.1,3.8,7.4,6.7,10.0,9.6,7.7,6.1,5.2,5.7,4.9,1.1,5.2,7.2,4.2,4.9,6.6,5.8,1.9,5.3,7.0,5.9,0.6,7.1,1.9,1.8,4.3,7.1,0,0,→,2028-2033,5.68,阿联酋财政预算官员：就业极其稳定,United Arab Emirates Budget Analyst: extremely stable employment,AI综合评估 + O*NET/ILO/OECD锚点校准
GOV-0104-IL-general,公共管理与公务员,GOV,中央/联邦公务员,财政预算官员,Budget Analyst,2411,13-2031.00,中亚/西亚,以色列,IL,country,general,本科/硕士,23-30,global,6.2,6.4,4.1,8.7,4.5,4.7,4.2,3.7,6.7,5.8,9.4,9.4,7.5,5.8,5.2,5.7,4.9,1.4,5.0,7.1,4.4,4.6,6.4,5.4,2.4,6.0,6.8,6.0,0.3,7.6,2.2,1.8,4.0,6.8,0,0,→,2028-2033,5.51,以色列财政预算官员：就业极其稳定,Israel Budget Analyst: extremely stable employment,AI综合评估 + O*NET/ILO/OECD锚点校准
GOV-0104-SA-general,公共管理与公务员,GOV,中央/联邦公务员,财政预算官员,Budget Analyst,2411,13-2031.00,中亚/西亚,沙特阿拉伯,SA,country,general,本科/硕士,23-30,global,5.8,6.1,4.4,9.0,5.0,5.3,3.9,3.6,7.3,6.0,9.6,9.6,7.1,5.9,5.3,5.7,5.0,1.6,4.8,6.6,4.2,4.2,5.9,5.3,2.0,4.6,6.7,6.1,0.3,7.2,2.1,1.5,4.2,7.1,0,1,→,2028-2033,5.51,沙特阿拉伯财政预算官员：就业极其稳定,Saudi Arabia Budget Analyst: extremely stable employment,AI综合评估 + O*NET/ILO/OECD锚点校准
GOV-0104-TR-general,公共管理与公务员,GOV,中央/联邦公务员,财政预算官员,Budget Analyst,2411,13-2031.00,中亚/西亚,土耳其,TR,country,general,本科/硕士,23-30,global,5.9,6.6,4.2,8.3,4.9,4.6,4.8,4.1,5.5,5.1,8.8,9.5,7.2,5.8,5.3,5.7,5.1,1.5,5.0,7.3,4.7,4.6,6.1,5.3,1.7,5.2,6.9,6.2,0.4,8.0,2.2,1.5,4.1,6.9,0,0,→,2028-2033,5.41,土耳其财政预算官员：就业极其稳定，准入门槛高,"Turkey Budget Analyst: extremely stable employment, high entry barrier",AI综合评估 + O*NET/ILO/OECD锚点校准
GOV-0104-GB-general,公共管理与公务员,GOV,中央/联邦公务员,财政预算官员,Budget Analyst,2411,13-2031.00,西欧,英国,GB,country,general,本科/硕士,23-30,global,5.9,6.9,3.8,8.9,4.4,4.2,4.7,4.0,6.6,5.8,10.0,9.7,7.7,6.5,5.8,6.0,5.0,1.2,4.9,7.0,4.5,4.7,6.9,5.7,1.9,6.5,7.4,6.0,0.4,7.5,2.1,1.9,4.5,6.8,0,0,→,2028-2033,5.67,英国财政预算官员：就业极其稳定,United Kingdom Budget Analyst: extremely stable employment,AI综合评估 + O*NET/ILO/OECD锚点校准
GOV-0104-FR-general,公共管理与公务员,GOV,中央/联邦公务员,财政预算官员,Budget Analyst,2411,13-2031.00,西欧,法国,FR,country,general,本科/硕士,23-30,global,6.3,7.0,4.2,8.7,4.9,5.2,4.5,4.4,6.4,6.1,9.9,9.7,8.1,6.5,6.1,5.5,5.1,1.4,5.3,7.6,4.7,5.1,7.4,5.6,1.9,6.4,7.2,5.9,0.6,8.0,1.9,1.3,3.9,7.0,0,1,→,2028-2033,5.72,法国财政预算官员：就业极其稳定，准入门槛高,"France Budget Analyst: extremely stable employment, high entry barrier",AI综合评估 + O*NET/ILO/OECD锚点校准
GOV-0104-DE-general,公共管理与公务员,GOV,中央/联邦公务员,财政预算官员,Budget Analyst,2411,13-2031.00,西欧,德国,DE,country,general,本科/硕士,23-30,global,6.1,6.6,4.2,9.0,4.4,4.5,4.9,4.3,6.7,6.0,10.0,9.7,8.3,7.2,6.1,5.8,4.9,1.2,5.3,7.5,4.6,5.2,7.3,5.9,2.0,6.2,7.0,5.7,0.3,7.7,1.7,1.9,4.2,7.2,0,0,→,2028-2033,5.81,德国财政预算官员：就业极其稳定,Germany Budget Analyst: extremely stable employment,AI综合评估 + O*NET/ILO/OECD锚点校准
GOV-0104-NL-general,公共管理与公务员,GOV,中央/联邦公务员,财政预算官员,Budget Analyst,2411,13-2031.00,西欧,荷兰,NL,country,general,本科/硕士,23-30,global,6.1,6.5,4.1,8.9,4.3,4.3,4.6,4.1,6.7,6.0,10.0,9.7,8.4,7.4,6.2,5.8,4.9,1.1,5.3,7.2,4.7,5.3,7.5,5.9,2.0,6.8,7.1,5.7,0.3,7.4,1.8,1.9,4.3,7.2,0,0,→,2028-2033,5.82,荷兰财政预算官员：就业极其稳定,Netherlands Budget Analyst: extremely stable employment,AI综合评估 + O*NET/ILO/OECD锚点校准
GOV-0104-CH-general,公共管理与公务员,GOV,中央/联邦公务员,财政预算官员,Budget Analyst,2411,13-2031.00,西欧,瑞士,CH,country,general,本科/硕士,23-30,global,6.4,6.9,4.0,9.5,4.1,4.1,4.7,4.0,7.7,6.4,9.8,9.7,8.3,7.1,6.3,5.9,5.1,1.0,4.9,7.4,5.1,5.1,7.6,5.6,2.3,6.1,7.0,6.3,0.7,7.7,1.5,1.8,4.3,6.8,0,-1,→,2028-2033,5.85,瑞士财政预算官员：就业极其稳定，薪资回报高,"Switzerland Budget Analyst: extremely stable employment, high compensation",AI综合评估 + O*NET/ILO/OECD锚点校准
GOV-0104-SE-general,公共管理与公务员,GOV,中央/联邦公务员,财政预算官员,Budget Analyst,2411,13-2031.00,北欧,瑞典,SE,country,general,本科/硕士,23-30,global,6.2,6.3,4.3,9.3,4.7,4.9,3.9,3.7,6.8,5.9,9.7,9.6,7.9,7.4,6.5,5.6,4.9,0.9,5.1,7.1,5.0,5.2,7.4,5.6,2.3,6.8,7.5,6.3,0.4,7.3,2.0,1.7,4.4,6.8,0,0,→,2028-2033,5.82,瑞典财政预算官员：就业极其稳定,Sweden Budget Analyst: extremely stable employment,AI综合评估 + O*NET/ILO/OECD锚点校准
GOV-0104-DK-general,公共管理与公务员,GOV,中央/联邦公务员,财政预算官员,Budget Analyst,2411,13-2031.00,北欧,丹麦,DK,country,general,本科/硕士,23-30,global,6.0,6.5,4.2,8.9,4.7,4.9,4.0,4.1,7.1,6.0,9.8,9.7,8.1,6.9,6.3,5.4,5.3,1.3,4.9,6.9,5.1,5.3,7.3,6.1,2.0,7.2,7.2,6.2,0.7,7.2,1.8,1.5,4.4,7.0,0,0,→,2028-2033,5.8,丹麦财政预算官员：就业极其稳定,Denmark Budget Analyst: extremely stable employment,AI综合评估 + O*NET/ILO/OECD锚点校准
GOV-0104-FI-general,公共管理与公务员,GOV,中央/联邦公务员,财政预算官员,Budget Analyst,2411,13-2031.00,北欧,芬兰,FI,country,general,本科/硕士,23-30,global,6.3,6.7,4.5,9.3,4.7,4.8,4.4,3.7,6.8,6.0,9.9,9.7,8.0,7.2,6.4,5.9,4.9,1.3,5.1,6.9,5.0,5.0,7.7,6.0,2.5,7.4,7.1,6.0,0.6,7.4,1.6,1.8,4.1,7.1,0,0,→,2028-2033,5.83,芬兰财政预算官员：就业极其稳定,Finland Budget Analyst: extremely stable employment,AI综合评估 + O*NET/ILO/OECD锚点校准
GOV-0104-IT-general,公共管理与公务员,GOV,中央/联邦公务员,财政预算官员,Budget Analyst,2411,13-2031.00,南欧,意大利,IT,country,general,本科/硕士,23-30,global,6.1,6.4,4.1,8.9,5.0,5.0,4.5,4.4,6.1,5.4,9.6,9.6,7.4,6.1,5.6,5.4,4.9,1.5,4.7,7.4,4.4,4.3,6.8,5.5,1.7,5.4,7.0,6.3,0.6,7.6,2.0,1.2,4.0,7.0,0,0,→,2028-2033,5.52,意大利财政预算官员：就业极其稳定,Italy Budget Analyst: extremely stable employment,AI综合评估 + O*NET/ILO/OECD锚点校准
GOV-0104-ES-general,公共管理与公务员,GOV,中央/联邦公务员,财政预算官员,Budget Analyst,2411,13-2031.00,南欧,西班牙,ES,country,general,本科/硕士,23-30,global,6.3,6.5,4.3,8.4,4.6,4.7,4.6,4.4,6.5,5.5,9.5,9.6,7.7,6.5,5.6,5.8,5.2,1.4,4.8,7.3,4.5,4.9,7.1,5.4,2.1,5.6,7.2,6.0,0.2,8.1,1.6,1.6,4.3,7.3,0,0,→,2028-2033,5.61,西班牙财政预算官员：就业极其稳定，准入门槛高,"Spain Budget Analyst: extremely stable employment, high entry barrier",AI综合评估 + O*NET/ILO/OECD锚点校准
GOV-0104-PT-general,公共管理与公务员,GOV,中央/联邦公务员,财政预算官员,Budget Analyst,2411,13-2031.00,南欧,葡萄牙,PT,country,general,本科/硕士,23-30,global,6.3,6.3,4.2,8.5,4.8,4.2,4.8,4.2,6.0,5.8,9.3,9.6,7.8,6.3,5.7,5.3,5.3,1.5,5.2,6.8,4.9,4.7,6.7,5.7,2.1,5.9,7.1,5.9,0.5,7.9,2.0,1.5,4.3,7.3,0,0,→,2028-2033,5.58,葡萄牙财政预算官员：就业极其稳定,Portugal Budget Analyst: extremely stable employment,AI综合评估 + O*NET/ILO/OECD锚点校准
GOV-0104-PL-general,公共管理与公务员,GOV,中央/联邦公务员,财政预算官员,Budget Analyst,2411,13-2031.00,东欧,波兰,PL,country,general,本科/硕士,23-30,global,6.1,6.7,4.2,8.7,4.5,4.7,4.1,3.6,6.0,5.7,9.1,9.6,7.9,6.7,6.0,5.7,5.0,1.5,4.9,7.0,4.8,4.5,6.8,5.8,2.1,5.9,7.0,5.9,0.3,7.3,2.2,1.7,4.2,6.7,0,0,→,2028-2033,5.54,波兰财政预算官员：就业极其稳定,Poland Budget Analyst: extremely stable employment,AI综合评估 + O*NET/ILO/OECD锚点校准
GOV-0104-CZ-general,公共管理与公务员,GOV,中央/联邦公务员,财政预算官员,Budget Analyst,2411,13-2031.00,东欧,捷克,CZ,country,general,本科/硕士,23-30,global,6.0,6.4,4.0,8.8,4.6,4.1,4.7,4.0,6.2,5.8,9.7,9.6,8.0,6.4,6.0,5.8,5.0,1.3,4.8,6.8,4.6,5.1,7.0,5.5,2.1,5.9,7.4,5.9,0.4,7.4,1.7,1.3,4.0,6.9,0,0,→,2028-2033,5.62,捷克财政预算官员：就业极其稳定,Czech Republic Budget Analyst: extremely stable employment,AI综合评估 + O*NET/ILO/OECD锚点校准
GOV-0104-RU-general,公共管理与公务员,GOV,中央/联邦公务员,财政预算官员,Budget Analyst,2411,13-2031.00,东欧,俄罗斯,RU,country,general,本科/硕士,23-30,global,5.9,6.3,4.2,8.5,4.8,5.6,4.3,3.6,5.8,5.2,9.0,9.6,7.7,5.5,5.3,5.9,4.9,1.9,5.0,6.5,4.7,4.4,6.5,5.4,2.1,5.7,6.7,6.1,0.5,7.6,2.2,1.4,3.6,6.9,0,1,→,2028-2033,5.4,俄罗斯财政预算官员：就业极其稳定,Russia Budget Analyst: extremely stable employment,AI综合评估 + O*NET/ILO/OECD锚点校准
GOV-0104-US-general,公共管理与公务员,GOV,中央/联邦公务员,财政预算官员,Budget Analyst,2411,13-2031.00,北美,美国,US,country,general,本科/硕士,23-30,global,6.3,6.4,4.0,8.5,4.1,4.3,4.9,3.8,7.0,6.0,9.5,9.6,7.7,6.3,5.5,5.6,5.0,1.3,5.5,6.9,4.7,5.0,6.7,5.6,2.1,6.3,7.0,6.2,0.7,7.2,1.8,1.5,4.3,6.8,0,0,→,2028-2033,5.66,美国财政预算官员：就业极其稳定,United States Budget Analyst: extremely stable employment,AI综合评估 + O*NET/ILO/OECD锚点校准
GOV-0104-CA-general,公共管理与公务员,GOV,中央/联邦公务员,财政预算官员,Budget Analyst,2411,13-2031.00,北美,加拿大,CA,country,general,本科/硕士,23-30,global,6.4,6.5,4.0,9.2,4.2,4.1,4.5,4.2,6.9,6.4,10.0,9.8,7.9,6.4,5.7,5.4,5.4,1.2,5.4,7.4,4.7,5.0,7.4,5.9,2.1,6.3,7.3,6.2,0.7,7.3,1.7,1.7,4.4,7.1,0,0,→,2028-2033,5.78,加拿大财政预算官员：就业极其稳定,Canada Budget Analyst: extremely stable employment,AI综合评估 + O*NET/ILO/OECD锚点校准
GOV-0104-MX-general,公共管理与公务员,GOV,中央/联邦公务员,财政预算官员,Budget Analyst,2411,13-2031.00,北美,墨西哥,MX,country,general,本科/硕士,23-30,global,5.7,6.5,4.0,8.5,4.3,4.8,4.2,4.1,5.5,5.0,8.5,9.3,7.5,5.7,5.3,5.8,5.0,1.6,5.3,6.3,4.2,4.3,6.1,5.1,1.8,5.2,7.0,6.2,0.6,7.5,2.1,1.1,3.7,7.0,0,0,→,2028-2033,5.3,墨西哥财政预算官员：就业极其稳定,Mexico Budget Analyst: extremely stable employment,AI综合评估 + O*NET/ILO/OECD锚点校准
GOV-0104-BR-general,公共管理与公务员,GOV,中央/联邦公务员,财政预算官员,Budget Analyst,2411,13-2031.00,南美,巴西,BR,country,general,本科/硕士,23-30,global,5.8,6.6,4.6,8.4,4.9,5.2,4.7,4.5,6.1,5.9,9.2,9.5,7.6,5.8,5.3,5.3,5.0,1.4,5.2,7.5,4.8,4.1,6.2,5.4,1.9,5.3,6.9,5.8,0.7,8.0,2.3,1.4,3.7,7.1,0,1,→,2028-2033,5.52,巴西财政预算官员：就业极其稳定，准入门槛高,"Brazil Budget Analyst: extremely stable employment, high entry barrier",AI综合评估 + O*NET/ILO/OECD锚点校准
GOV-0104-AR-general,公共管理与公务员,GOV,中央/联邦公务员,财政预算官员,Budget Analyst,2411,13-2031.00,南美,阿根廷,AR,country,general,本科/硕士,23-30,global,5.8,6.4,3.8,8.1,4.6,5.3,3.9,3.9,5.2,4.9,8.5,9.3,7.4,5.7,5.1,5.4,4.6,1.7,4.9,6.3,4.4,4.0,6.1,5.0,1.9,5.2,7.0,6.0,0.8,7.3,2.4,1.4,3.8,6.9,-1,1,→,2028-2033,5.2,阿根廷财政预算官员：就业极其稳定,Argentina Budget Analyst: extremely stable employment,AI综合评估 + O*NET/ILO/OECD锚点校准
GOV-0104-CL-general,公共管理与公务员,GOV,中央/联邦公务员,财政预算官员,Budget Analyst,2411,13-2031.00,南美,智利,CL,country,general,本科/硕士,23-30,global,6.1,6.5,3.8,8.3,4.0,4.2,4.6,3.7,6.1,5.8,9.4,9.4,7.5,5.8,5.4,5.5,5.2,1.6,5.0,6.8,4.4,4.8,6.8,5.6,2.4,5.2,6.9,6.2,0.5,7.2,2.0,1.5,3.8,6.7,0,0,→,2028-2033,5.45,智利财政预算官员：就业极其稳定,Chile Budget Analyst: extremely stable employment,AI综合评估 + O*NET/ILO/OECD锚点校准
GOV-0104-CO-general,公共管理与公务员,GOV,中央/联邦公务员,财政预算官员,Budget Analyst,2411,13-2031.00,南美,哥伦比亚,CO,country,general,本科/硕士,23-30,global,6.1,6.1,3.8,8.2,4.8,4.4,4.2,4.2,5.7,5.2,8.6,9.5,7.2,5.9,5.2,5.3,5.0,1.8,4.8,6.5,4.4,4.6,6.2,5.5,2.1,5.2,6.8,6.0,0.7,7.6,2.2,1.4,4.1,7.0,0,0,→,2028-2033,5.31,哥伦比亚财政预算官员：就业极其稳定,Colombia Budget Analyst: extremely stable employment,AI综合评估 + O*NET/ILO/OECD锚点校准
GOV-0104-AU-general,公共管理与公务员,GOV,中央/联邦公务员,财政预算官员,Budget Analyst,2411,13-2031.00,大洋洲,澳大利亚,AU,country,general,本科/硕士,23-30,global,6.3,6.3,4.0,9.1,4.5,4.2,4.6,3.9,7.1,6.0,10.0,9.7,7.7,7.1,6.2,5.9,5.3,1.0,5.2,7.0,4.6,4.9,7.3,5.8,2.2,6.4,7.3,5.9,0.8,7.7,1.9,1.9,4.2,6.9,0,0,→,2028-2033,5.79,澳大利亚财政预算官员：就业极其稳定,Australia Budget Analyst: extremely stable employment,AI综合评估 + O*NET/ILO/OECD锚点校准
GOV-0104-NZ-general,公共管理与公务员,GOV,中央/联邦公务员,财政预算官员,Budget Analyst,2411,13-2031.00,大洋洲,新西兰,NZ,country,general,本科/硕士,23-30,global,6.1,6.6,3.7,8.9,4.2,4.0,4.6,4.1,6.5,6.3,10.0,9.7,8.3,6.9,5.8,5.6,5.1,1.1,5.1,6.9,4.8,5.3,7.5,5.8,2.2,6.9,7.4,6.0,0.8,7.4,1.6,1.5,4.3,7.0,0,0,→,2028-2033,5.75,新西兰财政预算官员：就业极其稳定,New Zealand Budget Analyst: extremely stable employment,AI综合评估 + O*NET/ILO/OECD锚点校准
GOV-0104-ZA-general,公共管理与公务员,GOV,中央/联邦公务员,财政预算官员,Budget Analyst,2411,13-2031.00,非洲,南非,ZA,country,general,本科/硕士,23-30,global,6.0,6.3,4.1,8.3,4.6,4.4,4.1,3.8,5.8,5.1,8.4,9.4,7.6,5.9,5.6,5.2,4.7,1.6,4.7,6.5,4.4,4.0,6.2,5.0,1.7,5.7,6.8,5.9,0.7,7.4,2.0,1.4,3.7,7.2,0,0,→,2028-2033,5.26,南非财政预算官员：就业稳定,South Africa Budget Analyst: stable employment,AI综合评估 + O*NET/ILO/OECD锚点校准
GOV-0104-NG-general,公共管理与公务员,GOV,中央/联邦公务员,财政预算官员,Budget Analyst,2411,13-2031.00,非洲,尼日利亚,NG,country,general,本科/硕士,23-30,global,5.7,6.0,4.1,8.3,4.7,5.2,3.8,3.6,5.0,4.8,8.2,9.3,7.5,5.6,5.2,5.5,4.8,1.7,4.9,6.4,4.3,4.3,6.2,5.2,2.0,4.9,6.7,5.9,0.4,7.2,2.3,1.3,3.7,7.3,-1,0,→,2028-2033,5.21,尼日利亚财政预算官员：就业稳定,Nigeria Budget Analyst: stable employment,AI综合评估 + O*NET/ILO/OECD锚点校准
GOV-0104-KE-general,公共管理与公务员,GOV,中央/联邦公务员,财政预算官员,Budget Analyst,2411,13-2031.00,非洲,肯尼亚,KE,country,general,本科/硕士,23-30,global,6.2,6.3,4.1,8.3,4.4,4.4,4.3,3.6,5.3,5.2,8.4,9.3,7.0,5.4,5.4,5.1,4.6,1.6,4.7,6.5,4.2,4.1,6.2,5.3,1.8,5.3,6.9,6.2,0.3,7.1,2.1,1.7,4.0,7.0,-1,0,→,2028-2033,5.22,肯尼亚财政预算官员：就业稳定,Kenya Budget Analyst: stable employment,AI综合评估 + O*NET/ILO/OECD锚点校准
GOV-0104-EG-general,公共管理与公务员,GOV,中央/联邦公务员,财政预算官员,Budget Analyst,2411,13-2031.00,非洲,埃及,EG,country,general,本科/硕士,23-30,global,5.9,6.4,4.3,8.3,5.3,5.3,4.5,3.8,5.1,5.2,8.8,9.5,7.0,5.6,5.3,5.6,4.8,1.6,5.2,6.5,4.5,4.3,6.2,5.5,2.0,4.7,6.9,6.0,0.5,7.2,2.2,1.3,3.8,7.0,0,1,→,2028-2033,5.35,埃及财政预算官员：就业极其稳定,Egypt Budget Analyst: extremely stable employment,AI综合评估 + O*NET/ILO/OECD锚点校准
GOV-0105-CN-general,公共管理与公务员,GOV,中央/联邦公务员,税务官员,Tax Official,3353,13-2081.00,东亚,中国,CN,country,general,本科,22-28,global,5.5,6.4,3.8,9.4,5.8,6.7,4.3,3.8,5.9,5.8,10.0,9.3,7.4,5.9,4.9,4.4,4.1,2.9,4.7,7.4,4.1,3.6,6.0,4.9,1.2,5.6,7.1,6.5,0.7,8.9,1.5,1.0,3.2,8.3,-1,0,→,2028-2033,5.27,中国税务官员：就业极其稳定，准入门槛高,"China Tax Official: extremely stable employment, high entry barrier",AI综合评估 + O*NET/ILO/OECD锚点校准
GOV-0105-JP-general,公共管理与公务员,GOV,中央/联邦公务员,税务官员,Tax Official,3353,13-2081.00,东亚,日本,JP,country,general,本科,22-28,global,5.4,6.5,3.9,9.4,5.2,5.7,4.7,3.9,6.6,6.3,9.8,9.2,7.2,6.4,5.5,4.6,4.0,2.8,4.5,7.1,4.1,4.3,6.2,4.9,1.3,5.6,7.3,6.4,1.0,8.4,1.2,1.3,3.1,7.9,-1,-1,→,2028-2033,5.38,日本税务官员：就业极其稳定，准入门槛高,"Japan Tax Official: extremely stable employment, high entry barrier",AI综合评估 + O*NET/ILO/OECD锚点校准
GOV-0105-KR-general,公共管理与公务员,GOV,中央/联邦公务员,税务官员,Tax Official,3353,13-2081.00,东亚,韩国,KR,country,general,本科,22-28,global,5.8,6.4,3.7,9.1,5.3,5.3,4.7,3.8,5.9,6.0,10.0,9.2,7.3,6.2,5.5,4.6,4.4,2.8,4.6,7.1,3.7,4.2,6.3,5.1,1.5,5.3,7.4,6.2,0.8,8.7,1.4,1.4,2.7,8.3,-1,-1,→,2028-2033,5.28,韩国税务官员：就业极其稳定，准入门槛高,"South Korea Tax Official: extremely stable employment, high entry barrier",AI综合评估 + O*NET/ILO/OECD锚点校准
GOV-0105-TW-general,公共管理与公务员,GOV,中央/联邦公务员,税务官员,Tax Official,3353,13-2081.00,东亚,中国台湾地区,TW,region,general,本科,22-28,global,5.5,6.2,3.7,9.3,5.1,5.5,4.7,3.7,5.6,5.5,10.0,9.0,7.7,6.2,5.5,4.5,4.2,3.1,4.4,7.2,4.0,4.3,6.5,5.0,1.4,5.8,7.2,6.4,0.9,8.2,1.3,1.1,2.8,8.2,-1,-1,→,2026-2030,5.26,中国台湾地区税务官员：就业极其稳定，准入门槛高,"Taiwan (China) Tax Official: extremely stable employment, high entry barrier",AI综合评估 + O*NET/ILO/OECD锚点校准
GOV-0105-HK-general,公共管理与公务员,GOV,中央/联邦公务员,税务官员,Tax Official,3353,13-2081.00,东亚,中国香港地区,HK,region,general,本科,22-28,global,5.7,5.8,3.5,9.0,4.7,4.9,4.0,3.7,6.5,5.8,10.0,9.1,7.1,5.8,5.5,4.4,4.4,2.9,4.6,7.0,3.8,4.4,6.2,5.6,1.4,5.6,7.5,6.5,1.0,7.8,1.5,1.1,3.2,7.9,-1,-1,→,2028-2033,5.28,中国香港地区税务官员：就业极其稳定,Hong Kong (China) Tax Official: extremely stable employment,AI综合评估 + O*NET/ILO/OECD锚点校准
GOV-0105-SG-general,公共管理与公务员,GOV,中央/联邦公务员,税务官员,Tax Official,3353,13-2081.00,东南亚,新加坡,SG,country,general,本科,22-28,global,5.7,6.0,3.3,9.8,4.4,4.9,4.5,3.5,7.4,6.5,9.8,9.4,7.1,6.2,5.3,4.4,4.5,2.7,4.8,6.8,3.8,4.3,6.2,5.2,1.7,6.4,7.6,6.4,0.7,8.2,1.4,1.3,3.6,8.1,-1,-2,↓,2028-2033,5.41,新加坡税务官员：就业极其稳定，准入门槛高，近年需求下降,"Singapore Tax Official: extremely stable employment, high entry barrier, declining demand",AI综合评估 + O*NET/ILO/OECD锚点校准
GOV-0105-TH-general,公共管理与公务员,GOV,中央/联邦公务员,税务官员,Tax Official,3353,13-2081.00,东南亚,泰国,TH,country,general,本科,22-28,global,5.6,6.0,3.3,8.9,5.2,6.2,3.8,3.1,5.2,5.0,9.6,9.0,7.7,6.7,5.2,4.8,3.9,3.2,4.3,6.4,4.3,4.1,6.2,5.0,1.7,6.0,7.8,6.4,1.2,7.8,1.8,0.9,2.8,8.4,-1,-1,→,2026-2030,5.11,泰国税务官员：就业极其稳定,Thailand Tax Official: extremely stable employment,AI综合评估 + O*NET/ILO/OECD锚点校准
GOV-0105-VN-general,公共管理与公务员,GOV,中央/联邦公务员,税务官员,Tax Official,3353,13-2081.00,东南亚,越南,VN,country,general,本科,22-28,global,5.4,6.0,4.0,9.1,5.7,6.3,4.2,3.5,4.8,5.5,10.0,9.0,7.2,6.4,5.3,4.4,4.1,3.1,4.2,6.3,3.7,3.9,6.4,4.6,1.7,5.6,7.5,6.3,1.0,7.9,1.5,1.1,2.7,7.9,-1,0,→,2026-2030,5.16,越南税务官员：就业极其稳定,Vietnam Tax Official: extremely stable employment,AI综合评估 + O*NET/ILO/OECD锚点校准
GOV-0105-ID-general,公共管理与公务员,GOV,中央/联邦公务员,税务官员,Tax Official,3353,13-2081.00,东南亚,印度尼西亚,ID,country,general,本科,22-28,global,5.2,5.7,3.4,8.9,5.1,5.9,3.7,3.4,5.1,5.0,9.2,8.9,7.3,6.3,5.7,4.4,4.0,3.0,4.6,6.0,3.9,4.0,6.5,4.7,1.1,5.2,7.2,6.7,1.2,7.9,1.3,1.1,2.7,8.1,-1,-1,→,2028-2033,5.08,印度尼西亚税务官员：就业极其稳定,Indonesia Tax Official: extremely stable employment,AI综合评估 + O*NET/ILO/OECD锚点校准
GOV-0105-MY-general,公共管理与公务员,GOV,中央/联邦公务员,税务官员,Tax Official,3353,13-2081.00,东南亚,马来西亚,MY,country,general,本科,22-28,global,5.5,6.2,3.5,8.9,5.4,6.0,4.3,3.4,5.5,5.7,10.0,9.2,7.7,6.5,5.3,4.2,3.8,3.2,4.6,6.5,4.2,4.0,6.3,5.2,1.2,5.7,7.4,6.6,1.3,8.3,1.5,1.2,2.7,8.2,-1,-1,→,2028-2033,5.19,马来西亚税务官员：就业极其稳定，准入门槛高,"Malaysia Tax Official: extremely stable employment, high entry barrier",AI综合评估 + O*NET/ILO/OECD锚点校准
GOV-0105-PH-general,公共管理与公务员,GOV,中央/联邦公务员,税务官员,Tax Official,3353,13-2081.00,东南亚,菲律宾,PH,country,general,本科,22-28,global,5.6,6.0,3.4,8.7,5.0,5.5,4.1,3.4,4.7,5.3,9.0,8.8,7.5,6.1,5.2,4.7,3.9,3.1,4.8,6.0,3.9,4.0,6.0,4.6,1.5,6.2,7.1,6.2,0.8,8.1,1.5,1.0,2.8,7.9,-1,-1,→,2028-2033,5.03,菲律宾税务官员：就业极其稳定，准入门槛高,"Philippines Tax Official: extremely stable employment, high entry barrier",AI综合评估 + O*NET/ILO/OECD锚点校准
GOV-0105-IN-general,公共管理与公务员,GOV,中央/联邦公务员,税务官员,Tax Official,3353,13-2081.00,南亚,印度,IN,country,general,本科,22-28,global,5.9,6.1,3.7,9.1,5.5,6.0,4.3,3.7,5.7,5.8,9.5,9.0,7.4,6.2,5.4,4.8,3.8,3.1,4.4,6.9,3.7,3.9,6.1,4.9,1.2,4.9,7.4,6.5,1.0,8.6,1.3,1.1,3.0,8.2,-1,0,→,2026-2030,5.17,印度税务官员：就业极其稳定，准入门槛高,"India Tax Official: extremely stable employment, high entry barrier",AI综合评估 + O*NET/ILO/OECD锚点校准
GOV-0105-PK-general,公共管理与公务员,GOV,中央/联邦公务员,税务官员,Tax Official,3353,13-2081.00,南亚,巴基斯坦,PK,country,general,本科,22-28,global,5.1,6.0,3.4,8.9,5.2,6.1,3.9,3.8,4.6,4.9,9.2,8.8,7.5,5.9,5.1,4.5,4.1,3.3,4.5,6.2,3.8,3.3,5.9,4.7,1.4,4.3,7.0,6.3,1.0,8.3,1.8,1.0,3.0,8.3,-1,-1,→,2028-2033,4.95,巴基斯坦税务官员：就业极其稳定，准入门槛高,"Pakistan Tax Official: extremely stable employment, high entry barrier",AI综合评估 + O*NET/ILO/OECD锚点校准
GOV-0105-BD-general,公共管理与公务员,GOV,中央/联邦公务员,税务官员,Tax Official,3353,13-2081.00,南亚,孟加拉国,BD,country,general,本科,22-28,global,5.0,6.1,3.5,9.0,5.4,5.7,3.9,3.3,4.5,5.0,9.2,9.0,7.1,5.8,5.2,4.3,3.9,3.4,4.7,6.6,3.7,3.7,6.0,4.6,1.5,4.6,7.4,6.2,1.0,8.4,1.4,1.0,2.7,7.7,-1,-1,→,2028-2033,4.97,孟加拉国税务官员：就业极其稳定，准入门槛高,"Bangladesh Tax Official: extremely stable employment, high entry barrier",AI综合评估 + O*NET/ILO/OECD锚点校准
GOV-0105-AE-general,公共管理与公务员,GOV,中央/联邦公务员,税务官员,Tax Official,3353,13-2081.00,中亚/西亚,阿联酋,AE,country,general,本科,22-28,global,5.7,6.2,3.5,9.2,5.0,5.8,3.6,3.3,6.9,6.5,9.8,9.3,7.6,6.0,5.2,4.7,4.4,2.6,4.5,6.1,3.8,4.0,6.1,5.0,1.6,5.3,7.2,6.3,1.2,7.4,1.2,1.1,3.2,7.9,-1,-1,→,2028-2033,5.29,阿联酋税务官员：就业极其稳定,United Arab Emirates Tax Official: extremely stable employment,AI综合评估 + O*NET/ILO/OECD锚点校准
GOV-0105-IL-general,公共管理与公务员,GOV,中央/联邦公务员,税务官员,Tax Official,3353,13-2081.00,中亚/西亚,以色列,IL,country,general,本科,22-28,global,5.5,5.9,3.5,8.8,4.7,5.4,4.0,3.1,6.0,5.7,10.0,8.9,7.5,6.3,5.7,4.9,4.4,3.0,4.4,6.5,3.9,4.3,6.4,5.1,1.8,6.3,7.4,6.7,1.0,7.8,1.6,1.1,3.3,8.2,-1,-1,→,2026-2030,5.25,以色列税务官员：就业极其稳定,Israel Tax Official: extremely stable employment,AI综合评估 + O*NET/ILO/OECD锚点校准
GOV-0105-SA-general,公共管理与公务员,GOV,中央/联邦公务员,税务官员,Tax Official,3353,13-2081.00,中亚/西亚,沙特阿拉伯,SA,country,general,本科,22-28,global,5.2,6.0,4.0,9.6,5.9,6.4,3.6,3.2,6.7,6.2,9.9,9.1,7.2,6.0,5.2,4.8,3.8,3.1,4.7,6.3,3.8,4.1,5.8,4.8,1.3,4.7,7.2,6.4,1.2,7.4,1.6,0.8,2.8,8.2,-1,0,→,2028-2033,5.26,沙特阿拉伯税务官员：就业极其稳定,Saudi Arabia Tax Official: extremely stable employment,AI综合评估 + O*NET/ILO/OECD锚点校准
GOV-0105-TR-general,公共管理与公务员,GOV,中央/联邦公务员,税务官员,Tax Official,3353,13-2081.00,中亚/西亚,土耳其,TR,country,general,本科,22-28,global,5.4,5.9,3.4,9.1,5.3,6.0,4.1,3.5,5.2,5.2,9.4,9.0,7.5,6.1,5.0,4.3,4.0,3.0,4.6,6.7,3.6,4.0,5.8,5.1,1.7,4.9,7.5,6.6,0.8,8.3,1.3,1.1,3.0,8.4,-1,-1,→,2028-2033,5.11,土耳其税务官员：就业极其稳定，准入门槛高,"Turkey Tax Official: extremely stable employment, high entry barrier",AI综合评估 + O*NET/ILO/OECD锚点校准
GOV-0105-GB-general,公共管理与公务员,GOV,中央/联邦公务员,税务官员,Tax Official,3353,13-2081.00,西欧,英国,GB,country,general,本科,22-28,global,5.8,6.1,3.8,9.3,5.2,5.3,4.0,3.6,5.9,6.1,10.0,9.1,7.7,7.3,5.9,4.5,4.5,2.6,4.7,6.9,3.9,4.4,6.8,5.4,1.4,6.1,7.4,6.6,0.9,7.7,1.4,1.2,3.4,8.1,-1,-1,→,2028-2033,5.42,英国税务官员：就业极其稳定,United Kingdom Tax Official: extremely stable employment,AI综合评估 + O*NET/ILO/OECD锚点校准
GOV-0105-FR-general,公共管理与公务员,GOV,中央/联邦公务员,税务官员,Tax Official,3353,13-2081.00,西欧,法国,FR,country,general,本科,22-28,global,5.8,6.2,3.8,9.5,5.3,6.7,3.9,3.5,5.8,6.0,9.8,9.2,8.1,7.0,6.0,4.8,3.9,2.7,4.3,6.8,4.1,4.3,7.2,5.4,1.5,6.0,8.1,6.7,1.0,8.4,1.2,1.0,3.0,7.8,-1,0,→,2026-2030,5.4,法国税务官员：就业极其稳定，准入门槛高,"France Tax Official: extremely stable employment, high entry barrier",AI综合评估 + O*NET/ILO/OECD锚点校准
GOV-0105-DE-general,公共管理与公务员,GOV,中央/联邦公务员,税务官员,Tax Official,3353,13-2081.00,西欧,德国,DE,country,general,本科,22-28,global,6.0,5.9,3.9,9.4,5.2,5.8,4.0,3.3,6.4,6.0,10.0,9.3,8.0,7.5,6.1,4.9,4.2,2.6,4.9,7.1,4.5,4.4,7.5,5.4,1.8,6.3,7.8,6.5,0.7,8.0,1.5,1.1,3.2,8.0,-1,-1,→,2028-2033,5.54,德国税务官员：就业极其稳定，准入门槛高,"Germany Tax Official: extremely stable employment, high entry barrier",AI综合评估 + O*NET/ILO/OECD锚点校准
GOV-0105-NL-general,公共管理与公务员,GOV,中央/联邦公务员,税务官员,Tax Official,3353,13-2081.00,西欧,荷兰,NL,country,general,本科,22-28,global,5.6,5.9,3.9,9.3,4.8,5.0,4.2,3.2,6.3,6.2,10.0,9.1,8.2,7.8,6.3,4.7,4.2,2.6,4.8,6.7,4.5,4.5,7.8,5.5,1.5,6.8,7.8,6.4,1.2,7.7,1.5,1.5,3.0,8.0,-1,-1,→,2028-2033,5.54,荷兰税务官员：就业极其稳定,Netherlands Tax Official: extremely stable employment,AI综合评估 + O*NET/ILO/OECD锚点校准
GOV-0105-CH-general,公共管理与公务员,GOV,中央/联邦公务员,税务官员,Tax Official,3353,13-2081.00,西欧,瑞士,CH,country,general,本科,22-28,global,5.4,6.1,3.5,9.4,4.5,4.6,4.0,3.1,6.9,6.8,9.9,9.3,7.7,7.3,6.2,4.9,4.3,2.6,4.5,6.8,4.6,4.6,7.5,5.7,1.9,6.0,7.9,6.6,1.1,7.6,1.2,0.9,3.3,7.6,-1,-2,↓,2028-2033,5.53,瑞士税务官员：就业极其稳定，近年需求下降,"Switzerland Tax Official: extremely stable employment, declining demand",AI综合评估 + O*NET/ILO/OECD锚点校准
GOV-0105-SE-general,公共管理与公务员,GOV,中央/联邦公务员,税务官员,Tax Official,3353,13-2081.00,北欧,瑞典,SE,country,general,本科,22-28,global,6.0,6.0,4.1,9.4,5.3,6.1,3.9,3.2,6.0,6.4,10.0,9.1,8.3,7.8,6.5,4.9,4.3,2.5,4.5,6.6,4.1,4.8,7.6,5.2,1.4,7.0,7.9,6.4,1.2,8.0,1.2,1.3,2.9,8.0,-1,-1,→,2028-2033,5.53,瑞典税务官员：就业极其稳定，准入门槛高,"Sweden Tax Official: extremely stable employment, high entry barrier",AI综合评估 + O*NET/ILO/OECD锚点校准
GOV-0105-DK-general,公共管理与公务员,GOV,中央/联邦公务员,税务官员,Tax Official,3353,13-2081.00,北欧,丹麦,DK,country,general,本科,22-28,global,5.8,6.3,3.7,9.6,5.3,6.2,3.9,3.3,6.3,6.5,10.0,9.1,8.0,7.8,6.0,4.5,4.3,2.5,4.3,6.4,4.3,4.6,7.8,5.4,1.8,7.0,7.8,6.7,1.0,7.7,1.2,1.3,3.1,8.3,-1,-1,→,2026-2030,5.52,丹麦税务官员：就业极其稳定,Denmark Tax Official: extremely stable employment,AI综合评估 + O*NET/ILO/OECD锚点校准
GOV-0105-FI-general,公共管理与公务员,GOV,中央/联邦公务员,税务官员,Tax Official,3353,13-2081.00,北欧,芬兰,FI,country,general,本科,22-28,global,5.9,6.0,3.6,9.7,5.1,6.0,3.8,3.6,6.3,6.2,9.8,9.2,8.0,7.6,6.4,4.6,4.4,2.5,4.8,6.4,4.6,4.4,7.8,5.6,2.0,7.3,7.7,6.5,1.1,7.7,1.6,1.0,3.1,7.9,-1,-1,→,2028-2033,5.56,芬兰税务官员：就业极其稳定,Finland Tax Official: extremely stable employment,AI综合评估 + O*NET/ILO/OECD锚点校准
GOV-0105-IT-general,公共管理与公务员,GOV,中央/联邦公务员,税务官员,Tax Official,3353,13-2081.00,南欧,意大利,IT,country,general,本科,22-28,global,5.5,6.1,4.0,9.0,5.3,6.2,3.8,3.5,5.7,5.5,10.0,9.1,7.7,6.9,5.5,4.9,3.8,3.1,4.5,6.8,3.9,4.2,6.4,5.0,1.2,5.6,7.8,6.7,1.1,8.0,1.6,1.0,3.0,8.4,-1,-1,→,2028-2033,5.26,意大利税务官员：就业极其稳定，准入门槛高,"Italy Tax Official: extremely stable employment, high entry barrier",AI综合评估 + O*NET/ILO/OECD锚点校准
GOV-0105-ES-general,公共管理与公务员,GOV,中央/联邦公务员,税务官员,Tax Official,3353,13-2081.00,南欧,西班牙,ES,country,general,本科,22-28,global,5.6,6.0,3.4,9.4,5.1,5.9,4.6,3.9,5.8,5.5,9.9,9.1,7.8,7.0,5.9,4.5,3.8,2.9,4.7,7.1,4.1,4.2,6.6,5.1,1.4,6.2,7.3,6.7,1.3,8.3,1.7,1.2,3.3,8.1,-1,-1,→,2028-2033,5.35,西班牙税务官员：就业极其稳定，准入门槛高,"Spain Tax Official: extremely stable employment, high entry barrier",AI综合评估 + O*NET/ILO/OECD锚点校准
GOV-0105-PT-general,公共管理与公务员,GOV,中央/联邦公务员,税务官员,Tax Official,3353,13-2081.00,南欧,葡萄牙,PT,country,general,本科,22-28,global,5.7,5.9,3.8,9.0,4.9,5.2,4.3,3.8,5.6,5.6,10.0,9.2,7.9,6.8,5.8,4.4,4.0,2.8,4.8,6.6,3.9,4.0,6.8,5.2,1.9,6.0,7.5,6.6,1.2,7.9,1.2,1.3,3.2,8.1,-1,-1,→,2028-2033,5.34,葡萄牙税务官员：就业极其稳定,Portugal Tax Official: extremely stable employment,AI综合评估 + O*NET/ILO/OECD锚点校准
GOV-0105-PL-general,公共管理与公务员,GOV,中央/联邦公务员,税务官员,Tax Official,3353,13-2081.00,东欧,波兰,PL,country,general,本科,22-28,global,5.9,6.0,3.6,9.2,4.8,5.2,3.8,3.3,5.3,5.3,9.7,8.9,7.9,6.9,6.1,4.3,4.1,3.0,4.7,6.3,4.4,4.1,7.0,5.2,1.5,6.1,7.7,6.6,1.0,7.8,1.3,1.1,3.2,8.0,-1,-1,→,2028-2033,5.24,波兰税务官员：就业极其稳定,Poland Tax Official: extremely stable employment,AI综合评估 + O*NET/ILO/OECD锚点校准
GOV-0105-CZ-general,公共管理与公务员,GOV,中央/联邦公务员,税务官员,Tax Official,3353,13-2081.00,东欧,捷克,CZ,country,general,本科,22-28,global,5.7,5.7,3.4,9.4,5.0,5.1,3.6,3.4,5.5,5.5,10.0,9.1,7.5,6.8,5.7,4.4,4.0,2.9,4.3,6.7,4.4,4.3,6.9,5.2,1.8,5.9,7.9,6.5,0.9,7.8,1.6,1.1,2.8,7.9,-1,-1,→,2026-2030,5.25,捷克税务官员：就业极其稳定,Czech Republic Tax Official: extremely stable employment,AI综合评估 + O*NET/ILO/OECD锚点校准
GOV-0105-RU-general,公共管理与公务员,GOV,中央/联邦公务员,税务官员,Tax Official,3353,13-2081.00,东欧,俄罗斯,RU,country,general,本科,22-28,global,5.6,6.2,4.1,8.7,5.6,6.6,3.4,3.6,5.1,5.5,9.5,9.0,7.7,6.2,5.2,4.7,4.2,3.4,4.4,6.5,3.8,3.6,6.6,4.9,1.2,5.8,7.3,6.4,1.1,7.8,1.8,0.9,2.5,8.3,-1,0,→,2026-2030,5.1,俄罗斯税务官员：就业极其稳定,Russia Tax Official: extremely stable employment,AI综合评估 + O*NET/ILO/OECD锚点校准
GOV-0105-US-general,公共管理与公务员,GOV,中央/联邦公务员,税务官员,Tax Official,3353,13-2081.00,北美,美国,US,country,general,本科,22-28,global,5.8,6.0,3.7,8.9,4.8,5.3,4.3,3.7,6.3,6.3,10.0,9.1,7.4,6.7,5.5,4.8,3.9,2.9,4.6,6.6,3.8,4.3,6.7,5.4,1.6,6.3,7.7,6.3,1.3,8.1,1.7,1.4,3.0,8.1,-1,-1,→,2028-2033,5.34,美国税务官员：就业极其稳定，准入门槛高,"United States Tax Official: extremely stable employment, high entry barrier",AI综合评估 + O*NET/ILO/OECD锚点校准
GOV-0105-CA-general,公共管理与公务员,GOV,中央/联邦公务员,税务官员,Tax Official,3353,13-2081.00,北美,加拿大,CA,country,general,本科,22-28,global,5.9,5.8,3.5,9.2,4.9,5.4,4.2,3.3,6.6,6.2,10.0,9.2,7.7,6.8,6.2,5.0,4.2,2.6,4.4,6.9,3.9,4.6,7.4,5.1,1.8,6.8,7.7,6.7,1.0,8.1,1.6,1.1,3.4,8.1,-1,-1,→,2026-2030,5.46,加拿大税务官员：就业极其稳定，准入门槛高,"Canada Tax Official: extremely stable employment, high entry barrier",AI综合评估 + O*NET/ILO/OECD锚点校准
GOV-0105-MX-general,公共管理与公务员,GOV,中央/联邦公务员,税务官员,Tax Official,3353,13-2081.00,北美,墨西哥,MX,country,general,本科,22-28,global,5.8,5.8,3.4,8.6,5.0,5.7,4.0,3.5,5.1,5.3,8.9,9.0,7.1,6.6,5.3,4.4,3.6,3.1,4.6,5.8,3.9,4.0,6.4,5.0,1.7,5.4,7.6,6.7,0.9,7.7,1.7,0.8,3.1,7.8,-1,-1,→,2028-2033,5.07,墨西哥税务官员：就业极其稳定,Mexico Tax Official: extremely stable employment,AI综合评估 + O*NET/ILO/OECD锚点校准
GOV-0105-BR-general,公共管理与公务员,GOV,中央/联邦公务员,税务官员,Tax Official,3353,13-2081.00,南美,巴西,BR,country,general,本科,22-28,global,5.4,6.1,3.5,9.3,5.7,6.3,4.1,3.9,5.8,5.6,9.7,9.1,7.4,6.4,5.8,4.6,3.6,3.2,4.6,6.6,4.3,3.8,6.5,4.8,1.6,5.2,7.4,6.6,1.2,8.5,1.2,1.0,2.7,8.1,-1,0,→,2028-2033,5.24,巴西税务官员：就业极其稳定，准入门槛高,"Brazil Tax Official: extremely stable employment, high entry barrier",AI综合评估 + O*NET/ILO/OECD锚点校准
GOV-0105-AR-general,公共管理与公务员,GOV,中央/联邦公务员,税务官员,Tax Official,3353,13-2081.00,南美,阿根廷,AR,country,general,本科,22-28,global,5.6,6.1,3.8,8.9,5.7,6.2,3.3,3.6,4.8,5.1,8.8,8.8,7.5,6.1,5.5,4.4,4.2,3.0,4.3,6.0,4.1,3.9,6.3,4.5,1.5,5.7,7.6,6.4,1.0,7.5,1.7,0.7,3.1,7.9,-2,0,→,2026-2030,5.06,阿根廷税务官员：就业极其稳定,Argentina Tax Official: extremely stable employment,AI综合评估 + O*NET/ILO/OECD锚点校准
GOV-0105-CL-general,公共管理与公务员,GOV,中央/联邦公务员,税务官员,Tax Official,3353,13-2081.00,南美,智利,CL,country,general,本科,22-28,global,5.3,5.6,3.6,9.4,4.9,4.9,3.9,3.6,5.2,5.6,9.9,8.9,7.8,6.2,5.5,4.4,3.9,3.0,4.7,6.3,4.2,4.5,6.6,5.3,1.8,5.3,7.8,6.8,1.3,8.1,1.4,1.0,2.8,8.1,-1,-1,→,2028-2033,5.23,智利税务官员：就业极其稳定，准入门槛高,"Chile Tax Official: extremely stable employment, high entry barrier",AI综合评估 + O*NET/ILO/OECD锚点校准
GOV-0105-CO-general,公共管理与公务员,GOV,中央/联邦公务员,税务官员,Tax Official,3353,13-2081.00,南美,哥伦比亚,CO,country,general,本科,22-28,global,5.2,6.0,3.4,9.1,4.8,5.9,3.9,3.4,5.1,4.8,9.0,9.0,7.5,6.4,5.6,4.8,3.7,2.9,4.3,6.3,4.2,3.9,6.2,5.0,1.6,5.3,7.3,6.8,1.2,7.8,1.5,1.1,2.9,7.8,-1,-1,→,2026-2030,5.1,哥伦比亚税务官员：就业极其稳定,Colombia Tax Official: extremely stable employment,AI综合评估 + O*NET/ILO/OECD锚点校准
GOV-0105-AU-general,公共管理与公务员,GOV,中央/联邦公务员,税务官员,Tax Official,3353,13-2081.00,大洋洲,澳大利亚,AU,country,general,本科,22-28,global,5.6,6.4,3.8,9.6,5.1,5.1,4.0,3.6,6.7,6.4,9.9,9.1,8.1,7.2,6.3,4.4,4.1,2.8,4.5,6.4,4.1,4.4,7.3,5.0,1.7,6.7,8.1,6.6,1.1,7.8,1.7,1.5,3.2,8.0,-1,-1,→,2028-2033,5.47,澳大利亚税务官员：就业极其稳定,Australia Tax Official: extremely stable employment,AI综合评估 + O*NET/ILO/OECD锚点校准
GOV-0105-NZ-general,公共管理与公务员,GOV,中央/联邦公务员,税务官员,Tax Official,3353,13-2081.00,大洋洲,新西兰,NZ,country,general,本科,22-28,global,5.7,5.8,3.5,9.4,4.8,5.1,4.2,3.4,6.1,6.1,9.9,9.2,8.3,7.6,5.9,4.4,4.1,2.6,4.6,6.6,4.3,4.3,7.5,5.4,1.9,6.8,7.6,6.6,0.8,8.0,1.5,1.0,3.3,7.8,-1,-1,→,2028-2033,5.46,新西兰税务官员：就业极其稳定，准入门槛高,"New Zealand Tax Official: extremely stable employment, high entry barrier",AI综合评估 + O*NET/ILO/OECD锚点校准
GOV-0105-ZA-general,公共管理与公务员,GOV,中央/联邦公务员,税务官员,Tax Official,3353,13-2081.00,非洲,南非,ZA,country,general,本科,22-28,global,5.8,6.1,3.3,8.8,5.1,5.4,3.5,3.2,5.4,5.3,8.8,8.8,7.6,6.1,5.4,4.4,3.8,3.3,4.4,6.1,3.9,3.9,6.4,4.9,1.7,5.2,7.1,6.6,1.1,7.4,1.7,1.1,2.6,8.3,-1,-1,→,2026-2030,4.98,南非税务官员：就业极其稳定,South Africa Tax Official: extremely stable employment,AI综合评估 + O*NET/ILO/OECD锚点校准
GOV-0105-NG-general,公共管理与公务员,GOV,中央/联邦公务员,税务官员,Tax Official,3353,13-2081.00,非洲,尼日利亚,NG,country,general,本科,22-28,global,5.0,5.8,3.5,8.8,5.6,6.0,3.6,3.2,4.7,5.0,8.6,8.8,7.5,5.7,5.3,4.5,3.7,3.2,4.3,5.9,3.7,3.3,5.7,4.9,1.4,4.5,7.1,6.4,1.3,7.9,1.3,0.8,3.0,7.8,-2,-1,→,2026-2030,4.92,尼日利亚税务官员：就业极其稳定,Nigeria Tax Official: extremely stable employment,AI综合评估 + O*NET/ILO/OECD锚点校准
GOV-0105-KE-general,公共管理与公务员,GOV,中央/联邦公务员,税务官员,Tax Official,3353,13-2081.00,非洲,肯尼亚,KE,country,general,本科,22-28,global,5.7,5.5,3.3,8.7,5.4,5.7,4.0,3.1,5.0,5.1,8.7,9.0,7.2,6.4,5.2,4.4,4.0,3.4,4.6,5.8,3.9,4.0,6.4,5.0,1.6,5.1,7.2,6.4,0.8,7.9,1.6,0.8,3.2,7.9,-2,-1,→,2028-2033,5.02,肯尼亚税务官员：就业极其稳定,Kenya Tax Official: extremely stable employment,AI综合评估 + O*NET/ILO/OECD锚点校准
GOV-0105-EG-general,公共管理与公务员,GOV,中央/联邦公务员,税务官员,Tax Official,3353,13-2081.00,非洲,埃及,EG,country,general,本科,22-28,global,5.6,5.8,3.5,8.8,5.4,6.6,3.4,3.5,4.7,4.9,9.3,9.0,7.6,6.0,5.5,4.2,3.8,3.2,4.6,6.0,4.2,3.9,6.1,4.5,1.5,4.8,7.7,6.5,1.3,7.7,1.3,0.6,2.8,8.2,-1,0,→,2028-2033,5.02,埃及税务官员：就业极其稳定,Egypt Tax Official: extremely stable employment,AI综合评估 + O*NET/ILO/OECD锚点校准
GOV-0106-CN-general,公共管理与公务员,GOV,中央/联邦公务员,立法助理/政策顾问,Legislative Assistant / Policy Advisor,2422,19-3094.00,东亚,中国,CN,country,general,硕士,25-32,global,6.4,8.2,5.5,7.9,4.5,3.9,5.2,4.6,6.8,5.5,7.8,9.7,6.6,5.0,4.8,6.7,6.3,1.9,6.3,8.4,4.4,4.8,4.6,7.2,2.7,5.6,5.7,8.0,0.7,7.9,2.5,1.7,4.8,7.3,0,2,↑,2032-2038,5.61,中国立法助理/政策顾问：就业稳定,China Legislative Assistant / Policy Advisor: stable employment,AI综合评估 + O*NET/ILO/OECD锚点校准
GOV-0106-JP-general,公共管理与公务员,GOV,中央/联邦公务员,立法助理/政策顾问,Legislative Assistant / Policy Advisor,2422,19-3094.00,东亚,日本,JP,country,general,硕士,25-32,global,6.5,7.5,5.5,8.3,4.3,3.4,5.2,5.1,7.0,5.9,8.4,9.6,7.0,5.5,5.2,6.8,6.1,1.8,6.0,8.5,4.6,5.4,5.5,7.2,3.0,5.0,5.7,8.0,0.2,7.5,2.7,2.2,4.7,6.8,0,1,→,2032-2038,5.78,日本立法助理/政策顾问：就业稳定,Japan Legislative Assistant / Policy Advisor: stable employment,AI综合评估 + O*NET/ILO/OECD锚点校准
GOV-0106-KR-general,公共管理与公务员,GOV,中央/联邦公务员,立法助理/政策顾问,Legislative Assistant / Policy Advisor,2422,19-3094.00,东亚,韩国,KR,country,general,硕士,25-32,global,6.8,8.1,5.0,7.6,4.0,3.0,5.2,4.6,6.9,5.4,7.5,9.7,6.6,5.3,4.6,6.6,6.4,2.0,6.1,8.2,4.2,5.3,5.3,7.3,3.2,4.9,5.8,7.9,0.5,7.9,2.7,2.1,4.9,6.9,0,1,→,2032-2038,5.55,韩国立法助理/政策顾问：就业稳定,South Korea Legislative Assistant / Policy Advisor: stable employment,AI综合评估 + O*NET/ILO/OECD锚点校准
GOV-0106-TW-general,公共管理与公务员,GOV,中央/联邦公务员,立法助理/政策顾问,Legislative Assistant / Policy Advisor,2422,19-3094.00,东亚,中国台湾地区,TW,region,general,硕士,25-32,global,6.5,7.8,5.0,7.5,3.9,2.9,4.9,5.0,6.7,5.3,7.6,9.6,7.1,5.4,5.2,6.6,6.2,1.9,6.4,8.3,4.7,5.0,5.6,7.1,3.2,5.5,6.0,8.0,0.6,7.3,2.8,2.3,4.7,7.0,0,1,→,2032-2038,5.63,中国台湾地区立法助理/政策顾问：就业稳定,Taiwan (China) Legislative Assistant / Policy Advisor: stable employment,AI综合评估 + O*NET/ILO/OECD锚点校准
GOV-0106-HK-general,公共管理与公务员,GOV,中央/联邦公务员,立法助理/政策顾问,Legislative Assistant / Policy Advisor,2422,19-3094.00,东亚,中国香港地区,HK,region,general,硕士,25-32,global,6.7,7.6,5.1,7.5,4.0,2.9,4.3,4.5,7.6,5.5,7.8,9.7,6.5,5.0,5.0,6.3,6.1,1.8,6.1,8.0,4.3,5.1,5.0,7.4,2.9,5.6,6.1,7.9,0.6,7.0,2.8,2.2,5.5,6.9,0,1,→,2032-2038,5.61,中国香港地区立法助理/政策顾问：就业稳定，薪资回报高,"Hong Kong (China) Legislative Assistant / Policy Advisor: stable employment, high compensation",AI综合评估 + O*NET/ILO/OECD锚点校准
GOV-0106-SG-general,公共管理与公务员,GOV,中央/联邦公务员,立法助理/政策顾问,Legislative Assistant / Policy Advisor,2422,19-3094.00,东南亚,新加坡,SG,country,general,硕士,25-32,global,6.6,8.1,4.9,8.2,3.4,2.3,4.9,4.5,8.3,6.1,8.9,9.7,6.9,5.5,4.9,6.7,6.1,1.7,6.3,8.3,4.7,5.2,5.1,7.5,3.2,6.4,6.1,7.9,0.7,7.4,2.6,2.1,5.4,7.2,0,0,→,2032-2038,5.79,新加坡立法助理/政策顾问：就业极其稳定，薪资回报高,"Singapore Legislative Assistant / Policy Advisor: extremely stable employment, high compensation",AI综合评估 + O*NET/ILO/OECD锚点校准
GOV-0106-TH-general,公共管理与公务员,GOV,中央/联邦公务员,立法助理/政策顾问,Legislative Assistant / Policy Advisor,2422,19-3094.00,东南亚,泰国,TH,country,general,硕士,25-32,global,6.7,7.6,5.2,7.8,4.2,3.1,4.5,4.4,5.9,4.5,7.0,9.5,6.9,5.3,5.2,6.8,5.9,2.2,5.8,7.3,4.5,4.7,5.6,6.9,2.7,5.5,6.0,7.8,0.6,7.0,2.8,1.9,4.6,6.9,0,1,→,2028-2033,5.39,泰国立法助理/政策顾问：发展平稳,Thailand Legislative Assistant / Policy Advisor: steady development,AI综合评估 + O*NET/ILO/OECD锚点校准
GOV-0106-VN-general,公共管理与公务员,GOV,中央/联邦公务员,立法助理/政策顾问,Legislative Assistant / Policy Advisor,2422,19-3094.00,东南亚,越南,VN,country,general,硕士,25-32,global,6.6,7.8,5.6,8.1,4.4,3.9,4.8,4.5,5.7,5.0,7.4,9.6,6.8,5.1,4.8,6.8,6.0,2.0,5.8,7.3,4.3,4.7,5.5,7.0,3.0,5.6,6.2,7.8,0.3,7.0,2.8,2.1,5.1,7.0,0,2,↑,2028-2033,5.5,越南立法助理/政策顾问：发展平稳,Vietnam Legislative Assistant / Policy Advisor: steady development,AI综合评估 + O*NET/ILO/OECD锚点校准
GOV-0106-ID-general,公共管理与公务员,GOV,中央/联邦公务员,立法助理/政策顾问,Legislative Assistant / Policy Advisor,2422,19-3094.00,东南亚,印度尼西亚,ID,country,general,硕士,25-32,global,6.5,7.2,5.4,7.4,4.1,3.5,4.5,4.2,6.1,4.8,6.9,9.5,6.7,5.4,4.8,6.2,5.9,2.2,5.9,7.1,4.4,4.9,5.5,7.1,2.7,5.6,6.1,8.2,0.3,7.1,2.8,2.1,4.6,7.2,0,1,→,2028-2033,5.41,印度尼西亚立法助理/政策顾问：发展平稳,Indonesia Legislative Assistant / Policy Advisor: steady development,AI综合评估 + O*NET/ILO/OECD锚点校准
GOV-0106-MY-general,公共管理与公务员,GOV,中央/联邦公务员,立法助理/政策顾问,Legislative Assistant / Policy Advisor,2422,19-3094.00,东南亚,马来西亚,MY,country,general,硕士,25-32,global,6.5,7.2,5.0,7.4,4.3,3.1,4.7,4.2,6.4,4.9,7.3,9.5,7.1,5.5,4.9,6.5,6.1,2.1,5.7,7.5,4.2,4.9,5.2,7.3,3.0,5.3,5.6,8.0,0.3,7.3,2.9,2.2,4.8,6.7,0,1,→,2028-2033,5.46,马来西亚立法助理/政策顾问：发展平稳,Malaysia Legislative Assistant / Policy Advisor: steady development,AI综合评估 + O*NET/ILO/OECD锚点校准
GOV-0106-PH-general,公共管理与公务员,GOV,中央/联邦公务员,立法助理/政策顾问,Legislative Assistant / Policy Advisor,2422,19-3094.00,东南亚,菲律宾,PH,country,general,硕士,25-32,global,6.7,7.7,5.2,7.1,4.1,3.4,4.5,4.6,5.8,4.2,6.3,9.4,6.9,5.4,5.0,6.8,5.9,2.1,6.2,7.1,4.3,4.5,5.4,6.6,2.8,5.6,6.1,7.8,0.3,7.0,2.8,2.1,4.9,6.8,0,1,→,2032-2038,5.35,菲律宾立法助理/政策顾问：发展平稳,Philippines Legislative Assistant / Policy Advisor: steady development,AI综合评估 + O*NET/ILO/OECD锚点校准
GOV-0106-IN-general,公共管理与公务员,GOV,中央/联邦公务员,立法助理/政策顾问,Legislative Assistant / Policy Advisor,2422,19-3094.00,南亚,印度,IN,country,general,硕士,25-32,global,6.6,7.8,5.1,7.4,4.6,3.9,4.8,4.8,6.8,4.9,7.2,9.7,7.0,5.3,4.9,6.7,5.7,2.1,5.9,8.4,4.5,4.5,4.9,6.8,2.7,5.1,5.9,7.8,0.3,7.7,3.1,2.0,5.0,7.1,0,2,↑,2028-2033,5.49,印度立法助理/政策顾问：发展平稳,India Legislative Assistant / Policy Advisor: steady development,AI综合评估 + O*NET/ILO/OECD锚点校准
GOV-0106-PK-general,公共管理与公务员,GOV,中央/联邦公务员,立法助理/政策顾问,Legislative Assistant / Policy Advisor,2422,19-3094.00,南亚,巴基斯坦,PK,country,general,硕士,25-32,global,6.1,7.5,5.3,7.6,4.3,3.3,4.4,4.8,5.6,4.3,6.3,9.3,6.9,4.7,4.5,6.2,5.8,2.4,6.0,7.3,4.0,4.3,5.2,6.9,3.1,4.2,6.0,7.8,0.4,7.1,3.4,2.0,4.7,7.0,0,1,→,2032-2038,5.25,巴基斯坦立法助理/政策顾问：发展平稳,Pakistan Legislative Assistant / Policy Advisor: steady development,AI综合评估 + O*NET/ILO/OECD锚点校准
GOV-0106-BD-general,公共管理与公务员,GOV,中央/联邦公务员,立法助理/政策顾问,Legislative Assistant / Policy Advisor,2422,19-3094.00,南亚,孟加拉国,BD,country,general,硕士,25-32,global,6.5,7.2,5.1,7.1,4.0,3.2,4.8,4.8,5.4,4.3,6.7,9.5,6.7,4.8,4.7,6.1,5.7,2.3,5.7,7.1,4.1,4.4,4.9,7.0,2.9,4.4,5.9,7.8,0.5,7.1,2.9,2.0,4.7,6.9,0,1,→,2028-2033,5.23,孟加拉国立法助理/政策顾问：发展平稳,Bangladesh Legislative Assistant / Policy Advisor: steady development,AI综合评估 + O*NET/ILO/OECD锚点校准
GOV-0106-AE-general,公共管理与公务员,GOV,中央/联邦公务员,立法助理/政策顾问,Legislative Assistant / Policy Advisor,2422,19-3094.00,中亚/西亚,阿联酋,AE,country,general,硕士,25-32,global,6.4,7.3,5.2,7.7,4.3,3.3,4.3,4.1,7.7,6.3,8.5,9.8,6.8,5.1,5.0,6.7,6.2,1.7,5.9,7.3,4.5,5.4,5.5,7.2,2.8,5.1,5.8,7.9,0.4,6.6,3.1,2.0,5.3,6.8,0,1,→,2028-2033,5.7,阿联酋立法助理/政策顾问：就业极其稳定，薪资回报高,"United Arab Emirates Legislative Assistant / Policy Advisor: extremely stable employment, high compensation",AI综合评估 + O*NET/ILO/OECD锚点校准
GOV-0106-IL-general,公共管理与公务员,GOV,中央/联邦公务员,立法助理/政策顾问,Legislative Assistant / Policy Advisor,2422,19-3094.00,中亚/西亚,以色列,IL,country,general,硕士,25-32,global,6.8,7.9,4.9,7.8,4.2,3.2,4.6,4.5,7.2,5.7,7.1,9.6,6.8,5.7,5.1,6.6,6.1,1.7,6.1,7.4,4.7,5.4,5.4,7.5,3.2,6.3,6.3,8.0,0.3,6.8,2.8,2.3,5.3,7.0,0,1,→,2032-2038,5.67,以色列立法助理/政策顾问：发展平稳,Israel Legislative Assistant / Policy Advisor: steady development,AI综合评估 + O*NET/ILO/OECD锚点校准
GOV-0106-SA-general,公共管理与公务员,GOV,中央/联邦公务员,立法助理/政策顾问,Legislative Assistant / Policy Advisor,2422,19-3094.00,中亚/西亚,沙特阿拉伯,SA,country,general,硕士,25-32,global,6.5,7.1,5.2,7.7,4.5,3.9,3.8,4.0,7.7,5.6,7.6,9.6,7.0,4.8,4.9,6.3,6.1,1.9,5.8,7.2,4.3,5.1,5.0,6.7,2.8,4.6,6.2,8.3,0.8,6.4,2.9,1.9,5.1,7.3,0,2,↑,2028-2033,5.53,沙特阿拉伯立法助理/政策顾问：就业稳定，薪资回报高,"Saudi Arabia Legislative Assistant / Policy Advisor: stable employment, high compensation",AI综合评估 + O*NET/ILO/OECD锚点校准
GOV-0106-TR-general,公共管理与公务员,GOV,中央/联邦公务员,立法助理/政策顾问,Legislative Assistant / Policy Advisor,2422,19-3094.00,中亚/西亚,土耳其,TR,country,general,硕士,25-32,global,6.4,7.4,5.3,7.3,4.5,3.6,4.7,4.8,6.1,5.0,6.7,9.5,6.9,4.8,4.7,6.3,5.8,2.1,6.0,7.4,4.6,4.6,4.9,6.7,3.0,5.3,5.8,8.2,0.5,7.0,2.8,1.8,5.0,7.0,0,1,→,2032-2038,5.42,土耳其立法助理/政策顾问：发展平稳,Turkey Legislative Assistant / Policy Advisor: steady development,AI综合评估 + O*NET/ILO/OECD锚点校准
GOV-0106-GB-general,公共管理与公务员,GOV,中央/联邦公务员,立法助理/政策顾问,Legislative Assistant / Policy Advisor,2422,19-3094.00,西欧,英国,GB,country,general,硕士,25-32,global,6.6,7.7,4.7,7.7,3.9,2.9,4.4,4.8,7.4,5.2,7.6,9.6,7.6,6.2,5.7,6.7,6.5,1.7,5.9,8.0,5.0,5.3,6.0,7.0,3.2,6.6,6.4,7.7,0.6,7.3,3.0,2.2,5.1,6.9,0,1,→,2028-2033,5.72,英国立法助理/政策顾问：就业稳定,United Kingdom Legislative Assistant / Policy Advisor: stable employment,AI综合评估 + O*NET/ILO/OECD锚点校准
GOV-0106-FR-general,公共管理与公务员,GOV,中央/联邦公务员,立法助理/政策顾问,Legislative Assistant / Policy Advisor,2422,19-3094.00,西欧,法国,FR,country,general,硕士,25-32,global,6.8,7.6,5.5,8.1,4.9,3.8,4.8,4.7,6.7,5.6,8.0,9.7,7.7,5.9,5.6,6.6,5.9,2.0,6.1,7.9,4.9,5.3,5.9,7.2,3.1,6.1,6.0,8.1,0.6,7.3,2.7,2.0,5.2,6.9,0,2,↑,2032-2038,5.78,法国立法助理/政策顾问：就业稳定,France Legislative Assistant / Policy Advisor: stable employment,AI综合评估 + O*NET/ILO/OECD锚点校准
GOV-0106-DE-general,公共管理与公务员,GOV,中央/联邦公务员,立法助理/政策顾问,Legislative Assistant / Policy Advisor,2422,19-3094.00,西欧,德国,DE,country,general,硕士,25-32,global,7.0,7.6,5.0,8.0,3.8,3.2,4.4,4.7,7.6,5.6,8.3,9.7,7.3,6.1,5.7,6.9,6.1,1.9,6.3,7.8,5.0,5.5,6.3,7.4,3.1,5.9,6.6,8.3,0.6,7.1,2.9,2.3,5.3,6.9,0,1,→,2032-2038,5.82,德国立法助理/政策顾问：就业稳定，薪资回报高,"Germany Legislative Assistant / Policy Advisor: stable employment, high compensation",AI综合评估 + O*NET/ILO/OECD锚点校准
GOV-0106-NL-general,公共管理与公务员,GOV,中央/联邦公务员,立法助理/政策顾问,Legislative Assistant / Policy Advisor,2422,19-3094.00,西欧,荷兰,NL,country,general,硕士,25-32,global,6.7,7.8,5.1,8.2,3.6,2.8,4.1,4.2,7.3,6.0,8.0,9.7,7.7,6.7,6.0,6.6,5.9,1.6,5.8,7.8,5.0,5.8,6.7,7.5,2.8,7.0,6.5,8.0,0.4,6.8,3.0,2.2,5.1,7.3,0,1,→,2028-2033,5.81,荷兰立法助理/政策顾问：就业稳定,Netherlands Legislative Assistant / Policy Advisor: stable employment,AI综合评估 + O*NET/ILO/OECD锚点校准
GOV-0106-CH-general,公共管理与公务员,GOV,中央/联邦公务员,立法助理/政策顾问,Legislative Assistant / Policy Advisor,2422,19-3094.00,西欧,瑞士,CH,country,general,硕士,25-32,global,6.6,7.7,5.2,8.0,3.3,2.3,4.5,4.6,8.1,6.2,8.5,9.9,7.5,6.5,5.7,6.8,6.4,1.4,6.3,7.9,4.6,5.7,6.7,7.1,3.1,6.1,6.2,8.0,0.5,7.1,2.6,2.4,5.1,7.1,0,0,→,2032-2038,5.91,瑞士立法助理/政策顾问：就业极其稳定，薪资回报高,"Switzerland Legislative Assistant / Policy Advisor: extremely stable employment, high compensation",AI综合评估 + O*NET/ILO/OECD锚点校准
GOV-0106-SE-general,公共管理与公务员,GOV,中央/联邦公务员,立法助理/政策顾问,Legislative Assistant / Policy Advisor,2422,19-3094.00,北欧,瑞典,SE,country,general,硕士,25-32,global,6.5,7.5,5.3,8.2,4.3,3.2,4.1,4.1,7.5,5.9,8.5,9.7,7.6,6.5,5.9,6.5,5.9,1.5,6.0,7.7,4.8,5.4,6.9,7.4,3.1,6.8,6.3,7.8,0.4,6.7,2.7,2.2,5.2,7.4,0,1,→,2032-2038,5.87,瑞典立法助理/政策顾问：就业极其稳定，薪资回报高,"Sweden Legislative Assistant / Policy Advisor: extremely stable employment, high compensation",AI综合评估 + O*NET/ILO/OECD锚点校准
GOV-0106-DK-general,公共管理与公务员,GOV,中央/联邦公务员,立法助理/政策顾问,Legislative Assistant / Policy Advisor,2422,19-3094.00,北欧,丹麦,DK,country,general,硕士,25-32,global,6.8,7.5,5.3,8.0,4.2,3.3,4.0,4.4,7.8,6.0,8.5,9.7,7.8,6.7,5.8,6.4,6.0,1.8,6.0,7.5,4.8,5.6,6.6,7.8,2.9,6.9,6.7,7.9,0.3,6.6,2.9,2.2,5.3,7.2,0,1,→,2032-2038,5.89,丹麦立法助理/政策顾问：就业极其稳定，薪资回报高,"Denmark Legislative Assistant / Policy Advisor: extremely stable employment, high compensation",AI综合评估 + O*NET/ILO/OECD锚点校准
GOV-0106-FI-general,公共管理与公务员,GOV,中央/联邦公务员,立法助理/政策顾问,Legislative Assistant / Policy Advisor,2422,19-3094.00,北欧,芬兰,FI,country,general,硕士,25-32,global,6.5,7.6,5.5,8.0,3.9,3.5,4.1,4.4,7.3,5.6,8.5,9.7,7.4,6.9,5.9,6.8,6.3,1.8,5.9,7.7,4.9,5.7,6.6,7.5,3.1,6.9,6.7,8.0,0.6,6.5,2.9,2.4,5.4,6.7,0,1,→,2028-2033,5.9,芬兰立法助理/政策顾问：就业极其稳定,Finland Legislative Assistant / Policy Advisor: extremely stable employment,AI综合评估 + O*NET/ILO/OECD锚点校准
GOV-0106-IT-general,公共管理与公务员,GOV,中央/联邦公务员,立法助理/政策顾问,Legislative Assistant / Policy Advisor,2422,19-3094.00,南欧,意大利,IT,country,general,硕士,25-32,global,6.6,7.9,5.4,7.4,4.0,3.5,4.5,4.6,6.5,5.3,7.2,9.6,6.8,5.5,4.8,6.6,6.3,1.7,5.7,7.8,4.8,4.8,5.7,6.8,3.3,5.3,5.9,7.8,0.3,7.4,2.7,2.2,5.1,6.8,0,1,→,2028-2033,5.54,意大利立法助理/政策顾问：发展平稳,Italy Legislative Assistant / Policy Advisor: steady development,AI综合评估 + O*NET/ILO/OECD锚点校准
GOV-0106-ES-general,公共管理与公务员,GOV,中央/联邦公务员,立法助理/政策顾问,Legislative Assistant / Policy Advisor,2422,19-3094.00,南欧,西班牙,ES,country,general,硕士,25-32,global,6.6,7.6,5.3,8.0,3.8,3.1,4.8,4.9,6.5,5.1,7.6,9.5,7.1,6.0,5.2,6.4,6.3,1.7,5.9,8.0,4.6,5.3,5.6,6.8,3.0,5.9,6.2,7.9,0.4,7.3,3.0,1.9,5.3,7.1,0,1,→,2028-2033,5.63,西班牙立法助理/政策顾问：就业稳定,Spain Legislative Assistant / Policy Advisor: stable employment,AI综合评估 + O*NET/ILO/OECD锚点校准
GOV-0106-PT-general,公共管理与公务员,GOV,中央/联邦公务员,立法助理/政策顾问,Legislative Assistant / Policy Advisor,2422,19-3094.00,南欧,葡萄牙,PT,country,general,硕士,25-32,global,6.3,7.6,5.4,7.5,4.1,2.9,4.6,4.7,6.6,4.9,7.8,9.6,7.4,5.6,5.2,6.7,6.3,1.9,6.0,7.6,4.8,5.4,6.0,7.2,3.4,6.0,6.4,7.8,0.6,6.9,2.8,2.3,4.9,7.1,0,1,→,2032-2038,5.66,葡萄牙立法助理/政策顾问：就业稳定,Portugal Legislative Assistant / Policy Advisor: stable employment,AI综合评估 + O*NET/ILO/OECD锚点校准
GOV-0106-PL-general,公共管理与公务员,GOV,中央/联邦公务员,立法助理/政策顾问,Legislative Assistant / Policy Advisor,2422,19-3094.00,东欧,波兰,PL,country,general,硕士,25-32,global,6.5,7.3,5.3,7.5,4.3,3.0,4.2,4.7,6.3,4.7,7.6,9.5,7.4,5.8,5.0,6.5,5.8,1.7,5.7,7.2,4.6,5.3,5.8,7.4,3.3,5.7,6.0,8.2,0.5,7.1,3.0,2.4,5.1,6.8,0,1,→,2028-2033,5.57,波兰立法助理/政策顾问：就业稳定,Poland Legislative Assistant / Policy Advisor: stable employment,AI综合评估 + O*NET/ILO/OECD锚点校准
GOV-0106-CZ-general,公共管理与公务员,GOV,中央/联邦公务员,立法助理/政策顾问,Legislative Assistant / Policy Advisor,2422,19-3094.00,东欧,捷克,CZ,country,general,硕士,25-32,global,6.3,7.6,5.2,7.5,4.2,2.9,4.2,4.5,6.5,5.1,7.6,9.6,7.1,6.2,5.3,6.8,6.1,1.8,6.2,7.6,4.5,5.3,6.0,7.3,2.9,5.7,6.3,7.9,0.3,7.2,2.9,1.9,4.8,7.0,0,1,→,2032-2038,5.62,捷克立法助理/政策顾问：就业稳定,Czech Republic Legislative Assistant / Policy Advisor: stable employment,AI综合评估 + O*NET/ILO/OECD锚点校准
GOV-0106-RU-general,公共管理与公务员,GOV,中央/联邦公务员,立法助理/政策顾问,Legislative Assistant / Policy Advisor,2422,19-3094.00,东欧,俄罗斯,RU,country,general,硕士,25-32,global,6.7,7.3,5.5,7.5,4.7,3.8,4.0,4.5,6.1,5.0,6.6,9.5,7.1,5.3,5.0,6.7,6.0,2.3,6.1,7.4,4.7,5.0,5.3,6.6,2.9,5.8,5.7,7.8,0.8,6.5,3.2,1.8,4.6,6.9,0,2,↑,2032-2038,5.44,俄罗斯立法助理/政策顾问：发展平稳,Russia Legislative Assistant / Policy Advisor: steady development,AI综合评估 + O*NET/ILO/OECD锚点校准
GOV-0106-US-general,公共管理与公务员,GOV,中央/联邦公务员,立法助理/政策顾问,Legislative Assistant / Policy Advisor,2422,19-3094.00,北美,美国,US,country,general,硕士,25-32,global,6.9,7.7,5.0,7.9,4.0,2.4,4.8,4.4,7.2,5.4,7.3,9.7,6.9,5.5,5.1,6.5,6.3,1.8,6.1,7.4,4.3,5.4,5.7,7.0,3.0,6.2,5.9,7.7,0.4,7.2,2.8,2.2,5.2,6.7,0,1,→,2032-2038,5.6,美国立法助理/政策顾问：发展平稳,United States Legislative Assistant / Policy Advisor: steady development,AI综合评估 + O*NET/ILO/OECD锚点校准
GOV-0106-CA-general,公共管理与公务员,GOV,中央/联邦公务员,立法助理/政策顾问,Legislative Assistant / Policy Advisor,2422,19-3094.00,北美,加拿大,CA,country,general,硕士,25-32,global,6.6,7.3,4.8,7.9,4.2,2.6,4.2,4.3,7.7,5.7,8.2,9.7,7.4,5.9,5.1,6.6,6.0,1.7,5.8,7.8,4.7,5.4,6.0,7.5,3.1,6.8,6.4,7.8,0.8,7.1,3.0,2.2,5.3,6.8,0,1,→,2028-2033,5.74,加拿大立法助理/政策顾问：就业稳定，薪资回报高,"Canada Legislative Assistant / Policy Advisor: stable employment, high compensation",AI综合评估 + O*NET/ILO/OECD锚点校准
GOV-0106-MX-general,公共管理与公务员,GOV,中央/联邦公务员,立法助理/政策顾问,Legislative Assistant / Policy Advisor,2422,19-3094.00,北美,墨西哥,MX,country,general,硕士,25-32,global,6.3,7.4,5.3,7.1,4.3,3.4,4.3,4.2,5.9,4.3,6.6,9.5,7.1,5.2,5.0,6.4,5.6,2.2,6.2,6.8,4.4,4.8,5.3,7.0,2.8,5.2,6.0,8.0,0.8,7.0,3.2,1.8,5.0,7.1,0,1,→,2032-2038,5.34,墨西哥立法助理/政策顾问：发展平稳,Mexico Legislative Assistant / Policy Advisor: steady development,AI综合评估 + O*NET/ILO/OECD锚点校准
GOV-0106-BR-general,公共管理与公务员,GOV,中央/联邦公务员,立法助理/政策顾问,Legislative Assistant / Policy Advisor,2422,19-3094.00,南美,巴西,BR,country,general,硕士,25-32,global,6.6,7.6,5.0,7.6,4.3,3.6,4.9,4.4,6.6,5.2,7.2,9.4,7.1,5.8,4.9,6.3,6.1,2.1,5.8,8.0,4.7,4.8,5.4,7.0,2.9,5.4,6.3,7.9,0.5,7.0,2.9,2.1,4.6,7.2,0,2,↑,2028-2033,5.52,巴西立法助理/政策顾问：发展平稳,Brazil Legislative Assistant / Policy Advisor: steady development,AI综合评估 + O*NET/ILO/OECD锚点校准
GOV-0106-AR-general,公共管理与公务员,GOV,中央/联邦公务员,立法助理/政策顾问,Legislative Assistant / Policy Advisor,2422,19-3094.00,南美,阿根廷,AR,country,general,硕士,25-32,global,6.3,7.4,5.3,7.4,4.4,3.8,4.3,4.2,5.6,4.8,6.1,9.3,7.0,5.3,4.6,6.8,6.1,2.0,5.9,6.7,4.2,4.9,5.1,6.5,2.7,5.7,6.1,7.8,0.6,6.7,3.2,1.8,4.6,7.1,-1,2,↑,2028-2033,5.32,阿根廷立法助理/政策顾问：发展平稳,Argentina Legislative Assistant / Policy Advisor: steady development,AI综合评估 + O*NET/ILO/OECD锚点校准
GOV-0106-CL-general,公共管理与公务员,GOV,中央/联邦公务员,立法助理/政策顾问,Legislative Assistant / Policy Advisor,2422,19-3094.00,南美,智利,CL,country,general,硕士,25-32,global,6.5,7.1,5.0,7.7,3.9,2.4,4.2,4.1,6.3,4.8,7.5,9.4,6.8,5.4,5.0,6.5,6.4,2.0,5.9,7.3,4.5,4.9,5.5,7.0,2.8,5.6,6.1,8.1,0.2,6.8,3.3,2.1,5.2,6.7,0,1,→,2028-2033,5.47,智利立法助理/政策顾问：就业稳定,Chile Legislative Assistant / Policy Advisor: stable employment,AI综合评估 + O*NET/ILO/OECD锚点校准
GOV-0106-CO-general,公共管理与公务员,GOV,中央/联邦公务员,立法助理/政策顾问,Legislative Assistant / Policy Advisor,2422,19-3094.00,南美,哥伦比亚,CO,country,general,硕士,25-32,global,6.4,7.2,5.3,7.2,3.8,3.3,4.3,4.5,5.7,4.6,6.5,9.5,7.2,5.4,4.9,6.6,6.0,2.2,5.9,7.1,4.2,5.1,5.3,6.6,3.2,5.5,6.2,7.9,0.2,6.9,3.3,1.7,5.0,7.0,0,1,→,2028-2033,5.36,哥伦比亚立法助理/政策顾问：发展平稳,Colombia Legislative Assistant / Policy Advisor: steady development,AI综合评估 + O*NET/ILO/OECD锚点校准
GOV-0106-AU-general,公共管理与公务员,GOV,中央/联邦公务员,立法助理/政策顾问,Legislative Assistant / Policy Advisor,2422,19-3094.00,大洋洲,澳大利亚,AU,country,general,硕士,25-32,global,7.0,7.4,5.1,7.9,4.1,2.8,4.3,4.6,7.6,5.8,8.2,9.7,7.6,6.0,5.4,6.7,6.3,1.8,6.0,7.4,4.6,5.5,6.0,7.3,3.1,6.9,6.4,8.2,0.5,6.8,3.1,2.1,5.4,7.2,0,1,→,2032-2038,5.78,澳大利亚立法助理/政策顾问：就业稳定，薪资回报高,"Australia Legislative Assistant / Policy Advisor: stable employment, high compensation",AI综合评估 + O*NET/ILO/OECD锚点校准
GOV-0106-NZ-general,公共管理与公务员,GOV,中央/联邦公务员,立法助理/政策顾问,Legislative Assistant / Policy Advisor,2422,19-3094.00,大洋洲,新西兰,NZ,country,general,硕士,25-32,global,6.6,7.5,5.3,7.8,3.4,2.7,4.2,4.3,7.2,5.8,8.3,9.6,7.7,6.4,5.6,6.6,6.0,1.4,6.2,7.4,4.7,5.5,6.2,7.6,3.3,6.9,6.1,7.8,0.5,6.6,3.0,2.3,5.1,6.8,0,1,→,2032-2038,5.8,新西兰立法助理/政策顾问：就业稳定,New Zealand Legislative Assistant / Policy Advisor: stable employment,AI综合评估 + O*NET/ILO/OECD锚点校准
GOV-0106-ZA-general,公共管理与公务员,GOV,中央/联邦公务员,立法助理/政策顾问,Legislative Assistant / Policy Advisor,2422,19-3094.00,非洲,南非,ZA,country,general,硕士,25-32,global,6.7,7.6,5.2,7.4,3.9,3.4,4.1,4.2,6.2,4.8,6.4,9.5,7.1,5.1,5.0,6.2,5.9,2.3,5.8,7.3,4.7,5.1,5.4,6.6,2.7,5.4,6.1,8.1,0.3,7.0,3.2,1.7,5.0,6.9,0,1,→,2028-2033,5.34,南非立法助理/政策顾问：发展平稳,South Africa Legislative Assistant / Policy Advisor: steady development,AI综合评估 + O*NET/ILO/OECD锚点校准
GOV-0106-NG-general,公共管理与公务员,GOV,中央/联邦公务员,立法助理/政策顾问,Legislative Assistant / Policy Advisor,2422,19-3094.00,非洲,尼日利亚,NG,country,general,硕士,25-32,global,6.2,7.1,4.8,7.2,4.5,3.2,4.2,4.1,5.5,4.0,5.8,9.4,6.5,4.8,4.3,6.2,5.5,2.1,6.0,6.7,4.6,4.4,4.7,6.5,2.7,4.8,6.0,7.7,0.8,6.6,3.0,1.6,4.8,7.4,-1,1,→,2032-2038,5.14,尼日利亚立法助理/政策顾问：发展平稳,Nigeria Legislative Assistant / Policy Advisor: steady development,AI综合评估 + O*NET/ILO/OECD锚点校准
GOV-0106-KE-general,公共管理与公务员,GOV,中央/联邦公务员,立法助理/政策顾问,Legislative Assistant / Policy Advisor,2422,19-3094.00,非洲,肯尼亚,KE,country,general,硕士,25-32,global,6.6,7.5,4.7,7.2,3.9,3.0,4.2,4.3,6.0,4.7,6.2,9.4,6.6,4.8,4.9,6.4,6.0,2.3,6.2,6.9,4.5,4.5,5.1,6.6,3.0,5.2,5.8,8.0,0.7,6.5,2.9,2.2,5.1,7.1,-1,1,→,2032-2038,5.27,肯尼亚立法助理/政策顾问：发展平稳,Kenya Legislative Assistant / Policy Advisor: steady development,AI综合评估 + O*NET/ILO/OECD锚点校准
GOV-0106-EG-general,公共管理与公务员,GOV,中央/联邦公务员,立法助理/政策顾问,Legislative Assistant / Policy Advisor,2422,19-3094.00,非洲,埃及,EG,country,general,硕士,25-32,global,6.6,7.3,5.2,7.5,4.8,3.7,4.3,4.4,5.9,4.2,6.3,9.5,6.9,4.8,4.6,6.2,5.9,2.1,6.2,7.1,4.3,4.4,5.1,6.6,3.0,4.4,6.1,7.8,0.6,6.7,2.8,1.9,4.5,7.0,0,2,↑,2032-2038,5.3,埃及立法助理/政策顾问：发展平稳,Egypt Legislative Assistant / Policy Advisor: steady development,AI综合评估 + O*NET/ILO/OECD锚点校准
GOV-0107-CN-general,公共管理与公务员,GOV,中央/联邦公务员,政府发言人/新闻官,Government Spokesperson / Press Secretary,2432,27-3031.00,东亚,中国,CN,country,general,本科/硕士,26-35,global,5.5,7.2,5.1,7.3,3.9,3.4,4.7,4.7,6.0,5.7,7.1,8.1,5.8,3.7,4.1,6.9,6.6,3.5,6.8,8.3,3.2,4.4,3.6,6.8,3.7,5.3,5.4,9.5,1.0,6.4,2.8,2.1,4.5,7.6,0,1,→,2032-2038,5.31,中国政府发言人/新闻官：发展平稳,China Government Spokesperson / Press Secretary: steady development,AI综合评估 + O*NET/ILO/OECD锚点校准
GOV-0107-JP-general,公共管理与公务员,GOV,中央/联邦公务员,政府发言人/新闻官,Government Spokesperson / Press Secretary,2432,27-3031.00,东亚,日本,JP,country,general,本科/硕士,26-35,global,5.9,6.8,4.9,7.5,3.7,2.5,4.7,5.0,6.8,5.7,7.7,8.2,6.5,4.4,4.6,6.9,6.5,3.0,6.6,8.1,3.4,4.5,4.3,7.1,3.6,5.1,5.6,9.2,1.3,6.5,2.7,2.2,4.4,7.4,0,0,→,2032-2038,5.45,日本政府发言人/新闻官：就业稳定,Japan Government Spokesperson / Press Secretary: stable employment,AI综合评估 + O*NET/ILO/OECD锚点校准
GOV-0107-KR-general,公共管理与公务员,GOV,中央/联邦公务员,政府发言人/新闻官,Government Spokesperson / Press Secretary,2432,27-3031.00,东亚,韩国,KR,country,general,本科/硕士,26-35,global,6.0,7.0,4.4,7.1,3.3,2.5,4.4,5.0,6.6,5.5,7.0,8.1,6.5,3.9,4.1,6.6,6.3,3.5,6.6,8.1,3.6,4.6,4.0,6.6,3.6,4.9,5.5,9.8,1.0,6.5,3.1,2.3,4.4,7.8,0,0,→,2032-2038,5.24,韩国政府发言人/新闻官：发展平稳,South Korea Government Spokesperson / Press Secretary: steady development,AI综合评估 + O*NET/ILO/OECD锚点校准
GOV-0107-TW-general,公共管理与公务员,GOV,中央/联邦公务员,政府发言人/新闻官,Government Spokesperson / Press Secretary,2432,27-3031.00,东亚,中国台湾地区,TW,region,general,本科/硕士,26-35,global,5.5,6.9,4.4,7.3,3.2,2.4,4.5,4.7,6.2,5.1,7.1,8.1,6.3,4.6,4.2,6.7,6.7,3.5,6.3,8.3,3.5,4.7,4.0,6.4,3.8,5.7,5.2,9.3,1.1,6.7,2.8,2.2,4.4,7.3,0,0,→,2032-2038,5.25,中国台湾地区政府发言人/新闻官：发展平稳,Taiwan (China) Government Spokesperson / Press Secretary: steady development,AI综合评估 + O*NET/ILO/OECD锚点校准
GOV-0107-HK-general,公共管理与公务员,GOV,中央/联邦公务员,政府发言人/新闻官,Government Spokesperson / Press Secretary,2432,27-3031.00,东亚,中国香港地区,HK,region,general,本科/硕士,26-35,global,5.4,6.6,4.2,7.1,3.3,2.2,4.3,4.4,7.1,5.5,7.3,8.1,6.6,4.0,4.0,6.6,6.9,3.3,6.9,7.6,3.2,4.8,4.3,6.7,3.5,6.1,5.6,9.3,1.1,5.9,2.9,2.0,5.0,7.5,0,0,→,2032-2038,5.36,中国香港地区政府发言人/新闻官：发展平稳,Hong Kong (China) Government Spokesperson / Press Secretary: steady development,AI综合评估 + O*NET/ILO/OECD锚点校准
GOV-0107-SG-general,公共管理与公务员,GOV,中央/联邦公务员,政府发言人/新闻官,Government Spokesperson / Press Secretary,2432,27-3031.00,东南亚,新加坡,SG,country,general,本科/硕士,26-35,global,5.8,7.1,4.2,7.7,3.3,2.0,4.3,4.5,7.8,6.4,8.3,8.2,6.4,4.0,4.2,6.4,6.7,2.8,6.7,8.4,3.3,5.1,4.3,6.8,3.6,6.0,5.1,9.3,1.0,6.5,2.7,2.1,4.7,7.2,0,-1,→,2032-2038,5.49,新加坡政府发言人/新闻官：就业稳定，薪资回报高,"Singapore Government Spokesperson / Press Secretary: stable employment, high compensation",AI综合评估 + O*NET/ILO/OECD锚点校准
GOV-0107-TH-general,公共管理与公务员,GOV,中央/联邦公务员,政府发言人/新闻官,Government Spokesperson / Press Secretary,2432,27-3031.00,东南亚,泰国,TH,country,general,本科/硕士,26-35,global,5.4,6.4,4.8,6.7,3.8,3.0,3.8,4.3,5.9,4.6,6.5,8.1,6.6,4.3,4.7,6.4,6.2,3.5,6.4,7.3,3.3,4.4,4.2,6.2,3.3,5.6,5.6,9.5,0.9,5.9,3.3,2.2,4.4,7.4,0,0,→,2032-2038,5.15,泰国政府发言人/新闻官：发展平稳,Thailand Government Spokesperson / Press Secretary: steady development,AI综合评估 + O*NET/ILO/OECD锚点校准
GOV-0107-VN-general,公共管理与公务员,GOV,中央/联邦公务员,政府发言人/新闻官,Government Spokesperson / Press Secretary,2432,27-3031.00,东南亚,越南,VN,country,general,本科/硕士,26-35,global,5.5,6.5,5.2,7.4,4.1,3.1,4.1,4.8,4.9,4.5,7.0,8.2,6.5,4.1,4.2,6.4,6.5,3.5,6.6,7.5,3.5,4.4,4.0,6.5,3.2,5.8,5.3,9.7,0.7,6.0,2.7,2.0,4.4,7.8,0,1,→,2032-2038,5.21,越南政府发言人/新闻官：发展平稳,Vietnam Government Spokesperson / Press Secretary: steady development,AI综合评估 + O*NET/ILO/OECD锚点校准
GOV-0107-ID-general,公共管理与公务员,GOV,中央/联邦公务员,政府发言人/新闻官,Government Spokesperson / Press Secretary,2432,27-3031.00,东南亚,印度尼西亚,ID,country,general,本科/硕士,26-35,global,5.2,6.4,4.9,7.0,3.7,2.8,3.8,4.2,5.6,4.5,6.2,8.0,6.4,4.5,4.2,6.4,6.1,3.7,6.7,7.4,3.4,4.0,4.4,6.6,3.6,5.1,5.7,9.5,1.2,6.0,3.1,2.1,4.2,7.6,0,0,→,2032-2038,5.11,印度尼西亚政府发言人/新闻官：发展平稳,Indonesia Government Spokesperson / Press Secretary: steady development,AI综合评估 + O*NET/ILO/OECD锚点校准
GOV-0107-MY-general,公共管理与公务员,GOV,中央/联邦公务员,政府发言人/新闻官,Government Spokesperson / Press Secretary,2432,27-3031.00,东南亚,马来西亚,MY,country,general,本科/硕士,26-35,global,5.4,6.6,4.7,7.3,3.7,2.7,4.2,4.4,6.1,4.9,7.1,8.1,6.3,4.4,4.2,6.6,6.6,3.7,6.4,7.6,3.7,4.2,4.1,6.8,3.4,5.4,5.4,9.4,1.0,6.0,3.2,1.8,4.7,7.3,0,0,→,2032-2038,5.23,马来西亚政府发言人/新闻官：发展平稳,Malaysia Government Spokesperson / Press Secretary: steady development,AI综合评估 + O*NET/ILO/OECD锚点校准
GOV-0107-PH-general,公共管理与公务员,GOV,中央/联邦公务员,政府发言人/新闻官,Government Spokesperson / Press Secretary,2432,27-3031.00,东南亚,菲律宾,PH,country,general,本科/硕士,26-35,global,5.5,6.6,4.3,7.0,3.5,2.9,3.9,4.1,5.4,4.4,5.8,7.9,6.1,4.1,4.5,6.5,6.7,3.8,6.5,6.9,3.3,4.6,4.3,6.6,3.5,5.9,5.2,9.2,0.8,5.7,3.4,2.0,4.4,7.5,0,0,→,2032-2038,5.03,菲律宾政府发言人/新闻官：发展平稳,Philippines Government Spokesperson / Press Secretary: steady development,AI综合评估 + O*NET/ILO/OECD锚点校准
GOV-0107-IN-general,公共管理与公务员,GOV,中央/联邦公务员,政府发言人/新闻官,Government Spokesperson / Press Secretary,2432,27-3031.00,南亚,印度,IN,country,general,本科/硕士,26-35,global,5.4,6.7,4.9,7.4,4.2,3.1,4.7,5.2,6.2,5.0,6.4,8.2,6.4,3.9,4.4,6.4,6.3,3.4,6.7,8.4,3.2,4.6,4.1,6.4,3.4,5.0,5.2,9.3,0.8,6.5,2.7,1.6,4.6,7.5,0,1,→,2032-2038,5.29,印度政府发言人/新闻官：发展平稳,India Government Spokesperson / Press Secretary: steady development,AI综合评估 + O*NET/ILO/OECD锚点校准
GOV-0107-PK-general,公共管理与公务员,GOV,中央/联邦公务员,政府发言人/新闻官,Government Spokesperson / Press Secretary,2432,27-3031.00,南亚,巴基斯坦,PK,country,general,本科/硕士,26-35,global,5.3,6.2,4.7,6.8,3.6,2.9,4.3,4.5,5.1,4.4,5.7,8.0,5.9,4.2,3.8,6.3,6.4,3.7,6.2,7.3,3.3,4.3,3.6,5.9,3.4,4.3,5.2,9.6,0.9,6.4,2.8,1.7,4.0,7.5,0,0,→,2032-2038,4.95,巴基斯坦政府发言人/新闻官：发展平稳,Pakistan Government Spokesperson / Press Secretary: steady development,AI综合评估 + O*NET/ILO/OECD锚点校准
GOV-0107-BD-general,公共管理与公务员,GOV,中央/联邦公务员,政府发言人/新闻官,Government Spokesperson / Press Secretary,2432,27-3031.00,南亚,孟加拉国,BD,country,general,本科/硕士,26-35,global,5.3,6.1,4.4,6.7,3.5,2.4,3.9,4.9,4.9,4.2,6.0,8.1,6.1,4.1,4.0,6.4,6.4,3.8,6.4,7.1,3.1,4.0,4.1,6.0,3.3,4.7,5.1,9.7,0.8,6.4,3.1,1.8,4.1,7.6,0,0,→,2032-2038,4.94,孟加拉国政府发言人/新闻官：发展平稳,Bangladesh Government Spokesperson / Press Secretary: steady development,AI综合评估 + O*NET/ILO/OECD锚点校准
GOV-0107-AE-general,公共管理与公务员,GOV,中央/联邦公务员,政府发言人/新闻官,Government Spokesperson / Press Secretary,2432,27-3031.00,中亚/西亚,阿联酋,AE,country,general,本科/硕士,26-35,global,5.3,6.6,4.7,7.7,3.5,2.5,3.7,4.0,7.7,6.0,7.6,8.2,6.6,4.1,4.3,6.7,7.0,3.3,6.4,7.2,3.4,4.9,4.3,7.1,3.9,5.6,5.6,9.3,0.9,5.7,2.7,2.4,4.4,7.6,0,0,→,2032-2038,5.43,阿联酋政府发言人/新闻官：就业稳定，薪资回报高,"United Arab Emirates Government Spokesperson / Press Secretary: stable employment, high compensation",AI综合评估 + O*NET/ILO/OECD锚点校准
GOV-0107-IL-general,公共管理与公务员,GOV,中央/联邦公务员,政府发言人/新闻官,Government Spokesperson / Press Secretary,2432,27-3031.00,中亚/西亚,以色列,IL,country,general,本科/硕士,26-35,global,5.5,6.7,4.8,6.9,3.6,2.8,4.0,4.5,6.5,5.4,6.8,8.0,6.5,4.5,4.3,6.8,6.5,3.4,6.9,7.9,3.3,4.8,4.8,6.6,3.6,6.0,5.5,9.5,1.0,6.2,3.1,2.0,4.9,7.6,0,0,→,2032-2038,5.35,以色列政府发言人/新闻官：发展平稳,Israel Government Spokesperson / Press Secretary: steady development,AI综合评估 + O*NET/ILO/OECD锚点校准
GOV-0107-SA-general,公共管理与公务员,GOV,中央/联邦公务员,政府发言人/新闻官,Government Spokesperson / Press Secretary,2432,27-3031.00,中亚/西亚,沙特阿拉伯,SA,country,general,本科/硕士,26-35,global,5.2,6.5,4.9,7.4,4.1,3.2,3.6,4.3,7.2,5.4,7.2,8.1,6.4,4.0,4.3,6.2,6.6,3.5,6.7,7.1,3.2,4.4,4.1,6.4,3.4,4.4,5.4,9.4,1.2,5.9,2.7,2.3,4.6,7.4,0,1,→,2032-2038,5.29,沙特阿拉伯政府发言人/新闻官：发展平稳,Saudi Arabia Government Spokesperson / Press Secretary: steady development,AI综合评估 + O*NET/ILO/OECD锚点校准
GOV-0107-TR-general,公共管理与公务员,GOV,中央/联邦公务员,政府发言人/新闻官,Government Spokesperson / Press Secretary,2432,27-3031.00,中亚/西亚,土耳其,TR,country,general,本科/硕士,26-35,global,5.3,6.6,4.7,6.6,3.8,2.8,3.9,4.8,5.6,4.8,6.2,8.0,6.2,4.2,4.3,6.4,6.5,3.7,6.7,7.7,3.5,4.4,3.9,6.1,3.3,5.1,5.5,9.3,0.7,6.4,2.7,2.1,4.4,7.4,0,0,→,2032-2038,5.12,土耳其政府发言人/新闻官：发展平稳,Turkey Government Spokesperson / Press Secretary: steady development,AI综合评估 + O*NET/ILO/OECD锚点校准
GOV-0107-GB-general,公共管理与公务员,GOV,中央/联邦公务员,政府发言人/新闻官,Government Spokesperson / Press Secretary,2432,27-3031.00,西欧,英国,GB,country,general,本科/硕士,26-35,global,5.9,7.0,4.5,7.3,3.7,2.2,3.9,4.3,6.7,5.3,7.2,8.1,6.6,5.3,5.1,6.5,6.5,3.2,6.5,7.9,4.0,5.0,4.9,6.7,3.9,6.5,6.0,9.8,1.1,6.1,2.6,2.0,5.1,7.2,0,0,→,2032-2038,5.45,英国政府发言人/新闻官：发展平稳,United Kingdom Government Spokesperson / Press Secretary: steady development,AI综合评估 + O*NET/ILO/OECD锚点校准
GOV-0107-FR-general,公共管理与公务员,GOV,中央/联邦公务员,政府发言人/新闻官,Government Spokesperson / Press Secretary,2432,27-3031.00,西欧,法国,FR,country,general,本科/硕士,26-35,global,5.8,6.8,5.0,7.6,4.2,3.6,4.3,4.7,6.5,5.6,7.8,8.1,6.7,5.0,4.9,6.9,6.5,3.1,6.6,7.9,4.0,4.8,5.2,6.7,3.4,6.3,5.8,9.3,1.1,6.3,2.7,2.2,4.7,7.9,0,1,→,2032-2038,5.54,法国政府发言人/新闻官：就业稳定,France Government Spokesperson / Press Secretary: stable employment,AI综合评估 + O*NET/ILO/OECD锚点校准
GOV-0107-DE-general,公共管理与公务员,GOV,中央/联邦公务员,政府发言人/新闻官,Government Spokesperson / Press Secretary,2432,27-3031.00,西欧,德国,DE,country,general,本科/硕士,26-35,global,5.8,6.4,4.6,7.7,3.6,2.5,4.4,4.5,6.8,6.0,7.8,8.2,6.8,5.3,5.3,6.7,6.5,3.2,6.4,8.1,4.0,5.1,5.6,6.9,3.8,6.3,5.6,9.3,1.0,6.2,2.5,2.3,4.6,7.3,0,0,→,2032-2038,5.59,德国政府发言人/新闻官：就业稳定,Germany Government Spokesperson / Press Secretary: stable employment,AI综合评估 + O*NET/ILO/OECD锚点校准
GOV-0107-NL-general,公共管理与公务员,GOV,中央/联邦公务员,政府发言人/新闻官,Government Spokesperson / Press Secretary,2432,27-3031.00,西欧,荷兰,NL,country,general,本科/硕士,26-35,global,5.8,6.8,4.5,7.2,3.4,2.3,4.0,4.1,6.6,5.6,7.4,8.3,6.9,5.8,5.0,6.6,7.0,3.2,6.6,7.6,3.7,5.3,5.8,6.9,3.7,6.6,5.8,9.4,1.0,6.2,2.7,2.2,4.8,7.4,0,0,→,2032-2038,5.5,荷兰政府发言人/新闻官：发展平稳,Netherlands Government Spokesperson / Press Secretary: steady development,AI综合评估 + O*NET/ILO/OECD锚点校准
GOV-0107-CH-general,公共管理与公务员,GOV,中央/联邦公务员,政府发言人/新闻官,Government Spokesperson / Press Secretary,2432,27-3031.00,西欧,瑞士,CH,country,general,本科/硕士,26-35,global,5.4,6.7,4.7,7.8,3.2,2.2,4.3,4.6,7.5,6.2,7.9,8.2,7.2,5.7,4.9,6.4,6.7,3.2,6.9,7.9,4.0,5.2,5.2,6.8,3.8,6.2,5.7,9.4,1.0,5.7,2.8,2.0,5.0,7.3,0,-1,→,2032-2038,5.66,瑞士政府发言人/新闻官：就业稳定，薪资回报高,"Switzerland Government Spokesperson / Press Secretary: stable employment, high compensation",AI综合评估 + O*NET/ILO/OECD锚点校准
GOV-0107-SE-general,公共管理与公务员,GOV,中央/联邦公务员,政府发言人/新闻官,Government Spokesperson / Press Secretary,2432,27-3031.00,北欧,瑞典,SE,country,general,本科/硕士,26-35,global,5.9,6.3,5.0,7.5,4.1,3.1,3.6,4.2,6.9,5.5,8.0,8.2,7.1,5.4,5.3,6.5,6.7,3.0,6.8,7.3,3.9,4.9,5.8,7.0,3.9,7.2,5.7,9.6,0.9,5.6,3.0,2.4,4.8,7.9,0,0,→,2032-2038,5.62,瑞典政府发言人/新闻官：就业稳定,Sweden Government Spokesperson / Press Secretary: stable employment,AI综合评估 + O*NET/ILO/OECD锚点校准
GOV-0107-DK-general,公共管理与公务员,GOV,中央/联邦公务员,政府发言人/新闻官,Government Spokesperson / Press Secretary,2432,27-3031.00,北欧,丹麦,DK,country,general,本科/硕士,26-35,global,5.9,6.8,4.9,7.6,4.0,3.0,3.7,4.1,7.2,5.5,7.7,8.2,7.2,5.3,5.2,6.6,6.6,2.9,6.8,7.3,4.2,5.1,5.9,7.1,3.5,7.2,5.8,9.4,1.3,5.8,2.9,2.0,4.9,7.7,0,0,→,2032-2038,5.61,丹麦政府发言人/新闻官：就业稳定,Denmark Government Spokesperson / Press Secretary: stable employment,AI综合评估 + O*NET/ILO/OECD锚点校准
GOV-0107-FI-general,公共管理与公务员,GOV,中央/联邦公务员,政府发言人/新闻官,Government Spokesperson / Press Secretary,2432,27-3031.00,北欧,芬兰,FI,country,general,本科/硕士,26-35,global,5.6,6.7,4.9,7.4,3.4,2.8,3.8,4.5,6.6,5.4,7.6,8.2,6.9,5.8,5.1,6.9,6.7,3.3,6.6,7.8,3.7,5.3,5.5,6.9,3.8,7.1,5.8,9.5,1.2,5.6,2.7,2.0,4.9,7.4,0,0,→,2032-2038,5.57,芬兰政府发言人/新闻官：就业稳定,Finland Government Spokesperson / Press Secretary: stable employment,AI综合评估 + O*NET/ILO/OECD锚点校准
GOV-0107-IT-general,公共管理与公务员,GOV,中央/联邦公务员,政府发言人/新闻官,Government Spokesperson / Press Secretary,2432,27-3031.00,南欧,意大利,IT,country,general,本科/硕士,26-35,global,5.7,6.9,5.0,7.4,3.5,2.7,4.2,4.9,6.2,5.2,6.6,8.1,6.9,4.8,4.5,6.6,6.3,3.5,6.8,7.6,3.7,4.8,4.8,6.4,3.3,5.3,5.8,9.5,0.8,6.4,2.7,2.2,4.6,7.5,0,0,→,2032-2038,5.33,意大利政府发言人/新闻官：发展平稳,Italy Government Spokesperson / Press Secretary: steady development,AI综合评估 + O*NET/ILO/OECD锚点校准
GOV-0107-ES-general,公共管理与公务员,GOV,中央/联邦公务员,政府发言人/新闻官,Government Spokesperson / Press Secretary,2432,27-3031.00,南欧,西班牙,ES,country,general,本科/硕士,26-35,global,5.6,6.8,4.8,7.2,3.4,2.8,4.4,5.0,6.3,5.5,7.2,8.0,6.6,4.6,4.9,6.3,6.8,3.5,6.5,7.8,3.3,4.7,4.8,6.8,3.8,6.0,5.7,9.8,1.3,6.4,3.0,1.8,4.9,7.5,0,0,→,2032-2038,5.38,西班牙政府发言人/新闻官：发展平稳,Spain Government Spokesperson / Press Secretary: steady development,AI综合评估 + O*NET/ILO/OECD锚点校准
GOV-0107-PT-general,公共管理与公务员,GOV,中央/联邦公务员,政府发言人/新闻官,Government Spokesperson / Press Secretary,2432,27-3031.00,南欧,葡萄牙,PT,country,general,本科/硕士,26-35,global,5.6,6.4,4.8,7.5,3.5,2.8,4.1,4.7,5.8,4.8,6.8,8.1,6.8,4.9,4.6,6.6,6.6,3.5,6.5,7.5,3.3,4.4,5.1,7.0,3.4,6.4,5.7,9.3,1.3,6.0,3.2,1.8,4.6,7.5,0,0,→,2032-2038,5.31,葡萄牙政府发言人/新闻官：发展平稳,Portugal Government Spokesperson / Press Secretary: steady development,AI综合评估 + O*NET/ILO/OECD锚点校准
GOV-0107-PL-general,公共管理与公务员,GOV,中央/联邦公务员,政府发言人/新闻官,Government Spokesperson / Press Secretary,2432,27-3031.00,东欧,波兰,PL,country,general,本科/硕士,26-35,global,5.5,6.3,4.3,7.2,3.4,2.2,3.9,4.1,6.1,5.2,7.1,8.1,6.9,5.1,4.9,6.8,6.6,3.2,6.5,7.2,3.4,4.5,5.1,6.6,3.5,5.7,5.8,9.4,0.9,6.1,2.9,2.4,4.8,7.4,0,0,→,2032-2038,5.33,波兰政府发言人/新闻官：发展平稳,Poland Government Spokesperson / Press Secretary: steady development,AI综合评估 + O*NET/ILO/OECD锚点校准
GOV-0107-CZ-general,公共管理与公务员,GOV,中央/联邦公务员,政府发言人/新闻官,Government Spokesperson / Press Secretary,2432,27-3031.00,东欧,捷克,CZ,country,general,本科/硕士,26-35,global,5.5,6.7,4.6,7.4,3.6,2.2,4.0,4.2,6.0,5.3,7.0,8.2,6.6,5.2,5.1,6.8,6.7,3.3,6.4,7.4,3.9,5.1,5.2,6.6,3.9,5.7,5.4,9.6,0.9,5.9,2.6,2.0,4.8,7.7,0,0,→,2032-2038,5.38,捷克政府发言人/新闻官：发展平稳,Czech Republic Government Spokesperson / Press Secretary: steady development,AI综合评估 + O*NET/ILO/OECD锚点校准
GOV-0107-RU-general,公共管理与公务员,GOV,中央/联邦公务员,政府发言人/新闻官,Government Spokesperson / Press Secretary,2432,27-3031.00,东欧,俄罗斯,RU,country,general,本科/硕士,26-35,global,5.4,6.7,4.5,6.9,3.9,3.6,3.9,4.2,5.4,4.7,6.5,8.1,6.5,4.1,4.2,6.4,6.5,3.9,6.9,7.2,3.2,4.4,4.6,6.4,3.1,5.9,5.2,9.4,1.3,5.8,2.8,2.0,4.1,7.9,0,1,→,2032-2038,5.11,俄罗斯政府发言人/新闻官：发展平稳,Russia Government Spokesperson / Press Secretary: steady development,AI综合评估 + O*NET/ILO/OECD锚点校准
GOV-0107-US-general,公共管理与公务员,GOV,中央/联邦公务员,政府发言人/新闻官,Government Spokesperson / Press Secretary,2432,27-3031.00,北美,美国,US,country,general,本科/硕士,26-35,global,5.5,7.0,4.7,7.2,3.2,1.8,4.4,4.5,6.7,5.5,7.0,8.1,6.4,4.8,4.6,6.5,6.7,3.3,6.6,8.0,3.3,4.8,4.2,6.8,3.9,6.1,5.6,9.5,0.9,5.9,2.7,2.3,4.6,7.1,0,0,→,2032-2038,5.38,美国政府发言人/新闻官：发展平稳,United States Government Spokesperson / Press Secretary: steady development,AI综合评估 + O*NET/ILO/OECD锚点校准
GOV-0107-CA-general,公共管理与公务员,GOV,中央/联邦公务员,政府发言人/新闻官,Government Spokesperson / Press Secretary,2432,27-3031.00,北美,加拿大,CA,country,general,本科/硕士,26-35,global,6.0,6.8,4.8,7.3,3.2,2.0,4.0,4.6,6.8,5.8,7.5,8.1,7.0,5.1,4.9,6.7,6.8,3.2,6.4,7.5,3.8,4.7,5.1,6.7,3.4,6.6,5.8,9.4,0.9,6.0,2.8,2.3,4.6,7.6,0,0,→,2032-2038,5.44,加拿大政府发言人/新闻官：就业稳定,Canada Government Spokesperson / Press Secretary: stable employment,AI综合评估 + O*NET/ILO/OECD锚点校准
GOV-0107-MX-general,公共管理与公务员,GOV,中央/联邦公务员,政府发言人/新闻官,Government Spokesperson / Press Secretary,2432,27-3031.00,北美,墨西哥,MX,country,general,本科/硕士,26-35,global,5.3,6.5,4.4,7.0,3.6,2.7,3.5,4.4,5.2,4.9,6.0,8.0,6.5,4.1,4.3,6.7,6.4,3.8,6.6,7.2,3.1,4.1,4.4,6.4,3.4,5.6,5.5,9.5,0.8,5.7,3.0,2.1,4.3,7.7,0,0,→,2032-2038,5.06,墨西哥政府发言人/新闻官：发展平稳,Mexico Government Spokesperson / Press Secretary: steady development,AI综合评估 + O*NET/ILO/OECD锚点校准
GOV-0107-BR-general,公共管理与公务员,GOV,中央/联邦公务员,政府发言人/新闻官,Government Spokesperson / Press Secretary,2432,27-3031.00,南美,巴西,BR,country,general,本科/硕士,26-35,global,5.4,6.7,4.9,7.3,3.9,2.9,4.1,5.0,6.1,5.0,6.7,7.9,6.4,4.7,4.8,6.7,6.5,3.6,6.5,7.8,3.2,4.3,4.5,6.3,3.6,5.7,5.3,9.4,0.8,6.4,3.0,1.7,4.5,7.5,0,1,→,2032-2038,5.27,巴西政府发言人/新闻官：发展平稳,Brazil Government Spokesperson / Press Secretary: steady development,AI综合评估 + O*NET/ILO/OECD锚点校准
GOV-0107-AR-general,公共管理与公务员,GOV,中央/联邦公务员,政府发言人/新闻官,Government Spokesperson / Press Secretary,2432,27-3031.00,南美,阿根廷,AR,country,general,本科/硕士,26-35,global,5.3,6.2,4.6,6.9,3.9,3.0,3.5,4.3,5.6,4.5,6.0,7.9,6.6,4.5,4.5,6.4,6.5,3.7,6.3,7.1,3.4,4.2,4.5,6.2,3.4,5.6,5.2,9.3,0.9,5.6,3.0,1.9,4.1,7.3,-1,1,→,2032-2038,5.08,阿根廷政府发言人/新闻官：发展平稳,Argentina Government Spokesperson / Press Secretary: steady development,AI综合评估 + O*NET/ILO/OECD锚点校准
GOV-0107-CL-general,公共管理与公务员,GOV,中央/联邦公务员,政府发言人/新闻官,Government Spokesperson / Press Secretary,2432,27-3031.00,南美,智利,CL,country,general,本科/硕士,26-35,global,5.6,6.6,4.4,7.2,3.4,1.9,4.0,4.5,6.2,4.8,6.8,8.0,6.4,4.2,4.8,6.4,6.5,3.2,6.4,7.3,3.8,4.9,4.5,6.8,3.6,5.2,5.7,9.6,1.2,6.1,3.1,2.0,4.5,7.6,0,0,→,2032-2038,5.22,智利政府发言人/新闻官：发展平稳,Chile Government Spokesperson / Press Secretary: steady development,AI综合评估 + O*NET/ILO/OECD锚点校准
GOV-0107-CO-general,公共管理与公务员,GOV,中央/联邦公务员,政府发言人/新闻官,Government Spokesperson / Press Secretary,2432,27-3031.00,南美,哥伦比亚,CO,country,general,本科/硕士,26-35,global,5.3,6.4,4.4,6.7,3.5,2.9,4.1,4.6,5.5,4.5,5.9,8.0,6.7,4.4,4.6,6.3,6.5,3.8,6.2,7.2,3.3,4.4,4.1,6.4,3.2,5.3,5.6,9.7,1.1,5.5,3.2,1.9,4.0,7.5,0,0,→,2032-2038,5.06,哥伦比亚政府发言人/新闻官：发展平稳,Colombia Government Spokesperson / Press Secretary: steady development,AI综合评估 + O*NET/ILO/OECD锚点校准
GOV-0107-AU-general,公共管理与公务员,GOV,中央/联邦公务员,政府发言人/新闻官,Government Spokesperson / Press Secretary,2432,27-3031.00,大洋洲,澳大利亚,AU,country,general,本科/硕士,26-35,global,5.5,6.3,4.3,7.2,3.6,2.2,3.8,4.4,7.0,5.9,7.4,8.2,6.7,5.5,5.3,6.6,6.9,3.0,6.8,7.6,3.7,4.9,4.9,6.7,3.8,6.4,6.0,9.6,0.8,5.6,3.0,2.0,4.7,7.4,0,0,→,2032-2038,5.54,澳大利亚政府发言人/新闻官：发展平稳,Australia Government Spokesperson / Press Secretary: steady development,AI综合评估 + O*NET/ILO/OECD锚点校准
GOV-0107-NZ-general,公共管理与公务员,GOV,中央/联邦公务员,政府发言人/新闻官,Government Spokesperson / Press Secretary,2432,27-3031.00,大洋洲,新西兰,NZ,country,general,本科/硕士,26-35,global,5.3,6.7,4.6,7.7,3.1,1.9,4.1,4.2,6.6,5.3,7.7,8.1,7.0,5.5,5.1,6.4,6.8,3.3,6.7,7.6,4.1,5.1,5.3,6.9,3.5,6.9,6.0,9.3,1.0,5.7,2.9,2.3,4.9,7.5,0,0,→,2032-2038,5.51,新西兰政府发言人/新闻官：就业稳定,New Zealand Government Spokesperson / Press Secretary: stable employment,AI综合评估 + O*NET/ILO/OECD锚点校准
GOV-0107-ZA-general,公共管理与公务员,GOV,中央/联邦公务员,政府发言人/新闻官,Government Spokesperson / Press Secretary,2432,27-3031.00,非洲,南非,ZA,country,general,本科/硕士,26-35,global,5.2,6.5,4.6,6.8,3.8,2.8,3.6,4.5,6.1,5.1,6.0,7.9,6.1,4.1,4.2,6.5,6.2,3.7,6.7,7.5,3.4,4.4,4.1,6.4,3.4,5.5,5.1,9.6,1.2,5.8,2.9,1.7,4.1,7.7,0,0,→,2032-2038,5.11,南非政府发言人/新闻官：发展平稳,South Africa Government Spokesperson / Press Secretary: steady development,AI综合评估 + O*NET/ILO/OECD锚点校准
GOV-0107-NG-general,公共管理与公务员,GOV,中央/联邦公务员,政府发言人/新闻官,Government Spokesperson / Press Secretary,2432,27-3031.00,非洲,尼日利亚,NG,country,general,本科/硕士,26-35,global,5.4,6.1,4.8,6.6,3.6,2.9,3.3,4.1,5.1,4.1,5.7,7.9,6.2,3.6,3.9,6.5,6.2,3.8,6.1,7.1,3.4,4.4,3.9,6.2,3.5,4.9,5.3,9.8,1.2,5.5,3.2,1.7,3.9,7.9,-1,0,→,2032-2038,4.89,尼日利亚政府发言人/新闻官：发展平稳,Nigeria Government Spokesperson / Press Secretary: steady development,AI综合评估 + O*NET/ILO/OECD锚点校准
GOV-0107-KE-general,公共管理与公务员,GOV,中央/联邦公务员,政府发言人/新闻官,Government Spokesperson / Press Secretary,2432,27-3031.00,非洲,肯尼亚,KE,country,general,本科/硕士,26-35,global,5.6,6.2,4.7,7.0,3.3,3.0,3.7,4.0,5.3,4.4,5.8,8.0,6.5,4.0,4.3,6.3,6.5,3.7,6.6,7.1,3.3,4.3,3.8,6.4,3.1,5.2,5.4,9.3,0.7,5.8,3.2,1.9,4.3,7.3,-1,0,→,2032-2038,5.0,肯尼亚政府发言人/新闻官：发展平稳,Kenya Government Spokesperson / Press Secretary: steady development,AI综合评估 + O*NET/ILO/OECD锚点校准
GOV-0107-EG-general,公共管理与公务员,GOV,中央/联邦公务员,政府发言人/新闻官,Government Spokesperson / Press Secretary,2432,27-3031.00,非洲,埃及,EG,country,general,本科/硕士,26-35,global,5.4,6.6,4.9,6.7,3.8,3.4,3.9,4.1,5.3,4.4,6.1,8.1,6.2,4.3,4.4,6.3,6.4,3.7,6.3,7.0,3.5,4.0,3.8,6.5,3.7,4.5,5.1,9.6,0.8,6.0,3.2,1.7,4.1,7.9,0,1,→,2032-2038,5.0,埃及政府发言人/新闻官：发展平稳,Egypt Government Spokesperson / Press Secretary: steady development,AI综合评估 + O*NET/ILO/OECD锚点校准
GOV-0201-CN-general,公共管理与公务员,GOV,地方公务员,地方政府公务员,Local Government Officer,3354,11-1031.00,东亚,中国,CN,country,general,本科,22-28,global,4.8,5.6,4.0,9.5,5.6,8.3,3.4,3.1,4.5,5.7,9.7,9.2,7.3,6.0,5.8,4.8,3.5,2.6,5.9,8.1,1.9,3.1,6.0,5.5,1.8,5.6,7.3,7.3,1.6,8.6,1.6,0.8,1.9,8.1,0,1,→,2028-2033,5.26,中国地方政府公务员：就业极其稳定，准入门槛高，无法远程办公,"China Local Government Officer: extremely stable employment, high entry barrier, no remote work possible",AI综合评估 + O*NET/ILO/OECD锚点校准
GOV-0201-JP-general,公共管理与公务员,GOV,地方公务员,地方政府公务员,Local Government Officer,3354,11-1031.00,东亚,日本,JP,country,general,本科,22-28,global,5.4,5.6,3.8,9.8,5.2,7.0,3.4,2.8,5.0,6.0,10.0,9.3,7.5,6.2,5.8,5.0,3.4,2.2,6.0,7.5,2.3,3.7,6.5,5.6,1.6,5.2,7.1,7.3,1.5,8.4,1.5,0.9,2.1,7.7,0,0,→,2032-2038,5.33,日本地方政府公务员：就业极其稳定，准入门槛高,"Japan Local Government Officer: extremely stable employment, high entry barrier",AI综合评估 + O*NET/ILO/OECD锚点校准
GOV-0201-KR-general,公共管理与公务员,GOV,地方公务员,地方政府公务员,Local Government Officer,3354,11-1031.00,东亚,韩国,KR,country,general,本科,22-28,global,5.1,5.8,3.5,9.2,5.0,7.2,3.4,3.2,4.8,5.5,10.0,9.1,7.3,6.3,5.5,5.1,3.5,2.2,5.9,8.0,2.1,3.5,6.3,5.7,1.3,5.1,7.5,7.3,1.4,8.4,1.6,1.1,2.1,8.1,0,0,→,2028-2033,5.26,韩国地方政府公务员：就业极其稳定，准入门槛高,"South Korea Local Government Officer: extremely stable employment, high entry barrier",AI综合评估 + O*NET/ILO/OECD锚点校准
GOV-0201-TW-general,公共管理与公务员,GOV,地方公务员,地方政府公务员,Local Government Officer,3354,11-1031.00,东亚,中国台湾地区,TW,region,general,本科,22-28,global,5.2,6.0,3.4,9.1,4.7,6.9,3.6,2.7,5.0,5.5,9.7,9.2,7.4,6.3,5.9,5.2,3.6,2.4,6.3,7.4,2.3,3.5,6.5,5.5,1.5,5.8,7.4,7.8,1.5,8.3,1.5,1.0,2.2,7.9,0,0,→,2032-2038,5.27,中国台湾地区地方政府公务员：就业极其稳定，准入门槛高,"Taiwan (China) Local Government Officer: extremely stable employment, high entry barrier",AI综合评估 + O*NET/ILO/OECD锚点校准
GOV-0201-HK-general,公共管理与公务员,GOV,地方公务员,地方政府公务员,Local Government Officer,3354,11-1031.00,东亚,中国香港地区,HK,region,general,本科,22-28,global,5.0,5.5,3.6,9.4,4.9,6.7,3.4,2.7,5.4,5.5,9.7,9.1,7.1,6.1,5.6,4.8,3.7,2.3,6.2,7.2,2.6,3.8,6.2,5.7,1.7,5.8,7.2,7.8,1.5,7.7,1.2,1.5,2.3,7.6,0,0,→,2032-2038,5.34,中国香港地区地方政府公务员：就业极其稳定,Hong Kong (China) Local Government Officer: extremely stable employment,AI综合评估 + O*NET/ILO/OECD锚点校准
GOV-0201-SG-general,公共管理与公务员,GOV,地方公务员,地方政府公务员,Local Government Officer,3354,11-1031.00,东南亚,新加坡,SG,country,general,本科,22-28,global,5.0,5.6,3.3,9.7,4.7,6.5,3.6,2.5,6.3,6.2,10.0,9.4,7.6,6.4,6.2,4.9,3.6,2.2,6.0,7.4,2.5,3.9,6.2,6.2,1.9,6.3,7.5,7.5,1.5,8.0,1.0,1.3,2.4,8.2,0,-1,→,2032-2038,5.47,新加坡地方政府公务员：就业极其稳定，准入门槛高,"Singapore Local Government Officer: extremely stable employment, high entry barrier",AI综合评估 + O*NET/ILO/OECD锚点校准
GOV-0201-TH-general,公共管理与公务员,GOV,地方公务员,地方政府公务员,Local Government Officer,3354,11-1031.00,东南亚,泰国,TH,country,general,本科,22-28,global,5.2,5.3,3.6,8.9,5.0,7.5,3.0,2.3,4.4,5.0,8.8,9.1,7.6,6.5,6.2,5.2,3.6,2.6,6.1,7.0,2.4,3.5,6.4,5.1,1.7,5.8,7.7,7.5,1.7,7.7,1.4,0.8,2.0,8.3,0,0,→,2032-2038,5.16,泰国地方政府公务员：就业极其稳定,Thailand Local Government Officer: extremely stable employment,AI综合评估 + O*NET/ILO/OECD锚点校准
GOV-0201-VN-general,公共管理与公务员,GOV,地方公务员,地方政府公务员,Local Government Officer,3354,11-1031.00,东南亚,越南,VN,country,general,本科,22-28,global,4.9,5.6,4.0,9.1,5.6,7.9,3.3,2.8,4.0,4.9,9.4,9.2,7.4,6.1,5.9,4.9,3.3,2.4,6.3,6.9,2.3,3.1,6.0,5.1,1.6,5.4,7.5,7.2,1.4,8.2,1.6,0.7,1.6,7.9,0,1,→,2032-2038,5.15,越南地方政府公务员：就业极其稳定，薪资水平偏低，准入门槛高,"Vietnam Local Government Officer: extremely stable employment, relatively low pay, high entry barrier",AI综合评估 + O*NET/ILO/OECD锚点校准
GOV-0201-ID-general,公共管理与公务员,GOV,地方公务员,地方政府公务员,Local Government Officer,3354,11-1031.00,东南亚,印度尼西亚,ID,country,general,本科,22-28,global,5.2,5.7,3.6,8.7,5.4,7.5,2.7,2.5,4.0,4.7,9.0,8.9,7.7,6.0,5.8,4.7,3.5,2.7,6.3,7.0,2.6,3.6,6.1,5.0,1.7,5.4,7.1,7.8,1.3,7.7,1.6,0.7,2.0,8.1,0,0,→,2032-2038,5.07,印度尼西亚地方政府公务员：就业极其稳定，薪资水平偏低,"Indonesia Local Government Officer: extremely stable employment, relatively low pay",AI综合评估 + O*NET/ILO/OECD锚点校准
GOV-0201-MY-general,公共管理与公务员,GOV,地方公务员,地方政府公务员,Local Government Officer,3354,11-1031.00,东南亚,马来西亚,MY,country,general,本科,22-28,global,4.8,5.6,3.5,9.1,4.9,7.1,3.0,2.3,4.6,5.1,9.1,9.0,7.4,6.5,6.0,5.0,3.3,2.4,6.1,7.3,2.4,3.4,6.4,5.4,1.4,5.2,7.5,7.4,1.5,8.0,1.5,0.7,2.0,7.9,0,0,→,2032-2038,5.15,马来西亚地方政府公务员：就业极其稳定，准入门槛高,"Malaysia Local Government Officer: extremely stable employment, high entry barrier",AI综合评估 + O*NET/ILO/OECD锚点校准
GOV-0201-PH-general,公共管理与公务员,GOV,地方公务员,地方政府公务员,Local Government Officer,3354,11-1031.00,东南亚,菲律宾,PH,country,general,本科,22-28,global,4.9,5.3,3.8,8.9,5.2,7.1,2.8,2.1,4.0,4.4,8.5,8.9,7.6,6.0,6.1,5.2,3.3,2.7,6.0,6.6,2.4,3.2,6.5,5.3,1.3,5.7,7.4,7.3,1.7,7.9,1.7,1.0,2.1,8.0,0,0,→,2032-2038,5.03,菲律宾地方政府公务员：就业极其稳定，薪资水平偏低,"Philippines Local Government Officer: extremely stable employment, relatively low pay",AI综合评估 + O*NET/ILO/OECD锚点校准
GOV-0201-IN-general,公共管理与公务员,GOV,地方公务员,地方政府公务员,Local Government Officer,3354,11-1031.00,南亚,印度,IN,country,general,本科,22-28,global,5.0,5.7,3.6,9.1,5.4,7.8,3.3,3.2,4.2,4.8,8.9,9.1,7.1,6.1,5.8,5.1,3.5,2.7,5.8,7.8,2.6,3.0,5.9,5.1,1.4,5.4,7.5,7.3,1.8,8.7,1.3,0.6,1.7,8.1,0,1,→,2028-2033,5.09,印度地方政府公务员：就业极其稳定，准入门槛高,"India Local Government Officer: extremely stable employment, high entry barrier",AI综合评估 + O*NET/ILO/OECD锚点校准
GOV-0201-PK-general,公共管理与公务员,GOV,地方公务员,地方政府公务员,Local Government Officer,3354,11-1031.00,南亚,巴基斯坦,PK,country,general,本科,22-28,global,4.7,5.3,3.3,8.9,5.4,7.6,3.3,2.4,3.4,4.3,8.6,9.0,7.3,5.6,5.5,4.9,3.3,3.0,6.0,7.0,2.3,3.0,6.0,5.0,1.4,4.4,7.3,7.3,1.3,8.1,1.6,0.7,2.1,7.9,0,0,→,2032-2038,4.92,巴基斯坦地方政府公务员：就业极其稳定，薪资水平偏低，准入门槛高,"Pakistan Local Government Officer: extremely stable employment, relatively low pay, high entry barrier",AI综合评估 + O*NET/ILO/OECD锚点校准
GOV-0201-BD-general,公共管理与公务员,GOV,地方公务员,地方政府公务员,Local Government Officer,3354,11-1031.00,南亚,孟加拉国,BD,country,general,本科,22-28,global,4.8,5.2,3.7,9.1,4.9,7.3,3.2,2.5,3.6,4.3,8.8,9.0,7.2,6.2,5.4,4.8,3.6,2.8,6.0,6.8,2.2,3.0,6.1,5.0,1.2,4.8,7.2,7.7,1.4,8.0,1.2,0.9,1.7,8.1,0,0,→,2032-2038,4.97,孟加拉国地方政府公务员：就业极其稳定，薪资水平偏低，准入门槛高,"Bangladesh Local Government Officer: extremely stable employment, relatively low pay, high entry barrier",AI综合评估 + O*NET/ILO/OECD锚点校准
GOV-0201-AE-general,公共管理与公务员,GOV,地方公务员,地方政府公务员,Local Government Officer,3354,11-1031.00,中亚/西亚,阿联酋,AE,country,general,本科,22-28,global,4.8,5.2,4.0,9.3,4.8,6.9,2.6,2.1,6.2,5.8,10.0,9.2,7.2,6.5,6.1,4.9,3.4,2.0,6.1,7.0,2.3,3.8,6.3,6.0,1.5,5.5,7.6,7.6,1.3,7.4,1.5,1.2,2.3,8.3,0,0,→,2032-2038,5.39,阿联酋地方政府公务员：就业极其稳定,United Arab Emirates Local Government Officer: extremely stable employment,AI综合评估 + O*NET/ILO/OECD锚点校准
GOV-0201-IL-general,公共管理与公务员,GOV,地方公务员,地方政府公务员,Local Government Officer,3354,11-1031.00,中亚/西亚,以色列,IL,country,general,本科,22-28,global,5.3,5.9,3.4,9.4,5.0,6.9,3.0,2.5,4.8,5.4,9.5,8.9,7.6,6.6,5.9,5.2,3.9,2.6,6.4,7.1,2.2,3.5,6.2,5.7,1.6,6.1,7.5,7.4,1.4,8.1,1.7,1.2,2.0,8.1,0,0,→,2032-2038,5.23,以色列地方政府公务员：就业极其稳定，准入门槛高,"Israel Local Government Officer: extremely stable employment, high entry barrier",AI综合评估 + O*NET/ILO/OECD锚点校准
GOV-0201-SA-general,公共管理与公务员,GOV,地方公务员,地方政府公务员,Local Government Officer,3354,11-1031.00,中亚/西亚,沙特阿拉伯,SA,country,general,本科,22-28,global,4.9,5.4,3.9,9.4,5.7,7.9,2.2,2.0,5.5,5.8,9.6,9.2,7.6,5.9,6.0,4.9,3.5,2.3,6.1,6.6,2.3,3.1,6.3,5.3,1.3,4.6,7.4,7.3,1.5,7.5,1.3,0.9,1.8,7.9,0,1,→,2032-2038,5.22,沙特阿拉伯地方政府公务员：就业极其稳定,Saudi Arabia Local Government Officer: extremely stable employment,AI综合评估 + O*NET/ILO/OECD锚点校准
GOV-0201-TR-general,公共管理与公务员,GOV,地方公务员,地方政府公务员,Local Government Officer,3354,11-1031.00,中亚/西亚,土耳其,TR,country,general,本科,22-28,global,5.1,5.6,3.7,9.1,5.6,7.7,3.3,2.8,4.0,4.9,8.6,8.9,7.4,5.8,6.1,5.1,3.3,2.6,6.2,7.1,2.3,3.5,5.9,5.7,1.6,5.4,7.7,7.3,1.8,8.3,1.3,0.9,2.0,7.8,0,0,→,2032-2038,5.13,土耳其地方政府公务员：就业极其稳定，薪资水平偏低，准入门槛高,"Turkey Local Government Officer: extremely stable employment, relatively low pay, high entry barrier",AI综合评估 + O*NET/ILO/OECD锚点校准
GOV-0201-GB-general,公共管理与公务员,GOV,地方公务员,地方政府公务员,Local Government Officer,3354,11-1031.00,西欧,英国,GB,country,general,本科,22-28,global,5.1,5.6,3.4,9.6,5.1,7.1,3.1,2.7,5.0,5.4,10.0,9.0,7.8,7.1,6.6,5.4,4.0,2.2,6.2,7.4,2.9,4.1,7.1,5.6,1.7,6.2,7.8,7.6,1.4,8.0,1.2,1.0,2.4,8.1,0,0,→,2032-2038,5.47,英国地方政府公务员：就业极其稳定，准入门槛高,"United Kingdom Local Government Officer: extremely stable employment, high entry barrier",AI综合评估 + O*NET/ILO/OECD锚点校准
GOV-0201-FR-general,公共管理与公务员,GOV,地方公务员,地方政府公务员,Local Government Officer,3354,11-1031.00,西欧,法国,FR,country,general,本科,22-28,global,5.4,5.6,3.6,9.5,5.7,7.9,3.3,2.9,5.0,5.4,10.0,9.1,8.0,7.2,6.6,5.1,3.6,2.3,6.3,7.3,2.7,3.7,6.9,5.9,1.6,6.1,7.9,7.3,1.4,8.4,1.7,1.4,2.2,7.9,0,1,→,2032-2038,5.46,法国地方政府公务员：就业极其稳定，准入门槛高,"France Local Government Officer: extremely stable employment, high entry barrier",AI综合评估 + O*NET/ILO/OECD锚点校准
GOV-0201-DE-general,公共管理与公务员,GOV,地方公务员,地方政府公务员,Local Government Officer,3354,11-1031.00,西欧,德国,DE,country,general,本科,22-28,global,5.1,6.0,3.8,9.6,4.8,6.9,3.2,2.5,5.2,5.9,10.0,9.2,7.9,7.3,6.8,5.3,3.8,2.1,6.3,7.5,2.6,4.0,7.3,5.8,1.9,6.5,7.7,7.7,1.4,8.2,1.1,1.1,2.0,8.0,0,0,→,2032-2038,5.51,德国地方政府公务员：就业极其稳定，准入门槛高,"Germany Local Government Officer: extremely stable employment, high entry barrier",AI综合评估 + O*NET/ILO/OECD锚点校准
GOV-0201-NL-general,公共管理与公务员,GOV,地方公务员,地方政府公务员,Local Government Officer,3354,11-1031.00,西欧,荷兰,NL,country,general,本科,22-28,global,5.2,5.8,3.7,9.6,4.8,6.5,2.8,2.3,5.2,5.5,9.9,9.1,8.1,7.7,6.9,5.0,3.6,2.1,5.9,6.9,3.1,4.2,7.6,5.6,1.3,6.7,7.6,7.8,1.6,8.1,1.6,1.0,2.5,8.1,0,0,→,2028-2033,5.43,荷兰地方政府公务员：就业极其稳定，准入门槛高,"Netherlands Local Government Officer: extremely stable employment, high entry barrier",AI综合评估 + O*NET/ILO/OECD锚点校准
GOV-0201-CH-general,公共管理与公务员,GOV,地方公务员,地方政府公务员,Local Government Officer,3354,11-1031.00,西欧,瑞士,CH,country,general,本科,22-28,global,4.9,5.6,3.8,9.8,4.5,6.4,3.0,2.2,6.0,6.3,9.9,9.2,7.7,7.6,6.6,4.9,3.9,2.1,6.0,6.9,2.6,4.2,7.5,5.7,1.5,6.5,7.7,7.6,1.5,8.0,1.3,1.0,2.4,8.1,0,-1,→,2032-2038,5.51,瑞士地方政府公务员：就业极其稳定，准入门槛高,"Switzerland Local Government Officer: extremely stable employment, high entry barrier",AI综合评估 + O*NET/ILO/OECD锚点校准
GOV-0201-SE-general,公共管理与公务员,GOV,地方公务员,地方政府公务员,Local Government Officer,3354,11-1031.00,北欧,瑞典,SE,country,general,本科,22-28,global,4.9,5.5,4.0,9.5,5.4,7.6,2.6,2.2,5.4,5.5,10.0,9.3,8.0,7.7,6.9,4.9,3.9,2.0,6.3,7.1,3.1,4.3,7.6,5.7,2.0,7.2,7.9,7.8,1.3,8.0,1.0,1.2,2.1,8.0,0,0,→,2032-2038,5.59,瑞典地方政府公务员：就业极其稳定，准入门槛高,"Sweden Local Government Officer: extremely stable employment, high entry barrier",AI综合评估 + O*NET/ILO/OECD锚点校准
GOV-0201-DK-general,公共管理与公务员,GOV,地方公务员,地方政府公务员,Local Government Officer,3354,11-1031.00,北欧,丹麦,DK,country,general,本科,22-28,global,5.4,5.7,3.6,9.2,5.4,7.1,2.6,2.5,5.7,5.5,9.8,9.2,8.4,7.4,6.5,5.1,3.8,1.8,6.1,6.9,2.8,4.2,7.9,5.8,1.8,6.9,8.2,7.6,1.6,7.6,1.2,1.3,1.9,7.8,0,0,→,2032-2038,5.53,丹麦地方政府公务员：就业极其稳定,Denmark Local Government Officer: extremely stable employment,AI综合评估 + O*NET/ILO/OECD锚点校准
GOV-0201-FI-general,公共管理与公务员,GOV,地方公务员,地方政府公务员,Local Government Officer,3354,11-1031.00,北欧,芬兰,FI,country,general,本科,22-28,global,5.1,5.8,3.6,9.6,4.8,7.4,2.9,2.6,5.1,5.5,10.0,9.3,8.1,7.9,6.7,5.1,3.8,2.1,6.0,7.1,2.7,3.8,7.5,5.6,1.5,7.3,8.1,7.3,1.5,7.8,1.2,1.0,2.3,8.1,0,0,→,2032-2038,5.49,芬兰地方政府公务员：就业极其稳定,Finland Local Government Officer: extremely stable employment,AI综合评估 + O*NET/ILO/OECD锚点校准
GOV-0201-IT-general,公共管理与公务员,GOV,地方公务员,地方政府公务员,Local Government Officer,3354,11-1031.00,南欧,意大利,IT,country,general,本科,22-28,global,4.8,5.9,3.7,9.1,5.5,7.5,2.8,2.9,4.9,5.0,9.3,9.1,7.9,6.6,6.1,5.3,3.2,2.5,6.2,6.9,2.6,3.7,6.9,5.4,1.6,5.6,7.4,7.5,1.7,8.2,1.5,0.9,1.8,8.3,0,0,→,2032-2038,5.25,意大利地方政府公务员：就业极其稳定，准入门槛高,"Italy Local Government Officer: extremely stable employment, high entry barrier",AI综合评估 + O*NET/ILO/OECD锚点校准
GOV-0201-ES-general,公共管理与公务员,GOV,地方公务员,地方政府公务员,Local Government Officer,3354,11-1031.00,南欧,西班牙,ES,country,general,本科,22-28,global,4.9,5.9,3.5,9.0,5.1,7.1,3.4,2.6,4.6,5.4,9.2,9.2,7.7,6.6,6.3,5.0,3.7,2.4,6.2,7.3,2.6,3.9,7.1,5.5,1.5,6.1,7.4,7.6,1.2,8.3,1.3,1.0,2.3,8.0,0,0,→,2032-2038,5.31,西班牙地方政府公务员：就业极其稳定，准入门槛高,"Spain Local Government Officer: extremely stable employment, high entry barrier",AI综合评估 + O*NET/ILO/OECD锚点校准
GOV-0201-PT-general,公共管理与公务员,GOV,地方公务员,地方政府公务员,Local Government Officer,3354,11-1031.00,南欧,葡萄牙,PT,country,general,本科,22-28,global,4.9,5.5,3.4,8.9,4.9,7.1,3.2,2.4,4.3,5.0,9.2,9.0,7.9,7.2,6.3,5.1,3.7,2.5,5.8,7.2,2.9,3.5,6.8,5.7,1.9,6.2,7.7,7.7,1.5,8.1,1.7,1.2,2.1,8.1,0,0,→,2028-2033,5.25,葡萄牙地方政府公务员：就业极其稳定，准入门槛高,"Portugal Local Government Officer: extremely stable employment, high entry barrier",AI综合评估 + O*NET/ILO/OECD锚点校准
GOV-0201-PL-general,公共管理与公务员,GOV,地方公务员,地方政府公务员,Local Government Officer,3354,11-1031.00,东欧,波兰,PL,country,general,本科,22-28,global,5.3,5.4,3.6,8.9,4.9,6.7,2.8,2.5,4.2,4.7,9.5,9.1,7.5,7.1,6.2,5.0,3.8,2.4,5.8,7.1,2.9,3.5,6.7,5.4,1.7,5.8,7.5,7.4,1.5,7.8,1.7,1.0,1.8,8.2,0,0,→,2028-2033,5.17,波兰地方政府公务员：就业极其稳定,Poland Local Government Officer: extremely stable employment,AI综合评估 + O*NET/ILO/OECD锚点校准
GOV-0201-CZ-general,公共管理与公务员,GOV,地方公务员,地方政府公务员,Local Government Officer,3354,11-1031.00,东欧,捷克,CZ,country,general,本科,22-28,global,5.3,5.6,3.5,9.4,5.2,7.0,2.6,2.6,4.7,5.3,9.5,9.1,7.6,7.0,6.2,5.4,3.6,2.4,6.1,6.9,3.0,4.1,6.9,5.8,1.7,5.6,7.8,7.7,1.8,7.9,1.2,1.0,2.0,8.0,0,0,→,2032-2038,5.32,捷克地方政府公务员：就业极其稳定,Czech Republic Local Government Officer: extremely stable employment,AI综合评估 + O*NET/ILO/OECD锚点校准
GOV-0201-RU-general,公共管理与公务员,GOV,地方公务员,地方政府公务员,Local Government Officer,3354,11-1031.00,东欧,俄罗斯,RU,country,general,本科,22-28,global,5.1,5.5,4.0,9.1,5.7,8.2,2.8,2.7,3.8,4.6,8.8,9.0,7.5,6.4,5.6,5.2,3.7,2.9,6.0,6.5,2.2,3.3,6.1,5.4,1.2,5.5,7.2,7.7,1.3,7.5,1.3,1.1,1.7,8.3,0,1,→,2032-2038,5.08,俄罗斯地方政府公务员：就业极其稳定，薪资水平偏低,"Russia Local Government Officer: extremely stable employment, relatively low pay",AI综合评估 + O*NET/ILO/OECD锚点校准
GOV-0201-US-general,公共管理与公务员,GOV,地方公务员,地方政府公务员,Local Government Officer,3354,11-1031.00,北美,美国,US,country,general,本科,22-28,global,5.4,5.7,3.5,8.9,4.9,6.6,3.2,2.3,5.1,5.2,9.7,9.2,7.2,6.6,6.1,5.2,3.5,2.0,6.2,7.4,2.4,3.6,6.7,5.6,1.6,6.2,7.7,7.2,1.5,8.0,1.6,1.1,2.2,8.0,0,0,→,2032-2038,5.28,美国地方政府公务员：就业极其稳定，准入门槛高,"United States Local Government Officer: extremely stable employment, high entry barrier",AI综合评估 + O*NET/ILO/OECD锚点校准
GOV-0201-CA-general,公共管理与公务员,GOV,地方公务员,地方政府公务员,Local Government Officer,3354,11-1031.00,北美,加拿大,CA,country,general,本科,22-28,global,5.3,5.5,3.6,9.6,4.9,6.6,3.1,2.2,5.4,6.0,9.8,9.1,7.7,7.1,6.3,5.2,3.8,2.2,5.9,7.3,2.5,4.2,6.8,6.0,1.5,6.4,7.6,7.3,1.4,7.8,1.2,1.1,2.1,7.9,0,0,→,2028-2033,5.42,加拿大地方政府公务员：就业极其稳定,Canada Local Government Officer: extremely stable employment,AI综合评估 + O*NET/ILO/OECD锚点校准
GOV-0201-MX-general,公共管理与公务员,GOV,地方公务员,地方政府公务员,Local Government Officer,3354,11-1031.00,北美,墨西哥,MX,country,general,本科,22-28,global,5.2,5.4,3.4,8.7,4.8,7.1,2.7,2.0,4.1,4.3,8.4,8.9,7.2,6.5,6.1,4.9,3.6,2.6,5.8,6.5,2.5,3.1,6.5,5.4,1.7,5.5,7.1,7.3,1.2,7.9,1.5,0.8,1.9,8.0,0,0,→,2028-2033,4.97,墨西哥地方政府公务员：就业稳定,Mexico Local Government Officer: stable employment,AI综合评估 + O*NET/ILO/OECD锚点校准
GOV-0201-BR-general,公共管理与公务员,GOV,地方公务员,地方政府公务员,Local Government Officer,3354,11-1031.00,南美,巴西,BR,country,general,本科,22-28,global,4.9,5.8,3.7,8.8,5.4,7.7,3.3,2.4,4.7,5.0,8.7,9.1,7.6,6.4,6.2,5.2,3.1,2.6,5.9,7.0,2.6,3.6,6.5,5.5,1.4,5.4,7.5,7.7,1.4,8.3,1.3,0.9,1.9,8.0,0,1,→,2028-2033,5.17,巴西地方政府公务员：就业极其稳定，准入门槛高,"Brazil Local Government Officer: extremely stable employment, high entry barrier",AI综合评估 + O*NET/ILO/OECD锚点校准
GOV-0201-AR-general,公共管理与公务员,GOV,地方公务员,地方政府公务员,Local Government Officer,3354,11-1031.00,南美,阿根廷,AR,country,general,本科,22-28,global,5.1,5.5,3.5,8.7,5.3,7.3,2.3,2.4,3.9,4.4,8.3,9.0,7.6,6.3,5.9,4.9,3.5,2.5,6.1,6.4,2.7,3.2,6.5,5.6,1.5,5.3,7.3,7.5,1.4,7.7,1.5,0.6,1.9,8.0,-1,1,→,2032-2038,5.01,阿根廷地方政府公务员：就业稳定，薪资水平偏低,"Argentina Local Government Officer: stable employment, relatively low pay",AI综合评估 + O*NET/ILO/OECD锚点校准
GOV-0201-CL-general,公共管理与公务员,GOV,地方公务员,地方政府公务员,Local Government Officer,3354,11-1031.00,南美,智利,CL,country,general,本科,22-28,global,4.9,5.3,3.4,9.1,4.5,6.8,3.0,2.4,4.5,5.1,9.4,8.9,7.7,6.3,5.9,4.9,3.3,2.4,6.2,6.9,2.3,3.5,6.6,6.0,1.7,5.4,7.8,7.8,1.3,8.0,1.3,1.1,1.7,8.1,0,0,→,2032-2038,5.18,智利地方政府公务员：就业极其稳定，准入门槛高,"Chile Local Government Officer: extremely stable employment, high entry barrier",AI综合评估 + O*NET/ILO/OECD锚点校准
GOV-0201-CO-general,公共管理与公务员,GOV,地方公务员,地方政府公务员,Local Government Officer,3354,11-1031.00,南美,哥伦比亚,CO,country,general,本科,22-28,global,5.3,5.1,3.7,8.9,5.1,7.3,3.0,2.2,3.7,4.4,8.6,8.9,7.4,6.1,6.1,5.1,3.4,2.6,6.2,6.7,2.5,3.4,6.0,5.2,1.5,5.2,7.5,7.2,1.4,7.9,1.7,0.6,1.7,7.7,0,0,→,2032-2038,5.01,哥伦比亚地方政府公务员：就业极其稳定，薪资水平偏低,"Colombia Local Government Officer: extremely stable employment, relatively low pay",AI综合评估 + O*NET/ILO/OECD锚点校准
GOV-0201-AU-general,公共管理与公务员,GOV,地方公务员,地方政府公务员,Local Government Officer,3354,11-1031.00,大洋洲,澳大利亚,AU,country,general,本科,22-28,global,5.3,5.3,3.7,9.2,4.8,7.0,3.2,2.2,5.7,5.8,9.9,9.2,8.1,7.5,6.5,5.1,3.5,2.3,6.4,6.9,3.0,4.1,7.4,5.6,1.6,6.5,7.8,7.7,1.7,7.6,1.3,1.1,2.3,7.9,0,0,→,2032-2038,5.5,澳大利亚地方政府公务员：就业极其稳定,Australia Local Government Officer: extremely stable employment,AI综合评估 + O*NET/ILO/OECD锚点校准
GOV-0201-NZ-general,公共管理与公务员,GOV,地方公务员,地方政府公务员,Local Government Officer,3354,11-1031.00,大洋洲,新西兰,NZ,country,general,本科,22-28,global,5.3,5.3,3.8,9.6,4.9,6.4,2.6,2.1,4.9,5.7,10.0,9.1,8.0,7.5,6.4,4.8,3.8,2.1,6.1,6.8,2.6,4.2,7.5,6.1,1.8,6.8,7.6,7.3,1.8,7.8,1.1,1.2,2.3,7.9,0,0,→,2032-2038,5.43,新西兰地方政府公务员：就业极其稳定,New Zealand Local Government Officer: extremely stable employment,AI综合评估 + O*NET/ILO/OECD锚点校准
GOV-0201-ZA-general,公共管理与公务员,GOV,地方公务员,地方政府公务员,Local Government Officer,3354,11-1031.00,非洲,南非,ZA,country,general,本科,22-28,global,4.9,5.3,3.3,8.7,5.0,6.9,2.7,2.1,4.1,4.9,8.6,8.8,7.5,6.1,5.8,5.3,3.6,2.5,5.9,6.5,2.6,3.6,6.5,5.4,1.7,5.8,7.3,7.4,1.3,7.6,1.8,0.9,1.6,8.2,0,0,→,2028-2033,5.04,南非地方政府公务员：就业极其稳定,South Africa Local Government Officer: extremely stable employment,AI综合评估 + O*NET/ILO/OECD锚点校准
GOV-0201-NG-general,公共管理与公务员,GOV,地方公务员,地方政府公务员,Local Government Officer,3354,11-1031.00,非洲,尼日利亚,NG,country,general,本科,22-28,global,5.1,4.9,3.8,8.7,5.5,7.4,2.7,2.3,3.7,4.0,8.0,8.8,7.1,6.1,5.4,4.9,3.6,2.9,5.7,6.4,2.3,2.9,5.8,5.4,1.1,4.7,7.2,7.5,1.3,7.4,1.7,0.7,1.7,8.2,-1,0,→,2028-2033,4.87,尼日利亚地方政府公务员：就业稳定，薪资水平偏低,"Nigeria Local Government Officer: stable employment, relatively low pay",AI综合评估 + O*NET/ILO/OECD锚点校准
GOV-0201-KE-general,公共管理与公务员,GOV,地方公务员,地方政府公务员,Local Government Officer,3354,11-1031.00,非洲,肯尼亚,KE,country,general,本科,22-28,global,5.1,5.2,3.4,8.6,5.0,7.1,2.8,2.3,3.9,4.4,8.3,8.8,7.6,5.9,6.1,4.9,3.3,3.0,5.6,6.8,2.5,3.1,6.2,4.9,1.4,5.1,7.3,7.8,1.5,7.6,1.7,1.1,1.9,7.8,-1,0,→,2028-2033,4.92,肯尼亚地方政府公务员：就业稳定，薪资水平偏低,"Kenya Local Government Officer: stable employment, relatively low pay",AI综合评估 + O*NET/ILO/OECD锚点校准
GOV-0201-EG-general,公共管理与公务员,GOV,地方公务员,地方政府公务员,Local Government Officer,3354,11-1031.00,非洲,埃及,EG,country,general,本科,22-28,global,5.0,5.3,3.5,9.0,5.6,7.7,2.8,2.6,4.0,4.6,8.8,8.9,7.3,6.3,5.7,4.7,3.4,2.6,6.2,6.5,2.2,3.1,6.0,5.1,1.5,4.8,7.7,7.4,1.4,7.6,1.2,1.1,1.9,8.1,0,1,→,2032-2038,5.05,埃及地方政府公务员：就业极其稳定，薪资水平偏低,"Egypt Local Government Officer: extremely stable employment, relatively low pay",AI综合评估 + O*NET/ILO/OECD锚点校准
GOV-0202-CN-general,公共管理与公务员,GOV,地方公务员,城管执法人员,Urban Management Officer (Chengguan),3355,,东亚,中国,CN,country,general,高中/大专,20-30,country_specific,3.3,4.0,2.3,8.1,4.9,4.8,3.6,2.0,3.2,4.5,8.3,6.2,5.3,4.9,4.1,3.1,3.0,4.3,5.6,4.3,0.7,3.0,4.2,3.4,1.1,3.9,6.5,7.3,6.3,6.0,1.2,1.2,1.0,7.2,-1,0,→,2028-2033,4.22,中国城管执法人员：就业稳定，薪资水平偏低，无法远程办公,"China Urban Management Officer (Chengguan): stable employment, relatively low pay, no remote work possible",AI综合评估 + O*NET/ILO/OECD锚点校准
GOV-0202-JP-general,公共管理与公务员,GOV,地方公务员,城管执法人员,Urban Management Officer (Chengguan),3355,,东亚,日本,JP,country,general,高中/大专,20-30,country_specific,2.8,3.9,2.3,7.8,3.9,4.5,3.4,1.8,3.6,4.9,8.7,6.2,5.3,5.2,4.3,2.9,3.2,4.3,5.8,4.2,0.8,3.9,4.9,3.9,1.1,4.1,6.6,7.4,5.9,5.2,1.3,1.3,0.8,6.9,-1,-1,→,2028-2033,4.35,日本城管执法人员：就业极其稳定，薪资水平偏低，无法远程办公,"Japan Urban Management Officer (Chengguan): extremely stable employment, relatively low pay, no remote work possible",AI综合评估 + O*NET/ILO/OECD锚点校准
GOV-0202-KR-general,公共管理与公务员,GOV,地方公务员,城管执法人员,Urban Management Officer (Chengguan),3355,,东亚,韩国,KR,country,general,高中/大专,20-30,country_specific,3.0,4.2,2.3,7.6,3.8,3.8,3.4,1.6,3.8,4.4,8.1,6.1,5.0,5.1,3.9,3.2,3.2,4.5,5.7,4.2,0.6,3.3,4.9,3.6,1.3,3.3,6.3,7.7,5.7,5.9,1.4,1.2,1.0,7.1,-1,-1,→,2028-2033,4.18,韩国城管执法人员：就业稳定，薪资水平偏低，无法远程办公,"South Korea Urban Management Officer (Chengguan): stable employment, relatively low pay, no remote work possible",AI综合评估 + O*NET/ILO/OECD锚点校准
GOV-0202-TW-general,公共管理与公务员,GOV,地方公务员,城管执法人员,Urban Management Officer (Chengguan),3355,,东亚,中国台湾地区,TW,region,general,高中/大专,20-30,country_specific,3.1,3.6,2.0,7.6,3.9,4.1,3.2,1.6,3.5,4.3,8.2,6.2,5.4,5.0,4.4,3.2,3.4,4.4,5.9,3.9,1.1,3.6,4.5,3.9,1.4,4.0,6.5,7.3,6.1,5.6,1.1,1.0,1.1,7.1,-1,-1,→,2028-2033,4.25,中国台湾地区城管执法人员：就业稳定，薪资水平偏低，无法远程办公,"Taiwan (China) Urban Management Officer (Chengguan): stable employment, relatively low pay, no remote work possible",AI综合评估 + O*NET/ILO/OECD锚点校准
GOV-0202-HK-general,公共管理与公务员,GOV,地方公务员,城管执法人员,Urban Management Officer (Chengguan),3355,,东亚,中国香港地区,HK,region,general,高中/大专,20-30,country_specific,3.3,3.4,1.7,7.7,3.4,3.3,3.1,1.8,4.2,4.6,8.1,6.2,5.6,5.4,4.1,2.9,3.1,4.2,5.8,3.5,1.1,3.9,4.8,3.5,1.4,4.3,6.2,7.8,6.1,5.0,1.2,1.1,1.6,7.0,-1,-1,→,2028-2033,4.28,中国香港地区城管执法人员：就业稳定，无法远程办公,"Hong Kong (China) Urban Management Officer (Chengguan): stable employment, no remote work possible",AI综合评估 + O*NET/ILO/OECD锚点校准
GOV-0202-SG-general,公共管理与公务员,GOV,地方公务员,城管执法人员,Urban Management Officer (Chengguan),3355,,东南亚,新加坡,SG,country,general,高中/大专,20-30,country_specific,3.1,4.0,1.9,8.1,3.9,3.2,3.6,1.4,4.5,5.1,9.1,6.3,5.2,5.4,4.5,3.4,3.6,4.1,5.5,4.3,0.7,4.1,4.5,4.2,1.0,4.4,6.1,7.4,6.2,5.4,1.1,1.3,1.1,7.0,-1,-2,↓,2028-2033,4.4,新加坡城管执法人员：就业极其稳定，无法远程办公，近年需求下降,"Singapore Urban Management Officer (Chengguan): extremely stable employment, no remote work possible, declining demand",AI综合评估 + O*NET/ILO/OECD锚点校准
GOV-0202-TH-general,公共管理与公务员,GOV,地方公务员,城管执法人员,Urban Management Officer (Chengguan),3355,,东南亚,泰国,TH,country,general,高中/大专,20-30,country_specific,2.9,3.4,1.8,7.3,4.4,4.2,2.9,1.5,2.8,3.5,7.6,6.0,5.4,5.7,4.3,3.1,2.7,4.5,5.5,3.4,0.8,3.2,5.0,3.3,0.9,4.3,6.7,7.6,5.7,4.9,1.7,1.0,0.7,6.9,-1,-1,→,2028-2033,4.07,泰国城管执法人员：就业稳定，薪资水平偏低，无法远程办公,"Thailand Urban Management Officer (Chengguan): stable employment, relatively low pay, no remote work possible",AI综合评估 + O*NET/ILO/OECD锚点校准
GOV-0202-VN-general,公共管理与公务员,GOV,地方公务员,城管执法人员,Urban Management Officer (Chengguan),3355,,东南亚,越南,VN,country,general,高中/大专,20-30,country_specific,3.0,3.5,2.6,7.8,4.9,4.7,3.2,1.7,2.4,4.0,8.0,6.0,5.1,5.4,4.5,2.9,3.1,4.5,5.2,3.8,1.2,3.2,5.0,3.1,1.0,3.8,6.6,7.6,6.3,5.3,1.4,1.0,0.5,7.0,-1,0,→,2028-2033,4.15,越南城管执法人员：就业稳定，薪资水平偏低，无法远程办公,"Vietnam Urban Management Officer (Chengguan): stable employment, relatively low pay, no remote work possible",AI综合评估 + O*NET/ILO/OECD锚点校准
GOV-0202-ID-general,公共管理与公务员,GOV,地方公务员,城管执法人员,Urban Management Officer (Chengguan),3355,,东南亚,印度尼西亚,ID,country,general,高中/大专,20-30,country_specific,2.8,3.4,2.2,7.2,4.5,4.2,2.5,1.6,2.7,3.8,7.1,6.1,5.6,5.4,4.5,2.6,2.6,4.8,5.5,3.0,1.0,3.3,5.0,3.7,1.2,3.6,6.1,7.3,6.1,5.2,1.4,0.7,0.5,7.0,-1,-1,→,2028-2033,4.0,印度尼西亚城管执法人员：薪资水平偏低，无法远程办公,"Indonesia Urban Management Officer (Chengguan): relatively low pay, no remote work possible",AI综合评估 + O*NET/ILO/OECD锚点校准
GOV-0202-MY-general,公共管理与公务员,GOV,地方公务员,城管执法人员,Urban Management Officer (Chengguan),3355,,东南亚,马来西亚,MY,country,general,高中/大专,20-30,country_specific,2.8,3.4,2.4,7.7,4.2,4.5,3.3,1.6,2.8,4.2,7.8,6.2,5.4,5.1,4.4,2.8,2.8,4.6,5.3,3.3,1.0,3.6,5.0,3.5,0.8,4.0,6.7,7.2,6.2,5.1,1.4,0.7,1.0,6.8,-1,-1,→,2028-2033,4.14,马来西亚城管执法人员：就业稳定，薪资水平偏低，无法远程办公,"Malaysia Urban Management Officer (Chengguan): stable employment, relatively low pay, no remote work possible",AI综合评估 + O*NET/ILO/OECD锚点校准
GOV-0202-PH-general,公共管理与公务员,GOV,地方公务员,城管执法人员,Urban Management Officer (Chengguan),3355,,东南亚,菲律宾,PH,country,general,高中/大专,20-30,country_specific,3.2,3.2,1.7,7.4,4.3,4.2,3.0,1.6,2.0,3.8,7.0,6.0,5.6,5.0,4.3,2.9,2.9,4.8,5.6,2.9,0.8,3.5,5.0,3.3,0.8,4.2,6.5,7.3,5.7,4.8,1.4,0.9,0.8,7.1,-1,-1,→,2028-2033,3.98,菲律宾城管执法人员：薪资水平偏低，无法远程办公,"Philippines Urban Management Officer (Chengguan): relatively low pay, no remote work possible",AI综合评估 + O*NET/ILO/OECD锚点校准
GOV-0202-IN-general,公共管理与公务员,GOV,地方公务员,城管执法人员,Urban Management Officer (Chengguan),3355,,南亚,印度,IN,country,general,高中/大专,20-30,country_specific,3.3,4.0,2.5,7.5,4.5,4.5,3.6,2.2,2.9,3.9,7.9,6.2,5.3,5.3,4.2,3.2,2.9,4.5,5.8,4.0,0.8,3.4,4.3,3.6,0.7,3.5,6.1,7.8,6.0,5.4,1.2,1.2,0.7,7.1,-1,0,→,2028-2033,4.17,印度城管执法人员：就业稳定，薪资水平偏低，无法远程办公,"India Urban Management Officer (Chengguan): stable employment, relatively low pay, no remote work possible",AI综合评估 + O*NET/ILO/OECD锚点校准
GOV-0202-PK-general,公共管理与公务员,GOV,地方公务员,城管执法人员,Urban Management Officer (Chengguan),3355,,南亚,巴基斯坦,PK,country,general,高中/大专,20-30,country_specific,3.0,3.5,2.2,7.4,4.6,4.7,3.0,1.4,2.0,3.2,6.6,5.9,5.2,4.7,3.9,3.0,2.7,4.7,5.5,3.4,1.0,3.1,4.2,2.9,1.1,2.7,6.3,7.8,6.2,4.9,1.7,1.0,0.6,7.4,-1,-1,→,2028-2033,3.86,巴基斯坦城管执法人员：薪资水平偏低，无法远程办公,"Pakistan Urban Management Officer (Chengguan): relatively low pay, no remote work possible",AI综合评估 + O*NET/ILO/OECD锚点校准
GOV-0202-BD-general,公共管理与公务员,GOV,地方公务员,城管执法人员,Urban Management Officer (Chengguan),3355,,南亚,孟加拉国,BD,country,general,高中/大专,20-30,country_specific,2.8,3.1,1.8,7.3,4.4,4.1,3.2,1.8,2.3,3.1,7.1,6.0,5.5,4.9,4.1,3.1,3.1,4.6,5.2,3.7,1.1,3.1,4.4,3.1,0.7,2.9,6.5,7.4,6.3,5.1,1.4,1.1,0.6,6.8,-1,-1,→,2028-2033,3.96,孟加拉国城管执法人员：薪资水平偏低，无法远程办公,"Bangladesh Urban Management Officer (Chengguan): relatively low pay, no remote work possible",AI综合评估 + O*NET/ILO/OECD锚点校准
GOV-0202-AE-general,公共管理与公务员,GOV,地方公务员,城管执法人员,Urban Management Officer (Chengguan),3355,,中亚/西亚,阿联酋,AE,country,general,高中/大专,20-30,country_specific,3.3,3.4,2.5,8.2,3.9,4.0,2.6,1.4,4.1,5.1,8.9,6.2,5.2,5.1,4.6,3.0,2.9,4.3,5.6,3.7,1.2,3.8,4.8,3.6,0.8,3.7,6.3,7.6,6.2,4.9,1.1,1.0,1.3,7.0,-1,-1,→,2028-2033,4.32,阿联酋城管执法人员：就业极其稳定，无法远程办公,"United Arab Emirates Urban Management Officer (Chengguan): extremely stable employment, no remote work possible",AI综合评估 + O*NET/ILO/OECD锚点校准
GOV-0202-IL-general,公共管理与公务员,GOV,地方公务员,城管执法人员,Urban Management Officer (Chengguan),3355,,中亚/西亚,以色列,IL,country,general,高中/大专,20-30,country_specific,2.9,3.9,1.7,7.6,3.9,3.9,3.1,1.5,3.9,4.4,7.9,6.0,5.2,5.4,4.3,3.4,3.3,4.4,5.7,3.5,1.0,3.6,5.1,3.3,1.1,5.0,6.3,7.5,6.0,5.0,1.8,1.2,1.3,7.0,-1,-1,→,2028-2033,4.23,以色列城管执法人员：就业稳定，薪资水平偏低，无法远程办公,"Israel Urban Management Officer (Chengguan): stable employment, relatively low pay, no remote work possible",AI综合评估 + O*NET/ILO/OECD锚点校准
GOV-0202-SA-general,公共管理与公务员,GOV,地方公务员,城管执法人员,Urban Management Officer (Chengguan),3355,,中亚/西亚,沙特阿拉伯,SA,country,general,高中/大专,20-30,country_specific,2.9,3.2,2.4,7.8,4.4,5.0,2.1,1.4,3.8,4.4,7.9,6.2,5.5,4.8,4.1,2.7,2.7,4.4,5.3,3.4,1.0,3.1,4.8,3.6,0.8,3.4,6.3,7.5,5.8,4.5,1.4,1.1,1.0,7.0,-1,0,→,2028-2033,4.15,沙特阿拉伯城管执法人员：就业稳定，薪资水平偏低，无法远程办公,"Saudi Arabia Urban Management Officer (Chengguan): stable employment, relatively low pay, no remote work possible",AI综合评估 + O*NET/ILO/OECD锚点校准
GOV-0202-TR-general,公共管理与公务员,GOV,地方公务员,城管执法人员,Urban Management Officer (Chengguan),3355,,中亚/西亚,土耳其,TR,country,general,高中/大专,20-30,country_specific,3.2,3.8,1.9,7.1,4.3,4.7,2.8,1.3,2.5,3.9,7.0,6.0,5.4,4.9,4.4,3.0,2.9,4.6,5.5,3.8,1.0,3.1,4.5,3.6,1.0,3.5,6.3,7.8,6.2,5.2,1.7,1.0,1.2,6.8,-1,-1,→,2028-2033,4.0,土耳其城管执法人员：薪资水平偏低，无法远程办公,"Turkey Urban Management Officer (Chengguan): relatively low pay, no remote work possible",AI综合评估 + O*NET/ILO/OECD锚点校准
GOV-0202-GB-general,公共管理与公务员,GOV,地方公务员,城管执法人员,Urban Management Officer (Chengguan),3355,,西欧,英国,GB,country,general,高中/大专,20-30,country_specific,3.4,3.9,2.0,7.6,4.1,4.1,2.9,1.7,3.3,4.3,8.6,6.1,5.6,6.2,5.1,3.4,3.0,4.2,5.3,3.7,1.2,3.7,5.7,3.8,1.1,5.2,6.4,7.7,5.9,5.0,1.6,1.3,1.4,6.9,-1,-1,→,2028-2033,4.34,英国城管执法人员：就业极其稳定，薪资水平偏低，无法远程办公,"United Kingdom Urban Management Officer (Chengguan): extremely stable employment, relatively low pay, no remote work possible",AI综合评估 + O*NET/ILO/OECD锚点校准
GOV-0202-FR-general,公共管理与公务员,GOV,地方公务员,城管执法人员,Urban Management Officer (Chengguan),3355,,西欧,法国,FR,country,general,高中/大专,20-30,country_specific,3.1,3.6,2.5,7.8,4.4,4.7,3.1,1.7,3.4,4.3,8.3,6.2,6.0,6.1,5.2,3.1,3.3,4.2,5.5,4.0,1.1,3.7,5.6,3.9,1.4,4.4,6.7,7.5,5.9,5.2,1.4,1.2,1.2,7.4,-1,0,→,2028-2033,4.41,法国城管执法人员：就业稳定，薪资水平偏低，无法远程办公,"France Urban Management Officer (Chengguan): stable employment, relatively low pay, no remote work possible",AI综合评估 + O*NET/ILO/OECD锚点校准
GOV-0202-DE-general,公共管理与公务员,GOV,地方公务员,城管执法人员,Urban Management Officer (Chengguan),3355,,西欧,德国,DE,country,general,高中/大专,20-30,country_specific,2.8,4.0,2.1,7.8,3.7,3.8,3.3,1.6,3.7,4.8,8.8,6.2,5.8,6.1,5.1,3.2,3.3,4.0,5.9,4.2,1.4,3.9,6.0,3.6,1.2,4.8,6.9,7.4,5.7,5.1,1.3,1.1,1.2,7.3,-1,-1,→,2028-2033,4.48,德国城管执法人员：就业极其稳定，薪资水平偏低，无法远程办公,"Germany Urban Management Officer (Chengguan): extremely stable employment, relatively low pay, no remote work possible",AI综合评估 + O*NET/ILO/OECD锚点校准
GOV-0202-NL-general,公共管理与公务员,GOV,地方公务员,城管执法人员,Urban Management Officer (Chengguan),3355,,西欧,荷兰,NL,country,general,高中/大专,20-30,country_specific,3.3,3.9,2.0,7.9,3.8,3.8,2.7,1.6,3.9,4.7,8.5,6.3,5.9,6.5,4.9,2.9,3.1,4.2,5.7,3.4,1.7,4.2,6.1,3.9,0.8,5.1,6.8,7.7,5.8,5.0,1.7,1.4,1.6,6.8,-1,-1,→,2028-2033,4.44,荷兰城管执法人员：就业极其稳定，薪资水平偏低，无法远程办公,"Netherlands Urban Management Officer (Chengguan): extremely stable employment, relatively low pay, no remote work possible",AI综合评估 + O*NET/ILO/OECD锚点校准
GOV-0202-CH-general,公共管理与公务员,GOV,地方公务员,城管执法人员,Urban Management Officer (Chengguan),3355,,西欧,瑞士,CH,country,general,高中/大专,20-30,country_specific,2.9,3.8,1.8,8.3,3.6,3.3,3.2,1.3,4.5,5.3,8.9,6.3,6.1,6.1,5.4,3.4,3.0,4.3,5.5,3.6,1.1,3.8,5.6,4.2,1.3,4.8,6.8,7.5,6.3,4.7,1.2,1.5,1.1,7.2,-1,-2,↓,2028-2033,4.48,瑞士城管执法人员：就业极其稳定，无法远程办公，近年需求下降,"Switzerland Urban Management Officer (Chengguan): extremely stable employment, no remote work possible, declining demand",AI综合评估 + O*NET/ILO/OECD锚点校准
GOV-0202-SE-general,公共管理与公务员,GOV,地方公务员,城管执法人员,Urban Management Officer (Chengguan),3355,,北欧,瑞典,SE,country,general,高中/大专,20-30,country_specific,3.0,3.4,2.1,7.7,4.5,4.5,2.6,1.4,3.8,4.4,8.8,6.2,6.1,6.4,5.0,3.3,3.2,4.1,5.8,3.5,1.5,4.0,5.8,4.2,1.2,5.8,7.2,7.2,5.8,5.0,1.2,1.2,1.3,6.9,-1,-1,→,2028-2033,4.51,瑞典城管执法人员：就业极其稳定，薪资水平偏低，无法远程办公,"Sweden Urban Management Officer (Chengguan): extremely stable employment, relatively low pay, no remote work possible",AI综合评估 + O*NET/ILO/OECD锚点校准
GOV-0202-DK-general,公共管理与公务员,GOV,地方公务员,城管执法人员,Urban Management Officer (Chengguan),3355,,北欧,丹麦,DK,country,general,高中/大专,20-30,country_specific,3.2,3.7,2.2,7.8,4.5,4.3,2.8,1.3,3.9,4.7,9.1,6.2,6.2,6.9,5.1,3.2,3.3,4.1,5.6,3.4,1.1,4.2,6.1,3.9,1.3,5.3,7.0,7.5,5.9,4.7,1.3,1.1,1.1,7.3,-1,-1,→,2028-2033,4.52,丹麦城管执法人员：就业极其稳定，薪资水平偏低，无法远程办公,"Denmark Urban Management Officer (Chengguan): extremely stable employment, relatively low pay, no remote work possible",AI综合评估 + O*NET/ILO/OECD锚点校准
GOV-0202-FI-general,公共管理与公务员,GOV,地方公务员,城管执法人员,Urban Management Officer (Chengguan),3355,,北欧,芬兰,FI,country,general,高中/大专,20-30,country_specific,3.2,3.5,2.2,7.9,3.9,4.0,2.7,1.2,3.6,4.8,8.9,6.3,6.3,6.4,5.5,3.3,3.1,4.1,5.5,3.3,1.3,4.0,5.9,3.8,1.5,5.7,7.1,7.4,6.0,4.8,1.2,1.3,0.9,7.1,-1,-1,→,2028-2033,4.47,芬兰城管执法人员：就业极其稳定，薪资水平偏低，无法远程办公,"Finland Urban Management Officer (Chengguan): extremely stable employment, relatively low pay, no remote work possible",AI综合评估 + O*NET/ILO/OECD锚点校准
GOV-0202-IT-general,公共管理与公务员,GOV,地方公务员,城管执法人员,Urban Management Officer (Chengguan),3355,,南欧,意大利,IT,country,general,高中/大专,20-30,country_specific,3.2,3.4,2.3,7.9,4.2,4.1,3.1,1.6,3.1,4.1,7.6,6.1,5.5,5.8,4.7,3.0,3.1,4.4,5.2,3.9,1.0,3.4,5.2,3.6,0.9,4.2,6.3,7.6,6.3,5.1,1.7,1.2,1.0,7.0,-1,-1,→,2028-2033,4.2,意大利城管执法人员：就业稳定，薪资水平偏低，无法远程办公,"Italy Urban Management Officer (Chengguan): stable employment, relatively low pay, no remote work possible",AI综合评估 + O*NET/ILO/OECD锚点校准
GOV-0202-ES-general,公共管理与公务员,GOV,地方公务员,城管执法人员,Urban Management Officer (Chengguan),3355,,南欧,西班牙,ES,country,general,高中/大专,20-30,country_specific,2.9,3.5,2.0,7.7,4.2,4.3,3.4,1.7,3.5,4.0,8.0,6.2,5.8,6.1,4.5,3.4,3.1,4.4,5.3,3.7,0.8,3.8,5.7,3.7,1.1,4.3,6.4,7.8,6.0,5.3,1.6,1.3,0.9,7.2,-1,-1,→,2028-2033,4.29,西班牙城管执法人员：就业稳定，薪资水平偏低，无法远程办公,"Spain Urban Management Officer (Chengguan): stable employment, relatively low pay, no remote work possible",AI综合评估 + O*NET/ILO/OECD锚点校准
GOV-0202-PT-general,公共管理与公务员,GOV,地方公务员,城管执法人员,Urban Management Officer (Chengguan),3355,,南欧,葡萄牙,PT,country,general,高中/大专,20-30,country_specific,3.1,3.5,2.1,7.7,3.9,3.8,2.9,1.4,3.0,3.9,7.9,6.0,5.7,6.0,5.0,3.0,2.9,4.4,5.5,3.3,1.1,4.0,5.6,3.8,1.4,4.4,6.8,7.3,5.8,5.0,1.7,0.9,0.9,6.7,-1,-1,→,2028-2033,4.22,葡萄牙城管执法人员：就业稳定，薪资水平偏低，无法远程办公,"Portugal Urban Management Officer (Chengguan): stable employment, relatively low pay, no remote work possible",AI综合评估 + O*NET/ILO/OECD锚点校准
GOV-0202-PL-general,公共管理与公务员,GOV,地方公务员,城管执法人员,Urban Management Officer (Chengguan),3355,,东欧,波兰,PL,country,general,高中/大专,20-30,country_specific,3.0,3.5,2.1,7.7,3.9,4.1,3.1,1.2,2.9,3.9,8.1,5.9,5.6,5.9,4.7,2.9,3.0,4.5,5.3,3.4,1.3,3.5,5.3,3.7,0.9,4.7,6.4,7.7,6.1,5.1,1.6,1.4,1.0,7.0,-1,-1,→,2028-2033,4.18,波兰城管执法人员：就业稳定，薪资水平偏低，无法远程办公,"Poland Urban Management Officer (Chengguan): stable employment, relatively low pay, no remote work possible",AI综合评估 + O*NET/ILO/OECD锚点校准
GOV-0202-CZ-general,公共管理与公务员,GOV,地方公务员,城管执法人员,Urban Management Officer (Chengguan),3355,,东欧,捷克,CZ,country,general,高中/大专,20-30,country_specific,3.1,3.2,1.7,8.0,3.7,3.7,3.1,1.2,3.0,4.2,8.0,6.1,6.1,6.3,4.8,2.9,3.2,4.4,5.3,3.5,1.1,3.8,5.9,3.4,1.1,4.4,6.5,7.8,6.0,5.1,1.6,1.0,1.0,6.7,-1,-1,→,2028-2033,4.24,捷克城管执法人员：就业稳定，薪资水平偏低，无法远程办公,"Czech Republic Urban Management Officer (Chengguan): stable employment, relatively low pay, no remote work possible",AI综合评估 + O*NET/ILO/OECD锚点校准
GOV-0202-RU-general,公共管理与公务员,GOV,地方公务员,城管执法人员,Urban Management Officer (Chengguan),3355,,东欧,俄罗斯,RU,country,general,高中/大专,20-30,country_specific,3.3,3.4,2.3,7.3,4.4,4.8,2.8,1.1,2.5,3.6,7.1,6.1,5.4,5.0,4.6,3.3,2.9,4.6,5.4,3.3,1.0,3.6,4.7,3.3,1.1,4.0,6.4,7.8,5.7,4.9,1.6,1.0,0.7,7.1,-1,0,→,2028-2033,4.04,俄罗斯城管执法人员：薪资水平偏低，无法远程办公,"Russia Urban Management Officer (Chengguan): relatively low pay, no remote work possible",AI综合评估 + O*NET/ILO/OECD锚点校准
GOV-0202-US-general,公共管理与公务员,GOV,地方公务员,城管执法人员,Urban Management Officer (Chengguan),3355,,北美,美国,US,country,general,高中/大专,20-30,country_specific,3.0,3.9,1.7,7.4,3.8,3.4,3.3,1.7,3.9,4.4,7.9,6.0,5.6,5.4,4.7,2.9,2.8,4.2,5.6,3.9,0.8,3.7,5.0,3.6,0.8,4.8,6.2,7.6,5.9,4.8,1.2,1.3,1.1,7.0,-1,-1,→,2028-2033,4.24,美国城管执法人员：就业稳定，薪资水平偏低，无法远程办公,"United States Urban Management Officer (Chengguan): stable employment, relatively low pay, no remote work possible",AI综合评估 + O*NET/ILO/OECD锚点校准
GOV-0202-CA-general,公共管理与公务员,GOV,地方公务员,城管执法人员,Urban Management Officer (Chengguan),3355,,北美,加拿大,CA,country,general,高中/大专,20-30,country_specific,2.9,3.7,1.9,7.8,4.1,3.9,2.9,1.4,3.7,4.9,8.6,6.3,6.1,6.1,5.1,2.9,3.2,4.4,5.3,3.4,1.1,3.8,5.9,4.0,0.9,4.8,6.9,7.4,5.8,4.7,1.4,1.4,1.4,7.3,-1,-1,→,2028-2033,4.38,加拿大城管执法人员：就业极其稳定，薪资水平偏低，无法远程办公,"Canada Urban Management Officer (Chengguan): extremely stable employment, relatively low pay, no remote work possible",AI综合评估 + O*NET/ILO/OECD锚点校准
GOV-0202-MX-general,公共管理与公务员,GOV,地方公务员,城管执法人员,Urban Management Officer (Chengguan),3355,,北美,墨西哥,MX,country,general,高中/大专,20-30,country_specific,3.0,3.7,2.1,7.5,4.3,4.1,2.8,1.3,2.6,3.8,6.9,6.0,5.1,5.4,4.4,3.1,2.8,4.8,5.3,2.9,0.8,3.1,4.8,3.5,0.8,3.6,6.2,7.6,5.7,5.0,1.7,1.2,0.8,7.2,-1,-1,→,2028-2033,3.95,墨西哥城管执法人员：薪资水平偏低，无法远程办公,"Mexico Urban Management Officer (Chengguan): relatively low pay, no remote work possible",AI综合评估 + O*NET/ILO/OECD锚点校准
GOV-0202-BR-general,公共管理与公务员,GOV,地方公务员,城管执法人员,Urban Management Officer (Chengguan),3355,,南美,巴西,BR,country,general,高中/大专,20-30,country_specific,3.1,3.9,2.5,7.5,4.7,4.4,3.1,2.0,3.2,4.2,7.5,5.9,5.6,5.7,4.6,2.9,3.0,4.8,5.3,3.6,1.1,3.4,4.9,3.1,0.8,3.8,6.3,7.3,6.2,5.5,1.5,0.9,0.8,7.4,-1,0,→,2028-2033,4.12,巴西城管执法人员：就业稳定，薪资水平偏低，无法远程办公,"Brazil Urban Management Officer (Chengguan): stable employment, relatively low pay, no remote work possible",AI综合评估 + O*NET/ILO/OECD锚点校准
GOV-0202-AR-general,公共管理与公务员,GOV,地方公务员,城管执法人员,Urban Management Officer (Chengguan),3355,,南美,阿根廷,AR,country,general,高中/大专,20-30,country_specific,3.3,3.2,2.3,7.1,4.5,4.7,2.6,1.5,2.2,3.3,6.9,5.8,5.1,5.3,4.6,3.1,2.9,4.9,5.3,3.3,0.8,3.4,4.7,3.1,0.8,4.0,6.3,7.6,5.9,4.9,1.6,0.6,0.6,7.0,-2,0,→,2028-2033,3.93,阿根廷城管执法人员：薪资水平偏低，无法远程办公,"Argentina Urban Management Officer (Chengguan): relatively low pay, no remote work possible",AI综合评估 + O*NET/ILO/OECD锚点校准
GOV-0202-CL-general,公共管理与公务员,GOV,地方公务员,城管执法人员,Urban Management Officer (Chengguan),3355,,南美,智利,CL,country,general,高中/大专,20-30,country_specific,3.1,3.2,1.8,7.5,3.8,3.7,3.2,1.7,3.2,4.1,7.7,6.0,5.6,5.5,4.5,3.3,3.2,4.2,5.3,3.3,0.9,3.8,5.0,3.5,0.8,3.8,6.7,7.5,6.2,4.7,1.6,1.4,0.6,6.9,-1,-1,→,2028-2033,4.17,智利城管执法人员：就业稳定，薪资水平偏低，无法远程办公,"Chile Urban Management Officer (Chengguan): stable employment, relatively low pay, no remote work possible",AI综合评估 + O*NET/ILO/OECD锚点校准
GOV-0202-CO-general,公共管理与公务员,GOV,地方公务员,城管执法人员,Urban Management Officer (Chengguan),3355,,南美,哥伦比亚,CO,country,general,高中/大专,20-30,country_specific,3.3,3.6,2.2,7.4,4.3,4.4,2.6,1.5,2.2,3.7,7.0,5.8,5.1,5.2,4.6,2.8,3.0,4.6,5.5,2.8,1.2,3.2,4.6,3.2,1.1,3.8,6.6,7.3,6.2,4.9,1.4,1.1,0.9,7.2,-1,-1,→,2028-2033,3.96,哥伦比亚城管执法人员：薪资水平偏低，无法远程办公,"Colombia Urban Management Officer (Chengguan): relatively low pay, no remote work possible",AI综合评估 + O*NET/ILO/OECD锚点校准
GOV-0202-AU-general,公共管理与公务员,GOV,地方公务员,城管执法人员,Urban Management Officer (Chengguan),3355,,大洋洲,澳大利亚,AU,country,general,高中/大专,20-30,country_specific,2.8,3.4,2.3,7.8,4.0,3.7,2.8,1.4,4.1,4.9,8.6,6.2,5.7,6.0,5.1,3.3,3.1,4.0,5.4,3.7,1.4,3.9,5.6,3.7,0.8,5.0,7.1,7.6,5.9,5.0,1.7,1.2,1.1,6.8,-1,-1,→,2028-2033,4.44,澳大利亚城管执法人员：就业极其稳定，无法远程办公,"Australia Urban Management Officer (Chengguan): extremely stable employment, no remote work possible",AI综合评估 + O*NET/ILO/OECD锚点校准
GOV-0202-NZ-general,公共管理与公务员,GOV,地方公务员,城管执法人员,Urban Management Officer (Chengguan),3355,,大洋洲,新西兰,NZ,country,general,高中/大专,20-30,country_specific,3.2,3.6,2.0,7.8,3.6,3.7,3.0,1.3,3.7,4.5,8.9,6.1,5.8,6.5,5.4,2.9,3.2,4.2,5.6,3.4,1.3,4.2,6.0,4.1,0.9,5.4,6.7,7.5,5.9,4.6,1.5,1.0,1.4,7.0,-1,-1,→,2028-2033,4.43,新西兰城管执法人员：就业极其稳定，薪资水平偏低，无法远程办公,"New Zealand Urban Management Officer (Chengguan): extremely stable employment, relatively low pay, no remote work possible",AI综合评估 + O*NET/ILO/OECD锚点校准
GOV-0202-ZA-general,公共管理与公务员,GOV,地方公务员,城管执法人员,Urban Management Officer (Chengguan),3355,,非洲,南非,ZA,country,general,高中/大专,20-30,country_specific,3.2,3.4,1.9,7.5,4.4,4.2,2.9,1.1,3.0,3.8,7.2,5.9,5.2,5.5,4.1,3.3,2.9,4.8,5.2,3.4,0.8,3.4,4.8,3.4,0.9,4.0,6.5,7.8,5.7,4.6,1.5,1.2,0.6,7.2,-1,-1,→,2028-2033,4.02,南非城管执法人员：薪资水平偏低，无法远程办公,"South Africa Urban Management Officer (Chengguan): relatively low pay, no remote work possible",AI综合评估 + O*NET/ILO/OECD锚点校准
GOV-0202-NG-general,公共管理与公务员,GOV,地方公务员,城管执法人员,Urban Management Officer (Chengguan),3355,,非洲,尼日利亚,NG,country,general,高中/大专,20-30,country_specific,2.9,3.3,1.9,7.1,4.1,4.4,2.5,1.0,2.1,3.3,6.7,5.9,5.2,5.0,4.2,3.2,2.7,5.0,5.5,3.2,0.5,3.3,4.3,3.4,1.0,3.2,6.2,7.3,5.8,4.3,1.6,0.8,1.1,6.8,-2,-1,→,2028-2033,3.86,尼日利亚城管执法人员：薪资水平偏低，无法远程办公,"Nigeria Urban Management Officer (Chengguan): relatively low pay, no remote work possible",AI综合评估 + O*NET/ILO/OECD锚点校准
GOV-0202-KE-general,公共管理与公务员,GOV,地方公务员,城管执法人员,Urban Management Officer (Chengguan),3355,,非洲,肯尼亚,KE,country,general,高中/大专,20-30,country_specific,2.7,3.3,2.0,7.1,4.0,4.3,2.9,1.2,2.1,3.5,6.6,5.9,5.2,5.0,4.3,2.9,3.1,4.9,5.1,3.1,1.0,3.4,4.5,2.9,1.0,3.5,6.1,7.8,6.1,4.4,1.7,0.8,1.0,7.1,-2,-1,→,2028-2033,3.88,肯尼亚城管执法人员：薪资水平偏低，无法远程办公,"Kenya Urban Management Officer (Chengguan): relatively low pay, no remote work possible",AI综合评估 + O*NET/ILO/OECD锚点校准
GOV-0202-EG-general,公共管理与公务员,GOV,地方公务员,城管执法人员,Urban Management Officer (Chengguan),3355,,非洲,埃及,EG,country,general,高中/大专,20-30,country_specific,2.6,3.6,2.5,7.6,4.8,4.7,3.0,1.6,2.4,3.6,7.3,6.0,5.1,4.9,4.5,3.2,2.6,4.7,5.7,3.3,0.6,3.1,4.4,3.0,1.1,3.3,6.5,7.5,6.0,5.1,1.5,0.8,0.6,6.9,-1,0,→,2028-2033,4.02,埃及城管执法人员：薪资水平偏低，无法远程办公,"Egypt Urban Management Officer (Chengguan): relatively low pay, no remote work possible",AI综合评估 + O*NET/ILO/OECD锚点校准
GOV-0203-CN-general,公共管理与公务员,GOV,地方公务员,民政事务员,Civil Affairs Officer,3354,21-1099.00,东亚,中国,CN,country,general,本科,22-28,global,4.7,5.4,3.8,9.0,5.4,6.7,4.0,3.0,4.5,5.2,9.4,9.2,7.1,6.0,5.3,5.3,3.6,2.2,6.1,7.1,2.1,3.2,5.6,6.3,1.3,5.3,7.2,7.8,1.9,7.7,1.2,0.8,2.1,7.5,0,1,→,2032-2038,5.25,中国民政事务员：就业极其稳定,China Civil Affairs Officer: extremely stable employment,AI综合评估 + O*NET/ILO/OECD锚点校准
GOV-0203-JP-general,公共管理与公务员,GOV,地方公务员,民政事务员,Civil Affairs Officer,3354,21-1099.00,东亚,日本,JP,country,general,本科,22-28,global,4.6,5.5,3.7,9.0,4.8,6.0,4.2,3.0,5.5,6.0,9.8,9.1,7.3,6.0,5.9,5.1,3.6,2.0,6.2,6.5,2.6,3.6,6.3,6.7,1.8,5.0,7.3,7.7,1.8,7.2,1.3,1.0,1.8,7.4,0,0,→,2032-2038,5.41,日本民政事务员：就业极其稳定,Japan Civil Affairs Officer: extremely stable employment,AI综合评估 + O*NET/ILO/OECD锚点校准
GOV-0203-KR-general,公共管理与公务员,GOV,地方公务员,民政事务员,Civil Affairs Officer,3354,21-1099.00,东亚,韩国,KR,country,general,本科,22-28,global,4.6,5.4,3.9,9.0,4.6,5.2,4.1,3.1,5.3,5.3,9.4,9.2,7.2,6.0,6.0,5.1,3.6,1.7,6.0,6.9,2.6,3.9,5.9,6.4,1.9,5.0,7.4,8.0,1.7,7.6,1.7,1.3,1.9,7.2,0,0,→,2032-2038,5.36,韩国民政事务员：就业极其稳定,South Korea Civil Affairs Officer: extremely stable employment,AI综合评估 + O*NET/ILO/OECD锚点校准
GOV-0203-TW-general,公共管理与公务员,GOV,地方公务员,民政事务员,Civil Affairs Officer,3354,21-1099.00,东亚,中国台湾地区,TW,region,general,本科,22-28,global,4.9,5.2,3.4,9.0,4.5,5.4,4.2,2.9,4.5,5.5,9.1,9.1,7.4,6.6,5.8,5.1,3.6,1.7,6.2,6.7,2.7,3.8,6.3,6.4,1.7,5.6,7.6,8.0,1.8,7.4,1.4,0.8,1.7,7.4,0,0,→,2032-2038,5.32,中国台湾地区民政事务员：就业极其稳定,Taiwan (China) Civil Affairs Officer: extremely stable employment,AI综合评估 + O*NET/ILO/OECD锚点校准
GOV-0203-HK-general,公共管理与公务员,GOV,地方公务员,民政事务员,Civil Affairs Officer,3354,21-1099.00,东亚,中国香港地区,HK,region,general,本科,22-28,global,4.4,5.1,3.3,8.9,4.0,5.3,3.7,2.6,5.4,5.4,9.1,9.1,7.1,6.2,6.0,5.4,3.8,1.6,6.0,6.1,2.6,3.9,6.1,7.0,1.8,5.9,7.3,7.7,1.8,7.2,1.2,1.2,2.4,7.4,0,0,→,2032-2038,5.35,中国香港地区民政事务员：就业极其稳定,Hong Kong (China) Civil Affairs Officer: extremely stable employment,AI综合评估 + O*NET/ILO/OECD锚点校准
GOV-0203-SG-general,公共管理与公务员,GOV,地方公务员,民政事务员,Civil Affairs Officer,3354,21-1099.00,东南亚,新加坡,SG,country,general,本科,22-28,global,5.0,5.5,3.3,9.1,4.3,5.0,3.9,2.4,6.2,6.0,9.8,9.3,7.7,6.1,5.6,5.2,3.9,1.5,6.0,6.8,2.1,3.8,6.1,6.9,1.9,6.0,7.5,8.1,2.2,6.9,1.2,1.1,2.5,7.3,0,-1,→,2032-2038,5.45,新加坡民政事务员：就业极其稳定,Singapore Civil Affairs Officer: extremely stable employment,AI综合评估 + O*NET/ILO/OECD锚点校准
GOV-0203-TH-general,公共管理与公务员,GOV,地方公务员,民政事务员,Civil Affairs Officer,3354,21-1099.00,东南亚,泰国,TH,country,general,本科,22-28,global,4.7,4.6,3.8,8.4,4.6,5.8,3.1,2.5,4.4,4.9,8.3,8.9,7.4,6.6,6.2,4.9,3.4,2.0,6.1,6.1,2.7,3.6,6.4,6.7,1.7,5.4,7.7,8.0,1.9,6.8,1.3,0.7,1.9,7.6,0,0,→,2032-2038,5.2,泰国民政事务员：就业稳定,Thailand Civil Affairs Officer: stable employment,AI综合评估 + O*NET/ILO/OECD锚点校准
GOV-0203-VN-general,公共管理与公务员,GOV,地方公务员,民政事务员,Civil Affairs Officer,3354,21-1099.00,东南亚,越南,VN,country,general,本科,22-28,global,4.4,5.2,4.1,9.1,5.0,6.5,3.7,2.7,3.5,5.1,8.7,9.2,7.5,6.4,5.8,4.9,3.3,2.1,6.3,6.0,2.5,3.4,6.1,6.4,1.4,5.4,7.4,8.1,2.3,7.3,1.4,0.6,2.0,7.7,0,1,→,2032-2038,5.2,越南民政事务员：就业极其稳定，薪资水平偏低,"Vietnam Civil Affairs Officer: extremely stable employment, relatively low pay",AI综合评估 + O*NET/ILO/OECD锚点校准
GOV-0203-ID-general,公共管理与公务员,GOV,地方公务员,民政事务员,Civil Affairs Officer,3354,21-1099.00,东南亚,印度尼西亚,ID,country,general,本科,22-28,global,4.3,4.9,3.5,8.2,4.6,6.1,3.4,2.3,3.7,4.6,8.6,9.0,7.4,6.0,6.1,4.8,3.6,2.2,5.7,6.0,2.1,3.3,6.2,6.4,1.4,5.2,7.6,7.8,2.1,6.8,1.4,0.9,1.5,7.4,0,0,→,2028-2033,5.04,印度尼西亚民政事务员：就业极其稳定，薪资水平偏低,"Indonesia Civil Affairs Officer: extremely stable employment, relatively low pay",AI综合评估 + O*NET/ILO/OECD锚点校准
GOV-0203-MY-general,公共管理与公务员,GOV,地方公务员,民政事务员,Civil Affairs Officer,3354,21-1099.00,东南亚,马来西亚,MY,country,general,本科,22-28,global,4.8,4.8,3.7,8.6,4.4,5.9,3.6,2.3,4.7,5.4,9.0,9.1,7.4,6.5,6.0,4.8,3.2,2.2,6.2,6.3,2.4,3.7,6.6,6.5,1.6,5.5,7.7,8.0,1.9,7.1,1.3,0.9,2.2,7.3,0,0,→,2032-2038,5.26,马来西亚民政事务员：就业极其稳定,Malaysia Civil Affairs Officer: extremely stable employment,AI综合评估 + O*NET/ILO/OECD锚点校准
GOV-0203-PH-general,公共管理与公务员,GOV,地方公务员,民政事务员,Civil Affairs Officer,3354,21-1099.00,东南亚,菲律宾,PH,country,general,本科,22-28,global,4.6,4.9,3.6,8.2,4.5,5.5,3.5,2.7,3.6,4.5,7.9,9.0,7.4,6.4,5.8,5.2,3.4,2.2,5.8,5.8,2.2,3.0,6.4,6.2,1.5,5.7,7.5,7.9,2.3,7.1,1.3,0.7,2.2,7.4,0,0,→,2028-2033,5.03,菲律宾民政事务员：就业稳定，薪资水平偏低,"Philippines Civil Affairs Officer: stable employment, relatively low pay",AI综合评估 + O*NET/ILO/OECD锚点校准
GOV-0203-IN-general,公共管理与公务员,GOV,地方公务员,民政事务员,Civil Affairs Officer,3354,21-1099.00,南亚,印度,IN,country,general,本科,22-28,global,4.7,5.3,3.8,8.9,4.6,5.9,4.1,2.7,4.4,5.2,8.5,9.1,7.5,6.3,5.8,5.2,3.4,2.2,5.8,6.5,2.7,3.3,6.2,6.1,1.4,5.0,7.1,7.8,2.1,7.4,1.3,0.8,1.9,7.3,0,1,→,2028-2033,5.18,印度民政事务员：就业极其稳定,India Civil Affairs Officer: extremely stable employment,AI综合评估 + O*NET/ILO/OECD锚点校准
GOV-0203-PK-general,公共管理与公务员,GOV,地方公务员,民政事务员,Civil Affairs Officer,3354,21-1099.00,南亚,巴基斯坦,PK,country,general,本科,22-28,global,4.3,4.8,3.7,8.2,4.8,6.2,3.7,2.6,4.0,4.3,8.2,9.0,7.2,5.7,5.3,4.8,3.4,2.3,6.0,6.1,2.3,3.0,6.0,6.2,1.6,4.6,7.5,8.2,1.9,6.9,1.6,1.0,1.8,7.6,0,0,→,2032-2038,5.03,巴基斯坦民政事务员：就业稳定，薪资水平偏低,"Pakistan Civil Affairs Officer: stable employment, relatively low pay",AI综合评估 + O*NET/ILO/OECD锚点校准
GOV-0203-BD-general,公共管理与公务员,GOV,地方公务员,民政事务员,Civil Affairs Officer,3354,21-1099.00,南亚,孟加拉国,BD,country,general,本科,22-28,global,4.4,4.6,3.7,8.6,4.4,5.7,3.6,2.6,3.3,4.6,8.3,8.9,7.4,5.6,5.7,4.5,3.6,2.1,5.6,5.6,2.2,3.1,6.1,6.5,1.2,4.3,7.0,7.7,2.0,7.1,1.2,0.7,1.6,7.3,0,0,→,2028-2033,4.96,孟加拉国民政事务员：就业稳定，薪资水平偏低,"Bangladesh Civil Affairs Officer: stable employment, relatively low pay",AI综合评估 + O*NET/ILO/OECD锚点校准
GOV-0203-AE-general,公共管理与公务员,GOV,地方公务员,民政事务员,Civil Affairs Officer,3354,21-1099.00,中亚/西亚,阿联酋,AE,country,general,本科,22-28,global,4.7,5.0,3.9,8.7,4.5,5.7,2.9,2.2,6.1,6.2,9.7,9.2,7.2,6.6,5.9,5.3,3.6,1.8,5.7,5.8,2.3,3.6,6.4,7.0,1.4,5.5,7.4,8.1,2.0,6.7,1.2,1.0,2.5,7.4,0,0,→,2028-2033,5.39,阿联酋民政事务员：就业极其稳定,United Arab Emirates Civil Affairs Officer: extremely stable employment,AI综合评估 + O*NET/ILO/OECD锚点校准
GOV-0203-IL-general,公共管理与公务员,GOV,地方公务员,民政事务员,Civil Affairs Officer,3354,21-1099.00,中亚/西亚,以色列,IL,country,general,本科,22-28,global,4.6,5.2,3.6,8.4,4.4,5.7,3.3,2.5,5.4,5.7,8.9,9.0,7.7,6.3,5.8,4.9,3.8,1.9,6.0,5.8,2.6,3.4,6.6,6.6,1.3,6.0,7.2,7.9,1.9,7.1,1.2,1.3,2.2,7.3,0,0,→,2032-2038,5.29,以色列民政事务员：就业极其稳定,Israel Civil Affairs Officer: extremely stable employment,AI综合评估 + O*NET/ILO/OECD锚点校准
GOV-0203-SA-general,公共管理与公务员,GOV,地方公务员,民政事务员,Civil Affairs Officer,3354,21-1099.00,中亚/西亚,沙特阿拉伯,SA,country,general,本科,22-28,global,4.6,4.8,3.6,9.1,5.2,6.7,2.9,2.3,5.4,5.6,8.9,9.2,7.5,6.3,6.1,4.9,3.4,2.2,6.0,5.5,2.5,3.1,6.3,6.5,1.7,4.6,7.3,7.9,2.1,6.4,1.6,1.1,2.1,7.5,0,1,→,2032-2038,5.26,沙特阿拉伯民政事务员：就业极其稳定,Saudi Arabia Civil Affairs Officer: extremely stable employment,AI综合评估 + O*NET/ILO/OECD锚点校准
GOV-0203-TR-general,公共管理与公务员,GOV,地方公务员,民政事务员,Civil Affairs Officer,3354,21-1099.00,中亚/西亚,土耳其,TR,country,general,本科,22-28,global,4.6,4.8,3.4,8.5,4.6,5.6,3.5,2.4,4.1,4.7,8.3,9.0,7.1,6.3,5.5,4.9,3.3,2.0,6.1,6.0,2.5,3.0,6.4,6.3,1.8,5.3,7.2,7.8,2.1,7.2,1.4,0.9,1.6,7.8,0,0,→,2032-2038,5.06,土耳其民政事务员：就业稳定,Turkey Civil Affairs Officer: stable employment,AI综合评估 + O*NET/ILO/OECD锚点校准
GOV-0203-GB-general,公共管理与公务员,GOV,地方公务员,民政事务员,Civil Affairs Officer,3354,21-1099.00,西欧,英国,GB,country,general,本科,22-28,global,4.5,4.9,3.3,9.0,4.4,5.6,3.3,2.5,5.4,5.3,9.5,9.0,7.8,7.4,6.4,5.2,3.8,1.9,6.0,6.0,2.4,3.7,7.0,6.6,1.5,6.7,7.8,7.9,2.1,6.9,1.2,1.1,2.3,7.6,0,0,→,2032-2038,5.42,英国民政事务员：就业极其稳定,United Kingdom Civil Affairs Officer: extremely stable employment,AI综合评估 + O*NET/ILO/OECD锚点校准
GOV-0203-FR-general,公共管理与公务员,GOV,地方公务员,民政事务员,Civil Affairs Officer,3354,21-1099.00,西欧,法国,FR,country,general,本科,22-28,global,4.6,5.2,4.2,8.8,5.3,6.6,3.4,3.0,4.7,5.6,9.6,9.2,7.6,7.1,6.6,5.2,3.7,1.9,6.3,6.5,2.8,3.7,7.2,6.7,1.7,6.4,8.1,7.8,1.9,7.4,1.3,1.1,2.2,7.6,0,1,→,2032-2038,5.53,法国民政事务员：就业极其稳定,France Civil Affairs Officer: extremely stable employment,AI综合评估 + O*NET/ILO/OECD锚点校准
GOV-0203-DE-general,公共管理与公务员,GOV,地方公务员,民政事务员,Civil Affairs Officer,3354,21-1099.00,西欧,德国,DE,country,general,本科,22-28,global,4.7,5.0,3.9,9.1,4.2,5.5,3.7,2.4,5.3,6.0,9.4,9.2,7.9,7.6,6.9,5.1,3.5,1.8,6.1,6.4,2.8,3.8,7.3,7.1,1.3,6.3,7.6,8.2,1.8,7.1,1.1,1.4,2.2,7.7,0,0,→,2032-2038,5.53,德国民政事务员：就业极其稳定,Germany Civil Affairs Officer: extremely stable employment,AI综合评估 + O*NET/ILO/OECD锚点校准
GOV-0203-NL-general,公共管理与公务员,GOV,地方公务员,民政事务员,Civil Affairs Officer,3354,21-1099.00,西欧,荷兰,NL,country,general,本科,22-28,global,4.5,4.9,3.4,8.8,4.5,5.0,3.6,2.6,5.1,5.8,9.8,9.3,7.9,7.5,7.1,4.9,3.6,1.6,6.2,6.3,2.8,4.1,7.4,6.9,1.4,6.6,7.7,8.1,2.2,7.1,1.4,1.1,2.3,7.7,0,0,→,2032-2038,5.53,荷兰民政事务员：就业极其稳定,Netherlands Civil Affairs Officer: extremely stable employment,AI综合评估 + O*NET/ILO/OECD锚点校准
GOV-0203-CH-general,公共管理与公务员,GOV,地方公务员,民政事务员,Civil Affairs Officer,3354,21-1099.00,西欧,瑞士,CH,country,general,本科,22-28,global,4.6,5.3,3.2,9.5,4.3,4.9,3.3,2.5,6.0,6.1,9.9,9.3,7.9,7.5,6.5,5.5,3.8,1.6,6.5,6.4,2.6,4.3,7.2,6.8,1.7,6.3,7.8,8.2,2.3,6.6,1.1,1.2,1.9,7.3,0,-1,→,2032-2038,5.6,瑞士民政事务员：就业极其稳定,Switzerland Civil Affairs Officer: extremely stable employment,AI综合评估 + O*NET/ILO/OECD锚点校准
GOV-0203-SE-general,公共管理与公务员,GOV,地方公务员,民政事务员,Civil Affairs Officer,3354,21-1099.00,北欧,瑞典,SE,country,general,本科,22-28,global,4.5,5.2,3.5,9.3,4.9,5.9,3.2,2.1,5.3,5.7,9.9,9.2,8.4,7.5,6.7,5.5,3.7,1.4,6.2,6.2,3.0,3.8,7.8,6.9,2.0,7.0,8.0,7.8,1.9,6.8,1.5,1.4,2.4,7.5,0,0,→,2032-2038,5.62,瑞典民政事务员：就业极其稳定,Sweden Civil Affairs Officer: extremely stable employment,AI综合评估 + O*NET/ILO/OECD锚点校准
GOV-0203-DK-general,公共管理与公务员,GOV,地方公务员,民政事务员,Civil Affairs Officer,3354,21-1099.00,北欧,丹麦,DK,country,general,本科,22-28,global,4.5,5.3,3.9,8.9,4.6,6.1,3.2,2.6,5.6,5.7,9.7,9.3,8.3,7.3,6.8,5.3,3.9,1.7,6.0,6.1,2.9,4.3,7.7,7.0,2.0,7.1,8.1,8.0,2.0,6.7,1.6,1.2,2.2,7.8,0,0,→,2032-2038,5.61,丹麦民政事务员：就业极其稳定,Denmark Civil Affairs Officer: extremely stable employment,AI综合评估 + O*NET/ILO/OECD锚点校准
GOV-0203-FI-general,公共管理与公务员,GOV,地方公务员,民政事务员,Civil Affairs Officer,3354,21-1099.00,北欧,芬兰,FI,country,general,本科,22-28,global,4.8,5.1,3.6,9.0,4.9,5.8,3.3,2.2,5.1,5.3,9.7,9.3,8.2,7.5,6.7,5.1,3.9,1.5,6.3,5.8,2.6,3.9,7.4,7.1,1.8,6.9,7.6,8.2,2.2,6.7,1.2,1.1,2.5,7.7,0,0,→,2032-2038,5.54,芬兰民政事务员：就业极其稳定,Finland Civil Affairs Officer: extremely stable employment,AI综合评估 + O*NET/ILO/OECD锚点校准
GOV-0203-IT-general,公共管理与公务员,GOV,地方公务员,民政事务员,Civil Affairs Officer,3354,21-1099.00,南欧,意大利,IT,country,general,本科,22-28,global,4.5,5.0,3.7,9.0,5.1,6.2,3.9,2.5,4.5,5.1,9.1,9.2,7.5,6.7,6.4,5.0,3.7,1.8,6.2,6.5,2.8,3.7,6.6,6.5,1.5,5.7,7.4,8.0,2.3,7.0,1.3,1.0,2.2,7.7,0,0,→,2032-2038,5.38,意大利民政事务员：就业极其稳定,Italy Civil Affairs Officer: extremely stable employment,AI综合评估 + O*NET/ILO/OECD锚点校准
GOV-0203-ES-general,公共管理与公务员,GOV,地方公务员,民政事务员,Civil Affairs Officer,3354,21-1099.00,南欧,西班牙,ES,country,general,本科,22-28,global,4.7,5.4,3.5,8.8,4.6,5.7,3.8,2.5,4.6,4.9,8.9,9.1,7.4,7.1,6.3,4.9,3.6,2.0,6.2,6.3,2.8,3.9,7.2,6.8,1.8,6.2,7.8,8.1,2.2,7.6,1.6,1.0,2.2,7.7,0,0,→,2032-2038,5.33,西班牙民政事务员：就业极其稳定,Spain Civil Affairs Officer: extremely stable employment,AI综合评估 + O*NET/ILO/OECD锚点校准
GOV-0203-PT-general,公共管理与公务员,GOV,地方公务员,民政事务员,Civil Affairs Officer,3354,21-1099.00,南欧,葡萄牙,PT,country,general,本科,22-28,global,4.5,5.0,3.3,9.0,4.5,5.3,3.9,2.8,4.2,5.3,9.0,9.0,7.6,7.2,5.9,4.7,3.7,2.0,6.0,5.8,2.6,3.9,6.6,6.8,1.6,6.1,7.3,7.7,1.8,7.3,1.5,1.3,1.9,7.4,0,0,→,2032-2038,5.28,葡萄牙民政事务员：就业极其稳定,Portugal Civil Affairs Officer: extremely stable employment,AI综合评估 + O*NET/ILO/OECD锚点校准
GOV-0203-PL-general,公共管理与公务员,GOV,地方公务员,民政事务员,Civil Affairs Officer,3354,21-1099.00,东欧,波兰,PL,country,general,本科,22-28,global,4.4,4.8,3.8,8.6,4.2,5.6,3.2,2.1,4.3,4.8,8.9,9.0,7.6,7.1,6.1,4.9,3.9,1.7,5.9,5.8,2.5,4.0,7.2,6.8,1.3,5.7,7.6,8.0,1.9,6.7,1.6,1.2,1.9,7.4,0,0,→,2028-2033,5.27,波兰民政事务员：就业极其稳定,Poland Civil Affairs Officer: extremely stable employment,AI综合评估 + O*NET/ILO/OECD锚点校准
GOV-0203-CZ-general,公共管理与公务员,GOV,地方公务员,民政事务员,Civil Affairs Officer,3354,21-1099.00,东欧,捷克,CZ,country,general,本科,22-28,global,4.3,5.1,3.3,8.9,4.5,5.5,3.6,2.5,4.6,5.5,9.1,9.0,7.6,7.2,6.3,5.1,3.8,2.0,6.2,5.9,2.4,3.6,7.3,6.8,1.8,6.0,7.4,8.2,2.0,6.7,1.2,0.9,1.9,7.2,0,0,→,2032-2038,5.37,捷克民政事务员：就业极其稳定,Czech Republic Civil Affairs Officer: extremely stable employment,AI综合评估 + O*NET/ILO/OECD锚点校准
GOV-0203-RU-general,公共管理与公务员,GOV,地方公务员,民政事务员,Civil Affairs Officer,3354,21-1099.00,东欧,俄罗斯,RU,country,general,本科,22-28,global,4.9,5.2,4.0,8.5,5.1,6.4,3.1,2.1,4.3,4.5,8.0,9.1,7.4,6.5,5.7,4.8,3.6,2.0,6.2,5.6,2.2,3.5,6.1,6.2,1.4,5.8,7.3,7.8,2.2,6.6,1.5,1.1,1.8,7.7,0,1,→,2032-2038,5.1,俄罗斯民政事务员：就业稳定,Russia Civil Affairs Officer: stable employment,AI综合评估 + O*NET/ILO/OECD锚点校准
GOV-0203-US-general,公共管理与公务员,GOV,地方公务员,民政事务员,Civil Affairs Officer,3354,21-1099.00,北美,美国,US,country,general,本科,22-28,global,4.4,4.9,3.4,8.9,4.2,4.9,3.4,2.4,5.2,5.4,9.3,9.1,7.5,6.7,6.0,5.3,3.4,1.7,6.2,5.9,2.4,3.8,6.5,7.0,1.3,6.3,7.6,7.7,2.0,7.3,1.2,1.3,2.0,7.2,0,0,→,2032-2038,5.34,美国民政事务员：就业极其稳定,United States Civil Affairs Officer: extremely stable employment,AI综合评估 + O*NET/ILO/OECD锚点校准
GOV-0203-CA-general,公共管理与公务员,GOV,地方公务员,民政事务员,Civil Affairs Officer,3354,21-1099.00,北美,加拿大,CA,country,general,本科,22-28,global,4.6,5.1,3.8,8.9,4.6,5.1,3.2,2.3,5.3,5.9,9.9,9.2,8.0,6.8,6.1,5.5,3.4,1.8,6.3,6.2,3.0,3.9,7.3,6.6,1.7,6.5,7.5,8.0,1.8,6.9,1.5,1.5,2.2,7.6,0,0,→,2032-2038,5.49,加拿大民政事务员：就业极其稳定,Canada Civil Affairs Officer: extremely stable employment,AI综合评估 + O*NET/ILO/OECD锚点校准
GOV-0203-MX-general,公共管理与公务员,GOV,地方公务员,民政事务员,Civil Affairs Officer,3354,21-1099.00,北美,墨西哥,MX,country,general,本科,22-28,global,4.7,5.0,3.2,8.4,4.4,5.6,3.1,2.0,3.6,4.5,8.0,8.9,7.7,6.4,5.9,4.7,3.7,2.2,6.2,5.8,2.6,3.4,6.3,6.6,1.6,5.1,7.4,8.0,1.9,6.7,1.7,0.8,1.9,7.7,0,0,→,2032-2038,5.01,墨西哥民政事务员：就业稳定，薪资水平偏低,"Mexico Civil Affairs Officer: stable employment, relatively low pay",AI综合评估 + O*NET/ILO/OECD锚点校准
GOV-0203-BR-general,公共管理与公务员,GOV,地方公务员,民政事务员,Civil Affairs Officer,3354,21-1099.00,南美,巴西,BR,country,general,本科,22-28,global,4.2,4.8,3.6,8.4,5.1,5.9,4.0,2.8,4.5,5.0,8.4,8.9,7.3,6.3,6.1,5.3,3.2,2.2,6.3,6.0,2.4,3.2,6.6,6.6,1.6,5.3,7.7,7.8,2.2,7.3,1.2,0.6,1.8,7.7,0,1,→,2032-2038,5.23,巴西民政事务员：就业稳定,Brazil Civil Affairs Officer: stable employment,AI综合评估 + O*NET/ILO/OECD锚点校准
GOV-0203-AR-general,公共管理与公务员,GOV,地方公务员,民政事务员,Civil Affairs Officer,3354,21-1099.00,南美,阿根廷,AR,country,general,本科,22-28,global,4.6,4.8,3.4,8.2,4.9,5.9,3.4,2.1,3.8,4.4,7.8,8.8,7.6,6.1,6.1,4.9,3.3,2.0,5.7,5.4,2.5,3.4,6.3,6.6,1.6,5.4,7.6,7.8,2.0,6.8,1.6,1.0,2.2,7.9,-1,1,→,2028-2033,5.03,阿根廷民政事务员：就业稳定，薪资水平偏低,"Argentina Civil Affairs Officer: stable employment, relatively low pay",AI综合评估 + O*NET/ILO/OECD锚点校准
GOV-0203-CL-general,公共管理与公务员,GOV,地方公务员,民政事务员,Civil Affairs Officer,3354,21-1099.00,南美,智利,CL,country,general,本科,22-28,global,4.3,4.7,3.2,8.8,3.9,5.4,3.3,2.5,4.3,5.2,8.8,9.0,7.2,6.5,6.0,5.3,3.7,1.9,5.8,5.8,2.6,3.3,6.6,6.6,1.8,5.3,7.3,7.8,1.9,7.1,1.5,1.1,2.1,7.6,0,0,→,2028-2033,5.18,智利民政事务员：就业极其稳定,Chile Civil Affairs Officer: extremely stable employment,AI综合评估 + O*NET/ILO/OECD锚点校准
GOV-0203-CO-general,公共管理与公务员,GOV,地方公务员,民政事务员,Civil Affairs Officer,3354,21-1099.00,南美,哥伦比亚,CO,country,general,本科,22-28,global,4.3,5.2,3.4,8.4,4.9,5.9,3.4,2.2,3.8,4.8,7.8,8.8,7.7,6.0,6.0,4.9,3.5,2.0,6.0,5.6,2.3,3.3,6.1,6.6,1.7,5.3,7.6,7.8,2.1,7.0,1.9,1.1,1.6,7.5,0,0,→,2032-2038,5.04,哥伦比亚民政事务员：就业稳定，薪资水平偏低,"Colombia Civil Affairs Officer: stable employment, relatively low pay",AI综合评估 + O*NET/ILO/OECD锚点校准
GOV-0203-AU-general,公共管理与公务员,GOV,地方公务员,民政事务员,Civil Affairs Officer,3354,21-1099.00,大洋洲,澳大利亚,AU,country,general,本科,22-28,global,4.6,4.9,3.6,8.6,4.1,5.3,3.5,2.6,5.8,6.0,9.7,9.2,8.1,7.0,6.7,5.0,3.6,1.7,5.9,6.3,2.8,4.2,6.9,6.9,1.3,6.4,7.7,8.2,1.8,7.0,1.6,1.2,2.3,7.3,0,0,→,2028-2033,5.51,澳大利亚民政事务员：就业极其稳定,Australia Civil Affairs Officer: extremely stable employment,AI综合评估 + O*NET/ILO/OECD锚点校准
GOV-0203-NZ-general,公共管理与公务员,GOV,地方公务员,民政事务员,Civil Affairs Officer,3354,21-1099.00,大洋洲,新西兰,NZ,country,general,本科,22-28,global,4.8,4.9,3.7,8.8,4.4,4.9,3.1,2.3,4.9,5.3,10.0,9.2,8.3,7.5,6.7,5.0,3.4,1.6,6.4,5.8,2.9,4.2,7.1,7.1,2.0,6.5,7.8,8.0,2.1,6.8,1.1,1.0,2.1,7.7,0,0,→,2032-2038,5.48,新西兰民政事务员：就业极其稳定,New Zealand Civil Affairs Officer: extremely stable employment,AI综合评估 + O*NET/ILO/OECD锚点校准
GOV-0203-ZA-general,公共管理与公务员,GOV,地方公务员,民政事务员,Civil Affairs Officer,3354,21-1099.00,非洲,南非,ZA,country,general,本科,22-28,global,4.3,4.7,3.3,8.5,4.8,5.6,3.1,2.0,4.6,4.8,7.8,8.9,7.5,6.2,6.1,4.8,3.4,2.3,5.9,5.6,2.6,3.3,6.4,6.1,1.6,5.4,7.1,7.9,2.1,6.7,1.6,1.1,1.8,7.3,0,0,→,2028-2033,5.06,南非民政事务员：就业稳定,South Africa Civil Affairs Officer: stable employment,AI综合评估 + O*NET/ILO/OECD锚点校准
GOV-0203-NG-general,公共管理与公务员,GOV,地方公务员,民政事务员,Civil Affairs Officer,3354,21-1099.00,非洲,尼日利亚,NG,country,general,本科,22-28,global,4.0,4.4,3.7,8.3,4.9,6.0,3.1,2.4,3.6,4.2,7.4,8.8,7.0,5.7,5.8,4.7,3.4,2.2,5.9,5.4,2.5,3.4,6.1,6.0,1.6,4.6,7.4,7.7,1.7,6.4,1.6,1.1,1.9,7.5,-1,0,→,2028-2033,4.97,尼日利亚民政事务员：薪资水平偏低,Nigeria Civil Affairs Officer: relatively low pay,AI综合评估 + O*NET/ILO/OECD锚点校准
GOV-0203-KE-general,公共管理与公务员,GOV,地方公务员,民政事务员,Civil Affairs Officer,3354,21-1099.00,非洲,肯尼亚,KE,country,general,本科,22-28,global,4.5,4.9,3.4,8.0,4.9,5.4,3.3,2.1,4.2,4.2,7.6,8.8,7.3,6.3,5.9,4.8,3.1,2.1,5.8,5.7,2.4,3.1,6.4,6.1,1.2,4.9,7.5,7.9,2.0,6.7,1.6,0.7,1.7,7.3,-1,0,→,2028-2033,4.96,肯尼亚民政事务员：就业稳定,Kenya Civil Affairs Officer: stable employment,AI综合评估 + O*NET/ILO/OECD锚点校准
GOV-0203-EG-general,公共管理与公务员,GOV,地方公务员,民政事务员,Civil Affairs Officer,3354,21-1099.00,非洲,埃及,EG,country,general,本科,22-28,global,4.1,5.0,3.9,8.1,4.9,6.7,3.3,2.2,3.5,4.7,8.2,9.1,7.5,6.1,5.8,5.0,3.1,2.4,5.8,5.5,2.4,2.9,6.3,6.2,1.4,4.6,7.4,7.9,2.0,6.7,1.5,0.6,1.6,7.8,0,1,→,2028-2033,4.99,埃及民政事务员：就业稳定，薪资水平偏低,"Egypt Civil Affairs Officer: stable employment, relatively low pay",AI综合评估 + O*NET/ILO/OECD锚点校准
GOV-0204-CN-general,公共管理与公务员,GOV,地方公务员,社区干部/街道办事员,Community/Street Office Official,3354,,东亚,中国,CN,country,general,大专/本科,22-30,country_specific,3.4,4.2,3.3,8.2,5.4,7.0,3.4,2.2,3.4,4.6,8.9,8.8,6.6,5.0,5.0,4.5,3.2,2.4,6.2,5.5,2.0,2.5,5.3,5.4,1.7,5.5,6.8,8.7,2.4,6.0,1.4,1.0,1.3,7.7,0,1,→,2032-2038,4.95,中国社区干部/街道办事员：就业极其稳定，薪资水平偏低，无法远程办公,"China Community/Street Office Official: extremely stable employment, relatively low pay, no remote work possible",AI综合评估 + O*NET/ILO/OECD锚点校准
GOV-0204-JP-general,公共管理与公务员,GOV,地方公务员,社区干部/街道办事员,Community/Street Office Official,3354,,东亚,日本,JP,country,general,大专/本科,22-30,country_specific,3.8,4.6,3.5,8.4,5.1,6.1,3.4,2.2,4.6,5.5,9.2,8.7,6.8,5.1,5.6,4.7,3.5,2.1,6.0,5.9,2.1,3.3,5.8,5.7,1.9,5.4,6.9,8.3,2.4,6.2,1.0,1.0,1.4,7.4,0,0,→,2032-2038,5.13,日本社区干部/街道办事员：就业极其稳定,Japan Community/Street Office Official: extremely stable employment,AI综合评估 + O*NET/ILO/OECD锚点校准
GOV-0204-KR-general,公共管理与公务员,GOV,地方公务员,社区干部/街道办事员,Community/Street Office Official,3354,,东亚,韩国,KR,country,general,大专/本科,22-30,country_specific,3.4,4.2,3.0,8.4,5.3,6.1,3.4,2.7,4.1,5.2,8.9,8.5,6.6,5.3,5.1,4.7,3.4,2.5,6.1,5.8,2.2,3.2,5.8,5.6,1.8,5.2,6.7,8.7,2.4,6.2,1.3,1.2,1.6,7.7,0,0,→,2032-2038,5.07,韩国社区干部/街道办事员：就业极其稳定,South Korea Community/Street Office Official: extremely stable employment,AI综合评估 + O*NET/ILO/OECD锚点校准
GOV-0204-TW-general,公共管理与公务员,GOV,地方公务员,社区干部/街道办事员,Community/Street Office Official,3354,,东亚,中国台湾地区,TW,region,general,大专/本科,22-30,country_specific,3.4,4.5,2.8,8.2,4.7,6.0,3.8,2.5,3.9,5.1,8.7,8.6,7.2,5.2,5.3,4.7,3.4,2.4,6.3,5.4,1.9,3.0,5.6,5.8,1.8,5.4,7.0,8.4,2.5,5.9,1.1,0.9,1.2,7.3,0,0,→,2032-2038,5.02,中国台湾地区社区干部/街道办事员：就业极其稳定，薪资水平偏低，无法远程办公,"Taiwan (China) Community/Street Office Official: extremely stable employment, relatively low pay, no remote work possible",AI综合评估 + O*NET/ILO/OECD锚点校准
GOV-0204-HK-general,公共管理与公务员,GOV,地方公务员,社区干部/街道办事员,Community/Street Office Official,3354,,东亚,中国香港地区,HK,region,general,大专/本科,22-30,country_specific,3.9,4.0,2.7,8.2,4.6,5.7,3.0,1.8,4.3,5.0,8.9,8.7,6.8,5.1,5.2,4.3,3.7,2.2,6.1,5.2,1.8,2.9,5.4,5.7,1.4,5.9,7.1,8.4,2.3,5.5,1.5,0.9,2.0,7.2,0,0,→,2032-2038,4.97,中国香港地区社区干部/街道办事员：就业极其稳定，无法远程办公,"Hong Kong (China) Community/Street Office Official: extremely stable employment, no remote work possible",AI综合评估 + O*NET/ILO/OECD锚点校准
GOV-0204-SG-general,公共管理与公务员,GOV,地方公务员,社区干部/街道办事员,Community/Street Office Official,3354,,东南亚,新加坡,SG,country,general,大专/本科,22-30,country_specific,3.8,4.6,2.7,9.0,4.5,5.5,3.0,2.3,5.2,5.8,10.0,8.9,7.2,5.5,5.3,4.9,3.9,2.0,6.3,5.7,1.9,3.3,5.9,5.8,1.9,6.4,6.8,8.8,2.2,5.4,1.0,1.5,2.0,7.1,0,-1,→,2032-2038,5.29,新加坡社区干部/街道办事员：就业极其稳定，无法远程办公,"Singapore Community/Street Office Official: extremely stable employment, no remote work possible",AI综合评估 + O*NET/ILO/OECD锚点校准
GOV-0204-TH-general,公共管理与公务员,GOV,地方公务员,社区干部/街道办事员,Community/Street Office Official,3354,,东南亚,泰国,TH,country,general,大专/本科,22-30,country_specific,3.5,3.8,3.3,7.9,5.2,6.5,2.6,2.1,3.0,4.6,8.2,8.4,6.8,5.4,5.7,4.4,3.5,2.7,5.9,4.5,1.7,2.8,5.7,5.4,1.7,5.7,7.0,8.2,2.5,5.2,1.5,0.9,1.4,7.6,0,0,→,2028-2033,4.84,泰国社区干部/街道办事员：就业稳定，薪资水平偏低，无法远程办公,"Thailand Community/Street Office Official: stable employment, relatively low pay, no remote work possible",AI综合评估 + O*NET/ILO/OECD锚点校准
GOV-0204-VN-general,公共管理与公务员,GOV,地方公务员,社区干部/街道办事员,Community/Street Office Official,3354,,东南亚,越南,VN,country,general,大专/本科,22-30,country_specific,3.3,3.9,3.4,8.4,5.6,6.7,2.7,2.1,3.0,4.1,8.2,8.7,6.8,5.1,5.5,4.2,3.3,2.6,5.9,5.0,1.9,2.6,5.7,5.6,1.5,5.6,7.2,8.6,2.3,5.4,1.3,0.8,1.3,7.4,0,1,→,2028-2033,4.88,越南社区干部/街道办事员：就业稳定，薪资水平偏低，无法远程办公,"Vietnam Community/Street Office Official: stable employment, relatively low pay, no remote work possible",AI综合评估 + O*NET/ILO/OECD锚点校准
GOV-0204-ID-general,公共管理与公务员,GOV,地方公务员,社区干部/街道办事员,Community/Street Office Official,3354,,东南亚,印度尼西亚,ID,country,general,大专/本科,22-30,country_specific,3.6,3.7,3.2,7.9,5.6,6.6,2.6,2.0,2.6,4.1,8.1,8.4,6.7,5.5,5.2,4.6,3.7,2.5,5.9,5.1,1.9,2.5,5.5,5.2,1.6,5.4,6.9,8.6,2.5,5.1,1.7,0.8,1.4,7.5,0,0,→,2028-2033,4.81,印度尼西亚社区干部/街道办事员：就业稳定，薪资水平偏低，无法远程办公,"Indonesia Community/Street Office Official: stable employment, relatively low pay, no remote work possible",AI综合评估 + O*NET/ILO/OECD锚点校准
GOV-0204-MY-general,公共管理与公务员,GOV,地方公务员,社区干部/街道办事员,Community/Street Office Official,3354,,东南亚,马来西亚,MY,country,general,大专/本科,22-30,country_specific,3.7,4.0,3.0,8.4,5.2,6.4,3.3,2.1,3.8,4.7,8.7,8.7,7.1,5.5,5.7,4.5,3.5,2.6,5.8,4.9,1.9,2.9,5.9,5.7,1.4,5.8,7.0,8.6,2.6,5.3,1.2,1.2,1.3,7.5,0,0,→,2028-2033,4.99,马来西亚社区干部/街道办事员：就业极其稳定，薪资水平偏低，无法远程办公,"Malaysia Community/Street Office Official: extremely stable employment, relatively low pay, no remote work possible",AI综合评估 + O*NET/ILO/OECD锚点校准
GOV-0204-PH-general,公共管理与公务员,GOV,地方公务员,社区干部/街道办事员,Community/Street Office Official,3354,,东南亚,菲律宾,PH,country,general,大专/本科,22-30,country_specific,3.7,4.1,3.2,7.6,5.2,6.0,2.9,2.0,2.5,3.7,7.1,8.4,7.0,5.1,5.6,4.6,3.5,2.8,5.7,4.5,1.8,3.1,5.8,5.6,1.2,6.0,6.9,8.6,2.6,5.5,1.4,1.0,1.6,7.5,0,0,→,2028-2033,4.71,菲律宾社区干部/街道办事员：薪资水平偏低，无法远程办公,"Philippines Community/Street Office Official: relatively low pay, no remote work possible",AI综合评估 + O*NET/ILO/OECD锚点校准
GOV-0204-IN-general,公共管理与公务员,GOV,地方公务员,社区干部/街道办事员,Community/Street Office Official,3354,,南亚,印度,IN,country,general,大专/本科,22-30,country_specific,3.4,4.3,3.2,8.5,5.1,6.5,3.5,2.3,3.3,4.9,7.9,8.5,6.9,5.1,5.0,4.8,3.5,2.6,5.9,5.4,2.1,2.9,5.7,5.0,1.2,5.2,7.2,8.6,2.5,5.9,1.4,1.2,1.7,7.6,0,1,→,2028-2033,4.92,印度社区干部/街道办事员：就业稳定，薪资水平偏低,"India Community/Street Office Official: stable employment, relatively low pay",AI综合评估 + O*NET/ILO/OECD锚点校准
GOV-0204-PK-general,公共管理与公务员,GOV,地方公务员,社区干部/街道办事员,Community/Street Office Official,3354,,南亚,巴基斯坦,PK,country,general,大专/本科,22-30,country_specific,3.7,3.8,3.1,7.9,5.6,6.4,2.7,2.1,2.5,4.0,7.2,8.3,6.6,4.8,5.0,4.6,3.6,2.9,5.8,4.7,1.7,2.8,5.6,5.0,1.6,4.3,6.7,8.4,2.8,5.5,1.7,0.6,1.1,7.6,0,0,→,2028-2033,4.63,巴基斯坦社区干部/街道办事员：薪资水平偏低，无法远程办公,"Pakistan Community/Street Office Official: relatively low pay, no remote work possible",AI综合评估 + O*NET/ILO/OECD锚点校准
GOV-0204-BD-general,公共管理与公务员,GOV,地方公务员,社区干部/街道办事员,Community/Street Office Official,3354,,南亚,孟加拉国,BD,country,general,大专/本科,22-30,country_specific,3.4,4.1,2.9,8.0,5.3,5.9,3.3,2.3,2.2,3.7,7.6,8.4,6.6,4.7,5.2,4.1,3.5,3.0,6.2,5.0,1.6,2.4,5.4,5.4,1.2,4.4,6.7,8.5,2.7,5.6,1.6,0.5,1.4,7.5,0,0,→,2032-2038,4.64,孟加拉国社区干部/街道办事员：就业稳定，薪资水平偏低，无法远程办公,"Bangladesh Community/Street Office Official: stable employment, relatively low pay, no remote work possible",AI综合评估 + O*NET/ILO/OECD锚点校准
GOV-0204-AE-general,公共管理与公务员,GOV,地方公务员,社区干部/街道办事员,Community/Street Office Official,3354,,中亚/西亚,阿联酋,AE,country,general,大专/本科,22-30,country_specific,3.6,4.0,3.5,8.7,5.1,6.1,2.8,1.6,5.1,5.4,9.0,8.7,6.8,5.2,5.2,4.5,3.6,2.1,6.2,4.7,2.2,3.4,5.8,5.7,1.6,5.2,6.8,8.4,2.4,5.1,1.2,0.8,1.7,7.5,0,0,→,2032-2038,5.11,阿联酋社区干部/街道办事员：就业极其稳定,United Arab Emirates Community/Street Office Official: extremely stable employment,AI综合评估 + O*NET/ILO/OECD锚点校准
GOV-0204-IL-general,公共管理与公务员,GOV,地方公务员,社区干部/街道办事员,Community/Street Office Official,3354,,中亚/西亚,以色列,IL,country,general,大专/本科,22-30,country_specific,3.5,4.2,2.8,8.1,5.3,6.2,3.2,1.7,4.2,4.9,8.2,8.6,6.8,5.5,5.3,4.8,3.6,2.5,6.1,5.1,1.7,3.1,5.9,5.7,1.4,6.0,6.7,8.4,2.4,5.2,1.6,0.8,1.7,7.5,0,0,→,2032-2038,4.98,以色列社区干部/街道办事员：就业稳定，无法远程办公,"Israel Community/Street Office Official: stable employment, no remote work possible",AI综合评估 + O*NET/ILO/OECD锚点校准
GOV-0204-SA-general,公共管理与公务员,GOV,地方公务员,社区干部/街道办事员,Community/Street Office Official,3354,,中亚/西亚,沙特阿拉伯,SA,country,general,大专/本科,22-30,country_specific,3.4,4.1,3.4,8.2,5.5,6.9,2.4,2.1,4.5,5.1,8.7,8.6,6.5,4.8,5.3,4.6,3.7,2.6,6.2,5.0,1.9,3.0,5.7,5.3,1.4,4.6,7.1,8.5,2.6,4.9,1.3,1.2,1.3,7.4,0,1,→,2032-2038,5.0,沙特阿拉伯社区干部/街道办事员：就业极其稳定，无法远程办公,"Saudi Arabia Community/Street Office Official: extremely stable employment, no remote work possible",AI综合评估 + O*NET/ILO/OECD锚点校准
GOV-0204-TR-general,公共管理与公务员,GOV,地方公务员,社区干部/街道办事员,Community/Street Office Official,3354,,中亚/西亚,土耳其,TR,country,general,大专/本科,22-30,country_specific,3.3,4.4,3.3,8.1,5.5,6.7,2.8,2.1,3.1,4.2,7.7,8.5,7.0,5.0,5.0,4.6,3.4,2.8,5.9,5.1,1.9,2.9,5.5,5.3,1.2,5.3,6.8,8.5,2.2,5.6,1.6,0.9,1.4,7.6,0,0,→,2028-2033,4.79,土耳其社区干部/街道办事员：就业稳定，薪资水平偏低，无法远程办公,"Turkey Community/Street Office Official: stable employment, relatively low pay, no remote work possible",AI综合评估 + O*NET/ILO/OECD锚点校准
GOV-0204-GB-general,公共管理与公务员,GOV,地方公务员,社区干部/街道办事员,Community/Street Office Official,3354,,西欧,英国,GB,country,general,大专/本科,22-30,country_specific,3.5,4.1,2.7,8.1,5.0,5.6,3.2,2.1,3.8,5.2,8.9,8.5,7.2,6.0,5.9,4.7,3.9,2.3,6.2,5.4,2.1,3.2,6.6,5.7,1.6,6.7,7.3,8.4,2.8,5.6,1.6,1.3,2.0,7.6,0,0,→,2032-2038,5.13,英国社区干部/街道办事员：就业极其稳定，薪资水平偏低,"United Kingdom Community/Street Office Official: extremely stable employment, relatively low pay",AI综合评估 + O*NET/ILO/OECD锚点校准
GOV-0204-FR-general,公共管理与公务员,GOV,地方公务员,社区干部/街道办事员,Community/Street Office Official,3354,,西欧,法国,FR,country,general,大专/本科,22-30,country_specific,3.7,4.4,3.7,8.2,5.9,7.2,3.2,2.4,3.9,5.2,8.7,8.7,7.4,6.1,6.0,4.9,3.4,2.1,6.0,5.6,2.2,3.2,6.5,5.9,1.5,6.2,7.2,8.7,2.6,5.7,1.3,0.9,1.9,7.4,0,1,→,2032-2038,5.24,法国社区干部/街道办事员：就业极其稳定，薪资水平偏低,"France Community/Street Office Official: extremely stable employment, relatively low pay",AI综合评估 + O*NET/ILO/OECD锚点校准
GOV-0204-DE-general,公共管理与公务员,GOV,地方公务员,社区干部/街道办事员,Community/Street Office Official,3354,,西欧,德国,DE,country,general,大专/本科,22-30,country_specific,3.7,4.5,3.3,8.6,5.0,5.9,3.1,2.2,4.2,5.0,9.4,8.8,7.5,6.4,6.2,4.4,4.0,2.1,6.3,5.2,2.4,3.6,6.6,5.5,1.6,6.0,7.3,8.2,2.4,6.0,1.2,1.3,1.8,7.4,0,0,→,2032-2038,5.23,德国社区干部/街道办事员：就业极其稳定,Germany Community/Street Office Official: extremely stable employment,AI综合评估 + O*NET/ILO/OECD锚点校准
GOV-0204-NL-general,公共管理与公务员,GOV,地方公务员,社区干部/街道办事员,Community/Street Office Official,3354,,西欧,荷兰,NL,country,general,大专/本科,22-30,country_specific,3.6,4.1,3.3,8.4,5.0,5.8,3.1,2.1,4.5,5.4,9.1,8.7,7.5,6.5,6.4,4.9,3.7,2.3,6.3,4.9,2.5,3.8,7.1,5.7,1.5,7.0,7.7,8.5,2.8,5.4,1.2,1.2,1.8,7.6,0,0,→,2032-2038,5.31,荷兰社区干部/街道办事员：就业极其稳定,Netherlands Community/Street Office Official: extremely stable employment,AI综合评估 + O*NET/ILO/OECD锚点校准
GOV-0204-CH-general,公共管理与公务员,GOV,地方公务员,社区干部/街道办事员,Community/Street Office Official,3354,,西欧,瑞士,CH,country,general,大专/本科,22-30,country_specific,3.6,3.9,3.2,8.8,4.6,5.5,2.8,2.2,5.0,5.6,9.9,8.9,7.5,6.4,5.9,4.7,3.5,2.1,6.5,5.5,2.5,3.4,6.9,5.9,1.5,6.3,7.3,8.6,2.7,5.2,1.0,0.9,1.5,7.1,0,-1,→,2032-2038,5.35,瑞士社区干部/街道办事员：就业极其稳定,Switzerland Community/Street Office Official: extremely stable employment,AI综合评估 + O*NET/ILO/OECD锚点校准
GOV-0204-SE-general,公共管理与公务员,GOV,地方公务员,社区干部/街道办事员,Community/Street Office Official,3354,,北欧,瑞典,SE,country,general,大专/本科,22-30,country_specific,4.0,3.8,3.1,8.4,5.5,6.3,2.8,2.0,4.3,5.1,9.3,8.8,7.5,6.6,6.3,4.7,3.9,1.9,6.2,5.0,2.1,3.7,6.9,6.0,1.6,7.1,7.4,8.3,2.6,5.3,1.5,1.1,1.8,7.9,0,0,→,2032-2038,5.29,瑞典社区干部/街道办事员：就业极其稳定,Sweden Community/Street Office Official: extremely stable employment,AI综合评估 + O*NET/ILO/OECD锚点校准
GOV-0204-DK-general,公共管理与公务员,GOV,地方公务员,社区干部/街道办事员,Community/Street Office Official,3354,,北欧,丹麦,DK,country,general,大专/本科,22-30,country_specific,3.6,3.9,3.2,8.7,5.5,6.4,2.7,1.7,4.6,5.3,9.7,8.6,7.6,6.4,6.2,4.8,3.9,1.9,6.2,5.2,2.2,3.6,7.1,5.8,1.8,6.9,7.4,8.3,2.4,5.4,1.2,1.2,1.9,7.8,0,0,→,2032-2038,5.34,丹麦社区干部/街道办事员：就业极其稳定,Denmark Community/Street Office Official: extremely stable employment,AI综合评估 + O*NET/ILO/OECD锚点校准
GOV-0204-FI-general,公共管理与公务员,GOV,地方公务员,社区干部/街道办事员,Community/Street Office Official,3354,,北欧,芬兰,FI,country,general,大专/本科,22-30,country_specific,3.9,4.3,3.5,8.4,5.1,6.3,2.8,2.0,4.2,5.0,9.6,8.8,7.5,6.9,6.2,4.6,3.7,1.9,6.4,5.2,2.4,3.4,7.2,5.8,1.5,7.2,7.5,8.4,2.5,5.1,1.2,1.4,1.6,7.6,0,0,→,2032-2038,5.32,芬兰社区干部/街道办事员：就业极其稳定,Finland Community/Street Office Official: extremely stable employment,AI综合评估 + O*NET/ILO/OECD锚点校准
GOV-0204-IT-general,公共管理与公务员,GOV,地方公务员,社区干部/街道办事员,Community/Street Office Official,3354,,南欧,意大利,IT,country,general,大专/本科,22-30,country_specific,3.7,4.0,3.4,8.5,5.0,6.7,3.2,2.1,3.9,4.8,8.6,8.6,7.2,5.5,5.6,4.6,3.7,2.7,6.0,5.0,2.0,3.4,6.1,5.2,1.6,5.4,7.1,8.3,2.5,5.8,1.3,1.0,1.9,7.7,0,0,→,2032-2038,5.02,意大利社区干部/街道办事员：就业极其稳定，薪资水平偏低，无法远程办公,"Italy Community/Street Office Official: extremely stable employment, relatively low pay, no remote work possible",AI综合评估 + O*NET/ILO/OECD锚点校准
GOV-0204-ES-general,公共管理与公务员,GOV,地方公务员,社区干部/街道办事员,Community/Street Office Official,3354,,南欧,西班牙,ES,country,general,大专/本科,22-30,country_specific,3.4,4.3,2.9,8.5,4.9,6.0,3.3,2.0,3.6,4.5,8.4,8.5,7.5,5.7,5.8,4.8,3.6,2.5,6.3,5.2,1.9,3.0,6.3,5.8,1.7,5.8,7.1,8.5,2.2,5.6,1.5,1.2,1.4,7.5,0,0,→,2032-2038,5.03,西班牙社区干部/街道办事员：就业稳定，薪资水平偏低，无法远程办公,"Spain Community/Street Office Official: stable employment, relatively low pay, no remote work possible",AI综合评估 + O*NET/ILO/OECD锚点校准
GOV-0204-PT-general,公共管理与公务员,GOV,地方公务员,社区干部/街道办事员,Community/Street Office Official,3354,,南欧,葡萄牙,PT,country,general,大专/本科,22-30,country_specific,3.6,4.1,3.0,8.5,5.0,6.1,3.1,2.0,3.3,4.7,8.3,8.7,7.3,5.9,5.9,4.3,3.8,2.3,6.2,5.0,1.9,3.1,6.2,5.8,1.5,6.5,7.1,8.6,2.8,5.5,1.4,1.4,1.5,7.2,0,0,→,2032-2038,5.04,葡萄牙社区干部/街道办事员：就业稳定，薪资水平偏低，无法远程办公,"Portugal Community/Street Office Official: stable employment, relatively low pay, no remote work possible",AI综合评估 + O*NET/ILO/OECD锚点校准
GOV-0204-PL-general,公共管理与公务员,GOV,地方公务员,社区干部/街道办事员,Community/Street Office Official,3354,,东欧,波兰,PL,country,general,大专/本科,22-30,country_specific,3.8,4.0,2.8,7.9,5.1,5.8,3.1,1.7,3.2,4.6,8.2,8.6,7.2,5.7,5.8,4.5,3.5,2.2,6.1,4.8,2.0,3.4,6.7,5.6,1.4,5.7,7.4,8.4,2.2,5.7,1.5,1.2,1.7,7.2,0,0,→,2032-2038,4.97,波兰社区干部/街道办事员：就业稳定，薪资水平偏低，无法远程办公,"Poland Community/Street Office Official: stable employment, relatively low pay, no remote work possible",AI综合评估 + O*NET/ILO/OECD锚点校准
GOV-0204-CZ-general,公共管理与公务员,GOV,地方公务员,社区干部/街道办事员,Community/Street Office Official,3354,,东欧,捷克,CZ,country,general,大专/本科,22-30,country_specific,3.4,3.7,2.8,8.1,5.2,5.7,2.6,2.2,3.7,4.8,8.8,8.7,7.4,6.3,6.0,4.7,3.9,2.6,6.2,4.8,1.9,3.1,6.6,5.4,1.6,6.0,7.3,8.3,2.5,5.2,1.4,1.0,1.6,7.6,0,0,→,2032-2038,5.06,捷克社区干部/街道办事员：就业极其稳定，薪资水平偏低，无法远程办公,"Czech Republic Community/Street Office Official: extremely stable employment, relatively low pay, no remote work possible",AI综合评估 + O*NET/ILO/OECD锚点校准
GOV-0204-RU-general,公共管理与公务员,GOV,地方公务员,社区干部/街道办事员,Community/Street Office Official,3354,,东欧,俄罗斯,RU,country,general,大专/本科,22-30,country_specific,3.7,4.1,3.5,8.1,5.3,7.2,2.8,2.2,2.9,4.0,8.1,8.6,6.7,5.2,5.4,4.9,3.5,2.5,6.2,4.9,1.9,2.7,5.9,5.4,1.6,5.6,7.1,8.4,2.5,5.2,1.5,0.7,1.1,7.4,0,1,→,2032-2038,4.88,俄罗斯社区干部/街道办事员：就业稳定，薪资水平偏低，无法远程办公,"Russia Community/Street Office Official: stable employment, relatively low pay, no remote work possible",AI综合评估 + O*NET/ILO/OECD锚点校准
GOV-0204-US-general,公共管理与公务员,GOV,地方公务员,社区干部/街道办事员,Community/Street Office Official,3354,,北美,美国,US,country,general,大专/本科,22-30,country_specific,3.7,4.5,3.0,8.1,4.7,5.5,3.2,2.0,4.2,4.7,8.6,8.6,6.8,5.7,5.6,4.5,3.3,2.4,6.4,4.9,1.8,3.2,5.7,5.7,1.5,6.4,7.2,8.2,2.7,5.3,1.6,0.8,1.7,7.3,0,0,→,2032-2038,4.99,美国社区干部/街道办事员：就业极其稳定，无法远程办公,"United States Community/Street Office Official: extremely stable employment, no remote work possible",AI综合评估 + O*NET/ILO/OECD锚点校准
GOV-0204-CA-general,公共管理与公务员,GOV,地方公务员,社区干部/街道办事员,Community/Street Office Official,3354,,北美,加拿大,CA,country,general,大专/本科,22-30,country_specific,3.8,4.2,3.2,8.4,4.8,5.6,3.1,1.7,4.3,4.9,9.0,8.8,7.0,6.2,5.7,4.9,3.6,2.4,6.0,5.5,2.1,3.3,6.7,5.6,1.6,6.5,7.2,8.8,2.2,5.1,1.4,1.4,2.1,7.7,0,0,→,2032-2038,5.15,加拿大社区干部/街道办事员：就业极其稳定,Canada Community/Street Office Official: extremely stable employment,AI综合评估 + O*NET/ILO/OECD锚点校准
GOV-0204-MX-general,公共管理与公务员,GOV,地方公务员,社区干部/街道办事员,Community/Street Office Official,3354,,北美,墨西哥,MX,country,general,大专/本科,22-30,country_specific,3.5,4.1,2.8,7.9,5.3,6.1,2.8,2.1,2.6,3.8,7.2,8.4,6.8,5.1,5.2,4.2,3.4,2.9,5.7,4.4,2.0,2.6,5.8,5.4,1.2,5.3,6.8,8.7,2.6,5.0,1.8,0.9,1.7,7.4,0,0,→,2028-2033,4.67,墨西哥社区干部/街道办事员：薪资水平偏低，无法远程办公,"Mexico Community/Street Office Official: relatively low pay, no remote work possible",AI综合评估 + O*NET/ILO/OECD锚点校准
GOV-0204-BR-general,公共管理与公务员,GOV,地方公务员,社区干部/街道办事员,Community/Street Office Official,3354,,南美,巴西,BR,country,general,大专/本科,22-30,country_specific,3.3,3.9,3.1,7.9,5.2,6.5,3.3,1.9,3.9,4.8,7.9,8.4,6.9,5.2,5.3,4.4,3.3,2.5,5.8,5.6,1.8,3.0,6.0,5.3,1.6,5.3,6.8,8.3,2.5,6.0,1.7,1.0,1.3,7.5,0,1,→,2028-2033,4.9,巴西社区干部/街道办事员：就业稳定，薪资水平偏低，无法远程办公,"Brazil Community/Street Office Official: stable employment, relatively low pay, no remote work possible",AI综合评估 + O*NET/ILO/OECD锚点校准
GOV-0204-AR-general,公共管理与公务员,GOV,地方公务员,社区干部/街道办事员,Community/Street Office Official,3354,,南美,阿根廷,AR,country,general,大专/本科,22-30,country_specific,3.3,4.0,3.1,7.4,5.2,6.5,2.4,1.8,3.2,4.1,7.0,8.4,6.9,5.3,5.3,4.5,3.5,2.6,5.7,4.7,1.9,2.7,5.6,5.2,1.1,5.7,6.8,8.3,2.4,5.5,1.4,1.0,1.2,7.4,-1,1,→,2028-2033,4.71,阿根廷社区干部/街道办事员：薪资水平偏低，无法远程办公,"Argentina Community/Street Office Official: relatively low pay, no remote work possible",AI综合评估 + O*NET/ILO/OECD锚点校准
GOV-0204-CL-general,公共管理与公务员,GOV,地方公务员,社区干部/街道办事员,Community/Street Office Official,3354,,南美,智利,CL,country,general,大专/本科,22-30,country_specific,3.3,4.1,3.1,8.2,4.6,5.8,2.8,2.0,3.5,4.9,8.0,8.6,7.1,5.6,5.4,4.5,3.5,2.5,5.7,4.7,2.0,3.3,6.1,5.9,1.9,5.4,7.2,8.4,2.4,5.3,1.7,1.2,1.6,7.6,0,0,→,2028-2033,4.92,智利社区干部/街道办事员：就业稳定，薪资水平偏低，无法远程办公,"Chile Community/Street Office Official: stable employment, relatively low pay, no remote work possible",AI综合评估 + O*NET/ILO/OECD锚点校准
GOV-0204-CO-general,公共管理与公务员,GOV,地方公务员,社区干部/街道办事员,Community/Street Office Official,3354,,南美,哥伦比亚,CO,country,general,大专/本科,22-30,country_specific,3.7,4.0,3.3,7.5,5.1,6.3,2.6,1.8,2.6,4.0,7.5,8.4,7.0,5.2,5.2,4.7,3.2,2.5,6.0,4.7,1.9,2.7,5.9,5.2,1.5,5.0,7.2,8.4,2.8,5.1,1.7,1.0,1.6,7.7,0,0,→,2032-2038,4.73,哥伦比亚社区干部/街道办事员：就业稳定，薪资水平偏低，无法远程办公,"Colombia Community/Street Office Official: stable employment, relatively low pay, no remote work possible",AI综合评估 + O*NET/ILO/OECD锚点校准
GOV-0204-AU-general,公共管理与公务员,GOV,地方公务员,社区干部/街道办事员,Community/Street Office Official,3354,,大洋洲,澳大利亚,AU,country,general,大专/本科,22-30,country_specific,3.6,4.1,2.8,8.7,5.0,6.1,3.0,1.8,4.3,5.2,9.0,8.7,7.6,6.0,6.1,4.8,3.8,2.2,6.0,5.3,2.4,3.7,7.1,5.7,1.4,6.7,7.1,8.2,2.7,5.4,1.2,1.4,1.5,7.4,0,0,→,2032-2038,5.21,澳大利亚社区干部/街道办事员：就业极其稳定,Australia Community/Street Office Official: extremely stable employment,AI综合评估 + O*NET/ILO/OECD锚点校准
GOV-0204-NZ-general,公共管理与公务员,GOV,地方公务员,社区干部/街道办事员,Community/Street Office Official,3354,,大洋洲,新西兰,NZ,country,general,大专/本科,22-30,country_specific,3.4,4.2,3.1,8.2,4.8,5.6,3.2,2.0,4.1,5.1,9.4,8.7,7.7,6.5,5.9,4.5,3.6,1.9,6.3,5.2,2.5,3.6,6.8,6.1,1.6,6.8,7.2,8.7,2.6,5.6,1.2,1.3,1.6,7.5,0,0,→,2032-2038,5.26,新西兰社区干部/街道办事员：就业极其稳定,New Zealand Community/Street Office Official: extremely stable employment,AI综合评估 + O*NET/ILO/OECD锚点校准
GOV-0204-ZA-general,公共管理与公务员,GOV,地方公务员,社区干部/街道办事员,Community/Street Office Official,3354,,非洲,南非,ZA,country,general,大专/本科,22-30,country_specific,3.6,3.6,3.1,8.0,5.2,6.1,2.9,1.8,3.6,4.6,7.4,8.4,6.9,5.0,5.6,4.3,3.5,2.5,6.1,5.0,2.0,2.8,5.9,5.4,1.1,5.5,6.9,8.7,2.4,5.2,1.8,1.1,1.6,7.2,0,0,→,2032-2038,4.87,南非社区干部/街道办事员：薪资水平偏低，无法远程办公,"South Africa Community/Street Office Official: relatively low pay, no remote work possible",AI综合评估 + O*NET/ILO/OECD锚点校准
GOV-0204-NG-general,公共管理与公务员,GOV,地方公务员,社区干部/街道办事员,Community/Street Office Official,3354,,非洲,尼日利亚,NG,country,general,大专/本科,22-30,country_specific,3.3,3.9,2.9,7.3,5.3,6.5,2.6,1.5,2.7,3.6,6.7,8.4,6.8,4.8,5.3,4.5,3.0,2.8,5.8,4.1,1.9,2.8,5.4,5.4,1.4,4.7,6.8,8.7,2.4,5.1,1.4,0.8,1.3,7.5,-1,0,→,2028-2033,4.59,尼日利亚社区干部/街道办事员：薪资水平偏低，无法远程办公,"Nigeria Community/Street Office Official: relatively low pay, no remote work possible",AI综合评估 + O*NET/ILO/OECD锚点校准
GOV-0204-KE-general,公共管理与公务员,GOV,地方公务员,社区干部/街道办事员,Community/Street Office Official,3354,,非洲,肯尼亚,KE,country,general,大专/本科,22-30,country_specific,3.6,4.0,2.8,7.8,5.0,6.2,2.7,2.0,3.1,4.3,7.4,8.4,7.0,4.9,5.1,4.3,3.5,2.9,6.1,4.4,1.8,2.8,5.5,5.5,1.4,5.3,6.7,8.5,2.4,4.9,1.9,0.6,1.7,7.6,-1,0,→,2032-2038,4.71,肯尼亚社区干部/街道办事员：薪资水平偏低，无法远程办公,"Kenya Community/Street Office Official: relatively low pay, no remote work possible",AI综合评估 + O*NET/ILO/OECD锚点校准
GOV-0204-EG-general,公共管理与公务员,GOV,地方公务员,社区干部/街道办事员,Community/Street Office Official,3354,,非洲,埃及,EG,country,general,大专/本科,22-30,country_specific,3.3,3.8,3.4,8.1,5.5,6.7,2.7,1.8,2.6,4.2,7.7,8.6,6.5,5.4,5.2,4.2,3.4,2.6,6.2,4.9,2.1,2.8,5.8,5.2,1.6,4.7,6.7,8.5,2.8,5.4,1.6,0.7,1.1,7.6,0,1,→,2032-2038,4.78,埃及社区干部/街道办事员：就业稳定，薪资水平偏低,"Egypt Community/Street Office Official: stable employment, relatively low pay",AI综合评估 + O*NET/ILO/OECD锚点校准
GOV-0205-CN-general,公共管理与公务员,GOV,地方公务员,镇长/区长,Mayor / District Governor,1112,11-1031.00,东亚,中国,CN,country,general,硕士/博士,35-50,global,6.8,7.7,5.7,7.3,2.9,3.3,3.3,3.3,7.5,5.2,7.1,7.7,5.8,3.2,3.2,6.8,5.5,4.0,8.1,9.8,1.5,7.5,2.8,7.8,2.2,4.3,4.6,9.6,2.2,9.5,2.7,0.7,3.2,9.0,0,1,→,2035+,5.01,中国镇长/区长：薪资回报高，准入门槛高，AI替代抗性强,"China Mayor / District Governor: high compensation, high entry barrier, strong AI resistance",AI综合评估 + O*NET/ILO/OECD锚点校准
GOV-0205-JP-general,公共管理与公务员,GOV,地方公务员,镇长/区长,Mayor / District Governor,1112,11-1031.00,东亚,日本,JP,country,general,硕士/博士,35-50,global,7.5,7.7,6.1,7.6,1.9,2.2,3.4,3.3,8.2,6.0,7.4,7.6,5.8,3.7,4.2,7.2,5.8,4.0,8.0,9.8,1.2,7.8,3.2,8.3,2.1,4.5,5.2,9.5,2.1,9.3,3.0,0.8,3.6,9.1,0,0,→,2035+,5.15,日本镇长/区长：薪资回报高，准入门槛高，AI替代抗性强,"Japan Mayor / District Governor: high compensation, high entry barrier, strong AI resistance",AI综合评估 + O*NET/ILO/OECD锚点校准
GOV-0205-KR-general,公共管理与公务员,GOV,地方公务员,镇长/区长,Mayor / District Governor,1112,11-1031.00,东亚,韩国,KR,country,general,硕士/博士,35-50,global,7.3,7.9,5.7,7.5,2.3,1.9,3.7,3.6,8.2,5.4,6.8,7.5,5.6,3.5,3.7,7.1,5.9,4.0,8.0,9.7,1.6,7.6,3.0,8.0,2.3,3.9,4.9,9.5,2.0,9.6,2.8,0.6,3.1,8.7,0,0,→,2035+,5.05,韩国镇长/区长：薪资回报高，准入门槛高，AI替代抗性强,"South Korea Mayor / District Governor: high compensation, high entry barrier, strong AI resistance",AI综合评估 + O*NET/ILO/OECD锚点校准
GOV-0205-TW-general,公共管理与公务员,GOV,地方公务员,镇长/区长,Mayor / District Governor,1112,11-1031.00,东亚,中国台湾地区,TW,region,general,硕士/博士,35-50,global,7.2,7.9,5.7,7.5,2.0,2.0,3.4,3.6,7.8,5.1,6.6,7.6,6.1,3.8,4.0,7.2,5.8,4.0,8.0,9.7,1.4,7.6,3.1,8.5,1.9,4.5,4.9,9.7,1.8,9.3,2.8,0.4,3.3,9.0,0,0,→,2035+,5.05,中国台湾地区镇长/区长：薪资回报高，准入门槛高，AI替代抗性强,"Taiwan (China) Mayor / District Governor: high compensation, high entry barrier, strong AI resistance",AI综合评估 + O*NET/ILO/OECD锚点校准
GOV-0205-HK-general,公共管理与公务员,GOV,地方公务员,镇长/区长,Mayor / District Governor,1112,11-1031.00,东亚,中国香港地区,HK,region,general,硕士/博士,35-50,global,7.3,7.6,5.5,7.3,1.7,1.6,3.2,3.0,8.5,5.5,6.8,7.5,5.7,3.4,3.6,7.1,5.6,3.7,8.3,9.4,1.7,7.5,3.1,8.5,2.3,4.6,4.8,9.4,1.8,8.8,2.6,0.4,3.9,8.9,0,0,→,2035+,5.08,中国香港地区镇长/区长：薪资回报高，准入门槛高，AI替代抗性强,"Hong Kong (China) Mayor / District Governor: high compensation, high entry barrier, strong AI resistance",AI综合评估 + O*NET/ILO/OECD锚点校准
GOV-0205-SG-general,公共管理与公务员,GOV,地方公务员,镇长/区长,Mayor / District Governor,1112,11-1031.00,东南亚,新加坡,SG,country,general,硕士/博士,35-50,global,7.0,7.6,5.5,7.7,1.6,1.2,3.2,3.3,9.1,6.1,7.7,7.8,6.1,3.5,4.1,6.9,5.9,3.7,7.8,9.4,1.2,7.8,3.5,8.2,2.4,5.1,5.1,9.3,1.7,9.5,2.9,0.7,3.9,9.0,0,-1,→,2035+,5.19,新加坡镇长/区长：就业稳定，薪资回报高，准入门槛高,"Singapore Mayor / District Governor: stable employment, high compensation, high entry barrier",AI综合评估 + O*NET/ILO/OECD锚点校准
GOV-0205-TH-general,公共管理与公务员,GOV,地方公务员,镇长/区长,Mayor / District Governor,1112,11-1031.00,东南亚,泰国,TH,country,general,硕士/博士,35-50,global,6.9,7.3,5.8,6.7,2.6,2.5,2.7,2.8,7.0,4.7,5.7,7.6,6.3,4.2,3.8,7.3,5.4,4.1,7.7,8.8,1.5,7.3,3.7,8.1,2.0,4.8,5.0,9.2,1.9,9.1,2.7,0.4,3.5,9.1,0,0,→,2035+,4.89,泰国镇长/区长：准入门槛高，AI替代抗性强，职业成就感高,"Thailand Mayor / District Governor: high entry barrier, strong AI resistance, high job fulfillment",AI综合评估 + O*NET/ILO/OECD锚点校准
GOV-0205-VN-general,公共管理与公务员,GOV,地方公务员,镇长/区长,Mayor / District Governor,1112,11-1031.00,东南亚,越南,VN,country,general,硕士/博士,35-50,global,7.1,7.3,5.9,7.0,2.7,2.7,2.9,3.2,6.8,4.6,6.2,7.7,5.8,3.6,3.8,6.7,5.4,4.3,7.8,8.7,1.3,7.0,3.5,7.9,1.7,4.6,5.0,9.5,1.7,9.4,2.9,0.3,3.4,9.0,0,1,→,2035+,4.84,越南镇长/区长：准入门槛高，AI替代抗性强，无法远程办公,"Vietnam Mayor / District Governor: high entry barrier, strong AI resistance, no remote work possible",AI综合评估 + O*NET/ILO/OECD锚点校准
GOV-0205-ID-general,公共管理与公务员,GOV,地方公务员,镇长/区长,Mayor / District Governor,1112,11-1031.00,东南亚,印度尼西亚,ID,country,general,硕士/博士,35-50,global,7.0,7.2,5.9,6.9,2.2,2.3,3.0,3.0,6.6,5.0,5.6,7.4,6.1,4.0,4.1,6.7,5.6,4.3,8.0,8.8,1.2,7.1,3.5,7.9,1.8,4.5,5.1,9.3,1.9,8.8,3.0,0.7,3.2,8.9,0,0,→,2035+,4.85,印度尼西亚镇长/区长：准入门槛高，AI替代抗性强，无法远程办公,"Indonesia Mayor / District Governor: high entry barrier, strong AI resistance, no remote work possible",AI综合评估 + O*NET/ILO/OECD锚点校准
GOV-0205-MY-general,公共管理与公务员,GOV,地方公务员,镇长/区长,Mayor / District Governor,1112,11-1031.00,东南亚,马来西亚,MY,country,general,硕士/博士,35-50,global,6.9,7.2,5.8,7.1,2.0,2.4,2.8,3.1,7.7,5.3,6.4,7.5,6.1,3.5,3.7,6.8,5.4,4.0,8.0,9.2,1.6,7.7,3.1,7.9,1.8,4.6,5.1,9.5,1.8,8.7,2.7,0.6,3.8,8.9,0,0,→,2035+,4.99,马来西亚镇长/区长：薪资回报高，准入门槛高，AI替代抗性强,"Malaysia Mayor / District Governor: high compensation, high entry barrier, strong AI resistance",AI综合评估 + O*NET/ILO/OECD锚点校准
GOV-0205-PH-general,公共管理与公务员,GOV,地方公务员,镇长/区长,Mayor / District Governor,1112,11-1031.00,东南亚,菲律宾,PH,country,general,硕士/博士,35-50,global,7.2,7.6,5.7,6.7,2.1,2.3,2.8,3.0,6.8,4.4,5.7,7.5,5.8,4.1,3.9,6.9,5.4,4.0,8.2,8.8,1.4,7.1,3.4,7.7,1.7,5.0,5.0,9.4,2.0,8.6,3.0,0.6,3.4,9.1,0,0,→,2035+,4.83,菲律宾镇长/区长：准入门槛高，AI替代抗性强，无法远程办公,"Philippines Mayor / District Governor: high entry barrier, strong AI resistance, no remote work possible",AI综合评估 + O*NET/ILO/OECD锚点校准
GOV-0205-IN-general,公共管理与公务员,GOV,地方公务员,镇长/区长,Mayor / District Governor,1112,11-1031.00,南亚,印度,IN,country,general,硕士/博士,35-50,global,6.9,8.0,6.0,7.2,2.6,2.5,3.7,3.3,7.7,5.2,6.5,7.5,6.0,3.8,4.1,6.8,5.3,4.1,8.1,9.9,1.1,7.5,3.1,7.9,2.0,4.3,4.8,9.7,2.2,9.6,3.2,0.2,3.4,9.2,0,1,→,2035+,5.0,印度镇长/区长：薪资回报高，准入门槛高，AI替代抗性强,"India Mayor / District Governor: high compensation, high entry barrier, strong AI resistance",AI综合评估 + O*NET/ILO/OECD锚点校准
GOV-0205-PK-general,公共管理与公务员,GOV,地方公务员,镇长/区长,Mayor / District Governor,1112,11-1031.00,南亚,巴基斯坦,PK,country,general,硕士/博士,35-50,global,6.7,7.1,5.6,6.8,2.2,2.5,2.8,3.0,6.9,4.2,5.7,7.4,5.6,3.1,3.6,6.7,5.2,4.4,8.1,8.6,1.1,7.2,2.9,7.6,1.6,3.4,4.8,9.3,1.7,9.3,3.1,0.3,3.1,9.4,0,0,→,2035+,4.67,巴基斯坦镇长/区长：准入门槛高，AI替代抗性强，无法远程办公,"Pakistan Mayor / District Governor: high entry barrier, strong AI resistance, no remote work possible",AI综合评估 + O*NET/ILO/OECD锚点校准
GOV-0205-BD-general,公共管理与公务员,GOV,地方公务员,镇长/区长,Mayor / District Governor,1112,11-1031.00,南亚,孟加拉国,BD,country,general,硕士/博士,35-50,global,6.5,7.2,5.3,7.1,2.1,2.4,3.2,3.4,6.3,4.3,5.5,7.6,5.4,3.4,3.7,6.7,5.6,4.3,8.2,8.9,1.2,7.2,3.1,7.8,1.6,3.6,4.9,9.6,2.1,9.3,3.2,0.3,3.2,9.2,0,0,→,2035+,4.74,孟加拉国镇长/区长：准入门槛高，AI替代抗性强，无法远程办公,"Bangladesh Mayor / District Governor: high entry barrier, strong AI resistance, no remote work possible",AI综合评估 + O*NET/ILO/OECD锚点校准
GOV-0205-AE-general,公共管理与公务员,GOV,地方公务员,镇长/区长,Mayor / District Governor,1112,11-1031.00,中亚/西亚,阿联酋,AE,country,general,硕士/博士,35-50,global,6.8,7.6,5.7,7.3,2.1,2.2,2.4,3.0,8.7,5.7,7.3,7.7,5.8,3.9,4.1,7.1,5.6,3.9,8.1,9.1,1.7,7.4,3.5,8.5,2.1,4.2,4.7,9.5,1.8,8.5,2.6,0.8,3.5,8.8,0,0,→,2035+,5.13,阿联酋镇长/区长：薪资回报高，准入门槛高，AI替代抗性强,"United Arab Emirates Mayor / District Governor: high compensation, high entry barrier, strong AI resistance",AI综合评估 + O*NET/ILO/OECD锚点校准
GOV-0205-IL-general,公共管理与公务员,GOV,地方公务员,镇长/区长,Mayor / District Governor,1112,11-1031.00,中亚/西亚,以色列,IL,country,general,硕士/博士,35-50,global,6.9,7.7,5.7,7.0,2.3,2.1,3.0,2.9,7.9,5.2,6.3,7.5,6.0,3.7,3.7,7.2,5.6,3.9,8.2,9.1,1.4,7.8,3.3,8.2,2.4,5.3,4.8,9.2,1.8,9.2,2.8,0.3,4.0,8.9,0,0,→,2035+,5.03,以色列镇长/区长：薪资回报高，准入门槛高，AI替代抗性强,"Israel Mayor / District Governor: high compensation, high entry barrier, strong AI resistance",AI综合评估 + O*NET/ILO/OECD锚点校准
GOV-0205-SA-general,公共管理与公务员,GOV,地方公务员,镇长/区长,Mayor / District Governor,1112,11-1031.00,中亚/西亚,沙特阿拉伯,SA,country,general,硕士/博士,35-50,global,7.0,7.4,6.0,7.5,2.3,2.7,2.5,2.9,8.2,5.5,6.4,7.6,5.8,3.4,3.7,6.9,5.8,3.9,8.3,8.8,1.6,7.3,2.8,8.0,1.8,3.7,4.7,9.3,1.9,8.6,2.6,0.5,3.6,9.1,0,1,→,2035+,5.0,沙特阿拉伯镇长/区长：薪资回报高，准入门槛高，AI替代抗性强,"Saudi Arabia Mayor / District Governor: high compensation, high entry barrier, strong AI resistance",AI综合评估 + O*NET/ILO/OECD锚点校准
GOV-0205-TR-general,公共管理与公务员,GOV,地方公务员,镇长/区长,Mayor / District Governor,1112,11-1031.00,中亚/西亚,土耳其,TR,country,general,硕士/博士,35-50,global,7.2,7.7,5.4,6.9,2.5,2.4,3.2,3.2,7.1,4.4,5.6,7.4,5.9,3.6,4.1,6.9,5.4,3.9,8.1,9.1,1.4,7.2,3.1,7.8,2.0,4.0,5.0,9.5,2.0,9.3,3.2,0.2,3.7,8.8,0,0,→,2035+,4.84,土耳其镇长/区长：准入门槛高，AI替代抗性强，无法远程办公,"Turkey Mayor / District Governor: high entry barrier, strong AI resistance, no remote work possible",AI综合评估 + O*NET/ILO/OECD锚点校准
GOV-0205-GB-general,公共管理与公务员,GOV,地方公务员,镇长/区长,Mayor / District Governor,1112,11-1031.00,西欧,英国,GB,country,general,硕士/博士,35-50,global,7.1,7.6,5.2,7.6,2.1,1.7,3.2,3.0,8.0,5.3,6.8,7.6,6.5,4.8,4.3,7.0,5.4,3.6,7.8,9.2,1.5,7.7,4.4,8.4,2.3,5.7,5.4,9.6,2.1,8.9,3.0,0.9,4.0,8.8,0,0,→,2035+,5.18,英国镇长/区长：薪资回报高，准入门槛高，AI替代抗性强,"United Kingdom Mayor / District Governor: high compensation, high entry barrier, strong AI resistance",AI综合评估 + O*NET/ILO/OECD锚点校准
GOV-0205-FR-general,公共管理与公务员,GOV,地方公务员,镇长/区长,Mayor / District Governor,1112,11-1031.00,西欧,法国,FR,country,general,硕士/博士,35-50,global,7.2,7.6,5.7,7.5,2.9,3.1,3.0,3.5,7.7,5.6,7.0,7.8,6.5,4.6,4.4,7.2,5.4,3.7,7.8,9.5,1.8,7.7,4.0,7.9,2.0,5.0,5.1,9.6,1.8,9.2,2.9,0.6,3.9,8.9,0,1,→,2035+,5.22,法国镇长/区长：薪资回报高，准入门槛高，AI替代抗性强,"France Mayor / District Governor: high compensation, high entry barrier, strong AI resistance",AI综合评估 + O*NET/ILO/OECD锚点校准
GOV-0205-DE-general,公共管理与公务员,GOV,地方公务员,镇长/区长,Mayor / District Governor,1112,11-1031.00,西欧,德国,DE,country,general,硕士/博士,35-50,global,7.2,7.6,5.9,7.4,1.7,2.0,3.0,2.9,8.0,5.9,7.2,7.6,6.5,5.2,4.5,7.0,5.6,3.8,7.9,9.2,1.8,7.7,4.2,8.4,2.3,5.4,5.4,9.7,2.2,9.1,2.6,0.6,3.9,9.0,0,0,→,2035+,5.23,德国镇长/区长：薪资回报高，准入门槛高，AI替代抗性强,"Germany Mayor / District Governor: high compensation, high entry barrier, strong AI resistance",AI综合评估 + O*NET/ILO/OECD锚点校准
GOV-0205-NL-general,公共管理与公务员,GOV,地方公务员,镇长/区长,Mayor / District Governor,1112,11-1031.00,西欧,荷兰,NL,country,general,硕士/博士,35-50,global,7.4,7.3,5.7,7.3,2.0,1.6,3.0,3.1,8.3,5.8,6.9,7.8,6.6,5.2,5.0,7.1,5.6,3.5,8.0,9.3,1.9,8.0,4.9,8.3,2.3,5.6,5.2,9.5,1.8,9.0,2.8,0.4,4.0,9.1,0,0,→,2035+,5.3,荷兰镇长/区长：薪资回报高，准入门槛高，AI替代抗性强,"Netherlands Mayor / District Governor: high compensation, high entry barrier, strong AI resistance",AI综合评估 + O*NET/ILO/OECD锚点校准
GOV-0205-CH-general,公共管理与公务员,GOV,地方公务员,镇长/区长,Mayor / District Governor,1112,11-1031.00,西欧,瑞士,CH,country,general,硕士/博士,35-50,global,7.0,7.4,5.6,7.6,1.7,1.6,3.2,3.0,8.9,6.1,7.5,7.7,6.4,4.9,4.4,7.0,5.8,3.7,7.9,9.1,1.9,8.0,4.6,8.6,2.3,5.1,5.2,9.5,1.8,8.8,2.5,0.7,3.9,9.0,0,-1,→,2035+,5.33,瑞士镇长/区长：就业稳定，薪资回报高，准入门槛高,"Switzerland Mayor / District Governor: stable employment, high compensation, high entry barrier",AI综合评估 + O*NET/ILO/OECD锚点校准
GOV-0205-SE-general,公共管理与公务员,GOV,地方公务员,镇长/区长,Mayor / District Governor,1112,11-1031.00,北欧,瑞典,SE,country,general,硕士/博士,35-50,global,7.0,7.5,6.1,7.5,2.4,2.6,2.6,2.9,8.4,5.6,7.4,7.7,6.3,5.3,4.6,7.1,5.7,3.6,8.0,9.1,1.7,7.9,4.3,8.5,2.5,6.2,5.1,9.5,2.1,9.0,2.8,0.6,3.6,9.4,0,0,→,2035+,5.31,瑞典镇长/区长：薪资回报高，准入门槛高，AI替代抗性强,"Sweden Mayor / District Governor: high compensation, high entry barrier, strong AI resistance",AI综合评估 + O*NET/ILO/OECD锚点校准
GOV-0205-DK-general,公共管理与公务员,GOV,地方公务员,镇长/区长,Mayor / District Governor,1112,11-1031.00,北欧,丹麦,DK,country,general,硕士/博士,35-50,global,7.1,7.7,5.6,7.6,2.0,2.1,2.8,2.8,8.3,5.8,7.5,7.6,6.8,5.2,4.7,7.3,5.8,3.6,8.2,8.8,1.8,8.2,4.4,8.3,2.5,6.0,5.7,9.3,2.2,9.0,2.8,0.6,3.8,9.1,0,0,→,2035+,5.31,丹麦镇长/区长：就业稳定，薪资回报高，准入门槛高,"Denmark Mayor / District Governor: stable employment, high compensation, high entry barrier",AI综合评估 + O*NET/ILO/OECD锚点校准
GOV-0205-FI-general,公共管理与公务员,GOV,地方公务员,镇长/区长,Mayor / District Governor,1112,11-1031.00,北欧,芬兰,FI,country,general,硕士/博士,35-50,global,7.4,7.4,5.6,7.8,2.3,2.2,3.0,3.1,7.8,5.4,7.3,7.7,6.4,5.1,4.8,7.1,5.6,3.7,8.4,8.8,1.9,8.1,4.8,8.6,2.3,6.0,5.7,9.4,2.0,8.7,2.6,1.0,3.4,8.8,0,0,→,2035+,5.32,芬兰镇长/区长：薪资回报高，准入门槛高，AI替代抗性强,"Finland Mayor / District Governor: high compensation, high entry barrier, strong AI resistance",AI综合评估 + O*NET/ILO/OECD锚点校准
GOV-0205-IT-general,公共管理与公务员,GOV,地方公务员,镇长/区长,Mayor / District Governor,1112,11-1031.00,南欧,意大利,IT,country,general,硕士/博士,35-50,global,7.1,7.7,5.5,7.1,2.6,2.6,3.1,3.2,7.8,5.3,6.3,7.7,6.1,4.3,3.9,7.1,5.2,3.9,8.2,9.1,1.8,7.4,3.7,8.0,2.3,4.6,4.9,9.2,1.7,9.4,2.6,0.2,3.8,9.2,0,0,→,2035+,5.05,意大利镇长/区长：薪资回报高，准入门槛高，AI替代抗性强,"Italy Mayor / District Governor: high compensation, high entry barrier, strong AI resistance",AI综合评估 + O*NET/ILO/OECD锚点校准
GOV-0205-ES-general,公共管理与公务员,GOV,地方公务员,镇长/区长,Mayor / District Governor,1112,11-1031.00,南欧,西班牙,ES,country,general,硕士/博士,35-50,global,7.2,8.0,5.6,7.4,2.2,2.3,3.6,3.4,7.9,5.1,6.8,7.5,6.2,4.4,4.1,6.9,5.4,3.9,8.1,9.7,1.7,8.0,3.9,8.2,2.3,5.1,4.8,9.5,1.9,9.7,3.0,0.7,3.8,8.8,0,0,→,2035+,5.14,西班牙镇长/区长：薪资回报高，准入门槛高，AI替代抗性强,"Spain Mayor / District Governor: high compensation, high entry barrier, strong AI resistance",AI综合评估 + O*NET/ILO/OECD锚点校准
GOV-0205-PT-general,公共管理与公务员,GOV,地方公务员,镇长/区长,Mayor / District Governor,1112,11-1031.00,南欧,葡萄牙,PT,country,general,硕士/博士,35-50,global,7.0,7.7,5.4,7.3,1.9,2.1,2.9,3.1,7.3,5.0,6.7,7.6,6.4,4.6,4.1,7.1,5.6,3.7,7.9,9.2,1.3,7.6,3.7,7.9,2.2,5.2,5.2,9.4,2.0,9.2,2.8,0.9,3.3,9.1,0,0,→,2035+,5.02,葡萄牙镇长/区长：准入门槛高，AI替代抗性强，无法远程办公,"Portugal Mayor / District Governor: high entry barrier, strong AI resistance, no remote work possible",AI综合评估 + O*NET/ILO/OECD锚点校准
GOV-0205-PL-general,公共管理与公务员,GOV,地方公务员,镇长/区长,Mayor / District Governor,1112,11-1031.00,东欧,波兰,PL,country,general,硕士/博士,35-50,global,7.1,7.6,5.3,7.1,1.8,2.0,3.0,3.1,7.6,5.2,6.5,7.4,6.5,4.1,4.3,6.9,5.7,3.7,8.1,8.9,1.3,7.7,3.7,8.3,1.9,5.1,4.9,9.4,2.2,8.7,2.8,0.7,3.5,8.9,0,0,→,2035+,5.03,波兰镇长/区长：薪资回报高，准入门槛高，AI替代抗性强,"Poland Mayor / District Governor: high compensation, high entry barrier, strong AI resistance",AI综合评估 + O*NET/ILO/OECD锚点校准
GOV-0205-CZ-general,公共管理与公务员,GOV,地方公务员,镇长/区长,Mayor / District Governor,1112,11-1031.00,东欧,捷克,CZ,country,general,硕士/博士,35-50,global,7.2,7.4,5.5,7.1,2.2,1.9,3.2,2.8,7.7,5.3,6.9,7.6,6.5,4.5,4.6,7.3,5.6,3.9,8.2,9.0,1.6,7.7,4.4,8.3,2.0,4.6,5.2,9.4,2.0,8.8,2.8,0.6,3.6,9.0,0,0,→,2035+,5.13,捷克镇长/区长：薪资回报高，准入门槛高，AI替代抗性强,"Czech Republic Mayor / District Governor: high compensation, high entry barrier, strong AI resistance",AI综合评估 + O*NET/ILO/OECD锚点校准
GOV-0205-RU-general,公共管理与公务员,GOV,地方公务员,镇长/区长,Mayor / District Governor,1112,11-1031.00,东欧,俄罗斯,RU,country,general,硕士/博士,35-50,global,7.2,7.5,5.9,7.3,2.3,2.9,2.7,2.7,7.1,5.0,5.6,7.6,6.0,3.5,4.0,7.0,5.5,4.2,7.9,8.6,1.2,7.5,3.3,7.6,1.7,4.9,4.7,9.6,1.8,8.7,3.3,0.3,3.1,9.2,0,1,→,2035+,4.83,俄罗斯镇长/区长：准入门槛高，AI替代抗性强，无法远程办公,"Russia Mayor / District Governor: high entry barrier, strong AI resistance, no remote work possible",AI综合评估 + O*NET/ILO/OECD锚点校准
GOV-0205-US-general,公共管理与公务员,GOV,地方公务员,镇长/区长,Mayor / District Governor,1112,11-1031.00,北美,美国,US,country,general,硕士/博士,35-50,global,7.1,7.6,5.4,7.2,1.5,1.8,3.2,3.0,8.3,5.5,6.7,7.5,6.2,3.8,3.9,7.1,5.4,3.8,8.4,9.3,1.3,7.7,3.6,8.5,2.2,5.3,5.3,9.8,1.8,9.2,2.7,0.7,3.6,9.1,0,0,→,2035+,5.1,美国镇长/区长：薪资回报高，准入门槛高，AI替代抗性强,"United States Mayor / District Governor: high compensation, high entry barrier, strong AI resistance",AI综合评估 + O*NET/ILO/OECD锚点校准
GOV-0205-CA-general,公共管理与公务员,GOV,地方公务员,镇长/区长,Mayor / District Governor,1112,11-1031.00,北美,加拿大,CA,country,general,硕士/博士,35-50,global,7.2,7.5,5.8,7.3,1.8,1.8,2.8,2.8,8.2,5.6,6.8,7.7,6.6,4.9,4.4,7.2,5.7,3.9,8.0,9.0,2.0,7.7,4.0,8.5,2.0,5.6,5.1,9.7,2.0,9.1,2.7,0.7,3.7,9.1,0,0,→,2035+,5.18,加拿大镇长/区长：薪资回报高，准入门槛高，AI替代抗性强,"Canada Mayor / District Governor: high compensation, high entry barrier, strong AI resistance",AI综合评估 + O*NET/ILO/OECD锚点校准
GOV-0205-MX-general,公共管理与公务员,GOV,地方公务员,镇长/区长,Mayor / District Governor,1112,11-1031.00,北美,墨西哥,MX,country,general,硕士/博士,35-50,global,7.0,7.4,5.2,6.9,2.3,2.0,2.6,2.9,6.9,4.6,5.5,7.4,5.9,3.9,4.1,7.2,5.2,4.2,8.3,8.6,1.1,7.2,3.2,7.8,1.8,4.5,4.6,9.3,2.0,8.5,3.1,0.5,3.2,9.1,0,0,→,2035+,4.77,墨西哥镇长/区长：准入门槛高，AI替代抗性强，无法远程办公,"Mexico Mayor / District Governor: high entry barrier, strong AI resistance, no remote work possible",AI综合评估 + O*NET/ILO/OECD锚点校准
GOV-0205-BR-general,公共管理与公务员,GOV,地方公务员,镇长/区长,Mayor / District Governor,1112,11-1031.00,南美,巴西,BR,country,general,硕士/博士,35-50,global,7.2,7.7,5.6,7.0,2.7,2.7,3.5,2.9,7.7,5.1,5.7,7.5,5.9,4.2,3.8,7.1,5.4,4.3,7.8,9.3,1.4,7.1,3.6,8.1,1.8,4.5,4.9,9.5,1.7,9.4,2.8,0.2,3.5,8.9,0,1,→,2035+,4.93,巴西镇长/区长：薪资回报高，准入门槛高，AI替代抗性强,"Brazil Mayor / District Governor: high compensation, high entry barrier, strong AI resistance",AI综合评估 + O*NET/ILO/OECD锚点校准
GOV-0205-AR-general,公共管理与公务员,GOV,地方公务员,镇长/区长,Mayor / District Governor,1112,11-1031.00,南美,阿根廷,AR,country,general,硕士/博士,35-50,global,6.7,7.6,5.4,6.5,2.5,2.4,2.9,2.6,7.0,4.4,5.6,7.4,5.9,3.6,3.9,7.3,5.5,4.1,8.0,8.5,1.1,7.0,3.4,7.8,1.7,4.3,5.0,9.2,1.9,8.6,3.0,0.6,3.7,9.0,-1,1,→,2035+,4.79,阿根廷镇长/区长：准入门槛高，AI替代抗性强，无法远程办公,"Argentina Mayor / District Governor: high entry barrier, strong AI resistance, no remote work possible",AI综合评估 + O*NET/ILO/OECD锚点校准
GOV-0205-CL-general,公共管理与公务员,GOV,地方公务员,镇长/区长,Mayor / District Governor,1112,11-1031.00,南美,智利,CL,country,general,硕士/博士,35-50,global,7.2,7.6,5.6,7.1,1.5,1.6,3.2,2.8,7.2,5.0,6.4,7.4,6.3,3.8,3.8,7.0,5.7,3.7,7.8,8.8,1.6,7.5,3.5,8.2,1.9,4.3,4.9,9.8,1.8,8.8,3.0,0.7,3.4,9.1,0,0,→,2035+,4.91,智利镇长/区长：准入门槛高，AI替代抗性强，职业成就感高,"Chile Mayor / District Governor: high entry barrier, strong AI resistance, high job fulfillment",AI综合评估 + O*NET/ILO/OECD锚点校准
GOV-0205-CO-general,公共管理与公务员,GOV,地方公务员,镇长/区长,Mayor / District Governor,1112,11-1031.00,南美,哥伦比亚,CO,country,general,硕士/博士,35-50,global,7.2,7.5,5.5,7.1,2.1,2.1,3.1,2.6,6.8,4.8,5.2,7.3,5.7,4.1,3.8,7.0,5.2,4.1,7.7,8.5,1.6,7.4,3.1,8.0,1.8,4.6,4.9,9.5,1.8,8.9,2.9,0.7,3.5,8.8,0,0,→,2035+,4.78,哥伦比亚镇长/区长：准入门槛高，AI替代抗性强，职业成就感高,"Colombia Mayor / District Governor: high entry barrier, strong AI resistance, high job fulfillment",AI综合评估 + O*NET/ILO/OECD锚点校准
GOV-0205-AU-general,公共管理与公务员,GOV,地方公务员,镇长/区长,Mayor / District Governor,1112,11-1031.00,大洋洲,澳大利亚,AU,country,general,硕士/博士,35-50,global,7.0,7.9,5.7,7.3,2.2,1.7,3.0,3.2,8.3,5.8,7.1,7.7,6.4,4.8,4.3,7.0,5.9,3.8,8.3,9.5,2.1,7.8,4.0,8.5,1.9,5.8,5.1,9.4,1.8,9.1,3.0,0.8,3.8,9.3,0,0,→,2035+,5.25,澳大利亚镇长/区长：薪资回报高，准入门槛高，AI替代抗性强,"Australia Mayor / District Governor: high compensation, high entry barrier, strong AI resistance",AI综合评估 + O*NET/ILO/OECD锚点校准
GOV-0205-NZ-general,公共管理与公务员,GOV,地方公务员,镇长/区长,Mayor / District Governor,1112,11-1031.00,大洋洲,新西兰,NZ,country,general,硕士/博士,35-50,global,6.9,7.5,5.5,7.4,1.5,1.7,3.0,2.8,7.8,5.5,7.1,7.7,6.8,5.0,4.7,7.2,6.0,3.5,8.0,8.9,1.7,8.4,4.2,8.1,2.0,5.6,5.4,9.7,2.0,8.8,2.6,0.7,3.6,8.7,0,0,→,2035+,5.23,新西兰镇长/区长：薪资回报高，准入门槛高，AI替代抗性强,"New Zealand Mayor / District Governor: high compensation, high entry barrier, strong AI resistance",AI综合评估 + O*NET/ILO/OECD锚点校准
GOV-0205-ZA-general,公共管理与公务员,GOV,地方公务员,镇长/区长,Mayor / District Governor,1112,11-1031.00,非洲,南非,ZA,country,general,硕士/博士,35-50,global,6.8,7.5,5.7,6.8,2.0,2.1,2.7,2.9,7.2,4.8,5.7,7.3,5.9,3.6,4.1,7.0,5.1,4.3,7.7,8.5,1.4,7.5,3.3,7.8,2.0,4.7,5.2,9.6,1.9,9.0,2.9,0.5,3.1,9.2,0,0,→,2035+,4.79,南非镇长/区长：准入门槛高，AI替代抗性强，无法远程办公,"South Africa Mayor / District Governor: high entry barrier, strong AI resistance, no remote work possible",AI综合评估 + O*NET/ILO/OECD锚点校准
GOV-0205-NG-general,公共管理与公务员,GOV,地方公务员,镇长/区长,Mayor / District Governor,1112,11-1031.00,非洲,尼日利亚,NG,country,general,硕士/博士,35-50,global,7.0,7.5,5.5,6.9,2.5,2.3,2.8,2.5,6.9,4.3,5.3,7.3,5.8,3.4,3.7,6.8,5.3,4.4,7.7,8.1,1.1,7.2,2.7,7.7,1.9,4.1,4.6,9.6,2.1,8.7,3.3,0.5,3.5,9.0,-1,0,→,2035+,4.64,尼日利亚镇长/区长：准入门槛高，AI替代抗性强，无法远程办公,"Nigeria Mayor / District Governor: high entry barrier, strong AI resistance, no remote work possible",AI综合评估 + O*NET/ILO/OECD锚点校准
GOV-0205-KE-general,公共管理与公务员,GOV,地方公务员,镇长/区长,Mayor / District Governor,1112,11-1031.00,非洲,肯尼亚,KE,country,general,硕士/博士,35-50,global,6.8,7.6,5.6,6.8,1.9,2.1,2.7,2.7,6.8,4.7,5.4,7.4,5.7,3.5,4.0,7.0,5.4,4.1,8.1,8.6,1.2,7.2,3.0,7.8,2.2,4.4,4.8,9.7,1.9,8.7,2.9,0.2,3.2,9.0,-1,0,→,2035+,4.75,肯尼亚镇长/区长：准入门槛高，AI替代抗性强，无法远程办公,"Kenya Mayor / District Governor: high entry barrier, strong AI resistance, no remote work possible",AI综合评估 + O*NET/ILO/OECD锚点校准
GOV-0205-EG-general,公共管理与公务员,GOV,地方公务员,镇长/区长,Mayor / District Governor,1112,11-1031.00,非洲,埃及,EG,country,general,硕士/博士,35-50,global,7.0,7.6,5.9,7.0,2.8,3.1,2.5,3.1,6.7,4.4,5.5,7.6,5.9,3.5,4.0,6.8,5.6,4.1,8.2,8.7,1.2,7.0,3.2,7.9,2.2,3.9,4.7,9.3,1.8,8.8,2.9,0.4,3.2,8.9,0,1,→,2035+,4.81,埃及镇长/区长：准入门槛高，AI替代抗性强，无法远程办公,"Egypt Mayor / District Governor: high entry barrier, strong AI resistance, no remote work possible",AI综合评估 + O*NET/ILO/OECD锚点校准
GOV-0206-CN-general,公共管理与公务员,GOV,地方公务员,规划审批官员,Planning & Zoning Officer,3354,19-3051.00,东亚,中国,CN,country,general,本科/硕士,23-30,global,5.6,6.3,4.5,9.1,5.0,5.8,4.7,4.0,5.5,6.2,9.5,9.8,7.3,5.9,5.0,5.0,4.5,2.3,5.8,7.4,3.2,4.5,5.6,5.7,2.0,5.2,6.9,6.6,2.1,8.0,1.6,1.5,3.0,7.9,0,1,→,2028-2033,5.43,中国规划审批官员：就业极其稳定，准入门槛高,"China Planning & Zoning Officer: extremely stable employment, high entry barrier",AI综合评估 + O*NET/ILO/OECD锚点校准
GOV-0206-JP-general,公共管理与公务员,GOV,地方公务员,规划审批官员,Planning & Zoning Officer,3354,19-3051.00,东亚,日本,JP,country,general,本科/硕士,23-30,global,5.4,6.4,4.5,9.0,4.6,4.7,4.3,4.0,6.5,6.5,10.0,9.6,7.7,6.2,5.5,5.3,4.5,2.0,5.8,7.4,3.5,4.7,6.6,5.9,2.2,5.5,7.1,6.6,2.2,7.8,1.7,1.7,2.9,7.7,0,0,→,2028-2033,5.59,日本规划审批官员：就业极其稳定,Japan Planning & Zoning Officer: extremely stable employment,AI综合评估 + O*NET/ILO/OECD锚点校准
GOV-0206-KR-general,公共管理与公务员,GOV,地方公务员,规划审批官员,Planning & Zoning Officer,3354,19-3051.00,东亚,韩国,KR,country,general,本科/硕士,23-30,global,5.7,6.2,4.1,8.8,4.4,4.4,4.4,4.0,6.4,6.0,9.2,9.7,7.2,6.1,5.5,4.9,4.4,2.3,5.8,7.2,3.2,4.5,6.0,6.3,2.0,4.9,6.6,6.6,1.8,7.9,1.9,1.6,2.9,7.8,0,0,→,2028-2033,5.39,韩国规划审批官员：就业极其稳定,South Korea Planning & Zoning Officer: extremely stable employment,AI综合评估 + O*NET/ILO/OECD锚点校准
GOV-0206-TW-general,公共管理与公务员,GOV,地方公务员,规划审批官员,Planning & Zoning Officer,3354,19-3051.00,东亚,中国台湾地区,TW,region,general,本科/硕士,23-30,global,5.6,6.6,4.2,8.8,4.2,4.3,4.7,4.0,5.6,6.1,9.1,9.6,7.3,6.0,5.6,5.0,4.8,2.3,5.9,7.0,3.2,4.6,6.1,6.5,2.4,5.9,7.0,6.8,1.9,7.8,1.8,1.7,2.7,7.7,0,0,→,2028-2033,5.42,中国台湾地区规划审批官员：就业极其稳定,Taiwan (China) Planning & Zoning Officer: extremely stable employment,AI综合评估 + O*NET/ILO/OECD锚点校准
GOV-0206-HK-general,公共管理与公务员,GOV,地方公务员,规划审批官员,Planning & Zoning Officer,3354,19-3051.00,东亚,中国香港地区,HK,region,general,本科/硕士,23-30,global,5.5,6.3,4.0,8.7,4.5,3.9,4.1,3.2,6.6,6.0,8.9,9.6,7.4,6.1,5.3,5.1,4.7,2.2,5.6,6.8,3.6,5.0,5.9,6.1,2.0,6.0,6.8,6.7,2.1,7.5,1.6,1.5,3.2,7.5,0,0,→,2028-2033,5.4,中国香港地区规划审批官员：就业极其稳定,Hong Kong (China) Planning & Zoning Officer: extremely stable employment,AI综合评估 + O*NET/ILO/OECD锚点校准
GOV-0206-SG-general,公共管理与公务员,GOV,地方公务员,规划审批官员,Planning & Zoning Officer,3354,19-3051.00,东南亚,新加坡,SG,country,general,本科/硕士,23-30,global,5.7,6.4,3.8,9.5,4.0,3.7,4.2,3.5,7.2,6.8,9.8,9.9,7.7,6.6,5.4,5.4,4.7,2.0,5.7,7.2,3.5,5.2,6.5,6.5,2.3,5.9,6.7,6.4,1.8,7.4,1.4,1.7,3.6,7.2,0,-1,→,2028-2033,5.63,新加坡规划审批官员：就业极其稳定,Singapore Planning & Zoning Officer: extremely stable employment,AI综合评估 + O*NET/ILO/OECD锚点校准
GOV-0206-TH-general,公共管理与公务员,GOV,地方公务员,规划审批官员,Planning & Zoning Officer,3354,19-3051.00,东南亚,泰国,TH,country,general,本科/硕士,23-30,global,5.6,6.0,4.1,8.3,4.7,5.2,3.6,3.2,5.4,5.4,8.5,9.5,7.8,6.4,5.4,4.9,4.6,2.6,5.4,6.3,3.6,4.3,6.7,6.1,2.0,5.6,6.9,6.4,1.9,7.5,1.8,1.5,3.0,7.9,0,0,→,2028-2033,5.24,泰国规划审批官员：就业极其稳定,Thailand Planning & Zoning Officer: extremely stable employment,AI综合评估 + O*NET/ILO/OECD锚点校准
GOV-0206-VN-general,公共管理与公务员,GOV,地方公务员,规划审批官员,Planning & Zoning Officer,3354,19-3051.00,东南亚,越南,VN,country,general,本科/硕士,23-30,global,5.6,6.2,4.3,9.0,4.9,5.4,3.8,3.5,5.0,5.3,8.8,9.5,7.5,6.5,5.5,4.8,4.2,2.5,5.5,6.3,3.3,4.3,6.6,5.5,2.0,5.3,6.8,6.5,1.7,7.4,1.6,1.3,3.1,7.3,0,1,→,2028-2033,5.26,越南规划审批官员：就业极其稳定,Vietnam Planning & Zoning Officer: extremely stable employment,AI综合评估 + O*NET/ILO/OECD锚点校准
GOV-0206-ID-general,公共管理与公务员,GOV,地方公务员,规划审批官员,Planning & Zoning Officer,3354,19-3051.00,东南亚,印度尼西亚,ID,country,general,本科/硕士,23-30,global,5.6,5.6,4.1,8.4,5.1,4.9,3.9,3.7,4.7,5.3,8.4,9.6,7.3,6.3,5.6,5.0,4.5,2.6,5.6,6.1,3.6,4.4,6.1,5.8,1.8,5.3,6.7,6.5,1.9,7.4,2.1,1.4,2.9,7.3,0,0,→,2028-2033,5.22,印度尼西亚规划审批官员：就业稳定,Indonesia Planning & Zoning Officer: stable employment,AI综合评估 + O*NET/ILO/OECD锚点校准
GOV-0206-MY-general,公共管理与公务员,GOV,地方公务员,规划审批官员,Planning & Zoning Officer,3354,19-3051.00,东南亚,马来西亚,MY,country,general,本科/硕士,23-30,global,5.6,6.0,4.4,8.7,4.9,5.0,4.1,3.3,5.7,5.5,8.9,9.7,7.6,6.0,5.2,4.8,4.3,2.5,5.5,6.2,3.4,4.4,6.5,6.2,2.3,5.5,6.7,6.6,1.8,7.6,2.2,1.2,2.8,7.6,0,0,→,2028-2033,5.29,马来西亚规划审批官员：就业极其稳定,Malaysia Planning & Zoning Officer: extremely stable employment,AI综合评估 + O*NET/ILO/OECD锚点校准
GOV-0206-PH-general,公共管理与公务员,GOV,地方公务员,规划审批官员,Planning & Zoning Officer,3354,19-3051.00,东南亚,菲律宾,PH,country,general,本科/硕士,23-30,global,5.6,5.8,4.1,8.4,4.5,5.0,4.1,3.6,4.5,4.9,8.1,9.4,7.5,6.2,5.3,5.2,4.1,2.6,5.2,6.2,3.3,4.4,6.1,5.6,1.6,6.1,7.1,6.3,2.2,7.0,2.3,1.3,3.0,7.3,0,0,→,2028-2033,5.13,菲律宾规划审批官员：就业稳定,Philippines Planning & Zoning Officer: stable employment,AI综合评估 + O*NET/ILO/OECD锚点校准
GOV-0206-IN-general,公共管理与公务员,GOV,地方公务员,规划审批官员,Planning & Zoning Officer,3354,19-3051.00,南亚,印度,IN,country,general,本科/硕士,23-30,global,5.6,6.5,4.5,8.9,5.1,5.4,4.7,3.8,5.6,5.6,8.8,9.6,7.4,6.2,5.1,4.9,4.1,2.7,5.2,7.3,3.7,4.1,5.9,5.6,1.7,5.3,7.0,6.3,1.9,8.2,1.6,1.5,2.8,7.6,0,1,→,2028-2033,5.29,印度规划审批官员：就业极其稳定，准入门槛高,"India Planning & Zoning Officer: extremely stable employment, high entry barrier",AI综合评估 + O*NET/ILO/OECD锚点校准
GOV-0206-PK-general,公共管理与公务员,GOV,地方公务员,规划审批官员,Planning & Zoning Officer,3354,19-3051.00,南亚,巴基斯坦,PK,country,general,本科/硕士,23-30,global,5.5,5.8,4.1,8.2,4.7,4.9,4.2,3.9,4.7,5.0,7.8,9.3,7.4,6.1,4.9,4.8,4.3,2.8,5.7,6.4,3.2,4.1,6.0,6.1,1.6,4.3,7.1,6.4,1.8,7.4,2.4,1.6,2.8,7.4,0,0,→,2028-2033,5.1,巴基斯坦规划审批官员：就业稳定,Pakistan Planning & Zoning Officer: stable employment,AI综合评估 + O*NET/ILO/OECD锚点校准
GOV-0206-BD-general,公共管理与公务员,GOV,地方公务员,规划审批官员,Planning & Zoning Officer,3354,19-3051.00,南亚,孟加拉国,BD,country,general,本科/硕士,23-30,global,5.3,5.8,3.9,8.4,4.5,4.4,3.8,3.6,4.2,4.9,8.4,9.6,7.2,5.6,4.9,4.9,4.2,3.0,5.4,6.3,3.1,4.1,5.8,6.0,1.6,4.3,6.5,6.3,2.0,7.6,2.1,1.7,3.0,7.4,0,0,→,2028-2033,4.99,孟加拉国规划审批官员：就业稳定,Bangladesh Planning & Zoning Officer: stable employment,AI综合评估 + O*NET/ILO/OECD锚点校准
GOV-0206-AE-general,公共管理与公务员,GOV,地方公务员,规划审批官员,Planning & Zoning Officer,3354,19-3051.00,中亚/西亚,阿联酋,AE,country,general,本科/硕士,23-30,global,5.4,5.7,4.4,9.2,4.6,4.4,3.6,3.1,6.8,6.3,9.9,9.8,7.5,6.3,5.5,5.1,4.9,2.1,5.3,6.4,3.2,4.7,6.5,6.1,2.0,5.1,6.8,6.7,1.7,7.0,1.5,1.7,3.4,7.6,0,0,→,2028-2033,5.51,阿联酋规划审批官员：就业极其稳定,United Arab Emirates Planning & Zoning Officer: extremely stable employment,AI综合评估 + O*NET/ILO/OECD锚点校准
GOV-0206-IL-general,公共管理与公务员,GOV,地方公务员,规划审批官员,Planning & Zoning Officer,3354,19-3051.00,中亚/西亚,以色列,IL,country,general,本科/硕士,23-30,global,6.0,6.0,4.2,8.8,4.4,4.6,3.7,3.1,6.1,5.7,8.7,9.5,7.7,6.4,5.7,5.2,4.5,2.4,5.7,6.7,3.3,4.6,6.7,6.5,2.2,6.4,6.7,6.2,1.8,7.6,2.2,1.5,3.0,7.5,0,0,→,2028-2033,5.36,以色列规划审批官员：就业极其稳定,Israel Planning & Zoning Officer: extremely stable employment,AI综合评估 + O*NET/ILO/OECD锚点校准
GOV-0206-SA-general,公共管理与公务员,GOV,地方公务员,规划审批官员,Planning & Zoning Officer,3354,19-3051.00,中亚/西亚,沙特阿拉伯,SA,country,general,本科/硕士,23-30,global,5.2,5.6,4.2,9.0,5.4,5.1,3.1,3.0,6.3,6.1,9.2,9.6,7.6,5.8,5.5,5.0,4.2,2.6,5.8,6.2,3.6,4.5,5.8,6.3,1.8,4.5,7.0,6.5,2.0,7.1,1.7,1.3,3.0,7.8,0,1,→,2028-2033,5.35,沙特阿拉伯规划审批官员：就业极其稳定,Saudi Arabia Planning & Zoning Officer: extremely stable employment,AI综合评估 + O*NET/ILO/OECD锚点校准
GOV-0206-TR-general,公共管理与公务员,GOV,地方公务员,规划审批官员,Planning & Zoning Officer,3354,19-3051.00,中亚/西亚,土耳其,TR,country,general,本科/硕士,23-30,global,5.7,6.2,4.2,8.4,4.9,5.0,4.1,3.4,5.4,4.9,8.3,9.5,7.2,6.1,5.0,4.8,4.5,2.8,5.5,6.7,3.5,4.4,6.2,5.7,1.9,5.1,6.8,6.4,2.1,7.6,2.1,1.5,2.8,7.4,0,0,→,2028-2033,5.16,土耳其规划审批官员：就业稳定,Turkey Planning & Zoning Officer: stable employment,AI综合评估 + O*NET/ILO/OECD锚点校准
GOV-0206-GB-general,公共管理与公务员,GOV,地方公务员,规划审批官员,Planning & Zoning Officer,3354,19-3051.00,西欧,英国,GB,country,general,本科/硕士,23-30,global,5.7,5.9,4.0,8.9,4.5,4.5,4.3,3.3,6.0,5.9,9.7,9.6,7.6,7.1,6.0,5.0,4.6,2.4,5.5,6.8,3.9,4.6,7.4,6.5,2.0,6.1,7.0,6.8,2.1,7.7,1.8,1.6,3.4,7.5,0,0,→,2028-2033,5.53,英国规划审批官员：就业极其稳定,United Kingdom Planning & Zoning Officer: extremely stable employment,AI综合评估 + O*NET/ILO/OECD锚点校准
GOV-0206-FR-general,公共管理与公务员,GOV,地方公务员,规划审批官员,Planning & Zoning Officer,3354,19-3051.00,西欧,法国,FR,country,general,本科/硕士,23-30,global,5.7,6.1,4.2,8.9,4.9,5.3,4.1,3.6,5.9,6.2,9.7,9.7,7.9,7.4,5.8,5.1,4.8,2.4,5.3,7.0,3.8,4.9,7.5,6.0,2.2,5.9,7.1,6.7,2.2,8.2,2.1,1.9,3.1,7.5,0,1,→,2028-2033,5.56,法国规划审批官员：就业极其稳定，准入门槛高,"France Planning & Zoning Officer: extremely stable employment, high entry barrier",AI综合评估 + O*NET/ILO/OECD锚点校准
GOV-0206-DE-general,公共管理与公务员,GOV,地方公务员,规划审批官员,Planning & Zoning Officer,3354,19-3051.00,西欧,德国,DE,country,general,本科/硕士,23-30,global,5.5,5.9,4.4,9.0,4.3,4.5,4.3,3.5,6.2,6.5,9.9,9.7,7.9,7.5,5.9,5.3,4.9,2.2,5.9,6.8,3.6,4.9,7.4,6.3,2.4,6.0,7.3,6.7,2.2,7.5,1.7,2.0,3.2,7.5,0,0,→,2028-2033,5.68,德国规划审批官员：就业极其稳定,Germany Planning & Zoning Officer: extremely stable employment,AI综合评估 + O*NET/ILO/OECD锚点校准
GOV-0206-NL-general,公共管理与公务员,GOV,地方公务员,规划审批官员,Planning & Zoning Officer,3354,19-3051.00,西欧,荷兰,NL,country,general,本科/硕士,23-30,global,5.6,6.0,4.2,8.8,4.6,4.4,3.7,3.2,6.5,6.3,9.7,9.6,8.0,7.7,6.0,5.1,4.8,2.2,5.8,6.3,3.6,5.1,7.8,6.3,2.1,7.0,7.2,6.7,1.9,7.7,2.0,1.8,3.5,7.3,0,0,→,2028-2033,5.64,荷兰规划审批官员：就业极其稳定,Netherlands Planning & Zoning Officer: extremely stable employment,AI综合评估 + O*NET/ILO/OECD锚点校准
GOV-0206-CH-general,公共管理与公务员,GOV,地方公务员,规划审批官员,Planning & Zoning Officer,3354,19-3051.00,西欧,瑞士,CH,country,general,本科/硕士,23-30,global,5.7,6.3,3.9,8.9,3.9,3.8,4.1,3.4,6.8,6.8,10.0,9.8,7.8,7.6,6.0,5.3,4.9,2.2,5.5,6.6,3.9,5.3,7.4,6.5,2.2,6.5,7.3,6.7,2.2,7.4,1.6,1.8,3.3,7.6,0,-1,→,2028-2033,5.66,瑞士规划审批官员：就业极其稳定,Switzerland Planning & Zoning Officer: extremely stable employment,AI综合评估 + O*NET/ILO/OECD锚点校准
GOV-0206-SE-general,公共管理与公务员,GOV,地方公务员,规划审批官员,Planning & Zoning Officer,3354,19-3051.00,北欧,瑞典,SE,country,general,本科/硕士,23-30,global,5.8,6.4,4.3,8.7,4.7,4.8,3.9,3.6,6.2,5.9,10.0,9.8,8.3,7.4,6.2,5.2,4.6,2.1,5.4,6.8,3.9,5.2,7.4,6.2,2.0,7.3,7.1,6.5,1.7,7.4,1.6,1.5,3.2,7.4,0,0,→,2028-2033,5.63,瑞典规划审批官员：就业极其稳定,Sweden Planning & Zoning Officer: extremely stable employment,AI综合评估 + O*NET/ILO/OECD锚点校准
GOV-0206-DK-general,公共管理与公务员,GOV,地方公务员,规划审批官员,Planning & Zoning Officer,3354,19-3051.00,北欧,丹麦,DK,country,general,本科/硕士,23-30,global,5.5,6.0,4.6,9.2,4.8,5.0,3.7,3.3,6.4,6.2,9.7,9.6,7.9,7.4,6.4,5.5,4.5,1.9,5.8,6.8,4.0,5.2,7.8,6.2,2.2,7.1,7.5,6.3,2.2,7.4,1.7,2.0,3.0,7.7,0,0,→,2028-2033,5.72,丹麦规划审批官员：就业极其稳定,Denmark Planning & Zoning Officer: extremely stable employment,AI综合评估 + O*NET/ILO/OECD锚点校准
GOV-0206-FI-general,公共管理与公务员,GOV,地方公务员,规划审批官员,Planning & Zoning Officer,3354,19-3051.00,北欧,芬兰,FI,country,general,本科/硕士,23-30,global,5.6,6.2,4.1,9.1,4.5,4.8,4.0,3.4,6.2,6.1,9.5,9.6,8.0,7.7,6.4,5.4,4.8,2.1,6.0,6.4,3.8,5.0,7.9,6.1,2.2,7.3,7.1,6.7,2.3,7.6,2.0,1.6,3.4,7.7,0,0,→,2032-2038,5.66,芬兰规划审批官员：就业极其稳定,Finland Planning & Zoning Officer: extremely stable employment,AI综合评估 + O*NET/ILO/OECD锚点校准
GOV-0206-IT-general,公共管理与公务员,GOV,地方公务员,规划审批官员,Planning & Zoning Officer,3354,19-3051.00,南欧,意大利,IT,country,general,本科/硕士,23-30,global,5.7,6.3,4.1,8.7,5.0,4.6,3.8,3.5,5.4,5.8,9.1,9.6,7.9,6.9,5.9,5.3,4.3,2.7,5.3,6.7,3.8,4.5,6.9,5.9,1.9,5.5,6.8,6.4,1.9,7.6,2.1,1.5,3.2,7.4,0,0,→,2028-2033,5.35,意大利规划审批官员：就业极其稳定,Italy Planning & Zoning Officer: extremely stable employment,AI综合评估 + O*NET/ILO/OECD锚点校准
GOV-0206-ES-general,公共管理与公务员,GOV,地方公务员,规划审批官员,Planning & Zoning Officer,3354,19-3051.00,南欧,西班牙,ES,country,general,本科/硕士,23-30,global,5.6,6.2,4.0,8.7,4.4,4.7,4.6,3.8,5.4,5.9,9.1,9.6,7.7,7.0,5.8,5.0,4.5,2.3,5.3,6.9,3.7,4.8,7.0,6.2,2.0,5.8,6.9,6.2,1.9,7.8,2.0,1.8,3.3,7.2,0,0,→,2028-2033,5.44,西班牙规划审批官员：就业极其稳定,Spain Planning & Zoning Officer: extremely stable employment,AI综合评估 + O*NET/ILO/OECD锚点校准
GOV-0206-PT-general,公共管理与公务员,GOV,地方公务员,规划审批官员,Planning & Zoning Officer,3354,19-3051.00,南欧,葡萄牙,PT,country,general,本科/硕士,23-30,global,5.4,6.3,4.0,8.5,4.7,4.5,4.1,3.8,5.3,5.4,8.8,9.5,7.8,7.1,5.8,5.1,4.8,2.3,5.5,6.7,3.4,4.5,6.9,6.1,1.9,6.4,7.3,6.8,1.8,7.7,2.0,1.5,3.0,7.2,0,0,→,2028-2033,5.4,葡萄牙规划审批官员：就业极其稳定,Portugal Planning & Zoning Officer: extremely stable employment,AI综合评估 + O*NET/ILO/OECD锚点校准
GOV-0206-PL-general,公共管理与公务员,GOV,地方公务员,规划审批官员,Planning & Zoning Officer,3354,19-3051.00,东欧,波兰,PL,country,general,本科/硕士,23-30,global,5.8,6.1,4.0,8.5,4.3,4.4,3.9,3.5,5.0,5.3,8.6,9.6,7.9,7.2,5.7,5.3,4.6,2.6,5.4,6.3,3.8,4.8,6.6,6.1,1.9,5.8,7.2,6.6,2.0,7.6,2.3,1.7,3.3,7.3,0,0,→,2028-2033,5.3,波兰规划审批官员：就业极其稳定,Poland Planning & Zoning Officer: extremely stable employment,AI综合评估 + O*NET/ILO/OECD锚点校准
GOV-0206-CZ-general,公共管理与公务员,GOV,地方公务员,规划审批官员,Planning & Zoning Officer,3354,19-3051.00,东欧,捷克,CZ,country,general,本科/硕士,23-30,global,5.9,6.1,3.8,9.0,4.2,4.3,4.0,3.3,5.5,5.9,9.0,9.6,7.7,7.1,5.9,5.2,4.4,2.5,5.3,6.2,3.4,4.9,7.1,6.1,1.9,5.7,7.4,6.3,2.1,7.3,1.9,1.7,3.0,7.5,0,0,→,2028-2033,5.35,捷克规划审批官员：就业极其稳定,Czech Republic Planning & Zoning Officer: extremely stable employment,AI综合评估 + O*NET/ILO/OECD锚点校准
GOV-0206-RU-general,公共管理与公务员,GOV,地方公务员,规划审批官员,Planning & Zoning Officer,3354,19-3051.00,东欧,俄罗斯,RU,country,general,本科/硕士,23-30,global,5.4,5.8,4.1,8.6,5.2,5.6,3.6,3.2,5.2,5.6,8.6,9.6,7.7,6.3,5.6,5.4,4.1,2.6,5.3,6.4,3.4,4.3,6.4,5.6,2.0,5.6,6.8,6.6,1.7,7.1,2.0,1.1,2.8,7.4,0,1,→,2028-2033,5.26,俄罗斯规划审批官员：就业极其稳定,Russia Planning & Zoning Officer: extremely stable employment,AI综合评估 + O*NET/ILO/OECD锚点校准
GOV-0206-US-general,公共管理与公务员,GOV,地方公务员,规划审批官员,Planning & Zoning Officer,3354,19-3051.00,北美,美国,US,country,general,本科/硕士,23-30,global,5.6,6.5,3.8,8.7,4.0,4.0,4.0,3.7,6.5,5.8,9.1,9.5,7.3,6.8,5.7,5.4,4.6,2.0,5.8,6.4,3.8,4.8,6.4,6.1,1.9,6.7,6.8,6.8,1.8,7.2,1.9,1.8,3.1,7.6,0,0,→,2028-2033,5.46,美国规划审批官员：就业极其稳定,United States Planning & Zoning Officer: extremely stable employment,AI综合评估 + O*NET/ILO/OECD锚点校准
GOV-0206-CA-general,公共管理与公务员,GOV,地方公务员,规划审批官员,Planning & Zoning Officer,3354,19-3051.00,北美,加拿大,CA,country,general,本科/硕士,23-30,global,5.7,6.2,4.2,9.2,4.6,4.1,4.2,3.1,6.4,6.0,9.6,9.7,7.9,6.9,6.0,4.9,4.7,2.1,5.9,6.8,3.7,4.8,7.0,6.2,2.3,6.3,6.9,6.7,2.1,7.4,2.0,1.7,3.1,7.3,0,0,→,2028-2033,5.57,加拿大规划审批官员：就业极其稳定,Canada Planning & Zoning Officer: extremely stable employment,AI综合评估 + O*NET/ILO/OECD锚点校准
GOV-0206-MX-general,公共管理与公务员,GOV,地方公务员,规划审批官员,Planning & Zoning Officer,3354,19-3051.00,北美,墨西哥,MX,country,general,本科/硕士,23-30,global,5.2,5.9,4.2,8.4,4.8,4.7,3.8,3.5,4.7,5.0,8.1,9.4,7.4,6.3,5.1,5.1,4.2,2.6,5.6,6.0,3.6,4.1,6.5,6.1,1.7,5.5,6.8,6.6,1.9,7.2,2.1,1.3,3.1,7.3,0,0,→,2028-2033,5.18,墨西哥规划审批官员：就业稳定,Mexico Planning & Zoning Officer: stable employment,AI综合评估 + O*NET/ILO/OECD锚点校准
GOV-0206-BR-general,公共管理与公务员,GOV,地方公务员,规划审批官员,Planning & Zoning Officer,3354,19-3051.00,南美,巴西,BR,country,general,本科/硕士,23-30,global,5.5,6.2,4.1,8.5,4.7,5.2,4.0,3.9,5.7,5.7,8.4,9.5,7.4,6.7,5.7,4.7,4.3,2.4,5.2,6.5,3.2,4.5,6.3,6.0,1.8,5.8,7.0,6.7,2.0,8.0,1.7,1.4,3.0,7.4,0,1,→,2028-2033,5.3,巴西规划审批官员：就业稳定，准入门槛高,"Brazil Planning & Zoning Officer: stable employment, high entry barrier",AI综合评估 + O*NET/ILO/OECD锚点校准
GOV-0206-AR-general,公共管理与公务员,GOV,地方公务员,规划审批官员,Planning & Zoning Officer,3354,19-3051.00,南美,阿根廷,AR,country,general,本科/硕士,23-30,global,5.7,5.7,4.4,8.0,4.8,4.9,3.6,3.4,5.1,5.0,7.9,9.5,7.5,6.5,5.3,4.8,4.3,2.6,5.4,6.2,3.4,4.5,6.3,5.6,2.1,5.3,7.0,6.5,2.2,7.3,1.8,1.4,2.8,7.8,-1,1,→,2028-2033,5.15,阿根廷规划审批官员：就业稳定,Argentina Planning & Zoning Officer: stable employment,AI综合评估 + O*NET/ILO/OECD锚点校准
GOV-0206-CL-general,公共管理与公务员,GOV,地方公务员,规划审批官员,Planning & Zoning Officer,3354,19-3051.00,南美,智利,CL,country,general,本科/硕士,23-30,global,5.5,5.6,3.8,8.6,4.2,4.4,3.8,3.5,5.3,5.8,8.7,9.5,7.3,6.6,5.7,5.3,4.5,2.3,5.2,6.3,3.2,4.9,6.2,6.4,2.1,5.6,6.9,6.6,1.9,7.5,1.9,1.5,2.9,7.7,0,0,→,2028-2033,5.29,智利规划审批官员：就业极其稳定,Chile Planning & Zoning Officer: extremely stable employment,AI综合评估 + O*NET/ILO/OECD锚点校准
GOV-0206-CO-general,公共管理与公务员,GOV,地方公务员,规划审批官员,Planning & Zoning Officer,3354,19-3051.00,南美,哥伦比亚,CO,country,general,本科/硕士,23-30,global,5.6,5.8,3.9,8.1,4.8,4.5,3.8,3.1,4.9,5.2,8.1,9.3,7.7,6.2,5.7,5.1,4.2,2.6,5.5,6.3,3.6,4.2,6.5,5.9,1.6,5.2,7.2,6.6,1.9,7.2,2.4,1.4,2.9,7.3,0,0,→,2028-2033,5.15,哥伦比亚规划审批官员：就业稳定,Colombia Planning & Zoning Officer: stable employment,AI综合评估 + O*NET/ILO/OECD锚点校准
GOV-0206-AU-general,公共管理与公务员,GOV,地方公务员,规划审批官员,Planning & Zoning Officer,3354,19-3051.00,大洋洲,澳大利亚,AU,country,general,本科/硕士,23-30,global,5.8,6.2,4.4,9.2,4.3,4.3,3.6,3.3,6.5,6.4,9.4,9.6,7.9,7.4,6.2,5.1,4.5,2.0,5.6,6.7,4.1,4.8,7.2,6.4,2.1,6.4,7.5,6.6,1.8,7.4,1.8,1.6,3.4,7.3,0,0,→,2028-2033,5.61,澳大利亚规划审批官员：就业极其稳定,Australia Planning & Zoning Officer: extremely stable employment,AI综合评估 + O*NET/ILO/OECD锚点校准
GOV-0206-NZ-general,公共管理与公务员,GOV,地方公务员,规划审批官员,Planning & Zoning Officer,3354,19-3051.00,大洋洲,新西兰,NZ,country,general,本科/硕士,23-30,global,5.6,5.8,3.7,8.8,4.0,4.2,4.2,3.2,6.4,6.2,9.9,9.6,7.8,7.5,6.1,5.2,4.8,2.1,5.5,6.8,3.9,5.2,7.3,6.6,2.3,6.6,7.5,6.4,1.8,7.0,1.5,1.8,3.1,7.6,0,0,→,2028-2033,5.63,新西兰规划审批官员：就业极其稳定,New Zealand Planning & Zoning Officer: extremely stable employment,AI综合评估 + O*NET/ILO/OECD锚点校准
GOV-0206-ZA-general,公共管理与公务员,GOV,地方公务员,规划审批官员,Planning & Zoning Officer,3354,19-3051.00,非洲,南非,ZA,country,general,本科/硕士,23-30,global,5.7,6.0,4.0,8.3,4.5,4.8,3.9,3.3,5.5,5.1,8.0,9.4,7.6,6.3,5.1,4.9,4.6,2.7,5.6,6.1,3.1,4.3,6.2,5.5,2.0,5.4,6.7,6.7,1.8,7.5,2.3,1.6,2.9,7.5,0,0,→,2028-2033,5.14,南非规划审批官员：就业稳定,South Africa Planning & Zoning Officer: stable employment,AI综合评估 + O*NET/ILO/OECD锚点校准
GOV-0206-NG-general,公共管理与公务员,GOV,地方公务员,规划审批官员,Planning & Zoning Officer,3354,19-3051.00,非洲,尼日利亚,NG,country,general,本科/硕士,23-30,global,5.2,5.7,3.7,8.3,5.1,5.1,3.4,3.4,4.8,4.7,7.7,9.4,7.1,5.8,5.4,4.9,4.0,2.9,5.5,5.7,3.6,4.0,5.9,5.7,2.1,4.5,6.7,6.6,2.2,7.3,1.8,1.4,2.7,7.6,-1,0,→,2028-2033,5.01,尼日利亚规划审批官员：就业稳定,Nigeria Planning & Zoning Officer: stable employment,AI综合评估 + O*NET/ILO/OECD锚点校准
GOV-0206-KE-general,公共管理与公务员,GOV,地方公务员,规划审批官员,Planning & Zoning Officer,3354,19-3051.00,非洲,肯尼亚,KE,country,general,本科/硕士,23-30,global,5.3,5.7,4.1,8.3,4.8,4.4,4.0,3.4,4.8,5.2,7.9,9.4,7.3,6.0,5.4,4.8,4.1,2.6,5.2,5.8,3.6,4.2,6.1,5.7,1.9,5.3,6.7,6.7,2.1,7.0,2.2,1.1,2.7,7.3,-1,0,→,2028-2033,5.09,肯尼亚规划审批官员：就业稳定,Kenya Planning & Zoning Officer: stable employment,AI综合评估 + O*NET/ILO/OECD锚点校准
GOV-0206-EG-general,公共管理与公务员,GOV,地方公务员,规划审批官员,Planning & Zoning Officer,3354,19-3051.00,非洲,埃及,EG,country,general,本科/硕士,23-30,global,5.5,5.9,4.4,8.6,5.3,5.4,3.9,3.2,5.0,4.9,8.0,9.4,7.4,5.9,5.3,4.8,4.5,2.8,5.4,6.2,3.5,4.3,6.1,5.6,1.7,4.9,6.6,6.5,2.3,7.6,2.0,1.1,2.8,7.3,0,1,→,2028-2033,5.12,埃及规划审批官员：就业稳定,Egypt Planning & Zoning Officer: stable employment,AI综合评估 + O*NET/ILO/OECD锚点校准
GOV-0207-CN-general,公共管理与公务员,GOV,地方公务员,公共卫生巡查员,Public Health Inspector,3257,29-9011.00,东亚,中国,CN,country,general,本科,22-28,global,4.9,5.9,5.0,9.1,5.8,6.1,4.9,4.2,5.4,5.7,9.6,7.6,5.4,6.1,4.8,4.8,4.7,2.1,6.2,6.6,2.0,5.0,5.1,6.4,2.2,6.0,6.7,6.9,3.6,7.8,1.3,1.5,3.3,6.9,1,2,↑,2032-2038,5.45,中国公共卫生巡查员：就业极其稳定，无法远程办公,"China Public Health Inspector: extremely stable employment, no remote work possible",AI综合评估 + O*NET/ILO/OECD锚点校准
GOV-0207-JP-general,公共管理与公务员,GOV,地方公务员,公共卫生巡查员,Public Health Inspector,3257,29-9011.00,东亚,日本,JP,country,general,本科,22-28,global,5.3,6.0,4.8,9.2,4.8,4.9,4.9,4.1,5.7,6.4,10.0,7.7,6.0,6.2,5.2,5.5,4.8,1.6,5.9,6.9,2.2,5.1,5.7,6.6,2.1,5.8,6.7,7.0,3.4,7.2,1.6,1.6,3.2,7.2,1,1,→,2028-2033,5.53,日本公共卫生巡查员：就业极其稳定,Japan Public Health Inspector: extremely stable employment,AI综合评估 + O*NET/ILO/OECD锚点校准
GOV-0207-KR-general,公共管理与公务员,GOV,地方公务员,公共卫生巡查员,Public Health Inspector,3257,29-9011.00,东亚,韩国,KR,country,general,本科,22-28,global,4.9,6.2,4.6,8.9,5.1,4.8,5.1,4.0,5.8,5.9,9.3,7.6,5.8,6.2,5.4,5.5,4.7,1.9,6.3,6.8,2.1,5.2,5.5,6.6,1.9,5.4,7.1,6.7,3.4,7.9,1.1,1.7,3.4,6.9,1,1,→,2032-2038,5.48,韩国公共卫生巡查员：就业极其稳定,South Korea Public Health Inspector: extremely stable employment,AI综合评估 + O*NET/ILO/OECD锚点校准
GOV-0207-TW-general,公共管理与公务员,GOV,地方公务员,公共卫生巡查员,Public Health Inspector,3257,29-9011.00,东亚,中国台湾地区,TW,region,general,本科,22-28,global,5.3,6.0,4.5,8.6,5.2,4.7,4.9,3.6,5.5,5.6,9.3,7.6,5.7,6.1,5.2,5.0,4.3,1.7,6.0,6.7,1.8,4.9,5.6,6.8,2.1,5.9,7.0,7.2,3.6,7.8,1.5,1.7,3.3,6.8,1,1,→,2032-2038,5.37,中国台湾地区公共卫生巡查员：就业极其稳定，无法远程办公,"Taiwan (China) Public Health Inspector: extremely stable employment, no remote work possible",AI综合评估 + O*NET/ILO/OECD锚点校准
GOV-0207-HK-general,公共管理与公务员,GOV,地方公务员,公共卫生巡查员,Public Health Inspector,3257,29-9011.00,东亚,中国香港地区,HK,region,general,本科,22-28,global,5.1,5.8,4.4,8.5,4.7,4.7,4.5,3.5,6.2,5.9,9.0,7.7,5.6,6.0,5.1,4.8,4.8,1.6,6.1,6.3,1.7,5.4,5.5,7.0,2.0,6.5,6.6,7.2,3.5,7.3,1.6,2.0,4.0,7.2,1,1,→,2032-2038,5.43,中国香港地区公共卫生巡查员：就业极其稳定，无法远程办公,"Hong Kong (China) Public Health Inspector: extremely stable employment, no remote work possible",AI综合评估 + O*NET/ILO/OECD锚点校准
GOV-0207-SG-general,公共管理与公务员,GOV,地方公务员,公共卫生巡查员,Public Health Inspector,3257,29-9011.00,东南亚,新加坡,SG,country,general,本科,22-28,global,5.4,5.5,4.4,9.3,4.6,4.6,4.9,3.3,6.5,6.6,10.0,7.8,6.2,6.2,5.4,5.0,4.9,1.6,6.4,6.3,2.0,5.1,5.6,6.8,1.9,6.5,6.8,6.9,3.3,7.5,1.1,2.0,3.8,6.7,1,0,→,2032-2038,5.6,新加坡公共卫生巡查员：就业极其稳定，无法远程办公,"Singapore Public Health Inspector: extremely stable employment, no remote work possible",AI综合评估 + O*NET/ILO/OECD锚点校准
GOV-0207-TH-general,公共管理与公务员,GOV,地方公务员,公共卫生巡查员,Public Health Inspector,3257,29-9011.00,东南亚,泰国,TH,country,general,本科,22-28,global,4.9,5.6,4.7,8.6,5.3,5.3,4.2,3.5,4.4,5.1,8.6,7.5,6.1,6.4,5.5,5.1,4.1,2.3,5.9,5.8,1.9,4.8,6.3,6.5,1.9,6.1,6.7,7.2,3.7,7.1,1.2,1.6,3.6,7.1,1,1,→,2028-2033,5.26,泰国公共卫生巡查员：就业极其稳定，无法远程办公,"Thailand Public Health Inspector: extremely stable employment, no remote work possible",AI综合评估 + O*NET/ILO/OECD锚点校准
GOV-0207-VN-general,公共管理与公务员,GOV,地方公务员,公共卫生巡查员,Public Health Inspector,3257,29-9011.00,东南亚,越南,VN,country,general,本科,22-28,global,4.8,5.5,4.8,9.0,5.3,5.7,4.3,3.7,4.0,5.2,9.0,7.6,6.0,6.5,5.7,4.9,4.4,2.0,6.1,6.0,1.6,4.8,5.6,6.1,2.1,6.1,6.9,7.1,3.7,7.0,1.3,1.7,3.2,7.2,1,2,↑,2032-2038,5.3,越南公共卫生巡查员：就业极其稳定，薪资水平偏低，无法远程办公,"Vietnam Public Health Inspector: extremely stable employment, relatively low pay, no remote work possible",AI综合评估 + O*NET/ILO/OECD锚点校准
GOV-0207-ID-general,公共管理与公务员,GOV,地方公务员,公共卫生巡查员,Public Health Inspector,3257,29-9011.00,东南亚,印度尼西亚,ID,country,general,本科,22-28,global,4.7,5.3,4.7,8.6,5.3,5.2,4.1,3.2,4.6,5.0,8.3,7.4,6.1,6.2,5.2,4.6,4.2,2.2,5.8,5.6,2.0,5.0,6.0,6.2,2.1,5.7,6.7,6.9,3.5,6.8,1.3,1.3,3.1,7.1,1,1,→,2028-2033,5.18,印度尼西亚公共卫生巡查员：就业稳定，无法远程办公,"Indonesia Public Health Inspector: stable employment, no remote work possible",AI综合评估 + O*NET/ILO/OECD锚点校准
GOV-0207-MY-general,公共管理与公务员,GOV,地方公务员,公共卫生巡查员,Public Health Inspector,3257,29-9011.00,东南亚,马来西亚,MY,country,general,本科,22-28,global,4.7,5.7,4.7,8.9,4.9,5.1,4.2,3.6,4.9,5.7,9.0,7.6,5.8,6.3,5.3,4.7,4.5,2.2,6.0,5.9,2.2,4.9,5.9,6.4,1.9,5.9,7.0,7.3,3.5,7.3,1.3,1.6,3.3,7.3,1,1,→,2032-2038,5.31,马来西亚公共卫生巡查员：就业极其稳定,Malaysia Public Health Inspector: extremely stable employment,AI综合评估 + O*NET/ILO/OECD锚点校准
GOV-0207-PH-general,公共管理与公务员,GOV,地方公务员,公共卫生巡查员,Public Health Inspector,3257,29-9011.00,东南亚,菲律宾,PH,country,general,本科,22-28,global,5.2,5.2,4.3,8.0,5.1,5.0,4.2,3.4,4.3,5.1,7.9,7.4,5.6,6.2,5.5,5.1,4.6,2.1,5.9,5.4,1.8,5.0,6.0,6.1,1.6,6.2,7.2,6.9,3.3,6.9,1.4,1.7,3.6,7.0,1,1,→,2028-2033,5.17,菲律宾公共卫生巡查员：就业稳定，无法远程办公,"Philippines Public Health Inspector: stable employment, no remote work possible",AI综合评估 + O*NET/ILO/OECD锚点校准
GOV-0207-IN-general,公共管理与公务员,GOV,地方公务员,公共卫生巡查员,Public Health Inspector,3257,29-9011.00,南亚,印度,IN,country,general,本科,22-28,global,5.2,5.8,4.6,8.5,5.6,5.5,4.7,4.1,4.8,5.8,8.9,7.6,6.0,5.8,5.0,5.3,4.5,2.0,6.0,6.8,1.8,4.8,5.6,6.2,1.6,5.5,6.7,7.2,3.5,7.9,1.5,1.2,3.4,7.3,1,2,↑,2032-2038,5.31,印度公共卫生巡查员：就业极其稳定，无法远程办公,"India Public Health Inspector: extremely stable employment, no remote work possible",AI综合评估 + O*NET/ILO/OECD锚点校准
GOV-0207-PK-general,公共管理与公务员,GOV,地方公务员,公共卫生巡查员,Public Health Inspector,3257,29-9011.00,南亚,巴基斯坦,PK,country,general,本科,22-28,global,4.7,5.5,4.4,8.6,5.5,5.2,4.6,3.7,4.4,5.0,8.1,7.4,5.8,6.1,5.4,4.9,4.6,2.1,5.7,5.7,1.9,4.4,5.5,6.4,1.8,4.6,6.9,6.9,3.8,7.4,1.3,1.2,3.5,7.0,1,1,→,2028-2033,5.15,巴基斯坦公共卫生巡查员：就业稳定，无法远程办公,"Pakistan Public Health Inspector: stable employment, no remote work possible",AI综合评估 + O*NET/ILO/OECD锚点校准
GOV-0207-BD-general,公共管理与公务员,GOV,地方公务员,公共卫生巡查员,Public Health Inspector,3257,29-9011.00,南亚,孟加拉国,BD,country,general,本科,22-28,global,4.7,5.6,4.4,8.2,5.2,5.2,4.8,3.6,3.8,4.7,7.9,7.5,5.5,6.1,5.4,4.9,4.2,2.2,6.1,5.9,1.9,4.4,5.5,6.3,2.2,5.2,7.0,7.3,3.3,7.0,1.5,1.2,3.0,6.9,1,1,→,2032-2038,5.12,孟加拉国公共卫生巡查员：就业稳定，薪资水平偏低，无法远程办公,"Bangladesh Public Health Inspector: stable employment, relatively low pay, no remote work possible",AI综合评估 + O*NET/ILO/OECD锚点校准
GOV-0207-AE-general,公共管理与公务员,GOV,地方公务员,公共卫生巡查员,Public Health Inspector,3257,29-9011.00,中亚/西亚,阿联酋,AE,country,general,本科,22-28,global,5.1,5.7,4.7,8.9,5.1,4.9,4.0,3.4,6.7,6.4,9.9,7.6,5.7,6.1,5.1,4.8,4.4,2.0,6.2,5.7,2.2,5.2,5.8,6.6,2.3,6.1,6.9,7.0,3.5,6.3,1.4,1.9,3.5,6.9,1,1,→,2032-2038,5.5,阿联酋公共卫生巡查员：就业极其稳定,United Arab Emirates Public Health Inspector: extremely stable employment,AI综合评估 + O*NET/ILO/OECD锚点校准
GOV-0207-IL-general,公共管理与公务员,GOV,地方公务员,公共卫生巡查员,Public Health Inspector,3257,29-9011.00,中亚/西亚,以色列,IL,country,general,本科,22-28,global,5.3,5.5,4.6,8.8,5.0,4.8,4.1,3.5,5.6,6.0,8.7,7.5,6.3,6.7,5.3,5.4,4.6,1.9,6.3,6.3,1.7,5.0,6.0,6.5,2.1,6.5,6.9,6.9,3.3,6.9,1.4,1.3,3.9,6.8,1,1,→,2032-2038,5.44,以色列公共卫生巡查员：就业极其稳定，无法远程办公,"Israel Public Health Inspector: extremely stable employment, no remote work possible",AI综合评估 + O*NET/ILO/OECD锚点校准
GOV-0207-SA-general,公共管理与公务员,GOV,地方公务员,公共卫生巡查员,Public Health Inspector,3257,29-9011.00,中亚/西亚,沙特阿拉伯,SA,country,general,本科,22-28,global,5.2,5.3,5.0,8.6,5.4,5.9,3.9,3.0,5.9,6.4,9.1,7.7,5.5,6.3,4.9,4.9,4.7,2.2,5.8,5.6,2.0,5.2,5.9,6.3,2.1,4.9,7.1,7.1,3.8,6.9,1.3,1.7,3.2,7.3,1,2,↑,2028-2033,5.35,沙特阿拉伯公共卫生巡查员：就业极其稳定，无法远程办公,"Saudi Arabia Public Health Inspector: extremely stable employment, no remote work possible",AI综合评估 + O*NET/ILO/OECD锚点校准
GOV-0207-TR-general,公共管理与公务员,GOV,地方公务员,公共卫生巡查员,Public Health Inspector,3257,29-9011.00,中亚/西亚,土耳其,TR,country,general,本科,22-28,global,4.8,5.8,4.4,8.3,5.5,5.2,4.7,3.7,4.5,5.2,8.4,7.5,6.0,6.2,5.4,4.8,4.6,1.9,6.1,6.1,1.8,4.9,5.6,6.6,2.1,5.8,7.0,7.1,3.5,7.3,1.4,1.6,3.6,6.9,1,1,→,2032-2038,5.29,土耳其公共卫生巡查员：就业稳定，无法远程办公,"Turkey Public Health Inspector: stable employment, no remote work possible",AI综合评估 + O*NET/ILO/OECD锚点校准
GOV-0207-GB-general,公共管理与公务员,GOV,地方公务员,公共卫生巡查员,Public Health Inspector,3257,29-9011.00,西欧,英国,GB,country,general,本科,22-28,global,5.1,5.8,4.8,8.8,5.0,4.8,4.6,3.7,5.7,5.8,9.5,7.5,6.4,7.1,5.8,5.4,4.7,1.8,6.1,6.5,2.5,5.7,6.8,6.7,1.9,6.7,7.0,7.2,3.6,7.2,1.6,1.6,3.7,6.8,1,1,→,2032-2038,5.6,英国公共卫生巡查员：就业极其稳定,United Kingdom Public Health Inspector: extremely stable employment,AI综合评估 + O*NET/ILO/OECD锚点校准
GOV-0207-FR-general,公共管理与公务员,GOV,地方公务员,公共卫生巡查员,Public Health Inspector,3257,29-9011.00,西欧,法国,FR,country,general,本科,22-28,global,5.0,5.8,4.8,9.1,5.4,6.1,4.8,3.9,5.3,5.8,9.3,7.7,6.2,7.3,6.2,5.5,4.7,1.7,6.0,6.4,2.4,5.6,6.8,6.9,2.3,6.7,7.1,6.7,3.3,7.6,1.2,1.6,3.8,7.1,1,2,↑,2032-2038,5.66,法国公共卫生巡查员：就业极其稳定,France Public Health Inspector: extremely stable employment,AI综合评估 + O*NET/ILO/OECD锚点校准
GOV-0207-DE-general,公共管理与公务员,GOV,地方公务员,公共卫生巡查员,Public Health Inspector,3257,29-9011.00,西欧,德国,DE,country,general,本科,22-28,global,5.3,5.6,4.5,9.0,4.7,5.0,4.9,3.5,5.9,6.0,10.0,7.7,6.4,7.6,6.1,5.2,4.4,1.7,5.8,6.3,2.1,5.5,7.1,6.6,2.3,6.5,7.6,7.1,3.4,7.4,1.1,1.7,3.9,7.0,1,1,→,2028-2033,5.64,德国公共卫生巡查员：就业极其稳定,Germany Public Health Inspector: extremely stable employment,AI综合评估 + O*NET/ILO/OECD锚点校准
GOV-0207-NL-general,公共管理与公务员,GOV,地方公务员,公共卫生巡查员,Public Health Inspector,3257,29-9011.00,西欧,荷兰,NL,country,general,本科,22-28,global,5.2,5.5,4.3,9.2,4.7,5.1,4.2,3.5,5.8,6.5,9.5,7.7,6.6,7.6,6.1,5.2,5.0,1.8,6.1,5.8,2.3,5.8,7.0,6.8,2.1,7.5,7.2,6.7,3.3,7.1,1.6,1.5,3.9,6.9,1,1,→,2032-2038,5.65,荷兰公共卫生巡查员：就业极其稳定,Netherlands Public Health Inspector: extremely stable employment,AI综合评估 + O*NET/ILO/OECD锚点校准
GOV-0207-CH-general,公共管理与公务员,GOV,地方公务员,公共卫生巡查员,Public Health Inspector,3257,29-9011.00,西欧,瑞士,CH,country,general,本科,22-28,global,5.0,5.7,4.5,9.5,4.4,4.1,4.7,3.3,6.2,6.3,9.8,7.8,6.4,7.5,5.9,5.1,4.8,1.6,6.2,6.0,2.1,5.7,6.7,7.1,2.0,6.6,7.5,7.0,3.3,6.8,1.2,2.0,3.6,7.2,1,0,→,2032-2038,5.67,瑞士公共卫生巡查员：就业极其稳定,Switzerland Public Health Inspector: extremely stable employment,AI综合评估 + O*NET/ILO/OECD锚点校准
GOV-0207-SE-general,公共管理与公务员,GOV,地方公务员,公共卫生巡查员,Public Health Inspector,3257,29-9011.00,北欧,瑞典,SE,country,general,本科,22-28,global,5.0,5.6,4.7,8.8,5.3,5.4,4.0,3.6,5.7,6.0,9.7,7.7,6.4,7.5,6.3,5.5,4.4,1.8,5.8,6.0,2.6,5.6,7.3,7.0,2.0,7.6,7.3,7.1,3.7,6.5,1.2,1.7,3.9,7.2,1,1,→,2028-2033,5.68,瑞典公共卫生巡查员：就业极其稳定,Sweden Public Health Inspector: extremely stable employment,AI综合评估 + O*NET/ILO/OECD锚点校准
GOV-0207-DK-general,公共管理与公务员,GOV,地方公务员,公共卫生巡查员,Public Health Inspector,3257,29-9011.00,北欧,丹麦,DK,country,general,本科,22-28,global,5.5,5.3,4.9,8.8,5.6,5.1,4.4,3.5,6.2,6.6,9.7,7.7,6.7,7.5,6.1,5.0,5.0,1.7,6.3,5.8,2.7,5.7,6.9,7.0,2.2,7.3,7.4,6.9,3.5,7.1,1.4,1.7,4.0,7.4,1,1,→,2032-2038,5.75,丹麦公共卫生巡查员：就业极其稳定,Denmark Public Health Inspector: extremely stable employment,AI综合评估 + O*NET/ILO/OECD锚点校准
GOV-0207-FI-general,公共管理与公务员,GOV,地方公务员,公共卫生巡查员,Public Health Inspector,3257,29-9011.00,北欧,芬兰,FI,country,general,本科,22-28,global,5.1,5.4,5.1,8.9,4.8,5.3,4.3,3.5,5.4,6.1,9.8,7.8,6.9,7.7,6.2,5.3,4.8,1.7,6.1,6.0,2.2,5.9,7.1,6.7,2.5,7.8,7.7,6.9,3.2,6.9,1.5,1.5,3.9,7.0,1,1,→,2032-2038,5.72,芬兰公共卫生巡查员：就业极其稳定,Finland Public Health Inspector: extremely stable employment,AI综合评估 + O*NET/ILO/OECD锚点校准
GOV-0207-IT-general,公共管理与公务员,GOV,地方公务员,公共卫生巡查员,Public Health Inspector,3257,29-9011.00,南欧,意大利,IT,country,general,本科,22-28,global,4.9,5.8,4.5,9.0,5.3,5.3,4.7,3.6,5.3,5.5,8.6,7.7,6.2,6.4,5.3,5.2,4.3,2.0,6.1,6.5,2.1,5.0,6.5,6.7,2.0,6.0,7.2,7.1,3.2,7.1,1.2,1.7,3.5,6.9,1,1,→,2032-2038,5.45,意大利公共卫生巡查员：就业极其稳定,Italy Public Health Inspector: extremely stable employment,AI综合评估 + O*NET/ILO/OECD锚点校准
GOV-0207-ES-general,公共管理与公务员,GOV,地方公务员,公共卫生巡查员,Public Health Inspector,3257,29-9011.00,南欧,西班牙,ES,country,general,本科,22-28,global,5.4,5.8,4.5,8.5,5.3,5.3,4.8,4.0,5.2,5.8,8.8,7.7,5.9,7.0,5.6,4.9,4.6,2.0,5.7,6.7,2.0,5.4,6.3,6.8,2.2,6.2,7.1,6.8,3.3,7.3,1.3,1.4,3.7,6.8,1,1,→,2028-2033,5.45,西班牙公共卫生巡查员：就业极其稳定，无法远程办公,"Spain Public Health Inspector: extremely stable employment, no remote work possible",AI综合评估 + O*NET/ILO/OECD锚点校准
GOV-0207-PT-general,公共管理与公务员,GOV,地方公务员,公共卫生巡查员,Public Health Inspector,3257,29-9011.00,南欧,葡萄牙,PT,country,general,本科,22-28,global,4.7,5.5,4.4,9.0,5.1,4.8,4.8,3.6,4.7,5.5,9.3,7.5,6.0,6.8,5.9,5.0,4.3,1.8,6.3,6.1,2.1,5.2,6.6,6.8,2.3,6.8,7.0,7.0,3.7,7.3,1.2,1.4,3.8,6.8,1,1,→,2032-2038,5.49,葡萄牙公共卫生巡查员：就业极其稳定,Portugal Public Health Inspector: extremely stable employment,AI综合评估 + O*NET/ILO/OECD锚点校准
GOV-0207-PL-general,公共管理与公务员,GOV,地方公务员,公共卫生巡查员,Public Health Inspector,3257,29-9011.00,东欧,波兰,PL,country,general,本科,22-28,global,5.3,5.2,4.6,8.4,4.8,4.8,4.2,3.4,4.9,5.6,8.9,7.5,6.3,6.9,5.7,4.8,4.7,1.8,6.3,5.7,2.1,5.0,6.4,6.6,1.9,6.2,7.2,6.8,3.3,7.1,1.3,1.7,3.3,7.0,1,1,→,2032-2038,5.38,波兰公共卫生巡查员：就业极其稳定,Poland Public Health Inspector: extremely stable employment,AI综合评估 + O*NET/ILO/OECD锚点校准
GOV-0207-CZ-general,公共管理与公务员,GOV,地方公务员,公共卫生巡查员,Public Health Inspector,3257,29-9011.00,东欧,捷克,CZ,country,general,本科,22-28,global,5.0,5.4,4.7,9.1,4.8,4.8,4.6,3.2,4.8,5.7,9.1,7.6,6.1,7.0,6.0,5.2,4.9,2.0,6.1,6.1,2.2,5.3,6.6,6.7,2.3,6.3,6.9,7.2,3.2,7.2,1.2,1.7,3.6,7.3,1,1,→,2032-2038,5.48,捷克公共卫生巡查员：就业极其稳定,Czech Republic Public Health Inspector: extremely stable employment,AI综合评估 + O*NET/ILO/OECD锚点校准
GOV-0207-RU-general,公共管理与公务员,GOV,地方公务员,公共卫生巡查员,Public Health Inspector,3257,29-9011.00,东欧,俄罗斯,RU,country,general,本科,22-28,global,5.4,5.2,4.7,8.4,5.8,6.1,4.1,3.1,4.8,5.3,8.2,7.4,5.9,6.1,5.2,5.4,4.1,2.1,6.0,5.9,2.1,4.7,5.6,6.5,1.9,6.0,7.0,7.0,3.8,6.6,1.7,1.2,3.1,7.2,1,2,↑,2032-2038,5.23,俄罗斯公共卫生巡查员：就业稳定,Russia Public Health Inspector: stable employment,AI综合评估 + O*NET/ILO/OECD锚点校准
GOV-0207-US-general,公共管理与公务员,GOV,地方公务员,公共卫生巡查员,Public Health Inspector,3257,29-9011.00,北美,美国,US,country,general,本科,22-28,global,5.5,5.8,4.4,8.7,4.5,4.4,4.5,3.5,6.1,6.0,9.3,7.6,5.9,6.7,5.5,5.0,4.5,2.0,6.3,6.1,2.2,5.4,6.0,6.9,1.9,6.9,7.1,6.9,3.6,7.2,1.5,1.6,3.8,7.2,1,1,→,2032-2038,5.46,美国公共卫生巡查员：就业极其稳定,United States Public Health Inspector: extremely stable employment,AI综合评估 + O*NET/ILO/OECD锚点校准
GOV-0207-CA-general,公共管理与公务员,GOV,地方公务员,公共卫生巡查员,Public Health Inspector,3257,29-9011.00,北美,加拿大,CA,country,general,本科,22-28,global,5.0,5.8,4.6,8.7,4.7,4.6,4.7,3.7,5.9,6.1,9.8,7.7,6.6,7.0,5.9,5.5,4.5,1.6,6.3,6.4,2.0,5.3,6.9,7.0,2.1,7.0,7.1,7.3,3.8,6.9,1.4,1.8,3.5,7.0,1,1,→,2032-2038,5.65,加拿大公共卫生巡查员：就业极其稳定，无法远程办公,"Canada Public Health Inspector: extremely stable employment, no remote work possible",AI综合评估 + O*NET/ILO/OECD锚点校准
GOV-0207-MX-general,公共管理与公务员,GOV,地方公务员,公共卫生巡查员,Public Health Inspector,3257,29-9011.00,北美,墨西哥,MX,country,general,本科,22-28,global,5.2,5.2,4.7,8.2,5.3,5.4,4.1,3.1,4.6,5.0,8.1,7.3,6.0,6.5,5.2,5.1,4.3,2.2,5.8,5.5,2.1,4.8,6.0,6.5,1.8,5.5,7.1,7.0,3.2,6.8,1.4,1.2,3.5,7.1,1,1,→,2028-2033,5.19,墨西哥公共卫生巡查员：就业稳定,Mexico Public Health Inspector: stable employment,AI综合评估 + O*NET/ILO/OECD锚点校准
GOV-0207-BR-general,公共管理与公务员,GOV,地方公务员,公共卫生巡查员,Public Health Inspector,3257,29-9011.00,南美,巴西,BR,country,general,本科,22-28,global,4.7,5.7,4.8,8.5,5.4,5.4,5.0,3.7,5.4,5.9,8.2,7.6,6.1,6.3,5.7,5.2,4.6,2.1,6.3,6.5,2.3,5.1,5.7,6.4,1.8,5.8,6.8,7.2,3.3,7.4,1.6,1.6,3.0,7.1,1,2,↑,2032-2038,5.42,巴西公共卫生巡查员：就业稳定,Brazil Public Health Inspector: stable employment,AI综合评估 + O*NET/ILO/OECD锚点校准
GOV-0207-AR-general,公共管理与公务员,GOV,地方公务员,公共卫生巡查员,Public Health Inspector,3257,29-9011.00,南美,阿根廷,AR,country,general,本科,22-28,global,4.7,5.4,4.3,8.4,5.4,5.7,4.2,3.1,4.5,5.3,7.5,7.5,6.0,6.0,5.3,4.8,4.4,1.9,6.2,5.6,1.9,4.5,5.6,6.1,2.2,6.2,6.8,7.2,3.8,6.9,1.6,1.6,3.6,6.8,0,2,↑,2032-2038,5.2,阿根廷公共卫生巡查员：就业稳定，无法远程办公,"Argentina Public Health Inspector: stable employment, no remote work possible",AI综合评估 + O*NET/ILO/OECD锚点校准
GOV-0207-CL-general,公共管理与公务员,GOV,地方公务员,公共卫生巡查员,Public Health Inspector,3257,29-9011.00,南美,智利,CL,country,general,本科,22-28,global,5.2,5.4,4.2,8.3,4.7,4.9,4.1,3.6,4.8,5.8,8.8,7.5,6.2,6.3,5.7,4.8,4.6,2.0,5.9,5.6,1.8,5.1,6.1,6.5,2.2,5.9,6.8,6.7,3.7,6.9,1.3,1.6,3.4,7.0,1,1,→,2028-2033,5.27,智利公共卫生巡查员：就业极其稳定，无法远程办公,"Chile Public Health Inspector: extremely stable employment, no remote work possible",AI综合评估 + O*NET/ILO/OECD锚点校准
GOV-0207-CO-general,公共管理与公务员,GOV,地方公务员,公共卫生巡查员,Public Health Inspector,3257,29-9011.00,南美,哥伦比亚,CO,country,general,本科,22-28,global,5.1,5.1,4.4,8.2,5.2,5.2,4.3,3.2,4.3,5.3,8.1,7.4,6.0,6.5,5.4,5.2,4.6,2.2,6.0,5.8,1.6,4.5,6.0,6.1,1.8,6.1,6.7,7.2,3.4,6.9,1.8,1.4,3.1,6.8,1,1,→,2032-2038,5.18,哥伦比亚公共卫生巡查员：就业稳定，无法远程办公,"Colombia Public Health Inspector: stable employment, no remote work possible",AI综合评估 + O*NET/ILO/OECD锚点校准
GOV-0207-AU-general,公共管理与公务员,GOV,地方公务员,公共卫生巡查员,Public Health Inspector,3257,29-9011.00,大洋洲,澳大利亚,AU,country,general,本科,22-28,global,5.2,5.3,4.7,9.1,4.9,5.0,4.5,3.6,5.9,5.9,9.4,7.6,6.4,7.1,6.2,5.4,4.6,1.8,5.9,6.2,2.3,5.4,6.7,7.1,1.8,6.9,7.5,7.0,3.5,7.1,1.5,1.6,3.5,6.9,1,1,→,2028-2033,5.61,澳大利亚公共卫生巡查员：就业极其稳定,Australia Public Health Inspector: extremely stable employment,AI综合评估 + O*NET/ILO/OECD锚点校准
GOV-0207-NZ-general,公共管理与公务员,GOV,地方公务员,公共卫生巡查员,Public Health Inspector,3257,29-9011.00,大洋洲,新西兰,NZ,country,general,本科,22-28,global,5.4,5.8,4.5,9.3,4.4,4.8,4.3,3.3,5.4,6.3,9.6,7.8,6.8,7.7,6.3,5.3,4.7,1.7,6.0,6.2,2.2,5.7,7.1,7.1,2.1,7.5,7.3,7.0,3.7,7.1,1.3,1.7,3.8,6.8,1,1,→,2032-2038,5.64,新西兰公共卫生巡查员：就业极其稳定,New Zealand Public Health Inspector: extremely stable employment,AI综合评估 + O*NET/ILO/OECD锚点校准
GOV-0207-ZA-general,公共管理与公务员,GOV,地方公务员,公共卫生巡查员,Public Health Inspector,3257,29-9011.00,非洲,南非,ZA,country,general,本科,22-28,global,5.1,5.5,4.7,8.5,4.8,5.2,4.0,3.5,5.0,5.4,8.2,7.4,5.8,6.1,5.6,5.0,4.3,1.9,6.2,5.6,1.8,5.1,5.6,6.2,2.1,6.1,6.6,7.2,3.3,6.7,1.7,1.1,3.4,6.7,1,1,→,2032-2038,5.25,南非公共卫生巡查员：就业稳定，无法远程办公,"South Africa Public Health Inspector: stable employment, no remote work possible",AI综合评估 + O*NET/ILO/OECD锚点校准
GOV-0207-NG-general,公共管理与公务员,GOV,地方公务员,公共卫生巡查员,Public Health Inspector,3257,29-9011.00,非洲,尼日利亚,NG,country,general,本科,22-28,global,4.5,5.1,4.3,8.3,5.3,5.1,3.7,3.3,4.0,4.9,7.6,7.3,5.9,6.0,5.1,4.7,4.1,2.2,5.9,5.3,2.0,4.5,5.3,6.5,2.0,5.4,6.9,7.2,3.3,6.8,1.3,1.2,3.3,7.0,0,1,→,2028-2033,5.06,尼日利亚公共卫生巡查员：就业稳定，薪资水平偏低，无法远程办公,"Nigeria Public Health Inspector: stable employment, relatively low pay, no remote work possible",AI综合评估 + O*NET/ILO/OECD锚点校准
GOV-0207-KE-general,公共管理与公务员,GOV,地方公务员,公共卫生巡查员,Public Health Inspector,3257,29-9011.00,非洲,肯尼亚,KE,country,general,本科,22-28,global,5.1,5.3,4.7,8.0,5.0,4.9,4.4,3.0,4.2,4.7,7.4,7.5,5.9,5.9,5.2,5.0,4.2,2.3,5.6,5.4,1.6,4.8,5.5,6.3,1.9,5.9,7.0,6.7,3.5,6.6,1.4,1.6,3.7,7.0,0,1,→,2028-2033,5.05,肯尼亚公共卫生巡查员：无法远程办公,Kenya Public Health Inspector: no remote work possible,AI综合评估 + O*NET/ILO/OECD锚点校准
GOV-0207-EG-general,公共管理与公务员,GOV,地方公务员,公共卫生巡查员,Public Health Inspector,3257,29-9011.00,非洲,埃及,EG,country,general,本科,22-28,global,5.0,5.4,4.6,8.4,5.3,5.7,4.1,3.4,4.4,4.9,7.9,7.5,5.6,6.1,5.4,4.6,4.2,2.2,5.8,5.4,2.0,5.0,5.8,6.1,1.9,4.9,6.6,6.9,3.7,6.9,1.8,1.1,3.5,7.1,1,2,↑,2028-2033,5.1,埃及公共卫生巡查员：就业稳定，无法远程办公,"Egypt Public Health Inspector: stable employment, no remote work possible",AI综合评估 + O*NET/ILO/OECD锚点校准
GOV-0301-CN-general,公共管理与公务员,GOV,司法行政,法院书记员,Court Clerk,3411,43-4031.00,东亚,中国,CN,country,general,本科,22-28,global,4.8,5.5,3.7,9.0,5.3,5.7,4.2,3.3,4.9,5.6,9.8,8.6,6.4,6.1,4.9,3.9,3.9,1.7,4.4,6.2,3.0,3.5,5.8,5.0,0.9,6.0,7.5,6.3,1.0,7.6,0.7,1.0,2.2,8.3,-1,0,→,2026-2030,5.12,中国法院书记员：就业极其稳定,China Court Clerk: extremely stable employment,AI综合评估 + O*NET/ILO/OECD锚点校准
GOV-0301-JP-general,公共管理与公务员,GOV,司法行政,法院书记员,Court Clerk,3411,43-4031.00,东亚,日本,JP,country,general,本科,22-28,global,4.5,5.1,3.3,9.2,4.5,4.4,3.8,3.1,5.0,5.8,10.0,8.8,7.1,6.1,5.2,4.5,4.4,1.1,4.9,6.2,3.2,3.4,6.3,5.4,1.3,6.1,7.3,5.8,1.1,7.3,0.5,1.3,2.2,8.2,-1,-1,→,2028-2033,5.25,日本法院书记员：就业极其稳定,Japan Court Clerk: extremely stable employment,AI综合评估 + O*NET/ILO/OECD锚点校准
GOV-0301-KR-general,公共管理与公务员,GOV,司法行政,法院书记员,Court Clerk,3411,43-4031.00,东亚,韩国,KR,country,general,本科,22-28,global,4.7,5.5,3.2,8.5,4.7,4.5,4.0,3.3,4.9,5.2,9.6,8.7,6.7,6.3,5.2,4.3,4.0,1.6,4.8,6.2,3.0,3.6,6.1,5.3,1.2,5.8,7.6,6.0,0.8,7.6,0.8,1.1,2.7,7.9,-1,-1,→,2028-2033,5.13,韩国法院书记员：就业极其稳定,South Korea Court Clerk: extremely stable employment,AI综合评估 + O*NET/ILO/OECD锚点校准
GOV-0301-TW-general,公共管理与公务员,GOV,司法行政,法院书记员,Court Clerk,3411,43-4031.00,东亚,中国台湾地区,TW,region,general,本科,22-28,global,4.7,5.3,3.1,8.5,4.5,4.2,4.1,3.1,4.6,5.2,9.6,8.6,6.9,6.6,5.4,3.9,4.2,1.4,4.4,6.0,2.6,3.5,6.3,5.3,1.4,6.3,7.1,6.0,0.9,7.6,1.1,0.9,2.6,7.9,-1,-1,→,2026-2030,5.07,中国台湾地区法院书记员：就业极其稳定,Taiwan (China) Court Clerk: extremely stable employment,AI综合评估 + O*NET/ILO/OECD锚点校准
GOV-0301-HK-general,公共管理与公务员,GOV,司法行政,法院书记员,Court Clerk,3411,43-4031.00,东亚,中国香港地区,HK,region,general,本科,22-28,global,4.5,4.9,3.2,8.7,3.9,4.1,3.8,2.8,5.7,5.7,9.5,8.6,7.0,5.8,5.1,4.3,4.5,1.1,4.5,5.7,2.9,4.0,6.0,5.6,1.0,6.1,7.7,5.8,1.0,6.9,0.7,1.3,3.1,7.6,-1,-1,→,2028-2033,5.2,中国香港地区法院书记员：就业极其稳定,Hong Kong (China) Court Clerk: extremely stable employment,AI综合评估 + O*NET/ILO/OECD锚点校准
GOV-0301-SG-general,公共管理与公务员,GOV,司法行政,法院书记员,Court Clerk,3411,43-4031.00,东南亚,新加坡,SG,country,general,本科,22-28,global,4.5,5.2,2.7,9.3,3.9,3.8,3.9,3.0,6.2,6.4,9.8,8.8,7.1,6.2,5.4,4.0,4.2,1.3,4.5,5.8,3.1,4.2,6.4,5.5,1.3,6.8,7.4,6.2,0.9,7.0,0.7,1.5,2.7,7.9,-1,-2,↓,2028-2033,5.29,新加坡法院书记员：就业极其稳定，近年需求下降,"Singapore Court Clerk: extremely stable employment, declining demand",AI综合评估 + O*NET/ILO/OECD锚点校准
GOV-0301-TH-general,公共管理与公务员,GOV,司法行政,法院书记员,Court Clerk,3411,43-4031.00,东南亚,泰国,TH,country,general,本科,22-28,global,4.6,4.6,3.3,8.6,4.9,4.8,3.3,3.0,3.9,4.9,8.9,8.5,6.9,6.3,5.7,3.9,4.2,1.8,4.6,5.4,3.2,3.5,6.2,4.7,1.0,6.5,7.7,6.3,0.9,6.6,1.3,1.1,2.3,8.1,-1,-1,→,2028-2033,5.0,泰国法院书记员：就业极其稳定，薪资水平偏低,"Thailand Court Clerk: extremely stable employment, relatively low pay",AI综合评估 + O*NET/ILO/OECD锚点校准
GOV-0301-VN-general,公共管理与公务员,GOV,司法行政,法院书记员,Court Clerk,3411,43-4031.00,东南亚,越南,VN,country,general,本科,22-28,global,4.6,4.8,3.1,9.1,4.9,5.4,3.7,3.4,3.8,4.6,9.6,8.6,6.7,6.3,5.3,4.1,4.1,1.5,4.7,5.6,2.7,3.1,6.2,4.8,0.8,5.9,7.3,6.2,1.1,7.4,0.7,0.9,2.1,8.1,-1,0,→,2028-2033,5.01,越南法院书记员：就业极其稳定，薪资水平偏低,"Vietnam Court Clerk: extremely stable employment, relatively low pay",AI综合评估 + O*NET/ILO/OECD锚点校准
GOV-0301-ID-general,公共管理与公务员,GOV,司法行政,法院书记员,Court Clerk,3411,43-4031.00,东南亚,印度尼西亚,ID,country,general,本科,22-28,global,4.4,4.8,3.1,8.3,5.0,4.9,3.1,2.9,3.6,5.0,8.7,8.4,7.1,6.0,5.1,4.2,4.2,1.4,4.7,5.0,3.0,3.0,6.3,5.1,1.1,5.9,7.3,5.8,0.8,7.1,0.8,1.2,2.2,8.1,-1,-1,→,2028-2033,4.93,印度尼西亚法院书记员：就业极其稳定，薪资水平偏低,"Indonesia Court Clerk: extremely stable employment, relatively low pay",AI综合评估 + O*NET/ILO/OECD锚点校准
GOV-0301-MY-general,公共管理与公务员,GOV,司法行政,法院书记员,Court Clerk,3411,43-4031.00,东南亚,马来西亚,MY,country,general,本科,22-28,global,4.2,4.8,3.1,8.5,4.5,4.5,3.5,3.2,4.4,5.0,9.4,8.5,6.7,6.5,5.7,4.0,4.0,1.6,4.7,5.3,3.2,3.7,6.6,5.0,1.1,6.2,7.5,6.2,0.7,6.9,0.7,1.1,2.8,8.3,-1,-1,→,2028-2033,5.09,马来西亚法院书记员：就业极其稳定,Malaysia Court Clerk: extremely stable employment,AI综合评估 + O*NET/ILO/OECD锚点校准
GOV-0301-PH-general,公共管理与公务员,GOV,司法行政,法院书记员,Court Clerk,3411,43-4031.00,东南亚,菲律宾,PH,country,general,本科,22-28,global,4.8,5.1,2.7,8.4,4.6,4.6,3.4,3.1,3.9,4.5,8.1,8.5,7.0,6.6,5.6,4.0,3.7,1.8,4.4,5.3,3.0,3.1,6.3,4.6,0.7,6.3,7.6,6.2,1.3,6.7,1.1,0.9,2.3,7.7,-1,-1,→,2026-2030,4.85,菲律宾法院书记员：就业稳定，薪资水平偏低,"Philippines Court Clerk: stable employment, relatively low pay",AI综合评估 + O*NET/ILO/OECD锚点校准
GOV-0301-IN-general,公共管理与公务员,GOV,司法行政,法院书记员,Court Clerk,3411,43-4031.00,南亚,印度,IN,country,general,本科,22-28,global,4.5,5.4,3.1,8.6,5.0,5.3,3.9,3.5,4.3,5.4,9.2,8.7,6.8,6.1,5.2,4.3,4.1,1.6,4.4,6.4,2.9,3.5,6.4,5.0,1.0,5.3,7.2,6.2,1.1,7.8,1.1,0.8,2.6,8.0,-1,0,→,2026-2030,5.06,印度法院书记员：就业极其稳定,India Court Clerk: extremely stable employment,AI综合评估 + O*NET/ILO/OECD锚点校准
GOV-0301-PK-general,公共管理与公务员,GOV,司法行政,法院书记员,Court Clerk,3411,43-4031.00,南亚,巴基斯坦,PK,country,general,本科,22-28,global,4.1,5.1,3.3,8.1,5.1,4.7,3.7,2.9,3.8,4.5,8.5,8.5,6.6,5.7,4.9,4.0,3.9,1.6,4.7,5.3,2.8,3.3,6.2,4.5,0.6,5.1,7.3,5.9,1.3,7.0,1.1,0.8,2.1,8.3,-1,-1,→,2028-2033,4.83,巴基斯坦法院书记员：就业极其稳定，薪资水平偏低,"Pakistan Court Clerk: extremely stable employment, relatively low pay",AI综合评估 + O*NET/ILO/OECD锚点校准
GOV-0301-BD-general,公共管理与公务员,GOV,司法行政,法院书记员,Court Clerk,3411,43-4031.00,南亚,孟加拉国,BD,country,general,本科,22-28,global,4.5,4.8,3.1,8.3,4.9,4.7,3.5,2.8,3.6,4.7,8.7,8.5,6.5,5.7,5.4,3.8,3.9,1.8,4.5,5.5,2.7,3.2,6.1,5.1,0.8,5.1,7.2,6.3,0.9,7.3,1.3,1.1,2.1,8.0,-1,-1,→,2028-2033,4.82,孟加拉国法院书记员：就业极其稳定，薪资水平偏低,"Bangladesh Court Clerk: extremely stable employment, relatively low pay",AI综合评估 + O*NET/ILO/OECD锚点校准
GOV-0301-AE-general,公共管理与公务员,GOV,司法行政,法院书记员,Court Clerk,3411,43-4031.00,中亚/西亚,阿联酋,AE,country,general,本科,22-28,global,4.5,5.0,3.1,9.1,4.6,4.4,2.9,2.5,6.1,6.0,9.8,8.7,7.1,6.4,5.4,3.9,3.9,1.0,4.4,5.6,2.7,3.5,6.1,5.2,1.2,5.6,7.4,6.3,1.0,6.4,0.7,1.0,2.6,8.0,-1,-1,→,2026-2030,5.17,阿联酋法院书记员：就业极其稳定,United Arab Emirates Court Clerk: extremely stable employment,AI综合评估 + O*NET/ILO/OECD锚点校准
GOV-0301-IL-general,公共管理与公务员,GOV,司法行政,法院书记员,Court Clerk,3411,43-4031.00,中亚/西亚,以色列,IL,country,general,本科,22-28,global,4.8,5.4,2.7,8.6,4.4,4.4,3.5,3.1,5.2,5.7,9.1,8.5,7.1,6.7,5.2,4.4,4.1,1.6,4.9,5.4,3.1,3.7,6.3,5.3,1.4,6.6,7.3,5.9,1.2,7.0,0.7,1.0,2.4,7.8,-1,-1,→,2028-2033,5.11,以色列法院书记员：就业极其稳定,Israel Court Clerk: extremely stable employment,AI综合评估 + O*NET/ILO/OECD锚点校准
GOV-0301-SA-general,公共管理与公务员,GOV,司法行政,法院书记员,Court Clerk,3411,43-4031.00,中亚/西亚,沙特阿拉伯,SA,country,general,本科,22-28,global,4.4,4.7,3.2,8.6,5.3,5.2,3.1,2.9,5.6,5.9,9.3,8.6,6.9,6.2,5.0,4.1,3.8,1.4,4.7,5.4,2.6,3.6,6.3,5.0,0.7,4.9,7.2,5.8,0.7,6.4,1.2,1.0,2.3,7.9,-1,0,→,2028-2033,5.1,沙特阿拉伯法院书记员：就业极其稳定,Saudi Arabia Court Clerk: extremely stable employment,AI综合评估 + O*NET/ILO/OECD锚点校准
GOV-0301-TR-general,公共管理与公务员,GOV,司法行政,法院书记员,Court Clerk,3411,43-4031.00,中亚/西亚,土耳其,TR,country,general,本科,22-28,global,4.8,5.2,3.2,8.3,4.8,4.9,3.3,3.4,4.2,4.6,8.5,8.6,6.5,5.9,5.3,4.0,3.9,1.5,4.5,5.9,3.2,3.6,6.3,4.7,0.9,5.5,7.2,5.9,1.2,7.1,1.1,0.8,2.3,7.8,-1,-1,→,2028-2033,4.92,土耳其法院书记员：就业极其稳定,Turkey Court Clerk: extremely stable employment,AI综合评估 + O*NET/ILO/OECD锚点校准
GOV-0301-GB-general,公共管理与公务员,GOV,司法行政,法院书记员,Court Clerk,3411,43-4031.00,西欧,英国,GB,country,general,本科,22-28,global,4.5,5.1,3.0,9.0,4.4,4.3,3.7,3.3,4.9,5.5,9.6,8.6,7.5,7.3,6.1,4.4,3.9,1.3,4.3,5.5,3.3,4.1,7.1,5.3,0.9,7.0,7.7,6.0,0.9,7.0,0.9,1.1,2.8,8.2,-1,-1,→,2026-2030,5.25,英国法院书记员：就业极其稳定,United Kingdom Court Clerk: extremely stable employment,AI综合评估 + O*NET/ILO/OECD锚点校准
GOV-0301-FR-general,公共管理与公务员,GOV,司法行政,法院书记员,Court Clerk,3411,43-4031.00,西欧,法国,FR,country,general,本科,22-28,global,4.6,5.3,3.5,9.2,5.0,5.3,3.5,3.1,5.1,5.6,10.0,8.7,7.2,7.3,6.3,4.3,3.9,1.3,4.4,5.9,3.4,3.7,7.0,5.3,0.8,6.8,7.8,5.8,1.3,7.6,0.9,0.8,2.9,8.1,-1,0,→,2026-2030,5.3,法国法院书记员：就业极其稳定,France Court Clerk: extremely stable employment,AI综合评估 + O*NET/ILO/OECD锚点校准
GOV-0301-DE-general,公共管理与公务员,GOV,司法行政,法院书记员,Court Clerk,3411,43-4031.00,西欧,德国,DE,country,general,本科,22-28,global,4.5,5.4,3.3,9.0,4.8,4.3,3.9,2.9,5.2,5.6,10.0,8.8,7.6,7.5,6.0,4.5,4.2,1.2,4.3,5.8,3.1,4.0,7.7,5.6,1.4,6.9,8.0,6.3,1.0,6.9,0.5,0.9,2.9,8.2,-1,-1,→,2026-2030,5.38,德国法院书记员：就业极其稳定,Germany Court Clerk: extremely stable employment,AI综合评估 + O*NET/ILO/OECD锚点校准
GOV-0301-NL-general,公共管理与公务员,GOV,司法行政,法院书记员,Court Clerk,3411,43-4031.00,西欧,荷兰,NL,country,general,本科,22-28,global,4.4,5.0,3.1,8.9,4.6,4.3,3.2,3.0,5.2,5.9,9.8,8.7,7.6,7.4,6.0,4.2,4.1,0.9,4.8,5.6,3.2,4.0,7.5,5.4,1.0,7.4,7.8,5.9,1.1,6.7,0.7,1.0,2.8,7.8,-1,-1,→,2028-2033,5.37,荷兰法院书记员：就业极其稳定,Netherlands Court Clerk: extremely stable employment,AI综合评估 + O*NET/ILO/OECD锚点校准
GOV-0301-CH-general,公共管理与公务员,GOV,司法行政,法院书记员,Court Clerk,3411,43-4031.00,西欧,瑞士,CH,country,general,本科,22-28,global,4.8,5.2,2.7,9.3,4.3,4.0,3.7,2.8,6.0,6.0,9.7,8.7,7.4,7.2,6.1,4.0,4.4,1.1,5.0,6.1,3.3,4.1,7.2,5.6,1.1,6.7,7.9,5.8,0.9,6.7,0.4,1.2,3.1,7.9,-1,-2,↓,2028-2033,5.41,瑞士法院书记员：就业极其稳定，近年需求下降,"Switzerland Court Clerk: extremely stable employment, declining demand",AI综合评估 + O*NET/ILO/OECD锚点校准
GOV-0301-SE-general,公共管理与公务员,GOV,司法行政,法院书记员,Court Clerk,3411,43-4031.00,北欧,瑞典,SE,country,general,本科,22-28,global,4.4,5.1,3.5,8.7,4.9,5.0,3.4,3.1,5.3,5.6,10.0,8.8,7.5,7.7,6.1,4.0,4.0,1.0,4.6,5.5,3.3,4.1,7.3,5.3,1.0,7.7,8.0,6.2,0.7,7.0,0.8,1.2,2.9,8.1,-1,-1,→,2028-2033,5.4,瑞典法院书记员：就业极其稳定,Sweden Court Clerk: extremely stable employment,AI综合评估 + O*NET/ILO/OECD锚点校准
GOV-0301-DK-general,公共管理与公务员,GOV,司法行政,法院书记员,Court Clerk,3411,43-4031.00,北欧,丹麦,DK,country,general,本科,22-28,global,4.8,5.1,3.1,9.1,4.6,4.8,3.1,2.9,5.2,5.9,10.0,8.7,7.6,7.5,6.2,4.1,4.3,1.0,4.8,5.5,3.6,3.9,7.4,5.7,1.1,7.7,8.1,5.9,1.3,6.6,0.5,1.6,2.6,8.3,-1,-1,→,2028-2033,5.4,丹麦法院书记员：就业极其稳定,Denmark Court Clerk: extremely stable employment,AI综合评估 + O*NET/ILO/OECD锚点校准
GOV-0301-FI-general,公共管理与公务员,GOV,司法行政,法院书记员,Court Clerk,3411,43-4031.00,北欧,芬兰,FI,country,general,本科,22-28,global,4.6,5.4,3.6,9.2,4.7,4.5,3.5,2.9,5.4,5.5,10.0,8.7,7.5,7.7,6.1,4.1,4.4,1.0,4.4,5.6,3.3,4.3,7.4,5.7,1.5,7.4,8.1,6.0,1.1,6.8,0.7,1.2,2.6,8.1,-1,-1,→,2026-2030,5.41,芬兰法院书记员：就业极其稳定,Finland Court Clerk: extremely stable employment,AI综合评估 + O*NET/ILO/OECD锚点校准
GOV-0301-IT-general,公共管理与公务员,GOV,司法行政,法院书记员,Court Clerk,3411,43-4031.00,南欧,意大利,IT,country,general,本科,22-28,global,4.4,5.0,3.0,8.4,4.6,4.6,3.4,3.0,4.7,5.1,9.4,8.6,7.3,6.5,5.6,4.0,4.1,1.5,4.2,5.8,3.0,3.9,6.6,5.2,1.2,5.7,7.4,6.2,1.3,7.2,0.8,0.8,2.9,8.2,-1,-1,→,2026-2030,5.07,意大利法院书记员：就业极其稳定,Italy Court Clerk: extremely stable employment,AI综合评估 + O*NET/ILO/OECD锚点校准
GOV-0301-ES-general,公共管理与公务员,GOV,司法行政,法院书记员,Court Clerk,3411,43-4031.00,南欧,西班牙,ES,country,general,本科,22-28,global,4.8,5.4,3.3,8.6,4.4,4.5,4.0,3.2,4.6,5.2,9.5,8.5,7.4,6.8,5.8,4.1,4.1,1.4,4.4,6.2,3.3,3.7,7.1,5.1,0.9,6.4,7.4,6.1,1.2,7.5,0.9,1.0,2.3,8.2,-1,-1,→,2026-2030,5.14,西班牙法院书记员：就业极其稳定,Spain Court Clerk: extremely stable employment,AI综合评估 + O*NET/ILO/OECD锚点校准
GOV-0301-PT-general,公共管理与公务员,GOV,司法行政,法院书记员,Court Clerk,3411,43-4031.00,南欧,葡萄牙,PT,country,general,本科,22-28,global,4.5,5.0,3.1,8.4,4.3,4.5,3.4,2.9,4.4,5.1,9.5,8.6,7.2,6.6,5.6,4.0,4.0,1.5,4.5,5.5,3.3,3.5,6.8,5.1,1.3,6.9,7.7,6.2,0.8,6.8,0.9,1.2,2.5,7.8,-1,-1,→,2028-2033,5.1,葡萄牙法院书记员：就业极其稳定,Portugal Court Clerk: extremely stable employment,AI综合评估 + O*NET/ILO/OECD锚点校准
GOV-0301-PL-general,公共管理与公务员,GOV,司法行政,法院书记员,Court Clerk,3411,43-4031.00,东欧,波兰,PL,country,general,本科,22-28,global,4.4,5.0,3.3,8.4,4.6,4.8,3.5,3.0,4.2,5.0,9.3,8.5,7.2,6.9,5.6,4.2,4.0,1.4,4.8,5.7,2.9,3.8,7.2,5.0,1.0,6.2,7.6,6.0,1.0,7.2,1.1,1.0,2.8,8.1,-1,-1,→,2028-2033,5.12,波兰法院书记员：就业极其稳定,Poland Court Clerk: extremely stable employment,AI综合评估 + O*NET/ILO/OECD锚点校准
GOV-0301-CZ-general,公共管理与公务员,GOV,司法行政,法院书记员,Court Clerk,3411,43-4031.00,东欧,捷克,CZ,country,general,本科,22-28,global,4.7,5.0,3.2,8.6,4.6,4.3,3.6,3.2,4.4,5.4,9.8,8.6,7.1,7.1,5.7,4.3,4.2,1.4,4.3,5.4,3.4,3.6,7.1,5.1,1.2,6.5,7.6,5.9,0.9,6.8,0.6,1.3,2.7,7.8,-1,-1,→,2026-2030,5.19,捷克法院书记员：就业极其稳定,Czech Republic Court Clerk: extremely stable employment,AI综合评估 + O*NET/ILO/OECD锚点校准
GOV-0301-RU-general,公共管理与公务员,GOV,司法行政,法院书记员,Court Clerk,3411,43-4031.00,东欧,俄罗斯,RU,country,general,本科,22-28,global,4.8,5.2,3.3,8.3,5.4,5.3,3.0,2.9,4.0,4.7,8.8,8.5,6.7,6.6,5.4,4.3,4.0,1.7,4.3,5.3,2.9,3.3,6.1,5.0,0.7,6.0,7.2,5.9,0.8,6.7,1.2,1.2,2.3,7.9,-1,0,→,2026-2030,4.92,俄罗斯法院书记员：就业极其稳定，薪资水平偏低,"Russia Court Clerk: extremely stable employment, relatively low pay",AI综合评估 + O*NET/ILO/OECD锚点校准
GOV-0301-US-general,公共管理与公务员,GOV,司法行政,法院书记员,Court Clerk,3411,43-4031.00,北美,美国,US,country,general,本科,22-28,global,4.9,5.4,3.1,8.9,4.5,4.0,3.5,3.1,5.5,5.7,9.8,8.6,7.3,6.5,5.8,4.5,4.3,1.4,4.7,5.4,3.0,3.8,6.2,5.1,0.9,7.0,7.4,6.2,1.3,6.7,0.7,1.3,3.1,7.7,-1,-1,→,2028-2033,5.23,美国法院书记员：就业极其稳定,United States Court Clerk: extremely stable employment,AI综合评估 + O*NET/ILO/OECD锚点校准
GOV-0301-CA-general,公共管理与公务员,GOV,司法行政,法院书记员,Court Clerk,3411,43-4031.00,北美,加拿大,CA,country,general,本科,22-28,global,4.5,5.3,3.1,8.9,4.6,4.3,3.3,2.9,5.6,5.5,10.0,8.7,7.4,6.8,6.0,4.4,4.3,1.1,4.9,5.9,3.3,3.9,7.2,5.5,1.2,6.8,7.6,6.2,1.2,7.1,0.6,1.5,2.5,8.1,-1,-1,→,2028-2033,5.34,加拿大法院书记员：就业极其稳定,Canada Court Clerk: extremely stable employment,AI综合评估 + O*NET/ILO/OECD锚点校准
GOV-0301-MX-general,公共管理与公务员,GOV,司法行政,法院书记员,Court Clerk,3411,43-4031.00,北美,墨西哥,MX,country,general,本科,22-28,global,4.5,4.7,3.3,8.2,4.6,4.7,3.4,2.8,3.7,4.6,8.6,8.3,6.7,6.1,5.7,4.2,4.1,1.9,4.2,5.3,3.0,3.4,6.0,4.6,0.8,5.8,7.3,6.2,0.8,6.7,0.8,1.1,2.7,8.3,-1,-1,→,2026-2030,4.87,墨西哥法院书记员：就业极其稳定，薪资水平偏低,"Mexico Court Clerk: extremely stable employment, relatively low pay",AI综合评估 + O*NET/ILO/OECD锚点校准
GOV-0301-BR-general,公共管理与公务员,GOV,司法行政,法院书记员,Court Clerk,3411,43-4031.00,南美,巴西,BR,country,general,本科,22-28,global,4.3,5.2,3.1,8.3,5.1,5.4,4.0,3.3,4.5,5.2,9.2,8.5,7.2,6.3,5.2,4.2,3.7,1.4,4.5,5.8,2.9,3.5,6.3,4.7,0.7,6.1,7.5,5.9,1.2,7.5,1.1,1.2,2.1,7.9,-1,0,→,2028-2033,5.05,巴西法院书记员：就业极其稳定,Brazil Court Clerk: extremely stable employment,AI综合评估 + O*NET/ILO/OECD锚点校准
GOV-0301-AR-general,公共管理与公务员,GOV,司法行政,法院书记员,Court Clerk,3411,43-4031.00,南美,阿根廷,AR,country,general,本科,22-28,global,4.4,4.9,3.1,8.4,5.0,5.4,3.3,2.7,3.6,4.2,8.0,8.4,7.0,6.4,5.6,4.2,3.6,1.7,4.6,5.2,3.1,3.6,6.2,4.7,0.9,6.0,7.3,5.7,1.0,6.7,0.8,1.1,2.1,8.3,-2,0,→,2028-2033,4.86,阿根廷法院书记员：就业稳定，薪资水平偏低,"Argentina Court Clerk: stable employment, relatively low pay",AI综合评估 + O*NET/ILO/OECD锚点校准
GOV-0301-CL-general,公共管理与公务员,GOV,司法行政,法院书记员,Court Clerk,3411,43-4031.00,南美,智利,CL,country,general,本科,22-28,global,4.4,4.9,2.8,8.5,4.1,4.0,3.2,3.1,4.3,5.0,9.5,8.5,7.1,6.5,5.4,4.0,4.4,1.3,4.4,5.6,2.8,3.4,6.6,5.1,1.2,6.2,7.8,6.1,1.2,6.8,1.2,1.0,2.1,7.6,-1,-1,→,2026-2030,5.02,智利法院书记员：就业极其稳定,Chile Court Clerk: extremely stable employment,AI综合评估 + O*NET/ILO/OECD锚点校准
GOV-0301-CO-general,公共管理与公务员,GOV,司法行政,法院书记员,Court Clerk,3411,43-4031.00,南美,哥伦比亚,CO,country,general,本科,22-28,global,4.2,5.1,3.3,8.4,4.8,4.9,3.6,3.1,4.0,4.4,8.3,8.3,6.6,6.5,5.1,3.9,3.7,1.7,4.5,5.3,2.9,3.5,6.3,5.0,1.1,5.7,7.6,5.9,0.9,6.7,1.1,0.9,2.4,8.0,-1,-1,→,2028-2033,4.91,哥伦比亚法院书记员：就业稳定，薪资水平偏低,"Colombia Court Clerk: stable employment, relatively low pay",AI综合评估 + O*NET/ILO/OECD锚点校准
GOV-0301-AU-general,公共管理与公务员,GOV,司法行政,法院书记员,Court Clerk,3411,43-4031.00,大洋洲,澳大利亚,AU,country,general,本科,22-28,global,4.9,5.0,3.0,8.8,4.5,4.3,3.6,2.8,5.7,6.0,10.0,8.6,7.5,7.5,5.9,4.3,4.2,1.2,4.3,5.8,3.1,4.0,7.1,5.0,1.2,7.2,8.0,6.1,0.9,7.0,0.6,1.3,2.6,8.1,-1,-1,→,2026-2030,5.32,澳大利亚法院书记员：就业极其稳定,Australia Court Clerk: extremely stable employment,AI综合评估 + O*NET/ILO/OECD锚点校准
GOV-0301-NZ-general,公共管理与公务员,GOV,司法行政,法院书记员,Court Clerk,3411,43-4031.00,大洋洲,新西兰,NZ,country,general,本科,22-28,global,4.5,5.1,2.7,9.0,4.0,4.0,3.5,3.0,5.0,5.5,10.0,8.7,7.6,7.6,6.2,4.3,4.1,1.3,4.6,5.6,3.1,4.4,7.5,5.6,1.5,7.2,7.6,5.9,0.7,7.0,0.8,1.2,2.7,7.7,-1,-1,→,2028-2033,5.32,新西兰法院书记员：就业极其稳定,New Zealand Court Clerk: extremely stable employment,AI综合评估 + O*NET/ILO/OECD锚点校准
GOV-0301-ZA-general,公共管理与公务员,GOV,司法行政,法院书记员,Court Clerk,3411,43-4031.00,非洲,南非,ZA,country,general,本科,22-28,global,4.2,4.7,2.9,8.0,4.8,4.8,3.2,3.0,4.1,4.6,8.3,8.5,7.2,6.2,5.3,4.0,4.1,1.6,4.7,5.0,2.8,3.4,6.4,4.9,0.9,5.7,7.7,5.9,1.1,6.8,1.0,1.1,2.3,7.8,-1,-1,→,2028-2033,4.92,南非法院书记员：就业稳定,South Africa Court Clerk: stable employment,AI综合评估 + O*NET/ILO/OECD锚点校准
GOV-0301-NG-general,公共管理与公务员,GOV,司法行政,法院书记员,Court Clerk,3411,43-4031.00,非洲,尼日利亚,NG,country,general,本科,22-28,global,4.2,4.5,2.8,8.0,4.9,5.0,3.1,3.0,3.5,4.4,8.0,8.2,6.5,5.9,5.3,4.0,3.6,1.9,4.3,4.7,2.8,3.2,6.0,4.4,1.0,5.5,7.6,6.1,1.1,6.7,0.8,0.8,2.2,7.9,-2,-1,→,2026-2030,4.74,尼日利亚法院书记员：就业稳定，薪资水平偏低,"Nigeria Court Clerk: stable employment, relatively low pay",AI综合评估 + O*NET/ILO/OECD锚点校准
GOV-0301-KE-general,公共管理与公务员,GOV,司法行政,法院书记员,Court Clerk,3411,43-4031.00,非洲,肯尼亚,KE,country,general,本科,22-28,global,4.4,4.7,3.0,8.4,4.6,4.8,3.0,2.8,4.2,4.6,8.1,8.3,6.5,6.0,5.0,3.7,3.7,1.7,4.4,5.0,2.7,3.2,6.2,5.1,0.6,5.6,7.6,5.8,0.7,6.8,1.2,0.7,2.4,8.1,-2,-1,→,2026-2030,4.79,肯尼亚法院书记员：就业稳定,Kenya Court Clerk: stable employment,AI综合评估 + O*NET/ILO/OECD锚点校准
GOV-0301-EG-general,公共管理与公务员,GOV,司法行政,法院书记员,Court Clerk,3411,43-4031.00,非洲,埃及,EG,country,general,本科,22-28,global,4.1,4.7,3.1,8.7,5.3,5.6,3.0,3.0,3.8,4.7,8.3,8.6,6.5,6.0,5.5,4.0,3.8,1.9,4.7,5.2,3.1,3.2,6.1,4.7,1.1,4.8,7.3,5.8,0.9,6.9,0.9,1.2,2.1,7.9,-1,0,→,2028-2033,4.89,埃及法院书记员：就业稳定，薪资水平偏低,"Egypt Court Clerk: stable employment, relatively low pay",AI综合评估 + O*NET/ILO/OECD锚点校准
GOV-0302-CN-general,公共管理与公务员,GOV,司法行政,法警,Court Marshal / Bailiff,5412,33-3011.00,东亚,中国,CN,country,general,大专/本科,22-30,global,3.9,4.8,3.3,8.2,4.9,4.5,4.3,3.5,4.4,5.2,9.4,6.7,4.9,5.4,5.0,3.7,3.2,1.9,6.8,5.8,0.6,3.5,4.9,4.9,1.3,4.4,6.0,6.4,4.9,7.7,0.8,1.1,1.7,8.0,0,1,→,2032-2038,4.83,中国法警：就业极其稳定，无法远程办公,"China Court Marshal / Bailiff: extremely stable employment, no remote work possible",AI综合评估 + O*NET/ILO/OECD锚点校准
GOV-0302-JP-general,公共管理与公务员,GOV,司法行政,法警,Court Marshal / Bailiff,5412,33-3011.00,东亚,日本,JP,country,general,大专/本科,22-30,global,4.1,4.6,2.6,7.9,4.0,3.9,4.2,3.1,4.6,5.5,10.0,6.7,5.7,5.6,5.5,3.8,3.4,1.8,6.4,5.5,1.2,3.9,5.4,5.2,1.1,4.3,5.6,6.6,4.9,7.4,1.0,1.2,1.8,8.2,0,0,→,2032-2038,4.84,日本法警：就业极其稳定，无法远程办公,"Japan Court Marshal / Bailiff: extremely stable employment, no remote work possible",AI综合评估 + O*NET/ILO/OECD锚点校准
GOV-0302-KR-general,公共管理与公务员,GOV,司法行政,法警,Court Marshal / Bailiff,5412,33-3011.00,东亚,韩国,KR,country,general,大专/本科,22-30,global,4.1,4.7,2.7,7.8,4.0,3.6,4.3,3.4,4.5,5.0,9.3,6.5,5.5,5.5,5.4,3.7,3.5,1.8,6.4,5.7,0.8,3.5,5.1,5.0,1.3,4.2,6.0,6.6,5.2,7.6,1.1,0.9,1.9,8.0,0,0,→,2032-2038,4.75,韩国法警：就业极其稳定，无法远程办公,"South Korea Court Marshal / Bailiff: extremely stable employment, no remote work possible",AI综合评估 + O*NET/ILO/OECD锚点校准
GOV-0302-TW-general,公共管理与公务员,GOV,司法行政,法警,Court Marshal / Bailiff,5412,33-3011.00,东亚,中国台湾地区,TW,region,general,大专/本科,22-30,global,3.8,4.9,2.4,7.9,3.6,3.2,4.2,3.1,4.4,4.9,9.2,6.5,5.2,6.0,5.4,3.8,3.9,2.0,6.8,5.5,0.8,3.6,5.2,5.4,0.8,4.7,5.6,6.6,5.2,7.5,0.7,1.3,1.7,8.0,0,0,→,2032-2038,4.75,中国台湾地区法警：就业极其稳定，无法远程办公,"Taiwan (China) Court Marshal / Bailiff: extremely stable employment, no remote work possible",AI综合评估 + O*NET/ILO/OECD锚点校准
GOV-0302-HK-general,公共管理与公务员,GOV,司法行政,法警,Court Marshal / Bailiff,5412,33-3011.00,东亚,中国香港地区,HK,region,general,大专/本科,22-30,global,3.9,4.9,2.1,7.5,3.4,3.1,3.4,2.8,5.3,5.2,9.0,6.6,5.5,5.5,5.1,3.4,4.0,1.8,6.6,5.2,0.8,3.5,4.8,5.4,1.0,5.0,6.1,6.7,4.7,7.0,0.7,1.4,2.5,7.9,0,0,→,2032-2038,4.74,中国香港地区法警：就业极其稳定，无法远程办公,"Hong Kong (China) Court Marshal / Bailiff: extremely stable employment, no remote work possible",AI综合评估 + O*NET/ILO/OECD锚点校准
GOV-0302-SG-general,公共管理与公务员,GOV,司法行政,法警,Court Marshal / Bailiff,5412,33-3011.00,东南亚,新加坡,SG,country,general,大专/本科,22-30,global,4.0,4.8,2.2,8.1,3.3,3.1,3.6,3.2,5.4,5.6,10.0,6.7,5.4,5.7,5.1,3.6,3.5,1.7,6.5,5.4,0.9,3.6,5.1,5.2,1.2,4.9,6.0,6.5,5.3,7.3,1.0,1.3,2.3,7.7,0,-1,→,2032-2038,4.83,新加坡法警：就业极其稳定，无法远程办公,"Singapore Court Marshal / Bailiff: extremely stable employment, no remote work possible",AI综合评估 + O*NET/ILO/OECD锚点校准
GOV-0302-TH-general,公共管理与公务员,GOV,司法行政,法警,Court Marshal / Bailiff,5412,33-3011.00,东南亚,泰国,TH,country,general,大专/本科,22-30,global,3.9,4.7,2.5,7.4,4.3,3.8,3.2,3.1,3.4,4.1,8.6,6.5,5.7,5.9,5.5,3.7,3.2,2.2,6.5,5.0,1.0,3.4,5.4,4.7,1.2,4.8,6.1,6.3,4.8,7.0,1.2,0.6,1.5,8.0,0,0,→,2032-2038,4.55,泰国法警：就业极其稳定，薪资水平偏低，无法远程办公,"Thailand Court Marshal / Bailiff: extremely stable employment, relatively low pay, no remote work possible",AI综合评估 + O*NET/ILO/OECD锚点校准
GOV-0302-VN-general,公共管理与公务员,GOV,司法行政,法警,Court Marshal / Bailiff,5412,33-3011.00,东南亚,越南,VN,country,general,大专/本科,22-30,global,4.0,4.3,2.7,7.7,4.6,4.6,3.5,3.3,3.2,4.4,9.1,6.6,5.2,5.6,5.2,3.5,3.4,2.3,6.7,4.7,0.7,3.4,5.2,5.1,1.1,4.6,6.1,6.7,4.8,7.4,1.1,0.8,1.7,8.1,0,1,→,2032-2038,4.62,越南法警：就业极其稳定，薪资水平偏低，无法远程办公,"Vietnam Court Marshal / Bailiff: extremely stable employment, relatively low pay, no remote work possible",AI综合评估 + O*NET/ILO/OECD锚点校准
GOV-0302-ID-general,公共管理与公务员,GOV,司法行政,法警,Court Marshal / Bailiff,5412,33-3011.00,东南亚,印度尼西亚,ID,country,general,大专/本科,22-30,global,3.8,4.7,2.7,7.4,4.1,3.9,3.2,2.7,3.6,4.1,8.1,6.5,5.5,5.6,5.6,3.4,3.2,1.9,6.4,4.9,0.9,3.5,5.1,5.1,0.6,4.2,6.1,6.7,4.8,6.8,0.8,0.7,1.5,8.2,0,0,→,2032-2038,4.52,印度尼西亚法警：就业稳定，薪资水平偏低，无法远程办公,"Indonesia Court Marshal / Bailiff: stable employment, relatively low pay, no remote work possible",AI综合评估 + O*NET/ILO/OECD锚点校准
GOV-0302-MY-general,公共管理与公务员,GOV,司法行政,法警,Court Marshal / Bailiff,5412,33-3011.00,东南亚,马来西亚,MY,country,general,大专/本科,22-30,global,3.8,4.5,2.5,7.6,3.9,3.7,3.5,2.8,4.1,4.6,8.9,6.5,5.7,5.5,5.5,3.2,3.3,2.0,6.7,5.0,1.1,3.5,5.6,5.0,1.1,4.7,5.8,6.7,4.9,7.0,1.1,0.8,2.2,8.3,0,0,→,2032-2038,4.66,马来西亚法警：就业极其稳定，无法远程办公,"Malaysia Court Marshal / Bailiff: extremely stable employment, no remote work possible",AI综合评估 + O*NET/ILO/OECD锚点校准
GOV-0302-PH-general,公共管理与公务员,GOV,司法行政,法警,Court Marshal / Bailiff,5412,33-3011.00,东南亚,菲律宾,PH,country,general,大专/本科,22-30,global,4.1,4.1,2.4,7.5,4.3,3.8,3.5,3.0,2.9,4.1,7.9,6.4,5.4,5.8,5.4,3.8,3.3,2.1,6.8,4.7,1.1,3.3,5.4,5.0,1.0,5.0,5.8,6.3,5.2,6.6,0.9,0.9,1.8,8.0,0,0,→,2032-2038,4.55,菲律宾法警：就业稳定，薪资水平偏低，无法远程办公,"Philippines Court Marshal / Bailiff: stable employment, relatively low pay, no remote work possible",AI综合评估 + O*NET/ILO/OECD锚点校准
GOV-0302-IN-general,公共管理与公务员,GOV,司法行政,法警,Court Marshal / Bailiff,5412,33-3011.00,南亚,印度,IN,country,general,大专/本科,22-30,global,4.1,5.1,2.8,7.4,4.7,4.1,4.3,3.3,3.7,4.6,8.8,6.6,5.1,5.6,5.4,3.4,3.4,1.9,6.3,5.7,1.1,3.1,5.0,5.0,1.1,4.2,6.0,6.4,5.1,7.8,0.6,1.1,2.2,7.8,0,1,→,2032-2038,4.67,印度法警：就业极其稳定，薪资水平偏低，无法远程办公,"India Court Marshal / Bailiff: extremely stable employment, relatively low pay, no remote work possible",AI综合评估 + O*NET/ILO/OECD锚点校准
GOV-0302-PK-general,公共管理与公务员,GOV,司法行政,法警,Court Marshal / Bailiff,5412,33-3011.00,南亚,巴基斯坦,PK,country,general,大专/本科,22-30,global,3.8,4.6,2.4,7.2,4.5,4.2,3.7,3.2,2.9,3.7,7.7,6.4,5.3,5.5,5.0,3.5,3.3,2.1,6.2,4.9,1.1,3.0,5.1,4.9,1.2,3.1,5.6,6.5,4.7,7.2,1.1,0.5,1.7,8.0,0,0,→,2032-2038,4.4,巴基斯坦法警：就业稳定，薪资水平偏低，无法远程办公,"Pakistan Court Marshal / Bailiff: stable employment, relatively low pay, no remote work possible",AI综合评估 + O*NET/ILO/OECD锚点校准
GOV-0302-BD-general,公共管理与公务员,GOV,司法行政,法警,Court Marshal / Bailiff,5412,33-3011.00,南亚,孟加拉国,BD,country,general,大专/本科,22-30,global,4.0,4.3,2.3,7.3,4.2,3.5,3.4,3.0,2.8,3.9,7.9,6.4,5.4,5.2,4.9,3.1,3.6,2.2,6.1,4.6,0.9,3.0,4.7,5.1,0.8,3.8,5.8,6.7,4.7,7.3,0.9,0.8,2.1,8.2,0,0,→,2032-2038,4.36,孟加拉国法警：就业稳定，薪资水平偏低，无法远程办公,"Bangladesh Court Marshal / Bailiff: stable employment, relatively low pay, no remote work possible",AI综合评估 + O*NET/ILO/OECD锚点校准
GOV-0302-AE-general,公共管理与公务员,GOV,司法行政,法警,Court Marshal / Bailiff,5412,33-3011.00,中亚/西亚,阿联酋,AE,country,general,大专/本科,22-30,global,3.9,4.1,2.7,7.9,4.4,3.6,2.9,2.6,5.6,5.2,9.9,6.6,5.6,5.8,5.1,3.5,3.9,1.7,6.5,4.9,0.9,3.5,5.4,5.3,1.1,4.3,5.6,6.4,4.9,6.8,0.9,1.1,2.0,7.8,0,0,→,2032-2038,4.83,阿联酋法警：就业极其稳定，无法远程办公,"United Arab Emirates Court Marshal / Bailiff: extremely stable employment, no remote work possible",AI综合评估 + O*NET/ILO/OECD锚点校准
GOV-0302-IL-general,公共管理与公务员,GOV,司法行政,法警,Court Marshal / Bailiff,5412,33-3011.00,中亚/西亚,以色列,IL,country,general,大专/本科,22-30,global,4.2,4.9,2.6,7.9,4.1,3.6,3.4,2.8,4.3,5.0,8.7,6.6,5.6,6.0,5.5,4.0,3.9,2.0,6.5,5.3,0.8,3.8,5.6,5.4,1.1,5.1,6.2,6.3,4.7,6.8,1.3,1.1,2.2,7.8,0,0,→,2032-2038,4.76,以色列法警：就业极其稳定，无法远程办公,"Israel Court Marshal / Bailiff: extremely stable employment, no remote work possible",AI综合评估 + O*NET/ILO/OECD锚点校准
GOV-0302-SA-general,公共管理与公务员,GOV,司法行政,法警,Court Marshal / Bailiff,5412,33-3011.00,中亚/西亚,沙特阿拉伯,SA,country,general,大专/本科,22-30,global,3.8,4.2,2.7,8.0,4.4,4.2,3.0,2.9,5.0,5.0,8.9,6.7,5.4,5.8,5.3,3.6,3.6,2.0,6.4,5.1,0.9,3.4,5.1,5.3,0.9,3.3,6.0,6.7,5.2,6.5,1.0,0.8,1.8,7.8,0,1,→,2032-2038,4.73,沙特阿拉伯法警：就业极其稳定，无法远程办公,"Saudi Arabia Court Marshal / Bailiff: extremely stable employment, no remote work possible",AI综合评估 + O*NET/ILO/OECD锚点校准
GOV-0302-TR-general,公共管理与公务员,GOV,司法行政,法警,Court Marshal / Bailiff,5412,33-3011.00,中亚/西亚,土耳其,TR,country,general,大专/本科,22-30,global,3.9,4.4,2.6,7.3,4.3,4.1,3.3,3.1,3.8,4.3,8.0,6.5,5.5,5.5,5.2,3.7,3.1,2.2,6.6,5.2,0.8,3.1,5.2,5.1,1.1,4.4,6.0,6.8,5.1,7.4,0.7,0.9,1.8,8.3,0,0,→,2032-2038,4.56,土耳其法警：就业稳定，薪资水平偏低，无法远程办公,"Turkey Court Marshal / Bailiff: stable employment, relatively low pay, no remote work possible",AI综合评估 + O*NET/ILO/OECD锚点校准
GOV-0302-GB-general,公共管理与公务员,GOV,司法行政,法警,Court Marshal / Bailiff,5412,33-3011.00,西欧,英国,GB,country,general,大专/本科,22-30,global,4.3,4.8,2.7,8.0,3.9,3.1,3.2,3.3,4.3,5.2,9.4,6.5,5.7,6.7,6.0,3.9,3.7,1.8,6.4,5.4,1.3,3.8,6.0,5.0,1.3,5.4,6.1,6.3,4.8,7.1,0.9,1.0,2.3,8.2,0,0,→,2032-2038,4.85,英国法警：就业极其稳定，无法远程办公,"United Kingdom Court Marshal / Bailiff: extremely stable employment, no remote work possible",AI综合评估 + O*NET/ILO/OECD锚点校准
GOV-0302-FR-general,公共管理与公务员,GOV,司法行政,法警,Court Marshal / Bailiff,5412,33-3011.00,西欧,法国,FR,country,general,大专/本科,22-30,global,4.5,5.1,3.0,7.6,4.3,4.4,3.6,3.2,4.4,5.1,9.5,6.6,5.9,6.9,6.3,3.3,3.5,2.0,6.4,5.4,1.3,3.8,6.0,5.3,1.1,5.4,6.1,6.6,5.1,7.5,0.9,0.9,2.1,8.1,0,1,→,2032-2038,4.87,法国法警：就业极其稳定，无法远程办公,"France Court Marshal / Bailiff: extremely stable employment, no remote work possible",AI综合评估 + O*NET/ILO/OECD锚点校准
GOV-0302-DE-general,公共管理与公务员,GOV,司法行政,法警,Court Marshal / Bailiff,5412,33-3011.00,西欧,德国,DE,country,general,大专/本科,22-30,global,4.3,4.6,2.7,7.8,4.2,3.3,3.6,3.2,5.1,5.0,9.4,6.6,6.0,7.0,6.4,3.6,3.5,1.6,6.8,5.2,1.3,4.0,6.2,5.2,1.0,5.2,6.1,6.3,4.8,7.3,1.1,1.1,2.4,8.2,0,0,→,2032-2038,4.96,德国法警：就业极其稳定，无法远程办公,"Germany Court Marshal / Bailiff: extremely stable employment, no remote work possible",AI综合评估 + O*NET/ILO/OECD锚点校准
GOV-0302-NL-general,公共管理与公务员,GOV,司法行政,法警,Court Marshal / Bailiff,5412,33-3011.00,西欧,荷兰,NL,country,general,大专/本科,22-30,global,4.1,4.5,2.7,7.9,4.1,3.2,3.7,2.9,4.6,5.2,9.6,6.6,6.0,7.1,6.1,3.3,3.7,1.5,6.4,5.0,1.2,4.3,6.5,5.4,1.0,6.1,6.2,6.6,4.7,6.6,0.9,1.1,2.2,7.9,0,0,→,2032-2038,4.98,荷兰法警：就业极其稳定，无法远程办公,"Netherlands Court Marshal / Bailiff: extremely stable employment, no remote work possible",AI综合评估 + O*NET/ILO/OECD锚点校准
GOV-0302-CH-general,公共管理与公务员,GOV,司法行政,法警,Court Marshal / Bailiff,5412,33-3011.00,西欧,瑞士,CH,country,general,大专/本科,22-30,global,4.3,4.9,2.5,8.2,3.5,3.2,3.4,2.7,5.3,5.5,9.9,6.8,5.8,6.8,6.0,3.7,3.5,1.4,6.5,5.2,1.2,4.2,6.6,5.3,1.0,5.3,6.5,6.4,5.1,6.8,0.9,1.4,2.4,8.2,0,-1,→,2032-2038,4.98,瑞士法警：就业极其稳定，无法远程办公,"Switzerland Court Marshal / Bailiff: extremely stable employment, no remote work possible",AI综合评估 + O*NET/ILO/OECD锚点校准
GOV-0302-SE-general,公共管理与公务员,GOV,司法行政,法警,Court Marshal / Bailiff,5412,33-3011.00,北欧,瑞典,SE,country,general,大专/本科,22-30,global,4.2,4.6,2.8,8.3,4.6,4.1,3.1,2.9,4.6,5.1,9.6,6.7,6.1,7.2,5.9,3.6,3.6,1.6,6.8,5.2,1.3,4.1,6.3,5.3,1.2,6.1,6.6,6.6,5.1,6.7,0.7,1.2,2.0,8.3,0,0,→,2032-2038,5.01,瑞典法警：就业极其稳定，无法远程办公,"Sweden Court Marshal / Bailiff: extremely stable employment, no remote work possible",AI综合评估 + O*NET/ILO/OECD锚点校准
GOV-0302-DK-general,公共管理与公务员,GOV,司法行政,法警,Court Marshal / Bailiff,5412,33-3011.00,北欧,丹麦,DK,country,general,大专/本科,22-30,global,4.2,4.8,2.5,8.0,4.3,4.2,3.2,3.1,5.2,5.1,9.7,6.7,5.9,6.9,6.5,4.0,4.1,1.8,6.6,4.9,1.3,4.2,6.5,5.6,1.2,6.1,6.6,6.7,5.0,6.6,0.8,1.2,2.2,8.0,0,0,→,2032-2038,5.06,丹麦法警：就业极其稳定，无法远程办公,"Denmark Court Marshal / Bailiff: extremely stable employment, no remote work possible",AI综合评估 + O*NET/ILO/OECD锚点校准
GOV-0302-FI-general,公共管理与公务员,GOV,司法行政,法警,Court Marshal / Bailiff,5412,33-3011.00,北欧,芬兰,FI,country,general,大专/本科,22-30,global,4.3,4.3,2.7,8.2,3.8,3.8,3.2,2.8,4.9,5.3,9.8,6.6,5.9,7.1,6.4,3.8,3.4,1.5,6.6,4.8,1.2,4.2,6.7,5.6,1.3,6.2,6.3,6.6,5.2,6.7,0.9,1.1,2.2,8.0,0,0,→,2032-2038,5.02,芬兰法警：就业极其稳定，无法远程办公,"Finland Court Marshal / Bailiff: extremely stable employment, no remote work possible",AI综合评估 + O*NET/ILO/OECD锚点校准
GOV-0302-IT-general,公共管理与公务员,GOV,司法行政,法警,Court Marshal / Bailiff,5412,33-3011.00,南欧,意大利,IT,country,general,大专/本科,22-30,global,3.8,5.0,2.5,7.7,4.4,4.0,3.4,3.0,4.3,4.9,8.7,6.7,5.6,6.3,5.4,3.5,3.3,1.8,6.5,5.4,1.2,3.7,5.7,4.9,1.2,4.6,6.2,6.4,4.8,7.0,1.2,1.2,2.0,7.8,0,0,→,2032-2038,4.75,意大利法警：就业极其稳定，无法远程办公,"Italy Court Marshal / Bailiff: extremely stable employment, no remote work possible",AI综合评估 + O*NET/ILO/OECD锚点校准
GOV-0302-ES-general,公共管理与公务员,GOV,司法行政,法警,Court Marshal / Bailiff,5412,33-3011.00,南欧,西班牙,ES,country,general,大专/本科,22-30,global,4.0,4.5,2.7,7.6,4.1,3.9,3.8,3.3,4.2,4.4,8.7,6.6,5.8,6.1,6.1,3.7,3.4,1.9,6.6,5.4,0.8,3.4,6.1,5.2,1.3,4.9,6.2,6.7,5.2,7.5,0.7,0.9,2.0,8.0,0,0,→,2032-2038,4.79,西班牙法警：就业极其稳定，无法远程办公,"Spain Court Marshal / Bailiff: extremely stable employment, no remote work possible",AI综合评估 + O*NET/ILO/OECD锚点校准
GOV-0302-PT-general,公共管理与公务员,GOV,司法行政,法警,Court Marshal / Bailiff,5412,33-3011.00,南欧,葡萄牙,PT,country,general,大专/本科,22-30,global,3.9,4.5,2.3,7.8,4.3,3.4,3.5,3.0,3.8,4.3,9.2,6.7,5.7,6.2,5.7,3.3,3.6,1.9,6.5,4.9,1.1,3.9,6.1,5.4,1.4,4.9,6.3,6.3,4.9,7.0,1.2,1.0,2.3,7.9,0,0,→,2032-2038,4.75,葡萄牙法警：就业极其稳定，薪资水平偏低，无法远程办公,"Portugal Court Marshal / Bailiff: extremely stable employment, relatively low pay, no remote work possible",AI综合评估 + O*NET/ILO/OECD锚点校准
GOV-0302-PL-general,公共管理与公务员,GOV,司法行政,法警,Court Marshal / Bailiff,5412,33-3011.00,东欧,波兰,PL,country,general,大专/本科,22-30,global,4.0,4.6,2.5,7.5,4.1,3.7,3.4,3.1,3.7,4.6,8.7,6.4,6.0,6.6,5.9,3.7,3.3,1.8,6.4,4.7,0.9,4.0,6.1,4.8,0.8,5.0,6.1,6.5,5.2,6.6,0.8,1.0,1.9,7.9,0,0,→,2032-2038,4.72,波兰法警：就业极其稳定，薪资水平偏低，无法远程办公,"Poland Court Marshal / Bailiff: extremely stable employment, relatively low pay, no remote work possible",AI综合评估 + O*NET/ILO/OECD锚点校准
GOV-0302-CZ-general,公共管理与公务员,GOV,司法行政,法警,Court Marshal / Bailiff,5412,33-3011.00,东欧,捷克,CZ,country,general,大专/本科,22-30,global,4.2,4.6,2.6,7.9,4.1,3.3,3.5,3.0,3.8,4.7,9.1,6.5,5.9,6.6,5.6,3.5,3.7,2.0,6.4,4.9,1.1,4.0,6.3,5.0,1.0,4.7,6.4,6.5,5.0,7.2,1.2,1.2,2.0,8.1,0,0,→,2032-2038,4.74,捷克法警：就业极其稳定，薪资水平偏低，无法远程办公,"Czech Republic Court Marshal / Bailiff: extremely stable employment, relatively low pay, no remote work possible",AI综合评估 + O*NET/ILO/OECD锚点校准
GOV-0302-RU-general,公共管理与公务员,GOV,司法行政,法警,Court Marshal / Bailiff,5412,33-3011.00,东欧,俄罗斯,RU,country,general,大专/本科,22-30,global,4.1,4.6,2.6,7.5,4.7,4.2,3.3,2.8,3.7,4.3,8.4,6.5,5.5,5.5,5.3,3.6,3.5,2.4,6.4,4.6,1.2,3.2,5.4,4.6,0.6,5.0,6.2,6.8,5.1,6.8,1.1,1.0,2.0,7.9,0,1,→,2032-2038,4.57,俄罗斯法警：就业稳定，薪资水平偏低，无法远程办公,"Russia Court Marshal / Bailiff: stable employment, relatively low pay, no remote work possible",AI综合评估 + O*NET/ILO/OECD锚点校准
GOV-0302-US-general,公共管理与公务员,GOV,司法行政,法警,Court Marshal / Bailiff,5412,33-3011.00,北美,美国,US,country,general,大专/本科,22-30,global,4.5,4.5,2.6,7.5,3.7,3.2,3.6,2.9,4.6,5.2,9.1,6.7,5.7,6.1,5.6,3.7,3.4,1.9,6.6,5.3,1.1,3.8,5.8,5.0,0.8,5.2,6.0,6.7,5.0,6.8,0.8,1.3,2.5,7.8,0,0,→,2032-2038,4.8,美国法警：就业极其稳定，无法远程办公,"United States Court Marshal / Bailiff: extremely stable employment, no remote work possible",AI综合评估 + O*NET/ILO/OECD锚点校准
GOV-0302-CA-general,公共管理与公务员,GOV,司法行政,法警,Court Marshal / Bailiff,5412,33-3011.00,北美,加拿大,CA,country,general,大专/本科,22-30,global,4.1,4.8,2.6,7.6,3.8,3.4,3.7,2.8,4.8,5.2,9.5,6.6,5.8,6.4,5.9,3.4,3.9,1.9,6.6,5.2,1.1,4.1,6.4,5.3,1.2,5.8,6.0,6.3,5.2,7.1,1.0,1.0,2.3,8.1,0,0,→,2032-2038,4.88,加拿大法警：就业极其稳定，无法远程办公,"Canada Court Marshal / Bailiff: extremely stable employment, no remote work possible",AI综合评估 + O*NET/ILO/OECD锚点校准
GOV-0302-MX-general,公共管理与公务员,GOV,司法行政,法警,Court Marshal / Bailiff,5412,33-3011.00,北美,墨西哥,MX,country,general,大专/本科,22-30,global,4.0,4.4,2.6,7.2,4.2,3.6,3.3,2.9,3.1,3.9,7.7,6.4,5.1,5.5,5.5,3.6,3.4,2.3,6.4,4.7,0.7,3.5,5.4,5.1,1.1,4.1,6.2,6.7,4.9,7.0,0.8,1.1,1.9,7.8,0,0,→,2032-2038,4.47,墨西哥法警：就业稳定，薪资水平偏低，无法远程办公,"Mexico Court Marshal / Bailiff: stable employment, relatively low pay, no remote work possible",AI综合评估 + O*NET/ILO/OECD锚点校准
GOV-0302-BR-general,公共管理与公务员,GOV,司法行政,法警,Court Marshal / Bailiff,5412,33-3011.00,南美,巴西,BR,country,general,大专/本科,22-30,global,3.9,4.8,2.9,7.4,4.4,4.0,3.6,3.3,4.4,4.7,8.6,6.5,5.4,5.8,5.5,3.2,3.4,1.9,6.6,5.3,1.2,3.5,5.7,4.9,0.7,4.4,5.8,6.5,4.8,7.2,0.7,1.1,1.6,7.9,0,1,→,2032-2038,4.71,巴西法警：就业极其稳定，无法远程办公,"Brazil Court Marshal / Bailiff: extremely stable employment, no remote work possible",AI综合评估 + O*NET/ILO/OECD锚点校准
GOV-0302-AR-general,公共管理与公务员,GOV,司法行政,法警,Court Marshal / Bailiff,5412,33-3011.00,南美,阿根廷,AR,country,general,大专/本科,22-30,global,4.0,4.2,2.5,7.4,4.6,4.2,3.0,3.1,3.6,4.3,8.0,6.4,5.3,5.6,5.3,3.7,3.5,2.1,6.6,4.7,1.1,3.1,5.6,4.9,0.8,4.7,5.6,6.6,4.7,6.6,1.3,0.8,1.9,8.2,-1,1,→,2032-2038,4.56,阿根廷法警：就业稳定，薪资水平偏低，无法远程办公,"Argentina Court Marshal / Bailiff: stable employment, relatively low pay, no remote work possible",AI综合评估 + O*NET/ILO/OECD锚点校准
GOV-0302-CL-general,公共管理与公务员,GOV,司法行政,法警,Court Marshal / Bailiff,5412,33-3011.00,南美,智利,CL,country,general,大专/本科,22-30,global,3.7,4.2,2.5,7.6,3.6,3.0,3.5,3.1,3.9,4.8,8.8,6.4,5.7,6.2,5.5,3.4,3.7,1.8,6.5,5.0,1.2,3.6,5.4,5.0,1.2,4.3,6.3,6.8,5.3,6.7,0.9,0.8,2.0,7.8,0,0,→,2032-2038,4.71,智利法警：就业极其稳定，薪资水平偏低，无法远程办公,"Chile Court Marshal / Bailiff: extremely stable employment, relatively low pay, no remote work possible",AI综合评估 + O*NET/ILO/OECD锚点校准
GOV-0302-CO-general,公共管理与公务员,GOV,司法行政,法警,Court Marshal / Bailiff,5412,33-3011.00,南美,哥伦比亚,CO,country,general,大专/本科,22-30,global,4.3,4.4,2.6,7.0,4.1,3.7,3.2,2.9,3.5,4.3,7.8,6.4,5.3,5.6,5.7,3.6,3.4,1.9,6.8,4.3,0.7,3.1,5.5,5.0,1.1,4.1,5.9,6.7,5.2,6.8,1.1,0.7,2.1,7.8,0,0,→,2032-2038,4.52,哥伦比亚法警：就业稳定，薪资水平偏低，无法远程办公,"Colombia Court Marshal / Bailiff: stable employment, relatively low pay, no remote work possible",AI综合评估 + O*NET/ILO/OECD锚点校准
GOV-0302-AU-general,公共管理与公务员,GOV,司法行政,法警,Court Marshal / Bailiff,5412,33-3011.00,大洋洲,澳大利亚,AU,country,general,大专/本科,22-30,global,4.1,4.4,2.4,8.1,4.1,3.5,3.6,2.6,5.1,5.2,9.4,6.6,6.0,6.9,5.9,3.5,3.6,1.7,6.4,5.1,1.0,4.1,6.3,5.1,1.0,5.5,6.2,6.6,5.1,6.9,0.7,1.2,1.9,8.0,0,0,→,2032-2038,4.91,澳大利亚法警：就业极其稳定，无法远程办公,"Australia Court Marshal / Bailiff: extremely stable employment, no remote work possible",AI综合评估 + O*NET/ILO/OECD锚点校准
GOV-0302-NZ-general,公共管理与公务员,GOV,司法行政,法警,Court Marshal / Bailiff,5412,33-3011.00,大洋洲,新西兰,NZ,country,general,大专/本科,22-30,global,4.2,4.7,2.2,8.3,3.9,2.8,3.6,3.1,4.4,5.4,9.7,6.7,6.1,7.0,6.2,3.5,3.7,1.5,6.5,5.0,1.0,4.0,6.6,5.2,1.2,5.5,6.4,6.3,4.8,6.9,0.8,1.2,2.3,7.9,0,0,→,2032-2038,4.95,新西兰法警：就业极其稳定，无法远程办公,"New Zealand Court Marshal / Bailiff: extremely stable employment, no remote work possible",AI综合评估 + O*NET/ILO/OECD锚点校准
GOV-0302-ZA-general,公共管理与公务员,GOV,司法行政,法警,Court Marshal / Bailiff,5412,33-3011.00,非洲,南非,ZA,country,general,大专/本科,22-30,global,4.1,4.6,2.4,7.3,4.1,3.4,3.4,2.9,4.0,4.2,7.8,6.3,5.3,5.6,5.2,3.8,3.2,2.0,6.5,4.9,1.1,3.4,5.5,5.0,1.2,4.3,6.1,6.2,5.2,7.0,0.9,0.9,1.8,8.0,0,0,→,2032-2038,4.53,南非法警：就业稳定，薪资水平偏低，无法远程办公,"South Africa Court Marshal / Bailiff: stable employment, relatively low pay, no remote work possible",AI综合评估 + O*NET/ILO/OECD锚点校准
GOV-0302-NG-general,公共管理与公务员,GOV,司法行政,法警,Court Marshal / Bailiff,5412,33-3011.00,非洲,尼日利亚,NG,country,general,大专/本科,22-30,global,4.0,4.2,2.7,7.2,4.3,3.9,3.0,2.5,3.1,3.8,7.6,6.3,5.4,5.2,4.9,3.5,3.3,2.1,6.6,4.3,1.1,3.1,4.6,4.6,0.7,3.9,5.9,6.4,5.0,6.3,1.0,0.5,1.8,7.9,-1,0,→,2032-2038,4.37,尼日利亚法警：就业稳定，薪资水平偏低，无法远程办公,"Nigeria Court Marshal / Bailiff: stable employment, relatively low pay, no remote work possible",AI综合评估 + O*NET/ILO/OECD锚点校准
GOV-0302-KE-general,公共管理与公务员,GOV,司法行政,法警,Court Marshal / Bailiff,5412,33-3011.00,非洲,肯尼亚,KE,country,general,大专/本科,22-30,global,3.6,4.5,2.6,7.1,3.9,3.8,3.5,2.9,3.4,4.1,7.7,6.3,5.3,5.9,5.3,3.6,3.2,2.3,6.2,4.5,0.8,3.1,5.1,5.1,1.2,4.4,5.9,6.6,5.2,7.0,1.2,0.6,1.8,8.0,-1,0,→,2032-2038,4.44,肯尼亚法警：就业稳定，薪资水平偏低，无法远程办公,"Kenya Court Marshal / Bailiff: stable employment, relatively low pay, no remote work possible",AI综合评估 + O*NET/ILO/OECD锚点校准
GOV-0302-EG-general,公共管理与公务员,GOV,司法行政,法警,Court Marshal / Bailiff,5412,33-3011.00,非洲,埃及,EG,country,general,大专/本科,22-30,global,3.8,4.2,2.7,7.2,4.3,4.4,3.3,2.7,3.0,4.0,8.3,6.5,5.3,5.5,5.0,3.3,3.2,2.1,6.5,5.0,1.2,3.3,5.2,4.7,0.7,3.4,5.9,6.7,5.1,6.8,1.1,1.2,2.0,8.1,0,1,→,2032-2038,4.49,埃及法警：就业稳定，薪资水平偏低，无法远程办公,"Egypt Court Marshal / Bailiff: stable employment, relatively low pay, no remote work possible",AI综合评估 + O*NET/ILO/OECD锚点校准
GOV-0303-CN-general,公共管理与公务员,GOV,司法行政,监狱管理人员,Corrections Officer,5413,33-3012.00,东亚,中国,CN,country,general,高中/大专,20-30,global,3.6,4.4,2.9,7.4,5.5,4.9,5.2,5.1,4.0,4.7,8.7,4.8,4.0,4.5,2.9,3.2,3.0,2.5,7.2,4.9,0.0,2.7,4.0,4.7,1.0,4.0,4.9,7.0,6.0,7.4,0.9,1.2,2.2,8.5,0,1,→,2032-2038,4.54,中国监狱管理人员：就业极其稳定，薪资水平偏低，AI替代抗性强,"China Corrections Officer: extremely stable employment, relatively low pay, strong AI resistance",AI综合评估 + O*NET/ILO/OECD锚点校准
GOV-0303-JP-general,公共管理与公务员,GOV,司法行政,监狱管理人员,Corrections Officer,5413,33-3012.00,东亚,日本,JP,country,general,高中/大专,20-30,global,3.8,4.6,3.1,7.3,4.7,4.1,5.0,5.0,4.9,5.5,9.2,4.8,4.3,5.4,3.6,3.1,3.1,2.3,7.3,4.6,0.1,3.2,4.4,4.6,1.3,4.1,5.5,6.7,6.3,6.9,1.1,1.3,1.8,8.4,0,0,→,2032-2038,4.68,日本监狱管理人员：就业极其稳定，AI替代抗性强，无法远程办公,"Japan Corrections Officer: extremely stable employment, strong AI resistance, no remote work possible",AI综合评估 + O*NET/ILO/OECD锚点校准
GOV-0303-KR-general,公共管理与公务员,GOV,司法行政,监狱管理人员,Corrections Officer,5413,33-3012.00,东亚,韩国,KR,country,general,高中/大专,20-30,global,3.9,4.2,2.4,7.5,4.5,4.2,5.2,4.8,4.5,4.8,8.9,4.7,4.5,5.1,3.2,2.9,3.3,2.4,6.9,4.8,0.4,3.3,3.9,4.8,1.3,3.7,5.2,6.9,6.1,6.9,0.8,1.3,2.0,8.4,0,0,→,2032-2038,4.57,韩国监狱管理人员：就业极其稳定，无法远程办公,"South Korea Corrections Officer: extremely stable employment, no remote work possible",AI综合评估 + O*NET/ILO/OECD锚点校准
GOV-0303-TW-general,公共管理与公务员,GOV,司法行政,监狱管理人员,Corrections Officer,5413,33-3012.00,东亚,中国台湾地区,TW,region,general,高中/大专,20-30,global,3.4,4.2,2.3,7.2,4.4,3.6,5.1,4.6,3.9,4.7,8.9,4.6,4.2,5.2,3.5,2.8,3.4,2.6,7.0,4.4,0.1,3.0,4.1,4.9,1.2,4.2,5.3,7.3,6.3,7.2,1.0,1.0,1.9,8.6,0,0,→,2032-2038,4.48,中国台湾地区监狱管理人员：就业极其稳定，薪资水平偏低，AI替代抗性强,"Taiwan (China) Corrections Officer: extremely stable employment, relatively low pay, strong AI resistance",AI综合评估 + O*NET/ILO/OECD锚点校准
GOV-0303-HK-general,公共管理与公务员,GOV,司法行政,监狱管理人员,Corrections Officer,5413,33-3012.00,东亚,中国香港地区,HK,region,general,高中/大专,20-30,global,3.9,4.1,2.2,7.1,4.5,3.3,4.4,4.6,5.0,5.4,9.0,4.5,4.3,5.0,2.9,3.1,3.5,2.4,7.3,4.1,0.4,3.1,4.0,4.8,1.3,4.3,5.4,7.0,5.8,6.5,1.0,1.0,2.2,8.6,0,0,→,2032-2038,4.56,中国香港地区监狱管理人员：就业极其稳定，职业安全风险高，AI替代抗性强,"Hong Kong (China) Corrections Officer: extremely stable employment, high safety risk, strong AI resistance",AI综合评估 + O*NET/ILO/OECD锚点校准
GOV-0303-SG-general,公共管理与公务员,GOV,司法行政,监狱管理人员,Corrections Officer,5413,33-3012.00,东南亚,新加坡,SG,country,general,高中/大专,20-30,global,3.8,4.6,2.4,7.9,4.4,3.3,4.6,4.5,5.7,6.0,9.6,4.9,4.2,5.3,3.4,3.3,3.3,2.1,7.2,4.7,0.6,3.4,4.5,5.2,1.0,4.5,5.5,7.0,5.8,6.5,0.9,1.2,2.1,8.6,0,-1,→,2032-2038,4.77,新加坡监狱管理人员：就业极其稳定，AI替代抗性强，无法远程办公,"Singapore Corrections Officer: extremely stable employment, strong AI resistance, no remote work possible",AI综合评估 + O*NET/ILO/OECD锚点校准
GOV-0303-TH-general,公共管理与公务员,GOV,司法行政,监狱管理人员,Corrections Officer,5413,33-3012.00,东南亚,泰国,TH,country,general,高中/大专,20-30,global,3.8,3.9,2.9,6.7,4.6,4.5,4.3,4.6,3.7,4.3,7.7,4.6,4.4,5.8,3.4,3.2,2.8,2.5,6.9,4.1,0.4,3.1,4.5,4.2,0.7,4.0,5.4,7.0,6.1,6.6,0.9,1.1,1.9,8.4,0,0,→,2032-2038,4.41,泰国监狱管理人员：就业稳定，薪资水平偏低，无法远程办公,"Thailand Corrections Officer: stable employment, relatively low pay, no remote work possible",AI综合评估 + O*NET/ILO/OECD锚点校准
GOV-0303-VN-general,公共管理与公务员,GOV,司法行政,监狱管理人员,Corrections Officer,5413,33-3012.00,东南亚,越南,VN,country,general,高中/大专,20-30,global,3.5,4.0,2.6,7.5,5.4,4.9,4.6,4.7,3.3,4.3,8.7,4.5,4.2,5.0,3.3,3.0,2.7,2.6,6.8,3.8,0.5,2.9,4.0,4.6,0.9,3.8,5.4,7.3,5.8,7.0,0.6,0.7,1.7,8.4,0,1,→,2032-2038,4.42,越南监狱管理人员：就业极其稳定，薪资水平偏低，职业安全风险高,"Vietnam Corrections Officer: extremely stable employment, relatively low pay, high safety risk",AI综合评估 + O*NET/ILO/OECD锚点校准
GOV-0303-ID-general,公共管理与公务员,GOV,司法行政,监狱管理人员,Corrections Officer,5413,33-3012.00,东南亚,印度尼西亚,ID,country,general,高中/大专,20-30,global,3.1,3.7,2.8,6.9,4.6,4.7,4.5,4.4,3.5,3.9,7.9,4.5,4.4,5.4,3.6,2.9,3.1,2.8,7.0,4.0,0.4,2.8,4.5,4.6,0.9,3.7,5.2,7.1,6.0,6.2,1.3,1.0,1.7,8.5,0,0,→,2032-2038,4.39,印度尼西亚监狱管理人员：就业稳定，薪资水平偏低，职业安全风险高,"Indonesia Corrections Officer: stable employment, relatively low pay, high safety risk",AI综合评估 + O*NET/ILO/OECD锚点校准
GOV-0303-MY-general,公共管理与公务员,GOV,司法行政,监狱管理人员,Corrections Officer,5413,33-3012.00,东南亚,马来西亚,MY,country,general,高中/大专,20-30,global,3.6,4.0,2.8,7.3,4.8,4.3,4.6,4.2,3.9,4.3,8.1,4.7,4.2,5.2,3.2,3.0,3.0,2.5,7.3,4.3,0.6,3.1,4.0,4.6,1.3,4.1,5.7,6.9,6.1,6.4,0.9,0.9,1.8,8.6,0,0,→,2032-2038,4.47,马来西亚监狱管理人员：就业稳定，薪资水平偏低，AI替代抗性强,"Malaysia Corrections Officer: stable employment, relatively low pay, strong AI resistance",AI综合评估 + O*NET/ILO/OECD锚点校准
GOV-0303-PH-general,公共管理与公务员,GOV,司法行政,监狱管理人员,Corrections Officer,5413,33-3012.00,东南亚,菲律宾,PH,country,general,高中/大专,20-30,global,3.4,3.8,2.8,6.9,4.3,4.1,4.2,4.6,3.3,3.8,7.2,4.3,4.1,5.3,3.6,3.2,3.0,2.7,6.9,3.8,0.3,2.8,4.5,4.4,0.7,4.3,5.2,7.0,6.3,6.4,1.0,1.0,1.9,8.2,0,0,→,2032-2038,4.31,菲律宾监狱管理人员：薪资水平偏低，职业安全风险高，无法远程办公,"Philippines Corrections Officer: relatively low pay, high safety risk, no remote work possible",AI综合评估 + O*NET/ILO/OECD锚点校准
GOV-0303-IN-general,公共管理与公务员,GOV,司法行政,监狱管理人员,Corrections Officer,5413,33-3012.00,南亚,印度,IN,country,general,高中/大专,20-30,global,3.5,4.4,3.0,7.4,4.7,4.4,4.9,5.1,4.0,4.8,8.0,4.6,4.1,5.4,3.5,2.8,2.9,2.6,7.2,4.5,0.4,2.7,4.2,4.2,1.0,3.8,5.6,7.2,5.7,6.9,1.2,0.7,2.1,8.8,0,1,→,2032-2038,4.49,印度监狱管理人员：就业稳定，薪资水平偏低，AI替代抗性强,"India Corrections Officer: stable employment, relatively low pay, strong AI resistance",AI综合评估 + O*NET/ILO/OECD锚点校准
GOV-0303-PK-general,公共管理与公务员,GOV,司法行政,监狱管理人员,Corrections Officer,5413,33-3012.00,南亚,巴基斯坦,PK,country,general,高中/大专,20-30,global,3.2,4.1,2.6,6.9,4.6,4.3,4.8,4.9,3.3,4.2,7.2,4.4,4.3,5.0,2.9,3.2,2.9,2.9,6.6,3.8,0.5,2.4,3.9,4.4,0.9,3.2,5.3,6.8,5.7,6.7,0.9,0.5,1.6,8.9,0,0,→,2032-2038,4.23,巴基斯坦监狱管理人员：薪资水平偏低，职业安全风险高，无法远程办公,"Pakistan Corrections Officer: relatively low pay, high safety risk, no remote work possible",AI综合评估 + O*NET/ILO/OECD锚点校准
GOV-0303-BD-general,公共管理与公务员,GOV,司法行政,监狱管理人员,Corrections Officer,5413,33-3012.00,南亚,孟加拉国,BD,country,general,高中/大专,20-30,global,3.1,3.7,2.3,7.1,4.5,4.4,4.6,4.8,2.8,3.8,7.8,4.5,4.3,4.7,3.2,2.7,2.8,2.8,7.2,3.6,0.1,2.4,4.2,4.4,0.7,3.0,5.2,7.0,6.3,6.6,0.9,0.7,2.1,8.6,0,0,→,2032-2038,4.24,孟加拉国监狱管理人员：就业稳定，薪资水平偏低，职业安全风险高,"Bangladesh Corrections Officer: stable employment, relatively low pay, high safety risk",AI综合评估 + O*NET/ILO/OECD锚点校准
GOV-0303-AE-general,公共管理与公务员,GOV,司法行政,监狱管理人员,Corrections Officer,5413,33-3012.00,中亚/西亚,阿联酋,AE,country,general,高中/大专,20-30,global,3.8,4.0,3.0,7.5,4.4,4.0,4.2,4.3,5.3,5.3,9.2,4.8,4.4,5.5,3.6,3.4,3.1,2.2,6.9,3.9,0.1,3.3,4.4,4.9,1.2,3.6,5.2,6.9,6.0,5.9,0.8,1.0,2.2,8.3,0,0,→,2032-2038,4.65,阿联酋监狱管理人员：就业极其稳定，无法远程办公,"United Arab Emirates Corrections Officer: extremely stable employment, no remote work possible",AI综合评估 + O*NET/ILO/OECD锚点校准
GOV-0303-IL-general,公共管理与公务员,GOV,司法行政,监狱管理人员,Corrections Officer,5413,33-3012.00,中亚/西亚,以色列,IL,country,general,高中/大专,20-30,global,3.5,4.3,2.3,7.2,4.5,3.8,4.7,4.5,4.8,4.8,8.4,4.5,4.8,5.5,3.6,3.2,2.9,2.3,7.3,4.1,0.3,3.4,4.2,4.8,0.9,4.5,5.2,6.8,6.2,6.5,1.1,1.4,2.3,8.4,0,0,→,2032-2038,4.57,以色列监狱管理人员：就业稳定，职业安全风险高，AI替代抗性强,"Israel Corrections Officer: stable employment, high safety risk, strong AI resistance",AI综合评估 + O*NET/ILO/OECD锚点校准
GOV-0303-SA-general,公共管理与公务员,GOV,司法行政,监狱管理人员,Corrections Officer,5413,33-3012.00,中亚/西亚,沙特阿拉伯,SA,country,general,高中/大专,20-30,global,3.8,3.6,3.0,7.2,4.9,4.6,4.1,4.0,4.8,5.3,8.7,4.6,4.4,5.3,3.5,2.7,3.2,2.3,6.9,3.8,0.7,3.1,4.1,4.5,1.1,2.9,5.4,7.0,6.1,5.9,0.7,1.0,2.0,8.6,0,1,→,2032-2038,4.55,沙特阿拉伯监狱管理人员：就业极其稳定，无法远程办公,"Saudi Arabia Corrections Officer: extremely stable employment, no remote work possible",AI综合评估 + O*NET/ILO/OECD锚点校准
GOV-0303-TR-general,公共管理与公务员,GOV,司法行政,监狱管理人员,Corrections Officer,5413,33-3012.00,中亚/西亚,土耳其,TR,country,general,高中/大专,20-30,global,3.7,4.2,2.8,6.8,5.0,4.7,4.4,4.7,3.5,4.3,8.0,4.5,4.5,4.9,3.3,3.3,2.9,2.7,6.8,4.1,0.6,3.0,3.9,4.3,0.9,3.7,5.3,7.1,5.9,6.4,1.2,0.6,2.1,8.4,0,0,→,2032-2038,4.37,土耳其监狱管理人员：就业稳定，薪资水平偏低，职业安全风险高,"Turkey Corrections Officer: stable employment, relatively low pay, high safety risk",AI综合评估 + O*NET/ILO/OECD锚点校准
GOV-0303-GB-general,公共管理与公务员,GOV,司法行政,监狱管理人员,Corrections Officer,5413,33-3012.00,西欧,英国,GB,country,general,高中/大专,20-30,global,3.7,4.3,2.3,7.3,4.2,3.8,4.4,4.3,4.4,4.7,8.6,4.6,4.5,6.3,4.0,3.2,3.3,2.3,7.0,4.2,1.0,3.5,5.3,4.9,1.0,4.8,5.8,6.9,6.2,6.7,0.9,1.0,2.2,8.2,0,0,→,2032-2038,4.63,英国监狱管理人员：就业极其稳定，AI替代抗性强，无法远程办公,"United Kingdom Corrections Officer: extremely stable employment, strong AI resistance, no remote work possible",AI综合评估 + O*NET/ILO/OECD锚点校准
GOV-0303-FR-general,公共管理与公务员,GOV,司法行政,监狱管理人员,Corrections Officer,5413,33-3012.00,西欧,法国,FR,country,general,高中/大专,20-30,global,3.5,4.5,3.0,7.2,5.4,4.7,4.5,4.6,4.1,5.2,9.0,4.7,4.7,6.2,4.2,2.9,3.2,2.3,6.9,4.5,0.7,3.4,5.5,4.7,0.9,4.9,5.7,6.9,6.1,6.9,0.8,1.0,2.0,8.6,0,1,→,2032-2038,4.72,法国监狱管理人员：就业极其稳定，无法远程办公,"France Corrections Officer: extremely stable employment, no remote work possible",AI综合评估 + O*NET/ILO/OECD锚点校准
GOV-0303-DE-general,公共管理与公务员,GOV,司法行政,监狱管理人员,Corrections Officer,5413,33-3012.00,西欧,德国,DE,country,general,高中/大专,20-30,global,3.7,4.3,2.5,7.3,4.6,4.0,4.9,4.6,4.8,5.4,9.1,4.7,5.0,6.4,4.4,3.2,3.2,2.4,6.8,4.4,0.8,3.6,5.6,4.7,1.4,4.8,5.5,6.8,5.7,6.5,0.9,1.5,2.2,8.3,0,0,→,2032-2038,4.79,德国监狱管理人员：就业极其稳定，无法远程办公,"Germany Corrections Officer: extremely stable employment, no remote work possible",AI综合评估 + O*NET/ILO/OECD锚点校准
GOV-0303-NL-general,公共管理与公务员,GOV,司法行政,监狱管理人员,Corrections Officer,5413,33-3012.00,西欧,荷兰,NL,country,general,高中/大专,20-30,global,3.8,4.4,2.3,7.5,4.7,3.6,4.5,4.2,4.5,5.4,9.1,4.6,5.1,6.6,3.9,2.9,3.1,2.2,7.1,3.9,1.0,3.3,5.3,5.1,0.8,5.0,6.2,6.9,6.2,6.1,0.8,1.0,2.2,8.5,0,0,→,2032-2038,4.72,荷兰监狱管理人员：就业极其稳定，AI替代抗性强，无法远程办公,"Netherlands Corrections Officer: extremely stable employment, strong AI resistance, no remote work possible",AI综合评估 + O*NET/ILO/OECD锚点校准
GOV-0303-CH-general,公共管理与公务员,GOV,司法行政,监狱管理人员,Corrections Officer,5413,33-3012.00,西欧,瑞士,CH,country,general,高中/大专,20-30,global,3.6,4.0,2.3,7.7,4.2,3.3,4.3,4.2,5.4,5.9,9.9,4.7,5.0,6.4,4.0,3.0,3.3,2.0,7.1,4.1,0.7,3.3,5.2,4.8,1.3,4.9,5.8,6.9,6.0,6.5,0.4,1.0,1.9,8.5,0,-1,→,2032-2038,4.81,瑞士监狱管理人员：就业极其稳定，AI替代抗性强，无法远程办公,"Switzerland Corrections Officer: extremely stable employment, strong AI resistance, no remote work possible",AI综合评估 + O*NET/ILO/OECD锚点校准
GOV-0303-SE-general,公共管理与公务员,GOV,司法行政,监狱管理人员,Corrections Officer,5413,33-3012.00,北欧,瑞典,SE,country,general,高中/大专,20-30,global,3.9,4.3,2.7,7.3,5.1,4.5,4.1,4.5,4.7,5.4,9.0,4.7,4.9,6.9,4.4,3.1,3.2,1.9,6.8,3.8,0.7,3.6,5.5,4.8,1.5,5.4,5.7,7.1,5.7,6.1,0.6,1.2,2.1,8.6,0,0,→,2032-2038,4.81,瑞典监狱管理人员：就业极其稳定，无法远程办公,"Sweden Corrections Officer: extremely stable employment, no remote work possible",AI综合评估 + O*NET/ILO/OECD锚点校准
GOV-0303-DK-general,公共管理与公务员,GOV,司法行政,监狱管理人员,Corrections Officer,5413,33-3012.00,北欧,丹麦,DK,country,general,高中/大专,20-30,global,4.0,4.4,2.8,7.3,4.6,4.5,4.5,4.7,5.2,5.1,9.4,4.6,5.0,6.6,4.3,3.1,3.1,1.9,7.0,3.7,0.8,4.0,5.5,4.8,1.5,5.5,5.8,6.7,6.1,6.5,0.6,1.2,2.3,8.6,0,0,→,2032-2038,4.84,丹麦监狱管理人员：就业极其稳定，AI替代抗性强，无法远程办公,"Denmark Corrections Officer: extremely stable employment, strong AI resistance, no remote work possible",AI综合评估 + O*NET/ILO/OECD锚点校准
GOV-0303-FI-general,公共管理与公务员,GOV,司法行政,监狱管理人员,Corrections Officer,5413,33-3012.00,北欧,芬兰,FI,country,general,高中/大专,20-30,global,3.5,4.3,2.6,7.4,4.8,4.4,4.3,4.2,4.3,5.1,9.6,4.7,5.2,6.4,4.2,3.1,3.0,2.1,7.2,4.0,1.1,3.5,5.5,4.8,1.0,5.8,6.2,7.2,6.2,6.0,0.6,1.0,2.3,8.6,0,0,→,2032-2038,4.81,芬兰监狱管理人员：就业极其稳定，AI替代抗性强，无法远程办公,"Finland Corrections Officer: extremely stable employment, strong AI resistance, no remote work possible",AI综合评估 + O*NET/ILO/OECD锚点校准
GOV-0303-IT-general,公共管理与公务员,GOV,司法行政,监狱管理人员,Corrections Officer,5413,33-3012.00,南欧,意大利,IT,country,general,高中/大专,20-30,global,3.4,4.3,2.7,7.1,4.6,4.3,4.6,4.7,4.3,4.4,8.6,4.6,4.6,5.8,3.4,3.0,3.3,2.6,7.0,4.0,0.8,3.0,4.9,4.2,0.9,4.0,5.7,7.2,6.3,6.6,1.0,1.3,2.2,8.9,0,0,→,2032-2038,4.54,意大利监狱管理人员：就业极其稳定，AI替代抗性强，无法远程办公,"Italy Corrections Officer: extremely stable employment, strong AI resistance, no remote work possible",AI综合评估 + O*NET/ILO/OECD锚点校准
GOV-0303-ES-general,公共管理与公务员,GOV,司法行政,监狱管理人员,Corrections Officer,5413,33-3012.00,南欧,西班牙,ES,country,general,高中/大专,20-30,global,3.6,4.4,2.4,7.3,4.8,4.2,4.9,4.8,4.4,4.5,8.7,4.6,4.4,6.2,3.7,3.2,3.1,2.3,7.2,4.4,0.5,3.5,4.7,4.8,1.2,4.5,5.5,6.8,6.0,7.2,0.6,0.9,1.9,8.7,0,0,→,2032-2038,4.63,西班牙监狱管理人员：就业极其稳定，AI替代抗性强，无法远程办公,"Spain Corrections Officer: extremely stable employment, strong AI resistance, no remote work possible",AI综合评估 + O*NET/ILO/OECD锚点校准
GOV-0303-PT-general,公共管理与公务员,GOV,司法行政,监狱管理人员,Corrections Officer,5413,33-3012.00,南欧,葡萄牙,PT,country,general,高中/大专,20-30,global,3.8,3.9,2.7,7.2,4.4,4.2,4.3,4.7,3.6,4.3,8.7,4.6,4.7,5.8,3.7,3.1,3.1,2.6,7.2,4.0,0.4,2.9,4.9,4.5,1.3,4.7,5.3,6.8,5.8,6.9,0.6,1.4,2.2,8.7,0,0,→,2032-2038,4.52,葡萄牙监狱管理人员：就业极其稳定，薪资水平偏低，AI替代抗性强,"Portugal Corrections Officer: extremely stable employment, relatively low pay, strong AI resistance",AI综合评估 + O*NET/ILO/OECD锚点校准
GOV-0303-PL-general,公共管理与公务员,GOV,司法行政,监狱管理人员,Corrections Officer,5413,33-3012.00,东欧,波兰,PL,country,general,高中/大专,20-30,global,3.7,3.8,2.2,7.3,4.8,4.2,4.6,4.7,4.0,4.6,8.0,4.5,5.0,5.6,3.8,3.4,3.1,2.5,7.1,4.0,0.5,3.0,5.0,4.5,0.7,4.3,5.4,6.9,5.7,6.4,0.8,0.9,1.8,8.6,0,0,→,2032-2038,4.53,波兰监狱管理人员：就业稳定，薪资水平偏低，职业安全风险高,"Poland Corrections Officer: stable employment, relatively low pay, high safety risk",AI综合评估 + O*NET/ILO/OECD锚点校准
GOV-0303-CZ-general,公共管理与公务员,GOV,司法行政,监狱管理人员,Corrections Officer,5413,33-3012.00,东欧,捷克,CZ,country,general,高中/大专,20-30,global,3.5,4.3,2.7,7.3,4.2,3.7,4.4,4.3,4.2,4.9,8.7,4.7,4.7,6.0,3.9,3.3,3.0,2.5,6.7,3.7,0.7,3.2,5.0,4.9,1.3,4.5,5.6,6.9,6.3,6.1,1.0,1.4,2.3,8.6,0,0,→,2032-2038,4.58,捷克监狱管理人员：就业极其稳定，无法远程办公,"Czech Republic Corrections Officer: extremely stable employment, no remote work possible",AI综合评估 + O*NET/ILO/OECD锚点校准
GOV-0303-RU-general,公共管理与公务员,GOV,司法行政,监狱管理人员,Corrections Officer,5413,33-3012.00,东欧,俄罗斯,RU,country,general,高中/大专,20-30,global,3.8,4.3,2.8,6.9,5.1,5.2,3.8,4.4,3.4,4.2,7.7,4.6,4.2,5.0,3.1,3.0,2.9,2.5,6.8,3.5,0.2,3.0,4.5,4.1,0.6,4.4,5.3,6.8,5.7,6.4,0.8,1.1,2.0,8.6,0,1,→,2032-2038,4.32,俄罗斯监狱管理人员：就业稳定，薪资水平偏低，无法远程办公,"Russia Corrections Officer: stable employment, relatively low pay, no remote work possible",AI综合评估 + O*NET/ILO/OECD锚点校准
GOV-0303-US-general,公共管理与公务员,GOV,司法行政,监狱管理人员,Corrections Officer,5413,33-3012.00,北美,美国,US,country,general,高中/大专,20-30,global,3.7,4.1,2.6,7.4,4.2,3.4,4.5,4.6,4.8,4.9,8.5,4.5,4.2,5.3,3.8,3.3,3.4,2.4,7.2,4.4,0.3,3.4,4.8,5.0,0.8,5.0,5.6,7.1,6.2,6.8,0.9,1.3,2.0,8.2,0,0,→,2032-2038,4.62,美国监狱管理人员：就业极其稳定，职业安全风险高，AI替代抗性强,"United States Corrections Officer: extremely stable employment, high safety risk, strong AI resistance",AI综合评估 + O*NET/ILO/OECD锚点校准
GOV-0303-CA-general,公共管理与公务员,GOV,司法行政,监狱管理人员,Corrections Officer,5413,33-3012.00,北美,加拿大,CA,country,general,高中/大专,20-30,global,3.8,4.0,2.4,7.3,4.4,3.9,4.3,4.6,4.9,4.9,9.2,4.7,4.8,6.3,3.8,3.1,3.2,2.3,7.1,3.9,0.6,3.5,5.2,5.1,0.8,5.1,5.5,7.1,5.9,6.5,0.5,0.9,2.0,8.4,0,0,→,2032-2038,4.7,加拿大监狱管理人员：就业极其稳定，AI替代抗性强，无法远程办公,"Canada Corrections Officer: extremely stable employment, strong AI resistance, no remote work possible",AI综合评估 + O*NET/ILO/OECD锚点校准
GOV-0303-MX-general,公共管理与公务员,GOV,司法行政,监狱管理人员,Corrections Officer,5413,33-3012.00,北美,墨西哥,MX,country,general,高中/大专,20-30,global,3.6,3.8,2.2,6.8,4.8,3.9,4.2,4.1,3.2,4.0,7.5,4.4,4.6,5.3,3.3,3.0,2.8,2.8,7.2,3.4,0.6,2.6,4.5,4.3,0.8,3.8,5.6,7.1,6.0,6.5,1.2,1.0,1.8,8.4,0,0,→,2032-2038,4.26,墨西哥监狱管理人员：就业稳定，薪资水平偏低，职业安全风险高,"Mexico Corrections Officer: stable employment, relatively low pay, high safety risk",AI综合评估 + O*NET/ILO/OECD锚点校准
GOV-0303-BR-general,公共管理与公务员,GOV,司法行政,监狱管理人员,Corrections Officer,5413,33-3012.00,南美,巴西,BR,country,general,高中/大专,20-30,global,3.4,4.4,2.9,7.0,4.7,4.9,4.7,4.8,4.3,4.6,7.8,4.6,4.4,5.5,3.8,3.1,3.1,2.5,7.1,4.3,0.6,3.2,4.6,4.3,0.6,3.9,5.5,7.0,5.9,6.9,0.8,0.9,1.8,8.4,0,1,→,2032-2038,4.53,巴西监狱管理人员：就业稳定，AI替代抗性强，无法远程办公,"Brazil Corrections Officer: stable employment, strong AI resistance, no remote work possible",AI综合评估 + O*NET/ILO/OECD锚点校准
GOV-0303-AR-general,公共管理与公务员,GOV,司法行政,监狱管理人员,Corrections Officer,5413,33-3012.00,南美,阿根廷,AR,country,general,高中/大专,20-30,global,3.4,3.9,2.9,6.9,4.6,4.8,4.3,4.0,3.4,3.7,7.4,4.4,4.4,5.6,3.5,3.3,3.2,2.5,6.7,3.3,0.6,2.9,4.3,4.2,1.0,4.1,5.6,6.9,6.1,6.0,1.0,0.8,2.2,8.6,-1,1,→,2032-2038,4.34,阿根廷监狱管理人员：薪资水平偏低，职业安全风险高，无法远程办公,"Argentina Corrections Officer: relatively low pay, high safety risk, no remote work possible",AI综合评估 + O*NET/ILO/OECD锚点校准
GOV-0303-CL-general,公共管理与公务员,GOV,司法行政,监狱管理人员,Corrections Officer,5413,33-3012.00,南美,智利,CL,country,general,高中/大专,20-30,global,3.4,3.7,2.4,7.0,4.2,3.8,4.1,4.4,4.2,4.7,8.1,4.5,4.7,5.4,3.5,3.2,2.8,2.5,7.1,3.9,0.4,2.9,4.6,4.9,1.2,4.3,5.6,7.3,6.1,6.5,0.7,1.1,1.8,8.6,0,0,→,2032-2038,4.48,智利监狱管理人员：就业稳定，职业安全风险高，AI替代抗性强,"Chile Corrections Officer: stable employment, high safety risk, strong AI resistance",AI综合评估 + O*NET/ILO/OECD锚点校准
GOV-0303-CO-general,公共管理与公务员,GOV,司法行政,监狱管理人员,Corrections Officer,5413,33-3012.00,南美,哥伦比亚,CO,country,general,高中/大专,20-30,global,3.6,4.0,2.3,7.1,4.5,3.9,4.4,4.6,3.6,4.3,7.3,4.4,4.4,5.6,3.6,2.9,2.9,2.6,7.1,3.5,0.6,2.7,4.3,4.2,0.8,4.0,5.7,6.8,5.8,6.3,1.1,1.2,1.8,8.6,0,0,→,2032-2038,4.34,哥伦比亚监狱管理人员：薪资水平偏低，职业安全风险高，AI替代抗性强,"Colombia Corrections Officer: relatively low pay, high safety risk, strong AI resistance",AI综合评估 + O*NET/ILO/OECD锚点校准
GOV-0303-AU-general,公共管理与公务员,GOV,司法行政,监狱管理人员,Corrections Officer,5413,33-3012.00,大洋洲,澳大利亚,AU,country,general,高中/大专,20-30,global,3.5,4.0,2.8,7.4,4.5,4.1,4.4,4.1,5.0,5.0,9.1,4.7,4.9,5.9,3.9,3.3,3.5,2.2,7.2,4.1,0.7,3.6,5.0,4.6,1.2,4.9,6.0,6.7,6.3,6.4,0.6,1.5,2.5,8.5,0,0,→,2032-2038,4.77,澳大利亚监狱管理人员：就业极其稳定，AI替代抗性强，无法远程办公,"Australia Corrections Officer: extremely stable employment, strong AI resistance, no remote work possible",AI综合评估 + O*NET/ILO/OECD锚点校准
GOV-0303-NZ-general,公共管理与公务员,GOV,司法行政,监狱管理人员,Corrections Officer,5413,33-3012.00,大洋洲,新西兰,NZ,country,general,高中/大专,20-30,global,3.8,4.2,2.7,7.5,4.3,3.8,4.5,4.7,4.5,5.3,9.2,4.7,4.8,6.4,4.1,3.3,3.4,2.3,7.1,3.9,0.6,3.7,5.4,5.0,0.9,5.0,5.9,6.9,6.0,6.2,0.9,1.1,2.1,8.7,0,0,→,2032-2038,4.75,新西兰监狱管理人员：就业极其稳定，AI替代抗性强，无法远程办公,"New Zealand Corrections Officer: extremely stable employment, strong AI resistance, no remote work possible",AI综合评估 + O*NET/ILO/OECD锚点校准
GOV-0303-ZA-general,公共管理与公务员,GOV,司法行政,监狱管理人员,Corrections Officer,5413,33-3012.00,非洲,南非,ZA,country,general,高中/大专,20-30,global,3.5,4.2,2.4,6.7,4.4,4.4,4.1,4.4,4.0,4.3,7.4,4.4,4.3,5.2,3.7,2.9,3.2,2.7,7.3,3.6,0.5,3.1,4.0,4.3,0.9,3.7,5.6,6.8,6.0,6.5,1.1,0.9,2.0,8.3,0,0,→,2032-2038,4.34,南非监狱管理人员：薪资水平偏低，职业安全风险高，AI替代抗性强,"South Africa Corrections Officer: relatively low pay, high safety risk, strong AI resistance",AI综合评估 + O*NET/ILO/OECD锚点校准
GOV-0303-NG-general,公共管理与公务员,GOV,司法行政,监狱管理人员,Corrections Officer,5413,33-3012.00,非洲,尼日利亚,NG,country,general,高中/大专,20-30,global,3.6,3.6,2.7,6.6,5.0,4.4,4.0,4.0,3.1,3.5,7.2,4.2,4.2,5.1,2.9,2.7,2.8,2.8,7.0,3.4,0.1,2.4,3.8,4.4,0.9,3.0,5.2,7.3,6.3,6.3,0.8,0.8,2.0,8.3,-1,0,→,2032-2038,4.15,尼日利亚监狱管理人员：薪资水平偏低，职业安全风险高，AI替代抗性强,"Nigeria Corrections Officer: relatively low pay, high safety risk, strong AI resistance",AI综合评估 + O*NET/ILO/OECD锚点校准
GOV-0303-KE-general,公共管理与公务员,GOV,司法行政,监狱管理人员,Corrections Officer,5413,33-3012.00,非洲,肯尼亚,KE,country,general,高中/大专,20-30,global,3.4,3.5,2.8,6.6,4.4,4.2,4.4,4.6,3.3,3.8,7.3,4.4,4.2,5.3,3.5,3.1,3.2,2.8,7.0,3.6,0.4,2.7,4.4,4.5,0.8,3.3,5.2,7.2,5.8,6.2,1.1,0.8,1.6,8.5,-1,0,→,2032-2038,4.3,肯尼亚监狱管理人员：薪资水平偏低，职业安全风险高，AI替代抗性强,"Kenya Corrections Officer: relatively low pay, high safety risk, strong AI resistance",AI综合评估 + O*NET/ILO/OECD锚点校准
GOV-0303-EG-general,公共管理与公务员,GOV,司法行政,监狱管理人员,Corrections Officer,5413,33-3012.00,非洲,埃及,EG,country,general,高中/大专,20-30,global,3.4,4.2,2.7,7.1,4.9,4.7,4.1,4.1,3.2,3.9,7.6,4.6,4.1,4.9,3.2,3.0,2.7,2.7,6.8,3.6,0.2,2.6,4.1,4.5,1.0,3.3,5.1,6.7,6.0,6.2,1.3,0.9,2.1,8.8,0,1,→,2032-2038,4.23,埃及监狱管理人员：就业稳定，薪资水平偏低，无法远程办公,"Egypt Corrections Officer: stable employment, relatively low pay, no remote work possible",AI综合评估 + O*NET/ILO/OECD锚点校准
GOV-0304-CN-general,公共管理与公务员,GOV,司法行政,缓刑官/假释官,Probation / Parole Officer,3412,21-1092.00,东亚,中国,CN,country,general,本科,23-30,global,5.4,6.2,3.8,8.5,5.5,4.7,4.9,4.5,5.5,5.6,9.1,6.7,5.2,5.5,3.9,5.4,4.8,2.2,6.7,6.5,2.7,5.0,4.6,6.4,1.2,5.7,6.1,7.8,2.3,7.7,0.7,0.9,3.0,8.3,0,1,→,2032-2038,5.24,中国缓刑官/假释官：就业极其稳定,China Probation / Parole Officer: extremely stable employment,AI综合评估 + O*NET/ILO/OECD锚点校准
GOV-0304-JP-general,公共管理与公务员,GOV,司法行政,缓刑官/假释官,Probation / Parole Officer,3412,21-1092.00,东亚,日本,JP,country,general,本科,23-30,global,5.0,5.9,4.1,8.8,4.7,4.0,5.2,4.5,5.6,5.7,9.1,6.7,5.6,5.6,4.4,5.1,4.5,1.9,6.7,6.5,2.9,5.1,5.5,7.0,1.7,5.2,6.6,7.8,2.7,7.6,1.0,1.1,2.7,8.1,0,0,→,2032-2038,5.35,日本缓刑官/假释官：就业极其稳定,Japan Probation / Parole Officer: extremely stable employment,AI综合评估 + O*NET/ILO/OECD锚点校准
GOV-0304-KR-general,公共管理与公务员,GOV,司法行政,缓刑官/假释官,Probation / Parole Officer,3412,21-1092.00,东亚,韩国,KR,country,general,本科,23-30,global,5.2,5.8,3.4,8.1,4.7,3.6,4.8,4.4,5.9,5.4,9.0,6.7,5.4,5.4,4.0,5.4,4.9,1.9,6.6,6.3,2.8,5.2,5.3,6.5,1.6,5.3,6.4,8.3,2.5,7.5,0.9,0.8,3.1,8.1,0,0,→,2032-2038,5.25,韩国缓刑官/假释官：就业极其稳定,South Korea Probation / Parole Officer: extremely stable employment,AI综合评估 + O*NET/ILO/OECD锚点校准
GOV-0304-TW-general,公共管理与公务员,GOV,司法行政,缓刑官/假释官,Probation / Parole Officer,3412,21-1092.00,东亚,中国台湾地区,TW,region,general,本科,23-30,global,5.1,5.7,3.4,8.0,4.2,3.5,4.8,4.4,5.2,5.3,8.7,6.7,5.5,5.7,4.5,5.1,4.4,1.8,6.3,6.1,2.8,5.2,5.3,6.6,1.6,5.5,6.3,8.1,2.6,7.7,0.6,1.2,2.8,7.8,0,0,→,2032-2038,5.18,中国台湾地区缓刑官/假释官：就业极其稳定,Taiwan (China) Probation / Parole Officer: extremely stable employment,AI综合评估 + O*NET/ILO/OECD锚点校准
GOV-0304-HK-general,公共管理与公务员,GOV,司法行政,缓刑官/假释官,Probation / Parole Officer,3412,21-1092.00,东亚,中国香港地区,HK,region,general,本科,23-30,global,5.2,5.6,3.7,8.4,4.1,2.8,4.8,3.9,6.2,5.5,8.9,6.6,5.6,5.3,4.5,4.9,5.0,1.6,6.6,5.9,2.6,5.3,5.3,7.1,1.7,6.0,6.1,7.8,2.3,7.0,0.9,1.3,3.2,7.8,0,0,→,2032-2038,5.29,中国香港地区缓刑官/假释官：就业极其稳定,Hong Kong (China) Probation / Parole Officer: extremely stable employment,AI综合评估 + O*NET/ILO/OECD锚点校准
GOV-0304-SG-general,公共管理与公务员,GOV,司法行政,缓刑官/假释官,Probation / Parole Officer,3412,21-1092.00,东南亚,新加坡,SG,country,general,本科,23-30,global,4.9,5.9,3.8,8.8,3.9,2.8,5.1,4.2,6.5,6.5,9.5,6.7,5.5,5.8,4.5,5.0,5.1,1.7,6.4,6.2,2.8,5.3,5.3,7.2,1.6,6.1,6.6,7.8,2.7,7.0,0.8,1.4,3.3,7.9,0,-1,→,2032-2038,5.44,新加坡缓刑官/假释官：就业极其稳定,Singapore Probation / Parole Officer: extremely stable employment,AI综合评估 + O*NET/ILO/OECD锚点校准
GOV-0304-TH-general,公共管理与公务员,GOV,司法行政,缓刑官/假释官,Probation / Parole Officer,3412,21-1092.00,东南亚,泰国,TH,country,general,本科,23-30,global,4.9,5.2,3.5,8.2,5.0,4.0,4.0,4.1,4.5,5.0,7.6,6.5,5.4,6.1,4.7,4.9,4.5,1.9,6.7,5.5,3.2,4.9,5.6,6.2,1.5,5.4,6.3,8.0,2.4,6.7,1.2,1.1,2.8,8.0,0,0,→,2032-2038,5.11,泰国缓刑官/假释官：就业稳定,Thailand Probation / Parole Officer: stable employment,AI综合评估 + O*NET/ILO/OECD锚点校准
GOV-0304-VN-general,公共管理与公务员,GOV,司法行政,缓刑官/假释官,Probation / Parole Officer,3412,21-1092.00,东南亚,越南,VN,country,general,本科,23-30,global,5.0,5.4,4.1,8.6,5.2,4.5,4.5,4.0,4.5,5.1,8.2,6.7,5.7,5.7,4.3,5.1,4.4,2.0,6.5,5.8,2.8,4.7,5.2,6.3,1.4,5.6,6.7,8.1,2.4,7.4,0.8,1.0,2.8,7.9,0,1,→,2032-2038,5.16,越南缓刑官/假释官：就业稳定,Vietnam Probation / Parole Officer: stable employment,AI综合评估 + O*NET/ILO/OECD锚点校准
GOV-0304-ID-general,公共管理与公务员,GOV,司法行政,缓刑官/假释官,Probation / Parole Officer,3412,21-1092.00,东南亚,印度尼西亚,ID,country,general,本科,23-30,global,4.8,5.3,3.6,7.9,4.7,3.8,4.1,4.0,4.4,4.9,7.6,6.4,5.5,5.9,4.2,4.8,4.7,2.1,6.7,5.0,3.2,5.0,5.5,6.0,1.5,5.3,6.6,8.1,2.7,6.7,1.2,1.2,2.5,8.3,0,0,→,2032-2038,5.02,印度尼西亚缓刑官/假释官：就业稳定,Indonesia Probation / Parole Officer: stable employment,AI综合评估 + O*NET/ILO/OECD锚点校准
GOV-0304-MY-general,公共管理与公务员,GOV,司法行政,缓刑官/假释官,Probation / Parole Officer,3412,21-1092.00,东南亚,马来西亚,MY,country,general,本科,23-30,global,4.8,5.6,3.8,8.3,4.5,3.5,4.6,3.9,5.1,5.1,8.4,6.7,5.4,5.8,4.3,5.2,4.3,2.1,6.8,5.2,2.8,4.8,5.1,6.4,1.7,5.3,6.7,8.2,2.4,6.8,1.0,1.2,2.9,8.2,0,0,→,2032-2038,5.14,马来西亚缓刑官/假释官：就业稳定,Malaysia Probation / Parole Officer: stable employment,AI综合评估 + O*NET/ILO/OECD锚点校准
GOV-0304-PH-general,公共管理与公务员,GOV,司法行政,缓刑官/假释官,Probation / Parole Officer,3412,21-1092.00,东南亚,菲律宾,PH,country,general,本科,23-30,global,5.1,5.1,3.5,7.7,4.7,3.7,4.6,3.8,4.2,4.5,7.3,6.3,5.6,5.6,4.5,5.2,4.5,2.4,6.4,5.1,3.2,4.9,5.4,6.6,1.3,5.8,6.2,7.9,2.8,7.0,0.8,1.0,3.2,8.0,0,0,→,2032-2038,4.98,菲律宾缓刑官/假释官：发展平稳,Philippines Probation / Parole Officer: steady development,AI综合评估 + O*NET/ILO/OECD锚点校准
GOV-0304-IN-general,公共管理与公务员,GOV,司法行政,缓刑官/假释官,Probation / Parole Officer,3412,21-1092.00,南亚,印度,IN,country,general,本科,23-30,global,5.2,5.7,3.7,8.4,5.1,3.9,5.2,4.4,4.9,5.1,8.0,6.7,5.3,5.7,4.2,5.3,4.2,2.0,6.6,5.8,3.0,4.9,5.4,6.0,1.7,5.2,6.2,8.1,2.2,7.7,1.2,0.6,2.7,7.8,0,1,→,2032-2038,5.14,印度缓刑官/假释官：就业稳定,India Probation / Parole Officer: stable employment,AI综合评估 + O*NET/ILO/OECD锚点校准
GOV-0304-PK-general,公共管理与公务员,GOV,司法行政,缓刑官/假释官,Probation / Parole Officer,3412,21-1092.00,南亚,巴基斯坦,PK,country,general,本科,23-30,global,4.9,5.7,3.7,7.9,4.6,4.2,4.2,4.1,4.4,4.6,7.2,6.4,5.1,5.2,4.3,4.9,4.2,2.1,6.5,5.5,3.0,4.6,4.9,5.9,1.6,4.7,6.3,8.2,2.6,7.1,1.2,0.7,3.0,8.3,0,0,→,2032-2038,4.91,巴基斯坦缓刑官/假释官：发展平稳,Pakistan Probation / Parole Officer: steady development,AI综合评估 + O*NET/ILO/OECD锚点校准
GOV-0304-BD-general,公共管理与公务员,GOV,司法行政,缓刑官/假释官,Probation / Parole Officer,3412,21-1092.00,南亚,孟加拉国,BD,country,general,本科,23-30,global,4.8,5.6,3.7,7.8,4.5,3.7,4.3,3.9,4.1,4.4,7.4,6.6,5.1,5.4,4.4,5.0,4.3,2.1,6.3,5.5,2.8,4.6,5.0,6.3,1.4,4.4,6.2,8.2,2.5,6.8,1.0,0.6,2.7,8.0,0,0,→,2032-2038,4.89,孟加拉国缓刑官/假释官：发展平稳,Bangladesh Probation / Parole Officer: steady development,AI综合评估 + O*NET/ILO/OECD锚点校准
GOV-0304-AE-general,公共管理与公务员,GOV,司法行政,缓刑官/假释官,Probation / Parole Officer,3412,21-1092.00,中亚/西亚,阿联酋,AE,country,general,本科,23-30,global,4.9,5.2,3.8,8.5,4.4,3.5,4.2,4.0,6.3,5.7,9.5,6.7,5.6,5.9,4.3,4.8,4.9,1.9,6.6,5.5,3.0,5.5,5.1,6.8,1.5,5.1,6.6,8.0,2.8,6.6,1.0,1.3,3.1,7.8,0,0,→,2032-2038,5.33,阿联酋缓刑官/假释官：就业极其稳定,United Arab Emirates Probation / Parole Officer: extremely stable employment,AI综合评估 + O*NET/ILO/OECD锚点校准
GOV-0304-IL-general,公共管理与公务员,GOV,司法行政,缓刑官/假释官,Probation / Parole Officer,3412,21-1092.00,中亚/西亚,以色列,IL,country,general,本科,23-30,global,5.1,5.7,3.7,8.3,4.7,3.8,4.4,3.8,5.7,5.1,8.0,6.5,5.8,5.9,4.3,5.1,4.5,1.7,6.5,5.7,3.0,5.2,5.2,7.0,1.8,6.5,6.6,8.1,2.8,7.0,0.8,1.1,3.4,8.1,0,0,→,2032-2038,5.24,以色列缓刑官/假释官：就业稳定,Israel Probation / Parole Officer: stable employment,AI综合评估 + O*NET/ILO/OECD锚点校准
GOV-0304-SA-general,公共管理与公务员,GOV,司法行政,缓刑官/假释官,Probation / Parole Officer,3412,21-1092.00,中亚/西亚,沙特阿拉伯,SA,country,general,本科,23-30,global,4.9,5.2,3.9,8.3,5.1,4.5,4.1,3.6,6.0,5.6,8.9,6.6,5.0,5.7,4.2,5.1,4.5,2.0,6.2,5.3,2.7,4.9,5.1,6.7,1.3,4.3,6.6,8.2,2.8,6.5,1.2,0.8,3.0,8.3,0,1,→,2032-2038,5.17,沙特阿拉伯缓刑官/假释官：就业极其稳定,Saudi Arabia Probation / Parole Officer: extremely stable employment,AI综合评估 + O*NET/ILO/OECD锚点校准
GOV-0304-TR-general,公共管理与公务员,GOV,司法行政,缓刑官/假释官,Probation / Parole Officer,3412,21-1092.00,中亚/西亚,土耳其,TR,country,general,本科,23-30,global,5.2,5.5,3.5,7.8,5.0,3.7,4.9,4.1,4.7,4.4,8.0,6.4,5.1,5.8,3.9,4.9,4.4,2.0,6.5,5.8,2.7,4.7,5.4,6.2,1.5,5.3,6.4,8.1,2.5,7.1,1.3,1.2,2.7,8.0,0,0,→,2032-2038,5.02,土耳其缓刑官/假释官：就业稳定,Turkey Probation / Parole Officer: stable employment,AI综合评估 + O*NET/ILO/OECD锚点校准
GOV-0304-GB-general,公共管理与公务员,GOV,司法行政,缓刑官/假释官,Probation / Parole Officer,3412,21-1092.00,西欧,英国,GB,country,general,本科,23-30,global,5.0,5.7,3.5,8.4,4.5,3.2,4.5,3.9,5.6,5.6,8.9,6.6,5.8,6.4,4.8,5.1,4.9,1.9,6.7,5.9,3.4,5.7,6.2,6.7,1.7,6.3,6.8,8.1,2.3,7.1,0.8,1.1,3.5,7.8,0,0,→,2032-2038,5.39,英国缓刑官/假释官：就业极其稳定,United Kingdom Probation / Parole Officer: extremely stable employment,AI综合评估 + O*NET/ILO/OECD锚点校准
GOV-0304-FR-general,公共管理与公务员,GOV,司法行政,缓刑官/假释官,Probation / Parole Officer,3412,21-1092.00,西欧,法国,FR,country,general,本科,23-30,global,5.1,6.0,4.1,8.5,4.9,4.2,5.0,4.1,5.7,5.8,9.0,6.8,5.8,6.7,5.3,5.1,4.8,2.0,6.8,6.2,3.4,5.2,6.1,6.8,1.8,5.9,7.0,8.2,2.4,7.2,1.0,0.9,2.9,8.0,0,1,→,2032-2038,5.47,法国缓刑官/假释官：就业极其稳定,France Probation / Parole Officer: extremely stable employment,AI综合评估 + O*NET/ILO/OECD锚点校准
GOV-0304-DE-general,公共管理与公务员,GOV,司法行政,缓刑官/假释官,Probation / Parole Officer,3412,21-1092.00,西欧,德国,DE,country,general,本科,23-30,global,5.4,5.8,3.7,8.6,4.7,3.5,4.6,3.9,6.0,5.5,9.3,6.6,5.8,6.7,5.4,5.3,4.7,1.8,6.5,6.1,3.4,5.3,6.4,6.8,1.3,6.3,6.8,8.1,2.4,7.1,0.8,1.2,3.4,8.1,0,0,→,2032-2038,5.44,德国缓刑官/假释官：就业极其稳定,Germany Probation / Parole Officer: extremely stable employment,AI综合评估 + O*NET/ILO/OECD锚点校准
GOV-0304-NL-general,公共管理与公务员,GOV,司法行政,缓刑官/假释官,Probation / Parole Officer,3412,21-1092.00,西欧,荷兰,NL,country,general,本科,23-30,global,5.1,5.6,3.8,8.3,4.1,3.2,4.3,3.7,5.8,5.5,9.3,6.8,6.0,7.0,5.4,5.3,4.8,1.6,6.3,5.8,3.4,5.8,6.6,6.7,1.3,7.0,6.9,7.8,2.6,6.9,0.8,1.0,3.1,8.0,0,0,→,2032-2038,5.43,荷兰缓刑官/假释官：就业极其稳定,Netherlands Probation / Parole Officer: extremely stable employment,AI综合评估 + O*NET/ILO/OECD锚点校准
GOV-0304-CH-general,公共管理与公务员,GOV,司法行政,缓刑官/假释官,Probation / Parole Officer,3412,21-1092.00,西欧,瑞士,CH,country,general,本科,23-30,global,5.1,5.9,3.6,8.7,4.0,3.1,4.5,4.1,6.7,5.9,9.6,6.8,6.0,7.0,4.8,5.4,4.6,1.8,6.6,5.8,3.0,5.6,6.4,7.0,1.7,6.4,6.7,7.9,2.4,6.7,0.8,0.9,3.4,7.9,0,-1,→,2032-2038,5.5,瑞士缓刑官/假释官：就业极其稳定,Switzerland Probation / Parole Officer: extremely stable employment,AI综合评估 + O*NET/ILO/OECD锚点校准
GOV-0304-SE-general,公共管理与公务员,GOV,司法行政,缓刑官/假释官,Probation / Parole Officer,3412,21-1092.00,北欧,瑞典,SE,country,general,本科,23-30,global,5.3,5.6,3.7,8.4,5.0,4.1,4.0,4.1,5.6,5.7,9.1,6.7,5.8,6.8,5.5,5.4,4.8,1.5,6.6,5.5,3.2,5.5,6.5,7.0,1.7,7.0,6.9,8.1,2.4,6.7,0.6,1.2,3.4,8.1,0,0,→,2032-2038,5.5,瑞典缓刑官/假释官：就业极其稳定,Sweden Probation / Parole Officer: extremely stable employment,AI综合评估 + O*NET/ILO/OECD锚点校准
GOV-0304-DK-general,公共管理与公务员,GOV,司法行政,缓刑官/假释官,Probation / Parole Officer,3412,21-1092.00,北欧,丹麦,DK,country,general,本科,23-30,global,5.3,5.5,3.6,8.4,4.7,3.6,4.1,3.9,6.0,6.0,9.4,6.8,5.9,7.1,5.3,5.3,4.7,1.5,6.8,5.3,3.3,5.9,6.9,7.0,1.8,6.8,7.1,7.8,2.6,6.6,0.6,1.4,3.3,7.8,0,0,→,2032-2038,5.56,丹麦缓刑官/假释官：就业极其稳定,Denmark Probation / Parole Officer: extremely stable employment,AI综合评估 + O*NET/ILO/OECD锚点校准
GOV-0304-FI-general,公共管理与公务员,GOV,司法行政,缓刑官/假释官,Probation / Parole Officer,3412,21-1092.00,北欧,芬兰,FI,country,general,本科,23-30,global,5.2,5.5,3.6,8.7,4.6,3.7,4.3,3.7,5.6,5.5,9.6,6.7,6.3,7.1,5.1,5.4,4.8,1.5,6.8,5.5,3.3,5.6,6.3,7.0,1.5,6.8,6.7,8.0,2.7,6.7,0.6,1.2,3.5,8.2,0,0,→,2032-2038,5.5,芬兰缓刑官/假释官：就业极其稳定,Finland Probation / Parole Officer: extremely stable employment,AI综合评估 + O*NET/ILO/OECD锚点校准
GOV-0304-IT-general,公共管理与公务员,GOV,司法行政,缓刑官/假释官,Probation / Parole Officer,3412,21-1092.00,南欧,意大利,IT,country,general,本科,23-30,global,5.3,5.5,3.9,8.4,4.8,3.7,4.3,4.3,5.2,5.0,8.1,6.6,5.7,6.3,4.4,5.0,4.4,2.1,6.6,6.1,2.8,5.1,5.4,6.5,1.3,5.4,6.4,7.8,2.5,7.2,0.6,0.9,3.1,8.1,0,0,→,2032-2038,5.18,意大利缓刑官/假释官：就业稳定,Italy Probation / Parole Officer: stable employment,AI综合评估 + O*NET/ILO/OECD锚点校准
GOV-0304-ES-general,公共管理与公务员,GOV,司法行政,缓刑官/假释官,Probation / Parole Officer,3412,21-1092.00,南欧,西班牙,ES,country,general,本科,23-30,global,5.4,5.7,3.9,8.2,4.7,3.8,4.8,4.4,5.1,5.4,8.2,6.7,5.5,6.3,4.8,5.4,4.4,2.1,6.3,6.1,3.2,5.3,5.8,6.7,1.3,5.9,6.4,7.9,2.7,7.3,0.8,1.1,3.0,7.8,0,0,→,2032-2038,5.25,西班牙缓刑官/假释官：就业稳定,Spain Probation / Parole Officer: stable employment,AI综合评估 + O*NET/ILO/OECD锚点校准
GOV-0304-PT-general,公共管理与公务员,GOV,司法行政,缓刑官/假释官,Probation / Parole Officer,3412,21-1092.00,南欧,葡萄牙,PT,country,general,本科,23-30,global,5.0,5.7,3.8,7.9,4.6,3.4,4.7,3.8,5.0,5.2,8.7,6.7,5.6,6.3,4.9,5.0,4.7,2.0,6.4,5.7,3.3,5.1,5.9,6.9,1.8,6.0,6.8,7.9,2.8,7.2,0.8,1.1,3.2,8.3,0,0,→,2032-2038,5.25,葡萄牙缓刑官/假释官：就业极其稳定,Portugal Probation / Parole Officer: extremely stable employment,AI综合评估 + O*NET/ILO/OECD锚点校准
GOV-0304-PL-general,公共管理与公务员,GOV,司法行政,缓刑官/假释官,Probation / Parole Officer,3412,21-1092.00,东欧,波兰,PL,country,general,本科,23-30,global,5.3,5.4,3.7,8.1,4.7,3.5,4.4,3.7,4.7,4.7,8.5,6.4,5.7,6.6,4.6,4.9,4.6,1.9,6.6,5.4,2.9,5.0,5.8,6.8,1.5,5.6,6.5,8.3,2.8,7.1,0.7,1.1,3.3,7.7,0,0,→,2032-2038,5.18,波兰缓刑官/假释官：就业极其稳定,Poland Probation / Parole Officer: extremely stable employment,AI综合评估 + O*NET/ILO/OECD锚点校准
GOV-0304-CZ-general,公共管理与公务员,GOV,司法行政,缓刑官/假释官,Probation / Parole Officer,3412,21-1092.00,东欧,捷克,CZ,country,general,本科,23-30,global,5.3,5.6,3.3,8.5,4.6,3.0,4.2,4.0,5.1,5.3,8.7,6.6,5.5,6.4,4.7,5.0,4.8,1.8,6.7,5.3,3.5,5.4,6.2,6.4,1.8,5.7,6.9,7.9,2.6,6.7,1.1,1.1,2.8,7.8,0,0,→,2032-2038,5.25,捷克缓刑官/假释官：就业极其稳定,Czech Republic Probation / Parole Officer: extremely stable employment,AI综合评估 + O*NET/ILO/OECD锚点校准
GOV-0304-RU-general,公共管理与公务员,GOV,司法行政,缓刑官/假释官,Probation / Parole Officer,3412,21-1092.00,东欧,俄罗斯,RU,country,general,本科,23-30,global,5.2,5.7,3.6,8.1,4.8,4.4,4.1,3.8,4.5,5.0,7.8,6.5,5.6,6.0,4.2,5.2,4.6,2.0,6.7,5.0,2.8,4.6,5.3,6.2,1.1,5.7,6.3,7.9,2.6,7.0,0.8,0.8,2.7,8.0,0,1,→,2032-2038,5.03,俄罗斯缓刑官/假释官：就业稳定,Russia Probation / Parole Officer: stable employment,AI综合评估 + O*NET/ILO/OECD锚点校准
GOV-0304-US-general,公共管理与公务员,GOV,司法行政,缓刑官/假释官,Probation / Parole Officer,3412,21-1092.00,北美,美国,US,country,general,本科,23-30,global,5.1,5.6,3.4,8.0,4.4,2.8,4.8,4.3,6.0,5.7,8.5,6.6,5.3,5.9,4.6,5.2,4.4,2.0,6.7,5.8,3.1,5.0,5.6,6.8,1.3,6.3,6.8,8.0,2.3,7.1,0.9,1.0,2.9,8.1,0,0,→,2032-2038,5.26,美国缓刑官/假释官：就业极其稳定,United States Probation / Parole Officer: extremely stable employment,AI综合评估 + O*NET/ILO/OECD锚点校准
GOV-0304-CA-general,公共管理与公务员,GOV,司法行政,缓刑官/假释官,Probation / Parole Officer,3412,21-1092.00,北美,加拿大,CA,country,general,本科,23-30,global,5.0,5.8,3.9,8.4,4.2,3.2,4.5,3.7,6.2,5.9,9.0,6.7,5.7,6.4,5.0,5.4,4.8,1.8,6.7,5.4,3.0,5.2,6.4,7.1,1.4,6.5,6.8,8.0,2.4,7.0,0.9,1.0,3.5,8.1,0,0,→,2032-2038,5.41,加拿大缓刑官/假释官：就业极其稳定,Canada Probation / Parole Officer: extremely stable employment,AI综合评估 + O*NET/ILO/OECD锚点校准
GOV-0304-MX-general,公共管理与公务员,GOV,司法行政,缓刑官/假释官,Probation / Parole Officer,3412,21-1092.00,北美,墨西哥,MX,country,general,本科,23-30,global,5.1,5.2,3.2,7.8,4.6,4.0,4.3,3.5,4.5,4.5,7.2,6.3,5.1,6.1,4.3,4.7,4.4,2.4,6.4,5.3,2.8,4.9,5.4,6.6,1.1,5.4,6.2,8.0,2.7,6.7,1.2,1.1,2.6,8.1,0,0,→,2032-2038,4.91,墨西哥缓刑官/假释官：发展平稳,Mexico Probation / Parole Officer: steady development,AI综合评估 + O*NET/ILO/OECD锚点校准
GOV-0304-BR-general,公共管理与公务员,GOV,司法行政,缓刑官/假释官,Probation / Parole Officer,3412,21-1092.00,南美,巴西,BR,country,general,本科,23-30,global,5.2,5.5,4.0,8.4,5.1,4.1,5.0,4.1,5.0,5.4,8.1,6.6,5.2,6.2,4.4,5.2,4.4,2.1,6.3,5.9,2.9,4.6,5.5,6.4,1.6,5.5,6.8,7.7,2.6,7.0,0.8,0.8,2.7,8.1,0,1,→,2032-2038,5.18,巴西缓刑官/假释官：就业稳定,Brazil Probation / Parole Officer: stable employment,AI综合评估 + O*NET/ILO/OECD锚点校准
GOV-0304-AR-general,公共管理与公务员,GOV,司法行政,缓刑官/假释官,Probation / Parole Officer,3412,21-1092.00,南美,阿根廷,AR,country,general,本科,23-30,global,5.2,5.4,3.5,7.6,5.0,4.0,4.4,3.8,4.1,4.4,7.5,6.4,5.5,5.8,4.2,4.8,4.3,2.0,6.6,4.9,3.1,4.5,5.4,6.5,1.6,5.6,6.1,7.7,2.4,6.6,1.1,0.7,2.9,8.2,-1,1,→,2032-2038,4.95,阿根廷缓刑官/假释官：就业稳定,Argentina Probation / Parole Officer: stable employment,AI综合评估 + O*NET/ILO/OECD锚点校准
GOV-0304-CL-general,公共管理与公务员,GOV,司法行政,缓刑官/假释官,Probation / Parole Officer,3412,21-1092.00,南美,智利,CL,country,general,本科,23-30,global,4.7,5.6,3.7,7.9,4.3,2.9,4.6,4.0,4.7,5.3,8.1,6.5,5.5,5.7,4.5,4.8,4.4,1.8,6.5,5.4,3.2,5.0,5.7,6.8,1.6,5.2,6.7,8.0,2.8,7.0,1.0,1.3,3.2,7.8,0,0,→,2032-2038,5.14,智利缓刑官/假释官：就业稳定,Chile Probation / Parole Officer: stable employment,AI综合评估 + O*NET/ILO/OECD锚点校准
GOV-0304-CO-general,公共管理与公务员,GOV,司法行政,缓刑官/假释官,Probation / Parole Officer,3412,21-1092.00,南美,哥伦比亚,CO,country,general,本科,23-30,global,5.2,5.4,3.2,8.0,4.4,3.6,4.4,3.7,4.2,4.8,7.7,6.4,5.7,5.5,4.5,4.9,4.6,2.3,6.7,4.9,3.0,4.9,5.6,6.5,1.5,5.5,6.3,8.0,2.6,6.5,0.9,1.1,2.9,8.0,0,0,→,2032-2038,4.99,哥伦比亚缓刑官/假释官：就业稳定,Colombia Probation / Parole Officer: stable employment,AI综合评估 + O*NET/ILO/OECD锚点校准
GOV-0304-AU-general,公共管理与公务员,GOV,司法行政,缓刑官/假释官,Probation / Parole Officer,3412,21-1092.00,大洋洲,澳大利亚,AU,country,general,本科,23-30,global,5.0,5.7,3.6,8.6,4.7,3.4,4.1,3.8,6.2,5.7,9.3,6.7,5.8,7.0,4.8,5.0,5.0,1.8,6.6,5.6,3.3,5.4,6.4,6.9,1.5,6.6,7.0,8.2,2.3,7.0,0.6,1.2,3.3,7.9,0,0,→,2032-2038,5.46,澳大利亚缓刑官/假释官：就业极其稳定,Australia Probation / Parole Officer: extremely stable employment,AI综合评估 + O*NET/ILO/OECD锚点校准
GOV-0304-NZ-general,公共管理与公务员,GOV,司法行政,缓刑官/假释官,Probation / Parole Officer,3412,21-1092.00,大洋洲,新西兰,NZ,country,general,本科,23-30,global,5.0,5.7,3.5,8.7,4.1,3.3,4.5,3.8,5.4,5.3,9.4,6.6,5.7,6.7,4.9,5.0,4.6,1.8,6.4,5.3,3.3,5.6,6.5,7.1,1.7,6.6,6.9,7.9,2.7,6.6,0.5,1.4,3.2,8.0,0,0,→,2032-2038,5.37,新西兰缓刑官/假释官：就业极其稳定,New Zealand Probation / Parole Officer: extremely stable employment,AI综合评估 + O*NET/ILO/OECD锚点校准
GOV-0304-ZA-general,公共管理与公务员,GOV,司法行政,缓刑官/假释官,Probation / Parole Officer,3412,21-1092.00,非洲,南非,ZA,country,general,本科,23-30,global,5.1,5.7,3.6,8.0,4.8,3.6,4.1,4.0,4.6,4.9,7.6,6.4,5.7,5.9,4.4,5.0,4.4,2.2,6.7,5.1,2.9,4.9,5.5,6.4,1.2,5.4,6.3,8.0,2.6,6.5,1.2,0.6,2.8,8.2,0,0,→,2032-2038,5.01,南非缓刑官/假释官：就业稳定,South Africa Probation / Parole Officer: stable employment,AI综合评估 + O*NET/ILO/OECD锚点校准
GOV-0304-NG-general,公共管理与公务员,GOV,司法行政,缓刑官/假释官,Probation / Parole Officer,3412,21-1092.00,非洲,尼日利亚,NG,country,general,本科,23-30,global,4.6,5.2,3.7,7.5,5.1,3.9,3.8,4.0,4.2,4.4,6.8,6.3,5.2,5.4,3.9,4.8,4.5,2.4,6.3,5.1,2.6,4.9,4.7,6.0,1.2,4.8,6.3,8.2,2.3,6.5,0.8,0.9,2.6,8.1,-1,0,→,2032-2038,4.84,尼日利亚缓刑官/假释官：发展平稳,Nigeria Probation / Parole Officer: steady development,AI综合评估 + O*NET/ILO/OECD锚点校准
GOV-0304-KE-general,公共管理与公务员,GOV,司法行政,缓刑官/假释官,Probation / Parole Officer,3412,21-1092.00,非洲,肯尼亚,KE,country,general,本科,23-30,global,4.8,5.1,3.7,7.7,4.9,4.0,4.3,3.9,4.4,4.5,7.0,6.4,5.3,5.8,4.4,5.0,4.4,2.2,6.4,4.9,2.9,4.9,5.3,6.3,1.5,5.2,6.5,8.1,2.5,6.9,0.8,1.0,3.2,8.0,-1,0,→,2032-2038,4.99,肯尼亚缓刑官/假释官：发展平稳,Kenya Probation / Parole Officer: steady development,AI综合评估 + O*NET/ILO/OECD锚点校准
GOV-0304-EG-general,公共管理与公务员,GOV,司法行政,缓刑官/假释官,Probation / Parole Officer,3412,21-1092.00,非洲,埃及,EG,country,general,本科,23-30,global,4.7,5.3,3.8,8.2,4.9,4.6,4.4,3.8,4.0,4.6,7.8,6.6,5.2,5.5,4.1,4.7,4.3,2.1,6.2,5.4,3.2,4.7,5.3,6.1,1.7,4.8,6.1,8.1,2.3,7.0,0.8,0.8,2.8,8.2,0,1,→,2032-2038,4.98,埃及缓刑官/假释官：就业稳定，薪资水平偏低,"Egypt Probation / Parole Officer: stable employment, relatively low pay",AI综合评估 + O*NET/ILO/OECD锚点校准
GOV-0401-CN-general,公共管理与公务员,GOV,事业单位/公共机构,事业编制人员,Public Institution Staff (Shiye Bian),3354,,东亚,中国,CN,country,general,本科/硕士,22-30,country_specific,5.3,6.0,4.2,9.0,6.4,7.6,3.7,2.6,4.5,5.7,8.8,9.3,7.4,5.7,5.8,5.1,4.0,1.9,5.8,6.6,2.5,3.7,5.9,5.6,1.9,5.4,6.9,6.3,1.3,7.8,1.3,1.7,1.9,6.9,0,0,→,2028-2033,5.28,中国事业编制人员：就业极其稳定,China Public Institution Staff (Shiye Bian): extremely stable employment,AI综合评估 + O*NET/ILO/OECD锚点校准
GOV-0401-JP-general,公共管理与公务员,GOV,事业单位/公共机构,事业编制人员,Public Institution Staff (Shiye Bian),3354,,东亚,日本,JP,country,general,本科/硕士,22-30,country_specific,5.3,5.7,3.6,9.1,5.6,6.5,3.8,2.6,5.2,6.2,9.4,9.1,7.6,6.1,6.1,5.1,4.1,1.7,5.3,6.6,3.0,4.3,6.3,6.1,2.3,5.2,7.1,6.3,1.5,7.6,1.3,2.2,2.2,7.3,0,-1,→,2028-2033,5.39,日本事业编制人员：就业极其稳定,Japan Public Institution Staff (Shiye Bian): extremely stable employment,AI综合评估 + O*NET/ILO/OECD锚点校准
GOV-0401-KR-general,公共管理与公务员,GOV,事业单位/公共机构,事业编制人员,Public Institution Staff (Shiye Bian),3354,,东亚,韩国,KR,country,general,本科/硕士,22-30,country_specific,5.3,5.8,3.8,9.1,5.7,6.3,3.7,2.9,5.3,5.9,8.8,9.0,7.4,6.3,6.1,5.3,4.4,2.1,5.7,6.8,3.0,3.8,6.1,5.7,1.9,5.4,6.9,6.3,1.2,7.3,1.2,2.2,2.0,7.1,0,-1,→,2028-2033,5.36,韩国事业编制人员：就业极其稳定,South Korea Public Institution Staff (Shiye Bian): extremely stable employment,AI综合评估 + O*NET/ILO/OECD锚点校准
GOV-0401-TW-general,公共管理与公务员,GOV,事业单位/公共机构,事业编制人员,Public Institution Staff (Shiye Bian),3354,,东亚,中国台湾地区,TW,region,general,本科/硕士,22-30,country_specific,5.3,5.5,3.8,8.6,5.7,6.1,3.7,2.6,4.9,5.9,8.9,9.1,7.2,6.3,5.8,4.8,3.9,1.7,5.4,6.2,3.2,4.0,6.2,5.9,2.1,5.5,7.1,6.7,1.7,7.7,1.3,2.3,2.1,6.7,0,-1,→,2028-2033,5.3,中国台湾地区事业编制人员：就业极其稳定,Taiwan (China) Public Institution Staff (Shiye Bian): extremely stable employment,AI综合评估 + O*NET/ILO/OECD锚点校准
GOV-0401-HK-general,公共管理与公务员,GOV,事业单位/公共机构,事业编制人员,Public Institution Staff (Shiye Bian),3354,,东亚,中国香港地区,HK,region,general,本科/硕士,22-30,country_specific,5.4,5.4,3.5,8.7,5.0,5.9,3.4,2.6,5.8,6.2,8.4,9.0,7.1,6.2,6.1,5.2,4.4,1.6,5.6,6.2,3.2,4.1,6.2,5.8,1.9,5.8,6.9,6.4,1.6,7.2,1.4,1.9,2.3,7.0,0,-1,→,2028-2033,5.33,中国香港地区事业编制人员：就业稳定,Hong Kong (China) Public Institution Staff (Shiye Bian): stable employment,AI综合评估 + O*NET/ILO/OECD锚点校准
GOV-0401-SG-general,公共管理与公务员,GOV,事业单位/公共机构,事业编制人员,Public Institution Staff (Shiye Bian),3354,,东南亚,新加坡,SG,country,general,本科/硕士,22-30,country_specific,5.4,5.9,3.4,9.1,5.3,6.0,3.6,2.4,6.3,6.8,9.8,9.2,7.3,6.2,6.1,5.1,4.1,1.8,5.9,6.6,2.6,4.6,6.0,6.0,2.0,6.3,6.7,6.5,1.3,7.4,1.5,2.5,2.4,6.7,0,-2,↓,2028-2033,5.48,新加坡事业编制人员：就业极其稳定，近年需求下降,"Singapore Public Institution Staff (Shiye Bian): extremely stable employment, declining demand",AI综合评估 + O*NET/ILO/OECD锚点校准
GOV-0401-TH-general,公共管理与公务员,GOV,事业单位/公共机构,事业编制人员,Public Institution Staff (Shiye Bian),3354,,东南亚,泰国,TH,country,general,本科/硕士,22-30,country_specific,4.9,5.3,3.4,8.4,5.5,7.0,2.9,2.5,4.0,5.3,8.1,9.0,7.6,6.3,5.7,4.7,3.9,2.1,5.3,6.0,2.7,3.8,6.8,5.6,1.8,5.9,6.7,6.3,1.6,6.8,1.6,1.8,1.8,7.0,0,-1,→,2028-2033,5.1,泰国事业编制人员：就业稳定，薪资水平偏低,"Thailand Public Institution Staff (Shiye Bian): stable employment, relatively low pay",AI综合评估 + O*NET/ILO/OECD锚点校准
GOV-0401-VN-general,公共管理与公务员,GOV,事业单位/公共机构,事业编制人员,Public Institution Staff (Shiye Bian),3354,,东南亚,越南,VN,country,general,本科/硕士,22-30,country_specific,5.2,5.5,3.8,8.6,6.2,7.3,3.0,2.8,3.8,5.1,8.5,9.0,7.5,6.1,6.0,5.1,3.6,2.2,5.2,6.3,3.2,4.1,6.2,5.2,1.9,5.4,6.7,6.7,1.5,7.1,1.2,2.1,2.0,6.9,0,0,→,2028-2033,5.16,越南事业编制人员：就业极其稳定，薪资水平偏低,"Vietnam Public Institution Staff (Shiye Bian): extremely stable employment, relatively low pay",AI综合评估 + O*NET/ILO/OECD锚点校准
GOV-0401-ID-general,公共管理与公务员,GOV,事业单位/公共机构,事业编制人员,Public Institution Staff (Shiye Bian),3354,,东南亚,印度尼西亚,ID,country,general,本科/硕士,22-30,country_specific,4.6,5.6,3.5,8.2,5.6,6.9,2.7,2.3,3.9,5.3,7.6,9.0,7.1,6.1,5.8,4.6,4.1,2.1,5.4,5.5,2.7,4.0,6.2,5.4,1.6,5.2,6.6,6.3,1.7,6.8,1.4,1.7,1.8,6.8,0,-1,→,2028-2033,5.0,印度尼西亚事业编制人员：就业稳定，薪资水平偏低,"Indonesia Public Institution Staff (Shiye Bian): stable employment, relatively low pay",AI综合评估 + O*NET/ILO/OECD锚点校准
GOV-0401-MY-general,公共管理与公务员,GOV,事业单位/公共机构,事业编制人员,Public Institution Staff (Shiye Bian),3354,,东南亚,马来西亚,MY,country,general,本科/硕士,22-30,country_specific,5.3,5.4,3.4,9.0,5.4,6.5,2.9,2.7,4.3,5.3,8.1,9.0,7.6,6.2,5.7,4.8,4.0,2.0,5.7,6.2,3.1,4.1,6.5,5.4,2.0,5.6,7.0,6.3,1.2,6.8,1.7,1.7,2.2,7.1,0,-1,→,2028-2033,5.17,马来西亚事业编制人员：就业稳定,Malaysia Public Institution Staff (Shiye Bian): stable employment,AI综合评估 + O*NET/ILO/OECD锚点校准
GOV-0401-PH-general,公共管理与公务员,GOV,事业单位/公共机构,事业编制人员,Public Institution Staff (Shiye Bian),3354,,东南亚,菲律宾,PH,country,general,本科/硕士,22-30,country_specific,5.2,5.2,3.3,8.5,5.4,6.5,2.7,2.7,3.9,5.3,7.6,8.9,7.3,6.4,6.2,5.3,3.8,2.2,5.5,5.8,2.8,3.7,6.6,5.5,2.1,5.7,7.1,6.6,1.3,6.5,1.9,1.9,2.2,7.2,0,-1,→,2028-2033,5.1,菲律宾事业编制人员：就业稳定，薪资水平偏低,"Philippines Public Institution Staff (Shiye Bian): stable employment, relatively low pay",AI综合评估 + O*NET/ILO/OECD锚点校准
GOV-0401-IN-general,公共管理与公务员,GOV,事业单位/公共机构,事业编制人员,Public Institution Staff (Shiye Bian),3354,,南亚,印度,IN,country,general,本科/硕士,22-30,country_specific,5.3,5.6,4.1,9.0,5.9,6.9,3.6,3.1,4.3,5.3,8.5,9.0,7.2,6.3,6.0,4.9,3.6,2.1,5.4,6.4,2.8,3.9,5.9,5.1,1.7,5.2,7.0,6.6,1.4,7.8,1.2,2.0,1.8,7.4,0,0,→,2028-2033,5.18,印度事业编制人员：就业极其稳定,India Public Institution Staff (Shiye Bian): extremely stable employment,AI综合评估 + O*NET/ILO/OECD锚点校准
GOV-0401-PK-general,公共管理与公务员,GOV,事业单位/公共机构,事业编制人员,Public Institution Staff (Shiye Bian),3354,,南亚,巴基斯坦,PK,country,general,本科/硕士,22-30,country_specific,5.2,5.1,3.8,8.2,5.5,6.8,3.0,2.3,4.0,5.3,7.4,8.9,6.9,5.8,5.7,4.8,3.7,2.3,5.5,5.9,2.7,3.4,6.0,5.0,1.8,4.2,6.6,6.7,1.3,7.3,1.8,1.7,1.7,7.3,0,-1,→,2028-2033,4.93,巴基斯坦事业编制人员：薪资水平偏低,Pakistan Public Institution Staff (Shiye Bian): relatively low pay,AI综合评估 + O*NET/ILO/OECD锚点校准
GOV-0401-BD-general,公共管理与公务员,GOV,事业单位/公共机构,事业编制人员,Public Institution Staff (Shiye Bian),3354,,南亚,孟加拉国,BD,country,general,本科/硕士,22-30,country_specific,4.7,5.6,3.3,8.2,5.8,6.9,3.0,2.4,3.4,5.0,7.7,9.0,7.3,5.8,5.8,5.1,4.1,2.4,5.2,5.6,2.6,3.4,5.9,5.4,2.2,4.8,7.0,6.8,1.5,7.3,1.5,1.8,2.1,6.9,0,-1,→,2028-2033,4.96,孟加拉国事业编制人员：就业稳定，薪资水平偏低,"Bangladesh Public Institution Staff (Shiye Bian): stable employment, relatively low pay",AI综合评估 + O*NET/ILO/OECD锚点校准
GOV-0401-AE-general,公共管理与公务员,GOV,事业单位/公共机构,事业编制人员,Public Institution Staff (Shiye Bian),3354,,中亚/西亚,阿联酋,AE,country,general,本科/硕士,22-30,country_specific,5.0,5.1,3.9,9.2,5.7,6.9,2.6,2.1,5.7,6.6,9.4,9.2,7.2,6.2,5.9,4.9,4.4,1.9,5.2,6.1,2.7,4.4,6.5,5.9,1.9,5.4,6.6,6.7,1.5,6.4,1.5,2.3,2.1,6.8,0,-1,→,2028-2033,5.39,阿联酋事业编制人员：就业极其稳定,United Arab Emirates Public Institution Staff (Shiye Bian): extremely stable employment,AI综合评估 + O*NET/ILO/OECD锚点校准
GOV-0401-IL-general,公共管理与公务员,GOV,事业单位/公共机构,事业编制人员,Public Institution Staff (Shiye Bian),3354,,中亚/西亚,以色列,IL,country,general,本科/硕士,22-30,country_specific,5.4,5.9,3.6,8.5,5.7,6.2,2.8,2.2,5.1,5.9,8.6,8.9,7.5,6.6,6.2,5.4,4.0,1.9,5.5,6.4,2.8,4.0,6.6,6.0,2.0,6.1,7.0,6.6,1.7,7.1,1.7,2.1,2.5,6.8,0,-1,→,2028-2033,5.29,以色列事业编制人员：就业极其稳定,Israel Public Institution Staff (Shiye Bian): extremely stable employment,AI综合评估 + O*NET/ILO/OECD锚点校准
GOV-0401-SA-general,公共管理与公务员,GOV,事业单位/公共机构,事业编制人员,Public Institution Staff (Shiye Bian),3354,,中亚/西亚,沙特阿拉伯,SA,country,general,本科/硕士,22-30,country_specific,5.0,5.2,4.0,8.8,6.3,7.4,2.3,2.1,5.3,6.4,8.8,9.1,7.2,5.9,5.9,4.7,4.0,2.0,5.6,5.8,3.0,3.9,6.0,5.4,2.2,4.5,7.0,6.7,1.7,6.6,1.2,2.0,2.1,7.2,0,0,→,2028-2033,5.27,沙特阿拉伯事业编制人员：就业极其稳定,Saudi Arabia Public Institution Staff (Shiye Bian): extremely stable employment,AI综合评估 + O*NET/ILO/OECD锚点校准
GOV-0401-TR-general,公共管理与公务员,GOV,事业单位/公共机构,事业编制人员,Public Institution Staff (Shiye Bian),3354,,中亚/西亚,土耳其,TR,country,general,本科/硕士,22-30,country_specific,4.9,5.9,3.8,8.3,5.7,7.0,2.9,2.3,4.1,5.3,7.6,8.9,7.4,6.0,6.0,4.7,4.0,2.0,5.2,6.0,3.0,3.8,5.9,5.5,1.8,5.2,7.1,6.4,1.2,6.9,1.6,2.2,2.0,7.2,0,-1,→,2028-2033,5.06,土耳其事业编制人员：就业稳定,Turkey Public Institution Staff (Shiye Bian): stable employment,AI综合评估 + O*NET/ILO/OECD锚点校准
GOV-0401-GB-general,公共管理与公务员,GOV,事业单位/公共机构,事业编制人员,Public Institution Staff (Shiye Bian),3354,,西欧,英国,GB,country,general,本科/硕士,22-30,country_specific,5.3,5.6,3.3,8.6,5.5,6.3,2.8,2.5,4.9,6.2,9.1,9.1,7.6,6.9,6.3,5.0,4.1,1.8,5.8,6.0,3.1,4.3,6.8,5.6,2.1,6.5,7.3,6.3,1.4,6.9,1.4,2.0,2.3,6.9,0,-1,→,2028-2033,5.37,英国事业编制人员：就业极其稳定,United Kingdom Public Institution Staff (Shiye Bian): extremely stable employment,AI综合评估 + O*NET/ILO/OECD锚点校准
GOV-0401-FR-general,公共管理与公务员,GOV,事业单位/公共机构,事业编制人员,Public Institution Staff (Shiye Bian),3354,,西欧,法国,FR,country,general,本科/硕士,22-30,country_specific,5.2,5.6,4.2,8.7,6.2,7.1,3.0,3.1,5.1,5.9,9.0,9.2,8.0,7.1,6.7,5.5,4.4,1.6,5.6,6.5,3.0,4.5,7.2,5.4,2.3,6.2,7.4,6.6,1.2,7.5,1.2,1.9,2.3,7.1,0,0,→,2028-2033,5.54,法国事业编制人员：就业极其稳定,France Public Institution Staff (Shiye Bian): extremely stable employment,AI综合评估 + O*NET/ILO/OECD锚点校准
GOV-0401-DE-general,公共管理与公务员,GOV,事业单位/公共机构,事业编制人员,Public Institution Staff (Shiye Bian),3354,,西欧,德国,DE,country,general,本科/硕士,22-30,country_specific,5.4,6.0,3.6,9.0,5.5,6.6,3.4,2.4,5.5,6.4,9.2,9.3,7.9,7.3,6.5,5.1,3.9,1.7,5.7,6.4,3.4,4.3,7.4,5.6,2.0,6.5,7.2,6.4,1.6,7.1,1.5,2.3,2.0,6.9,0,-1,→,2028-2033,5.5,德国事业编制人员：就业极其稳定,Germany Public Institution Staff (Shiye Bian): extremely stable employment,AI综合评估 + O*NET/ILO/OECD锚点校准
GOV-0401-NL-general,公共管理与公务员,GOV,事业单位/公共机构,事业编制人员,Public Institution Staff (Shiye Bian),3354,,西欧,荷兰,NL,country,general,本科/硕士,22-30,country_specific,5.0,5.9,3.8,8.9,5.2,6.3,3.0,2.6,5.3,6.2,9.1,9.3,8.3,7.7,6.8,5.4,4.1,1.5,5.8,6.4,3.7,4.5,7.5,5.6,2.0,6.5,7.2,6.6,1.7,7.0,1.2,2.1,2.4,7.1,0,-1,→,2028-2033,5.57,荷兰事业编制人员：就业极其稳定,Netherlands Public Institution Staff (Shiye Bian): extremely stable employment,AI综合评估 + O*NET/ILO/OECD锚点校准
GOV-0401-CH-general,公共管理与公务员,GOV,事业单位/公共机构,事业编制人员,Public Institution Staff (Shiye Bian),3354,,西欧,瑞士,CH,country,general,本科/硕士,22-30,country_specific,5.2,5.5,3.5,9.2,5.4,6.0,2.8,2.4,6.1,6.7,9.6,9.2,8.1,7.4,6.8,5.1,4.1,1.6,5.5,6.1,3.1,4.9,7.3,5.8,2.1,6.0,7.5,6.5,1.5,6.7,1.3,2.1,2.4,6.8,0,-2,↓,2028-2033,5.58,瑞士事业编制人员：就业极其稳定，近年需求下降,"Switzerland Public Institution Staff (Shiye Bian): extremely stable employment, declining demand",AI综合评估 + O*NET/ILO/OECD锚点校准
GOV-0401-SE-general,公共管理与公务员,GOV,事业单位/公共机构,事业编制人员,Public Institution Staff (Shiye Bian),3354,,北欧,瑞典,SE,country,general,本科/硕士,22-30,country_specific,5.3,5.7,3.8,8.8,6.0,7.2,2.6,2.4,5.4,6.1,9.2,9.3,7.9,7.4,7.0,5.1,4.2,1.5,5.4,6.1,3.4,4.8,7.4,6.0,2.2,7.4,7.6,6.2,1.3,6.8,1.0,2.0,2.1,7.0,0,-1,→,2028-2033,5.57,瑞典事业编制人员：就业极其稳定,Sweden Public Institution Staff (Shiye Bian): extremely stable employment,AI综合评估 + O*NET/ILO/OECD锚点校准
GOV-0401-DK-general,公共管理与公务员,GOV,事业单位/公共机构,事业编制人员,Public Institution Staff (Shiye Bian),3354,,北欧,丹麦,DK,country,general,本科/硕士,22-30,country_specific,5.2,5.6,4.0,8.7,5.7,6.9,3.0,2.1,5.4,6.4,9.7,9.1,8.0,7.5,6.9,5.3,4.4,1.4,5.8,5.9,3.5,4.4,7.8,6.2,2.2,7.0,7.2,6.7,1.3,6.7,1.5,2.5,2.0,6.9,0,-1,→,2028-2033,5.63,丹麦事业编制人员：就业极其稳定,Denmark Public Institution Staff (Shiye Bian): extremely stable employment,AI综合评估 + O*NET/ILO/OECD锚点校准
GOV-0401-FI-general,公共管理与公务员,GOV,事业单位/公共机构,事业编制人员,Public Institution Staff (Shiye Bian),3354,,北欧,芬兰,FI,country,general,本科/硕士,22-30,country_specific,5.1,5.5,3.8,9.0,5.6,6.8,3.0,2.2,5.1,6.0,9.6,9.2,7.8,7.7,6.8,5.3,4.2,1.6,5.4,6.0,3.2,4.6,7.6,6.1,2.0,6.8,7.6,6.7,1.8,6.7,1.6,2.0,2.3,7.2,0,-1,→,2028-2033,5.54,芬兰事业编制人员：就业极其稳定,Finland Public Institution Staff (Shiye Bian): extremely stable employment,AI综合评估 + O*NET/ILO/OECD锚点校准
GOV-0401-IT-general,公共管理与公务员,GOV,事业单位/公共机构,事业编制人员,Public Institution Staff (Shiye Bian),3354,,南欧,意大利,IT,country,general,本科/硕士,22-30,country_specific,5.3,5.8,3.8,9.0,6.1,7.1,3.0,2.5,4.8,5.8,8.3,9.1,7.4,6.7,6.0,5.1,4.1,1.9,5.2,5.9,3.3,4.2,6.7,5.5,2.1,5.3,7.0,6.5,1.2,7.4,1.3,1.7,2.1,7.0,0,-1,→,2028-2033,5.27,意大利事业编制人员：就业稳定,Italy Public Institution Staff (Shiye Bian): stable employment,AI综合评估 + O*NET/ILO/OECD锚点校准
GOV-0401-ES-general,公共管理与公务员,GOV,事业单位/公共机构,事业编制人员,Public Institution Staff (Shiye Bian),3354,,南欧,西班牙,ES,country,general,本科/硕士,22-30,country_specific,4.8,5.6,3.8,8.7,5.7,6.6,3.2,2.8,4.5,5.7,8.8,9.1,7.4,7.1,6.0,5.1,4.3,2.0,5.8,6.4,3.2,4.0,6.9,5.7,1.9,5.8,7.0,6.6,1.5,7.6,1.6,2.3,2.3,7.3,0,-1,→,2028-2033,5.36,西班牙事业编制人员：就业极其稳定,Spain Public Institution Staff (Shiye Bian): extremely stable employment,AI综合评估 + O*NET/ILO/OECD锚点校准
GOV-0401-PT-general,公共管理与公务员,GOV,事业单位/公共机构,事业编制人员,Public Institution Staff (Shiye Bian),3354,,南欧,葡萄牙,PT,country,general,本科/硕士,22-30,country_specific,5.2,5.5,3.8,9.0,5.5,6.5,3.0,2.3,4.5,5.7,8.5,9.2,7.9,6.9,6.1,5.0,4.3,2.0,5.4,6.3,2.8,4.1,6.9,5.9,1.9,6.3,7.2,6.5,1.3,6.8,1.6,1.9,2.2,6.7,0,-1,→,2028-2033,5.31,葡萄牙事业编制人员：就业极其稳定,Portugal Public Institution Staff (Shiye Bian): extremely stable employment,AI综合评估 + O*NET/ILO/OECD锚点校准
GOV-0401-PL-general,公共管理与公务员,GOV,事业单位/公共机构,事业编制人员,Public Institution Staff (Shiye Bian),3354,,东欧,波兰,PL,country,general,本科/硕士,22-30,country_specific,5.0,5.2,3.8,8.5,5.2,6.5,3.1,2.5,4.1,5.5,8.6,9.0,7.4,7.1,6.1,4.8,4.3,1.9,5.5,5.8,2.9,4.0,6.7,5.8,2.0,5.9,7.1,6.7,1.3,6.8,1.7,1.9,2.1,7.3,0,-1,→,2028-2033,5.25,波兰事业编制人员：就业极其稳定,Poland Public Institution Staff (Shiye Bian): extremely stable employment,AI综合评估 + O*NET/ILO/OECD锚点校准
GOV-0401-CZ-general,公共管理与公务员,GOV,事业单位/公共机构,事业编制人员,Public Institution Staff (Shiye Bian),3354,,东欧,捷克,CZ,country,general,本科/硕士,22-30,country_specific,5.4,5.7,3.2,8.6,5.2,6.5,2.8,2.3,4.4,5.8,8.6,9.1,7.8,6.9,6.5,5.2,3.9,1.9,5.3,5.8,3.1,4.5,7.2,5.9,2.3,6.0,7.2,6.3,1.8,6.6,1.4,1.9,2.3,6.9,0,-1,→,2028-2033,5.27,捷克事业编制人员：就业极其稳定,Czech Republic Public Institution Staff (Shiye Bian): extremely stable employment,AI综合评估 + O*NET/ILO/OECD锚点校准
GOV-0401-RU-general,公共管理与公务员,GOV,事业单位/公共机构,事业编制人员,Public Institution Staff (Shiye Bian),3354,,东欧,俄罗斯,RU,country,general,本科/硕士,22-30,country_specific,5.2,5.2,3.7,8.7,6.2,7.3,2.5,2.6,3.9,5.1,7.6,9.0,7.5,6.2,6.1,5.0,3.8,2.1,5.4,5.9,2.8,3.9,6.2,5.2,1.7,5.5,6.7,6.2,1.8,6.8,1.5,2.0,1.7,7.2,0,0,→,2028-2033,5.07,俄罗斯事业编制人员：就业稳定，薪资水平偏低,"Russia Public Institution Staff (Shiye Bian): stable employment, relatively low pay",AI综合评估 + O*NET/ILO/OECD锚点校准
GOV-0401-US-general,公共管理与公务员,GOV,事业单位/公共机构,事业编制人员,Public Institution Staff (Shiye Bian),3354,,北美,美国,US,country,general,本科/硕士,22-30,country_specific,5.4,5.7,3.4,8.6,5.0,6.0,3.0,2.6,5.4,6.2,8.7,9.1,7.3,6.4,6.0,5.1,4.0,1.7,5.8,6.3,3.0,4.5,6.8,5.7,1.9,6.3,7.1,6.7,1.5,7.1,1.4,2.3,2.3,6.8,0,-1,→,2028-2033,5.35,美国事业编制人员：就业极其稳定,United States Public Institution Staff (Shiye Bian): extremely stable employment,AI综合评估 + O*NET/ILO/OECD锚点校准
GOV-0401-CA-general,公共管理与公务员,GOV,事业单位/公共机构,事业编制人员,Public Institution Staff (Shiye Bian),3354,,北美,加拿大,CA,country,general,本科/硕士,22-30,country_specific,5.3,5.8,3.6,9.0,5.4,6.1,3.1,2.3,5.4,6.3,9.0,9.3,7.7,6.9,6.4,5.2,4.3,1.8,5.4,6.5,3.4,4.2,6.8,5.5,2.1,6.4,7.3,6.5,1.5,6.9,1.5,2.1,2.4,6.7,0,-1,→,2028-2033,5.43,加拿大事业编制人员：就业极其稳定,Canada Public Institution Staff (Shiye Bian): extremely stable employment,AI综合评估 + O*NET/ILO/OECD锚点校准
GOV-0401-MX-general,公共管理与公务员,GOV,事业单位/公共机构,事业编制人员,Public Institution Staff (Shiye Bian),3354,,北美,墨西哥,MX,country,general,本科/硕士,22-30,country_specific,4.9,5.6,3.3,8.6,5.4,6.7,2.7,2.4,3.7,5.0,7.4,8.9,7.4,6.0,5.8,5.0,3.8,2.0,5.4,5.5,3.0,3.9,6.6,5.5,1.8,5.6,6.7,6.7,1.7,6.7,1.6,1.8,1.7,7.2,0,-1,→,2028-2033,5.0,墨西哥事业编制人员：薪资水平偏低,Mexico Public Institution Staff (Shiye Bian): relatively low pay,AI综合评估 + O*NET/ILO/OECD锚点校准
GOV-0401-BR-general,公共管理与公务员,GOV,事业单位/公共机构,事业编制人员,Public Institution Staff (Shiye Bian),3354,,南美,巴西,BR,country,general,本科/硕士,22-30,country_specific,5.1,5.6,3.6,8.4,6.1,7.0,2.9,2.9,4.5,5.9,8.2,9.0,7.7,6.2,5.8,5.2,4.0,2.0,5.5,6.5,2.9,3.9,6.5,5.2,1.6,5.4,6.8,6.7,1.5,7.6,1.6,1.7,1.8,7.3,0,0,→,2028-2033,5.19,巴西事业编制人员：就业稳定,Brazil Public Institution Staff (Shiye Bian): stable employment,AI综合评估 + O*NET/ILO/OECD锚点校准
GOV-0401-AR-general,公共管理与公务员,GOV,事业单位/公共机构,事业编制人员,Public Institution Staff (Shiye Bian),3354,,南美,阿根廷,AR,country,general,本科/硕士,22-30,country_specific,5.1,5.4,3.5,8.0,5.9,6.9,2.4,2.1,3.8,5.2,7.4,8.8,7.3,6.1,5.9,5.2,3.6,2.1,5.7,5.3,2.9,4.0,6.4,5.0,1.9,5.7,6.9,6.2,1.2,6.4,1.7,1.9,1.7,7.0,-1,0,→,2028-2033,5.0,阿根廷事业编制人员：薪资水平偏低,Argentina Public Institution Staff (Shiye Bian): relatively low pay,AI综合评估 + O*NET/ILO/OECD锚点校准
GOV-0401-CL-general,公共管理与公务员,GOV,事业单位/公共机构,事业编制人员,Public Institution Staff (Shiye Bian),3354,,南美,智利,CL,country,general,本科/硕士,22-30,country_specific,4.9,5.7,3.6,8.3,5.0,6.2,2.6,2.3,4.4,5.4,8.6,9.1,7.4,6.6,5.9,5.1,4.3,1.9,5.3,5.6,3.2,4.1,6.2,5.9,2.2,5.6,6.8,6.4,1.5,7.0,1.3,2.3,1.7,6.7,0,-1,→,2028-2033,5.16,智利事业编制人员：就业极其稳定,Chile Public Institution Staff (Shiye Bian): extremely stable employment,AI综合评估 + O*NET/ILO/OECD锚点校准
GOV-0401-CO-general,公共管理与公务员,GOV,事业单位/公共机构,事业编制人员,Public Institution Staff (Shiye Bian),3354,,南美,哥伦比亚,CO,country,general,本科/硕士,22-30,country_specific,4.8,5.1,3.6,8.5,5.6,6.5,3.1,2.4,3.9,5.0,7.2,9.0,7.6,6.1,5.9,5.2,4.0,1.9,5.3,5.4,3.1,3.7,6.4,5.5,2.2,5.5,7.2,6.2,1.6,7.0,1.6,2.2,1.7,6.7,0,-1,→,2028-2033,5.08,哥伦比亚事业编制人员：薪资水平偏低,Colombia Public Institution Staff (Shiye Bian): relatively low pay,AI综合评估 + O*NET/ILO/OECD锚点校准
GOV-0401-AU-general,公共管理与公务员,GOV,事业单位/公共机构,事业编制人员,Public Institution Staff (Shiye Bian),3354,,大洋洲,澳大利亚,AU,country,general,本科/硕士,22-30,country_specific,5.1,5.7,3.5,8.7,5.2,6.3,2.6,2.5,5.4,6.2,9.1,9.2,7.7,7.2,6.7,5.4,4.4,1.5,5.8,6.2,3.1,4.3,7.1,5.8,2.0,6.8,7.1,6.6,1.3,6.6,1.3,2.2,2.2,7.1,0,-1,→,2028-2033,5.49,澳大利亚事业编制人员：就业极其稳定,Australia Public Institution Staff (Shiye Bian): extremely stable employment,AI综合评估 + O*NET/ILO/OECD锚点校准
GOV-0401-NZ-general,公共管理与公务员,GOV,事业单位/公共机构,事业编制人员,Public Institution Staff (Shiye Bian),3354,,大洋洲,新西兰,NZ,country,general,本科/硕士,22-30,country_specific,4.9,5.4,3.5,9.0,5.5,6.2,2.9,2.3,5.1,5.9,9.4,9.2,8.0,7.6,6.5,5.2,4.3,1.7,5.3,6.2,3.1,4.5,7.7,6.1,2.4,6.9,7.1,6.3,1.4,6.8,1.2,2.3,2.3,7.0,0,-1,→,2028-2033,5.51,新西兰事业编制人员：就业极其稳定,New Zealand Public Institution Staff (Shiye Bian): extremely stable employment,AI综合评估 + O*NET/ILO/OECD锚点校准
GOV-0401-ZA-general,公共管理与公务员,GOV,事业单位/公共机构,事业编制人员,Public Institution Staff (Shiye Bian),3354,,非洲,南非,ZA,country,general,本科/硕士,22-30,country_specific,5.0,5.4,3.5,8.3,5.6,6.7,2.5,2.4,4.1,5.4,7.2,8.8,7.2,6.4,6.0,4.9,3.6,2.2,5.7,5.7,2.8,3.8,6.5,5.5,2.0,5.4,6.8,6.4,1.6,6.5,1.6,1.7,2.1,7.1,0,-1,→,2028-2033,5.05,南非事业编制人员：发展平稳,South Africa Public Institution Staff (Shiye Bian): steady development,AI综合评估 + O*NET/ILO/OECD锚点校准
GOV-0401-NG-general,公共管理与公务员,GOV,事业单位/公共机构,事业编制人员,Public Institution Staff (Shiye Bian),3354,,非洲,尼日利亚,NG,country,general,本科/硕士,22-30,country_specific,5.0,4.9,3.3,7.9,5.9,7.0,2.2,2.2,3.6,4.6,7.2,8.8,7.2,5.8,5.6,5.0,3.9,2.3,5.7,5.5,2.9,3.5,5.7,5.1,2.1,4.6,6.9,6.5,1.6,6.5,1.6,1.7,1.5,6.9,-1,-1,→,2028-2033,4.88,尼日利亚事业编制人员：薪资水平偏低,Nigeria Public Institution Staff (Shiye Bian): relatively low pay,AI综合评估 + O*NET/ILO/OECD锚点校准
GOV-0401-KE-general,公共管理与公务员,GOV,事业单位/公共机构,事业编制人员,Public Institution Staff (Shiye Bian),3354,,非洲,肯尼亚,KE,country,general,本科/硕士,22-30,country_specific,4.8,5.6,3.8,7.9,5.7,6.9,2.8,2.2,3.9,4.9,7.4,8.9,7.2,6.0,5.7,4.8,3.9,2.4,5.1,5.7,2.9,4.0,6.1,5.4,1.8,5.1,7.0,6.7,1.6,6.5,1.8,2.0,2.0,6.9,-1,-1,→,2028-2033,4.97,肯尼亚事业编制人员：薪资水平偏低,Kenya Public Institution Staff (Shiye Bian): relatively low pay,AI综合评估 + O*NET/ILO/OECD锚点校准
GOV-0401-EG-general,公共管理与公务员,GOV,事业单位/公共机构,事业编制人员,Public Institution Staff (Shiye Bian),3354,,非洲,埃及,EG,country,general,本科/硕士,22-30,country_specific,5.1,5.1,3.8,8.6,6.1,7.4,2.4,2.6,3.6,5.3,7.6,9.0,7.1,6.2,5.6,4.9,3.7,2.1,5.3,5.7,2.8,3.5,5.9,5.1,1.7,4.6,7.0,6.7,1.4,7.0,1.6,2.0,1.6,7.0,0,0,→,2028-2033,5.0,埃及事业编制人员：就业稳定，薪资水平偏低,"Egypt Public Institution Staff (Shiye Bian): stable employment, relatively low pay",AI综合评估 + O*NET/ILO/OECD锚点校准
GOV-0402-CN-general,公共管理与公务员,GOV,事业单位/公共机构,公共图书馆馆长,Public Library Director,1345,11-9121.01,东亚,中国,CN,country,general,硕士,28-40,global,5.7,7.1,3.8,9.0,4.1,4.3,4.3,3.9,4.6,4.8,9.5,9.7,7.1,7.1,6.6,5.0,4.6,1.4,6.2,6.7,3.4,5.8,6.5,7.0,1.9,7.0,7.9,6.3,1.7,7.0,0.6,2.8,3.5,7.2,-1,0,→,2032-2038,5.59,中国公共图书馆馆长：就业极其稳定,China Public Library Director: extremely stable employment,AI综合评估 + O*NET/ILO/OECD锚点校准
GOV-0402-JP-general,公共管理与公务员,GOV,事业单位/公共机构,公共图书馆馆长,Public Library Director,1345,11-9121.01,东亚,日本,JP,country,general,硕士,28-40,global,5.6,7.0,3.6,9.0,3.6,3.4,4.0,3.6,5.2,5.3,9.6,9.8,7.5,7.2,6.9,5.2,4.5,1.1,5.9,6.4,3.1,6.5,7.1,7.4,2.1,6.7,8.1,6.4,1.7,6.8,0.8,2.5,3.1,7.1,-1,-1,→,2028-2033,5.63,日本公共图书馆馆长：就业极其稳定,Japan Public Library Director: extremely stable employment,AI综合评估 + O*NET/ILO/OECD锚点校准
GOV-0402-KR-general,公共管理与公务员,GOV,事业单位/公共机构,公共图书馆馆长,Public Library Director,1345,11-9121.01,东亚,韩国,KR,country,general,硕士,28-40,global,5.6,7.0,3.2,8.8,3.5,2.9,4.0,3.9,5.2,5.1,9.4,9.5,7.1,7.3,6.8,5.4,4.6,1.5,6.3,7.0,3.5,5.8,7.3,7.5,2.3,6.3,8.1,6.3,1.3,6.9,0.6,2.7,3.3,7.1,-1,-1,→,2032-2038,5.61,韩国公共图书馆馆长：就业极其稳定,South Korea Public Library Director: extremely stable employment,AI综合评估 + O*NET/ILO/OECD锚点校准
GOV-0402-TW-general,公共管理与公务员,GOV,事业单位/公共机构,公共图书馆馆长,Public Library Director,1345,11-9121.01,东亚,中国台湾地区,TW,region,general,硕士,28-40,global,5.5,7.0,3.3,8.9,3.4,3.0,3.8,3.5,4.5,4.7,9.2,9.6,7.7,7.2,6.9,5.1,4.5,1.3,6.3,6.7,3.1,5.8,7.2,7.2,1.8,7.2,8.2,6.6,1.8,6.9,1.1,2.6,3.5,6.8,-1,-1,→,2032-2038,5.53,中国台湾地区公共图书馆馆长：就业极其稳定,Taiwan (China) Public Library Director: extremely stable employment,AI综合评估 + O*NET/ILO/OECD锚点校准
GOV-0402-HK-general,公共管理与公务员,GOV,事业单位/公共机构,公共图书馆馆长,Public Library Director,1345,11-9121.01,东亚,中国香港地区,HK,region,general,硕士,28-40,global,5.8,6.3,2.9,8.9,2.9,2.6,3.5,3.8,5.6,5.4,9.2,9.6,7.3,6.9,6.6,4.9,4.5,1.3,6.1,6.0,3.3,6.0,7.1,7.3,2.0,7.2,7.6,6.6,1.5,6.5,0.9,2.4,4.0,7.1,-1,-1,→,2032-2038,5.55,中国香港地区公共图书馆馆长：就业极其稳定,Hong Kong (China) Public Library Director: extremely stable employment,AI综合评估 + O*NET/ILO/OECD锚点校准
GOV-0402-SG-general,公共管理与公务员,GOV,事业单位/公共机构,公共图书馆馆长,Public Library Director,1345,11-9121.01,东南亚,新加坡,SG,country,general,硕士,28-40,global,5.6,6.5,2.8,9.2,2.8,2.3,4.0,3.7,6.0,5.5,9.9,9.8,7.3,7.6,6.7,5.0,4.8,1.1,6.1,6.4,3.2,6.3,7.6,7.4,2.1,7.8,7.8,6.6,1.5,6.7,0.8,3.0,3.7,6.8,-1,-2,↓,2032-2038,5.72,新加坡公共图书馆馆长：就业极其稳定，近年需求下降,"Singapore Public Library Director: extremely stable employment, declining demand",AI综合评估 + O*NET/ILO/OECD锚点校准
GOV-0402-TH-general,公共管理与公务员,GOV,事业单位/公共机构,公共图书馆馆长,Public Library Director,1345,11-9121.01,东南亚,泰国,TH,country,general,硕士,28-40,global,5.7,6.4,3.1,8.7,4.0,3.6,3.4,3.4,4.1,4.4,8.3,9.6,7.6,7.3,7.2,5.0,4.6,1.5,5.8,5.6,3.4,5.7,7.2,7.1,2.0,7.5,7.9,6.5,1.2,6.7,0.9,2.2,3.1,7.2,-1,-1,→,2028-2033,5.4,泰国公共图书馆馆长：就业稳定,Thailand Public Library Director: stable employment,AI综合评估 + O*NET/ILO/OECD锚点校准
GOV-0402-VN-general,公共管理与公务员,GOV,事业单位/公共机构,公共图书馆馆长,Public Library Director,1345,11-9121.01,东南亚,越南,VN,country,general,硕士,28-40,global,5.5,6.4,3.6,8.6,3.9,3.9,3.2,3.7,4.0,4.0,9.0,9.6,7.6,7.5,6.7,5.1,4.5,1.4,6.2,5.8,3.4,5.7,7.2,6.8,2.1,7.0,8.1,6.4,1.6,6.9,0.9,2.7,3.3,7.3,-1,0,→,2032-2038,5.45,越南公共图书馆馆长：就业极其稳定，薪资水平偏低,"Vietnam Public Library Director: extremely stable employment, relatively low pay",AI综合评估 + O*NET/ILO/OECD锚点校准
GOV-0402-ID-general,公共管理与公务员,GOV,事业单位/公共机构,公共图书馆馆长,Public Library Director,1345,11-9121.01,东南亚,印度尼西亚,ID,country,general,硕士,28-40,global,5.5,6.4,2.9,8.3,4.0,3.3,3.0,3.6,3.7,4.4,8.5,9.5,7.6,7.0,6.7,5.1,4.5,1.5,6.0,6.0,3.3,5.8,7.3,6.7,1.6,6.7,7.7,6.7,1.5,6.7,1.1,2.2,3.2,7.3,-1,-1,→,2032-2038,5.32,印度尼西亚公共图书馆馆长：就业极其稳定，薪资水平偏低,"Indonesia Public Library Director: extremely stable employment, relatively low pay",AI综合评估 + O*NET/ILO/OECD锚点校准
GOV-0402-MY-general,公共管理与公务员,GOV,事业单位/公共机构,公共图书馆馆长,Public Library Director,1345,11-9121.01,东南亚,马来西亚,MY,country,general,硕士,28-40,global,5.7,6.3,3.4,8.5,3.6,3.4,3.8,3.5,4.5,4.8,9.1,9.6,7.2,7.2,6.8,5.1,4.3,1.5,5.8,5.9,3.6,6.2,7.4,7.1,1.9,7.2,8.1,6.5,1.5,6.6,1.1,2.3,3.6,7.2,-1,-1,→,2028-2033,5.49,马来西亚公共图书馆馆长：就业极其稳定,Malaysia Public Library Director: extremely stable employment,AI综合评估 + O*NET/ILO/OECD锚点校准
GOV-0402-PH-general,公共管理与公务员,GOV,事业单位/公共机构,公共图书馆馆长,Public Library Director,1345,11-9121.01,东南亚,菲律宾,PH,country,general,硕士,28-40,global,5.5,6.7,3.0,8.0,3.7,3.4,3.2,3.4,3.5,4.1,7.9,9.4,7.6,7.6,6.9,4.8,4.5,1.8,6.2,5.7,3.4,5.9,7.0,6.7,2.2,7.5,7.8,6.7,1.5,6.6,1.1,2.5,3.3,6.7,-1,-1,→,2032-2038,5.29,菲律宾公共图书馆馆长：就业稳定，薪资水平偏低,"Philippines Public Library Director: stable employment, relatively low pay",AI综合评估 + O*NET/ILO/OECD锚点校准
GOV-0402-IN-general,公共管理与公务员,GOV,事业单位/公共机构,公共图书馆馆长,Public Library Director,1345,11-9121.01,南亚,印度,IN,country,general,硕士,28-40,global,5.7,6.9,3.3,8.9,4.1,3.4,4.1,4.1,4.6,4.9,8.4,9.5,7.1,7.3,6.9,5.1,4.4,1.6,6.1,6.3,3.2,5.8,7.1,7.1,1.9,6.7,7.8,6.6,1.6,6.8,1.1,2.3,3.5,6.9,-1,0,→,2032-2038,5.49,印度公共图书馆馆长：就业稳定,India Public Library Director: stable employment,AI综合评估 + O*NET/ILO/OECD锚点校准
GOV-0402-PK-general,公共管理与公务员,GOV,事业单位/公共机构,公共图书馆馆长,Public Library Director,1345,11-9121.01,南亚,巴基斯坦,PK,country,general,硕士,28-40,global,5.5,6.3,3.1,8.6,4.0,3.6,3.4,3.6,3.5,4.2,7.6,9.4,7.3,7.1,6.7,4.8,4.6,1.7,5.8,5.7,3.3,5.7,6.7,6.9,2.1,5.9,7.9,6.6,1.5,6.7,1.1,2.6,3.2,7.1,-1,-1,→,2028-2033,5.25,巴基斯坦公共图书馆馆长：就业稳定，薪资水平偏低,"Pakistan Public Library Director: stable employment, relatively low pay",AI综合评估 + O*NET/ILO/OECD锚点校准
GOV-0402-BD-general,公共管理与公务员,GOV,事业单位/公共机构,公共图书馆馆长,Public Library Director,1345,11-9121.01,南亚,孟加拉国,BD,country,general,硕士,28-40,global,5.0,6.4,3.2,8.1,3.4,3.5,3.3,3.4,3.6,4.1,7.9,9.5,7.2,6.7,6.5,5.1,4.1,1.7,6.1,5.5,3.4,5.7,6.7,6.8,1.8,6.2,7.6,6.6,1.5,6.6,1.3,2.6,3.5,7.0,-1,-1,→,2032-2038,5.22,孟加拉国公共图书馆馆长：就业稳定，薪资水平偏低,"Bangladesh Public Library Director: stable employment, relatively low pay",AI综合评估 + O*NET/ILO/OECD锚点校准
GOV-0402-AE-general,公共管理与公务员,GOV,事业单位/公共机构,公共图书馆馆长,Public Library Director,1345,11-9121.01,中亚/西亚,阿联酋,AE,country,general,硕士,28-40,global,5.5,6.2,3.1,9.1,3.4,3.4,2.8,3.1,6.1,5.6,9.6,9.8,7.5,7.3,6.6,4.9,4.9,1.4,5.7,6.0,3.1,6.0,7.1,7.4,2.4,6.9,7.7,6.3,1.6,6.1,1.1,2.9,3.4,6.8,-1,-1,→,2028-2033,5.6,阿联酋公共图书馆馆长：就业极其稳定,United Arab Emirates Public Library Director: extremely stable employment,AI综合评估 + O*NET/ILO/OECD锚点校准
GOV-0402-IL-general,公共管理与公务员,GOV,事业单位/公共机构,公共图书馆馆长,Public Library Director,1345,11-9121.01,中亚/西亚,以色列,IL,country,general,硕士,28-40,global,5.7,6.5,2.7,8.5,3.3,3.2,3.4,3.5,4.9,5.0,8.6,9.4,7.7,7.8,6.8,5.4,4.8,1.6,6.0,6.3,3.4,6.0,7.3,7.3,2.4,7.7,7.9,6.4,1.3,6.6,1.2,2.5,3.8,6.9,-1,-1,→,2032-2038,5.52,以色列公共图书馆馆长：就业极其稳定,Israel Public Library Director: extremely stable employment,AI综合评估 + O*NET/ILO/OECD锚点校准
GOV-0402-SA-general,公共管理与公务员,GOV,事业单位/公共机构,公共图书馆馆长,Public Library Director,1345,11-9121.01,中亚/西亚,沙特阿拉伯,SA,country,general,硕士,28-40,global,5.2,6.0,3.3,8.6,4.2,4.1,3.2,3.1,5.8,5.4,9.0,9.6,7.3,6.9,6.8,5.2,4.6,1.6,5.9,5.9,3.6,6.0,7.4,7.2,2.1,6.2,7.8,6.6,1.5,6.2,1.0,2.2,3.3,7.2,-1,0,→,2028-2033,5.57,沙特阿拉伯公共图书馆馆长：就业极其稳定,Saudi Arabia Public Library Director: extremely stable employment,AI综合评估 + O*NET/ILO/OECD锚点校准
GOV-0402-TR-general,公共管理与公务员,GOV,事业单位/公共机构,公共图书馆馆长,Public Library Director,1345,11-9121.01,中亚/西亚,土耳其,TR,country,general,硕士,28-40,global,5.3,6.7,3.1,8.2,3.7,3.5,3.6,3.4,4.4,3.9,8.1,9.6,7.4,7.2,6.5,4.7,4.3,1.4,5.8,6.3,3.7,5.9,7.3,6.9,2.3,6.8,7.7,6.7,1.7,6.8,0.9,2.3,3.5,7.3,-1,-1,→,2028-2033,5.36,土耳其公共图书馆馆长：就业稳定,Turkey Public Library Director: stable employment,AI综合评估 + O*NET/ILO/OECD锚点校准
GOV-0402-GB-general,公共管理与公务员,GOV,事业单位/公共机构,公共图书馆馆长,Public Library Director,1345,11-9121.01,西欧,英国,GB,country,general,硕士,28-40,global,6.0,6.7,3.1,9.0,3.3,2.5,3.6,3.7,5.2,4.8,9.5,9.7,7.7,8.4,7.4,5.5,4.5,1.3,5.9,5.9,3.4,6.2,7.9,7.1,2.1,8.1,8.5,6.4,1.4,6.8,1.1,2.8,4.1,7.2,-1,-1,→,2028-2033,5.66,英国公共图书馆馆长：就业极其稳定,United Kingdom Public Library Director: extremely stable employment,AI综合评估 + O*NET/ILO/OECD锚点校准
GOV-0402-FR-general,公共管理与公务员,GOV,事业单位/公共机构,公共图书馆馆长,Public Library Director,1345,11-9121.01,西欧,法国,FR,country,general,硕士,28-40,global,5.5,6.7,3.5,9.0,4.2,4.0,3.9,3.7,4.6,4.9,9.1,9.7,8.1,8.1,7.5,5.2,4.5,1.1,6.2,6.5,4.0,6.2,8.0,7.0,2.1,7.8,8.2,6.5,1.3,6.7,0.8,2.4,3.5,6.8,-1,0,→,2032-2038,5.76,法国公共图书馆馆长：就业极其稳定,France Public Library Director: extremely stable employment,AI综合评估 + O*NET/ILO/OECD锚点校准
GOV-0402-DE-general,公共管理与公务员,GOV,事业单位/公共机构,公共图书馆馆长,Public Library Director,1345,11-9121.01,西欧,德国,DE,country,general,硕士,28-40,global,5.8,6.9,3.5,9.2,3.5,3.0,3.5,3.4,5.2,5.3,9.7,9.7,7.8,8.2,7.7,5.3,4.8,1.3,6.3,6.3,3.5,6.4,8.4,7.1,2.2,7.8,8.5,6.3,1.4,6.7,0.6,2.4,3.8,7.2,-1,-1,→,2032-2038,5.77,德国公共图书馆馆长：就业极其稳定,Germany Public Library Director: extremely stable employment,AI综合评估 + O*NET/ILO/OECD锚点校准
GOV-0402-NL-general,公共管理与公务员,GOV,事业单位/公共机构,公共图书馆馆长,Public Library Director,1345,11-9121.01,西欧,荷兰,NL,country,general,硕士,28-40,global,5.7,6.3,3.0,8.9,3.1,2.6,3.3,3.2,5.2,5.5,9.6,9.8,7.8,8.9,8.0,5.2,4.9,1.0,5.9,6.1,4.0,6.7,8.4,7.6,2.3,8.5,8.2,6.7,1.8,6.1,0.6,2.6,3.6,6.8,-1,-1,→,2028-2033,5.82,荷兰公共图书馆馆长：就业极其稳定,Netherlands Public Library Director: extremely stable employment,AI综合评估 + O*NET/ILO/OECD锚点校准
GOV-0402-CH-general,公共管理与公务员,GOV,事业单位/公共机构,公共图书馆馆长,Public Library Director,1345,11-9121.01,西欧,瑞士,CH,country,general,硕士,28-40,global,5.6,6.9,3.2,9.3,2.8,2.1,3.5,3.7,5.7,5.4,9.7,9.7,7.7,8.6,7.8,5.3,4.8,1.0,6.1,6.1,4.0,6.4,8.6,7.5,2.0,7.6,8.5,6.5,1.3,6.2,1.0,2.7,3.8,6.6,-1,-2,↓,2032-2038,5.83,瑞士公共图书馆馆长：就业极其稳定，近年需求下降,"Switzerland Public Library Director: extremely stable employment, declining demand",AI综合评估 + O*NET/ILO/OECD锚点校准
GOV-0402-SE-general,公共管理与公务员,GOV,事业单位/公共机构,公共图书馆馆长,Public Library Director,1345,11-9121.01,北欧,瑞典,SE,country,general,硕士,28-40,global,5.4,6.5,3.1,8.9,4.1,3.7,3.3,3.6,5.2,5.2,9.6,9.6,7.9,8.9,7.6,5.4,5.0,1.2,6.1,5.9,4.2,6.8,8.5,7.4,2.2,8.6,8.6,6.7,1.4,6.1,0.6,3.0,3.8,7.1,-1,-1,→,2032-2038,5.9,瑞典公共图书馆馆长：就业极其稳定,Sweden Public Library Director: extremely stable employment,AI综合评估 + O*NET/ILO/OECD锚点校准
GOV-0402-DK-general,公共管理与公务员,GOV,事业单位/公共机构,公共图书馆馆长,Public Library Director,1345,11-9121.01,北欧,丹麦,DK,country,general,硕士,28-40,global,5.4,6.4,3.2,9.2,3.6,3.6,3.2,3.4,5.4,5.3,9.8,9.6,7.8,8.4,7.8,5.2,4.6,1.3,6.1,6.3,4.2,7.0,8.4,7.7,2.2,8.8,8.5,6.4,1.7,6.0,0.8,2.9,4.0,7.4,-1,-1,→,2032-2038,5.88,丹麦公共图书馆馆长：就业极其稳定,Denmark Public Library Director: extremely stable employment,AI综合评估 + O*NET/ILO/OECD锚点校准
GOV-0402-FI-general,公共管理与公务员,GOV,事业单位/公共机构,公共图书馆馆长,Public Library Director,1345,11-9121.01,北欧,芬兰,FI,country,general,硕士,28-40,global,5.9,6.6,3.2,9.2,3.3,3.4,3.3,3.4,5.0,5.1,10.0,9.7,8.0,8.6,7.7,5.1,4.5,1.3,6.4,6.3,4.1,6.9,8.9,7.5,2.4,8.7,8.2,6.5,1.5,6.1,1.1,2.5,3.9,7.2,-1,-1,→,2032-2038,5.84,芬兰公共图书馆馆长：就业极其稳定,Finland Public Library Director: extremely stable employment,AI综合评估 + O*NET/ILO/OECD锚点校准
GOV-0402-IT-general,公共管理与公务员,GOV,事业单位/公共机构,公共图书馆馆长,Public Library Director,1345,11-9121.01,南欧,意大利,IT,country,general,硕士,28-40,global,5.8,6.6,2.9,8.9,3.6,3.7,3.5,3.7,4.8,4.9,9.0,9.6,7.4,7.8,7.0,5.1,4.8,1.2,6.2,6.2,3.6,6.4,7.4,6.9,2.2,6.8,8.3,6.7,1.6,6.8,1.1,2.7,3.4,6.9,-1,-1,→,2032-2038,5.59,意大利公共图书馆馆长：就业极其稳定,Italy Public Library Director: extremely stable employment,AI综合评估 + O*NET/ILO/OECD锚点校准
GOV-0402-ES-general,公共管理与公务员,GOV,事业单位/公共机构,公共图书馆馆长,Public Library Director,1345,11-9121.01,南欧,西班牙,ES,country,general,硕士,28-40,global,5.5,7.0,3.2,8.6,3.4,3.5,3.9,3.9,4.8,4.6,8.8,9.7,7.6,7.9,7.5,5.2,4.8,1.3,6.1,6.5,3.7,6.5,8.0,7.1,1.7,7.3,8.1,6.5,1.4,7.0,0.7,2.6,3.6,6.8,-1,-1,→,2032-2038,5.65,西班牙公共图书馆馆长：就业极其稳定,Spain Public Library Director: extremely stable employment,AI综合评估 + O*NET/ILO/OECD锚点校准
GOV-0402-PT-general,公共管理与公务员,GOV,事业单位/公共机构,公共图书馆馆长,Public Library Director,1345,11-9121.01,南欧,葡萄牙,PT,country,general,硕士,28-40,global,5.3,6.6,3.0,8.5,3.5,3.0,3.4,3.8,4.2,4.3,8.9,9.6,7.5,7.8,7.3,5.3,4.3,1.6,5.7,6.0,3.8,6.2,8.1,7.3,1.9,7.7,8.0,6.6,1.7,6.3,0.8,2.6,3.7,7.1,-1,-1,→,2028-2033,5.52,葡萄牙公共图书馆馆长：就业极其稳定,Portugal Public Library Director: extremely stable employment,AI综合评估 + O*NET/ILO/OECD锚点校准
GOV-0402-PL-general,公共管理与公务员,GOV,事业单位/公共机构,公共图书馆馆长,Public Library Director,1345,11-9121.01,东欧,波兰,PL,country,general,硕士,28-40,global,5.7,6.5,3.2,8.6,3.7,3.2,3.3,3.5,4.2,4.5,8.8,9.5,7.4,8.0,7.2,5.3,4.5,1.3,5.9,6.0,3.9,6.0,7.8,7.3,1.8,7.5,8.2,6.2,1.4,6.7,0.8,2.8,3.4,7.3,-1,-1,→,2028-2033,5.52,波兰公共图书馆馆长：就业极其稳定,Poland Public Library Director: extremely stable employment,AI综合评估 + O*NET/ILO/OECD锚点校准
GOV-0402-CZ-general,公共管理与公务员,GOV,事业单位/公共机构,公共图书馆馆长,Public Library Director,1345,11-9121.01,东欧,捷克,CZ,country,general,硕士,28-40,global,5.4,6.8,3.0,8.5,3.3,2.8,3.5,3.2,4.3,4.9,9.3,9.6,7.5,7.8,7.4,5.2,4.3,1.5,6.3,6.1,3.6,6.4,7.9,7.0,1.8,7.5,8.5,6.4,1.7,6.6,0.8,2.6,3.4,7.2,-1,-1,→,2032-2038,5.54,捷克公共图书馆馆长：就业极其稳定,Czech Republic Public Library Director: extremely stable employment,AI综合评估 + O*NET/ILO/OECD锚点校准
GOV-0402-RU-general,公共管理与公务员,GOV,事业单位/公共机构,公共图书馆馆长,Public Library Director,1345,11-9121.01,东欧,俄罗斯,RU,country,general,硕士,28-40,global,5.7,6.5,3.5,8.5,4.3,4.1,3.0,3.5,4.0,4.3,8.3,9.5,7.1,7.4,6.9,5.3,4.3,1.6,6.0,5.8,3.7,5.6,7.2,7.0,1.7,7.3,8.0,6.2,1.4,6.6,0.8,2.6,3.0,7.4,-1,0,→,2032-2038,5.39,俄罗斯公共图书馆馆长：就业稳定，薪资水平偏低,"Russia Public Library Director: stable employment, relatively low pay",AI综合评估 + O*NET/ILO/OECD锚点校准
GOV-0402-US-general,公共管理与公务员,GOV,事业单位/公共机构,公共图书馆馆长,Public Library Director,1345,11-9121.01,北美,美国,US,country,general,硕士,28-40,global,5.5,6.9,2.7,9.0,3.2,2.5,3.7,3.4,5.5,5.1,9.1,9.6,7.8,7.5,7.2,5.4,4.8,1.1,6.5,6.3,3.8,6.4,7.3,7.3,2.3,8.0,7.8,6.3,1.4,6.6,1.0,2.7,4.1,6.8,-1,-1,→,2032-2038,5.69,美国公共图书馆馆长：就业极其稳定,United States Public Library Director: extremely stable employment,AI综合评估 + O*NET/ILO/OECD锚点校准
GOV-0402-CA-general,公共管理与公务员,GOV,事业单位/公共机构,公共图书馆馆长,Public Library Director,1345,11-9121.01,北美,加拿大,CA,country,general,硕士,28-40,global,5.5,6.6,2.9,9.0,3.5,2.7,3.4,3.5,5.4,5.4,9.5,9.7,7.8,8.4,7.4,5.1,4.9,1.3,5.8,6.1,3.5,6.4,8.1,7.1,2.1,8.3,8.3,6.5,1.4,6.2,0.8,2.6,3.7,6.7,-1,-1,→,2028-2033,5.73,加拿大公共图书馆馆长：就业极其稳定,Canada Public Library Director: extremely stable employment,AI综合评估 + O*NET/ILO/OECD锚点校准
GOV-0402-MX-general,公共管理与公务员,GOV,事业单位/公共机构,公共图书馆馆长,Public Library Director,1345,11-9121.01,北美,墨西哥,MX,country,general,硕士,28-40,global,5.6,6.2,2.8,8.0,3.3,3.2,3.1,3.5,4.2,4.0,7.9,9.4,7.2,7.1,6.9,5.2,4.6,1.8,6.2,5.4,3.4,5.6,7.2,6.5,2.1,6.6,8.0,6.5,1.7,6.1,1.1,2.5,3.6,6.9,-1,-1,→,2032-2038,5.28,墨西哥公共图书馆馆长：就业稳定,Mexico Public Library Director: stable employment,AI综合评估 + O*NET/ILO/OECD锚点校准
GOV-0402-BR-general,公共管理与公务员,GOV,事业单位/公共机构,公共图书馆馆长,Public Library Director,1345,11-9121.01,南美,巴西,BR,country,general,硕士,28-40,global,5.3,6.8,3.1,8.9,3.9,3.5,3.8,3.6,4.9,4.8,8.5,9.5,7.8,7.5,7.2,5.2,4.5,1.5,6.3,6.4,3.8,6.0,7.3,6.9,2.1,7.1,7.8,6.3,1.4,6.9,1.1,2.5,3.6,7.0,-1,0,→,2032-2038,5.57,巴西公共图书馆馆长：就业极其稳定,Brazil Public Library Director: extremely stable employment,AI综合评估 + O*NET/ILO/OECD锚点校准
GOV-0402-AR-general,公共管理与公务员,GOV,事业单位/公共机构,公共图书馆馆长,Public Library Director,1345,11-9121.01,南美,阿根廷,AR,country,general,硕士,28-40,global,5.4,6.2,2.8,8.0,4.1,3.5,3.3,3.1,3.7,3.7,8.0,9.4,7.5,7.1,6.7,5.0,4.4,1.7,6.2,5.5,3.6,5.5,7.0,6.6,1.7,6.8,8.0,6.2,1.5,6.4,1.2,2.1,3.7,7.2,-2,0,→,2032-2038,5.25,阿根廷公共图书馆馆长：就业稳定，薪资水平偏低,"Argentina Public Library Director: stable employment, relatively low pay",AI综合评估 + O*NET/ILO/OECD锚点校准
GOV-0402-CL-general,公共管理与公务员,GOV,事业单位/公共机构,公共图书馆馆长,Public Library Director,1345,11-9121.01,南美,智利,CL,country,general,硕士,28-40,global,5.6,6.7,2.6,8.6,3.2,2.5,3.1,3.2,4.3,4.9,8.8,9.6,7.4,7.3,6.9,5.3,4.3,1.3,6.0,5.9,3.3,5.9,7.5,7.3,1.9,7.1,7.7,6.5,1.5,6.4,1.0,2.8,3.5,6.8,-1,-1,→,2032-2038,5.41,智利公共图书馆馆长：就业极其稳定,Chile Public Library Director: extremely stable employment,AI综合评估 + O*NET/ILO/OECD锚点校准
GOV-0402-CO-general,公共管理与公务员,GOV,事业单位/公共机构,公共图书馆馆长,Public Library Director,1345,11-9121.01,南美,哥伦比亚,CO,country,general,硕士,28-40,global,5.5,6.1,2.9,8.4,3.5,3.0,3.6,3.3,3.9,4.0,8.0,9.3,7.7,7.0,6.8,4.8,4.5,1.7,6.3,5.8,3.4,6.0,7.3,6.5,2.0,7.1,7.6,6.5,1.5,6.5,1.2,2.5,3.0,6.7,-1,-1,→,2032-2038,5.31,哥伦比亚公共图书馆馆长：就业稳定，薪资水平偏低,"Colombia Public Library Director: stable employment, relatively low pay",AI综合评估 + O*NET/ILO/OECD锚点校准
GOV-0402-AU-general,公共管理与公务员,GOV,事业单位/公共机构,公共图书馆馆长,Public Library Director,1345,11-9121.01,大洋洲,澳大利亚,AU,country,general,硕士,28-40,global,5.5,6.8,3.4,8.6,3.4,2.6,3.6,3.7,5.3,5.1,9.7,9.7,7.7,8.4,7.3,4.9,4.5,1.1,6.2,6.5,3.8,6.5,8.1,7.3,2.3,8.3,8.3,6.4,1.3,6.1,1.0,2.9,3.8,6.7,-1,-1,→,2032-2038,5.79,澳大利亚公共图书馆馆长：就业极其稳定,Australia Public Library Director: extremely stable employment,AI综合评估 + O*NET/ILO/OECD锚点校准
GOV-0402-NZ-general,公共管理与公务员,GOV,事业单位/公共机构,公共图书馆馆长,Public Library Director,1345,11-9121.01,大洋洲,新西兰,NZ,country,general,硕士,28-40,global,5.7,6.3,2.7,9.2,3.1,2.7,3.2,3.3,5.2,5.1,9.6,9.6,8.2,8.4,7.4,5.2,4.5,1.3,5.8,6.3,4.1,6.4,8.3,7.6,2.2,8.1,8.1,6.8,1.6,6.1,0.7,2.5,3.8,6.7,-1,-1,→,2028-2033,5.73,新西兰公共图书馆馆长：就业极其稳定,New Zealand Public Library Director: extremely stable employment,AI综合评估 + O*NET/ILO/OECD锚点校准
GOV-0402-ZA-general,公共管理与公务员,GOV,事业单位/公共机构,公共图书馆馆长,Public Library Director,1345,11-9121.01,非洲,南非,ZA,country,general,硕士,28-40,global,5.7,6.5,2.9,8.5,3.8,3.0,3.1,3.6,4.2,4.5,7.8,9.4,7.3,7.1,6.7,4.9,4.7,1.5,6.2,5.5,3.2,5.9,7.4,6.6,2.1,7.2,7.9,6.5,1.2,6.4,0.9,2.7,3.5,7.2,-1,-1,→,2032-2038,5.35,南非公共图书馆馆长：就业稳定,South Africa Public Library Director: stable employment,AI综合评估 + O*NET/ILO/OECD锚点校准
GOV-0402-NG-general,公共管理与公务员,GOV,事业单位/公共机构,公共图书馆馆长,Public Library Director,1345,11-9121.01,非洲,尼日利亚,NG,country,general,硕士,28-40,global,5.1,6.3,3.2,8.1,3.6,3.3,3.1,3.5,3.6,3.9,7.4,9.3,7.4,6.7,6.9,4.8,4.5,1.9,5.9,5.1,3.1,5.4,7.0,6.7,1.8,6.5,7.9,6.4,1.6,6.0,0.9,2.3,3.0,6.9,-2,-1,→,2028-2033,5.17,尼日利亚公共图书馆馆长：薪资水平偏低,Nigeria Public Library Director: relatively low pay,AI综合评估 + O*NET/ILO/OECD锚点校准
GOV-0402-KE-general,公共管理与公务员,GOV,事业单位/公共机构,公共图书馆馆长,Public Library Director,1345,11-9121.01,非洲,肯尼亚,KE,country,general,硕士,28-40,global,5.4,6.5,3.0,8.1,3.5,3.3,3.3,3.2,4.2,4.0,7.4,9.4,7.5,6.9,7.0,5.1,4.6,2.0,5.8,5.4,3.6,5.6,6.9,6.9,1.9,6.4,8.1,6.4,1.4,6.5,1.2,2.2,3.5,6.9,-2,-1,→,2028-2033,5.22,肯尼亚公共图书馆馆长：发展平稳,Kenya Public Library Director: steady development,AI综合评估 + O*NET/ILO/OECD锚点校准
GOV-0402-EG-general,公共管理与公务员,GOV,事业单位/公共机构,公共图书馆馆长,Public Library Director,1345,11-9121.01,非洲,埃及,EG,country,general,硕士,28-40,global,5.3,6.4,3.4,8.3,3.9,4.1,3.3,3.3,3.7,3.8,8.3,9.5,7.6,7.4,6.9,4.7,4.5,1.8,6.2,5.9,3.5,5.8,7.2,6.8,2.1,6.0,7.8,6.6,1.5,6.4,1.1,2.4,3.6,6.9,-1,0,→,2032-2038,5.35,埃及公共图书馆馆长：就业稳定，薪资水平偏低,"Egypt Public Library Director: stable employment, relatively low pay",AI综合评估 + O*NET/ILO/OECD锚点校准
GOV-0403-CN-general,公共管理与公务员,GOV,事业单位/公共机构,政府统计人员,Government Statistician,2120,15-2041.00,东亚,中国,CN,country,general,硕士,24-30,global,6.6,7.5,4.9,9.2,5.0,4.7,5.8,4.8,5.5,5.9,9.3,9.7,7.2,5.9,5.2,5.9,5.4,1.7,4.3,7.1,5.1,5.6,6.0,6.0,2.7,6.2,6.7,4.7,0.5,7.8,1.1,2.5,4.7,7.1,1,2,↑,2026-2030,5.63,中国政府统计人员：就业极其稳定,China Government Statistician: extremely stable employment,AI综合评估 + O*NET/ILO/OECD锚点校准
GOV-0403-JP-general,公共管理与公务员,GOV,事业单位/公共机构,政府统计人员,Government Statistician,2120,15-2041.00,东亚,日本,JP,country,general,硕士,24-30,global,6.8,7.3,5.0,9.0,4.4,3.9,5.4,4.9,6.0,6.0,9.7,9.6,7.1,6.5,5.2,6.0,5.5,1.3,4.6,7.2,5.2,5.6,6.9,5.9,2.4,6.0,7.1,4.9,0.4,7.6,1.6,2.4,4.9,7.1,1,1,→,2028-2033,5.72,日本政府统计人员：就业极其稳定,Japan Government Statistician: extremely stable employment,AI综合评估 + O*NET/ILO/OECD锚点校准
GOV-0403-KR-general,公共管理与公务员,GOV,事业单位/公共机构,政府统计人员,Government Statistician,2120,15-2041.00,东亚,韩国,KR,country,general,硕士,24-30,global,6.9,7.1,4.5,8.6,4.3,3.6,5.8,4.7,5.8,6.1,8.9,9.5,7.6,5.8,5.4,6.4,5.9,1.3,4.8,7.5,5.3,5.4,6.9,6.4,2.5,5.9,7.1,5.2,0.8,7.4,1.1,2.9,5.1,6.8,1,1,→,2028-2033,5.74,韩国政府统计人员：就业极其稳定,South Korea Government Statistician: extremely stable employment,AI综合评估 + O*NET/ILO/OECD锚点校准
GOV-0403-TW-general,公共管理与公务员,GOV,事业单位/公共机构,政府统计人员,Government Statistician,2120,15-2041.00,东亚,中国台湾地区,TW,region,general,硕士,24-30,global,6.6,7.5,4.5,8.9,4.7,3.6,5.4,4.5,5.8,6.0,9.4,9.6,7.7,6.4,5.3,6.2,5.9,1.3,4.7,7.1,5.3,5.6,7.1,6.3,2.4,5.9,7.1,5.1,0.8,7.6,1.5,2.8,4.7,7.2,1,1,→,2028-2033,5.71,中国台湾地区政府统计人员：就业极其稳定,Taiwan (China) Government Statistician: extremely stable employment,AI综合评估 + O*NET/ILO/OECD锚点校准
GOV-0403-HK-general,公共管理与公务员,GOV,事业单位/公共机构,政府统计人员,Government Statistician,2120,15-2041.00,东亚,中国香港地区,HK,region,general,硕士,24-30,global,6.6,7.0,4.6,8.7,4.3,3.1,5.1,4.3,6.5,6.0,9.3,9.6,7.6,6.3,5.2,6.3,5.5,1.3,4.8,7.0,5.1,5.9,6.3,6.0,2.6,6.1,7.1,5.0,0.8,7.0,1.4,2.7,5.5,6.7,1,1,→,2028-2033,5.72,中国香港地区政府统计人员：就业极其稳定,Hong Kong (China) Government Statistician: extremely stable employment,AI综合评估 + O*NET/ILO/OECD锚点校准
GOV-0403-SG-general,公共管理与公务员,GOV,事业单位/公共机构,政府统计人员,Government Statistician,2120,15-2041.00,东南亚,新加坡,SG,country,general,硕士,24-30,global,6.8,7.3,4.7,9.0,4.3,2.9,5.5,4.9,7.0,6.9,10.0,9.8,7.2,6.3,5.2,6.4,5.9,1.1,4.4,7.1,5.6,5.7,6.8,6.4,2.8,6.8,6.8,4.9,0.4,7.1,0.9,3.0,5.5,6.7,1,0,→,2026-2030,5.92,新加坡政府统计人员：就业极其稳定,Singapore Government Statistician: extremely stable employment,AI综合评估 + O*NET/ILO/OECD锚点校准
GOV-0403-TH-general,公共管理与公务员,GOV,事业单位/公共机构,政府统计人员,Government Statistician,2120,15-2041.00,东南亚,泰国,TH,country,general,硕士,24-30,global,6.7,7.0,4.7,8.3,4.8,3.7,4.9,4.6,5.0,5.0,8.5,9.6,7.6,6.6,5.5,6.0,5.2,1.7,4.7,6.5,5.7,5.4,7.3,5.8,2.6,5.9,6.7,4.9,0.8,6.8,1.7,2.5,4.7,6.8,1,1,→,2028-2033,5.53,泰国政府统计人员：就业极其稳定,Thailand Government Statistician: extremely stable employment,AI综合评估 + O*NET/ILO/OECD锚点校准
GOV-0403-VN-general,公共管理与公务员,GOV,事业单位/公共机构,政府统计人员,Government Statistician,2120,15-2041.00,东南亚,越南,VN,country,general,硕士,24-30,global,6.8,7.1,4.8,8.6,5.3,4.5,4.9,4.8,4.7,5.4,8.7,9.7,7.1,6.4,5.2,5.8,5.4,1.7,4.2,6.7,5.3,5.5,6.7,6.0,2.6,5.8,6.9,4.8,0.3,7.1,1.3,2.2,4.9,6.9,1,2,↑,2026-2030,5.53,越南政府统计人员：就业极其稳定,Vietnam Government Statistician: extremely stable employment,AI综合评估 + O*NET/ILO/OECD锚点校准
GOV-0403-ID-general,公共管理与公务员,GOV,事业单位/公共机构,政府统计人员,Government Statistician,2120,15-2041.00,东南亚,印度尼西亚,ID,country,general,硕士,24-30,global,6.4,7.1,4.6,8.7,4.6,4.0,5.0,4.6,5.1,5.5,8.2,9.5,7.4,6.3,5.5,6.1,5.5,1.6,4.5,6.0,5.6,5.3,7.0,6.0,2.4,5.5,6.9,5.1,0.3,6.8,1.4,2.6,4.7,6.9,1,1,→,2028-2033,5.54,印度尼西亚政府统计人员：就业稳定,Indonesia Government Statistician: stable employment,AI综合评估 + O*NET/ILO/OECD锚点校准
GOV-0403-MY-general,公共管理与公务员,GOV,事业单位/公共机构,政府统计人员,Government Statistician,2120,15-2041.00,东南亚,马来西亚,MY,country,general,硕士,24-30,global,6.6,7.1,4.4,8.8,4.4,3.5,4.8,4.6,5.4,5.9,9.1,9.7,7.2,6.4,5.3,6.2,5.5,1.4,4.4,6.6,5.3,5.2,7.1,5.8,2.4,6.0,6.8,4.9,0.3,7.1,1.1,2.4,5.0,7.1,1,1,→,2026-2030,5.59,马来西亚政府统计人员：就业极其稳定,Malaysia Government Statistician: extremely stable employment,AI综合评估 + O*NET/ILO/OECD锚点校准
GOV-0403-PH-general,公共管理与公务员,GOV,事业单位/公共机构,政府统计人员,Government Statistician,2120,15-2041.00,东南亚,菲律宾,PH,country,general,硕士,24-30,global,6.7,6.8,4.7,8.1,4.5,3.7,4.5,4.1,4.9,4.9,8.1,9.4,7.7,6.5,5.3,5.8,5.2,1.6,4.3,6.1,5.6,5.4,6.8,6.1,2.6,6.5,6.6,4.9,0.5,6.8,1.8,2.3,4.7,6.7,1,1,→,2026-2030,5.41,菲律宾政府统计人员：就业稳定,Philippines Government Statistician: stable employment,AI综合评估 + O*NET/ILO/OECD锚点校准
GOV-0403-IN-general,公共管理与公务员,GOV,事业单位/公共机构,政府统计人员,Government Statistician,2120,15-2041.00,南亚,印度,IN,country,general,硕士,24-30,global,6.8,7.1,4.6,8.9,4.9,4.4,5.3,4.7,5.2,5.7,8.6,9.6,7.6,6.2,5.3,5.9,5.2,1.7,4.3,7.1,5.7,5.4,6.5,6.0,2.3,5.6,7.0,5.1,0.4,7.4,1.4,2.4,4.9,6.9,1,2,↑,2026-2030,5.57,印度政府统计人员：就业极其稳定,India Government Statistician: extremely stable employment,AI综合评估 + O*NET/ILO/OECD锚点校准
GOV-0403-PK-general,公共管理与公务员,GOV,事业单位/公共机构,政府统计人员,Government Statistician,2120,15-2041.00,南亚,巴基斯坦,PK,country,general,硕士,24-30,global,6.5,6.9,4.8,8.3,5.0,4.1,4.9,4.7,4.6,5.0,7.9,9.4,6.9,6.0,5.1,6.1,5.2,1.7,4.3,6.5,5.6,4.9,6.3,6.0,2.2,5.0,6.9,4.7,0.4,7.4,1.4,2.6,4.6,7.4,1,1,→,2026-2030,5.37,巴基斯坦政府统计人员：就业稳定,Pakistan Government Statistician: stable employment,AI综合评估 + O*NET/ILO/OECD锚点校准
GOV-0403-BD-general,公共管理与公务员,GOV,事业单位/公共机构,政府统计人员,Government Statistician,2120,15-2041.00,南亚,孟加拉国,BD,country,general,硕士,24-30,global,6.5,6.7,4.6,8.5,4.6,3.6,5.1,4.9,4.2,5.1,8.2,9.5,7.0,5.7,4.9,5.9,5.3,1.6,4.3,6.4,5.1,4.9,6.3,5.8,2.7,5.0,6.5,5.2,0.6,6.9,1.3,2.4,4.8,7.1,1,1,→,2026-2030,5.36,孟加拉国政府统计人员：就业稳定,Bangladesh Government Statistician: stable employment,AI综合评估 + O*NET/ILO/OECD锚点校准
GOV-0403-AE-general,公共管理与公务员,GOV,事业单位/公共机构,政府统计人员,Government Statistician,2120,15-2041.00,中亚/西亚,阿联酋,AE,country,general,硕士,24-30,global,6.6,6.8,5.0,9.1,4.7,3.6,4.7,4.4,7.1,6.2,9.5,9.7,7.3,6.6,5.3,6.3,5.8,1.3,4.7,6.1,5.2,5.9,6.9,6.3,2.4,6.1,6.9,5.2,0.3,6.9,1.1,2.6,5.4,6.7,1,1,→,2028-2033,5.83,阿联酋政府统计人员：就业极其稳定,United Arab Emirates Government Statistician: extremely stable employment,AI综合评估 + O*NET/ILO/OECD锚点校准
GOV-0403-IL-general,公共管理与公务员,GOV,事业单位/公共机构,政府统计人员,Government Statistician,2120,15-2041.00,中亚/西亚,以色列,IL,country,general,硕士,24-30,global,6.9,7.0,4.5,8.3,4.3,3.6,4.8,4.6,6.2,6.1,8.6,9.5,7.7,6.6,5.8,6.5,5.3,1.5,4.8,6.3,5.8,6.0,7.0,6.4,2.6,6.9,6.9,5.0,0.4,6.9,1.5,2.8,5.3,7.1,1,1,→,2028-2033,5.72,以色列政府统计人员：就业极其稳定,Israel Government Statistician: extremely stable employment,AI综合评估 + O*NET/ILO/OECD锚点校准
GOV-0403-SA-general,公共管理与公务员,GOV,事业单位/公共机构,政府统计人员,Government Statistician,2120,15-2041.00,中亚/西亚,沙特阿拉伯,SA,country,general,硕士,24-30,global,6.2,6.8,4.9,8.9,5.4,4.6,4.5,4.0,6.5,6.5,8.9,9.6,7.4,6.3,5.3,6.2,5.3,1.4,4.4,6.4,5.3,5.5,6.8,5.8,2.5,4.8,7.0,4.7,0.4,6.9,1.6,2.6,4.8,7.2,1,2,↑,2026-2030,5.67,沙特阿拉伯政府统计人员：就业极其稳定,Saudi Arabia Government Statistician: extremely stable employment,AI综合评估 + O*NET/ILO/OECD锚点校准
GOV-0403-TR-general,公共管理与公务员,GOV,事业单位/公共机构,政府统计人员,Government Statistician,2120,15-2041.00,中亚/西亚,土耳其,TR,country,general,硕士,24-30,global,6.6,7.1,4.8,8.7,4.7,4.1,5.2,4.4,5.3,4.9,8.1,9.5,7.2,6.1,5.4,6.2,5.4,1.6,4.3,6.3,5.6,5.2,6.7,5.6,2.8,5.5,7.1,5.0,0.4,7.3,1.4,2.6,5.0,6.9,1,1,→,2026-2030,5.49,土耳其政府统计人员：就业稳定,Turkey Government Statistician: stable employment,AI综合评估 + O*NET/ILO/OECD锚点校准
GOV-0403-GB-general,公共管理与公务员,GOV,事业单位/公共机构,政府统计人员,Government Statistician,2120,15-2041.00,西欧,英国,GB,country,general,硕士,24-30,global,6.5,7.4,4.3,8.6,4.5,3.5,5.0,4.3,5.9,5.9,9.4,9.5,7.7,7.2,6.1,6.2,6.0,1.4,4.5,6.7,5.9,6.1,7.5,6.1,2.7,6.8,7.5,5.0,0.3,7.3,1.1,2.4,5.4,7.2,1,1,→,2028-2033,5.79,英国政府统计人员：就业极其稳定,United Kingdom Government Statistician: extremely stable employment,AI综合评估 + O*NET/ILO/OECD锚点校准
GOV-0403-FR-general,公共管理与公务员,GOV,事业单位/公共机构,政府统计人员,Government Statistician,2120,15-2041.00,西欧,法国,FR,country,general,硕士,24-30,global,6.7,7.4,5.1,8.8,4.8,4.6,5.0,4.6,6.0,5.9,9.2,9.7,7.9,7.1,5.9,6.4,5.4,1.5,4.4,6.8,5.9,6.0,7.8,6.4,2.7,6.9,7.1,5.0,0.4,7.7,1.5,2.5,5.3,7.0,1,2,↑,2026-2030,5.84,法国政府统计人员：就业极其稳定,France Government Statistician: extremely stable employment,AI综合评估 + O*NET/ILO/OECD锚点校准
GOV-0403-DE-general,公共管理与公务员,GOV,事业单位/公共机构,政府统计人员,Government Statistician,2120,15-2041.00,西欧,德国,DE,country,general,硕士,24-30,global,6.7,7.3,4.6,9.2,4.5,3.5,5.5,4.9,6.5,5.9,9.5,9.6,8.2,7.6,5.8,6.3,6.0,1.2,4.7,7.0,5.8,6.2,7.7,6.4,2.7,6.4,7.2,5.2,0.4,7.1,1.5,2.9,5.1,7.1,1,1,→,2028-2033,5.95,德国政府统计人员：就业极其稳定,Germany Government Statistician: extremely stable employment,AI综合评估 + O*NET/ILO/OECD锚点校准
GOV-0403-NL-general,公共管理与公务员,GOV,事业单位/公共机构,政府统计人员,Government Statistician,2120,15-2041.00,西欧,荷兰,NL,country,general,硕士,24-30,global,7.0,7.4,4.3,9.1,4.7,3.5,5.1,4.5,6.1,6.3,9.3,9.7,8.0,7.5,6.5,6.3,5.9,1.2,4.9,6.4,5.8,6.2,7.9,6.4,2.5,7.4,7.7,5.3,0.3,7.0,1.3,2.4,5.5,6.8,1,1,→,2028-2033,5.94,荷兰政府统计人员：就业极其稳定,Netherlands Government Statistician: extremely stable employment,AI综合评估 + O*NET/ILO/OECD锚点校准
GOV-0403-CH-general,公共管理与公务员,GOV,事业单位/公共机构,政府统计人员,Government Statistician,2120,15-2041.00,西欧,瑞士,CH,country,general,硕士,24-30,global,6.9,7.3,4.8,9.1,4.1,3.1,4.8,4.3,6.8,6.7,10.0,9.8,8.1,7.6,6.0,6.0,5.6,1.1,4.9,6.8,6.0,6.0,7.8,6.4,2.9,6.8,7.4,4.8,0.4,6.9,1.2,2.5,5.4,6.9,1,0,→,2028-2033,5.97,瑞士政府统计人员：就业极其稳定,Switzerland Government Statistician: extremely stable employment,AI综合评估 + O*NET/ILO/OECD锚点校准
GOV-0403-SE-general,公共管理与公务员,GOV,事业单位/公共机构,政府统计人员,Government Statistician,2120,15-2041.00,北欧,瑞典,SE,country,general,硕士,24-30,global,6.6,7.0,5.0,9.0,4.9,3.7,4.9,4.6,6.3,6.0,9.7,9.8,8.0,7.6,5.9,6.4,5.6,1.2,4.4,6.8,6.1,6.3,8.2,6.5,2.9,7.4,7.3,4.7,0.2,6.9,1.2,2.9,4.9,7.1,1,1,→,2026-2030,5.98,瑞典政府统计人员：就业极其稳定,Sweden Government Statistician: extremely stable employment,AI综合评估 + O*NET/ILO/OECD锚点校准
GOV-0403-DK-general,公共管理与公务员,GOV,事业单位/公共机构,政府统计人员,Government Statistician,2120,15-2041.00,北欧,丹麦,DK,country,general,硕士,24-30,global,6.5,7.1,4.8,9.2,5.1,4.0,5.0,4.5,6.7,6.6,10.0,9.7,8.2,7.5,6.1,6.2,5.9,1.1,4.6,6.7,5.7,6.2,7.8,6.6,2.7,7.7,7.5,5.2,0.3,6.9,1.0,2.7,5.1,6.8,1,1,→,2028-2033,6.07,丹麦政府统计人员：就业极其稳定,Denmark Government Statistician: extremely stable employment,AI综合评估 + O*NET/ILO/OECD锚点校准
GOV-0403-FI-general,公共管理与公务员,GOV,事业单位/公共机构,政府统计人员,Government Statistician,2120,15-2041.00,北欧,芬兰,FI,country,general,硕士,24-30,global,6.6,6.9,4.5,8.9,4.5,3.4,4.7,4.5,6.1,6.0,9.7,9.7,7.9,7.6,6.2,6.3,5.9,1.2,5.0,6.7,5.6,6.2,8.3,6.4,2.9,7.7,7.2,5.2,0.2,6.6,1.5,2.6,5.3,6.8,1,1,→,2028-2033,5.97,芬兰政府统计人员：就业极其稳定,Finland Government Statistician: extremely stable employment,AI综合评估 + O*NET/ILO/OECD锚点校准
GOV-0403-IT-general,公共管理与公务员,GOV,事业单位/公共机构,政府统计人员,Government Statistician,2120,15-2041.00,南欧,意大利,IT,country,general,硕士,24-30,global,6.6,7.4,4.4,8.4,5.0,4.0,5.0,4.8,5.8,5.8,9.1,9.7,7.5,6.6,5.4,5.8,5.7,1.2,4.7,6.7,5.6,5.8,6.9,6.0,2.6,6.0,7.4,5.1,0.8,7.3,1.3,2.5,5.3,7.0,1,1,→,2028-2033,5.71,意大利政府统计人员：就业极其稳定,Italy Government Statistician: extremely stable employment,AI综合评估 + O*NET/ILO/OECD锚点校准
GOV-0403-ES-general,公共管理与公务员,GOV,事业单位/公共机构,政府统计人员,Government Statistician,2120,15-2041.00,南欧,西班牙,ES,country,general,硕士,24-30,global,6.4,7.3,4.9,8.5,4.7,3.6,5.4,4.9,5.7,5.7,9.1,9.7,7.9,6.8,6.0,5.9,5.8,1.3,4.6,6.8,5.8,5.5,7.2,6.2,2.7,6.5,7.0,5.0,0.7,7.1,1.6,2.7,5.3,7.0,1,1,→,2028-2033,5.78,西班牙政府统计人员：就业极其稳定,Spain Government Statistician: extremely stable employment,AI综合评估 + O*NET/ILO/OECD锚点校准
GOV-0403-PT-general,公共管理与公务员,GOV,事业单位/公共机构,政府统计人员,Government Statistician,2120,15-2041.00,南欧,葡萄牙,PT,country,general,硕士,24-30,global,6.5,7.1,4.8,8.9,4.3,3.5,5.0,4.6,5.4,5.3,8.8,9.7,8.0,6.9,6.0,5.9,5.5,1.4,4.4,6.3,5.5,5.7,7.1,6.4,2.7,6.4,6.9,5.0,0.5,7.2,1.2,2.7,4.9,7.1,1,1,→,2026-2030,5.66,葡萄牙政府统计人员：就业极其稳定,Portugal Government Statistician: extremely stable employment,AI综合评估 + O*NET/ILO/OECD锚点校准
GOV-0403-PL-general,公共管理与公务员,GOV,事业单位/公共机构,政府统计人员,Government Statistician,2120,15-2041.00,东欧,波兰,PL,country,general,硕士,24-30,global,6.7,6.8,4.4,8.7,4.7,3.5,4.8,4.2,5.2,5.5,8.8,9.6,7.5,6.7,5.8,6.0,5.8,1.3,4.6,6.5,5.8,5.5,7.6,5.9,2.7,6.2,7.0,5.1,0.5,6.8,1.8,2.5,5.3,6.9,1,1,→,2028-2033,5.65,波兰政府统计人员：就业极其稳定,Poland Government Statistician: extremely stable employment,AI综合评估 + O*NET/ILO/OECD锚点校准
GOV-0403-CZ-general,公共管理与公务员,GOV,事业单位/公共机构,政府统计人员,Government Statistician,2120,15-2041.00,东欧,捷克,CZ,country,general,硕士,24-30,global,6.4,6.9,4.7,8.7,4.5,3.2,5.0,4.2,5.3,5.5,9.1,9.6,7.7,7.0,5.9,5.9,5.6,1.5,4.4,6.2,5.6,5.9,7.6,5.9,2.7,6.5,7.4,5.1,0.4,7.1,1.2,2.6,4.8,6.7,1,1,→,2026-2030,5.68,捷克政府统计人员：就业极其稳定,Czech Republic Government Statistician: extremely stable employment,AI综合评估 + O*NET/ILO/OECD锚点校准
GOV-0403-RU-general,公共管理与公务员,GOV,事业单位/公共机构,政府统计人员,Government Statistician,2120,15-2041.00,东欧,俄罗斯,RU,country,general,硕士,24-30,global,6.5,7.3,4.9,8.6,5.1,4.2,4.5,4.4,5.3,5.4,8.4,9.6,7.4,6.3,5.5,6.1,5.3,1.6,4.8,6.3,5.1,5.6,7.0,5.8,2.1,5.9,6.9,4.9,0.2,6.9,1.7,2.6,4.8,7.0,1,2,↑,2028-2033,5.55,俄罗斯政府统计人员：就业稳定,Russia Government Statistician: stable employment,AI综合评估 + O*NET/ILO/OECD锚点校准
GOV-0403-US-general,公共管理与公务员,GOV,事业单位/公共机构,政府统计人员,Government Statistician,2120,15-2041.00,北美,美国,US,country,general,硕士,24-30,global,6.8,7.4,4.4,8.7,4.4,3.2,5.0,4.7,6.0,5.9,9.3,9.5,7.5,6.7,5.4,5.9,5.7,1.3,5.0,6.6,5.6,6.0,6.8,6.2,2.6,6.8,6.8,5.1,0.3,6.8,1.3,2.9,5.0,7.1,1,1,→,2028-2033,5.73,美国政府统计人员：就业极其稳定,United States Government Statistician: extremely stable employment,AI综合评估 + O*NET/ILO/OECD锚点校准
GOV-0403-CA-general,公共管理与公务员,GOV,事业单位/公共机构,政府统计人员,Government Statistician,2120,15-2041.00,北美,加拿大,CA,country,general,硕士,24-30,global,6.5,7.2,4.7,8.8,4.1,3.2,4.7,4.4,6.4,6.2,9.3,9.7,7.7,6.9,5.9,6.3,5.8,1.4,4.4,6.8,5.7,5.6,7.5,6.5,2.9,7.1,7.1,5.0,0.5,6.9,1.6,3.0,5.3,6.8,1,1,→,2026-2030,5.82,加拿大政府统计人员：就业极其稳定,Canada Government Statistician: extremely stable employment,AI综合评估 + O*NET/ILO/OECD锚点校准
GOV-0403-MX-general,公共管理与公务员,GOV,事业单位/公共机构,政府统计人员,Government Statistician,2120,15-2041.00,北美,墨西哥,MX,country,general,硕士,24-30,global,6.6,6.9,4.7,8.1,4.4,3.4,4.4,4.2,4.9,4.8,8.2,9.5,7.5,6.2,5.2,5.9,5.4,1.5,4.3,5.8,5.6,5.1,6.9,5.7,2.1,5.9,7.0,5.2,0.5,6.8,1.4,2.4,4.8,7.1,1,1,→,2026-2030,5.38,墨西哥政府统计人员：就业稳定,Mexico Government Statistician: stable employment,AI综合评估 + O*NET/ILO/OECD锚点校准
GOV-0403-BR-general,公共管理与公务员,GOV,事业单位/公共机构,政府统计人员,Government Statistician,2120,15-2041.00,南美,巴西,BR,country,general,硕士,24-30,global,6.2,7.2,4.5,8.6,5.1,4.4,5.0,4.5,5.7,5.7,8.2,9.6,7.7,6.8,5.5,5.7,5.4,1.5,4.3,7.1,5.8,5.1,7.1,6.0,2.6,5.8,6.9,4.8,0.5,7.6,1.4,2.3,4.5,7.1,1,2,↑,2026-2030,5.6,巴西政府统计人员：就业稳定,Brazil Government Statistician: stable employment,AI综合评估 + O*NET/ILO/OECD锚点校准
GOV-0403-AR-general,公共管理与公务员,GOV,事业单位/公共机构,政府统计人员,Government Statistician,2120,15-2041.00,南美,阿根廷,AR,country,general,硕士,24-30,global,6.2,7.0,4.8,7.9,5.1,4.1,4.5,4.5,4.8,5.2,7.9,9.5,7.4,6.0,5.6,6.0,5.6,1.5,4.2,5.8,5.3,5.5,6.9,5.9,2.1,5.9,6.8,5.0,0.7,6.9,1.6,2.5,5.1,7.0,0,2,↑,2026-2030,5.45,阿根廷政府统计人员：就业稳定,Argentina Government Statistician: stable employment,AI综合评估 + O*NET/ILO/OECD锚点校准
GOV-0403-CL-general,公共管理与公务员,GOV,事业单位/公共机构,政府统计人员,Government Statistician,2120,15-2041.00,南美,智利,CL,country,general,硕士,24-30,global,6.3,6.7,4.4,8.7,4.0,3.1,4.9,4.3,5.4,5.3,8.6,9.6,7.5,6.2,5.7,5.9,5.7,1.3,4.3,6.2,5.4,5.6,6.9,6.2,2.8,6.0,7.2,5.0,0.6,6.8,1.6,2.7,5.1,7.1,1,1,→,2026-2030,5.57,智利政府统计人员：就业极其稳定,Chile Government Statistician: extremely stable employment,AI综合评估 + O*NET/ILO/OECD锚点校准
GOV-0403-CO-general,公共管理与公务员,GOV,事业单位/公共机构,政府统计人员,Government Statistician,2120,15-2041.00,南美,哥伦比亚,CO,country,general,硕士,24-30,global,6.4,6.8,4.2,8.1,4.7,3.4,4.8,4.3,4.7,5.1,8.0,9.3,7.3,6.1,5.2,6.1,5.4,1.5,4.7,6.2,5.4,5.4,6.7,5.7,2.5,5.8,6.9,5.0,0.6,6.6,1.5,2.7,5.1,7.3,1,1,→,2028-2033,5.43,哥伦比亚政府统计人员：就业稳定,Colombia Government Statistician: stable employment,AI综合评估 + O*NET/ILO/OECD锚点校准
GOV-0403-AU-general,公共管理与公务员,GOV,事业单位/公共机构,政府统计人员,Government Statistician,2120,15-2041.00,大洋洲,澳大利亚,AU,country,general,硕士,24-30,global,6.5,7.2,4.4,8.9,4.5,3.5,5.0,4.2,6.8,6.4,9.5,9.7,8.0,7.1,5.8,6.1,5.9,1.3,4.5,6.8,5.6,6.2,8.0,6.1,2.4,7.2,6.9,5.2,0.3,7.0,1.7,2.5,5.4,7.2,1,1,→,2028-2033,5.88,澳大利亚政府统计人员：就业极其稳定,Australia Government Statistician: extremely stable employment,AI综合评估 + O*NET/ILO/OECD锚点校准
GOV-0403-NZ-general,公共管理与公务员,GOV,事业单位/公共机构,政府统计人员,Government Statistician,2120,15-2041.00,大洋洲,新西兰,NZ,country,general,硕士,24-30,global,6.9,7.2,4.4,9.2,4.1,3.0,5.1,4.5,6.3,6.3,9.8,9.7,8.3,7.5,6.0,6.1,5.5,1.3,4.8,6.5,5.7,5.9,7.9,6.2,2.4,7.6,7.3,4.9,0.3,7.1,1.0,2.7,5.3,7.2,1,1,→,2028-2033,5.89,新西兰政府统计人员：就业极其稳定,New Zealand Government Statistician: extremely stable employment,AI综合评估 + O*NET/ILO/OECD锚点校准
GOV-0403-ZA-general,公共管理与公务员,GOV,事业单位/公共机构,政府统计人员,Government Statistician,2120,15-2041.00,非洲,南非,ZA,country,general,硕士,24-30,global,6.6,6.7,4.7,8.1,4.7,3.7,4.5,4.1,5.6,5.2,7.8,9.4,7.5,6.1,5.3,6.0,5.6,1.5,4.3,6.3,5.6,5.5,6.6,6.0,2.7,6.0,6.7,5.0,0.8,6.8,1.9,2.6,4.7,6.8,1,1,→,2026-2030,5.46,南非政府统计人员：就业稳定,South Africa Government Statistician: stable employment,AI综合评估 + O*NET/ILO/OECD锚点校准
GOV-0403-NG-general,公共管理与公务员,GOV,事业单位/公共机构,政府统计人员,Government Statistician,2120,15-2041.00,非洲,尼日利亚,NG,country,general,硕士,24-30,global,6.1,6.5,4.4,8.3,4.7,3.6,4.6,4.4,4.8,4.9,7.4,9.2,7.5,5.9,5.3,5.9,5.5,1.9,4.4,6.0,5.1,5.0,6.2,5.8,2.4,5.4,6.8,5.1,0.5,6.6,1.3,2.2,5.0,7.0,0,1,→,2026-2030,5.33,尼日利亚政府统计人员：发展平稳,Nigeria Government Statistician: steady development,AI综合评估 + O*NET/ILO/OECD锚点校准
GOV-0403-KE-general,公共管理与公务员,GOV,事业单位/公共机构,政府统计人员,Government Statistician,2120,15-2041.00,非洲,肯尼亚,KE,country,general,硕士,24-30,global,6.3,6.5,4.3,8.3,4.7,3.7,4.9,4.5,5.0,5.0,7.5,9.4,7.2,6.4,5.3,5.8,5.2,1.8,4.3,6.2,5.6,4.9,6.5,6.0,2.2,5.8,6.7,4.9,0.3,6.8,1.7,2.5,4.7,7.0,0,1,→,2026-2030,5.38,肯尼亚政府统计人员：就业稳定,Kenya Government Statistician: stable employment,AI综合评估 + O*NET/ILO/OECD锚点校准
GOV-0403-EG-general,公共管理与公务员,GOV,事业单位/公共机构,政府统计人员,Government Statistician,2120,15-2041.00,非洲,埃及,EG,country,general,硕士,24-30,global,6.1,7.2,4.8,8.2,5.0,4.5,4.8,4.5,4.5,5.0,7.8,9.5,7.4,5.8,5.3,6.0,5.7,1.8,4.6,6.1,5.4,5.1,6.5,5.7,2.1,5.3,7.0,5.2,0.5,6.6,1.3,2.4,4.5,7.3,1,2,↑,2028-2033,5.4,埃及政府统计人员：就业稳定,Egypt Government Statistician: stable employment,AI综合评估 + O*NET/ILO/OECD锚点校准
GOV-0404-CN-general,公共管理与公务员,GOV,事业单位/公共机构,气象预报员,Meteorologist,2112,19-2021.00,东亚,中国,CN,country,general,硕士/博士,24-30,global,7.2,8.1,5.0,9.1,4.4,3.9,6.1,6.0,5.9,5.1,9.4,9.2,6.5,4.9,5.3,4.5,3.9,1.4,5.5,7.2,5.1,5.5,5.8,7.1,2.0,5.2,7.0,5.1,2.2,8.5,0.9,1.9,5.5,7.8,1,3,↑,2028-2033,5.54,中国气象预报员：就业极其稳定，准入门槛高，近年需求增长,"China Meteorologist: extremely stable employment, high entry barrier, growing demand",AI综合评估 + O*NET/ILO/OECD锚点校准
GOV-0404-JP-general,公共管理与公务员,GOV,事业单位/公共机构,气象预报员,Meteorologist,2112,19-2021.00,东亚,日本,JP,country,general,硕士/博士,24-30,global,7.4,7.5,4.9,9.2,3.7,3.2,6.2,5.6,6.4,5.9,9.7,9.3,6.7,5.8,5.4,4.5,4.1,1.1,5.7,7.4,4.9,5.5,6.6,7.4,2.2,5.2,6.7,4.9,2.0,7.8,0.7,1.9,5.5,7.4,1,2,↑,2028-2033,5.7,日本气象预报员：就业极其稳定,Japan Meteorologist: extremely stable employment,AI综合评估 + O*NET/ILO/OECD锚点校准
GOV-0404-KR-general,公共管理与公务员,GOV,事业单位/公共机构,气象预报员,Meteorologist,2112,19-2021.00,东亚,韩国,KR,country,general,硕士/博士,24-30,global,7.0,8.2,4.4,8.8,3.6,3.0,5.9,5.7,5.8,5.6,9.1,9.0,6.8,5.4,5.0,4.9,4.3,1.5,5.8,7.5,4.7,5.8,6.0,7.5,1.8,5.0,7.0,5.0,2.1,8.2,1.1,2.2,5.2,7.3,1,2,↑,2028-2033,5.51,韩国气象预报员：就业极其稳定，准入门槛高,"South Korea Meteorologist: extremely stable employment, high entry barrier",AI综合评估 + O*NET/ILO/OECD锚点校准
GOV-0404-TW-general,公共管理与公务员,GOV,事业单位/公共机构,气象预报员,Meteorologist,2112,19-2021.00,东亚,中国台湾地区,TW,region,general,硕士/博士,24-30,global,7.0,7.7,4.6,8.7,3.3,3.0,6.1,6.0,5.8,5.3,9.2,9.2,6.7,5.5,5.3,4.4,3.8,1.3,5.4,7.1,4.8,5.8,6.5,7.1,1.8,5.5,7.1,5.1,1.9,7.8,1.0,2.3,5.6,7.8,1,2,↑,2028-2033,5.54,中国台湾地区气象预报员：就业极其稳定,Taiwan (China) Meteorologist: extremely stable employment,AI综合评估 + O*NET/ILO/OECD锚点校准
GOV-0404-HK-general,公共管理与公务员,GOV,事业单位/公共机构,气象预报员,Meteorologist,2112,19-2021.00,东亚,中国香港地区,HK,region,general,硕士/博士,24-30,global,6.9,7.6,4.5,8.6,3.3,2.3,5.3,5.4,6.6,5.8,9.0,9.1,6.9,5.3,5.0,4.9,4.1,1.3,5.8,6.7,5.1,5.6,6.0,7.4,1.9,5.8,6.9,4.8,2.2,7.2,1.2,2.5,5.7,7.4,1,2,↑,2028-2033,5.55,中国香港地区气象预报员：就业极其稳定,Hong Kong (China) Meteorologist: extremely stable employment,AI综合评估 + O*NET/ILO/OECD锚点校准
GOV-0404-SG-general,公共管理与公务员,GOV,事业单位/公共机构,气象预报员,Meteorologist,2112,19-2021.00,东南亚,新加坡,SG,country,general,硕士/博士,24-30,global,6.9,8.0,4.6,9.4,3.4,2.4,5.9,5.8,7.0,5.9,10.0,9.2,7.1,6.1,5.5,4.5,4.2,1.2,5.7,7.1,5.2,6.1,6.2,7.6,2.2,6.4,7.2,5.0,2.2,8.0,0.9,2.2,6.0,7.5,1,1,→,2028-2033,5.78,新加坡气象预报员：就业极其稳定，准入门槛高,"Singapore Meteorologist: extremely stable employment, high entry barrier",AI综合评估 + O*NET/ILO/OECD锚点校准
GOV-0404-TH-general,公共管理与公务员,GOV,事业单位/公共机构,气象预报员,Meteorologist,2112,19-2021.00,东南亚,泰国,TH,country,general,硕士/博士,24-30,global,7.1,7.4,4.5,8.3,3.5,3.6,5.2,5.5,5.0,5.0,8.4,8.9,7.0,6.0,5.7,4.7,3.9,1.8,5.8,6.1,5.2,5.7,6.6,6.6,1.8,5.7,7.2,5.2,2.1,7.1,1.1,1.8,5.1,7.5,1,2,↑,2028-2033,5.4,泰国气象预报员：就业稳定,Thailand Meteorologist: stable employment,AI综合评估 + O*NET/ILO/OECD锚点校准
GOV-0404-VN-general,公共管理与公务员,GOV,事业单位/公共机构,气象预报员,Meteorologist,2112,19-2021.00,东南亚,越南,VN,country,general,硕士/博士,24-30,global,6.9,7.5,4.8,8.5,3.9,4.1,5.6,5.5,4.5,4.7,9.2,9.1,6.9,5.5,5.6,4.4,4.1,1.7,5.2,6.7,4.6,5.3,6.2,6.9,1.9,5.4,7.1,4.8,2.1,7.6,0.8,1.9,5.0,7.4,1,3,↑,2028-2033,5.37,越南气象预报员：就业极其稳定，近年需求增长,"Vietnam Meteorologist: extremely stable employment, growing demand",AI综合评估 + O*NET/ILO/OECD锚点校准
GOV-0404-ID-general,公共管理与公务员,GOV,事业单位/公共机构,气象预报员,Meteorologist,2112,19-2021.00,东南亚,印度尼西亚,ID,country,general,硕士/博士,24-30,global,6.7,7.2,4.3,8.4,3.7,3.6,5.4,5.1,4.7,4.4,8.0,9.0,6.9,5.9,5.2,4.3,3.9,1.6,5.6,6.1,4.8,5.4,6.1,7.1,1.9,5.1,6.6,5.0,2.1,7.4,1.3,1.8,5.4,7.6,1,2,↑,2028-2033,5.28,印度尼西亚气象预报员：就业稳定,Indonesia Meteorologist: stable employment,AI综合评估 + O*NET/ILO/OECD锚点校准
GOV-0404-MY-general,公共管理与公务员,GOV,事业单位/公共机构,气象预报员,Meteorologist,2112,19-2021.00,东南亚,马来西亚,MY,country,general,硕士/博士,24-30,global,7.3,7.6,4.5,8.8,3.6,3.4,5.4,5.3,5.3,5.2,9.2,9.1,7.1,6.1,5.7,4.7,4.1,1.7,5.7,6.3,5.1,5.7,6.5,7.2,1.8,5.2,6.7,4.9,2.2,7.2,0.9,2.0,5.3,7.3,1,2,↑,2028-2033,5.48,马来西亚气象预报员：就业极其稳定,Malaysia Meteorologist: extremely stable employment,AI综合评估 + O*NET/ILO/OECD锚点校准
GOV-0404-PH-general,公共管理与公务员,GOV,事业单位/公共机构,气象预报员,Meteorologist,2112,19-2021.00,东南亚,菲律宾,PH,country,general,硕士/博士,24-30,global,7.1,7.6,4.3,8.6,3.4,3.1,5.4,5.6,4.7,4.5,7.9,8.9,7.0,5.5,5.5,4.6,4.0,1.5,5.6,6.3,5.1,5.0,6.3,7.0,1.9,5.7,6.6,5.1,1.9,7.5,0.9,1.9,5.5,7.8,1,2,↑,2028-2033,5.3,菲律宾气象预报员：就业稳定,Philippines Meteorologist: stable employment,AI综合评估 + O*NET/ILO/OECD锚点校准
GOV-0404-IN-general,公共管理与公务员,GOV,事业单位/公共机构,气象预报员,Meteorologist,2112,19-2021.00,南亚,印度,IN,country,general,硕士/博士,24-30,global,7.3,7.8,4.7,8.5,4.0,3.3,6.0,6.2,5.6,5.1,8.5,9.2,6.6,5.6,5.0,4.9,3.8,1.6,5.3,7.2,4.8,5.2,5.8,7.0,2.0,5.3,6.8,5.1,1.8,8.0,0.8,1.9,5.4,7.9,1,3,↑,2028-2033,5.43,印度气象预报员：就业极其稳定，准入门槛高，近年需求增长,"India Meteorologist: extremely stable employment, high entry barrier, growing demand",AI综合评估 + O*NET/ILO/OECD锚点校准
GOV-0404-PK-general,公共管理与公务员,GOV,事业单位/公共机构,气象预报员,Meteorologist,2112,19-2021.00,南亚,巴基斯坦,PK,country,general,硕士/博士,24-30,global,6.8,7.2,4.6,8.4,3.8,3.6,5.7,5.4,4.5,4.3,7.8,9.0,6.4,5.3,5.2,4.3,3.7,1.9,5.6,6.7,5.0,5.3,5.8,7.1,1.9,4.4,6.5,5.0,2.3,7.7,1.1,1.8,5.5,7.8,1,2,↑,2028-2033,5.23,巴基斯坦气象预报员：就业稳定,Pakistan Meteorologist: stable employment,AI综合评估 + O*NET/ILO/OECD锚点校准
GOV-0404-BD-general,公共管理与公务员,GOV,事业单位/公共机构,气象预报员,Meteorologist,2112,19-2021.00,南亚,孟加拉国,BD,country,general,硕士/博士,24-30,global,6.6,7.7,4.3,8.7,3.6,3.3,5.3,5.4,4.4,4.1,8.1,8.9,6.8,5.6,4.9,4.3,3.6,1.8,5.5,6.3,5.0,4.9,5.9,6.8,1.8,4.4,6.8,4.8,2.1,7.6,0.9,1.7,4.9,7.6,1,2,↑,2028-2033,5.15,孟加拉国气象预报员：就业稳定,Bangladesh Meteorologist: stable employment,AI综合评估 + O*NET/ILO/OECD锚点校准
GOV-0404-AE-general,公共管理与公务员,GOV,事业单位/公共机构,气象预报员,Meteorologist,2112,19-2021.00,中亚/西亚,阿联酋,AE,country,general,硕士/博士,24-30,global,7.2,7.3,4.9,8.8,3.8,3.4,5.2,5.1,6.7,5.9,9.8,9.2,7.0,6.0,5.4,4.4,4.4,1.4,5.5,6.6,4.7,5.6,6.1,7.3,1.9,5.5,7.1,5.1,2.0,7.2,0.6,2.1,5.8,7.5,1,2,↑,2028-2033,5.64,阿联酋气象预报员：就业极其稳定,United Arab Emirates Meteorologist: extremely stable employment,AI综合评估 + O*NET/ILO/OECD锚点校准
GOV-0404-IL-general,公共管理与公务员,GOV,事业单位/公共机构,气象预报员,Meteorologist,2112,19-2021.00,中亚/西亚,以色列,IL,country,general,硕士/博士,24-30,global,7.4,7.5,4.3,8.4,3.6,2.9,5.4,5.3,6.0,5.2,8.8,9.0,6.7,5.8,5.5,4.8,4.3,1.5,5.6,6.8,4.9,6.0,6.7,7.3,2.2,6.4,7.0,4.8,1.9,7.3,0.8,1.8,5.6,7.6,1,2,↑,2028-2033,5.52,以色列气象预报员：就业极其稳定,Israel Meteorologist: extremely stable employment,AI综合评估 + O*NET/ILO/OECD锚点校准
GOV-0404-SA-general,公共管理与公务员,GOV,事业单位/公共机构,气象预报员,Meteorologist,2112,19-2021.00,中亚/西亚,沙特阿拉伯,SA,country,general,硕士/博士,24-30,global,7.0,7.2,4.9,8.5,3.9,4.1,4.8,5.5,6.3,5.9,8.8,9.2,6.9,5.8,5.0,4.7,3.9,1.5,5.8,6.1,4.9,5.7,6.0,7.2,2.2,4.3,7.2,4.9,2.1,7.0,0.8,2.1,5.6,7.4,1,3,↑,2028-2033,5.55,沙特阿拉伯气象预报员：就业极其稳定，近年需求增长,"Saudi Arabia Meteorologist: extremely stable employment, growing demand",AI综合评估 + O*NET/ILO/OECD锚点校准
GOV-0404-TR-general,公共管理与公务员,GOV,事业单位/公共机构,气象预报员,Meteorologist,2112,19-2021.00,中亚/西亚,土耳其,TR,country,general,硕士/博士,24-30,global,6.9,7.8,4.7,8.7,3.7,3.5,5.5,5.8,5.2,4.5,8.0,8.9,6.9,5.3,5.2,4.7,3.9,1.8,5.8,6.6,5.2,5.0,6.1,7.2,2.0,4.9,7.2,4.8,2.0,7.9,0.7,1.6,5.5,7.9,1,2,↑,2028-2033,5.35,土耳其气象预报员：就业稳定,Turkey Meteorologist: stable employment,AI综合评估 + O*NET/ILO/OECD锚点校准
GOV-0404-GB-general,公共管理与公务员,GOV,事业单位/公共机构,气象预报员,Meteorologist,2112,19-2021.00,西欧,英国,GB,country,general,硕士/博士,24-30,global,7.3,7.7,4.7,8.7,3.3,2.6,5.6,5.4,6.4,5.7,9.3,9.0,7.3,6.7,6.2,4.8,4.0,1.1,5.9,6.9,5.1,6.2,7.3,7.4,2.1,6.4,7.4,4.8,2.0,7.4,1.2,2.0,5.9,7.6,1,2,↑,2028-2033,5.74,英国气象预报员：就业极其稳定,United Kingdom Meteorologist: extremely stable employment,AI综合评估 + O*NET/ILO/OECD锚点校准
GOV-0404-FR-general,公共管理与公务员,GOV,事业单位/公共机构,气象预报员,Meteorologist,2112,19-2021.00,西欧,法国,FR,country,general,硕士/博士,24-30,global,7.2,7.9,4.8,8.9,4.0,3.9,5.5,6.0,6.2,5.3,9.3,9.2,7.1,6.6,6.3,4.9,4.2,1.3,5.8,7.0,5.2,6.1,7.2,7.3,2.3,5.9,7.1,5.3,2.3,7.9,1.0,2.1,6.0,7.6,1,3,↑,2028-2033,5.77,法国气象预报员：就业极其稳定，近年需求增长,"France Meteorologist: extremely stable employment, growing demand",AI综合评估 + O*NET/ILO/OECD锚点校准
GOV-0404-DE-general,公共管理与公务员,GOV,事业单位/公共机构,气象预报员,Meteorologist,2112,19-2021.00,西欧,德国,DE,country,general,硕士/博士,24-30,global,7.1,7.7,4.9,9.1,3.7,2.8,5.7,5.7,6.3,5.5,9.6,9.3,7.2,7.0,6.3,4.9,4.4,1.1,5.8,6.9,5.1,6.1,7.2,7.2,2.3,6.3,7.0,5.1,2.2,7.8,0.9,2.1,5.8,7.5,1,2,↑,2028-2033,5.81,德国气象预报员：就业极其稳定,Germany Meteorologist: extremely stable employment,AI综合评估 + O*NET/ILO/OECD锚点校准
GOV-0404-NL-general,公共管理与公务员,GOV,事业单位/公共机构,气象预报员,Meteorologist,2112,19-2021.00,西欧,荷兰,NL,country,general,硕士/博士,24-30,global,7.0,7.9,4.7,8.6,3.2,2.6,5.2,5.6,6.1,5.6,9.8,9.2,7.7,6.9,6.1,4.6,3.9,1.2,5.6,6.5,5.1,6.0,7.9,7.4,1.8,7.0,7.5,5.3,2.1,7.7,0.8,2.4,5.7,7.7,1,2,↑,2028-2033,5.73,荷兰气象预报员：就业极其稳定,Netherlands Meteorologist: extremely stable employment,AI综合评估 + O*NET/ILO/OECD锚点校准
GOV-0404-CH-general,公共管理与公务员,GOV,事业单位/公共机构,气象预报员,Meteorologist,2112,19-2021.00,西欧,瑞士,CH,country,general,硕士/博士,24-30,global,6.9,7.4,4.2,9.2,3.2,2.4,5.3,5.1,7.2,6.3,10.0,9.3,7.6,6.8,6.2,4.7,3.9,0.9,5.5,6.7,5.1,6.2,7.6,7.2,2.4,6.4,7.0,5.0,2.0,7.2,0.8,1.9,5.9,7.6,1,1,→,2028-2033,5.82,瑞士气象预报员：就业极其稳定,Switzerland Meteorologist: extremely stable employment,AI综合评估 + O*NET/ILO/OECD锚点校准
GOV-0404-SE-general,公共管理与公务员,GOV,事业单位/公共机构,气象预报员,Meteorologist,2112,19-2021.00,北欧,瑞典,SE,country,general,硕士/博士,24-30,global,7.4,7.4,4.5,9.3,3.6,3.7,5.2,5.2,6.2,5.8,9.5,9.1,7.4,7.0,6.1,4.7,4.0,1.0,5.4,6.5,5.6,6.1,7.4,7.5,2.5,7.2,7.4,5.2,2.1,7.5,0.7,2.1,5.7,7.7,1,2,↑,2028-2033,5.79,瑞典气象预报员：就业极其稳定,Sweden Meteorologist: extremely stable employment,AI综合评估 + O*NET/ILO/OECD锚点校准
GOV-0404-DK-general,公共管理与公务员,GOV,事业单位/公共机构,气象预报员,Meteorologist,2112,19-2021.00,北欧,丹麦,DK,country,general,硕士/博士,24-30,global,7.2,7.4,4.7,9.0,3.8,3.4,5.1,5.5,6.4,5.8,10.0,9.1,7.8,7.2,6.3,4.7,4.1,1.0,5.3,6.5,5.6,6.3,7.3,7.6,2.3,6.9,7.4,5.2,2.3,7.4,0.9,2.2,5.7,7.6,1,2,↑,2028-2033,5.84,丹麦气象预报员：就业极其稳定,Denmark Meteorologist: extremely stable employment,AI综合评估 + O*NET/ILO/OECD锚点校准
GOV-0404-FI-general,公共管理与公务员,GOV,事业单位/公共机构,气象预报员,Meteorologist,2112,19-2021.00,北欧,芬兰,FI,country,general,硕士/博士,24-30,global,7.0,7.6,4.9,8.7,3.6,2.9,5.4,5.5,6.3,5.4,10.0,9.3,7.8,7.0,6.0,4.6,4.0,1.3,5.4,6.8,5.6,6.4,7.4,7.1,2.1,7.3,7.3,4.8,2.1,7.5,1.1,2.0,5.6,7.6,1,2,↑,2028-2033,5.77,芬兰气象预报员：就业极其稳定,Finland Meteorologist: extremely stable employment,AI综合评估 + O*NET/ILO/OECD锚点校准
GOV-0404-IT-general,公共管理与公务员,GOV,事业单位/公共机构,气象预报员,Meteorologist,2112,19-2021.00,南欧,意大利,IT,country,general,硕士/博士,24-30,global,6.8,7.9,4.8,8.6,4.0,3.1,5.6,5.4,6.0,5.5,9.1,9.2,7.0,6.0,5.7,4.7,3.8,1.5,5.5,6.9,4.9,5.7,6.5,7.2,2.1,5.4,6.8,5.1,1.8,7.4,0.7,1.9,5.7,7.8,1,2,↑,2028-2033,5.57,意大利气象预报员：就业极其稳定,Italy Meteorologist: extremely stable employment,AI综合评估 + O*NET/ILO/OECD锚点校准
GOV-0404-ES-general,公共管理与公务员,GOV,事业单位/公共机构,气象预报员,Meteorologist,2112,19-2021.00,南欧,西班牙,ES,country,general,硕士/博士,24-30,global,7.0,7.5,4.6,8.5,3.3,3.2,5.8,6.0,5.5,5.3,8.8,9.0,7.0,6.3,5.6,4.8,4.1,1.5,5.5,7.0,4.8,5.9,7.0,7.1,1.7,6.0,7.3,5.3,2.0,7.8,1.0,2.3,5.8,7.5,1,2,↑,2028-2033,5.59,西班牙气象预报员：就业极其稳定,Spain Meteorologist: extremely stable employment,AI综合评估 + O*NET/ILO/OECD锚点校准
GOV-0404-PT-general,公共管理与公务员,GOV,事业单位/公共机构,气象预报员,Meteorologist,2112,19-2021.00,南欧,葡萄牙,PT,country,general,硕士/博士,24-30,global,6.7,7.4,4.8,8.4,3.2,3.0,5.5,5.4,5.4,4.8,8.7,9.2,7.1,6.6,5.6,4.4,4.2,1.2,5.6,6.4,5.1,5.6,6.9,7.1,2.3,6.0,7.2,4.7,2.0,7.8,0.7,1.9,5.7,7.6,1,2,↑,2028-2033,5.53,葡萄牙气象预报员：就业极其稳定,Portugal Meteorologist: extremely stable employment,AI综合评估 + O*NET/ILO/OECD锚点校准
GOV-0404-PL-general,公共管理与公务员,GOV,事业单位/公共机构,气象预报员,Meteorologist,2112,19-2021.00,东欧,波兰,PL,country,general,硕士/博士,24-30,global,7.3,7.5,4.5,8.6,3.2,3.1,5.7,5.6,5.4,5.0,8.6,8.9,7.2,6.5,6.1,4.6,3.9,1.5,5.5,6.2,4.9,5.6,6.8,7.4,1.7,6.1,7.1,5.2,2.2,7.4,1.1,2.2,5.6,7.4,1,2,↑,2028-2033,5.5,波兰气象预报员：就业极其稳定,Poland Meteorologist: extremely stable employment,AI综合评估 + O*NET/ILO/OECD锚点校准
GOV-0404-CZ-general,公共管理与公务员,GOV,事业单位/公共机构,气象预报员,Meteorologist,2112,19-2021.00,东欧,捷克,CZ,country,general,硕士/博士,24-30,global,7.2,7.5,4.3,8.9,3.5,3.1,5.5,5.6,5.5,5.2,9.1,9.0,7.6,6.7,5.8,4.6,4.2,1.4,5.8,6.5,5.4,5.8,6.9,7.3,2.1,6.0,7.1,5.2,2.1,7.5,0.9,2.3,5.8,7.3,1,2,↑,2028-2033,5.63,捷克气象预报员：就业极其稳定,Czech Republic Meteorologist: extremely stable employment,AI综合评估 + O*NET/ILO/OECD锚点校准
GOV-0404-RU-general,公共管理与公务员,GOV,事业单位/公共机构,气象预报员,Meteorologist,2112,19-2021.00,东欧,俄罗斯,RU,country,general,硕士/博士,24-30,global,7.3,7.3,5.0,8.7,4.1,3.7,4.8,5.6,5.1,4.6,8.0,9.0,7.0,5.9,5.2,4.5,3.8,1.9,5.7,6.5,4.6,5.3,6.0,6.8,1.7,5.6,6.7,4.8,2.0,7.3,0.7,1.8,5.2,7.6,1,3,↑,2028-2033,5.33,俄罗斯气象预报员：就业稳定，近年需求增长,"Russia Meteorologist: stable employment, growing demand",AI综合评估 + O*NET/ILO/OECD锚点校准
GOV-0404-US-general,公共管理与公务员,GOV,事业单位/公共机构,气象预报员,Meteorologist,2112,19-2021.00,北美,美国,US,country,general,硕士/博士,24-30,global,7.1,7.4,4.6,8.8,3.4,2.7,5.6,5.4,6.4,5.7,9.3,9.1,7.2,6.0,5.6,4.7,4.3,1.2,5.9,6.4,4.7,5.9,6.3,7.5,2.1,6.6,7.0,5.2,1.9,7.5,1.0,2.3,5.5,7.3,1,2,↑,2028-2033,5.66,美国气象预报员：就业极其稳定,United States Meteorologist: extremely stable employment,AI综合评估 + O*NET/ILO/OECD锚点校准
GOV-0404-CA-general,公共管理与公务员,GOV,事业单位/公共机构,气象预报员,Meteorologist,2112,19-2021.00,北美,加拿大,CA,country,general,硕士/博士,24-30,global,7.4,7.9,4.7,9.0,3.2,2.7,5.3,5.5,6.6,6.0,9.9,9.2,7.2,6.8,6.2,4.9,4.4,1.3,5.4,6.9,5.0,6.1,7.0,7.5,2.1,6.6,6.9,5.2,2.1,7.4,0.5,2.4,5.7,7.6,1,2,↑,2028-2033,5.76,加拿大气象预报员：就业极其稳定,Canada Meteorologist: extremely stable employment,AI综合评估 + O*NET/ILO/OECD锚点校准
GOV-0404-MX-general,公共管理与公务员,GOV,事业单位/公共机构,气象预报员,Meteorologist,2112,19-2021.00,北美,墨西哥,MX,country,general,硕士/博士,24-30,global,6.7,7.6,4.5,8.0,3.7,3.1,5.2,5.5,4.9,4.6,8.1,8.9,7.0,5.6,5.6,4.3,3.9,1.7,5.2,5.9,5.1,5.2,6.5,6.7,1.9,5.0,6.6,5.2,2.1,7.3,1.0,1.6,5.5,7.5,1,2,↑,2028-2033,5.26,墨西哥气象预报员：就业稳定,Mexico Meteorologist: stable employment,AI综合评估 + O*NET/ILO/OECD锚点校准
GOV-0404-BR-general,公共管理与公务员,GOV,事业单位/公共机构,气象预报员,Meteorologist,2112,19-2021.00,南美,巴西,BR,country,general,硕士/博士,24-30,global,7.0,7.8,5.1,8.7,4.2,3.5,5.5,5.5,5.8,5.1,8.4,9.0,7.3,6.3,5.7,4.7,3.8,1.7,5.2,7.0,4.8,5.2,6.8,6.8,2.2,5.4,7.2,5.1,2.2,7.8,1.2,2.0,5.2,7.8,1,3,↑,2028-2033,5.48,巴西气象预报员：就业稳定，近年需求增长,"Brazil Meteorologist: stable employment, growing demand",AI综合评估 + O*NET/ILO/OECD锚点校准
GOV-0404-AR-general,公共管理与公务员,GOV,事业单位/公共机构,气象预报员,Meteorologist,2112,19-2021.00,南美,阿根廷,AR,country,general,硕士/博士,24-30,global,7.1,7.3,4.3,8.3,4.2,3.7,5.1,5.4,5.0,4.6,7.7,8.8,7.0,5.6,5.7,4.5,4.0,1.5,5.4,6.3,4.9,5.2,6.4,6.8,1.7,5.6,6.7,5.2,2.2,7.0,0.9,2.2,5.3,7.8,0,3,↑,2028-2033,5.32,阿根廷气象预报员：就业稳定，近年需求增长,"Argentina Meteorologist: stable employment, growing demand",AI综合评估 + O*NET/ILO/OECD锚点校准
GOV-0404-CL-general,公共管理与公务员,GOV,事业单位/公共机构,气象预报员,Meteorologist,2112,19-2021.00,南美,智利,CL,country,general,硕士/博士,24-30,global,7.0,7.3,4.1,8.3,3.4,2.7,5.5,5.5,5.6,5.4,8.8,9.0,6.7,6.1,5.5,4.6,4.0,1.5,5.5,6.2,4.7,5.8,6.5,6.9,2.4,5.4,7.2,5.1,2.3,7.1,0.7,1.9,5.2,7.6,1,2,↑,2028-2033,5.45,智利气象预报员：就业极其稳定,Chile Meteorologist: extremely stable employment,AI综合评估 + O*NET/ILO/OECD锚点校准
GOV-0404-CO-general,公共管理与公务员,GOV,事业单位/公共机构,气象预报员,Meteorologist,2112,19-2021.00,南美,哥伦比亚,CO,country,general,硕士/博士,24-30,global,6.7,7.6,4.3,8.0,3.3,3.4,5.2,5.2,4.7,4.8,8.1,8.9,6.7,5.6,5.1,4.4,3.8,1.5,5.4,6.0,4.8,5.3,6.4,6.9,1.8,5.3,7.2,4.7,2.2,7.4,1.3,1.8,5.3,7.7,1,2,↑,2028-2033,5.23,哥伦比亚气象预报员：就业稳定,Colombia Meteorologist: stable employment,AI综合评估 + O*NET/ILO/OECD锚点校准
GOV-0404-AU-general,公共管理与公务员,GOV,事业单位/公共机构,气象预报员,Meteorologist,2112,19-2021.00,大洋洲,澳大利亚,AU,country,general,硕士/博士,24-30,global,7.2,7.8,4.8,8.8,3.6,2.6,5.4,5.5,6.4,6.0,9.5,9.3,7.3,6.7,5.9,4.9,4.0,1.2,5.9,7.0,5.1,5.8,7.4,7.4,2.2,6.4,7.3,4.9,2.1,7.3,0.7,2.3,5.5,7.4,1,2,↑,2028-2033,5.77,澳大利亚气象预报员：就业极其稳定,Australia Meteorologist: extremely stable employment,AI综合评估 + O*NET/ILO/OECD锚点校准
GOV-0404-NZ-general,公共管理与公务员,GOV,事业单位/公共机构,气象预报员,Meteorologist,2112,19-2021.00,大洋洲,新西兰,NZ,country,general,硕士/博士,24-30,global,7.0,7.4,4.4,8.9,3.5,2.7,5.3,5.6,6.0,5.7,9.5,9.2,7.7,7.0,6.3,4.5,4.2,1.3,5.7,6.4,5.2,6.3,7.7,7.5,2.5,6.7,7.0,4.9,1.9,7.6,0.6,2.4,5.5,7.3,1,2,↑,2028-2033,5.77,新西兰气象预报员：就业极其稳定,New Zealand Meteorologist: extremely stable employment,AI综合评估 + O*NET/ILO/OECD锚点校准
GOV-0404-ZA-general,公共管理与公务员,GOV,事业单位/公共机构,气象预报员,Meteorologist,2112,19-2021.00,非洲,南非,ZA,country,general,硕士/博士,24-30,global,7.1,7.6,4.4,8.3,3.6,2.9,5.2,5.5,5.2,5.0,8.2,8.8,6.7,5.7,5.5,4.7,4.0,1.8,5.3,6.3,4.9,5.4,6.2,6.6,1.9,5.3,7.1,5.3,1.9,7.1,1.4,1.9,5.6,7.2,1,2,↑,2028-2033,5.32,南非气象预报员：就业稳定,South Africa Meteorologist: stable employment,AI综合评估 + O*NET/ILO/OECD锚点校准
GOV-0404-NG-general,公共管理与公务员,GOV,事业单位/公共机构,气象预报员,Meteorologist,2112,19-2021.00,非洲,尼日利亚,NG,country,general,硕士/博士,24-30,global,6.8,7.4,4.5,8.1,3.8,3.2,5.0,5.3,4.9,4.1,7.6,8.8,6.7,5.5,4.9,4.2,3.7,1.7,5.2,6.2,4.6,5.2,6.0,6.7,2.0,4.7,6.6,5.0,1.9,7.4,0.9,1.8,5.1,7.5,0,2,↑,2028-2033,5.14,尼日利亚气象预报员：就业稳定,Nigeria Meteorologist: stable employment,AI综合评估 + O*NET/ILO/OECD锚点校准
GOV-0404-KE-general,公共管理与公务员,GOV,事业单位/公共机构,气象预报员,Meteorologist,2112,19-2021.00,非洲,肯尼亚,KE,country,general,硕士/博士,24-30,global,6.7,7.1,4.6,8.0,3.8,3.1,5.4,5.6,5.0,4.3,7.6,8.8,6.7,5.8,5.2,4.5,3.9,1.9,5.2,5.8,4.9,5.1,6.0,6.7,2.1,5.3,6.7,4.7,1.7,7.0,1.1,2.1,5.5,7.3,0,2,↑,2028-2033,5.24,肯尼亚气象预报员：就业稳定,Kenya Meteorologist: stable employment,AI综合评估 + O*NET/ILO/OECD锚点校准
GOV-0404-EG-general,公共管理与公务员,GOV,事业单位/公共机构,气象预报员,Meteorologist,2112,19-2021.00,非洲,埃及,EG,country,general,硕士/博士,24-30,global,6.7,7.2,4.8,8.4,4.0,3.9,5.3,5.3,4.9,4.6,7.9,8.9,6.9,5.7,5.4,4.5,3.9,1.8,5.6,6.1,4.6,5.3,6.1,7.1,1.9,4.8,7.0,5.2,1.9,7.4,0.9,1.8,5.4,7.5,1,3,↑,2028-2033,5.33,埃及气象预报员：就业稳定，近年需求增长,"Egypt Meteorologist: stable employment, growing demand",AI综合评估 + O*NET/ILO/OECD锚点校准
GOV-0501-CN-general,公共管理与公务员,GOV,国际组织,联合国职员,United Nations Staff,2422,11-1031.00,东亚,中国,CN,country,general,硕士/博士,27-35,global,7.8,8.6,4.8,8.6,2.9,2.5,3.8,3.7,8.3,6.6,8.9,7.7,6.4,4.8,5.0,6.6,5.0,1.5,6.9,9.7,4.2,5.1,4.4,8.2,1.7,7.6,5.0,8.8,1.8,9.2,1.7,1.1,9.5,8.2,0,1,→,2032-2038,5.67,中国联合国职员：就业极其稳定，薪资回报高，准入门槛高,"China United Nations Staff: extremely stable employment, high compensation, high entry barrier",AI综合评估 + O*NET/ILO/OECD锚点校准
GOV-0501-JP-general,公共管理与公务员,GOV,国际组织,联合国职员,United Nations Staff,2422,11-1031.00,东亚,日本,JP,country,general,硕士/博士,27-35,global,8.0,9.0,4.6,8.4,2.9,2.0,3.8,3.5,8.7,6.5,9.7,7.7,7.0,5.4,5.6,6.6,5.4,1.1,7.1,9.9,4.5,5.9,4.6,9.1,1.8,7.3,5.3,8.5,1.7,9.2,1.8,1.4,9.4,8.3,0,0,→,2032-2038,5.83,日本联合国职员：就业极其稳定，薪资回报高，准入门槛高,"Japan United Nations Staff: extremely stable employment, high compensation, high entry barrier",AI综合评估 + O*NET/ILO/OECD锚点校准
GOV-0501-KR-general,公共管理与公务员,GOV,国际组织,联合国职员,United Nations Staff,2422,11-1031.00,东亚,韩国,KR,country,general,硕士/博士,27-35,global,7.4,8.6,4.6,8.4,2.3,1.7,4.1,3.8,8.6,6.5,8.6,7.7,6.5,4.9,5.0,6.7,4.8,1.6,7.2,9.5,4.5,5.7,4.5,8.9,1.8,7.2,5.7,8.7,1.4,9.2,1.8,1.3,9.5,7.9,0,0,→,2032-2038,5.73,韩国联合国职员：就业极其稳定，薪资回报高，准入门槛高,"South Korea United Nations Staff: extremely stable employment, high compensation, high entry barrier",AI综合评估 + O*NET/ILO/OECD锚点校准
GOV-0501-TW-general,公共管理与公务员,GOV,国际组织,联合国职员,United Nations Staff,2422,11-1031.00,东亚,中国台湾地区,TW,region,general,硕士/博士,27-35,global,7.4,9.1,4.4,8.2,2.2,1.1,4.0,3.8,8.3,6.4,8.9,7.5,7.2,5.3,5.4,6.7,5.2,1.3,7.3,9.9,4.3,5.4,5.1,8.5,1.7,7.6,5.1,8.6,1.3,8.7,2.2,1.3,9.2,7.7,0,0,→,2032-2038,5.73,中国台湾地区联合国职员：就业极其稳定，薪资回报高，准入门槛高,"Taiwan (China) United Nations Staff: extremely stable employment, high compensation, high entry barrier",AI综合评估 + O*NET/ILO/OECD锚点校准
GOV-0501-HK-general,公共管理与公务员,GOV,国际组织,联合国职员,United Nations Staff,2422,11-1031.00,东亚,中国香港地区,HK,region,general,硕士/博士,27-35,global,7.4,8.3,4.4,8.0,2.5,0.8,3.5,3.6,9.4,6.4,8.5,7.7,6.9,5.4,5.2,6.7,5.5,1.3,7.4,9.4,4.4,5.7,4.6,8.7,1.5,8.0,5.6,8.3,1.7,8.3,1.8,1.5,10.0,7.9,0,0,→,2032-2038,5.81,中国香港地区联合国职员：就业极其稳定，薪资回报高，准入门槛高,"Hong Kong (China) United Nations Staff: extremely stable employment, high compensation, high entry barrier",AI综合评估 + O*NET/ILO/OECD锚点校准
GOV-0501-SG-general,公共管理与公务员,GOV,国际组织,联合国职员,United Nations Staff,2422,11-1031.00,东南亚,新加坡,SG,country,general,硕士/博士,27-35,global,7.8,8.7,4.7,9.0,2.1,0.9,3.8,3.5,10.0,7.4,9.6,7.7,6.8,5.4,5.1,6.5,5.1,1.3,6.9,9.6,4.5,5.9,4.6,9.1,1.8,8.3,5.6,8.8,1.4,8.4,1.5,1.6,10.0,7.8,0,-1,→,2032-2038,5.95,新加坡联合国职员：就业极其稳定，薪资回报高，准入门槛高,"Singapore United Nations Staff: extremely stable employment, high compensation, high entry barrier",AI综合评估 + O*NET/ILO/OECD锚点校准
GOV-0501-TH-general,公共管理与公务员,GOV,国际组织,联合国职员,United Nations Staff,2422,11-1031.00,东南亚,泰国,TH,country,general,硕士/博士,27-35,global,7.3,8.3,4.5,7.8,2.6,2.0,3.5,3.3,7.4,6.1,7.6,7.5,7.0,5.7,5.7,6.7,4.7,1.7,6.8,9.1,4.7,5.5,4.8,8.3,1.6,7.6,5.4,8.8,1.3,8.3,1.8,0.6,9.3,7.9,0,0,→,2032-2038,5.57,泰国联合国职员：就业稳定，准入门槛高，职业成就感高,"Thailand United Nations Staff: stable employment, high entry barrier, high job fulfillment",AI综合评估 + O*NET/ILO/OECD锚点校准
GOV-0501-VN-general,公共管理与公务员,GOV,国际组织,联合国职员,United Nations Staff,2422,11-1031.00,东南亚,越南,VN,country,general,硕士/博士,27-35,global,7.7,8.8,4.9,8.1,3.3,2.4,3.6,3.4,7.2,5.8,8.4,7.6,7.0,5.6,5.6,6.8,5.1,1.5,6.9,8.7,4.2,5.1,5.0,8.3,1.3,7.6,5.4,8.4,1.4,9.0,1.6,0.8,8.9,8.0,0,1,→,2032-2038,5.57,越南联合国职员：就业稳定，准入门槛高，职业成就感高,"Vietnam United Nations Staff: stable employment, high entry barrier, high job fulfillment",AI综合评估 + O*NET/ILO/OECD锚点校准
GOV-0501-ID-general,公共管理与公务员,GOV,国际组织,联合国职员,United Nations Staff,2422,11-1031.00,东南亚,印度尼西亚,ID,country,general,硕士/博士,27-35,global,7.3,8.7,4.4,8.2,2.7,2.2,3.2,3.7,7.1,5.5,7.6,7.5,6.7,5.1,5.3,6.3,4.9,1.7,6.8,8.7,4.2,5.1,5.0,8.5,1.6,7.0,5.7,8.3,1.6,8.2,1.7,0.7,8.7,8.2,0,0,→,2032-2038,5.43,印度尼西亚联合国职员：就业稳定，准入门槛高，职业成就感高,"Indonesia United Nations Staff: stable employment, high entry barrier, high job fulfillment",AI综合评估 + O*NET/ILO/OECD锚点校准
GOV-0501-MY-general,公共管理与公务员,GOV,国际组织,联合国职员,United Nations Staff,2422,11-1031.00,东南亚,马来西亚,MY,country,general,硕士/博士,27-35,global,7.7,8.5,4.5,8.1,2.8,1.9,3.2,3.7,8.0,6.2,8.6,7.6,6.9,5.1,5.3,6.4,5.2,1.5,6.8,8.9,4.1,5.8,4.9,8.6,1.4,7.4,5.2,8.3,1.5,8.6,2.1,0.7,9.6,7.8,0,0,→,2032-2038,5.6,马来西亚联合国职员：就业极其稳定，薪资回报高，准入门槛高,"Malaysia United Nations Staff: extremely stable employment, high compensation, high entry barrier",AI综合评估 + O*NET/ILO/OECD锚点校准
GOV-0501-PH-general,公共管理与公务员,GOV,国际组织,联合国职员,United Nations Staff,2422,11-1031.00,东南亚,菲律宾,PH,country,general,硕士/博士,27-35,global,7.6,8.6,4.6,8.0,2.8,1.8,3.4,3.1,7.4,5.7,7.1,7.3,6.9,5.4,5.3,6.3,4.7,1.6,6.7,8.4,4.2,5.1,4.7,8.1,1.5,7.6,5.2,8.7,1.4,8.4,2.0,1.0,9.5,7.7,0,0,→,2032-2038,5.42,菲律宾联合国职员：准入门槛高，职业成就感高,"Philippines United Nations Staff: high entry barrier, high job fulfillment",AI综合评估 + O*NET/ILO/OECD锚点校准
GOV-0501-IN-general,公共管理与公务员,GOV,国际组织,联合国职员,United Nations Staff,2422,11-1031.00,南亚,印度,IN,country,general,硕士/博士,27-35,global,7.8,8.6,4.6,7.9,3.0,2.2,4.2,3.7,7.8,6.0,8.3,7.6,6.6,5.2,5.0,6.5,5.0,1.6,7.0,9.5,4.6,5.6,4.7,8.0,1.2,6.9,5.2,8.7,1.3,9.0,2.1,0.7,9.7,8.0,0,1,→,2032-2038,5.6,印度联合国职员：就业稳定，薪资回报高，准入门槛高,"India United Nations Staff: stable employment, high compensation, high entry barrier",AI综合评估 + O*NET/ILO/OECD锚点校准
GOV-0501-PK-general,公共管理与公务员,GOV,国际组织,联合国职员,United Nations Staff,2422,11-1031.00,南亚,巴基斯坦,PK,country,general,硕士/博士,27-35,global,7.3,8.3,4.8,7.8,2.9,1.7,3.7,3.8,7.0,5.3,7.3,7.5,6.6,4.9,4.8,6.6,4.7,1.9,6.7,9.2,4.5,5.3,4.5,8.3,1.6,6.2,5.2,8.2,1.2,8.7,2.0,1.0,8.7,8.1,0,0,→,2032-2038,5.38,巴基斯坦联合国职员：准入门槛高，职业成就感高,"Pakistan United Nations Staff: high entry barrier, high job fulfillment",AI综合评估 + O*NET/ILO/OECD锚点校准
GOV-0501-BD-general,公共管理与公务员,GOV,国际组织,联合国职员,United Nations Staff,2422,11-1031.00,南亚,孟加拉国,BD,country,general,硕士/博士,27-35,global,7.3,8.1,4.5,8.1,2.4,2.0,3.3,3.8,6.6,5.2,7.4,7.5,6.9,5.2,5.2,6.3,4.6,1.7,6.9,8.7,4.4,5.4,4.3,8.0,1.3,6.8,5.6,8.2,1.3,8.4,1.8,0.7,9.1,7.8,0,0,→,2032-2038,5.38,孟加拉国联合国职员：准入门槛高，职业成就感高,"Bangladesh United Nations Staff: high entry barrier, high job fulfillment",AI综合评估 + O*NET/ILO/OECD锚点校准
GOV-0501-AE-general,公共管理与公务员,GOV,国际组织,联合国职员,United Nations Staff,2422,11-1031.00,中亚/西亚,阿联酋,AE,country,general,硕士/博士,27-35,global,7.4,8.4,5.0,8.6,2.7,1.7,3.3,3.2,9.3,7.0,8.9,7.8,7.2,5.2,5.3,6.8,5.0,1.1,6.8,8.8,4.5,6.0,4.6,9.1,1.6,7.5,5.6,8.3,1.6,7.9,1.5,1.0,10.0,8.0,0,0,→,2032-2038,5.85,阿联酋联合国职员：就业极其稳定，薪资回报高，职业成就感高,"United Arab Emirates United Nations Staff: extremely stable employment, high compensation, high job fulfillment",AI综合评估 + O*NET/ILO/OECD锚点校准
GOV-0501-IL-general,公共管理与公务员,GOV,国际组织,联合国职员,United Nations Staff,2422,11-1031.00,中亚/西亚,以色列,IL,country,general,硕士/博士,27-35,global,7.9,8.8,4.4,7.9,2.5,1.7,3.6,3.3,9.1,6.3,8.5,7.6,6.7,5.5,5.7,6.9,4.8,1.2,7.1,8.9,4.3,5.6,5.1,8.6,1.5,8.2,5.4,8.6,1.5,8.3,1.9,1.2,10.0,8.0,0,0,→,2032-2038,5.74,以色列联合国职员：就业极其稳定，薪资回报高，准入门槛高,"Israel United Nations Staff: extremely stable employment, high compensation, high entry barrier",AI综合评估 + O*NET/ILO/OECD锚点校准
GOV-0501-SA-general,公共管理与公务员,GOV,国际组织,联合国职员,United Nations Staff,2422,11-1031.00,中亚/西亚,沙特阿拉伯,SA,country,general,硕士/博士,27-35,global,7.4,8.0,5.1,8.4,3.3,2.5,2.9,3.1,9.0,6.9,8.8,7.6,7.0,5.1,5.3,6.5,5.1,1.5,7.2,8.5,4.1,5.5,4.4,8.8,1.5,6.8,5.4,8.7,1.4,8.1,2.0,1.2,8.9,8.0,0,1,→,2032-2038,5.73,沙特阿拉伯联合国职员：就业极其稳定，薪资回报高，准入门槛高,"Saudi Arabia United Nations Staff: extremely stable employment, high compensation, high entry barrier",AI综合评估 + O*NET/ILO/OECD锚点校准
GOV-0501-TR-general,公共管理与公务员,GOV,国际组织,联合国职员,United Nations Staff,2422,11-1031.00,中亚/西亚,土耳其,TR,country,general,硕士/博士,27-35,global,7.6,8.5,4.6,8.1,2.8,1.8,3.5,3.8,7.6,5.9,7.9,7.6,6.9,4.8,5.4,6.2,4.8,1.6,7.1,9.0,4.7,5.4,4.9,8.1,1.3,7.3,5.1,8.5,1.8,8.9,2.3,0.6,9.1,8.2,0,0,→,2032-2038,5.51,土耳其联合国职员：就业稳定，薪资回报高，准入门槛高,"Turkey United Nations Staff: stable employment, high compensation, high entry barrier",AI综合评估 + O*NET/ILO/OECD锚点校准
GOV-0501-GB-general,公共管理与公务员,GOV,国际组织,联合国职员,United Nations Staff,2422,11-1031.00,西欧,英国,GB,country,general,硕士/博士,27-35,global,7.4,8.6,4.5,8.3,2.4,1.5,3.6,3.5,8.6,6.2,9.1,7.7,7.2,6.0,6.2,6.8,5.4,1.4,7.1,9.0,4.9,5.9,5.4,8.8,1.9,8.2,5.7,8.3,1.4,8.8,2.1,1.0,9.8,8.0,0,0,→,2032-2038,5.85,英国联合国职员：就业极其稳定，薪资回报高，准入门槛高,"United Kingdom United Nations Staff: extremely stable employment, high compensation, high entry barrier",AI综合评估 + O*NET/ILO/OECD锚点校准
GOV-0501-FR-general,公共管理与公务员,GOV,国际组织,联合国职员,United Nations Staff,2422,11-1031.00,西欧,法国,FR,country,general,硕士/博士,27-35,global,7.8,9.1,5.1,8.2,3.2,2.5,3.6,4.0,8.4,6.2,8.9,7.7,7.7,6.2,5.9,7.0,5.3,1.4,6.9,9.6,4.9,5.6,5.7,8.6,1.5,8.4,5.9,8.4,1.8,9.0,1.9,1.1,9.8,8.2,0,1,→,2032-2038,5.9,法国联合国职员：就业极其稳定，薪资回报高，准入门槛高,"France United Nations Staff: extremely stable employment, high compensation, high entry barrier",AI综合评估 + O*NET/ILO/OECD锚点校准
GOV-0501-DE-general,公共管理与公务员,GOV,国际组织,联合国职员,United Nations Staff,2422,11-1031.00,西欧,德国,DE,country,general,硕士/博士,27-35,global,7.5,8.4,4.6,8.3,2.7,1.6,4.0,3.6,9.0,6.9,9.1,7.7,7.7,6.1,6.0,6.5,5.5,1.0,7.4,9.1,4.6,6.0,5.8,8.7,1.6,8.0,6.1,8.7,1.8,8.7,2.1,1.4,9.7,8.1,0,0,→,2032-2038,5.99,德国联合国职员：就业极其稳定，薪资回报高，准入门槛高,"Germany United Nations Staff: extremely stable employment, high compensation, high entry barrier",AI综合评估 + O*NET/ILO/OECD锚点校准
GOV-0501-NL-general,公共管理与公务员,GOV,国际组织,联合国职员,United Nations Staff,2422,11-1031.00,西欧,荷兰,NL,country,general,硕士/博士,27-35,global,7.4,8.8,4.8,8.2,2.4,1.6,3.2,3.6,9.3,7.0,8.8,7.8,7.3,6.7,6.3,6.6,4.9,1.2,7.2,8.9,5.0,6.3,6.1,9.0,1.6,8.8,5.9,8.4,1.6,8.3,2.0,1.1,10.0,8.2,0,0,→,2032-2038,5.99,荷兰联合国职员：就业极其稳定，薪资回报高，准入门槛高,"Netherlands United Nations Staff: extremely stable employment, high compensation, high entry barrier",AI综合评估 + O*NET/ILO/OECD锚点校准
GOV-0501-CH-general,公共管理与公务员,GOV,国际组织,联合国职员,United Nations Staff,2422,11-1031.00,西欧,瑞士,CH,country,general,硕士/博士,27-35,global,7.9,8.7,4.7,8.8,2.4,0.6,3.4,3.2,9.5,7.2,10.0,7.9,7.3,6.5,6.1,6.8,5.4,1.2,7.5,8.9,5.0,5.9,5.8,9.0,1.6,8.3,5.6,8.4,1.2,8.2,1.5,1.4,9.7,7.9,0,-1,→,2035+,6.04,瑞士联合国职员：就业极其稳定，薪资回报高，准入门槛高,"Switzerland United Nations Staff: extremely stable employment, high compensation, high entry barrier",AI综合评估 + O*NET/ILO/OECD锚点校准
GOV-0501-SE-general,公共管理与公务员,GOV,国际组织,联合国职员,United Nations Staff,2422,11-1031.00,北欧,瑞典,SE,country,general,硕士/博士,27-35,global,7.7,8.5,4.8,8.4,2.6,1.7,3.0,3.3,8.9,6.6,9.0,7.8,7.5,6.9,5.9,6.7,5.0,1.2,6.8,9.1,4.8,6.0,5.9,9.2,2.0,9.0,5.9,8.2,1.7,8.2,1.9,1.0,10.0,8.2,0,0,→,2032-2038,5.93,瑞典联合国职员：就业极其稳定，薪资回报高，准入门槛高,"Sweden United Nations Staff: extremely stable employment, high compensation, high entry barrier",AI综合评估 + O*NET/ILO/OECD锚点校准
GOV-0501-DK-general,公共管理与公务员,GOV,国际组织,联合国职员,United Nations Staff,2422,11-1031.00,北欧,丹麦,DK,country,general,硕士/博士,27-35,global,7.8,8.8,5.0,8.7,2.9,2.1,3.5,3.1,9.5,6.6,9.2,7.6,7.7,6.4,6.4,6.6,5.1,1.2,7.3,9.2,4.6,6.0,6.4,8.8,1.9,9.4,5.9,8.2,1.4,8.2,1.7,1.1,10.0,8.1,0,0,→,2032-2038,6.05,丹麦联合国职员：就业极其稳定，薪资回报高，准入门槛高,"Denmark United Nations Staff: extremely stable employment, high compensation, high entry barrier",AI综合评估 + O*NET/ILO/OECD锚点校准
GOV-0501-FI-general,公共管理与公务员,GOV,国际组织,联合国职员,United Nations Staff,2422,11-1031.00,北欧,芬兰,FI,country,general,硕士/博士,27-35,global,7.6,8.7,4.6,8.3,2.8,1.6,3.2,3.7,8.7,6.5,9.4,7.6,7.8,6.4,6.0,6.7,5.1,1.1,7.5,9.0,5.2,5.9,6.0,8.7,1.8,9.1,5.9,8.8,1.5,8.3,2.0,1.4,9.9,7.8,0,0,→,2035+,6.0,芬兰联合国职员：就业极其稳定，薪资回报高，准入门槛高,"Finland United Nations Staff: extremely stable employment, high compensation, high entry barrier",AI综合评估 + O*NET/ILO/OECD锚点校准
GOV-0501-IT-general,公共管理与公务员,GOV,国际组织,联合国职员,United Nations Staff,2422,11-1031.00,南欧,意大利,IT,country,general,硕士/博士,27-35,global,7.7,8.6,4.7,8.3,2.8,1.8,3.7,3.3,8.5,6.5,8.7,7.7,6.8,5.8,5.6,6.6,5.1,1.3,7.0,9.0,4.3,5.9,5.1,8.3,1.4,7.6,5.9,8.4,1.6,8.8,2.0,1.0,9.4,8.3,0,0,→,2032-2038,5.73,意大利联合国职员：就业极其稳定，薪资回报高，准入门槛高,"Italy United Nations Staff: extremely stable employment, high compensation, high entry barrier",AI综合评估 + O*NET/ILO/OECD锚点校准
GOV-0501-ES-general,公共管理与公务员,GOV,国际组织,联合国职员,United Nations Staff,2422,11-1031.00,南欧,西班牙,ES,country,general,硕士/博士,27-35,global,7.6,8.6,4.4,8.2,2.6,1.4,4.1,4.0,8.3,6.4,8.6,7.6,7.3,5.7,6.0,6.7,5.3,1.2,6.9,9.3,4.6,6.0,5.4,8.9,1.5,7.8,5.4,8.6,1.2,9.1,1.9,1.2,9.8,8.1,0,0,→,2032-2038,5.82,西班牙联合国职员：就业极其稳定，薪资回报高，准入门槛高,"Spain United Nations Staff: extremely stable employment, high compensation, high entry barrier",AI综合评估 + O*NET/ILO/OECD锚点校准
GOV-0501-PT-general,公共管理与公务员,GOV,国际组织,联合国职员,United Nations Staff,2422,11-1031.00,南欧,葡萄牙,PT,country,general,硕士/博士,27-35,global,7.7,8.5,4.4,8.0,2.8,1.2,3.5,3.4,7.8,5.9,8.5,7.5,7.0,5.6,5.6,6.7,5.2,1.5,6.8,9.3,4.6,5.7,5.6,8.6,1.8,8.2,5.5,8.8,1.7,8.9,1.7,0.9,10.0,8.1,0,0,→,2032-2038,5.68,葡萄牙联合国职员：就业极其稳定，薪资回报高，准入门槛高,"Portugal United Nations Staff: extremely stable employment, high compensation, high entry barrier",AI综合评估 + O*NET/ILO/OECD锚点校准
GOV-0501-PL-general,公共管理与公务员,GOV,国际组织,联合国职员,United Nations Staff,2422,11-1031.00,东欧,波兰,PL,country,general,硕士/博士,27-35,global,7.3,8.4,4.3,7.8,2.5,1.4,3.1,3.6,8.1,5.9,8.4,7.5,7.5,6.1,6.1,6.4,5.2,1.3,7.0,8.6,4.4,5.6,5.4,8.3,1.5,8.1,5.4,8.3,1.6,8.3,2.3,0.9,9.5,8.1,0,0,→,2032-2038,5.66,波兰联合国职员：就业稳定，薪资回报高，准入门槛高,"Poland United Nations Staff: stable employment, high compensation, high entry barrier",AI综合评估 + O*NET/ILO/OECD锚点校准
GOV-0501-CZ-general,公共管理与公务员,GOV,国际组织,联合国职员,United Nations Staff,2422,11-1031.00,东欧,捷克,CZ,country,general,硕士/博士,27-35,global,7.9,8.5,4.3,8.2,2.4,1.2,3.6,3.4,7.9,6.3,8.5,7.6,7.2,5.8,5.6,6.3,5.1,1.4,6.9,8.7,4.9,5.8,5.4,8.5,1.5,7.8,5.7,8.5,1.4,8.5,1.6,1.1,9.7,8.1,0,0,→,2032-2038,5.68,捷克联合国职员：就业极其稳定，薪资回报高，准入门槛高,"Czech Republic United Nations Staff: extremely stable employment, high compensation, high entry barrier",AI综合评估 + O*NET/ILO/OECD锚点校准
GOV-0501-RU-general,公共管理与公务员,GOV,国际组织,联合国职员,United Nations Staff,2422,11-1031.00,东欧,俄罗斯,RU,country,general,硕士/博士,27-35,global,7.8,8.5,4.6,7.7,3.2,2.5,3.0,3.6,7.1,5.6,7.8,7.5,6.6,5.1,5.1,6.7,5.0,1.8,7.1,8.9,4.2,5.4,4.8,8.1,1.6,7.9,5.2,8.3,1.4,8.0,1.9,0.9,8.9,8.3,0,1,→,2032-2038,5.47,俄罗斯联合国职员：就业稳定，准入门槛高，AI替代抗性强,"Russia United Nations Staff: stable employment, high entry barrier, strong AI resistance",AI综合评估 + O*NET/ILO/OECD锚点校准
GOV-0501-US-general,公共管理与公务员,GOV,国际组织,联合国职员,United Nations Staff,2422,11-1031.00,北美,美国,US,country,general,硕士/博士,27-35,global,7.9,8.6,4.4,8.1,2.3,0.9,3.6,3.6,9.3,6.4,8.5,7.7,6.7,5.8,5.6,6.8,5.3,1.0,7.0,9.4,4.6,6.0,5.2,8.6,1.6,8.6,5.6,8.7,1.6,8.4,1.7,0.9,9.7,8.2,0,0,→,2032-2038,5.82,美国联合国职员：就业极其稳定，薪资回报高，准入门槛高,"United States United Nations Staff: extremely stable employment, high compensation, high entry barrier",AI综合评估 + O*NET/ILO/OECD锚点校准
GOV-0501-CA-general,公共管理与公务员,GOV,国际组织,联合国职员,United Nations Staff,2422,11-1031.00,北美,加拿大,CA,country,general,硕士/博士,27-35,global,7.8,8.8,4.5,8.4,2.4,1.0,3.4,3.6,9.2,7.0,9.3,7.6,7.1,6.0,6.0,6.9,5.3,1.4,6.9,9.3,4.7,6.0,5.5,8.6,1.6,8.4,5.9,8.8,1.4,8.3,2.2,1.2,10.0,7.7,0,0,→,2032-2038,5.91,加拿大联合国职员：就业极其稳定，薪资回报高，准入门槛高,"Canada United Nations Staff: extremely stable employment, high compensation, high entry barrier",AI综合评估 + O*NET/ILO/OECD锚点校准
GOV-0501-MX-general,公共管理与公务员,GOV,国际组织,联合国职员,United Nations Staff,2422,11-1031.00,北美,墨西哥,MX,country,general,硕士/博士,27-35,global,7.7,8.3,4.7,7.6,2.5,1.4,3.4,3.0,7.1,5.3,7.1,7.5,7.0,5.1,5.4,6.6,4.8,1.8,6.7,8.4,4.1,5.4,4.7,8.4,1.4,7.6,5.5,8.2,1.5,8.1,1.9,1.1,9.5,8.0,0,0,→,2032-2038,5.38,墨西哥联合国职员：准入门槛高，职业成就感高,"Mexico United Nations Staff: high entry barrier, high job fulfillment",AI综合评估 + O*NET/ILO/OECD锚点校准
GOV-0501-BR-general,公共管理与公务员,GOV,国际组织,联合国职员,United Nations Staff,2422,11-1031.00,南美,巴西,BR,country,general,硕士/博士,27-35,global,7.8,8.3,5.0,8.3,2.6,1.9,3.5,3.7,7.9,6.2,7.8,7.4,7.0,5.3,5.6,6.5,4.8,1.6,7.3,9.3,4.5,5.3,4.9,8.6,1.3,7.7,5.7,8.3,1.2,9.1,2.1,0.8,8.8,8.1,0,1,→,2032-2038,5.62,巴西联合国职员：就业稳定，薪资回报高，准入门槛高,"Brazil United Nations Staff: stable employment, high compensation, high entry barrier",AI综合评估 + O*NET/ILO/OECD锚点校准
GOV-0501-AR-general,公共管理与公务员,GOV,国际组织,联合国职员,United Nations Staff,2422,11-1031.00,南美,阿根廷,AR,country,general,硕士/博士,27-35,global,7.5,8.5,4.8,7.6,3.0,2.2,2.8,3.2,7.3,5.5,7.1,7.5,6.6,5.5,5.6,6.6,4.6,1.7,7.0,8.3,4.1,5.1,4.9,8.4,1.6,7.4,5.2,8.6,1.4,8.3,2.3,0.9,9.1,8.1,-1,1,→,2032-2038,5.41,阿根廷联合国职员：准入门槛高，AI替代抗性强，职业成就感高,"Argentina United Nations Staff: high entry barrier, strong AI resistance, high job fulfillment",AI综合评估 + O*NET/ILO/OECD锚点校准
GOV-0501-CL-general,公共管理与公务员,GOV,国际组织,联合国职员,United Nations Staff,2422,11-1031.00,南美,智利,CL,country,general,硕士/博士,27-35,global,7.6,8.3,4.3,8.4,2.4,0.9,3.4,3.4,7.8,6.2,8.6,7.5,6.9,5.3,5.5,6.6,5.2,1.2,7.0,8.5,4.2,5.8,4.7,8.7,1.9,7.3,5.2,8.3,1.7,8.2,1.8,1.3,9.4,8.0,0,0,→,2032-2038,5.62,智利联合国职员：就业极其稳定，薪资回报高，准入门槛高,"Chile United Nations Staff: extremely stable employment, high compensation, high entry barrier",AI综合评估 + O*NET/ILO/OECD锚点校准
GOV-0501-CO-general,公共管理与公务员,GOV,国际组织,联合国职员,United Nations Staff,2422,11-1031.00,南美,哥伦比亚,CO,country,general,硕士/博士,27-35,global,7.2,8.2,4.7,7.6,2.3,2.0,3.1,3.4,6.9,5.6,7.7,7.3,7.1,5.4,5.1,6.3,5.1,1.6,6.9,8.8,4.2,5.2,5.0,8.2,1.3,7.5,5.3,8.3,1.6,8.5,2.1,0.7,9.2,7.9,0,0,→,2032-2038,5.43,哥伦比亚联合国职员：就业稳定，准入门槛高，职业成就感高,"Colombia United Nations Staff: stable employment, high entry barrier, high job fulfillment",AI综合评估 + O*NET/ILO/OECD锚点校准
GOV-0501-AU-general,公共管理与公务员,GOV,国际组织,联合国职员,United Nations Staff,2422,11-1031.00,大洋洲,澳大利亚,AU,country,general,硕士/博士,27-35,global,7.7,8.8,4.5,8.2,2.5,1.3,3.1,3.1,9.1,6.6,9.2,7.8,7.4,6.0,5.9,6.8,5.1,1.1,7.4,9.2,4.6,5.9,5.7,9.1,1.8,8.6,5.5,8.3,1.5,8.7,1.8,1.0,9.8,8.2,0,0,→,2032-2038,5.88,澳大利亚联合国职员：就业极其稳定，薪资回报高，准入门槛高,"Australia United Nations Staff: extremely stable employment, high compensation, high entry barrier",AI综合评估 + O*NET/ILO/OECD锚点校准
GOV-0501-NZ-general,公共管理与公务员,GOV,国际组织,联合国职员,United Nations Staff,2422,11-1031.00,大洋洲,新西兰,NZ,country,general,硕士/博士,27-35,global,7.5,8.7,4.3,8.7,2.1,1.2,3.1,3.5,8.9,6.4,9.4,7.7,7.7,6.5,6.2,6.6,5.3,1.2,7.4,9.3,4.5,6.1,6.0,8.7,1.9,8.8,5.8,8.4,1.7,8.6,1.8,1.5,10.0,7.9,0,0,→,2032-2038,5.95,新西兰联合国职员：就业极其稳定，薪资回报高，准入门槛高,"New Zealand United Nations Staff: extremely stable employment, high compensation, high entry barrier",AI综合评估 + O*NET/ILO/OECD锚点校准
GOV-0501-ZA-general,公共管理与公务员,GOV,国际组织,联合国职员,United Nations Staff,2422,11-1031.00,非洲,南非,ZA,country,general,硕士/博士,27-35,global,7.5,8.1,4.3,8.0,2.7,1.5,3.5,3.1,7.8,6.1,7.3,7.4,7.1,5.6,5.2,6.5,4.9,1.5,6.7,8.6,4.2,5.2,4.7,8.2,1.7,7.5,5.1,8.3,1.8,8.3,2.2,0.8,9.1,7.9,0,0,→,2032-2038,5.47,南非联合国职员：薪资回报高，准入门槛高，职业成就感高,"South Africa United Nations Staff: high compensation, high entry barrier, high job fulfillment",AI综合评估 + O*NET/ILO/OECD锚点校准
GOV-0501-NG-general,公共管理与公务员,GOV,国际组织,联合国职员,United Nations Staff,2422,11-1031.00,非洲,尼日利亚,NG,country,general,硕士/博士,27-35,global,7.1,8.0,4.3,7.9,3.0,1.7,3.1,3.0,6.9,5.1,6.9,7.3,6.9,5.1,5.0,6.3,4.6,1.7,6.6,8.7,4.3,4.9,4.2,8.0,1.6,6.6,5.5,8.4,1.5,7.9,2.2,1.0,9.2,8.2,-1,0,→,2032-2038,5.29,尼日利亚联合国职员：职业成就感高,Nigeria United Nations Staff: high job fulfillment,AI综合评估 + O*NET/ILO/OECD锚点校准
GOV-0501-KE-general,公共管理与公务员,GOV,国际组织,联合国职员,United Nations Staff,2422,11-1031.00,非洲,肯尼亚,KE,country,general,硕士/博士,27-35,global,7.5,8.0,4.5,7.7,2.5,2.0,3.2,3.4,7.2,5.6,7.0,7.3,6.7,5.4,5.1,6.7,5.1,1.9,6.8,8.7,4.6,5.3,4.4,8.3,1.4,7.2,5.1,8.2,1.5,8.3,2.3,0.8,9.3,7.8,-1,0,→,2032-2038,5.39,肯尼亚联合国职员：准入门槛高，职业成就感高,"Kenya United Nations Staff: high entry barrier, high job fulfillment",AI综合评估 + O*NET/ILO/OECD锚点校准
GOV-0501-EG-general,公共管理与公务员,GOV,国际组织,联合国职员,United Nations Staff,2422,11-1031.00,非洲,埃及,EG,country,general,硕士/博士,27-35,global,7.1,8.3,4.7,8.1,3.2,2.5,3.3,3.3,7.1,5.5,7.4,7.4,6.8,5.4,5.3,6.5,4.9,1.6,6.9,9.0,4.6,5.0,4.6,8.1,1.3,6.5,5.4,8.7,1.4,8.1,2.1,1.2,9.3,8.0,0,1,→,2032-2038,5.49,埃及联合国职员：准入门槛高，职业成就感高,"Egypt United Nations Staff: high entry barrier, high job fulfillment",AI综合评估 + O*NET/ILO/OECD锚点校准
GOV-0502-CN-general,公共管理与公务员,GOV,国际组织,国际组织项目官员,International Organization Program Officer,2422,11-9199.00,东亚,中国,CN,country,general,硕士,26-34,global,6.9,8.6,5.5,8.1,4.0,3.0,5.3,5.2,7.7,6.6,7.7,7.7,6.7,4.9,4.3,7.4,5.5,1.7,6.3,8.7,5.0,5.6,4.2,8.2,2.5,7.8,5.2,7.8,1.7,8.3,2.1,1.2,9.0,7.4,1,2,↑,2032-2038,5.8,中国国际组织项目官员：就业稳定，薪资回报高，准入门槛高,"China International Organization Program Officer: stable employment, high compensation, high entry barrier",AI综合评估 + O*NET/ILO/OECD锚点校准
GOV-0502-JP-general,公共管理与公务员,GOV,国际组织,国际组织项目官员,International Organization Program Officer,2422,11-9199.00,东亚,日本,JP,country,general,硕士,26-34,global,7.1,8.4,5.1,8.0,3.5,2.0,5.0,4.7,8.1,6.6,8.2,7.8,6.9,5.3,4.8,7.0,5.8,1.2,6.8,8.8,4.9,6.1,4.6,8.4,2.4,7.1,5.5,8.3,2.1,7.7,2.4,1.9,9.1,7.2,1,1,→,2032-2038,5.9,日本国际组织项目官员：就业稳定，薪资回报高，职业成就感高,"Japan International Organization Program Officer: stable employment, high compensation, high job fulfillment",AI综合评估 + O*NET/ILO/OECD锚点校准
GOV-0502-KR-general,公共管理与公务员,GOV,国际组织,国际组织项目官员,International Organization Program Officer,2422,11-9199.00,东亚,韩国,KR,country,general,硕士,26-34,global,7.5,8.6,4.8,7.9,3.4,2.0,5.4,4.8,8.3,6.6,7.9,7.5,7.0,5.1,4.8,7.4,5.3,1.5,6.7,9.0,5.0,6.3,4.9,8.0,2.4,7.1,5.4,8.2,2.0,8.3,2.1,1.3,9.2,7.0,1,1,→,2032-2038,5.84,韩国国际组织项目官员：就业稳定，薪资回报高，准入门槛高,"South Korea International Organization Program Officer: stable employment, high compensation, high entry barrier",AI综合评估 + O*NET/ILO/OECD锚点校准
GOV-0502-TW-general,公共管理与公务员,GOV,国际组织,国际组织项目官员,International Organization Program Officer,2422,11-9199.00,东亚,中国台湾地区,TW,region,general,硕士,26-34,global,7.0,8.0,5.1,7.9,3.5,1.9,5.0,5.0,7.8,6.3,7.9,7.7,6.7,5.0,4.8,6.9,5.4,1.4,6.6,8.4,4.6,6.3,5.0,8.4,2.4,7.5,5.4,7.8,1.7,7.9,2.5,1.8,9.5,6.9,1,1,→,2032-2038,5.83,中国台湾地区国际组织项目官员：就业稳定，薪资回报高，职业成就感高,"Taiwan (China) International Organization Program Officer: stable employment, high compensation, high job fulfillment",AI综合评估 + O*NET/ILO/OECD锚点校准
GOV-0502-HK-general,公共管理与公务员,GOV,国际组织,国际组织项目官员,International Organization Program Officer,2422,11-9199.00,东亚,中国香港地区,HK,region,general,硕士,26-34,global,7.4,7.9,4.8,7.7,3.3,1.6,4.9,4.7,8.9,6.8,7.6,7.7,7.1,5.2,4.7,7.3,5.7,1.2,6.4,8.0,4.7,6.1,4.6,8.2,2.4,8.1,5.2,7.9,2.2,7.6,2.6,1.5,10.0,7.1,1,1,→,2032-2038,5.85,中国香港地区国际组织项目官员：就业稳定，薪资回报高，职业成就感高,"Hong Kong (China) International Organization Program Officer: stable employment, high compensation, high job fulfillment",AI综合评估 + O*NET/ILO/OECD锚点校准
GOV-0502-SG-general,公共管理与公务员,GOV,国际组织,国际组织项目官员,International Organization Program Officer,2422,11-9199.00,东南亚,新加坡,SG,country,general,硕士,26-34,global,7.3,8.1,5.2,7.9,3.1,1.1,4.8,4.4,9.8,7.2,8.8,7.7,7.0,5.2,4.7,7.4,5.6,1.0,6.8,8.7,4.7,6.7,4.9,8.6,2.9,7.9,5.3,7.9,2.1,7.7,1.9,2.0,9.9,6.9,1,0,→,2032-2038,6.08,新加坡国际组织项目官员：就业极其稳定，薪资回报高，职业成就感高,"Singapore International Organization Program Officer: extremely stable employment, high compensation, high job fulfillment",AI综合评估 + O*NET/ILO/OECD锚点校准
GOV-0502-TH-general,公共管理与公务员,GOV,国际组织,国际组织项目官员,International Organization Program Officer,2422,11-9199.00,东南亚,泰国,TH,country,general,硕士,26-34,global,7.1,7.9,5.1,7.6,3.9,2.3,4.1,4.7,6.8,6.0,6.8,7.6,7.1,5.7,5.0,7.0,5.2,1.5,6.7,7.8,5.1,6.0,5.0,7.7,2.6,7.5,5.4,8.0,1.8,7.3,2.7,1.4,9.0,7.1,1,1,→,2032-2038,5.67,泰国国际组织项目官员：发展平稳,Thailand International Organization Program Officer: steady development,AI综合评估 + O*NET/ILO/OECD锚点校准
GOV-0502-VN-general,公共管理与公务员,GOV,国际组织,国际组织项目官员,International Organization Program Officer,2422,11-9199.00,东南亚,越南,VN,country,general,硕士,26-34,global,6.8,8.1,5.2,7.8,4.4,2.8,4.2,4.5,6.4,5.6,7.2,7.6,6.8,5.4,4.6,6.7,5.6,1.6,6.3,8.1,4.8,5.9,4.8,7.9,2.3,7.2,5.1,7.7,1.7,7.8,2.5,1.3,9.1,7.3,1,2,↑,2032-2038,5.6,越南国际组织项目官员：发展平稳,Vietnam International Organization Program Officer: steady development,AI综合评估 + O*NET/ILO/OECD锚点校准
GOV-0502-ID-general,公共管理与公务员,GOV,国际组织,国际组织项目官员,International Organization Program Officer,2422,11-9199.00,东南亚,印度尼西亚,ID,country,general,硕士,26-34,global,6.7,7.7,5.0,7.3,3.5,2.3,4.6,4.6,6.9,5.5,6.8,7.5,6.7,5.1,4.7,7.2,5.6,1.7,6.7,7.6,4.8,5.9,4.9,8.0,2.6,7.1,5.5,8.1,2.0,7.2,2.5,1.2,9.3,7.3,1,1,→,2032-2038,5.63,印度尼西亚国际组织项目官员：职业成就感高,Indonesia International Organization Program Officer: high job fulfillment,AI综合评估 + O*NET/ILO/OECD锚点校准
GOV-0502-MY-general,公共管理与公务员,GOV,国际组织,国际组织项目官员,International Organization Program Officer,2422,11-9199.00,东南亚,马来西亚,MY,country,general,硕士,26-34,global,6.8,8.1,5.1,7.9,3.8,2.4,4.3,4.5,7.6,6.2,7.6,7.5,6.7,5.1,5.1,7.2,5.6,1.6,6.3,8.0,4.9,6.0,5.0,8.2,2.6,7.7,5.3,7.7,2.0,7.6,2.3,1.6,9.3,6.8,1,1,→,2032-2038,5.76,马来西亚国际组织项目官员：就业稳定，薪资回报高，职业成就感高,"Malaysia International Organization Program Officer: stable employment, high compensation, high job fulfillment",AI综合评估 + O*NET/ILO/OECD锚点校准
GOV-0502-PH-general,公共管理与公务员,GOV,国际组织,国际组织项目官员,International Organization Program Officer,2422,11-9199.00,东南亚,菲律宾,PH,country,general,硕士,26-34,global,6.7,8.0,5.0,7.0,3.4,2.1,4.0,4.3,6.6,5.6,6.4,7.4,6.7,5.0,4.8,7.2,5.4,1.7,6.8,7.6,5.0,5.8,4.9,8.1,2.1,8.2,5.4,7.9,2.3,7.5,2.6,1.3,9.5,7.3,1,1,→,2032-2038,5.54,菲律宾国际组织项目官员：职业成就感高,Philippines International Organization Program Officer: high job fulfillment,AI综合评估 + O*NET/ILO/OECD锚点校准
GOV-0502-IN-general,公共管理与公务员,GOV,国际组织,国际组织项目官员,International Organization Program Officer,2422,11-9199.00,南亚,印度,IN,country,general,硕士,26-34,global,6.9,8.3,5.1,7.9,3.7,2.4,4.8,5.0,7.2,6.2,7.0,7.6,6.9,5.0,4.6,7.1,5.3,1.6,6.5,8.9,4.9,5.6,4.5,7.6,2.3,7.3,5.3,8.0,1.7,8.0,2.3,1.1,9.4,7.1,1,2,↑,2032-2038,5.69,印度国际组织项目官员：准入门槛高,India International Organization Program Officer: high entry barrier,AI综合评估 + O*NET/ILO/OECD锚点校准
GOV-0502-PK-general,公共管理与公务员,GOV,国际组织,国际组织项目官员,International Organization Program Officer,2422,11-9199.00,南亚,巴基斯坦,PK,country,general,硕士,26-34,global,6.7,8.0,4.8,7.4,3.8,2.3,4.7,4.8,6.8,5.6,6.3,7.4,6.5,5.0,4.9,7.0,5.6,1.8,6.4,7.6,4.7,5.6,4.6,7.7,2.3,6.2,5.4,8.1,2.3,7.8,2.4,1.3,9.2,6.9,1,1,→,2032-2038,5.51,巴基斯坦国际组织项目官员：发展平稳,Pakistan International Organization Program Officer: steady development,AI综合评估 + O*NET/ILO/OECD锚点校准
GOV-0502-BD-general,公共管理与公务员,GOV,国际组织,国际组织项目官员,International Organization Program Officer,2422,11-9199.00,南亚,孟加拉国,BD,country,general,硕士,26-34,global,7.0,7.9,4.9,7.1,3.4,2.5,4.9,4.8,6.1,5.3,6.5,7.4,6.9,4.8,4.4,6.9,5.2,1.9,6.6,7.6,4.9,5.5,4.3,7.9,2.3,6.4,5.2,8.2,2.0,7.6,2.4,1.4,9.0,6.9,1,1,→,2032-2038,5.45,孟加拉国国际组织项目官员：发展平稳,Bangladesh International Organization Program Officer: steady development,AI综合评估 + O*NET/ILO/OECD锚点校准
GOV-0502-AE-general,公共管理与公务员,GOV,国际组织,国际组织项目官员,International Organization Program Officer,2422,11-9199.00,中亚/西亚,阿联酋,AE,country,general,硕士,26-34,global,7.1,8.2,5.0,8.3,3.4,2.4,4.4,4.3,8.9,6.8,8.1,7.7,6.9,5.1,5.1,7.1,5.9,1.2,6.2,7.9,4.9,6.0,4.9,8.0,2.8,7.1,5.7,7.9,2.2,7.2,2.6,1.6,10.0,7.3,1,1,→,2032-2038,5.88,阿联酋国际组织项目官员：就业稳定，薪资回报高，职业成就感高,"United Arab Emirates International Organization Program Officer: stable employment, high compensation, high job fulfillment",AI综合评估 + O*NET/ILO/OECD锚点校准
GOV-0502-IL-general,公共管理与公务员,GOV,国际组织,国际组织项目官员,International Organization Program Officer,2422,11-9199.00,中亚/西亚,以色列,IL,country,general,硕士,26-34,global,7.0,8.3,5.2,7.8,3.6,2.2,4.3,4.2,8.5,6.3,7.6,7.5,7.2,5.8,5.3,6.9,5.5,1.2,6.9,7.9,5.0,6.2,5.3,8.0,2.4,8.2,5.8,7.7,2.1,7.3,2.5,1.4,9.7,7.1,1,1,→,2032-2038,5.89,以色列国际组织项目官员：就业稳定，薪资回报高，职业成就感高,"Israel International Organization Program Officer: stable employment, high compensation, high job fulfillment",AI综合评估 + O*NET/ILO/OECD锚点校准
GOV-0502-SA-general,公共管理与公务员,GOV,国际组织,国际组织项目官员,International Organization Program Officer,2422,11-9199.00,中亚/西亚,沙特阿拉伯,SA,country,general,硕士,26-34,global,6.8,8.0,5.6,7.9,4.0,2.8,4.2,4.3,8.3,6.8,7.5,7.5,6.5,5.4,4.6,7.0,5.7,1.6,6.4,8.0,4.7,5.8,4.5,7.8,2.3,6.8,5.5,8.0,1.8,6.9,2.5,1.7,9.5,7.1,1,2,↑,2032-2038,5.79,沙特阿拉伯国际组织项目官员：就业稳定，薪资回报高,"Saudi Arabia International Organization Program Officer: stable employment, high compensation",AI综合评估 + O*NET/ILO/OECD锚点校准
GOV-0502-TR-general,公共管理与公务员,GOV,国际组织,国际组织项目官员,International Organization Program Officer,2422,11-9199.00,中亚/西亚,土耳其,TR,country,general,硕士,26-34,global,7.1,7.9,5.1,7.6,3.6,2.4,4.6,4.9,7.1,5.6,6.8,7.5,6.7,4.9,4.6,6.9,5.6,1.6,6.4,8.1,5.2,5.8,4.7,7.7,2.3,7.0,5.4,7.9,2.2,7.8,2.5,1.2,9.0,7.3,1,1,→,2032-2038,5.59,土耳其国际组织项目官员：发展平稳,Turkey International Organization Program Officer: steady development,AI综合评估 + O*NET/ILO/OECD锚点校准
GOV-0502-GB-general,公共管理与公务员,GOV,国际组织,国际组织项目官员,International Organization Program Officer,2422,11-9199.00,西欧,英国,GB,country,general,硕士,26-34,global,7.0,8.2,5.3,7.9,3.4,1.7,4.4,4.3,8.4,6.8,7.8,7.5,7.2,6.4,5.3,7.4,5.8,1.2,6.6,8.0,5.1,6.5,5.7,8.2,2.5,8.5,5.8,8.1,2.0,7.4,2.2,1.9,10.0,6.8,1,1,→,2032-2038,6.01,英国国际组织项目官员：就业稳定，薪资回报高，职业成就感高,"United Kingdom International Organization Program Officer: stable employment, high compensation, high job fulfillment",AI综合评估 + O*NET/ILO/OECD锚点校准
GOV-0502-FR-general,公共管理与公务员,GOV,国际组织,国际组织项目官员,International Organization Program Officer,2422,11-9199.00,西欧,法国,FR,country,general,硕士,26-34,global,7.1,8.3,5.5,8.2,4.0,2.9,4.6,4.8,8.3,6.8,8.3,7.8,7.1,6.0,5.8,7.2,5.4,1.3,6.9,8.3,5.1,6.2,6.1,8.0,2.5,7.9,5.6,7.7,1.7,7.9,2.3,1.5,9.9,7.0,1,2,↑,2032-2038,6.07,法国国际组织项目官员：就业稳定，薪资回报高，职业成就感高,"France International Organization Program Officer: stable employment, high compensation, high job fulfillment",AI综合评估 + O*NET/ILO/OECD锚点校准
GOV-0502-DE-general,公共管理与公务员,GOV,国际组织,国际组织项目官员,International Organization Program Officer,2422,11-9199.00,西欧,德国,DE,country,general,硕士,26-34,global,7.0,7.9,5.4,8.2,3.3,2.1,4.8,4.5,8.4,6.7,8.2,7.7,7.8,6.4,5.4,7.0,5.8,1.0,6.9,8.5,5.2,6.6,6.1,8.0,2.7,8.4,5.8,7.9,2.0,7.5,2.6,1.7,9.6,7.2,1,1,→,2032-2038,6.11,德国国际组织项目官员：就业稳定，薪资回报高，职业成就感高,"Germany International Organization Program Officer: stable employment, high compensation, high job fulfillment",AI综合评估 + O*NET/ILO/OECD锚点校准
GOV-0502-NL-general,公共管理与公务员,GOV,国际组织,国际组织项目官员,International Organization Program Officer,2422,11-9199.00,西欧,荷兰,NL,country,general,硕士,26-34,global,7.3,8.3,5.1,7.9,3.3,1.8,4.3,4.4,8.5,6.5,8.1,7.6,7.7,6.8,5.7,7.4,5.5,1.0,6.7,7.8,5.5,6.4,6.1,8.5,2.9,8.8,5.8,7.8,2.0,7.3,2.6,1.8,9.9,7.2,1,1,→,2032-2038,6.06,荷兰国际组织项目官员：就业稳定，薪资回报高，职业成就感高,"Netherlands International Organization Program Officer: stable employment, high compensation, high job fulfillment",AI综合评估 + O*NET/ILO/OECD锚点校准
GOV-0502-CH-general,公共管理与公务员,GOV,国际组织,国际组织项目官员,International Organization Program Officer,2422,11-9199.00,西欧,瑞士,CH,country,general,硕士,26-34,global,7.5,8.2,4.7,8.1,2.9,1.6,4.3,4.5,9.5,7.3,8.6,7.8,7.3,6.5,5.6,7.2,5.7,1.1,6.5,8.2,5.6,6.4,6.2,8.1,2.6,8.0,6.1,8.0,2.2,7.3,2.1,1.7,10.0,6.9,1,0,→,2032-2038,6.11,瑞士国际组织项目官员：就业极其稳定，薪资回报高，职业成就感高,"Switzerland International Organization Program Officer: extremely stable employment, high compensation, high job fulfillment",AI综合评估 + O*NET/ILO/OECD锚点校准
GOV-0502-SE-general,公共管理与公务员,GOV,国际组织,国际组织项目官员,International Organization Program Officer,2422,11-9199.00,北欧,瑞典,SE,country,general,硕士,26-34,global,7.4,7.8,5.1,7.9,3.7,2.6,4.3,4.6,8.6,7.0,8.2,7.7,7.7,6.7,5.6,7.3,5.5,0.9,6.6,7.8,5.3,6.5,5.9,8.2,2.9,9.2,5.7,8.3,2.0,7.6,2.4,1.5,10.0,7.2,1,1,→,2032-2038,6.12,瑞典国际组织项目官员：就业稳定，薪资回报高，职业成就感高,"Sweden International Organization Program Officer: stable employment, high compensation, high job fulfillment",AI综合评估 + O*NET/ILO/OECD锚点校准
GOV-0502-DK-general,公共管理与公务员,GOV,国际组织,国际组织项目官员,International Organization Program Officer,2422,11-9199.00,北欧,丹麦,DK,country,general,硕士,26-34,global,7.1,8.0,5.2,8.0,4.0,2.6,4.3,4.6,8.5,6.9,8.6,7.8,7.4,6.7,5.6,6.9,6.1,1.3,6.5,8.1,5.6,6.6,6.2,8.2,2.9,9.3,6.2,7.7,2.0,7.4,2.4,1.6,10.0,7.4,1,1,→,2032-2038,6.15,丹麦国际组织项目官员：就业极其稳定，薪资回报高，职业成就感高,"Denmark International Organization Program Officer: extremely stable employment, high compensation, high job fulfillment",AI综合评估 + O*NET/ILO/OECD锚点校准
GOV-0502-FI-general,公共管理与公务员,GOV,国际组织,国际组织项目官员,International Organization Program Officer,2422,11-9199.00,北欧,芬兰,FI,country,general,硕士,26-34,global,7.2,7.9,5.3,8.2,3.6,2.5,4.3,4.3,8.3,6.8,8.4,7.8,7.8,6.6,5.8,7.1,5.8,1.1,6.8,8.1,5.6,6.3,6.4,8.1,2.7,9.1,5.8,8.2,1.8,7.2,2.5,1.9,10.0,6.9,1,1,→,2032-2038,6.16,芬兰国际组织项目官员：就业稳定，薪资回报高，职业成就感高,"Finland International Organization Program Officer: stable employment, high compensation, high job fulfillment",AI综合评估 + O*NET/ILO/OECD锚点校准
GOV-0502-IT-general,公共管理与公务员,GOV,国际组织,国际组织项目官员,International Organization Program Officer,2422,11-9199.00,南欧,意大利,IT,country,general,硕士,26-34,global,6.8,8.0,5.0,7.9,4.0,2.5,4.5,4.3,7.7,6.3,7.3,7.5,6.8,5.6,5.2,7.3,5.7,1.4,6.5,8.3,5.2,6.4,5.3,8.0,2.7,7.8,5.4,8.1,1.9,7.7,2.1,1.2,9.6,6.8,1,1,→,2032-2038,5.86,意大利国际组织项目官员：薪资回报高，职业成就感高,"Italy International Organization Program Officer: high compensation, high job fulfillment",AI综合评估 + O*NET/ILO/OECD锚点校准
GOV-0502-ES-general,公共管理与公务员,GOV,国际组织,国际组织项目官员,International Organization Program Officer,2422,11-9199.00,南欧,西班牙,ES,country,general,硕士,26-34,global,7.3,8.1,5.1,7.8,3.6,2.4,5.1,5.0,7.7,6.0,7.3,7.6,7.4,6.0,5.1,7.2,5.5,1.5,6.4,8.3,4.9,6.3,5.3,8.3,2.4,7.8,5.4,8.0,1.9,7.7,2.7,1.4,9.7,7.1,1,1,→,2032-2038,5.85,西班牙国际组织项目官员：薪资回报高，职业成就感高,"Spain International Organization Program Officer: high compensation, high job fulfillment",AI综合评估 + O*NET/ILO/OECD锚点校准
GOV-0502-PT-general,公共管理与公务员,GOV,国际组织,国际组织项目官员,International Organization Program Officer,2422,11-9199.00,南欧,葡萄牙,PT,country,general,硕士,26-34,global,6.8,7.8,5.0,7.5,3.2,2.1,4.4,4.3,7.3,5.8,7.8,7.6,7.1,5.6,5.5,6.9,5.5,1.4,6.3,7.7,5.2,6.3,5.4,8.4,2.8,8.0,5.6,8.0,2.1,7.9,2.1,1.5,9.9,7.0,1,1,→,2032-2038,5.79,葡萄牙国际组织项目官员：就业稳定，职业成就感高,"Portugal International Organization Program Officer: stable employment, high job fulfillment",AI综合评估 + O*NET/ILO/OECD锚点校准
GOV-0502-PL-general,公共管理与公务员,GOV,国际组织,国际组织项目官员,International Organization Program Officer,2422,11-9199.00,东欧,波兰,PL,country,general,硕士,26-34,global,6.9,8.2,5.1,7.4,3.7,2.3,4.3,4.2,7.5,5.8,7.1,7.5,7.4,5.8,5.1,7.2,5.5,1.4,6.3,7.7,5.2,6.0,5.3,8.1,2.7,8.1,5.4,8.0,2.2,7.4,2.3,1.7,10.0,7.3,1,1,→,2032-2038,5.76,波兰国际组织项目官员：薪资回报高，职业成就感高,"Poland International Organization Program Officer: high compensation, high job fulfillment",AI综合评估 + O*NET/ILO/OECD锚点校准
GOV-0502-CZ-general,公共管理与公务员,GOV,国际组织,国际组织项目官员,International Organization Program Officer,2422,11-9199.00,东欧,捷克,CZ,country,general,硕士,26-34,global,7.2,8.0,4.9,7.6,3.2,2.0,4.4,4.6,7.7,6.4,7.8,7.5,7.5,6.1,5.3,7.0,5.9,1.4,6.8,8.2,5.1,6.0,5.4,8.3,2.4,7.8,5.9,7.7,2.0,7.3,2.2,1.5,9.7,7.0,1,1,→,2032-2038,5.88,捷克国际组织项目官员：就业稳定，薪资回报高，职业成就感高,"Czech Republic International Organization Program Officer: stable employment, high compensation, high job fulfillment",AI综合评估 + O*NET/ILO/OECD锚点校准
GOV-0502-RU-general,公共管理与公务员,GOV,国际组织,国际组织项目官员,International Organization Program Officer,2422,11-9199.00,东欧,俄罗斯,RU,country,general,硕士,26-34,global,7.1,8.0,5.6,7.6,3.8,3.0,4.0,4.6,6.9,5.6,6.6,7.5,6.9,5.5,4.6,7.0,5.5,1.6,6.5,7.7,5.0,5.9,4.9,7.6,2.7,7.6,5.3,8.0,1.8,7.5,2.2,1.1,8.7,6.9,1,2,↑,2032-2038,5.62,俄罗斯国际组织项目官员：发展平稳,Russia International Organization Program Officer: steady development,AI综合评估 + O*NET/ILO/OECD锚点校准
GOV-0502-US-general,公共管理与公务员,GOV,国际组织,国际组织项目官员,International Organization Program Officer,2422,11-9199.00,北美,美国,US,country,general,硕士,26-34,global,7.0,8.2,5.0,7.9,3.1,1.7,4.9,4.8,8.8,6.6,7.6,7.6,6.8,5.4,4.7,7.3,5.7,1.4,6.6,8.3,5.2,6.0,4.8,8.2,2.8,8.6,5.8,7.7,2.1,7.3,2.2,1.6,9.9,6.7,1,1,→,2032-2038,5.93,美国国际组织项目官员：就业稳定，薪资回报高，职业成就感高,"United States International Organization Program Officer: stable employment, high compensation, high job fulfillment",AI综合评估 + O*NET/ILO/OECD锚点校准
GOV-0502-CA-general,公共管理与公务员,GOV,国际组织,国际组织项目官员,International Organization Program Officer,2422,11-9199.00,北美,加拿大,CA,country,general,硕士,26-34,global,7.0,8.0,5.0,7.6,3.7,1.9,4.6,4.2,8.6,6.7,8.0,7.7,7.2,6.1,5.4,7.3,5.6,1.1,6.9,8.4,5.0,6.2,5.4,8.1,2.5,8.6,5.9,8.1,1.8,7.4,2.4,1.7,10.0,6.9,1,1,→,2032-2038,6.03,加拿大国际组织项目官员：就业稳定，薪资回报高，职业成就感高,"Canada International Organization Program Officer: stable employment, high compensation, high job fulfillment",AI综合评估 + O*NET/ILO/OECD锚点校准
GOV-0502-MX-general,公共管理与公务员,GOV,国际组织,国际组织项目官员,International Organization Program Officer,2422,11-9199.00,北美,墨西哥,MX,country,general,硕士,26-34,global,7.2,8.1,4.7,7.4,3.3,2.3,4.4,4.2,6.8,5.6,6.3,7.5,6.8,5.4,4.7,7.2,5.2,1.7,6.8,7.5,5.0,5.9,4.9,7.6,2.4,7.3,5.3,8.2,1.8,7.0,2.6,1.4,9.5,7.2,1,1,→,2032-2038,5.55,墨西哥国际组织项目官员：发展平稳,Mexico International Organization Program Officer: steady development,AI综合评估 + O*NET/ILO/OECD锚点校准
GOV-0502-BR-general,公共管理与公务员,GOV,国际组织,国际组织项目官员,International Organization Program Officer,2422,11-9199.00,南美,巴西,BR,country,general,硕士,26-34,global,6.7,7.9,5.0,7.3,3.7,2.7,4.6,4.8,7.7,6.0,6.7,7.6,6.9,5.4,5.2,7.0,5.5,1.6,6.6,8.6,4.8,5.5,5.0,7.7,2.6,7.7,5.3,7.8,2.0,7.8,2.7,1.6,9.0,6.8,1,2,↑,2032-2038,5.73,巴西国际组织项目官员：薪资回报高,Brazil International Organization Program Officer: high compensation,AI综合评估 + O*NET/ILO/OECD锚点校准
GOV-0502-AR-general,公共管理与公务员,GOV,国际组织,国际组织项目官员,International Organization Program Officer,2422,11-9199.00,南美,阿根廷,AR,country,general,硕士,26-34,global,7.1,8.1,5.3,7.4,3.7,2.4,3.9,4.0,6.8,5.6,6.2,7.4,6.7,5.2,5.1,7.3,5.7,1.7,6.3,7.4,5.1,6.0,4.8,7.7,2.3,7.3,5.1,8.3,2.1,7.1,2.5,1.2,9.4,7.2,0,2,↑,2032-2038,5.54,阿根廷国际组织项目官员：发展平稳,Argentina International Organization Program Officer: steady development,AI综合评估 + O*NET/ILO/OECD锚点校准
GOV-0502-CL-general,公共管理与公务员,GOV,国际组织,国际组织项目官员,International Organization Program Officer,2422,11-9199.00,南美,智利,CL,country,general,硕士,26-34,global,7.1,7.8,4.8,7.7,3.3,1.7,4.2,4.6,7.5,6.0,7.6,7.5,6.7,5.6,5.1,7.3,5.4,1.3,6.8,7.7,5.2,6.0,4.8,8.0,2.4,7.3,5.7,8.1,2.2,7.5,2.5,1.6,9.4,7.1,1,1,→,2032-2038,5.74,智利国际组织项目官员：就业稳定，薪资回报高，职业成就感高,"Chile International Organization Program Officer: stable employment, high compensation, high job fulfillment",AI综合评估 + O*NET/ILO/OECD锚点校准
GOV-0502-CO-general,公共管理与公务员,GOV,国际组织,国际组织项目官员,International Organization Program Officer,2422,11-9199.00,南美,哥伦比亚,CO,country,general,硕士,26-34,global,7.0,8.1,4.8,7.4,3.7,2.0,4.2,4.6,6.5,5.8,6.5,7.3,7.2,5.5,5.1,6.7,5.6,1.6,6.6,7.6,5.1,6.0,5.0,7.8,2.2,7.1,5.2,8.1,1.7,7.2,2.6,1.6,9.3,7.2,1,1,→,2032-2038,5.58,哥伦比亚国际组织项目官员：发展平稳,Colombia International Organization Program Officer: steady development,AI综合评估 + O*NET/ILO/OECD锚点校准
GOV-0502-AU-general,公共管理与公务员,GOV,国际组织,国际组织项目官员,International Organization Program Officer,2422,11-9199.00,大洋洲,澳大利亚,AU,country,general,硕士,26-34,global,7.1,8.2,5.4,8.1,3.3,1.8,4.3,4.3,8.6,7.0,8.2,7.6,7.3,6.1,5.7,7.3,5.6,1.3,6.6,8.4,5.4,6.4,6.1,8.1,2.8,8.7,5.8,8.0,1.8,7.2,2.6,1.9,10.0,6.8,1,1,→,2032-2038,6.08,澳大利亚国际组织项目官员：就业稳定，薪资回报高，职业成就感高,"Australia International Organization Program Officer: stable employment, high compensation, high job fulfillment",AI综合评估 + O*NET/ILO/OECD锚点校准
GOV-0502-NZ-general,公共管理与公务员,GOV,国际组织,国际组织项目官员,International Organization Program Officer,2422,11-9199.00,大洋洲,新西兰,NZ,country,general,硕士,26-34,global,6.9,8.1,4.7,8.2,2.9,1.9,4.5,4.6,8.2,6.6,8.1,7.7,7.2,6.3,5.5,7.4,5.7,1.0,6.5,7.9,5.0,6.9,6.0,8.3,2.7,8.8,5.6,8.3,2.1,7.0,2.6,1.4,9.6,7.0,1,1,→,2032-2038,6.02,新西兰国际组织项目官员：就业稳定，薪资回报高，职业成就感高,"New Zealand International Organization Program Officer: stable employment, high compensation, high job fulfillment",AI综合评估 + O*NET/ILO/OECD锚点校准
GOV-0502-ZA-general,公共管理与公务员,GOV,国际组织,国际组织项目官员,International Organization Program Officer,2422,11-9199.00,非洲,南非,ZA,country,general,硕士,26-34,global,6.7,8.2,5.1,7.4,3.4,2.1,4.1,4.4,7.3,6.1,6.6,7.4,7.1,5.3,4.7,6.8,5.3,1.6,6.6,7.8,4.9,5.7,5.0,8.0,2.5,7.6,5.7,7.9,2.0,7.2,2.4,1.1,9.2,7.1,1,1,→,2032-2038,5.62,南非国际组织项目官员：职业成就感高,South Africa International Organization Program Officer: high job fulfillment,AI综合评估 + O*NET/ILO/OECD锚点校准
GOV-0502-NG-general,公共管理与公务员,GOV,国际组织,国际组织项目官员,International Organization Program Officer,2422,11-9199.00,非洲,尼日利亚,NG,country,general,硕士,26-34,global,7.1,7.5,5.3,7.2,3.8,2.4,3.9,4.0,6.3,5.4,6.1,7.2,6.5,5.2,4.4,7.0,5.2,1.9,6.6,7.2,4.9,5.3,4.2,7.8,2.6,6.6,5.5,7.7,2.3,7.1,2.4,1.3,9.0,7.0,0,1,→,2032-2038,5.4,尼日利亚国际组织项目官员：发展平稳,Nigeria International Organization Program Officer: steady development,AI综合评估 + O*NET/ILO/OECD锚点校准
GOV-0502-KE-general,公共管理与公务员,GOV,国际组织,国际组织项目官员,International Organization Program Officer,2422,11-9199.00,非洲,肯尼亚,KE,country,general,硕士,26-34,global,7.1,7.8,4.9,7.3,3.5,2.0,4.0,4.1,6.5,5.5,6.3,7.4,6.9,5.3,4.6,6.8,5.3,2.0,6.4,7.4,5.0,5.9,4.6,8.1,2.4,7.2,5.2,8.2,1.7,7.3,2.3,1.2,9.2,7.1,0,1,→,2032-2038,5.46,肯尼亚国际组织项目官员：职业成就感高,Kenya International Organization Program Officer: high job fulfillment,AI综合评估 + O*NET/ILO/OECD锚点校准
GOV-0502-EG-general,公共管理与公务员,GOV,国际组织,国际组织项目官员,International Organization Program Officer,2422,11-9199.00,非洲,埃及,EG,country,general,硕士,26-34,global,7.0,8.0,5.1,7.1,4.4,2.6,4.4,4.6,6.5,5.8,6.6,7.6,7.1,5.2,4.7,7.1,5.5,1.8,6.7,7.7,4.8,5.8,4.7,7.9,2.4,6.6,5.7,8.2,2.0,7.3,2.2,1.1,9.3,7.0,1,2,↑,2032-2038,5.61,埃及国际组织项目官员：发展平稳,Egypt International Organization Program Officer: steady development,AI综合评估 + O*NET/ILO/OECD锚点校准
GOV-0503-CN-general,公共管理与公务员,GOV,国际组织,国际发展顾问,International Development Advisor,2422,19-3094.00,东亚,中国,CN,country,general,硕士/博士,28-38,global,7.1,8.7,5.7,7.9,4.4,2.9,5.3,5.5,7.5,6.1,7.5,6.6,5.9,4.7,4.3,7.3,6.1,1.9,7.0,8.8,5.4,6.1,3.0,8.2,3.4,6.7,4.9,8.6,3.1,7.6,2.9,2.2,9.2,6.2,1,2,↑,2032-2038,5.8,中国国际发展顾问：就业稳定，薪资回报高，AI替代抗性强,"China International Development Advisor: stable employment, high compensation, strong AI resistance",AI综合评估 + O*NET/ILO/OECD锚点校准
GOV-0503-JP-general,公共管理与公务员,GOV,国际组织,国际发展顾问,International Development Advisor,2422,19-3094.00,东亚,日本,JP,country,general,硕士/博士,28-38,global,6.9,8.6,5.3,8.2,3.7,2.0,5.5,5.4,8.4,6.2,8.0,6.7,6.4,5.4,5.1,7.5,6.3,1.8,7.3,8.7,5.6,6.8,3.7,8.7,3.4,6.6,5.6,8.2,2.9,7.8,2.5,2.2,9.2,5.9,1,1,→,2032-2038,6.0,日本国际发展顾问：就业稳定，薪资回报高，AI替代抗性强,"Japan International Development Advisor: stable employment, high compensation, strong AI resistance",AI综合评估 + O*NET/ILO/OECD锚点校准
GOV-0503-KR-general,公共管理与公务员,GOV,国际组织,国际发展顾问,International Development Advisor,2422,19-3094.00,东亚,韩国,KR,country,general,硕士/博士,28-38,global,7.4,8.4,5.0,7.9,3.6,2.2,5.7,5.1,8.2,5.8,7.3,6.6,6.6,5.3,5.1,6.9,6.3,1.9,7.4,8.9,5.2,6.7,3.4,8.9,3.5,6.4,5.2,8.8,2.7,7.8,2.9,2.1,9.2,6.1,1,1,→,2032-2038,5.88,韩国国际发展顾问：薪资回报高，AI替代抗性强，职业成就感高,"South Korea International Development Advisor: high compensation, strong AI resistance, high job fulfillment",AI综合评估 + O*NET/ILO/OECD锚点校准
GOV-0503-TW-general,公共管理与公务员,GOV,国际组织,国际发展顾问,International Development Advisor,2422,19-3094.00,东亚,中国台湾地区,TW,region,general,硕士/博士,28-38,global,7.3,8.5,5.1,8.1,3.6,2.0,5.4,5.2,7.6,5.5,7.0,6.6,6.6,5.0,5.0,6.9,5.8,1.7,6.9,8.8,5.4,6.4,4.1,8.8,3.7,7.3,5.2,8.4,2.9,7.5,2.8,2.0,9.4,5.8,1,1,→,2032-2038,5.82,中国台湾地区国际发展顾问：薪资回报高，职业成就感高,"Taiwan (China) International Development Advisor: high compensation, high job fulfillment",AI综合评估 + O*NET/ILO/OECD锚点校准
GOV-0503-HK-general,公共管理与公务员,GOV,国际组织,国际发展顾问,International Development Advisor,2422,19-3094.00,东亚,中国香港地区,HK,region,general,硕士/博士,28-38,global,7.1,8.3,5.2,7.5,3.2,1.5,5.4,4.9,8.7,6.0,7.4,6.5,6.4,5.4,4.9,6.9,5.9,1.8,7.0,8.2,5.4,6.8,3.8,8.6,3.5,7.1,5.5,8.2,3.0,7.3,2.8,2.1,10.0,6.0,1,1,→,2032-2038,5.87,中国香港地区国际发展顾问：薪资回报高，AI替代抗性强，职业成就感高,"Hong Kong (China) International Development Advisor: high compensation, strong AI resistance, high job fulfillment",AI综合评估 + O*NET/ILO/OECD锚点校准
GOV-0503-SG-general,公共管理与公务员,GOV,国际组织,国际发展顾问,International Development Advisor,2422,19-3094.00,东南亚,新加坡,SG,country,general,硕士/博士,28-38,global,7.2,8.4,5.3,8.1,3.1,1.2,5.4,5.0,9.4,6.6,8.2,6.8,6.5,5.5,4.9,7.1,6.2,1.4,6.9,8.8,5.5,6.6,3.5,8.8,3.7,7.4,5.6,8.4,3.3,6.9,3.0,2.5,10.0,5.9,1,0,→,2032-2038,6.06,新加坡国际发展顾问：就业稳定，薪资回报高，职业成就感高,"Singapore International Development Advisor: stable employment, high compensation, high job fulfillment",AI综合评估 + O*NET/ILO/OECD锚点校准
GOV-0503-TH-general,公共管理与公务员,GOV,国际组织,国际发展顾问,International Development Advisor,2422,19-3094.00,东南亚,泰国,TH,country,general,硕士/博士,28-38,global,6.8,7.9,5.2,7.2,4.0,2.4,4.6,4.6,6.8,5.1,6.5,6.4,6.2,5.5,5.3,7.3,5.8,2.1,6.7,7.9,5.6,6.1,4.2,8.2,3.5,7.4,5.2,8.2,2.7,6.7,3.1,1.7,8.9,6.0,1,1,→,2032-2038,5.64,泰国国际发展顾问：职业成就感高,Thailand International Development Advisor: high job fulfillment,AI综合评估 + O*NET/ILO/OECD锚点校准
GOV-0503-VN-general,公共管理与公务员,GOV,国际组织,国际发展顾问,International Development Advisor,2422,19-3094.00,东南亚,越南,VN,country,general,硕士/博士,28-38,global,6.7,8.0,5.3,7.6,4.2,3.0,4.8,5.1,6.7,5.3,7.1,6.5,6.5,5.0,4.8,7.1,6.1,2.3,6.7,8.1,5.6,6.4,3.9,8.1,3.3,6.9,5.1,8.4,2.8,7.0,2.7,2.0,8.8,6.0,1,2,↑,2032-2038,5.69,越南国际发展顾问：职业成就感高,Vietnam International Development Advisor: high job fulfillment,AI综合评估 + O*NET/ILO/OECD锚点校准
GOV-0503-ID-general,公共管理与公务员,GOV,国际组织,国际发展顾问,International Development Advisor,2422,19-3094.00,东南亚,印度尼西亚,ID,country,general,硕士/博士,28-38,global,6.9,8.0,5.0,7.3,3.6,2.5,4.8,4.7,6.7,5.3,6.4,6.4,6.6,5.3,4.9,6.9,5.7,2.0,6.9,8.0,5.6,6.1,3.9,8.1,3.3,7.1,5.3,8.7,2.8,6.8,2.9,1.9,9.2,6.4,1,1,→,2032-2038,5.62,印度尼西亚国际发展顾问：职业成就感高,Indonesia International Development Advisor: high job fulfillment,AI综合评估 + O*NET/ILO/OECD锚点校准
GOV-0503-MY-general,公共管理与公务员,GOV,国际组织,国际发展顾问,International Development Advisor,2422,19-3094.00,东南亚,马来西亚,MY,country,general,硕士/博士,28-38,global,6.7,8.1,5.3,7.6,3.9,2.2,5.3,5.1,7.3,5.7,6.7,6.6,6.2,5.5,4.6,7.1,6.3,2.1,6.7,8.1,5.3,6.3,4.0,8.7,3.7,6.7,5.3,8.8,2.8,7.1,2.8,1.8,9.3,6.3,1,1,→,2032-2038,5.76,马来西亚国际发展顾问：职业成就感高,Malaysia International Development Advisor: high job fulfillment,AI综合评估 + O*NET/ILO/OECD锚点校准
GOV-0503-PH-general,公共管理与公务员,GOV,国际组织,国际发展顾问,International Development Advisor,2422,19-3094.00,东南亚,菲律宾,PH,country,general,硕士/博士,28-38,global,6.8,7.9,4.9,7.4,3.8,2.3,5.1,5.0,7.0,5.3,6.0,6.4,6.2,5.2,4.6,7.0,6.0,2.4,7.1,7.5,5.5,6.3,4.0,8.4,3.7,7.2,5.2,8.7,3.2,6.8,3.3,1.8,9.6,6.0,1,1,→,2032-2038,5.64,菲律宾国际发展顾问：AI替代抗性强，职业成就感高,"Philippines International Development Advisor: strong AI resistance, high job fulfillment",AI综合评估 + O*NET/ILO/OECD锚点校准
GOV-0503-IN-general,公共管理与公务员,GOV,国际组织,国际发展顾问,International Development Advisor,2422,19-3094.00,南亚,印度,IN,country,general,硕士/博士,28-38,global,7.2,8.2,5.1,7.8,3.8,2.3,5.3,5.2,7.3,5.7,6.7,6.6,6.4,5.0,4.9,7.0,5.7,2.0,7.3,8.8,5.6,6.5,3.4,8.3,3.3,6.5,5.1,8.6,2.7,7.8,3.1,2.0,9.5,6.2,1,2,↑,2032-2038,5.74,印度国际发展顾问：AI替代抗性强，职业成就感高,"India International Development Advisor: strong AI resistance, high job fulfillment",AI综合评估 + O*NET/ILO/OECD锚点校准
GOV-0503-PK-general,公共管理与公务员,GOV,国际组织,国际发展顾问,International Development Advisor,2422,19-3094.00,南亚,巴基斯坦,PK,country,general,硕士/博士,28-38,global,6.7,7.9,5.0,7.2,3.7,2.6,5.3,5.3,6.6,4.9,5.8,6.5,6.5,5.0,4.8,6.7,5.9,2.4,6.6,8.0,5.2,6.2,3.2,8.3,3.2,5.9,5.5,8.7,3.1,6.8,3.2,1.9,8.7,6.1,1,1,→,2032-2038,5.51,巴基斯坦国际发展顾问：职业成就感高,Pakistan International Development Advisor: high job fulfillment,AI综合评估 + O*NET/ILO/OECD锚点校准
GOV-0503-BD-general,公共管理与公务员,GOV,国际组织,国际发展顾问,International Development Advisor,2422,19-3094.00,南亚,孟加拉国,BD,country,general,硕士/博士,28-38,global,6.8,8.2,5.0,7.4,3.7,2.2,5.3,4.8,6.2,5.1,6.1,6.5,6.2,4.6,4.8,7.0,5.9,2.4,6.6,8.0,5.4,6.2,3.6,8.3,3.3,6.1,5.4,8.4,2.8,7.0,2.9,1.6,8.8,6.0,1,1,→,2032-2038,5.49,孟加拉国国际发展顾问：职业成就感高,Bangladesh International Development Advisor: high job fulfillment,AI综合评估 + O*NET/ILO/OECD锚点校准
GOV-0503-AE-general,公共管理与公务员,GOV,国际组织,国际发展顾问,International Development Advisor,2422,19-3094.00,中亚/西亚,阿联酋,AE,country,general,硕士/博士,28-38,global,6.9,7.7,5.5,7.9,3.3,1.9,4.8,4.8,8.9,6.6,8.0,6.8,6.2,5.1,4.8,7.2,6.3,1.9,7.1,8.1,5.3,6.7,4.0,8.6,3.8,6.6,5.7,8.7,3.0,6.4,2.6,2.3,9.8,5.9,1,1,→,2032-2038,6.0,阿联酋国际发展顾问：就业稳定，薪资回报高，AI替代抗性强,"United Arab Emirates International Development Advisor: stable employment, high compensation, strong AI resistance",AI综合评估 + O*NET/ILO/OECD锚点校准
GOV-0503-IL-general,公共管理与公务员,GOV,国际组织,国际发展顾问,International Development Advisor,2422,19-3094.00,中亚/西亚,以色列,IL,country,general,硕士/博士,28-38,global,7.0,8.4,4.7,7.7,3.4,1.9,4.8,4.7,8.3,5.9,6.9,6.5,6.4,5.5,5.2,7.3,6.2,1.9,7.1,8.2,5.5,6.4,4.2,9.0,3.4,7.9,5.7,8.7,2.9,7.1,3.2,1.9,9.9,6.0,1,1,→,2032-2038,5.86,以色列国际发展顾问：薪资回报高，AI替代抗性强，职业成就感高,"Israel International Development Advisor: high compensation, strong AI resistance, high job fulfillment",AI综合评估 + O*NET/ILO/OECD锚点校准
GOV-0503-SA-general,公共管理与公务员,GOV,国际组织,国际发展顾问,International Development Advisor,2422,19-3094.00,中亚/西亚,沙特阿拉伯,SA,country,general,硕士/博士,28-38,global,6.9,7.7,5.5,7.7,4.3,3.0,4.5,4.5,8.2,6.0,6.9,6.5,6.5,4.9,4.9,7.0,5.8,2.0,7.0,7.6,5.3,6.4,3.4,8.3,3.4,6.3,5.3,8.7,3.0,6.7,2.6,1.9,9.4,5.9,1,2,↑,2032-2038,5.78,沙特阿拉伯国际发展顾问：薪资回报高，AI替代抗性强，职业成就感高,"Saudi Arabia International Development Advisor: high compensation, strong AI resistance, high job fulfillment",AI综合评估 + O*NET/ILO/OECD锚点校准
GOV-0503-TR-general,公共管理与公务员,GOV,国际组织,国际发展顾问,International Development Advisor,2422,19-3094.00,中亚/西亚,土耳其,TR,country,general,硕士/博士,28-38,global,6.7,7.8,4.9,7.1,4.1,2.6,5.2,5.3,6.7,5.2,6.3,6.4,6.4,4.9,5.1,7.3,5.9,2.3,6.8,7.8,5.2,6.1,3.6,8.2,3.6,6.5,5.5,8.2,2.9,7.4,2.9,2.0,9.2,6.2,1,1,→,2032-2038,5.61,土耳其国际发展顾问：职业成就感高,Turkey International Development Advisor: high job fulfillment,AI综合评估 + O*NET/ILO/OECD锚点校准
GOV-0503-GB-general,公共管理与公务员,GOV,国际组织,国际发展顾问,International Development Advisor,2422,19-3094.00,西欧,英国,GB,country,general,硕士/博士,28-38,global,7.3,8.1,5.1,7.6,3.3,2.0,4.8,5.3,8.2,6.1,7.1,6.6,6.7,6.1,5.4,6.9,6.5,1.8,7.3,7.9,5.9,7.0,4.8,8.9,3.6,7.7,5.4,8.7,3.2,6.9,3.0,2.5,10.0,6.1,1,1,→,2032-2038,6.0,英国国际发展顾问：薪资回报高，AI替代抗性强，职业成就感高,"United Kingdom International Development Advisor: high compensation, strong AI resistance, high job fulfillment",AI综合评估 + O*NET/ILO/OECD锚点校准
GOV-0503-FR-general,公共管理与公务员,GOV,国际组织,国际发展顾问,International Development Advisor,2422,19-3094.00,西欧,法国,FR,country,general,硕士/博士,28-38,global,7.1,8.3,5.7,8.1,4.2,2.7,5.3,5.3,8.1,5.9,7.7,6.7,7.0,6.5,5.7,7.0,6.2,1.7,7.4,8.6,5.7,7.0,5.0,8.7,3.6,7.4,5.5,8.4,3.0,7.2,3.1,2.0,10.0,6.3,1,2,↑,2032-2038,6.13,法国国际发展顾问：就业稳定，薪资回报高，AI替代抗性强,"France International Development Advisor: stable employment, high compensation, strong AI resistance",AI综合评估 + O*NET/ILO/OECD锚点校准
GOV-0503-DE-general,公共管理与公务员,GOV,国际组织,国际发展顾问,International Development Advisor,2422,19-3094.00,西欧,德国,DE,country,general,硕士/博士,28-38,global,7.0,8.3,5.3,8.1,3.3,2.3,5.2,5.3,8.5,6.1,7.8,6.7,7.0,6.6,5.8,7.0,6.4,1.6,7.1,8.7,5.7,7.2,4.7,8.8,3.5,7.8,6.1,8.6,2.8,6.9,2.9,1.9,9.7,6.3,1,1,→,2032-2038,6.14,德国国际发展顾问：就业稳定，薪资回报高，AI替代抗性强,"Germany International Development Advisor: stable employment, high compensation, strong AI resistance",AI综合评估 + O*NET/ILO/OECD锚点校准
GOV-0503-NL-general,公共管理与公务员,GOV,国际组织,国际发展顾问,International Development Advisor,2422,19-3094.00,西欧,荷兰,NL,country,general,硕士/博士,28-38,global,6.9,8.0,4.9,8.0,3.7,1.7,4.8,5.1,8.7,6.1,7.6,6.7,6.9,6.6,6.0,7.3,6.4,1.6,6.9,8.0,5.8,7.1,5.3,9.0,3.8,8.5,6.1,8.7,2.7,6.8,2.7,1.9,10.0,6.1,1,1,→,2032-2038,6.16,荷兰国际发展顾问：就业稳定，薪资回报高，职业成就感高,"Netherlands International Development Advisor: stable employment, high compensation, high job fulfillment",AI综合评估 + O*NET/ILO/OECD锚点校准
GOV-0503-CH-general,公共管理与公务员,GOV,国际组织,国际发展顾问,International Development Advisor,2422,19-3094.00,西欧,瑞士,CH,country,general,硕士/博士,28-38,global,7.4,8.1,5.2,8.4,3.2,1.6,5.1,5.2,9.3,6.4,8.0,6.7,7.3,6.6,5.7,7.1,6.2,1.5,7.0,7.9,5.7,7.1,4.8,9.1,3.9,7.6,5.9,8.8,3.0,6.7,2.4,2.0,10.0,6.0,1,0,→,2032-2038,6.19,瑞士国际发展顾问：就业稳定，薪资回报高，AI替代抗性强,"Switzerland International Development Advisor: stable employment, high compensation, strong AI resistance",AI综合评估 + O*NET/ILO/OECD锚点校准
GOV-0503-SE-general,公共管理与公务员,GOV,国际组织,国际发展顾问,International Development Advisor,2422,19-3094.00,北欧,瑞典,SE,country,general,硕士/博士,28-38,global,7.2,8.0,5.4,7.9,4.0,2.3,4.8,5.2,8.5,6.3,7.7,6.7,7.2,6.6,5.9,7.2,6.0,1.6,6.9,7.9,5.7,6.8,5.3,8.9,3.7,8.5,6.0,8.5,3.3,6.7,3.0,1.9,10.0,6.2,1,1,→,2032-2038,6.14,瑞典国际发展顾问：就业稳定，薪资回报高，职业成就感高,"Sweden International Development Advisor: stable employment, high compensation, high job fulfillment",AI综合评估 + O*NET/ILO/OECD锚点校准
GOV-0503-DK-general,公共管理与公务员,GOV,国际组织,国际发展顾问,International Development Advisor,2422,19-3094.00,北欧,丹麦,DK,country,general,硕士/博士,28-38,global,7.3,7.8,5.6,8.1,3.7,2.3,4.8,4.7,8.5,6.3,8.2,6.8,6.9,6.4,5.6,7.5,6.1,1.8,7.0,7.9,5.9,7.2,5.1,8.9,3.8,8.6,5.8,8.5,3.1,6.7,2.6,2.6,9.9,6.2,1,1,→,2032-2038,6.17,丹麦国际发展顾问：就业稳定，薪资回报高，AI替代抗性强,"Denmark International Development Advisor: stable employment, high compensation, strong AI resistance",AI综合评估 + O*NET/ILO/OECD锚点校准
GOV-0503-FI-general,公共管理与公务员,GOV,国际组织,国际发展顾问,International Development Advisor,2422,19-3094.00,北欧,芬兰,FI,country,general,硕士/博士,28-38,global,6.9,8.4,5.1,7.9,3.9,2.3,4.9,4.9,8.2,5.9,7.7,6.7,7.4,6.5,5.7,7.0,6.3,1.6,7.3,8.3,6.2,7.1,5.2,9.1,3.7,8.6,5.9,8.5,3.1,6.9,3.0,2.3,10.0,6.0,1,1,→,2032-2038,6.15,芬兰国际发展顾问：就业稳定，薪资回报高，AI替代抗性强,"Finland International Development Advisor: stable employment, high compensation, strong AI resistance",AI综合评估 + O*NET/ILO/OECD锚点校准
GOV-0503-IT-general,公共管理与公务员,GOV,国际组织,国际发展顾问,International Development Advisor,2422,19-3094.00,南欧,意大利,IT,country,general,硕士/博士,28-38,global,6.8,8.1,5.3,7.5,3.5,2.7,4.9,5.1,7.5,5.7,7.0,6.6,6.8,5.9,5.3,6.9,5.8,1.8,6.8,8.5,5.3,6.3,4.1,8.5,3.5,7.0,5.6,8.4,2.9,7.3,2.6,2.2,9.4,6.0,1,1,→,2032-2038,5.83,意大利国际发展顾问：薪资回报高，职业成就感高,"Italy International Development Advisor: high compensation, high job fulfillment",AI综合评估 + O*NET/ILO/OECD锚点校准
GOV-0503-ES-general,公共管理与公务员,GOV,国际组织,国际发展顾问,International Development Advisor,2422,19-3094.00,南欧,西班牙,ES,country,general,硕士/博士,28-38,global,7.0,8.1,5.1,8.0,3.5,2.3,5.2,5.5,7.7,5.6,7.0,6.5,6.9,5.9,5.3,7.1,6.1,2.1,6.9,8.4,5.4,6.7,4.5,8.4,3.3,7.6,5.8,8.4,2.8,7.2,2.9,1.9,9.4,5.8,1,1,→,2032-2038,5.89,西班牙国际发展顾问：薪资回报高，职业成就感高,"Spain International Development Advisor: high compensation, high job fulfillment",AI综合评估 + O*NET/ILO/OECD锚点校准
GOV-0503-PT-general,公共管理与公务员,GOV,国际组织,国际发展顾问,International Development Advisor,2422,19-3094.00,南欧,葡萄牙,PT,country,general,硕士/博士,28-38,global,6.8,8.3,4.9,7.8,3.3,1.8,5.1,5.2,7.5,5.4,7.1,6.5,6.7,6.1,5.0,7.2,6.1,1.7,6.9,8.0,5.3,6.5,4.5,8.5,3.9,7.4,5.8,8.3,3.0,6.8,2.9,2.1,9.9,6.3,1,1,→,2032-2038,5.85,葡萄牙国际发展顾问：薪资回报高，职业成就感高,"Portugal International Development Advisor: high compensation, high job fulfillment",AI综合评估 + O*NET/ILO/OECD锚点校准
GOV-0503-PL-general,公共管理与公务员,GOV,国际组织,国际发展顾问,International Development Advisor,2422,19-3094.00,东欧,波兰,PL,country,general,硕士/博士,28-38,global,7.2,8.3,5.0,7.7,3.5,2.1,4.7,5.0,7.2,5.6,7.0,6.6,6.8,5.8,5.4,7.1,6.2,2.0,6.9,7.7,5.4,6.5,4.3,8.3,3.4,7.4,5.5,8.6,2.8,7.2,3.1,2.3,10.0,6.2,1,1,→,2032-2038,5.78,波兰国际发展顾问：职业成就感高,Poland International Development Advisor: high job fulfillment,AI综合评估 + O*NET/ILO/OECD锚点校准
GOV-0503-CZ-general,公共管理与公务员,GOV,国际组织,国际发展顾问,International Development Advisor,2422,19-3094.00,东欧,捷克,CZ,country,general,硕士/博士,28-38,global,7.2,8.2,4.7,7.9,3.2,1.8,4.7,5.1,7.8,6.0,7.5,6.7,6.7,6.1,5.2,6.8,6.4,1.9,7.2,8.0,5.6,6.9,4.6,8.8,3.4,7.2,5.9,8.4,3.0,7.0,2.6,2.0,9.6,5.8,1,1,→,2032-2038,5.91,捷克国际发展顾问：就业稳定，薪资回报高，AI替代抗性强,"Czech Republic International Development Advisor: stable employment, high compensation, strong AI resistance",AI综合评估 + O*NET/ILO/OECD锚点校准
GOV-0503-RU-general,公共管理与公务员,GOV,国际组织,国际发展顾问,International Development Advisor,2422,19-3094.00,东欧,俄罗斯,RU,country,general,硕士/博士,28-38,global,7.2,8.0,5.6,7.6,4.4,3.1,4.6,4.9,6.7,5.6,6.3,6.6,6.6,5.2,4.9,6.9,6.0,2.2,6.9,7.5,5.1,6.1,4.1,8.3,3.5,7.1,5.3,8.6,3.2,7.0,2.9,1.6,9.2,5.9,1,2,↑,2032-2038,5.67,俄罗斯国际发展顾问：职业成就感高,Russia International Development Advisor: high job fulfillment,AI综合评估 + O*NET/ILO/OECD锚点校准
GOV-0503-US-general,公共管理与公务员,GOV,国际组织,国际发展顾问,International Development Advisor,2422,19-3094.00,北美,美国,US,country,general,硕士/博士,28-38,global,7.0,8.4,4.7,7.8,3.0,1.4,5.1,5.1,8.7,5.9,7.2,6.5,6.5,5.7,4.8,7.4,6.2,1.6,7.1,8.2,5.2,6.6,4.1,8.6,3.9,7.6,5.7,8.3,3.0,6.7,2.9,2.1,10.0,6.2,1,1,→,2032-2038,5.91,美国国际发展顾问：薪资回报高，AI替代抗性强，职业成就感高,"United States International Development Advisor: high compensation, strong AI resistance, high job fulfillment",AI综合评估 + O*NET/ILO/OECD锚点校准
GOV-0503-CA-general,公共管理与公务员,GOV,国际组织,国际发展顾问,International Development Advisor,2422,19-3094.00,北美,加拿大,CA,country,general,硕士/博士,28-38,global,7.2,7.9,5.2,7.7,3.7,1.7,5.2,5.0,8.6,6.2,7.4,6.7,6.6,6.3,5.4,7.1,6.1,1.7,6.9,8.3,5.4,6.8,4.9,9.1,3.3,8.1,5.4,8.3,3.1,7.0,2.6,2.4,10.0,5.9,1,1,→,2032-2038,6.05,加拿大国际发展顾问：薪资回报高，职业成就感高,"Canada International Development Advisor: high compensation, high job fulfillment",AI综合评估 + O*NET/ILO/OECD锚点校准
GOV-0503-MX-general,公共管理与公务员,GOV,国际组织,国际发展顾问,International Development Advisor,2422,19-3094.00,北美,墨西哥,MX,country,general,硕士/博士,28-38,global,7.0,8.0,5.1,7.3,3.8,2.4,4.4,5.1,6.5,4.9,5.9,6.5,6.1,5.5,5.0,6.7,6.1,2.1,7.1,7.5,5.7,6.0,3.9,8.5,3.1,7.0,5.7,8.5,3.1,6.5,2.9,1.9,8.9,6.1,1,1,→,2032-2038,5.59,墨西哥国际发展顾问：AI替代抗性强，职业成就感高,"Mexico International Development Advisor: strong AI resistance, high job fulfillment",AI综合评估 + O*NET/ILO/OECD锚点校准
GOV-0503-BR-general,公共管理与公务员,GOV,国际组织,国际发展顾问,International Development Advisor,2422,19-3094.00,南美,巴西,BR,country,general,硕士/博士,28-38,global,6.9,8.2,5.5,7.9,4.0,2.4,5.2,4.9,7.7,5.4,6.5,6.5,6.8,5.4,4.9,6.8,5.9,2.1,7.1,8.2,5.3,6.3,3.8,8.0,3.1,7.0,5.7,8.5,3.0,7.1,2.8,1.7,9.1,6.3,1,2,↑,2032-2038,5.74,巴西国际发展顾问：薪资回报高，AI替代抗性强，职业成就感高,"Brazil International Development Advisor: high compensation, strong AI resistance, high job fulfillment",AI综合评估 + O*NET/ILO/OECD锚点校准
GOV-0503-AR-general,公共管理与公务员,GOV,国际组织,国际发展顾问,International Development Advisor,2422,19-3094.00,南美,阿根廷,AR,country,general,硕士/博士,28-38,global,7.1,7.6,5.0,7.4,4.0,2.5,4.8,4.8,6.9,4.8,5.9,6.4,6.2,5.6,5.1,7.2,6.0,1.9,7.1,7.3,5.2,6.2,3.9,8.3,3.5,6.8,5.5,8.4,3.3,7.0,3.1,2.1,9.2,6.0,0,2,↑,2032-2038,5.63,阿根廷国际发展顾问：AI替代抗性强，职业成就感高,"Argentina International Development Advisor: strong AI resistance, high job fulfillment",AI综合评估 + O*NET/ILO/OECD锚点校准
GOV-0503-CL-general,公共管理与公务员,GOV,国际组织,国际发展顾问,International Development Advisor,2422,19-3094.00,南美,智利,CL,country,general,硕士/博士,28-38,global,7.2,8.0,4.7,7.4,3.3,1.7,4.6,4.9,7.1,5.9,7.1,6.6,6.5,5.7,4.9,7.2,5.8,2.1,7.2,8.1,5.4,7.0,3.8,8.5,3.7,6.7,5.4,8.6,3.1,6.7,3.1,2.3,9.7,5.9,1,1,→,2032-2038,5.75,智利国际发展顾问：AI替代抗性强，职业成就感高,"Chile International Development Advisor: strong AI resistance, high job fulfillment",AI综合评估 + O*NET/ILO/OECD锚点校准
GOV-0503-CO-general,公共管理与公务员,GOV,国际组织,国际发展顾问,International Development Advisor,2422,19-3094.00,南美,哥伦比亚,CO,country,general,硕士/博士,28-38,global,6.8,7.7,5.1,7.1,3.9,2.3,5.1,5.1,6.8,5.0,5.8,6.5,6.7,5.4,5.2,7.1,6.1,2.0,7.1,7.8,5.4,6.2,3.7,8.5,3.5,6.9,5.6,8.3,3.0,6.8,3.2,1.9,9.0,6.3,1,1,→,2032-2038,5.66,哥伦比亚国际发展顾问：AI替代抗性强，职业成就感高,"Colombia International Development Advisor: strong AI resistance, high job fulfillment",AI综合评估 + O*NET/ILO/OECD锚点校准
GOV-0503-AU-general,公共管理与公务员,GOV,国际组织,国际发展顾问,International Development Advisor,2422,19-3094.00,大洋洲,澳大利亚,AU,country,general,硕士/博士,28-38,global,7.2,8.2,5.3,8.1,3.5,1.7,4.9,5.0,9.0,6.1,7.2,6.6,6.8,6.0,5.6,7.3,6.1,1.5,6.9,8.1,5.9,7.2,5.0,9.0,3.9,8.4,5.9,8.2,3.0,7.0,3.0,2.2,9.7,6.0,1,1,→,2032-2038,6.09,澳大利亚国际发展顾问：薪资回报高，职业成就感高,"Australia International Development Advisor: high compensation, high job fulfillment",AI综合评估 + O*NET/ILO/OECD锚点校准
GOV-0503-NZ-general,公共管理与公务员,GOV,国际组织,国际发展顾问,International Development Advisor,2422,19-3094.00,大洋洲,新西兰,NZ,country,general,硕士/博士,28-38,global,7.0,8.1,5.0,8.2,3.4,1.9,5.1,4.7,8.2,6.2,7.6,6.7,7.0,6.4,5.7,7.2,6.4,1.8,7.2,8.0,5.7,6.9,4.8,9.1,3.6,8.4,5.6,8.5,2.8,6.8,2.5,2.0,9.7,6.1,1,1,→,2032-2038,6.08,新西兰国际发展顾问：就业稳定，薪资回报高，AI替代抗性强,"New Zealand International Development Advisor: stable employment, high compensation, strong AI resistance",AI综合评估 + O*NET/ILO/OECD锚点校准
GOV-0503-ZA-general,公共管理与公务员,GOV,国际组织,国际发展顾问,International Development Advisor,2422,19-3094.00,非洲,南非,ZA,country,general,硕士/博士,28-38,global,6.8,8.2,5.0,7.3,3.9,1.9,4.7,4.7,7.2,5.2,5.8,6.5,6.4,5.1,4.9,6.9,5.7,2.2,6.8,7.7,5.4,6.5,3.6,8.6,3.6,7.1,5.7,8.4,2.9,7.0,2.9,1.6,9.0,6.1,1,1,→,2032-2038,5.58,南非国际发展顾问：职业成就感高,South Africa International Development Advisor: high job fulfillment,AI综合评估 + O*NET/ILO/OECD锚点校准
GOV-0503-NG-general,公共管理与公务员,GOV,国际组织,国际发展顾问,International Development Advisor,2422,19-3094.00,非洲,尼日利亚,NG,country,general,硕士/博士,28-38,global,7.1,8.0,5.2,7.2,4.0,2.7,4.7,4.6,6.4,4.9,5.5,6.3,6.1,4.9,4.4,6.9,6.0,2.1,6.8,7.2,5.6,6.2,3.7,8.2,3.3,6.1,5.0,8.7,2.8,6.9,3.2,1.8,8.8,6.3,0,1,→,2032-2038,5.44,尼日利亚国际发展顾问：职业成就感高,Nigeria International Development Advisor: high job fulfillment,AI综合评估 + O*NET/ILO/OECD锚点校准
GOV-0503-KE-general,公共管理与公务员,GOV,国际组织,国际发展顾问,International Development Advisor,2422,19-3094.00,非洲,肯尼亚,KE,country,general,硕士/博士,28-38,global,7.0,7.5,4.9,7.4,3.6,2.4,4.6,4.6,6.8,5.1,5.7,6.4,6.0,4.8,4.8,7.1,5.6,2.0,6.9,7.7,5.4,6.4,3.8,8.2,3.1,6.8,5.5,8.7,3.1,6.4,3.1,1.7,9.1,5.7,0,1,→,2032-2038,5.55,肯尼亚国际发展顾问：职业成就感高,Kenya International Development Advisor: high job fulfillment,AI综合评估 + O*NET/ILO/OECD锚点校准
GOV-0503-EG-general,公共管理与公务员,GOV,国际组织,国际发展顾问,International Development Advisor,2422,19-3094.00,非洲,埃及,EG,country,general,硕士/博士,28-38,global,7.1,8.2,5.3,7.3,4.0,3.0,4.7,4.7,6.6,4.8,6.3,6.5,6.6,5.1,4.6,6.9,5.9,2.1,6.9,7.6,5.2,6.5,3.6,8.0,3.1,6.1,5.7,8.3,3.2,6.8,2.9,1.9,9.1,6.3,1,2,↑,2032-2038,5.54,埃及国际发展顾问：职业成就感高,Egypt International Development Advisor: high job fulfillment,AI综合评估 + O*NET/ILO/OECD锚点校准
GOV-0504-CN-general,公共管理与公务员,GOV,国际组织,翻译/口译(国际组织),International Organization Translator/Interpreter,2643,27-3091.00,东亚,中国,CN,country,general,硕士,25-32,global,6.9,8.0,4.8,7.5,3.7,3.4,5.2,5.6,7.2,6.2,7.6,9.2,5.8,4.6,5.1,5.4,4.7,1.6,4.9,8.3,5.5,4.9,4.1,6.7,3.6,7.0,5.2,8.3,0.9,8.5,1.7,3.5,8.8,6.4,-1,-1,→,2028-2033,5.64,中国翻译/口译(国际组织)：就业稳定，准入门槛高,"China International Organization Translator/Interpreter: stable employment, high entry barrier",AI综合评估 + O*NET/ILO/OECD锚点校准
GOV-0504-JP-general,公共管理与公务员,GOV,国际组织,翻译/口译(国际组织),International Organization Translator/Interpreter,2643,27-3091.00,东亚,日本,JP,country,general,硕士,25-32,global,7.1,7.6,4.6,7.6,3.3,2.0,4.7,5.3,7.9,6.4,8.1,9.2,6.2,5.1,5.5,5.8,5.3,1.3,4.7,8.0,5.3,4.9,4.5,6.9,3.5,7.1,5.6,8.0,0.7,8.6,1.7,3.4,8.6,6.3,-1,-2,↓,2028-2033,5.7,日本翻译/口译(国际组织)：就业稳定，薪资回报高，准入门槛高,"Japan International Organization Translator/Interpreter: stable employment, high compensation, high entry barrier",AI综合评估 + O*NET/ILO/OECD锚点校准
GOV-0504-KR-general,公共管理与公务员,GOV,国际组织,翻译/口译(国际组织),International Organization Translator/Interpreter,2643,27-3091.00,东亚,韩国,KR,country,general,硕士,25-32,global,6.9,7.9,4.0,7.2,3.2,2.3,5.1,5.4,7.7,6.2,7.9,9.1,6.5,4.9,5.2,5.7,5.1,1.4,4.7,7.9,5.2,4.8,4.6,7.3,3.6,6.7,5.3,8.2,0.8,8.9,2.1,3.4,8.8,6.2,-1,-2,↓,2028-2033,5.62,韩国翻译/口译(国际组织)：就业稳定，薪资回报高，准入门槛高,"South Korea International Organization Translator/Interpreter: stable employment, high compensation, high entry barrier",AI综合评估 + O*NET/ILO/OECD锚点校准
GOV-0504-TW-general,公共管理与公务员,GOV,国际组织,翻译/口译(国际组织),International Organization Translator/Interpreter,2643,27-3091.00,东亚,中国台湾地区,TW,region,general,硕士,25-32,global,6.8,7.9,4.0,7.2,3.1,1.8,5.1,5.1,7.3,6.0,7.7,9.1,6.3,5.1,5.4,5.8,5.2,1.4,4.4,8.3,5.5,5.1,4.7,7.0,3.6,7.0,5.2,7.9,0.7,8.5,1.8,3.8,9.0,6.4,-1,-2,↓,2026-2030,5.61,中国台湾地区翻译/口译(国际组织)：就业稳定，准入门槛高，近年需求下降,"Taiwan (China) International Organization Translator/Interpreter: stable employment, high entry barrier, declining demand",AI综合评估 + O*NET/ILO/OECD锚点校准
GOV-0504-HK-general,公共管理与公务员,GOV,国际组织,翻译/口译(国际组织),International Organization Translator/Interpreter,2643,27-3091.00,东亚,中国香港地区,HK,region,general,硕士,25-32,global,7.2,7.6,3.9,7.2,2.7,1.6,4.9,4.8,8.3,6.2,7.9,9.0,6.4,4.9,5.2,5.5,5.3,1.2,4.8,7.7,5.7,5.4,4.7,7.6,3.8,7.7,5.6,8.1,0.7,8.2,1.7,3.6,9.7,6.6,-1,-2,↓,2028-2033,5.71,中国香港地区翻译/口译(国际组织)：就业稳定，薪资回报高，准入门槛高,"Hong Kong (China) International Organization Translator/Interpreter: stable employment, high compensation, high entry barrier",AI综合评估 + O*NET/ILO/OECD锚点校准
GOV-0504-SG-general,公共管理与公务员,GOV,国际组织,翻译/口译(国际组织),International Organization Translator/Interpreter,2643,27-3091.00,东南亚,新加坡,SG,country,general,硕士,25-32,global,7.1,7.8,4.0,7.4,2.6,1.2,4.6,5.3,9.1,6.5,8.8,9.3,6.4,5.3,5.3,5.5,5.4,1.2,4.7,8.0,5.5,5.5,4.9,7.7,3.9,7.5,5.6,7.7,0.7,8.0,1.9,4.0,9.7,6.3,-1,-3,↓,2028-2033,5.84,新加坡翻译/口译(国际组织)：就业极其稳定，薪资回报高，准入门槛高,"Singapore International Organization Translator/Interpreter: extremely stable employment, high compensation, high entry barrier",AI综合评估 + O*NET/ILO/OECD锚点校准
GOV-0504-TH-general,公共管理与公务员,GOV,国际组织,翻译/口译(国际组织),International Organization Translator/Interpreter,2643,27-3091.00,东南亚,泰国,TH,country,general,硕士,25-32,global,7.0,7.3,4.3,7.2,3.5,2.2,4.5,4.9,6.3,5.3,7.0,9.1,6.3,5.6,5.2,5.3,5.1,1.8,4.6,7.1,5.8,5.0,5.1,6.6,3.3,7.2,5.6,8.2,1.2,7.6,2.0,3.7,8.4,6.6,-1,-2,↓,2028-2033,5.46,泰国翻译/口译(国际组织)：近年需求下降,Thailand International Organization Translator/Interpreter: declining demand,AI综合评估 + O*NET/ILO/OECD锚点校准
GOV-0504-VN-general,公共管理与公务员,GOV,国际组织,翻译/口译(国际组织),International Organization Translator/Interpreter,2643,27-3091.00,东南亚,越南,VN,country,general,硕士,25-32,global,7.1,7.5,4.4,7.1,3.7,2.9,4.3,4.9,5.9,5.5,7.2,9.0,6.3,5.5,5.3,5.3,5.2,1.4,4.5,7.3,5.2,4.5,4.7,7.0,3.2,7.0,5.2,7.9,0.8,8.2,1.9,3.5,8.5,6.6,-1,-1,→,2028-2033,5.42,越南翻译/口译(国际组织)：准入门槛高,Vietnam International Organization Translator/Interpreter: high entry barrier,AI综合评估 + O*NET/ILO/OECD锚点校准
GOV-0504-ID-general,公共管理与公务员,GOV,国际组织,翻译/口译(国际组织),International Organization Translator/Interpreter,2643,27-3091.00,东南亚,印度尼西亚,ID,country,general,硕士,25-32,global,7.0,7.5,3.8,6.8,3.3,2.1,4.4,4.6,6.4,5.1,6.6,9.0,6.6,5.1,5.3,5.2,5.1,1.8,4.3,7.2,5.7,4.8,4.9,6.9,3.6,6.6,5.6,8.3,1.1,8.0,1.7,3.6,8.7,6.7,-1,-2,↓,2026-2030,5.34,印度尼西亚翻译/口译(国际组织)：准入门槛高，近年需求下降,"Indonesia International Organization Translator/Interpreter: high entry barrier, declining demand",AI综合评估 + O*NET/ILO/OECD锚点校准
GOV-0504-MY-general,公共管理与公务员,GOV,国际组织,翻译/口译(国际组织),International Organization Translator/Interpreter,2643,27-3091.00,东南亚,马来西亚,MY,country,general,硕士,25-32,global,6.9,7.7,4.4,7.1,3.1,2.4,4.5,4.8,6.9,5.6,7.1,9.2,6.5,5.2,5.4,5.5,4.8,1.4,4.3,7.2,5.1,5.3,4.6,7.2,3.5,6.9,5.6,7.9,1.2,7.8,1.9,3.4,8.7,6.6,-1,-2,↓,2026-2030,5.47,马来西亚翻译/口译(国际组织)：近年需求下降,Malaysia International Organization Translator/Interpreter: declining demand,AI综合评估 + O*NET/ILO/OECD锚点校准
GOV-0504-PH-general,公共管理与公务员,GOV,国际组织,翻译/口译(国际组织),International Organization Translator/Interpreter,2643,27-3091.00,东南亚,菲律宾,PH,country,general,硕士,25-32,global,7.1,7.7,3.9,6.6,2.9,2.1,4.4,4.8,6.2,5.1,6.6,8.8,6.7,5.3,5.6,5.4,5.1,1.6,4.4,7.2,5.7,4.9,4.6,6.6,3.3,7.6,5.3,7.7,1.2,7.7,2.3,3.5,8.8,6.5,-1,-2,↓,2026-2030,5.33,菲律宾翻译/口译(国际组织)：近年需求下降,Philippines International Organization Translator/Interpreter: declining demand,AI综合评估 + O*NET/ILO/OECD锚点校准
GOV-0504-IN-general,公共管理与公务员,GOV,国际组织,翻译/口译(国际组织),International Organization Translator/Interpreter,2643,27-3091.00,南亚,印度,IN,country,general,硕士,25-32,global,7.1,7.6,4.6,7.2,3.5,2.5,4.8,5.1,6.6,5.4,7.0,9.0,6.5,5.0,5.0,5.4,5.1,1.8,4.3,8.0,5.2,4.5,4.8,7.1,3.6,6.8,5.7,7.9,0.8,8.6,2.0,3.3,9.2,6.5,-1,-1,→,2026-2030,5.46,印度翻译/口译(国际组织)：准入门槛高,India International Organization Translator/Interpreter: high entry barrier,AI综合评估 + O*NET/ILO/OECD锚点校准
GOV-0504-PK-general,公共管理与公务员,GOV,国际组织,翻译/口译(国际组织),International Organization Translator/Interpreter,2643,27-3091.00,南亚,巴基斯坦,PK,country,general,硕士,25-32,global,6.7,7.7,3.8,6.6,3.0,2.4,4.3,4.9,6.3,5.1,6.2,8.9,6.4,4.8,5.0,5.2,5.1,1.9,4.4,7.4,5.2,4.4,4.1,6.9,3.3,6.0,5.5,8.2,0.7,8.1,1.9,3.6,8.7,6.6,-1,-2,↓,2026-2030,5.23,巴基斯坦翻译/口译(国际组织)：准入门槛高，近年需求下降,"Pakistan International Organization Translator/Interpreter: high entry barrier, declining demand",AI综合评估 + O*NET/ILO/OECD锚点校准
GOV-0504-BD-general,公共管理与公务员,GOV,国际组织,翻译/口译(国际组织),International Organization Translator/Interpreter,2643,27-3091.00,南亚,孟加拉国,BD,country,general,硕士,25-32,global,7.0,7.2,4.2,6.8,2.8,1.9,4.5,4.9,5.8,5.0,6.8,9.0,6.3,4.7,5.3,5.3,4.8,1.8,4.6,7.1,5.5,4.7,4.6,6.5,3.6,6.3,5.4,8.2,1.2,8.3,1.9,3.6,8.5,6.5,-1,-2,↓,2028-2033,5.28,孟加拉国翻译/口译(国际组织)：准入门槛高，近年需求下降,"Bangladesh International Organization Translator/Interpreter: high entry barrier, declining demand",AI综合评估 + O*NET/ILO/OECD锚点校准
GOV-0504-AE-general,公共管理与公务员,GOV,国际组织,翻译/口译(国际组织),International Organization Translator/Interpreter,2643,27-3091.00,中亚/西亚,阿联酋,AE,country,general,硕士,25-32,global,7.0,7.3,4.4,7.4,3.3,2.3,3.9,4.6,8.8,6.6,8.3,9.1,6.3,5.4,5.2,5.5,5.3,1.3,4.7,7.1,5.1,5.2,5.0,7.2,3.6,7.0,5.2,8.2,0.9,7.9,1.9,3.7,9.6,6.3,-1,-2,↓,2028-2033,5.73,阿联酋翻译/口译(国际组织)：就业稳定，薪资回报高，近年需求下降,"United Arab Emirates International Organization Translator/Interpreter: stable employment, high compensation, declining demand",AI综合评估 + O*NET/ILO/OECD锚点校准
GOV-0504-IL-general,公共管理与公务员,GOV,国际组织,翻译/口译(国际组织),International Organization Translator/Interpreter,2643,27-3091.00,中亚/西亚,以色列,IL,country,general,硕士,25-32,global,7.1,7.6,3.8,6.8,3.3,2.1,4.3,4.7,8.0,5.8,7.5,8.9,6.3,5.7,5.5,5.5,4.9,1.4,4.8,7.4,5.8,5.5,4.7,7.3,3.7,7.9,5.7,8.2,1.2,8.0,1.9,3.8,9.4,6.7,-1,-2,↓,2028-2033,5.64,以色列翻译/口译(国际组织)：就业稳定，薪资回报高，准入门槛高,"Israel International Organization Translator/Interpreter: stable employment, high compensation, high entry barrier",AI综合评估 + O*NET/ILO/OECD锚点校准
GOV-0504-SA-general,公共管理与公务员,GOV,国际组织,翻译/口译(国际组织),International Organization Translator/Interpreter,2643,27-3091.00,中亚/西亚,沙特阿拉伯,SA,country,general,硕士,25-32,global,6.8,7.2,4.2,7.2,3.8,2.6,4.1,4.9,7.6,5.9,7.6,9.2,6.3,5.2,5.4,5.8,5.1,1.4,4.7,7.4,5.4,5.1,4.6,7.1,3.6,6.3,5.2,8.2,1.2,7.3,1.7,3.5,8.8,6.8,-1,-1,→,2028-2033,5.62,沙特阿拉伯翻译/口译(国际组织)：就业稳定，薪资回报高,"Saudi Arabia International Organization Translator/Interpreter: stable employment, high compensation",AI综合评估 + O*NET/ILO/OECD锚点校准
GOV-0504-TR-general,公共管理与公务员,GOV,国际组织,翻译/口译(国际组织),International Organization Translator/Interpreter,2643,27-3091.00,中亚/西亚,土耳其,TR,country,general,硕士,25-32,global,6.9,7.4,3.8,6.9,3.4,2.3,4.4,5.0,6.5,5.2,6.9,8.9,6.3,5.0,5.1,5.2,4.8,1.8,4.4,7.5,5.2,5.0,4.8,6.9,3.6,6.7,5.7,8.3,1.0,8.3,1.7,3.2,8.9,6.3,-1,-2,↓,2026-2030,5.38,土耳其翻译/口译(国际组织)：准入门槛高，近年需求下降,"Turkey International Organization Translator/Interpreter: high entry barrier, declining demand",AI综合评估 + O*NET/ILO/OECD锚点校准
GOV-0504-GB-general,公共管理与公务员,GOV,国际组织,翻译/口译(国际组织),International Organization Translator/Interpreter,2643,27-3091.00,西欧,英国,GB,country,general,硕士,25-32,global,7.1,7.5,4.2,7.2,3.1,2.0,4.6,5.2,7.9,6.3,7.9,9.1,6.9,5.8,5.8,5.5,5.1,1.2,4.6,7.5,5.9,5.2,5.4,7.1,3.6,8.1,5.6,8.2,1.0,7.8,1.7,3.6,9.7,6.4,-1,-2,↓,2028-2033,5.79,英国翻译/口译(国际组织)：就业稳定，薪资回报高，近年需求下降,"United Kingdom International Organization Translator/Interpreter: stable employment, high compensation, declining demand",AI综合评估 + O*NET/ILO/OECD锚点校准
GOV-0504-FR-general,公共管理与公务员,GOV,国际组织,翻译/口译(国际组织),International Organization Translator/Interpreter,2643,27-3091.00,西欧,法国,FR,country,general,硕士,25-32,global,7.0,8.1,4.4,7.2,3.7,2.7,4.4,5.4,7.4,6.1,7.9,9.2,6.7,6.2,5.9,5.5,4.9,1.3,4.4,7.8,6.0,5.7,5.9,7.3,3.8,8.0,5.9,8.0,0.8,8.3,2.0,3.5,9.5,6.4,-1,-1,→,2026-2030,5.8,法国翻译/口译(国际组织)：就业稳定，准入门槛高,"France International Organization Translator/Interpreter: stable employment, high entry barrier",AI综合评估 + O*NET/ILO/OECD锚点校准
GOV-0504-DE-general,公共管理与公务员,GOV,国际组织,翻译/口译(国际组织),International Organization Translator/Interpreter,2643,27-3091.00,西欧,德国,DE,country,general,硕士,25-32,global,7.3,8.0,4.1,7.5,3.0,2.0,4.6,4.9,7.8,6.5,8.4,9.1,7.2,6.2,5.9,5.5,5.0,1.2,4.4,7.8,6.0,5.3,6.0,7.5,3.4,7.7,6.0,8.1,0.7,8.2,1.5,3.6,9.2,6.4,-1,-2,↓,2026-2030,5.81,德国翻译/口译(国际组织)：就业稳定，薪资回报高，准入门槛高,"Germany International Organization Translator/Interpreter: stable employment, high compensation, high entry barrier",AI综合评估 + O*NET/ILO/OECD锚点校准
GOV-0504-NL-general,公共管理与公务员,GOV,国际组织,翻译/口译(国际组织),International Organization Translator/Interpreter,2643,27-3091.00,西欧,荷兰,NL,country,general,硕士,25-32,global,7.3,7.5,4.1,7.4,2.9,1.8,4.6,5.0,8.1,6.0,8.2,9.1,7.3,6.8,6.4,5.5,5.0,1.0,4.4,7.5,5.6,5.6,6.4,7.1,3.8,8.6,5.7,7.8,0.8,8.0,1.9,3.5,9.5,6.6,-1,-2,↓,2026-2030,5.86,荷兰翻译/口译(国际组织)：就业稳定，薪资回报高，准入门槛高,"Netherlands International Organization Translator/Interpreter: stable employment, high compensation, high entry barrier",AI综合评估 + O*NET/ILO/OECD锚点校准
GOV-0504-CH-general,公共管理与公务员,GOV,国际组织,翻译/口译(国际组织),International Organization Translator/Interpreter,2643,27-3091.00,西欧,瑞士,CH,country,general,硕士,25-32,global,7.4,7.6,4.1,7.9,2.8,1.4,4.8,4.8,8.5,6.8,8.8,9.2,7.1,6.6,6.3,5.8,5.1,1.3,4.5,8.1,5.9,5.5,5.9,7.4,3.7,7.9,6.0,8.2,0.9,8.0,1.6,3.4,9.3,6.3,-1,-3,↓,2028-2033,5.94,瑞士翻译/口译(国际组织)：就业极其稳定，薪资回报高，准入门槛高,"Switzerland International Organization Translator/Interpreter: extremely stable employment, high compensation, high entry barrier",AI综合评估 + O*NET/ILO/OECD锚点校准
GOV-0504-SE-general,公共管理与公务员,GOV,国际组织,翻译/口译(国际组织),International Organization Translator/Interpreter,2643,27-3091.00,北欧,瑞典,SE,country,general,硕士,25-32,global,6.9,7.6,4.4,7.5,3.3,2.3,4.4,4.7,8.1,6.1,8.0,9.1,6.9,6.6,6.1,5.7,5.4,1.1,4.8,7.4,5.7,5.3,6.3,7.3,3.9,8.4,5.9,7.8,1.0,7.9,1.5,3.8,9.2,6.5,-1,-2,↓,2028-2033,5.89,瑞典翻译/口译(国际组织)：就业稳定，薪资回报高，近年需求下降,"Sweden International Organization Translator/Interpreter: stable employment, high compensation, declining demand",AI综合评估 + O*NET/ILO/OECD锚点校准
GOV-0504-DK-general,公共管理与公务员,GOV,国际组织,翻译/口译(国际组织),International Organization Translator/Interpreter,2643,27-3091.00,北欧,丹麦,DK,country,general,硕士,25-32,global,7.1,7.3,4.5,7.4,3.2,2.6,4.0,5.0,8.4,6.5,8.4,9.1,7.3,6.3,6.0,5.5,5.2,1.1,4.6,7.7,6.1,5.9,5.9,7.4,3.5,8.7,6.1,8.0,0.8,7.5,1.6,3.9,9.8,6.5,-1,-2,↓,2028-2033,5.98,丹麦翻译/口译(国际组织)：就业稳定，薪资回报高，近年需求下降,"Denmark International Organization Translator/Interpreter: stable employment, high compensation, declining demand",AI综合评估 + O*NET/ILO/OECD锚点校准
GOV-0504-FI-general,公共管理与公务员,GOV,国际组织,翻译/口译(国际组织),International Organization Translator/Interpreter,2643,27-3091.00,北欧,芬兰,FI,country,general,硕士,25-32,global,7.0,7.4,4.4,7.7,2.9,2.3,4.5,4.7,7.9,6.2,8.5,9.1,7.2,6.6,5.9,5.7,5.3,1.2,4.9,7.2,5.7,5.4,6.3,7.3,3.4,8.7,5.8,7.8,1.2,7.9,1.6,3.5,9.6,6.5,-1,-2,↓,2028-2033,5.9,芬兰翻译/口译(国际组织)：就业极其稳定，薪资回报高，近年需求下降,"Finland International Organization Translator/Interpreter: extremely stable employment, high compensation, declining demand",AI综合评估 + O*NET/ILO/OECD锚点校准
GOV-0504-IT-general,公共管理与公务员,GOV,国际组织,翻译/口译(国际组织),International Organization Translator/Interpreter,2643,27-3091.00,南欧,意大利,IT,country,general,硕士,25-32,global,6.9,7.9,4.3,6.9,3.6,2.2,4.7,5.2,7.5,6.0,7.3,9.0,6.8,5.7,5.6,5.4,5.1,1.2,4.6,8.0,5.8,5.0,5.5,6.9,3.6,7.2,5.8,8.2,0.9,7.9,1.8,3.4,9.1,6.9,-1,-2,↓,2028-2033,5.69,意大利翻译/口译(国际组织)：薪资回报高，近年需求下降,"Italy International Organization Translator/Interpreter: high compensation, declining demand",AI综合评估 + O*NET/ILO/OECD锚点校准
GOV-0504-ES-general,公共管理与公务员,GOV,国际组织,翻译/口译(国际组织),International Organization Translator/Interpreter,2643,27-3091.00,南欧,西班牙,ES,country,general,硕士,25-32,global,7.1,7.7,4.3,7.5,3.2,2.0,4.6,5.2,7.3,5.9,7.4,9.1,7.0,5.8,6.0,5.5,5.0,1.2,4.6,8.2,5.7,5.3,5.5,7.0,3.5,7.3,5.4,8.2,1.1,8.4,2.2,3.5,9.0,6.8,-1,-2,↓,2028-2033,5.68,西班牙翻译/口译(国际组织)：准入门槛高，近年需求下降,"Spain International Organization Translator/Interpreter: high entry barrier, declining demand",AI综合评估 + O*NET/ILO/OECD锚点校准
GOV-0504-PT-general,公共管理与公务员,GOV,国际组织,翻译/口译(国际组织),International Organization Translator/Interpreter,2643,27-3091.00,南欧,葡萄牙,PT,country,general,硕士,25-32,global,7.3,7.7,4.4,7.4,3.1,2.1,4.8,5.1,6.9,5.7,7.5,9.1,6.8,6.1,5.9,5.5,5.2,1.4,4.3,7.5,5.5,5.0,5.2,7.3,3.4,7.4,5.8,8.1,0.8,8.1,2.0,3.4,8.9,6.2,-1,-2,↓,2026-2030,5.63,葡萄牙翻译/口译(国际组织)：就业稳定，准入门槛高，近年需求下降,"Portugal International Organization Translator/Interpreter: stable employment, high entry barrier, declining demand",AI综合评估 + O*NET/ILO/OECD锚点校准
GOV-0504-PL-general,公共管理与公务员,GOV,国际组织,翻译/口译(国际组织),International Organization Translator/Interpreter,2643,27-3091.00,东欧,波兰,PL,country,general,硕士,25-32,global,7.0,7.3,4.1,6.8,3.0,1.9,4.1,4.9,6.6,5.5,7.0,8.9,6.7,6.1,5.6,5.4,5.2,1.6,4.5,7.3,5.9,4.9,5.6,7.0,3.3,7.2,5.5,8.2,0.8,7.9,2.1,3.5,9.2,6.2,-1,-2,↓,2028-2033,5.52,波兰翻译/口译(国际组织)：近年需求下降,Poland International Organization Translator/Interpreter: declining demand,AI综合评估 + O*NET/ILO/OECD锚点校准
GOV-0504-CZ-general,公共管理与公务员,GOV,国际组织,翻译/口译(国际组织),International Organization Translator/Interpreter,2643,27-3091.00,东欧,捷克,CZ,country,general,硕士,25-32,global,7.4,7.4,3.8,7.5,2.6,1.5,4.4,4.7,7.2,5.6,7.5,9.1,6.7,6.0,5.8,5.4,4.9,1.5,4.6,7.2,5.5,5.2,5.9,7.2,3.9,7.4,5.4,7.7,1.0,7.8,1.8,3.6,9.0,6.3,-1,-2,↓,2028-2033,5.58,捷克翻译/口译(国际组织)：就业稳定，近年需求下降,"Czech Republic International Organization Translator/Interpreter: stable employment, declining demand",AI综合评估 + O*NET/ILO/OECD锚点校准
GOV-0504-RU-general,公共管理与公务员,GOV,国际组织,翻译/口译(国际组织),International Organization Translator/Interpreter,2643,27-3091.00,东欧,俄罗斯,RU,country,general,硕士,25-32,global,7.4,7.4,4.3,6.9,3.8,2.9,4.2,4.9,6.4,5.5,7.0,9.0,6.5,5.1,5.4,5.8,4.7,1.6,4.4,7.1,5.7,4.9,4.9,6.9,3.5,6.9,5.1,7.9,1.2,7.7,1.9,3.7,8.5,6.7,-1,-1,→,2026-2030,5.43,俄罗斯翻译/口译(国际组织)：发展平稳,Russia International Organization Translator/Interpreter: steady development,AI综合评估 + O*NET/ILO/OECD锚点校准
GOV-0504-US-general,公共管理与公务员,GOV,国际组织,翻译/口译(国际组织),International Organization Translator/Interpreter,2643,27-3091.00,北美,美国,US,country,general,硕士,25-32,global,7.1,7.6,3.8,7.3,2.9,1.9,4.6,4.8,8.0,5.7,7.3,9.1,6.6,5.7,5.7,5.8,5.0,1.1,4.9,7.6,5.2,5.3,4.8,7.4,3.8,8.0,5.6,8.3,0.7,7.7,1.7,3.8,9.5,6.4,-1,-2,↓,2028-2033,5.71,美国翻译/口译(国际组织)：薪资回报高，近年需求下降,"United States International Organization Translator/Interpreter: high compensation, declining demand",AI综合评估 + O*NET/ILO/OECD锚点校准
GOV-0504-CA-general,公共管理与公务员,GOV,国际组织,翻译/口译(国际组织),International Organization Translator/Interpreter,2643,27-3091.00,北美,加拿大,CA,country,general,硕士,25-32,global,7.1,7.6,3.8,7.3,2.6,1.5,4.3,4.7,8.2,6.3,7.8,9.2,6.6,6.3,6.0,5.5,5.4,1.3,4.3,7.6,5.8,5.7,5.4,7.2,3.8,8.4,5.5,7.8,1.2,7.8,1.8,3.9,9.7,6.6,-1,-2,↓,2026-2030,5.75,加拿大翻译/口译(国际组织)：就业稳定，薪资回报高，近年需求下降,"Canada International Organization Translator/Interpreter: stable employment, high compensation, declining demand",AI综合评估 + O*NET/ILO/OECD锚点校准
GOV-0504-MX-general,公共管理与公务员,GOV,国际组织,翻译/口译(国际组织),International Organization Translator/Interpreter,2643,27-3091.00,北美,墨西哥,MX,country,general,硕士,25-32,global,7.3,7.4,4.1,6.7,3.1,2.0,4.5,4.6,6.2,4.9,6.6,8.9,6.4,5.5,5.2,5.8,5.2,1.8,4.2,7.1,5.2,4.9,5.0,7.0,3.2,6.5,5.5,8.0,0.7,7.5,2.0,3.5,8.5,6.4,-1,-2,↓,2026-2030,5.32,墨西哥翻译/口译(国际组织)：近年需求下降,Mexico International Organization Translator/Interpreter: declining demand,AI综合评估 + O*NET/ILO/OECD锚点校准
GOV-0504-BR-general,公共管理与公务员,GOV,国际组织,翻译/口译(国际组织),International Organization Translator/Interpreter,2643,27-3091.00,南美,巴西,BR,country,general,硕士,25-32,global,6.9,7.3,4.5,7.0,3.2,2.4,4.8,5.1,7.0,5.8,6.7,9.0,6.2,5.6,5.5,5.8,4.8,1.5,4.4,7.8,5.5,4.8,4.9,6.8,3.4,6.9,5.4,7.8,1.0,8.6,1.9,3.5,8.8,6.4,-1,-1,→,2026-2030,5.52,巴西翻译/口译(国际组织)：准入门槛高,Brazil International Organization Translator/Interpreter: high entry barrier,AI综合评估 + O*NET/ILO/OECD锚点校准
GOV-0504-AR-general,公共管理与公务员,GOV,国际组织,翻译/口译(国际组织),International Organization Translator/Interpreter,2643,27-3091.00,南美,阿根廷,AR,country,general,硕士,25-32,global,7.0,7.5,4.1,6.7,3.3,2.8,4.0,4.6,6.1,5.0,6.5,8.9,6.1,5.1,5.2,5.4,4.8,1.8,4.5,7.2,5.6,4.6,4.6,7.1,3.1,7.0,5.6,7.8,1.2,7.9,2.3,3.3,8.7,6.5,-2,-1,→,2028-2033,5.28,阿根廷翻译/口译(国际组织)：发展平稳,Argentina International Organization Translator/Interpreter: steady development,AI综合评估 + O*NET/ILO/OECD锚点校准
GOV-0504-CL-general,公共管理与公务员,GOV,国际组织,翻译/口译(国际组织),International Organization Translator/Interpreter,2643,27-3091.00,南美,智利,CL,country,general,硕士,25-32,global,7.2,7.4,3.6,7.0,2.5,1.8,4.7,5.1,6.8,5.8,7.6,9.1,6.7,5.8,5.3,5.4,5.4,1.2,4.7,7.6,5.6,5.0,4.9,7.0,3.4,6.9,5.6,8.0,0.8,7.8,1.9,3.6,9.1,6.6,-1,-2,↓,2028-2033,5.56,智利翻译/口译(国际组织)：就业稳定，近年需求下降,"Chile International Organization Translator/Interpreter: stable employment, declining demand",AI综合评估 + O*NET/ILO/OECD锚点校准
GOV-0504-CO-general,公共管理与公务员,GOV,国际组织,翻译/口译(国际组织),International Organization Translator/Interpreter,2643,27-3091.00,南美,哥伦比亚,CO,country,general,硕士,25-32,global,7.0,7.2,4.0,6.6,3.0,1.9,4.3,5.2,6.4,5.0,6.7,8.8,6.6,5.4,5.5,5.7,4.9,1.7,4.4,7.2,5.5,4.6,4.8,6.5,3.1,7.0,5.2,7.7,0.8,7.7,1.9,3.5,8.4,6.6,-1,-2,↓,2026-2030,5.34,哥伦比亚翻译/口译(国际组织)：近年需求下降,Colombia International Organization Translator/Interpreter: declining demand,AI综合评估 + O*NET/ILO/OECD锚点校准
GOV-0504-AU-general,公共管理与公务员,GOV,国际组织,翻译/口译(国际组织),International Organization Translator/Interpreter,2643,27-3091.00,大洋洲,澳大利亚,AU,country,general,硕士,25-32,global,7.4,7.8,4.1,7.4,2.7,2.1,4.4,5.1,8.3,6.3,7.9,9.1,7.0,5.9,5.8,5.9,5.4,1.1,4.8,7.7,5.7,5.3,5.7,7.4,3.4,8.3,5.9,8.2,0.9,7.9,2.1,3.9,9.4,6.8,-1,-2,↓,2028-2033,5.83,澳大利亚翻译/口译(国际组织)：就业稳定，薪资回报高，近年需求下降,"Australia International Organization Translator/Interpreter: stable employment, high compensation, declining demand",AI综合评估 + O*NET/ILO/OECD锚点校准
GOV-0504-NZ-general,公共管理与公务员,GOV,国际组织,翻译/口译(国际组织),International Organization Translator/Interpreter,2643,27-3091.00,大洋洲,新西兰,NZ,country,general,硕士,25-32,global,6.9,7.4,4.0,7.3,2.7,1.9,4.4,5.1,7.8,6.4,8.4,9.2,7.0,6.6,6.2,5.8,5.0,0.9,4.5,7.8,5.7,5.6,6.1,7.5,3.6,8.4,5.6,8.1,0.8,7.9,2.1,3.9,9.3,6.4,-1,-2,↓,2028-2033,5.89,新西兰翻译/口译(国际组织)：就业稳定，薪资回报高，近年需求下降,"New Zealand International Organization Translator/Interpreter: stable employment, high compensation, declining demand",AI综合评估 + O*NET/ILO/OECD锚点校准
GOV-0504-ZA-general,公共管理与公务员,GOV,国际组织,翻译/口译(国际组织),International Organization Translator/Interpreter,2643,27-3091.00,非洲,南非,ZA,country,general,硕士,25-32,global,6.8,7.3,3.9,6.9,3.0,2.2,4.5,4.8,6.5,5.2,6.3,8.9,6.3,5.4,5.5,5.7,4.9,1.8,4.5,7.1,5.7,4.9,4.7,6.6,3.2,6.8,5.3,7.9,1.1,7.6,1.9,3.6,8.8,6.4,-1,-2,↓,2028-2033,5.37,南非翻译/口译(国际组织)：近年需求下降,South Africa International Organization Translator/Interpreter: declining demand,AI综合评估 + O*NET/ILO/OECD锚点校准
GOV-0504-NG-general,公共管理与公务员,GOV,国际组织,翻译/口译(国际组织),International Organization Translator/Interpreter,2643,27-3091.00,非洲,尼日利亚,NG,country,general,硕士,25-32,global,6.5,7.2,4.1,6.3,3.3,2.5,4.2,5.1,6.3,4.6,5.8,8.8,6.2,4.7,5.4,5.0,4.7,1.8,4.5,7.1,5.3,4.5,4.2,6.8,3.4,6.5,5.5,7.9,1.0,7.8,1.9,3.4,8.7,6.3,-2,-2,↓,2028-2033,5.24,尼日利亚翻译/口译(国际组织)：近年需求下降,Nigeria International Organization Translator/Interpreter: declining demand,AI综合评估 + O*NET/ILO/OECD锚点校准
GOV-0504-KE-general,公共管理与公务员,GOV,国际组织,翻译/口译(国际组织),International Organization Translator/Interpreter,2643,27-3091.00,非洲,肯尼亚,KE,country,general,硕士,25-32,global,7.1,7.4,4.1,6.9,3.1,2.0,4.2,4.6,6.5,5.1,6.0,8.9,6.0,4.9,5.3,5.5,4.7,1.9,4.7,6.9,5.4,4.8,4.7,6.9,3.6,6.8,5.4,7.8,0.8,7.7,2.0,3.3,8.7,6.4,-2,-2,↓,2028-2033,5.29,肯尼亚翻译/口译(国际组织)：近年需求下降,Kenya International Organization Translator/Interpreter: declining demand,AI综合评估 + O*NET/ILO/OECD锚点校准
GOV-0504-EG-general,公共管理与公务员,GOV,国际组织,翻译/口译(国际组织),International Organization Translator/Interpreter,2643,27-3091.00,非洲,埃及,EG,country,general,硕士,25-32,global,7.2,7.5,4.3,7.2,3.8,3.2,4.5,4.7,5.8,5.1,6.9,9.1,6.6,4.8,5.3,5.5,5.0,1.7,4.3,7.2,5.2,4.7,4.6,7.0,3.3,6.4,5.3,8.0,1.1,7.9,2.1,3.1,8.7,6.9,-1,-1,→,2026-2030,5.34,埃及翻译/口译(国际组织)：发展平稳,Egypt International Organization Translator/Interpreter: steady development,AI综合评估 + O*NET/ILO/OECD锚点校准
GOV-0601-CN-general,公共管理与公务员,GOV,军事,军官,Military Officer,0110,55-1011.00,东亚,中国,CN,country,general,本科/军校,18-25,global,7.2,7.1,4.7,7.9,4.7,3.9,5.1,4.5,6.8,6.1,9.4,3.8,3.8,2.8,3.5,5.4,4.5,2.4,7.8,9.1,0.1,4.2,2.0,7.7,1.0,3.6,4.0,7.3,6.9,9.5,1.2,0.4,3.3,9.7,0,2,↑,2035+,4.8,中国军官：就业极其稳定，准入门槛高，职业安全风险高,"China Military Officer: extremely stable employment, high entry barrier, high safety risk",AI综合评估 + O*NET/ILO/OECD锚点校准
GOV-0601-JP-general,公共管理与公务员,GOV,军事,军官,Military Officer,0110,55-1011.00,东亚,日本,JP,country,general,本科/军校,18-25,global,7.1,7.0,4.7,7.8,4.0,3.0,4.8,4.5,7.2,6.5,9.7,4.0,3.8,3.1,3.7,5.6,5.0,2.2,7.6,9.3,0.7,4.5,3.0,7.7,1.2,3.1,4.2,7.7,7.3,8.9,1.6,0.7,3.1,9.3,0,1,→,2035+,4.92,日本军官：就业极其稳定，准入门槛高，职业安全风险高,"Japan Military Officer: extremely stable employment, high entry barrier, high safety risk",AI综合评估 + O*NET/ILO/OECD锚点校准
GOV-0601-KR-general,公共管理与公务员,GOV,军事,军官,Military Officer,0110,55-1011.00,东亚,韩国,KR,country,general,本科/军校,18-25,global,7.1,7.2,4.8,7.9,3.8,2.9,5.3,4.3,7.6,5.8,9.3,3.9,3.7,3.0,3.6,5.9,4.6,2.4,7.4,9.4,0.6,4.6,2.3,7.8,1.1,2.9,3.6,7.3,6.8,9.1,1.4,0.4,3.6,9.2,0,1,→,2032-2038,4.84,韩国军官：就业极其稳定，薪资回报高，准入门槛高,"South Korea Military Officer: extremely stable employment, high compensation, high entry barrier",AI综合评估 + O*NET/ILO/OECD锚点校准
GOV-0601-TW-general,公共管理与公务员,GOV,军事,军官,Military Officer,0110,55-1011.00,东亚,中国台湾地区,TW,region,general,本科/军校,18-25,global,7.1,7.5,4.7,7.6,3.5,3.0,5.1,4.2,6.4,5.6,9.4,3.9,3.9,3.0,3.8,5.6,4.5,2.2,7.8,9.3,0.3,4.6,2.9,8.0,0.9,3.8,4.0,7.6,6.9,8.9,1.5,0.6,3.3,9.8,0,1,→,2035+,4.79,中国台湾地区军官：就业极其稳定，准入门槛高，职业安全风险高,"Taiwan (China) Military Officer: extremely stable employment, high entry barrier, high safety risk",AI综合评估 + O*NET/ILO/OECD锚点校准
GOV-0601-HK-general,公共管理与公务员,GOV,军事,军官,Military Officer,0110,55-1011.00,东亚,中国香港地区,HK,region,general,本科/军校,18-25,global,7.2,7.3,4.3,7.5,2.7,2.6,4.7,3.7,6.7,6.0,9.0,3.7,3.6,3.3,3.6,5.5,5.0,2.3,7.6,8.5,0.2,4.9,2.8,7.9,1.2,3.7,3.8,7.4,7.0,8.8,1.2,0.7,3.8,9.3,0,1,→,2035+,4.71,中国香港地区军官：就业极其稳定，准入门槛高，职业安全风险高,"Hong Kong (China) Military Officer: extremely stable employment, high entry barrier, high safety risk",AI综合评估 + O*NET/ILO/OECD锚点校准
GOV-0601-SG-general,公共管理与公务员,GOV,军事,军官,Military Officer,0110,55-1011.00,东南亚,新加坡,SG,country,general,本科/军校,18-25,global,7.1,7.4,4.6,8.0,3.3,2.4,5.1,4.3,8.6,6.8,10.0,4.3,3.9,3.1,3.9,5.6,4.7,1.8,7.9,9.1,0.3,4.7,2.5,7.8,1.4,4.1,4.0,7.2,6.9,8.7,1.4,0.6,3.7,9.2,0,0,→,2035+,5.04,新加坡军官：就业极其稳定，薪资回报高，准入门槛高,"Singapore Military Officer: extremely stable employment, high compensation, high entry barrier",AI综合评估 + O*NET/ILO/OECD锚点校准
GOV-0601-TH-general,公共管理与公务员,GOV,军事,军官,Military Officer,0110,55-1011.00,东南亚,泰国,TH,country,general,本科/军校,18-25,global,6.9,6.7,4.5,7.5,3.9,3.1,4.2,4.1,6.3,5.1,8.5,3.5,3.8,3.3,4.2,5.7,4.6,2.5,7.7,8.1,0.5,4.6,3.1,7.5,1.2,3.6,3.9,7.3,7.2,8.4,1.6,0.2,3.2,9.3,0,1,→,2035+,4.67,泰国军官：就业极其稳定，准入门槛高，职业安全风险高,"Thailand Military Officer: extremely stable employment, high entry barrier, high safety risk",AI综合评估 + O*NET/ILO/OECD锚点校准
GOV-0601-VN-general,公共管理与公务员,GOV,军事,军官,Military Officer,0110,55-1011.00,东南亚,越南,VN,country,general,本科/军校,18-25,global,6.9,7.2,4.7,7.7,4.3,4.2,4.7,4.2,5.4,5.0,8.7,3.7,4.0,3.4,3.8,5.6,4.3,2.5,7.3,8.5,0.7,4.2,3.0,7.4,1.2,3.2,3.7,7.5,6.7,8.8,1.4,0.1,3.2,9.5,0,2,↑,2032-2038,4.64,越南军官：就业极其稳定，准入门槛高，职业安全风险高,"Vietnam Military Officer: extremely stable employment, high entry barrier, high safety risk",AI综合评估 + O*NET/ILO/OECD锚点校准
GOV-0601-ID-general,公共管理与公务员,GOV,军事,军官,Military Officer,0110,55-1011.00,东南亚,印度尼西亚,ID,country,general,本科/军校,18-25,global,6.6,6.7,4.5,7.7,3.4,3.6,4.3,3.9,5.6,5.2,8.2,3.3,3.6,3.1,3.9,5.4,4.2,2.8,7.5,8.4,0.7,4.6,2.6,7.5,0.9,3.5,4.0,7.4,7.2,8.1,1.5,0.5,3.4,9.9,0,1,→,2035+,4.56,印度尼西亚军官：就业稳定，准入门槛高，职业安全风险高,"Indonesia Military Officer: stable employment, high entry barrier, high safety risk",AI综合评估 + O*NET/ILO/OECD锚点校准
GOV-0601-MY-general,公共管理与公务员,GOV,军事,军官,Military Officer,0110,55-1011.00,东南亚,马来西亚,MY,country,general,本科/军校,18-25,global,6.9,6.7,4.9,7.5,3.4,3.0,4.6,4.0,6.0,5.3,9.0,3.5,4.1,3.3,3.7,5.6,4.7,2.7,7.7,8.5,0.3,4.5,2.8,7.8,1.1,3.8,3.8,7.4,6.9,8.6,1.6,0.8,3.5,9.4,0,1,→,2035+,4.7,马来西亚军官：就业极其稳定，准入门槛高，职业安全风险高,"Malaysia Military Officer: extremely stable employment, high entry barrier, high safety risk",AI综合评估 + O*NET/ILO/OECD锚点校准
GOV-0601-PH-general,公共管理与公务员,GOV,军事,军官,Military Officer,0110,55-1011.00,东南亚,菲律宾,PH,country,general,本科/军校,18-25,global,6.9,6.8,4.3,7.1,3.3,3.1,4.3,4.0,5.6,4.8,8.1,3.3,3.7,3.3,3.8,5.5,4.4,2.6,7.4,7.7,0.2,4.0,2.5,7.2,1.0,4.1,4.1,7.7,7.1,8.2,1.6,0.4,3.4,9.6,0,1,→,2032-2038,4.47,菲律宾军官：就业稳定，准入门槛高，职业安全风险高,"Philippines Military Officer: stable employment, high entry barrier, high safety risk",AI综合评估 + O*NET/ILO/OECD锚点校准
GOV-0601-IN-general,公共管理与公务员,GOV,军事,军官,Military Officer,0110,55-1011.00,南亚,印度,IN,country,general,本科/军校,18-25,global,7.2,7.0,4.7,7.6,4.4,3.8,5.2,4.4,6.6,5.8,8.6,3.4,3.6,2.8,3.6,5.6,4.3,2.7,7.8,9.4,0.6,4.0,2.3,7.3,0.8,3.0,3.9,7.4,7.3,9.3,1.5,0.5,3.6,9.5,0,2,↑,2035+,4.71,印度军官：就业极其稳定，准入门槛高，职业安全风险高,"India Military Officer: extremely stable employment, high entry barrier, high safety risk",AI综合评估 + O*NET/ILO/OECD锚点校准
GOV-0601-PK-general,公共管理与公务员,GOV,军事,军官,Military Officer,0110,55-1011.00,南亚,巴基斯坦,PK,country,general,本科/军校,18-25,global,6.9,6.7,4.5,7.2,4.2,3.4,4.7,4.0,6.1,5.2,7.6,3.1,3.4,2.7,3.7,5.6,4.4,2.7,7.4,8.7,0.3,4.1,2.4,7.2,0.8,2.2,3.7,7.7,6.7,8.8,1.6,0.6,3.0,9.8,0,1,→,2032-2038,4.48,巴基斯坦军官：就业稳定，准入门槛高，职业安全风险高,"Pakistan Military Officer: stable employment, high entry barrier, high safety risk",AI综合评估 + O*NET/ILO/OECD锚点校准
GOV-0601-BD-general,公共管理与公务员,GOV,军事,军官,Military Officer,0110,55-1011.00,南亚,孟加拉国,BD,country,general,本科/军校,18-25,global,6.8,6.9,4.7,7.6,3.3,3.5,4.5,3.9,5.6,5.1,8.3,3.2,3.8,2.8,3.5,5.2,4.2,2.6,7.4,8.3,0.4,4.2,2.1,7.1,0.7,2.3,3.6,7.3,6.7,8.5,1.3,0.4,3.3,9.3,0,1,→,2032-2038,4.46,孟加拉国军官：就业稳定，准入门槛高，职业安全风险高,"Bangladesh Military Officer: stable employment, high entry barrier, high safety risk",AI综合评估 + O*NET/ILO/OECD锚点校准
GOV-0601-AE-general,公共管理与公务员,GOV,军事,军官,Military Officer,0110,55-1011.00,中亚/西亚,阿联酋,AE,country,general,本科/军校,18-25,global,7.3,6.8,4.6,8.2,4.0,3.4,4.1,3.6,8.0,6.5,9.7,3.9,3.6,3.4,4.0,5.4,4.4,2.3,7.6,8.7,0.2,4.8,3.0,8.0,1.0,3.4,3.8,7.3,6.9,7.9,1.4,0.5,3.8,9.5,0,1,→,2035+,4.9,阿联酋军官：就业极其稳定，薪资回报高，职业安全风险高,"United Arab Emirates Military Officer: extremely stable employment, high compensation, high safety risk",AI综合评估 + O*NET/ILO/OECD锚点校准
GOV-0601-IL-general,公共管理与公务员,GOV,军事,军官,Military Officer,0110,55-1011.00,中亚/西亚,以色列,IL,country,general,本科/军校,18-25,global,7.4,7.4,4.5,7.3,3.8,3.1,4.2,4.1,7.9,5.9,8.6,3.7,3.8,3.8,3.7,6.0,4.6,2.3,7.7,8.9,0.7,4.9,3.0,7.8,0.9,4.3,3.9,7.3,7.2,8.4,1.5,0.3,3.7,9.6,0,1,→,2035+,4.83,以色列军官：就业极其稳定，薪资回报高，准入门槛高,"Israel Military Officer: extremely stable employment, high compensation, high entry barrier",AI综合评估 + O*NET/ILO/OECD锚点校准
GOV-0601-SA-general,公共管理与公务员,GOV,军事,军官,Military Officer,0110,55-1011.00,中亚/西亚,沙特阿拉伯,SA,country,general,本科/军校,18-25,global,7.3,6.9,4.8,7.8,4.8,4.2,4.0,3.9,8.1,6.0,8.9,3.8,4.0,3.1,4.0,5.4,4.7,2.4,7.3,8.8,0.4,4.2,2.7,7.3,1.2,2.5,3.6,7.5,7.0,8.0,1.6,0.8,3.4,9.9,0,2,↑,2032-2038,4.81,沙特阿拉伯军官：就业极其稳定，薪资回报高，准入门槛高,"Saudi Arabia Military Officer: extremely stable employment, high compensation, high entry barrier",AI综合评估 + O*NET/ILO/OECD锚点校准
GOV-0601-TR-general,公共管理与公务员,GOV,军事,军官,Military Officer,0110,55-1011.00,中亚/西亚,土耳其,TR,country,general,本科/军校,18-25,global,7.1,7.2,4.3,7.3,4.0,3.1,4.6,4.4,6.7,5.4,7.9,3.4,3.8,3.3,3.6,5.6,4.6,2.4,7.3,8.7,0.1,4.1,2.5,7.4,1.1,3.0,3.7,7.6,6.9,9.0,1.5,0.5,3.2,9.5,0,1,→,2032-2038,4.58,土耳其军官：就业稳定，准入门槛高，职业安全风险高,"Turkey Military Officer: stable employment, high entry barrier, high safety risk",AI综合评估 + O*NET/ILO/OECD锚点校准
GOV-0601-GB-general,公共管理与公务员,GOV,军事,军官,Military Officer,0110,55-1011.00,西欧,英国,GB,country,general,本科/军校,18-25,global,7.0,6.9,4.6,7.7,3.3,2.9,4.7,3.7,7.1,6.2,9.6,3.8,4.1,4.4,4.7,5.8,4.9,2.3,7.3,9.0,0.7,4.7,3.8,7.9,0.8,4.2,4.4,7.3,6.9,8.8,1.6,0.8,3.7,9.3,0,1,→,2032-2038,4.95,英国军官：就业极其稳定，准入门槛高，职业安全风险高,"United Kingdom Military Officer: extremely stable employment, high entry barrier, high safety risk",AI综合评估 + O*NET/ILO/OECD锚点校准
GOV-0601-FR-general,公共管理与公务员,GOV,军事,军官,Military Officer,0110,55-1011.00,西欧,法国,FR,country,general,本科/军校,18-25,global,7.4,7.3,4.6,7.8,4.4,3.7,4.8,4.4,7.1,6.1,9.6,3.7,4.7,4.1,4.4,5.9,4.6,2.3,7.7,9.4,1.1,4.8,3.6,7.7,0.8,4.4,4.3,7.6,7.2,9.1,1.5,0.9,3.7,9.4,0,2,↑,2035+,5.03,法国军官：就业极其稳定，准入门槛高，职业安全风险高,"France Military Officer: extremely stable employment, high entry barrier, high safety risk",AI综合评估 + O*NET/ILO/OECD锚点校准
GOV-0601-DE-general,公共管理与公务员,GOV,军事,军官,Military Officer,0110,55-1011.00,西欧,德国,DE,country,general,本科/军校,18-25,global,7.0,7.3,4.7,8.0,3.1,3.1,4.6,3.8,7.4,6.5,9.8,3.8,4.5,4.2,4.7,5.6,4.7,2.2,7.5,8.5,0.7,4.7,3.8,8.1,1.0,4.1,4.0,7.3,7.1,8.9,1.5,1.0,3.6,9.5,0,1,→,2035+,4.97,德国军官：就业极其稳定，准入门槛高，职业安全风险高,"Germany Military Officer: extremely stable employment, high entry barrier, high safety risk",AI综合评估 + O*NET/ILO/OECD锚点校准
GOV-0601-NL-general,公共管理与公务员,GOV,军事,军官,Military Officer,0110,55-1011.00,西欧,荷兰,NL,country,general,本科/军校,18-25,global,7.0,6.8,4.9,7.6,3.2,2.5,4.3,3.7,7.0,6.5,9.4,3.8,4.6,4.6,4.8,5.8,4.6,2.2,7.3,8.3,1.2,5.2,4.3,7.7,1.2,4.7,4.5,7.5,6.8,8.6,1.2,0.8,3.7,9.3,0,1,→,2032-2038,5.0,荷兰军官：就业极其稳定，准入门槛高，职业安全风险高,"Netherlands Military Officer: extremely stable employment, high entry barrier, high safety risk",AI综合评估 + O*NET/ILO/OECD锚点校准
GOV-0601-CH-general,公共管理与公务员,GOV,军事,军官,Military Officer,0110,55-1011.00,西欧,瑞士,CH,country,general,本科/军校,18-25,global,7.1,7.4,4.8,8.2,2.7,2.5,4.4,4.1,7.3,6.8,9.9,4.2,4.5,4.4,4.4,5.6,4.5,2.1,7.7,8.9,0.8,4.8,4.0,7.9,1.0,4.5,4.4,7.5,7.0,8.1,1.3,0.6,3.6,9.5,0,0,→,2035+,5.04,瑞士军官：就业极其稳定，准入门槛高，职业安全风险高,"Switzerland Military Officer: extremely stable employment, high entry barrier, high safety risk",AI综合评估 + O*NET/ILO/OECD锚点校准
GOV-0601-SE-general,公共管理与公务员,GOV,军事,军官,Military Officer,0110,55-1011.00,北欧,瑞典,SE,country,general,本科/军校,18-25,global,6.9,6.9,4.7,8.2,3.6,3.5,4.3,3.9,7.4,6.1,9.8,4.1,4.6,4.4,4.6,5.6,4.9,1.9,7.5,8.5,0.8,4.9,3.9,7.6,0.9,5.2,4.6,7.3,7.0,8.2,1.2,0.5,3.6,9.7,0,1,→,2035+,5.06,瑞典军官：就业极其稳定，准入门槛高，职业安全风险高,"Sweden Military Officer: extremely stable employment, high entry barrier, high safety risk",AI综合评估 + O*NET/ILO/OECD锚点校准
GOV-0601-DK-general,公共管理与公务员,GOV,军事,军官,Military Officer,0110,55-1011.00,北欧,丹麦,DK,country,general,本科/军校,18-25,global,7.3,6.9,4.8,8.2,3.7,3.4,4.2,3.9,7.6,6.6,9.9,3.9,4.3,4.4,5.0,5.7,4.7,2.0,7.5,8.3,0.8,5.2,4.1,8.2,1.3,4.9,4.5,7.2,6.8,8.1,1.2,0.9,3.9,9.5,0,1,→,2035+,5.13,丹麦军官：就业极其稳定，薪资回报高，准入门槛高,"Denmark Military Officer: extremely stable employment, high compensation, high entry barrier",AI综合评估 + O*NET/ILO/OECD锚点校准
GOV-0601-FI-general,公共管理与公务员,GOV,军事,军官,Military Officer,0110,55-1011.00,北欧,芬兰,FI,country,general,本科/军校,18-25,global,7.3,6.9,4.8,8.0,3.7,3.5,4.5,3.8,7.1,5.8,9.8,4.1,4.3,4.6,4.7,5.6,4.6,2.0,7.6,8.4,0.8,5.2,3.9,8.0,1.1,5.2,4.5,7.3,7.1,8.5,1.2,0.7,3.8,9.7,0,1,→,2035+,5.05,芬兰军官：就业极其稳定，准入门槛高，职业安全风险高,"Finland Military Officer: extremely stable employment, high entry barrier, high safety risk",AI综合评估 + O*NET/ILO/OECD锚点校准
GOV-0601-IT-general,公共管理与公务员,GOV,军事,军官,Military Officer,0110,55-1011.00,南欧,意大利,IT,country,general,本科/军校,18-25,global,7.1,7.1,4.4,7.6,3.6,3.4,4.6,3.9,6.7,5.6,8.9,3.5,4.1,3.7,4.3,5.4,4.5,2.5,7.7,8.7,0.6,4.6,3.0,7.4,1.2,3.6,4.3,7.2,6.9,8.4,1.2,0.7,3.7,9.8,0,1,→,2035+,4.77,意大利军官：就业极其稳定，准入门槛高，职业安全风险高,"Italy Military Officer: extremely stable employment, high entry barrier, high safety risk",AI综合评估 + O*NET/ILO/OECD锚点校准
GOV-0601-ES-general,公共管理与公务员,GOV,军事,军官,Military Officer,0110,55-1011.00,南欧,西班牙,ES,country,general,本科/军校,18-25,global,7.0,7.2,4.7,7.9,3.7,2.9,4.8,3.9,6.1,5.5,8.9,3.7,4.0,4.2,4.2,5.5,4.7,2.3,7.5,9.1,0.7,4.9,3.4,7.6,1.2,3.6,4.2,7.5,6.9,8.7,1.6,0.5,3.5,9.3,0,1,→,2035+,4.81,西班牙军官：就业极其稳定，准入门槛高，职业安全风险高,"Spain Military Officer: extremely stable employment, high entry barrier, high safety risk",AI综合评估 + O*NET/ILO/OECD锚点校准
GOV-0601-PT-general,公共管理与公务员,GOV,军事,军官,Military Officer,0110,55-1011.00,南欧,葡萄牙,PT,country,general,本科/军校,18-25,global,7.0,6.9,4.6,7.8,3.4,2.8,4.5,3.9,6.1,5.5,9.1,3.8,4.5,3.6,4.4,5.5,4.7,2.3,7.6,8.1,0.5,4.5,3.5,7.9,1.3,4.4,3.9,7.4,6.9,8.6,1.3,0.7,3.9,9.3,0,1,→,2035+,4.8,葡萄牙军官：就业极其稳定，准入门槛高，职业安全风险高,"Portugal Military Officer: extremely stable employment, high entry barrier, high safety risk",AI综合评估 + O*NET/ILO/OECD锚点校准
GOV-0601-PL-general,公共管理与公务员,GOV,军事,军官,Military Officer,0110,55-1011.00,东欧,波兰,PL,country,general,本科/军校,18-25,global,7.3,7.0,4.7,7.7,3.8,2.7,4.3,3.7,6.1,5.6,9.1,3.7,4.0,4.0,4.2,5.7,4.8,2.5,7.8,8.0,0.8,4.5,3.3,7.7,0.9,4.0,3.9,7.4,6.7,8.2,1.3,0.8,3.3,9.5,0,1,→,2035+,4.76,波兰军官：就业极其稳定，准入门槛高，职业安全风险高,"Poland Military Officer: extremely stable employment, high entry barrier, high safety risk",AI综合评估 + O*NET/ILO/OECD锚点校准
GOV-0601-CZ-general,公共管理与公务员,GOV,军事,军官,Military Officer,0110,55-1011.00,东欧,捷克,CZ,country,general,本科/军校,18-25,global,7.3,6.8,4.4,8.1,3.3,2.5,4.4,4.0,6.2,5.8,9.0,3.8,4.4,4.3,4.6,5.8,4.6,2.5,7.7,8.6,0.8,4.9,3.4,7.7,1.3,3.7,4.0,7.3,6.8,8.6,1.7,0.8,3.4,9.7,0,1,→,2035+,4.81,捷克军官：就业极其稳定，准入门槛高，职业安全风险高,"Czech Republic Military Officer: extremely stable employment, high entry barrier, high safety risk",AI综合评估 + O*NET/ILO/OECD锚点校准
GOV-0601-RU-general,公共管理与公务员,GOV,军事,军官,Military Officer,0110,55-1011.00,东欧,俄罗斯,RU,country,general,本科/军校,18-25,global,7.1,7.1,4.8,7.4,4.6,3.9,4.3,3.9,6.9,5.1,8.3,3.5,3.7,3.5,3.9,5.6,4.4,2.9,7.4,8.6,0.2,4.5,2.6,7.2,0.8,3.7,3.9,7.6,6.9,8.4,1.2,0.5,3.3,9.5,0,2,↑,2032-2038,4.66,俄罗斯军官：就业稳定，准入门槛高，职业安全风险高,"Russia Military Officer: stable employment, high entry barrier, high safety risk",AI综合评估 + O*NET/ILO/OECD锚点校准
GOV-0601-US-general,公共管理与公务员,GOV,军事,军官,Military Officer,0110,55-1011.00,北美,美国,US,country,general,本科/军校,18-25,global,7.2,7.5,4.1,7.7,3.7,2.5,4.9,3.8,8.5,5.7,8.9,3.6,4.1,3.4,3.9,5.5,4.6,2.1,7.7,8.9,0.2,4.8,3.1,7.9,0.9,4.3,3.8,7.4,6.9,8.4,1.6,0.7,4.0,9.2,0,1,→,2035+,4.88,美国军官：就业极其稳定，薪资回报高，准入门槛高,"United States Military Officer: extremely stable employment, high compensation, high entry barrier",AI综合评估 + O*NET/ILO/OECD锚点校准
GOV-0601-CA-general,公共管理与公务员,GOV,军事,军官,Military Officer,0110,55-1011.00,北美,加拿大,CA,country,general,本科/军校,18-25,global,7.1,7.3,4.9,7.7,3.1,2.9,4.6,4.2,7.0,6.2,9.5,3.8,4.4,4.3,4.7,5.9,4.8,2.4,7.9,8.4,0.9,5.0,3.5,7.6,1.2,4.8,4.3,7.6,6.9,8.6,1.6,0.5,3.9,9.7,0,1,→,2035+,4.98,加拿大军官：就业极其稳定，准入门槛高，职业安全风险高,"Canada Military Officer: extremely stable employment, high entry barrier, high safety risk",AI综合评估 + O*NET/ILO/OECD锚点校准
GOV-0601-MX-general,公共管理与公务员,GOV,军事,军官,Military Officer,0110,55-1011.00,北美,墨西哥,MX,country,general,本科/军校,18-25,global,6.9,6.7,4.7,7.2,3.1,3.1,4.4,3.9,5.7,5.3,8.0,3.3,3.7,3.3,3.9,5.7,4.3,2.6,7.4,8.1,0.3,4.0,2.6,7.0,1.1,3.2,3.8,7.8,6.9,8.2,1.5,0.5,3.4,9.5,0,1,→,2032-2038,4.51,墨西哥军官：就业稳定，准入门槛高，职业安全风险高,"Mexico Military Officer: stable employment, high entry barrier, high safety risk",AI综合评估 + O*NET/ILO/OECD锚点校准
GOV-0601-BR-general,公共管理与公务员,GOV,军事,军官,Military Officer,0110,55-1011.00,南美,巴西,BR,country,general,本科/军校,18-25,global,7.2,7.2,4.7,7.7,4.0,3.7,4.5,4.4,6.5,5.5,8.7,3.3,4.2,3.6,3.8,5.4,4.2,2.5,7.2,8.6,0.5,4.4,3.3,7.0,0.8,3.7,4.1,7.4,7.2,8.7,1.3,0.4,3.1,9.7,0,2,↑,2032-2038,4.67,巴西军官：就业极其稳定，准入门槛高，职业安全风险高,"Brazil Military Officer: extremely stable employment, high entry barrier, high safety risk",AI综合评估 + O*NET/ILO/OECD锚点校准
GOV-0601-AR-general,公共管理与公务员,GOV,军事,军官,Military Officer,0110,55-1011.00,南美,阿根廷,AR,country,general,本科/军校,18-25,global,6.7,7.0,4.6,7.0,3.9,3.9,4.2,3.9,5.3,5.2,7.8,3.2,3.7,3.1,3.6,5.4,4.3,2.5,7.7,7.7,0.4,4.0,2.8,7.1,0.8,3.3,3.8,7.4,6.9,8.3,1.4,0.3,3.3,9.4,-1,2,↑,2035+,4.48,阿根廷军官：就业稳定，准入门槛高，职业安全风险高,"Argentina Military Officer: stable employment, high entry barrier, high safety risk",AI综合评估 + O*NET/ILO/OECD锚点校准
GOV-0601-CL-general,公共管理与公务员,GOV,军事,军官,Military Officer,0110,55-1011.00,南美,智利,CL,country,general,本科/军校,18-25,global,7.2,7.1,4.2,7.5,3.1,2.6,4.3,3.6,6.3,5.8,9.0,3.6,4.2,3.2,4.1,5.3,4.8,2.3,7.6,8.2,0.3,4.7,2.9,7.8,0.9,3.3,4.0,7.2,6.9,8.5,1.2,0.9,3.5,9.2,0,1,→,2035+,4.67,智利军官：就业极其稳定，准入门槛高，职业安全风险高,"Chile Military Officer: extremely stable employment, high entry barrier, high safety risk",AI综合评估 + O*NET/ILO/OECD锚点校准
GOV-0601-CO-general,公共管理与公务员,GOV,军事,军官,Military Officer,0110,55-1011.00,南美,哥伦比亚,CO,country,general,本科/军校,18-25,global,7.2,7.2,4.5,7.5,3.8,3.3,4.4,4.1,5.8,5.3,7.9,3.3,4.2,3.3,3.9,5.8,4.4,2.8,7.4,7.9,0.3,4.6,2.6,7.1,0.9,3.1,4.0,7.6,7.1,8.4,1.5,0.5,3.0,9.4,0,1,→,2032-2038,4.52,哥伦比亚军官：就业稳定，准入门槛高，职业安全风险高,"Colombia Military Officer: stable employment, high entry barrier, high safety risk",AI综合评估 + O*NET/ILO/OECD锚点校准
GOV-0601-AU-general,公共管理与公务员,GOV,军事,军官,Military Officer,0110,55-1011.00,大洋洲,澳大利亚,AU,country,general,本科/军校,18-25,global,7.4,7.2,4.7,8.2,3.2,3.0,4.6,3.9,7.6,6.0,9.8,3.8,4.6,4.4,4.5,5.5,4.4,2.2,7.9,8.8,0.8,5.0,4.0,7.7,1.1,4.8,4.3,7.4,6.8,8.5,1.7,0.6,3.9,9.2,0,1,→,2035+,5.03,澳大利亚军官：就业极其稳定，薪资回报高，准入门槛高,"Australia Military Officer: extremely stable employment, high compensation, high entry barrier",AI综合评估 + O*NET/ILO/OECD锚点校准
GOV-0601-NZ-general,公共管理与公务员,GOV,军事,军官,Military Officer,0110,55-1011.00,大洋洲,新西兰,NZ,country,general,本科/军校,18-25,global,7.4,7.1,4.7,8.1,2.9,2.8,4.4,4.0,7.0,6.0,9.7,4.0,4.7,4.1,4.4,5.9,4.6,2.3,7.4,8.3,0.6,4.9,4.0,7.7,1.5,4.8,4.3,7.5,7.2,8.5,1.4,1.0,3.9,9.3,0,1,→,2032-2038,4.95,新西兰军官：就业极其稳定，准入门槛高，职业安全风险高,"New Zealand Military Officer: extremely stable employment, high entry barrier, high safety risk",AI综合评估 + O*NET/ILO/OECD锚点校准
GOV-0601-ZA-general,公共管理与公务员,GOV,军事,军官,Military Officer,0110,55-1011.00,非洲,南非,ZA,country,general,本科/军校,18-25,global,7.1,6.7,4.8,7.1,3.3,3.4,4.0,4.1,6.1,5.2,7.8,3.4,3.7,3.6,4.0,5.8,4.7,2.5,7.3,7.9,0.2,4.0,2.5,7.1,0.8,3.3,3.6,7.7,6.7,8.0,1.7,0.3,3.3,9.6,0,1,→,2032-2038,4.53,南非军官：就业稳定，准入门槛高，职业安全风险高,"South Africa Military Officer: stable employment, high entry barrier, high safety risk",AI综合评估 + O*NET/ILO/OECD锚点校准
GOV-0601-NG-general,公共管理与公务员,GOV,军事,军官,Military Officer,0110,55-1011.00,非洲,尼日利亚,NG,country,general,本科/军校,18-25,global,6.6,6.4,4.7,7.4,3.4,3.1,3.9,4.0,5.3,4.9,7.3,3.0,3.6,2.6,3.4,5.4,4.2,2.7,7.4,7.7,0.6,4.2,2.1,6.9,0.9,2.9,3.7,7.3,6.7,8.3,1.7,0.1,3.0,9.6,-1,1,→,2032-2038,4.34,尼日利亚军官：准入门槛高，职业安全风险高，AI替代抗性强,"Nigeria Military Officer: high entry barrier, high safety risk, strong AI resistance",AI综合评估 + O*NET/ILO/OECD锚点校准
GOV-0601-KE-general,公共管理与公务员,GOV,军事,军官,Military Officer,0110,55-1011.00,非洲,肯尼亚,KE,country,general,本科/军校,18-25,global,6.8,6.7,4.8,7.1,3.6,3.4,4.0,4.0,5.5,4.7,7.4,3.3,3.8,3.0,3.9,5.1,4.3,2.7,7.3,7.8,0.2,4.0,2.9,7.5,1.1,3.0,3.8,7.6,7.1,8.0,1.4,0.1,3.3,9.5,-1,1,→,2032-2038,4.43,肯尼亚军官：准入门槛高，职业安全风险高，AI替代抗性强,"Kenya Military Officer: high entry barrier, high safety risk, strong AI resistance",AI综合评估 + O*NET/ILO/OECD锚点校准
GOV-0601-EG-general,公共管理与公务员,GOV,军事,军官,Military Officer,0110,55-1011.00,非洲,埃及,EG,country,general,本科/军校,18-25,global,7.0,6.6,5.0,7.2,4.6,4.1,4.4,4.0,6.2,5.2,8.4,3.4,3.6,2.9,4.1,5.6,4.2,2.9,7.3,8.7,0.7,4.5,2.4,7.3,1.2,2.4,3.9,7.7,6.9,8.6,1.3,0.5,3.5,9.5,0,2,↑,2032-2038,4.63,埃及军官：就业稳定，准入门槛高，职业安全风险高,"Egypt Military Officer: stable employment, high entry barrier, high safety risk",AI综合评估 + O*NET/ILO/OECD锚点校准
GOV-0602-CN-general,公共管理与公务员,GOV,军事,士兵/士官,Enlisted Soldier / NCO,0210,55-3019.00,东亚,中国,CN,country,general,高中/大专,18-22,global,3.7,3.5,3.8,6.5,6.0,6.3,4.2,4.3,3.9,4.8,8.3,3.3,3.0,2.0,3.0,4.3,3.7,3.0,6.9,6.2,0.3,2.0,1.9,5.7,0.7,3.3,2.9,7.2,9.2,5.9,1.5,0.2,2.5,9.5,0,1,→,2032-2038,4.29,中国士兵/士官：就业稳定，薪资水平偏低，职业安全风险高,"China Enlisted Soldier / NCO: stable employment, relatively low pay, high safety risk",AI综合评估 + O*NET/ILO/OECD锚点校准
GOV-0602-JP-general,公共管理与公务员,GOV,军事,士兵/士官,Enlisted Soldier / NCO,0210,55-3019.00,东亚,日本,JP,country,general,高中/大专,18-22,global,3.8,3.5,3.1,6.6,5.4,5.3,4.4,4.2,4.5,5.6,9.0,3.6,3.6,2.1,3.7,4.0,3.8,2.9,7.1,6.0,0.2,2.0,2.5,6.0,1.1,2.8,2.9,7.1,8.9,5.6,1.5,0.9,2.5,9.2,0,0,→,2032-2038,4.42,日本士兵/士官：就业极其稳定，职业安全风险高，AI替代抗性强,"Japan Enlisted Soldier / NCO: extremely stable employment, high safety risk, strong AI resistance",AI综合评估 + O*NET/ILO/OECD锚点校准
GOV-0602-KR-general,公共管理与公务员,GOV,军事,士兵/士官,Enlisted Soldier / NCO,0210,55-3019.00,东亚,韩国,KR,country,general,高中/大专,18-22,global,3.4,3.3,3.3,6.3,5.1,5.0,4.6,4.5,4.7,5.1,8.5,3.3,3.1,2.2,3.2,4.2,3.8,2.8,7.2,6.7,0.4,1.9,2.3,5.9,1.1,2.7,2.7,7.3,8.8,5.3,1.6,0.3,2.7,9.8,0,0,→,2032-2038,4.4,韩国士兵/士官：就业极其稳定，职业安全风险高，AI替代抗性强,"South Korea Enlisted Soldier / NCO: extremely stable employment, high safety risk, strong AI resistance",AI综合评估 + O*NET/ILO/OECD锚点校准
GOV-0602-TW-general,公共管理与公务员,GOV,军事,士兵/士官,Enlisted Soldier / NCO,0210,55-3019.00,东亚,中国台湾地区,TW,region,general,高中/大专,18-22,global,3.9,3.3,3.0,6.3,5.2,4.6,4.4,4.3,3.9,4.8,8.1,3.2,3.3,2.1,3.6,4.3,3.8,2.9,7.1,5.8,0.1,2.1,2.1,6.0,1.4,3.2,2.9,7.3,9.1,5.2,1.5,0.9,2.6,9.7,0,0,→,2032-2038,4.28,中国台湾地区士兵/士官：就业稳定，薪资水平偏低，职业安全风险高,"Taiwan (China) Enlisted Soldier / NCO: stable employment, relatively low pay, high safety risk",AI综合评估 + O*NET/ILO/OECD锚点校准
GOV-0602-HK-general,公共管理与公务员,GOV,军事,士兵/士官,Enlisted Soldier / NCO,0210,55-3019.00,东亚,中国香港地区,HK,region,general,高中/大专,18-22,global,3.4,3.0,2.9,6.3,4.1,4.5,4.2,4.1,4.0,4.8,8.4,3.0,3.2,2.0,3.2,4.2,3.6,2.6,7.1,5.4,0.4,2.4,2.1,6.4,1.4,3.5,2.9,6.8,8.8,5.0,1.7,0.9,2.5,9.5,0,0,→,2032-2038,4.27,中国香港地区士兵/士官：就业稳定，薪资水平偏低，职业安全风险高,"Hong Kong (China) Enlisted Soldier / NCO: stable employment, relatively low pay, high safety risk",AI综合评估 + O*NET/ILO/OECD锚点校准
GOV-0602-SG-general,公共管理与公务员,GOV,军事,士兵/士官,Enlisted Soldier / NCO,0210,55-3019.00,东南亚,新加坡,SG,country,general,高中/大专,18-22,global,4.0,3.5,3.2,7.0,4.8,4.7,4.5,4.1,5.4,6.0,9.5,3.6,3.2,2.1,3.5,4.3,4.0,2.4,6.9,6.0,0.5,2.7,2.3,6.4,1.2,3.9,2.7,6.8,9.2,5.2,1.1,0.7,2.7,9.3,0,-1,→,2032-2038,4.56,新加坡士兵/士官：就业极其稳定，职业安全风险高，无法远程办公,"Singapore Enlisted Soldier / NCO: extremely stable employment, high safety risk, no remote work possible",AI综合评估 + O*NET/ILO/OECD锚点校准
GOV-0602-TH-general,公共管理与公务员,GOV,军事,士兵/士官,Enlisted Soldier / NCO,0210,55-3019.00,东南亚,泰国,TH,country,general,高中/大专,18-22,global,3.2,3.0,3.1,5.8,5.5,5.3,3.6,3.7,3.2,4.2,7.5,3.0,3.3,2.4,3.8,4.3,3.2,3.1,7.1,5.6,0.4,2.0,2.7,6.1,0.9,3.0,3.2,6.9,8.9,5.0,1.5,0.5,2.1,9.7,0,0,→,2032-2038,4.15,泰国士兵/士官：就业稳定，薪资水平偏低，职业安全风险高,"Thailand Enlisted Soldier / NCO: stable employment, relatively low pay, high safety risk",AI综合评估 + O*NET/ILO/OECD锚点校准
GOV-0602-VN-general,公共管理与公务员,GOV,军事,士兵/士官,Enlisted Soldier / NCO,0210,55-3019.00,东南亚,越南,VN,country,general,高中/大专,18-22,global,3.5,3.1,3.3,6.1,5.5,6.0,3.8,4.2,2.7,4.4,7.7,3.3,3.6,2.1,3.4,4.1,3.5,3.1,7.1,5.8,0.4,1.9,2.0,5.9,1.1,3.1,2.7,7.3,8.7,5.3,1.2,0.4,2.1,9.4,0,1,→,2032-2038,4.17,越南士兵/士官：就业稳定，薪资水平偏低，职业安全风险高,"Vietnam Enlisted Soldier / NCO: stable employment, relatively low pay, high safety risk",AI综合评估 + O*NET/ILO/OECD锚点校准
GOV-0602-ID-general,公共管理与公务员,GOV,军事,士兵/士官,Enlisted Soldier / NCO,0210,55-3019.00,东南亚,印度尼西亚,ID,country,general,高中/大专,18-22,global,3.3,2.7,3.1,6.2,5.0,5.4,3.9,4.0,2.5,4.4,7.1,2.9,3.7,2.4,3.6,3.6,3.6,3.2,7.2,5.0,0.2,1.7,2.6,6.1,0.6,2.7,2.8,7.3,9.2,5.1,1.5,0.6,2.1,9.9,0,0,→,2032-2038,4.07,印度尼西亚士兵/士官：薪资水平偏低，职业安全风险高，AI替代抗性强,"Indonesia Enlisted Soldier / NCO: relatively low pay, high safety risk, strong AI resistance",AI综合评估 + O*NET/ILO/OECD锚点校准
GOV-0602-MY-general,公共管理与公务员,GOV,军事,士兵/士官,Enlisted Soldier / NCO,0210,55-3019.00,东南亚,马来西亚,MY,country,general,高中/大专,18-22,global,3.6,3.2,3.1,6.2,5.0,5.1,4.0,4.2,3.4,4.7,7.9,3.1,3.6,2.0,3.6,4.3,3.2,2.9,6.9,5.2,0.4,2.1,2.5,5.8,1.2,2.8,2.8,6.9,9.1,5.0,1.5,0.3,2.6,9.4,0,0,→,2032-2038,4.19,马来西亚士兵/士官：就业稳定，薪资水平偏低，职业安全风险高,"Malaysia Enlisted Soldier / NCO: stable employment, relatively low pay, high safety risk",AI综合评估 + O*NET/ILO/OECD锚点校准
GOV-0602-PH-general,公共管理与公务员,GOV,军事,士兵/士官,Enlisted Soldier / NCO,0210,55-3019.00,东南亚,菲律宾,PH,country,general,高中/大专,18-22,global,3.7,3.1,2.8,5.7,5.1,5.4,3.9,4.1,2.1,3.8,7.1,2.7,3.1,2.5,3.4,4.1,3.2,3.1,6.9,4.8,0.7,1.9,2.4,5.8,1.0,3.1,2.9,7.1,8.9,4.6,1.4,0.4,2.8,9.7,0,0,→,2032-2038,4.01,菲律宾士兵/士官：薪资水平偏低，职业安全风险高，无法远程办公,"Philippines Enlisted Soldier / NCO: relatively low pay, high safety risk, no remote work possible",AI综合评估 + O*NET/ILO/OECD锚点校准
GOV-0602-IN-general,公共管理与公务员,GOV,军事,士兵/士官,Enlisted Soldier / NCO,0210,55-3019.00,南亚,印度,IN,country,general,高中/大专,18-22,global,3.4,3.4,3.3,6.0,5.6,5.8,4.5,4.4,3.8,4.8,7.9,3.0,3.3,2.1,3.1,4.1,3.7,3.3,7.1,6.1,0.6,1.6,2.0,5.6,0.9,2.7,3.0,6.9,8.9,5.8,1.7,0.5,2.7,9.6,0,1,→,2032-2038,4.23,印度士兵/士官：就业稳定，薪资水平偏低，职业安全风险高,"India Enlisted Soldier / NCO: stable employment, relatively low pay, high safety risk",AI综合评估 + O*NET/ILO/OECD锚点校准
GOV-0602-PK-general,公共管理与公务员,GOV,军事,士兵/士官,Enlisted Soldier / NCO,0210,55-3019.00,南亚,巴基斯坦,PK,country,general,高中/大专,18-22,global,3.3,3.2,3.0,5.9,5.8,5.6,4.2,4.1,3.4,4.1,7.0,2.6,3.3,1.8,2.9,4.1,3.4,3.3,7.2,5.6,0.3,1.5,1.7,6.0,1.0,1.9,2.7,6.7,8.9,5.2,1.8,0.6,2.0,9.9,0,0,→,2032-2038,4.02,巴基斯坦士兵/士官：薪资水平偏低，职业安全风险高，AI替代抗性强,"Pakistan Enlisted Soldier / NCO: relatively low pay, high safety risk, strong AI resistance",AI综合评估 + O*NET/ILO/OECD锚点校准
GOV-0602-BD-general,公共管理与公务员,GOV,军事,士兵/士官,Enlisted Soldier / NCO,0210,55-3019.00,南亚,孟加拉国,BD,country,general,高中/大专,18-22,global,3.3,3.1,3.1,5.7,4.9,5.1,4.0,4.2,2.5,3.9,7.2,2.8,3.1,1.7,3.1,3.6,3.4,3.0,7.0,5.2,0.5,1.7,2.1,5.9,0.7,2.0,2.6,7.0,8.8,5.0,1.2,0.5,2.0,9.3,0,0,→,2032-2038,3.97,孟加拉国士兵/士官：薪资水平偏低，职业安全风险高，AI替代抗性强,"Bangladesh Enlisted Soldier / NCO: relatively low pay, high safety risk, strong AI resistance",AI综合评估 + O*NET/ILO/OECD锚点校准
GOV-0602-AE-general,公共管理与公务员,GOV,军事,士兵/士官,Enlisted Soldier / NCO,0210,55-3019.00,中亚/西亚,阿联酋,AE,country,general,高中/大专,18-22,global,3.7,3.0,3.5,6.7,5.4,5.4,3.5,4.1,5.3,5.3,8.6,3.5,3.6,2.3,3.5,4.2,3.8,2.9,6.9,5.7,0.4,2.2,2.1,6.5,0.9,2.6,2.9,7.2,8.8,4.4,1.2,0.5,2.6,9.5,0,0,→,2032-2038,4.44,阿联酋士兵/士官：就业极其稳定，职业安全风险高，无法远程办公,"United Arab Emirates Enlisted Soldier / NCO: extremely stable employment, high safety risk, no remote work possible",AI综合评估 + O*NET/ILO/OECD锚点校准
GOV-0602-IL-general,公共管理与公务员,GOV,军事,士兵/士官,Enlisted Soldier / NCO,0210,55-3019.00,中亚/西亚,以色列,IL,country,general,高中/大专,18-22,global,4.0,3.4,3.2,6.2,5.8,5.3,4.1,3.7,4.8,5.0,7.8,3.1,3.4,2.5,3.3,4.3,3.8,2.7,7.0,5.8,0.8,2.2,2.8,6.2,1.0,3.5,2.7,7.2,8.8,5.2,1.6,0.6,2.5,9.7,0,0,→,2032-2038,4.36,以色列士兵/士官：就业稳定，职业安全风险高，AI替代抗性强,"Israel Enlisted Soldier / NCO: stable employment, high safety risk, strong AI resistance",AI综合评估 + O*NET/ILO/OECD锚点校准
GOV-0602-SA-general,公共管理与公务员,GOV,军事,士兵/士官,Enlisted Soldier / NCO,0210,55-3019.00,中亚/西亚,沙特阿拉伯,SA,country,general,高中/大专,18-22,global,3.7,2.8,3.6,6.3,6.5,6.1,3.6,3.8,4.9,5.2,8.1,3.2,3.5,1.9,3.2,4.0,3.8,3.2,6.8,5.8,0.6,2.0,2.0,6.1,1.1,2.0,2.8,7.2,9.2,4.6,1.2,0.2,2.3,9.5,0,1,→,2032-2038,4.33,沙特阿拉伯士兵/士官：就业稳定，职业安全风险高，无法远程办公,"Saudi Arabia Enlisted Soldier / NCO: stable employment, high safety risk, no remote work possible",AI综合评估 + O*NET/ILO/OECD锚点校准
GOV-0602-TR-general,公共管理与公务员,GOV,军事,士兵/士官,Enlisted Soldier / NCO,0210,55-3019.00,中亚/西亚,土耳其,TR,country,general,高中/大专,18-22,global,3.4,2.8,3.3,6.0,5.5,5.7,4.4,4.3,3.7,4.2,7.4,2.8,3.4,1.9,2.9,3.8,3.1,3.2,6.9,5.6,0.2,1.9,2.3,5.8,0.8,2.5,2.7,6.9,8.7,5.4,1.3,0.4,2.4,9.7,0,0,→,2032-2038,4.12,土耳其士兵/士官：薪资水平偏低，职业安全风险高，无法远程办公,"Turkey Enlisted Soldier / NCO: relatively low pay, high safety risk, no remote work possible",AI综合评估 + O*NET/ILO/OECD锚点校准
GOV-0602-GB-general,公共管理与公务员,GOV,军事,士兵/士官,Enlisted Soldier / NCO,0210,55-3019.00,西欧,英国,GB,country,general,高中/大专,18-22,global,3.7,3.2,2.9,6.1,5.3,4.6,4.3,3.7,4.5,4.8,8.7,3.3,3.5,3.3,4.2,4.5,3.6,2.9,6.9,6.1,0.5,2.3,3.2,6.5,1.3,3.9,3.2,7.1,8.8,4.9,1.3,0.8,2.8,9.6,0,0,→,2032-2038,4.47,英国士兵/士官：就业极其稳定，职业安全风险高，无法远程办公,"United Kingdom Enlisted Soldier / NCO: extremely stable employment, high safety risk, no remote work possible",AI综合评估 + O*NET/ILO/OECD锚点校准
GOV-0602-FR-general,公共管理与公务员,GOV,军事,士兵/士官,Enlisted Soldier / NCO,0210,55-3019.00,西欧,法国,FR,country,general,高中/大专,18-22,global,3.5,3.4,3.5,6.2,5.7,5.8,4.1,4.3,3.8,5.0,8.5,3.3,4.1,3.4,3.8,4.4,3.7,2.8,7.1,6.3,0.9,2.6,2.9,6.2,1.2,3.7,3.3,7.0,9.3,5.2,1.6,0.6,2.9,9.5,0,1,→,2032-2038,4.52,法国士兵/士官：就业极其稳定，薪资水平偏低，职业安全风险高,"France Enlisted Soldier / NCO: extremely stable employment, relatively low pay, high safety risk",AI综合评估 + O*NET/ILO/OECD锚点校准
GOV-0602-DE-general,公共管理与公务员,GOV,军事,士兵/士官,Enlisted Soldier / NCO,0210,55-3019.00,西欧,德国,DE,country,general,高中/大专,18-22,global,3.4,3.4,3.2,6.8,4.9,5.0,4.1,4.1,3.9,5.5,8.9,3.4,4.0,3.6,3.9,4.1,3.7,2.7,7.3,6.1,0.5,2.3,3.2,6.2,1.1,3.6,3.2,7.3,8.9,5.4,1.1,0.5,2.7,9.7,0,0,→,2032-2038,4.52,德国士兵/士官：就业极其稳定，薪资水平偏低，职业安全风险高,"Germany Enlisted Soldier / NCO: extremely stable employment, relatively low pay, high safety risk",AI综合评估 + O*NET/ILO/OECD锚点校准
GOV-0602-NL-general,公共管理与公务员,GOV,军事,士兵/士官,Enlisted Soldier / NCO,0210,55-3019.00,西欧,荷兰,NL,country,general,高中/大专,18-22,global,3.3,3.3,2.9,6.2,4.8,4.9,3.9,4.2,3.9,5.0,8.5,3.3,4.3,3.3,4.2,4.5,3.9,2.6,6.9,5.7,0.7,2.6,3.6,6.5,0.9,4.6,3.7,7.0,8.7,5.2,1.1,0.9,2.9,9.3,0,0,→,2032-2038,4.53,荷兰士兵/士官：就业极其稳定，薪资水平偏低，职业安全风险高,"Netherlands Enlisted Soldier / NCO: extremely stable employment, relatively low pay, high safety risk",AI综合评估 + O*NET/ILO/OECD锚点校准
GOV-0602-CH-general,公共管理与公务员,GOV,军事,士兵/士官,Enlisted Soldier / NCO,0210,55-3019.00,西欧,瑞士,CH,country,general,高中/大专,18-22,global,4.0,3.1,3.0,6.9,4.6,4.1,3.8,3.9,4.7,5.6,9.1,3.6,4.0,3.1,4.3,4.0,3.4,2.4,7.2,5.8,0.8,2.7,3.1,6.3,1.4,3.8,3.5,7.0,9.0,4.8,1.0,1.0,3.0,9.2,0,-1,→,2032-2038,4.58,瑞士士兵/士官：就业极其稳定，职业安全风险高，AI替代抗性强,"Switzerland Enlisted Soldier / NCO: extremely stable employment, high safety risk, strong AI resistance",AI综合评估 + O*NET/ILO/OECD锚点校准
GOV-0602-SE-general,公共管理与公务员,GOV,军事,士兵/士官,Enlisted Soldier / NCO,0210,55-3019.00,北欧,瑞典,SE,country,general,高中/大专,18-22,global,3.7,2.9,3.2,6.4,5.3,5.6,3.7,4.1,4.1,5.2,8.9,3.6,3.9,3.5,4.0,4.0,3.8,2.5,7.2,5.7,1.2,2.7,3.6,6.3,1.3,4.5,3.3,7.0,8.8,4.5,1.1,0.9,3.1,9.6,0,0,→,2032-2038,4.63,瑞典士兵/士官：就业极其稳定，职业安全风险高，AI替代抗性强,"Sweden Enlisted Soldier / NCO: extremely stable employment, high safety risk, strong AI resistance",AI综合评估 + O*NET/ILO/OECD锚点校准
GOV-0602-DK-general,公共管理与公务员,GOV,军事,士兵/士官,Enlisted Soldier / NCO,0210,55-3019.00,北欧,丹麦,DK,country,general,高中/大专,18-22,global,3.8,3.0,3.3,6.7,5.1,5.6,3.5,3.9,4.3,5.2,8.8,3.6,4.0,3.6,4.2,4.4,4.1,2.4,7.1,5.1,1.0,2.5,3.8,6.7,1.2,4.4,3.2,7.0,8.7,4.6,1.1,0.6,2.7,9.4,0,0,→,2032-2038,4.62,丹麦士兵/士官：就业极其稳定，职业安全风险高，AI替代抗性强,"Denmark Enlisted Soldier / NCO: extremely stable employment, high safety risk, strong AI resistance",AI综合评估 + O*NET/ILO/OECD锚点校准
GOV-0602-FI-general,公共管理与公务员,GOV,军事,士兵/士官,Enlisted Soldier / NCO,0210,55-3019.00,北欧,芬兰,FI,country,general,高中/大专,18-22,global,3.5,2.8,3.5,6.6,5.2,4.9,3.6,3.7,3.8,5.3,8.8,3.7,4.2,3.9,4.5,4.1,3.8,2.8,7.3,5.3,0.7,2.3,3.8,6.2,0.9,4.5,3.2,6.9,8.9,4.7,1.5,0.4,2.6,9.5,0,0,→,2032-2038,4.54,芬兰士兵/士官：就业极其稳定，薪资水平偏低，职业安全风险高,"Finland Enlisted Soldier / NCO: extremely stable employment, relatively low pay, high safety risk",AI综合评估 + O*NET/ILO/OECD锚点校准
GOV-0602-IT-general,公共管理与公务员,GOV,军事,士兵/士官,Enlisted Soldier / NCO,0210,55-3019.00,南欧,意大利,IT,country,general,高中/大专,18-22,global,3.7,3.0,2.9,6.4,5.4,5.6,4.3,4.4,3.7,4.8,7.6,3.1,3.9,2.4,3.6,4.4,3.5,3.1,7.1,5.8,0.5,1.9,2.8,5.9,0.7,2.9,2.9,6.9,8.7,5.2,1.2,0.3,2.3,9.7,0,0,→,2032-2038,4.28,意大利士兵/士官：就业稳定，薪资水平偏低，职业安全风险高,"Italy Enlisted Soldier / NCO: stable employment, relatively low pay, high safety risk",AI综合评估 + O*NET/ILO/OECD锚点校准
GOV-0602-ES-general,公共管理与公务员,GOV,军事,士兵/士官,Enlisted Soldier / NCO,0210,55-3019.00,南欧,西班牙,ES,country,general,高中/大专,18-22,global,3.7,3.1,2.9,6.1,4.7,5.3,4.4,4.1,3.2,4.7,8.2,3.1,3.8,2.9,3.6,4.1,3.7,2.8,7.0,5.6,0.6,2.2,2.8,5.9,1.1,3.2,2.9,6.9,9.1,5.2,1.3,0.4,2.5,9.3,0,0,→,2032-2038,4.28,西班牙士兵/士官：就业稳定，薪资水平偏低，职业安全风险高,"Spain Enlisted Soldier / NCO: stable employment, relatively low pay, high safety risk",AI综合评估 + O*NET/ILO/OECD锚点校准
GOV-0602-PT-general,公共管理与公务员,GOV,军事,士兵/士官,Enlisted Soldier / NCO,0210,55-3019.00,南欧,葡萄牙,PT,country,general,高中/大专,18-22,global,3.5,2.9,3.4,6.1,4.8,5.0,4.3,4.1,2.8,4.5,8.2,3.2,3.5,2.7,4.1,4.2,3.8,3.1,6.7,5.6,0.7,2.3,2.6,6.0,1.0,3.7,3.0,7.2,8.8,5.1,1.1,0.8,2.9,9.8,0,0,→,2032-2038,4.29,葡萄牙士兵/士官：就业稳定，薪资水平偏低，职业安全风险高,"Portugal Enlisted Soldier / NCO: stable employment, relatively low pay, high safety risk",AI综合评估 + O*NET/ILO/OECD锚点校准
GOV-0602-PL-general,公共管理与公务员,GOV,军事,士兵/士官,Enlisted Soldier / NCO,0210,55-3019.00,东欧,波兰,PL,country,general,高中/大专,18-22,global,3.8,2.9,3.2,5.9,5.2,4.8,4.1,4.1,3.2,4.7,7.5,3.1,3.4,3.1,3.5,4.2,3.7,3.1,7.0,5.3,0.6,2.0,2.9,5.9,0.9,3.6,3.3,6.8,9.0,4.6,1.3,0.5,2.4,9.2,0,0,→,2032-2038,4.24,波兰士兵/士官：就业稳定，薪资水平偏低，职业安全风险高,"Poland Enlisted Soldier / NCO: stable employment, relatively low pay, high safety risk",AI综合评估 + O*NET/ILO/OECD锚点校准
GOV-0602-CZ-general,公共管理与公务员,GOV,军事,士兵/士官,Enlisted Soldier / NCO,0210,55-3019.00,东欧,捷克,CZ,country,general,高中/大专,18-22,global,3.7,3.1,3.0,6.2,4.9,5.0,3.9,3.8,3.4,4.6,8.4,3.2,3.8,2.9,3.9,4.1,3.8,2.7,7.2,5.3,0.8,2.3,3.3,6.4,0.9,3.2,3.3,7.2,9.2,4.8,1.6,0.6,2.9,9.5,0,0,→,2032-2038,4.35,捷克士兵/士官：就业稳定，薪资水平偏低，职业安全风险高,"Czech Republic Enlisted Soldier / NCO: stable employment, relatively low pay, high safety risk",AI综合评估 + O*NET/ILO/OECD锚点校准
GOV-0602-RU-general,公共管理与公务员,GOV,军事,士兵/士官,Enlisted Soldier / NCO,0210,55-3019.00,东欧,俄罗斯,RU,country,general,高中/大专,18-22,global,3.7,2.8,3.1,5.7,6.5,5.9,3.4,4.0,3.9,4.1,7.3,2.9,3.3,2.2,3.3,3.8,3.1,3.1,7.2,5.5,0.7,1.9,2.5,5.8,0.8,3.0,2.6,6.7,8.7,4.8,1.7,0.5,2.5,9.6,0,1,→,2032-2038,4.16,俄罗斯士兵/士官：薪资水平偏低，职业安全风险高，AI替代抗性强,"Russia Enlisted Soldier / NCO: relatively low pay, high safety risk, strong AI resistance",AI综合评估 + O*NET/ILO/OECD锚点校准
GOV-0602-US-general,公共管理与公务员,GOV,军事,士兵/士官,Enlisted Soldier / NCO,0210,55-3019.00,北美,美国,US,country,general,高中/大专,18-22,global,3.5,3.2,2.9,6.2,5.2,4.6,3.9,3.9,5.2,5.2,7.9,3.2,3.7,2.5,3.3,4.2,3.7,3.0,7.5,6.0,0.5,2.4,2.3,6.4,1.1,4.0,3.1,6.9,9.0,5.0,1.5,0.5,2.7,9.1,0,0,→,2035+,4.42,美国士兵/士官：就业稳定，职业安全风险高，AI替代抗性强,"United States Enlisted Soldier / NCO: stable employment, high safety risk, strong AI resistance",AI综合评估 + O*NET/ILO/OECD锚点校准
GOV-0602-CA-general,公共管理与公务员,GOV,军事,士兵/士官,Enlisted Soldier / NCO,0210,55-3019.00,北美,加拿大,CA,country,general,高中/大专,18-22,global,3.4,3.1,3.0,6.5,4.6,5.0,4.1,3.8,4.2,5.2,8.7,3.4,3.6,3.0,3.8,4.0,3.7,2.6,6.9,5.7,0.7,2.3,3.3,6.5,1.0,4.2,3.1,7.1,9.1,4.7,1.4,0.5,2.7,9.6,0,0,→,2032-2038,4.46,加拿大士兵/士官：就业极其稳定，职业安全风险高，无法远程办公,"Canada Enlisted Soldier / NCO: extremely stable employment, high safety risk, no remote work possible",AI综合评估 + O*NET/ILO/OECD锚点校准
GOV-0602-MX-general,公共管理与公务员,GOV,军事,士兵/士官,Enlisted Soldier / NCO,0210,55-3019.00,北美,墨西哥,MX,country,general,高中/大专,18-22,global,3.8,2.8,2.8,6.1,5.1,5.3,3.9,3.9,2.4,4.3,7.0,2.8,3.2,2.6,3.5,3.9,3.4,3.0,6.9,5.1,0.3,1.7,2.6,6.0,1.0,2.8,3.1,7.3,8.8,4.5,1.3,0.2,2.4,9.4,0,0,→,2032-2038,4.06,墨西哥士兵/士官：薪资水平偏低，职业安全风险高，无法远程办公,"Mexico Enlisted Soldier / NCO: relatively low pay, high safety risk, no remote work possible",AI综合评估 + O*NET/ILO/OECD锚点校准
GOV-0602-BR-general,公共管理与公务员,GOV,军事,士兵/士官,Enlisted Soldier / NCO,0210,55-3019.00,南美,巴西,BR,country,general,高中/大专,18-22,global,3.8,3.3,3.4,6.3,4.9,5.4,4.0,3.9,3.6,4.5,7.3,2.8,3.8,2.5,3.6,3.8,3.4,2.9,7.0,5.5,0.3,2.0,2.2,5.9,0.9,3.3,2.8,7.3,8.7,5.1,1.6,0.7,2.5,9.5,0,1,→,2032-2038,4.18,巴西士兵/士官：薪资水平偏低，职业安全风险高，AI替代抗性强,"Brazil Enlisted Soldier / NCO: relatively low pay, high safety risk, strong AI resistance",AI综合评估 + O*NET/ILO/OECD锚点校准
GOV-0602-AR-general,公共管理与公务员,GOV,军事,士兵/士官,Enlisted Soldier / NCO,0210,55-3019.00,南美,阿根廷,AR,country,general,高中/大专,18-22,global,3.7,3.1,2.9,5.6,5.1,5.4,3.4,3.9,2.4,4.1,7.1,2.7,3.6,2.0,3.6,3.8,3.6,3.1,7.3,4.9,0.4,1.6,2.0,6.0,0.9,2.8,2.8,7.1,9.0,4.7,1.6,0.6,2.1,9.8,-1,1,→,2032-2038,3.98,阿根廷士兵/士官：薪资水平偏低，职业安全风险高，AI替代抗性强,"Argentina Enlisted Soldier / NCO: relatively low pay, high safety risk, strong AI resistance",AI综合评估 + O*NET/ILO/OECD锚点校准
GOV-0602-CL-general,公共管理与公务员,GOV,军事,士兵/士官,Enlisted Soldier / NCO,0210,55-3019.00,南美,智利,CL,country,general,高中/大专,18-22,global,3.7,2.8,3.1,6.1,4.3,4.4,3.9,3.9,3.4,4.6,7.7,3.0,3.7,2.3,3.2,4.2,3.5,2.9,7.2,5.1,0.5,2.4,2.5,6.1,1.1,2.7,3.1,7.1,9.3,4.7,1.7,0.4,2.5,9.5,0,0,→,2032-2038,4.17,智利士兵/士官：就业稳定，薪资水平偏低，职业安全风险高,"Chile Enlisted Soldier / NCO: stable employment, relatively low pay, high safety risk",AI综合评估 + O*NET/ILO/OECD锚点校准
GOV-0602-CO-general,公共管理与公务员,GOV,军事,士兵/士官,Enlisted Soldier / NCO,0210,55-3019.00,南美,哥伦比亚,CO,country,general,高中/大专,18-22,global,3.6,3.0,3.2,6.0,5.1,5.3,3.6,4.2,3.1,4.4,7.2,2.7,3.4,2.1,3.6,3.9,3.6,3.0,6.8,5.3,0.3,1.9,2.4,6.1,1.1,2.7,3.0,7.1,8.8,5.1,1.3,0.5,2.1,9.5,0,0,→,2032-2038,4.1,哥伦比亚士兵/士官：薪资水平偏低，职业安全风险高，无法远程办公,"Colombia Enlisted Soldier / NCO: relatively low pay, high safety risk, no remote work possible",AI综合评估 + O*NET/ILO/OECD锚点校准
GOV-0602-AU-general,公共管理与公务员,GOV,军事,士兵/士官,Enlisted Soldier / NCO,0210,55-3019.00,大洋洲,澳大利亚,AU,country,general,高中/大专,18-22,global,3.7,3.4,3.0,6.6,4.8,4.6,4.1,4.2,4.7,4.9,8.9,3.3,4.2,3.2,3.8,4.2,3.9,2.5,7.2,5.8,0.8,2.5,3.0,6.3,1.1,3.8,3.4,6.9,8.9,5.0,1.7,0.5,2.8,9.3,0,0,→,2032-2038,4.52,澳大利亚士兵/士官：就业极其稳定，职业安全风险高，AI替代抗性强,"Australia Enlisted Soldier / NCO: extremely stable employment, high safety risk, strong AI resistance",AI综合评估 + O*NET/ILO/OECD锚点校准
GOV-0602-NZ-general,公共管理与公务员,GOV,军事,士兵/士官,Enlisted Soldier / NCO,0210,55-3019.00,大洋洲,新西兰,NZ,country,general,高中/大专,18-22,global,3.4,3.1,3.2,6.2,4.7,4.8,4.0,3.7,3.7,5.2,8.9,3.5,3.8,3.3,3.9,4.3,4.0,2.6,7.0,5.4,1.0,2.8,3.3,6.1,1.0,4.4,3.4,7.0,8.9,4.9,1.3,0.8,2.6,9.6,0,0,→,2032-2038,4.49,新西兰士兵/士官：就业极其稳定，薪资水平偏低，职业安全风险高,"New Zealand Enlisted Soldier / NCO: extremely stable employment, relatively low pay, high safety risk",AI综合评估 + O*NET/ILO/OECD锚点校准
GOV-0602-ZA-general,公共管理与公务员,GOV,军事,士兵/士官,Enlisted Soldier / NCO,0210,55-3019.00,非洲,南非,ZA,country,general,高中/大专,18-22,global,3.6,2.7,3.0,5.8,4.8,5.0,3.9,3.6,2.8,4.2,7.2,2.9,3.5,2.3,3.6,4.0,3.5,3.0,7.0,4.9,0.7,1.7,2.3,5.9,0.8,3.2,3.0,6.8,9.2,4.5,1.3,0.7,2.5,9.6,0,0,→,2032-2038,4.07,南非士兵/士官：薪资水平偏低，职业安全风险高，AI替代抗性强,"South Africa Enlisted Soldier / NCO: relatively low pay, high safety risk, strong AI resistance",AI综合评估 + O*NET/ILO/OECD锚点校准
GOV-0602-NG-general,公共管理与公务员,GOV,军事,士兵/士官,Enlisted Soldier / NCO,0210,55-3019.00,非洲,尼日利亚,NG,country,general,高中/大专,18-22,global,3.6,2.7,3.0,5.3,5.3,5.6,3.6,3.5,2.3,3.5,6.6,2.6,3.0,1.6,2.9,3.9,3.3,3.4,7.1,5.0,0.2,1.8,1.8,5.9,0.7,2.2,2.9,6.7,8.9,4.8,1.5,0.5,2.4,9.6,-1,0,→,2032-2038,3.84,尼日利亚士兵/士官：薪资水平偏低，职业安全风险高，AI替代抗性强,"Nigeria Enlisted Soldier / NCO: relatively low pay, high safety risk, strong AI resistance",AI综合评估 + O*NET/ILO/OECD锚点校准
GOV-0602-KE-general,公共管理与公务员,GOV,军事,士兵/士官,Enlisted Soldier / NCO,0210,55-3019.00,非洲,肯尼亚,KE,country,general,高中/大专,18-22,global,3.1,2.8,2.9,5.5,4.7,5.0,3.6,4.1,2.7,3.8,6.5,2.7,3.5,2.3,3.2,3.7,3.7,3.3,6.9,5.2,0.5,1.5,1.9,5.7,0.8,2.5,3.0,6.8,9.1,4.8,1.7,0.5,2.3,9.5,-1,0,→,2032-2038,3.93,肯尼亚士兵/士官：薪资水平偏低，职业安全风险高，无法远程办公,"Kenya Enlisted Soldier / NCO: relatively low pay, high safety risk, no remote work possible",AI综合评估 + O*NET/ILO/OECD锚点校准
GOV-0602-EG-general,公共管理与公务员,GOV,军事,士兵/士官,Enlisted Soldier / NCO,0210,55-3019.00,非洲,埃及,EG,country,general,高中/大专,18-22,global,3.1,2.7,3.1,6.2,6.1,6.1,3.5,4.0,3.2,4.2,6.8,3.0,3.0,2.0,3.5,4.0,3.3,3.4,7.2,5.4,0.6,1.7,2.1,5.7,1.1,1.8,2.8,6.8,8.9,4.9,1.4,0.7,2.1,9.4,0,1,→,2032-2038,4.09,埃及士兵/士官：薪资水平偏低，职业安全风险高，AI替代抗性强,"Egypt Enlisted Soldier / NCO: relatively low pay, high safety risk, strong AI resistance",AI综合评估 + O*NET/ILO/OECD锚点校准
GOV-0603-CN-general,公共管理与公务员,GOV,军事,军事情报分析师,Military Intelligence Analyst,0110,55-3017.00,东亚,中国,CN,country,general,本科/硕士,22-28,global,7.9,7.8,6.3,8.2,4.8,3.0,6.0,5.9,8.1,6.2,9.3,5.3,4.9,3.1,3.9,6.2,5.2,1.7,6.7,8.1,2.8,4.5,2.8,7.8,1.7,3.7,5.0,5.7,3.2,10.0,1.2,0.2,2.9,9.6,1,3,↑,2032-2038,5.19,中国军事情报分析师：就业极其稳定，薪资回报高，准入门槛高,"China Military Intelligence Analyst: extremely stable employment, high compensation, high entry barrier",AI综合评估 + O*NET/ILO/OECD锚点校准
GOV-0603-JP-general,公共管理与公务员,GOV,军事,军事情报分析师,Military Intelligence Analyst,0110,55-3017.00,东亚,日本,JP,country,general,本科/硕士,22-28,global,7.7,7.8,5.7,8.1,3.7,2.2,5.8,6.1,8.2,6.8,9.8,5.6,5.3,3.9,4.2,6.4,5.4,1.3,6.5,8.4,3.2,5.0,3.3,7.8,1.6,3.7,5.2,5.5,3.1,9.7,1.0,1.0,2.9,9.3,1,2,↑,2032-2038,5.32,日本军事情报分析师：就业极其稳定，薪资回报高，准入门槛高,"Japan Military Intelligence Analyst: extremely stable employment, high compensation, high entry barrier",AI综合评估 + O*NET/ILO/OECD锚点校准
GOV-0603-KR-general,公共管理与公务员,GOV,军事,军事情报分析师,Military Intelligence Analyst,0110,55-3017.00,东亚,韩国,KR,country,general,本科/硕士,22-28,global,7.8,7.9,5.8,8.1,3.6,2.2,6.2,5.7,8.6,6.2,9.1,5.3,5.2,3.6,4.4,6.4,5.1,1.4,6.4,8.0,3.1,4.5,3.2,7.4,1.9,3.5,5.1,5.5,2.9,9.7,1.3,0.8,3.0,9.3,1,2,↑,2032-2038,5.2,韩国军事情报分析师：就业极其稳定，薪资回报高，准入门槛高,"South Korea Military Intelligence Analyst: extremely stable employment, high compensation, high entry barrier",AI综合评估 + O*NET/ILO/OECD锚点校准
GOV-0603-TW-general,公共管理与公务员,GOV,军事,军事情报分析师,Military Intelligence Analyst,0110,55-3017.00,东亚,中国台湾地区,TW,region,general,本科/硕士,22-28,global,7.8,7.9,5.8,7.6,3.7,2.0,5.9,5.8,8.0,6.4,9.0,5.3,5.6,4.0,4.5,6.1,5.2,1.4,6.5,8.0,3.1,4.4,3.3,7.9,1.7,4.1,4.8,5.2,2.9,9.8,1.7,0.6,3.0,9.6,1,2,↑,2032-2038,5.16,中国台湾地区军事情报分析师：就业极其稳定，薪资回报高，准入门槛高,"Taiwan (China) Military Intelligence Analyst: extremely stable employment, high compensation, high entry barrier",AI综合评估 + O*NET/ILO/OECD锚点校准
GOV-0603-HK-general,公共管理与公务员,GOV,军事,军事情报分析师,Military Intelligence Analyst,0110,55-3017.00,东亚,中国香港地区,HK,region,general,本科/硕士,22-28,global,7.8,7.3,5.7,7.7,2.4,1.3,5.8,5.7,7.9,6.6,9.2,5.1,5.5,3.6,4.4,6.1,5.2,1.4,6.4,7.5,2.8,4.4,3.2,8.1,1.5,4.7,4.9,5.7,3.2,8.7,1.3,0.4,3.5,9.4,1,2,↑,2032-2038,5.14,中国香港地区军事情报分析师：就业极其稳定，薪资回报高，准入门槛高,"Hong Kong (China) Military Intelligence Analyst: extremely stable employment, high compensation, high entry barrier",AI综合评估 + O*NET/ILO/OECD锚点校准
GOV-0603-SG-general,公共管理与公务员,GOV,军事,军事情报分析师,Military Intelligence Analyst,0110,55-3017.00,东南亚,新加坡,SG,country,general,本科/硕士,22-28,global,7.9,7.9,5.6,8.1,3.3,1.3,5.8,5.4,9.6,6.9,10.0,5.8,5.3,4.0,4.5,6.5,5.2,1.0,6.3,8.1,3.0,5.0,3.2,7.7,1.5,4.9,5.0,5.5,3.0,9.1,1.5,0.9,3.7,9.2,1,1,→,2032-2038,5.38,新加坡军事情报分析师：就业极其稳定，薪资回报高，准入门槛高,"Singapore Military Intelligence Analyst: extremely stable employment, high compensation, high entry barrier",AI综合评估 + O*NET/ILO/OECD锚点校准
GOV-0603-TH-general,公共管理与公务员,GOV,军事,军事情报分析师,Military Intelligence Analyst,0110,55-3017.00,东南亚,泰国,TH,country,general,本科/硕士,22-28,global,7.4,7.4,5.8,7.6,4.2,2.5,5.1,5.3,7.3,6.1,8.7,5.1,5.8,3.8,4.2,6.2,4.8,1.7,6.8,7.2,3.0,4.3,3.6,7.2,1.2,4.3,5.3,5.5,3.2,9.0,1.7,0.2,3.1,9.5,1,2,↑,2032-2038,5.06,泰国军事情报分析师：就业极其稳定，准入门槛高,"Thailand Military Intelligence Analyst: extremely stable employment, high entry barrier",AI综合评估 + O*NET/ILO/OECD锚点校准
GOV-0603-VN-general,公共管理与公务员,GOV,军事,军事情报分析师,Military Intelligence Analyst,0110,55-3017.00,东南亚,越南,VN,country,general,本科/硕士,22-28,global,7.4,7.6,6.0,7.8,4.3,3.0,5.2,5.4,6.6,5.5,8.8,5.2,5.6,3.5,4.6,6.2,4.6,1.6,6.4,7.4,2.8,4.1,3.2,7.5,1.7,4.3,4.7,5.6,3.2,9.4,1.4,0.4,3.1,9.4,1,3,↑,2032-2038,5.0,越南军事情报分析师：就业极其稳定，准入门槛高，近年需求增长,"Vietnam Military Intelligence Analyst: extremely stable employment, high entry barrier, growing demand",AI综合评估 + O*NET/ILO/OECD锚点校准
GOV-0603-ID-general,公共管理与公务员,GOV,军事,军事情报分析师,Military Intelligence Analyst,0110,55-3017.00,东南亚,印度尼西亚,ID,country,general,本科/硕士,22-28,global,7.5,7.2,5.8,7.5,3.7,2.2,5.5,5.6,6.6,5.5,8.1,4.9,5.1,3.7,4.7,6.1,5.0,1.7,6.8,7.2,2.7,4.3,3.4,7.1,1.7,3.6,5.1,5.2,3.2,8.7,1.7,0.7,2.7,9.9,1,2,↑,2032-2038,4.94,印度尼西亚军事情报分析师：就业稳定，准入门槛高,"Indonesia Military Intelligence Analyst: stable employment, high entry barrier",AI综合评估 + O*NET/ILO/OECD锚点校准
GOV-0603-MY-general,公共管理与公务员,GOV,军事,军事情报分析师,Military Intelligence Analyst,0110,55-3017.00,东南亚,马来西亚,MY,country,general,本科/硕士,22-28,global,7.2,7.5,5.5,7.5,3.5,2.3,5.3,5.5,7.5,6.1,9.1,5.0,5.5,3.5,4.3,6.1,5.2,1.7,6.2,7.5,3.1,4.6,3.4,7.3,1.4,3.9,4.6,5.4,2.8,8.8,1.2,0.6,2.7,9.4,1,2,↑,2032-2038,5.03,马来西亚军事情报分析师：就业极其稳定，薪资回报高，准入门槛高,"Malaysia Military Intelligence Analyst: extremely stable employment, high compensation, high entry barrier",AI综合评估 + O*NET/ILO/OECD锚点校准
GOV-0603-PH-general,公共管理与公务员,GOV,军事,军事情报分析师,Military Intelligence Analyst,0110,55-3017.00,东南亚,菲律宾,PH,country,general,本科/硕士,22-28,global,7.7,7.6,5.7,7.3,3.3,2.0,5.1,5.6,6.4,5.2,7.9,4.8,5.6,3.8,4.2,5.9,5.1,1.5,6.6,7.1,3.2,4.5,3.6,7.5,1.5,4.2,4.7,5.6,3.1,8.8,1.4,0.2,2.8,9.7,1,2,↑,2032-2038,4.89,菲律宾军事情报分析师：就业稳定，准入门槛高,"Philippines Military Intelligence Analyst: stable employment, high entry barrier",AI综合评估 + O*NET/ILO/OECD锚点校准
GOV-0603-IN-general,公共管理与公务员,GOV,军事,军事情报分析师,Military Intelligence Analyst,0110,55-3017.00,南亚,印度,IN,country,general,本科/硕士,22-28,global,7.9,7.9,6.1,7.4,4.4,2.9,6.1,5.6,7.9,5.9,8.5,5.0,5.5,3.5,4.0,6.0,4.7,1.7,6.7,8.3,3.2,4.2,3.3,7.6,1.2,3.6,4.8,5.5,2.8,9.7,1.6,0.1,3.0,9.5,1,3,↑,2032-2038,5.08,印度军事情报分析师：就业极其稳定，薪资回报高，准入门槛高,"India Military Intelligence Analyst: extremely stable employment, high compensation, high entry barrier",AI综合评估 + O*NET/ILO/OECD锚点校准
GOV-0603-PK-general,公共管理与公务员,GOV,军事,军事情报分析师,Military Intelligence Analyst,0110,55-3017.00,南亚,巴基斯坦,PK,country,general,本科/硕士,22-28,global,7.5,7.5,5.6,7.1,4.1,2.7,5.3,5.4,7.5,5.6,8.0,4.7,5.5,3.3,4.0,5.8,5.0,1.8,6.3,7.7,2.9,4.0,3.1,7.4,1.4,2.8,4.7,5.4,2.9,9.2,1.4,0.4,3.0,9.9,1,2,↑,2032-2038,4.87,巴基斯坦军事情报分析师：就业稳定，薪资回报高，准入门槛高,"Pakistan Military Intelligence Analyst: stable employment, high compensation, high entry barrier",AI综合评估 + O*NET/ILO/OECD锚点校准
GOV-0603-BD-general,公共管理与公务员,GOV,军事,军事情报分析师,Military Intelligence Analyst,0110,55-3017.00,南亚,孟加拉国,BD,country,general,本科/硕士,22-28,global,7.2,7.5,5.3,7.1,3.7,2.0,5.7,5.8,6.3,5.7,8.3,4.9,5.1,3.3,3.9,5.6,4.8,1.8,6.7,7.4,2.6,3.9,2.6,7.5,1.5,3.4,4.8,5.4,3.0,9.4,1.7,0.2,2.7,9.3,1,2,↑,2032-2038,4.81,孟加拉国军事情报分析师：就业稳定，准入门槛高,"Bangladesh Military Intelligence Analyst: stable employment, high entry barrier",AI综合评估 + O*NET/ILO/OECD锚点校准
GOV-0603-AE-general,公共管理与公务员,GOV,军事,军事情报分析师,Military Intelligence Analyst,0110,55-3017.00,中亚/西亚,阿联酋,AE,country,general,本科/硕士,22-28,global,7.3,7.3,5.7,8.2,4.0,2.3,5.0,5.4,9.0,6.8,9.9,5.5,5.4,4.0,4.7,6.2,5.1,1.3,6.3,7.3,3.1,5.0,3.1,7.7,1.4,4.1,4.7,5.5,2.8,8.4,1.3,0.4,3.0,9.5,1,2,↑,2032-2038,5.3,阿联酋军事情报分析师：就业极其稳定，薪资回报高，准入门槛高,"United Arab Emirates Military Intelligence Analyst: extremely stable employment, high compensation, high entry barrier",AI综合评估 + O*NET/ILO/OECD锚点校准
GOV-0603-IL-general,公共管理与公务员,GOV,军事,军事情报分析师,Military Intelligence Analyst,0110,55-3017.00,中亚/西亚,以色列,IL,country,general,本科/硕士,22-28,global,7.8,7.7,5.7,7.7,4.2,2.0,5.4,5.5,8.8,6.5,9.1,5.1,5.6,4.3,4.5,6.4,5.1,1.5,6.5,8.0,3.2,5.0,3.6,7.6,1.7,4.8,4.9,5.6,2.9,9.2,1.6,0.4,2.9,9.6,1,2,↑,2032-2038,5.25,以色列军事情报分析师：就业极其稳定，薪资回报高，准入门槛高,"Israel Military Intelligence Analyst: extremely stable employment, high compensation, high entry barrier",AI综合评估 + O*NET/ILO/OECD锚点校准
GOV-0603-SA-general,公共管理与公务员,GOV,军事,军事情报分析师,Military Intelligence Analyst,0110,55-3017.00,中亚/西亚,沙特阿拉伯,SA,country,general,本科/硕士,22-28,global,7.3,7.0,5.8,7.8,4.4,3.1,4.7,5.4,9.3,6.6,9.0,5.4,5.4,3.4,4.4,6.0,5.0,1.7,6.7,7.3,3.2,4.4,3.2,7.4,1.2,3.2,4.9,5.6,3.3,8.5,1.5,0.8,2.7,9.6,1,3,↑,2032-2038,5.19,沙特阿拉伯军事情报分析师：就业极其稳定，薪资回报高，准入门槛高,"Saudi Arabia Military Intelligence Analyst: extremely stable employment, high compensation, high entry barrier",AI综合评估 + O*NET/ILO/OECD锚点校准
GOV-0603-TR-general,公共管理与公务员,GOV,军事,军事情报分析师,Military Intelligence Analyst,0110,55-3017.00,中亚/西亚,土耳其,TR,country,general,本科/硕士,22-28,global,7.6,7.6,5.7,7.6,4.0,2.2,5.6,5.7,7.4,5.7,8.4,4.9,5.4,3.6,4.5,5.8,4.8,1.6,6.7,7.8,3.0,4.5,3.0,7.5,1.5,3.8,4.6,5.5,3.1,9.1,1.5,0.2,3.0,9.8,1,2,↑,2032-2038,5.01,土耳其军事情报分析师：就业稳定，准入门槛高,"Turkey Military Intelligence Analyst: stable employment, high entry barrier",AI综合评估 + O*NET/ILO/OECD锚点校准
GOV-0603-GB-general,公共管理与公务员,GOV,军事,军事情报分析师,Military Intelligence Analyst,0110,55-3017.00,西欧,英国,GB,country,general,本科/硕士,22-28,global,7.6,7.7,5.3,8.1,3.4,1.7,5.4,5.6,8.2,6.2,9.6,5.4,5.6,4.3,5.0,6.0,5.4,1.3,6.4,7.5,3.4,5.0,4.1,8.1,1.7,4.9,5.4,5.4,3.2,8.8,1.4,0.8,3.0,9.6,1,2,↑,2032-2038,5.28,英国军事情报分析师：就业极其稳定，薪资回报高，准入门槛高,"United Kingdom Military Intelligence Analyst: extremely stable employment, high compensation, high entry barrier",AI综合评估 + O*NET/ILO/OECD锚点校准
GOV-0603-FR-general,公共管理与公务员,GOV,军事,军事情报分析师,Military Intelligence Analyst,0110,55-3017.00,西欧,法国,FR,country,general,本科/硕士,22-28,global,7.9,7.8,5.8,8.0,4.0,3.0,5.9,5.7,7.8,6.2,9.3,5.2,5.8,5.0,5.3,6.0,5.2,1.2,6.8,8.0,3.2,4.7,4.2,7.6,1.4,4.6,5.2,5.3,3.0,9.6,1.5,0.5,3.5,9.5,1,3,↑,2032-2038,5.34,法国军事情报分析师：就业极其稳定，薪资回报高，准入门槛高,"France Military Intelligence Analyst: extremely stable employment, high compensation, high entry barrier",AI综合评估 + O*NET/ILO/OECD锚点校准
GOV-0603-DE-general,公共管理与公务员,GOV,军事,军事情报分析师,Military Intelligence Analyst,0110,55-3017.00,西欧,德国,DE,country,general,本科/硕士,22-28,global,7.6,7.8,5.5,8.1,3.3,2.1,5.9,5.6,8.3,6.7,9.4,5.3,5.9,5.0,5.3,6.4,5.3,1.2,6.9,7.8,3.2,4.9,4.7,7.5,1.6,4.9,5.0,5.7,3.3,9.5,1.5,0.6,3.4,9.7,1,2,↑,2032-2038,5.39,德国军事情报分析师：就业极其稳定，薪资回报高，准入门槛高,"Germany Military Intelligence Analyst: extremely stable employment, high compensation, high entry barrier",AI综合评估 + O*NET/ILO/OECD锚点校准
GOV-0603-NL-general,公共管理与公务员,GOV,军事,军事情报分析师,Military Intelligence Analyst,0110,55-3017.00,西欧,荷兰,NL,country,general,本科/硕士,22-28,global,7.8,7.8,5.6,7.8,3.4,2.1,5.6,5.3,8.0,6.8,9.8,5.4,6.0,4.8,5.4,6.3,5.0,1.0,6.5,7.2,3.3,5.0,4.8,7.6,1.8,5.2,5.1,5.7,3.0,8.8,1.2,0.8,3.5,9.8,1,2,↑,2032-2038,5.38,荷兰军事情报分析师：就业极其稳定，薪资回报高，准入门槛高,"Netherlands Military Intelligence Analyst: extremely stable employment, high compensation, high entry barrier",AI综合评估 + O*NET/ILO/OECD锚点校准
GOV-0603-CH-general,公共管理与公务员,GOV,军事,军事情报分析师,Military Intelligence Analyst,0110,55-3017.00,西欧,瑞士,CH,country,general,本科/硕士,22-28,global,7.6,7.7,5.4,7.9,2.8,1.3,5.3,5.2,8.4,7.2,10.0,5.6,6.3,4.9,5.0,5.9,5.2,1.0,6.7,7.4,3.1,5.2,4.6,8.1,1.9,4.7,5.4,5.5,3.2,9.0,1.0,0.5,3.1,9.4,1,1,→,2032-2038,5.38,瑞士军事情报分析师：就业极其稳定，薪资回报高，准入门槛高,"Switzerland Military Intelligence Analyst: extremely stable employment, high compensation, high entry barrier",AI综合评估 + O*NET/ILO/OECD锚点校准
GOV-0603-SE-general,公共管理与公务员,GOV,军事,军事情报分析师,Military Intelligence Analyst,0110,55-3017.00,北欧,瑞典,SE,country,general,本科/硕士,22-28,global,7.8,7.6,6.0,8.1,3.9,2.3,5.2,5.2,8.3,6.9,9.7,5.4,6.1,5.3,5.2,6.1,5.1,1.0,6.8,7.4,3.4,4.8,4.8,7.7,1.5,5.5,5.2,5.4,2.8,8.9,1.6,0.4,3.5,9.6,1,2,↑,2032-2038,5.44,瑞典军事情报分析师：就业极其稳定，薪资回报高，准入门槛高,"Sweden Military Intelligence Analyst: extremely stable employment, high compensation, high entry barrier",AI综合评估 + O*NET/ILO/OECD锚点校准
GOV-0603-DK-general,公共管理与公务员,GOV,军事,军事情报分析师,Military Intelligence Analyst,0110,55-3017.00,北欧,丹麦,DK,country,general,本科/硕士,22-28,global,7.8,7.6,5.8,8.1,3.5,2.6,5.5,5.1,8.5,6.8,9.9,5.6,6.3,5.1,5.2,6.2,5.0,1.2,6.4,7.4,3.7,5.2,4.7,7.8,1.7,5.8,5.2,5.6,2.8,8.5,1.4,1.1,3.2,9.8,1,2,↑,2032-2038,5.46,丹麦军事情报分析师：就业极其稳定，薪资回报高，准入门槛高,"Denmark Military Intelligence Analyst: extremely stable employment, high compensation, high entry barrier",AI综合评估 + O*NET/ILO/OECD锚点校准
GOV-0603-FI-general,公共管理与公务员,GOV,军事,军事情报分析师,Military Intelligence Analyst,0110,55-3017.00,北欧,芬兰,FI,country,general,本科/硕士,22-28,global,7.5,7.7,6.1,7.9,3.3,2.1,5.4,5.2,8.0,6.4,9.7,5.6,5.8,5.2,5.5,6.0,4.9,1.2,6.8,7.2,3.3,5.3,4.7,7.9,1.5,5.5,5.3,5.4,2.8,8.6,1.1,0.7,3.5,9.3,1,2,↑,2032-2038,5.42,芬兰军事情报分析师：就业极其稳定，薪资回报高，准入门槛高,"Finland Military Intelligence Analyst: extremely stable employment, high compensation, high entry barrier",AI综合评估 + O*NET/ILO/OECD锚点校准
GOV-0603-IT-general,公共管理与公务员,GOV,军事,军事情报分析师,Military Intelligence Analyst,0110,55-3017.00,南欧,意大利,IT,country,general,本科/硕士,22-28,global,7.4,7.9,5.5,8.0,3.6,2.3,5.7,5.5,7.7,6.3,8.9,5.1,5.9,4.2,4.8,6.3,5.1,1.3,6.8,7.8,3.4,4.8,3.5,7.6,1.7,4.1,4.9,5.3,2.9,9.3,1.5,0.6,3.4,9.5,1,2,↑,2032-2038,5.22,意大利军事情报分析师：就业极其稳定，薪资回报高，准入门槛高,"Italy Military Intelligence Analyst: extremely stable employment, high compensation, high entry barrier",AI综合评估 + O*NET/ILO/OECD锚点校准
GOV-0603-ES-general,公共管理与公务员,GOV,军事,军事情报分析师,Military Intelligence Analyst,0110,55-3017.00,南欧,西班牙,ES,country,general,本科/硕士,22-28,global,7.7,7.6,5.4,7.6,3.4,2.2,6.2,6.1,7.6,6.1,9.0,5.2,5.7,4.3,4.8,6.4,5.0,1.5,6.4,7.7,2.8,4.8,3.9,7.4,1.8,4.7,4.8,5.7,3.2,9.4,1.4,0.4,3.2,9.8,1,2,↑,2032-2038,5.18,西班牙军事情报分析师：就业极其稳定，薪资回报高，准入门槛高,"Spain Military Intelligence Analyst: extremely stable employment, high compensation, high entry barrier",AI综合评估 + O*NET/ILO/OECD锚点校准
GOV-0603-PT-general,公共管理与公务员,GOV,军事,军事情报分析师,Military Intelligence Analyst,0110,55-3017.00,南欧,葡萄牙,PT,country,general,本科/硕士,22-28,global,7.5,7.6,5.7,7.6,3.5,1.9,5.9,5.5,6.9,6.2,9.2,5.3,5.4,4.4,4.9,6.2,5.0,1.3,6.7,7.1,3.2,4.8,4.0,7.9,1.7,4.8,5.1,5.5,3.0,8.9,1.6,0.5,3.1,9.4,1,2,↑,2032-2038,5.2,葡萄牙军事情报分析师：就业极其稳定，准入门槛高,"Portugal Military Intelligence Analyst: extremely stable employment, high entry barrier",AI综合评估 + O*NET/ILO/OECD锚点校准
GOV-0603-PL-general,公共管理与公务员,GOV,军事,军事情报分析师,Military Intelligence Analyst,0110,55-3017.00,东欧,波兰,PL,country,general,本科/硕士,22-28,global,7.7,7.4,5.7,7.8,3.4,1.8,5.6,5.5,7.5,6.2,9.0,5.1,5.5,4.2,4.8,6.3,5.3,1.4,6.5,7.2,3.2,4.5,4.1,7.5,1.4,4.6,5.0,5.7,3.0,8.7,1.4,0.4,3.2,9.8,1,2,↑,2032-2038,5.17,波兰军事情报分析师：就业极其稳定，薪资回报高，准入门槛高,"Poland Military Intelligence Analyst: extremely stable employment, high compensation, high entry barrier",AI综合评估 + O*NET/ILO/OECD锚点校准
GOV-0603-CZ-general,公共管理与公务员,GOV,军事,军事情报分析师,Military Intelligence Analyst,0110,55-3017.00,东欧,捷克,CZ,country,general,本科/硕士,22-28,global,7.7,7.5,5.6,7.6,3.0,1.8,5.4,5.5,7.2,6.0,9.3,5.1,5.6,4.6,4.7,5.8,5.3,1.2,6.4,7.4,3.1,5.1,4.2,7.8,1.3,4.3,5.3,5.5,2.8,8.8,1.6,0.7,3.2,9.8,1,2,↑,2032-2038,5.15,捷克军事情报分析师：就业极其稳定，准入门槛高,"Czech Republic Military Intelligence Analyst: extremely stable employment, high entry barrier",AI综合评估 + O*NET/ILO/OECD锚点校准
GOV-0603-RU-general,公共管理与公务员,GOV,军事,军事情报分析师,Military Intelligence Analyst,0110,55-3017.00,东欧,俄罗斯,RU,country,general,本科/硕士,22-28,global,7.5,7.4,6.1,7.8,4.6,3.0,5.0,5.1,7.9,6.0,8.6,4.9,5.1,3.7,4.6,6.2,5.2,1.7,6.5,7.3,2.6,4.3,3.1,7.3,1.4,4.5,4.7,5.2,3.1,8.7,1.7,0.2,2.4,9.9,1,3,↑,2032-2038,5.03,俄罗斯军事情报分析师：就业极其稳定，薪资回报高，准入门槛高,"Russia Military Intelligence Analyst: extremely stable employment, high compensation, high entry barrier",AI综合评估 + O*NET/ILO/OECD锚点校准
GOV-0603-US-general,公共管理与公务员,GOV,军事,军事情报分析师,Military Intelligence Analyst,0110,55-3017.00,北美,美国,US,country,general,本科/硕士,22-28,global,7.6,7.8,5.5,7.8,3.9,1.5,5.9,5.8,9.0,6.6,9.2,5.1,5.2,4.2,4.7,6.1,4.9,1.1,6.5,8.4,3.1,4.9,3.3,7.9,1.9,5.2,4.8,5.7,3.2,8.7,1.7,0.8,3.2,9.4,1,2,↑,2032-2038,5.33,美国军事情报分析师：就业极其稳定，薪资回报高，准入门槛高,"United States Military Intelligence Analyst: extremely stable employment, high compensation, high entry barrier",AI综合评估 + O*NET/ILO/OECD锚点校准
GOV-0603-CA-general,公共管理与公务员,GOV,军事,军事情报分析师,Military Intelligence Analyst,0110,55-3017.00,北美,加拿大,CA,country,general,本科/硕士,22-28,global,7.6,7.4,5.7,7.7,3.1,1.5,5.1,5.4,8.1,6.9,9.9,5.5,5.8,4.8,4.9,6.4,5.2,1.3,6.4,7.4,3.4,4.9,4.0,8.0,1.8,5.3,5.4,5.3,2.9,9.2,1.5,0.4,3.5,9.6,1,2,↑,2032-2038,5.32,加拿大军事情报分析师：就业极其稳定，薪资回报高，准入门槛高,"Canada Military Intelligence Analyst: extremely stable employment, high compensation, high entry barrier",AI综合评估 + O*NET/ILO/OECD锚点校准
GOV-0603-MX-general,公共管理与公务员,GOV,军事,军事情报分析师,Military Intelligence Analyst,0110,55-3017.00,北美,墨西哥,MX,country,general,本科/硕士,22-28,global,7.2,7.7,5.6,7.2,3.5,2.5,5.4,5.1,6.7,5.7,7.9,4.7,5.5,3.9,4.4,6.0,5.1,1.5,6.5,7.1,3.1,4.3,3.2,7.5,1.6,4.1,5.0,5.7,2.7,8.7,1.8,0.4,2.8,9.4,1,2,↑,2032-2038,4.93,墨西哥军事情报分析师：就业稳定，准入门槛高,"Mexico Military Intelligence Analyst: stable employment, high entry barrier",AI综合评估 + O*NET/ILO/OECD锚点校准
GOV-0603-BR-general,公共管理与公务员,GOV,军事,军事情报分析师,Military Intelligence Analyst,0110,55-3017.00,南美,巴西,BR,country,general,本科/硕士,22-28,global,7.7,7.8,5.8,7.6,3.7,2.5,5.8,5.7,7.2,6.3,8.3,4.9,5.8,4.3,4.3,5.8,4.9,1.4,6.6,7.9,3.1,4.3,3.6,7.6,1.2,4.2,5.0,5.2,2.8,9.1,1.7,0.6,2.5,9.6,1,3,↑,2032-2038,5.07,巴西军事情报分析师：就业稳定，准入门槛高，近年需求增长,"Brazil Military Intelligence Analyst: stable employment, high entry barrier, growing demand",AI综合评估 + O*NET/ILO/OECD锚点校准
GOV-0603-AR-general,公共管理与公务员,GOV,军事,军事情报分析师,Military Intelligence Analyst,0110,55-3017.00,南美,阿根廷,AR,country,general,本科/硕士,22-28,global,7.2,7.1,5.7,7.1,3.6,2.8,5.3,5.5,6.6,5.5,7.9,4.7,5.4,3.6,4.4,6.0,5.1,1.5,6.2,7.0,2.8,4.2,3.2,7.1,1.3,4.3,5.1,5.6,3.0,8.5,1.6,0.3,2.8,9.5,0,3,↑,2032-2038,4.9,阿根廷军事情报分析师：就业稳定，准入门槛高，近年需求增长,"Argentina Military Intelligence Analyst: stable employment, high entry barrier, growing demand",AI综合评估 + O*NET/ILO/OECD锚点校准
GOV-0603-CL-general,公共管理与公务员,GOV,军事,军事情报分析师,Military Intelligence Analyst,0110,55-3017.00,南美,智利,CL,country,general,本科/硕士,22-28,global,7.7,7.6,5.4,7.6,2.8,1.9,5.4,5.6,7.4,6.2,8.6,5.0,5.6,3.7,4.3,6.2,5.3,1.3,6.7,7.2,2.9,4.5,3.4,7.8,1.4,4.2,5.1,5.7,2.9,8.8,1.7,0.8,2.8,9.7,1,2,↑,2032-2038,5.05,智利军事情报分析师：就业极其稳定，准入门槛高,"Chile Military Intelligence Analyst: extremely stable employment, high entry barrier",AI综合评估 + O*NET/ILO/OECD锚点校准
GOV-0603-CO-general,公共管理与公务员,GOV,军事,军事情报分析师,Military Intelligence Analyst,0110,55-3017.00,南美,哥伦比亚,CO,country,general,本科/硕士,22-28,global,7.2,7.4,5.3,7.5,3.9,2.3,5.5,5.1,7.0,5.8,8.1,4.7,5.6,3.7,4.3,6.3,5.1,1.6,6.7,6.9,2.8,4.5,3.2,7.5,1.2,3.7,4.8,5.4,3.0,8.7,1.5,0.4,3.1,9.4,1,2,↑,2032-2038,4.96,哥伦比亚军事情报分析师：就业稳定，准入门槛高,"Colombia Military Intelligence Analyst: stable employment, high entry barrier",AI综合评估 + O*NET/ILO/OECD锚点校准
GOV-0603-AU-general,公共管理与公务员,GOV,军事,军事情报分析师,Military Intelligence Analyst,0110,55-3017.00,大洋洲,澳大利亚,AU,country,general,本科/硕士,22-28,global,7.8,7.4,5.6,7.9,3.7,1.9,5.7,5.5,8.7,6.6,9.4,5.3,6.1,4.9,4.7,6.1,5.0,1.2,6.7,7.9,3.5,4.7,4.2,7.9,1.8,5.3,4.9,5.8,3.3,9.0,1.2,0.4,3.5,9.4,1,2,↑,2032-2038,5.4,澳大利亚军事情报分析师：就业极其稳定，薪资回报高，准入门槛高,"Australia Military Intelligence Analyst: extremely stable employment, high compensation, high entry barrier",AI综合评估 + O*NET/ILO/OECD锚点校准
GOV-0603-NZ-general,公共管理与公务员,GOV,军事,军事情报分析师,Military Intelligence Analyst,0110,55-3017.00,大洋洲,新西兰,NZ,country,general,本科/硕士,22-28,global,7.5,7.4,5.4,7.9,3.1,1.4,5.4,5.6,7.9,6.3,9.7,5.5,6.2,5.1,4.9,6.1,5.5,1.0,6.7,7.4,3.1,5.1,4.4,7.9,1.4,5.0,5.5,5.3,2.9,8.6,1.3,0.7,3.1,9.3,1,2,↑,2032-2038,5.36,新西兰军事情报分析师：就业极其稳定，薪资回报高，准入门槛高,"New Zealand Military Intelligence Analyst: extremely stable employment, high compensation, high entry barrier",AI综合评估 + O*NET/ILO/OECD锚点校准
GOV-0603-ZA-general,公共管理与公务员,GOV,军事,军事情报分析师,Military Intelligence Analyst,0110,55-3017.00,非洲,南非,ZA,country,general,本科/硕士,22-28,global,7.3,7.4,5.3,7.0,3.7,2.3,5.0,5.2,7.3,5.6,7.9,4.7,5.4,3.5,4.4,6.3,5.0,1.7,6.3,6.8,3.1,4.2,3.5,7.2,1.4,3.8,4.6,5.3,3.1,9.0,1.3,0.4,2.8,9.4,1,2,↑,2032-2038,4.86,南非军事情报分析师：就业稳定，准入门槛高,"South Africa Military Intelligence Analyst: stable employment, high entry barrier",AI综合评估 + O*NET/ILO/OECD锚点校准
GOV-0603-NG-general,公共管理与公务员,GOV,军事,军事情报分析师,Military Intelligence Analyst,0110,55-3017.00,非洲,尼日利亚,NG,country,general,本科/硕士,22-28,global,7.4,6.9,5.3,7.4,4.0,2.2,4.7,5.0,6.4,5.4,7.2,4.5,5.4,3.4,4.3,6.0,5.0,1.9,6.5,6.8,2.9,4.3,2.9,6.9,1.6,3.1,4.5,5.4,3.2,8.7,1.8,0.3,2.9,9.5,0,2,↑,2032-2038,4.73,尼日利亚军事情报分析师：准入门槛高，职业安全风险高,"Nigeria Military Intelligence Analyst: high entry barrier, high safety risk",AI综合评估 + O*NET/ILO/OECD锚点校准
GOV-0603-KE-general,公共管理与公务员,GOV,军事,军事情报分析师,Military Intelligence Analyst,0110,55-3017.00,非洲,肯尼亚,KE,country,general,本科/硕士,22-28,global,7.5,7.4,5.4,7.0,3.8,1.9,5.3,5.1,7.1,5.2,7.6,4.6,5.3,3.8,4.3,5.8,4.5,1.7,6.3,7.2,2.9,4.1,3.4,7.1,1.2,3.4,5.0,5.4,3.0,8.7,1.6,0.2,2.7,9.3,0,2,↑,2032-2038,4.79,肯尼亚军事情报分析师：就业稳定，准入门槛高,"Kenya Military Intelligence Analyst: stable employment, high entry barrier",AI综合评估 + O*NET/ILO/OECD锚点校准
GOV-0603-EG-general,公共管理与公务员,GOV,军事,军事情报分析师,Military Intelligence Analyst,0110,55-3017.00,非洲,埃及,EG,country,general,本科/硕士,22-28,global,7.2,7.5,5.5,7.4,4.4,2.9,5.1,5.2,7.1,5.3,8.3,5.0,5.1,3.4,4.3,6.0,5.1,1.8,6.8,7.3,2.6,4.4,3.4,7.4,1.2,2.8,4.8,5.8,2.8,9.2,1.7,0.6,2.6,9.6,1,3,↑,2032-2038,4.92,埃及军事情报分析师：就业稳定，准入门槛高，近年需求增长,"Egypt Military Intelligence Analyst: stable employment, high entry barrier, growing demand",AI综合评估 + O*NET/ILO/OECD锚点校准
GOV-0604-CN-general,公共管理与公务员,GOV,军事,军医,Military Physician,2212,29-1216.00,东亚,中国,CN,country,general,医学本科+,24-30,global,8.9,9.1,5.7,8.2,4.5,3.7,6.4,6.3,7.8,5.6,9.6,5.3,4.4,3.6,3.9,6.9,6.7,1.2,7.4,9.3,1.1,5.6,2.7,8.2,2.3,5.3,4.9,7.4,4.8,9.9,0.3,1.3,4.8,8.8,0,2,↑,2032-2038,5.45,中国军医：就业极其稳定，薪资回报高，准入门槛高,"China Military Physician: extremely stable employment, high compensation, high entry barrier",AI综合评估 + O*NET/ILO/OECD锚点校准
GOV-0604-JP-general,公共管理与公务员,GOV,军事,军医,Military Physician,2212,29-1216.00,东亚,日本,JP,country,general,医学本科+,24-30,global,9.5,9.5,5.6,8.9,3.6,3.0,6.7,6.3,8.3,6.3,9.7,5.4,5.1,4.1,4.3,7.2,6.9,0.9,7.5,9.2,0.8,5.9,3.3,9.0,2.1,5.0,5.2,7.6,5.3,10.0,0.0,0.9,5.0,9.2,0,1,→,2035+,5.57,日本军医：就业极其稳定，薪资回报高，准入门槛高,"Japan Military Physician: extremely stable employment, high compensation, high entry barrier",AI综合评估 + O*NET/ILO/OECD锚点校准
GOV-0604-KR-general,公共管理与公务员,GOV,军事,军医,Military Physician,2212,29-1216.00,东亚,韩国,KR,country,general,医学本科+,24-30,global,9.2,9.5,5.1,8.0,3.8,2.3,6.4,6.2,8.7,6.0,9.7,5.3,4.7,4.3,4.4,7.4,6.3,0.8,7.8,9.0,0.7,5.6,3.4,8.6,2.1,4.6,5.6,7.7,5.2,10.0,0.1,1.4,4.8,9.2,0,1,→,2035+,5.51,韩国军医：就业极其稳定，薪资回报高，准入门槛高,"South Korea Military Physician: extremely stable employment, high compensation, high entry barrier",AI综合评估 + O*NET/ILO/OECD锚点校准
GOV-0604-TW-general,公共管理与公务员,GOV,军事,军医,Military Physician,2212,29-1216.00,东亚,中国台湾地区,TW,region,general,医学本科+,24-30,global,9.1,9.4,5.2,8.2,3.2,2.2,6.6,6.3,7.8,5.7,9.7,5.4,4.8,4.5,4.3,7.1,6.4,0.8,7.9,9.4,1.2,5.6,3.0,8.7,2.2,5.1,5.4,7.5,4.9,10.0,0.4,1.2,4.9,8.8,0,1,→,2035+,5.49,中国台湾地区军医：就业极其稳定，薪资回报高，准入门槛高,"Taiwan (China) Military Physician: extremely stable employment, high compensation, high entry barrier",AI综合评估 + O*NET/ILO/OECD锚点校准
GOV-0604-HK-general,公共管理与公务员,GOV,军事,军医,Military Physician,2212,29-1216.00,东亚,中国香港地区,HK,region,general,医学本科+,24-30,global,9.0,8.9,5.2,8.2,2.9,1.9,5.8,6.0,8.1,6.2,9.4,5.1,4.6,3.9,4.3,7.2,6.8,0.8,7.7,8.3,0.8,5.4,2.8,8.5,2.0,5.7,5.6,7.5,4.7,9.6,0.3,1.0,5.1,8.7,0,1,→,2035+,5.41,中国香港地区军医：就业极其稳定，薪资回报高，准入门槛高,"Hong Kong (China) Military Physician: extremely stable employment, high compensation, high entry barrier",AI综合评估 + O*NET/ILO/OECD锚点校准
GOV-0604-SG-general,公共管理与公务员,GOV,军事,军医,Military Physician,2212,29-1216.00,东南亚,新加坡,SG,country,general,医学本科+,24-30,global,9.4,9.4,5.2,8.9,3.2,1.8,6.3,6.3,9.1,6.6,9.9,5.6,5.0,4.4,4.4,7.0,6.7,0.4,7.4,9.3,0.7,5.6,3.1,9.2,2.0,5.9,5.3,7.6,5.0,9.5,0.0,1.3,5.2,8.6,0,0,→,2032-2038,5.65,新加坡军医：就业极其稳定，薪资回报高，准入门槛高,"Singapore Military Physician: extremely stable employment, high compensation, high entry barrier",AI综合评估 + O*NET/ILO/OECD锚点校准
GOV-0604-TH-general,公共管理与公务员,GOV,军事,军医,Military Physician,2212,29-1216.00,东南亚,泰国,TH,country,general,医学本科+,24-30,global,9.0,9.1,4.9,8.2,4.1,3.2,5.9,6.1,7.5,5.2,8.6,4.9,4.7,4.2,4.6,7.0,6.3,0.9,7.5,8.4,1.0,5.5,3.4,8.3,2.3,5.5,5.6,7.3,4.9,9.3,0.6,1.2,4.9,9.0,0,1,→,2035+,5.35,泰国军医：就业极其稳定，薪资回报高，准入门槛高,"Thailand Military Physician: extremely stable employment, high compensation, high entry barrier",AI综合评估 + O*NET/ILO/OECD锚点校准
GOV-0604-VN-general,公共管理与公务员,GOV,军事,军医,Military Physician,2212,29-1216.00,东南亚,越南,VN,country,general,医学本科+,24-30,global,8.8,9.0,5.3,8.1,4.1,3.4,5.8,5.8,6.6,5.2,9.5,5.3,4.8,4.1,4.2,7.0,6.6,1.2,7.7,8.6,0.9,5.1,3.6,8.0,1.8,4.9,5.1,7.5,5.3,9.5,0.3,0.7,4.7,9.4,0,2,↑,2035+,5.29,越南军医：就业极其稳定，准入门槛高，AI替代抗性强,"Vietnam Military Physician: extremely stable employment, high entry barrier, strong AI resistance",AI综合评估 + O*NET/ILO/OECD锚点校准
GOV-0604-ID-general,公共管理与公务员,GOV,军事,军医,Military Physician,2212,29-1216.00,东南亚,印度尼西亚,ID,country,general,医学本科+,24-30,global,9.1,8.7,5.0,7.9,3.5,2.8,5.7,5.6,6.6,5.4,8.7,4.9,5.2,4.0,4.3,6.7,6.2,1.0,7.6,8.3,0.9,5.6,3.1,8.4,1.8,4.9,5.6,7.5,5.2,9.6,0.4,0.9,4.6,9.2,0,1,→,2035+,5.2,印度尼西亚军医：就业极其稳定，准入门槛高，AI替代抗性强,"Indonesia Military Physician: extremely stable employment, high entry barrier, strong AI resistance",AI综合评估 + O*NET/ILO/OECD锚点校准
GOV-0604-MY-general,公共管理与公务员,GOV,军事,军医,Military Physician,2212,29-1216.00,东南亚,马来西亚,MY,country,general,医学本科+,24-30,global,9.0,9.1,5.3,8.0,3.1,2.5,5.8,6.1,7.5,5.6,9.4,5.1,4.8,4.4,4.1,6.9,6.6,1.0,7.5,8.5,0.6,5.3,3.0,8.3,2.0,5.1,5.2,7.3,5.0,9.5,0.6,1.2,5.3,8.7,0,1,→,2035+,5.32,马来西亚军医：就业极其稳定，薪资回报高，准入门槛高,"Malaysia Military Physician: extremely stable employment, high compensation, high entry barrier",AI综合评估 + O*NET/ILO/OECD锚点校准
GOV-0604-PH-general,公共管理与公务员,GOV,军事,军医,Military Physician,2212,29-1216.00,东南亚,菲律宾,PH,country,general,医学本科+,24-30,global,8.9,8.9,5.1,7.8,3.7,2.5,5.7,5.9,6.2,5.0,8.2,4.9,4.8,4.5,4.5,6.8,6.6,1.4,7.6,8.0,1.1,5.4,3.2,8.5,2.1,5.4,5.3,7.7,5.2,9.3,0.6,0.7,5.2,8.9,0,1,→,2035+,5.19,菲律宾军医：就业稳定，准入门槛高，AI替代抗性强,"Philippines Military Physician: stable employment, high entry barrier, strong AI resistance",AI综合评估 + O*NET/ILO/OECD锚点校准
GOV-0604-IN-general,公共管理与公务员,GOV,军事,军医,Military Physician,2212,29-1216.00,南亚,印度,IN,country,general,医学本科+,24-30,global,9.2,9.3,5.6,8.2,4.0,3.0,6.5,6.3,7.9,5.7,9.0,5.0,5.1,4.1,4.4,7.1,6.4,1.2,7.6,9.3,0.9,5.5,3.3,8.3,2.0,4.7,5.1,7.3,5.3,9.9,0.3,0.9,5.1,9.1,0,2,↑,2035+,5.42,印度军医：就业极其稳定，薪资回报高，准入门槛高,"India Military Physician: extremely stable employment, high compensation, high entry barrier",AI综合评估 + O*NET/ILO/OECD锚点校准
GOV-0604-PK-general,公共管理与公务员,GOV,军事,军医,Military Physician,2212,29-1216.00,南亚,巴基斯坦,PK,country,general,医学本科+,24-30,global,8.9,8.7,5.2,8.1,3.9,2.9,5.9,6.0,7.4,5.3,8.6,4.7,4.9,3.7,4.1,6.9,6.0,1.2,7.3,8.6,0.6,5.2,2.7,7.9,2.1,3.8,5.4,7.6,5.2,9.8,0.4,0.8,4.6,9.2,0,1,→,2032-2038,5.17,巴基斯坦军医：就业极其稳定，准入门槛高，AI替代抗性强,"Pakistan Military Physician: extremely stable employment, high entry barrier, strong AI resistance",AI综合评估 + O*NET/ILO/OECD锚点校准
GOV-0604-BD-general,公共管理与公务员,GOV,军事,军医,Military Physician,2212,29-1216.00,南亚,孟加拉国,BD,country,general,医学本科+,24-30,global,8.5,9.0,5.1,7.8,3.5,2.6,6.3,6.3,6.1,5.2,8.4,4.8,4.6,3.9,4.3,6.8,6.2,1.4,7.6,8.5,0.6,5.0,3.1,8.0,1.7,4.4,5.2,7.2,4.8,9.3,0.4,0.5,4.6,8.8,0,1,→,2035+,5.12,孟加拉国军医：就业稳定，准入门槛高，AI替代抗性强,"Bangladesh Military Physician: stable employment, high entry barrier, strong AI resistance",AI综合评估 + O*NET/ILO/OECD锚点校准
GOV-0604-AE-general,公共管理与公务员,GOV,军事,军医,Military Physician,2212,29-1216.00,中亚/西亚,阿联酋,AE,country,general,医学本科+,24-30,global,9.2,9.2,5.3,8.3,3.8,2.5,5.5,5.9,9.3,6.6,10.0,5.4,4.8,4.2,4.2,7.2,6.5,0.9,7.3,8.5,1.2,5.9,3.1,9.0,2.4,4.5,5.3,7.4,4.9,9.0,0.5,1.0,5.3,8.8,0,1,→,2032-2038,5.55,阿联酋军医：就业极其稳定，薪资回报高，准入门槛高,"United Arab Emirates Military Physician: extremely stable employment, high compensation, high entry barrier",AI综合评估 + O*NET/ILO/OECD锚点校准
GOV-0604-IL-general,公共管理与公务员,GOV,军事,军医,Military Physician,2212,29-1216.00,中亚/西亚,以色列,IL,country,general,医学本科+,24-30,global,9.2,9.0,5.0,8.0,4.0,2.7,5.8,6.1,9.0,6.2,9.2,5.1,5.2,4.7,4.6,7.3,6.5,0.7,7.7,8.9,0.7,5.7,3.6,8.9,1.8,5.4,5.6,7.2,5.2,9.6,0.2,0.9,5.0,9.0,0,1,→,2035+,5.55,以色列军医：就业极其稳定，薪资回报高，准入门槛高,"Israel Military Physician: extremely stable employment, high compensation, high entry barrier",AI综合评估 + O*NET/ILO/OECD锚点校准
GOV-0604-SA-general,公共管理与公务员,GOV,军事,军医,Military Physician,2212,29-1216.00,中亚/西亚,沙特阿拉伯,SA,country,general,医学本科+,24-30,global,9.2,8.6,5.3,8.2,4.5,3.2,5.1,5.8,9.0,6.1,9.7,5.3,5.1,4.2,4.3,6.9,6.5,1.0,7.7,8.8,1.2,5.4,2.9,8.2,2.2,4.3,5.3,7.7,5.0,9.0,0.5,1.3,4.9,8.9,0,2,↑,2035+,5.5,沙特阿拉伯军医：就业极其稳定，薪资回报高，准入门槛高,"Saudi Arabia Military Physician: extremely stable employment, high compensation, high entry barrier",AI综合评估 + O*NET/ILO/OECD锚点校准
GOV-0604-TR-general,公共管理与公务员,GOV,军事,军医,Military Physician,2212,29-1216.00,中亚/西亚,土耳其,TR,country,general,医学本科+,24-30,global,9.2,9.1,5.1,7.7,4.2,3.0,6.2,6.1,7.7,5.4,8.7,5.0,4.8,4.0,4.5,6.8,6.2,1.2,7.7,8.5,0.6,5.2,2.8,8.2,1.9,4.6,5.4,7.7,4.8,9.9,0.3,0.7,4.9,8.8,0,1,→,2035+,5.28,土耳其军医：就业极其稳定，薪资回报高，准入门槛高,"Turkey Military Physician: extremely stable employment, high compensation, high entry barrier",AI综合评估 + O*NET/ILO/OECD锚点校准
GOV-0604-GB-general,公共管理与公务员,GOV,军事,军医,Military Physician,2212,29-1216.00,西欧,英国,GB,country,general,医学本科+,24-30,global,9.4,9.4,4.7,8.2,3.2,2.6,5.8,6.1,8.1,5.8,9.7,5.3,5.0,5.3,5.2,7.1,6.6,0.5,7.8,8.6,1.3,6.1,4.3,9.0,2.0,5.9,5.4,7.8,5.3,9.4,0.6,0.9,5.0,8.7,0,1,→,2035+,5.58,英国军医：就业极其稳定，薪资回报高，准入门槛高,"United Kingdom Military Physician: extremely stable employment, high compensation, high entry barrier",AI综合评估 + O*NET/ILO/OECD锚点校准
GOV-0604-FR-general,公共管理与公务员,GOV,军事,军医,Military Physician,2212,29-1216.00,西欧,法国,FR,country,general,医学本科+,24-30,global,9.0,9.2,5.2,8.3,4.4,3.1,6.4,6.3,7.7,5.7,9.9,5.3,5.4,5.3,5.2,7.5,6.7,0.7,7.8,9.2,1.2,6.1,4.2,8.8,2.2,5.9,5.6,7.7,5.2,9.6,0.1,1.1,5.2,9.3,0,2,↑,2035+,5.72,法国军医：就业极其稳定，薪资回报高，准入门槛高,"France Military Physician: extremely stable employment, high compensation, high entry barrier",AI综合评估 + O*NET/ILO/OECD锚点校准
GOV-0604-DE-general,公共管理与公务员,GOV,军事,军医,Military Physician,2212,29-1216.00,西欧,德国,DE,country,general,医学本科+,24-30,global,9.1,9.4,5.0,8.8,3.4,2.4,6.5,6.3,7.9,5.9,10.0,5.5,5.4,5.3,5.0,7.2,7.0,0.9,7.7,8.5,1.4,5.9,4.4,8.7,2.2,5.6,6.1,7.2,4.9,9.5,0.1,1.3,5.4,9.2,0,1,→,2035+,5.67,德国军医：就业极其稳定，薪资回报高，准入门槛高,"Germany Military Physician: extremely stable employment, high compensation, high entry barrier",AI综合评估 + O*NET/ILO/OECD锚点校准
GOV-0604-NL-general,公共管理与公务员,GOV,军事,军医,Military Physician,2212,29-1216.00,西欧,荷兰,NL,country,general,医学本科+,24-30,global,9.5,9.1,4.9,8.6,3.1,2.3,5.7,6.0,8.3,6.4,10.0,5.4,5.4,5.4,5.1,7.1,6.9,0.5,7.7,8.6,1.7,5.9,4.4,8.8,2.1,6.5,6.1,7.5,5.1,9.6,0.2,1.1,5.3,9.0,0,1,→,2035+,5.69,荷兰军医：就业极其稳定，薪资回报高，准入门槛高,"Netherlands Military Physician: extremely stable employment, high compensation, high entry barrier",AI综合评估 + O*NET/ILO/OECD锚点校准
GOV-0604-CH-general,公共管理与公务员,GOV,军事,军医,Military Physician,2212,29-1216.00,西欧,瑞士,CH,country,general,医学本科+,24-30,global,9.5,9.4,4.8,8.6,3.0,2.0,5.8,6.1,8.9,6.6,10.0,5.6,5.2,5.2,4.8,7.2,6.4,0.5,7.4,8.9,1.0,5.8,4.7,8.7,2.4,5.8,5.9,7.7,4.8,9.4,0.1,1.4,5.3,9.1,0,0,→,2032-2038,5.67,瑞士军医：就业极其稳定，薪资回报高，准入门槛高,"Switzerland Military Physician: extremely stable employment, high compensation, high entry barrier",AI综合评估 + O*NET/ILO/OECD锚点校准
GOV-0604-SE-general,公共管理与公务员,GOV,军事,军医,Military Physician,2212,29-1216.00,北欧,瑞典,SE,country,general,医学本科+,24-30,global,8.9,9.4,5.2,8.6,3.7,3.1,5.7,5.9,8.3,6.0,10.0,5.4,5.5,5.8,5.5,7.1,6.6,0.5,7.6,8.5,1.6,5.9,4.3,8.9,2.0,6.8,5.9,7.5,5.3,9.0,0.3,1.4,5.0,9.3,0,1,→,2035+,5.73,瑞典军医：就业极其稳定，薪资回报高，准入门槛高,"Sweden Military Physician: extremely stable employment, high compensation, high entry barrier",AI综合评估 + O*NET/ILO/OECD锚点校准
GOV-0604-DK-general,公共管理与公务员,GOV,军事,军医,Military Physician,2212,29-1216.00,北欧,丹麦,DK,country,general,医学本科+,24-30,global,9.2,9.0,5.1,8.3,3.3,2.7,5.7,6.1,8.3,6.4,9.8,5.5,5.6,5.7,5.2,7.5,7.0,0.4,7.6,8.8,1.5,6.0,4.6,8.7,2.2,6.8,5.8,7.3,5.0,9.2,0.4,1.1,5.2,9.1,0,1,→,2035+,5.75,丹麦军医：就业极其稳定，薪资回报高，准入门槛高,"Denmark Military Physician: extremely stable employment, high compensation, high entry barrier",AI综合评估 + O*NET/ILO/OECD锚点校准
GOV-0604-FI-general,公共管理与公务员,GOV,军事,军医,Military Physician,2212,29-1216.00,北欧,芬兰,FI,country,general,医学本科+,24-30,global,9.1,9.1,5.5,8.5,3.4,2.5,5.6,6.1,8.1,5.9,9.9,5.5,5.7,5.8,5.2,7.3,6.5,0.6,7.6,8.3,1.2,6.1,4.7,8.9,2.4,6.4,5.9,7.5,5.0,9.4,0.5,1.3,5.3,8.9,0,1,→,2035+,5.71,芬兰军医：就业极其稳定，薪资回报高，准入门槛高,"Finland Military Physician: extremely stable employment, high compensation, high entry barrier",AI综合评估 + O*NET/ILO/OECD锚点校准
GOV-0604-IT-general,公共管理与公务员,GOV,军事,军医,Military Physician,2212,29-1216.00,南欧,意大利,IT,country,general,医学本科+,24-30,global,9.1,9.3,5.1,8.2,3.6,3.0,6.0,6.4,7.2,5.6,9.4,5.0,4.8,4.6,4.9,6.9,6.6,0.8,7.6,9.0,1.0,5.6,3.8,8.9,2.1,4.8,5.5,7.5,4.7,10.0,0.5,0.8,5.2,9.3,0,1,→,2035+,5.44,意大利军医：就业极其稳定，准入门槛高，AI替代抗性强,"Italy Military Physician: extremely stable employment, high entry barrier, strong AI resistance",AI综合评估 + O*NET/ILO/OECD锚点校准
GOV-0604-ES-general,公共管理与公务员,GOV,军事,军医,Military Physician,2212,29-1216.00,南欧,西班牙,ES,country,general,医学本科+,24-30,global,9.1,9.4,5.0,8.2,3.4,2.5,6.6,6.0,7.4,5.9,9.4,5.3,4.9,4.9,4.6,7.4,6.5,0.8,7.2,8.7,1.0,5.7,3.7,8.5,2.0,5.7,5.4,7.7,4.7,9.7,0.3,0.9,5.1,9.1,0,1,→,2032-2038,5.46,西班牙军医：就业极其稳定，准入门槛高，AI替代抗性强,"Spain Military Physician: extremely stable employment, high entry barrier, strong AI resistance",AI综合评估 + O*NET/ILO/OECD锚点校准
GOV-0604-PT-general,公共管理与公务员,GOV,军事,军医,Military Physician,2212,29-1216.00,南欧,葡萄牙,PT,country,general,医学本科+,24-30,global,9.3,9.1,5.4,8.2,3.4,2.6,6.0,6.3,6.9,5.7,9.2,5.4,5.0,4.8,4.8,7.3,6.4,1.0,7.3,8.4,1.2,5.8,3.8,8.8,1.9,5.7,5.4,7.4,5.2,9.5,0.3,1.1,5.0,8.8,0,1,→,2032-2038,5.43,葡萄牙军医：就业极其稳定，准入门槛高，AI替代抗性强,"Portugal Military Physician: extremely stable employment, high entry barrier, strong AI resistance",AI综合评估 + O*NET/ILO/OECD锚点校准
GOV-0604-PL-general,公共管理与公务员,GOV,军事,军医,Military Physician,2212,29-1216.00,东欧,波兰,PL,country,general,医学本科+,24-30,global,9.2,9.1,4.8,7.9,3.3,2.3,6.1,6.2,7.3,5.7,9.5,5.2,5.1,4.9,4.6,6.9,6.5,1.0,7.4,8.2,1.3,5.7,4.0,8.7,1.7,5.4,5.4,7.3,5.0,9.3,0.7,1.0,5.3,9.3,0,1,→,2032-2038,5.39,波兰军医：就业极其稳定，准入门槛高，AI替代抗性强,"Poland Military Physician: extremely stable employment, high entry barrier, strong AI resistance",AI综合评估 + O*NET/ILO/OECD锚点校准
GOV-0604-CZ-general,公共管理与公务员,GOV,军事,军医,Military Physician,2212,29-1216.00,东欧,捷克,CZ,country,general,医学本科+,24-30,global,8.9,9.0,5.2,8.5,3.0,2.5,6.1,6.0,7.3,5.8,9.4,5.2,5.1,5.2,4.8,6.9,6.4,0.8,7.8,8.1,1.3,5.9,4.1,8.6,2.4,5.1,5.6,7.8,4.9,9.6,0.6,1.1,4.9,8.9,0,1,→,2035+,5.5,捷克军医：就业极其稳定，准入门槛高，AI替代抗性强,"Czech Republic Military Physician: extremely stable employment, high entry barrier, strong AI resistance",AI综合评估 + O*NET/ILO/OECD锚点校准
GOV-0604-RU-general,公共管理与公务员,GOV,军事,军医,Military Physician,2212,29-1216.00,东欧,俄罗斯,RU,country,general,医学本科+,24-30,global,9.0,8.8,5.5,8.2,4.6,3.6,5.6,5.8,7.8,5.6,8.6,4.8,4.9,4.1,4.3,7.1,6.3,1.4,7.4,8.8,0.7,5.4,3.2,8.1,1.7,5.0,5.5,7.5,5.0,9.2,0.6,1.1,4.5,8.9,0,2,↑,2032-2038,5.33,俄罗斯军医：就业极其稳定，薪资回报高，准入门槛高,"Russia Military Physician: extremely stable employment, high compensation, high entry barrier",AI综合评估 + O*NET/ILO/OECD锚点校准
GOV-0604-US-general,公共管理与公务员,GOV,军事,军医,Military Physician,2212,29-1216.00,北美,美国,US,country,general,医学本科+,24-30,global,9.2,9.1,4.9,7.9,3.7,2.1,5.9,5.8,9.3,6.1,9.6,5.1,5.0,4.2,4.3,7.2,6.6,0.9,7.7,9.1,1.2,5.6,3.4,8.7,2.3,6.1,5.6,7.7,4.8,9.2,0.4,1.2,5.1,8.7,0,1,→,2035+,5.56,美国军医：就业极其稳定，薪资回报高，准入门槛高,"United States Military Physician: extremely stable employment, high compensation, high entry barrier",AI综合评估 + O*NET/ILO/OECD锚点校准
GOV-0604-CA-general,公共管理与公务员,GOV,军事,军医,Military Physician,2212,29-1216.00,北美,加拿大,CA,country,general,医学本科+,24-30,global,9.2,9.4,5.0,8.4,2.9,2.2,5.8,5.8,8.4,6.4,9.9,5.4,5.2,5.2,4.9,7.5,6.7,0.8,7.6,8.7,1.3,5.7,4.1,9.0,1.9,6.1,6.0,7.2,5.2,9.2,0.4,1.3,5.6,8.7,0,1,→,2035+,5.63,加拿大军医：就业极其稳定，薪资回报高，准入门槛高,"Canada Military Physician: extremely stable employment, high compensation, high entry barrier",AI综合评估 + O*NET/ILO/OECD锚点校准
GOV-0604-MX-general,公共管理与公务员,GOV,军事,军医,Military Physician,2212,29-1216.00,北美,墨西哥,MX,country,general,医学本科+,24-30,global,9.2,9.0,4.8,7.7,3.4,2.9,5.9,6.0,6.9,5.2,8.7,4.6,5.1,4.2,4.3,6.8,6.3,1.2,7.5,8.2,0.7,5.3,3.1,8.3,2.0,4.5,5.3,7.3,4.9,9.4,0.7,1.0,5.2,8.7,0,1,→,2035+,5.18,墨西哥军医：就业极其稳定，准入门槛高，AI替代抗性强,"Mexico Military Physician: extremely stable employment, high entry barrier, strong AI resistance",AI综合评估 + O*NET/ILO/OECD锚点校准
GOV-0604-BR-general,公共管理与公务员,GOV,军事,军医,Military Physician,2212,29-1216.00,南美,巴西,BR,country,general,医学本科+,24-30,global,9.1,9.4,5.2,8.2,3.8,3.1,6.3,6.4,7.3,5.5,9.0,4.8,4.9,4.4,4.5,7.1,6.1,1.3,7.6,8.6,1.2,5.1,3.8,8.5,1.8,4.9,5.8,7.4,4.9,9.7,0.6,1.1,4.7,9.1,0,2,↑,2035+,5.35,巴西军医：就业极其稳定，准入门槛高，AI替代抗性强,"Brazil Military Physician: extremely stable employment, high entry barrier, strong AI resistance",AI综合评估 + O*NET/ILO/OECD锚点校准
GOV-0604-AR-general,公共管理与公务员,GOV,军事,军医,Military Physician,2212,29-1216.00,南美,阿根廷,AR,country,general,医学本科+,24-30,global,9.1,8.8,5.0,8.0,3.3,2.9,5.4,5.5,6.7,5.2,8.4,4.8,4.9,4.1,4.6,7.2,6.1,1.2,7.4,8.0,1.0,5.0,3.5,8.5,1.7,5.2,5.3,7.3,5.3,9.0,0.8,1.0,4.9,9.1,-1,2,↑,2032-2038,5.15,阿根廷军医：就业稳定，准入门槛高，AI替代抗性强,"Argentina Military Physician: stable employment, high entry barrier, strong AI resistance",AI综合评估 + O*NET/ILO/OECD锚点校准
GOV-0604-CL-general,公共管理与公务员,GOV,军事,军医,Military Physician,2212,29-1216.00,南美,智利,CL,country,general,医学本科+,24-30,global,9.3,8.7,4.7,8.3,3.0,2.4,5.9,5.6,7.4,5.4,9.4,5.1,5.0,4.4,4.3,7.2,6.5,0.9,7.7,8.0,1.0,5.6,3.5,8.8,2.1,5.0,5.3,7.7,4.8,9.1,0.5,0.9,4.8,9.1,0,1,→,2035+,5.34,智利军医：就业极其稳定，准入门槛高，AI替代抗性强,"Chile Military Physician: extremely stable employment, high entry barrier, strong AI resistance",AI综合评估 + O*NET/ILO/OECD锚点校准
GOV-0604-CO-general,公共管理与公务员,GOV,军事,军医,Military Physician,2212,29-1216.00,南美,哥伦比亚,CO,country,general,医学本科+,24-30,global,8.9,9.1,5.2,8.0,3.4,2.8,5.7,6.1,6.6,5.1,8.7,4.8,5.0,4.5,4.6,7.1,6.6,1.1,7.5,8.1,0.9,5.1,3.6,8.3,1.9,4.9,5.1,7.3,5.1,9.5,0.7,1.0,4.5,8.8,0,1,→,2035+,5.22,哥伦比亚军医：就业极其稳定，准入门槛高，AI替代抗性强,"Colombia Military Physician: extremely stable employment, high entry barrier, strong AI resistance",AI综合评估 + O*NET/ILO/OECD锚点校准
GOV-0604-AU-general,公共管理与公务员,GOV,军事,军医,Military Physician,2212,29-1216.00,大洋洲,澳大利亚,AU,country,general,医学本科+,24-30,global,9.1,9.1,4.9,8.3,3.5,2.4,5.9,5.7,8.8,6.0,10.0,5.4,5.3,5.4,4.8,7.4,6.8,0.9,7.5,8.9,1.3,6.2,4.5,8.7,2.0,6.1,5.8,7.7,4.9,9.2,0.4,0.9,5.2,9.1,0,1,→,2035+,5.66,澳大利亚军医：就业极其稳定，薪资回报高，准入门槛高,"Australia Military Physician: extremely stable employment, high compensation, high entry barrier",AI综合评估 + O*NET/ILO/OECD锚点校准
GOV-0604-NZ-general,公共管理与公务员,GOV,军事,军医,Military Physician,2212,29-1216.00,大洋洲,新西兰,NZ,country,general,医学本科+,24-30,global,8.9,8.9,4.9,8.6,3.3,2.0,6.1,6.1,7.9,6.2,9.9,5.5,5.2,5.2,5.1,6.9,6.9,0.5,7.4,8.4,1.6,6.3,4.2,9.1,2.0,6.6,6.0,7.3,4.7,9.4,0.4,1.3,5.2,8.7,0,1,→,2032-2038,5.68,新西兰军医：就业极其稳定，薪资回报高，准入门槛高,"New Zealand Military Physician: extremely stable employment, high compensation, high entry barrier",AI综合评估 + O*NET/ILO/OECD锚点校准
GOV-0604-ZA-general,公共管理与公务员,GOV,军事,军医,Military Physician,2212,29-1216.00,非洲,南非,ZA,country,general,医学本科+,24-30,global,8.8,8.5,5.0,7.7,3.5,2.8,5.7,5.5,7.3,5.1,8.2,4.7,5.0,4.4,4.6,7.2,6.5,1.1,7.5,7.7,1.1,5.5,3.4,8.5,1.7,5.0,5.1,7.4,4.9,9.3,0.6,0.6,5.0,8.8,0,1,→,2035+,5.23,南非军医：就业稳定，准入门槛高，AI替代抗性强,"South Africa Military Physician: stable employment, high entry barrier, strong AI resistance",AI综合评估 + O*NET/ILO/OECD锚点校准
GOV-0604-NG-general,公共管理与公务员,GOV,军事,军医,Military Physician,2212,29-1216.00,非洲,尼日利亚,NG,country,general,医学本科+,24-30,global,8.6,9.0,4.8,7.7,3.5,2.7,5.8,5.6,6.7,4.8,8.0,4.6,4.5,4.1,3.9,6.6,6.0,1.2,7.3,8.1,0.7,4.9,2.8,8.5,1.6,4.4,5.2,7.6,4.9,9.2,0.7,0.9,5.0,9.1,-1,1,→,2032-2038,5.03,尼日利亚军医：就业稳定，准入门槛高，AI替代抗性强,"Nigeria Military Physician: stable employment, high entry barrier, strong AI resistance",AI综合评估 + O*NET/ILO/OECD锚点校准
GOV-0604-KE-general,公共管理与公务员,GOV,军事,军医,Military Physician,2212,29-1216.00,非洲,肯尼亚,KE,country,general,医学本科+,24-30,global,9.0,8.7,4.9,7.5,3.7,2.4,5.9,5.9,6.5,5.2,8.0,4.6,4.9,4.2,4.2,7.0,6.0,1.2,7.3,7.9,0.8,5.2,3.2,8.1,1.8,4.4,5.3,7.7,5.1,9.4,0.7,0.8,4.8,8.8,-1,1,→,2032-2038,5.09,肯尼亚军医：就业稳定，准入门槛高，AI替代抗性强,"Kenya Military Physician: stable employment, high entry barrier, strong AI resistance",AI综合评估 + O*NET/ILO/OECD锚点校准
GOV-0604-EG-general,公共管理与公务员,GOV,军事,军医,Military Physician,2212,29-1216.00,非洲,埃及,EG,country,general,医学本科+,24-30,global,9.1,8.8,5.1,7.8,4.7,3.6,5.8,6.1,7.0,4.9,8.8,4.8,4.7,3.9,4.3,7.0,6.4,1.1,7.6,8.1,0.7,5.3,3.1,8.1,1.8,4.0,5.4,7.3,4.8,9.3,0.7,0.7,5.0,8.8,0,2,↑,2035+,5.23,埃及军医：就业极其稳定，准入门槛高，AI替代抗性强,"Egypt Military Physician: extremely stable employment, high entry barrier, strong AI resistance",AI综合评估 + O*NET/ILO/OECD锚点校准
GOV-0605-CN-general,公共管理与公务员,GOV,军事,军事工程师,Military Engineer,0110,55-1012.00,东亚,中国,CN,country,general,本科/硕士,22-28,global,7.3,7.1,5.2,7.8,4.7,3.3,6.0,6.1,7.5,6.1,9.4,4.8,4.3,3.2,3.9,6.7,5.3,1.4,6.3,8.5,1.3,4.1,3.0,6.8,1.9,3.3,4.8,5.9,5.1,9.5,0.7,0.7,3.2,9.5,1,3,↑,2032-2038,5.09,中国军事工程师：就业极其稳定，薪资回报高，准入门槛高,"China Military Engineer: extremely stable employment, high compensation, high entry barrier",AI综合评估 + O*NET/ILO/OECD锚点校准
GOV-0605-JP-general,公共管理与公务员,GOV,军事,军事工程师,Military Engineer,0110,55-1012.00,东亚,日本,JP,country,general,本科/硕士,22-28,global,7.7,7.6,5.1,8.1,3.9,2.7,6.0,5.8,8.0,6.5,10.0,5.1,5.0,3.6,4.4,6.9,5.9,1.0,6.6,8.3,1.7,4.6,3.1,6.9,2.2,3.3,5.0,5.8,4.8,8.8,0.9,0.7,3.6,9.7,1,2,↑,2032-2038,5.25,日本军事工程师：就业极其稳定，薪资回报高，准入门槛高,"Japan Military Engineer: extremely stable employment, high compensation, high entry barrier",AI综合评估 + O*NET/ILO/OECD锚点校准
GOV-0605-KR-general,公共管理与公务员,GOV,军事,军事工程师,Military Engineer,0110,55-1012.00,东亚,韩国,KR,country,general,本科/硕士,22-28,global,7.6,7.5,4.9,7.6,3.7,2.3,5.8,5.7,7.8,6.0,9.2,4.9,4.9,3.4,4.0,6.7,5.8,1.3,6.6,8.2,1.5,4.5,2.8,7.4,2.0,3.3,4.9,6.1,4.7,8.8,1.0,0.9,3.4,9.5,1,2,↑,2032-2038,5.09,韩国军事工程师：就业极其稳定，薪资回报高，准入门槛高,"South Korea Military Engineer: extremely stable employment, high compensation, high entry barrier",AI综合评估 + O*NET/ILO/OECD锚点校准
GOV-0605-TW-general,公共管理与公务员,GOV,军事,军事工程师,Military Engineer,0110,55-1012.00,东亚,中国台湾地区,TW,region,general,本科/硕士,22-28,global,7.4,7.1,4.7,7.9,3.2,2.1,6.0,5.8,7.3,5.6,9.0,4.7,4.6,3.6,4.3,6.4,5.5,1.5,6.6,8.1,1.2,4.5,3.2,7.5,2.2,3.5,4.6,6.0,5.1,9.0,1.2,0.6,3.1,9.3,1,2,↑,2032-2038,5.01,中国台湾地区军事工程师：就业极其稳定，准入门槛高，无法远程办公,"Taiwan (China) Military Engineer: extremely stable employment, high entry barrier, no remote work possible",AI综合评估 + O*NET/ILO/OECD锚点校准
GOV-0605-HK-general,公共管理与公务员,GOV,军事,军事工程师,Military Engineer,0110,55-1012.00,东亚,中国香港地区,HK,region,general,本科/硕士,22-28,global,7.9,7.3,5.1,7.9,2.4,2.2,5.6,5.7,7.4,6.3,9.3,4.6,4.9,3.6,4.4,6.6,6.0,1.1,6.8,7.3,1.5,4.8,3.3,7.4,2.4,3.8,4.6,5.7,5.1,8.3,1.1,0.5,3.8,9.3,1,2,↑,2032-2038,5.1,中国香港地区军事工程师：就业极其稳定，准入门槛高，无法远程办公,"Hong Kong (China) Military Engineer: extremely stable employment, high entry barrier, no remote work possible",AI综合评估 + O*NET/ILO/OECD锚点校准
GOV-0605-SG-general,公共管理与公务员,GOV,军事,军事工程师,Military Engineer,0110,55-1012.00,东南亚,新加坡,SG,country,general,本科/硕士,22-28,global,7.8,7.3,4.9,8.0,3.6,1.6,6.1,5.5,8.6,6.6,10.0,5.2,5.2,3.5,4.5,6.8,6.0,1.0,6.7,8.5,1.4,5.1,3.5,7.6,2.2,4.4,5.1,5.9,5.3,9.0,1.0,0.5,4.0,9.2,1,1,→,2032-2038,5.33,新加坡军事工程师：就业极其稳定，薪资回报高，准入门槛高,"Singapore Military Engineer: extremely stable employment, high compensation, high entry barrier",AI综合评估 + O*NET/ILO/OECD锚点校准
GOV-0605-TH-general,公共管理与公务员,GOV,军事,军事工程师,Military Engineer,0110,55-1012.00,东南亚,泰国,TH,country,general,本科/硕士,22-28,global,7.6,7.1,5.1,7.4,3.9,2.7,5.4,5.6,6.6,5.4,8.5,4.4,4.9,4.1,4.4,6.7,5.1,1.4,6.7,7.4,1.3,4.4,3.4,7.2,1.8,3.5,5.0,5.9,4.8,8.4,0.7,0.7,3.4,9.4,1,2,↑,2032-2038,4.97,泰国军事工程师：就业极其稳定，准入门槛高，职业安全风险高,"Thailand Military Engineer: extremely stable employment, high entry barrier, high safety risk",AI综合评估 + O*NET/ILO/OECD锚点校准
GOV-0605-VN-general,公共管理与公务员,GOV,军事,军事工程师,Military Engineer,0110,55-1012.00,东南亚,越南,VN,country,general,本科/硕士,22-28,global,7.3,7.1,5.4,7.9,4.1,3.6,5.8,5.8,6.2,5.4,8.9,4.8,4.9,3.9,4.6,6.3,5.1,1.7,6.2,7.6,1.4,4.1,3.1,6.8,1.9,3.2,5.2,6.1,4.8,9.0,0.9,0.1,3.2,9.8,1,3,↑,2032-2038,4.94,越南军事工程师：就业极其稳定，准入门槛高，无法远程办公,"Vietnam Military Engineer: extremely stable employment, high entry barrier, no remote work possible",AI综合评估 + O*NET/ILO/OECD锚点校准
GOV-0605-ID-general,公共管理与公务员,GOV,军事,军事工程师,Military Engineer,0110,55-1012.00,东南亚,印度尼西亚,ID,country,general,本科/硕士,22-28,global,7.3,7.0,5.2,7.4,3.6,3.1,5.4,5.2,6.0,5.1,8.1,4.5,5.0,3.9,4.5,6.4,5.5,1.5,6.3,7.2,1.4,4.1,3.4,7.1,2.2,3.4,4.8,6.2,5.0,8.7,0.9,0.2,3.2,9.7,1,2,↑,2032-2038,4.85,印度尼西亚军事工程师：就业稳定，准入门槛高，职业安全风险高,"Indonesia Military Engineer: stable employment, high entry barrier, high safety risk",AI综合评估 + O*NET/ILO/OECD锚点校准
GOV-0605-MY-general,公共管理与公务员,GOV,军事,军事工程师,Military Engineer,0110,55-1012.00,东南亚,马来西亚,MY,country,general,本科/硕士,22-28,global,7.6,7.0,5.0,7.8,3.3,2.7,5.4,5.8,7.1,5.8,9.0,4.6,5.1,3.8,4.4,6.4,5.4,1.4,6.3,7.3,1.3,4.5,3.6,7.1,2.2,3.2,4.7,6.1,4.9,8.7,1.0,0.2,3.8,9.2,1,2,↑,2032-2038,5.01,马来西亚军事工程师：就业极其稳定，准入门槛高，无法远程办公,"Malaysia Military Engineer: extremely stable employment, high entry barrier, no remote work possible",AI综合评估 + O*NET/ILO/OECD锚点校准
GOV-0605-PH-general,公共管理与公务员,GOV,军事,军事工程师,Military Engineer,0110,55-1012.00,东南亚,菲律宾,PH,country,general,本科/硕士,22-28,global,7.8,7.1,5.0,7.1,3.4,2.8,5.3,5.5,5.9,5.0,7.9,4.2,4.7,3.9,4.2,6.7,5.3,1.6,6.7,6.8,1.7,4.5,3.1,6.7,1.7,3.8,4.8,6.1,5.2,8.1,1.4,0.5,3.6,9.3,1,2,↑,2032-2038,4.8,菲律宾军事工程师：就业稳定，准入门槛高，职业安全风险高,"Philippines Military Engineer: stable employment, high entry barrier, high safety risk",AI综合评估 + O*NET/ILO/OECD锚点校准
GOV-0605-IN-general,公共管理与公务员,GOV,军事,军事工程师,Military Engineer,0110,55-1012.00,南亚,印度,IN,country,general,本科/硕士,22-28,global,7.5,7.5,5.1,7.4,3.9,3.1,6.2,6.1,7.2,5.5,8.9,4.5,4.5,3.3,4.3,6.8,5.5,1.8,6.4,8.5,1.7,4.3,2.8,7.1,1.8,3.2,4.9,6.0,5.2,8.8,1.2,0.3,3.5,9.5,1,3,↑,2032-2038,5.0,印度军事工程师：就业极其稳定，准入门槛高，职业安全风险高,"India Military Engineer: extremely stable employment, high entry barrier, high safety risk",AI综合评估 + O*NET/ILO/OECD锚点校准
GOV-0605-PK-general,公共管理与公务员,GOV,军事,军事工程师,Military Engineer,0110,55-1012.00,南亚,巴基斯坦,PK,country,general,本科/硕士,22-28,global,7.7,7.0,5.4,7.5,4.3,3.0,5.7,5.6,6.7,5.2,7.9,4.2,4.8,3.6,4.2,6.4,5.4,1.8,6.2,7.7,1.2,3.9,2.7,6.9,1.7,2.1,5.0,6.1,4.8,8.6,1.2,0.1,2.9,9.3,1,2,↑,2032-2038,4.8,巴基斯坦军事工程师：就业稳定，准入门槛高，职业安全风险高,"Pakistan Military Engineer: stable employment, high entry barrier, high safety risk",AI综合评估 + O*NET/ILO/OECD锚点校准
GOV-0605-BD-general,公共管理与公务员,GOV,军事,军事工程师,Military Engineer,0110,55-1012.00,南亚,孟加拉国,BD,country,general,本科/硕士,22-28,global,7.0,6.9,4.7,7.4,3.4,2.5,5.6,5.9,5.8,5.0,8.1,4.3,4.7,3.4,4.2,6.5,5.4,1.6,6.6,7.3,1.2,4.2,2.7,6.5,1.6,2.6,4.5,6.3,4.9,8.4,0.9,0.5,3.2,9.4,1,2,↑,2032-2038,4.77,孟加拉国军事工程师：就业稳定，准入门槛高，职业安全风险高,"Bangladesh Military Engineer: stable employment, high entry barrier, high safety risk",AI综合评估 + O*NET/ILO/OECD锚点校准
GOV-0605-AE-general,公共管理与公务员,GOV,军事,军事工程师,Military Engineer,0110,55-1012.00,中亚/西亚,阿联酋,AE,country,general,本科/硕士,22-28,global,7.4,6.9,5.6,8.1,3.6,2.8,5.4,5.4,8.4,6.6,9.7,4.9,4.8,3.6,4.5,6.5,5.6,1.3,6.7,7.6,1.5,4.7,3.4,7.3,2.0,3.3,4.7,5.8,5.0,8.0,0.7,0.9,3.6,9.8,1,2,↑,2032-2038,5.24,阿联酋军事工程师：就业极其稳定，薪资回报高，准入门槛高,"United Arab Emirates Military Engineer: extremely stable employment, high compensation, high entry barrier",AI综合评估 + O*NET/ILO/OECD锚点校准
GOV-0605-IL-general,公共管理与公务员,GOV,军事,军事工程师,Military Engineer,0110,55-1012.00,中亚/西亚,以色列,IL,country,general,本科/硕士,22-28,global,7.7,7.4,5.3,7.8,3.9,2.7,5.4,5.5,8.4,6.0,9.1,4.6,5.2,4.2,4.6,7.0,5.6,1.6,6.9,8.0,1.5,4.4,3.2,7.3,1.8,4.0,5.1,6.0,4.9,8.4,1.2,0.9,3.7,9.4,1,2,↑,2032-2038,5.2,以色列军事工程师：就业极其稳定，薪资回报高，准入门槛高,"Israel Military Engineer: extremely stable employment, high compensation, high entry barrier",AI综合评估 + O*NET/ILO/OECD锚点校准
GOV-0605-SA-general,公共管理与公务员,GOV,军事,军事工程师,Military Engineer,0110,55-1012.00,中亚/西亚,沙特阿拉伯,SA,country,general,本科/硕士,22-28,global,7.5,6.8,5.2,7.9,4.6,3.4,4.9,4.9,8.6,6.1,9.3,4.9,4.7,3.3,4.1,6.6,5.5,1.7,6.5,7.6,1.6,4.3,3.1,7.1,2.0,2.6,4.9,6.2,4.9,8.0,1.1,0.2,3.7,9.8,1,3,↑,2032-2038,5.09,沙特阿拉伯军事工程师：就业极其稳定，薪资回报高，准入门槛高,"Saudi Arabia Military Engineer: extremely stable employment, high compensation, high entry barrier",AI综合评估 + O*NET/ILO/OECD锚点校准
GOV-0605-TR-general,公共管理与公务员,GOV,军事,军事工程师,Military Engineer,0110,55-1012.00,中亚/西亚,土耳其,TR,country,general,本科/硕士,22-28,global,7.5,6.8,5.0,7.1,4.2,2.9,5.5,5.7,7.0,5.3,8.3,4.5,4.5,3.4,4.1,6.3,5.4,1.5,6.2,7.6,1.6,4.1,3.1,6.8,2.1,3.2,5.2,5.8,4.8,8.4,0.9,0.5,3.4,9.4,1,2,↑,2032-2038,4.9,土耳其军事工程师：就业稳定，准入门槛高，职业安全风险高,"Turkey Military Engineer: stable employment, high entry barrier, high safety risk",AI综合评估 + O*NET/ILO/OECD锚点校准
GOV-0605-GB-general,公共管理与公务员,GOV,军事,军事工程师,Military Engineer,0110,55-1012.00,西欧,英国,GB,country,general,本科/硕士,22-28,global,7.6,7.2,5.1,7.7,3.5,2.1,5.5,5.7,7.9,6.0,9.3,4.8,5.6,4.6,5.1,7.0,5.8,1.1,6.9,8.0,1.4,5.0,4.2,7.6,2.0,4.5,5.2,6.2,5.1,8.2,1.2,1.0,4.0,9.7,1,2,↑,2032-2038,5.32,英国军事工程师：就业极其稳定，薪资回报高，准入门槛高,"United Kingdom Military Engineer: extremely stable employment, high compensation, high entry barrier",AI综合评估 + O*NET/ILO/OECD锚点校准
GOV-0605-FR-general,公共管理与公务员,GOV,军事,军事工程师,Military Engineer,0110,55-1012.00,西欧,法国,FR,country,general,本科/硕士,22-28,global,7.6,7.2,5.4,7.9,4.2,3.5,5.9,5.6,7.5,5.9,9.7,4.7,5.1,4.9,5.0,6.8,5.6,1.3,6.3,8.1,1.6,4.9,4.2,7.4,1.9,3.9,5.4,6.2,5.3,8.8,1.1,0.4,3.8,9.8,1,3,↑,2032-2038,5.29,法国军事工程师：就业极其稳定，薪资回报高，准入门槛高,"France Military Engineer: extremely stable employment, high compensation, high entry barrier",AI综合评估 + O*NET/ILO/OECD锚点校准
GOV-0605-DE-general,公共管理与公务员,GOV,军事,军事工程师,Military Engineer,0110,55-1012.00,西欧,德国,DE,country,general,本科/硕士,22-28,global,7.7,7.3,4.9,7.8,3.4,2.7,5.4,5.6,7.5,6.2,9.9,4.9,5.5,5.0,5.3,6.6,5.9,1.0,6.8,8.0,1.5,5.0,4.2,7.2,2.2,4.1,5.3,5.7,5.0,8.6,0.5,0.7,3.8,9.3,1,2,↑,2032-2038,5.32,德国军事工程师：就业极其稳定，薪资回报高，准入门槛高,"Germany Military Engineer: extremely stable employment, high compensation, high entry barrier",AI综合评估 + O*NET/ILO/OECD锚点校准
GOV-0605-NL-general,公共管理与公务员,GOV,军事,军事工程师,Military Engineer,0110,55-1012.00,西欧,荷兰,NL,country,general,本科/硕士,22-28,global,7.4,6.8,4.9,7.9,2.9,2.1,5.2,5.3,7.5,6.2,9.7,4.9,5.4,4.9,5.1,6.5,6.0,1.1,6.8,7.5,1.7,5.0,4.8,7.1,2.1,5.0,5.1,5.7,4.9,8.4,0.5,0.5,4.1,9.7,1,2,↑,2032-2038,5.29,荷兰军事工程师：就业极其稳定，薪资回报高，准入门槛高,"Netherlands Military Engineer: extremely stable employment, high compensation, high entry barrier",AI综合评估 + O*NET/ILO/OECD锚点校准
GOV-0605-CH-general,公共管理与公务员,GOV,军事,军事工程师,Military Engineer,0110,55-1012.00,西欧,瑞士,CH,country,general,本科/硕士,22-28,global,8.0,7.5,5.0,8.0,2.7,2.0,5.8,5.7,8.3,6.4,10.0,5.0,5.4,4.9,5.2,6.6,5.5,1.0,6.6,7.3,1.7,5.4,4.3,7.2,2.5,4.1,5.2,5.7,5.1,8.6,0.5,0.6,3.9,9.4,1,1,→,2032-2038,5.32,瑞士军事工程师：就业极其稳定，薪资回报高，准入门槛高,"Switzerland Military Engineer: extremely stable employment, high compensation, high entry barrier",AI综合评估 + O*NET/ILO/OECD锚点校准
GOV-0605-SE-general,公共管理与公务员,GOV,军事,军事工程师,Military Engineer,0110,55-1012.00,北欧,瑞典,SE,country,general,本科/硕士,22-28,global,7.4,7.1,5.0,7.9,3.7,3.1,5.3,5.7,7.5,6.0,9.7,4.9,5.9,5.0,5.3,6.6,5.7,1.3,6.4,7.2,1.8,5.0,4.9,7.2,2.3,5.3,5.2,6.0,5.1,8.4,0.8,0.5,3.6,9.7,1,2,↑,2032-2038,5.32,瑞典军事工程师：就业极其稳定，薪资回报高，准入门槛高,"Sweden Military Engineer: extremely stable employment, high compensation, high entry barrier",AI综合评估 + O*NET/ILO/OECD锚点校准
GOV-0605-DK-general,公共管理与公务员,GOV,军事,军事工程师,Military Engineer,0110,55-1012.00,北欧,丹麦,DK,country,general,本科/硕士,22-28,global,7.7,7.3,5.1,7.9,3.5,2.6,5.1,5.3,7.6,6.1,9.6,4.9,5.5,5.4,5.4,6.8,5.6,1.0,6.7,7.5,1.7,5.4,4.8,7.5,2.1,5.2,5.6,5.8,5.2,8.6,0.9,0.8,4.0,9.4,1,2,↑,2032-2038,5.35,丹麦军事工程师：就业极其稳定，薪资回报高，准入门槛高,"Denmark Military Engineer: extremely stable employment, high compensation, high entry barrier",AI综合评估 + O*NET/ILO/OECD锚点校准
GOV-0605-FI-general,公共管理与公务员,GOV,军事,军事工程师,Military Engineer,0110,55-1012.00,北欧,芬兰,FI,country,general,本科/硕士,22-28,global,7.8,6.8,5.3,8.1,3.6,2.9,5.5,5.2,7.8,6.3,9.5,5.0,5.8,5.1,5.2,7.0,5.6,1.0,6.9,7.5,1.6,4.8,4.4,7.2,2.5,4.9,5.5,6.1,5.1,8.1,0.6,0.9,3.6,9.7,1,2,↑,2032-2038,5.39,芬兰军事工程师：就业极其稳定，薪资回报高，准入门槛高,"Finland Military Engineer: extremely stable employment, high compensation, high entry barrier",AI综合评估 + O*NET/ILO/OECD锚点校准
GOV-0605-IT-general,公共管理与公务员,GOV,军事,军事工程师,Military Engineer,0110,55-1012.00,南欧,意大利,IT,country,general,本科/硕士,22-28,global,7.8,7.2,4.9,7.6,3.4,2.9,5.5,5.8,6.9,6.0,8.9,4.5,4.8,4.2,4.4,6.7,5.6,1.2,6.7,7.6,1.4,4.4,3.7,6.9,1.8,3.5,5.4,5.7,5.0,8.5,0.9,0.4,3.6,9.3,1,2,↑,2032-2038,5.05,意大利军事工程师：就业极其稳定，准入门槛高，职业安全风险高,"Italy Military Engineer: extremely stable employment, high entry barrier, high safety risk",AI综合评估 + O*NET/ILO/OECD锚点校准
GOV-0605-ES-general,公共管理与公务员,GOV,军事,军事工程师,Military Engineer,0110,55-1012.00,南欧,西班牙,ES,country,general,本科/硕士,22-28,global,7.6,7.3,5.3,7.6,3.1,2.9,5.7,5.6,7.0,5.6,8.8,4.7,5.2,4.3,4.7,6.8,5.4,1.6,6.3,7.6,1.7,4.8,3.9,7.3,2.1,4.1,5.0,6.0,4.9,9.2,1.0,0.5,3.7,9.4,1,2,↑,2032-2038,5.07,西班牙军事工程师：就业极其稳定，准入门槛高，无法远程办公,"Spain Military Engineer: extremely stable employment, high entry barrier, no remote work possible",AI综合评估 + O*NET/ILO/OECD锚点校准
GOV-0605-PT-general,公共管理与公务员,GOV,军事,军事工程师,Military Engineer,0110,55-1012.00,南欧,葡萄牙,PT,country,general,本科/硕士,22-28,global,7.7,7.2,5.0,7.4,3.1,2.7,5.6,5.9,6.5,5.2,8.9,4.8,5.1,4.3,4.8,6.6,5.5,1.5,6.5,7.3,1.3,4.6,3.6,7.4,2.3,4.2,5.0,5.8,5.2,8.9,1.1,0.8,3.4,9.8,1,2,↑,2032-2038,4.99,葡萄牙军事工程师：就业极其稳定，准入门槛高，无法远程办公,"Portugal Military Engineer: extremely stable employment, high entry barrier, no remote work possible",AI综合评估 + O*NET/ILO/OECD锚点校准
GOV-0605-PL-general,公共管理与公务员,GOV,军事,军事工程师,Military Engineer,0110,55-1012.00,东欧,波兰,PL,country,general,本科/硕士,22-28,global,7.9,6.9,4.8,7.4,3.8,2.4,5.2,5.3,7.0,5.7,8.5,4.5,5.2,4.6,4.7,6.3,5.3,1.4,6.5,7.5,1.9,4.5,3.8,7.0,1.8,3.7,5.1,5.7,5.0,8.2,0.9,0.6,3.4,9.3,1,2,↑,2032-2038,5.0,波兰军事工程师：就业极其稳定，准入门槛高，职业安全风险高,"Poland Military Engineer: extremely stable employment, high entry barrier, high safety risk",AI综合评估 + O*NET/ILO/OECD锚点校准
GOV-0605-CZ-general,公共管理与公务员,GOV,军事,军事工程师,Military Engineer,0110,55-1012.00,东欧,捷克,CZ,country,general,本科/硕士,22-28,global,7.6,6.7,4.9,8.1,3.2,2.2,5.6,5.4,7.0,5.8,9.1,4.8,5.1,4.8,4.9,6.5,5.9,1.5,6.7,7.2,2.0,5.1,4.2,7.3,2.2,4.2,5.0,6.1,5.3,8.5,0.8,0.4,3.3,9.7,1,2,↑,2032-2038,5.16,捷克军事工程师：就业极其稳定，准入门槛高，无法远程办公,"Czech Republic Military Engineer: extremely stable employment, high entry barrier, no remote work possible",AI综合评估 + O*NET/ILO/OECD锚点校准
GOV-0605-RU-general,公共管理与公务员,GOV,军事,军事工程师,Military Engineer,0110,55-1012.00,东欧,俄罗斯,RU,country,general,本科/硕士,22-28,global,7.7,6.9,5.1,7.7,4.5,3.4,5.0,5.5,7.5,5.3,8.0,4.4,5.1,4.1,4.2,6.6,5.7,1.7,6.8,7.8,1.2,4.6,3.6,6.5,2.0,3.8,4.9,6.0,5.2,8.5,0.9,0.5,3.1,9.4,1,3,↑,2032-2038,5.0,俄罗斯军事工程师：就业稳定，薪资回报高，准入门槛高,"Russia Military Engineer: stable employment, high compensation, high entry barrier",AI综合评估 + O*NET/ILO/OECD锚点校准
GOV-0605-US-general,公共管理与公务员,GOV,军事,军事工程师,Military Engineer,0110,55-1012.00,北美,美国,US,country,general,本科/硕士,22-28,global,7.9,7.3,5.1,7.7,4.1,2.1,5.8,5.2,8.5,5.8,9.0,4.7,5.3,3.9,4.8,6.7,5.7,1.1,6.9,8.0,1.2,4.7,3.6,7.3,2.0,4.3,5.1,5.8,4.8,8.6,0.9,0.4,3.8,9.2,1,2,↑,2032-2038,5.22,美国军事工程师：就业极其稳定，薪资回报高，准入门槛高,"United States Military Engineer: extremely stable employment, high compensation, high entry barrier",AI综合评估 + O*NET/ILO/OECD锚点校准
GOV-0605-CA-general,公共管理与公务员,GOV,军事,军事工程师,Military Engineer,0110,55-1012.00,北美,加拿大,CA,country,general,本科/硕士,22-28,global,8.0,7.3,4.9,7.7,3.4,2.1,5.3,5.5,7.6,6.4,9.8,4.9,5.4,4.4,4.6,6.7,5.7,1.4,6.4,7.6,1.6,4.7,4.2,7.3,2.1,4.8,5.4,6.2,4.8,8.7,0.8,0.6,4.0,9.4,1,2,↑,2032-2038,5.21,加拿大军事工程师：就业极其稳定，薪资回报高，准入门槛高,"Canada Military Engineer: extremely stable employment, high compensation, high entry barrier",AI综合评估 + O*NET/ILO/OECD锚点校准
GOV-0605-MX-general,公共管理与公务员,GOV,军事,军事工程师,Military Engineer,0110,55-1012.00,北美,墨西哥,MX,country,general,本科/硕士,22-28,global,7.3,7.0,5.2,7.2,3.2,2.5,5.3,5.1,6.2,4.9,8.2,4.1,5.1,3.7,4.6,6.8,5.2,1.8,6.7,6.8,1.4,4.1,3.2,6.7,1.9,3.6,4.8,6.1,4.7,8.5,0.9,0.1,3.3,9.5,1,2,↑,2032-2038,4.79,墨西哥军事工程师：就业稳定，准入门槛高，职业安全风险高,"Mexico Military Engineer: stable employment, high entry barrier, high safety risk",AI综合评估 + O*NET/ILO/OECD锚点校准
GOV-0605-BR-general,公共管理与公务员,GOV,军事,军事工程师,Military Engineer,0110,55-1012.00,南美,巴西,BR,country,general,本科/硕士,22-28,global,7.7,7.2,5.3,7.9,3.5,3.0,5.7,6.0,7.0,5.8,8.6,4.4,5.1,4.1,4.4,6.4,5.3,1.4,6.7,7.7,1.5,4.1,3.6,7.1,1.8,3.6,4.9,6.3,5.2,9.0,0.9,0.6,3.5,9.5,1,3,↑,2032-2038,5.05,巴西军事工程师：就业极其稳定，准入门槛高，职业安全风险高,"Brazil Military Engineer: extremely stable employment, high entry barrier, high safety risk",AI综合评估 + O*NET/ILO/OECD锚点校准
GOV-0605-AR-general,公共管理与公务员,GOV,军事,军事工程师,Military Engineer,0110,55-1012.00,南美,阿根廷,AR,country,general,本科/硕士,22-28,global,7.4,6.7,5.3,7.0,3.7,2.8,5.3,5.2,5.7,4.8,7.7,4.2,4.8,4.1,4.4,6.6,5.4,1.6,6.5,6.6,1.1,4.4,3.4,7.1,1.7,3.4,4.8,6.2,5.0,8.4,1.0,0.5,3.6,9.7,0,3,↑,2032-2038,4.79,阿根廷军事工程师：就业稳定，准入门槛高，职业安全风险高,"Argentina Military Engineer: stable employment, high entry barrier, high safety risk",AI综合评估 + O*NET/ILO/OECD锚点校准
GOV-0605-CL-general,公共管理与公务员,GOV,军事,军事工程师,Military Engineer,0110,55-1012.00,南美,智利,CL,country,general,本科/硕士,22-28,global,7.7,6.8,5.1,7.8,3.0,2.2,5.5,5.4,7.0,5.5,8.6,4.6,5.1,3.8,4.5,6.7,5.3,1.3,6.7,7.2,1.5,4.8,3.3,6.9,2.3,3.7,5.2,6.1,5.2,8.6,1.1,0.6,3.6,9.1,1,2,↑,2032-2038,5.01,智利军事工程师：就业极其稳定，准入门槛高，无法远程办公,"Chile Military Engineer: extremely stable employment, high entry barrier, no remote work possible",AI综合评估 + O*NET/ILO/OECD锚点校准
GOV-0605-CO-general,公共管理与公务员,GOV,军事,军事工程师,Military Engineer,0110,55-1012.00,南美,哥伦比亚,CO,country,general,本科/硕士,22-28,global,7.8,6.6,4.8,7.3,3.7,2.9,5.6,5.6,6.2,5.2,8.1,4.3,5.0,3.7,4.1,6.7,5.4,1.8,6.7,7.2,1.5,4.4,3.1,7.0,1.7,3.5,4.9,5.9,4.7,8.3,1.1,0.4,3.2,9.8,1,2,↑,2032-2038,4.85,哥伦比亚军事工程师：就业稳定，准入门槛高，职业安全风险高,"Colombia Military Engineer: stable employment, high entry barrier, high safety risk",AI综合评估 + O*NET/ILO/OECD锚点校准
GOV-0605-AU-general,公共管理与公务员,GOV,军事,军事工程师,Military Engineer,0110,55-1012.00,大洋洲,澳大利亚,AU,country,general,本科/硕士,22-28,global,7.6,7.0,4.9,7.7,3.4,2.2,5.3,5.3,8.1,6.0,9.7,5.0,5.4,4.9,5.3,7.0,5.9,1.2,6.8,7.6,2.0,4.7,4.1,7.5,2.3,4.4,5.0,5.7,4.9,8.2,0.7,0.6,4.1,9.3,1,2,↑,2032-2038,5.33,澳大利亚军事工程师：就业极其稳定，薪资回报高，准入门槛高,"Australia Military Engineer: extremely stable employment, high compensation, high entry barrier",AI综合评估 + O*NET/ILO/OECD锚点校准
GOV-0605-NZ-general,公共管理与公务员,GOV,军事,军事工程师,Military Engineer,0110,55-1012.00,大洋洲,新西兰,NZ,country,general,本科/硕士,22-28,global,7.5,6.9,5.2,7.7,3.2,2.2,5.4,5.6,7.1,6.1,10.0,5.1,5.2,4.6,5.2,6.9,5.4,1.1,6.7,7.3,2.1,5.1,4.2,7.5,1.9,4.8,5.0,6.0,5.0,8.4,0.8,0.9,3.8,9.3,1,2,↑,2032-2038,5.29,新西兰军事工程师：就业极其稳定，准入门槛高,"New Zealand Military Engineer: extremely stable employment, high entry barrier",AI综合评估 + O*NET/ILO/OECD锚点校准
GOV-0605-ZA-general,公共管理与公务员,GOV,军事,军事工程师,Military Engineer,0110,55-1012.00,非洲,南非,ZA,country,general,本科/硕士,22-28,global,7.3,6.9,5.0,7.1,3.2,2.7,5.1,5.1,6.7,5.4,8.2,4.3,4.9,3.6,4.6,6.7,5.3,1.8,6.2,7.1,1.7,4.4,3.5,6.7,2.2,3.3,5.1,5.9,5.1,8.3,1.4,0.5,3.2,9.6,1,2,↑,2032-2038,4.82,南非军事工程师：就业稳定，准入门槛高，职业安全风险高,"South Africa Military Engineer: stable employment, high entry barrier, high safety risk",AI综合评估 + O*NET/ILO/OECD锚点校准
GOV-0605-NG-general,公共管理与公务员,GOV,军事,军事工程师,Military Engineer,0110,55-1012.00,非洲,尼日利亚,NG,country,general,本科/硕士,22-28,global,7.5,6.8,5.2,7.1,3.6,3.0,5.1,5.2,5.9,4.7,7.4,4.2,4.6,3.7,4.0,6.4,5.4,1.9,6.3,6.8,1.1,3.9,3.0,7.0,1.9,2.8,4.6,6.0,5.2,8.0,1.2,0.1,3.0,9.3,0,2,↑,2032-2038,4.65,尼日利亚军事工程师：准入门槛高，职业安全风险高，无法远程办公,"Nigeria Military Engineer: high entry barrier, high safety risk, no remote work possible",AI综合评估 + O*NET/ILO/OECD锚点校准
GOV-0605-KE-general,公共管理与公务员,GOV,军事,军事工程师,Military Engineer,0110,55-1012.00,非洲,肯尼亚,KE,country,general,本科/硕士,22-28,global,7.6,7.1,5.3,7.0,3.4,2.5,5.3,5.2,6.3,4.7,7.8,4.3,4.8,3.5,3.9,6.4,5.4,1.7,6.5,6.9,1.7,3.9,3.3,6.7,1.8,3.0,5.1,5.9,5.1,8.4,1.2,0.1,3.3,9.3,0,2,↑,2032-2038,4.72,肯尼亚军事工程师：就业稳定，准入门槛高，职业安全风险高,"Kenya Military Engineer: stable employment, high entry barrier, high safety risk",AI综合评估 + O*NET/ILO/OECD锚点校准
GOV-0605-EG-general,公共管理与公务员,GOV,军事,军事工程师,Military Engineer,0110,55-1012.00,非洲,埃及,EG,country,general,本科/硕士,22-28,global,7.7,6.9,5.3,7.4,4.6,3.5,5.1,5.3,6.8,5.1,8.0,4.5,4.6,3.5,4.2,6.4,5.1,1.5,6.4,7.1,1.6,4.3,3.1,6.8,2.1,2.9,4.9,6.2,5.3,8.5,1.1,0.3,3.3,9.7,1,3,↑,2032-2038,4.86,埃及军事工程师：就业稳定，准入门槛高，职业安全风险高,"Egypt Military Engineer: stable employment, high entry barrier, high safety risk",AI综合评估 + O*NET/ILO/OECD锚点校准
GOV-0701-CN-general,公共管理与公务员,GOV,警察执法,警察,Police Officer,5412,33-3051.00,东亚,中国,CN,country,general,大专/本科,20-28,global,4.5,4.8,3.9,8.1,6.0,7.9,4.8,4.7,5.5,5.1,9.5,4.4,3.3,3.3,2.9,4.6,3.7,3.5,7.2,7.3,0.3,3.8,3.0,6.9,0.7,3.8,4.5,8.2,6.9,8.1,0.8,0.9,2.5,8.8,0,1,→,2032-2038,4.8,中国警察：就业极其稳定，准入门槛高，职业安全风险高,"China Police Officer: extremely stable employment, high entry barrier, high safety risk",AI综合评估 + O*NET/ILO/OECD锚点校准
GOV-0701-JP-general,公共管理与公务员,GOV,警察执法,警察,Police Officer,5412,33-3051.00,东亚,日本,JP,country,general,大专/本科,20-28,global,4.6,4.9,3.8,7.8,5.6,6.4,4.9,4.2,5.5,5.8,9.7,4.7,3.7,3.6,3.2,4.5,3.4,3.1,7.0,8.0,0.6,3.9,3.8,6.9,1.4,4.0,5.1,8.2,6.8,8.3,0.8,0.8,2.7,8.8,0,0,→,2032-2038,4.89,日本警察：就业极其稳定，准入门槛高，AI替代抗性强,"Japan Police Officer: extremely stable employment, high entry barrier, strong AI resistance",AI综合评估 + O*NET/ILO/OECD锚点校准
GOV-0701-KR-general,公共管理与公务员,GOV,警察执法,警察,Police Officer,5412,33-3051.00,东亚,韩国,KR,country,general,大专/本科,20-28,global,4.8,5.2,3.9,7.9,5.8,6.4,5.3,4.3,5.5,5.7,9.1,4.4,3.7,3.4,3.3,4.8,3.5,3.4,7.2,7.5,0.1,3.9,3.8,7.0,1.3,3.8,4.8,8.1,7.3,8.1,0.8,0.9,2.1,8.7,0,0,→,2032-2038,4.81,韩国警察：就业极其稳定，准入门槛高，职业安全风险高,"South Korea Police Officer: extremely stable employment, high entry barrier, high safety risk",AI综合评估 + O*NET/ILO/OECD锚点校准
GOV-0701-TW-general,公共管理与公务员,GOV,警察执法,警察,Police Officer,5412,33-3051.00,东亚,中国台湾地区,TW,region,general,大专/本科,20-28,global,4.7,4.6,3.7,7.6,5.5,6.3,4.8,4.1,5.5,5.2,9.0,4.4,4.0,3.6,3.3,4.6,3.8,3.3,6.9,7.4,0.6,4.3,3.6,7.1,1.4,4.2,4.7,8.0,7.3,8.1,1.2,1.3,2.2,8.8,0,0,→,2032-2038,4.79,中国台湾地区警察：就业极其稳定，准入门槛高，职业安全风险高,"Taiwan (China) Police Officer: extremely stable employment, high entry barrier, high safety risk",AI综合评估 + O*NET/ILO/OECD锚点校准
GOV-0701-HK-general,公共管理与公务员,GOV,警察执法,警察,Police Officer,5412,33-3051.00,东亚,中国香港地区,HK,region,general,大专/本科,20-28,global,4.5,4.4,3.3,7.4,5.3,6.0,4.8,3.8,6.1,5.8,9.5,4.1,3.9,3.5,3.5,4.6,3.6,3.2,7.4,6.8,0.3,4.5,3.6,6.9,1.3,4.5,5.2,7.7,6.9,7.3,1.1,1.3,2.5,9.0,0,0,→,2032-2038,4.86,中国香港地区警察：就业极其稳定，职业安全风险高，AI替代抗性强,"Hong Kong (China) Police Officer: extremely stable employment, high safety risk, strong AI resistance",AI综合评估 + O*NET/ILO/OECD锚点校准
GOV-0701-SG-general,公共管理与公务员,GOV,警察执法,警察,Police Officer,5412,33-3051.00,东南亚,新加坡,SG,country,general,大专/本科,20-28,global,5.0,4.9,3.8,8.5,5.0,5.7,4.6,4.2,6.7,6.3,10.0,5.0,3.7,3.7,3.3,4.7,3.9,3.1,6.8,7.4,0.3,4.6,3.7,7.6,1.4,4.6,4.8,7.9,6.9,7.6,0.9,1.5,2.7,8.8,0,-1,→,2032-2038,5.0,新加坡警察：就业极其稳定，无法远程办公,"Singapore Police Officer: extremely stable employment, no remote work possible",AI综合评估 + O*NET/ILO/OECD锚点校准
GOV-0701-TH-general,公共管理与公务员,GOV,警察执法,警察,Police Officer,5412,33-3051.00,东南亚,泰国,TH,country,general,大专/本科,20-28,global,4.4,4.6,3.3,7.5,5.7,6.7,4.2,3.9,4.4,4.9,8.3,4.0,4.0,3.9,3.3,4.7,3.5,3.5,7.1,6.2,0.8,4.1,4.0,6.3,1.2,4.1,4.7,7.9,7.2,7.3,0.9,1.0,2.3,9.1,0,0,→,2032-2038,4.61,泰国警察：就业稳定，职业安全风险高，AI替代抗性强,"Thailand Police Officer: stable employment, high safety risk, strong AI resistance",AI综合评估 + O*NET/ILO/OECD锚点校准
GOV-0701-VN-general,公共管理与公务员,GOV,警察执法,警察,Police Officer,5412,33-3051.00,东南亚,越南,VN,country,general,大专/本科,20-28,global,4.8,4.4,3.7,7.7,6.4,7.5,4.2,4.1,4.0,4.8,9.1,4.1,4.1,3.5,3.4,4.3,3.6,3.7,7.1,6.9,0.4,3.6,4.0,6.1,1.1,4.0,4.9,8.1,6.9,7.6,1.0,1.1,2.5,9.1,0,1,→,2032-2038,4.65,越南警察：就业极其稳定，薪资水平偏低，职业安全风险高,"Vietnam Police Officer: extremely stable employment, relatively low pay, high safety risk",AI综合评估 + O*NET/ILO/OECD锚点校准
GOV-0701-ID-general,公共管理与公务员,GOV,警察执法,警察,Police Officer,5412,33-3051.00,东南亚,印度尼西亚,ID,country,general,大专/本科,20-28,global,4.6,4.6,3.6,7.8,5.7,6.7,4.1,3.9,4.5,4.6,8.0,3.7,3.8,3.5,3.5,4.3,3.6,3.6,7.1,5.8,0.1,3.5,3.6,6.4,1.2,3.9,5.1,8.2,6.9,7.3,0.9,0.8,2.0,9.4,0,0,→,2032-2038,4.5,印度尼西亚警察：就业稳定，职业安全风险高，AI替代抗性强,"Indonesia Police Officer: stable employment, high safety risk, strong AI resistance",AI综合评估 + O*NET/ILO/OECD锚点校准
GOV-0701-MY-general,公共管理与公务员,GOV,警察执法,警察,Police Officer,5412,33-3051.00,东南亚,马来西亚,MY,country,general,大专/本科,20-28,global,4.3,4.2,3.6,7.5,5.9,6.4,4.4,4.1,5.1,4.9,8.7,4.2,4.0,4.1,3.4,4.6,3.8,3.6,7.3,6.7,0.4,4.0,3.8,6.4,0.9,4.1,5.1,7.8,7.2,7.3,0.8,1.3,2.7,9.0,0,0,→,2032-2038,4.75,马来西亚警察：就业极其稳定，职业安全风险高，AI替代抗性强,"Malaysia Police Officer: extremely stable employment, high safety risk, strong AI resistance",AI综合评估 + O*NET/ILO/OECD锚点校准
GOV-0701-PH-general,公共管理与公务员,GOV,警察执法,警察,Police Officer,5412,33-3051.00,东南亚,菲律宾,PH,country,general,大专/本科,20-28,global,4.6,4.3,3.5,7.4,5.6,6.7,4.2,3.7,4.3,4.3,7.6,3.6,3.7,3.9,3.4,4.6,3.6,3.8,6.8,5.7,0.7,3.7,3.9,6.2,1.1,4.2,4.9,7.8,7.0,7.3,1.1,1.1,2.7,8.8,0,0,→,2032-2038,4.49,菲律宾警察：就业稳定，职业安全风险高，无法远程办公,"Philippines Police Officer: stable employment, high safety risk, no remote work possible",AI综合评估 + O*NET/ILO/OECD锚点校准
GOV-0701-IN-general,公共管理与公务员,GOV,警察执法,警察,Police Officer,5412,33-3051.00,南亚,印度,IN,country,general,大专/本科,20-28,global,4.5,4.8,4.0,7.7,6.2,7.4,4.7,4.1,5.3,5.1,8.5,4.0,3.6,3.6,3.2,4.7,3.2,3.7,7.1,7.1,0.3,3.7,3.7,6.0,0.9,3.8,4.6,8.1,7.0,8.0,0.6,0.8,2.3,9.1,0,1,→,2032-2038,4.68,印度警察：就业极其稳定，准入门槛高，职业安全风险高,"India Police Officer: extremely stable employment, high entry barrier, high safety risk",AI综合评估 + O*NET/ILO/OECD锚点校准
GOV-0701-PK-general,公共管理与公务员,GOV,警察执法,警察,Police Officer,5412,33-3051.00,南亚,巴基斯坦,PK,country,general,大专/本科,20-28,global,4.1,4.3,3.9,7.2,5.6,7.0,4.2,4.1,4.4,4.7,8.0,3.6,3.7,3.3,2.8,4.4,3.1,3.9,7.0,6.0,0.5,3.5,3.3,6.3,0.8,3.2,4.7,7.9,6.8,7.8,0.8,1.1,2.4,9.3,0,0,→,2032-2038,4.45,巴基斯坦警察：就业稳定，职业安全风险高，AI替代抗性强,"Pakistan Police Officer: stable employment, high safety risk, strong AI resistance",AI综合评估 + O*NET/ILO/OECD锚点校准
GOV-0701-BD-general,公共管理与公务员,GOV,警察执法,警察,Police Officer,5412,33-3051.00,南亚,孟加拉国,BD,country,general,大专/本科,20-28,global,4.4,4.2,3.3,7.3,5.9,6.5,4.7,4.2,3.8,4.4,7.9,3.6,4.0,3.7,3.4,4.6,3.3,3.6,7.0,6.1,0.1,3.8,3.4,5.8,1.1,3.1,4.8,7.8,7.1,7.7,0.8,0.5,2.5,8.8,0,0,→,2032-2038,4.46,孟加拉国警察：就业稳定，薪资水平偏低，职业安全风险高,"Bangladesh Police Officer: stable employment, relatively low pay, high safety risk",AI综合评估 + O*NET/ILO/OECD锚点校准
GOV-0701-AE-general,公共管理与公务员,GOV,警察执法,警察,Police Officer,5412,33-3051.00,中亚/西亚,阿联酋,AE,country,general,大专/本科,20-28,global,4.5,4.1,3.8,7.8,5.7,6.7,4.3,4.0,6.5,5.9,10.0,4.8,3.6,3.8,3.3,4.6,3.5,3.3,6.9,7.3,0.4,4.3,3.9,6.8,0.9,3.9,4.8,8.0,7.3,7.1,0.6,1.1,2.8,9.1,0,0,→,2032-2038,4.94,阿联酋警察：就业极其稳定，无法远程办公，体能要求高,"United Arab Emirates Police Officer: extremely stable employment, no remote work possible, high physical demands",AI综合评估 + O*NET/ILO/OECD锚点校准
GOV-0701-IL-general,公共管理与公务员,GOV,警察执法,警察,Police Officer,5412,33-3051.00,中亚/西亚,以色列,IL,country,general,大专/本科,20-28,global,4.9,4.7,3.3,7.7,5.7,6.4,4.1,3.8,5.7,5.3,8.7,4.2,3.9,4.1,3.6,4.6,3.3,3.2,7.2,6.9,0.2,4.4,3.8,6.9,1.2,5.0,5.0,8.1,6.8,7.1,1.3,1.1,2.7,8.9,0,0,→,2032-2038,4.79,以色列警察：就业极其稳定，职业安全风险高，AI替代抗性强,"Israel Police Officer: extremely stable employment, high safety risk, strong AI resistance",AI综合评估 + O*NET/ILO/OECD锚点校准
GOV-0701-SA-general,公共管理与公务员,GOV,警察执法,警察,Police Officer,5412,33-3051.00,中亚/西亚,沙特阿拉伯,SA,country,general,大专/本科,20-28,global,4.2,4.5,4.1,7.9,5.9,7.6,4.0,4.1,6.2,5.6,8.8,4.3,3.7,3.8,3.0,4.3,3.7,3.6,7.1,6.6,0.2,3.9,3.3,6.4,0.7,3.4,5.1,8.2,6.8,7.0,0.7,0.7,2.1,9.3,0,1,→,2032-2038,4.76,沙特阿拉伯警察：就业极其稳定，职业安全风险高，AI替代抗性强,"Saudi Arabia Police Officer: extremely stable employment, high safety risk, strong AI resistance",AI综合评估 + O*NET/ILO/OECD锚点校准
GOV-0701-TR-general,公共管理与公务员,GOV,警察执法,警察,Police Officer,5412,33-3051.00,中亚/西亚,土耳其,TR,country,general,大专/本科,20-28,global,4.3,4.6,3.6,7.6,6.0,7.1,4.5,4.2,4.8,4.6,8.3,3.8,3.5,3.7,3.1,4.6,3.5,3.4,7.2,6.4,0.5,3.6,3.4,6.3,0.8,3.4,4.7,8.1,7.0,7.6,1.2,1.0,2.3,9.3,0,0,→,2032-2038,4.59,土耳其警察：就业稳定，职业安全风险高，AI替代抗性强,"Turkey Police Officer: stable employment, high safety risk, strong AI resistance",AI综合评估 + O*NET/ILO/OECD锚点校准
GOV-0701-GB-general,公共管理与公务员,GOV,警察执法,警察,Police Officer,5412,33-3051.00,西欧,英国,GB,country,general,大专/本科,20-28,global,4.4,5.0,3.4,7.8,5.4,6.1,4.5,4.1,5.7,5.6,9.5,4.4,4.2,4.8,3.8,5.0,3.4,3.1,7.1,6.7,0.7,4.4,4.7,6.7,1.4,4.9,5.2,7.8,6.8,7.5,0.7,1.4,3.0,8.7,0,0,→,2032-2038,4.96,英国警察：就业极其稳定，职业安全风险高，AI替代抗性强,"United Kingdom Police Officer: extremely stable employment, high safety risk, strong AI resistance",AI综合评估 + O*NET/ILO/OECD锚点校准
GOV-0701-FR-general,公共管理与公务员,GOV,警察执法,警察,Police Officer,5412,33-3051.00,西欧,法国,FR,country,general,大专/本科,20-28,global,4.6,4.6,4.0,7.9,5.9,7.5,4.4,4.5,5.3,5.2,9.1,4.2,4.2,4.9,4.0,4.4,3.5,3.3,7.4,7.3,1.0,4.5,4.9,6.8,0.8,4.9,5.2,8.0,6.9,7.7,0.5,1.4,2.7,9.4,0,1,→,2032-2038,5.0,法国警察：就业极其稳定，职业安全风险高，AI替代抗性强,"France Police Officer: extremely stable employment, high safety risk, strong AI resistance",AI综合评估 + O*NET/ILO/OECD锚点校准
GOV-0701-DE-general,公共管理与公务员,GOV,警察执法,警察,Police Officer,5412,33-3051.00,西欧,德国,DE,country,general,大专/本科,20-28,global,4.6,4.7,3.8,7.9,5.6,6.2,4.9,4.1,5.7,5.6,9.8,4.6,4.4,5.1,4.2,4.9,3.9,3.1,7.1,7.5,1.1,4.8,4.9,7.0,0.8,4.8,5.3,8.2,6.9,8.0,1.0,1.3,2.9,8.8,0,0,→,2032-2038,5.1,德国警察：就业极其稳定，准入门槛高，AI替代抗性强,"Germany Police Officer: extremely stable employment, high entry barrier, strong AI resistance",AI综合评估 + O*NET/ILO/OECD锚点校准
GOV-0701-NL-general,公共管理与公务员,GOV,警察执法,警察,Police Officer,5412,33-3051.00,西欧,荷兰,NL,country,general,大专/本科,20-28,global,4.7,4.8,3.3,7.8,5.7,6.1,4.5,3.8,6.0,5.5,9.8,4.5,4.9,5.0,3.9,5.0,3.5,3.1,7.3,6.8,1.2,4.5,5.2,6.9,1.2,5.4,5.4,7.7,6.8,7.3,1.1,1.1,2.7,8.9,0,0,→,2032-2038,5.05,荷兰警察：就业极其稳定，职业安全风险高，AI替代抗性强,"Netherlands Police Officer: extremely stable employment, high safety risk, strong AI resistance",AI综合评估 + O*NET/ILO/OECD锚点校准
GOV-0701-CH-general,公共管理与公务员,GOV,警察执法,警察,Police Officer,5412,33-3051.00,西欧,瑞士,CH,country,general,大专/本科,20-28,global,4.6,5.0,3.4,8.2,4.9,5.8,4.4,4.1,6.6,5.9,10.0,4.7,4.3,5.2,4.3,4.9,3.6,2.9,7.3,7.1,1.1,4.6,4.8,7.1,1.0,5.0,5.1,8.3,6.8,7.1,0.7,1.4,2.7,9.1,0,-1,→,2032-2038,5.13,瑞士警察：就业极其稳定，AI替代抗性强，无法远程办公,"Switzerland Police Officer: extremely stable employment, strong AI resistance, no remote work possible",AI综合评估 + O*NET/ILO/OECD锚点校准
GOV-0701-SE-general,公共管理与公务员,GOV,警察执法,警察,Police Officer,5412,33-3051.00,北欧,瑞典,SE,country,general,大专/本科,20-28,global,4.7,4.7,3.6,7.8,5.8,6.8,4.3,4.0,6.1,5.4,9.7,4.7,4.5,4.8,4.2,4.9,3.5,3.1,7.2,7.2,1.1,4.6,5.4,7.2,1.2,5.4,5.3,7.8,7.1,7.4,0.7,1.0,2.6,9.2,0,0,→,2032-2038,5.09,瑞典警察：就业极其稳定，AI替代抗性强，无法远程办公,"Sweden Police Officer: extremely stable employment, strong AI resistance, no remote work possible",AI综合评估 + O*NET/ILO/OECD锚点校准
GOV-0701-DK-general,公共管理与公务员,GOV,警察执法,警察,Police Officer,5412,33-3051.00,北欧,丹麦,DK,country,general,大专/本科,20-28,global,4.7,4.9,3.8,7.7,5.6,7.2,4.3,3.8,6.2,5.9,10.0,4.7,4.7,5.0,4.2,4.9,3.9,3.2,7.4,6.8,1.1,4.7,5.3,7.2,1.3,5.5,5.6,7.8,6.7,7.5,0.7,1.5,2.7,9.2,0,0,→,2032-2038,5.16,丹麦警察：就业极其稳定，AI替代抗性强，无法远程办公,"Denmark Police Officer: extremely stable employment, strong AI resistance, no remote work possible",AI综合评估 + O*NET/ILO/OECD锚点校准
GOV-0701-FI-general,公共管理与公务员,GOV,警察执法,警察,Police Officer,5412,33-3051.00,北欧,芬兰,FI,country,general,大专/本科,20-28,global,5.0,4.6,3.9,7.9,5.6,6.5,4.6,3.7,5.5,5.4,10.0,4.8,4.6,5.3,4.0,5.0,4.0,3.2,6.9,7.2,0.7,4.7,5.3,7.5,1.0,5.3,5.5,8.0,6.7,7.1,0.7,1.3,2.4,8.9,0,0,→,2032-2038,5.09,芬兰警察：就业极其稳定，无法远程办公,"Finland Police Officer: extremely stable employment, no remote work possible",AI综合评估 + O*NET/ILO/OECD锚点校准
GOV-0701-IT-general,公共管理与公务员,GOV,警察执法,警察,Police Officer,5412,33-3051.00,南欧,意大利,IT,country,general,大专/本科,20-28,global,4.8,4.9,3.6,7.9,5.7,7.1,4.7,4.3,5.2,5.4,9.1,4.0,3.8,4.3,3.5,4.6,3.2,3.6,7.2,6.9,0.4,3.8,3.9,6.2,1.0,4.3,5.1,8.0,7.2,7.4,0.6,0.9,2.6,8.9,0,0,→,2032-2038,4.77,意大利警察：就业极其稳定，职业安全风险高，AI替代抗性强,"Italy Police Officer: extremely stable employment, high safety risk, strong AI resistance",AI综合评估 + O*NET/ILO/OECD锚点校准
GOV-0701-ES-general,公共管理与公务员,GOV,警察执法,警察,Police Officer,5412,33-3051.00,南欧,西班牙,ES,country,general,大专/本科,20-28,global,4.9,4.5,3.8,7.6,5.6,6.8,5.0,4.4,5.1,5.0,9.3,4.2,4.1,4.2,4.0,4.4,3.5,3.3,6.9,7.2,0.7,4.2,4.4,6.9,1.2,4.5,4.9,7.8,7.2,7.7,1.0,0.9,2.8,8.7,0,0,→,2032-2038,4.86,西班牙警察：就业极其稳定，职业安全风险高，无法远程办公,"Spain Police Officer: extremely stable employment, high safety risk, no remote work possible",AI综合评估 + O*NET/ILO/OECD锚点校准
GOV-0701-PT-general,公共管理与公务员,GOV,警察执法,警察,Police Officer,5412,33-3051.00,南欧,葡萄牙,PT,country,general,大专/本科,20-28,global,4.2,4.4,3.4,7.8,5.3,6.8,4.3,3.9,4.8,5.0,9.0,4.4,3.9,4.1,3.5,4.8,3.6,3.5,6.8,6.7,0.4,3.9,4.3,7.1,0.9,4.5,5.0,8.0,6.9,7.9,1.2,1.1,2.5,9.1,0,0,→,2032-2038,4.73,葡萄牙警察：就业极其稳定，职业安全风险高，无法远程办公,"Portugal Police Officer: extremely stable employment, high safety risk, no remote work possible",AI综合评估 + O*NET/ILO/OECD锚点校准
GOV-0701-PL-general,公共管理与公务员,GOV,警察执法,警察,Police Officer,5412,33-3051.00,东欧,波兰,PL,country,general,大专/本科,20-28,global,4.5,4.4,3.6,7.6,5.7,6.4,4.7,3.9,4.6,5.0,8.8,4.0,4.1,4.4,3.7,4.3,3.6,3.3,6.8,6.4,0.4,4.4,4.3,6.7,0.9,4.7,4.9,8.1,6.7,7.1,1.1,1.0,2.5,8.9,0,0,→,2032-2038,4.75,波兰警察：就业极其稳定，职业安全风险高，无法远程办公,"Poland Police Officer: extremely stable employment, high safety risk, no remote work possible",AI综合评估 + O*NET/ILO/OECD锚点校准
GOV-0701-CZ-general,公共管理与公务员,GOV,警察执法,警察,Police Officer,5412,33-3051.00,东欧,捷克,CZ,country,general,大专/本科,20-28,global,4.7,4.3,3.7,7.8,5.3,6.4,4.5,3.9,4.7,5.2,9.4,4.4,4.5,4.6,3.9,4.4,3.4,3.4,6.8,6.5,0.9,4.3,4.8,6.9,0.9,4.2,5.1,8.2,6.8,7.5,1.2,0.9,2.5,9.0,0,0,→,2032-2038,4.81,捷克警察：就业极其稳定，职业安全风险高，无法远程办公,"Czech Republic Police Officer: extremely stable employment, high safety risk, no remote work possible",AI综合评估 + O*NET/ILO/OECD锚点校准
GOV-0701-RU-general,公共管理与公务员,GOV,警察执法,警察,Police Officer,5412,33-3051.00,东欧,俄罗斯,RU,country,general,大专/本科,20-28,global,4.9,4.6,3.8,7.5,6.3,7.4,4.3,3.7,4.4,4.8,8.4,3.8,3.6,3.9,3.3,4.7,3.2,3.8,7.1,6.3,0.2,4.0,3.5,5.9,0.7,4.1,5.0,7.9,7.0,7.1,1.3,1.0,2.2,8.9,0,1,→,2032-2038,4.55,俄罗斯警察：就业稳定，职业安全风险高，AI替代抗性强,"Russia Police Officer: stable employment, high safety risk, strong AI resistance",AI综合评估 + O*NET/ILO/OECD锚点校准
GOV-0701-US-general,公共管理与公务员,GOV,警察执法,警察,Police Officer,5412,33-3051.00,北美,美国,US,country,general,大专/本科,20-28,global,4.8,4.5,3.5,7.9,5.2,6.3,4.6,4.1,5.6,5.7,9.3,4.1,4.0,3.9,3.4,4.7,3.7,3.1,7.2,6.4,0.8,3.9,4.2,7.0,0.9,5.0,4.9,7.9,6.8,7.4,1.1,1.4,2.5,9.0,0,0,→,2032-2038,4.86,美国警察：就业极其稳定，职业安全风险高，AI替代抗性强,"United States Police Officer: extremely stable employment, high safety risk, strong AI resistance",AI综合评估 + O*NET/ILO/OECD锚点校准
GOV-0701-CA-general,公共管理与公务员,GOV,警察执法,警察,Police Officer,5412,33-3051.00,北美,加拿大,CA,country,general,大专/本科,20-28,global,4.4,4.7,3.6,7.7,5.7,6.6,4.5,4.0,5.8,6.0,9.6,4.5,4.1,4.4,3.6,4.6,3.6,3.1,7.3,6.9,0.7,4.1,4.6,6.8,1.0,4.9,5.1,7.9,6.9,7.5,0.6,1.1,2.7,8.8,0,0,→,2032-2038,4.98,加拿大警察：就业极其稳定，职业安全风险高，AI替代抗性强,"Canada Police Officer: extremely stable employment, high safety risk, strong AI resistance",AI综合评估 + O*NET/ILO/OECD锚点校准
GOV-0701-MX-general,公共管理与公务员,GOV,警察执法,警察,Police Officer,5412,33-3051.00,北美,墨西哥,MX,country,general,大专/本科,20-28,global,4.4,4.3,3.5,7.3,5.5,6.7,4.4,4.0,4.3,4.4,8.0,3.6,4.2,4.1,3.4,4.6,3.1,3.7,7.2,5.8,0.2,4.0,3.7,6.2,0.8,3.8,4.6,7.7,6.8,7.2,1.0,1.1,2.4,9.2,0,0,→,2032-2038,4.51,墨西哥警察：就业稳定，职业安全风险高，AI替代抗性强,"Mexico Police Officer: stable employment, high safety risk, strong AI resistance",AI综合评估 + O*NET/ILO/OECD锚点校准
GOV-0701-BR-general,公共管理与公务员,GOV,警察执法,警察,Police Officer,5412,33-3051.00,南美,巴西,BR,country,general,大专/本科,20-28,global,4.6,4.7,4.0,7.6,5.7,6.8,4.7,4.5,5.1,5.2,8.3,3.7,4.1,4.0,3.7,4.3,3.3,3.5,7.3,6.7,0.3,4.0,3.8,6.1,1.0,3.9,4.7,8.3,7.1,7.6,0.8,1.2,2.4,9.1,0,1,→,2032-2038,4.72,巴西警察：就业稳定，职业安全风险高，AI替代抗性强,"Brazil Police Officer: stable employment, high safety risk, strong AI resistance",AI综合评估 + O*NET/ILO/OECD锚点校准
GOV-0701-AR-general,公共管理与公务员,GOV,警察执法,警察,Police Officer,5412,33-3051.00,南美,阿根廷,AR,country,general,大专/本科,20-28,global,4.8,4.2,3.3,7.2,5.7,7.1,4.2,3.6,4.1,4.5,7.8,3.5,4.2,3.7,3.2,4.2,3.5,3.5,7.3,6.1,0.7,3.8,4.0,5.9,1.0,4.3,5.0,7.9,6.9,7.5,1.2,0.7,2.6,8.9,-1,1,→,2032-2038,4.51,阿根廷警察：就业稳定，职业安全风险高，AI替代抗性强,"Argentina Police Officer: stable employment, high safety risk, strong AI resistance",AI综合评估 + O*NET/ILO/OECD锚点校准
GOV-0701-CL-general,公共管理与公务员,GOV,警察执法,警察,Police Officer,5412,33-3051.00,南美,智利,CL,country,general,大专/本科,20-28,global,4.2,4.6,3.2,7.5,5.4,6.2,4.1,3.8,4.8,5.2,8.8,4.1,4.3,3.9,3.3,4.6,3.6,3.4,7.3,6.6,0.8,4.0,4.0,6.7,0.8,4.3,5.1,8.0,7.0,7.5,1.2,1.1,2.3,8.9,0,0,→,2032-2038,4.69,智利警察：就业极其稳定，职业安全风险高，AI替代抗性强,"Chile Police Officer: extremely stable employment, high safety risk, strong AI resistance",AI综合评估 + O*NET/ILO/OECD锚点校准
GOV-0701-CO-general,公共管理与公务员,GOV,警察执法,警察,Police Officer,5412,33-3051.00,南美,哥伦比亚,CO,country,general,大专/本科,20-28,global,4.6,4.3,3.4,7.4,5.3,7.0,4.0,3.6,4.3,4.6,7.8,3.7,4.1,3.6,3.4,4.6,3.2,3.5,6.7,5.7,0.3,3.7,3.8,6.3,0.8,3.6,5.2,8.2,7.0,7.3,0.9,0.8,2.1,8.7,0,0,→,2032-2038,4.46,哥伦比亚警察：就业稳定，职业安全风险高，无法远程办公,"Colombia Police Officer: stable employment, high safety risk, no remote work possible",AI综合评估 + O*NET/ILO/OECD锚点校准
GOV-0701-AU-general,公共管理与公务员,GOV,警察执法,警察,Police Officer,5412,33-3051.00,大洋洲,澳大利亚,AU,country,general,大专/本科,20-28,global,4.8,4.6,3.8,7.8,5.2,6.5,4.3,4.0,5.7,5.5,9.4,4.5,4.1,5.0,3.8,4.5,3.5,3.3,7.1,7.1,0.6,4.4,4.9,6.8,0.9,5.3,5.4,7.9,6.9,7.5,1.1,1.0,2.8,9.1,0,0,→,2032-2038,4.94,澳大利亚警察：就业极其稳定，职业安全风险高，AI替代抗性强,"Australia Police Officer: extremely stable employment, high safety risk, strong AI resistance",AI综合评估 + O*NET/ILO/OECD锚点校准
GOV-0701-NZ-general,公共管理与公务员,GOV,警察执法,警察,Police Officer,5412,33-3051.00,大洋洲,新西兰,NZ,country,general,大专/本科,20-28,global,4.6,4.8,3.5,7.7,5.5,6.1,4.7,3.8,5.3,5.6,9.9,4.7,4.3,4.9,4.3,4.4,3.7,2.9,6.9,7.2,1.0,4.4,4.8,7.4,1.4,5.4,5.4,7.9,7.1,7.5,0.5,1.4,3.0,8.6,0,0,→,2032-2038,5.05,新西兰警察：就业极其稳定，无法远程办公，体能要求高,"New Zealand Police Officer: extremely stable employment, no remote work possible, high physical demands",AI综合评估 + O*NET/ILO/OECD锚点校准
GOV-0701-ZA-general,公共管理与公务员,GOV,警察执法,警察,Police Officer,5412,33-3051.00,非洲,南非,ZA,country,general,大专/本科,20-28,global,4.4,4.3,3.4,7.1,5.6,6.6,4.4,3.6,4.9,4.6,8.2,3.7,3.6,3.9,3.1,4.2,3.6,3.6,6.9,6.2,0.6,3.7,4.0,6.4,0.9,3.8,4.8,8.0,7.0,7.5,1.1,0.7,2.5,9.2,0,0,→,2032-2038,4.53,南非警察：就业稳定，职业安全风险高，无法远程办公,"South Africa Police Officer: stable employment, high safety risk, no remote work possible",AI综合评估 + O*NET/ILO/OECD锚点校准
GOV-0701-NG-general,公共管理与公务员,GOV,警察执法,警察,Police Officer,5412,33-3051.00,非洲,尼日利亚,NG,country,general,大专/本科,20-28,global,4.1,4.1,3.7,7.0,5.7,7.0,4.3,3.7,4.4,4.4,7.6,3.6,3.7,3.6,3.0,4.1,3.0,3.7,6.8,5.7,0.5,3.4,3.6,5.7,1.1,3.4,5.1,7.8,7.2,7.1,1.3,0.8,2.3,9.1,-1,0,→,2032-2038,4.4,尼日利亚警察：就业稳定，职业安全风险高，无法远程办公,"Nigeria Police Officer: stable employment, high safety risk, no remote work possible",AI综合评估 + O*NET/ILO/OECD锚点校准
GOV-0701-KE-general,公共管理与公务员,GOV,警察执法,警察,Police Officer,5412,33-3051.00,非洲,肯尼亚,KE,country,general,大专/本科,20-28,global,4.2,4.5,3.4,7.4,5.7,6.9,4.1,3.8,4.6,4.6,7.9,3.7,3.8,3.9,3.3,4.5,3.6,3.8,6.6,5.9,0.6,3.9,3.7,5.8,0.7,3.6,5.0,8.1,7.3,7.3,1.3,0.5,2.6,9.0,-1,0,→,2032-2038,4.47,肯尼亚警察：就业稳定，职业安全风险高，无法远程办公,"Kenya Police Officer: stable employment, high safety risk, no remote work possible",AI综合评估 + O*NET/ILO/OECD锚点校准
GOV-0701-EG-general,公共管理与公务员,GOV,警察执法,警察,Police Officer,5412,33-3051.00,非洲,埃及,EG,country,general,大专/本科,20-28,global,4.3,4.1,3.9,7.5,6.3,7.5,4.2,3.8,4.3,4.7,8.3,3.8,4.0,3.6,3.3,4.4,3.5,3.7,7.2,5.7,0.1,3.8,3.4,6.5,0.9,3.3,4.9,8.2,6.9,7.4,1.1,1.1,2.0,9.0,0,1,→,2032-2038,4.56,埃及警察：就业稳定，职业安全风险高，AI替代抗性强,"Egypt Police Officer: stable employment, high safety risk, strong AI resistance",AI综合评估 + O*NET/ILO/OECD锚点校准
GOV-0702-CN-general,公共管理与公务员,GOV,警察执法,刑事侦探,Criminal Investigator / Detective,5412,33-3021.00,东亚,中国,CN,country,general,本科,22-30,global,6.2,5.9,4.8,7.7,5.3,4.8,5.7,4.7,6.2,6.1,9.2,4.9,4.0,2.8,2.8,5.6,4.5,2.5,6.9,7.7,0.9,5.6,2.9,7.8,1.9,4.3,5.1,7.7,5.5,8.7,0.8,1.0,2.7,8.9,0,1,→,2032-2038,5.02,中国刑事侦探：就业极其稳定，准入门槛高，无法远程办公,"China Criminal Investigator / Detective: extremely stable employment, high entry barrier, no remote work possible",AI综合评估 + O*NET/ILO/OECD锚点校准
GOV-0702-JP-general,公共管理与公务员,GOV,警察执法,刑事侦探,Criminal Investigator / Detective,5412,33-3021.00,东亚,日本,JP,country,general,本科,22-30,global,6.3,5.6,4.2,8.0,4.6,4.3,5.4,5.1,6.6,6.4,9.3,5.2,4.3,3.4,3.1,6.0,4.8,2.3,6.9,7.9,1.4,5.6,3.1,8.3,1.8,4.1,5.3,7.7,5.6,8.6,0.6,1.0,2.7,9.2,0,0,→,2032-2038,5.13,日本刑事侦探：就业极其稳定，准入门槛高，职业成就感高,"Japan Criminal Investigator / Detective: extremely stable employment, high entry barrier, high job fulfillment",AI综合评估 + O*NET/ILO/OECD锚点校准
GOV-0702-KR-general,公共管理与公务员,GOV,警察执法,刑事侦探,Criminal Investigator / Detective,5412,33-3021.00,东亚,韩国,KR,country,general,本科,22-30,global,6.2,5.8,4.2,7.8,4.6,3.8,5.5,4.9,6.6,5.9,8.8,4.8,4.6,3.0,3.0,5.7,4.8,2.4,6.9,8.2,1.3,5.6,3.3,8.1,1.8,3.5,5.6,7.7,5.6,8.7,1.1,1.3,2.9,9.1,0,0,→,2032-2038,5.04,韩国刑事侦探：就业极其稳定，准入门槛高，职业成就感高,"South Korea Criminal Investigator / Detective: extremely stable employment, high entry barrier, high job fulfillment",AI综合评估 + O*NET/ILO/OECD锚点校准
GOV-0702-TW-general,公共管理与公务员,GOV,警察执法,刑事侦探,Criminal Investigator / Detective,5412,33-3021.00,东亚,中国台湾地区,TW,region,general,本科,22-30,global,5.9,5.7,3.9,8.1,4.3,3.6,5.5,4.6,6.1,5.7,8.8,4.9,4.6,3.3,3.2,5.9,4.9,2.5,7.1,8.0,1.2,5.4,3.4,7.9,2.0,4.0,5.3,7.4,5.2,8.5,0.7,1.1,2.9,9.0,0,0,→,2032-2038,5.02,中国台湾地区刑事侦探：就业极其稳定，准入门槛高，AI替代抗性强,"Taiwan (China) Criminal Investigator / Detective: extremely stable employment, high entry barrier, strong AI resistance",AI综合评估 + O*NET/ILO/OECD锚点校准
GOV-0702-HK-general,公共管理与公务员,GOV,警察执法,刑事侦探,Criminal Investigator / Detective,5412,33-3021.00,东亚,中国香港地区,HK,region,general,本科,22-30,global,5.9,5.4,3.7,7.9,4.0,3.5,5.2,4.2,6.9,6.3,8.5,4.5,4.3,3.0,2.9,5.7,4.8,2.2,7.2,7.2,1.6,6.0,3.3,7.8,2.1,4.2,5.4,7.4,5.2,8.2,1.0,1.0,3.5,9.1,0,0,→,2032-2038,5.03,中国香港地区刑事侦探：就业极其稳定，准入门槛高，职业安全风险高,"Hong Kong (China) Criminal Investigator / Detective: extremely stable employment, high entry barrier, high safety risk",AI综合评估 + O*NET/ILO/OECD锚点校准
GOV-0702-SG-general,公共管理与公务员,GOV,警察执法,刑事侦探,Criminal Investigator / Detective,5412,33-3021.00,东南亚,新加坡,SG,country,general,本科,22-30,global,6.0,6.1,4.0,8.1,4.1,3.6,5.1,4.6,7.3,6.9,9.5,5.3,4.5,3.1,3.2,5.7,5.0,1.8,6.8,8.0,1.4,5.8,3.6,8.0,2.0,4.8,5.6,7.7,5.3,8.0,0.6,1.3,3.3,8.6,0,-1,→,2032-2038,5.24,新加坡刑事侦探：就业极其稳定，准入门槛高，职业成就感高,"Singapore Criminal Investigator / Detective: extremely stable employment, high entry barrier, high job fulfillment",AI综合评估 + O*NET/ILO/OECD锚点校准
GOV-0702-TH-general,公共管理与公务员,GOV,警察执法,刑事侦探,Criminal Investigator / Detective,5412,33-3021.00,东南亚,泰国,TH,country,general,本科,22-30,global,6.2,5.5,4.1,7.4,4.8,4.4,4.6,4.3,5.4,5.1,8.0,4.5,4.7,3.8,3.3,5.7,4.2,2.8,7.1,6.7,1.7,5.4,3.5,7.5,2.3,4.4,5.4,7.7,5.3,7.6,1.0,0.8,2.8,9.0,0,0,→,2032-2038,4.85,泰国刑事侦探：就业稳定，职业安全风险高，AI替代抗性强,"Thailand Criminal Investigator / Detective: stable employment, high safety risk, strong AI resistance",AI综合评估 + O*NET/ILO/OECD锚点校准
GOV-0702-VN-general,公共管理与公务员,GOV,警察执法,刑事侦探,Criminal Investigator / Detective,5412,33-3021.00,东南亚,越南,VN,country,general,本科,22-30,global,5.9,5.6,4.4,7.7,5.1,4.8,4.9,4.9,4.9,5.2,8.4,4.8,4.3,3.1,3.1,5.5,4.5,2.6,6.8,7.3,1.3,5.2,3.1,7.6,1.7,3.9,5.7,7.7,5.5,8.3,1.0,1.1,2.9,9.2,0,1,→,2032-2038,4.86,越南刑事侦探：就业稳定，准入门槛高，无法远程办公,"Vietnam Criminal Investigator / Detective: stable employment, high entry barrier, no remote work possible",AI综合评估 + O*NET/ILO/OECD锚点校准
GOV-0702-ID-general,公共管理与公务员,GOV,警察执法,刑事侦探,Criminal Investigator / Detective,5412,33-3021.00,东南亚,印度尼西亚,ID,country,general,本科,22-30,global,6.1,5.6,4.2,7.2,5.0,4.3,4.5,4.7,5.2,5.3,7.7,4.3,4.4,3.0,3.5,5.5,4.3,2.6,6.9,6.4,1.3,5.1,3.5,7.4,1.6,4.0,5.3,7.7,5.4,8.0,0.8,0.7,2.8,8.8,0,0,→,2032-2038,4.76,印度尼西亚刑事侦探：就业稳定，准入门槛高，职业安全风险高,"Indonesia Criminal Investigator / Detective: stable employment, high entry barrier, high safety risk",AI综合评估 + O*NET/ILO/OECD锚点校准
GOV-0702-MY-general,公共管理与公务员,GOV,警察执法,刑事侦探,Criminal Investigator / Detective,5412,33-3021.00,东南亚,马来西亚,MY,country,general,本科,22-30,global,6.1,5.3,4.2,7.5,4.8,4.1,4.8,4.4,6.1,5.8,8.7,4.6,4.2,3.2,3.1,5.5,4.4,2.7,7.1,7.1,1.4,5.4,3.0,7.8,1.9,4.0,5.5,7.4,5.3,8.2,1.0,1.2,3.0,9.0,0,0,→,2032-2038,4.92,马来西亚刑事侦探：就业极其稳定，准入门槛高，AI替代抗性强,"Malaysia Criminal Investigator / Detective: extremely stable employment, high entry barrier, strong AI resistance",AI综合评估 + O*NET/ILO/OECD锚点校准
GOV-0702-PH-general,公共管理与公务员,GOV,警察执法,刑事侦探,Criminal Investigator / Detective,5412,33-3021.00,东南亚,菲律宾,PH,country,general,本科,22-30,global,6.2,5.4,3.9,7.5,4.8,4.0,4.8,4.7,5.3,5.1,7.3,4.3,4.5,3.5,3.6,5.3,4.2,2.7,7.1,6.6,1.3,5.6,3.4,6.8,1.7,4.6,5.1,7.4,5.4,8.0,1.0,0.8,2.8,9.2,0,0,→,2032-2038,4.75,菲律宾刑事侦探：准入门槛高，职业安全风险高，AI替代抗性强,"Philippines Criminal Investigator / Detective: high entry barrier, high safety risk, strong AI resistance",AI综合评估 + O*NET/ILO/OECD锚点校准
GOV-0702-IN-general,公共管理与公务员,GOV,警察执法,刑事侦探,Criminal Investigator / Detective,5412,33-3021.00,南亚,印度,IN,country,general,本科,22-30,global,5.9,6.1,4.5,7.7,4.7,4.6,5.6,5.1,6.0,5.6,8.2,4.5,4.5,3.2,3.2,5.8,4.3,2.5,7.2,7.7,1.7,5.2,3.0,7.0,1.8,3.3,5.2,7.6,5.7,8.7,0.7,0.8,3.0,9.2,0,1,→,2032-2038,4.94,印度刑事侦探：就业稳定，准入门槛高，职业安全风险高,"India Criminal Investigator / Detective: stable employment, high entry barrier, high safety risk",AI综合评估 + O*NET/ILO/OECD锚点校准
GOV-0702-PK-general,公共管理与公务员,GOV,警察执法,刑事侦探,Criminal Investigator / Detective,5412,33-3021.00,南亚,巴基斯坦,PK,country,general,本科,22-30,global,6.0,5.7,3.8,7.2,4.9,4.5,5.0,4.7,5.5,5.2,7.5,4.0,4.4,2.7,3.4,5.4,4.6,2.9,7.1,6.7,1.2,5.2,3.1,6.9,1.9,3.1,5.6,7.6,5.4,8.0,1.1,1.0,3.1,8.8,0,0,→,2032-2038,4.73,巴基斯坦刑事侦探：就业稳定，准入门槛高，职业安全风险高,"Pakistan Criminal Investigator / Detective: stable employment, high entry barrier, high safety risk",AI综合评估 + O*NET/ILO/OECD锚点校准
GOV-0702-BD-general,公共管理与公务员,GOV,警察执法,刑事侦探,Criminal Investigator / Detective,5412,33-3021.00,南亚,孟加拉国,BD,country,general,本科,22-30,global,5.6,5.2,3.9,7.7,4.3,4.3,4.9,4.4,4.7,5.1,7.4,4.2,4.0,2.8,2.9,5.1,4.1,2.7,6.9,6.6,1.0,5.3,2.7,7.1,2.1,3.1,5.3,7.5,5.7,8.0,1.1,0.7,3.1,9.2,0,0,→,2032-2038,4.62,孟加拉国刑事侦探：准入门槛高，职业安全风险高，无法远程办公,"Bangladesh Criminal Investigator / Detective: high entry barrier, high safety risk, no remote work possible",AI综合评估 + O*NET/ILO/OECD锚点校准
GOV-0702-AE-general,公共管理与公务员,GOV,警察执法,刑事侦探,Criminal Investigator / Detective,5412,33-3021.00,中亚/西亚,阿联酋,AE,country,general,本科,22-30,global,6.2,5.3,4.1,8.0,4.3,4.3,4.3,4.4,7.4,6.4,9.4,5.2,4.2,3.5,3.4,5.8,4.9,2.1,7.0,7.4,1.6,5.9,3.2,8.3,2.1,3.7,5.5,7.4,5.4,7.7,1.0,0.8,3.0,9.3,0,0,→,2032-2038,5.14,阿联酋刑事侦探：就业极其稳定，AI替代抗性强，职业成就感高,"United Arab Emirates Criminal Investigator / Detective: extremely stable employment, strong AI resistance, high job fulfillment",AI综合评估 + O*NET/ILO/OECD锚点校准
GOV-0702-IL-general,公共管理与公务员,GOV,警察执法,刑事侦探,Criminal Investigator / Detective,5412,33-3021.00,中亚/西亚,以色列,IL,country,general,本科,22-30,global,6.3,5.5,4.1,7.7,4.7,4.3,4.9,4.4,6.7,6.2,8.3,4.7,4.2,3.7,3.6,5.8,4.6,2.5,7.0,7.1,1.4,5.7,3.4,7.7,2.0,4.5,5.4,7.2,5.4,8.1,1.2,1.1,2.9,9.2,0,0,→,2032-2038,5.01,以色列刑事侦探：就业稳定，准入门槛高，AI替代抗性强,"Israel Criminal Investigator / Detective: stable employment, high entry barrier, strong AI resistance",AI综合评估 + O*NET/ILO/OECD锚点校准
GOV-0702-SA-general,公共管理与公务员,GOV,警察执法,刑事侦探,Criminal Investigator / Detective,5412,33-3021.00,中亚/西亚,沙特阿拉伯,SA,country,general,本科,22-30,global,5.8,5.4,4.3,7.7,4.9,5.1,4.3,4.3,7.3,6.0,8.7,4.8,4.1,3.0,3.5,5.6,4.4,2.6,7.0,7.0,1.2,5.4,3.2,7.5,2.0,3.0,5.4,7.4,5.4,7.4,1.1,0.8,3.2,8.8,0,1,→,2032-2038,4.99,沙特阿拉伯刑事侦探：就业极其稳定，AI替代抗性强，无法远程办公,"Saudi Arabia Criminal Investigator / Detective: extremely stable employment, strong AI resistance, no remote work possible",AI综合评估 + O*NET/ILO/OECD锚点校准
GOV-0702-TR-general,公共管理与公务员,GOV,警察执法,刑事侦探,Criminal Investigator / Detective,5412,33-3021.00,中亚/西亚,土耳其,TR,country,general,本科,22-30,global,5.9,5.4,4.1,7.6,5.0,4.5,5.0,4.4,5.4,5.4,7.6,4.5,4.1,3.0,3.4,5.4,4.6,2.4,6.9,6.8,1.3,5.5,3.1,7.4,1.9,3.6,5.1,7.6,5.4,8.5,1.2,1.0,2.7,9.4,0,0,→,2032-2038,4.79,土耳其刑事侦探：就业稳定，准入门槛高，职业安全风险高,"Turkey Criminal Investigator / Detective: stable employment, high entry barrier, high safety risk",AI综合评估 + O*NET/ILO/OECD锚点校准
GOV-0702-GB-general,公共管理与公务员,GOV,警察执法,刑事侦探,Criminal Investigator / Detective,5412,33-3021.00,西欧,英国,GB,country,general,本科,22-30,global,6.3,5.8,3.8,7.7,4.7,4.1,5.1,4.6,6.7,5.8,9.1,4.8,4.8,4.1,3.8,5.4,4.7,2.3,7.1,7.5,1.8,5.8,4.2,8.0,1.8,5.0,5.7,7.6,5.7,7.9,1.1,1.2,3.4,9.1,0,0,→,2032-2038,5.16,英国刑事侦探：就业极其稳定，AI替代抗性强，职业成就感高,"United Kingdom Criminal Investigator / Detective: extremely stable employment, strong AI resistance, high job fulfillment",AI综合评估 + O*NET/ILO/OECD锚点校准
GOV-0702-FR-general,公共管理与公务员,GOV,警察执法,刑事侦探,Criminal Investigator / Detective,5412,33-3021.00,西欧,法国,FR,country,general,本科,22-30,global,6.1,6.1,4.1,8.1,5.0,4.6,5.1,4.8,6.5,6.1,9.0,4.6,4.6,4.2,4.3,5.9,4.8,2.3,6.9,7.8,1.7,5.7,4.2,7.7,2.1,4.4,5.6,7.5,5.2,8.4,0.7,1.1,3.1,9.3,0,1,→,2032-2038,5.19,法国刑事侦探：就业极其稳定，准入门槛高，无法远程办公,"France Criminal Investigator / Detective: extremely stable employment, high entry barrier, no remote work possible",AI综合评估 + O*NET/ILO/OECD锚点校准
GOV-0702-DE-general,公共管理与公务员,GOV,警察执法,刑事侦探,Criminal Investigator / Detective,5412,33-3021.00,西欧,德国,DE,country,general,本科,22-30,global,6.1,5.5,4.5,8.2,4.2,3.9,5.4,4.4,6.9,6.3,9.4,5.0,5.1,4.1,4.2,5.7,4.4,2.3,7.3,7.7,1.9,6.2,4.5,8.2,2.1,4.7,5.5,7.3,5.5,8.2,0.9,1.2,3.3,8.9,0,0,→,2032-2038,5.31,德国刑事侦探：就业极其稳定，准入门槛高，AI替代抗性强,"Germany Criminal Investigator / Detective: extremely stable employment, high entry barrier, strong AI resistance",AI综合评估 + O*NET/ILO/OECD锚点校准
GOV-0702-NL-general,公共管理与公务员,GOV,警察执法,刑事侦探,Criminal Investigator / Detective,5412,33-3021.00,西欧,荷兰,NL,country,general,本科,22-30,global,6.3,5.5,4.1,7.9,4.7,4.1,5.2,4.3,6.8,6.0,9.1,5.0,4.9,4.9,4.2,5.9,4.8,2.2,7.3,7.3,1.6,6.3,4.8,8.0,2.0,5.4,5.9,7.4,5.5,7.9,1.1,1.0,3.4,8.8,0,0,→,2032-2038,5.31,荷兰刑事侦探：就业极其稳定，AI替代抗性强，职业成就感高,"Netherlands Criminal Investigator / Detective: extremely stable employment, strong AI resistance, high job fulfillment",AI综合评估 + O*NET/ILO/OECD锚点校准
GOV-0702-CH-general,公共管理与公务员,GOV,警察执法,刑事侦探,Criminal Investigator / Detective,5412,33-3021.00,西欧,瑞士,CH,country,general,本科,22-30,global,6.0,5.6,3.7,8.3,4.1,3.5,5.1,4.6,7.5,6.6,9.8,5.3,5.1,4.7,3.9,5.4,4.6,2.1,7.4,7.9,2.1,5.8,4.3,8.0,2.3,4.8,5.6,7.7,5.4,8.1,0.9,1.5,3.0,9.1,0,-1,→,2032-2038,5.35,瑞士刑事侦探：就业极其稳定，薪资回报高，准入门槛高,"Switzerland Criminal Investigator / Detective: extremely stable employment, high compensation, high entry barrier",AI综合评估 + O*NET/ILO/OECD锚点校准
GOV-0702-SE-general,公共管理与公务员,GOV,警察执法,刑事侦探,Criminal Investigator / Detective,5412,33-3021.00,北欧,瑞典,SE,country,general,本科,22-30,global,6.1,5.5,4.1,7.8,4.8,4.3,4.6,4.3,6.9,6.0,9.4,5.3,5.1,4.7,4.5,6.0,4.9,2.1,7.3,7.4,2.1,5.8,4.5,8.4,2.4,5.4,5.7,7.2,5.4,7.6,0.7,1.1,3.5,8.9,0,0,→,2032-2038,5.36,瑞典刑事侦探：就业极其稳定，AI替代抗性强，职业成就感高,"Sweden Criminal Investigator / Detective: extremely stable employment, strong AI resistance, high job fulfillment",AI综合评估 + O*NET/ILO/OECD锚点校准
GOV-0702-DK-general,公共管理与公务员,GOV,警察执法,刑事侦探,Criminal Investigator / Detective,5412,33-3021.00,北欧,丹麦,DK,country,general,本科,22-30,global,6.0,5.7,4.1,8.1,4.6,4.5,4.8,4.3,6.8,6.5,9.2,5.1,5.0,4.3,4.2,5.9,4.5,1.9,7.3,7.7,1.7,6.1,4.4,8.0,2.1,5.3,6.2,7.4,5.7,7.8,1.1,1.6,3.0,9.0,0,0,→,2032-2038,5.32,丹麦刑事侦探：就业极其稳定，AI替代抗性强，职业成就感高,"Denmark Criminal Investigator / Detective: extremely stable employment, strong AI resistance, high job fulfillment",AI综合评估 + O*NET/ILO/OECD锚点校准
GOV-0702-FI-general,公共管理与公务员,GOV,警察执法,刑事侦探,Criminal Investigator / Detective,5412,33-3021.00,北欧,芬兰,FI,country,general,本科,22-30,global,5.9,5.8,4.3,8.1,4.6,4.0,5.0,4.5,6.8,5.8,9.4,5.3,5.2,4.5,4.3,5.4,4.8,2.1,7.4,7.4,1.7,6.1,4.6,8.2,2.1,5.4,5.9,7.4,5.7,8.1,0.6,1.5,3.4,8.8,0,0,→,2032-2038,5.34,芬兰刑事侦探：就业极其稳定，准入门槛高，AI替代抗性强,"Finland Criminal Investigator / Detective: extremely stable employment, high entry barrier, strong AI resistance",AI综合评估 + O*NET/ILO/OECD锚点校准
GOV-0702-IT-general,公共管理与公务员,GOV,警察执法,刑事侦探,Criminal Investigator / Detective,5412,33-3021.00,南欧,意大利,IT,country,general,本科,22-30,global,6.0,5.7,4.4,8.0,4.9,4.7,4.9,4.5,6.0,5.7,8.3,4.6,4.4,3.9,3.7,5.4,4.7,2.4,7.3,7.3,1.4,5.4,3.4,7.7,2.3,4.1,5.8,7.4,5.5,8.1,1.1,0.8,3.3,9.0,0,0,→,2032-2038,5.04,意大利刑事侦探：就业稳定，准入门槛高，AI替代抗性强,"Italy Criminal Investigator / Detective: stable employment, high entry barrier, strong AI resistance",AI综合评估 + O*NET/ILO/OECD锚点校准
GOV-0702-ES-general,公共管理与公务员,GOV,警察执法,刑事侦探,Criminal Investigator / Detective,5412,33-3021.00,南欧,西班牙,ES,country,general,本科,22-30,global,5.8,5.8,3.9,7.8,4.6,4.1,5.6,4.7,6.3,5.9,8.2,4.8,4.8,3.6,4.1,5.8,4.4,2.6,6.8,7.5,1.4,5.4,3.6,8.1,2.1,4.5,5.6,7.5,5.8,8.2,0.9,1.4,3.0,9.3,0,0,→,2032-2038,5.05,西班牙刑事侦探：就业稳定，准入门槛高，职业成就感高,"Spain Criminal Investigator / Detective: stable employment, high entry barrier, high job fulfillment",AI综合评估 + O*NET/ILO/OECD锚点校准
GOV-0702-PT-general,公共管理与公务员,GOV,警察执法,刑事侦探,Criminal Investigator / Detective,5412,33-3021.00,南欧,葡萄牙,PT,country,general,本科,22-30,global,5.8,5.8,4.1,7.9,4.7,4.0,5.1,4.5,6.1,5.5,8.3,4.9,4.5,4.2,3.9,5.6,4.7,2.5,7.0,7.6,1.6,5.8,4.1,7.9,1.9,4.9,5.4,7.7,5.7,7.9,0.7,1.4,3.3,9.2,0,0,→,2032-2038,5.1,葡萄牙刑事侦探：就业稳定，AI替代抗性强，无法远程办公,"Portugal Criminal Investigator / Detective: stable employment, strong AI resistance, no remote work possible",AI综合评估 + O*NET/ILO/OECD锚点校准
GOV-0702-PL-general,公共管理与公务员,GOV,警察执法,刑事侦探,Criminal Investigator / Detective,5412,33-3021.00,东欧,波兰,PL,country,general,本科,22-30,global,6.4,5.7,3.9,7.4,4.2,3.9,4.8,4.2,5.9,5.3,8.1,4.5,4.9,3.7,3.9,5.3,4.7,2.3,6.9,7.2,1.3,5.9,3.7,7.7,1.8,4.4,5.3,7.2,5.3,8.2,1.2,0.9,3.1,9.0,0,0,→,2032-2038,4.88,波兰刑事侦探：就业稳定，准入门槛高，职业安全风险高,"Poland Criminal Investigator / Detective: stable employment, high entry barrier, high safety risk",AI综合评估 + O*NET/ILO/OECD锚点校准
GOV-0702-CZ-general,公共管理与公务员,GOV,警察执法,刑事侦探,Criminal Investigator / Detective,5412,33-3021.00,东欧,捷克,CZ,country,general,本科,22-30,global,6.0,5.4,3.8,7.6,4.4,3.7,4.8,4.3,6.1,5.5,8.8,4.9,4.8,4.2,4.2,5.9,4.8,2.4,7.2,7.0,1.9,5.5,4.0,8.0,2.3,4.2,5.5,7.2,5.4,7.7,0.8,1.0,3.4,8.8,0,0,→,2032-2038,5.09,捷克刑事侦探：就业极其稳定，AI替代抗性强，职业成就感高,"Czech Republic Criminal Investigator / Detective: extremely stable employment, strong AI resistance, high job fulfillment",AI综合评估 + O*NET/ILO/OECD锚点校准
GOV-0702-RU-general,公共管理与公务员,GOV,警察执法,刑事侦探,Criminal Investigator / Detective,5412,33-3021.00,东欧,俄罗斯,RU,country,general,本科,22-30,global,6.4,5.2,4.4,7.5,5.1,5.0,4.9,4.3,5.8,5.0,7.8,4.2,4.6,3.4,3.3,5.9,4.6,2.8,6.9,6.6,1.1,5.5,3.0,7.3,2.0,4.1,5.7,7.4,5.5,7.9,1.1,1.0,3.0,9.4,0,1,→,2032-2038,4.83,俄罗斯刑事侦探：就业稳定，职业安全风险高，无法远程办公,"Russia Criminal Investigator / Detective: stable employment, high safety risk, no remote work possible",AI综合评估 + O*NET/ILO/OECD锚点校准
GOV-0702-US-general,公共管理与公务员,GOV,警察执法,刑事侦探,Criminal Investigator / Detective,5412,33-3021.00,北美,美国,US,country,general,本科,22-30,global,6.5,5.9,4.0,7.8,4.1,3.7,5.2,4.7,6.5,6.2,8.4,4.6,4.6,3.8,3.3,5.9,4.6,2.2,7.1,7.1,1.5,6.0,3.6,7.7,2.1,4.7,5.4,7.8,5.7,7.7,0.9,1.2,3.4,9.1,0,0,→,2032-2038,5.07,美国刑事侦探：就业稳定，AI替代抗性强，无法远程办公,"United States Criminal Investigator / Detective: stable employment, strong AI resistance, no remote work possible",AI综合评估 + O*NET/ILO/OECD锚点校准
GOV-0702-CA-general,公共管理与公务员,GOV,警察执法,刑事侦探,Criminal Investigator / Detective,5412,33-3021.00,北美,加拿大,CA,country,general,本科,22-30,global,6.2,5.7,4.3,7.8,4.5,4.0,5.1,4.2,7.1,6.3,9.1,5.1,4.8,4.1,4.2,5.8,4.6,2.1,7.1,7.2,1.8,6.0,4.1,8.2,2.4,5.1,5.8,7.3,5.2,8.2,0.7,1.0,3.5,9.1,0,0,→,2032-2038,5.26,加拿大刑事侦探：就业极其稳定，准入门槛高，AI替代抗性强,"Canada Criminal Investigator / Detective: extremely stable employment, high entry barrier, strong AI resistance",AI综合评估 + O*NET/ILO/OECD锚点校准
GOV-0702-MX-general,公共管理与公务员,GOV,警察执法,刑事侦探,Criminal Investigator / Detective,5412,33-3021.00,北美,墨西哥,MX,country,general,本科,22-30,global,6.0,5.6,4.2,7.5,4.5,4.4,4.9,4.2,5.2,4.9,7.1,4.1,4.3,3.5,3.4,5.6,4.2,2.9,7.2,6.0,1.1,5.6,3.3,7.2,1.7,4.0,5.4,7.4,5.5,7.7,1.1,0.8,3.2,9.2,0,0,→,2032-2038,4.7,墨西哥刑事侦探：职业安全风险高，AI替代抗性强，无法远程办公,"Mexico Criminal Investigator / Detective: high safety risk, strong AI resistance, no remote work possible",AI综合评估 + O*NET/ILO/OECD锚点校准
GOV-0702-BR-general,公共管理与公务员,GOV,警察执法,刑事侦探,Criminal Investigator / Detective,5412,33-3021.00,南美,巴西,BR,country,general,本科,22-30,global,6.2,5.7,4.2,7.3,4.7,4.8,5.2,5.0,6.2,5.4,7.9,4.3,4.4,3.4,3.5,5.6,4.3,2.7,7.0,7.1,1.2,5.2,3.2,7.3,2.1,4.0,5.4,7.3,5.7,8.6,1.2,1.1,2.6,9.4,0,1,→,2032-2038,4.85,巴西刑事侦探：就业稳定，准入门槛高，职业安全风险高,"Brazil Criminal Investigator / Detective: stable employment, high entry barrier, high safety risk",AI综合评估 + O*NET/ILO/OECD锚点校准
GOV-0702-AR-general,公共管理与公务员,GOV,警察执法,刑事侦探,Criminal Investigator / Detective,5412,33-3021.00,南美,阿根廷,AR,country,general,本科,22-30,global,5.8,5.4,4.1,7.0,4.6,4.7,4.8,4.4,5.4,5.0,7.4,4.1,4.5,3.5,3.2,5.7,4.3,2.4,6.8,6.4,1.5,5.5,3.3,7.1,2.2,4.0,5.6,7.4,5.7,7.5,0.9,0.9,3.1,9.4,-1,1,→,2032-2038,4.78,阿根廷刑事侦探：职业安全风险高，无法远程办公,"Argentina Criminal Investigator / Detective: high safety risk, no remote work possible",AI综合评估 + O*NET/ILO/OECD锚点校准
GOV-0702-CL-general,公共管理与公务员,GOV,警察执法,刑事侦探,Criminal Investigator / Detective,5412,33-3021.00,南美,智利,CL,country,general,本科,22-30,global,5.9,5.4,3.7,7.5,4.3,3.7,4.9,4.2,6.3,5.4,8.6,4.6,4.4,3.7,3.3,5.7,4.7,2.6,6.9,7.1,1.6,5.9,3.8,7.6,2.0,4.0,5.5,7.7,5.4,7.6,1.1,0.8,2.9,9.0,0,0,→,2032-2038,4.94,智利刑事侦探：就业极其稳定，无法远程办公,"Chile Criminal Investigator / Detective: extremely stable employment, no remote work possible",AI综合评估 + O*NET/ILO/OECD锚点校准
GOV-0702-CO-general,公共管理与公务员,GOV,警察执法,刑事侦探,Criminal Investigator / Detective,5412,33-3021.00,南美,哥伦比亚,CO,country,general,本科,22-30,global,6.3,5.7,3.8,7.3,4.9,4.3,4.7,4.5,5.7,5.3,7.7,4.2,4.5,3.6,3.3,5.8,4.7,2.8,7.1,6.7,1.3,5.5,3.1,7.0,1.6,4.0,5.3,7.3,5.3,7.8,1.0,0.8,2.9,9.2,0,0,→,2032-2038,4.77,哥伦比亚刑事侦探：就业稳定，职业安全风险高，AI替代抗性强,"Colombia Criminal Investigator / Detective: stable employment, high safety risk, strong AI resistance",AI综合评估 + O*NET/ILO/OECD锚点校准
GOV-0702-AU-general,公共管理与公务员,GOV,警察执法,刑事侦探,Criminal Investigator / Detective,5412,33-3021.00,大洋洲,澳大利亚,AU,country,general,本科,22-30,global,6.0,5.6,3.8,7.8,4.1,4.0,4.7,4.5,6.8,6.1,9.3,5.0,4.9,4.1,3.7,5.6,4.4,2.3,7.0,7.4,1.8,5.7,4.0,7.8,2.1,4.8,5.9,7.5,5.8,8.0,1.1,1.2,3.1,8.8,0,0,→,2032-2038,5.14,澳大利亚刑事侦探：就业极其稳定，准入门槛高，AI替代抗性强,"Australia Criminal Investigator / Detective: extremely stable employment, high entry barrier, strong AI resistance",AI综合评估 + O*NET/ILO/OECD锚点校准
GOV-0702-NZ-general,公共管理与公务员,GOV,警察执法,刑事侦探,Criminal Investigator / Detective,5412,33-3021.00,大洋洲,新西兰,NZ,country,general,本科,22-30,global,6.2,5.8,4.1,7.7,4.0,3.8,4.8,4.4,6.5,6.2,9.4,5.2,5.1,4.2,4.2,5.6,5.0,2.0,7.0,7.7,1.9,5.8,4.5,8.3,2.2,5.1,6.1,7.6,5.6,7.8,0.9,1.1,3.2,9.0,0,0,→,2032-2038,5.25,新西兰刑事侦探：就业极其稳定，AI替代抗性强，职业成就感高,"New Zealand Criminal Investigator / Detective: extremely stable employment, strong AI resistance, high job fulfillment",AI综合评估 + O*NET/ILO/OECD锚点校准
GOV-0702-ZA-general,公共管理与公务员,GOV,警察执法,刑事侦探,Criminal Investigator / Detective,5412,33-3021.00,非洲,南非,ZA,country,general,本科,22-30,global,6.2,5.5,4.3,7.2,4.8,4.0,4.8,4.0,6.0,5.6,7.4,4.2,4.2,3.3,3.7,5.2,4.3,2.6,7.2,6.7,1.4,5.5,3.4,7.0,1.8,4.2,5.4,7.6,5.2,8.0,1.1,0.7,3.2,9.0,0,0,→,2032-2038,4.81,南非刑事侦探：准入门槛高，职业安全风险高，AI替代抗性强,"South Africa Criminal Investigator / Detective: high entry barrier, high safety risk, strong AI resistance",AI综合评估 + O*NET/ILO/OECD锚点校准
GOV-0702-NG-general,公共管理与公务员,GOV,警察执法,刑事侦探,Criminal Investigator / Detective,5412,33-3021.00,非洲,尼日利亚,NG,country,general,本科,22-30,global,5.6,5.5,4.3,6.9,5.1,4.4,4.4,4.4,5.4,4.5,6.8,3.8,4.1,2.9,3.2,5.4,4.6,2.8,6.7,6.2,1.6,5.1,3.0,7.2,1.8,3.5,5.4,7.3,5.5,7.8,0.8,0.5,2.9,8.9,-1,0,→,2032-2038,4.62,尼日利亚刑事侦探：职业安全风险高，无法远程办公,"Nigeria Criminal Investigator / Detective: high safety risk, no remote work possible",AI综合评估 + O*NET/ILO/OECD锚点校准
GOV-0702-KE-general,公共管理与公务员,GOV,警察执法,刑事侦探,Criminal Investigator / Detective,5412,33-3021.00,非洲,肯尼亚,KE,country,general,本科,22-30,global,6.1,5.6,4.3,7.4,4.6,4.4,5.0,4.2,5.1,5.0,7.2,4.0,4.5,2.8,3.5,5.6,4.0,2.9,7.2,6.0,1.5,5.0,3.3,6.9,2.0,3.6,5.2,7.3,5.5,7.6,1.3,1.1,3.1,8.9,-1,0,→,2032-2038,4.67,肯尼亚刑事侦探：职业安全风险高，AI替代抗性强，无法远程办公,"Kenya Criminal Investigator / Detective: high safety risk, strong AI resistance, no remote work possible",AI综合评估 + O*NET/ILO/OECD锚点校准
GOV-0702-EG-general,公共管理与公务员,GOV,警察执法,刑事侦探,Criminal Investigator / Detective,5412,33-3021.00,非洲,埃及,EG,country,general,本科,22-30,global,5.9,5.4,3.9,7.6,4.9,4.7,4.5,4.5,5.4,5.2,7.4,4.2,4.5,3.1,3.0,5.1,4.6,2.5,6.7,6.8,1.5,5.3,3.4,7.2,1.6,3.4,5.6,7.3,5.5,7.9,1.0,0.7,2.6,8.9,0,1,→,2032-2038,4.73,埃及刑事侦探：职业安全风险高，无法远程办公,"Egypt Criminal Investigator / Detective: high safety risk, no remote work possible",AI综合评估 + O*NET/ILO/OECD锚点校准
GOV-0703-CN-general,公共管理与公务员,GOV,警察执法,辅警/协警,Auxiliary Police Officer,5412,,东亚,中国,CN,country,general,高中/大专,18-28,regional,2.4,2.9,2.5,6.7,6.1,6.3,3.7,2.5,2.4,3.8,6.6,4.9,4.1,2.9,3.4,3.3,2.7,3.6,5.3,4.6,0.3,2.2,3.3,4.0,1.2,3.8,5.1,7.2,6.3,5.0,1.6,1.4,1.7,7.5,-1,0,→,2028-2033,4.05,中国辅警/协警：薪资水平偏低，无法远程办公,"China Auxiliary Police Officer: relatively low pay, no remote work possible",AI综合评估 + O*NET/ILO/OECD锚点校准
GOV-0703-JP-general,公共管理与公务员,GOV,警察执法,辅警/协警,Auxiliary Police Officer,5412,,东亚,日本,JP,country,general,高中/大专,18-28,regional,2.4,2.7,2.2,6.3,5.9,5.0,3.8,2.1,3.5,4.4,7.0,5.1,4.3,4.0,3.9,3.2,3.4,3.1,5.7,4.4,0.2,2.7,3.6,4.4,1.0,4.0,5.7,6.9,6.5,4.7,2.0,1.8,1.1,7.5,-1,-1,→,2028-2033,4.23,日本辅警/协警：薪资水平偏低，无法远程办公,"Japan Auxiliary Police Officer: relatively low pay, no remote work possible",AI综合评估 + O*NET/ILO/OECD锚点校准
GOV-0703-KR-general,公共管理与公务员,GOV,警察执法,辅警/协警,Auxiliary Police Officer,5412,,东亚,韩国,KR,country,general,高中/大专,18-28,regional,2.4,3.1,2.3,6.6,5.4,4.8,3.5,2.6,3.1,3.9,5.9,5.0,4.1,3.4,3.5,3.1,3.0,3.5,5.4,4.5,0.4,2.7,3.4,4.3,1.3,3.7,5.1,7.1,6.2,4.9,1.8,1.7,1.1,7.5,-1,-1,→,2028-2033,4.03,韩国辅警/协警：薪资水平偏低，无法远程办公,"South Korea Auxiliary Police Officer: relatively low pay, no remote work possible",AI综合评估 + O*NET/ILO/OECD锚点校准
GOV-0703-TW-general,公共管理与公务员,GOV,警察执法,辅警/协警,Auxiliary Police Officer,5412,,东亚,中国台湾地区,TW,region,general,高中/大专,18-28,regional,2.5,2.6,2.2,6.1,5.6,4.6,3.5,2.4,2.7,4.1,6.1,4.8,4.1,3.8,3.8,3.2,3.1,3.4,5.6,4.2,0.5,2.7,4.0,4.7,1.3,4.1,5.5,6.8,6.5,4.8,1.7,1.5,1.2,7.7,-1,-1,→,2028-2033,4.09,中国台湾地区辅警/协警：薪资水平偏低，无法远程办公,"Taiwan (China) Auxiliary Police Officer: relatively low pay, no remote work possible",AI综合评估 + O*NET/ILO/OECD锚点校准
GOV-0703-HK-general,公共管理与公务员,GOV,警察执法,辅警/协警,Auxiliary Police Officer,5412,,东亚,中国香港地区,HK,region,general,高中/大专,18-28,regional,2.8,2.5,2.0,6.0,5.4,4.4,3.2,1.9,3.5,4.0,6.1,4.6,4.1,3.7,3.7,3.2,3.4,3.3,5.6,4.1,0.4,2.7,3.9,4.6,1.0,4.5,5.4,7.1,6.2,3.8,2.1,1.4,2.1,7.4,-1,-1,→,2028-2033,4.11,中国香港地区辅警/协警：薪资水平偏低，无法远程办公,"Hong Kong (China) Auxiliary Police Officer: relatively low pay, no remote work possible",AI综合评估 + O*NET/ILO/OECD锚点校准
GOV-0703-SG-general,公共管理与公务员,GOV,警察执法,辅警/协警,Auxiliary Police Officer,5412,,东南亚,新加坡,SG,country,general,高中/大专,18-28,regional,2.7,2.7,2.2,6.6,5.2,4.6,3.2,2.0,4.3,4.5,7.2,5.4,4.4,3.8,3.7,2.9,3.3,3.0,5.7,4.9,0.3,2.9,3.9,5.2,1.2,4.6,5.5,6.8,6.7,4.1,1.9,1.8,2.0,7.6,-1,-2,↓,2028-2033,4.32,新加坡辅警/协警：无法远程办公，近年需求下降,"Singapore Auxiliary Police Officer: no remote work possible, declining demand",AI综合评估 + O*NET/ILO/OECD锚点校准
GOV-0703-TH-general,公共管理与公务员,GOV,警察执法,辅警/协警,Auxiliary Police Officer,5412,,东南亚,泰国,TH,country,general,高中/大专,18-28,regional,2.6,2.6,2.3,5.8,6.0,5.3,3.0,2.2,2.2,3.5,5.5,4.5,4.7,3.7,3.8,2.8,2.7,3.7,5.7,3.3,0.4,2.5,4.0,4.2,1.3,4.1,5.8,6.8,6.2,4.1,1.9,1.4,1.4,7.8,-1,-1,→,2028-2033,3.94,泰国辅警/协警：薪资水平偏低，职业安全风险高，无法远程办公,"Thailand Auxiliary Police Officer: relatively low pay, high safety risk, no remote work possible",AI综合评估 + O*NET/ILO/OECD锚点校准
GOV-0703-VN-general,公共管理与公务员,GOV,警察执法,辅警/协警,Auxiliary Police Officer,5412,,东南亚,越南,VN,country,general,高中/大专,18-28,regional,2.6,2.7,2.3,6.4,6.1,6.2,3.2,2.0,1.5,3.5,5.9,4.6,4.3,4.0,3.7,2.8,2.9,3.6,5.2,3.5,0.3,2.2,4.0,3.8,1.0,3.9,5.3,7.2,6.5,4.1,1.8,1.4,1.2,7.8,-1,0,→,2028-2033,3.9,越南辅警/协警：薪资水平偏低，无法远程办公,"Vietnam Auxiliary Police Officer: relatively low pay, no remote work possible",AI综合评估 + O*NET/ILO/OECD锚点校准
GOV-0703-ID-general,公共管理与公务员,GOV,警察执法,辅警/协警,Auxiliary Police Officer,5412,,东南亚,印度尼西亚,ID,country,general,高中/大专,18-28,regional,2.4,2.1,2.1,6.1,5.6,5.3,2.6,2.1,2.0,3.1,5.5,4.2,4.2,4.1,3.7,2.7,3.2,3.8,5.6,3.1,0.5,2.3,4.0,3.6,1.1,4.1,5.6,6.8,6.3,3.8,2.2,1.4,1.0,7.6,-1,-1,→,2028-2033,3.85,印度尼西亚辅警/协警：薪资水平偏低，职业安全风险高，无法远程办公,"Indonesia Auxiliary Police Officer: relatively low pay, high safety risk, no remote work possible",AI综合评估 + O*NET/ILO/OECD锚点校准
GOV-0703-MY-general,公共管理与公务员,GOV,警察执法,辅警/协警,Auxiliary Police Officer,5412,,东南亚,马来西亚,MY,country,general,高中/大专,18-28,regional,2.5,2.5,2.0,6.2,5.7,5.4,2.8,2.2,2.7,3.6,5.8,4.5,4.7,3.8,4.0,3.2,3.3,3.4,5.5,3.4,0.1,2.7,3.6,4.0,0.9,3.7,5.2,7.1,6.6,3.7,1.9,1.5,1.6,7.5,-1,-1,→,2028-2033,3.99,马来西亚辅警/协警：薪资水平偏低，职业安全风险高，无法远程办公,"Malaysia Auxiliary Police Officer: relatively low pay, high safety risk, no remote work possible",AI综合评估 + O*NET/ILO/OECD锚点校准
GOV-0703-PH-general,公共管理与公务员,GOV,警察执法,辅警/协警,Auxiliary Police Officer,5412,,东南亚,菲律宾,PH,country,general,高中/大专,18-28,regional,2.7,2.4,2.1,5.8,5.4,5.1,3.0,2.1,1.9,2.7,4.6,4.3,4.6,3.8,4.2,3.0,2.9,3.7,5.3,2.9,0.2,2.1,3.9,3.5,1.0,4.5,5.3,6.9,6.4,3.5,2.2,1.5,1.6,7.3,-1,-1,→,2028-2033,3.78,菲律宾辅警/协警：薪资水平偏低，职业安全风险高，无法远程办公,"Philippines Auxiliary Police Officer: relatively low pay, high safety risk, no remote work possible",AI综合评估 + O*NET/ILO/OECD锚点校准
GOV-0703-IN-general,公共管理与公务员,GOV,警察执法,辅警/协警,Auxiliary Police Officer,5412,,南亚,印度,IN,country,general,高中/大专,18-28,regional,2.7,2.8,2.1,6.4,5.9,5.8,3.4,2.3,2.7,3.4,5.8,4.4,4.2,3.9,3.9,3.0,2.7,3.5,5.5,4.1,0.6,2.5,3.5,4.0,1.1,3.4,5.6,7.1,6.8,4.4,1.8,1.4,1.3,7.7,-1,0,→,2028-2033,3.98,印度辅警/协警：薪资水平偏低，职业安全风险高，无法远程办公,"India Auxiliary Police Officer: relatively low pay, high safety risk, no remote work possible",AI综合评估 + O*NET/ILO/OECD锚点校准
GOV-0703-PK-general,公共管理与公务员,GOV,警察执法,辅警/协警,Auxiliary Police Officer,5412,,南亚,巴基斯坦,PK,country,general,高中/大专,18-28,regional,2.6,2.4,2.0,6.0,6.1,5.2,3.1,1.9,1.9,3.0,4.8,4.1,4.2,3.2,3.7,3.2,2.7,3.9,5.5,3.2,0.6,2.4,3.7,3.3,0.6,3.2,5.1,6.8,6.5,4.1,2.0,1.2,1.0,7.6,-1,-1,→,2028-2033,3.72,巴基斯坦辅警/协警：薪资水平偏低，职业安全风险高，无法远程办公,"Pakistan Auxiliary Police Officer: relatively low pay, high safety risk, no remote work possible",AI综合评估 + O*NET/ILO/OECD锚点校准
GOV-0703-BD-general,公共管理与公务员,GOV,警察执法,辅警/协警,Auxiliary Police Officer,5412,,南亚,孟加拉国,BD,country,general,高中/大专,18-28,regional,2.1,2.3,2.2,6.2,5.5,4.9,2.8,2.0,1.6,3.0,5.3,4.1,4.3,3.3,3.5,2.6,3.0,3.8,5.6,2.8,0.0,2.3,3.7,3.5,0.7,3.1,5.3,7.1,6.4,3.8,2.0,1.2,1.1,7.3,-1,-1,→,2028-2033,3.72,孟加拉国辅警/协警：薪资水平偏低，职业安全风险高，无法远程办公,"Bangladesh Auxiliary Police Officer: relatively low pay, high safety risk, no remote work possible",AI综合评估 + O*NET/ILO/OECD锚点校准
GOV-0703-AE-general,公共管理与公务员,GOV,警察执法,辅警/协警,Auxiliary Police Officer,5412,,中亚/西亚,阿联酋,AE,country,general,高中/大专,18-28,regional,2.4,2.6,2.5,6.7,5.9,5.1,2.5,1.6,3.7,4.7,6.7,5.1,4.5,3.9,4.1,2.9,3.3,3.0,5.2,4.2,0.6,2.4,4.0,4.6,0.8,3.6,5.3,6.9,6.2,3.7,2.1,1.8,1.5,7.6,-1,-1,→,2028-2033,4.19,阿联酋辅警/协警：薪资水平偏低，无法远程办公,"United Arab Emirates Auxiliary Police Officer: relatively low pay, no remote work possible",AI综合评估 + O*NET/ILO/OECD锚点校准
GOV-0703-IL-general,公共管理与公务员,GOV,警察执法,辅警/协警,Auxiliary Police Officer,5412,,中亚/西亚,以色列,IL,country,general,高中/大专,18-28,regional,2.9,2.4,2.0,6.2,5.6,4.7,3.0,1.7,3.1,4.1,5.6,4.6,4.7,3.9,3.7,3.2,3.1,3.2,5.8,3.8,0.5,2.3,4.3,3.9,1.2,4.5,5.7,6.9,6.7,3.6,2.1,1.3,2.0,7.4,-1,-1,→,2028-2033,4.07,以色列辅警/协警：薪资水平偏低，无法远程办公,"Israel Auxiliary Police Officer: relatively low pay, no remote work possible",AI综合评估 + O*NET/ILO/OECD锚点校准
GOV-0703-SA-general,公共管理与公务员,GOV,警察执法,辅警/协警,Auxiliary Police Officer,5412,,中亚/西亚,沙特阿拉伯,SA,country,general,高中/大专,18-28,regional,2.3,2.7,2.7,6.4,5.9,5.6,2.4,1.6,3.6,4.2,6.0,4.9,4.1,3.6,3.9,2.9,2.8,3.6,5.6,3.7,0.5,2.2,3.8,3.9,1.2,2.9,5.5,7.0,6.7,3.7,1.9,1.7,1.4,7.8,-1,0,→,2028-2033,4.03,沙特阿拉伯辅警/协警：薪资水平偏低，无法远程办公,"Saudi Arabia Auxiliary Police Officer: relatively low pay, no remote work possible",AI综合评估 + O*NET/ILO/OECD锚点校准
GOV-0703-TR-general,公共管理与公务员,GOV,警察执法,辅警/协警,Auxiliary Police Officer,5412,,中亚/西亚,土耳其,TR,country,general,高中/大专,18-28,regional,2.5,2.9,2.2,5.9,5.5,5.7,2.9,2.3,2.0,3.3,5.1,4.5,4.3,3.6,3.6,3.3,2.7,3.4,5.4,3.5,0.4,2.1,3.5,3.7,1.2,3.6,5.1,7.2,6.5,4.3,1.9,1.5,1.5,7.5,-1,-1,→,2028-2033,3.84,土耳其辅警/协警：薪资水平偏低，职业安全风险高，无法远程办公,"Turkey Auxiliary Police Officer: relatively low pay, high safety risk, no remote work possible",AI综合评估 + O*NET/ILO/OECD锚点校准
GOV-0703-GB-general,公共管理与公务员,GOV,警察执法,辅警/协警,Auxiliary Police Officer,5412,,西欧,英国,GB,country,general,高中/大专,18-28,regional,2.5,2.9,2.0,6.5,5.1,4.9,2.9,1.8,3.1,4.0,6.5,4.9,5.1,4.5,4.4,3.5,3.4,3.2,5.6,3.7,1.0,3.1,4.6,4.8,1.2,5.2,5.6,7.0,6.7,4.1,1.6,1.8,2.1,7.6,-1,-1,→,2028-2033,4.26,英国辅警/协警：薪资水平偏低，无法远程办公,"United Kingdom Auxiliary Police Officer: relatively low pay, no remote work possible",AI综合评估 + O*NET/ILO/OECD锚点校准
GOV-0703-FR-general,公共管理与公务员,GOV,警察执法,辅警/协警,Auxiliary Police Officer,5412,,西欧,法国,FR,country,general,高中/大专,18-28,regional,2.4,3.0,2.3,6.2,6.4,6.1,3.0,1.9,3.1,3.8,6.7,4.6,5.0,4.9,4.7,2.8,3.3,3.3,5.4,4.2,0.9,3.2,4.6,4.2,1.1,4.6,5.9,7.2,6.3,4.2,1.7,1.6,1.7,7.8,-1,0,→,2028-2033,4.27,法国辅警/协警：薪资水平偏低，无法远程办公,"France Auxiliary Police Officer: relatively low pay, no remote work possible",AI综合评估 + O*NET/ILO/OECD锚点校准
GOV-0703-DE-general,公共管理与公务员,GOV,警察执法,辅警/协警,Auxiliary Police Officer,5412,,西欧,德国,DE,country,general,高中/大专,18-28,regional,2.7,2.7,2.4,6.6,5.6,5.0,3.2,2.2,3.2,4.3,7.0,5.1,5.1,5.2,4.6,3.3,3.2,3.3,5.5,4.3,1.0,3.3,5.0,4.4,1.2,4.8,5.7,7.1,6.4,4.5,1.9,1.5,1.4,7.6,-1,-1,→,2028-2033,4.35,德国辅警/协警：薪资水平偏低，无法远程办公,"Germany Auxiliary Police Officer: relatively low pay, no remote work possible",AI综合评估 + O*NET/ILO/OECD锚点校准
GOV-0703-NL-general,公共管理与公务员,GOV,警察执法,辅警/协警,Auxiliary Police Officer,5412,,西欧,荷兰,NL,country,general,高中/大专,18-28,regional,2.7,2.4,1.9,6.6,5.3,4.9,2.9,1.9,3.4,4.4,6.4,5.0,5.3,4.8,4.8,3.3,3.1,3.0,5.8,4.1,1.2,3.1,4.9,4.3,0.8,5.1,6.0,7.0,6.3,3.9,1.8,1.9,1.8,7.6,-1,-1,→,2028-2033,4.34,荷兰辅警/协警：薪资水平偏低，无法远程办公,"Netherlands Auxiliary Police Officer: relatively low pay, no remote work possible",AI综合评估 + O*NET/ILO/OECD锚点校准
GOV-0703-CH-general,公共管理与公务员,GOV,警察执法,辅警/协警,Auxiliary Police Officer,5412,,西欧,瑞士,CH,country,general,高中/大专,18-28,regional,2.5,2.7,1.9,6.7,5.3,4.4,2.9,1.8,4.1,4.4,7.2,5.2,4.9,5.1,4.5,3.4,3.2,3.1,5.6,4.4,0.8,3.3,4.7,4.6,1.4,4.8,5.7,6.8,6.8,3.9,1.6,1.4,1.5,7.4,-1,-2,↓,2028-2033,4.37,瑞士辅警/协警：无法远程办公，近年需求下降,"Switzerland Auxiliary Police Officer: no remote work possible, declining demand",AI综合评估 + O*NET/ILO/OECD锚点校准
GOV-0703-SE-general,公共管理与公务员,GOV,警察执法,辅警/协警,Auxiliary Police Officer,5412,,北欧,瑞典,SE,country,general,高中/大专,18-28,regional,3.0,2.8,2.4,6.4,5.8,5.1,2.5,2.0,3.5,4.1,7.0,5.2,4.9,4.9,4.8,3.0,2.9,3.0,5.8,3.8,0.9,3.3,5.0,5.0,1.3,5.6,5.6,7.0,6.7,3.6,1.8,2.0,2.0,7.4,-1,-1,→,2028-2033,4.39,瑞典辅警/协警：薪资水平偏低，无法远程办公,"Sweden Auxiliary Police Officer: relatively low pay, no remote work possible",AI综合评估 + O*NET/ILO/OECD锚点校准
GOV-0703-DK-general,公共管理与公务员,GOV,警察执法,辅警/协警,Auxiliary Police Officer,5412,,北欧,丹麦,DK,country,general,高中/大专,18-28,regional,2.5,2.4,2.2,6.3,5.8,5.2,3.0,1.9,3.5,4.3,6.8,5.2,5.2,5.1,5.0,3.1,3.4,2.8,5.3,4.4,1.1,3.3,5.1,4.8,1.3,5.5,5.8,7.0,6.4,3.9,1.7,1.7,1.6,7.8,-1,-1,→,2028-2033,4.43,丹麦辅警/协警：薪资水平偏低，无法远程办公,"Denmark Auxiliary Police Officer: relatively low pay, no remote work possible",AI综合评估 + O*NET/ILO/OECD锚点校准
GOV-0703-FI-general,公共管理与公务员,GOV,警察执法,辅警/协警,Auxiliary Police Officer,5412,,北欧,芬兰,FI,country,general,高中/大专,18-28,regional,2.7,2.7,2.3,6.3,5.6,5.0,2.8,1.7,2.8,4.0,6.6,5.2,5.0,5.3,4.7,3.2,3.3,3.0,5.4,4.3,0.9,3.1,5.2,5.0,1.4,5.4,6.0,7.1,6.7,3.6,2.0,1.5,1.9,7.4,-1,-1,→,2028-2033,4.34,芬兰辅警/协警：薪资水平偏低，无法远程办公,"Finland Auxiliary Police Officer: relatively low pay, no remote work possible",AI综合评估 + O*NET/ILO/OECD锚点校准
GOV-0703-IT-general,公共管理与公务员,GOV,警察执法,辅警/协警,Auxiliary Police Officer,5412,,南欧,意大利,IT,country,general,高中/大专,18-28,regional,2.9,2.9,2.2,6.4,5.5,5.5,3.3,2.1,2.7,3.7,5.6,4.6,4.4,4.2,4.2,3.0,3.0,3.5,5.8,4.2,0.7,2.6,3.9,4.3,0.8,4.2,5.6,6.9,6.5,4.2,1.6,1.8,1.5,7.6,-1,-1,→,2028-2033,4.07,意大利辅警/协警：薪资水平偏低，无法远程办公,"Italy Auxiliary Police Officer: relatively low pay, no remote work possible",AI综合评估 + O*NET/ILO/OECD锚点校准
GOV-0703-ES-general,公共管理与公务员,GOV,警察执法,辅警/协警,Auxiliary Police Officer,5412,,南欧,西班牙,ES,country,general,高中/大专,18-28,regional,2.6,2.6,1.8,6.2,5.7,5.0,3.6,2.0,3.0,3.8,6.2,4.8,4.9,4.2,4.3,3.4,3.1,3.5,5.6,3.8,0.8,2.4,4.1,4.3,0.9,4.5,5.8,7.1,6.5,4.3,2.1,1.8,1.5,7.4,-1,-1,→,2028-2033,4.13,西班牙辅警/协警：薪资水平偏低，无法远程办公,"Spain Auxiliary Police Officer: relatively low pay, no remote work possible",AI综合评估 + O*NET/ILO/OECD锚点校准
GOV-0703-PT-general,公共管理与公务员,GOV,警察执法,辅警/协警,Auxiliary Police Officer,5412,,南欧,葡萄牙,PT,country,general,高中/大专,18-28,regional,2.2,2.4,2.2,6.3,5.6,4.7,3.4,1.9,2.5,3.3,6.0,4.8,4.5,4.3,4.2,3.0,3.1,3.5,5.2,4.1,0.8,2.6,4.5,4.4,1.3,4.6,5.8,6.8,6.4,3.8,1.9,1.8,1.9,7.8,-1,-1,→,2028-2033,4.1,葡萄牙辅警/协警：薪资水平偏低，无法远程办公,"Portugal Auxiliary Police Officer: relatively low pay, no remote work possible",AI综合评估 + O*NET/ILO/OECD锚点校准
GOV-0703-PL-general,公共管理与公务员,GOV,警察执法,辅警/协警,Auxiliary Police Officer,5412,,东欧,波兰,PL,country,general,高中/大专,18-28,regional,2.3,2.3,2.0,6.1,5.3,4.7,3.1,1.8,2.0,3.3,5.6,4.6,4.8,4.3,4.2,3.4,3.1,3.2,5.3,3.7,0.6,2.6,4.7,4.2,0.8,4.5,5.4,7.1,6.6,4.0,1.9,1.6,1.3,7.5,-1,-1,→,2028-2033,4.01,波兰辅警/协警：薪资水平偏低，无法远程办公,"Poland Auxiliary Police Officer: relatively low pay, no remote work possible",AI综合评估 + O*NET/ILO/OECD锚点校准
GOV-0703-CZ-general,公共管理与公务员,GOV,警察执法,辅警/协警,Auxiliary Police Officer,5412,,东欧,捷克,CZ,country,general,高中/大专,18-28,regional,2.6,2.7,2.2,6.5,5.5,5.0,2.8,2.2,2.7,3.6,6.0,4.9,4.8,4.4,4.3,3.2,3.1,3.3,5.6,3.6,0.6,2.8,4.8,4.4,1.4,4.5,5.7,7.2,6.6,3.8,1.7,1.6,1.5,7.4,-1,-1,→,2028-2033,4.15,捷克辅警/协警：薪资水平偏低，无法远程办公,"Czech Republic Auxiliary Police Officer: relatively low pay, no remote work possible",AI综合评估 + O*NET/ILO/OECD锚点校准
GOV-0703-RU-general,公共管理与公务员,GOV,警察执法,辅警/协警,Auxiliary Police Officer,5412,,东欧,俄罗斯,RU,country,general,高中/大专,18-28,regional,2.8,2.5,2.1,6.3,5.9,5.9,2.4,2.0,2.2,3.5,5.4,4.3,4.3,3.5,3.8,3.0,2.8,3.8,5.9,3.3,0.5,2.3,3.9,4.0,0.8,4.2,5.2,6.7,6.4,3.5,2.1,1.2,0.9,7.6,-1,0,→,2028-2033,3.87,俄罗斯辅警/协警：薪资水平偏低，职业安全风险高，无法远程办公,"Russia Auxiliary Police Officer: relatively low pay, high safety risk, no remote work possible",AI综合评估 + O*NET/ILO/OECD锚点校准
GOV-0703-US-general,公共管理与公务员,GOV,警察执法,辅警/协警,Auxiliary Police Officer,5412,,北美,美国,US,country,general,高中/大专,18-28,regional,3.0,2.6,1.6,6.5,5.5,4.6,3.1,2.1,3.2,4.1,6.3,4.6,4.5,3.8,4.1,3.3,3.1,3.3,5.5,4.0,0.7,3.0,4.2,4.1,1.0,5.1,5.3,6.7,6.8,3.9,2.1,1.4,1.5,7.5,-1,-1,→,2028-2033,4.1,美国辅警/协警：薪资水平偏低，无法远程办公,"United States Auxiliary Police Officer: relatively low pay, no remote work possible",AI综合评估 + O*NET/ILO/OECD锚点校准
GOV-0703-CA-general,公共管理与公务员,GOV,警察执法,辅警/协警,Auxiliary Police Officer,5412,,北美,加拿大,CA,country,general,高中/大专,18-28,regional,2.7,2.5,2.3,6.5,5.7,5.1,2.8,1.9,3.3,4.2,6.4,5.0,4.6,4.6,4.6,3.2,3.2,3.3,5.7,4.2,0.9,2.9,4.5,4.5,1.2,5.0,5.5,7.1,6.3,4.2,2.1,1.7,2.0,7.6,-1,-1,→,2028-2033,4.27,加拿大辅警/协警：薪资水平偏低，无法远程办公,"Canada Auxiliary Police Officer: relatively low pay, no remote work possible",AI综合评估 + O*NET/ILO/OECD锚点校准
GOV-0703-MX-general,公共管理与公务员,GOV,警察执法,辅警/协警,Auxiliary Police Officer,5412,,北美,墨西哥,MX,country,general,高中/大专,18-28,regional,2.3,2.2,2.1,6.0,5.7,5.1,2.4,2.0,1.7,2.9,4.7,4.1,4.6,3.7,4.0,3.1,2.8,3.6,5.4,2.6,0.4,2.0,3.8,3.8,1.1,3.8,5.4,7.0,6.6,3.9,1.9,1.6,1.6,7.4,-1,-1,→,2028-2033,3.77,墨西哥辅警/协警：薪资水平偏低，职业安全风险高，无法远程办公,"Mexico Auxiliary Police Officer: relatively low pay, high safety risk, no remote work possible",AI综合评估 + O*NET/ILO/OECD锚点校准
GOV-0703-BR-general,公共管理与公务员,GOV,警察执法,辅警/协警,Auxiliary Police Officer,5412,,南美,巴西,BR,country,general,高中/大专,18-28,regional,2.7,2.7,2.2,6.2,5.7,5.6,3.0,2.2,3.0,3.6,5.4,4.4,4.4,4.0,4.1,2.8,3.2,3.6,5.3,3.5,0.5,2.2,4.3,3.9,0.8,3.8,5.7,6.8,6.6,4.1,1.9,1.5,1.3,7.4,-1,0,→,2028-2033,3.97,巴西辅警/协警：薪资水平偏低，职业安全风险高，无法远程办公,"Brazil Auxiliary Police Officer: relatively low pay, high safety risk, no remote work possible",AI综合评估 + O*NET/ILO/OECD锚点校准
GOV-0703-AR-general,公共管理与公务员,GOV,警察执法,辅警/协警,Auxiliary Police Officer,5412,,南美,阿根廷,AR,country,general,高中/大专,18-28,regional,2.6,2.6,2.3,5.5,6.1,5.5,2.8,2.1,2.0,3.2,4.9,4.1,4.6,3.5,3.7,2.8,2.7,3.7,5.7,3.0,0.3,2.4,3.8,4.1,1.2,3.9,5.7,6.8,6.2,3.9,2.0,1.4,1.5,7.8,-2,0,→,2028-2033,3.83,阿根廷辅警/协警：薪资水平偏低，职业安全风险高，无法远程办公,"Argentina Auxiliary Police Officer: relatively low pay, high safety risk, no remote work possible",AI综合评估 + O*NET/ILO/OECD锚点校准
GOV-0703-CL-general,公共管理与公务员,GOV,警察执法,辅警/协警,Auxiliary Police Officer,5412,,南美,智利,CL,country,general,高中/大专,18-28,regional,2.3,2.3,1.7,6.3,5.3,4.7,3.1,1.8,2.5,3.4,5.5,4.7,4.5,3.8,3.8,3.3,3.0,3.6,5.3,3.4,0.3,2.5,4.1,4.0,1.0,4.2,5.2,6.7,6.7,3.9,1.9,1.6,1.4,7.4,-1,-1,→,2028-2033,3.91,智利辅警/协警：薪资水平偏低，无法远程办公,"Chile Auxiliary Police Officer: relatively low pay, no remote work possible",AI综合评估 + O*NET/ILO/OECD锚点校准
GOV-0703-CO-general,公共管理与公务员,GOV,警察执法,辅警/协警,Auxiliary Police Officer,5412,,南美,哥伦比亚,CO,country,general,高中/大专,18-28,regional,2.4,2.2,2.1,6.1,5.8,5.2,2.5,1.7,1.9,3.4,5.2,4.2,4.4,3.7,4.0,3.2,2.9,3.6,5.6,3.1,0.6,2.0,4.0,4.1,1.2,3.7,5.1,7.0,6.2,3.6,2.1,1.2,1.1,7.3,-1,-1,→,2028-2033,3.85,哥伦比亚辅警/协警：薪资水平偏低，职业安全风险高，无法远程办公,"Colombia Auxiliary Police Officer: relatively low pay, high safety risk, no remote work possible",AI综合评估 + O*NET/ILO/OECD锚点校准
GOV-0703-AU-general,公共管理与公务员,GOV,警察执法,辅警/协警,Auxiliary Police Officer,5412,,大洋洲,澳大利亚,AU,country,general,高中/大专,18-28,regional,2.3,2.5,2.1,6.5,5.4,4.6,2.6,1.9,3.6,4.0,6.3,5.1,4.9,4.9,4.4,3.2,3.4,3.2,5.5,3.8,0.5,2.9,4.7,4.6,1.4,5.2,5.9,7.1,6.5,4.2,1.7,1.7,1.8,7.4,-1,-1,→,2028-2033,4.27,澳大利亚辅警/协警：薪资水平偏低，无法远程办公,"Australia Auxiliary Police Officer: relatively low pay, no remote work possible",AI综合评估 + O*NET/ILO/OECD锚点校准
GOV-0703-NZ-general,公共管理与公务员,GOV,警察执法,辅警/协警,Auxiliary Police Officer,5412,,大洋洲,新西兰,NZ,country,general,高中/大专,18-28,regional,2.6,2.8,1.7,6.8,5.0,4.8,3.2,2.0,2.9,3.9,6.7,5.2,5.0,4.7,4.8,3.1,3.4,3.1,5.3,4.0,0.8,2.9,5.0,4.5,1.4,5.1,6.1,6.9,6.7,3.9,2.1,1.7,2.0,7.7,-1,-1,→,2028-2033,4.26,新西兰辅警/协警：薪资水平偏低，无法远程办公,"New Zealand Auxiliary Police Officer: relatively low pay, no remote work possible",AI综合评估 + O*NET/ILO/OECD锚点校准
GOV-0703-ZA-general,公共管理与公务员,GOV,警察执法,辅警/协警,Auxiliary Police Officer,5412,,非洲,南非,ZA,country,general,高中/大专,18-28,regional,2.2,2.2,1.8,5.8,5.9,5.2,2.4,1.5,2.1,3.4,4.9,4.1,4.1,4.1,3.8,2.8,2.9,3.6,5.5,2.8,0.5,2.5,3.8,4.1,0.9,4.0,5.4,6.8,6.6,3.8,2.1,1.2,1.2,7.7,-1,-1,→,2028-2033,3.79,南非辅警/协警：薪资水平偏低，职业安全风险高，无法远程办公,"South Africa Auxiliary Police Officer: relatively low pay, high safety risk, no remote work possible",AI综合评估 + O*NET/ILO/OECD锚点校准
GOV-0703-NG-general,公共管理与公务员,GOV,警察执法,辅警/协警,Auxiliary Police Officer,5412,,非洲,尼日利亚,NG,country,general,高中/大专,18-28,regional,2.3,2.4,2.1,5.6,5.6,5.5,2.6,1.9,1.5,3.0,4.5,3.8,4.3,3.5,3.6,2.9,2.9,3.6,5.2,2.8,0.5,2.3,3.5,3.5,0.8,3.6,5.0,7.0,6.8,3.7,2.3,1.4,1.2,7.3,-2,-1,→,2028-2033,3.66,尼日利亚辅警/协警：薪资水平偏低，职业安全风险高，无法远程办公,"Nigeria Auxiliary Police Officer: relatively low pay, high safety risk, no remote work possible",AI综合评估 + O*NET/ILO/OECD锚点校准
GOV-0703-KE-general,公共管理与公务员,GOV,警察执法,辅警/协警,Auxiliary Police Officer,5412,,非洲,肯尼亚,KE,country,general,高中/大专,18-28,regional,2.7,2.0,2.0,5.7,5.7,5.1,2.7,1.5,1.9,3.1,4.8,4.1,4.5,3.4,3.7,3.1,3.0,3.9,5.2,2.9,0.4,2.3,3.8,3.7,0.7,3.5,5.1,6.7,6.5,3.5,2.0,1.3,1.4,7.2,-2,-1,→,2028-2033,3.71,肯尼亚辅警/协警：薪资水平偏低，职业安全风险高，无法远程办公,"Kenya Auxiliary Police Officer: relatively low pay, high safety risk, no remote work possible",AI综合评估 + O*NET/ILO/OECD锚点校准
GOV-0703-EG-general,公共管理与公务员,GOV,警察执法,辅警/协警,Auxiliary Police Officer,5412,,非洲,埃及,EG,country,general,高中/大专,18-28,regional,2.5,2.6,2.2,5.8,6.1,6.2,2.8,2.0,1.5,3.2,5.1,4.3,4.5,3.6,3.8,2.7,3.0,3.7,5.8,3.0,0.1,2.2,3.8,3.6,0.7,3.0,5.7,6.9,6.3,3.8,2.1,1.3,1.3,7.7,-1,0,→,2028-2033,3.79,埃及辅警/协警：薪资水平偏低，职业安全风险高，无法远程办公,"Egypt Auxiliary Police Officer: relatively low pay, high safety risk, no remote work possible",AI综合评估 + O*NET/ILO/OECD锚点校准
GOV-0704-CN-general,公共管理与公务员,GOV,警察执法,交通警察,Traffic Police Officer,5412,33-3051.00,东亚,中国,CN,country,general,大专/本科,20-28,global,4.3,4.7,3.6,7.4,5.9,6.3,4.5,4.0,4.8,5.1,9.4,5.4,4.2,4.0,3.8,3.5,3.0,2.8,5.5,6.3,0.5,3.5,3.8,5.1,0.9,4.0,5.0,7.7,5.9,7.6,1.0,1.3,1.6,8.8,-1,0,→,2028-2033,4.59,中国交通警察：就业极其稳定，无法远程办公,"China Traffic Police Officer: extremely stable employment, no remote work possible",AI综合评估 + O*NET/ILO/OECD锚点校准
GOV-0704-JP-general,公共管理与公务员,GOV,警察执法,交通警察,Traffic Police Officer,5412,33-3051.00,东亚,日本,JP,country,general,大专/本科,20-28,global,4.1,4.6,3.1,7.4,4.9,5.5,4.8,3.5,5.4,5.1,9.6,5.6,4.3,4.3,4.1,3.5,3.1,2.7,5.4,6.7,0.6,3.4,4.2,5.7,1.3,3.6,5.1,7.3,5.8,7.7,1.0,1.2,2.1,8.8,-1,-1,→,2028-2033,4.64,日本交通警察：就业极其稳定，无法远程办公,"Japan Traffic Police Officer: extremely stable employment, no remote work possible",AI综合评估 + O*NET/ILO/OECD锚点校准
GOV-0704-KR-general,公共管理与公务员,GOV,警察执法,交通警察,Traffic Police Officer,5412,33-3051.00,东亚,韩国,KR,country,general,大专/本科,20-28,global,4.3,4.3,3.2,7.1,4.9,5.6,4.6,4.2,4.9,4.9,8.9,5.4,4.2,4.1,3.8,3.5,3.4,3.1,5.8,6.2,0.3,3.5,3.9,5.2,1.1,3.7,5.4,7.7,6.0,7.8,1.1,1.2,2.1,8.6,-1,-1,→,2028-2033,4.55,韩国交通警察：就业极其稳定，无法远程办公,"South Korea Traffic Police Officer: extremely stable employment, no remote work possible",AI综合评估 + O*NET/ILO/OECD锚点校准
GOV-0704-TW-general,公共管理与公务员,GOV,警察执法,交通警察,Traffic Police Officer,5412,33-3051.00,东亚,中国台湾地区,TW,region,general,大专/本科,20-28,global,4.0,4.2,2.7,7.6,4.9,5.1,4.4,4.0,4.6,4.8,9.0,5.4,4.5,4.1,4.0,3.8,3.2,3.0,5.5,6.3,0.2,3.3,4.0,5.3,1.3,4.4,5.3,7.3,6.2,7.3,1.2,1.0,1.9,8.6,-1,-1,→,2028-2033,4.52,中国台湾地区交通警察：就业极其稳定，无法远程办公,"Taiwan (China) Traffic Police Officer: extremely stable employment, no remote work possible",AI综合评估 + O*NET/ILO/OECD锚点校准
GOV-0704-HK-general,公共管理与公务员,GOV,警察执法,交通警察,Traffic Police Officer,5412,33-3051.00,东亚,中国香港地区,HK,region,general,大专/本科,20-28,global,3.9,4.4,2.7,6.9,4.5,4.8,4.2,3.2,5.4,5.1,9.3,5.2,4.1,3.8,3.6,3.4,3.1,2.7,5.6,5.8,0.3,3.6,3.9,5.5,0.8,4.4,5.7,7.6,6.2,7.3,0.9,0.9,2.4,8.3,-1,-1,→,2028-2033,4.51,中国香港地区交通警察：就业极其稳定，无法远程办公,"Hong Kong (China) Traffic Police Officer: extremely stable employment, no remote work possible",AI综合评估 + O*NET/ILO/OECD锚点校准
GOV-0704-SG-general,公共管理与公务员,GOV,警察执法,交通警察,Traffic Police Officer,5412,33-3051.00,东南亚,新加坡,SG,country,general,大专/本科,20-28,global,3.9,4.4,3.0,7.9,4.3,5.0,4.3,3.9,6.2,5.6,10.0,5.8,4.5,4.2,3.8,4.0,3.4,2.4,5.9,6.5,0.2,3.9,4.1,5.7,1.1,4.6,5.5,7.7,6.1,7.5,0.7,1.0,2.2,8.4,-1,-2,↓,2028-2033,4.82,新加坡交通警察：就业极其稳定，无法远程办公，近年需求下降,"Singapore Traffic Police Officer: extremely stable employment, no remote work possible, declining demand",AI综合评估 + O*NET/ILO/OECD锚点校准
GOV-0704-TH-general,公共管理与公务员,GOV,警察执法,交通警察,Traffic Police Officer,5412,33-3051.00,东南亚,泰国,TH,country,general,大专/本科,20-28,global,4.3,3.7,3.2,7.1,5.2,6.0,4.0,3.2,3.9,4.4,8.2,5.0,4.8,4.4,4.1,3.5,2.6,3.2,5.8,5.2,0.6,3.4,4.3,4.9,0.9,3.9,5.3,7.6,5.7,6.8,1.3,0.6,1.7,8.6,-1,-1,→,2028-2033,4.38,泰国交通警察：就业稳定，薪资水平偏低，无法远程办公,"Thailand Traffic Police Officer: stable employment, relatively low pay, no remote work possible",AI综合评估 + O*NET/ILO/OECD锚点校准
GOV-0704-VN-general,公共管理与公务员,GOV,警察执法,交通警察,Traffic Police Officer,5412,33-3051.00,东南亚,越南,VN,country,general,大专/本科,20-28,global,3.9,3.9,3.5,7.3,5.8,6.4,4.2,3.5,3.7,4.4,8.9,5.3,4.2,4.1,3.9,3.4,3.1,3.2,5.6,5.3,0.3,3.1,4.2,4.6,0.9,4.2,5.5,7.6,6.0,7.1,1.0,1.0,1.9,8.4,-1,0,→,2028-2033,4.45,越南交通警察：就业极其稳定，薪资水平偏低，无法远程办公,"Vietnam Traffic Police Officer: extremely stable employment, relatively low pay, no remote work possible",AI综合评估 + O*NET/ILO/OECD锚点校准
GOV-0704-ID-general,公共管理与公务员,GOV,警察执法,交通警察,Traffic Police Officer,5412,33-3051.00,东南亚,印度尼西亚,ID,country,general,大专/本科,20-28,global,3.6,4.2,3.2,7.2,5.1,5.8,3.9,3.3,4.1,3.9,8.2,4.8,4.2,4.3,3.9,3.7,2.7,3.2,5.7,4.8,0.6,3.3,4.1,4.6,0.6,3.7,5.1,7.2,5.9,6.8,0.9,0.7,2.1,8.3,-1,-1,→,2028-2033,4.32,印度尼西亚交通警察：就业稳定，无法远程办公,"Indonesia Traffic Police Officer: stable employment, no remote work possible",AI综合评估 + O*NET/ILO/OECD锚点校准
GOV-0704-MY-general,公共管理与公务员,GOV,警察执法,交通警察,Traffic Police Officer,5412,33-3051.00,东南亚,马来西亚,MY,country,general,大专/本科,20-28,global,3.7,4.0,3.3,7.1,5.3,5.8,3.7,3.4,4.8,4.6,8.7,5.0,4.2,4.1,4.0,3.6,3.2,2.9,5.8,5.3,0.1,3.4,4.3,5.1,1.0,4.0,5.7,7.4,5.7,7.0,0.8,1.0,1.9,8.2,-1,-1,→,2028-2033,4.51,马来西亚交通警察：就业极其稳定，无法远程办公,"Malaysia Traffic Police Officer: extremely stable employment, no remote work possible",AI综合评估 + O*NET/ILO/OECD锚点校准
GOV-0704-PH-general,公共管理与公务员,GOV,警察执法,交通警察,Traffic Police Officer,5412,33-3051.00,东南亚,菲律宾,PH,country,general,大专/本科,20-28,global,4.1,3.8,3.3,7.1,5.4,5.6,4.1,3.3,3.6,3.9,8.0,4.7,4.3,4.5,4.1,3.4,2.8,3.3,5.4,4.7,0.7,3.6,4.2,4.5,0.9,4.4,5.3,7.7,6.0,7.0,1.0,1.2,1.7,8.6,-1,-1,→,2028-2033,4.31,菲律宾交通警察：就业稳定，薪资水平偏低，无法远程办公,"Philippines Traffic Police Officer: stable employment, relatively low pay, no remote work possible",AI综合评估 + O*NET/ILO/OECD锚点校准
GOV-0704-IN-general,公共管理与公务员,GOV,警察执法,交通警察,Traffic Police Officer,5412,33-3051.00,南亚,印度,IN,country,general,大专/本科,20-28,global,3.9,4.1,3.6,7.2,5.7,5.9,4.5,4.2,4.3,4.6,8.7,4.9,4.1,4.2,3.6,3.9,2.9,3.2,5.4,5.6,0.1,3.6,4.2,5.1,0.6,3.3,5.3,7.5,5.7,7.7,0.6,1.0,1.9,8.4,-1,0,→,2028-2033,4.48,印度交通警察：就业极其稳定，无法远程办公,"India Traffic Police Officer: extremely stable employment, no remote work possible",AI综合评估 + O*NET/ILO/OECD锚点校准
GOV-0704-PK-general,公共管理与公务员,GOV,警察执法,交通警察,Traffic Police Officer,5412,33-3051.00,南亚,巴基斯坦,PK,country,general,大专/本科,20-28,global,4.0,3.7,3.2,6.9,5.1,5.6,4.2,3.6,4.0,4.2,7.9,4.7,4.3,4.2,3.4,3.6,3.0,3.3,5.2,4.9,0.3,2.9,3.6,4.4,1.0,2.9,5.3,7.7,6.0,7.4,1.4,0.6,1.9,8.6,-1,-1,→,2028-2033,4.21,巴基斯坦交通警察：就业稳定，薪资水平偏低，无法远程办公,"Pakistan Traffic Police Officer: stable employment, relatively low pay, no remote work possible",AI综合评估 + O*NET/ILO/OECD锚点校准
GOV-0704-BD-general,公共管理与公务员,GOV,警察执法,交通警察,Traffic Police Officer,5412,33-3051.00,南亚,孟加拉国,BD,country,general,大专/本科,20-28,global,4.0,4.2,2.9,7.1,5.0,5.5,4.3,3.9,3.7,3.6,8.4,4.6,4.5,3.9,3.4,3.4,3.1,3.0,5.5,5.1,0.3,3.2,3.7,4.5,0.9,2.8,5.5,7.4,5.9,7.2,1.3,0.6,1.8,8.3,-1,-1,→,2028-2033,4.23,孟加拉国交通警察：就业稳定，薪资水平偏低，无法远程办公,"Bangladesh Traffic Police Officer: stable employment, relatively low pay, no remote work possible",AI综合评估 + O*NET/ILO/OECD锚点校准
GOV-0704-AE-general,公共管理与公务员,GOV,警察执法,交通警察,Traffic Police Officer,5412,33-3051.00,中亚/西亚,阿联酋,AE,country,general,大专/本科,20-28,global,4.0,3.7,3.4,7.4,5.4,5.4,3.8,3.2,6.2,5.7,9.5,5.6,4.4,4.4,3.9,3.6,2.9,2.8,5.7,6.3,0.4,3.9,4.5,5.2,1.0,4.1,5.7,7.5,5.8,6.6,1.0,0.9,2.3,8.8,-1,-1,→,2028-2033,4.75,阿联酋交通警察：就业极其稳定，无法远程办公,"United Arab Emirates Traffic Police Officer: extremely stable employment, no remote work possible",AI综合评估 + O*NET/ILO/OECD锚点校准
GOV-0704-IL-general,公共管理与公务员,GOV,警察执法,交通警察,Traffic Police Officer,5412,33-3051.00,中亚/西亚,以色列,IL,country,general,大专/本科,20-28,global,4.0,4.4,2.9,7.3,5.2,5.5,3.9,3.1,5.3,5.1,8.7,5.1,4.5,4.6,4.2,3.5,3.0,2.8,5.5,5.6,0.7,3.4,4.5,4.9,1.2,4.5,5.2,7.5,6.2,7.0,1.1,1.1,2.5,8.3,-1,-1,→,2028-2033,4.56,以色列交通警察：就业极其稳定，无法远程办公,"Israel Traffic Police Officer: extremely stable employment, no remote work possible",AI综合评估 + O*NET/ILO/OECD锚点校准
GOV-0704-SA-general,公共管理与公务员,GOV,警察执法,交通警察,Traffic Police Officer,5412,33-3051.00,中亚/西亚,沙特阿拉伯,SA,country,general,大专/本科,20-28,global,3.9,4.2,3.5,7.5,5.9,6.4,3.3,3.0,5.6,4.9,9.0,5.3,4.3,4.3,3.8,3.7,3.1,3.0,5.7,5.7,0.7,3.6,3.9,5.3,0.7,3.1,5.5,7.5,5.7,6.4,0.7,0.9,1.7,8.6,-1,0,→,2028-2033,4.58,沙特阿拉伯交通警察：就业极其稳定，无法远程办公,"Saudi Arabia Traffic Police Officer: extremely stable employment, no remote work possible",AI综合评估 + O*NET/ILO/OECD锚点校准
GOV-0704-TR-general,公共管理与公务员,GOV,警察执法,交通警察,Traffic Police Officer,5412,33-3051.00,中亚/西亚,土耳其,TR,country,general,大专/本科,20-28,global,3.9,4.1,3.0,7.1,5.1,6.2,3.9,3.5,3.9,4.4,8.4,4.9,4.1,3.8,3.9,3.4,3.2,3.3,5.8,5.5,0.1,3.4,3.9,4.7,1.0,3.7,5.4,7.2,6.0,7.4,1.2,1.1,1.9,8.5,-1,-1,→,2028-2033,4.33,土耳其交通警察：就业稳定，薪资水平偏低，无法远程办公,"Turkey Traffic Police Officer: stable employment, relatively low pay, no remote work possible",AI综合评估 + O*NET/ILO/OECD锚点校准
GOV-0704-GB-general,公共管理与公务员,GOV,警察执法,交通警察,Traffic Police Officer,5412,33-3051.00,西欧,英国,GB,country,general,大专/本科,20-28,global,3.9,4.0,3.1,7.1,5.1,5.2,3.7,3.5,4.9,4.7,9.3,5.4,4.6,5.3,4.3,3.8,3.1,2.5,5.6,6.1,0.7,4.0,4.9,5.3,0.9,4.9,5.9,7.4,6.2,6.8,0.7,1.3,2.5,8.7,-1,-1,→,2028-2033,4.71,英国交通警察：就业极其稳定，无法远程办公,"United Kingdom Traffic Police Officer: extremely stable employment, no remote work possible",AI综合评估 + O*NET/ILO/OECD锚点校准
GOV-0704-FR-general,公共管理与公务员,GOV,警察执法,交通警察,Traffic Police Officer,5412,33-3051.00,西欧,法国,FR,country,general,大专/本科,20-28,global,3.9,4.1,3.1,7.4,5.7,6.3,4.0,3.9,5.0,4.9,9.4,5.2,5.2,5.3,4.7,3.6,3.1,2.7,5.9,5.9,0.7,3.8,5.1,5.3,0.9,4.9,5.9,7.4,6.1,7.4,0.8,1.4,2.1,8.6,-1,0,→,2028-2033,4.79,法国交通警察：就业极其稳定，无法远程办公,"France Traffic Police Officer: extremely stable employment, no remote work possible",AI综合评估 + O*NET/ILO/OECD锚点校准
GOV-0704-DE-general,公共管理与公务员,GOV,警察执法,交通警察,Traffic Police Officer,5412,33-3051.00,西欧,德国,DE,country,general,大专/本科,20-28,global,4.0,4.5,3.2,7.3,4.7,5.4,4.1,3.7,5.0,5.2,9.7,5.5,5.1,5.3,4.8,3.8,3.3,2.9,5.9,6.3,0.5,3.8,5.1,5.8,1.0,4.4,6.0,7.6,6.2,7.4,0.6,1.4,2.4,8.7,-1,-1,→,2028-2033,4.79,德国交通警察：就业极其稳定，无法远程办公,"Germany Traffic Police Officer: extremely stable employment, no remote work possible",AI综合评估 + O*NET/ILO/OECD锚点校准
GOV-0704-NL-general,公共管理与公务员,GOV,警察执法,交通警察,Traffic Police Officer,5412,33-3051.00,西欧,荷兰,NL,country,general,大专/本科,20-28,global,4.3,4.0,3.3,7.7,4.9,5.3,3.9,3.3,5.3,5.4,9.4,5.5,5.0,5.7,4.5,3.4,3.0,2.8,5.4,6.0,1.0,4.1,5.4,5.7,1.2,5.4,6.1,7.8,5.9,6.6,0.6,1.5,2.3,8.4,-1,-1,→,2028-2033,4.83,荷兰交通警察：就业极其稳定，无法远程办公,"Netherlands Traffic Police Officer: extremely stable employment, no remote work possible",AI综合评估 + O*NET/ILO/OECD锚点校准
GOV-0704-CH-general,公共管理与公务员,GOV,警察执法,交通警察,Traffic Police Officer,5412,33-3051.00,西欧,瑞士,CH,country,general,大专/本科,20-28,global,4.2,4.0,2.8,7.7,4.6,4.6,4.1,3.6,6.1,5.4,10.0,5.9,4.9,5.5,4.6,3.7,3.0,2.8,5.9,6.3,1.0,4.0,5.2,6.0,1.0,4.6,5.9,7.4,5.8,7.0,0.9,1.3,2.0,8.6,-1,-2,↓,2028-2033,4.87,瑞士交通警察：就业极其稳定，无法远程办公，近年需求下降,"Switzerland Traffic Police Officer: extremely stable employment, no remote work possible, declining demand",AI综合评估 + O*NET/ILO/OECD锚点校准
GOV-0704-SE-general,公共管理与公务员,GOV,警察执法,交通警察,Traffic Police Officer,5412,33-3051.00,北欧,瑞典,SE,country,general,大专/本科,20-28,global,4.2,4.0,3.3,7.4,5.4,6.1,4.0,3.7,5.1,5.0,9.7,5.7,5.3,5.3,4.7,3.4,3.1,2.6,5.5,5.9,0.6,4.1,5.6,5.8,1.4,5.4,5.7,7.6,5.9,6.6,0.6,1.5,2.4,8.8,-1,-1,→,2028-2033,4.87,瑞典交通警察：就业极其稳定，无法远程办公,"Sweden Traffic Police Officer: extremely stable employment, no remote work possible",AI综合评估 + O*NET/ILO/OECD锚点校准
GOV-0704-DK-general,公共管理与公务员,GOV,警察执法,交通警察,Traffic Police Officer,5412,33-3051.00,北欧,丹麦,DK,country,general,大专/本科,20-28,global,4.0,3.9,3.1,7.5,5.4,6.0,3.5,3.2,5.5,5.2,10.0,5.6,5.1,5.9,4.8,3.7,3.4,2.5,5.6,6.4,1.1,4.1,5.7,5.7,1.2,5.8,5.7,7.6,6.1,7.0,0.7,1.3,2.2,8.6,-1,-1,→,2028-2033,4.94,丹麦交通警察：就业极其稳定，无法远程办公,"Denmark Traffic Police Officer: extremely stable employment, no remote work possible",AI综合评估 + O*NET/ILO/OECD锚点校准
GOV-0704-FI-general,公共管理与公务员,GOV,警察执法,交通警察,Traffic Police Officer,5412,33-3051.00,北欧,芬兰,FI,country,general,大专/本科,20-28,global,4.4,4.1,3.5,7.6,4.8,5.6,3.5,3.1,5.1,4.9,9.7,5.9,5.3,5.5,4.8,3.7,3.3,2.7,5.7,6.1,0.7,4.1,5.5,6.0,1.4,5.4,5.7,7.3,6.0,6.9,1.1,1.3,2.4,8.2,-1,-1,→,2028-2033,4.84,芬兰交通警察：就业极其稳定，无法远程办公,"Finland Traffic Police Officer: extremely stable employment, no remote work possible",AI综合评估 + O*NET/ILO/OECD锚点校准
GOV-0704-IT-general,公共管理与公务员,GOV,警察执法,交通警察,Traffic Police Officer,5412,33-3051.00,南欧,意大利,IT,country,general,大专/本科,20-28,global,4.1,4.4,2.9,6.9,5.5,6.0,4.0,3.8,4.8,4.8,9.1,5.2,4.5,4.6,3.9,3.3,3.2,2.8,5.7,5.8,0.6,3.8,4.4,5.0,1.1,4.0,5.9,7.6,6.3,7.3,0.8,1.0,2.3,8.5,-1,-1,→,2028-2033,4.58,意大利交通警察：就业极其稳定，无法远程办公,"Italy Traffic Police Officer: extremely stable employment, no remote work possible",AI综合评估 + O*NET/ILO/OECD锚点校准
GOV-0704-ES-general,公共管理与公务员,GOV,警察执法,交通警察,Traffic Police Officer,5412,33-3051.00,南欧,西班牙,ES,country,general,大专/本科,20-28,global,4.2,4.2,2.9,7.2,5.4,5.4,4.6,3.6,4.5,4.9,8.7,5.2,4.8,5.0,4.0,3.7,3.3,2.7,5.6,6.1,0.8,3.8,5.0,5.6,0.7,4.3,5.4,7.6,5.8,7.5,0.8,0.9,2.2,8.3,-1,-1,→,2028-2033,4.65,西班牙交通警察：就业极其稳定，无法远程办公,"Spain Traffic Police Officer: extremely stable employment, no remote work possible",AI综合评估 + O*NET/ILO/OECD锚点校准
GOV-0704-PT-general,公共管理与公务员,GOV,警察执法,交通警察,Traffic Police Officer,5412,33-3051.00,南欧,葡萄牙,PT,country,general,大专/本科,20-28,global,4.3,4.1,2.8,7.2,4.7,5.8,3.8,3.3,4.6,4.4,8.9,5.4,4.5,5.0,4.0,3.5,3.3,2.9,5.3,5.7,0.4,3.7,5.1,5.3,1.2,4.5,5.4,7.2,6.3,7.0,0.8,1.0,2.2,8.7,-1,-1,→,2028-2033,4.51,葡萄牙交通警察：就业极其稳定，无法远程办公,"Portugal Traffic Police Officer: extremely stable employment, no remote work possible",AI综合评估 + O*NET/ILO/OECD锚点校准
GOV-0704-PL-general,公共管理与公务员,GOV,警察执法,交通警察,Traffic Police Officer,5412,33-3051.00,东欧,波兰,PL,country,general,大专/本科,20-28,global,3.9,3.9,3.2,7.0,5.0,5.4,3.6,3.3,4.4,4.6,9.0,5.2,4.6,5.1,4.2,3.6,2.9,3.0,5.6,5.3,0.7,3.8,5.1,5.2,1.1,4.2,5.7,7.2,6.3,6.8,1.2,0.9,2.3,8.3,-1,-1,→,2028-2033,4.54,波兰交通警察：就业极其稳定，无法远程办公,"Poland Traffic Police Officer: extremely stable employment, no remote work possible",AI综合评估 + O*NET/ILO/OECD锚点校准
GOV-0704-CZ-general,公共管理与公务员,GOV,警察执法,交通警察,Traffic Police Officer,5412,33-3051.00,东欧,捷克,CZ,country,general,大专/本科,20-28,global,4.0,3.9,2.8,7.1,5.0,5.5,3.7,3.3,4.7,5.0,9.1,5.2,4.6,5.3,4.2,3.7,3.2,2.7,5.7,5.4,0.9,4.0,5.0,5.1,1.3,4.5,5.5,7.3,6.3,7.1,1.2,1.3,2.2,8.5,-1,-1,→,2028-2033,4.62,捷克交通警察：就业极其稳定，无法远程办公,"Czech Republic Traffic Police Officer: extremely stable employment, no remote work possible",AI综合评估 + O*NET/ILO/OECD锚点校准
GOV-0704-RU-general,公共管理与公务员,GOV,警察执法,交通警察,Traffic Police Officer,5412,33-3051.00,东欧,俄罗斯,RU,country,general,大专/本科,20-28,global,4.2,4.2,3.1,6.7,5.5,6.2,3.6,3.2,4.0,4.2,8.5,4.7,4.4,4.1,3.9,3.6,2.9,3.3,5.4,4.8,0.2,3.0,4.2,4.3,0.8,4.2,5.4,7.6,6.2,6.9,1.1,1.1,2.0,8.8,-1,0,→,2028-2033,4.27,俄罗斯交通警察：就业极其稳定，薪资水平偏低，无法远程办公,"Russia Traffic Police Officer: extremely stable employment, relatively low pay, no remote work possible",AI综合评估 + O*NET/ILO/OECD锚点校准
GOV-0704-US-general,公共管理与公务员,GOV,警察执法,交通警察,Traffic Police Officer,5412,33-3051.00,北美,美国,US,country,general,大专/本科,20-28,global,4.0,4.2,3.2,7.0,4.8,5.0,4.1,3.6,5.6,4.9,9.4,5.1,4.7,4.2,4.0,3.9,3.3,2.8,5.7,5.8,0.7,4.0,4.6,5.2,1.4,4.7,5.8,7.3,6.1,6.8,0.8,1.3,2.0,8.5,-1,-1,→,2028-2033,4.67,美国交通警察：就业极其稳定，无法远程办公,"United States Traffic Police Officer: extremely stable employment, no remote work possible",AI综合评估 + O*NET/ILO/OECD锚点校准
GOV-0704-CA-general,公共管理与公务员,GOV,警察执法,交通警察,Traffic Police Officer,5412,33-3051.00,北美,加拿大,CA,country,general,大专/本科,20-28,global,4.0,3.9,3.2,7.4,4.7,5.3,4.2,3.6,5.6,5.2,9.3,5.5,4.6,5.0,4.2,3.8,3.4,2.6,5.8,5.8,0.8,4.1,5.4,5.5,1.2,5.0,5.5,7.5,5.7,7.1,0.5,1.3,2.3,8.3,-1,-1,→,2028-2033,4.82,加拿大交通警察：就业极其稳定，无法远程办公,"Canada Traffic Police Officer: extremely stable employment, no remote work possible",AI综合评估 + O*NET/ILO/OECD锚点校准
GOV-0704-MX-general,公共管理与公务员,GOV,警察执法,交通警察,Traffic Police Officer,5412,33-3051.00,北美,墨西哥,MX,country,general,大专/本科,20-28,global,4.1,3.9,2.8,6.7,4.9,5.5,3.9,3.3,4.0,4.4,8.2,4.6,4.5,4.6,3.6,3.7,2.8,3.4,5.6,4.6,0.4,3.6,4.5,4.3,1.0,4.1,5.4,7.4,5.8,6.5,1.1,0.7,2.2,8.6,-1,-1,→,2028-2033,4.3,墨西哥交通警察：就业稳定，薪资水平偏低，无法远程办公,"Mexico Traffic Police Officer: stable employment, relatively low pay, no remote work possible",AI综合评估 + O*NET/ILO/OECD锚点校准
GOV-0704-BR-general,公共管理与公务员,GOV,警察执法,交通警察,Traffic Police Officer,5412,33-3051.00,南美,巴西,BR,country,general,大专/本科,20-28,global,4.3,4.4,3.1,7.4,5.2,6.2,4.2,3.9,4.6,4.6,8.6,4.7,4.7,4.3,3.8,3.7,2.8,2.9,5.3,5.5,0.7,3.2,4.7,4.6,0.9,3.8,5.6,7.7,6.2,7.1,0.8,0.8,2.0,8.5,-1,0,→,2028-2033,4.47,巴西交通警察：就业极其稳定，无法远程办公,"Brazil Traffic Police Officer: extremely stable employment, no remote work possible",AI综合评估 + O*NET/ILO/OECD锚点校准
GOV-0704-AR-general,公共管理与公务员,GOV,警察执法,交通警察,Traffic Police Officer,5412,33-3051.00,南美,阿根廷,AR,country,general,大专/本科,20-28,global,4.0,3.7,3.0,6.6,5.5,6.3,3.6,3.5,3.8,4.0,7.9,4.7,4.2,4.2,3.7,3.3,3.0,3.0,5.6,5.0,0.7,3.4,4.3,4.5,1.0,3.9,5.3,7.5,5.8,6.4,0.9,1.1,2.2,8.6,-2,0,→,2028-2033,4.34,阿根廷交通警察：就业稳定，薪资水平偏低，无法远程办公,"Argentina Traffic Police Officer: stable employment, relatively low pay, no remote work possible",AI综合评估 + O*NET/ILO/OECD锚点校准
GOV-0704-CL-general,公共管理与公务员,GOV,警察执法,交通警察,Traffic Police Officer,5412,33-3051.00,南美,智利,CL,country,general,大专/本科,20-28,global,4.0,3.9,3.0,7.4,5.0,5.2,4.1,3.3,4.5,4.7,8.5,5.1,4.2,4.7,4.1,3.2,3.1,3.0,5.6,5.6,0.6,3.7,4.4,5.2,1.3,4.1,5.7,7.3,6.1,6.9,1.1,1.2,1.7,8.3,-1,-1,→,2028-2033,4.5,智利交通警察：就业极其稳定，无法远程办公,"Chile Traffic Police Officer: extremely stable employment, no remote work possible",AI综合评估 + O*NET/ILO/OECD锚点校准
GOV-0704-CO-general,公共管理与公务员,GOV,警察执法,交通警察,Traffic Police Officer,5412,33-3051.00,南美,哥伦比亚,CO,country,general,大专/本科,20-28,global,3.8,3.7,3.3,7.0,5.3,5.7,4.0,3.5,4.0,4.1,8.2,4.6,4.6,4.4,3.8,3.5,3.2,3.2,5.4,5.0,0.4,3.2,4.1,4.6,0.8,3.6,5.3,7.7,5.8,6.6,0.9,1.2,1.6,8.4,-1,-1,→,2028-2033,4.35,哥伦比亚交通警察：就业稳定，薪资水平偏低，无法远程办公,"Colombia Traffic Police Officer: stable employment, relatively low pay, no remote work possible",AI综合评估 + O*NET/ILO/OECD锚点校准
GOV-0704-AU-general,公共管理与公务员,GOV,警察执法,交通警察,Traffic Police Officer,5412,33-3051.00,大洋洲,澳大利亚,AU,country,general,大专/本科,20-28,global,4.3,4.2,3.1,7.2,4.8,5.1,3.6,3.2,5.5,4.9,9.3,5.7,5.1,5.5,4.5,3.6,3.0,2.6,5.3,5.8,0.9,4.0,5.2,5.5,1.4,5.2,5.7,7.7,5.9,6.8,0.9,1.4,2.3,8.5,-1,-1,→,2028-2033,4.74,澳大利亚交通警察：就业极其稳定，无法远程办公,"Australia Traffic Police Officer: extremely stable employment, no remote work possible",AI综合评估 + O*NET/ILO/OECD锚点校准
GOV-0704-NZ-general,公共管理与公务员,GOV,警察执法,交通警察,Traffic Police Officer,5412,33-3051.00,大洋洲,新西兰,NZ,country,general,大专/本科,20-28,global,4.0,4.1,2.8,7.3,4.9,5.0,4.1,3.5,4.8,4.9,9.7,5.7,5.1,5.2,4.4,3.5,3.2,2.5,5.8,6.0,0.8,4.2,5.7,5.8,1.5,5.3,5.9,7.7,6.3,6.5,0.8,1.4,2.2,8.3,-1,-1,→,2028-2033,4.82,新西兰交通警察：就业极其稳定，无法远程办公,"New Zealand Traffic Police Officer: extremely stable employment, no remote work possible",AI综合评估 + O*NET/ILO/OECD锚点校准
GOV-0704-ZA-general,公共管理与公务员,GOV,警察执法,交通警察,Traffic Police Officer,5412,33-3051.00,非洲,南非,ZA,country,general,大专/本科,20-28,global,4.1,4.1,3.2,6.7,5.3,5.6,3.9,3.5,4.1,4.3,8.1,4.7,4.3,4.1,3.9,3.2,3.0,2.9,5.5,5.2,0.6,3.0,4.4,4.6,0.6,4.1,5.1,7.7,6.1,6.6,1.3,1.2,1.8,8.2,-1,-1,→,2028-2033,4.34,南非交通警察：就业稳定，无法远程办公,"South Africa Traffic Police Officer: stable employment, no remote work possible",AI综合评估 + O*NET/ILO/OECD锚点校准
GOV-0704-NG-general,公共管理与公务员,GOV,警察执法,交通警察,Traffic Police Officer,5412,33-3051.00,非洲,尼日利亚,NG,country,general,大专/本科,20-28,global,3.8,3.7,3.0,6.9,5.3,6.0,3.4,3.3,3.6,3.7,7.4,4.3,4.3,4.0,3.5,3.6,2.6,3.3,5.7,4.5,0.2,3.2,3.8,4.2,0.8,3.3,5.4,7.3,5.8,6.5,1.3,1.0,1.7,8.5,-2,-1,→,2028-2033,4.14,尼日利亚交通警察：薪资水平偏低，职业安全风险高，无法远程办公,"Nigeria Traffic Police Officer: relatively low pay, high safety risk, no remote work possible",AI综合评估 + O*NET/ILO/OECD锚点校准
GOV-0704-KE-general,公共管理与公务员,GOV,警察执法,交通警察,Traffic Police Officer,5412,33-3051.00,非洲,肯尼亚,KE,country,general,大专/本科,20-28,global,4.2,3.8,3.1,6.9,5.1,5.9,4.0,3.3,3.8,3.8,7.6,4.7,4.3,4.1,3.8,3.3,3.1,3.1,5.4,4.5,0.6,3.3,4.0,4.7,1.2,3.9,5.5,7.6,5.7,6.7,1.2,0.7,1.6,8.8,-2,-1,→,2028-2033,4.24,肯尼亚交通警察：就业稳定，薪资水平偏低，无法远程办公,"Kenya Traffic Police Officer: stable employment, relatively low pay, no remote work possible",AI综合评估 + O*NET/ILO/OECD锚点校准
GOV-0704-EG-general,公共管理与公务员,GOV,警察执法,交通警察,Traffic Police Officer,5412,33-3051.00,非洲,埃及,EG,country,general,大专/本科,20-28,global,4.0,4.0,3.3,6.9,5.8,6.2,3.9,3.5,3.5,4.3,7.9,4.9,4.1,4.3,3.7,3.5,2.9,3.1,5.5,4.9,0.3,3.3,3.9,4.9,1.0,3.1,5.2,7.4,5.8,6.9,1.2,0.7,1.6,8.8,-1,0,→,2028-2033,4.28,埃及交通警察：就业稳定，薪资水平偏低，无法远程办公,"Egypt Traffic Police Officer: stable employment, relatively low pay, no remote work possible",AI综合评估 + O*NET/ILO/OECD锚点校准
GOV-0705-CN-general,公共管理与公务员,GOV,警察执法,网络警察,Cybercrime Police Officer,5412,33-3021.00,东亚,中国,CN,country,general,本科/硕士,22-28,global,6.8,6.5,6.2,8.1,5.7,4.7,6.9,6.4,6.5,5.8,9.1,8.5,6.2,3.7,3.9,6.3,5.4,2.2,5.5,7.8,4.1,4.5,4.0,7.4,2.2,4.9,5.0,5.2,1.6,8.8,1.0,0.8,4.0,8.4,2,4,↑↑,2028-2033,5.5,中国网络警察：就业极其稳定，准入门槛高，近年需求增长,"China Cybercrime Police Officer: extremely stable employment, high entry barrier, growing demand",AI综合评估 + O*NET/ILO/OECD锚点校准
GOV-0705-JP-general,公共管理与公务员,GOV,警察执法,网络警察,Cybercrime Police Officer,5412,33-3021.00,东亚,日本,JP,country,general,本科/硕士,22-28,global,6.7,6.2,6.1,8.1,5.3,4.0,7.2,6.3,7.1,6.5,9.4,8.8,6.6,4.1,4.6,6.6,5.7,2.0,5.6,8.1,4.6,5.3,5.1,7.2,1.9,4.8,5.3,5.4,1.6,8.5,1.5,1.0,4.2,8.6,2,3,↑,2028-2033,5.73,日本网络警察：就业极其稳定，准入门槛高，近年需求增长,"Japan Cybercrime Police Officer: extremely stable employment, high entry barrier, growing demand",AI综合评估 + O*NET/ILO/OECD锚点校准
GOV-0705-KR-general,公共管理与公务员,GOV,警察执法,网络警察,Cybercrime Police Officer,5412,33-3021.00,东亚,韩国,KR,country,general,本科/硕士,22-28,global,6.9,6.3,5.9,7.8,4.8,3.5,6.8,6.5,7.3,5.7,9.0,8.4,6.1,4.4,4.1,6.7,5.4,1.7,5.7,8.1,4.6,5.0,4.7,7.3,2.1,4.6,5.5,5.8,1.8,8.8,1.5,1.3,4.1,8.5,2,3,↑,2028-2033,5.61,韩国网络警察：就业极其稳定，准入门槛高，近年需求增长,"South Korea Cybercrime Police Officer: extremely stable employment, high entry barrier, growing demand",AI综合评估 + O*NET/ILO/OECD锚点校准
GOV-0705-TW-general,公共管理与公务员,GOV,警察执法,网络警察,Cybercrime Police Officer,5412,33-3021.00,东亚,中国台湾地区,TW,region,general,本科/硕士,22-28,global,6.4,6.0,5.9,7.9,5.2,3.6,7.0,6.1,7.0,5.6,8.8,8.4,6.5,4.2,4.1,6.6,5.8,1.7,5.8,7.9,4.3,5.4,5.0,7.7,1.9,5.3,5.6,5.2,1.4,8.3,1.4,1.3,4.1,8.4,2,3,↑,2028-2033,5.67,中国台湾地区网络警察：就业极其稳定，准入门槛高，近年需求增长,"Taiwan (China) Cybercrime Police Officer: extremely stable employment, high entry barrier, growing demand",AI综合评估 + O*NET/ILO/OECD锚点校准
GOV-0705-HK-general,公共管理与公务员,GOV,警察执法,网络警察,Cybercrime Police Officer,5412,33-3021.00,东亚,中国香港地区,HK,region,general,本科/硕士,22-28,global,6.5,5.9,5.7,7.7,4.7,3.2,6.8,6.0,7.6,6.0,8.9,8.1,6.0,4.4,4.1,6.5,5.8,1.8,5.5,7.0,4.1,5.3,4.7,7.6,2.3,5.3,5.4,5.3,1.5,8.1,1.6,1.2,4.2,8.7,2,3,↑,2028-2033,5.58,中国香港地区网络警察：就业极其稳定，薪资回报高，准入门槛高,"Hong Kong (China) Cybercrime Police Officer: extremely stable employment, high compensation, high entry barrier",AI综合评估 + O*NET/ILO/OECD锚点校准
GOV-0705-SG-general,公共管理与公务员,GOV,警察执法,网络警察,Cybercrime Police Officer,5412,33-3021.00,东南亚,新加坡,SG,country,general,本科/硕士,22-28,global,6.7,6.5,6.2,8.0,4.9,2.8,6.5,5.9,8.2,6.5,10.0,8.9,6.3,4.4,4.4,6.8,5.6,1.7,5.5,8.1,4.2,5.2,4.5,8.2,2.0,5.6,5.1,5.5,1.4,8.3,1.4,1.2,4.7,8.5,2,2,↑,2028-2033,5.78,新加坡网络警察：就业极其稳定，薪资回报高，准入门槛高,"Singapore Cybercrime Police Officer: extremely stable employment, high compensation, high entry barrier",AI综合评估 + O*NET/ILO/OECD锚点校准
GOV-0705-TH-general,公共管理与公务员,GOV,警察执法,网络警察,Cybercrime Police Officer,5412,33-3021.00,东南亚,泰国,TH,country,general,本科/硕士,22-28,global,6.5,5.6,6.1,7.4,5.1,3.6,6.0,6.0,6.3,5.2,8.1,8.0,6.6,4.7,4.4,6.7,5.3,2.1,5.6,7.0,4.6,4.9,5.1,6.6,1.8,5.3,5.5,5.6,1.8,7.8,1.4,0.9,3.8,8.6,2,3,↑,2028-2033,5.44,泰国网络警察：就业稳定，近年需求增长,"Thailand Cybercrime Police Officer: stable employment, growing demand",AI综合评估 + O*NET/ILO/OECD锚点校准
GOV-0705-VN-general,公共管理与公务员,GOV,警察执法,网络警察,Cybercrime Police Officer,5412,33-3021.00,东南亚,越南,VN,country,general,本科/硕士,22-28,global,6.7,6.3,6.4,7.7,5.8,4.3,6.7,6.0,5.7,5.5,8.1,8.2,6.3,4.2,4.7,6.2,5.4,2.0,5.3,6.9,4.6,4.7,5.1,6.7,1.8,4.8,5.1,5.2,1.7,8.4,1.7,1.0,4.0,8.7,2,4,↑↑,2028-2033,5.4,越南网络警察：就业稳定，准入门槛高，近年需求增长,"Vietnam Cybercrime Police Officer: stable employment, high entry barrier, growing demand",AI综合评估 + O*NET/ILO/OECD锚点校准
GOV-0705-ID-general,公共管理与公务员,GOV,警察执法,网络警察,Cybercrime Police Officer,5412,33-3021.00,东南亚,印度尼西亚,ID,country,general,本科/硕士,22-28,global,6.6,6.0,6.3,7.6,5.0,3.7,6.3,5.6,5.9,5.4,7.5,7.7,6.6,4.5,4.1,6.4,5.7,2.2,5.3,6.3,4.1,4.8,4.9,6.5,2.1,5.0,5.3,5.3,1.3,7.6,1.4,0.6,3.8,8.4,2,3,↑,2028-2033,5.3,印度尼西亚网络警察：就业稳定，近年需求增长,"Indonesia Cybercrime Police Officer: stable employment, growing demand",AI综合评估 + O*NET/ILO/OECD锚点校准
GOV-0705-MY-general,公共管理与公务员,GOV,警察执法,网络警察,Cybercrime Police Officer,5412,33-3021.00,东南亚,马来西亚,MY,country,general,本科/硕士,22-28,global,6.4,6.3,6.3,7.5,5.3,3.9,6.6,5.9,6.6,5.7,8.2,8.0,6.6,4.0,4.6,6.7,5.3,2.1,5.5,7.2,4.1,5.2,4.6,6.8,1.8,5.1,5.4,5.4,1.4,7.7,1.5,1.1,3.7,8.3,2,3,↑,2028-2033,5.47,马来西亚网络警察：就业稳定，近年需求增长,"Malaysia Cybercrime Police Officer: stable employment, growing demand",AI综合评估 + O*NET/ILO/OECD锚点校准
GOV-0705-PH-general,公共管理与公务员,GOV,警察执法,网络警察,Cybercrime Police Officer,5412,33-3021.00,东南亚,菲律宾,PH,country,general,本科/硕士,22-28,global,6.4,5.9,6.3,7.3,5.3,3.6,6.5,5.9,5.6,5.2,7.5,7.7,6.2,4.3,4.3,6.4,5.2,2.4,5.7,6.1,4.4,4.7,5.1,6.6,2.1,5.5,5.2,5.5,1.4,7.6,1.4,1.2,4.0,8.8,2,3,↑,2028-2033,5.32,菲律宾网络警察：就业稳定，近年需求增长,"Philippines Cybercrime Police Officer: stable employment, growing demand",AI综合评估 + O*NET/ILO/OECD锚点校准
GOV-0705-IN-general,公共管理与公务员,GOV,警察执法,网络警察,Cybercrime Police Officer,5412,33-3021.00,南亚,印度,IN,country,general,本科/硕士,22-28,global,6.4,6.4,6.5,7.8,5.5,3.9,6.7,6.6,6.8,5.9,8.4,7.9,6.6,4.2,4.4,6.4,5.4,2.1,5.4,7.5,4.5,4.6,4.7,6.8,2.1,4.7,5.5,5.2,1.5,8.4,1.1,0.6,4.1,8.4,2,4,↑↑,2028-2033,5.53,印度网络警察：就业稳定，准入门槛高，近年需求增长,"India Cybercrime Police Officer: stable employment, high entry barrier, growing demand",AI综合评估 + O*NET/ILO/OECD锚点校准
GOV-0705-PK-general,公共管理与公务员,GOV,警察执法,网络警察,Cybercrime Police Officer,5412,33-3021.00,南亚,巴基斯坦,PK,country,general,本科/硕士,22-28,global,6.1,6.0,6.2,7.4,5.6,3.6,6.3,6.0,5.6,4.9,7.4,7.7,5.9,3.7,4.2,6.7,5.3,2.0,5.7,6.4,4.1,4.4,4.3,6.7,2.1,3.6,5.4,5.3,1.3,8.2,1.7,0.7,4.0,8.6,2,3,↑,2028-2033,5.23,巴基斯坦网络警察：准入门槛高，近年需求增长,"Pakistan Cybercrime Police Officer: high entry barrier, growing demand",AI综合评估 + O*NET/ILO/OECD锚点校准
GOV-0705-BD-general,公共管理与公务员,GOV,警察执法,网络警察,Cybercrime Police Officer,5412,33-3021.00,南亚,孟加拉国,BD,country,general,本科/硕士,22-28,global,6.2,5.7,6.2,7.2,5.1,3.9,6.7,5.8,5.5,5.1,7.6,7.7,6.1,4.1,4.0,6.2,5.5,2.2,5.3,6.6,4.3,4.3,4.3,6.3,2.2,4.4,5.5,5.8,1.6,7.8,1.5,1.0,3.7,8.3,2,3,↑,2028-2033,5.25,孟加拉国网络警察：就业稳定，近年需求增长,"Bangladesh Cybercrime Police Officer: stable employment, growing demand",AI综合评估 + O*NET/ILO/OECD锚点校准
GOV-0705-AE-general,公共管理与公务员,GOV,警察执法,网络警察,Cybercrime Police Officer,5412,33-3021.00,中亚/西亚,阿联酋,AE,country,general,本科/硕士,22-28,global,6.3,5.9,6.5,7.7,5.3,4.0,5.8,5.7,8.1,6.5,9.4,8.7,6.1,4.1,4.4,6.6,5.6,2.0,5.4,7.3,4.3,5.0,4.9,7.8,2.3,5.1,5.4,5.2,1.4,7.5,1.2,1.1,4.0,8.6,2,3,↑,2028-2033,5.69,阿联酋网络警察：就业极其稳定，薪资回报高，近年需求增长,"United Arab Emirates Cybercrime Police Officer: extremely stable employment, high compensation, growing demand",AI综合评估 + O*NET/ILO/OECD锚点校准
GOV-0705-IL-general,公共管理与公务员,GOV,警察执法,网络警察,Cybercrime Police Officer,5412,33-3021.00,中亚/西亚,以色列,IL,country,general,本科/硕士,22-28,global,6.7,6.1,6.1,7.5,4.9,3.7,6.6,6.1,7.2,6.0,8.6,8.3,6.4,4.3,4.8,6.9,5.8,2.1,5.5,7.4,4.2,5.4,5.1,7.1,2.2,5.8,5.4,5.6,1.7,7.7,1.2,1.4,4.3,8.2,2,3,↑,2028-2033,5.65,以色列网络警察：就业极其稳定，近年需求增长,"Israel Cybercrime Police Officer: extremely stable employment, growing demand",AI综合评估 + O*NET/ILO/OECD锚点校准
GOV-0705-SA-general,公共管理与公务员,GOV,警察执法,网络警察,Cybercrime Police Officer,5412,33-3021.00,中亚/西亚,沙特阿拉伯,SA,country,general,本科/硕士,22-28,global,6.7,5.7,6.4,7.7,5.7,4.2,5.9,5.9,7.7,6.1,8.5,8.5,6.0,4.4,4.3,6.6,5.6,1.8,5.3,7.2,4.5,5.1,4.8,7.0,2.0,4.3,5.5,5.7,1.6,7.5,1.2,0.8,3.6,8.9,2,4,↑↑,2028-2033,5.59,沙特阿拉伯网络警察：就业极其稳定，薪资回报高，近年需求增长,"Saudi Arabia Cybercrime Police Officer: extremely stable employment, high compensation, growing demand",AI综合评估 + O*NET/ILO/OECD锚点校准
GOV-0705-TR-general,公共管理与公务员,GOV,警察执法,网络警察,Cybercrime Police Officer,5412,33-3021.00,中亚/西亚,土耳其,TR,country,general,本科/硕士,22-28,global,6.5,5.9,6.2,7.7,5.5,3.7,6.7,5.9,6.2,5.0,7.6,7.9,6.2,4.3,4.4,6.5,5.4,1.9,5.6,7.3,4.5,4.6,4.7,7.0,1.8,4.6,5.5,5.5,1.3,8.5,1.8,0.7,4.0,8.3,2,3,↑,2028-2033,5.4,土耳其网络警察：就业稳定，准入门槛高，近年需求增长,"Turkey Cybercrime Police Officer: stable employment, high entry barrier, growing demand",AI综合评估 + O*NET/ILO/OECD锚点校准
GOV-0705-GB-general,公共管理与公务员,GOV,警察执法,网络警察,Cybercrime Police Officer,5412,33-3021.00,西欧,英国,GB,country,general,本科/硕士,22-28,global,6.5,6.2,5.9,7.8,5.2,3.5,6.2,5.8,6.8,6.1,8.7,8.4,6.8,5.3,5.1,6.9,5.7,1.7,5.4,7.4,4.5,5.3,5.4,7.7,2.1,5.7,5.9,5.4,1.7,7.9,1.2,1.0,4.3,8.8,2,3,↑,2028-2033,5.69,英国网络警察：就业极其稳定，近年需求增长,"United Kingdom Cybercrime Police Officer: extremely stable employment, growing demand",AI综合评估 + O*NET/ILO/OECD锚点校准
GOV-0705-FR-general,公共管理与公务员,GOV,警察执法,网络警察,Cybercrime Police Officer,5412,33-3021.00,西欧,法国,FR,country,general,本科/硕士,22-28,global,6.5,6.0,6.4,8.1,5.7,4.4,6.5,6.1,6.7,6.0,8.9,8.2,7.0,4.9,4.9,6.5,5.6,1.8,5.6,7.7,4.9,5.7,5.9,7.3,1.9,5.4,6.0,5.3,1.4,8.6,1.5,0.9,4.0,8.7,2,4,↑↑,2028-2033,5.75,法国网络警察：就业极其稳定，准入门槛高，近年需求增长,"France Cybercrime Police Officer: extremely stable employment, high entry barrier, growing demand",AI综合评估 + O*NET/ILO/OECD锚点校准
GOV-0705-DE-general,公共管理与公务员,GOV,警察执法,网络警察,Cybercrime Police Officer,5412,33-3021.00,西欧,德国,DE,country,general,本科/硕士,22-28,global,6.9,6.1,6.4,8.1,5.1,3.7,6.4,6.3,7.1,6.2,9.2,8.5,7.0,5.6,5.2,6.5,5.6,1.8,5.9,7.8,5.1,5.7,6.1,7.5,2.1,5.9,5.6,5.6,1.7,8.0,1.3,0.9,4.0,8.6,2,3,↑,2028-2033,5.86,德国网络警察：就业极其稳定，准入门槛高，近年需求增长,"Germany Cybercrime Police Officer: extremely stable employment, high entry barrier, growing demand",AI综合评估 + O*NET/ILO/OECD锚点校准
GOV-0705-NL-general,公共管理与公务员,GOV,警察执法,网络警察,Cybercrime Police Officer,5412,33-3021.00,西欧,荷兰,NL,country,general,本科/硕士,22-28,global,6.9,6.2,6.0,7.8,5.1,3.4,6.7,5.7,7.5,6.3,9.1,8.5,7.0,5.5,5.4,6.6,5.5,1.8,5.9,7.5,4.6,5.8,5.8,7.5,1.9,6.4,5.7,5.5,1.3,8.1,1.7,1.4,4.3,8.3,2,3,↑,2028-2033,5.83,荷兰网络警察：就业极其稳定，薪资回报高，准入门槛高,"Netherlands Cybercrime Police Officer: extremely stable employment, high compensation, high entry barrier",AI综合评估 + O*NET/ILO/OECD锚点校准
GOV-0705-CH-general,公共管理与公务员,GOV,警察执法,网络警察,Cybercrime Police Officer,5412,33-3021.00,西欧,瑞士,CH,country,general,本科/硕士,22-28,global,6.6,6.3,5.7,8.3,4.9,2.9,6.4,6.1,7.9,6.3,9.5,8.7,6.7,5.6,5.0,6.6,5.8,1.8,5.7,7.7,4.9,5.9,5.8,7.9,2.4,5.8,5.6,5.7,1.3,7.6,1.3,1.3,4.3,8.7,2,2,↑,2028-2033,5.89,瑞士网络警察：就业极其稳定，薪资回报高,"Switzerland Cybercrime Police Officer: extremely stable employment, high compensation",AI综合评估 + O*NET/ILO/OECD锚点校准
GOV-0705-SE-general,公共管理与公务员,GOV,警察执法,网络警察,Cybercrime Police Officer,5412,33-3021.00,北欧,瑞典,SE,country,general,本科/硕士,22-28,global,6.5,6.3,6.3,8.0,5.0,4.1,6.0,5.7,7.1,6.3,9.3,8.8,7.0,5.8,5.2,6.8,5.9,1.5,5.8,7.7,5.2,5.8,6.1,7.6,2.0,6.8,6.0,5.7,1.5,8.0,1.6,1.0,4.2,8.6,2,3,↑,2028-2033,5.91,瑞典网络警察：就业极其稳定，准入门槛高，近年需求增长,"Sweden Cybercrime Police Officer: extremely stable employment, high entry barrier, growing demand",AI综合评估 + O*NET/ILO/OECD锚点校准
GOV-0705-DK-general,公共管理与公务员,GOV,警察执法,网络警察,Cybercrime Police Officer,5412,33-3021.00,北欧,丹麦,DK,country,general,本科/硕士,22-28,global,6.6,6.3,6.2,7.9,5.4,3.8,6.4,6.2,7.4,6.5,9.5,8.7,7.3,5.7,5.1,7.0,6.1,1.5,5.3,7.6,4.8,5.8,6.0,7.7,2.2,6.5,5.9,5.6,1.5,8.0,1.1,1.1,4.4,8.6,2,3,↑,2028-2033,5.95,丹麦网络警察：就业极其稳定，准入门槛高，近年需求增长,"Denmark Cybercrime Police Officer: extremely stable employment, high entry barrier, growing demand",AI综合评估 + O*NET/ILO/OECD锚点校准
GOV-0705-FI-general,公共管理与公务员,GOV,警察执法,网络警察,Cybercrime Police Officer,5412,33-3021.00,北欧,芬兰,FI,country,general,本科/硕士,22-28,global,6.6,6.0,6.0,8.1,5.1,3.9,6.4,5.7,7.2,5.9,9.2,8.9,6.8,5.8,5.1,6.8,5.9,1.6,5.6,7.6,5.1,5.4,6.3,7.5,2.4,6.4,5.7,5.7,1.3,7.9,1.6,0.9,4.1,8.4,2,3,↑,2028-2033,5.87,芬兰网络警察：就业极其稳定，近年需求增长,"Finland Cybercrime Police Officer: extremely stable employment, growing demand",AI综合评估 + O*NET/ILO/OECD锚点校准
GOV-0705-IT-general,公共管理与公务员,GOV,警察执法,网络警察,Cybercrime Police Officer,5412,33-3021.00,南欧,意大利,IT,country,general,本科/硕士,22-28,global,6.6,6.2,6.5,7.5,5.2,3.7,6.8,6.1,6.6,5.8,8.3,8.1,6.7,4.9,4.8,6.7,5.7,2.1,5.3,7.2,4.4,5.3,5.0,7.3,2.3,4.9,5.4,5.5,1.5,8.4,1.5,0.7,4.4,8.5,2,3,↑,2028-2033,5.57,意大利网络警察：就业稳定，准入门槛高，近年需求增长,"Italy Cybercrime Police Officer: stable employment, high entry barrier, growing demand",AI综合评估 + O*NET/ILO/OECD锚点校准
GOV-0705-ES-general,公共管理与公务员,GOV,警察执法,网络警察,Cybercrime Police Officer,5412,33-3021.00,南欧,西班牙,ES,country,general,本科/硕士,22-28,global,6.8,6.4,5.9,7.6,5.0,4.0,7.2,6.2,7.0,5.8,8.2,8.4,6.8,4.8,4.9,6.7,5.9,2.0,5.6,7.8,4.4,5.0,5.6,7.5,1.9,5.6,5.5,5.3,1.6,8.1,1.5,1.1,4.0,8.3,2,3,↑,2028-2033,5.66,西班牙网络警察：就业稳定，准入门槛高，近年需求增长,"Spain Cybercrime Police Officer: stable employment, high entry barrier, growing demand",AI综合评估 + O*NET/ILO/OECD锚点校准
GOV-0705-PT-general,公共管理与公务员,GOV,警察执法,网络警察,Cybercrime Police Officer,5412,33-3021.00,南欧,葡萄牙,PT,country,general,本科/硕士,22-28,global,6.6,5.9,6.0,7.9,4.8,3.5,6.4,6.1,6.2,5.6,8.2,8.3,7.0,4.9,5.1,6.3,5.6,2.1,5.2,7.4,4.4,5.4,5.3,7.2,1.9,5.8,5.8,5.6,1.2,8.2,1.6,1.1,3.9,8.6,2,3,↑,2028-2033,5.54,葡萄牙网络警察：就业稳定，准入门槛高，近年需求增长,"Portugal Cybercrime Police Officer: stable employment, high entry barrier, growing demand",AI综合评估 + O*NET/ILO/OECD锚点校准
GOV-0705-PL-general,公共管理与公务员,GOV,警察执法,网络警察,Cybercrime Police Officer,5412,33-3021.00,东欧,波兰,PL,country,general,本科/硕士,22-28,global,6.6,5.9,6.3,7.7,5.0,3.6,6.2,5.8,6.4,5.3,8.5,8.1,6.9,5.0,5.1,6.6,5.9,1.8,5.4,7.3,4.4,5.1,5.4,7.2,2.2,5.4,5.6,5.7,1.4,7.9,1.7,1.1,3.9,8.5,2,3,↑,2028-2033,5.58,波兰网络警察：就业极其稳定，近年需求增长,"Poland Cybercrime Police Officer: extremely stable employment, growing demand",AI综合评估 + O*NET/ILO/OECD锚点校准
GOV-0705-CZ-general,公共管理与公务员,GOV,警察执法,网络警察,Cybercrime Police Officer,5412,33-3021.00,东欧,捷克,CZ,country,general,本科/硕士,22-28,global,6.4,6.1,6.1,7.7,4.8,3.3,6.3,5.9,6.3,5.9,8.7,8.4,6.9,5.2,4.8,6.7,5.4,1.9,5.2,7.1,4.7,5.1,5.7,7.0,2.1,5.6,5.6,5.5,1.2,7.9,1.5,1.2,3.9,8.3,2,3,↑,2028-2033,5.59,捷克网络警察：就业极其稳定，近年需求增长,"Czech Republic Cybercrime Police Officer: extremely stable employment, growing demand",AI综合评估 + O*NET/ILO/OECD锚点校准
GOV-0705-RU-general,公共管理与公务员,GOV,警察执法,网络警察,Cybercrime Police Officer,5412,33-3021.00,东欧,俄罗斯,RU,country,general,本科/硕士,22-28,global,6.6,5.7,6.4,7.7,5.8,4.5,6.2,5.7,6.0,5.4,8.0,7.8,6.5,4.1,4.2,6.6,5.5,2.1,5.7,6.2,4.7,5.0,4.7,6.8,1.7,5.0,5.2,5.8,1.5,8.0,1.4,0.6,3.9,8.4,2,4,↑↑,2028-2033,5.42,俄罗斯网络警察：就业稳定，准入门槛高，近年需求增长,"Russia Cybercrime Police Officer: stable employment, high entry barrier, growing demand",AI综合评估 + O*NET/ILO/OECD锚点校准
GOV-0705-US-general,公共管理与公务员,GOV,警察执法,网络警察,Cybercrime Police Officer,5412,33-3021.00,北美,美国,US,country,general,本科/硕士,22-28,global,6.4,6.4,6.0,7.8,4.6,3.2,6.3,6.1,7.3,6.1,8.8,8.0,6.4,4.5,4.5,6.4,5.7,1.7,5.5,7.1,4.5,4.9,5.1,7.3,2.3,6.1,5.4,5.5,1.4,8.1,1.2,1.1,3.9,8.2,2,3,↑,2028-2033,5.61,美国网络警察：就业极其稳定，准入门槛高，近年需求增长,"United States Cybercrime Police Officer: extremely stable employment, high entry barrier, growing demand",AI综合评估 + O*NET/ILO/OECD锚点校准
GOV-0705-CA-general,公共管理与公务员,GOV,警察执法,网络警察,Cybercrime Police Officer,5412,33-3021.00,北美,加拿大,CA,country,general,本科/硕士,22-28,global,6.8,5.9,6.2,7.7,4.7,3.2,6.2,6.1,7.5,6.4,9.2,8.5,6.9,5.2,5.2,6.6,5.4,1.8,5.3,7.3,4.6,5.6,5.3,7.4,2.1,6.3,5.6,5.6,1.4,7.8,1.3,1.0,4.1,8.3,2,3,↑,2028-2033,5.75,加拿大网络警察：就业极其稳定，薪资回报高，近年需求增长,"Canada Cybercrime Police Officer: extremely stable employment, high compensation, growing demand",AI综合评估 + O*NET/ILO/OECD锚点校准
GOV-0705-MX-general,公共管理与公务员,GOV,警察执法,网络警察,Cybercrime Police Officer,5412,33-3021.00,北美,墨西哥,MX,country,general,本科/硕士,22-28,global,6.7,5.7,5.8,7.5,4.9,3.5,6.4,6.0,5.7,5.0,7.4,7.7,6.5,4.1,4.2,6.7,5.4,2.1,5.3,6.3,4.5,4.9,4.6,6.8,1.8,5.1,5.5,5.8,1.8,7.8,1.8,1.0,3.8,8.5,2,3,↑,2028-2033,5.27,墨西哥网络警察：近年需求增长,Mexico Cybercrime Police Officer: growing demand,AI综合评估 + O*NET/ILO/OECD锚点校准
GOV-0705-BR-general,公共管理与公务员,GOV,警察执法,网络警察,Cybercrime Police Officer,5412,33-3021.00,南美,巴西,BR,country,general,本科/硕士,22-28,global,6.6,5.9,6.3,7.6,5.6,4.4,6.9,6.1,6.8,5.4,8.0,7.8,6.2,4.5,4.4,6.4,5.3,2.0,5.4,7.1,4.4,4.9,4.8,6.7,1.8,5.1,5.6,5.3,1.6,8.5,1.4,0.9,3.9,8.8,2,4,↑↑,2028-2033,5.47,巴西网络警察：就业稳定，准入门槛高，近年需求增长,"Brazil Cybercrime Police Officer: stable employment, high entry barrier, growing demand",AI综合评估 + O*NET/ILO/OECD锚点校准
GOV-0705-AR-general,公共管理与公务员,GOV,警察执法,网络警察,Cybercrime Police Officer,5412,33-3021.00,南美,阿根廷,AR,country,general,本科/硕士,22-28,global,6.5,5.6,6.2,7.4,5.7,4.3,5.8,6.1,6.0,5.0,7.1,7.5,6.3,4.3,4.6,6.7,5.7,2.1,5.2,6.3,4.7,4.8,4.7,6.6,2.0,4.8,5.2,5.7,1.4,7.5,1.4,0.9,3.9,8.8,1,4,↑↑,2028-2033,5.33,阿根廷网络警察：近年需求增长,Argentina Cybercrime Police Officer: growing demand,AI综合评估 + O*NET/ILO/OECD锚点校准
GOV-0705-CL-general,公共管理与公务员,GOV,警察执法,网络警察,Cybercrime Police Officer,5412,33-3021.00,南美,智利,CL,country,general,本科/硕士,22-28,global,6.2,5.9,5.6,7.9,4.4,3.1,6.4,6.0,6.6,5.7,8.2,8.1,6.6,4.4,4.7,6.7,5.3,2.0,5.6,6.6,4.5,5.5,5.2,7.4,2.3,4.9,5.4,5.4,1.7,7.8,1.3,1.0,3.7,8.6,2,3,↑,2028-2033,5.49,智利网络警察：就业稳定，近年需求增长,"Chile Cybercrime Police Officer: stable employment, growing demand",AI综合评估 + O*NET/ILO/OECD锚点校准
GOV-0705-CO-general,公共管理与公务员,GOV,警察执法,网络警察,Cybercrime Police Officer,5412,33-3021.00,南美,哥伦比亚,CO,country,general,本科/硕士,22-28,global,6.7,5.7,5.7,7.4,5.3,3.8,6.1,6.0,5.7,4.8,7.3,7.7,6.1,4.2,4.5,6.6,5.6,2.0,5.3,6.4,4.5,4.6,5.0,6.4,2.1,4.5,5.1,5.3,1.7,7.8,1.8,0.9,3.8,8.8,2,3,↑,2028-2033,5.24,哥伦比亚网络警察：近年需求增长,Colombia Cybercrime Police Officer: growing demand,AI综合评估 + O*NET/ILO/OECD锚点校准
GOV-0705-AU-general,公共管理与公务员,GOV,警察执法,网络警察,Cybercrime Police Officer,5412,33-3021.00,大洋洲,澳大利亚,AU,country,general,本科/硕士,22-28,global,6.9,6.1,6.2,8.0,4.9,3.3,6.5,5.9,7.5,6.1,9.2,8.5,6.8,5.0,4.8,6.7,5.6,1.7,5.8,7.8,5.1,5.3,5.8,7.7,2.3,5.8,5.7,5.4,1.3,7.7,1.1,0.9,4.3,8.5,2,3,↑,2028-2033,5.82,澳大利亚网络警察：就业极其稳定，薪资回报高，近年需求增长,"Australia Cybercrime Police Officer: extremely stable employment, high compensation, growing demand",AI综合评估 + O*NET/ILO/OECD锚点校准
GOV-0705-NZ-general,公共管理与公务员,GOV,警察执法,网络警察,Cybercrime Police Officer,5412,33-3021.00,大洋洲,新西兰,NZ,country,general,本科/硕士,22-28,global,6.4,5.8,6.0,8.0,4.5,2.9,6.5,6.1,7.0,5.8,9.6,8.7,7.2,5.5,5.0,6.3,5.9,1.7,5.7,7.7,4.9,5.9,5.7,7.7,2.1,6.1,6.0,5.5,1.8,7.8,1.5,1.4,4.1,8.2,2,3,↑,2028-2033,5.84,新西兰网络警察：就业极其稳定，近年需求增长,"New Zealand Cybercrime Police Officer: extremely stable employment, growing demand",AI综合评估 + O*NET/ILO/OECD锚点校准
GOV-0705-ZA-general,公共管理与公务员,GOV,警察执法,网络警察,Cybercrime Police Officer,5412,33-3021.00,非洲,南非,ZA,country,general,本科/硕士,22-28,global,6.5,6.0,5.9,7.4,5.1,3.9,6.0,6.1,6.4,5.1,7.6,7.6,6.2,4.5,4.3,6.6,5.7,1.9,5.4,6.4,4.3,4.7,5.1,6.7,1.6,5.2,5.6,5.5,1.6,7.8,1.9,1.0,3.8,8.4,2,3,↑,2028-2033,5.35,南非网络警察：就业稳定，近年需求增长,"South Africa Cybercrime Police Officer: stable employment, growing demand",AI综合评估 + O*NET/ILO/OECD锚点校准
GOV-0705-NG-general,公共管理与公务员,GOV,警察执法,网络警察,Cybercrime Police Officer,5412,33-3021.00,非洲,尼日利亚,NG,country,general,本科/硕士,22-28,global,6.4,5.4,5.9,7.0,5.1,4.0,6.2,6.0,5.4,5.0,6.9,7.4,6.3,3.9,4.2,6.4,5.3,2.5,5.2,5.8,4.4,4.9,4.3,6.3,1.8,4.2,5.5,5.3,1.3,7.3,1.6,0.6,3.7,8.9,1,3,↑,2028-2033,5.12,尼日利亚网络警察：近年需求增长,Nigeria Cybercrime Police Officer: growing demand,AI综合评估 + O*NET/ILO/OECD锚点校准
GOV-0705-KE-general,公共管理与公务员,GOV,警察执法,网络警察,Cybercrime Police Officer,5412,33-3021.00,非洲,肯尼亚,KE,country,general,本科/硕士,22-28,global,6.5,5.6,6.1,6.9,5.4,3.8,6.2,5.6,6.1,4.9,7.1,7.5,6.4,3.9,4.4,6.5,5.2,2.2,5.2,6.1,4.5,4.8,4.7,6.4,2.1,4.8,5.4,5.5,1.3,8.0,1.6,0.9,3.9,8.6,1,3,↑,2028-2033,5.22,肯尼亚网络警察：准入门槛高，近年需求增长,"Kenya Cybercrime Police Officer: high entry barrier, growing demand",AI综合评估 + O*NET/ILO/OECD锚点校准
GOV-0705-EG-general,公共管理与公务员,GOV,警察执法,网络警察,Cybercrime Police Officer,5412,33-3021.00,非洲,埃及,EG,country,general,本科/硕士,22-28,global,6.4,5.8,6.2,7.6,5.6,4.1,6.0,6.1,5.8,5.1,7.3,7.7,6.3,4.3,3.9,6.4,5.7,2.3,5.8,6.5,4.5,4.5,4.7,6.6,1.6,4.0,5.2,5.7,1.6,7.9,1.2,0.7,3.7,8.8,2,4,↑↑,2028-2033,5.29,埃及网络警察：近年需求增长,Egypt Cybercrime Police Officer: growing demand,AI综合评估 + O*NET/ILO/OECD锚点校准
GOV-0706-CN-general,公共管理与公务员,GOV,警察执法,海关官员,Customs Officer,3351,33-3021.06,东亚,中国,CN,country,general,本科,22-28,global,5.2,5.9,4.2,8.9,5.0,5.3,4.4,4.0,5.4,5.6,9.7,7.3,5.8,5.0,4.3,4.4,3.8,2.6,5.1,7.4,1.0,3.7,4.9,5.4,0.8,5.2,6.4,6.4,2.9,8.8,2.1,0.3,4.4,8.7,0,1,→,2028-2033,4.95,中国海关官员：就业极其稳定，准入门槛高，无法远程办公,"China Customs Officer: extremely stable employment, high entry barrier, no remote work possible",AI综合评估 + O*NET/ILO/OECD锚点校准
GOV-0706-JP-general,公共管理与公务员,GOV,警察执法,海关官员,Customs Officer,3351,33-3021.06,东亚,日本,JP,country,general,本科,22-28,global,5.3,6.1,3.7,9.2,4.7,4.2,4.6,4.0,6.1,6.1,10.0,7.6,6.3,5.2,4.9,4.8,3.9,2.4,5.2,7.5,1.6,4.0,5.6,6.2,1.0,4.7,6.7,6.4,2.9,8.4,1.9,0.9,4.3,8.5,0,0,→,2028-2033,5.15,日本海关官员：就业极其稳定，准入门槛高，无法远程办公,"Japan Customs Officer: extremely stable employment, high entry barrier, no remote work possible",AI综合评估 + O*NET/ILO/OECD锚点校准
GOV-0706-KR-general,公共管理与公务员,GOV,警察执法,海关官员,Customs Officer,3351,33-3021.06,东亚,韩国,KR,country,general,本科,22-28,global,5.4,5.8,3.8,9.1,4.3,4.2,4.9,4.0,6.1,5.9,9.4,7.4,6.1,5.2,4.5,5.0,4.3,2.6,5.2,7.2,1.6,3.8,4.8,5.8,1.0,4.9,6.6,6.7,2.8,8.7,1.9,0.3,4.1,8.4,0,0,→,2028-2033,5.05,韩国海关官员：就业极其稳定，准入门槛高，无法远程办公,"South Korea Customs Officer: extremely stable employment, high entry barrier, no remote work possible",AI综合评估 + O*NET/ILO/OECD锚点校准
GOV-0706-TW-general,公共管理与公务员,GOV,警察执法,海关官员,Customs Officer,3351,33-3021.06,东亚,中国台湾地区,TW,region,general,本科,22-28,global,5.0,5.8,3.6,8.8,4.5,3.8,4.2,4.0,6.0,6.0,9.6,7.3,6.5,5.1,5.0,4.6,4.0,2.4,5.1,7.5,1.5,4.4,5.0,6.2,0.9,5.4,6.6,6.7,3.1,8.5,2.2,0.3,4.4,8.3,0,0,→,2028-2033,5.08,中国台湾地区海关官员：就业极其稳定，准入门槛高，无法远程办公,"Taiwan (China) Customs Officer: extremely stable employment, high entry barrier, no remote work possible",AI综合评估 + O*NET/ILO/OECD锚点校准
GOV-0706-HK-general,公共管理与公务员,GOV,警察执法,海关官员,Customs Officer,3351,33-3021.06,东亚,中国香港地区,HK,region,general,本科,22-28,global,5.2,5.4,3.1,8.7,4.2,3.7,4.1,3.3,6.7,6.2,9.7,7.1,6.0,4.8,4.6,4.5,4.1,2.1,5.0,6.9,1.4,4.0,5.3,5.5,1.4,5.2,6.5,6.7,3.0,8.1,2.0,0.5,4.9,8.5,0,0,→,2028-2033,5.03,中国香港地区海关官员：就业极其稳定，准入门槛高，无法远程办公,"Hong Kong (China) Customs Officer: extremely stable employment, high entry barrier, no remote work possible",AI综合评估 + O*NET/ILO/OECD锚点校准
GOV-0706-SG-general,公共管理与公务员,GOV,警察执法,海关官员,Customs Officer,3351,33-3021.06,东南亚,新加坡,SG,country,general,本科,22-28,global,5.2,5.9,3.6,8.9,4.0,3.4,4.0,3.5,7.4,6.6,10.0,7.9,6.5,5.1,5.0,4.9,4.2,1.8,5.2,7.7,1.4,4.2,5.4,6.6,1.3,5.8,6.5,6.2,2.9,7.9,1.4,1.0,4.8,8.4,0,-1,→,2028-2033,5.28,新加坡海关官员：就业极其稳定，无法远程办公,"Singapore Customs Officer: extremely stable employment, no remote work possible",AI综合评估 + O*NET/ILO/OECD锚点校准
GOV-0706-TH-general,公共管理与公务员,GOV,警察执法,海关官员,Customs Officer,3351,33-3021.06,东南亚,泰国,TH,country,general,本科,22-28,global,4.9,5.1,3.6,8.6,4.7,4.6,3.9,3.1,4.9,5.2,8.9,6.9,6.5,5.4,5.1,4.2,4.1,2.8,5.0,6.1,1.3,4.2,5.3,5.2,1.1,5.4,6.3,6.2,3.2,8.0,1.9,0.4,4.5,8.8,0,0,→,2028-2033,4.84,泰国海关官员：就业极其稳定，准入门槛高，无法远程办公,"Thailand Customs Officer: extremely stable employment, high entry barrier, no remote work possible",AI综合评估 + O*NET/ILO/OECD锚点校准
GOV-0706-VN-general,公共管理与公务员,GOV,警察执法,海关官员,Customs Officer,3351,33-3021.06,东南亚,越南,VN,country,general,本科,22-28,global,5.2,5.5,4.2,8.7,5.4,5.1,4.0,3.5,4.7,5.5,9.3,7.1,6.2,5.4,4.8,4.5,4.1,2.5,5.1,6.5,1.6,3.7,5.4,5.4,0.6,4.8,6.5,6.7,2.8,8.1,2.1,0.3,4.3,8.7,0,1,→,2028-2033,4.94,越南海关官员：就业极其稳定，准入门槛高，无法远程办公,"Vietnam Customs Officer: extremely stable employment, high entry barrier, no remote work possible",AI综合评估 + O*NET/ILO/OECD锚点校准
GOV-0706-ID-general,公共管理与公务员,GOV,警察执法,海关官员,Customs Officer,3351,33-3021.06,东南亚,印度尼西亚,ID,country,general,本科,22-28,global,5.2,5.3,3.7,8.5,4.9,4.3,3.9,3.4,4.7,5.4,8.7,6.8,6.2,5.2,4.9,4.2,3.8,2.7,4.8,6.3,1.2,3.8,5.2,5.3,0.6,4.6,6.6,6.3,3.0,7.8,2.0,0.3,4.4,8.5,0,0,→,2028-2033,4.77,印度尼西亚海关官员：就业极其稳定，无法远程办公,"Indonesia Customs Officer: extremely stable employment, no remote work possible",AI综合评估 + O*NET/ILO/OECD锚点校准
GOV-0706-MY-general,公共管理与公务员,GOV,警察执法,海关官员,Customs Officer,3351,33-3021.06,东南亚,马来西亚,MY,country,general,本科,22-28,global,4.9,5.2,3.8,8.9,4.6,4.0,4.3,3.4,5.3,5.5,9.2,7.1,6.3,5.4,4.7,4.3,3.8,2.3,5.1,6.3,1.4,3.9,5.4,5.6,0.8,5.1,6.6,6.6,2.8,7.8,2.1,0.6,4.3,8.3,0,0,→,2028-2033,4.96,马来西亚海关官员：就业极其稳定，无法远程办公,"Malaysia Customs Officer: extremely stable employment, no remote work possible",AI综合评估 + O*NET/ILO/OECD锚点校准
GOV-0706-PH-general,公共管理与公务员,GOV,警察执法,海关官员,Customs Officer,3351,33-3021.06,东南亚,菲律宾,PH,country,general,本科,22-28,global,5.1,5.6,3.7,8.4,4.5,4.4,4.0,3.4,4.8,5.1,8.6,6.8,6.6,5.6,4.8,4.3,3.9,2.5,5.0,5.7,1.5,3.9,5.4,4.9,0.7,5.4,6.4,6.5,3.0,8.0,2.0,0.5,4.3,8.4,0,0,→,2028-2033,4.79,菲律宾海关官员：就业极其稳定，准入门槛高，无法远程办公,"Philippines Customs Officer: extremely stable employment, high entry barrier, no remote work possible",AI综合评估 + O*NET/ILO/OECD锚点校准
GOV-0706-IN-general,公共管理与公务员,GOV,警察执法,海关官员,Customs Officer,3351,33-3021.06,南亚,印度,IN,country,general,本科,22-28,global,5.3,5.7,4.0,8.4,4.8,4.8,4.6,4.2,5.2,5.5,9.3,7.0,6.2,5.4,4.6,4.4,4.1,2.6,5.1,7.1,1.6,4.0,5.3,5.1,0.9,4.7,6.5,6.3,3.1,8.8,1.7,0.1,4.6,8.7,0,1,→,2028-2033,4.95,印度海关官员：就业极其稳定，准入门槛高，无法远程办公,"India Customs Officer: extremely stable employment, high entry barrier, no remote work possible",AI综合评估 + O*NET/ILO/OECD锚点校准
GOV-0706-PK-general,公共管理与公务员,GOV,警察执法,海关官员,Customs Officer,3351,33-3021.06,南亚,巴基斯坦,PK,country,general,本科,22-28,global,4.8,5.5,3.7,8.1,5.0,4.5,4.2,3.6,4.9,4.7,8.2,6.6,5.9,5.1,4.4,4.6,3.8,2.7,5.2,6.0,1.0,3.6,5.0,5.2,0.7,4.2,6.4,6.4,3.0,8.4,2.4,0.2,4.1,8.8,0,0,→,2028-2033,4.68,巴基斯坦海关官员：就业稳定，准入门槛高，无法远程办公,"Pakistan Customs Officer: stable employment, high entry barrier, no remote work possible",AI综合评估 + O*NET/ILO/OECD锚点校准
GOV-0706-BD-general,公共管理与公务员,GOV,警察执法,海关官员,Customs Officer,3351,33-3021.06,南亚,孟加拉国,BD,country,general,本科,22-28,global,4.5,5.3,3.3,8.3,4.4,4.1,4.0,3.4,4.5,4.7,8.7,6.6,5.9,4.8,4.3,4.6,4.0,3.0,4.7,5.8,1.5,3.5,4.6,4.8,0.9,3.9,6.3,6.4,2.8,7.9,2.2,0.0,4.3,8.6,0,0,→,2028-2033,4.59,孟加拉国海关官员：就业极其稳定，无法远程办公,"Bangladesh Customs Officer: extremely stable employment, no remote work possible",AI综合评估 + O*NET/ILO/OECD锚点校准
GOV-0706-AE-general,公共管理与公务员,GOV,警察执法,海关官员,Customs Officer,3351,33-3021.06,中亚/西亚,阿联酋,AE,country,general,本科,22-28,global,5.4,5.5,3.7,9.0,4.3,4.1,3.3,3.1,7.0,6.2,9.9,7.7,6.1,5.1,5.1,4.8,4.1,2.4,4.9,7.0,1.1,4.3,5.0,6.1,0.9,4.9,6.7,6.5,3.3,7.9,1.6,0.8,4.5,8.4,0,0,→,2028-2033,5.07,阿联酋海关官员：就业极其稳定，无法远程办公,"United Arab Emirates Customs Officer: extremely stable employment, no remote work possible",AI综合评估 + O*NET/ILO/OECD锚点校准
GOV-0706-IL-general,公共管理与公务员,GOV,警察执法,海关官员,Customs Officer,3351,33-3021.06,中亚/西亚,以色列,IL,country,general,本科,22-28,global,5.3,5.8,3.6,8.5,4.5,3.8,3.7,3.4,6.1,6.0,9.2,7.2,6.7,5.4,5.3,4.9,4.0,2.5,5.2,7.1,1.6,4.0,5.7,5.7,1.0,5.7,6.4,6.8,2.9,8.0,2.1,0.4,4.6,8.7,0,0,→,2028-2033,5.04,以色列海关官员：就业极其稳定，准入门槛高，无法远程办公,"Israel Customs Officer: extremely stable employment, high entry barrier, no remote work possible",AI综合评估 + O*NET/ILO/OECD锚点校准
GOV-0706-SA-general,公共管理与公务员,GOV,警察执法,海关官员,Customs Officer,3351,33-3021.06,中亚/西亚,沙特阿拉伯,SA,country,general,本科,22-28,global,4.9,5.5,3.9,8.6,5.0,4.9,3.4,3.5,6.6,6.3,9.7,7.3,6.4,5.0,5.1,4.7,3.9,2.5,5.1,6.8,1.6,3.6,5.4,5.8,1.1,4.2,6.6,6.4,2.8,7.6,1.9,0.5,4.6,8.7,0,1,→,2028-2033,5.08,沙特阿拉伯海关官员：就业极其稳定，无法远程办公,"Saudi Arabia Customs Officer: extremely stable employment, no remote work possible",AI综合评估 + O*NET/ILO/OECD锚点校准
GOV-0706-TR-general,公共管理与公务员,GOV,警察执法,海关官员,Customs Officer,3351,33-3021.06,中亚/西亚,土耳其,TR,country,general,本科,22-28,global,5.2,5.7,3.4,8.7,4.8,4.6,3.9,3.6,5.3,5.5,8.5,7.0,6.2,5.2,4.6,4.7,4.1,2.6,5.1,6.5,1.3,3.7,5.4,5.4,1.0,4.6,6.6,6.6,3.2,8.1,2.1,0.2,4.5,8.6,0,0,→,2028-2033,4.85,土耳其海关官员：就业极其稳定，准入门槛高，无法远程办公,"Turkey Customs Officer: extremely stable employment, high entry barrier, no remote work possible",AI综合评估 + O*NET/ILO/OECD锚点校准
GOV-0706-GB-general,公共管理与公务员,GOV,警察执法,海关官员,Customs Officer,3351,33-3021.06,西欧,英国,GB,country,general,本科,22-28,global,5.5,5.5,3.8,8.7,4.3,4.1,3.8,3.4,6.2,6.2,9.6,7.4,6.9,6.2,5.1,4.6,4.3,2.1,5.1,6.9,1.5,4.5,6.1,6.0,0.9,6.0,6.9,6.3,3.1,8.0,1.9,0.6,4.9,8.5,0,0,→,2028-2033,5.18,英国海关官员：就业极其稳定，准入门槛高，无法远程办公,"United Kingdom Customs Officer: extremely stable employment, high entry barrier, no remote work possible",AI综合评估 + O*NET/ILO/OECD锚点校准
GOV-0706-FR-general,公共管理与公务员,GOV,警察执法,海关官员,Customs Officer,3351,33-3021.06,西欧,法国,FR,country,general,本科,22-28,global,5.2,6.1,3.7,9.0,5.3,5.1,4.2,3.7,5.9,6.2,9.8,7.2,6.8,6.1,5.7,4.9,3.8,2.4,5.1,7.2,1.9,4.6,6.2,5.6,1.4,5.7,6.5,6.8,3.2,8.5,1.6,0.8,4.9,8.8,0,1,→,2028-2033,5.25,法国海关官员：就业极其稳定，准入门槛高，无法远程办公,"France Customs Officer: extremely stable employment, high entry barrier, no remote work possible",AI综合评估 + O*NET/ILO/OECD锚点校准
GOV-0706-DE-general,公共管理与公务员,GOV,警察执法,海关官员,Customs Officer,3351,33-3021.06,西欧,德国,DE,country,general,本科,22-28,global,5.1,5.7,3.7,8.7,4.3,3.8,4.5,3.6,6.4,6.5,9.8,7.7,7.1,6.4,5.8,4.4,4.4,2.3,4.9,7.4,1.8,4.5,6.3,6.3,0.9,5.6,6.7,6.5,2.9,8.4,1.9,0.6,4.8,8.6,0,0,→,2028-2033,5.28,德国海关官员：就业极其稳定，准入门槛高，无法远程办公,"Germany Customs Officer: extremely stable employment, high entry barrier, no remote work possible",AI综合评估 + O*NET/ILO/OECD锚点校准
GOV-0706-NL-general,公共管理与公务员,GOV,警察执法,海关官员,Customs Officer,3351,33-3021.06,西欧,荷兰,NL,country,general,本科,22-28,global,5.1,5.7,3.8,9.0,4.1,3.7,3.7,3.3,6.4,6.0,10.0,7.7,7.0,6.9,6.0,5.0,4.2,2.2,4.8,6.9,1.8,4.8,6.5,5.9,0.8,6.6,6.8,6.4,2.9,7.9,2.2,0.9,5.0,8.8,0,0,→,2028-2033,5.27,荷兰海关官员：就业极其稳定，无法远程办公,"Netherlands Customs Officer: extremely stable employment, no remote work possible",AI综合评估 + O*NET/ILO/OECD锚点校准
GOV-0706-CH-general,公共管理与公务员,GOV,警察执法,海关官员,Customs Officer,3351,33-3021.06,西欧,瑞士,CH,country,general,本科,22-28,global,5.0,5.6,3.5,9.5,3.9,3.3,4.2,3.4,6.8,6.6,10.0,7.9,7.2,6.7,5.5,4.4,4.4,2.2,5.5,7.4,1.8,4.8,6.5,6.1,0.9,5.5,6.9,6.5,3.2,7.7,2.0,0.8,4.5,8.4,0,-1,→,2028-2033,5.36,瑞士海关官员：就业极其稳定，无法远程办公,"Switzerland Customs Officer: extremely stable employment, no remote work possible",AI综合评估 + O*NET/ILO/OECD锚点校准
GOV-0706-SE-general,公共管理与公务员,GOV,警察执法,海关官员,Customs Officer,3351,33-3021.06,北欧,瑞典,SE,country,general,本科,22-28,global,5.3,5.9,3.9,8.9,4.5,4.6,3.5,3.5,6.4,6.0,10.0,7.6,7.1,6.7,5.9,4.5,4.0,2.2,5.2,6.9,2.0,4.9,6.7,6.5,1.3,6.5,6.6,6.4,2.9,8.0,1.6,0.5,4.8,8.4,0,0,→,2028-2033,5.33,瑞典海关官员：就业极其稳定，准入门槛高，无法远程办公,"Sweden Customs Officer: extremely stable employment, high entry barrier, no remote work possible",AI综合评估 + O*NET/ILO/OECD锚点校准
GOV-0706-DK-general,公共管理与公务员,GOV,警察执法,海关官员,Customs Officer,3351,33-3021.06,北欧,丹麦,DK,country,general,本科,22-28,global,5.0,5.9,3.7,8.8,4.7,4.3,3.7,3.2,6.6,6.0,10.0,7.8,6.9,6.4,6.0,5.0,4.3,2.0,4.8,7.3,1.8,4.5,6.8,6.3,1.1,6.4,6.7,6.2,3.0,7.8,1.8,1.1,4.8,8.3,0,0,→,2028-2033,5.34,丹麦海关官员：就业极其稳定，无法远程办公,"Denmark Customs Officer: extremely stable employment, no remote work possible",AI综合评估 + O*NET/ILO/OECD锚点校准
GOV-0706-FI-general,公共管理与公务员,GOV,警察执法,海关官员,Customs Officer,3351,33-3021.06,北欧,芬兰,FI,country,general,本科,22-28,global,5.1,5.4,3.6,9.0,4.7,4.1,3.6,3.2,6.1,6.4,10.0,7.7,7.1,6.6,5.7,4.5,4.3,2.0,5.1,7.0,1.8,4.3,6.4,6.2,1.3,6.8,6.9,6.4,3.0,7.9,1.5,0.5,4.4,8.6,0,0,→,2028-2033,5.3,芬兰海关官员：就业极其稳定，无法远程办公,"Finland Customs Officer: extremely stable employment, no remote work possible",AI综合评估 + O*NET/ILO/OECD锚点校准
GOV-0706-IT-general,公共管理与公务员,GOV,警察执法,海关官员,Customs Officer,3351,33-3021.06,南欧,意大利,IT,country,general,本科,22-28,global,5.2,5.8,3.5,8.8,4.6,4.7,4.4,3.4,5.6,6.0,9.5,7.0,6.5,5.9,5.0,4.5,3.8,2.5,5.2,6.8,1.6,4.3,5.8,5.3,0.8,5.1,6.4,6.7,3.3,8.5,1.9,0.3,4.9,8.5,0,0,→,2028-2033,5.03,意大利海关官员：就业极其稳定，准入门槛高，无法远程办公,"Italy Customs Officer: extremely stable employment, high entry barrier, no remote work possible",AI综合评估 + O*NET/ILO/OECD锚点校准
GOV-0706-ES-general,公共管理与公务员,GOV,警察执法,海关官员,Customs Officer,3351,33-3021.06,南欧,西班牙,ES,country,general,本科,22-28,global,5.1,5.7,3.6,8.9,4.4,4.4,4.1,4.0,5.8,5.9,9.6,7.2,6.8,5.8,5.0,4.4,4.0,2.3,4.9,7.0,1.6,4.5,6.2,5.6,1.3,5.6,6.7,6.5,2.7,8.6,1.7,0.5,4.5,8.4,0,0,→,2028-2033,5.12,西班牙海关官员：就业极其稳定，准入门槛高，无法远程办公,"Spain Customs Officer: extremely stable employment, high entry barrier, no remote work possible",AI综合评估 + O*NET/ILO/OECD锚点校准
GOV-0706-PT-general,公共管理与公务员,GOV,警察执法,海关官员,Customs Officer,3351,33-3021.06,南欧,葡萄牙,PT,country,general,本科,22-28,global,4.8,5.5,3.3,9.0,4.4,4.1,4.0,3.4,5.3,5.4,9.8,7.4,6.4,5.9,5.3,4.5,4.4,2.5,5.2,7.0,1.5,4.3,6.0,6.1,1.0,5.7,6.5,6.2,2.7,8.1,1.7,0.7,4.6,8.6,0,0,→,2028-2033,5.08,葡萄牙海关官员：就业极其稳定，准入门槛高，无法远程办公,"Portugal Customs Officer: extremely stable employment, high entry barrier, no remote work possible",AI综合评估 + O*NET/ILO/OECD锚点校准
GOV-0706-PL-general,公共管理与公务员,GOV,警察执法,海关官员,Customs Officer,3351,33-3021.06,东欧,波兰,PL,country,general,本科,22-28,global,5.3,5.6,3.7,8.4,4.4,3.7,4.1,3.7,5.4,5.7,9.6,7.1,6.8,6.1,4.9,4.4,4.0,2.6,5.1,6.7,1.5,4.2,5.7,5.5,0.9,5.6,6.7,6.3,2.8,7.9,2.1,0.9,4.4,8.2,0,0,→,2028-2033,5.01,波兰海关官员：就业极其稳定，无法远程办公,"Poland Customs Officer: extremely stable employment, no remote work possible",AI综合评估 + O*NET/ILO/OECD锚点校准
GOV-0706-CZ-general,公共管理与公务员,GOV,警察执法,海关官员,Customs Officer,3351,33-3021.06,东欧,捷克,CZ,country,general,本科,22-28,global,5.3,5.6,3.6,8.9,4.7,3.7,4.1,3.5,5.2,5.9,9.5,7.3,6.7,6.2,5.3,4.8,4.4,2.6,4.7,6.8,1.9,4.1,6.2,6.0,1.0,5.3,7.0,6.5,3.0,8.1,1.6,0.6,4.4,8.2,0,0,→,2028-2033,5.08,捷克海关官员：就业极其稳定，准入门槛高，无法远程办公,"Czech Republic Customs Officer: extremely stable employment, high entry barrier, no remote work possible",AI综合评估 + O*NET/ILO/OECD锚点校准
GOV-0706-RU-general,公共管理与公务员,GOV,警察执法,海关官员,Customs Officer,3351,33-3021.06,东欧,俄罗斯,RU,country,general,本科,22-28,global,4.9,5.5,3.6,8.4,4.9,5.0,3.7,3.7,4.9,5.5,9.0,6.7,6.3,5.3,4.7,4.6,3.7,2.5,4.9,6.2,1.4,3.5,5.5,5.4,1.0,5.1,6.4,6.4,3.0,7.9,2.0,0.5,4.4,8.6,0,1,→,2028-2033,4.85,俄罗斯海关官员：就业极其稳定，无法远程办公,"Russia Customs Officer: extremely stable employment, no remote work possible",AI综合评估 + O*NET/ILO/OECD锚点校准
GOV-0706-US-general,公共管理与公务员,GOV,警察执法,海关官员,Customs Officer,3351,33-3021.06,北美,美国,US,country,general,本科,22-28,global,5.4,5.8,3.7,8.4,4.2,3.7,3.9,3.4,6.0,5.9,9.6,7.1,6.6,5.4,4.8,4.9,4.0,2.1,5.2,6.8,1.5,4.1,5.6,5.7,1.2,5.6,6.8,6.4,3.3,7.8,2.0,0.8,5.1,8.6,0,0,→,2028-2033,5.06,美国海关官员：就业极其稳定，无法远程办公,"United States Customs Officer: extremely stable employment, no remote work possible",AI综合评估 + O*NET/ILO/OECD锚点校准
GOV-0706-CA-general,公共管理与公务员,GOV,警察执法,海关官员,Customs Officer,3351,33-3021.06,北美,加拿大,CA,country,general,本科,22-28,global,5.0,5.6,3.7,8.7,4.3,3.6,3.7,3.3,6.5,6.2,10.0,7.5,6.7,6.0,5.4,4.6,4.1,2.2,4.9,6.9,1.4,4.2,6.0,5.8,0.8,5.9,6.4,6.6,2.9,7.7,1.6,0.9,4.6,8.7,0,0,→,2028-2033,5.16,加拿大海关官员：就业极其稳定，无法远程办公,"Canada Customs Officer: extremely stable employment, no remote work possible",AI综合评估 + O*NET/ILO/OECD锚点校准
GOV-0706-MX-general,公共管理与公务员,GOV,警察执法,海关官员,Customs Officer,3351,33-3021.06,北美,墨西哥,MX,country,general,本科,22-28,global,4.7,5.4,3.7,8.0,4.7,4.3,3.9,3.5,4.9,5.0,8.5,6.7,6.3,5.4,4.8,4.3,3.7,2.6,5.0,5.7,1.3,3.8,5.0,5.0,0.7,4.9,6.5,6.7,2.7,7.9,2.1,0.4,4.5,8.5,0,0,→,2028-2033,4.76,墨西哥海关官员：就业极其稳定，无法远程办公,"Mexico Customs Officer: extremely stable employment, no remote work possible",AI综合评估 + O*NET/ILO/OECD锚点校准
GOV-0706-BR-general,公共管理与公务员,GOV,警察执法,海关官员,Customs Officer,3351,33-3021.06,南美,巴西,BR,country,general,本科,22-28,global,5.1,5.8,3.8,8.6,5.0,4.7,4.0,3.7,5.5,5.6,9.0,6.8,6.7,5.7,4.8,4.2,3.6,2.5,5.1,6.9,1.3,3.8,5.7,5.1,0.6,5.1,6.3,6.3,3.1,8.3,1.7,0.7,4.2,8.3,0,1,→,2028-2033,4.93,巴西海关官员：就业极其稳定，准入门槛高，无法远程办公,"Brazil Customs Officer: extremely stable employment, high entry barrier, no remote work possible",AI综合评估 + O*NET/ILO/OECD锚点校准
GOV-0706-AR-general,公共管理与公务员,GOV,警察执法,海关官员,Customs Officer,3351,33-3021.06,南美,阿根廷,AR,country,general,本科,22-28,global,5.1,5.4,3.5,8.2,4.9,4.6,3.4,3.2,4.9,5.1,8.2,6.6,6.3,5.2,4.8,4.8,4.0,2.5,5.2,5.8,1.5,3.8,5.0,4.9,1.0,5.2,6.4,6.5,3.1,7.7,2.1,0.1,4.5,8.6,-1,1,→,2028-2033,4.75,阿根廷海关官员：就业稳定，无法远程办公,"Argentina Customs Officer: stable employment, no remote work possible",AI综合评估 + O*NET/ILO/OECD锚点校准
GOV-0706-CL-general,公共管理与公务员,GOV,警察执法,海关官员,Customs Officer,3351,33-3021.06,南美,智利,CL,country,general,本科,22-28,global,5.1,5.2,3.3,8.5,4.1,3.9,4.1,3.6,5.3,5.3,9.6,7.1,6.4,5.8,4.8,4.7,4.3,2.4,4.7,6.6,1.7,4.5,5.7,6.0,1.3,5.0,6.4,6.3,2.8,7.5,2.0,0.6,4.5,8.1,0,0,→,2028-2033,5.0,智利海关官员：就业极其稳定，无法远程办公,"Chile Customs Officer: extremely stable employment, no remote work possible",AI综合评估 + O*NET/ILO/OECD锚点校准
GOV-0706-CO-general,公共管理与公务员,GOV,警察执法,海关官员,Customs Officer,3351,33-3021.06,南美,哥伦比亚,CO,country,general,本科,22-28,global,5.2,5.6,3.6,8.1,4.3,4.0,3.7,3.3,4.9,5.0,8.7,6.8,6.5,5.1,4.7,4.3,3.7,2.6,5.1,5.7,1.7,3.7,5.3,5.3,0.6,4.9,6.1,6.2,3.2,7.7,2.1,0.7,4.2,8.4,0,0,→,2028-2033,4.71,哥伦比亚海关官员：就业极其稳定，无法远程办公,"Colombia Customs Officer: extremely stable employment, no remote work possible",AI综合评估 + O*NET/ILO/OECD锚点校准
GOV-0706-AU-general,公共管理与公务员,GOV,警察执法,海关官员,Customs Officer,3351,33-3021.06,大洋洲,澳大利亚,AU,country,general,本科,22-28,global,5.1,5.4,3.9,9.0,4.3,3.7,3.6,3.3,6.3,5.9,9.8,7.6,7.2,6.5,5.3,4.9,4.0,2.0,5.4,7.4,1.7,4.3,6.0,6.2,1.4,6.4,7.1,6.3,3.1,7.8,1.7,0.6,4.8,8.2,0,0,→,2028-2033,5.29,澳大利亚海关官员：就业极其稳定，无法远程办公,"Australia Customs Officer: extremely stable employment, no remote work possible",AI综合评估 + O*NET/ILO/OECD锚点校准
GOV-0706-NZ-general,公共管理与公务员,GOV,警察执法,海关官员,Customs Officer,3351,33-3021.06,大洋洲,新西兰,NZ,country,general,本科,22-28,global,5.0,5.7,3.6,9.2,3.9,3.4,3.9,3.1,6.2,6.3,10.0,7.6,6.8,6.3,5.7,4.8,3.9,2.1,5.0,7.3,1.8,4.6,6.5,6.1,1.4,6.3,7.0,6.3,3.2,7.9,1.9,0.8,4.5,8.1,0,0,→,2028-2033,5.25,新西兰海关官员：就业极其稳定，无法远程办公,"New Zealand Customs Officer: extremely stable employment, no remote work possible",AI综合评估 + O*NET/ILO/OECD锚点校准
GOV-0706-ZA-general,公共管理与公务员,GOV,警察执法,海关官员,Customs Officer,3351,33-3021.06,非洲,南非,ZA,country,general,本科,22-28,global,4.8,5.5,3.5,8.2,4.7,4.4,3.6,3.5,5.1,5.4,8.8,6.8,6.2,5.5,4.7,4.5,3.8,2.5,5.3,5.9,1.3,3.7,5.6,4.8,1.1,4.8,6.6,6.3,3.3,7.5,1.8,0.4,4.4,8.5,0,0,→,2028-2033,4.83,南非海关官员：就业极其稳定，无法远程办公,"South Africa Customs Officer: extremely stable employment, no remote work possible",AI综合评估 + O*NET/ILO/OECD锚点校准
GOV-0706-NG-general,公共管理与公务员,GOV,警察执法,海关官员,Customs Officer,3351,33-3021.06,非洲,尼日利亚,NG,country,general,本科,22-28,global,4.8,5.4,3.7,7.9,4.5,4.4,3.7,2.9,4.8,4.7,8.0,6.5,6.1,5.1,4.8,4.2,3.8,2.8,4.7,5.3,1.4,3.4,4.6,5.1,1.2,4.2,6.0,6.6,2.8,7.7,2.3,0.1,4.0,8.9,-1,0,→,2028-2033,4.55,尼日利亚海关官员：就业稳定，无法远程办公,"Nigeria Customs Officer: stable employment, no remote work possible",AI综合评估 + O*NET/ILO/OECD锚点校准
GOV-0706-KE-general,公共管理与公务员,GOV,警察执法,海关官员,Customs Officer,3351,33-3021.06,非洲,肯尼亚,KE,country,general,本科,22-28,global,4.8,5.0,3.8,8.2,4.3,3.9,3.5,3.5,4.9,5.3,8.3,6.5,6.3,5.0,4.8,4.2,3.9,2.9,5.1,5.9,1.6,3.6,5.2,4.8,1.1,4.9,6.5,6.2,2.8,7.6,2.1,0.5,4.2,8.4,-1,0,→,2028-2033,4.72,肯尼亚海关官员：就业稳定，无法远程办公,"Kenya Customs Officer: stable employment, no remote work possible",AI综合评估 + O*NET/ILO/OECD锚点校准
GOV-0706-EG-general,公共管理与公务员,GOV,警察执法,海关官员,Customs Officer,3351,33-3021.06,非洲,埃及,EG,country,general,本科,22-28,global,5.0,5.7,3.9,8.6,5.4,4.9,3.8,3.3,4.5,4.8,8.8,6.8,6.1,4.8,4.5,4.4,4.0,2.6,4.8,5.7,1.2,3.9,5.2,5.2,0.7,4.3,6.2,6.7,2.8,7.6,1.7,0.5,4.2,8.7,0,1,→,2028-2033,4.74,埃及海关官员：就业极其稳定，无法远程办公,"Egypt Customs Officer: extremely stable employment, no remote work possible",AI综合评估 + O*NET/ILO/OECD锚点校准
GOV-0707-CN-general,公共管理与公务员,GOV,警察执法,边防警察,Border Patrol Agent,5412,33-3051.01,东亚,中国,CN,country,general,高中/大专,18-28,global,4.3,4.7,3.4,7.3,5.4,5.1,4.8,4.1,4.8,5.0,9.5,4.9,4.1,3.4,3.6,3.9,3.1,2.6,6.7,6.3,0.1,3.5,2.6,6.3,0.9,3.7,4.9,6.2,7.5,8.3,1.1,0.4,2.5,9.0,0,2,↑,2032-2038,4.54,中国边防警察：就业极其稳定，准入门槛高，无法远程办公,"China Border Patrol Agent: extremely stable employment, high entry barrier, no remote work possible",AI综合评估 + O*NET/ILO/OECD锚点校准
GOV-0707-JP-general,公共管理与公务员,GOV,警察执法,边防警察,Border Patrol Agent,5412,33-3051.01,东亚,日本,JP,country,general,高中/大专,18-28,global,4.5,4.1,3.4,7.7,4.5,4.3,5.2,4.1,5.1,5.4,9.7,5.2,4.7,3.7,4.0,3.6,2.8,2.3,6.9,6.7,0.5,3.7,3.1,6.5,1.0,3.0,4.7,6.6,7.2,7.9,1.6,0.4,2.3,9.0,0,1,→,2032-2038,4.67,日本边防警察：就业极其稳定，无法远程办公，体能要求高,"Japan Border Patrol Agent: extremely stable employment, no remote work possible, high physical demands",AI综合评估 + O*NET/ILO/OECD锚点校准
GOV-0707-KR-general,公共管理与公务员,GOV,警察执法,边防警察,Border Patrol Agent,5412,33-3051.01,东亚,韩国,KR,country,general,高中/大专,18-28,global,4.0,4.3,3.3,7.0,4.6,3.7,5.0,4.3,5.0,4.7,8.9,5.0,4.1,3.5,3.6,3.4,3.1,2.2,6.4,6.2,0.4,3.5,2.8,6.5,1.1,3.1,4.7,6.8,7.6,8.1,1.5,0.4,2.5,9.1,0,1,→,2032-2038,4.49,韩国边防警察：就业极其稳定，准入门槛高，无法远程办公,"South Korea Border Patrol Agent: extremely stable employment, high entry barrier, no remote work possible",AI综合评估 + O*NET/ILO/OECD锚点校准
GOV-0707-TW-general,公共管理与公务员,GOV,警察执法,边防警察,Border Patrol Agent,5412,33-3051.01,东亚,中国台湾地区,TW,region,general,高中/大专,18-28,global,4.3,4.5,2.8,7.1,4.6,3.6,5.3,4.6,5.0,4.5,9.2,4.9,4.3,3.5,3.9,3.4,3.1,2.5,6.6,6.1,0.5,3.6,3.3,6.7,1.3,3.8,4.9,6.6,7.7,8.3,1.6,0.5,2.1,9.1,0,1,→,2032-2038,4.51,中国台湾地区边防警察：就业极其稳定，准入门槛高，无法远程办公,"Taiwan (China) Border Patrol Agent: extremely stable employment, high entry barrier, no remote work possible",AI综合评估 + O*NET/ILO/OECD锚点校准
GOV-0707-HK-general,公共管理与公务员,GOV,警察执法,边防警察,Border Patrol Agent,5412,33-3051.01,东亚,中国香港地区,HK,region,general,高中/大专,18-28,global,4.3,4.2,2.9,6.9,4.2,3.5,4.4,4.1,5.4,5.2,9.2,4.6,4.3,3.4,3.6,3.8,3.3,2.1,6.8,5.6,0.2,3.6,3.0,6.3,1.1,3.9,4.8,6.2,7.4,7.7,1.6,1.0,3.1,8.7,0,1,→,2032-2038,4.54,中国香港地区边防警察：就业极其稳定，无法远程办公，体能要求高,"Hong Kong (China) Border Patrol Agent: extremely stable employment, no remote work possible, high physical demands",AI综合评估 + O*NET/ILO/OECD锚点校准
GOV-0707-SG-general,公共管理与公务员,GOV,警察执法,边防警察,Border Patrol Agent,5412,33-3051.01,东南亚,新加坡,SG,country,general,高中/大专,18-28,global,4.1,4.5,2.9,8.0,4.2,3.4,5.1,4.2,6.1,6.0,9.9,5.5,4.2,3.7,4.1,3.9,3.3,2.0,6.9,6.8,0.7,4.2,3.4,6.7,1.2,4.3,5.0,6.6,7.2,7.7,1.0,0.9,2.6,8.7,0,0,→,2032-2038,4.87,新加坡边防警察：就业极其稳定，无法远程办公，体能要求高,"Singapore Border Patrol Agent: extremely stable employment, no remote work possible, high physical demands",AI综合评估 + O*NET/ILO/OECD锚点校准
GOV-0707-TH-general,公共管理与公务员,GOV,警察执法,边防警察,Border Patrol Agent,5412,33-3051.01,东南亚,泰国,TH,country,general,高中/大专,18-28,global,4.1,3.7,2.9,6.8,4.7,4.6,4.2,4.2,4.3,4.0,8.5,4.5,4.6,3.8,3.9,3.6,2.8,2.6,6.8,5.4,0.5,3.1,3.5,6.1,0.8,3.6,5.1,6.2,7.4,7.1,1.7,0.5,2.4,9.1,0,1,→,2032-2038,4.39,泰国边防警察：就业极其稳定，职业安全风险高，无法远程办公,"Thailand Border Patrol Agent: extremely stable employment, high safety risk, no remote work possible",AI综合评估 + O*NET/ILO/OECD锚点校准
GOV-0707-VN-general,公共管理与公务员,GOV,警察执法,边防警察,Border Patrol Agent,5412,33-3051.01,东南亚,越南,VN,country,general,高中/大专,18-28,global,4.2,4.2,3.6,7.0,5.3,4.8,4.2,3.9,3.7,4.4,8.7,4.6,4.3,3.8,4.0,3.5,2.7,2.8,6.7,5.7,0.5,3.2,3.4,5.9,0.8,3.4,4.9,6.8,7.3,7.9,1.5,0.5,2.0,9.2,0,2,↑,2032-2038,4.37,越南边防警察：就业极其稳定，薪资水平偏低，无法远程办公,"Vietnam Border Patrol Agent: extremely stable employment, relatively low pay, no remote work possible",AI综合评估 + O*NET/ILO/OECD锚点校准
GOV-0707-ID-general,公共管理与公务员,GOV,警察执法,边防警察,Border Patrol Agent,5412,33-3051.01,东南亚,印度尼西亚,ID,country,general,高中/大专,18-28,global,4.0,3.7,3.1,7.1,5.1,4.1,4.4,4.1,3.7,4.3,8.1,4.2,4.1,3.6,4.1,3.3,2.8,2.5,6.5,5.3,0.6,3.3,3.5,5.6,0.7,3.5,5.1,6.5,7.7,7.5,1.4,0.5,2.0,9.1,0,1,→,2032-2038,4.32,印度尼西亚边防警察：就业稳定，薪资水平偏低，职业安全风险高,"Indonesia Border Patrol Agent: stable employment, relatively low pay, high safety risk",AI综合评估 + O*NET/ILO/OECD锚点校准
GOV-0707-MY-general,公共管理与公务员,GOV,警察执法,边防警察,Border Patrol Agent,5412,33-3051.01,东南亚,马来西亚,MY,country,general,高中/大专,18-28,global,4.1,4.0,3.4,7.2,4.9,4.5,4.6,3.8,4.7,4.5,8.9,4.7,4.6,3.5,3.7,3.3,2.8,2.5,6.5,5.2,0.4,3.4,3.5,6.2,1.3,3.5,4.7,6.6,7.3,7.6,1.7,0.2,2.3,9.1,0,1,→,2032-2038,4.44,马来西亚边防警察：就业极其稳定，无法远程办公，体能要求高,"Malaysia Border Patrol Agent: extremely stable employment, no remote work possible, high physical demands",AI综合评估 + O*NET/ILO/OECD锚点校准
GOV-0707-PH-general,公共管理与公务员,GOV,警察执法,边防警察,Border Patrol Agent,5412,33-3051.01,东南亚,菲律宾,PH,country,general,高中/大专,18-28,global,4.3,4.0,2.9,6.6,4.8,4.3,4.2,4.1,3.7,4.1,7.7,4.3,4.1,3.9,3.7,3.3,2.9,2.8,6.2,5.1,0.3,3.5,3.2,5.8,1.1,3.7,4.9,6.3,7.3,7.2,1.5,0.2,2.6,8.8,0,1,→,2032-2038,4.23,菲律宾边防警察：就业稳定，薪资水平偏低，职业安全风险高,"Philippines Border Patrol Agent: stable employment, relatively low pay, high safety risk",AI综合评估 + O*NET/ILO/OECD锚点校准
GOV-0707-IN-general,公共管理与公务员,GOV,警察执法,边防警察,Border Patrol Agent,5412,33-3051.01,南亚,印度,IN,country,general,高中/大专,18-28,global,4.1,4.6,3.0,7.5,4.7,4.8,5.3,4.5,4.3,4.4,8.6,4.4,4.3,3.4,4.0,3.6,3.1,2.6,6.2,5.9,0.4,3.1,3.2,5.6,1.1,2.9,5.2,6.4,7.7,8.2,1.7,0.4,2.7,9.4,0,2,↑,2032-2038,4.39,印度边防警察：就业极其稳定，准入门槛高，职业安全风险高,"India Border Patrol Agent: extremely stable employment, high entry barrier, high safety risk",AI综合评估 + O*NET/ILO/OECD锚点校准
GOV-0707-PK-general,公共管理与公务员,GOV,警察执法,边防警察,Border Patrol Agent,5412,33-3051.01,南亚,巴基斯坦,PK,country,general,高中/大专,18-28,global,3.9,4.1,3.2,6.9,4.6,4.4,4.4,3.9,3.9,3.8,7.6,4.1,3.9,3.2,3.6,3.4,2.6,2.8,6.7,5.1,0.2,2.8,3.0,5.7,0.7,2.7,4.8,6.7,7.4,7.6,1.6,0.1,2.4,9.3,0,1,→,2032-2038,4.15,巴基斯坦边防警察：就业稳定，薪资水平偏低，职业安全风险高,"Pakistan Border Patrol Agent: stable employment, relatively low pay, high safety risk",AI综合评估 + O*NET/ILO/OECD锚点校准
GOV-0707-BD-general,公共管理与公务员,GOV,警察执法,边防警察,Border Patrol Agent,5412,33-3051.01,南亚,孟加拉国,BD,country,general,高中/大专,18-28,global,4.0,3.9,3.2,7.1,4.8,4.2,4.8,3.9,3.8,3.8,8.0,4.1,4.3,3.2,3.7,3.3,3.0,2.9,6.3,5.0,0.4,3.2,2.9,5.3,0.7,2.9,4.5,6.5,7.8,7.8,1.5,0.0,2.2,8.7,0,1,→,2032-2038,4.17,孟加拉国边防警察：就业稳定，薪资水平偏低，职业安全风险高,"Bangladesh Border Patrol Agent: stable employment, relatively low pay, high safety risk",AI综合评估 + O*NET/ILO/OECD锚点校准
GOV-0707-AE-general,公共管理与公务员,GOV,警察执法,边防警察,Border Patrol Agent,5412,33-3051.01,中亚/西亚,阿联酋,AE,country,general,高中/大专,18-28,global,3.8,4.1,3.5,7.2,4.5,4.5,3.9,3.6,5.7,5.6,9.5,5.2,4.5,3.9,3.7,3.4,3.3,2.2,6.8,5.7,0.3,4.0,3.2,6.6,1.1,3.4,4.9,6.4,7.3,6.9,1.5,0.4,2.8,8.9,0,1,→,2032-2038,4.67,阿联酋边防警察：就业极其稳定，无法远程办公，体能要求高,"United Arab Emirates Border Patrol Agent: extremely stable employment, no remote work possible, high physical demands",AI综合评估 + O*NET/ILO/OECD锚点校准
GOV-0707-IL-general,公共管理与公务员,GOV,警察执法,边防警察,Border Patrol Agent,5412,33-3051.01,中亚/西亚,以色列,IL,country,general,高中/大专,18-28,global,4.1,4.1,2.8,7.1,4.2,4.0,4.6,3.8,4.8,4.6,8.7,4.6,4.5,3.8,3.9,3.5,3.1,2.5,6.3,5.5,0.3,3.8,3.7,6.0,1.3,4.0,4.9,6.4,7.4,7.1,1.8,0.3,2.9,9.2,0,1,→,2032-2038,4.45,以色列边防警察：就业极其稳定，无法远程办公，体能要求高,"Israel Border Patrol Agent: extremely stable employment, no remote work possible, high physical demands",AI综合评估 + O*NET/ILO/OECD锚点校准
GOV-0707-SA-general,公共管理与公务员,GOV,警察执法,边防警察,Border Patrol Agent,5412,33-3051.01,中亚/西亚,沙特阿拉伯,SA,country,general,高中/大专,18-28,global,4.1,4.0,3.6,7.6,4.8,4.9,3.9,4.1,5.8,5.5,9.2,4.8,4.3,3.7,3.7,3.4,3.1,2.4,6.6,5.5,0.4,3.3,3.1,5.9,1.2,2.8,5.2,6.4,7.6,7.3,1.5,0.7,2.4,9.3,0,2,↑,2032-2038,4.57,沙特阿拉伯边防警察：就业极其稳定，无法远程办公，体能要求高,"Saudi Arabia Border Patrol Agent: extremely stable employment, no remote work possible, high physical demands",AI综合评估 + O*NET/ILO/OECD锚点校准
GOV-0707-TR-general,公共管理与公务员,GOV,警察执法,边防警察,Border Patrol Agent,5412,33-3051.01,中亚/西亚,土耳其,TR,country,general,高中/大专,18-28,global,4.3,4.0,3.2,7.1,4.5,4.2,4.5,4.1,3.9,4.0,8.2,4.5,4.3,3.3,4.1,3.2,2.7,2.8,6.6,5.5,0.7,3.2,3.3,5.8,0.7,3.2,4.8,6.5,7.4,7.5,1.7,0.5,2.7,9.1,0,1,→,2032-2038,4.3,土耳其边防警察：就业稳定，薪资水平偏低，职业安全风险高,"Turkey Border Patrol Agent: stable employment, relatively low pay, high safety risk",AI综合评估 + O*NET/ILO/OECD锚点校准
GOV-0707-GB-general,公共管理与公务员,GOV,警察执法,边防警察,Border Patrol Agent,5412,33-3051.01,西欧,英国,GB,country,general,高中/大专,18-28,global,4.4,4.3,2.8,7.2,4.3,3.6,4.5,3.9,5.4,5.0,9.5,4.8,4.8,4.8,4.7,3.9,3.3,2.3,6.6,6.0,0.5,3.9,4.3,6.6,0.9,4.1,5.4,6.7,7.6,7.4,1.4,0.5,2.6,9.0,0,1,→,2032-2038,4.69,英国边防警察：就业极其稳定，无法远程办公，体能要求高,"United Kingdom Border Patrol Agent: extremely stable employment, no remote work possible, high physical demands",AI综合评估 + O*NET/ILO/OECD锚点校准
GOV-0707-FR-general,公共管理与公务员,GOV,警察执法,边防警察,Border Patrol Agent,5412,33-3051.01,西欧,法国,FR,country,general,高中/大专,18-28,global,4.3,4.3,3.5,7.1,5.3,4.9,4.5,4.1,4.6,4.9,9.1,4.8,5.0,4.8,4.4,3.7,3.2,2.5,6.8,6.4,0.8,4.2,4.3,5.9,0.8,4.0,5.3,6.3,7.7,7.9,1.1,0.4,3.0,9.1,0,2,↑,2032-2038,4.71,法国边防警察：就业极其稳定，无法远程办公，体能要求高,"France Border Patrol Agent: extremely stable employment, no remote work possible, high physical demands",AI综合评估 + O*NET/ILO/OECD锚点校准
GOV-0707-DE-general,公共管理与公务员,GOV,警察执法,边防警察,Border Patrol Agent,5412,33-3051.01,西欧,德国,DE,country,general,高中/大专,18-28,global,4.1,4.3,3.1,7.3,4.3,4.2,4.4,4.2,5.3,5.4,9.5,5.1,5.0,4.7,4.7,3.5,3.1,2.0,6.5,6.5,0.7,3.8,4.3,6.4,1.2,4.1,5.3,6.6,7.3,7.8,1.3,0.7,2.5,9.3,0,1,→,2032-2038,4.75,德国边防警察：就业极其稳定，无法远程办公，体能要求高,"Germany Border Patrol Agent: extremely stable employment, no remote work possible, high physical demands",AI综合评估 + O*NET/ILO/OECD锚点校准
GOV-0707-NL-general,公共管理与公务员,GOV,警察执法,边防警察,Border Patrol Agent,5412,33-3051.01,西欧,荷兰,NL,country,general,高中/大专,18-28,global,4.3,3.8,2.9,7.3,4.5,3.9,4.1,3.9,5.2,5.5,9.4,5.2,4.8,5.0,4.7,3.8,3.2,2.2,6.9,6.3,1.0,3.9,4.6,6.4,1.2,4.7,5.2,6.3,7.7,7.3,1.6,1.0,3.0,9.0,0,1,→,2032-2038,4.8,荷兰边防警察：就业极其稳定，无法远程办公，体能要求高,"Netherlands Border Patrol Agent: extremely stable employment, no remote work possible, high physical demands",AI综合评估 + O*NET/ILO/OECD锚点校准
GOV-0707-CH-general,公共管理与公务员,GOV,警察执法,边防警察,Border Patrol Agent,5412,33-3051.01,西欧,瑞士,CH,country,general,高中/大专,18-28,global,4.5,4.2,2.7,7.8,4.1,3.4,4.7,3.9,6.0,5.5,10.0,5.3,5.0,4.8,4.5,3.6,3.1,2.1,6.8,6.2,0.9,4.3,4.2,6.6,1.2,4.1,5.1,6.6,7.8,7.3,1.3,0.8,2.5,8.9,0,0,→,2032-2038,4.83,瑞士边防警察：就业极其稳定，无法远程办公，体能要求高,"Switzerland Border Patrol Agent: extremely stable employment, no remote work possible, high physical demands",AI综合评估 + O*NET/ILO/OECD锚点校准
GOV-0707-SE-general,公共管理与公务员,GOV,警察执法,边防警察,Border Patrol Agent,5412,33-3051.01,北欧,瑞典,SE,country,general,高中/大专,18-28,global,3.9,3.9,3.2,7.6,5.0,4.6,3.9,3.7,5.2,4.9,9.7,5.3,5.0,5.1,4.6,3.9,3.5,1.9,6.9,6.3,0.8,4.1,4.7,6.7,1.1,5.1,5.2,6.4,7.3,7.3,1.3,0.8,2.9,9.2,0,1,→,2032-2038,4.89,瑞典边防警察：就业极其稳定，无法远程办公，体能要求高,"Sweden Border Patrol Agent: extremely stable employment, no remote work possible, high physical demands",AI综合评估 + O*NET/ILO/OECD锚点校准
GOV-0707-DK-general,公共管理与公务员,GOV,警察执法,边防警察,Border Patrol Agent,5412,33-3051.01,北欧,丹麦,DK,country,general,高中/大专,18-28,global,4.4,3.9,3.1,7.4,4.8,4.6,4.3,3.9,5.4,5.3,9.8,5.2,5.0,5.4,4.8,3.7,3.6,2.1,6.8,6.4,1.0,4.0,4.3,6.9,1.4,5.0,5.4,6.4,7.5,7.5,1.2,0.7,2.9,9.0,0,1,→,2032-2038,4.91,丹麦边防警察：就业极其稳定，无法远程办公，体能要求高,"Denmark Border Patrol Agent: extremely stable employment, no remote work possible, high physical demands",AI综合评估 + O*NET/ILO/OECD锚点校准
GOV-0707-FI-general,公共管理与公务员,GOV,警察执法,边防警察,Border Patrol Agent,5412,33-3051.01,北欧,芬兰,FI,country,general,高中/大专,18-28,global,4.5,4.4,3.5,7.6,4.8,4.1,4.4,4.2,4.9,5.4,10.0,5.2,4.9,5.4,4.8,4.0,3.0,2.1,6.6,5.9,1.0,4.2,4.4,6.7,1.3,4.8,5.5,6.5,7.5,7.2,1.4,1.0,2.6,8.8,0,1,→,2032-2038,4.88,芬兰边防警察：就业极其稳定，无法远程办公，体能要求高,"Finland Border Patrol Agent: extremely stable employment, no remote work possible, high physical demands",AI综合评估 + O*NET/ILO/OECD锚点校准
GOV-0707-IT-general,公共管理与公务员,GOV,警察执法,边防警察,Border Patrol Agent,5412,33-3051.01,南欧,意大利,IT,country,general,高中/大专,18-28,global,4.3,4.0,3.4,7.2,4.7,4.6,4.7,3.9,4.4,4.8,9.2,4.6,4.5,4.2,4.2,3.4,3.0,2.4,6.7,6.1,0.8,3.3,3.7,5.8,0.9,3.6,5.2,6.2,7.2,7.9,1.1,0.4,2.6,9.3,0,1,→,2032-2038,4.55,意大利边防警察：就业极其稳定，无法远程办公，体能要求高,"Italy Border Patrol Agent: extremely stable employment, no remote work possible, high physical demands",AI综合评估 + O*NET/ILO/OECD锚点校准
GOV-0707-ES-general,公共管理与公务员,GOV,警察执法,边防警察,Border Patrol Agent,5412,33-3051.01,南欧,西班牙,ES,country,general,高中/大专,18-28,global,4.0,4.1,2.8,7.0,4.7,4.1,4.7,4.1,4.9,4.9,9.0,4.7,4.6,4.4,4.5,3.9,3.3,2.3,6.8,5.9,0.6,3.6,4.0,6.4,1.0,4.0,5.3,6.7,7.7,8.0,1.6,0.9,2.8,8.8,0,1,→,2032-2038,4.65,西班牙边防警察：就业极其稳定，准入门槛高，无法远程办公,"Spain Border Patrol Agent: extremely stable employment, high entry barrier, no remote work possible",AI综合评估 + O*NET/ILO/OECD锚点校准
GOV-0707-PT-general,公共管理与公务员,GOV,警察执法,边防警察,Border Patrol Agent,5412,33-3051.01,南欧,葡萄牙,PT,country,general,高中/大专,18-28,global,4.0,4.3,2.9,7.3,4.7,3.8,4.7,4.1,4.1,4.4,8.9,4.9,5.0,4.7,4.4,3.7,2.9,2.3,6.3,5.5,0.7,3.9,3.7,6.7,0.9,4.4,5.1,6.3,7.7,7.9,1.4,0.4,2.7,9.0,0,1,→,2032-2038,4.54,葡萄牙边防警察：就业极其稳定，无法远程办公，体能要求高,"Portugal Border Patrol Agent: extremely stable employment, no remote work possible, high physical demands",AI综合评估 + O*NET/ILO/OECD锚点校准
GOV-0707-PL-general,公共管理与公务员,GOV,警察执法,边防警察,Border Patrol Agent,5412,33-3051.01,东欧,波兰,PL,country,general,高中/大专,18-28,global,4.1,4.3,3.0,6.8,4.6,4.2,4.3,3.9,4.1,4.6,8.8,4.6,4.9,4.7,4.2,3.4,3.2,2.5,6.7,5.6,0.6,3.8,3.6,6.0,1.3,4.0,5.0,6.7,7.5,7.7,1.5,0.7,2.4,8.7,0,1,→,2032-2038,4.5,波兰边防警察：就业极其稳定，无法远程办公，体能要求高,"Poland Border Patrol Agent: extremely stable employment, no remote work possible, high physical demands",AI综合评估 + O*NET/ILO/OECD锚点校准
GOV-0707-CZ-general,公共管理与公务员,GOV,警察执法,边防警察,Border Patrol Agent,5412,33-3051.01,东欧,捷克,CZ,country,general,高中/大专,18-28,global,3.9,4.0,3.0,7.0,4.6,3.5,4.3,3.8,4.3,4.9,9.1,4.7,4.5,4.7,4.2,3.6,3.3,2.2,6.7,5.3,0.7,3.8,4.2,6.1,1.1,3.9,5.0,6.7,7.7,7.5,1.5,0.8,2.4,8.8,0,1,→,2032-2038,4.57,捷克边防警察：就业极其稳定，无法远程办公，体能要求高,"Czech Republic Border Patrol Agent: extremely stable employment, no remote work possible, high physical demands",AI综合评估 + O*NET/ILO/OECD锚点校准
GOV-0707-RU-general,公共管理与公务员,GOV,警察执法,边防警察,Border Patrol Agent,5412,33-3051.01,东欧,俄罗斯,RU,country,general,高中/大专,18-28,global,3.9,4.0,3.5,7.1,5.0,4.7,4.3,3.7,4.0,4.2,8.5,4.2,4.5,4.0,4.1,3.4,2.8,2.7,6.4,5.3,0.3,3.2,3.0,5.4,1.0,3.9,4.6,6.3,7.5,7.0,1.6,0.3,2.1,8.9,0,2,↑,2032-2038,4.33,俄罗斯边防警察：就业极其稳定，薪资水平偏低，职业安全风险高,"Russia Border Patrol Agent: extremely stable employment, relatively low pay, high safety risk",AI综合评估 + O*NET/ILO/OECD锚点校准
GOV-0707-US-general,公共管理与公务员,GOV,警察执法,边防警察,Border Patrol Agent,5412,33-3051.01,北美,美国,US,country,general,高中/大专,18-28,global,4.0,4.2,2.8,7.2,4.4,3.6,4.5,3.9,5.5,4.8,9.1,4.5,4.4,4.2,3.9,3.9,3.1,2.2,6.6,5.7,0.5,4.0,3.3,6.1,1.3,4.5,4.9,6.3,7.8,7.5,1.3,0.4,2.5,8.9,0,1,→,2032-2038,4.57,美国边防警察：就业极其稳定，职业安全风险高，无法远程办公,"United States Border Patrol Agent: extremely stable employment, high safety risk, no remote work possible",AI综合评估 + O*NET/ILO/OECD锚点校准
GOV-0707-CA-general,公共管理与公务员,GOV,警察执法,边防警察,Border Patrol Agent,5412,33-3051.01,北美,加拿大,CA,country,general,高中/大专,18-28,global,4.1,3.9,3.3,7.1,4.1,3.8,4.2,3.7,5.4,5.3,9.7,5.0,4.9,4.6,4.5,3.9,3.1,2.1,6.4,6.2,1.0,4.2,3.8,6.3,1.1,4.5,5.0,6.2,7.4,7.6,1.5,0.7,2.9,9.2,0,1,→,2032-2038,4.72,加拿大边防警察：就业极其稳定，无法远程办公，体能要求高,"Canada Border Patrol Agent: extremely stable employment, no remote work possible, high physical demands",AI综合评估 + O*NET/ILO/OECD锚点校准
GOV-0707-MX-general,公共管理与公务员,GOV,警察执法,边防警察,Border Patrol Agent,5412,33-3051.01,北美,墨西哥,MX,country,general,高中/大专,18-28,global,3.9,3.8,3.2,7.0,4.5,4.4,4.5,4.0,3.6,4.4,7.8,4.2,4.2,3.8,3.8,3.6,3.1,2.8,6.7,4.9,0.5,3.3,3.5,5.7,1.1,3.2,5.2,6.7,7.3,7.4,1.6,0.5,2.6,9.1,0,1,→,2032-2038,4.32,墨西哥边防警察：就业稳定，薪资水平偏低，职业安全风险高,"Mexico Border Patrol Agent: stable employment, relatively low pay, high safety risk",AI综合评估 + O*NET/ILO/OECD锚点校准
GOV-0707-BR-general,公共管理与公务员,GOV,警察执法,边防警察,Border Patrol Agent,5412,33-3051.01,南美,巴西,BR,country,general,高中/大专,18-28,global,4.1,4.3,3.1,7.3,4.8,4.7,4.5,4.2,4.6,4.7,8.3,4.3,4.6,3.9,4.1,3.6,2.8,2.5,6.6,5.5,0.3,3.2,3.3,5.6,1.0,3.7,4.9,6.6,7.6,7.5,1.6,0.7,2.2,9.1,0,2,↑,2032-2038,4.43,巴西边防警察：就业稳定，职业安全风险高，无法远程办公,"Brazil Border Patrol Agent: stable employment, high safety risk, no remote work possible",AI综合评估 + O*NET/ILO/OECD锚点校准
GOV-0707-AR-general,公共管理与公务员,GOV,警察执法,边防警察,Border Patrol Agent,5412,33-3051.01,南美,阿根廷,AR,country,general,高中/大专,18-28,global,3.7,3.8,3.3,7.0,4.8,4.3,3.8,3.7,4.0,4.1,8.0,4.0,4.5,3.7,3.8,3.2,3.0,2.6,6.7,4.5,0.1,3.5,3.6,5.6,0.7,3.5,4.9,6.6,7.4,6.9,1.6,0.2,2.3,8.9,-1,2,↑,2032-2038,4.28,阿根廷边防警察：就业稳定，薪资水平偏低，职业安全风险高,"Argentina Border Patrol Agent: stable employment, relatively low pay, high safety risk",AI综合评估 + O*NET/ILO/OECD锚点校准
GOV-0707-CL-general,公共管理与公务员,GOV,警察执法,边防警察,Border Patrol Agent,5412,33-3051.01,南美,智利,CL,country,general,高中/大专,18-28,global,3.9,3.6,2.7,7.0,4.1,3.8,4.4,3.8,4.7,4.9,8.6,4.6,4.5,4.2,4.3,3.3,3.1,2.3,6.8,5.7,0.2,3.8,3.6,6.3,1.0,3.2,5.1,6.4,7.8,7.3,1.2,0.5,2.5,8.9,0,1,→,2032-2038,4.5,智利边防警察：就业极其稳定，无法远程办公，体能要求高,"Chile Border Patrol Agent: extremely stable employment, no remote work possible, high physical demands",AI综合评估 + O*NET/ILO/OECD锚点校准
GOV-0707-CO-general,公共管理与公务员,GOV,警察执法,边防警察,Border Patrol Agent,5412,33-3051.01,南美,哥伦比亚,CO,country,general,高中/大专,18-28,global,3.8,4.0,3.1,6.8,4.3,4.0,4.3,4.1,3.8,4.3,7.9,4.1,4.2,3.6,3.7,3.2,3.0,2.7,6.4,4.9,0.6,3.5,3.2,5.9,0.8,3.5,4.8,6.5,7.7,7.3,1.4,0.1,2.4,9.1,0,1,→,2032-2038,4.25,哥伦比亚边防警察：就业稳定，薪资水平偏低，职业安全风险高,"Colombia Border Patrol Agent: stable employment, relatively low pay, high safety risk",AI综合评估 + O*NET/ILO/OECD锚点校准
GOV-0707-AU-general,公共管理与公务员,GOV,警察执法,边防警察,Border Patrol Agent,5412,33-3051.01,大洋洲,澳大利亚,AU,country,general,高中/大专,18-28,global,4.2,3.9,2.9,7.3,4.5,3.9,4.5,4.1,5.5,5.2,9.7,5.0,5.2,4.8,4.5,3.4,3.5,2.3,6.6,6.2,0.7,3.7,4.0,6.4,1.1,4.8,5.4,6.8,7.6,7.3,1.5,0.9,3.0,9.1,0,1,→,2032-2038,4.78,澳大利亚边防警察：就业极其稳定，无法远程办公，体能要求高,"Australia Border Patrol Agent: extremely stable employment, no remote work possible, high physical demands",AI综合评估 + O*NET/ILO/OECD锚点校准
GOV-0707-NZ-general,公共管理与公务员,GOV,警察执法,边防警察,Border Patrol Agent,5412,33-3051.01,大洋洲,新西兰,NZ,country,general,高中/大专,18-28,global,4.2,3.8,3.1,7.6,4.4,3.5,4.2,3.7,5.2,5.0,9.9,5.3,5.0,5.1,4.8,3.8,3.4,1.9,6.5,6.2,0.7,4.1,4.5,6.7,1.1,5.1,5.5,6.3,7.6,7.1,1.5,1.0,3.0,9.0,0,1,→,2032-2038,4.84,新西兰边防警察：就业极其稳定，无法远程办公，体能要求高,"New Zealand Border Patrol Agent: extremely stable employment, no remote work possible, high physical demands",AI综合评估 + O*NET/ILO/OECD锚点校准
GOV-0707-ZA-general,公共管理与公务员,GOV,警察执法,边防警察,Border Patrol Agent,5412,33-3051.01,非洲,南非,ZA,country,general,高中/大专,18-28,global,3.7,4.0,3.2,6.6,4.8,4.0,4.2,3.8,4.4,4.2,7.9,4.3,4.2,4.0,3.9,3.2,3.0,2.5,6.6,5.1,0.1,3.2,3.5,5.4,1.0,3.7,4.6,6.7,7.6,7.2,1.5,0.3,2.5,9.1,0,1,→,2032-2038,4.31,南非边防警察：就业稳定，职业安全风险高，无法远程办公,"South Africa Border Patrol Agent: stable employment, high safety risk, no remote work possible",AI综合评估 + O*NET/ILO/OECD锚点校准
GOV-0707-NG-general,公共管理与公务员,GOV,警察执法,边防警察,Border Patrol Agent,5412,33-3051.01,非洲,尼日利亚,NG,country,general,高中/大专,18-28,global,3.6,3.8,2.8,6.6,4.9,4.3,3.8,4.0,3.5,3.8,7.2,4.0,4.0,3.3,3.4,3.2,2.6,2.6,6.2,4.4,0.6,3.3,2.8,5.4,1.1,2.6,5.0,6.2,7.4,7.2,1.4,0.5,2.2,9.0,-1,1,→,2032-2038,4.08,尼日利亚边防警察：薪资水平偏低，职业安全风险高，无法远程办公,"Nigeria Border Patrol Agent: relatively low pay, high safety risk, no remote work possible",AI综合评估 + O*NET/ILO/OECD锚点校准
GOV-0707-KE-general,公共管理与公务员,GOV,警察执法,边防警察,Border Patrol Agent,5412,33-3051.01,非洲,肯尼亚,KE,country,general,高中/大专,18-28,global,4.0,4.1,3.2,6.8,4.9,4.1,4.3,3.7,4.0,4.1,7.7,4.1,4.4,3.8,3.9,3.4,3.0,2.9,6.1,4.9,0.6,3.2,3.2,5.5,1.2,2.9,4.9,6.4,7.3,7.2,1.6,0.2,2.2,8.8,-1,1,→,2032-2038,4.21,肯尼亚边防警察：就业稳定，薪资水平偏低，职业安全风险高,"Kenya Border Patrol Agent: stable employment, relatively low pay, high safety risk",AI综合评估 + O*NET/ILO/OECD锚点校准
GOV-0707-EG-general,公共管理与公务员,GOV,警察执法,边防警察,Border Patrol Agent,5412,33-3051.01,非洲,埃及,EG,country,general,高中/大专,18-28,global,3.7,3.9,3.0,7.1,5.4,4.7,4.2,4.1,3.5,3.8,8.0,4.2,4.2,3.8,3.8,3.6,2.7,2.7,6.7,5.1,0.6,3.1,3.0,5.8,0.8,2.7,5.1,6.4,7.2,7.2,1.4,0.6,2.0,9.4,0,2,↑,2032-2038,4.27,埃及边防警察：就业稳定，薪资水平偏低，职业安全风险高,"Egypt Border Patrol Agent: stable employment, relatively low pay, high safety risk",AI综合评估 + O*NET/ILO/OECD锚点校准
GOV-0801-CN-general,公共管理与公务员,GOV,消防应急,消防员,Firefighter,5411,33-2011.00,东亚,中国,CN,country,general,高中/大专,18-25,global,4.5,4.5,3.9,7.1,5.7,6.8,4.9,4.3,4.8,5.6,9.2,3.3,2.5,4.0,3.3,3.9,3.3,1.0,8.1,7.9,0.4,3.4,3.1,8.3,1.2,2.8,4.1,7.5,9.0,8.0,0.6,1.3,3.1,9.0,0,1,→,2035+,4.9,中国消防员：就业极其稳定，准入门槛高，职业安全风险高,"China Firefighter: extremely stable employment, high entry barrier, high safety risk",AI综合评估 + O*NET/ILO/OECD锚点校准
GOV-0801-JP-general,公共管理与公务员,GOV,消防应急,消防员,Firefighter,5411,33-2011.00,东亚,日本,JP,country,general,高中/大专,18-25,global,4.4,4.4,4.0,7.2,5.0,5.7,5.0,4.0,5.6,5.9,9.7,3.5,3.2,4.5,4.2,4.2,3.4,0.8,8.2,8.1,0.2,3.6,3.3,9.0,1.3,2.8,4.1,7.8,8.9,7.7,0.2,1.8,2.8,9.1,0,0,→,2035+,5.08,日本消防员：就业极其稳定，职业安全风险高，AI替代抗性强,"Japan Firefighter: extremely stable employment, high safety risk, strong AI resistance",AI综合评估 + O*NET/ILO/OECD锚点校准
GOV-0801-KR-general,公共管理与公务员,GOV,消防应急,消防员,Firefighter,5411,33-2011.00,东亚,韩国,KR,country,general,高中/大专,18-25,global,4.9,4.7,3.7,6.6,4.9,5.7,5.4,4.2,4.9,5.6,9.0,3.3,3.1,4.3,3.9,4.4,3.7,0.9,7.9,8.0,0.3,3.4,2.9,9.0,1.2,2.3,4.1,7.4,8.9,7.4,0.1,1.8,3.1,9.0,0,0,→,2035+,4.92,韩国消防员：就业极其稳定，职业安全风险高，AI替代抗性强,"South Korea Firefighter: extremely stable employment, high safety risk, strong AI resistance",AI综合评估 + O*NET/ILO/OECD锚点校准
GOV-0801-TW-general,公共管理与公务员,GOV,消防应急,消防员,Firefighter,5411,33-2011.00,东亚,中国台湾地区,TW,region,general,高中/大专,18-25,global,4.5,4.1,3.5,6.9,4.7,5.5,4.9,4.2,4.6,5.2,9.0,3.3,3.1,4.6,4.0,4.3,3.5,0.7,8.1,8.2,0.3,3.6,3.1,8.9,0.9,3.4,4.2,7.4,9.2,7.6,0.7,1.7,2.7,9.1,0,0,→,2035+,4.91,中国台湾地区消防员：就业极其稳定，职业安全风险高，AI替代抗性强,"Taiwan (China) Firefighter: extremely stable employment, high safety risk, strong AI resistance",AI综合评估 + O*NET/ILO/OECD锚点校准
GOV-0801-HK-general,公共管理与公务员,GOV,消防应急,消防员,Firefighter,5411,33-2011.00,东亚,中国香港地区,HK,region,general,高中/大专,18-25,global,4.3,4.2,3.5,6.9,4.7,4.8,4.6,4.0,5.7,5.7,9.4,3.1,2.5,4.0,3.8,4.3,3.8,0.9,8.4,7.8,0.4,3.7,3.1,8.7,1.2,3.5,4.2,7.4,8.9,6.9,0.5,1.6,3.2,9.1,0,0,→,2035+,4.98,中国香港地区消防员：就业极其稳定，职业安全风险高，AI替代抗性强,"Hong Kong (China) Firefighter: extremely stable employment, high safety risk, strong AI resistance",AI综合评估 + O*NET/ILO/OECD锚点校准
GOV-0801-SG-general,公共管理与公务员,GOV,消防应急,消防员,Firefighter,5411,33-2011.00,东南亚,新加坡,SG,country,general,高中/大专,18-25,global,4.7,4.4,3.4,7.1,4.5,5.0,4.6,4.2,6.2,6.4,10.0,3.7,3.2,4.5,3.8,4.3,3.8,0.6,8.2,8.1,0.2,3.9,3.2,9.0,1.4,3.9,3.6,7.6,9.2,7.4,0.4,2.1,3.3,8.9,0,-1,→,2035+,5.13,新加坡消防员：就业极其稳定，职业安全风险高，AI替代抗性强,"Singapore Firefighter: extremely stable employment, high safety risk, strong AI resistance",AI综合评估 + O*NET/ILO/OECD锚点校准
GOV-0801-TH-general,公共管理与公务员,GOV,消防应急,消防员,Firefighter,5411,33-2011.00,东南亚,泰国,TH,country,general,高中/大专,18-25,global,4.4,3.9,3.5,6.5,5.3,6.0,4.5,3.7,4.1,4.5,8.4,3.1,2.7,4.6,3.9,3.9,3.5,1.1,7.8,7.4,0.4,3.4,3.8,8.4,0.7,3.0,4.2,7.5,9.2,7.1,0.5,1.2,2.9,9.3,0,0,→,2035+,4.73,泰国消防员：就业稳定，职业安全风险高，AI替代抗性强,"Thailand Firefighter: stable employment, high safety risk, strong AI resistance",AI综合评估 + O*NET/ILO/OECD锚点校准
GOV-0801-VN-general,公共管理与公务员,GOV,消防应急,消防员,Firefighter,5411,33-2011.00,东南亚,越南,VN,country,general,高中/大专,18-25,global,4.5,4.1,3.9,6.9,5.5,6.7,4.3,3.9,3.6,4.6,8.7,3.2,3.2,4.2,3.7,4.1,3.3,1.3,8.1,7.7,0.3,3.1,3.3,8.5,0.6,3.3,3.9,7.6,9.2,7.4,0.2,1.5,2.6,9.1,0,1,→,2035+,4.75,越南消防员：就业极其稳定，薪资水平偏低，职业安全风险高,"Vietnam Firefighter: extremely stable employment, relatively low pay, high safety risk",AI综合评估 + O*NET/ILO/OECD锚点校准
GOV-0801-ID-general,公共管理与公务员,GOV,消防应急,消防员,Firefighter,5411,33-2011.00,东南亚,印度尼西亚,ID,country,general,高中/大专,18-25,global,4.6,3.6,3.3,6.6,5.1,5.7,4.3,4.2,3.8,4.8,8.1,3.0,2.7,4.2,4.0,3.7,3.1,1.2,8.0,7.1,0.3,3.4,3.4,8.1,1.0,2.9,3.8,7.7,9.3,7.1,0.4,1.3,3.1,9.2,0,0,→,2035+,4.67,印度尼西亚消防员：就业稳定，薪资水平偏低，职业安全风险高,"Indonesia Firefighter: stable employment, relatively low pay, high safety risk",AI综合评估 + O*NET/ILO/OECD锚点校准
GOV-0801-MY-general,公共管理与公务员,GOV,消防应急,消防员,Firefighter,5411,33-2011.00,东南亚,马来西亚,MY,country,general,高中/大专,18-25,global,4.8,4.3,3.4,6.6,5.2,5.8,4.3,4.0,4.7,4.9,8.6,3.2,2.9,4.1,3.9,4.0,3.2,1.1,8.2,7.6,0.4,3.2,3.4,8.4,0.9,3.3,3.7,7.4,9.2,6.7,0.2,1.2,2.8,9.3,0,0,→,2035+,4.76,马来西亚消防员：就业极其稳定，职业安全风险高，AI替代抗性强,"Malaysia Firefighter: extremely stable employment, high safety risk, strong AI resistance",AI综合评估 + O*NET/ILO/OECD锚点校准
GOV-0801-PH-general,公共管理与公务员,GOV,消防应急,消防员,Firefighter,5411,33-2011.00,东南亚,菲律宾,PH,country,general,高中/大专,18-25,global,4.7,4.2,3.4,6.5,5.0,5.6,4.2,3.8,3.5,4.5,7.9,2.7,2.9,4.4,4.2,3.8,3.7,1.0,7.7,7.1,0.3,3.3,3.6,8.1,0.9,3.4,4.2,7.5,8.8,6.8,0.3,1.5,3.2,9.3,0,0,→,2035+,4.64,菲律宾消防员：就业稳定，薪资水平偏低，职业安全风险高,"Philippines Firefighter: stable employment, relatively low pay, high safety risk",AI综合评估 + O*NET/ILO/OECD锚点校准
GOV-0801-IN-general,公共管理与公务员,GOV,消防应急,消防员,Firefighter,5411,33-2011.00,南亚,印度,IN,country,general,高中/大专,18-25,global,4.8,4.5,3.6,6.8,5.4,6.1,4.9,4.2,4.4,4.9,8.7,3.0,2.7,3.9,3.5,3.9,3.3,1.3,8.3,8.0,0.2,3.5,3.1,8.3,1.2,2.5,3.9,7.5,9.1,7.8,0.3,1.3,3.2,9.3,0,1,→,2035+,4.76,印度消防员：就业极其稳定，职业安全风险高，AI替代抗性强,"India Firefighter: extremely stable employment, high safety risk, strong AI resistance",AI综合评估 + O*NET/ILO/OECD锚点校准
GOV-0801-PK-general,公共管理与公务员,GOV,消防应急,消防员,Firefighter,5411,33-2011.00,南亚,巴基斯坦,PK,country,general,高中/大专,18-25,global,4.3,4.0,3.7,6.4,5.1,5.8,4.6,4.1,3.7,4.4,7.7,2.7,2.8,4.2,3.8,3.9,3.5,1.4,8.0,7.5,0.1,3.0,2.9,8.4,0.7,2.1,3.6,7.7,9.1,7.4,0.4,1.5,2.8,9.0,0,0,→,2035+,4.6,巴基斯坦消防员：就业稳定，薪资水平偏低，职业安全风险高,"Pakistan Firefighter: stable employment, relatively low pay, high safety risk",AI综合评估 + O*NET/ILO/OECD锚点校准
GOV-0801-BD-general,公共管理与公务员,GOV,消防应急,消防员,Firefighter,5411,33-2011.00,南亚,孟加拉国,BD,country,general,高中/大专,18-25,global,4.5,3.8,3.8,6.4,5.3,5.9,4.4,4.2,3.6,4.3,8.0,2.9,2.8,3.8,3.5,3.7,3.4,1.3,7.8,7.5,0.5,3.0,3.1,8.3,0.6,2.0,3.6,7.3,8.7,7.0,0.3,1.4,2.6,9.0,0,0,→,2035+,4.59,孟加拉国消防员：就业稳定，薪资水平偏低，职业安全风险高,"Bangladesh Firefighter: stable employment, relatively low pay, high safety risk",AI综合评估 + O*NET/ILO/OECD锚点校准
GOV-0801-AE-general,公共管理与公务员,GOV,消防应急,消防员,Firefighter,5411,33-2011.00,中亚/西亚,阿联酋,AE,country,general,高中/大专,18-25,global,4.9,4.1,3.9,7.1,5.0,5.8,4.2,4.0,5.6,6.2,9.5,3.5,3.0,4.6,3.7,4.3,3.5,0.8,8.0,7.3,0.4,3.9,3.4,8.7,1.1,2.6,3.8,7.8,9.2,6.3,0.3,1.7,3.4,9.2,0,0,→,2035+,5.03,阿联酋消防员：就业极其稳定，职业安全风险高，AI替代抗性强,"United Arab Emirates Firefighter: extremely stable employment, high safety risk, strong AI resistance",AI综合评估 + O*NET/ILO/OECD锚点校准
GOV-0801-IL-general,公共管理与公务员,GOV,消防应急,消防员,Firefighter,5411,33-2011.00,中亚/西亚,以色列,IL,country,general,高中/大专,18-25,global,4.9,4.2,3.7,6.5,5.1,5.7,4.7,4.1,5.3,5.5,8.9,3.1,2.8,4.5,4.2,4.4,3.9,0.8,8.0,7.9,0.6,3.3,3.3,8.7,1.3,3.8,4.2,7.3,8.8,6.6,0.3,1.6,3.0,8.9,0,0,→,2035+,4.98,以色列消防员：就业极其稳定，职业安全风险高，AI替代抗性强,"Israel Firefighter: extremely stable employment, high safety risk, strong AI resistance",AI综合评估 + O*NET/ILO/OECD锚点校准
GOV-0801-SA-general,公共管理与公务员,GOV,消防应急,消防员,Firefighter,5411,33-2011.00,中亚/西亚,沙特阿拉伯,SA,country,general,高中/大专,18-25,global,4.4,3.7,4.2,6.6,5.8,6.7,4.1,3.7,5.3,5.5,9.2,3.3,2.8,3.9,3.8,4.1,3.7,1.0,8.0,7.5,0.4,3.1,3.1,8.6,1.0,2.0,3.9,7.2,9.2,6.6,0.1,1.3,3.1,9.3,0,1,→,2035+,4.91,沙特阿拉伯消防员：就业极其稳定，职业安全风险高，AI替代抗性强,"Saudi Arabia Firefighter: extremely stable employment, high safety risk, strong AI resistance",AI综合评估 + O*NET/ILO/OECD锚点校准
GOV-0801-TR-general,公共管理与公务员,GOV,消防应急,消防员,Firefighter,5411,33-2011.00,中亚/西亚,土耳其,TR,country,general,高中/大专,18-25,global,4.3,3.8,3.4,6.1,5.5,5.7,4.5,3.9,4.1,4.6,8.3,2.9,2.8,4.3,3.8,4.0,3.1,1.0,8.0,7.4,0.3,3.4,3.3,8.6,0.9,2.7,4.0,7.7,8.8,7.0,0.2,1.5,3.2,8.9,0,0,→,2035+,4.74,土耳其消防员：就业稳定，职业安全风险高，AI替代抗性强,"Turkey Firefighter: stable employment, high safety risk, strong AI resistance",AI综合评估 + O*NET/ILO/OECD锚点校准
GOV-0801-GB-general,公共管理与公务员,GOV,消防应急,消防员,Firefighter,5411,33-2011.00,西欧,英国,GB,country,general,高中/大专,18-25,global,5.0,4.1,3.5,6.6,4.8,5.4,4.5,3.7,4.9,5.8,9.2,3.3,3.2,5.1,4.1,4.4,3.5,0.5,8.2,7.5,0.7,3.8,4.2,9.0,1.0,3.7,3.9,7.4,9.2,6.8,0.1,1.9,3.2,9.1,0,0,→,2035+,5.03,英国消防员：就业极其稳定，职业安全风险高，AI替代抗性强,"United Kingdom Firefighter: extremely stable employment, high safety risk, strong AI resistance",AI综合评估 + O*NET/ILO/OECD锚点校准
GOV-0801-FR-general,公共管理与公务员,GOV,消防应急,消防员,Firefighter,5411,33-2011.00,西欧,法国,FR,country,general,高中/大专,18-25,global,4.6,4.1,4.0,6.6,5.4,6.4,5.0,4.1,4.9,5.4,9.4,3.3,3.2,5.2,4.8,4.0,3.5,0.7,8.1,7.9,1.0,3.8,4.3,8.7,1.2,3.9,4.3,7.2,9.2,7.3,0.5,1.4,3.4,9.1,0,1,→,2035+,5.12,法国消防员：就业极其稳定，职业安全风险高，AI替代抗性强,"France Firefighter: extremely stable employment, high safety risk, strong AI resistance",AI综合评估 + O*NET/ILO/OECD锚点校准
GOV-0801-DE-general,公共管理与公务员,GOV,消防应急,消防员,Firefighter,5411,33-2011.00,西欧,德国,DE,country,general,高中/大专,18-25,global,4.7,4.0,3.6,6.8,5.0,5.7,4.9,4.4,5.6,5.8,9.4,3.4,3.2,5.2,4.4,4.3,3.7,0.8,8.3,8.1,1.0,3.8,4.4,8.9,1.2,3.5,4.5,7.6,8.8,7.2,0.2,1.8,2.9,9.1,0,0,→,2035+,5.18,德国消防员：就业极其稳定，职业安全风险高，AI替代抗性强,"Germany Firefighter: extremely stable employment, high safety risk, strong AI resistance",AI综合评估 + O*NET/ILO/OECD锚点校准
GOV-0801-NL-general,公共管理与公务员,GOV,消防应急,消防员,Firefighter,5411,33-2011.00,西欧,荷兰,NL,country,general,高中/大专,18-25,global,4.5,3.8,3.5,7.0,4.7,5.5,4.3,3.7,5.3,5.6,9.6,3.4,3.5,5.6,5.0,4.2,4.0,0.7,7.9,7.7,0.9,3.9,4.5,8.9,1.3,4.5,4.1,7.7,9.3,7.1,0.4,1.6,3.3,9.0,0,0,→,2035+,5.15,荷兰消防员：就业极其稳定，职业安全风险高，AI替代抗性强,"Netherlands Firefighter: extremely stable employment, high safety risk, strong AI resistance",AI综合评估 + O*NET/ILO/OECD锚点校准
GOV-0801-CH-general,公共管理与公务员,GOV,消防应急,消防员,Firefighter,5411,33-2011.00,西欧,瑞士,CH,country,general,高中/大专,18-25,global,4.6,4.4,3.8,7.3,4.6,5.1,4.3,3.6,5.7,6.0,10.0,3.6,3.8,5.3,4.6,4.2,3.6,0.5,8.4,8.0,0.5,3.8,4.3,8.9,0.9,3.7,4.6,7.6,9.3,6.8,0.4,1.7,3.3,8.7,0,-1,→,2035+,5.19,瑞士消防员：就业极其稳定，职业安全风险高，AI替代抗性强,"Switzerland Firefighter: extremely stable employment, high safety risk, strong AI resistance",AI综合评估 + O*NET/ILO/OECD锚点校准
GOV-0801-SE-general,公共管理与公务员,GOV,消防应急,消防员,Firefighter,5411,33-2011.00,北欧,瑞典,SE,country,general,高中/大专,18-25,global,4.9,4.0,3.7,7.1,5.2,5.9,3.9,3.7,5.3,5.6,10.0,3.5,3.9,5.6,4.7,4.5,3.4,0.5,8.2,7.6,1.0,4.0,4.6,8.8,1.2,4.3,4.2,7.3,8.9,6.8,0.3,1.8,3.3,9.1,0,0,→,2035+,5.19,瑞典消防员：就业极其稳定，职业安全风险高，AI替代抗性强,"Sweden Firefighter: extremely stable employment, high safety risk, strong AI resistance",AI综合评估 + O*NET/ILO/OECD锚点校准
GOV-0801-DK-general,公共管理与公务员,GOV,消防应急,消防员,Firefighter,5411,33-2011.00,北欧,丹麦,DK,country,general,高中/大专,18-25,global,4.7,4.3,3.9,7.2,5.6,5.7,4.3,4.0,5.5,5.8,10.0,3.6,3.8,5.3,4.7,4.4,4.0,0.8,7.9,7.4,0.6,4.3,4.9,9.1,1.2,4.6,4.2,7.7,9.1,7.0,0.6,2.0,3.1,9.0,0,0,→,2035+,5.24,丹麦消防员：就业极其稳定，职业安全风险高，AI替代抗性强,"Denmark Firefighter: extremely stable employment, high safety risk, strong AI resistance",AI综合评估 + O*NET/ILO/OECD锚点校准
GOV-0801-FI-general,公共管理与公务员,GOV,消防应急,消防员,Firefighter,5411,33-2011.00,北欧,芬兰,FI,country,general,高中/大专,18-25,global,4.7,4.1,3.6,7.3,5.2,5.7,4.2,3.7,4.8,5.5,9.6,3.6,3.4,5.4,5.1,4.1,4.0,0.8,8.2,7.3,0.9,4.3,4.5,8.7,1.1,4.5,4.1,7.4,9.3,7.1,0.6,1.6,3.2,9.3,0,0,→,2035+,5.11,芬兰消防员：就业极其稳定，职业安全风险高，AI替代抗性强,"Finland Firefighter: extremely stable employment, high safety risk, strong AI resistance",AI综合评估 + O*NET/ILO/OECD锚点校准
GOV-0801-IT-general,公共管理与公务员,GOV,消防应急,消防员,Firefighter,5411,33-2011.00,南欧,意大利,IT,country,general,高中/大专,18-25,global,4.6,4.3,3.7,6.6,5.5,5.9,4.6,4.2,4.5,5.3,8.6,3.0,3.3,4.9,4.4,3.9,3.4,1.0,8.3,7.8,0.6,3.4,3.7,8.6,0.9,2.9,4.2,7.6,9.1,7.2,0.7,1.5,2.9,9.2,0,0,→,2035+,4.91,意大利消防员：就业极其稳定，职业安全风险高，AI替代抗性强,"Italy Firefighter: extremely stable employment, high safety risk, strong AI resistance",AI综合评估 + O*NET/ILO/OECD锚点校准
GOV-0801-ES-general,公共管理与公务员,GOV,消防应急,消防员,Firefighter,5411,33-2011.00,南欧,西班牙,ES,country,general,高中/大专,18-25,global,4.7,4.1,3.5,6.5,5.2,5.6,4.9,4.4,4.8,5.4,9.0,3.2,3.4,4.7,4.4,3.9,3.3,0.9,7.9,8.2,0.8,3.8,4.1,8.8,1.1,3.4,3.9,7.6,9.1,7.3,0.5,1.7,2.9,9.3,0,0,→,2035+,4.98,西班牙消防员：就业极其稳定，职业安全风险高，AI替代抗性强,"Spain Firefighter: extremely stable employment, high safety risk, strong AI resistance",AI综合评估 + O*NET/ILO/OECD锚点校准
GOV-0801-PT-general,公共管理与公务员,GOV,消防应急,消防员,Firefighter,5411,33-2011.00,南欧,葡萄牙,PT,country,general,高中/大专,18-25,global,4.2,4.3,3.4,6.6,4.9,5.7,4.4,4.3,4.3,4.9,8.8,3.3,3.2,4.9,4.5,4.1,3.4,0.9,8.3,7.5,0.8,4.0,3.9,8.8,1.3,3.9,4.2,7.2,9.0,7.1,0.6,1.7,2.9,8.9,0,0,→,2035+,4.95,葡萄牙消防员：就业极其稳定，职业安全风险高，AI替代抗性强,"Portugal Firefighter: extremely stable employment, high safety risk, strong AI resistance",AI综合评估 + O*NET/ILO/OECD锚点校准
GOV-0801-PL-general,公共管理与公务员,GOV,消防应急,消防员,Firefighter,5411,33-2011.00,东欧,波兰,PL,country,general,高中/大专,18-25,global,4.6,4.0,3.3,6.4,4.9,5.2,4.1,3.9,4.3,5.0,8.7,3.1,3.0,4.7,4.1,4.3,3.8,1.0,8.4,7.3,0.5,3.8,3.7,8.3,1.0,3.6,3.9,7.5,9.0,6.8,0.7,1.5,3.1,9.0,0,0,→,2035+,4.83,波兰消防员：就业极其稳定，职业安全风险高，AI替代抗性强,"Poland Firefighter: extremely stable employment, high safety risk, strong AI resistance",AI综合评估 + O*NET/ILO/OECD锚点校准
GOV-0801-CZ-general,公共管理与公务员,GOV,消防应急,消防员,Firefighter,5411,33-2011.00,东欧,捷克,CZ,country,general,高中/大专,18-25,global,4.4,3.7,3.4,6.7,4.8,5.1,4.5,3.6,4.4,5.1,9.4,3.2,3.3,5.2,4.1,4.4,3.9,0.7,8.3,7.3,0.4,4.0,3.8,8.6,1.1,3.4,4.2,7.4,9.1,7.0,0.3,1.5,3.2,9.0,0,0,→,2035+,4.96,捷克消防员：就业极其稳定，职业安全风险高，AI替代抗性强,"Czech Republic Firefighter: extremely stable employment, high safety risk, strong AI resistance",AI综合评估 + O*NET/ILO/OECD锚点校准
GOV-0801-RU-general,公共管理与公务员,GOV,消防应急,消防员,Firefighter,5411,33-2011.00,东欧,俄罗斯,RU,country,general,高中/大专,18-25,global,4.6,4.3,3.6,6.4,5.8,6.7,3.9,4.0,4.3,4.9,8.3,2.8,2.8,4.2,3.8,4.2,3.6,1.4,8.1,7.0,0.6,3.0,3.4,8.6,0.8,3.1,4.1,7.6,8.8,6.9,0.8,1.6,2.5,9.4,0,1,→,2035+,4.72,俄罗斯消防员：就业稳定，职业安全风险高，AI替代抗性强,"Russia Firefighter: stable employment, high safety risk, strong AI resistance",AI综合评估 + O*NET/ILO/OECD锚点校准
GOV-0801-US-general,公共管理与公务员,GOV,消防应急,消防员,Firefighter,5411,33-2011.00,北美,美国,US,country,general,高中/大专,18-25,global,4.7,4.0,3.5,6.7,4.8,4.9,4.7,4.1,5.5,5.6,9.4,3.1,3.0,4.8,3.9,4.0,3.8,0.8,8.0,7.8,0.6,3.6,3.3,8.9,1.2,3.9,3.8,7.7,8.7,7.0,0.4,1.3,3.0,9.2,0,0,→,2035+,4.98,美国消防员：就业极其稳定，职业安全风险高，AI替代抗性强,"United States Firefighter: extremely stable employment, high safety risk, strong AI resistance",AI综合评估 + O*NET/ILO/OECD锚点校准
GOV-0801-CA-general,公共管理与公务员,GOV,消防应急,消防员,Firefighter,5411,33-2011.00,北美,加拿大,CA,country,general,高中/大专,18-25,global,4.6,4.0,3.4,6.9,4.7,5.0,4.6,3.9,5.5,5.9,9.7,3.4,3.4,5.3,4.2,4.4,3.5,0.8,8.4,7.8,0.6,4.1,3.9,8.5,1.2,4.3,4.1,7.3,9.0,7.1,0.3,1.8,3.2,9.2,0,0,→,2035+,5.11,加拿大消防员：就业极其稳定，职业安全风险高，AI替代抗性强,"Canada Firefighter: extremely stable employment, high safety risk, strong AI resistance",AI综合评估 + O*NET/ILO/OECD锚点校准
GOV-0801-MX-general,公共管理与公务员,GOV,消防应急,消防员,Firefighter,5411,33-2011.00,北美,墨西哥,MX,country,general,高中/大专,18-25,global,4.6,3.7,3.4,6.1,4.8,5.9,4.5,4.0,4.0,4.3,8.0,2.8,2.8,4.1,3.8,4.0,3.3,1.4,8.3,7.2,0.5,3.1,3.4,8.5,1.1,3.0,4.2,7.2,8.8,6.6,0.5,1.3,3.0,9.0,0,0,→,2035+,4.67,墨西哥消防员：就业稳定，薪资水平偏低，职业安全风险高,"Mexico Firefighter: stable employment, relatively low pay, high safety risk",AI综合评估 + O*NET/ILO/OECD锚点校准
GOV-0801-BR-general,公共管理与公务员,GOV,消防应急,消防员,Firefighter,5411,33-2011.00,南美,巴西,BR,country,general,高中/大专,18-25,global,4.3,4.1,4.1,6.8,5.2,6.3,4.8,4.1,4.5,5.2,8.8,2.9,3.2,4.6,4.2,4.0,3.2,1.1,7.9,7.8,0.4,3.7,3.4,8.1,0.8,3.1,4.3,7.7,8.8,7.3,0.8,1.6,2.6,9.1,0,1,→,2035+,4.88,巴西消防员：就业极其稳定，职业安全风险高，AI替代抗性强,"Brazil Firefighter: extremely stable employment, high safety risk, strong AI resistance",AI综合评估 + O*NET/ILO/OECD锚点校准
GOV-0801-AR-general,公共管理与公务员,GOV,消防应急,消防员,Firefighter,5411,33-2011.00,南美,阿根廷,AR,country,general,高中/大专,18-25,global,4.6,3.9,3.9,6.4,5.5,6.2,4.1,3.6,3.6,4.6,8.1,2.6,2.8,4.2,3.8,4.0,3.3,1.3,8.1,7.1,0.1,3.4,3.5,8.4,1.1,2.9,3.8,7.6,9.0,6.4,0.6,1.2,2.9,8.9,-1,1,→,2035+,4.66,阿根廷消防员：就业稳定，薪资水平偏低，职业安全风险高,"Argentina Firefighter: stable employment, relatively low pay, high safety risk",AI综合评估 + O*NET/ILO/OECD锚点校准
GOV-0801-CL-general,公共管理与公务员,GOV,消防应急,消防员,Firefighter,5411,33-2011.00,南美,智利,CL,country,general,高中/大专,18-25,global,4.7,3.9,3.7,6.8,4.5,4.8,4.2,4.0,4.2,5.2,8.7,3.0,3.1,4.6,4.1,4.0,3.9,0.6,8.3,7.3,0.3,3.4,3.2,8.9,0.9,2.9,3.7,7.5,9.1,6.8,0.3,1.8,2.7,8.6,0,0,→,2035+,4.84,智利消防员：就业极其稳定，职业安全风险高，AI替代抗性强,"Chile Firefighter: extremely stable employment, high safety risk, strong AI resistance",AI综合评估 + O*NET/ILO/OECD锚点校准
GOV-0801-CO-general,公共管理与公务员,GOV,消防应急,消防员,Firefighter,5411,33-2011.00,南美,哥伦比亚,CO,country,general,高中/大专,18-25,global,4.7,3.6,3.2,6.5,5.2,5.8,4.5,4.0,3.8,4.7,8.3,2.9,3.0,4.6,3.9,4.0,3.4,1.0,8.1,7.2,0.1,3.5,3.3,8.2,1.1,2.6,3.7,7.7,9.2,6.9,0.8,1.5,2.7,8.9,0,0,→,2035+,4.7,哥伦比亚消防员：就业稳定，薪资水平偏低，职业安全风险高,"Colombia Firefighter: stable employment, relatively low pay, high safety risk",AI综合评估 + O*NET/ILO/OECD锚点校准
GOV-0801-AU-general,公共管理与公务员,GOV,消防应急,消防员,Firefighter,5411,33-2011.00,大洋洲,澳大利亚,AU,country,general,高中/大专,18-25,global,5.0,4.3,3.6,7.1,5.2,5.5,4.5,4.2,5.8,5.6,9.6,3.4,3.6,5.2,4.8,4.0,3.4,0.6,7.9,7.6,0.9,3.6,4.2,8.8,1.2,4.0,4.5,7.7,9.2,6.9,0.5,1.8,3.0,8.8,0,0,→,2035+,5.14,澳大利亚消防员：就业极其稳定，职业安全风险高，AI替代抗性强,"Australia Firefighter: extremely stable employment, high safety risk, strong AI resistance",AI综合评估 + O*NET/ILO/OECD锚点校准
GOV-0801-NZ-general,公共管理与公务员,GOV,消防应急,消防员,Firefighter,5411,33-2011.00,大洋洲,新西兰,NZ,country,general,高中/大专,18-25,global,4.8,3.8,3.3,7.0,4.9,5.0,4.5,4.0,5.1,5.6,9.7,3.5,3.4,5.3,4.5,4.2,3.6,0.6,7.9,7.5,0.6,4.3,4.6,9.2,1.3,4.1,4.0,7.5,9.0,7.0,0.2,1.9,3.1,9.0,0,0,→,2035+,5.12,新西兰消防员：就业极其稳定，职业安全风险高，AI替代抗性强,"New Zealand Firefighter: extremely stable employment, high safety risk, strong AI resistance",AI综合评估 + O*NET/ILO/OECD锚点校准
GOV-0801-ZA-general,公共管理与公务员,GOV,消防应急,消防员,Firefighter,5411,33-2011.00,非洲,南非,ZA,country,general,高中/大专,18-25,global,4.2,3.7,3.6,6.1,5.2,6.0,4.4,3.5,4.1,5.0,7.8,2.7,2.9,4.1,4.2,4.0,3.6,1.2,7.9,7.3,0.5,3.2,3.6,8.3,0.8,3.3,3.8,7.3,9.1,6.8,0.8,1.5,2.7,9.2,0,0,→,2035+,4.69,南非消防员：就业稳定，职业安全风险高，AI替代抗性强,"South Africa Firefighter: stable employment, high safety risk, strong AI resistance",AI综合评估 + O*NET/ILO/OECD锚点校准
GOV-0801-NG-general,公共管理与公务员,GOV,消防应急,消防员,Firefighter,5411,33-2011.00,非洲,尼日利亚,NG,country,general,高中/大专,18-25,global,4.1,3.5,3.8,6.3,5.4,5.8,4.1,3.5,3.6,4.5,7.6,2.5,2.9,4.2,3.7,3.7,3.2,1.5,8.0,6.9,0.3,3.4,2.8,7.9,1.0,2.2,3.9,7.8,8.9,6.6,0.8,1.4,3.0,9.1,-1,0,→,2035+,4.56,尼日利亚消防员：就业稳定，薪资水平偏低，职业安全风险高,"Nigeria Firefighter: stable employment, relatively low pay, high safety risk",AI综合评估 + O*NET/ILO/OECD锚点校准
GOV-0801-KE-general,公共管理与公务员,GOV,消防应急,消防员,Firefighter,5411,33-2011.00,非洲,肯尼亚,KE,country,general,高中/大专,18-25,global,4.4,3.6,3.8,6.4,5.2,5.9,3.9,4.0,3.7,4.4,7.7,2.6,2.8,4.1,3.5,3.8,3.4,1.3,8.0,6.9,0.6,3.3,3.2,8.1,1.1,2.9,3.8,7.6,9.3,7.0,0.7,1.5,2.7,9.2,-1,0,→,2035+,4.59,肯尼亚消防员：就业稳定，薪资水平偏低，职业安全风险高,"Kenya Firefighter: stable employment, relatively low pay, high safety risk",AI综合评估 + O*NET/ILO/OECD锚点校准
GOV-0801-EG-general,公共管理与公务员,GOV,消防应急,消防员,Firefighter,5411,33-2011.00,非洲,埃及,EG,country,general,高中/大专,18-25,global,4.6,4.1,3.9,6.4,5.4,6.4,4.5,3.8,3.4,4.4,8.2,2.8,3.1,3.9,3.6,3.9,3.5,1.0,7.8,7.2,0.5,3.0,3.1,8.3,0.7,1.9,3.8,7.8,8.8,6.9,0.5,1.5,2.8,9.3,0,1,→,2035+,4.62,埃及消防员：就业稳定，薪资水平偏低，职业安全风险高,"Egypt Firefighter: stable employment, relatively low pay, high safety risk",AI综合评估 + O*NET/ILO/OECD锚点校准
GOV-0802-CN-general,公共管理与公务员,GOV,消防应急,消防队长,Fire Captain,5411,33-1021.01,东亚,中国,CN,country,general,大专/本科,25-35,global,5.9,6.1,4.6,7.5,4.3,3.8,5.7,4.7,6.5,5.7,9.4,3.9,3.0,3.3,3.5,5.3,4.6,1.3,8.0,8.7,0.0,5.2,2.5,8.7,1.7,3.1,4.1,8.1,8.1,8.0,0.4,0.8,2.9,8.9,0,1,→,2035+,5.05,中国消防队长：就业极其稳定，准入门槛高，职业安全风险高,"China Fire Captain: extremely stable employment, high entry barrier, high safety risk",AI综合评估 + O*NET/ILO/OECD锚点校准
GOV-0802-JP-general,公共管理与公务员,GOV,消防应急,消防队长,Fire Captain,5411,33-1021.01,东亚,日本,JP,country,general,大专/本科,25-35,global,6.0,6.0,4.5,7.7,3.3,3.0,5.2,4.7,6.6,6.3,9.6,4.0,3.6,3.5,4.0,5.2,4.5,0.9,8.2,8.6,0.4,5.8,3.6,8.7,1.6,2.7,4.5,8.2,8.2,8.2,0.5,1.3,2.9,9.2,0,0,→,2035+,5.14,日本消防队长：就业极其稳定，准入门槛高，职业安全风险高,"Japan Fire Captain: extremely stable employment, high entry barrier, high safety risk",AI综合评估 + O*NET/ILO/OECD锚点校准
GOV-0802-KR-general,公共管理与公务员,GOV,消防应急,消防队长,Fire Captain,5411,33-1021.01,东亚,韩国,KR,country,general,大专/本科,25-35,global,5.9,5.7,4.2,7.3,3.4,2.9,5.7,5.1,6.5,6.2,9.2,3.7,3.5,3.8,3.8,5.1,4.7,0.7,8.1,9.0,0.6,5.6,3.0,8.5,1.7,2.4,4.7,8.3,8.3,8.0,0.3,0.8,3.0,8.9,0,0,→,2035+,5.14,韩国消防队长：就业极其稳定，准入门槛高，职业安全风险高,"South Korea Fire Captain: extremely stable employment, high entry barrier, high safety risk",AI综合评估 + O*NET/ILO/OECD锚点校准
GOV-0802-TW-general,公共管理与公务员,GOV,消防应急,消防队长,Fire Captain,5411,33-1021.01,东亚,中国台湾地区,TW,region,general,大专/本科,25-35,global,6.3,5.9,4.0,7.3,3.3,2.9,5.7,4.8,6.4,5.6,9.2,3.8,3.6,3.8,3.6,5.0,4.8,0.9,8.2,8.5,0.1,5.6,3.2,8.4,1.7,3.1,4.2,8.2,7.8,8.3,0.6,1.3,2.9,9.0,0,0,→,2035+,5.04,中国台湾地区消防队长：就业极其稳定，准入门槛高，职业安全风险高,"Taiwan (China) Fire Captain: extremely stable employment, high entry barrier, high safety risk",AI综合评估 + O*NET/ILO/OECD锚点校准
GOV-0802-HK-general,公共管理与公务员,GOV,消防应急,消防队长,Fire Captain,5411,33-1021.01,东亚,中国香港地区,HK,region,general,大专/本科,25-35,global,5.9,5.5,3.8,7.3,3.3,2.8,4.9,4.5,6.9,5.9,9.2,3.6,3.5,3.8,3.6,5.2,4.7,0.5,8.3,7.9,0.5,5.5,3.2,9.1,1.8,3.6,4.2,8.2,8.1,7.2,0.6,1.0,3.4,9.2,0,0,→,2035+,5.12,中国香港地区消防队长：就业极其稳定，职业安全风险高，AI替代抗性强,"Hong Kong (China) Fire Captain: extremely stable employment, high safety risk, strong AI resistance",AI综合评估 + O*NET/ILO/OECD锚点校准
GOV-0802-SG-general,公共管理与公务员,GOV,消防应急,消防队长,Fire Captain,5411,33-1021.01,东南亚,新加坡,SG,country,general,大专/本科,25-35,global,6.2,5.8,4.2,7.8,3.1,2.2,5.2,4.9,7.7,6.7,10.0,4.3,3.5,4.0,4.2,4.9,4.8,0.8,8.2,8.7,0.4,6.1,3.4,8.7,1.8,3.7,4.3,7.9,7.9,7.9,0.2,1.6,3.6,8.8,0,-1,→,2035+,5.31,新加坡消防队长：就业极其稳定，薪资回报高，职业安全风险高,"Singapore Fire Captain: extremely stable employment, high compensation, high safety risk",AI综合评估 + O*NET/ILO/OECD锚点校准
GOV-0802-TH-general,公共管理与公务员,GOV,消防应急,消防队长,Fire Captain,5411,33-1021.01,东南亚,泰国,TH,country,general,大专/本科,25-35,global,6.3,5.6,4.2,7.1,3.7,3.4,4.8,4.1,5.7,5.1,8.3,3.5,3.3,3.7,4.2,5.0,4.2,1.1,8.2,7.7,0.6,5.2,3.7,8.5,1.6,3.3,4.3,8.3,8.0,7.7,0.7,0.8,3.0,9.0,0,0,→,2035+,4.89,泰国消防队长：就业稳定，职业安全风险高，AI替代抗性强,"Thailand Fire Captain: stable employment, high safety risk, strong AI resistance",AI综合评估 + O*NET/ILO/OECD锚点校准
GOV-0802-VN-general,公共管理与公务员,GOV,消防应急,消防队长,Fire Captain,5411,33-1021.01,东南亚,越南,VN,country,general,大专/本科,25-35,global,6.3,5.5,4.1,7.3,3.8,4.2,4.7,4.3,5.5,5.2,8.8,3.7,3.2,3.9,3.7,5.0,4.6,1.1,7.8,7.9,0.2,5.3,3.5,8.2,1.5,2.8,4.2,7.7,8.3,7.6,0.3,0.8,2.9,9.3,0,1,→,2035+,4.87,越南消防队长：就业极其稳定，职业安全风险高，AI替代抗性强,"Vietnam Fire Captain: extremely stable employment, high safety risk, strong AI resistance",AI综合评估 + O*NET/ILO/OECD锚点校准
GOV-0802-ID-general,公共管理与公务员,GOV,消防应急,消防队长,Fire Captain,5411,33-1021.01,东南亚,印度尼西亚,ID,country,general,大专/本科,25-35,global,5.7,5.2,4.0,7.1,3.5,3.4,5.1,4.2,5.6,5.3,8.2,3.5,3.4,3.8,3.7,5.2,4.3,1.3,8.2,7.7,0.4,5.2,3.6,8.1,1.6,2.8,4.4,8.1,7.7,7.7,0.6,1.1,2.8,8.9,0,0,→,2035+,4.88,印度尼西亚消防队长：就业稳定，职业安全风险高，AI替代抗性强,"Indonesia Fire Captain: stable employment, high safety risk, strong AI resistance",AI综合评估 + O*NET/ILO/OECD锚点校准
GOV-0802-MY-general,公共管理与公务员,GOV,消防应急,消防队长,Fire Captain,5411,33-1021.01,东南亚,马来西亚,MY,country,general,大专/本科,25-35,global,6.1,5.4,4.0,7.0,3.4,3.1,4.7,4.5,5.9,5.5,8.9,3.6,3.7,4.1,3.9,5.0,4.3,0.9,8.0,8.2,0.3,5.8,3.1,8.4,1.8,3.2,4.5,8.3,8.1,7.5,0.3,1.2,2.9,9.2,0,0,→,2035+,4.97,马来西亚消防队长：就业极其稳定，职业安全风险高，AI替代抗性强,"Malaysia Fire Captain: extremely stable employment, high safety risk, strong AI resistance",AI综合评估 + O*NET/ILO/OECD锚点校准
GOV-0802-PH-general,公共管理与公务员,GOV,消防应急,消防队长,Fire Captain,5411,33-1021.01,东南亚,菲律宾,PH,country,general,大专/本科,25-35,global,6.3,5.5,3.8,6.9,3.5,3.2,4.6,4.7,4.9,5.3,7.8,3.2,3.7,3.8,3.7,4.9,4.5,1.2,8.0,7.5,0.3,5.0,3.6,8.2,1.6,3.6,4.5,8.3,8.0,7.2,0.5,1.1,3.2,8.7,0,0,→,2035+,4.81,菲律宾消防队长：就业稳定，职业安全风险高，AI替代抗性强,"Philippines Fire Captain: stable employment, high safety risk, strong AI resistance",AI综合评估 + O*NET/ILO/OECD锚点校准
GOV-0802-IN-general,公共管理与公务员,GOV,消防应急,消防队长,Fire Captain,5411,33-1021.01,南亚,印度,IN,country,general,大专/本科,25-35,global,6.3,5.7,4.5,6.9,3.8,3.6,5.6,4.6,5.8,5.6,9.0,3.5,3.3,3.4,3.8,5.3,4.4,1.0,8.0,8.8,0.4,5.1,2.9,8.4,1.7,2.3,4.6,8.1,8.3,8.3,0.6,0.9,2.8,9.0,0,1,→,2035+,4.96,印度消防队长：就业极其稳定，准入门槛高，职业安全风险高,"India Fire Captain: extremely stable employment, high entry barrier, high safety risk",AI综合评估 + O*NET/ILO/OECD锚点校准
GOV-0802-PK-general,公共管理与公务员,GOV,消防应急,消防队长,Fire Captain,5411,33-1021.01,南亚,巴基斯坦,PK,country,general,大专/本科,25-35,global,6.1,5.4,4.0,6.7,3.5,3.6,4.8,4.5,5.2,5.0,7.6,3.2,3.4,3.4,3.7,4.6,4.6,1.2,8.1,7.9,0.1,5.0,2.9,8.3,1.3,1.9,4.3,7.7,7.8,7.7,0.4,0.9,2.6,8.9,0,0,→,2035+,4.7,巴基斯坦消防队长：就业稳定，职业安全风险高，AI替代抗性强,"Pakistan Fire Captain: stable employment, high safety risk, strong AI resistance",AI综合评估 + O*NET/ILO/OECD锚点校准
GOV-0802-BD-general,公共管理与公务员,GOV,消防应急,消防队长,Fire Captain,5411,33-1021.01,南亚,孟加拉国,BD,country,general,大专/本科,25-35,global,6.0,5.6,3.8,6.7,3.9,2.9,5.1,4.4,5.1,4.9,7.8,3.3,3.3,3.3,3.6,4.8,4.6,1.2,7.9,7.8,0.1,4.8,3.0,8.2,1.2,2.1,4.1,8.0,7.9,7.6,0.4,1.0,3.0,8.9,0,0,→,2035+,4.7,孟加拉国消防队长：就业稳定，职业安全风险高，AI替代抗性强,"Bangladesh Fire Captain: stable employment, high safety risk, strong AI resistance",AI综合评估 + O*NET/ILO/OECD锚点校准
GOV-0802-AE-general,公共管理与公务员,GOV,消防应急,消防队长,Fire Captain,5411,33-1021.01,中亚/西亚,阿联酋,AE,country,general,大专/本科,25-35,global,6.2,5.1,4.2,7.3,3.6,3.3,4.8,4.3,7.5,6.7,9.4,4.0,3.4,3.8,4.0,5.1,4.8,0.8,8.3,8.1,0.4,5.5,3.3,8.9,1.7,2.6,4.4,7.9,7.9,6.8,0.1,0.9,3.4,8.9,0,0,→,2035+,5.22,阿联酋消防队长：就业极其稳定，薪资回报高，职业安全风险高,"United Arab Emirates Fire Captain: extremely stable employment, high compensation, high safety risk",AI综合评估 + O*NET/ILO/OECD锚点校准
GOV-0802-IL-general,公共管理与公务员,GOV,消防应急,消防队长,Fire Captain,5411,33-1021.01,中亚/西亚,以色列,IL,country,general,大专/本科,25-35,global,6.4,5.6,4.1,6.8,3.6,2.9,4.9,4.3,6.7,6.1,8.6,3.5,3.7,4.1,4.1,5.3,4.7,0.8,8.1,8.0,0.6,5.6,3.3,8.9,1.4,3.6,4.7,8.1,8.3,7.3,0.5,1.2,3.0,9.2,0,0,→,2035+,5.07,以色列消防队长：就业极其稳定，职业安全风险高，AI替代抗性强,"Israel Fire Captain: extremely stable employment, high safety risk, strong AI resistance",AI综合评估 + O*NET/ILO/OECD锚点校准
GOV-0802-SA-general,公共管理与公务员,GOV,消防应急,消防队长,Fire Captain,5411,33-1021.01,中亚/西亚,沙特阿拉伯,SA,country,general,大专/本科,25-35,global,5.8,5.5,4.5,7.3,4.4,3.7,4.6,4.0,6.9,6.1,9.2,3.9,3.4,3.7,3.7,5.3,4.5,1.0,7.7,7.7,0.2,5.4,3.4,8.8,1.8,2.3,4.6,8.3,8.0,6.8,0.1,0.7,3.1,9.3,0,1,→,2035+,5.08,沙特阿拉伯消防队长：就业极其稳定，职业安全风险高，AI替代抗性强,"Saudi Arabia Fire Captain: extremely stable employment, high safety risk, strong AI resistance",AI综合评估 + O*NET/ILO/OECD锚点校准
GOV-0802-TR-general,公共管理与公务员,GOV,消防应急,消防队长,Fire Captain,5411,33-1021.01,中亚/西亚,土耳其,TR,country,general,大专/本科,25-35,global,5.8,5.6,3.9,7.0,4.1,3.4,5.1,4.8,5.7,5.5,8.1,3.4,3.0,3.5,3.9,4.9,4.1,1.1,7.9,8.2,0.6,5.2,2.8,8.4,1.6,2.9,4.2,7.9,7.9,7.8,0.6,1.0,3.2,8.9,0,0,→,2035+,4.88,土耳其消防队长：就业稳定，职业安全风险高，AI替代抗性强,"Turkey Fire Captain: stable employment, high safety risk, strong AI resistance",AI综合评估 + O*NET/ILO/OECD锚点校准
GOV-0802-GB-general,公共管理与公务员,GOV,消防应急,消防队长,Fire Captain,5411,33-1021.01,西欧,英国,GB,country,general,大专/本科,25-35,global,6.0,5.6,3.9,7.4,3.3,2.6,5.3,4.5,6.7,6.2,9.3,3.8,4.0,4.7,4.6,5.3,5.0,0.7,8.0,8.4,0.7,6.1,4.0,8.6,1.8,3.6,4.7,7.9,8.3,7.3,0.1,1.0,3.3,9.0,0,0,→,2035+,5.25,英国消防队长：就业极其稳定，职业安全风险高，AI替代抗性强,"United Kingdom Fire Captain: extremely stable employment, high safety risk, strong AI resistance",AI综合评估 + O*NET/ILO/OECD锚点校准
GOV-0802-FR-general,公共管理与公务员,GOV,消防应急,消防队长,Fire Captain,5411,33-1021.01,西欧,法国,FR,country,general,大专/本科,25-35,global,6.4,5.7,4.5,7.3,4.1,3.7,5.0,5.0,6.4,6.0,9.6,3.7,4.2,4.9,4.7,5.0,4.4,0.9,7.9,8.8,0.5,5.7,4.1,8.7,1.8,3.7,4.7,8.1,8.1,8.0,0.5,1.0,3.0,9.0,0,1,→,2035+,5.24,法国消防队长：就业极其稳定，准入门槛高，职业安全风险高,"France Fire Captain: extremely stable employment, high entry barrier, high safety risk",AI综合评估 + O*NET/ILO/OECD锚点校准
GOV-0802-DE-general,公共管理与公务员,GOV,消防应急,消防队长,Fire Captain,5411,33-1021.01,西欧,德国,DE,country,general,大专/本科,25-35,global,6.4,5.4,4.3,7.5,3.6,2.7,5.0,4.9,6.7,6.5,9.9,3.9,4.0,4.8,4.8,5.2,5.0,0.7,8.0,8.5,0.6,5.9,4.3,8.6,1.3,3.8,4.9,8.3,8.0,7.6,0.6,1.1,3.4,8.8,0,0,→,2035+,5.33,德国消防队长：就业极其稳定，职业安全风险高，AI替代抗性强,"Germany Fire Captain: extremely stable employment, high safety risk, strong AI resistance",AI综合评估 + O*NET/ILO/OECD锚点校准
GOV-0802-NL-general,公共管理与公务员,GOV,消防应急,消防队长,Fire Captain,5411,33-1021.01,西欧,荷兰,NL,country,general,大专/本科,25-35,global,6.1,5.8,4.3,7.5,3.5,2.9,4.8,4.6,6.9,6.0,9.7,3.9,4.2,4.9,4.6,5.4,4.6,0.5,7.9,8.0,0.8,6.0,4.6,8.7,1.9,4.1,4.8,8.1,7.9,7.3,0.0,1.2,3.2,9.2,0,0,→,2035+,5.31,荷兰消防队长：就业极其稳定，职业安全风险高，AI替代抗性强,"Netherlands Fire Captain: extremely stable employment, high safety risk, strong AI resistance",AI综合评估 + O*NET/ILO/OECD锚点校准
GOV-0802-CH-general,公共管理与公务员,GOV,消防应急,消防队长,Fire Captain,5411,33-1021.01,西欧,瑞士,CH,country,general,大专/本科,25-35,global,5.9,5.5,3.8,8.0,3.4,2.2,4.8,4.5,7.6,6.8,10.0,4.2,4.0,5.1,4.6,5.4,4.6,0.5,8.1,8.1,1.0,5.8,4.6,9.1,1.5,3.8,5.0,8.0,8.0,7.5,0.0,1.1,3.2,9.1,0,-1,→,2035+,5.4,瑞士消防队长：就业极其稳定，薪资回报高，职业安全风险高,"Switzerland Fire Captain: extremely stable employment, high compensation, high safety risk",AI综合评估 + O*NET/ILO/OECD锚点校准
GOV-0802-SE-general,公共管理与公务员,GOV,消防应急,消防队长,Fire Captain,5411,33-1021.01,北欧,瑞典,SE,country,general,大专/本科,25-35,global,6.2,5.5,4.4,7.5,3.9,3.3,4.5,4.6,6.5,6.0,10.0,3.9,4.1,5.4,4.5,5.1,4.9,0.6,8.1,8.2,0.8,5.8,4.8,9.2,1.5,4.4,4.9,8.3,8.1,7.4,0.4,1.0,3.3,8.8,0,0,→,2035+,5.36,瑞典消防队长：就业极其稳定，职业安全风险高，AI替代抗性强,"Sweden Fire Captain: extremely stable employment, high safety risk, strong AI resistance",AI综合评估 + O*NET/ILO/OECD锚点校准
GOV-0802-DK-general,公共管理与公务员,GOV,消防应急,消防队长,Fire Captain,5411,33-1021.01,北欧,丹麦,DK,country,general,大专/本科,25-35,global,6.4,5.4,4.1,7.8,4.0,3.6,4.5,4.2,6.9,6.4,9.9,4.0,4.3,5.2,4.8,5.2,4.8,0.5,7.9,8.0,1.1,6.0,4.7,9.2,1.4,4.6,5.1,8.2,7.9,7.6,0.1,1.1,3.4,9.4,0,0,→,2035+,5.39,丹麦消防队长：就业极其稳定，职业安全风险高，AI替代抗性强,"Denmark Fire Captain: extremely stable employment, high safety risk, strong AI resistance",AI综合评估 + O*NET/ILO/OECD锚点校准
GOV-0802-FI-general,公共管理与公务员,GOV,消防应急,消防队长,Fire Captain,5411,33-1021.01,北欧,芬兰,FI,country,general,大专/本科,25-35,global,5.9,5.5,4.0,7.7,3.4,3.0,4.9,4.2,6.4,6.0,9.7,4.1,3.9,4.9,4.8,5.4,4.9,0.6,8.2,7.9,1.1,6.1,4.4,8.8,1.8,4.5,4.7,8.0,8.0,7.4,0.5,1.5,2.9,8.7,0,0,→,2035+,5.31,芬兰消防队长：就业极其稳定，职业安全风险高，AI替代抗性强,"Finland Fire Captain: extremely stable employment, high safety risk, strong AI resistance",AI综合评估 + O*NET/ILO/OECD锚点校准
GOV-0802-IT-general,公共管理与公务员,GOV,消防应急,消防队长,Fire Captain,5411,33-1021.01,南欧,意大利,IT,country,general,大专/本科,25-35,global,6.1,5.7,4.2,7.2,3.6,3.4,5.0,4.5,6.2,5.9,9.1,3.6,3.8,4.3,3.8,5.3,4.6,0.9,7.9,8.0,0.5,5.6,3.6,8.4,1.2,3.1,4.5,8.1,8.2,7.6,0.4,0.7,2.9,8.9,0,0,→,2035+,5.04,意大利消防队长：就业极其稳定，职业安全风险高，AI替代抗性强,"Italy Fire Captain: extremely stable employment, high safety risk, strong AI resistance",AI综合评估 + O*NET/ILO/OECD锚点校准
GOV-0802-ES-general,公共管理与公务员,GOV,消防应急,消防队长,Fire Captain,5411,33-1021.01,南欧,西班牙,ES,country,general,大专/本科,25-35,global,6.3,5.6,3.9,7.3,3.7,3.2,5.5,4.9,6.3,5.7,8.9,3.7,3.5,4.6,4.1,5.1,4.4,1.1,8.2,8.6,0.8,5.9,4.2,8.7,1.6,3.4,4.7,8.2,8.2,7.9,0.6,1.2,3.0,9.1,0,0,→,2035+,5.14,西班牙消防队长：就业极其稳定，职业安全风险高，AI替代抗性强,"Spain Fire Captain: extremely stable employment, high safety risk, strong AI resistance",AI综合评估 + O*NET/ILO/OECD锚点校准
GOV-0802-PT-general,公共管理与公务员,GOV,消防应急,消防队长,Fire Captain,5411,33-1021.01,南欧,葡萄牙,PT,country,general,大专/本科,25-35,global,6.2,5.3,4.3,7.2,3.5,2.8,5.3,4.5,6.0,5.7,8.8,3.9,3.5,4.3,4.2,5.1,4.5,1.0,8.3,7.8,0.7,5.4,3.6,8.5,1.9,3.7,4.4,8.1,7.8,7.8,0.4,1.4,3.1,9.1,0,0,→,2035+,5.08,葡萄牙消防队长：就业极其稳定，职业安全风险高，AI替代抗性强,"Portugal Fire Captain: extremely stable employment, high safety risk, strong AI resistance",AI综合评估 + O*NET/ILO/OECD锚点校准
GOV-0802-PL-general,公共管理与公务员,GOV,消防应急,消防队长,Fire Captain,5411,33-1021.01,东欧,波兰,PL,country,general,大专/本科,25-35,global,6.0,5.4,4.1,7.2,3.4,3.2,5.2,4.4,5.7,5.3,9.1,3.5,3.8,4.4,4.1,5.2,4.8,0.7,8.1,8.1,0.4,6.0,4.2,8.4,1.4,3.3,4.3,7.8,8.2,7.1,0.7,1.3,3.2,8.8,0,0,→,2035+,5.09,波兰消防队长：就业极其稳定，职业安全风险高，AI替代抗性强,"Poland Fire Captain: extremely stable employment, high safety risk, strong AI resistance",AI综合评估 + O*NET/ILO/OECD锚点校准
GOV-0802-CZ-general,公共管理与公务员,GOV,消防应急,消防队长,Fire Captain,5411,33-1021.01,东欧,捷克,CZ,country,general,大专/本科,25-35,global,6.0,5.4,4.2,7.4,3.4,2.7,5.0,4.2,6.0,5.8,9.2,3.8,3.8,4.7,4.4,5.3,4.5,0.8,7.8,7.6,0.7,5.6,4.3,9.0,1.6,3.1,4.4,8.3,7.9,7.3,0.1,0.8,2.9,9.3,0,0,→,2035+,5.1,捷克消防队长：就业极其稳定，职业安全风险高，AI替代抗性强,"Czech Republic Fire Captain: extremely stable employment, high safety risk, strong AI resistance",AI综合评估 + O*NET/ILO/OECD锚点校准
GOV-0802-RU-general,公共管理与公务员,GOV,消防应急,消防队长,Fire Captain,5411,33-1021.01,东欧,俄罗斯,RU,country,general,大专/本科,25-35,global,5.9,5.5,4.1,7.3,4.2,4.1,4.8,4.5,5.5,5.3,8.5,3.3,3.6,4.0,4.0,5.2,4.5,1.1,8.1,7.8,0.5,5.5,3.0,8.5,1.6,3.0,4.4,7.9,8.0,7.1,0.3,1.1,2.9,9.3,0,1,→,2035+,4.96,俄罗斯消防队长：就业极其稳定，职业安全风险高，AI替代抗性强,"Russia Fire Captain: extremely stable employment, high safety risk, strong AI resistance",AI综合评估 + O*NET/ILO/OECD锚点校准
GOV-0802-US-general,公共管理与公务员,GOV,消防应急,消防队长,Fire Captain,5411,33-1021.01,北美,美国,US,country,general,大专/本科,25-35,global,6.3,5.8,3.6,7.0,3.2,2.9,4.9,4.2,6.6,6.3,9.3,3.6,3.4,4.3,4.1,5.5,4.9,0.9,7.9,8.4,0.6,6.1,3.8,8.8,1.4,3.9,4.5,8.0,8.2,7.2,0.3,1.0,2.9,8.6,0,0,→,2035+,5.11,美国消防队长：就业极其稳定，职业安全风险高，AI替代抗性强,"United States Fire Captain: extremely stable employment, high safety risk, strong AI resistance",AI综合评估 + O*NET/ILO/OECD锚点校准
GOV-0802-CA-general,公共管理与公务员,GOV,消防应急,消防队长,Fire Captain,5411,33-1021.01,北美,加拿大,CA,country,general,大专/本科,25-35,global,6.0,5.5,3.9,7.3,3.2,3.1,4.8,4.5,7.1,6.3,9.5,4.0,4.0,4.9,4.4,5.0,4.8,0.6,8.1,8.2,0.7,5.7,4.1,8.5,1.6,3.9,4.8,7.7,7.9,7.5,0.3,1.2,3.1,8.9,0,0,→,2035+,5.25,加拿大消防队长：就业极其稳定，职业安全风险高，AI替代抗性强,"Canada Fire Captain: extremely stable employment, high safety risk, strong AI resistance",AI综合评估 + O*NET/ILO/OECD锚点校准
GOV-0802-MX-general,公共管理与公务员,GOV,消防应急,消防队长,Fire Captain,5411,33-1021.01,北美,墨西哥,MX,country,general,大专/本科,25-35,global,5.9,5.5,3.7,7.1,3.8,3.2,4.5,4.4,5.5,5.1,7.8,3.2,3.3,3.9,3.8,5.3,4.5,1.2,8.3,7.7,0.2,5.5,3.1,8.2,1.4,2.9,4.4,8.2,8.3,6.9,0.5,0.9,2.6,8.9,0,0,→,2035+,4.82,墨西哥消防队长：就业稳定，职业安全风险高，AI替代抗性强,"Mexico Fire Captain: stable employment, high safety risk, strong AI resistance",AI综合评估 + O*NET/ILO/OECD锚点校准
GOV-0802-BR-general,公共管理与公务员,GOV,消防应急,消防队长,Fire Captain,5411,33-1021.01,南美,巴西,BR,country,general,大专/本科,25-35,global,5.8,5.7,4.5,6.8,3.7,3.4,5.5,4.9,6.0,5.9,8.6,3.5,3.5,3.8,3.8,4.9,4.5,1.1,8.1,8.4,0.4,5.5,3.5,8.0,1.3,3.0,4.2,8.1,8.0,7.8,0.5,0.9,2.8,9.2,0,1,→,2035+,5.0,巴西消防队长：就业极其稳定，职业安全风险高，AI替代抗性强,"Brazil Fire Captain: extremely stable employment, high safety risk, strong AI resistance",AI综合评估 + O*NET/ILO/OECD锚点校准
GOV-0802-AR-general,公共管理与公务员,GOV,消防应急,消防队长,Fire Captain,5411,33-1021.01,南美,阿根廷,AR,country,general,大专/本科,25-35,global,5.7,5.3,4.0,6.7,3.6,3.8,4.7,4.2,5.4,4.9,7.7,3.1,3.3,4.0,3.8,4.9,4.6,1.2,7.9,7.2,0.4,5.1,3.2,8.3,1.3,2.8,4.1,8.2,8.2,7.3,0.3,0.7,2.7,9.3,-1,1,→,2035+,4.75,阿根廷消防队长：就业稳定，职业安全风险高，AI替代抗性强,"Argentina Fire Captain: stable employment, high safety risk, strong AI resistance",AI综合评估 + O*NET/ILO/OECD锚点校准
GOV-0802-CL-general,公共管理与公务员,GOV,消防应急,消防队长,Fire Captain,5411,33-1021.01,南美,智利,CL,country,general,大专/本科,25-35,global,5.8,5.3,4.2,6.8,2.9,2.3,4.9,4.4,5.7,5.5,8.8,3.6,3.6,3.9,4.2,4.8,4.4,0.7,8.1,7.5,0.6,5.5,3.3,8.5,1.6,3.3,4.4,8.2,8.0,7.6,0.3,1.2,2.9,9.0,0,0,→,2035+,4.95,智利消防队长：就业极其稳定，职业安全风险高，AI替代抗性强,"Chile Fire Captain: extremely stable employment, high safety risk, strong AI resistance",AI综合评估 + O*NET/ILO/OECD锚点校准
GOV-0802-CO-general,公共管理与公务员,GOV,消防应急,消防队长,Fire Captain,5411,33-1021.01,南美,哥伦比亚,CO,country,general,大专/本科,25-35,global,6.0,5.4,4.3,7.1,3.8,3.2,5.0,4.6,5.6,4.9,7.7,3.2,3.7,3.8,4.2,5.0,4.5,1.0,7.8,7.7,0.7,5.6,3.4,8.4,1.2,2.8,4.6,8.0,7.8,7.1,0.8,0.7,2.6,9.2,0,0,→,2035+,4.87,哥伦比亚消防队长：就业稳定，职业安全风险高，AI替代抗性强,"Colombia Fire Captain: stable employment, high safety risk, strong AI resistance",AI综合评估 + O*NET/ILO/OECD锚点校准
GOV-0802-AU-general,公共管理与公务员,GOV,消防应急,消防队长,Fire Captain,5411,33-1021.01,大洋洲,澳大利亚,AU,country,general,大专/本科,25-35,global,5.9,5.3,4.0,7.4,3.6,2.6,5.1,4.5,7.1,6.1,9.6,4.0,3.8,5.1,4.7,4.9,4.9,0.8,8.2,7.9,1.0,6.2,3.9,8.8,1.3,4.2,4.8,8.1,8.1,7.6,0.5,1.1,3.3,9.0,0,0,→,2035+,5.3,澳大利亚消防队长：就业极其稳定，职业安全风险高，AI替代抗性强,"Australia Fire Captain: extremely stable employment, high safety risk, strong AI resistance",AI综合评估 + O*NET/ILO/OECD锚点校准
GOV-0802-NZ-general,公共管理与公务员,GOV,消防应急,消防队长,Fire Captain,5411,33-1021.01,大洋洲,新西兰,NZ,country,general,大专/本科,25-35,global,6.1,5.6,3.8,7.5,3.3,2.4,5.1,4.3,6.7,6.1,9.9,4.0,4.1,4.6,4.5,5.1,4.8,0.8,7.9,7.9,1.1,6.0,4.5,8.7,1.4,4.6,5.1,8.3,8.1,7.3,0.4,1.3,3.5,8.7,0,0,→,2035+,5.28,新西兰消防队长：就业极其稳定，职业安全风险高，AI替代抗性强,"New Zealand Fire Captain: extremely stable employment, high safety risk, strong AI resistance",AI综合评估 + O*NET/ILO/OECD锚点校准
GOV-0802-ZA-general,公共管理与公务员,GOV,消防应急,消防队长,Fire Captain,5411,33-1021.01,非洲,南非,ZA,country,general,大专/本科,25-35,global,5.7,5.5,4.2,6.7,3.9,3.0,4.5,4.5,5.6,5.5,8.1,3.3,3.7,3.6,3.6,4.9,4.1,1.2,7.9,7.7,0.2,5.5,3.1,8.6,1.4,3.0,4.4,7.8,8.3,7.2,0.8,1.1,2.6,8.8,0,0,→,2035+,4.82,南非消防队长：就业稳定，职业安全风险高，AI替代抗性强,"South Africa Fire Captain: stable employment, high safety risk, strong AI resistance",AI综合评估 + O*NET/ILO/OECD锚点校准
GOV-0802-NG-general,公共管理与公务员,GOV,消防应急,消防队长,Fire Captain,5411,33-1021.01,非洲,尼日利亚,NG,country,general,大专/本科,25-35,global,6.0,5.3,4.2,6.8,3.5,3.6,4.6,3.9,5.1,4.8,7.2,3.2,3.1,3.3,3.3,4.8,4.5,1.3,7.7,7.1,0.1,4.9,3.1,8.4,1.5,2.0,4.2,8.3,7.8,7.3,0.8,0.8,2.7,9.3,-1,0,→,2035+,4.6,尼日利亚消防队长：职业安全风险高，AI替代抗性强，职业成就感高,"Nigeria Fire Captain: high safety risk, strong AI resistance, high job fulfillment",AI综合评估 + O*NET/ILO/OECD锚点校准
GOV-0802-KE-general,公共管理与公务员,GOV,消防应急,消防队长,Fire Captain,5411,33-1021.01,非洲,肯尼亚,KE,country,general,大专/本科,25-35,global,6.0,5.1,3.8,6.6,3.4,3.4,4.4,4.2,5.2,4.9,7.6,3.2,3.1,3.5,3.9,4.9,4.0,1.4,8.1,7.4,0.2,5.2,3.0,8.0,1.6,2.5,4.5,7.8,7.9,7.3,0.7,0.9,2.7,9.2,-1,0,→,2035+,4.66,肯尼亚消防队长：就业稳定，职业安全风险高，AI替代抗性强,"Kenya Fire Captain: stable employment, high safety risk, strong AI resistance",AI综合评估 + O*NET/ILO/OECD锚点校准
GOV-0802-EG-general,公共管理与公务员,GOV,消防应急,消防队长,Fire Captain,5411,33-1021.01,非洲,埃及,EG,country,general,大专/本科,25-35,global,6.1,5.5,4.1,6.9,4.2,3.7,5.0,4.7,5.0,5.0,7.9,3.4,3.5,3.4,3.5,4.9,4.6,1.0,7.9,7.6,0.3,5.5,3.3,8.5,1.4,2.3,4.4,7.8,8.0,7.7,0.5,1.2,3.1,9.0,0,1,→,2035+,4.82,埃及消防队长：就业稳定，职业安全风险高，AI替代抗性强,"Egypt Fire Captain: stable employment, high safety risk, strong AI resistance",AI综合评估 + O*NET/ILO/OECD锚点校准
GOV-0803-CN-general,公共管理与公务员,GOV,消防应急,应急管理专员,Emergency Management Specialist,5419,13-1061.00,东亚,中国,CN,country,general,本科/硕士,24-32,global,5.7,6.7,5.7,8.5,5.7,5.0,5.7,5.2,6.0,6.2,8.4,6.9,5.0,4.0,3.9,6.9,5.2,1.5,6.6,7.3,3.6,5.0,3.8,7.6,2.8,5.6,5.5,7.5,4.0,7.3,1.8,2.2,5.5,7.0,2,3,↑,2032-2038,5.61,中国应急管理专员：就业稳定，近年需求增长,"China Emergency Management Specialist: stable employment, growing demand",AI综合评估 + O*NET/ILO/OECD锚点校准
GOV-0803-JP-general,公共管理与公务员,GOV,消防应急,应急管理专员,Emergency Management Specialist,5419,13-1061.00,东亚,日本,JP,country,general,本科/硕士,24-32,global,5.7,6.3,5.7,8.3,5.3,4.3,6.0,5.4,6.6,6.1,9.0,7.0,5.4,5.1,4.1,6.6,5.6,1.2,6.6,7.1,3.9,5.8,4.2,7.9,3.4,5.5,5.9,7.5,4.0,7.1,1.7,2.1,5.3,7.1,2,2,↑,2032-2038,5.79,日本应急管理专员：就业极其稳定,Japan Emergency Management Specialist: extremely stable employment,AI综合评估 + O*NET/ILO/OECD锚点校准
GOV-0803-KR-general,公共管理与公务员,GOV,消防应急,应急管理专员,Emergency Management Specialist,5419,13-1061.00,东亚,韩国,KR,country,general,本科/硕士,24-32,global,5.5,6.6,5.8,8.4,4.9,4.0,6.3,5.1,6.8,6.0,8.4,6.8,5.5,4.6,4.2,6.6,5.8,1.2,6.5,6.9,4.1,5.5,4.2,7.8,3.2,5.0,6.2,7.7,4.0,7.0,1.8,2.1,5.1,6.8,2,2,↑,2032-2038,5.73,韩国应急管理专员：就业稳定,South Korea Emergency Management Specialist: stable employment,AI综合评估 + O*NET/ILO/OECD锚点校准
GOV-0803-TW-general,公共管理与公务员,GOV,消防应急,应急管理专员,Emergency Management Specialist,5419,13-1061.00,东亚,中国台湾地区,TW,region,general,本科/硕士,24-32,global,5.3,6.2,5.7,8.2,5.1,3.8,6.1,5.2,6.4,5.6,8.4,6.8,5.7,4.6,4.2,6.7,5.4,1.2,6.7,7.1,4.1,5.4,4.2,7.4,2.9,5.4,6.2,7.2,4.1,6.8,2.1,2.3,5.5,7.3,2,2,↑,2032-2038,5.69,中国台湾地区应急管理专员：就业稳定,Taiwan (China) Emergency Management Specialist: stable employment,AI综合评估 + O*NET/ILO/OECD锚点校准
GOV-0803-HK-general,公共管理与公务员,GOV,消防应急,应急管理专员,Emergency Management Specialist,5419,13-1061.00,东亚,中国香港地区,HK,region,general,本科/硕士,24-32,global,5.5,6.1,5.5,8.0,4.4,3.8,5.7,5.0,7.2,6.3,8.4,6.5,5.4,4.4,4.5,6.7,5.7,1.1,6.3,6.6,3.6,5.7,4.2,7.5,3.1,6.1,5.7,7.3,4.1,6.8,1.6,2.0,5.9,7.0,2,2,↑,2032-2038,5.69,中国香港地区应急管理专员：就业稳定,Hong Kong (China) Emergency Management Specialist: stable employment,AI综合评估 + O*NET/ILO/OECD锚点校准
GOV-0803-SG-general,公共管理与公务员,GOV,消防应急,应急管理专员,Emergency Management Specialist,5419,13-1061.00,东南亚,新加坡,SG,country,general,本科/硕士,24-32,global,5.8,6.2,5.3,8.8,4.4,3.2,5.7,4.8,7.9,6.4,9.2,7.2,5.4,5.1,4.1,6.7,5.8,1.0,6.5,7.4,3.7,5.8,4.5,8.3,3.1,6.5,5.8,7.6,4.3,6.4,1.5,2.2,6.1,7.2,2,1,→,2032-2038,5.89,新加坡应急管理专员：就业极其稳定，薪资回报高，职业成就感高,"Singapore Emergency Management Specialist: extremely stable employment, high compensation, high job fulfillment",AI综合评估 + O*NET/ILO/OECD锚点校准
GOV-0803-TH-general,公共管理与公务员,GOV,消防应急,应急管理专员,Emergency Management Specialist,5419,13-1061.00,东南亚,泰国,TH,country,general,本科/硕士,24-32,global,5.4,5.9,5.4,7.7,5.4,4.7,5.3,5.0,5.9,5.4,7.7,6.5,5.7,5.2,4.8,6.5,5.3,1.4,6.5,6.2,3.9,5.3,4.3,7.2,3.3,5.5,6.3,7.5,4.1,6.6,2.1,1.7,5.4,7.3,2,2,↑,2032-2038,5.56,泰国应急管理专员：就业稳定,Thailand Emergency Management Specialist: stable employment,AI综合评估 + O*NET/ILO/OECD锚点校准
GOV-0803-VN-general,公共管理与公务员,GOV,消防应急,应急管理专员,Emergency Management Specialist,5419,13-1061.00,东南亚,越南,VN,country,general,本科/硕士,24-32,global,5.4,5.7,6.2,8.3,5.3,4.6,5.3,5.3,5.2,5.6,8.0,6.6,5.4,4.7,4.4,6.3,5.4,1.7,6.7,6.7,4.1,5.2,4.4,7.1,3.1,5.8,6.0,7.2,3.8,6.6,1.9,2.1,5.1,7.0,2,3,↑,2032-2038,5.59,越南应急管理专员：就业稳定，近年需求增长,"Vietnam Emergency Management Specialist: stable employment, growing demand",AI综合评估 + O*NET/ILO/OECD锚点校准
GOV-0803-ID-general,公共管理与公务员,GOV,消防应急,应急管理专员,Emergency Management Specialist,5419,13-1061.00,东南亚,印度尼西亚,ID,country,general,本科/硕士,24-32,global,5.6,6.2,5.6,7.8,5.6,4.5,5.0,4.9,5.3,5.3,7.6,6.4,5.1,4.7,4.2,6.1,5.7,1.5,6.4,6.0,3.7,5.5,4.2,7.5,3.0,5.3,5.7,7.4,4.3,6.7,1.7,1.7,5.5,6.8,2,2,↑,2032-2038,5.43,印度尼西亚应急管理专员：就业稳定,Indonesia Emergency Management Specialist: stable employment,AI综合评估 + O*NET/ILO/OECD锚点校准
GOV-0803-MY-general,公共管理与公务员,GOV,消防应急,应急管理专员,Emergency Management Specialist,5419,13-1061.00,东南亚,马来西亚,MY,country,general,本科/硕士,24-32,global,5.8,5.8,5.4,8.4,5.1,4.5,5.5,4.7,6.1,5.4,8.0,6.6,5.4,4.7,4.2,6.7,5.4,1.6,6.7,6.3,3.9,5.4,4.3,7.6,3.0,5.5,5.7,7.7,3.8,6.3,1.9,1.8,5.4,7.2,2,2,↑,2032-2038,5.57,马来西亚应急管理专员：就业稳定,Malaysia Emergency Management Specialist: stable employment,AI综合评估 + O*NET/ILO/OECD锚点校准
GOV-0803-PH-general,公共管理与公务员,GOV,消防应急,应急管理专员,Emergency Management Specialist,5419,13-1061.00,东南亚,菲律宾,PH,country,general,本科/硕士,24-32,global,5.4,5.7,5.6,7.6,5.3,4.4,5.0,4.9,5.4,4.8,7.0,6.3,5.3,5.0,4.2,6.7,5.1,1.9,6.8,6.1,3.6,5.6,4.3,7.6,2.8,6.2,5.7,7.4,3.9,6.3,1.8,1.6,5.3,7.3,2,2,↑,2032-2038,5.42,菲律宾应急管理专员：发展平稳,Philippines Emergency Management Specialist: steady development,AI综合评估 + O*NET/ILO/OECD锚点校准
GOV-0803-IN-general,公共管理与公务员,GOV,消防应急,应急管理专员,Emergency Management Specialist,5419,13-1061.00,南亚,印度,IN,country,general,本科/硕士,24-32,global,5.6,6.3,5.5,8.2,5.3,4.7,5.9,5.2,5.8,5.9,7.5,6.5,5.2,4.4,4.1,6.6,5.5,1.8,6.7,7.2,4.0,5.5,4.0,7.1,3.1,4.9,5.9,7.2,4.3,7.2,2.0,1.7,5.1,6.9,2,3,↑,2032-2038,5.52,印度应急管理专员：就业稳定，近年需求增长,"India Emergency Management Specialist: stable employment, growing demand",AI综合评估 + O*NET/ILO/OECD锚点校准
GOV-0803-PK-general,公共管理与公务员,GOV,消防应急,应急管理专员,Emergency Management Specialist,5419,13-1061.00,南亚,巴基斯坦,PK,country,general,本科/硕士,24-32,global,5.2,5.8,5.3,7.8,5.4,4.5,5.7,5.0,5.3,4.8,6.8,6.2,5.4,4.1,4.3,6.6,5.5,2.0,6.6,6.1,3.7,5.0,3.7,7.2,2.8,4.3,6.0,7.8,4.2,6.5,2.1,1.8,5.2,6.8,2,2,↑,2032-2038,5.34,巴基斯坦应急管理专员：发展平稳,Pakistan Emergency Management Specialist: steady development,AI综合评估 + O*NET/ILO/OECD锚点校准
GOV-0803-BD-general,公共管理与公务员,GOV,消防应急,应急管理专员,Emergency Management Specialist,5419,13-1061.00,南亚,孟加拉国,BD,country,general,本科/硕士,24-32,global,5.1,6.1,5.7,7.8,5.2,4.3,5.6,5.4,5.0,4.8,7.0,6.3,4.9,4.2,4.1,6.1,5.1,1.7,6.1,6.5,3.6,4.9,3.8,7.2,3.2,4.6,5.6,7.5,4.1,6.4,2.1,1.8,5.5,7.2,2,2,↑,2032-2038,5.31,孟加拉国应急管理专员：发展平稳,Bangladesh Emergency Management Specialist: steady development,AI综合评估 + O*NET/ILO/OECD锚点校准
GOV-0803-AE-general,公共管理与公务员,GOV,消防应急,应急管理专员,Emergency Management Specialist,5419,13-1061.00,中亚/西亚,阿联酋,AE,country,general,本科/硕士,24-32,global,5.7,5.8,5.8,8.3,5.1,4.1,5.4,5.0,7.4,6.3,8.9,7.0,5.4,5.0,4.6,6.8,5.7,1.1,6.3,6.4,3.9,5.6,4.0,7.5,3.1,5.2,5.7,7.4,3.9,6.1,1.6,2.0,5.6,7.0,2,2,↑,2032-2038,5.78,阿联酋应急管理专员：就业极其稳定,United Arab Emirates Emergency Management Specialist: extremely stable employment,AI综合评估 + O*NET/ILO/OECD锚点校准
GOV-0803-IL-general,公共管理与公务员,GOV,消防应急,应急管理专员,Emergency Management Specialist,5419,13-1061.00,中亚/西亚,以色列,IL,country,general,本科/硕士,24-32,global,5.8,6.1,5.6,7.8,4.9,3.7,5.7,5.1,6.4,6.1,8.0,6.5,5.6,5.2,4.8,6.7,5.3,1.4,6.8,6.7,4.2,5.5,4.5,7.5,3.3,6.0,6.2,7.2,3.8,6.6,2.3,2.3,5.9,7.0,2,2,↑,2032-2038,5.7,以色列应急管理专员：就业稳定,Israel Emergency Management Specialist: stable employment,AI综合评估 + O*NET/ILO/OECD锚点校准
GOV-0803-SA-general,公共管理与公务员,GOV,消防应急,应急管理专员,Emergency Management Specialist,5419,13-1061.00,中亚/西亚,沙特阿拉伯,SA,country,general,本科/硕士,24-32,global,5.3,5.6,5.7,8.0,5.8,4.6,5.0,5.0,7.0,6.1,8.1,6.8,5.5,4.3,4.4,6.7,5.6,1.4,6.5,6.1,3.7,5.1,4.1,7.5,3.3,4.8,5.7,7.6,3.8,6.0,1.7,2.0,5.3,7.1,2,3,↑,2032-2038,5.66,沙特阿拉伯应急管理专员：就业稳定，近年需求增长,"Saudi Arabia Emergency Management Specialist: stable employment, growing demand",AI综合评估 + O*NET/ILO/OECD锚点校准
GOV-0803-TR-general,公共管理与公务员,GOV,消防应急,应急管理专员,Emergency Management Specialist,5419,13-1061.00,中亚/西亚,土耳其,TR,country,general,本科/硕士,24-32,global,5.7,5.8,5.6,7.7,5.3,4.3,5.7,5.2,5.4,5.3,6.9,6.5,5.5,4.7,3.9,6.7,5.4,1.6,6.2,6.5,4.2,5.3,4.2,7.2,2.9,5.1,5.8,7.6,3.9,7.0,2.1,1.8,5.1,7.1,2,2,↑,2032-2038,5.43,土耳其应急管理专员：发展平稳,Turkey Emergency Management Specialist: steady development,AI综合评估 + O*NET/ILO/OECD锚点校准
GOV-0803-GB-general,公共管理与公务员,GOV,消防应急,应急管理专员,Emergency Management Specialist,5419,13-1061.00,西欧,英国,GB,country,general,本科/硕士,24-32,global,5.6,6.3,5.7,8.2,5.0,3.8,5.5,5.2,6.5,6.1,8.3,6.7,6.0,5.3,4.7,6.8,5.7,1.4,6.8,6.8,4.5,6.1,5.1,8.0,3.1,6.6,6.3,7.6,4.1,6.7,2.1,2.1,6.0,7.2,2,2,↑,2032-2038,5.84,英国应急管理专员：就业稳定，职业成就感高,"United Kingdom Emergency Management Specialist: stable employment, high job fulfillment",AI综合评估 + O*NET/ILO/OECD锚点校准
GOV-0803-FR-general,公共管理与公务员,GOV,消防应急,应急管理专员,Emergency Management Specialist,5419,13-1061.00,西欧,法国,FR,country,general,本科/硕士,24-32,global,5.5,6.2,6.1,8.3,5.5,5.2,5.8,5.3,6.4,6.0,8.3,6.8,5.9,5.8,5.1,6.5,5.8,1.4,6.4,7.1,4.3,5.8,4.9,7.8,3.3,6.2,6.3,7.2,4.3,7.1,2.2,2.2,5.9,7.3,2,3,↑,2032-2038,5.87,法国应急管理专员：就业稳定，近年需求增长,"France Emergency Management Specialist: stable employment, growing demand",AI综合评估 + O*NET/ILO/OECD锚点校准
GOV-0803-DE-general,公共管理与公务员,GOV,消防应急,应急管理专员,Emergency Management Specialist,5419,13-1061.00,西欧,德国,DE,country,general,本科/硕士,24-32,global,6.0,6.4,5.8,8.3,4.8,4.1,5.5,5.1,6.6,6.1,8.5,6.9,6.1,5.7,5.1,6.8,5.8,1.2,6.7,7.1,4.5,5.8,5.4,7.6,3.4,6.2,6.6,7.2,4.0,6.5,1.7,2.0,5.8,6.8,2,2,↑,2032-2038,5.89,德国应急管理专员：就业极其稳定,Germany Emergency Management Specialist: extremely stable employment,AI综合评估 + O*NET/ILO/OECD锚点校准
GOV-0803-NL-general,公共管理与公务员,GOV,消防应急,应急管理专员,Emergency Management Specialist,5419,13-1061.00,西欧,荷兰,NL,country,general,本科/硕士,24-32,global,5.8,6.1,5.4,8.3,4.8,4.0,5.3,4.8,6.7,6.1,8.5,6.8,6.0,5.9,5.0,6.9,5.9,1.0,6.9,6.6,4.5,5.9,5.6,8.1,3.0,6.7,6.2,7.3,3.8,6.5,2.1,2.3,6.0,7.3,2,2,↑,2032-2038,5.9,荷兰应急管理专员：就业极其稳定，职业成就感高,"Netherlands Emergency Management Specialist: extremely stable employment, high job fulfillment",AI综合评估 + O*NET/ILO/OECD锚点校准
GOV-0803-CH-general,公共管理与公务员,GOV,消防应急,应急管理专员,Emergency Management Specialist,5419,13-1061.00,西欧,瑞士,CH,country,general,本科/硕士,24-32,global,5.7,6.0,5.4,8.6,4.7,3.5,5.7,5.1,7.6,6.9,9.0,7.0,5.9,6.2,5.3,7.0,5.6,1.1,6.7,6.6,4.0,6.0,5.1,7.9,3.4,6.2,6.4,7.8,4.0,6.6,1.7,2.1,5.5,6.6,2,1,→,2032-2038,6.0,瑞士应急管理专员：就业极其稳定，薪资回报高,"Switzerland Emergency Management Specialist: extremely stable employment, high compensation",AI综合评估 + O*NET/ILO/OECD锚点校准
GOV-0803-SE-general,公共管理与公务员,GOV,消防应急,应急管理专员,Emergency Management Specialist,5419,13-1061.00,北欧,瑞典,SE,country,general,本科/硕士,24-32,global,5.7,6.2,5.8,8.3,5.2,4.1,5.3,4.8,7.0,6.2,8.9,7.0,6.1,6.3,5.1,6.9,6.0,1.0,6.7,6.3,4.7,6.3,5.3,8.0,3.0,7.3,6.4,7.5,3.9,6.2,1.9,1.9,5.7,7.1,2,2,↑,2032-2038,5.99,瑞典应急管理专员：就业极其稳定，职业成就感高,"Sweden Emergency Management Specialist: extremely stable employment, high job fulfillment",AI综合评估 + O*NET/ILO/OECD锚点校准
GOV-0803-DK-general,公共管理与公务员,GOV,消防应急,应急管理专员,Emergency Management Specialist,5419,13-1061.00,北欧,丹麦,DK,country,general,本科/硕士,24-32,global,5.5,6.0,5.9,8.5,5.4,4.3,5.4,4.8,7.0,6.3,9.1,7.1,6.0,5.8,5.1,6.5,6.0,0.9,6.5,6.4,4.6,6.0,5.9,8.0,3.5,7.3,6.4,7.7,3.9,6.2,2.0,2.2,5.5,7.1,2,2,↑,2032-2038,6.03,丹麦应急管理专员：就业极其稳定，职业成就感高,"Denmark Emergency Management Specialist: extremely stable employment, high job fulfillment",AI综合评估 + O*NET/ILO/OECD锚点校准
GOV-0803-FI-general,公共管理与公务员,GOV,消防应急,应急管理专员,Emergency Management Specialist,5419,13-1061.00,北欧,芬兰,FI,country,general,本科/硕士,24-32,global,5.4,5.9,6.0,8.7,4.9,4.2,5.4,4.6,6.7,6.0,8.6,7.2,5.9,6.2,5.4,6.4,5.4,1.1,6.5,6.3,4.2,6.0,5.6,8.1,3.3,7.2,6.3,7.2,4.0,6.6,1.5,2.3,5.6,6.9,2,2,↑,2032-2038,5.93,芬兰应急管理专员：就业极其稳定，职业成就感高,"Finland Emergency Management Specialist: extremely stable employment, high job fulfillment",AI综合评估 + O*NET/ILO/OECD锚点校准
GOV-0803-IT-general,公共管理与公务员,GOV,消防应急,应急管理专员,Emergency Management Specialist,5419,13-1061.00,南欧,意大利,IT,country,general,本科/硕士,24-32,global,5.4,6.4,5.4,8.0,5.4,4.2,5.4,5.0,6.4,5.5,8.1,6.7,5.8,5.3,4.9,6.9,5.3,1.3,6.7,7.0,4.3,5.6,4.8,7.6,3.1,5.3,6.4,7.2,4.1,6.7,2.0,2.0,5.3,7.1,2,2,↑,2032-2038,5.7,意大利应急管理专员：就业稳定,Italy Emergency Management Specialist: stable employment,AI综合评估 + O*NET/ILO/OECD锚点校准
GOV-0803-ES-general,公共管理与公务员,GOV,消防应急,应急管理专员,Emergency Management Specialist,5419,13-1061.00,南欧,西班牙,ES,country,general,本科/硕士,24-32,global,5.3,6.2,5.7,8.3,5.1,4.3,5.9,4.9,6.2,5.6,8.1,6.7,5.8,5.3,5.1,6.6,5.8,1.4,6.4,7.1,4.2,5.9,5.0,7.6,3.2,6.1,6.0,7.6,4.1,6.9,1.6,2.4,5.4,7.1,2,2,↑,2032-2038,5.77,西班牙应急管理专员：就业稳定,Spain Emergency Management Specialist: stable employment,AI综合评估 + O*NET/ILO/OECD锚点校准
GOV-0803-PT-general,公共管理与公务员,GOV,消防应急,应急管理专员,Emergency Management Specialist,5419,13-1061.00,南欧,葡萄牙,PT,country,general,本科/硕士,24-32,global,5.2,6.2,5.8,8.3,5.2,3.8,5.9,5.4,6.0,5.8,8.0,6.8,5.9,5.6,5.1,6.4,5.7,1.5,6.8,6.5,3.9,5.8,4.7,8.0,3.4,6.1,6.4,7.3,4.0,6.8,2.1,1.8,5.4,7.0,2,2,↑,2032-2038,5.77,葡萄牙应急管理专员：就业稳定，职业成就感高,"Portugal Emergency Management Specialist: stable employment, high job fulfillment",AI综合评估 + O*NET/ILO/OECD锚点校准
GOV-0803-PL-general,公共管理与公务员,GOV,消防应急,应急管理专员,Emergency Management Specialist,5419,13-1061.00,东欧,波兰,PL,country,general,本科/硕士,24-32,global,5.8,6.1,5.8,8.3,5.0,4.2,5.3,5.0,5.6,5.4,8.1,6.6,5.8,5.6,5.0,6.5,5.8,1.5,6.6,6.5,4.3,5.5,4.8,7.9,3.2,5.6,6.0,7.3,4.3,6.5,2.0,2.2,5.6,6.9,2,2,↑,2032-2038,5.67,波兰应急管理专员：就业稳定,Poland Emergency Management Specialist: stable employment,AI综合评估 + O*NET/ILO/OECD锚点校准
GOV-0803-CZ-general,公共管理与公务员,GOV,消防应急,应急管理专员,Emergency Management Specialist,5419,13-1061.00,东欧,捷克,CZ,country,general,本科/硕士,24-32,global,5.5,6.0,5.4,8.5,4.9,3.7,5.6,5.1,6.2,5.8,8.0,6.7,5.6,5.8,4.6,6.8,5.4,1.3,6.6,6.5,4.2,5.8,5.2,7.8,2.9,5.8,5.9,7.5,3.9,6.2,1.8,2.4,5.4,7.2,2,2,↑,2032-2038,5.74,捷克应急管理专员：就业稳定,Czech Republic Emergency Management Specialist: stable employment,AI综合评估 + O*NET/ILO/OECD锚点校准
GOV-0803-RU-general,公共管理与公务员,GOV,消防应急,应急管理专员,Emergency Management Specialist,5419,13-1061.00,东欧,俄罗斯,RU,country,general,本科/硕士,24-32,global,5.8,6.2,6.0,8.0,5.3,5.2,4.9,5.2,5.4,5.4,7.2,6.3,5.6,4.6,4.4,6.8,5.3,1.5,6.6,6.1,3.9,5.4,4.3,7.5,3.0,6.0,5.8,7.8,4.1,6.2,1.8,2.0,4.9,7.1,2,3,↑,2032-2038,5.51,俄罗斯应急管理专员：近年需求增长,Russia Emergency Management Specialist: growing demand,AI综合评估 + O*NET/ILO/OECD锚点校准
GOV-0803-US-general,公共管理与公务员,GOV,消防应急,应急管理专员,Emergency Management Specialist,5419,13-1061.00,北美,美国,US,country,general,本科/硕士,24-32,global,5.7,6.3,5.6,8.1,4.8,3.9,5.6,5.2,6.5,6.2,7.9,6.5,5.5,4.8,4.7,6.8,5.5,1.3,6.6,6.9,3.9,5.9,4.4,7.7,3.4,6.6,5.8,7.4,4.3,6.7,1.6,2.2,5.6,7.1,2,2,↑,2032-2038,5.72,美国应急管理专员：就业稳定,United States Emergency Management Specialist: stable employment,AI综合评估 + O*NET/ILO/OECD锚点校准
GOV-0803-CA-general,公共管理与公务员,GOV,消防应急,应急管理专员,Emergency Management Specialist,5419,13-1061.00,北美,加拿大,CA,country,general,本科/硕士,24-32,global,5.6,6.2,5.7,8.1,5.0,4.1,5.5,5.1,6.8,5.9,8.5,7.0,5.7,5.8,4.9,7.0,5.5,1.4,6.8,6.8,4.0,5.8,5.3,7.8,3.1,6.8,6.4,7.3,4.1,6.2,1.6,1.9,6.0,6.9,2,2,↑,2032-2038,5.88,加拿大应急管理专员：就业极其稳定,Canada Emergency Management Specialist: extremely stable employment,AI综合评估 + O*NET/ILO/OECD锚点校准
GOV-0803-MX-general,公共管理与公务员,GOV,消防应急,应急管理专员,Emergency Management Specialist,5419,13-1061.00,北美,墨西哥,MX,country,general,本科/硕士,24-32,global,5.6,5.8,5.8,8.0,5.1,4.3,5.4,4.8,5.6,5.3,7.1,6.2,5.6,5.1,4.1,6.6,5.6,1.5,6.7,5.9,4.2,5.1,4.3,7.3,2.9,5.2,5.6,7.8,3.9,6.3,2.1,1.8,5.2,7.0,2,2,↑,2032-2038,5.48,墨西哥应急管理专员：发展平稳,Mexico Emergency Management Specialist: steady development,AI综合评估 + O*NET/ILO/OECD锚点校准
GOV-0803-BR-general,公共管理与公务员,GOV,消防应急,应急管理专员,Emergency Management Specialist,5419,13-1061.00,南美,巴西,BR,country,general,本科/硕士,24-32,global,5.5,6.2,6.0,8.1,5.5,4.8,5.7,5.4,6.1,5.8,7.5,6.4,5.4,5.2,4.3,6.3,5.5,1.7,6.8,6.5,4.3,5.6,4.6,7.0,2.8,5.3,5.7,7.2,4.1,7.0,1.8,1.7,5.5,7.1,2,3,↑,2032-2038,5.62,巴西应急管理专员：就业稳定，近年需求增长,"Brazil Emergency Management Specialist: stable employment, growing demand",AI综合评估 + O*NET/ILO/OECD锚点校准
GOV-0803-AR-general,公共管理与公务员,GOV,消防应急,应急管理专员,Emergency Management Specialist,5419,13-1061.00,南美,阿根廷,AR,country,general,本科/硕士,24-32,global,5.5,5.7,5.5,7.6,5.4,4.6,5.3,4.7,5.3,5.2,6.5,6.1,5.1,4.6,4.5,6.7,5.5,1.5,6.5,6.0,3.9,5.3,4.3,7.3,2.8,5.3,5.8,7.7,3.7,6.4,2.1,2.2,5.2,7.3,1,3,↑,2032-2038,5.41,阿根廷应急管理专员：近年需求增长,Argentina Emergency Management Specialist: growing demand,AI综合评估 + O*NET/ILO/OECD锚点校准
GOV-0803-CL-general,公共管理与公务员,GOV,消防应急,应急管理专员,Emergency Management Specialist,5419,13-1061.00,南美,智利,CL,country,general,本科/硕士,24-32,global,5.3,5.8,5.2,8.4,4.9,3.3,5.7,4.7,6.0,5.9,7.9,6.6,5.8,4.9,4.6,6.4,5.9,1.6,6.4,6.5,3.8,5.9,4.5,7.9,2.9,5.7,5.9,7.7,4.1,6.5,2.3,2.1,5.6,6.8,2,2,↑,2032-2038,5.62,智利应急管理专员：就业稳定,Chile Emergency Management Specialist: stable employment,AI综合评估 + O*NET/ILO/OECD锚点校准
GOV-0803-CO-general,公共管理与公务员,GOV,消防应急,应急管理专员,Emergency Management Specialist,5419,13-1061.00,南美,哥伦比亚,CO,country,general,本科/硕士,24-32,global,5.2,6.0,5.6,7.8,5.3,4.4,5.3,4.8,5.3,5.3,6.8,6.4,5.6,4.7,4.6,6.8,5.4,1.8,6.2,6.3,3.8,5.4,4.1,7.4,3.1,5.2,6.2,7.5,3.8,6.6,2.0,1.7,5.2,6.7,2,2,↑,2032-2038,5.43,哥伦比亚应急管理专员：发展平稳,Colombia Emergency Management Specialist: steady development,AI综合评估 + O*NET/ILO/OECD锚点校准
GOV-0803-AU-general,公共管理与公务员,GOV,消防应急,应急管理专员,Emergency Management Specialist,5419,13-1061.00,大洋洲,澳大利亚,AU,country,general,本科/硕士,24-32,global,5.5,6.3,5.7,8.6,4.7,3.5,5.4,4.8,6.9,6.2,8.4,7.0,5.7,6.0,5.0,6.6,6.0,1.2,6.8,6.6,4.3,6.0,5.3,8.0,3.0,6.7,6.3,7.6,4.0,6.4,1.7,2.0,5.8,6.8,2,2,↑,2032-2038,5.9,澳大利亚应急管理专员：就业稳定，职业成就感高,"Australia Emergency Management Specialist: stable employment, high job fulfillment",AI综合评估 + O*NET/ILO/OECD锚点校准
GOV-0803-NZ-general,公共管理与公务员,GOV,消防应急,应急管理专员,Emergency Management Specialist,5419,13-1061.00,大洋洲,新西兰,NZ,country,general,本科/硕士,24-32,global,5.9,5.9,5.8,8.5,4.5,3.6,5.3,4.9,6.5,6.3,8.8,6.9,5.9,5.8,5.4,6.6,5.8,1.3,6.5,6.6,4.1,6.2,5.3,8.0,3.2,7.0,6.6,7.5,4.1,6.1,2.0,2.3,5.9,7.0,2,2,↑,2032-2038,5.89,新西兰应急管理专员：就业极其稳定，职业成就感高,"New Zealand Emergency Management Specialist: extremely stable employment, high job fulfillment",AI综合评估 + O*NET/ILO/OECD锚点校准
GOV-0803-ZA-general,公共管理与公务员,GOV,消防应急,应急管理专员,Emergency Management Specialist,5419,13-1061.00,非洲,南非,ZA,country,general,本科/硕士,24-32,global,5.6,5.9,5.7,8.1,5.1,3.9,5.3,4.7,6.0,5.4,7.2,6.3,5.6,4.9,4.2,6.7,5.3,1.6,6.3,6.3,4.0,5.1,4.2,7.5,2.6,5.6,5.7,7.5,3.9,6.1,1.8,1.6,5.2,6.8,2,2,↑,2032-2038,5.47,南非应急管理专员：发展平稳,South Africa Emergency Management Specialist: steady development,AI综合评估 + O*NET/ILO/OECD锚点校准
GOV-0803-NG-general,公共管理与公务员,GOV,消防应急,应急管理专员,Emergency Management Specialist,5419,13-1061.00,非洲,尼日利亚,NG,country,general,本科/硕士,24-32,global,5.4,5.5,5.5,7.8,5.4,4.4,5.0,4.8,5.5,5.1,6.5,6.0,4.9,4.2,4.3,6.3,5.2,1.8,6.3,5.7,3.7,5.1,3.9,7.4,3.0,4.6,5.9,7.2,3.8,5.9,2.0,1.9,5.3,7.0,1,2,↑,2032-2038,5.31,尼日利亚应急管理专员：发展平稳,Nigeria Emergency Management Specialist: steady development,AI综合评估 + O*NET/ILO/OECD锚点校准
GOV-0803-KE-general,公共管理与公务员,GOV,消防应急,应急管理专员,Emergency Management Specialist,5419,13-1061.00,非洲,肯尼亚,KE,country,general,本科/硕士,24-32,global,5.7,5.9,5.3,7.9,4.9,4.0,4.9,4.5,5.5,4.8,6.8,6.3,5.2,4.9,4.3,6.3,5.4,1.9,6.6,6.0,4.1,5.3,4.3,7.1,3.0,5.4,5.7,7.5,3.7,5.9,2.2,2.0,5.3,6.7,1,2,↑,2032-2038,5.35,肯尼亚应急管理专员：发展平稳,Kenya Emergency Management Specialist: steady development,AI综合评估 + O*NET/ILO/OECD锚点校准
GOV-0803-EG-general,公共管理与公务员,GOV,消防应急,应急管理专员,Emergency Management Specialist,5419,13-1061.00,非洲,埃及,EG,country,general,本科/硕士,24-32,global,5.4,6.1,5.8,7.7,5.6,4.8,5.3,5.0,5.1,4.8,6.8,6.4,5.4,4.5,4.0,6.3,5.5,1.6,6.2,6.2,4.1,5.5,4.0,7.0,3.0,4.7,6.1,7.4,4.0,6.1,2.0,1.9,5.6,7.1,2,3,↑,2032-2038,5.39,埃及应急管理专员：近年需求增长,Egypt Emergency Management Specialist: growing demand,AI综合评估 + O*NET/ILO/OECD锚点校准
GOV-0804-CN-general,公共管理与公务员,GOV,消防应急,灾害救援协调员,Disaster Relief Coordinator,5419,13-1061.00,东亚,中国,CN,country,general,本科/硕士,25-35,global,5.5,6.5,5.2,8.3,4.9,4.2,5.8,5.6,5.8,5.2,7.9,5.8,4.7,3.9,4.0,6.4,5.8,1.4,7.4,7.5,2.9,5.7,2.6,8.3,2.2,5.9,4.9,8.5,4.8,6.9,2.3,1.8,7.3,6.6,2,3,↑,2032-2038,5.56,中国灾害救援协调员：就业稳定，AI替代抗性强，职业成就感高,"China Disaster Relief Coordinator: stable employment, strong AI resistance, high job fulfillment",AI综合评估 + O*NET/ILO/OECD锚点校准
GOV-0804-JP-general,公共管理与公务员,GOV,消防应急,灾害救援协调员,Disaster Relief Coordinator,5419,13-1061.00,东亚,日本,JP,country,general,本科/硕士,25-35,global,5.7,6.2,5.1,8.0,4.0,3.4,5.6,5.3,6.5,6.0,8.4,6.1,5.1,4.2,4.5,6.6,5.8,1.3,6.9,7.6,3.6,6.1,3.5,9.1,2.4,5.9,5.3,8.6,5.2,6.6,2.1,2.3,7.6,6.2,2,2,↑,2032-2038,5.73,日本灾害救援协调员：就业稳定，职业成就感高,"Japan Disaster Relief Coordinator: stable employment, high job fulfillment",AI综合评估 + O*NET/ILO/OECD锚点校准
GOV-0804-KR-general,公共管理与公务员,GOV,消防应急,灾害救援协调员,Disaster Relief Coordinator,5419,13-1061.00,东亚,韩国,KR,country,general,本科/硕士,25-35,global,6.0,6.4,5.2,7.5,4.0,3.0,5.5,5.4,6.2,5.7,7.5,5.8,4.7,3.9,4.5,6.8,5.6,1.2,7.4,7.5,3.2,5.9,3.3,8.9,2.8,5.4,5.4,8.7,5.2,6.6,2.4,1.9,7.7,6.3,2,2,↑,2032-2038,5.6,韩国灾害救援协调员：就业稳定，AI替代抗性强，职业成就感高,"South Korea Disaster Relief Coordinator: stable employment, strong AI resistance, high job fulfillment",AI综合评估 + O*NET/ILO/OECD锚点校准
GOV-0804-TW-general,公共管理与公务员,GOV,消防应急,灾害救援协调员,Disaster Relief Coordinator,5419,13-1061.00,东亚,中国台湾地区,TW,region,general,本科/硕士,25-35,global,5.9,6.2,4.7,7.8,4.0,2.8,5.5,5.4,5.5,5.4,8.0,5.9,4.8,4.4,4.3,6.4,5.3,1.5,7.3,7.4,3.3,6.3,3.2,8.7,2.4,6.2,5.3,8.8,4.9,6.7,2.3,2.2,7.3,6.6,2,2,↑,2032-2038,5.54,中国台湾地区灾害救援协调员：就业稳定，AI替代抗性强，职业成就感高,"Taiwan (China) Disaster Relief Coordinator: stable employment, strong AI resistance, high job fulfillment",AI综合评估 + O*NET/ILO/OECD锚点校准
GOV-0804-HK-general,公共管理与公务员,GOV,消防应急,灾害救援协调员,Disaster Relief Coordinator,5419,13-1061.00,东亚,中国香港地区,HK,region,general,本科/硕士,25-35,global,5.8,6.1,4.8,7.6,3.8,2.6,5.4,5.0,6.4,5.6,7.8,5.7,4.5,4.1,4.4,6.3,5.7,1.1,7.1,7.4,3.2,6.5,2.9,8.9,2.8,6.2,5.5,8.5,5.0,5.9,2.7,2.5,7.7,6.3,2,2,↑,2032-2038,5.6,中国香港地区灾害救援协调员：就业稳定，AI替代抗性强，职业成就感高,"Hong Kong (China) Disaster Relief Coordinator: stable employment, strong AI resistance, high job fulfillment",AI综合评估 + O*NET/ILO/OECD锚点校准
GOV-0804-SG-general,公共管理与公务员,GOV,消防应急,灾害救援协调员,Disaster Relief Coordinator,5419,13-1061.00,东南亚,新加坡,SG,country,general,本科/硕士,25-35,global,5.9,6.2,5.1,7.9,3.7,2.3,5.3,5.0,7.2,6.4,8.6,6.1,5.1,4.4,4.5,6.8,5.9,1.1,7.1,7.5,3.5,6.3,3.1,9.1,2.5,6.6,5.6,8.6,5.3,6.1,2.2,2.4,7.7,6.6,2,1,→,2032-2038,5.78,新加坡灾害救援协调员：就业极其稳定，AI替代抗性强，职业成就感高,"Singapore Disaster Relief Coordinator: extremely stable employment, strong AI resistance, high job fulfillment",AI综合评估 + O*NET/ILO/OECD锚点校准
GOV-0804-TH-general,公共管理与公务员,GOV,消防应急,灾害救援协调员,Disaster Relief Coordinator,5419,13-1061.00,东南亚,泰国,TH,country,general,本科/硕士,25-35,global,5.3,5.8,5.0,7.4,4.1,3.5,4.8,4.9,4.9,5.1,7.1,5.5,5.2,4.6,4.4,6.6,5.5,1.5,6.9,6.6,3.5,6.0,3.5,8.1,2.5,6.2,5.8,8.6,5.0,5.8,2.4,2.1,7.6,6.4,2,2,↑,2032-2038,5.45,泰国灾害救援协调员：职业成就感高,Thailand Disaster Relief Coordinator: high job fulfillment,AI综合评估 + O*NET/ILO/OECD锚点校准
GOV-0804-VN-general,公共管理与公务员,GOV,消防应急,灾害救援协调员,Disaster Relief Coordinator,5419,13-1061.00,东南亚,越南,VN,country,general,本科/硕士,25-35,global,5.3,6.1,5.5,7.9,4.4,4.2,5.0,5.3,4.7,4.7,7.5,5.7,4.9,4.5,4.6,6.3,5.6,1.5,7.0,7.3,3.3,6.0,3.1,8.3,2.3,6.1,5.7,8.6,4.8,5.9,2.5,1.6,7.1,6.9,2,3,↑,2032-2038,5.48,越南灾害救援协调员：就业稳定，AI替代抗性强，职业成就感高,"Vietnam Disaster Relief Coordinator: stable employment, strong AI resistance, high job fulfillment",AI综合评估 + O*NET/ILO/OECD锚点校准
GOV-0804-ID-general,公共管理与公务员,GOV,消防应急,灾害救援协调员,Disaster Relief Coordinator,5419,13-1061.00,东南亚,印度尼西亚,ID,country,general,本科/硕士,25-35,global,5.4,5.7,5.1,7.4,4.2,3.3,4.9,5.2,4.9,4.6,6.5,5.3,4.8,4.2,4.4,6.5,5.1,1.6,7.1,6.7,3.7,5.8,3.3,8.0,2.3,5.8,5.3,8.8,4.9,5.9,2.3,1.7,7.4,6.8,2,2,↑,2032-2038,5.35,印度尼西亚灾害救援协调员：AI替代抗性强，职业成就感高,"Indonesia Disaster Relief Coordinator: strong AI resistance, high job fulfillment",AI综合评估 + O*NET/ILO/OECD锚点校准
GOV-0804-MY-general,公共管理与公务员,GOV,消防应急,灾害救援协调员,Disaster Relief Coordinator,5419,13-1061.00,东南亚,马来西亚,MY,country,general,本科/硕士,25-35,global,5.6,6.0,5.0,7.6,3.9,3.0,4.7,4.8,5.6,5.4,7.4,5.7,5.2,4.4,4.2,6.7,5.8,1.4,6.9,7.1,3.2,6.2,3.5,8.4,2.7,6.1,5.7,8.4,5.0,6.2,2.6,2.0,7.3,6.8,2,2,↑,2032-2038,5.47,马来西亚灾害救援协调员：职业成就感高,Malaysia Disaster Relief Coordinator: high job fulfillment,AI综合评估 + O*NET/ILO/OECD锚点校准
GOV-0804-PH-general,公共管理与公务员,GOV,消防应急,灾害救援协调员,Disaster Relief Coordinator,5419,13-1061.00,东南亚,菲律宾,PH,country,general,本科/硕士,25-35,global,5.2,6.0,4.9,7.3,4.1,3.2,4.8,4.8,4.9,4.6,6.5,5.4,5.1,4.4,4.1,6.6,5.7,1.8,7.2,6.4,3.3,5.6,3.6,8.6,2.5,6.2,5.5,8.3,5.1,5.6,2.7,2.2,7.7,6.5,2,2,↑,2032-2038,5.35,菲律宾灾害救援协调员：AI替代抗性强，职业成就感高,"Philippines Disaster Relief Coordinator: strong AI resistance, high job fulfillment",AI综合评估 + O*NET/ILO/OECD锚点校准
GOV-0804-IN-general,公共管理与公务员,GOV,消防应急,灾害救援协调员,Disaster Relief Coordinator,5419,13-1061.00,南亚,印度,IN,country,general,本科/硕士,25-35,global,5.3,6.4,5.5,7.4,4.6,3.6,5.4,5.6,5.4,5.3,7.3,5.6,4.8,3.8,4.4,6.6,5.6,1.5,6.7,7.4,3.3,6.0,3.2,8.4,2.1,5.5,5.3,8.5,5.2,6.8,2.4,2.0,7.6,6.5,2,3,↑,2032-2038,5.48,印度灾害救援协调员：职业成就感高，近年需求增长,"India Disaster Relief Coordinator: high job fulfillment, growing demand",AI综合评估 + O*NET/ILO/OECD锚点校准
GOV-0804-PK-general,公共管理与公务员,GOV,消防应急,灾害救援协调员,Disaster Relief Coordinator,5419,13-1061.00,南亚,巴基斯坦,PK,country,general,本科/硕士,25-35,global,5.3,5.9,5.3,7.4,4.5,3.4,4.8,5.0,4.9,4.3,6.5,5.3,4.5,3.9,4.1,6.5,5.5,1.8,6.7,7.0,3.4,5.7,2.9,8.3,2.2,5.0,5.4,8.8,4.9,6.2,2.5,1.9,7.4,6.9,2,2,↑,2032-2038,5.26,巴基斯坦灾害救援协调员：职业成就感高,Pakistan Disaster Relief Coordinator: high job fulfillment,AI综合评估 + O*NET/ILO/OECD锚点校准
GOV-0804-BD-general,公共管理与公务员,GOV,消防应急,灾害救援协调员,Disaster Relief Coordinator,5419,13-1061.00,南亚,孟加拉国,BD,country,general,本科/硕士,25-35,global,5.1,5.6,5.2,7.2,4.4,3.1,5.3,5.1,4.5,4.5,6.8,5.3,4.7,3.7,3.9,6.5,5.2,2.0,6.9,6.8,3.1,5.8,2.6,7.9,2.7,4.9,5.3,8.5,5.2,5.9,2.6,2.0,7.1,6.5,2,2,↑,2032-2038,5.23,孟加拉国灾害救援协调员：发展平稳,Bangladesh Disaster Relief Coordinator: steady development,AI综合评估 + O*NET/ILO/OECD锚点校准
GOV-0804-AE-general,公共管理与公务员,GOV,消防应急,灾害救援协调员,Disaster Relief Coordinator,5419,13-1061.00,中亚/西亚,阿联酋,AE,country,general,本科/硕士,25-35,global,5.7,5.7,5.4,8.0,4.2,3.3,4.9,4.7,6.8,6.1,8.4,6.0,4.8,4.2,4.2,6.9,5.8,1.3,7.0,6.7,3.3,6.3,3.6,8.7,2.6,5.9,5.4,8.5,4.9,5.3,2.2,2.4,7.8,6.8,2,2,↑,2032-2038,5.71,阿联酋灾害救援协调员：就业稳定，AI替代抗性强，职业成就感高,"United Arab Emirates Disaster Relief Coordinator: stable employment, strong AI resistance, high job fulfillment",AI综合评估 + O*NET/ILO/OECD锚点校准
GOV-0804-IL-general,公共管理与公务员,GOV,消防应急,灾害救援协调员,Disaster Relief Coordinator,5419,13-1061.00,中亚/西亚,以色列,IL,country,general,本科/硕士,25-35,global,5.9,6.1,5.2,7.5,3.8,3.2,4.8,5.1,6.3,5.6,7.5,5.6,4.8,4.3,4.6,6.6,5.7,1.6,7.2,7.0,3.6,6.5,3.2,8.9,2.8,6.8,5.4,8.6,5.0,5.9,2.7,2.0,7.5,6.6,2,2,↑,2032-2038,5.58,以色列灾害救援协调员：就业稳定，AI替代抗性强，职业成就感高,"Israel Disaster Relief Coordinator: stable employment, strong AI resistance, high job fulfillment",AI综合评估 + O*NET/ILO/OECD锚点校准
GOV-0804-SA-general,公共管理与公务员,GOV,消防应急,灾害救援协调员,Disaster Relief Coordinator,5419,13-1061.00,中亚/西亚,沙特阿拉伯,SA,country,general,本科/硕士,25-35,global,5.5,5.7,5.2,7.7,4.4,4.2,4.6,5.0,6.6,5.7,7.6,5.9,4.8,3.9,4.3,6.3,5.5,1.5,7.1,6.5,3.6,5.9,2.8,8.2,2.6,5.2,5.4,8.6,4.8,5.7,2.2,2.0,7.5,6.6,2,3,↑,2032-2038,5.55,沙特阿拉伯灾害救援协调员：就业稳定，AI替代抗性强，职业成就感高,"Saudi Arabia Disaster Relief Coordinator: stable employment, strong AI resistance, high job fulfillment",AI综合评估 + O*NET/ILO/OECD锚点校准
GOV-0804-TR-general,公共管理与公务员,GOV,消防应急,灾害救援协调员,Disaster Relief Coordinator,5419,13-1061.00,中亚/西亚,土耳其,TR,country,general,本科/硕士,25-35,global,5.5,6.0,5.1,7.5,4.5,3.4,4.9,5.3,5.0,4.9,6.9,5.3,4.7,4.0,4.2,6.4,5.2,1.7,7.2,7.4,3.2,6.1,3.3,8.5,2.6,5.6,5.6,8.3,5.2,5.9,2.3,2.1,7.5,6.7,2,2,↑,2032-2038,5.41,土耳其灾害救援协调员：AI替代抗性强，职业成就感高,"Turkey Disaster Relief Coordinator: strong AI resistance, high job fulfillment",AI综合评估 + O*NET/ILO/OECD锚点校准
GOV-0804-GB-general,公共管理与公务员,GOV,消防应急,灾害救援协调员,Disaster Relief Coordinator,5419,13-1061.00,西欧,英国,GB,country,general,本科/硕士,25-35,global,5.7,6.0,4.9,8.0,3.7,2.8,5.2,5.2,5.9,5.6,7.9,5.8,5.3,5.2,4.8,6.8,5.9,1.2,7.3,7.1,3.7,6.4,4.4,9.0,2.8,7.1,5.7,8.5,5.1,6.2,2.2,2.2,7.9,6.3,2,2,↑,2032-2038,5.77,英国灾害救援协调员：就业稳定，AI替代抗性强，职业成就感高,"United Kingdom Disaster Relief Coordinator: stable employment, strong AI resistance, high job fulfillment",AI综合评估 + O*NET/ILO/OECD锚点校准
GOV-0804-FR-general,公共管理与公务员,GOV,消防应急,灾害救援协调员,Disaster Relief Coordinator,5419,13-1061.00,西欧,法国,FR,country,general,本科/硕士,25-35,global,5.9,6.5,5.3,7.6,4.8,4.2,5.0,4.9,6.1,5.7,7.7,5.8,5.5,5.5,5.2,6.6,5.5,1.4,7.1,7.3,3.5,6.3,4.1,8.8,2.5,6.8,5.9,8.3,4.8,6.5,2.5,2.2,7.9,6.7,2,3,↑,2032-2038,5.73,法国灾害救援协调员：就业稳定，AI替代抗性强，职业成就感高,"France Disaster Relief Coordinator: stable employment, strong AI resistance, high job fulfillment",AI综合评估 + O*NET/ILO/OECD锚点校准
GOV-0804-DE-general,公共管理与公务员,GOV,消防应急,灾害救援协调员,Disaster Relief Coordinator,5419,13-1061.00,西欧,德国,DE,country,general,本科/硕士,25-35,global,5.4,6.3,5.3,7.9,4.1,3.2,5.5,4.9,6.1,5.8,8.1,5.8,5.4,5.6,5.0,6.6,5.7,1.1,7.0,7.6,3.6,6.3,4.3,8.7,2.8,6.5,6.0,8.4,5.1,6.0,2.2,2.2,7.5,6.3,2,2,↑,2032-2038,5.8,德国灾害救援协调员：就业稳定，AI替代抗性强，职业成就感高,"Germany Disaster Relief Coordinator: stable employment, strong AI resistance, high job fulfillment",AI综合评估 + O*NET/ILO/OECD锚点校准
GOV-0804-NL-general,公共管理与公务员,GOV,消防应急,灾害救援协调员,Disaster Relief Coordinator,5419,13-1061.00,西欧,荷兰,NL,country,general,本科/硕士,25-35,global,5.5,5.8,4.9,7.7,4.0,2.7,4.8,4.9,6.4,5.7,8.1,5.9,5.6,5.6,5.4,6.9,5.5,1.3,6.8,7.3,3.9,6.8,4.7,9.0,2.7,7.1,6.1,8.6,5.3,6.1,2.1,2.2,7.9,6.3,2,2,↑,2032-2038,5.82,荷兰灾害救援协调员：就业稳定，职业成就感高,"Netherlands Disaster Relief Coordinator: stable employment, high job fulfillment",AI综合评估 + O*NET/ILO/OECD锚点校准
GOV-0804-CH-general,公共管理与公务员,GOV,消防应急,灾害救援协调员,Disaster Relief Coordinator,5419,13-1061.00,西欧,瑞士,CH,country,general,本科/硕士,25-35,global,5.5,6.3,5.2,7.9,3.8,2.6,5.1,4.7,6.8,6.2,8.8,6.1,5.3,5.3,4.9,6.9,6.0,1.1,7.1,7.3,4.0,6.8,4.3,8.6,2.5,6.8,5.9,8.5,4.9,6.0,2.2,2.3,7.7,6.6,2,1,→,2032-2038,5.87,瑞士灾害救援协调员：就业极其稳定，AI替代抗性强，职业成就感高,"Switzerland Disaster Relief Coordinator: extremely stable employment, strong AI resistance, high job fulfillment",AI综合评估 + O*NET/ILO/OECD锚点校准
GOV-0804-SE-general,公共管理与公务员,GOV,消防应急,灾害救援协调员,Disaster Relief Coordinator,5419,13-1061.00,北欧,瑞典,SE,country,general,本科/硕士,25-35,global,5.7,6.0,5.4,8.3,4.4,3.2,4.4,4.8,6.4,5.6,8.5,5.9,5.6,5.6,5.3,6.6,5.5,1.1,6.9,6.7,4.1,6.4,4.5,9.0,2.6,7.4,5.7,8.6,4.9,6.0,2.3,2.3,8.1,6.6,2,2,↑,2032-2038,5.84,瑞典灾害救援协调员：就业极其稳定，职业成就感高,"Sweden Disaster Relief Coordinator: extremely stable employment, high job fulfillment",AI综合评估 + O*NET/ILO/OECD锚点校准
GOV-0804-DK-general,公共管理与公务员,GOV,消防应急,灾害救援协调员,Disaster Relief Coordinator,5419,13-1061.00,北欧,丹麦,DK,country,general,本科/硕士,25-35,global,5.6,6.3,5.6,8.0,4.1,3.5,4.6,5.1,6.2,6.0,8.3,6.1,5.6,5.6,5.0,6.6,5.6,1.1,7.1,7.2,3.9,6.4,4.7,8.9,2.5,7.9,6.0,8.5,5.0,5.5,2.4,2.2,7.6,6.7,2,2,↑,2032-2038,5.87,丹麦灾害救援协调员：就业稳定，AI替代抗性强，职业成就感高,"Denmark Disaster Relief Coordinator: stable employment, strong AI resistance, high job fulfillment",AI综合评估 + O*NET/ILO/OECD锚点校准
GOV-0804-FI-general,公共管理与公务员,GOV,消防应急,灾害救援协调员,Disaster Relief Coordinator,5419,13-1061.00,北欧,芬兰,FI,country,general,本科/硕士,25-35,global,6.0,5.9,5.6,7.8,4.1,3.4,4.7,4.9,5.9,5.9,8.6,6.0,5.4,5.6,5.2,6.9,5.6,1.1,7.0,6.8,3.6,6.6,4.6,9.0,3.0,7.5,5.8,8.5,5.3,5.7,2.2,2.2,7.8,6.4,2,2,↑,2032-2038,5.84,芬兰灾害救援协调员：就业极其稳定，AI替代抗性强，职业成就感高,"Finland Disaster Relief Coordinator: extremely stable employment, strong AI resistance, high job fulfillment",AI综合评估 + O*NET/ILO/OECD锚点校准
GOV-0804-IT-general,公共管理与公务员,GOV,消防应急,灾害救援协调员,Disaster Relief Coordinator,5419,13-1061.00,南欧,意大利,IT,country,general,本科/硕士,25-35,global,5.8,6.4,5.4,7.9,4.5,3.4,5.0,5.0,5.6,5.2,7.6,5.6,5.1,4.5,4.4,6.6,5.8,1.5,6.8,7.4,3.5,6.2,3.6,8.6,2.5,6.3,5.7,8.3,4.9,6.4,2.3,1.9,7.4,6.3,2,2,↑,2032-2038,5.56,意大利灾害救援协调员：就业稳定，职业成就感高,"Italy Disaster Relief Coordinator: stable employment, high job fulfillment",AI综合评估 + O*NET/ILO/OECD锚点校准
GOV-0804-ES-general,公共管理与公务员,GOV,消防应急,灾害救援协调员,Disaster Relief Coordinator,5419,13-1061.00,南欧,西班牙,ES,country,general,本科/硕士,25-35,global,5.7,6.3,5.2,7.8,4.0,3.2,5.5,5.2,5.8,5.1,7.3,5.6,4.9,5.0,4.8,6.3,5.9,1.6,7.3,7.5,3.6,6.0,3.7,8.8,2.5,6.1,5.6,8.3,5.0,6.5,2.1,1.8,7.4,6.4,2,2,↑,2032-2038,5.59,西班牙灾害救援协调员：AI替代抗性强，职业成就感高,"Spain Disaster Relief Coordinator: strong AI resistance, high job fulfillment",AI综合评估 + O*NET/ILO/OECD锚点校准
GOV-0804-PT-general,公共管理与公务员,GOV,消防应急,灾害救援协调员,Disaster Relief Coordinator,5419,13-1061.00,南欧,葡萄牙,PT,country,general,本科/硕士,25-35,global,5.6,5.8,5.2,7.5,3.9,3.1,5.3,5.0,5.2,4.7,7.4,5.8,5.3,4.7,5.1,6.4,5.6,1.4,7.0,7.0,3.5,6.0,3.9,8.6,2.4,6.7,5.5,8.6,5.3,5.9,2.6,2.0,7.4,6.6,2,2,↑,2032-2038,5.54,葡萄牙灾害救援协调员：AI替代抗性强，职业成就感高,"Portugal Disaster Relief Coordinator: strong AI resistance, high job fulfillment",AI综合评估 + O*NET/ILO/OECD锚点校准
GOV-0804-PL-general,公共管理与公务员,GOV,消防应急,灾害救援协调员,Disaster Relief Coordinator,5419,13-1061.00,东欧,波兰,PL,country,general,本科/硕士,25-35,global,5.7,5.9,4.7,7.3,4.2,3.2,5.1,4.7,5.2,5.0,7.1,5.7,5.2,5.1,4.9,6.3,5.7,1.3,7.0,6.8,3.5,6.1,3.8,8.4,2.2,6.1,5.4,8.3,5.2,5.8,2.7,1.8,7.3,6.3,2,2,↑,2032-2038,5.47,波兰灾害救援协调员：AI替代抗性强，职业成就感高,"Poland Disaster Relief Coordinator: strong AI resistance, high job fulfillment",AI综合评估 + O*NET/ILO/OECD锚点校准
GOV-0804-CZ-general,公共管理与公务员,GOV,消防应急,灾害救援协调员,Disaster Relief Coordinator,5419,13-1061.00,东欧,捷克,CZ,country,general,本科/硕士,25-35,global,5.7,6.0,5.3,8.0,3.9,2.6,4.6,4.6,5.5,5.4,7.7,5.6,5.3,5.1,4.8,6.3,5.8,1.5,6.9,7.0,3.6,6.5,4.2,8.7,2.8,6.6,5.6,8.4,4.9,5.6,2.5,2.3,7.5,6.2,2,2,↑,2032-2038,5.6,捷克灾害救援协调员：就业稳定，职业成就感高,"Czech Republic Disaster Relief Coordinator: stable employment, high job fulfillment",AI综合评估 + O*NET/ILO/OECD锚点校准
GOV-0804-RU-general,公共管理与公务员,GOV,消防应急,灾害救援协调员,Disaster Relief Coordinator,5419,13-1061.00,东欧,俄罗斯,RU,country,general,本科/硕士,25-35,global,5.7,6.1,5.3,7.4,4.4,3.9,4.8,4.7,4.9,4.6,6.8,5.2,4.8,4.4,4.3,6.4,5.6,1.8,7.3,6.8,3.2,6.0,3.4,8.4,2.2,6.2,5.4,8.7,5.2,6.0,2.4,1.7,7.0,6.9,2,3,↑,2032-2038,5.34,俄罗斯灾害救援协调员：AI替代抗性强，职业成就感高，近年需求增长,"Russia Disaster Relief Coordinator: strong AI resistance, high job fulfillment, growing demand",AI综合评估 + O*NET/ILO/OECD锚点校准
GOV-0804-US-general,公共管理与公务员,GOV,消防应急,灾害救援协调员,Disaster Relief Coordinator,5419,13-1061.00,北美,美国,US,country,general,本科/硕士,25-35,global,5.8,6.2,5.1,7.7,3.9,2.8,5.0,5.1,6.2,5.5,7.6,5.6,4.7,4.6,4.5,6.9,5.6,1.1,7.1,7.3,3.8,6.0,3.4,9.0,2.4,7.0,5.6,8.2,4.9,6.3,2.2,2.3,7.6,6.7,2,2,↑,2032-2038,5.63,美国灾害救援协调员：就业稳定，AI替代抗性强，职业成就感高,"United States Disaster Relief Coordinator: stable employment, strong AI resistance, high job fulfillment",AI综合评估 + O*NET/ILO/OECD锚点校准
GOV-0804-CA-general,公共管理与公务员,GOV,消防应急,灾害救援协调员,Disaster Relief Coordinator,5419,13-1061.00,北美,加拿大,CA,country,general,本科/硕士,25-35,global,5.5,5.9,5.2,8.0,3.8,2.7,5.0,4.7,6.5,6.0,8.3,5.9,5.3,4.9,4.8,6.6,5.8,1.3,7.0,7.4,3.8,6.1,4.3,9.1,2.5,7.0,5.8,8.7,4.7,6.2,2.3,2.3,7.6,6.4,2,2,↑,2032-2038,5.78,加拿大灾害救援协调员：就业稳定，AI替代抗性强，职业成就感高,"Canada Disaster Relief Coordinator: stable employment, strong AI resistance, high job fulfillment",AI综合评估 + O*NET/ILO/OECD锚点校准
GOV-0804-MX-general,公共管理与公务员,GOV,消防应急,灾害救援协调员,Disaster Relief Coordinator,5419,13-1061.00,北美,墨西哥,MX,country,general,本科/硕士,25-35,global,5.7,5.7,4.9,7.5,4.2,3.3,5.0,4.6,4.6,4.8,6.4,5.3,4.8,4.4,4.5,6.7,5.6,1.9,7.2,6.8,3.4,5.6,3.2,8.3,2.6,5.7,5.5,8.8,4.9,5.5,2.7,1.9,7.5,6.8,2,2,↑,2032-2038,5.33,墨西哥灾害救援协调员：AI替代抗性强，职业成就感高,"Mexico Disaster Relief Coordinator: strong AI resistance, high job fulfillment",AI综合评估 + O*NET/ILO/OECD锚点校准
GOV-0804-BR-general,公共管理与公务员,GOV,消防应急,灾害救援协调员,Disaster Relief Coordinator,5419,13-1061.00,南美,巴西,BR,country,general,本科/硕士,25-35,global,5.3,5.9,5.1,7.6,4.5,3.5,5.0,5.0,5.6,5.0,7.2,5.4,4.7,4.4,4.7,6.8,5.7,1.4,6.9,7.5,3.4,5.9,3.7,8.1,2.2,5.9,5.4,8.2,5.0,6.5,2.6,1.9,7.2,6.9,2,3,↑,2032-2038,5.48,巴西灾害救援协调员：职业成就感高，近年需求增长,"Brazil Disaster Relief Coordinator: high job fulfillment, growing demand",AI综合评估 + O*NET/ILO/OECD锚点校准
GOV-0804-AR-general,公共管理与公务员,GOV,消防应急,灾害救援协调员,Disaster Relief Coordinator,5419,13-1061.00,南美,阿根廷,AR,country,general,本科/硕士,25-35,global,5.5,5.9,5.3,7.1,4.5,3.7,4.7,4.7,4.6,4.5,6.3,5.2,4.9,4.2,4.7,6.7,5.5,1.8,6.9,6.4,3.6,5.9,3.5,8.4,2.2,6.0,5.6,8.4,5.2,5.5,2.9,1.8,7.5,6.7,1,3,↑,2032-2038,5.31,阿根廷灾害救援协调员：职业成就感高，近年需求增长,"Argentina Disaster Relief Coordinator: high job fulfillment, growing demand",AI综合评估 + O*NET/ILO/OECD锚点校准
GOV-0804-CL-general,公共管理与公务员,GOV,消防应急,灾害救援协调员,Disaster Relief Coordinator,5419,13-1061.00,南美,智利,CL,country,general,本科/硕士,25-35,global,5.5,5.9,4.9,7.8,3.9,2.3,5.1,4.9,5.7,5.0,7.1,5.7,5.0,4.8,4.8,6.3,5.8,1.4,7.1,6.6,3.3,6.2,3.4,8.7,2.7,6.3,5.7,8.7,5.3,5.8,2.3,2.0,7.2,6.2,2,2,↑,2032-2038,5.52,智利灾害救援协调员：AI替代抗性强，职业成就感高,"Chile Disaster Relief Coordinator: strong AI resistance, high job fulfillment",AI综合评估 + O*NET/ILO/OECD锚点校准
GOV-0804-CO-general,公共管理与公务员,GOV,消防应急,灾害救援协调员,Disaster Relief Coordinator,5419,13-1061.00,南美,哥伦比亚,CO,country,general,本科/硕士,25-35,global,5.8,6.2,4.8,7.1,4.3,3.3,5.1,5.2,5.2,4.6,6.2,5.3,4.8,4.0,4.2,6.5,5.3,1.6,6.8,6.5,3.3,5.8,3.1,8.6,2.7,5.6,5.3,8.3,5.2,5.6,2.5,1.8,7.1,6.7,2,2,↑,2032-2038,5.27,哥伦比亚灾害救援协调员：职业成就感高,Colombia Disaster Relief Coordinator: high job fulfillment,AI综合评估 + O*NET/ILO/OECD锚点校准
GOV-0804-AU-general,公共管理与公务员,GOV,消防应急,灾害救援协调员,Disaster Relief Coordinator,5419,13-1061.00,大洋洲,澳大利亚,AU,country,general,本科/硕士,25-35,global,5.6,6.3,4.8,7.6,3.9,3.1,5.1,4.7,6.4,5.9,8.3,5.9,5.7,5.4,5.1,6.5,5.9,1.3,7.4,7.5,3.8,6.5,4.1,8.8,2.9,7.4,6.0,8.7,5.2,6.2,2.3,2.2,7.7,6.2,2,2,↑,2032-2038,5.82,澳大利亚灾害救援协调员：就业稳定，AI替代抗性强，职业成就感高,"Australia Disaster Relief Coordinator: stable employment, strong AI resistance, high job fulfillment",AI综合评估 + O*NET/ILO/OECD锚点校准
GOV-0804-NZ-general,公共管理与公务员,GOV,消防应急,灾害救援协调员,Disaster Relief Coordinator,5419,13-1061.00,大洋洲,新西兰,NZ,country,general,本科/硕士,25-35,global,5.7,5.9,5.2,8.3,3.7,2.9,4.8,5.0,6.1,5.7,8.1,6.1,5.5,5.1,5.4,6.3,5.9,0.9,7.3,7.2,3.7,6.7,4.6,8.9,3.0,7.5,5.6,8.4,4.9,5.9,2.5,2.2,7.9,6.6,2,2,↑,2032-2038,5.84,新西兰灾害救援协调员：就业稳定，AI替代抗性强，职业成就感高,"New Zealand Disaster Relief Coordinator: stable employment, strong AI resistance, high job fulfillment",AI综合评估 + O*NET/ILO/OECD锚点校准
GOV-0804-ZA-general,公共管理与公务员,GOV,消防应急,灾害救援协调员,Disaster Relief Coordinator,5419,13-1061.00,非洲,南非,ZA,country,general,本科/硕士,25-35,global,5.5,5.8,5.0,7.2,4.3,3.2,4.5,4.7,5.2,4.7,6.6,5.3,5.1,4.2,4.7,6.4,5.3,1.6,7.1,6.5,3.6,5.7,3.5,8.0,2.5,6.0,5.7,8.5,5.1,5.7,2.5,1.7,7.7,6.6,2,2,↑,2032-2038,5.35,南非灾害救援协调员：AI替代抗性强，职业成就感高,"South Africa Disaster Relief Coordinator: strong AI resistance, high job fulfillment",AI综合评估 + O*NET/ILO/OECD锚点校准
GOV-0804-NG-general,公共管理与公务员,GOV,消防应急,灾害救援协调员,Disaster Relief Coordinator,5419,13-1061.00,非洲,尼日利亚,NG,country,general,本科/硕士,25-35,global,5.3,6.0,4.9,6.9,4.3,3.6,4.7,4.9,4.9,4.6,6.2,5.1,4.5,3.8,4.4,6.6,5.3,2.0,7.2,6.7,3.5,5.4,2.7,8.3,2.1,5.3,5.5,8.5,4.7,5.6,2.6,1.7,7.1,6.6,1,2,↑,2032-2038,5.21,尼日利亚灾害救援协调员：AI替代抗性强，职业成就感高,"Nigeria Disaster Relief Coordinator: strong AI resistance, high job fulfillment",AI综合评估 + O*NET/ILO/OECD锚点校准
GOV-0804-KE-general,公共管理与公务员,GOV,消防应急,灾害救援协调员,Disaster Relief Coordinator,5419,13-1061.00,非洲,肯尼亚,KE,country,general,本科/硕士,25-35,global,5.4,6.0,5.0,7.2,3.9,3.1,4.8,4.9,4.7,4.3,6.1,5.3,5.1,4.0,4.2,6.5,5.2,2.0,7.0,6.4,3.2,5.7,2.9,7.9,2.7,5.3,5.4,8.4,5.0,5.7,2.5,1.7,7.3,6.4,1,2,↑,2032-2038,5.18,肯尼亚灾害救援协调员：AI替代抗性强,Kenya Disaster Relief Coordinator: strong AI resistance,AI综合评估 + O*NET/ILO/OECD锚点校准
GOV-0804-EG-general,公共管理与公务员,GOV,消防应急,灾害救援协调员,Disaster Relief Coordinator,5419,13-1061.00,非洲,埃及,EG,country,general,本科/硕士,25-35,global,5.5,5.6,5.1,7.5,4.7,3.7,4.4,4.9,4.7,4.3,6.9,5.4,4.5,3.8,4.0,6.2,5.3,1.7,6.8,7.0,3.6,5.7,2.9,8.3,2.6,5.1,5.6,8.5,4.9,5.8,2.7,1.9,7.0,6.5,2,3,↑,2032-2038,5.26,埃及灾害救援协调员：职业成就感高，近年需求增长,"Egypt Disaster Relief Coordinator: high job fulfillment, growing demand",AI综合评估 + O*NET/ILO/OECD锚点校准
GOV-0901-CN-general,公共管理与公务员,GOV,情报安全,情报分析师,Intelligence Analyst,2422,33-3021.06,东亚,中国,CN,country,general,硕士,24-30,global,7.4,7.8,5.8,7.8,4.1,3.9,6.2,5.6,7.4,6.5,8.7,6.3,5.3,4.0,4.3,5.9,5.0,2.0,5.9,8.2,2.9,4.6,3.5,7.3,1.2,4.5,5.2,5.3,1.4,9.8,1.1,0.3,3.4,9.6,1,3,↑,2028-2033,5.17,中国情报分析师：就业极其稳定，准入门槛高，近年需求增长,"China Intelligence Analyst: extremely stable employment, high entry barrier, growing demand",AI综合评估 + O*NET/ILO/OECD锚点校准
GOV-0901-JP-general,公共管理与公务员,GOV,情报安全,情报分析师,Intelligence Analyst,2422,33-3021.06,东亚,日本,JP,country,general,硕士,24-30,global,7.5,7.8,5.8,8.1,3.8,3.0,6.0,5.6,8.2,6.5,9.5,6.3,5.2,4.5,4.2,6.5,5.2,1.8,5.8,8.0,3.6,5.0,3.9,7.8,1.6,4.4,5.2,5.6,1.2,9.3,1.4,0.5,3.2,9.5,1,2,↑,2028-2033,5.32,日本情报分析师：就业极其稳定，薪资回报高，准入门槛高,"Japan Intelligence Analyst: extremely stable employment, high compensation, high entry barrier",AI综合评估 + O*NET/ILO/OECD锚点校准
GOV-0901-KR-general,公共管理与公务员,GOV,情报安全,情报分析师,Intelligence Analyst,2422,33-3021.06,东亚,韩国,KR,country,general,硕士,24-30,global,6.9,7.8,5.9,7.7,3.8,2.6,6.1,6.1,8.4,6.3,8.8,6.2,5.6,4.0,4.0,6.1,5.0,2.0,6.2,8.0,3.3,5.0,3.8,7.7,1.9,4.2,5.2,5.4,1.3,9.5,1.2,0.8,3.5,9.4,1,2,↑,2032-2038,5.3,韩国情报分析师：就业极其稳定，薪资回报高，准入门槛高,"South Korea Intelligence Analyst: extremely stable employment, high compensation, high entry barrier",AI综合评估 + O*NET/ILO/OECD锚点校准
GOV-0901-TW-general,公共管理与公务员,GOV,情报安全,情报分析师,Intelligence Analyst,2422,33-3021.06,东亚,中国台湾地区,TW,region,general,硕士,24-30,global,7.3,7.9,5.3,7.7,3.1,2.3,6.2,5.8,7.7,6.6,8.8,6.1,5.5,4.0,4.7,6.1,5.3,2.0,6.0,7.9,3.2,5.4,3.7,7.5,1.7,4.7,5.4,5.6,1.2,9.5,1.6,0.5,3.7,9.7,1,2,↑,2032-2038,5.21,中国台湾地区情报分析师：就业极其稳定，薪资回报高，准入门槛高,"Taiwan (China) Intelligence Analyst: extremely stable employment, high compensation, high entry barrier",AI综合评估 + O*NET/ILO/OECD锚点校准
GOV-0901-HK-general,公共管理与公务员,GOV,情报安全,情报分析师,Intelligence Analyst,2422,33-3021.06,东亚,中国香港地区,HK,region,general,硕士,24-30,global,7.3,7.4,5.1,7.7,3.1,2.2,5.8,5.5,8.7,6.8,8.7,6.0,5.5,4.3,4.0,5.9,5.5,1.9,6.2,7.9,3.6,5.2,3.7,7.5,1.4,4.9,5.4,5.6,1.3,8.7,1.5,0.8,3.8,9.6,1,2,↑,2032-2038,5.28,中国香港地区情报分析师：就业极其稳定，薪资回报高，准入门槛高,"Hong Kong (China) Intelligence Analyst: extremely stable employment, high compensation, high entry barrier",AI综合评估 + O*NET/ILO/OECD锚点校准
GOV-0901-SG-general,公共管理与公务员,GOV,情报安全,情报分析师,Intelligence Analyst,2422,33-3021.06,东南亚,新加坡,SG,country,general,硕士,24-30,global,7.0,8.0,5.7,8.2,3.4,2.1,5.9,5.4,8.9,6.9,10.0,6.3,5.3,4.1,4.2,6.4,5.3,1.7,6.0,8.0,3.6,5.3,4.1,7.9,1.9,5.4,5.3,5.3,1.4,9.2,1.4,1.1,3.6,9.7,1,1,→,2032-2038,5.43,新加坡情报分析师：就业极其稳定，薪资回报高，准入门槛高,"Singapore Intelligence Analyst: extremely stable employment, high compensation, high entry barrier",AI综合评估 + O*NET/ILO/OECD锚点校准
GOV-0901-TH-general,公共管理与公务员,GOV,情报安全,情报分析师,Intelligence Analyst,2422,33-3021.06,东南亚,泰国,TH,country,general,硕士,24-30,global,6.9,7.6,5.8,7.4,4.0,2.6,5.4,5.3,7.3,5.6,8.0,6.1,5.6,4.5,4.4,6.2,5.1,2.0,6.2,7.4,3.3,4.9,3.8,7.5,1.5,4.4,5.6,5.6,1.8,8.7,1.5,0.5,3.1,9.4,1,2,↑,2032-2038,5.12,泰国情报分析师：就业稳定，准入门槛高,"Thailand Intelligence Analyst: stable employment, high entry barrier",AI综合评估 + O*NET/ILO/OECD锚点校准
GOV-0901-VN-general,公共管理与公务员,GOV,情报安全,情报分析师,Intelligence Analyst,2422,33-3021.06,东南亚,越南,VN,country,general,硕士,24-30,global,7.1,7.2,6.0,8.0,4.0,3.6,5.7,5.3,6.7,6.0,8.3,6.1,5.2,4.2,4.2,6.1,4.6,2.2,5.8,7.4,3.4,4.9,3.6,7.4,1.2,4.8,5.3,5.6,1.6,9.4,1.5,0.4,3.6,9.8,1,3,↑,2028-2033,5.09,越南情报分析师：就业稳定，准入门槛高，近年需求增长,"Vietnam Intelligence Analyst: stable employment, high entry barrier, growing demand",AI综合评估 + O*NET/ILO/OECD锚点校准
GOV-0901-ID-general,公共管理与公务员,GOV,情报安全,情报分析师,Intelligence Analyst,2422,33-3021.06,东南亚,印度尼西亚,ID,country,general,硕士,24-30,global,7.1,7.4,5.4,7.4,4.0,2.6,5.3,5.6,6.7,5.6,7.8,6.0,5.2,4.0,4.7,5.6,4.8,2.0,6.0,6.9,3.1,4.9,3.7,7.3,1.3,4.6,5.5,5.4,1.5,8.7,1.4,0.4,3.3,9.5,1,2,↑,2032-2038,4.99,印度尼西亚情报分析师：就业稳定，准入门槛高,"Indonesia Intelligence Analyst: stable employment, high entry barrier",AI综合评估 + O*NET/ILO/OECD锚点校准
GOV-0901-MY-general,公共管理与公务员,GOV,情报安全,情报分析师,Intelligence Analyst,2422,33-3021.06,东南亚,马来西亚,MY,country,general,硕士,24-30,global,6.9,7.7,5.3,7.8,3.8,2.7,5.4,5.6,7.7,5.8,8.3,6.0,5.6,4.3,4.6,6.0,5.1,1.9,6.1,7.3,3.7,4.9,3.7,7.2,1.2,4.3,5.5,5.7,1.2,9.0,1.1,0.5,3.5,9.7,1,2,↑,2032-2038,5.15,马来西亚情报分析师：就业稳定，薪资回报高，准入门槛高,"Malaysia Intelligence Analyst: stable employment, high compensation, high entry barrier",AI综合评估 + O*NET/ILO/OECD锚点校准
GOV-0901-PH-general,公共管理与公务员,GOV,情报安全,情报分析师,Intelligence Analyst,2422,33-3021.06,东南亚,菲律宾,PH,country,general,硕士,24-30,global,6.9,7.4,5.7,7.1,3.7,3.0,5.1,5.2,6.8,5.4,7.2,5.9,5.3,4.4,4.4,5.7,5.2,2.3,6.0,6.9,3.5,4.7,3.9,7.1,1.5,5.0,5.4,5.6,1.6,8.7,1.9,0.6,3.6,9.8,1,2,↑,2032-2038,4.96,菲律宾情报分析师：准入门槛高,Philippines Intelligence Analyst: high entry barrier,AI综合评估 + O*NET/ILO/OECD锚点校准
GOV-0901-IN-general,公共管理与公务员,GOV,情报安全,情报分析师,Intelligence Analyst,2422,33-3021.06,南亚,印度,IN,country,general,硕士,24-30,global,7.3,7.9,5.8,8.0,4.2,2.9,6.0,5.8,7.5,6.2,8.2,6.0,5.1,4.4,4.0,6.2,4.9,2.0,5.7,8.1,3.2,4.8,3.6,7.5,1.7,4.0,5.4,5.8,1.4,9.5,1.4,0.6,3.5,9.6,1,3,↑,2028-2033,5.16,印度情报分析师：就业稳定，薪资回报高，准入门槛高,"India Intelligence Analyst: stable employment, high compensation, high entry barrier",AI综合评估 + O*NET/ILO/OECD锚点校准
GOV-0901-PK-general,公共管理与公务员,GOV,情报安全,情报分析师,Intelligence Analyst,2422,33-3021.06,南亚,巴基斯坦,PK,country,general,硕士,24-30,global,7.2,7.6,5.7,7.5,3.6,2.8,5.4,5.6,6.5,5.3,7.3,5.8,5.5,3.9,3.9,5.8,5.1,2.4,5.7,7.6,3.3,4.9,3.4,7.1,1.5,3.2,5.2,5.4,1.3,9.3,1.7,0.1,2.9,9.4,1,2,↑,2028-2033,4.85,巴基斯坦情报分析师：准入门槛高,Pakistan Intelligence Analyst: high entry barrier,AI综合评估 + O*NET/ILO/OECD锚点校准
GOV-0901-BD-general,公共管理与公务员,GOV,情报安全,情报分析师,Intelligence Analyst,2422,33-3021.06,南亚,孟加拉国,BD,country,general,硕士,24-30,global,6.8,7.2,5.8,7.3,3.5,2.9,5.5,5.7,6.5,5.7,7.4,5.9,5.4,3.6,4.2,5.6,4.8,2.3,5.7,7.1,3.4,4.8,3.6,7.0,1.4,3.4,5.3,5.6,1.6,8.9,1.4,0.5,3.5,9.5,1,2,↑,2028-2033,4.92,孟加拉国情报分析师：准入门槛高,Bangladesh Intelligence Analyst: high entry barrier,AI综合评估 + O*NET/ILO/OECD锚点校准
GOV-0901-AE-general,公共管理与公务员,GOV,情报安全,情报分析师,Intelligence Analyst,2422,33-3021.06,中亚/西亚,阿联酋,AE,country,general,硕士,24-30,global,7.1,7.6,5.7,8.0,3.6,2.4,5.4,5.4,9.0,6.9,9.5,6.3,5.3,4.6,4.6,6.2,5.2,1.8,6.3,7.1,3.5,5.4,3.7,7.5,1.7,4.3,5.2,5.5,1.7,8.8,1.0,0.7,3.6,9.3,1,2,↑,2032-2038,5.38,阿联酋情报分析师：就业极其稳定，薪资回报高，准入门槛高,"United Arab Emirates Intelligence Analyst: extremely stable employment, high compensation, high entry barrier",AI综合评估 + O*NET/ILO/OECD锚点校准
GOV-0901-IL-general,公共管理与公务员,GOV,情报安全,情报分析师,Intelligence Analyst,2422,33-3021.06,中亚/西亚,以色列,IL,country,general,硕士,24-30,global,7.2,7.9,5.4,7.9,3.8,2.2,5.6,5.3,8.3,6.2,8.1,6.0,5.3,4.4,4.3,5.9,5.4,1.9,6.4,7.4,3.2,5.2,3.7,7.8,1.7,5.0,5.6,5.6,1.2,8.9,1.5,0.7,3.9,9.5,1,2,↑,2032-2038,5.23,以色列情报分析师：就业稳定，薪资回报高，准入门槛高,"Israel Intelligence Analyst: stable employment, high compensation, high entry barrier",AI综合评估 + O*NET/ILO/OECD锚点校准
GOV-0901-SA-general,公共管理与公务员,GOV,情报安全,情报分析师,Intelligence Analyst,2422,33-3021.06,中亚/西亚,沙特阿拉伯,SA,country,general,硕士,24-30,global,7.0,7.0,5.9,7.8,4.2,3.7,4.9,5.5,8.3,6.6,8.4,6.0,5.4,4.0,4.0,5.8,4.7,1.9,6.2,7.3,3.5,4.8,3.4,7.5,1.7,3.7,5.5,5.3,1.2,8.4,1.5,0.4,3.2,9.9,1,3,↑,2032-2038,5.2,沙特阿拉伯情报分析师：就业稳定，薪资回报高，准入门槛高,"Saudi Arabia Intelligence Analyst: stable employment, high compensation, high entry barrier",AI综合评估 + O*NET/ILO/OECD锚点校准
GOV-0901-TR-general,公共管理与公务员,GOV,情报安全,情报分析师,Intelligence Analyst,2422,33-3021.06,中亚/西亚,土耳其,TR,country,general,硕士,24-30,global,7.3,7.6,5.9,7.6,3.5,3.1,5.7,5.7,7.3,5.5,8.0,6.1,5.1,3.8,4.3,6.2,4.7,1.9,5.7,7.8,3.5,4.9,3.5,7.1,1.7,4.3,5.6,5.7,1.7,9.1,1.7,0.5,3.3,9.3,1,2,↑,2028-2033,5.07,土耳其情报分析师：就业稳定，准入门槛高,"Turkey Intelligence Analyst: stable employment, high entry barrier",AI综合评估 + O*NET/ILO/OECD锚点校准
GOV-0901-GB-general,公共管理与公务员,GOV,情报安全,情报分析师,Intelligence Analyst,2422,33-3021.06,西欧,英国,GB,country,general,硕士,24-30,global,6.9,7.5,5.4,7.8,3.6,2.5,5.6,5.2,8.3,6.7,9.1,6.0,6.0,4.8,4.7,6.4,5.4,1.8,6.1,8.0,3.7,5.2,4.8,8.0,1.4,5.6,5.8,5.4,1.7,8.8,1.6,0.7,3.7,9.8,1,2,↑,2032-2038,5.41,英国情报分析师：就业极其稳定，薪资回报高，准入门槛高,"United Kingdom Intelligence Analyst: extremely stable employment, high compensation, high entry barrier",AI综合评估 + O*NET/ILO/OECD锚点校准
GOV-0901-FR-general,公共管理与公务员,GOV,情报安全,情报分析师,Intelligence Analyst,2422,33-3021.06,西欧,法国,FR,country,general,硕士,24-30,global,7.1,8.0,6.1,8.0,4.0,3.3,5.4,5.9,8.0,6.7,8.9,6.3,5.7,5.1,4.9,6.3,5.2,1.7,6.2,8.0,3.9,5.2,4.7,7.5,1.6,5.2,6.1,5.3,1.2,9.5,1.4,0.8,4.0,9.3,1,3,↑,2032-2038,5.47,法国情报分析师：就业极其稳定，薪资回报高，准入门槛高,"France Intelligence Analyst: extremely stable employment, high compensation, high entry barrier",AI综合评估 + O*NET/ILO/OECD锚点校准
GOV-0901-DE-general,公共管理与公务员,GOV,情报安全,情报分析师,Intelligence Analyst,2422,33-3021.06,西欧,德国,DE,country,general,硕士,24-30,global,7.5,7.7,5.7,8.0,3.3,2.2,5.6,5.6,8.5,6.6,9.5,6.1,6.1,5.1,4.9,6.0,5.5,1.8,6.1,8.1,4.1,5.4,5.1,7.7,1.7,5.4,5.7,5.6,1.6,9.0,1.5,0.5,3.6,9.3,1,2,↑,2032-2038,5.47,德国情报分析师：就业极其稳定，薪资回报高，准入门槛高,"Germany Intelligence Analyst: extremely stable employment, high compensation, high entry barrier",AI综合评估 + O*NET/ILO/OECD锚点校准
GOV-0901-NL-general,公共管理与公务员,GOV,情报安全,情报分析师,Intelligence Analyst,2422,33-3021.06,西欧,荷兰,NL,country,general,硕士,24-30,global,7.1,7.5,5.6,7.9,3.2,2.5,5.5,5.4,8.3,6.7,9.2,6.1,6.3,5.4,5.1,6.1,4.9,1.6,6.3,7.7,3.7,5.5,5.2,8.1,1.7,5.7,6.2,5.8,1.3,9.1,1.2,0.7,3.6,9.7,1,2,↑,2032-2038,5.49,荷兰情报分析师：就业极其稳定，薪资回报高，准入门槛高,"Netherlands Intelligence Analyst: extremely stable employment, high compensation, high entry barrier",AI综合评估 + O*NET/ILO/OECD锚点校准
GOV-0901-CH-general,公共管理与公务员,GOV,情报安全,情报分析师,Intelligence Analyst,2422,33-3021.06,西欧,瑞士,CH,country,general,硕士,24-30,global,7.0,7.4,5.5,8.0,3.4,1.6,5.4,5.5,9.0,6.9,9.5,6.4,6.1,5.7,5.1,6.3,5.5,1.7,6.5,8.0,3.8,5.6,4.9,7.8,1.6,5.3,6.0,5.3,1.7,8.7,1.1,1.0,4.0,9.4,1,1,→,2032-2038,5.59,瑞士情报分析师：就业极其稳定，薪资回报高，准入门槛高,"Switzerland Intelligence Analyst: extremely stable employment, high compensation, high entry barrier",AI综合评估 + O*NET/ILO/OECD锚点校准
GOV-0901-SE-general,公共管理与公务员,GOV,情报安全,情报分析师,Intelligence Analyst,2422,33-3021.06,北欧,瑞典,SE,country,general,硕士,24-30,global,7.1,7.8,5.8,7.8,3.7,2.9,5.2,5.7,8.4,6.8,9.4,6.1,6.2,5.5,5.5,6.4,5.1,1.6,6.2,7.8,4.1,5.3,5.4,8.0,1.8,6.2,6.1,5.4,1.3,8.8,1.3,0.7,4.0,9.7,1,2,↑,2032-2038,5.58,瑞典情报分析师：就业极其稳定，薪资回报高，准入门槛高,"Sweden Intelligence Analyst: extremely stable employment, high compensation, high entry barrier",AI综合评估 + O*NET/ILO/OECD锚点校准
GOV-0901-DK-general,公共管理与公务员,GOV,情报安全,情报分析师,Intelligence Analyst,2422,33-3021.06,北欧,丹麦,DK,country,general,硕士,24-30,global,7.3,7.4,5.5,8.1,3.7,2.6,5.2,5.2,8.4,7.1,9.5,6.2,6.1,5.5,5.1,6.1,5.6,1.7,6.2,7.3,4.1,5.4,5.2,7.8,1.9,6.4,5.9,5.4,1.8,9.0,1.4,0.9,3.5,9.5,1,2,↑,2032-2038,5.52,丹麦情报分析师：就业极其稳定，薪资回报高，准入门槛高,"Denmark Intelligence Analyst: extremely stable employment, high compensation, high entry barrier",AI综合评估 + O*NET/ILO/OECD锚点校准
GOV-0901-FI-general,公共管理与公务员,GOV,情报安全,情报分析师,Intelligence Analyst,2422,33-3021.06,北欧,芬兰,FI,country,general,硕士,24-30,global,7.1,7.5,5.9,8.2,3.4,2.6,5.4,5.6,7.9,6.8,9.2,6.2,6.0,5.9,5.1,6.2,5.1,1.4,6.1,7.8,3.8,5.6,5.3,7.9,1.9,5.9,6.1,5.5,1.2,8.8,1.4,1.0,3.7,9.4,1,2,↑,2032-2038,5.56,芬兰情报分析师：就业极其稳定，薪资回报高，准入门槛高,"Finland Intelligence Analyst: extremely stable employment, high compensation, high entry barrier",AI综合评估 + O*NET/ILO/OECD锚点校准
GOV-0901-IT-general,公共管理与公务员,GOV,情报安全,情报分析师,Intelligence Analyst,2422,33-3021.06,南欧,意大利,IT,country,general,硕士,24-30,global,6.9,7.5,5.8,7.8,3.8,2.7,5.4,5.3,7.6,5.9,8.2,6.0,5.8,4.7,4.6,6.0,5.3,1.7,5.8,7.6,3.6,5.3,4.2,7.7,1.8,4.5,5.6,5.5,1.3,9.2,1.4,0.4,3.4,9.8,1,2,↑,2028-2033,5.22,意大利情报分析师：就业稳定，薪资回报高，准入门槛高,"Italy Intelligence Analyst: stable employment, high compensation, high entry barrier",AI综合评估 + O*NET/ILO/OECD锚点校准
GOV-0901-ES-general,公共管理与公务员,GOV,情报安全,情报分析师,Intelligence Analyst,2422,33-3021.06,南欧,西班牙,ES,country,general,硕士,24-30,global,7.2,7.5,5.5,7.7,3.5,2.4,5.8,5.8,8.0,6.0,8.2,6.2,5.5,4.7,5.1,6.1,5.0,2.0,6.1,7.8,3.5,5.2,4.5,7.8,1.6,4.8,5.8,5.3,1.7,9.1,1.7,0.4,3.6,9.3,1,2,↑,2032-2038,5.27,西班牙情报分析师：就业稳定，薪资回报高，准入门槛高,"Spain Intelligence Analyst: stable employment, high compensation, high entry barrier",AI综合评估 + O*NET/ILO/OECD锚点校准
GOV-0901-PT-general,公共管理与公务员,GOV,情报安全,情报分析师,Intelligence Analyst,2422,33-3021.06,南欧,葡萄牙,PT,country,general,硕士,24-30,global,6.8,7.8,5.6,7.7,3.5,2.4,5.5,5.3,7.1,6.2,8.5,6.1,6.0,5.1,4.9,6.1,4.8,1.8,5.7,7.7,3.7,4.9,4.7,8.0,1.8,5.2,5.7,5.6,1.7,9.1,1.4,0.5,3.9,9.6,1,2,↑,2028-2033,5.25,葡萄牙情报分析师：就业极其稳定，准入门槛高，职业成就感高,"Portugal Intelligence Analyst: extremely stable employment, high entry barrier, high job fulfillment",AI综合评估 + O*NET/ILO/OECD锚点校准
GOV-0901-PL-general,公共管理与公务员,GOV,情报安全,情报分析师,Intelligence Analyst,2422,33-3021.06,东欧,波兰,PL,country,general,硕士,24-30,global,6.8,7.6,5.4,7.7,3.5,2.2,5.6,5.4,7.5,6.3,8.1,6.0,5.8,4.8,4.8,6.3,5.2,1.8,6.1,7.3,3.7,5.2,4.4,7.5,1.6,4.9,5.4,5.6,1.5,8.9,1.7,0.7,3.6,9.2,1,2,↑,2032-2038,5.25,波兰情报分析师：就业稳定，薪资回报高，准入门槛高,"Poland Intelligence Analyst: stable employment, high compensation, high entry barrier",AI综合评估 + O*NET/ILO/OECD锚点校准
GOV-0901-CZ-general,公共管理与公务员,GOV,情报安全,情报分析师,Intelligence Analyst,2422,33-3021.06,东欧,捷克,CZ,country,general,硕士,24-30,global,7.1,7.6,5.7,7.5,3.2,2.0,5.4,5.5,7.5,6.1,8.6,6.1,5.8,5.3,4.6,6.3,5.2,1.8,6.1,7.3,3.6,5.5,4.9,7.9,1.7,5.0,5.9,5.5,1.5,9.1,1.2,0.6,3.7,9.5,1,2,↑,2032-2038,5.3,捷克情报分析师：就业极其稳定，薪资回报高，准入门槛高,"Czech Republic Intelligence Analyst: extremely stable employment, high compensation, high entry barrier",AI综合评估 + O*NET/ILO/OECD锚点校准
GOV-0901-RU-general,公共管理与公务员,GOV,情报安全,情报分析师,Intelligence Analyst,2422,33-3021.06,东欧,俄罗斯,RU,country,general,硕士,24-30,global,7.1,7.3,5.5,7.7,4.2,3.2,5.3,5.5,7.2,5.7,7.9,6.0,5.7,4.5,4.6,5.8,5.2,2.0,6.4,6.9,3.3,4.8,3.8,7.2,1.6,4.9,5.3,5.4,1.7,8.7,1.7,0.3,3.3,9.8,1,3,↑,2032-2038,5.11,俄罗斯情报分析师：就业稳定，准入门槛高，近年需求增长,"Russia Intelligence Analyst: stable employment, high entry barrier, growing demand",AI综合评估 + O*NET/ILO/OECD锚点校准
GOV-0901-US-general,公共管理与公务员,GOV,情报安全,情报分析师,Intelligence Analyst,2422,33-3021.06,北美,美国,US,country,general,硕士,24-30,global,7.1,7.7,5.3,7.5,3.0,1.9,5.8,5.4,8.5,6.4,8.6,6.1,5.7,4.5,4.4,6.4,5.1,1.9,6.4,7.4,3.7,5.5,3.8,7.8,1.7,5.2,5.5,5.4,1.2,8.8,1.6,0.4,4.0,9.3,1,2,↑,2032-2038,5.3,美国情报分析师：就业极其稳定，薪资回报高，准入门槛高,"United States Intelligence Analyst: extremely stable employment, high compensation, high entry barrier",AI综合评估 + O*NET/ILO/OECD锚点校准
GOV-0901-CA-general,公共管理与公务员,GOV,情报安全,情报分析师,Intelligence Analyst,2422,33-3021.06,北美,加拿大,CA,country,general,硕士,24-30,global,7.1,7.7,5.6,7.8,3.5,2.3,5.4,5.4,8.5,6.8,9.3,6.1,5.9,5.2,5.1,6.5,5.5,1.6,6.3,7.6,4.0,5.6,4.4,7.7,1.5,5.5,5.6,5.5,1.3,8.8,1.1,1.0,4.0,9.4,1,2,↑,2032-2038,5.5,加拿大情报分析师：就业极其稳定，薪资回报高，准入门槛高,"Canada Intelligence Analyst: extremely stable employment, high compensation, high entry barrier",AI综合评估 + O*NET/ILO/OECD锚点校准
GOV-0901-MX-general,公共管理与公务员,GOV,情报安全,情报分析师,Intelligence Analyst,2422,33-3021.06,北美,墨西哥,MX,country,general,硕士,24-30,global,7.0,7.6,5.4,7.2,3.4,2.8,5.2,5.1,6.6,5.6,7.2,6.0,5.1,4.4,4.6,6.1,4.9,2.1,6.2,6.9,3.5,4.8,4.1,7.5,1.2,4.4,5.5,5.6,1.3,8.9,1.8,0.1,3.4,9.6,1,2,↑,2032-2038,4.96,墨西哥情报分析师：准入门槛高,Mexico Intelligence Analyst: high entry barrier,AI综合评估 + O*NET/ILO/OECD锚点校准
GOV-0901-BR-general,公共管理与公务员,GOV,情报安全,情报分析师,Intelligence Analyst,2422,33-3021.06,南美,巴西,BR,country,general,硕士,24-30,global,6.9,7.3,5.7,7.7,3.8,3.4,5.5,5.7,7.7,6.0,8.1,6.0,5.5,4.5,4.8,5.7,5.1,2.2,6.1,7.6,3.3,5.1,3.8,7.2,1.3,4.3,5.7,5.7,1.5,9.5,1.5,0.6,3.4,9.6,1,3,↑,2032-2038,5.18,巴西情报分析师：就业稳定，薪资回报高，准入门槛高,"Brazil Intelligence Analyst: stable employment, high compensation, high entry barrier",AI综合评估 + O*NET/ILO/OECD锚点校准
GOV-0901-AR-general,公共管理与公务员,GOV,情报安全,情报分析师,Intelligence Analyst,2422,33-3021.06,南美,阿根廷,AR,country,general,硕士,24-30,global,7.3,7.3,5.6,7.1,3.7,3.2,4.9,5.6,6.9,5.3,7.6,6.0,5.5,4.3,4.3,6.3,4.6,2.3,6.2,7.0,3.4,5.0,3.5,7.1,1.6,4.6,5.6,5.5,1.6,8.9,1.9,0.1,3.5,9.7,0,3,↑,2032-2038,4.97,阿根廷情报分析师：就业稳定，准入门槛高，近年需求增长,"Argentina Intelligence Analyst: stable employment, high entry barrier, growing demand",AI综合评估 + O*NET/ILO/OECD锚点校准
GOV-0901-CL-general,公共管理与公务员,GOV,情报安全,情报分析师,Intelligence Analyst,2422,33-3021.06,南美,智利,CL,country,general,硕士,24-30,global,7.1,7.6,5.2,7.5,3.0,2.4,5.5,5.5,7.4,6.3,8.4,6.0,5.8,4.8,4.6,5.8,5.0,1.8,5.9,7.5,3.3,5.5,3.9,7.7,1.6,4.3,5.2,5.3,1.7,9.0,1.5,0.4,3.4,9.4,1,2,↑,2028-2033,5.14,智利情报分析师：就业稳定，准入门槛高,"Chile Intelligence Analyst: stable employment, high entry barrier",AI综合评估 + O*NET/ILO/OECD锚点校准
GOV-0901-CO-general,公共管理与公务员,GOV,情报安全,情报分析师,Intelligence Analyst,2422,33-3021.06,南美,哥伦比亚,CO,country,general,硕士,24-30,global,7.2,7.6,5.3,7.2,3.4,2.5,5.2,5.3,6.9,5.8,7.6,6.0,5.5,4.1,4.7,5.7,4.7,2.2,5.8,7.3,3.6,4.8,3.7,7.5,1.5,4.6,5.3,5.6,1.4,8.9,1.5,0.3,3.5,9.7,1,2,↑,2028-2033,4.96,哥伦比亚情报分析师：就业稳定，准入门槛高,"Colombia Intelligence Analyst: stable employment, high entry barrier",AI综合评估 + O*NET/ILO/OECD锚点校准
GOV-0901-AU-general,公共管理与公务员,GOV,情报安全,情报分析师,Intelligence Analyst,2422,33-3021.06,大洋洲,澳大利亚,AU,country,general,硕士,24-30,global,7.1,7.6,5.5,7.6,3.5,2.4,5.1,5.2,8.5,6.7,9.1,6.1,6.1,5.5,5.0,6.0,5.5,1.6,6.0,7.7,3.8,5.8,5.1,7.9,1.4,5.7,5.8,5.3,1.2,8.9,1.3,0.9,3.7,9.2,1,2,↑,2032-2038,5.46,澳大利亚情报分析师：就业极其稳定，薪资回报高，准入门槛高,"Australia Intelligence Analyst: extremely stable employment, high compensation, high entry barrier",AI综合评估 + O*NET/ILO/OECD锚点校准
GOV-0901-NZ-general,公共管理与公务员,GOV,情报安全,情报分析师,Intelligence Analyst,2422,33-3021.06,大洋洲,新西兰,NZ,country,general,硕士,24-30,global,7.1,7.2,5.3,8.0,3.3,1.9,5.5,5.1,8.3,6.4,9.2,6.3,6.1,5.3,5.0,5.9,5.5,1.5,6.4,7.6,3.7,5.4,5.0,7.7,1.6,5.7,6.1,5.8,1.7,8.7,1.3,0.6,3.6,9.2,1,2,↑,2032-2038,5.46,新西兰情报分析师：就业极其稳定，薪资回报高，准入门槛高,"New Zealand Intelligence Analyst: extremely stable employment, high compensation, high entry barrier",AI综合评估 + O*NET/ILO/OECD锚点校准
GOV-0901-ZA-general,公共管理与公务员,GOV,情报安全,情报分析师,Intelligence Analyst,2422,33-3021.06,非洲,南非,ZA,country,general,硕士,24-30,global,6.9,7.6,5.7,7.1,3.4,2.6,5.2,5.5,7.3,5.6,7.3,5.8,5.3,4.6,4.1,6.1,4.8,2.0,6.1,7.4,3.4,4.8,3.7,7.1,1.4,4.4,5.2,5.4,1.5,8.9,1.6,0.2,3.2,9.5,1,2,↑,2032-2038,4.99,南非情报分析师：准入门槛高,South Africa Intelligence Analyst: high entry barrier,AI综合评估 + O*NET/ILO/OECD锚点校准
GOV-0901-NG-general,公共管理与公务员,GOV,情报安全,情报分析师,Intelligence Analyst,2422,33-3021.06,非洲,尼日利亚,NG,country,general,硕士,24-30,global,6.9,7.3,5.5,7.3,4.1,2.9,4.8,5.3,6.8,5.4,7.2,5.8,5.1,3.9,4.1,5.8,5.1,2.4,6.0,6.9,3.0,4.4,3.4,7.3,1.4,3.9,5.1,5.8,1.4,8.4,1.6,0.1,3.4,9.7,0,2,↑,2032-2038,4.87,尼日利亚情报分析师：准入门槛高,Nigeria Intelligence Analyst: high entry barrier,AI综合评估 + O*NET/ILO/OECD锚点校准
GOV-0901-KE-general,公共管理与公务员,GOV,情报安全,情报分析师,Intelligence Analyst,2422,33-3021.06,非洲,肯尼亚,KE,country,general,硕士,24-30,global,7.1,7.5,5.4,7.4,3.4,2.8,4.9,5.1,6.7,5.4,7.2,5.9,5.3,3.8,4.1,6.2,4.7,2.3,6.1,6.8,3.2,4.8,3.6,7.4,1.4,4.2,5.7,5.5,1.4,8.6,1.7,0.6,3.3,9.3,0,2,↑,2032-2038,4.89,肯尼亚情报分析师：准入门槛高,Kenya Intelligence Analyst: high entry barrier,AI综合评估 + O*NET/ILO/OECD锚点校准
GOV-0901-EG-general,公共管理与公务员,GOV,情报安全,情报分析师,Intelligence Analyst,2422,33-3021.06,非洲,埃及,EG,country,general,硕士,24-30,global,7.1,7.3,5.5,7.3,4.2,3.7,5.3,5.3,6.7,5.2,7.6,6.1,5.4,4.0,4.4,6.2,5.1,2.2,6.2,7.5,3.4,4.6,3.5,7.5,1.3,3.7,5.2,5.5,1.7,8.7,1.4,0.5,3.5,9.9,1,3,↑,2032-2038,5.01,埃及情报分析师：就业稳定，准入门槛高，近年需求增长,"Egypt Intelligence Analyst: stable employment, high entry barrier, growing demand",AI综合评估 + O*NET/ILO/OECD锚点校准
GOV-0902-CN-general,公共管理与公务员,GOV,情报安全,网络安全分析师(政府),Government Cybersecurity Analyst,2529,15-1212.00,东亚,中国,CN,country,general,本科/硕士,22-28,global,6.9,7.5,7.3,7.8,6.0,4.4,7.9,7.2,7.6,6.2,8.8,9.1,6.4,4.0,4.5,7.3,6.0,1.7,5.9,7.9,4.6,5.1,4.7,7.2,3.2,4.9,5.2,5.0,0.7,8.4,1.4,1.6,5.2,8.1,3,5,↑↑,2028-2033,5.93,中国网络安全分析师(政府)：就业极其稳定，薪资回报高，准入门槛高,"China Government Cybersecurity Analyst: extremely stable employment, high compensation, high entry barrier",AI综合评估 + O*NET/ILO/OECD锚点校准
GOV-0902-JP-general,公共管理与公务员,GOV,情报安全,网络安全分析师(政府),Government Cybersecurity Analyst,2529,15-1212.00,东亚,日本,JP,country,general,本科/硕士,22-28,global,7.0,7.1,7.1,7.5,5.8,3.6,8.2,7.2,8.5,6.7,9.5,9.2,6.6,4.6,5.1,7.2,6.2,1.0,5.5,8.4,4.7,5.6,5.1,7.4,3.1,4.9,5.5,5.0,1.1,8.4,1.2,1.4,5.5,7.8,3,4,↑↑,2028-2033,6.13,日本网络安全分析师(政府)：就业极其稳定，薪资回报高，准入门槛高,"Japan Government Cybersecurity Analyst: extremely stable employment, high compensation, high entry barrier",AI综合评估 + O*NET/ILO/OECD锚点校准
GOV-0902-KR-general,公共管理与公务员,GOV,情报安全,网络安全分析师(政府),Government Cybersecurity Analyst,2529,15-1212.00,东亚,韩国,KR,country,general,本科/硕士,22-28,global,7.2,7.5,6.8,7.1,5.4,3.5,7.9,7.3,8.1,6.6,8.8,9.1,6.3,4.5,4.6,7.2,6.4,1.3,5.6,8.3,4.6,5.6,4.9,7.4,3.4,4.5,5.1,5.1,1.0,8.5,1.3,1.6,5.5,8.0,3,4,↑↑,2028-2033,5.96,韩国网络安全分析师(政府)：就业极其稳定，薪资回报高，准入门槛高,"South Korea Government Cybersecurity Analyst: extremely stable employment, high compensation, high entry barrier",AI综合评估 + O*NET/ILO/OECD锚点校准
GOV-0902-TW-general,公共管理与公务员,GOV,情报安全,网络安全分析师(政府),Government Cybersecurity Analyst,2529,15-1212.00,东亚,中国台湾地区,TW,region,general,本科/硕士,22-28,global,7.0,7.0,7.3,7.4,5.3,3.0,7.8,7.1,7.6,6.3,8.4,9.1,6.3,4.7,4.6,6.9,6.2,1.4,5.4,7.9,4.6,5.8,5.4,6.9,3.0,5.4,5.3,4.8,0.7,8.8,1.4,1.7,5.5,8.0,3,4,↑↑,2028-2033,5.9,中国台湾地区网络安全分析师(政府)：就业稳定，薪资回报高，准入门槛高,"Taiwan (China) Government Cybersecurity Analyst: stable employment, high compensation, high entry barrier",AI综合评估 + O*NET/ILO/OECD锚点校准
GOV-0902-HK-general,公共管理与公务员,GOV,情报安全,网络安全分析师(政府),Government Cybersecurity Analyst,2529,15-1212.00,东亚,中国香港地区,HK,region,general,本科/硕士,22-28,global,7.2,7.3,7.0,7.1,4.9,3.0,7.8,7.3,8.6,6.6,8.6,9.1,6.5,4.8,5.0,7.1,6.3,1.1,5.9,7.9,4.9,5.7,5.0,7.1,3.2,5.4,5.4,4.8,1.3,7.9,1.2,1.9,5.6,7.9,3,4,↑↑,2028-2033,6.04,中国香港地区网络安全分析师(政府)：就业极其稳定，薪资回报高，近年需求增长,"Hong Kong (China) Government Cybersecurity Analyst: extremely stable employment, high compensation, growing demand",AI综合评估 + O*NET/ILO/OECD锚点校准
GOV-0902-SG-general,公共管理与公务员,GOV,情报安全,网络安全分析师(政府),Government Cybersecurity Analyst,2529,15-1212.00,东南亚,新加坡,SG,country,general,本科/硕士,22-28,global,7.1,7.4,7.2,7.6,5.1,2.8,7.9,7.1,9.0,7.4,9.5,9.2,6.7,4.9,4.6,7.4,6.5,1.3,5.4,8.3,4.6,5.6,5.3,7.2,3.2,5.5,5.6,5.1,1.1,8.0,1.1,2.0,6.0,7.7,3,3,↑,2028-2033,6.17,新加坡网络安全分析师(政府)：就业极其稳定，薪资回报高，准入门槛高,"Singapore Government Cybersecurity Analyst: extremely stable employment, high compensation, high entry barrier",AI综合评估 + O*NET/ILO/OECD锚点校准
GOV-0902-TH-general,公共管理与公务员,GOV,情报安全,网络安全分析师(政府),Government Cybersecurity Analyst,2529,15-1212.00,东南亚,泰国,TH,country,general,本科/硕士,22-28,global,6.9,6.6,7.1,6.8,6.0,3.7,7.1,6.8,6.8,6.0,7.6,9.1,6.4,5.1,4.7,7.2,6.2,1.8,5.6,7.6,4.9,5.3,5.6,6.8,2.8,5.3,5.5,5.2,1.2,8.1,1.6,1.6,5.2,8.2,3,4,↑↑,2028-2033,5.8,泰国网络安全分析师(政府)：就业稳定，准入门槛高，近年需求增长,"Thailand Government Cybersecurity Analyst: stable employment, high entry barrier, growing demand",AI综合评估 + O*NET/ILO/OECD锚点校准
GOV-0902-VN-general,公共管理与公务员,GOV,情报安全,网络安全分析师(政府),Government Cybersecurity Analyst,2529,15-1212.00,东南亚,越南,VN,country,general,本科/硕士,22-28,global,6.7,7.0,7.4,7.5,6.2,4.2,7.2,7.3,6.7,6.0,8.6,9.1,6.6,4.6,4.7,7.3,6.0,1.6,5.4,7.3,5.1,5.4,5.0,6.6,3.2,5.2,5.2,5.2,0.8,8.3,1.7,1.5,5.0,8.1,3,5,↑↑,2028-2033,5.86,越南网络安全分析师(政府)：就业极其稳定，准入门槛高，近年需求增长,"Vietnam Government Cybersecurity Analyst: extremely stable employment, high entry barrier, growing demand",AI综合评估 + O*NET/ILO/OECD锚点校准
GOV-0902-ID-general,公共管理与公务员,GOV,情报安全,网络安全分析师(政府),Government Cybersecurity Analyst,2529,15-1212.00,东南亚,印度尼西亚,ID,country,general,本科/硕士,22-28,global,6.8,6.9,7.1,6.8,5.8,4.2,7.3,6.9,7.1,5.7,7.7,9.1,6.2,5.0,5.1,6.9,5.9,1.4,5.3,7.4,5.0,5.4,5.1,6.9,3.2,5.0,5.5,5.0,1.0,7.7,1.2,1.7,5.1,8.0,3,4,↑↑,2028-2033,5.82,印度尼西亚网络安全分析师(政府)：就业稳定，近年需求增长,"Indonesia Government Cybersecurity Analyst: stable employment, growing demand",AI综合评估 + O*NET/ILO/OECD锚点校准
GOV-0902-MY-general,公共管理与公务员,GOV,情报安全,网络安全分析师(政府),Government Cybersecurity Analyst,2529,15-1212.00,东南亚,马来西亚,MY,country,general,本科/硕士,22-28,global,7.3,6.9,6.9,7.0,5.7,3.9,7.4,7.1,7.7,5.8,8.5,9.1,6.7,5.1,4.9,7.0,5.8,1.4,5.7,7.5,5.0,5.5,5.1,6.9,2.7,5.2,5.1,4.8,0.9,8.1,1.2,1.8,5.6,8.0,3,4,↑↑,2028-2033,5.9,马来西亚网络安全分析师(政府)：就业极其稳定，薪资回报高，准入门槛高,"Malaysia Government Cybersecurity Analyst: extremely stable employment, high compensation, high entry barrier",AI综合评估 + O*NET/ILO/OECD锚点校准
GOV-0902-PH-general,公共管理与公务员,GOV,情报安全,网络安全分析师(政府),Government Cybersecurity Analyst,2529,15-1212.00,东南亚,菲律宾,PH,country,general,本科/硕士,22-28,global,7.3,7.2,7.1,6.6,5.4,3.5,7.1,7.0,7.0,5.5,7.1,9.0,6.5,4.6,4.8,7.1,6.0,1.7,5.3,7.2,4.7,5.2,5.1,6.7,2.9,5.6,5.5,4.9,1.1,8.1,1.6,1.4,5.4,8.3,3,4,↑↑,2028-2033,5.65,菲律宾网络安全分析师(政府)：准入门槛高，近年需求增长,"Philippines Government Cybersecurity Analyst: high entry barrier, growing demand",AI综合评估 + O*NET/ILO/OECD锚点校准
GOV-0902-IN-general,公共管理与公务员,GOV,情报安全,网络安全分析师(政府),Government Cybersecurity Analyst,2529,15-1212.00,南亚,印度,IN,country,general,本科/硕士,22-28,global,6.8,7.2,7.4,7.4,6.1,4.4,7.8,7.3,7.5,6.2,8.0,9.1,6.2,4.7,4.9,7.0,5.9,1.7,5.5,8.0,5.2,5.2,5.0,6.6,3.2,4.7,5.5,5.0,0.8,8.3,1.4,1.6,5.7,7.9,3,5,↑↑,2028-2033,5.93,印度网络安全分析师(政府)：就业稳定，薪资回报高，准入门槛高,"India Government Cybersecurity Analyst: stable employment, high compensation, high entry barrier",AI综合评估 + O*NET/ILO/OECD锚点校准
GOV-0902-PK-general,公共管理与公务员,GOV,情报安全,网络安全分析师(政府),Government Cybersecurity Analyst,2529,15-1212.00,南亚,巴基斯坦,PK,country,general,本科/硕士,22-28,global,6.9,7.1,7.3,6.7,5.6,4.1,7.4,7.0,6.6,5.5,7.2,8.9,6.1,4.4,4.8,6.8,5.8,1.7,5.5,7.2,4.6,5.1,4.8,6.6,2.9,4.2,5.5,5.1,0.9,8.1,1.6,1.2,5.4,7.8,3,4,↑↑,2028-2033,5.64,巴基斯坦网络安全分析师(政府)：准入门槛高，近年需求增长,"Pakistan Government Cybersecurity Analyst: high entry barrier, growing demand",AI综合评估 + O*NET/ILO/OECD锚点校准
GOV-0902-BD-general,公共管理与公务员,GOV,情报安全,网络安全分析师(政府),Government Cybersecurity Analyst,2529,15-1212.00,南亚,孟加拉国,BD,country,general,本科/硕士,22-28,global,6.5,6.7,6.8,6.8,5.8,3.5,7.8,7.2,6.4,5.3,7.5,8.9,6.4,4.3,4.7,6.6,5.9,1.7,5.2,7.6,5.1,4.8,5.0,7.0,2.9,4.1,5.5,5.3,1.2,7.9,1.6,1.4,5.2,7.7,3,4,↑↑,2028-2033,5.67,孟加拉国网络安全分析师(政府)：就业稳定，近年需求增长,"Bangladesh Government Cybersecurity Analyst: stable employment, growing demand",AI综合评估 + O*NET/ILO/OECD锚点校准
GOV-0902-AE-general,公共管理与公务员,GOV,情报安全,网络安全分析师(政府),Government Cybersecurity Analyst,2529,15-1212.00,中亚/西亚,阿联酋,AE,country,general,本科/硕士,22-28,global,6.8,7.1,7.2,7.6,5.8,3.7,6.8,6.8,9.2,7.0,9.0,9.3,6.2,4.7,5.0,7.1,6.1,1.1,5.6,7.6,4.6,5.4,5.1,7.1,2.9,5.0,5.4,4.8,0.8,7.6,1.4,1.4,5.8,8.3,3,4,↑↑,2028-2033,6.05,阿联酋网络安全分析师(政府)：就业极其稳定，薪资回报高，近年需求增长,"United Arab Emirates Government Cybersecurity Analyst: extremely stable employment, high compensation, growing demand",AI综合评估 + O*NET/ILO/OECD锚点校准
GOV-0902-IL-general,公共管理与公务员,GOV,情报安全,网络安全分析师(政府),Government Cybersecurity Analyst,2529,15-1212.00,中亚/西亚,以色列,IL,country,general,本科/硕士,22-28,global,7.1,7.1,7.3,6.9,5.7,3.7,7.7,6.9,8.0,6.5,8.6,9.0,6.7,4.8,4.8,7.1,6.0,1.4,5.4,7.7,4.9,6.0,5.2,7.1,3.3,5.7,5.2,5.3,0.7,8.0,1.3,1.6,5.6,8.0,3,4,↑↑,2028-2033,6.0,以色列网络安全分析师(政府)：就业极其稳定，薪资回报高，准入门槛高,"Israel Government Cybersecurity Analyst: extremely stable employment, high compensation, high entry barrier",AI综合评估 + O*NET/ILO/OECD锚点校准
GOV-0902-SA-general,公共管理与公务员,GOV,情报安全,网络安全分析师(政府),Government Cybersecurity Analyst,2529,15-1212.00,中亚/西亚,沙特阿拉伯,SA,country,general,本科/硕士,22-28,global,7.1,6.9,7.6,7.6,6.1,4.4,7.1,6.6,8.6,6.8,8.6,9.1,6.1,4.8,4.7,7.1,5.7,1.5,5.7,7.4,5.1,5.6,5.3,7.2,3.2,4.4,5.2,5.3,1.3,7.8,1.6,1.8,5.3,8.3,3,5,↑↑,2028-2033,6.0,沙特阿拉伯网络安全分析师(政府)：就业极其稳定，薪资回报高，近年需求增长,"Saudi Arabia Government Cybersecurity Analyst: extremely stable employment, high compensation, growing demand",AI综合评估 + O*NET/ILO/OECD锚点校准
GOV-0902-TR-general,公共管理与公务员,GOV,情报安全,网络安全分析师(政府),Government Cybersecurity Analyst,2529,15-1212.00,中亚/西亚,土耳其,TR,country,general,本科/硕士,22-28,global,6.8,7.4,7.3,6.9,5.5,4.1,7.3,6.8,6.9,5.8,7.8,9.0,6.2,4.4,4.6,7.3,5.7,1.7,5.7,7.7,5.0,5.4,5.1,6.6,2.9,4.6,5.2,4.9,1.2,8.3,1.5,1.4,5.3,7.9,3,4,↑↑,2028-2033,5.73,土耳其网络安全分析师(政府)：就业稳定，准入门槛高，近年需求增长,"Turkey Government Cybersecurity Analyst: stable employment, high entry barrier, growing demand",AI综合评估 + O*NET/ILO/OECD锚点校准
GOV-0902-GB-general,公共管理与公务员,GOV,情报安全,网络安全分析师(政府),Government Cybersecurity Analyst,2529,15-1212.00,西欧,英国,GB,country,general,本科/硕士,22-28,global,7.1,7.0,7.3,7.2,5.7,3.3,7.3,7.3,8.1,6.2,9.2,9.1,7.0,5.5,5.2,7.1,5.9,1.0,5.3,7.5,5.2,6.0,6.0,7.6,3.4,5.7,5.6,5.2,1.0,8.2,1.4,2.0,5.8,7.8,3,4,↑↑,2028-2033,6.13,英国网络安全分析师(政府)：就业极其稳定，薪资回报高，准入门槛高,"United Kingdom Government Cybersecurity Analyst: extremely stable employment, high compensation, high entry barrier",AI综合评估 + O*NET/ILO/OECD锚点校准
GOV-0902-FR-general,公共管理与公务员,GOV,情报安全,网络安全分析师(政府),Government Cybersecurity Analyst,2529,15-1212.00,西欧,法国,FR,country,general,本科/硕士,22-28,global,7.0,7.0,7.2,7.6,6.1,4.7,7.6,7.2,8.1,6.7,8.8,9.3,6.6,5.7,5.7,7.2,5.8,1.5,5.4,8.2,5.0,6.0,5.9,7.3,2.9,5.7,5.5,4.7,1.2,8.2,1.3,1.8,5.6,8.1,3,5,↑↑,2028-2033,6.15,法国网络安全分析师(政府)：就业极其稳定，薪资回报高，准入门槛高,"France Government Cybersecurity Analyst: extremely stable employment, high compensation, high entry barrier",AI综合评估 + O*NET/ILO/OECD锚点校准
GOV-0902-DE-general,公共管理与公务员,GOV,情报安全,网络安全分析师(政府),Government Cybersecurity Analyst,2529,15-1212.00,西欧,德国,DE,country,general,本科/硕士,22-28,global,7.0,7.0,7.0,7.7,5.4,3.4,7.5,7.3,8.3,6.8,9.5,9.1,6.9,6.1,5.7,7.5,5.9,1.1,5.7,7.8,5.3,6.0,6.5,7.0,3.4,5.9,5.7,5.2,1.3,8.1,1.6,1.8,5.7,7.8,3,4,↑↑,2028-2033,6.25,德国网络安全分析师(政府)：就业极其稳定，薪资回报高，准入门槛高,"Germany Government Cybersecurity Analyst: extremely stable employment, high compensation, high entry barrier",AI综合评估 + O*NET/ILO/OECD锚点校准
GOV-0902-NL-general,公共管理与公务员,GOV,情报安全,网络安全分析师(政府),Government Cybersecurity Analyst,2529,15-1212.00,西欧,荷兰,NL,country,general,本科/硕士,22-28,global,7.1,7.4,7.0,7.2,5.3,3.1,7.2,7.2,8.6,6.8,9.0,9.2,7.2,6.4,5.9,7.4,6.3,1.1,5.5,7.5,5.4,5.9,6.5,7.2,3.1,6.5,5.9,4.9,0.9,8.0,1.6,1.8,6.0,7.8,3,4,↑↑,2028-2033,6.23,荷兰网络安全分析师(政府)：就业极其稳定，薪资回报高，准入门槛高,"Netherlands Government Cybersecurity Analyst: extremely stable employment, high compensation, high entry barrier",AI综合评估 + O*NET/ILO/OECD锚点校准
GOV-0902-CH-general,公共管理与公务员,GOV,情报安全,网络安全分析师(政府),Government Cybersecurity Analyst,2529,15-1212.00,西欧,瑞士,CH,country,general,本科/硕士,22-28,global,7.0,7.1,7.2,7.7,5.0,3.0,7.3,6.7,8.9,6.9,9.4,9.3,7.2,5.6,5.6,7.0,6.4,1.1,5.6,7.7,5.3,6.1,6.1,7.4,3.2,5.7,6.0,5.2,1.2,8.2,1.1,1.5,5.6,8.0,3,3,↑,2028-2033,6.21,瑞士网络安全分析师(政府)：就业极其稳定，薪资回报高，准入门槛高,"Switzerland Government Cybersecurity Analyst: extremely stable employment, high compensation, high entry barrier",AI综合评估 + O*NET/ILO/OECD锚点校准
GOV-0902-SE-general,公共管理与公务员,GOV,情报安全,网络安全分析师(政府),Government Cybersecurity Analyst,2529,15-1212.00,北欧,瑞典,SE,country,general,本科/硕士,22-28,global,7.2,6.9,7.5,7.4,5.8,3.9,7.4,6.7,8.2,6.8,9.5,9.1,7.1,5.9,5.6,7.1,6.4,1.0,5.8,7.5,5.2,6.1,6.5,7.1,3.0,6.4,5.7,4.9,1.2,8.1,1.4,1.5,6.1,8.3,3,4,↑↑,2028-2033,6.25,瑞典网络安全分析师(政府)：就业极其稳定，薪资回报高，准入门槛高,"Sweden Government Cybersecurity Analyst: extremely stable employment, high compensation, high entry barrier",AI综合评估 + O*NET/ILO/OECD锚点校准
GOV-0902-DK-general,公共管理与公务员,GOV,情报安全,网络安全分析师(政府),Government Cybersecurity Analyst,2529,15-1212.00,北欧,丹麦,DK,country,general,本科/硕士,22-28,global,7.1,7.1,7.4,7.6,6.0,4.0,7.1,7.1,8.2,7.0,9.5,9.1,6.9,6.2,6.0,7.4,6.6,1.2,5.7,7.6,5.5,6.2,6.6,7.8,3.5,6.4,5.7,5.0,1.1,7.9,1.2,1.6,5.9,8.4,3,4,↑↑,2028-2033,6.33,丹麦网络安全分析师(政府)：就业极其稳定，薪资回报高，近年需求增长,"Denmark Government Cybersecurity Analyst: extremely stable employment, high compensation, growing demand",AI综合评估 + O*NET/ILO/OECD锚点校准
GOV-0902-FI-general,公共管理与公务员,GOV,情报安全,网络安全分析师(政府),Government Cybersecurity Analyst,2529,15-1212.00,北欧,芬兰,FI,country,general,本科/硕士,22-28,global,7.2,7.3,7.3,7.2,5.3,3.8,7.5,7.2,7.9,6.6,9.4,9.3,7.2,5.9,6.0,7.1,6.2,0.9,5.5,7.8,5.5,6.3,6.8,7.3,2.9,6.6,6.0,4.9,1.2,7.8,1.5,1.9,5.9,8.3,3,4,↑↑,2028-2033,6.26,芬兰网络安全分析师(政府)：就业极其稳定，薪资回报高，近年需求增长,"Finland Government Cybersecurity Analyst: extremely stable employment, high compensation, growing demand",AI综合评估 + O*NET/ILO/OECD锚点校准
GOV-0902-IT-general,公共管理与公务员,GOV,情报安全,网络安全分析师(政府),Government Cybersecurity Analyst,2529,15-1212.00,南欧,意大利,IT,country,general,本科/硕士,22-28,global,7.1,7.1,7.3,7.3,5.8,3.6,7.6,6.9,7.8,5.9,8.6,9.1,6.9,5.1,4.9,7.0,6.1,1.3,5.6,7.9,5.3,5.4,5.6,7.2,2.7,5.2,5.6,5.0,0.7,8.0,1.6,1.5,5.5,8.0,3,4,↑↑,2028-2033,5.99,意大利网络安全分析师(政府)：就业极其稳定，薪资回报高，准入门槛高,"Italy Government Cybersecurity Analyst: extremely stable employment, high compensation, high entry barrier",AI综合评估 + O*NET/ILO/OECD锚点校准
GOV-0902-ES-general,公共管理与公务员,GOV,情报安全,网络安全分析师(政府),Government Cybersecurity Analyst,2529,15-1212.00,南欧,西班牙,ES,country,general,本科/硕士,22-28,global,7.3,7.4,6.9,7.1,5.8,3.9,8.0,7.4,7.4,6.0,8.7,9.0,6.4,5.6,5.2,7.2,5.9,1.3,5.4,7.9,5.4,5.8,6.0,7.1,3.1,5.1,5.6,5.1,0.9,8.2,1.2,1.6,5.9,8.2,3,4,↑↑,2028-2033,6.03,西班牙网络安全分析师(政府)：就业极其稳定，准入门槛高，近年需求增长,"Spain Government Cybersecurity Analyst: extremely stable employment, high entry barrier, growing demand",AI综合评估 + O*NET/ILO/OECD锚点校准
GOV-0902-PT-general,公共管理与公务员,GOV,情报安全,网络安全分析师(政府),Government Cybersecurity Analyst,2529,15-1212.00,南欧,葡萄牙,PT,country,general,本科/硕士,22-28,global,7.0,7.2,6.9,7.3,5.6,3.2,7.4,7.0,7.6,5.8,8.5,9.1,6.7,5.4,5.0,6.9,5.8,1.5,5.7,7.4,5.2,5.4,5.9,7.1,2.9,5.5,5.5,4.9,1.2,7.8,1.5,1.3,5.4,7.9,3,4,↑↑,2028-2033,5.92,葡萄牙网络安全分析师(政府)：就业极其稳定，薪资回报高，近年需求增长,"Portugal Government Cybersecurity Analyst: extremely stable employment, high compensation, growing demand",AI综合评估 + O*NET/ILO/OECD锚点校准
GOV-0902-PL-general,公共管理与公务员,GOV,情报安全,网络安全分析师(政府),Government Cybersecurity Analyst,2529,15-1212.00,东欧,波兰,PL,country,general,本科/硕士,22-28,global,7.0,7.0,7.1,6.8,5.4,3.6,7.7,6.7,7.2,6.0,8.4,9.0,6.5,5.7,5.4,6.9,6.4,1.2,5.2,7.5,4.9,5.7,5.9,7.1,2.7,5.4,5.6,4.8,0.7,8.1,1.6,1.8,5.6,7.9,3,4,↑↑,2028-2033,5.93,波兰网络安全分析师(政府)：就业稳定，准入门槛高，近年需求增长,"Poland Government Cybersecurity Analyst: stable employment, high entry barrier, growing demand",AI综合评估 + O*NET/ILO/OECD锚点校准
GOV-0902-CZ-general,公共管理与公务员,GOV,情报安全,网络安全分析师(政府),Government Cybersecurity Analyst,2529,15-1212.00,东欧,捷克,CZ,country,general,本科/硕士,22-28,global,7.2,7.0,6.8,7.3,5.2,3.3,7.4,7.0,7.2,6.5,8.9,9.1,7.0,5.5,5.6,7.3,5.9,1.3,5.6,7.4,5.2,6.1,6.3,7.1,3.2,5.1,5.9,5.1,1.3,8.0,1.4,1.5,5.6,8.1,3,4,↑↑,2028-2033,6.02,捷克网络安全分析师(政府)：就业极其稳定，准入门槛高，近年需求增长,"Czech Republic Government Cybersecurity Analyst: extremely stable employment, high entry barrier, growing demand",AI综合评估 + O*NET/ILO/OECD锚点校准
GOV-0902-RU-general,公共管理与公务员,GOV,情报安全,网络安全分析师(政府),Government Cybersecurity Analyst,2529,15-1212.00,东欧,俄罗斯,RU,country,general,本科/硕士,22-28,global,7.1,6.8,7.3,6.9,6.2,4.7,6.9,7.2,7.1,6.1,7.7,9.1,6.1,4.6,5.2,7.3,5.8,1.7,5.4,7.4,4.9,5.5,5.3,6.9,3.0,5.5,5.4,4.8,0.7,7.7,1.6,1.5,5.2,8.2,3,5,↑↑,2028-2033,5.84,俄罗斯网络安全分析师(政府)：就业稳定，近年需求增长,"Russia Government Cybersecurity Analyst: stable employment, growing demand",AI综合评估 + O*NET/ILO/OECD锚点校准
GOV-0902-US-general,公共管理与公务员,GOV,情报安全,网络安全分析师(政府),Government Cybersecurity Analyst,2529,15-1212.00,北美,美国,US,country,general,本科/硕士,22-28,global,7.0,7.1,7.0,7.3,5.1,2.8,7.7,6.8,8.1,6.7,8.5,9.1,6.7,5.0,4.9,7.1,6.0,1.3,5.6,7.8,5.2,6.0,5.4,7.1,3.1,6.2,5.7,4.8,1.1,7.8,1.5,1.4,6.0,7.9,3,4,↑↑,2028-2033,6.03,美国网络安全分析师(政府)：就业极其稳定，薪资回报高，近年需求增长,"United States Government Cybersecurity Analyst: extremely stable employment, high compensation, growing demand",AI综合评估 + O*NET/ILO/OECD锚点校准
GOV-0902-CA-general,公共管理与公务员,GOV,情报安全,网络安全分析师(政府),Government Cybersecurity Analyst,2529,15-1212.00,北美,加拿大,CA,country,general,本科/硕士,22-28,global,7.3,7.2,7.4,7.4,5.3,3.1,7.5,6.9,8.2,6.6,8.9,9.1,6.9,5.6,5.3,7.1,6.1,1.4,5.8,7.7,5.0,5.7,6.0,7.0,3.2,6.0,5.4,5.2,0.8,8.1,1.3,1.9,6.0,7.9,3,4,↑↑,2028-2033,6.11,加拿大网络安全分析师(政府)：就业极其稳定，薪资回报高，准入门槛高,"Canada Government Cybersecurity Analyst: extremely stable employment, high compensation, high entry barrier",AI综合评估 + O*NET/ILO/OECD锚点校准
GOV-0902-MX-general,公共管理与公务员,GOV,情报安全,网络安全分析师(政府),Government Cybersecurity Analyst,2529,15-1212.00,北美,墨西哥,MX,country,general,本科/硕士,22-28,global,7.2,6.7,7.0,7.0,5.5,3.6,7.4,7.1,6.7,5.7,7.5,8.9,6.7,4.8,4.8,6.7,6.0,1.5,5.4,7.0,4.8,5.5,5.5,6.5,3.1,4.5,5.3,4.8,1.0,7.7,1.7,1.3,5.5,8.0,3,4,↑↑,2028-2033,5.72,墨西哥网络安全分析师(政府)：就业稳定，近年需求增长,"Mexico Government Cybersecurity Analyst: stable employment, growing demand",AI综合评估 + O*NET/ILO/OECD锚点校准
GOV-0902-BR-general,公共管理与公务员,GOV,情报安全,网络安全分析师(政府),Government Cybersecurity Analyst,2529,15-1212.00,南美,巴西,BR,country,general,本科/硕士,22-28,global,7.2,6.9,7.4,7.1,6.1,4.3,7.7,7.3,7.4,6.1,7.8,9.0,6.5,5.1,5.0,6.8,6.0,1.8,5.6,7.8,5.1,5.3,5.5,6.8,3.2,5.0,5.6,5.0,1.2,8.4,1.6,1.4,5.4,8.2,3,5,↑↑,2028-2033,5.9,巴西网络安全分析师(政府)：就业稳定，准入门槛高，近年需求增长,"Brazil Government Cybersecurity Analyst: stable employment, high entry barrier, growing demand",AI综合评估 + O*NET/ILO/OECD锚点校准
GOV-0902-AR-general,公共管理与公务员,GOV,情报安全,网络安全分析师(政府),Government Cybersecurity Analyst,2529,15-1212.00,南美,阿根廷,AR,country,general,本科/硕士,22-28,global,7.2,7.0,6.9,6.4,5.9,3.9,6.9,6.6,7.1,5.4,7.1,9.0,6.5,4.5,5.0,6.7,6.1,1.8,5.8,7.1,4.9,5.3,5.5,6.9,2.8,5.1,5.6,5.1,1.3,7.6,1.7,1.6,5.5,8.2,2,5,↑↑,2028-2033,5.7,阿根廷网络安全分析师(政府)：近年需求增长,Argentina Government Cybersecurity Analyst: growing demand,AI综合评估 + O*NET/ILO/OECD锚点校准
GOV-0902-CL-general,公共管理与公务员,GOV,情报安全,网络安全分析师(政府),Government Cybersecurity Analyst,2529,15-1212.00,南美,智利,CL,country,general,本科/硕士,22-28,global,6.7,6.6,6.9,7.1,5.1,3.3,7.3,7.1,7.3,6.4,8.1,9.0,6.7,5.2,5.3,6.7,6.1,1.5,5.3,7.6,4.7,5.5,5.7,7.2,3.4,5.1,5.6,4.8,1.1,7.7,1.8,1.4,5.4,7.9,3,4,↑↑,2028-2033,5.89,智利网络安全分析师(政府)：就业稳定，近年需求增长,"Chile Government Cybersecurity Analyst: stable employment, growing demand",AI综合评估 + O*NET/ILO/OECD锚点校准
GOV-0902-CO-general,公共管理与公务员,GOV,情报安全,网络安全分析师(政府),Government Cybersecurity Analyst,2529,15-1212.00,南美,哥伦比亚,CO,country,general,本科/硕士,22-28,global,7.3,6.6,7.0,6.9,5.6,3.7,7.5,7.2,6.8,5.8,7.6,8.8,6.4,4.9,5.2,6.8,6.2,1.8,5.7,6.9,5.1,5.0,5.6,6.9,2.8,5.0,5.6,4.7,0.9,7.7,1.5,1.4,5.2,8.1,3,4,↑↑,2028-2033,5.77,哥伦比亚网络安全分析师(政府)：就业稳定，近年需求增长,"Colombia Government Cybersecurity Analyst: stable employment, growing demand",AI综合评估 + O*NET/ILO/OECD锚点校准
GOV-0902-AU-general,公共管理与公务员,GOV,情报安全,网络安全分析师(政府),Government Cybersecurity Analyst,2529,15-1212.00,大洋洲,澳大利亚,AU,country,general,本科/硕士,22-28,global,7.1,7.3,7.2,7.4,5.5,3.5,7.7,6.7,8.6,7.1,8.8,9.2,6.7,5.6,5.6,7.2,6.1,1.2,5.4,7.6,5.3,6.1,6.4,7.5,2.8,5.9,6.1,4.8,1.2,7.8,1.4,1.9,5.7,7.9,3,4,↑↑,2028-2033,6.19,澳大利亚网络安全分析师(政府)：就业极其稳定，薪资回报高，近年需求增长,"Australia Government Cybersecurity Analyst: extremely stable employment, high compensation, growing demand",AI综合评估 + O*NET/ILO/OECD锚点校准
GOV-0902-NZ-general,公共管理与公务员,GOV,情报安全,网络安全分析师(政府),Government Cybersecurity Analyst,2529,15-1212.00,大洋洲,新西兰,NZ,country,general,本科/硕士,22-28,global,7.4,7.0,7.0,7.5,5.1,3.0,7.7,6.6,8.1,6.7,9.2,9.1,7.2,5.7,5.8,7.4,6.4,1.1,5.5,7.6,5.1,5.9,6.4,7.7,3.5,6.1,5.7,4.8,1.0,7.7,1.1,2.0,6.0,7.8,3,4,↑↑,2028-2033,6.2,新西兰网络安全分析师(政府)：就业极其稳定，薪资回报高，近年需求增长,"New Zealand Government Cybersecurity Analyst: extremely stable employment, high compensation, growing demand",AI综合评估 + O*NET/ILO/OECD锚点校准
GOV-0902-ZA-general,公共管理与公务员,GOV,情报安全,网络安全分析师(政府),Government Cybersecurity Analyst,2529,15-1212.00,非洲,南非,ZA,country,general,本科/硕士,22-28,global,6.8,6.8,6.9,6.8,5.7,3.9,7.1,6.6,7.1,5.6,7.3,8.9,6.5,5.1,5.0,7.1,5.6,1.6,5.5,7.4,5.0,5.2,5.2,7.1,2.8,5.2,5.1,5.1,1.3,7.7,1.8,1.6,5.4,8.0,3,4,↑↑,2028-2033,5.75,南非网络安全分析师(政府)：近年需求增长,South Africa Government Cybersecurity Analyst: growing demand,AI综合评估 + O*NET/ILO/OECD锚点校准
GOV-0902-NG-general,公共管理与公务员,GOV,情报安全,网络安全分析师(政府),Government Cybersecurity Analyst,2529,15-1212.00,非洲,尼日利亚,NG,country,general,本科/硕士,22-28,global,6.7,6.9,7.2,6.8,5.9,3.6,7.2,6.5,6.6,5.2,7.2,8.9,6.4,4.3,4.9,6.8,5.9,1.9,5.6,6.6,4.6,5.2,4.6,6.7,3.2,4.3,5.1,4.9,0.9,7.6,1.5,1.5,5.4,8.1,2,4,↑↑,2028-2033,5.6,尼日利亚网络安全分析师(政府)：近年需求增长,Nigeria Government Cybersecurity Analyst: growing demand,AI综合评估 + O*NET/ILO/OECD锚点校准
GOV-0902-KE-general,公共管理与公务员,GOV,情报安全,网络安全分析师(政府),Government Cybersecurity Analyst,2529,15-1212.00,非洲,肯尼亚,KE,country,general,本科/硕士,22-28,global,7.1,6.9,7.1,6.7,5.8,3.5,7.4,7.0,6.9,5.8,7.3,8.9,6.2,4.9,5.0,7.0,5.6,1.7,5.4,6.8,5.0,5.0,5.1,6.6,3.1,4.3,5.2,5.2,1.0,7.9,1.5,1.3,5.6,7.7,2,4,↑↑,2028-2033,5.7,肯尼亚网络安全分析师(政府)：近年需求增长,Kenya Government Cybersecurity Analyst: growing demand,AI综合评估 + O*NET/ILO/OECD锚点校准
GOV-0902-EG-general,公共管理与公务员,GOV,情报安全,网络安全分析师(政府),Government Cybersecurity Analyst,2529,15-1212.00,非洲,埃及,EG,country,general,本科/硕士,22-28,global,6.9,7.1,7.1,7.1,6.3,4.2,7.2,6.6,6.6,5.8,7.7,9.0,6.0,4.6,4.9,6.6,5.6,1.6,5.7,7.0,4.6,5.3,5.0,6.8,2.9,4.4,5.6,5.1,1.0,7.6,1.3,1.2,5.2,8.4,3,5,↑↑,2028-2033,5.7,埃及网络安全分析师(政府)：就业稳定，近年需求增长,"Egypt Government Cybersecurity Analyst: stable employment, growing demand",AI综合评估 + O*NET/ILO/OECD锚点校准
GOV-0903-CN-general,公共管理与公务员,GOV,情报安全,反恐专家,Counter-terrorism Specialist,5412,33-3021.06,东亚,中国,CN,country,general,本科/军校,22-30,global,7.9,7.7,5.5,7.4,3.8,3.3,5.9,6.1,7.6,5.9,8.8,3.6,3.7,2.7,3.5,5.1,4.2,2.0,7.7,8.5,0.9,4.5,2.2,7.9,0.8,3.6,3.9,5.9,7.4,9.7,1.9,0.7,4.1,9.4,1,3,↑,2035+,4.84,中国反恐专家：就业极其稳定，薪资回报高，准入门槛高,"China Counter-terrorism Specialist: extremely stable employment, high compensation, high entry barrier",AI综合评估 + O*NET/ILO/OECD锚点校准
GOV-0903-JP-general,公共管理与公务员,GOV,情报安全,反恐专家,Counter-terrorism Specialist,5412,33-3021.06,东亚,日本,JP,country,general,本科/军校,22-30,global,7.9,7.2,5.1,7.5,3.3,2.1,6.2,5.6,8.1,6.3,9.3,3.7,3.7,3.4,4.0,5.3,4.4,1.8,7.7,8.2,0.9,4.5,3.1,8.2,0.9,3.3,3.8,5.7,7.3,9.7,1.6,0.7,4.1,9.4,1,2,↑,2035+,4.94,日本反恐专家：就业极其稳定，薪资回报高，准入门槛高,"Japan Counter-terrorism Specialist: extremely stable employment, high compensation, high entry barrier",AI综合评估 + O*NET/ILO/OECD锚点校准
GOV-0903-KR-general,公共管理与公务员,GOV,情报安全,反恐专家,Counter-terrorism Specialist,5412,33-3021.06,东亚,韩国,KR,country,general,本科/军校,22-30,global,7.4,7.3,5.4,7.2,2.8,2.1,5.8,5.9,8.3,6.2,8.8,3.6,3.8,3.0,3.5,5.2,3.8,2.0,7.7,8.1,1.1,4.5,2.5,8.5,1.0,3.4,3.8,5.9,7.3,9.8,1.6,0.9,4.1,9.7,1,2,↑,2035+,4.86,韩国反恐专家：就业极其稳定，薪资回报高，准入门槛高,"South Korea Counter-terrorism Specialist: extremely stable employment, high compensation, high entry barrier",AI综合评估 + O*NET/ILO/OECD锚点校准
GOV-0903-TW-general,公共管理与公务员,GOV,情报安全,反恐专家,Counter-terrorism Specialist,5412,33-3021.06,东亚,中国台湾地区,TW,region,general,本科/军校,22-30,global,7.7,7.0,4.9,7.6,2.6,2.1,6.1,5.7,7.8,6.0,8.4,3.7,3.7,3.4,4.1,5.4,4.2,2.1,7.3,8.2,0.7,4.5,2.5,8.3,0.8,3.5,3.9,5.7,7.6,9.3,2.0,0.5,4.1,9.3,1,2,↑,2032-2038,4.8,中国台湾地区反恐专家：就业稳定，薪资回报高，准入门槛高,"Taiwan (China) Counter-terrorism Specialist: stable employment, high compensation, high entry barrier",AI综合评估 + O*NET/ILO/OECD锚点校准
GOV-0903-HK-general,公共管理与公务员,GOV,情报安全,反恐专家,Counter-terrorism Specialist,5412,33-3021.06,东亚,中国香港地区,HK,region,general,本科/军校,22-30,global,7.8,7.1,4.7,7.0,2.7,1.5,5.7,5.4,8.7,5.9,8.9,3.5,3.6,3.3,4.0,5.1,4.4,1.7,7.6,8.0,0.9,4.8,2.5,8.1,0.8,3.6,4.1,5.8,7.3,9.2,1.8,0.7,4.4,9.3,1,2,↑,2035+,4.85,中国香港地区反恐专家：就业极其稳定，薪资回报高，准入门槛高,"Hong Kong (China) Counter-terrorism Specialist: extremely stable employment, high compensation, high entry barrier",AI综合评估 + O*NET/ILO/OECD锚点校准
GOV-0903-SG-general,公共管理与公务员,GOV,情报安全,反恐专家,Counter-terrorism Specialist,5412,33-3021.06,东南亚,新加坡,SG,country,general,本科/军校,22-30,global,7.7,7.1,5.1,7.8,2.7,1.7,5.9,5.7,9.0,6.6,9.6,3.8,3.7,3.3,3.6,4.9,4.3,1.8,7.7,8.2,1.1,4.8,2.7,8.3,1.1,4.3,3.6,5.7,7.5,9.0,1.6,0.8,4.5,9.6,1,1,→,2035+,5.02,新加坡反恐专家：就业极其稳定，薪资回报高，准入门槛高,"Singapore Counter-terrorism Specialist: extremely stable employment, high compensation, high entry barrier",AI综合评估 + O*NET/ILO/OECD锚点校准
GOV-0903-TH-general,公共管理与公务员,GOV,情报安全,反恐专家,Counter-terrorism Specialist,5412,33-3021.06,东南亚,泰国,TH,country,general,本科/军校,22-30,global,7.3,7.2,4.8,6.8,3.0,2.4,5.1,5.2,7.4,5.4,7.7,3.5,4.2,3.4,3.9,4.8,4.2,2.2,7.5,7.3,0.9,4.2,2.7,8.0,0.9,3.8,4.2,6.2,7.2,8.9,1.8,0.6,4.0,9.6,1,2,↑,2035+,4.65,泰国反恐专家：就业稳定，准入门槛高，职业安全风险高,"Thailand Counter-terrorism Specialist: stable employment, high entry barrier, high safety risk",AI综合评估 + O*NET/ILO/OECD锚点校准
GOV-0903-VN-general,公共管理与公务员,GOV,情报安全,反恐专家,Counter-terrorism Specialist,5412,33-3021.06,东南亚,越南,VN,country,general,本科/军校,22-30,global,7.6,7.2,5.2,7.3,3.8,2.7,5.4,5.8,7.0,5.4,8.4,3.5,4.1,3.4,3.7,4.9,3.7,2.2,7.3,7.7,1.0,4.0,3.1,8.1,0.7,3.4,4.2,6.2,7.5,9.5,1.8,0.4,3.6,9.4,1,3,↑,2032-2038,4.7,越南反恐专家：就业稳定，准入门槛高，职业安全风险高,"Vietnam Counter-terrorism Specialist: stable employment, high entry barrier, high safety risk",AI综合评估 + O*NET/ILO/OECD锚点校准
GOV-0903-ID-general,公共管理与公务员,GOV,情报安全,反恐专家,Counter-terrorism Specialist,5412,33-3021.06,东南亚,印度尼西亚,ID,country,general,本科/军校,22-30,global,7.2,6.8,5.0,6.8,3.3,2.7,5.1,5.5,7.0,5.0,7.7,3.4,4.2,3.5,4.0,4.9,4.0,1.9,7.2,7.2,0.8,4.3,2.8,7.6,1.2,3.3,4.0,6.2,7.4,9.0,1.8,0.6,3.8,9.6,1,2,↑,2032-2038,4.63,印度尼西亚反恐专家：就业稳定，准入门槛高，职业安全风险高,"Indonesia Counter-terrorism Specialist: stable employment, high entry barrier, high safety risk",AI综合评估 + O*NET/ILO/OECD锚点校准
GOV-0903-MY-general,公共管理与公务员,GOV,情报安全,反恐专家,Counter-terrorism Specialist,5412,33-3021.06,东南亚,马来西亚,MY,country,general,本科/军校,22-30,global,7.4,7.0,4.9,7.5,3.2,2.1,5.5,5.3,7.5,5.7,8.6,3.5,3.9,3.1,4.2,5.1,3.7,2.0,7.6,7.2,0.9,4.2,2.9,7.8,0.8,3.3,4.1,5.8,7.3,9.2,2.0,0.6,4.1,9.8,1,2,↑,2035+,4.72,马来西亚反恐专家：就业极其稳定，薪资回报高，准入门槛高,"Malaysia Counter-terrorism Specialist: extremely stable employment, high compensation, high entry barrier",AI综合评估 + O*NET/ILO/OECD锚点校准
GOV-0903-PH-general,公共管理与公务员,GOV,情报安全,反恐专家,Counter-terrorism Specialist,5412,33-3021.06,东南亚,菲律宾,PH,country,general,本科/军校,22-30,global,7.2,7.0,4.8,6.8,3.2,2.4,5.3,5.4,6.4,5.0,7.3,3.5,3.9,3.5,3.9,4.8,4.1,2.3,7.4,6.9,0.9,4.3,3.0,7.9,0.9,3.9,3.8,5.7,7.2,9.1,2.3,0.3,4.2,9.5,1,2,↑,2032-2038,4.55,菲律宾反恐专家：准入门槛高，职业安全风险高，AI替代抗性强,"Philippines Counter-terrorism Specialist: high entry barrier, high safety risk, strong AI resistance",AI综合评估 + O*NET/ILO/OECD锚点校准
GOV-0903-IN-general,公共管理与公务员,GOV,情报安全,反恐专家,Counter-terrorism Specialist,5412,33-3021.06,南亚,印度,IN,country,general,本科/军校,22-30,global,7.5,7.0,5.3,7.1,3.2,2.3,5.9,5.7,7.3,5.6,8.0,3.5,3.7,3.0,3.8,5.2,4.0,1.9,7.6,8.3,0.6,4.2,2.7,7.9,1.0,2.8,3.6,6.1,7.2,9.7,1.9,0.2,3.9,9.4,1,3,↑,2035+,4.72,印度反恐专家：就业稳定，准入门槛高，职业安全风险高,"India Counter-terrorism Specialist: stable employment, high entry barrier, high safety risk",AI综合评估 + O*NET/ILO/OECD锚点校准
GOV-0903-PK-general,公共管理与公务员,GOV,情报安全,反恐专家,Counter-terrorism Specialist,5412,33-3021.06,南亚,巴基斯坦,PK,country,general,本科/军校,22-30,global,7.5,6.6,5.3,7.0,3.1,2.6,5.4,5.8,6.7,4.7,7.4,3.5,3.5,2.8,3.8,4.7,3.8,2.1,7.4,7.4,0.9,3.9,2.7,8.0,0.9,2.5,3.8,6.3,7.7,9.1,2.2,0.3,3.9,9.8,1,2,↑,2032-2038,4.54,巴基斯坦反恐专家：准入门槛高，职业安全风险高，AI替代抗性强,"Pakistan Counter-terrorism Specialist: high entry barrier, high safety risk, strong AI resistance",AI综合评估 + O*NET/ILO/OECD锚点校准
GOV-0903-BD-general,公共管理与公务员,GOV,情报安全,反恐专家,Counter-terrorism Specialist,5412,33-3021.06,南亚,孟加拉国,BD,country,general,本科/军校,22-30,global,7.5,7.0,4.9,7.0,3.3,2.2,5.5,5.9,6.5,5.1,7.5,3.5,3.4,2.8,3.3,5.0,4.0,2.1,7.4,7.2,0.9,3.8,2.2,7.5,0.9,2.5,3.7,5.8,7.8,9.3,2.3,0.4,4.1,9.2,1,2,↑,2032-2038,4.49,孟加拉国反恐专家：就业稳定，准入门槛高，职业安全风险高,"Bangladesh Counter-terrorism Specialist: stable employment, high entry barrier, high safety risk",AI综合评估 + O*NET/ILO/OECD锚点校准
GOV-0903-AE-general,公共管理与公务员,GOV,情报安全,反恐专家,Counter-terrorism Specialist,5412,33-3021.06,中亚/西亚,阿联酋,AE,country,general,本科/军校,22-30,global,7.3,6.8,5.3,7.2,2.9,2.1,5.0,4.9,8.8,6.6,9.0,3.8,3.9,3.4,3.7,5.3,4.0,1.9,7.5,7.6,0.8,4.7,2.7,8.1,1.3,3.2,3.7,6.1,7.7,8.4,2.1,0.6,4.4,9.4,1,2,↑,2035+,4.89,阿联酋反恐专家：就业极其稳定，薪资回报高，准入门槛高,"United Arab Emirates Counter-terrorism Specialist: extremely stable employment, high compensation, high entry barrier",AI综合评估 + O*NET/ILO/OECD锚点校准
GOV-0903-IL-general,公共管理与公务员,GOV,情报安全,反恐专家,Counter-terrorism Specialist,5412,33-3021.06,中亚/西亚,以色列,IL,country,general,本科/军校,22-30,global,7.7,7.4,5.2,7.3,2.9,2.2,5.6,5.3,7.9,5.7,8.0,3.5,3.9,3.7,4.0,5.3,3.9,2.1,7.8,7.4,0.7,5.0,3.0,8.3,0.9,4.4,4.0,5.9,7.5,8.9,2.0,0.5,4.5,9.7,1,2,↑,2035+,4.81,以色列反恐专家：就业稳定，薪资回报高，准入门槛高,"Israel Counter-terrorism Specialist: stable employment, high compensation, high entry barrier",AI综合评估 + O*NET/ILO/OECD锚点校准
GOV-0903-SA-general,公共管理与公务员,GOV,情报安全,反恐专家,Counter-terrorism Specialist,5412,33-3021.06,中亚/西亚,沙特阿拉伯,SA,country,general,本科/军校,22-30,global,7.3,7.0,5.6,7.5,3.9,2.8,4.8,5.0,8.3,6.4,8.6,3.5,3.9,3.2,4.0,4.8,4.2,1.8,7.2,7.4,1.1,4.1,2.8,8.1,0.7,2.4,3.8,5.9,7.2,8.7,2.2,0.7,3.7,9.7,1,3,↑,2032-2038,4.79,沙特阿拉伯反恐专家：就业极其稳定，薪资回报高，准入门槛高,"Saudi Arabia Counter-terrorism Specialist: extremely stable employment, high compensation, high entry barrier",AI综合评估 + O*NET/ILO/OECD锚点校准
GOV-0903-TR-general,公共管理与公务员,GOV,情报安全,反恐专家,Counter-terrorism Specialist,5412,33-3021.06,中亚/西亚,土耳其,TR,country,general,本科/军校,22-30,global,7.3,7.4,5.1,6.9,3.4,2.3,5.5,5.4,7.3,5.4,7.5,3.6,3.8,3.1,3.6,4.9,3.9,2.2,7.2,7.8,0.7,4.5,2.4,8.0,1.2,3.3,3.6,6.0,7.7,9.2,2.2,0.4,4.2,9.7,1,2,↑,2032-2038,4.6,土耳其反恐专家：就业稳定，准入门槛高，职业安全风险高,"Turkey Counter-terrorism Specialist: stable employment, high entry barrier, high safety risk",AI综合评估 + O*NET/ILO/OECD锚点校准
GOV-0903-GB-general,公共管理与公务员,GOV,情报安全,反恐专家,Counter-terrorism Specialist,5412,33-3021.06,西欧,英国,GB,country,general,本科/军校,22-30,global,7.9,7.4,5.1,7.6,2.8,1.5,5.7,5.5,7.9,5.7,9.0,3.6,4.2,3.9,4.6,5.5,4.2,1.8,7.4,7.7,1.2,4.7,3.7,8.3,0.8,4.2,4.2,5.8,7.6,9.1,1.7,0.7,4.1,9.3,1,2,↑,2032-2038,4.92,英国反恐专家：就业极其稳定，薪资回报高，准入门槛高,"United Kingdom Counter-terrorism Specialist: extremely stable employment, high compensation, high entry barrier",AI综合评估 + O*NET/ILO/OECD锚点校准
GOV-0903-FR-general,公共管理与公务员,GOV,情报安全,反恐专家,Counter-terrorism Specialist,5412,33-3021.06,西欧,法国,FR,country,general,本科/军校,22-30,global,7.8,7.5,5.7,7.5,3.4,3.2,6.0,5.8,7.9,6.0,8.9,3.7,4.5,4.3,4.5,5.2,3.9,1.7,7.4,8.2,1.0,4.9,3.7,8.2,1.0,4.3,4.0,6.1,7.8,9.5,1.7,0.4,4.4,9.6,1,3,↑,2032-2038,5.04,法国反恐专家：就业极其稳定，薪资回报高，准入门槛高,"France Counter-terrorism Specialist: extremely stable employment, high compensation, high entry barrier",AI综合评估 + O*NET/ILO/OECD锚点校准
GOV-0903-DE-general,公共管理与公务员,GOV,情报安全,反恐专家,Counter-terrorism Specialist,5412,33-3021.06,西欧,德国,DE,country,general,本科/军校,22-30,global,7.4,7.3,5.4,7.3,2.9,2.3,5.9,5.8,8.4,6.2,9.1,3.8,4.3,4.4,4.8,5.0,4.4,1.9,7.5,7.7,1.3,5.1,3.7,8.6,1.0,4.2,4.3,5.9,7.4,9.4,1.9,0.4,4.4,9.5,1,2,↑,2035+,5.07,德国反恐专家：就业极其稳定，薪资回报高，准入门槛高,"Germany Counter-terrorism Specialist: extremely stable employment, high compensation, high entry barrier",AI综合评估 + O*NET/ILO/OECD锚点校准
GOV-0903-NL-general,公共管理与公务员,GOV,情报安全,反恐专家,Counter-terrorism Specialist,5412,33-3021.06,西欧,荷兰,NL,country,general,本科/军校,22-30,global,7.7,6.9,4.9,7.6,2.7,1.7,5.3,5.1,8.0,6.1,9.0,3.7,4.4,4.4,5.0,5.5,4.1,1.7,7.7,7.7,1.2,4.9,4.2,8.6,1.1,4.5,4.5,6.2,7.5,8.8,1.9,0.9,4.5,9.5,1,2,↑,2035+,5.05,荷兰反恐专家：就业极其稳定，薪资回报高，准入门槛高,"Netherlands Counter-terrorism Specialist: extremely stable employment, high compensation, high entry barrier",AI综合评估 + O*NET/ILO/OECD锚点校准
GOV-0903-CH-general,公共管理与公务员,GOV,情报安全,反恐专家,Counter-terrorism Specialist,5412,33-3021.06,西欧,瑞士,CH,country,general,本科/军校,22-30,global,7.8,7.1,4.9,7.9,2.3,1.6,5.5,5.5,8.7,6.8,9.4,3.8,4.3,4.5,4.3,5.2,4.3,1.7,7.8,7.9,1.5,5.3,3.8,8.3,1.0,3.9,4.4,6.2,7.3,8.8,2.0,0.8,4.0,9.5,1,1,→,2035+,5.1,瑞士反恐专家：就业极其稳定，薪资回报高，准入门槛高,"Switzerland Counter-terrorism Specialist: extremely stable employment, high compensation, high entry barrier",AI综合评估 + O*NET/ILO/OECD锚点校准
GOV-0903-SE-general,公共管理与公务员,GOV,情报安全,反恐专家,Counter-terrorism Specialist,5412,33-3021.06,北欧,瑞典,SE,country,general,本科/军校,22-30,global,7.7,7.4,5.4,7.7,3.5,2.3,5.3,5.4,8.5,6.4,9.3,3.8,4.3,4.7,4.8,5.3,4.1,1.7,7.4,7.3,1.3,4.9,4.1,8.6,1.1,4.9,4.2,6.1,7.2,9.1,1.9,1.0,4.1,9.8,1,2,↑,2032-2038,5.1,瑞典反恐专家：就业极其稳定，薪资回报高，准入门槛高,"Sweden Counter-terrorism Specialist: extremely stable employment, high compensation, high entry barrier",AI综合评估 + O*NET/ILO/OECD锚点校准
GOV-0903-DK-general,公共管理与公务员,GOV,情报安全,反恐专家,Counter-terrorism Specialist,5412,33-3021.06,北欧,丹麦,DK,country,general,本科/军校,22-30,global,8.0,7.3,5.6,7.4,3.5,2.5,5.5,5.7,8.4,6.4,9.7,3.7,4.8,4.5,4.7,5.1,4.3,1.4,7.7,7.3,1.5,5.1,4.2,8.3,1.1,5.3,4.3,5.9,7.8,8.8,1.9,1.0,4.5,9.4,1,2,↑,2035+,5.2,丹麦反恐专家：就业极其稳定，薪资回报高，准入门槛高,"Denmark Counter-terrorism Specialist: extremely stable employment, high compensation, high entry barrier",AI综合评估 + O*NET/ILO/OECD锚点校准
GOV-0903-FI-general,公共管理与公务员,GOV,情报安全,反恐专家,Counter-terrorism Specialist,5412,33-3021.06,北欧,芬兰,FI,country,general,本科/军校,22-30,global,7.5,7.3,5.5,7.4,3.2,2.3,5.3,5.7,8.1,6.0,9.2,3.7,4.3,4.4,4.8,5.0,4.0,1.5,7.4,7.7,1.2,4.9,4.0,8.4,1.5,5.1,4.2,6.0,7.6,8.6,1.9,0.6,4.5,9.7,1,2,↑,2032-2038,5.08,芬兰反恐专家：就业极其稳定，薪资回报高，准入门槛高,"Finland Counter-terrorism Specialist: extremely stable employment, high compensation, high entry barrier",AI综合评估 + O*NET/ILO/OECD锚点校准
GOV-0903-IT-general,公共管理与公务员,GOV,情报安全,反恐专家,Counter-terrorism Specialist,5412,33-3021.06,南欧,意大利,IT,country,general,本科/军校,22-30,global,7.4,7.1,5.1,7.5,3.2,2.2,5.6,5.4,7.6,5.6,8.5,3.6,4.3,3.7,3.9,5.4,4.3,2.0,7.5,8.0,0.9,4.4,3.3,8.1,0.9,3.3,4.0,5.9,7.2,9.2,1.7,0.5,4.1,9.6,1,2,↑,2035+,4.84,意大利反恐专家：就业极其稳定，薪资回报高，准入门槛高,"Italy Counter-terrorism Specialist: extremely stable employment, high compensation, high entry barrier",AI综合评估 + O*NET/ILO/OECD锚点校准
GOV-0903-ES-general,公共管理与公务员,GOV,情报安全,反恐专家,Counter-terrorism Specialist,5412,33-3021.06,南欧,西班牙,ES,country,general,本科/军校,22-30,global,7.7,7.2,5.2,7.3,2.9,2.0,5.8,5.9,7.8,5.7,8.7,3.5,4.4,3.7,4.4,5.0,3.9,2.1,7.7,7.9,1.3,4.9,3.7,8.0,0.8,4.1,4.2,5.8,7.6,9.4,2.2,0.8,4.0,9.8,1,2,↑,2035+,4.88,西班牙反恐专家：就业极其稳定，薪资回报高，准入门槛高,"Spain Counter-terrorism Specialist: extremely stable employment, high compensation, high entry barrier",AI综合评估 + O*NET/ILO/OECD锚点校准
GOV-0903-PT-general,公共管理与公务员,GOV,情报安全,反恐专家,Counter-terrorism Specialist,5412,33-3021.06,南欧,葡萄牙,PT,country,general,本科/军校,22-30,global,7.7,7.2,5.2,7.2,3.2,1.8,5.8,5.8,7.3,5.8,8.6,3.6,4.1,4.2,4.4,5.1,3.9,1.8,7.5,7.3,1.2,4.5,3.4,8.0,1.3,3.9,3.9,6.2,7.5,9.3,1.8,0.5,4.3,9.2,1,2,↑,2035+,4.87,葡萄牙反恐专家：就业极其稳定，准入门槛高，职业安全风险高,"Portugal Counter-terrorism Specialist: extremely stable employment, high entry barrier, high safety risk",AI综合评估 + O*NET/ILO/OECD锚点校准
GOV-0903-PL-general,公共管理与公务员,GOV,情报安全,反恐专家,Counter-terrorism Specialist,5412,33-3021.06,东欧,波兰,PL,country,general,本科/军校,22-30,global,7.7,7.3,4.9,7.3,3.1,2.3,5.2,5.2,7.2,5.4,8.6,3.6,4.0,4.1,4.3,5.2,4.2,1.9,7.6,7.1,1.3,5.0,3.2,8.1,1.1,3.7,4.1,5.9,7.3,9.0,2.2,0.7,4.3,9.4,1,2,↑,2035+,4.8,波兰反恐专家：就业极其稳定，准入门槛高，职业安全风险高,"Poland Counter-terrorism Specialist: extremely stable employment, high entry barrier, high safety risk",AI综合评估 + O*NET/ILO/OECD锚点校准
GOV-0903-CZ-general,公共管理与公务员,GOV,情报安全,反恐专家,Counter-terrorism Specialist,5412,33-3021.06,东欧,捷克,CZ,country,general,本科/军校,22-30,global,7.4,6.9,5.2,7.2,2.8,2.1,5.4,5.5,7.3,5.4,8.5,3.6,4.4,3.9,4.1,4.8,4.3,2.1,7.3,7.6,1.3,4.9,3.3,8.3,1.0,4.0,4.1,6.0,7.2,8.7,1.7,0.4,4.4,9.4,1,2,↑,2032-2038,4.83,捷克反恐专家：就业极其稳定，准入门槛高，职业安全风险高,"Czech Republic Counter-terrorism Specialist: extremely stable employment, high entry barrier, high safety risk",AI综合评估 + O*NET/ILO/OECD锚点校准
GOV-0903-RU-general,公共管理与公务员,GOV,情报安全,反恐专家,Counter-terrorism Specialist,5412,33-3021.06,东欧,俄罗斯,RU,country,general,本科/军校,22-30,global,7.8,7.2,5.4,6.7,3.7,3.1,5.0,5.6,7.1,5.4,7.8,3.5,3.6,3.5,3.7,5.2,3.7,2.1,7.5,7.3,1.1,4.2,3.0,7.5,0.7,3.9,4.0,5.8,7.7,8.5,2.2,0.4,3.4,9.4,1,3,↑,2035+,4.64,俄罗斯反恐专家：就业稳定，准入门槛高，职业安全风险高,"Russia Counter-terrorism Specialist: stable employment, high entry barrier, high safety risk",AI综合评估 + O*NET/ILO/OECD锚点校准
GOV-0903-US-general,公共管理与公务员,GOV,情报安全,反恐专家,Counter-terrorism Specialist,5412,33-3021.06,北美,美国,US,country,general,本科/军校,22-30,global,7.9,7.1,5.0,7.4,2.5,1.6,5.7,5.8,8.0,5.7,8.5,3.7,4.2,3.3,4.3,5.2,4.5,2.0,7.5,8.0,1.0,4.6,3.0,7.9,1.2,4.4,3.8,5.8,7.5,9.2,1.8,0.5,4.1,9.1,1,2,↑,2035+,4.85,美国反恐专家：就业极其稳定，薪资回报高，准入门槛高,"United States Counter-terrorism Specialist: extremely stable employment, high compensation, high entry barrier",AI综合评估 + O*NET/ILO/OECD锚点校准
GOV-0903-CA-general,公共管理与公务员,GOV,情报安全,反恐专家,Counter-terrorism Specialist,5412,33-3021.06,北美,加拿大,CA,country,general,本科/军校,22-30,global,7.7,7.0,4.8,7.4,2.6,1.9,5.5,5.4,8.4,6.0,9.1,3.6,4.5,4.1,4.4,5.3,4.3,1.9,7.5,7.8,1.0,4.7,3.7,8.4,0.9,4.5,4.0,6.0,7.6,8.9,2.0,0.8,4.3,9.3,1,2,↑,2035+,4.97,加拿大反恐专家：就业极其稳定，薪资回报高，准入门槛高,"Canada Counter-terrorism Specialist: extremely stable employment, high compensation, high entry barrier",AI综合评估 + O*NET/ILO/OECD锚点校准
GOV-0903-MX-general,公共管理与公务员,GOV,情报安全,反恐专家,Counter-terrorism Specialist,5412,33-3021.06,北美,墨西哥,MX,country,general,本科/军校,22-30,global,7.3,6.8,5.1,7.0,3.4,2.2,5.4,5.6,7.1,5.0,7.1,3.5,4.0,3.1,4.1,4.8,3.8,2.0,7.7,7.3,0.7,4.6,2.8,7.9,0.9,3.2,3.7,5.8,7.3,8.6,1.9,0.1,4.1,9.4,1,2,↑,2035+,4.64,墨西哥反恐专家：准入门槛高，职业安全风险高，AI替代抗性强,"Mexico Counter-terrorism Specialist: high entry barrier, high safety risk, strong AI resistance",AI综合评估 + O*NET/ILO/OECD锚点校准
GOV-0903-BR-general,公共管理与公务员,GOV,情报安全,反恐专家,Counter-terrorism Specialist,5412,33-3021.06,南美,巴西,BR,country,general,本科/军校,22-30,global,7.8,7.0,5.5,6.9,3.2,2.4,5.9,5.4,7.9,5.4,7.8,3.6,4.0,3.5,4.2,4.9,3.9,2.3,7.3,7.7,0.8,4.5,3.2,7.9,1.2,3.3,4.0,5.9,7.6,9.1,2.0,0.3,3.7,9.4,1,3,↑,2032-2038,4.73,巴西反恐专家：就业稳定，薪资回报高，准入门槛高,"Brazil Counter-terrorism Specialist: stable employment, high compensation, high entry barrier",AI综合评估 + O*NET/ILO/OECD锚点校准
GOV-0903-AR-general,公共管理与公务员,GOV,情报安全,反恐专家,Counter-terrorism Specialist,5412,33-3021.06,南美,阿根廷,AR,country,general,本科/军校,22-30,global,7.4,6.8,5.1,6.9,3.4,2.8,5.3,5.4,6.6,5.2,7.3,3.4,3.9,3.3,3.7,5.2,4.0,1.9,7.7,7.0,0.7,4.2,2.9,7.5,0.9,3.3,3.7,6.3,7.7,8.8,2.3,0.3,3.6,9.5,0,3,↑,2035+,4.59,阿根廷反恐专家：准入门槛高，职业安全风险高，AI替代抗性强,"Argentina Counter-terrorism Specialist: high entry barrier, high safety risk, strong AI resistance",AI综合评估 + O*NET/ILO/OECD锚点校准
GOV-0903-CL-general,公共管理与公务员,GOV,情报安全,反恐专家,Counter-terrorism Specialist,5412,33-3021.06,南美,智利,CL,country,general,本科/军校,22-30,global,7.4,7.1,5.2,7.4,2.6,1.4,5.7,5.4,7.7,5.4,8.4,3.5,4.1,3.2,3.7,4.9,3.9,1.8,7.3,7.5,1.2,4.4,2.8,8.2,0.8,3.5,3.8,6.0,7.4,8.7,2.2,0.7,4.2,9.1,1,2,↑,2032-2038,4.74,智利反恐专家：就业稳定，薪资回报高，准入门槛高,"Chile Counter-terrorism Specialist: stable employment, high compensation, high entry barrier",AI综合评估 + O*NET/ILO/OECD锚点校准
GOV-0903-CO-general,公共管理与公务员,GOV,情报安全,反恐专家,Counter-terrorism Specialist,5412,33-3021.06,南美,哥伦比亚,CO,country,general,本科/军校,22-30,global,7.3,6.6,4.8,6.8,3.0,2.3,5.4,5.1,6.7,5.0,7.4,3.4,3.9,3.4,3.7,5.1,3.8,2.3,7.2,6.9,0.6,4.4,2.8,7.6,0.8,3.1,4.0,5.7,7.6,8.7,2.0,0.4,3.9,9.3,1,2,↑,2032-2038,4.51,哥伦比亚反恐专家：准入门槛高，职业安全风险高，AI替代抗性强,"Colombia Counter-terrorism Specialist: high entry barrier, high safety risk, strong AI resistance",AI综合评估 + O*NET/ILO/OECD锚点校准
GOV-0903-AU-general,公共管理与公务员,GOV,情报安全,反恐专家,Counter-terrorism Specialist,5412,33-3021.06,大洋洲,澳大利亚,AU,country,general,本科/军校,22-30,global,7.6,7.2,4.9,7.1,2.9,1.6,5.5,5.1,8.3,6.0,9.3,3.6,4.5,4.2,4.4,5.1,4.5,1.7,7.3,7.6,1.5,5.0,3.6,8.1,0.9,4.6,4.0,6.1,7.5,8.9,1.6,0.5,4.3,9.6,1,2,↑,2032-2038,4.96,澳大利亚反恐专家：就业极其稳定，薪资回报高，准入门槛高,"Australia Counter-terrorism Specialist: extremely stable employment, high compensation, high entry barrier",AI综合评估 + O*NET/ILO/OECD锚点校准
GOV-0903-NZ-general,公共管理与公务员,GOV,情报安全,反恐专家,Counter-terrorism Specialist,5412,33-3021.06,大洋洲,新西兰,NZ,country,general,本科/军校,22-30,global,7.7,7.1,4.9,7.3,3.0,1.4,5.1,5.3,8.1,6.3,9.4,3.8,4.5,4.5,4.4,5.3,4.4,1.5,7.4,7.5,1.5,5.0,3.8,8.2,1.5,4.8,4.3,6.1,7.6,8.7,1.5,0.8,4.3,9.6,1,2,↑,2032-2038,5.04,新西兰反恐专家：就业极其稳定，薪资回报高，准入门槛高,"New Zealand Counter-terrorism Specialist: extremely stable employment, high compensation, high entry barrier",AI综合评估 + O*NET/ILO/OECD锚点校准
GOV-0903-ZA-general,公共管理与公务员,GOV,情报安全,反恐专家,Counter-terrorism Specialist,5412,33-3021.06,非洲,南非,ZA,country,general,本科/军校,22-30,global,7.5,7.1,5.1,6.6,3.1,2.1,5.3,5.4,7.2,5.1,7.2,3.4,4.0,3.2,3.7,4.9,4.0,2.0,7.2,7.2,1.1,4.6,2.7,7.5,1.0,3.6,4.1,5.9,7.5,8.4,2.1,0.4,4.2,9.5,1,2,↑,2032-2038,4.59,南非反恐专家：准入门槛高，职业安全风险高，AI替代抗性强,"South Africa Counter-terrorism Specialist: high entry barrier, high safety risk, strong AI resistance",AI综合评估 + O*NET/ILO/OECD锚点校准
GOV-0903-NG-general,公共管理与公务员,GOV,情报安全,反恐专家,Counter-terrorism Specialist,5412,33-3021.06,非洲,尼日利亚,NG,country,general,本科/军校,22-30,global,7.1,6.7,5.0,6.7,3.4,2.4,4.9,5.5,6.9,4.6,7.2,3.3,3.5,3.2,3.4,4.5,4.0,2.4,7.5,6.7,1.0,4.3,2.3,7.6,1.1,2.8,3.7,5.9,7.6,8.7,2.1,0.3,3.7,9.4,0,2,↑,2035+,4.46,尼日利亚反恐专家：准入门槛高，职业安全风险高，AI替代抗性强,"Nigeria Counter-terrorism Specialist: high entry barrier, high safety risk, strong AI resistance",AI综合评估 + O*NET/ILO/OECD锚点校准
GOV-0903-KE-general,公共管理与公务员,GOV,情报安全,反恐专家,Counter-terrorism Specialist,5412,33-3021.06,非洲,肯尼亚,KE,country,general,本科/军校,22-30,global,7.3,7.0,4.8,7.0,2.9,1.9,5.5,5.3,6.8,5.2,7.4,3.4,3.9,2.9,3.9,4.7,4.2,2.3,7.3,6.7,0.6,4.1,2.5,8.0,1.1,2.9,4.0,5.8,7.3,8.6,1.9,0.6,4.2,9.5,0,2,↑,2032-2038,4.52,肯尼亚反恐专家：准入门槛高，职业安全风险高，AI替代抗性强,"Kenya Counter-terrorism Specialist: high entry barrier, high safety risk, strong AI resistance",AI综合评估 + O*NET/ILO/OECD锚点校准
GOV-0903-EG-general,公共管理与公务员,GOV,情报安全,反恐专家,Counter-terrorism Specialist,5412,33-3021.06,非洲,埃及,EG,country,general,本科/军校,22-30,global,7.1,6.7,5.5,6.7,3.3,2.7,5.2,5.3,6.8,4.9,7.4,3.6,3.6,3.1,4.0,4.7,3.7,2.2,7.3,7.3,0.9,4.4,2.3,7.8,0.7,2.9,4.0,5.9,7.6,8.9,1.9,0.3,3.6,9.9,1,3,↑,2032-2038,4.54,埃及反恐专家：准入门槛高，职业安全风险高，AI替代抗性强,"Egypt Counter-terrorism Specialist: high entry barrier, high safety risk, strong AI resistance",AI综合评估 + O*NET/ILO/OECD锚点校准
GOV-0904-CN-general,公共管理与公务员,GOV,情报安全,密码学专家(政府),Government Cryptographer,2529,15-1212.00,东亚,中国,CN,country,general,硕士/博士,24-30,global,8.8,9.0,6.7,7.9,3.9,2.8,7.4,8.1,8.8,6.4,9.4,9.3,6.5,4.9,4.8,5.5,5.3,1.0,6.2,8.9,4.4,5.5,4.4,7.7,2.4,4.5,5.0,3.7,0.4,9.8,1.1,1.1,4.6,9.6,2,4,↑↑,2032-2038,5.76,中国密码学专家(政府)：就业极其稳定，薪资回报高，准入门槛高,"China Government Cryptographer: extremely stable employment, high compensation, high entry barrier",AI综合评估 + O*NET/ILO/OECD锚点校准
GOV-0904-JP-general,公共管理与公务员,GOV,情报安全,密码学专家(政府),Government Cryptographer,2529,15-1212.00,东亚,日本,JP,country,general,硕士/博士,24-30,global,9.0,8.8,6.4,8.0,3.1,1.9,7.4,8.4,9.1,6.6,10.0,9.2,6.9,5.2,4.9,5.8,5.1,1.0,6.0,9.0,4.3,6.0,4.8,8.0,2.6,4.5,4.6,4.2,0.5,9.7,0.8,1.2,4.2,9.8,2,3,↑,2032-2038,5.81,日本密码学专家(政府)：就业极其稳定，薪资回报高，准入门槛高,"Japan Government Cryptographer: extremely stable employment, high compensation, high entry barrier",AI综合评估 + O*NET/ILO/OECD锚点校准
GOV-0904-KR-general,公共管理与公务员,GOV,情报安全,密码学专家(政府),Government Cryptographer,2529,15-1212.00,东亚,韩国,KR,country,general,硕士/博士,24-30,global,9.0,8.8,6.2,7.8,3.1,1.4,7.7,8.4,8.9,6.7,9.1,9.1,6.6,5.0,4.8,5.5,5.0,0.9,5.9,9.1,4.2,6.1,4.5,7.8,2.3,3.9,5.1,3.8,0.5,9.9,0.9,1.0,4.6,9.4,2,3,↑,2028-2033,5.71,韩国密码学专家(政府)：就业极其稳定，薪资回报高，准入门槛高,"South Korea Government Cryptographer: extremely stable employment, high compensation, high entry barrier",AI综合评估 + O*NET/ILO/OECD锚点校准
GOV-0904-TW-general,公共管理与公务员,GOV,情报安全,密码学专家(政府),Government Cryptographer,2529,15-1212.00,东亚,中国台湾地区,TW,region,general,硕士/博士,24-30,global,8.7,8.7,6.0,7.8,2.9,1.0,7.8,8.0,8.5,6.5,8.9,9.2,6.7,5.5,4.9,5.7,5.3,0.8,6.1,8.6,4.3,5.9,5.0,7.6,2.4,4.5,4.6,4.0,0.4,9.8,0.6,1.3,4.5,9.7,2,3,↑,2032-2038,5.71,中国台湾地区密码学专家(政府)：就业极其稳定，薪资回报高，准入门槛高,"Taiwan (China) Government Cryptographer: extremely stable employment, high compensation, high entry barrier",AI综合评估 + O*NET/ILO/OECD锚点校准
GOV-0904-HK-general,公共管理与公务员,GOV,情报安全,密码学专家(政府),Government Cryptographer,2529,15-1212.00,东亚,中国香港地区,HK,region,general,硕士/博士,24-30,global,8.7,8.8,5.8,7.9,2.6,1.2,6.9,7.9,9.8,6.8,9.3,9.1,7.1,5.1,5.0,5.7,5.4,0.8,6.0,7.9,4.2,6.2,4.7,7.7,2.5,4.7,5.1,3.8,0.4,9.5,0.8,1.1,4.6,9.3,2,3,↑,2032-2038,5.74,中国香港地区密码学专家(政府)：就业极其稳定，薪资回报高，准入门槛高,"Hong Kong (China) Government Cryptographer: extremely stable employment, high compensation, high entry barrier",AI综合评估 + O*NET/ILO/OECD锚点校准
GOV-0904-SG-general,公共管理与公务员,GOV,情报安全,密码学专家(政府),Government Cryptographer,2529,15-1212.00,东南亚,新加坡,SG,country,general,硕士/博士,24-30,global,8.5,9.0,6.1,8.0,2.4,1.0,7.6,8.0,9.8,7.1,10.0,9.2,6.8,5.1,4.7,5.5,5.5,0.7,6.1,8.8,4.5,6.5,4.6,8.1,2.5,5.0,4.9,3.8,0.7,9.8,0.5,1.4,4.8,9.2,2,2,↑,2032-2038,5.88,新加坡密码学专家(政府)：就业极其稳定，薪资回报高，准入门槛高,"Singapore Government Cryptographer: extremely stable employment, high compensation, high entry barrier",AI综合评估 + O*NET/ILO/OECD锚点校准
GOV-0904-TH-general,公共管理与公务员,GOV,情报安全,密码学专家(政府),Government Cryptographer,2529,15-1212.00,东南亚,泰国,TH,country,general,硕士/博士,24-30,global,8.7,8.2,6.0,7.7,3.4,1.7,7.0,8.1,8.4,5.7,8.3,9.1,6.7,5.5,4.9,5.4,4.9,1.1,6.2,8.0,4.5,5.7,5.0,7.5,2.3,4.7,5.3,4.2,0.4,9.4,1.1,1.1,4.1,9.3,2,3,↑,2032-2038,5.61,泰国密码学专家(政府)：就业稳定，薪资回报高，准入门槛高,"Thailand Government Cryptographer: stable employment, high compensation, high entry barrier",AI综合评估 + O*NET/ILO/OECD锚点校准
GOV-0904-VN-general,公共管理与公务员,GOV,情报安全,密码学专家(政府),Government Cryptographer,2529,15-1212.00,东南亚,越南,VN,country,general,硕士/博士,24-30,global,8.8,8.4,6.7,7.9,3.4,2.6,6.9,8.3,7.8,5.7,8.8,9.1,6.6,5.2,4.9,5.3,5.0,1.3,6.1,7.8,4.4,5.8,5.1,7.4,2.2,4.4,4.7,4.0,0.7,10.0,0.7,0.6,4.4,9.8,2,4,↑↑,2032-2038,5.57,越南密码学专家(政府)：就业极其稳定，薪资回报高，准入门槛高,"Vietnam Government Cryptographer: extremely stable employment, high compensation, high entry barrier",AI综合评估 + O*NET/ILO/OECD锚点校准
GOV-0904-ID-general,公共管理与公务员,GOV,情报安全,密码学专家(政府),Government Cryptographer,2529,15-1212.00,东南亚,印度尼西亚,ID,country,general,硕士/博士,24-30,global,8.1,8.5,6.3,7.2,3.6,2.0,6.6,8.0,7.9,5.6,8.2,9.0,6.7,5.4,4.8,5.6,4.9,1.0,6.2,8.0,4.2,5.8,4.7,7.4,2.2,4.1,5.0,3.9,0.3,9.7,1.0,0.7,3.9,9.6,2,3,↑,2032-2038,5.52,印度尼西亚密码学专家(政府)：就业稳定，薪资回报高，准入门槛高,"Indonesia Government Cryptographer: stable employment, high compensation, high entry barrier",AI综合评估 + O*NET/ILO/OECD锚点校准
GOV-0904-MY-general,公共管理与公务员,GOV,情报安全,密码学专家(政府),Government Cryptographer,2529,15-1212.00,东南亚,马来西亚,MY,country,general,硕士/博士,24-30,global,8.4,8.4,6.2,7.7,3.3,1.5,7.3,7.8,8.2,6.2,9.1,9.0,7.1,5.3,5.1,5.7,5.1,0.8,6.0,8.0,4.4,6.2,4.6,7.5,2.8,4.3,4.8,4.3,0.8,9.5,1.0,0.8,4.2,9.7,2,3,↑,2032-2038,5.66,马来西亚密码学专家(政府)：就业极其稳定，薪资回报高，准入门槛高,"Malaysia Government Cryptographer: extremely stable employment, high compensation, high entry barrier",AI综合评估 + O*NET/ILO/OECD锚点校准
GOV-0904-PH-general,公共管理与公务员,GOV,情报安全,密码学专家(政府),Government Cryptographer,2529,15-1212.00,东南亚,菲律宾,PH,country,general,硕士/博士,24-30,global,8.8,8.6,6.1,7.5,3.3,1.8,7.1,8.1,7.7,5.7,7.9,8.9,6.8,5.1,5.1,5.5,4.7,1.3,6.3,7.8,4.2,5.5,4.6,7.4,2.3,4.7,4.8,3.7,0.8,9.6,1.2,1.1,4.2,9.6,2,3,↑,2032-2038,5.46,菲律宾密码学专家(政府)：就业稳定，薪资回报高，准入门槛高,"Philippines Government Cryptographer: stable employment, high compensation, high entry barrier",AI综合评估 + O*NET/ILO/OECD锚点校准
GOV-0904-IN-general,公共管理与公务员,GOV,情报安全,密码学专家(政府),Government Cryptographer,2529,15-1212.00,南亚,印度,IN,country,general,硕士/博士,24-30,global,8.7,9.0,6.2,7.5,3.4,2.2,7.3,8.6,8.5,6.3,9.0,9.1,6.9,5.2,4.8,5.4,4.9,0.9,6.3,8.5,4.7,5.8,4.5,7.1,2.6,4.0,5.0,4.0,0.3,9.9,1.1,1.1,4.5,9.5,2,4,↑↑,2032-2038,5.68,印度密码学专家(政府)：就业极其稳定，薪资回报高，准入门槛高,"India Government Cryptographer: extremely stable employment, high compensation, high entry barrier",AI综合评估 + O*NET/ILO/OECD锚点校准
GOV-0904-PK-general,公共管理与公务员,GOV,情报安全,密码学专家(政府),Government Cryptographer,2529,15-1212.00,南亚,巴基斯坦,PK,country,general,硕士/博士,24-30,global,8.4,8.2,6.3,7.1,3.4,2.2,6.8,7.8,8.0,5.3,8.2,8.9,7.0,5.0,4.3,5.4,4.8,1.2,5.9,8.2,4.4,5.8,4.3,7.2,2.4,3.2,4.5,3.8,0.6,9.5,1.0,1.0,4.0,9.9,2,3,↑,2028-2033,5.41,巴基斯坦密码学专家(政府)：就业稳定，薪资回报高，准入门槛高,"Pakistan Government Cryptographer: stable employment, high compensation, high entry barrier",AI综合评估 + O*NET/ILO/OECD锚点校准
GOV-0904-BD-general,公共管理与公务员,GOV,情报安全,密码学专家(政府),Government Cryptographer,2529,15-1212.00,南亚,孟加拉国,BD,country,general,硕士/博士,24-30,global,8.2,8.3,5.7,7.2,3.2,1.4,7.3,8.4,7.4,5.5,8.0,9.1,6.4,4.8,4.6,5.0,4.7,1.1,6.1,7.7,4.5,5.5,4.2,7.4,2.2,3.3,4.8,3.8,0.6,9.8,1.2,0.9,4.4,9.6,2,3,↑,2032-2038,5.38,孟加拉国密码学专家(政府)：就业稳定，准入门槛高，近年需求增长,"Bangladesh Government Cryptographer: stable employment, high entry barrier, growing demand",AI综合评估 + O*NET/ILO/OECD锚点校准
GOV-0904-AE-general,公共管理与公务员,GOV,情报安全,密码学专家(政府),Government Cryptographer,2529,15-1212.00,中亚/西亚,阿联酋,AE,country,general,硕士/博士,24-30,global,8.5,8.2,6.2,7.7,2.9,1.9,6.7,7.8,9.9,6.8,9.4,9.3,7.2,5.4,4.9,5.4,5.4,0.6,5.7,7.8,4.4,6.0,4.7,7.6,2.4,4.5,4.8,4.0,0.3,9.1,0.9,1.3,4.4,9.6,2,3,↑,2028-2033,5.78,阿联酋密码学专家(政府)：就业极其稳定，薪资回报高，准入门槛高,"United Arab Emirates Government Cryptographer: extremely stable employment, high compensation, high entry barrier",AI综合评估 + O*NET/ILO/OECD锚点校准
GOV-0904-IL-general,公共管理与公务员,GOV,情报安全,密码学专家(政府),Government Cryptographer,2529,15-1212.00,中亚/西亚,以色列,IL,country,general,硕士/博士,24-30,global,8.8,8.6,6.3,7.3,3.0,1.7,6.7,7.8,9.2,6.3,8.7,8.9,7.2,5.4,5.2,5.8,5.4,0.7,5.8,8.1,4.5,5.9,5.1,7.7,2.5,5.3,4.7,4.0,0.3,9.2,1.1,1.3,4.8,9.5,2,3,↑,2028-2033,5.72,以色列密码学专家(政府)：就业极其稳定，薪资回报高，准入门槛高,"Israel Government Cryptographer: extremely stable employment, high compensation, high entry barrier",AI综合评估 + O*NET/ILO/OECD锚点校准
GOV-0904-SA-general,公共管理与公务员,GOV,情报安全,密码学专家(政府),Government Cryptographer,2529,15-1212.00,中亚/西亚,沙特阿拉伯,SA,country,general,硕士/博士,24-30,global,8.4,8.0,6.2,7.9,3.7,2.4,6.6,8.0,9.6,6.7,8.9,9.1,6.7,5.4,4.9,5.4,4.9,1.0,5.9,8.0,4.6,5.6,4.5,7.7,2.3,3.8,4.7,3.9,0.3,9.2,1.0,1.1,4.2,9.6,2,4,↑↑,2028-2033,5.71,沙特阿拉伯密码学专家(政府)：就业极其稳定，薪资回报高，准入门槛高,"Saudi Arabia Government Cryptographer: extremely stable employment, high compensation, high entry barrier",AI综合评估 + O*NET/ILO/OECD锚点校准
GOV-0904-TR-general,公共管理与公务员,GOV,情报安全,密码学专家(政府),Government Cryptographer,2529,15-1212.00,中亚/西亚,土耳其,TR,country,general,硕士/博士,24-30,global,8.6,8.9,6.4,7.5,3.6,1.8,7.3,8.0,8.0,5.9,8.1,9.0,6.7,4.9,4.9,5.6,4.8,1.1,6.1,8.2,4.1,5.6,4.8,7.5,2.7,4.3,4.8,4.1,0.8,9.7,0.9,0.7,4.1,9.3,2,3,↑,2032-2038,5.54,土耳其密码学专家(政府)：就业稳定，薪资回报高，准入门槛高,"Turkey Government Cryptographer: stable employment, high compensation, high entry barrier",AI综合评估 + O*NET/ILO/OECD锚点校准
GOV-0904-GB-general,公共管理与公务员,GOV,情报安全,密码学专家(政府),Government Cryptographer,2529,15-1212.00,西欧,英国,GB,country,general,硕士/博士,24-30,global,8.4,8.8,6.0,7.6,2.8,1.2,7.1,8.2,9.3,6.6,9.7,9.0,7.1,5.9,5.6,5.8,5.0,0.9,5.9,8.0,4.7,6.1,5.7,7.9,2.4,5.2,5.5,4.2,0.2,9.6,0.9,1.0,5.1,9.2,2,3,↑,2028-2033,5.86,英国密码学专家(政府)：就业极其稳定，薪资回报高，准入门槛高,"United Kingdom Government Cryptographer: extremely stable employment, high compensation, high entry barrier",AI综合评估 + O*NET/ILO/OECD锚点校准
GOV-0904-FR-general,公共管理与公务员,GOV,情报安全,密码学专家(政府),Government Cryptographer,2529,15-1212.00,西欧,法国,FR,country,general,硕士/博士,24-30,global,8.5,9.0,6.4,7.9,3.6,2.7,7.2,7.9,8.8,6.3,9.4,9.1,7.2,6.5,5.8,5.5,5.3,0.7,6.1,8.5,5.0,6.6,5.8,7.5,2.4,4.9,4.9,3.9,0.7,9.9,0.7,1.1,4.8,9.6,2,4,↑↑,2032-2038,5.92,法国密码学专家(政府)：就业极其稳定，薪资回报高，准入门槛高,"France Government Cryptographer: extremely stable employment, high compensation, high entry barrier",AI综合评估 + O*NET/ILO/OECD锚点校准
GOV-0904-DE-general,公共管理与公务员,GOV,情报安全,密码学专家(政府),Government Cryptographer,2529,15-1212.00,西欧,德国,DE,country,general,硕士/博士,24-30,global,8.5,8.7,6.4,8.3,2.9,1.3,7.3,8.1,9.3,6.6,9.9,9.1,7.7,6.1,5.4,5.7,5.0,0.6,6.1,8.5,4.5,6.7,5.9,7.9,2.6,5.2,5.4,4.2,0.7,9.9,0.7,1.2,4.4,9.3,2,3,↑,2032-2038,5.97,德国密码学专家(政府)：就业极其稳定，薪资回报高，准入门槛高,"Germany Government Cryptographer: extremely stable employment, high compensation, high entry barrier",AI综合评估 + O*NET/ILO/OECD锚点校准
GOV-0904-NL-general,公共管理与公务员,GOV,情报安全,密码学专家(政府),Government Cryptographer,2529,15-1212.00,西欧,荷兰,NL,country,general,硕士/博士,24-30,global,8.8,8.4,6.2,7.6,2.9,1.3,6.8,8.2,9.5,6.4,9.6,9.2,7.8,6.8,5.9,5.9,5.2,0.7,6.0,8.2,4.9,6.8,6.4,7.9,2.6,5.5,5.5,4.2,0.8,9.5,0.9,1.5,5.1,9.7,2,3,↑,2032-2038,6.01,荷兰密码学专家(政府)：就业极其稳定，薪资回报高，准入门槛高,"Netherlands Government Cryptographer: extremely stable employment, high compensation, high entry barrier",AI综合评估 + O*NET/ILO/OECD锚点校准
GOV-0904-CH-general,公共管理与公务员,GOV,情报安全,密码学专家(政府),Government Cryptographer,2529,15-1212.00,西欧,瑞士,CH,country,general,硕士/博士,24-30,global,8.5,8.9,5.8,8.3,2.6,0.9,6.9,7.9,9.8,7.3,9.8,9.3,7.3,6.2,5.9,5.5,5.0,0.5,6.0,8.1,4.7,6.5,6.2,8.1,2.8,5.1,5.3,4.0,0.4,9.3,0.4,1.1,4.6,9.6,2,2,↑,2032-2038,5.98,瑞士密码学专家(政府)：就业极其稳定，薪资回报高，准入门槛高,"Switzerland Government Cryptographer: extremely stable employment, high compensation, high entry barrier",AI综合评估 + O*NET/ILO/OECD锚点校准
GOV-0904-SE-general,公共管理与公务员,GOV,情报安全,密码学专家(政府),Government Cryptographer,2529,15-1212.00,北欧,瑞典,SE,country,general,硕士/博士,24-30,global,8.9,8.4,6.4,8.1,3.3,1.7,6.7,8.0,9.2,6.9,9.9,9.2,7.7,6.7,6.1,5.7,5.1,0.5,6.0,7.9,5.1,6.8,6.2,7.7,2.6,5.8,5.2,4.3,0.7,9.1,0.8,0.9,5.0,9.4,2,3,↑,2032-2038,6.04,瑞典密码学专家(政府)：就业极其稳定，薪资回报高，准入门槛高,"Sweden Government Cryptographer: extremely stable employment, high compensation, high entry barrier",AI综合评估 + O*NET/ILO/OECD锚点校准
GOV-0904-DK-general,公共管理与公务员,GOV,情报安全,密码学专家(政府),Government Cryptographer,2529,15-1212.00,北欧,丹麦,DK,country,general,硕士/博士,24-30,global,8.6,8.7,6.3,7.8,3.4,1.7,7.0,8.0,9.5,6.9,10.0,9.1,7.7,6.8,5.6,5.5,5.4,0.4,5.9,7.9,5.0,6.5,6.1,8.3,2.9,6.3,5.5,3.8,0.6,9.2,0.9,1.4,4.5,9.4,2,3,↑,2028-2033,6.06,丹麦密码学专家(政府)：就业极其稳定，薪资回报高，准入门槛高,"Denmark Government Cryptographer: extremely stable employment, high compensation, high entry barrier",AI综合评估 + O*NET/ILO/OECD锚点校准
GOV-0904-FI-general,公共管理与公务员,GOV,情报安全,密码学专家(政府),Government Cryptographer,2529,15-1212.00,北欧,芬兰,FI,country,general,硕士/博士,24-30,global,8.6,8.6,6.1,8.0,2.8,1.7,7.0,7.8,8.8,6.3,9.7,9.1,7.6,6.4,5.7,5.5,5.2,0.7,5.9,7.7,4.7,6.8,6.3,7.7,2.9,5.9,5.3,3.9,0.4,9.0,1.1,0.9,4.9,9.7,2,3,↑,2028-2033,5.9,芬兰密码学专家(政府)：就业极其稳定，薪资回报高，准入门槛高,"Finland Government Cryptographer: extremely stable employment, high compensation, high entry barrier",AI综合评估 + O*NET/ILO/OECD锚点校准
GOV-0904-IT-general,公共管理与公务员,GOV,情报安全,密码学专家(政府),Government Cryptographer,2529,15-1212.00,南欧,意大利,IT,country,general,硕士/博士,24-30,global,8.3,8.5,6.4,7.6,3.5,1.9,7.2,8.0,8.9,6.0,9.1,9.1,7.4,5.5,4.9,5.7,4.8,0.7,6.1,8.3,4.8,5.9,5.1,7.2,2.3,4.2,5.4,3.7,0.6,9.5,1.1,1.2,4.7,9.9,2,3,↑,2032-2038,5.75,意大利密码学专家(政府)：就业极其稳定，薪资回报高，准入门槛高,"Italy Government Cryptographer: extremely stable employment, high compensation, high entry barrier",AI综合评估 + O*NET/ILO/OECD锚点校准
GOV-0904-ES-general,公共管理与公务员,GOV,情报安全,密码学专家(政府),Government Cryptographer,2529,15-1212.00,南欧,西班牙,ES,country,general,硕士/博士,24-30,global,8.6,8.7,6.3,7.9,3.3,1.9,7.6,8.3,8.7,6.3,8.8,9.0,7.4,5.7,5.1,5.4,5.0,0.9,6.2,8.7,4.4,6.0,5.5,7.4,2.8,5.0,5.0,4.0,0.3,9.7,0.8,1.3,4.7,9.4,2,3,↑,2032-2038,5.82,西班牙密码学专家(政府)：就业极其稳定，薪资回报高，准入门槛高,"Spain Government Cryptographer: extremely stable employment, high compensation, high entry barrier",AI综合评估 + O*NET/ILO/OECD锚点校准
GOV-0904-PT-general,公共管理与公务员,GOV,情报安全,密码学专家(政府),Government Cryptographer,2529,15-1212.00,南欧,葡萄牙,PT,country,general,硕士/博士,24-30,global,8.7,8.8,6.0,7.8,3.1,1.8,7.3,7.9,8.4,6.1,9.3,9.1,7.0,6.1,5.1,5.4,5.3,1.0,6.0,8.0,4.6,6.3,5.4,7.8,2.6,5.1,4.9,4.2,0.4,9.8,0.8,1.2,4.8,9.8,2,3,↑,2032-2038,5.75,葡萄牙密码学专家(政府)：就业极其稳定，薪资回报高，准入门槛高,"Portugal Government Cryptographer: extremely stable employment, high compensation, high entry barrier",AI综合评估 + O*NET/ILO/OECD锚点校准
GOV-0904-PL-general,公共管理与公务员,GOV,情报安全,密码学专家(政府),Government Cryptographer,2529,15-1212.00,东欧,波兰,PL,country,general,硕士/博士,24-30,global,8.4,8.6,6.0,7.5,2.8,1.5,7.0,8.2,8.6,6.3,9.0,9.0,7.5,6.2,5.4,5.6,5.2,1.1,6.2,8.1,4.6,6.2,5.6,7.3,2.7,5.0,5.2,4.2,0.6,9.6,0.7,1.1,4.5,9.5,2,3,↑,2032-2038,5.77,波兰密码学专家(政府)：就业极其稳定，薪资回报高，准入门槛高,"Poland Government Cryptographer: extremely stable employment, high compensation, high entry barrier",AI综合评估 + O*NET/ILO/OECD锚点校准
GOV-0904-CZ-general,公共管理与公务员,GOV,情报安全,密码学专家(政府),Government Cryptographer,2529,15-1212.00,东欧,捷克,CZ,country,general,硕士/博士,24-30,global,8.5,8.7,5.8,7.8,2.8,1.3,7.0,7.8,8.2,5.9,8.9,9.2,7.1,6.0,5.4,5.6,5.1,0.6,5.8,8.1,4.5,6.5,5.4,8.0,2.6,4.9,5.2,3.9,0.5,9.6,1.1,0.8,4.4,9.8,2,3,↑,2028-2033,5.69,捷克密码学专家(政府)：就业极其稳定，薪资回报高，准入门槛高,"Czech Republic Government Cryptographer: extremely stable employment, high compensation, high entry barrier",AI综合评估 + O*NET/ILO/OECD锚点校准
GOV-0904-RU-general,公共管理与公务员,GOV,情报安全,密码学专家(政府),Government Cryptographer,2529,15-1212.00,东欧,俄罗斯,RU,country,general,硕士/博士,24-30,global,8.6,8.6,6.3,7.5,3.7,2.6,6.4,7.7,7.8,6.0,8.6,8.9,6.9,5.3,5.0,5.9,4.9,1.2,6.3,7.4,4.1,5.6,4.8,7.3,2.2,4.9,4.9,4.3,0.2,9.0,0.8,1.1,4.1,9.6,2,4,↑↑,2032-2038,5.56,俄罗斯密码学专家(政府)：就业极其稳定，薪资回报高，准入门槛高,"Russia Government Cryptographer: extremely stable employment, high compensation, high entry barrier",AI综合评估 + O*NET/ILO/OECD锚点校准
GOV-0904-US-general,公共管理与公务员,GOV,情报安全,密码学专家(政府),Government Cryptographer,2529,15-1212.00,北美,美国,US,country,general,硕士/博士,24-30,global,8.5,8.7,5.9,7.5,2.4,1.1,7.1,7.8,9.3,6.7,9.2,9.1,6.8,5.7,5.3,6.0,4.9,0.9,6.2,8.2,4.8,6.0,5.0,8.0,2.3,5.3,4.8,4.2,0.7,9.5,1.0,1.3,4.7,9.2,2,3,↑,2032-2038,5.78,美国密码学专家(政府)：就业极其稳定，薪资回报高，准入门槛高,"United States Government Cryptographer: extremely stable employment, high compensation, high entry barrier",AI综合评估 + O*NET/ILO/OECD锚点校准
GOV-0904-CA-general,公共管理与公务员,GOV,情报安全,密码学专家(政府),Government Cryptographer,2529,15-1212.00,北美,加拿大,CA,country,general,硕士/博士,24-30,global,8.8,8.4,6.0,7.8,3.0,1.3,7.0,7.7,9.8,6.8,9.6,9.2,7.5,6.1,5.2,5.6,5.4,0.5,6.2,8.1,5.0,6.6,5.3,8.0,2.6,5.5,5.0,4.2,0.4,9.2,1.1,1.0,5.1,9.5,2,3,↑,2032-2038,5.95,加拿大密码学专家(政府)：就业极其稳定，薪资回报高，准入门槛高,"Canada Government Cryptographer: extremely stable employment, high compensation, high entry barrier",AI综合评估 + O*NET/ILO/OECD锚点校准
GOV-0904-MX-general,公共管理与公务员,GOV,情报安全,密码学专家(政府),Government Cryptographer,2529,15-1212.00,北美,墨西哥,MX,country,general,硕士/博士,24-30,global,8.3,8.4,6.2,7.3,3.0,1.9,6.9,7.7,7.9,5.6,7.8,8.8,6.8,5.0,5.1,5.4,5.1,1.1,6.0,7.4,4.7,5.6,5.1,7.4,2.7,4.3,4.9,4.0,0.5,9.5,0.9,0.7,4.7,9.5,2,3,↑,2032-2038,5.5,墨西哥密码学专家(政府)：就业稳定，薪资回报高，准入门槛高,"Mexico Government Cryptographer: stable employment, high compensation, high entry barrier",AI综合评估 + O*NET/ILO/OECD锚点校准
GOV-0904-BR-general,公共管理与公务员,GOV,情报安全,密码学专家(政府),Government Cryptographer,2529,15-1212.00,南美,巴西,BR,country,general,硕士/博士,24-30,global,8.8,8.5,6.5,7.3,3.4,2.1,7.0,8.1,8.7,6.2,8.6,9.0,7.3,5.6,5.2,5.4,5.1,1.2,5.8,8.1,4.7,5.7,4.9,7.3,2.4,4.2,5.1,3.8,0.8,9.8,1.0,1.2,4.4,9.4,2,4,↑↑,2028-2033,5.64,巴西密码学专家(政府)：就业极其稳定，薪资回报高，准入门槛高,"Brazil Government Cryptographer: extremely stable employment, high compensation, high entry barrier",AI综合评估 + O*NET/ILO/OECD锚点校准
GOV-0904-AR-general,公共管理与公务员,GOV,情报安全,密码学专家(政府),Government Cryptographer,2529,15-1212.00,南美,阿根廷,AR,country,general,硕士/博士,24-30,global,8.3,8.4,6.4,7.0,3.4,2.0,6.7,8.1,7.8,5.4,8.0,8.8,6.7,5.3,4.8,5.5,5.2,1.0,5.9,7.4,4.1,5.5,4.6,7.6,2.4,4.5,4.8,3.7,0.3,8.9,1.1,1.1,4.7,9.8,1,4,↑↑,2028-2033,5.49,阿根廷密码学专家(政府)：就业稳定，薪资回报高，准入门槛高,"Argentina Government Cryptographer: stable employment, high compensation, high entry barrier",AI综合评估 + O*NET/ILO/OECD锚点校准
GOV-0904-CL-general,公共管理与公务员,GOV,情报安全,密码学专家(政府),Government Cryptographer,2529,15-1212.00,南美,智利,CL,country,general,硕士/博士,24-30,global,8.4,8.6,5.8,7.9,2.7,1.0,7.0,7.9,8.6,6.3,8.6,9.1,7.0,5.5,5.2,5.3,5.0,1.0,6.2,7.7,4.6,6.1,5.0,7.7,2.5,4.6,5.1,4.2,0.2,9.5,1.0,0.9,4.5,9.2,2,3,↑,2032-2038,5.65,智利密码学专家(政府)：就业极其稳定，薪资回报高，准入门槛高,"Chile Government Cryptographer: extremely stable employment, high compensation, high entry barrier",AI综合评估 + O*NET/ILO/OECD锚点校准
GOV-0904-CO-general,公共管理与公务员,GOV,情报安全,密码学专家(政府),Government Cryptographer,2529,15-1212.00,南美,哥伦比亚,CO,country,general,硕士/博士,24-30,global,8.6,8.2,5.8,7.2,3.0,1.7,6.9,7.7,8.1,5.5,7.9,8.8,7.0,5.4,4.7,5.6,4.9,1.0,5.9,7.4,4.6,6.1,4.9,7.1,2.3,4.4,4.6,4.1,0.6,9.3,0.9,0.7,4.0,9.7,2,3,↑,2028-2033,5.45,哥伦比亚密码学专家(政府)：就业稳定，薪资回报高，准入门槛高,"Colombia Government Cryptographer: stable employment, high compensation, high entry barrier",AI综合评估 + O*NET/ILO/OECD锚点校准
GOV-0904-AU-general,公共管理与公务员,GOV,情报安全,密码学专家(政府),Government Cryptographer,2529,15-1212.00,大洋洲,澳大利亚,AU,country,general,硕士/博士,24-30,global,8.9,8.7,6.4,8.1,2.9,1.5,6.8,8.0,9.3,6.7,9.9,9.2,7.5,6.4,5.7,5.6,5.4,0.8,6.2,8.3,5.0,6.3,5.7,8.1,2.8,5.3,5.1,3.8,0.8,9.5,0.8,1.3,4.8,9.4,2,3,↑,2032-2038,5.96,澳大利亚密码学专家(政府)：就业极其稳定，薪资回报高，准入门槛高,"Australia Government Cryptographer: extremely stable employment, high compensation, high entry barrier",AI综合评估 + O*NET/ILO/OECD锚点校准
GOV-0904-NZ-general,公共管理与公务员,GOV,情报安全,密码学专家(政府),Government Cryptographer,2529,15-1212.00,大洋洲,新西兰,NZ,country,general,硕士/博士,24-30,global,8.8,8.7,6.2,7.7,2.4,1.0,7.1,8.0,9.4,6.8,9.8,9.2,7.3,6.6,5.3,5.5,5.2,0.6,6.0,7.9,4.6,6.5,5.9,7.6,2.9,6.0,5.6,4.0,0.3,9.3,0.9,1.2,4.7,9.3,2,3,↑,2032-2038,5.93,新西兰密码学专家(政府)：就业极其稳定，薪资回报高，准入门槛高,"New Zealand Government Cryptographer: extremely stable employment, high compensation, high entry barrier",AI综合评估 + O*NET/ILO/OECD锚点校准
GOV-0904-ZA-general,公共管理与公务员,GOV,情报安全,密码学专家(政府),Government Cryptographer,2529,15-1212.00,非洲,南非,ZA,country,general,硕士/博士,24-30,global,8.7,8.1,6.3,7.1,3.1,1.9,7.0,7.8,8.3,6.0,8.2,8.9,6.7,5.2,4.8,5.6,4.7,1.1,5.8,7.6,4.6,6.0,4.9,7.4,2.3,4.7,5.1,4.0,0.5,9.3,1.3,0.7,4.5,9.7,2,3,↑,2028-2033,5.53,南非密码学专家(政府)：就业稳定，薪资回报高，准入门槛高,"South Africa Government Cryptographer: stable employment, high compensation, high entry barrier",AI综合评估 + O*NET/ILO/OECD锚点校准
GOV-0904-NG-general,公共管理与公务员,GOV,情报安全,密码学专家(政府),Government Cryptographer,2529,15-1212.00,非洲,尼日利亚,NG,country,general,硕士/博士,24-30,global,8.3,8.2,6.1,6.9,3.5,1.7,6.3,7.6,7.5,5.3,7.5,8.7,6.5,4.8,4.4,5.5,4.6,1.4,6.0,7.4,4.0,5.6,4.2,7.2,2.2,3.8,4.6,4.2,0.3,9.3,1.0,0.7,3.9,9.4,1,3,↑,2032-2038,5.27,尼日利亚密码学专家(政府)：就业稳定，薪资回报高，准入门槛高,"Nigeria Government Cryptographer: stable employment, high compensation, high entry barrier",AI综合评估 + O*NET/ILO/OECD锚点校准
GOV-0904-KE-general,公共管理与公务员,GOV,情报安全,密码学专家(政府),Government Cryptographer,2529,15-1212.00,非洲,肯尼亚,KE,country,general,硕士/博士,24-30,global,8.5,8.0,6.0,7.0,3.3,1.9,6.7,7.8,8.1,5.5,7.7,8.9,6.8,5.3,4.8,5.6,4.9,1.3,5.8,7.4,4.6,5.6,4.7,7.1,2.6,4.3,5.0,3.7,0.3,9.2,1.4,0.9,4.3,9.2,1,3,↑,2028-2033,5.44,肯尼亚密码学专家(政府)：就业稳定，薪资回报高，准入门槛高,"Kenya Government Cryptographer: stable employment, high compensation, high entry barrier",AI综合评估 + O*NET/ILO/OECD锚点校准
GOV-0904-EG-general,公共管理与公务员,GOV,情报安全,密码学专家(政府),Government Cryptographer,2529,15-1212.00,非洲,埃及,EG,country,general,硕士/博士,24-30,global,8.3,8.5,6.0,7.5,3.3,2.6,6.6,7.8,7.7,5.7,8.2,8.9,6.7,5.2,5.0,5.5,5.1,1.1,6.2,7.9,4.4,5.6,4.3,7.5,2.1,3.6,5.0,3.9,0.4,9.6,0.8,0.8,4.4,9.7,2,4,↑↑,2032-2038,5.48,埃及密码学专家(政府)：就业稳定，薪资回报高，准入门槛高,"Egypt Government Cryptographer: stable employment, high compensation, high entry barrier",AI综合评估 + O*NET/ILO/OECD锚点校准
GOV-0905-CN-general,公共管理与公务员,GOV,情报安全,签证官员,Visa Officer / Immigration Officer,3351,33-3021.06,东亚,中国,CN,country,general,本科,22-30,global,4.9,5.6,4.1,9.0,5.8,6.1,4.2,4.0,5.4,5.1,9.1,7.6,6.9,5.1,5.2,4.8,3.9,2.4,4.8,6.9,2.5,3.6,4.9,4.8,1.0,5.3,6.8,7.5,1.7,8.3,1.9,0.8,4.5,8.4,0,1,→,2028-2033,5.12,中国签证官员：就业极其稳定，准入门槛高,"China Visa Officer / Immigration Officer: extremely stable employment, high entry barrier",AI综合评估 + O*NET/ILO/OECD锚点校准
GOV-0905-JP-general,公共管理与公务员,GOV,情报安全,签证官员,Visa Officer / Immigration Officer,3351,33-3021.06,东亚,日本,JP,country,general,本科,22-30,global,4.6,5.1,4.1,9.1,5.2,5.4,4.5,3.9,5.6,6.0,10.0,7.7,6.9,5.8,5.4,4.8,4.3,2.3,4.9,6.6,2.6,4.4,5.4,5.5,1.3,5.2,6.8,7.5,1.6,7.8,1.5,0.9,4.1,8.6,0,0,→,2028-2033,5.32,日本签证官员：就业极其稳定,Japan Visa Officer / Immigration Officer: extremely stable employment,AI综合评估 + O*NET/ILO/OECD锚点校准
GOV-0905-KR-general,公共管理与公务员,GOV,情报安全,签证官员,Visa Officer / Immigration Officer,3351,33-3021.06,东亚,韩国,KR,country,general,本科,22-30,global,4.5,5.6,3.7,8.9,5.1,4.9,4.7,3.8,5.4,5.5,9.2,7.6,6.9,5.4,5.0,4.9,4.0,2.4,5.4,6.5,2.6,4.0,4.8,5.1,1.4,4.9,6.7,7.7,1.4,8.0,2.0,0.8,4.4,8.7,0,0,→,2028-2033,5.15,韩国签证官员：就业极其稳定，准入门槛高,"South Korea Visa Officer / Immigration Officer: extremely stable employment, high entry barrier",AI综合评估 + O*NET/ILO/OECD锚点校准
GOV-0905-TW-general,公共管理与公务员,GOV,情报安全,签证官员,Visa Officer / Immigration Officer,3351,33-3021.06,东亚,中国台湾地区,TW,region,general,本科,22-30,global,4.7,5.3,3.3,8.6,5.1,4.7,4.2,4.0,5.0,5.5,9.4,7.6,7.1,5.5,5.2,4.8,4.2,2.3,5.1,6.7,2.3,4.1,5.3,5.1,0.8,5.6,6.7,7.7,1.5,8.3,2.0,0.4,4.4,8.7,0,0,→,2028-2033,5.11,中国台湾地区签证官员：就业极其稳定，准入门槛高,"Taiwan (China) Visa Officer / Immigration Officer: extremely stable employment, high entry barrier",AI综合评估 + O*NET/ILO/OECD锚点校准
GOV-0905-HK-general,公共管理与公务员,GOV,情报安全,签证官员,Visa Officer / Immigration Officer,3351,33-3021.06,东亚,中国香港地区,HK,region,general,本科,22-30,global,4.4,5.3,3.3,8.7,4.8,4.4,3.9,3.6,6.0,5.6,8.9,7.7,7.0,5.7,4.9,4.4,3.9,2.1,5.0,6.0,2.4,4.4,5.2,5.1,1.2,5.8,6.7,7.7,1.6,7.3,1.7,0.7,5.0,8.3,0,0,→,2028-2033,5.15,中国香港地区签证官员：就业极其稳定,Hong Kong (China) Visa Officer / Immigration Officer: extremely stable employment,AI综合评估 + O*NET/ILO/OECD锚点校准
GOV-0905-SG-general,公共管理与公务员,GOV,情报安全,签证官员,Visa Officer / Immigration Officer,3351,33-3021.06,东南亚,新加坡,SG,country,general,本科,22-30,global,5.0,5.1,3.2,9.4,4.8,4.4,4.5,3.3,6.5,6.0,10.0,7.7,7.1,5.9,5.7,4.7,4.3,1.9,4.9,6.7,2.2,4.6,5.3,5.2,1.1,6.3,6.8,7.7,1.7,7.6,1.6,0.5,4.8,8.7,0,-1,→,2028-2033,5.32,新加坡签证官员：就业极其稳定,Singapore Visa Officer / Immigration Officer: extremely stable employment,AI综合评估 + O*NET/ILO/OECD锚点校准
GOV-0905-TH-general,公共管理与公务员,GOV,情报安全,签证官员,Visa Officer / Immigration Officer,3351,33-3021.06,东南亚,泰国,TH,country,general,本科,22-30,global,4.5,5.1,3.3,8.4,5.1,5.5,3.9,3.6,4.6,4.8,8.4,7.5,6.8,5.7,5.5,4.6,4.1,2.5,5.0,6.1,2.5,4.0,5.4,5.1,1.2,5.4,6.8,7.6,1.7,7.2,1.9,0.5,4.4,8.4,0,0,→,2028-2033,5.01,泰国签证官员：就业稳定,Thailand Visa Officer / Immigration Officer: stable employment,AI综合评估 + O*NET/ILO/OECD锚点校准
GOV-0905-VN-general,公共管理与公务员,GOV,情报安全,签证官员,Visa Officer / Immigration Officer,3351,33-3021.06,东南亚,越南,VN,country,general,本科,22-30,global,4.5,5.0,3.8,8.7,5.4,5.6,3.8,3.8,4.1,4.6,9.2,7.6,6.8,5.6,5.7,4.6,4.2,2.5,5.2,6.0,2.4,4.1,5.5,4.6,0.6,5.4,7.1,7.6,1.6,7.9,1.9,0.4,4.4,8.4,0,1,→,2028-2033,5.04,越南签证官员：就业极其稳定,Vietnam Visa Officer / Immigration Officer: extremely stable employment,AI综合评估 + O*NET/ILO/OECD锚点校准
GOV-0905-ID-general,公共管理与公务员,GOV,情报安全,签证官员,Visa Officer / Immigration Officer,3351,33-3021.06,东南亚,印度尼西亚,ID,country,general,本科,22-30,global,4.6,4.7,3.7,8.2,5.5,5.5,4.0,3.5,4.6,4.9,8.1,7.4,6.9,5.6,5.1,4.4,3.9,2.8,5.2,5.8,2.2,3.8,5.1,5.1,1.1,5.6,6.7,7.3,1.8,7.1,2.2,0.2,4.4,8.6,0,0,→,2028-2033,4.95,印度尼西亚签证官员：就业稳定,Indonesia Visa Officer / Immigration Officer: stable employment,AI综合评估 + O*NET/ILO/OECD锚点校准
GOV-0905-MY-general,公共管理与公务员,GOV,情报安全,签证官员,Visa Officer / Immigration Officer,3351,33-3021.06,东南亚,马来西亚,MY,country,general,本科,22-30,global,4.3,5.3,3.8,8.4,5.2,5.1,3.9,3.7,5.1,5.2,8.7,7.7,6.8,6.0,5.2,4.7,3.9,2.6,5.1,6.0,2.2,4.1,5.5,5.0,1.3,5.3,6.7,7.6,1.4,7.6,2.2,0.7,4.4,8.5,0,0,→,2028-2033,5.07,马来西亚签证官员：就业极其稳定,Malaysia Visa Officer / Immigration Officer: extremely stable employment,AI综合评估 + O*NET/ILO/OECD锚点校准
GOV-0905-PH-general,公共管理与公务员,GOV,情报安全,签证官员,Visa Officer / Immigration Officer,3351,33-3021.06,东南亚,菲律宾,PH,country,general,本科,22-30,global,4.2,5.2,3.4,8.3,5.1,5.0,3.8,3.5,4.3,4.6,8.0,7.4,6.8,6.0,5.3,4.8,3.6,2.6,5.0,5.3,2.4,3.8,5.4,4.5,1.2,5.9,6.9,7.3,1.3,7.3,1.9,0.6,4.7,8.2,0,0,→,2028-2033,4.92,菲律宾签证官员：就业稳定,Philippines Visa Officer / Immigration Officer: stable employment,AI综合评估 + O*NET/ILO/OECD锚点校准
GOV-0905-IN-general,公共管理与公务员,GOV,情报安全,签证官员,Visa Officer / Immigration Officer,3351,33-3021.06,南亚,印度,IN,country,general,本科,22-30,global,4.6,5.1,3.5,8.7,5.3,5.8,4.5,3.7,5.2,4.9,8.5,7.6,7.0,5.5,4.9,4.6,4.0,2.6,5.0,6.4,2.4,3.8,5.0,4.7,1.1,5.2,7.1,7.6,1.2,8.1,2.0,0.2,4.2,8.8,0,1,→,2028-2033,5.02,印度签证官员：就业极其稳定，准入门槛高,"India Visa Officer / Immigration Officer: extremely stable employment, high entry barrier",AI综合评估 + O*NET/ILO/OECD锚点校准
GOV-0905-PK-general,公共管理与公务员,GOV,情报安全,签证官员,Visa Officer / Immigration Officer,3351,33-3021.06,南亚,巴基斯坦,PK,country,general,本科,22-30,global,4.5,5.1,3.4,8.0,5.3,5.2,4.0,3.7,4.0,4.7,7.9,7.4,7.0,5.4,4.9,4.4,4.1,2.7,4.6,5.9,2.3,3.5,5.0,4.6,0.9,4.6,7.1,7.7,1.8,7.7,1.9,0.3,4.3,8.3,0,0,→,2028-2033,4.81,巴基斯坦签证官员：就业稳定，薪资水平偏低,"Pakistan Visa Officer / Immigration Officer: stable employment, relatively low pay",AI综合评估 + O*NET/ILO/OECD锚点校准
GOV-0905-BD-general,公共管理与公务员,GOV,情报安全,签证官员,Visa Officer / Immigration Officer,3351,33-3021.06,南亚,孟加拉国,BD,country,general,本科,22-30,global,4.4,5.0,3.6,8.5,5.1,5.2,4.2,3.5,3.9,4.6,8.1,7.5,7.0,5.2,5.0,4.6,4.0,2.8,4.6,5.7,2.3,3.5,4.9,4.7,0.9,4.6,6.9,7.3,1.6,7.5,1.8,0.5,4.2,8.4,0,0,→,2028-2033,4.81,孟加拉国签证官员：就业稳定，薪资水平偏低,"Bangladesh Visa Officer / Immigration Officer: stable employment, relatively low pay",AI综合评估 + O*NET/ILO/OECD锚点校准
GOV-0905-AE-general,公共管理与公务员,GOV,情报安全,签证官员,Visa Officer / Immigration Officer,3351,33-3021.06,中亚/西亚,阿联酋,AE,country,general,本科,22-30,global,4.5,4.8,3.6,9.2,5.0,5.3,3.9,3.3,6.7,6.0,9.8,7.6,7.1,5.9,5.7,4.6,4.3,2.2,5.0,5.7,2.4,4.2,5.4,5.4,0.8,5.4,7.0,7.7,1.2,7.0,1.9,0.4,4.6,8.2,0,0,→,2028-2033,5.31,阿联酋签证官员：就业极其稳定,United Arab Emirates Visa Officer / Immigration Officer: extremely stable employment,AI综合评估 + O*NET/ILO/OECD锚点校准
GOV-0905-IL-general,公共管理与公务员,GOV,情报安全,签证官员,Visa Officer / Immigration Officer,3351,33-3021.06,中亚/西亚,以色列,IL,country,general,本科,22-30,global,4.6,5.4,3.7,8.6,4.8,5.1,4.1,3.3,5.3,5.2,8.7,7.6,7.0,6.3,5.2,4.9,4.0,2.4,5.2,5.9,2.7,3.9,5.8,5.3,1.2,6.1,7.1,7.4,1.3,7.2,1.9,0.7,4.6,8.4,0,0,→,2028-2033,5.15,以色列签证官员：就业极其稳定,Israel Visa Officer / Immigration Officer: extremely stable employment,AI综合评估 + O*NET/ILO/OECD锚点校准
GOV-0905-SA-general,公共管理与公务员,GOV,情报安全,签证官员,Visa Officer / Immigration Officer,3351,33-3021.06,中亚/西亚,沙特阿拉伯,SA,country,general,本科,22-30,global,4.3,4.8,4.2,9.0,5.3,6.0,3.6,3.4,5.8,5.6,9.0,7.6,7.0,5.6,5.1,4.5,4.1,2.4,4.7,5.7,2.5,3.7,5.0,5.0,0.8,4.7,6.8,7.5,1.7,7.1,2.0,0.3,4.6,8.4,0,1,→,2028-2033,5.11,沙特阿拉伯签证官员：就业极其稳定,Saudi Arabia Visa Officer / Immigration Officer: extremely stable employment,AI综合评估 + O*NET/ILO/OECD锚点校准
GOV-0905-TR-general,公共管理与公务员,GOV,情报安全,签证官员,Visa Officer / Immigration Officer,3351,33-3021.06,中亚/西亚,土耳其,TR,country,general,本科,22-30,global,4.5,5.4,3.3,8.5,5.6,5.4,4.2,3.6,4.9,4.6,7.9,7.5,6.7,5.5,5.4,4.7,3.9,2.8,5.1,6.0,2.4,3.9,5.0,5.0,1.2,5.0,7.0,7.4,1.8,8.0,1.7,0.6,4.5,8.7,0,0,→,2028-2033,4.95,土耳其签证官员：就业稳定，准入门槛高,"Turkey Visa Officer / Immigration Officer: stable employment, high entry barrier",AI综合评估 + O*NET/ILO/OECD锚点校准
GOV-0905-GB-general,公共管理与公务员,GOV,情报安全,签证官员,Visa Officer / Immigration Officer,3351,33-3021.06,西欧,英国,GB,country,general,本科,22-30,global,4.6,5.3,3.7,8.7,4.7,4.7,4.2,3.2,5.8,5.3,9.4,7.5,7.3,6.8,6.0,5.0,4.1,2.1,5.2,6.2,2.9,4.4,6.1,5.5,0.9,6.2,7.5,7.7,1.7,7.4,2.2,1.0,5.0,8.8,0,0,→,2028-2033,5.32,英国签证官员：就业极其稳定,United Kingdom Visa Officer / Immigration Officer: extremely stable employment,AI综合评估 + O*NET/ILO/OECD锚点校准
GOV-0905-FR-general,公共管理与公务员,GOV,情报安全,签证官员,Visa Officer / Immigration Officer,3351,33-3021.06,西欧,法国,FR,country,general,本科,22-30,global,5.0,5.5,4.1,9.0,5.8,6.1,4.0,3.9,5.2,5.6,9.4,7.6,7.1,6.7,6.2,4.5,4.2,2.2,5.1,6.2,3.1,4.3,6.0,5.0,1.3,6.2,7.4,7.3,1.7,8.0,1.7,0.8,4.8,8.8,0,1,→,2028-2033,5.34,法国签证官员：就业极其稳定，准入门槛高,"France Visa Officer / Immigration Officer: extremely stable employment, high entry barrier",AI综合评估 + O*NET/ILO/OECD锚点校准
GOV-0905-DE-general,公共管理与公务员,GOV,情报安全,签证官员,Visa Officer / Immigration Officer,3351,33-3021.06,西欧,德国,DE,country,general,本科,22-30,global,4.6,5.3,3.8,8.9,4.8,4.9,4.2,3.5,5.5,5.8,9.9,7.7,7.7,6.7,6.3,4.5,4.4,2.2,5.3,6.4,2.7,4.5,6.4,5.1,1.3,6.2,7.0,7.7,1.7,7.8,1.6,0.5,4.9,8.3,0,0,→,2028-2033,5.39,德国签证官员：就业极其稳定,Germany Visa Officer / Immigration Officer: extremely stable employment,AI综合评估 + O*NET/ILO/OECD锚点校准
GOV-0905-NL-general,公共管理与公务员,GOV,情报安全,签证官员,Visa Officer / Immigration Officer,3351,33-3021.06,西欧,荷兰,NL,country,general,本科,22-30,global,4.7,5.0,3.4,9.1,4.6,4.8,4.1,3.1,5.8,5.8,9.3,7.7,7.7,7.1,6.3,4.5,4.0,1.9,5.1,6.4,3.0,4.8,6.5,5.4,0.9,6.7,7.5,7.6,1.5,7.2,1.8,0.5,4.7,8.7,0,0,→,2028-2033,5.39,荷兰签证官员：就业极其稳定,Netherlands Visa Officer / Immigration Officer: extremely stable employment,AI综合评估 + O*NET/ILO/OECD锚点校准
GOV-0905-CH-general,公共管理与公务员,GOV,情报安全,签证官员,Visa Officer / Immigration Officer,3351,33-3021.06,西欧,瑞士,CH,country,general,本科,22-30,global,5.0,5.2,3.5,9.2,4.5,4.5,3.8,3.3,6.5,6.3,9.8,7.7,7.4,6.8,6.1,4.8,4.0,2.0,5.4,6.4,2.8,4.8,6.4,5.3,0.9,6.3,7.6,7.4,1.8,7.6,1.6,0.7,4.9,8.7,0,-1,→,2028-2033,5.42,瑞士签证官员：就业极其稳定,Switzerland Visa Officer / Immigration Officer: extremely stable employment,AI综合评估 + O*NET/ILO/OECD锚点校准
GOV-0905-SE-general,公共管理与公务员,GOV,情报安全,签证官员,Visa Officer / Immigration Officer,3351,33-3021.06,北欧,瑞典,SE,country,general,本科,22-30,global,4.9,5.1,3.9,9.0,5.4,5.4,3.7,3.4,6.1,6.0,9.6,7.6,7.7,7.3,6.0,4.7,4.4,2.1,5.1,5.7,3.1,4.7,6.6,5.6,1.5,7.0,7.1,7.6,1.2,7.1,2.1,0.5,5.1,8.4,0,0,→,2028-2033,5.48,瑞典签证官员：就业极其稳定,Sweden Visa Officer / Immigration Officer: extremely stable employment,AI综合评估 + O*NET/ILO/OECD锚点校准
GOV-0905-DK-general,公共管理与公务员,GOV,情报安全,签证官员,Visa Officer / Immigration Officer,3351,33-3021.06,北欧,丹麦,DK,country,general,本科,22-30,global,4.9,5.2,4.0,8.9,5.5,5.6,3.6,3.1,6.1,5.8,9.9,7.8,7.5,7.2,6.5,4.6,4.6,1.9,5.2,6.1,3.1,4.4,6.8,5.7,1.1,7.1,7.6,7.2,1.4,7.1,2.1,0.9,5.0,8.6,0,0,→,2028-2033,5.51,丹麦签证官员：就业极其稳定,Denmark Visa Officer / Immigration Officer: extremely stable employment,AI综合评估 + O*NET/ILO/OECD锚点校准
GOV-0905-FI-general,公共管理与公务员,GOV,情报安全,签证官员,Visa Officer / Immigration Officer,3351,33-3021.06,北欧,芬兰,FI,country,general,本科,22-30,global,5.0,5.3,4.0,8.8,5.2,5.4,3.7,3.4,5.7,5.3,9.6,7.8,7.4,7.0,6.2,4.8,4.3,1.9,5.4,5.8,2.7,4.4,6.7,5.3,1.4,7.2,7.4,7.7,1.4,7.2,1.6,0.5,4.7,8.4,0,0,→,2028-2033,5.42,芬兰签证官员：就业极其稳定,Finland Visa Officer / Immigration Officer: extremely stable employment,AI综合评估 + O*NET/ILO/OECD锚点校准
GOV-0905-IT-general,公共管理与公务员,GOV,情报安全,签证官员,Visa Officer / Immigration Officer,3351,33-3021.06,南欧,意大利,IT,country,general,本科,22-30,global,4.5,5.4,3.6,8.5,5.4,5.6,3.8,3.8,5.3,5.1,8.9,7.7,7.0,6.1,5.8,4.5,4.0,2.5,4.7,6.0,2.8,4.4,5.6,5.1,1.0,5.4,7.1,7.5,1.6,7.6,1.9,0.3,4.8,8.7,0,0,→,2028-2033,5.13,意大利签证官员：就业极其稳定,Italy Visa Officer / Immigration Officer: extremely stable employment,AI综合评估 + O*NET/ILO/OECD锚点校准
GOV-0905-ES-general,公共管理与公务员,GOV,情报安全,签证官员,Visa Officer / Immigration Officer,3351,33-3021.06,南欧,西班牙,ES,country,general,本科,22-30,global,4.7,5.3,3.8,9.0,5.2,5.3,4.5,3.6,5.4,5.1,8.9,7.6,7.1,6.5,6.0,4.8,3.8,2.6,4.9,6.4,2.7,4.1,6.0,5.2,1.3,6.2,6.8,7.5,1.6,8.0,1.7,0.7,4.5,8.6,0,0,→,2028-2033,5.21,西班牙签证官员：就业极其稳定，准入门槛高,"Spain Visa Officer / Immigration Officer: extremely stable employment, high entry barrier",AI综合评估 + O*NET/ILO/OECD锚点校准
GOV-0905-PT-general,公共管理与公务员,GOV,情报安全,签证官员,Visa Officer / Immigration Officer,3351,33-3021.06,南欧,葡萄牙,PT,country,general,本科,22-30,global,4.4,5.2,3.6,8.6,5.2,5.2,3.9,3.8,5.0,5.0,9.3,7.6,6.9,6.2,6.1,4.5,4.1,2.5,5.2,5.9,2.8,4.0,5.9,5.2,1.1,6.5,7.0,7.7,1.8,7.8,1.9,0.9,4.3,8.5,0,0,→,2028-2033,5.18,葡萄牙签证官员：就业极其稳定,Portugal Visa Officer / Immigration Officer: extremely stable employment,AI综合评估 + O*NET/ILO/OECD锚点校准
GOV-0905-PL-general,公共管理与公务员,GOV,情报安全,签证官员,Visa Officer / Immigration Officer,3351,33-3021.06,东欧,波兰,PL,country,general,本科,22-30,global,4.5,5.1,3.5,8.3,5.3,4.9,4.1,3.2,4.8,4.9,8.7,7.6,7.2,6.2,5.6,4.5,3.9,2.3,4.8,5.8,2.7,4.1,6.0,5.0,1.1,6.1,7.2,7.3,1.3,7.5,2.0,0.8,4.6,8.5,0,0,→,2028-2033,5.08,波兰签证官员：就业极其稳定,Poland Visa Officer / Immigration Officer: extremely stable employment,AI综合评估 + O*NET/ILO/OECD锚点校准
GOV-0905-CZ-general,公共管理与公务员,GOV,情报安全,签证官员,Visa Officer / Immigration Officer,3351,33-3021.06,东欧,捷克,CZ,country,general,本科,22-30,global,4.4,5.1,3.4,8.8,5.1,5.1,3.7,3.6,5.3,5.5,9.1,7.6,7.3,6.6,5.9,4.8,4.3,2.6,5.2,5.6,2.8,4.1,6.2,5.1,1.2,6.1,7.4,7.4,1.4,7.4,1.9,0.7,4.4,8.7,0,0,→,2028-2033,5.22,捷克签证官员：就业极其稳定,Czech Republic Visa Officer / Immigration Officer: extremely stable employment,AI综合评估 + O*NET/ILO/OECD锚点校准
GOV-0905-RU-general,公共管理与公务员,GOV,情报安全,签证官员,Visa Officer / Immigration Officer,3351,33-3021.06,东欧,俄罗斯,RU,country,general,本科,22-30,global,4.6,4.9,3.9,8.7,5.4,5.8,3.4,3.2,4.3,4.6,8.4,7.5,7.1,6.1,5.4,4.7,4.1,2.8,5.2,6.0,2.7,3.9,5.5,4.6,0.9,5.5,7.1,7.5,1.3,7.3,1.8,0.5,4.4,8.5,0,1,→,2028-2033,5.01,俄罗斯签证官员：就业稳定,Russia Visa Officer / Immigration Officer: stable employment,AI综合评估 + O*NET/ILO/OECD锚点校准
GOV-0905-US-general,公共管理与公务员,GOV,情报安全,签证官员,Visa Officer / Immigration Officer,3351,33-3021.06,北美,美国,US,country,general,本科,22-30,global,5.0,5.0,3.6,8.6,4.8,4.7,4.1,3.7,5.6,5.3,9.2,7.5,6.7,6.0,5.7,4.8,4.2,2.4,5.0,6.4,2.4,4.3,5.4,4.9,1.0,6.4,6.9,7.6,1.4,7.7,1.9,0.4,4.5,8.3,0,0,→,2028-2033,5.16,美国签证官员：就业极其稳定,United States Visa Officer / Immigration Officer: extremely stable employment,AI综合评估 + O*NET/ILO/OECD锚点校准
GOV-0905-CA-general,公共管理与公务员,GOV,情报安全,签证官员,Visa Officer / Immigration Officer,3351,33-3021.06,北美,加拿大,CA,country,general,本科,22-30,global,4.9,5.4,3.4,8.7,4.7,4.7,4.1,3.2,6.3,6.1,9.3,7.8,7.4,6.3,5.8,4.9,3.9,2.0,4.9,6.1,2.5,4.7,6.4,5.5,0.9,6.5,7.0,7.4,1.4,7.3,2.0,1.0,5.0,8.3,0,0,→,2028-2033,5.32,加拿大签证官员：就业极其稳定,Canada Visa Officer / Immigration Officer: extremely stable employment,AI综合评估 + O*NET/ILO/OECD锚点校准
GOV-0905-MX-general,公共管理与公务员,GOV,情报安全,签证官员,Visa Officer / Immigration Officer,3351,33-3021.06,北美,墨西哥,MX,country,general,本科,22-30,global,4.7,4.7,3.5,8.4,5.4,5.2,3.7,3.5,4.5,4.7,7.6,7.4,6.8,5.7,5.7,4.5,3.9,2.7,5.1,5.2,2.1,3.9,5.5,4.9,1.0,5.1,6.9,7.5,1.2,7.2,2.0,0.1,4.2,8.5,0,0,→,2028-2033,4.9,墨西哥签证官员：就业稳定,Mexico Visa Officer / Immigration Officer: stable employment,AI综合评估 + O*NET/ILO/OECD锚点校准
GOV-0905-BR-general,公共管理与公务员,GOV,情报安全,签证官员,Visa Officer / Immigration Officer,3351,33-3021.06,南美,巴西,BR,country,general,本科,22-30,global,4.2,5.0,3.9,8.4,5.1,5.7,4.1,3.5,5.1,5.3,8.2,7.5,7.2,5.9,5.4,4.6,3.7,2.5,5.0,6.6,2.7,3.9,5.6,4.6,0.9,5.2,7.1,7.5,1.3,7.9,1.7,0.2,4.3,8.6,0,1,→,2028-2033,5.08,巴西签证官员：就业稳定,Brazil Visa Officer / Immigration Officer: stable employment,AI综合评估 + O*NET/ILO/OECD锚点校准
GOV-0905-AR-general,公共管理与公务员,GOV,情报安全,签证官员,Visa Officer / Immigration Officer,3351,33-3021.06,南美,阿根廷,AR,country,general,本科,22-30,global,4.5,4.8,3.4,8.2,5.4,5.3,3.8,3.5,4.4,4.7,7.9,7.4,7.0,5.6,5.6,4.6,4.1,2.4,4.9,5.3,2.4,4.1,5.3,5.1,0.9,5.4,6.7,7.6,1.2,7.4,2.1,0.5,4.6,8.7,-1,1,→,2028-2033,4.95,阿根廷签证官员：就业稳定,Argentina Visa Officer / Immigration Officer: stable employment,AI综合评估 + O*NET/ILO/OECD锚点校准
GOV-0905-CL-general,公共管理与公务员,GOV,情报安全,签证官员,Visa Officer / Immigration Officer,3351,33-3021.06,南美,智利,CL,country,general,本科,22-30,global,4.8,4.8,3.2,8.4,4.5,4.5,3.6,3.2,4.9,5.2,9.0,7.5,6.8,6.2,5.7,4.7,4.1,2.4,4.8,5.6,2.7,4.4,5.6,5.1,1.1,5.3,7.3,7.3,1.2,7.3,2.3,0.7,4.2,8.2,0,0,→,2028-2033,5.02,智利签证官员：就业极其稳定,Chile Visa Officer / Immigration Officer: extremely stable employment,AI综合评估 + O*NET/ILO/OECD锚点校准
GOV-0905-CO-general,公共管理与公务员,GOV,情报安全,签证官员,Visa Officer / Immigration Officer,3351,33-3021.06,南美,哥伦比亚,CO,country,general,本科,22-30,global,4.4,5.0,3.4,8.3,5.3,5.1,3.6,3.4,4.7,4.5,7.9,7.4,6.7,6.0,5.5,4.4,3.6,2.7,4.8,5.4,2.6,3.6,5.5,4.6,0.8,5.4,7.0,7.7,1.4,7.5,2.0,0.1,4.0,8.7,0,0,→,2028-2033,4.85,哥伦比亚签证官员：就业稳定,Colombia Visa Officer / Immigration Officer: stable employment,AI综合评估 + O*NET/ILO/OECD锚点校准
GOV-0905-AU-general,公共管理与公务员,GOV,情报安全,签证官员,Visa Officer / Immigration Officer,3351,33-3021.06,大洋洲,澳大利亚,AU,country,general,本科,22-30,global,4.7,4.9,3.6,9.2,5.2,4.8,3.6,3.6,6.1,5.9,9.7,7.6,7.1,6.6,5.9,4.8,4.2,2.1,4.9,5.9,2.9,4.5,6.0,5.6,1.3,6.7,7.3,7.4,1.3,7.5,2.1,0.9,5.0,8.6,0,0,→,2028-2033,5.38,澳大利亚签证官员：就业极其稳定,Australia Visa Officer / Immigration Officer: extremely stable employment,AI综合评估 + O*NET/ILO/OECD锚点校准
GOV-0905-NZ-general,公共管理与公务员,GOV,情报安全,签证官员,Visa Officer / Immigration Officer,3351,33-3021.06,大洋洲,新西兰,NZ,country,general,本科,22-30,global,4.5,5.1,3.5,9.1,4.8,4.7,3.8,3.4,5.9,5.7,9.8,7.8,7.7,7.1,5.8,4.5,4.3,1.9,5.1,6.2,2.5,4.9,6.4,5.3,1.1,6.6,7.5,7.5,1.4,7.0,1.6,0.9,4.9,8.6,0,0,→,2028-2033,5.42,新西兰签证官员：就业极其稳定,New Zealand Visa Officer / Immigration Officer: extremely stable employment,AI综合评估 + O*NET/ILO/OECD锚点校准
GOV-0905-ZA-general,公共管理与公务员,GOV,情报安全,签证官员,Visa Officer / Immigration Officer,3351,33-3021.06,非洲,南非,ZA,country,general,本科,22-30,global,4.3,4.9,3.4,8.4,5.2,5.4,4.0,3.2,4.7,4.8,7.8,7.5,7.1,5.7,5.4,4.5,3.9,2.6,4.8,5.7,2.3,4.0,5.1,4.6,0.7,5.7,7.0,7.8,1.4,7.0,2.2,0.5,4.3,8.4,0,0,→,2028-2033,4.93,南非签证官员：就业稳定,South Africa Visa Officer / Immigration Officer: stable employment,AI综合评估 + O*NET/ILO/OECD锚点校准
GOV-0905-NG-general,公共管理与公务员,GOV,情报安全,签证官员,Visa Officer / Immigration Officer,3351,33-3021.06,非洲,尼日利亚,NG,country,general,本科,22-30,global,4.5,4.6,3.6,8.1,5.5,5.2,3.6,3.4,4.0,4.5,7.7,7.4,6.9,5.6,5.3,4.3,3.9,2.9,5.0,5.4,2.6,3.6,5.1,4.6,0.7,4.7,6.9,7.5,1.2,7.3,2.3,0.1,4.2,8.6,-1,0,→,2028-2033,4.8,尼日利亚签证官员：就业稳定，薪资水平偏低,"Nigeria Visa Officer / Immigration Officer: stable employment, relatively low pay",AI综合评估 + O*NET/ILO/OECD锚点校准
GOV-0905-KE-general,公共管理与公务员,GOV,情报安全,签证官员,Visa Officer / Immigration Officer,3351,33-3021.06,非洲,肯尼亚,KE,country,general,本科,22-30,global,4.2,4.8,3.4,8.0,5.1,5.2,3.5,3.0,4.3,4.4,7.8,7.5,6.7,5.4,5.0,4.4,4.1,2.9,5.1,5.6,2.4,3.5,5.4,4.5,0.8,5.0,6.6,7.5,1.8,7.0,2.0,0.1,4.3,8.8,-1,0,→,2028-2033,4.78,肯尼亚签证官员：就业稳定,Kenya Visa Officer / Immigration Officer: stable employment,AI综合评估 + O*NET/ILO/OECD锚点校准
GOV-0905-EG-general,公共管理与公务员,GOV,情报安全,签证官员,Visa Officer / Immigration Officer,3351,33-3021.06,非洲,埃及,EG,country,general,本科,22-30,global,4.3,5.0,3.8,8.5,5.4,5.8,3.8,3.4,4.2,4.4,7.9,7.5,6.9,5.9,5.4,4.4,4.0,2.9,5.1,5.8,2.2,3.6,5.1,5.0,0.7,4.8,6.7,7.7,1.6,7.7,1.8,0.5,4.3,8.5,0,1,→,2028-2033,4.89,埃及签证官员：就业稳定,Egypt Visa Officer / Immigration Officer: stable employment,AI综合评估 + O*NET/ILO/OECD锚点校准
GOV-0906-CN-general,公共管理与公务员,GOV,情报安全,环境保护执法员,Environmental Enforcement Officer,3355,33-9032.00,东亚,中国,CN,country,general,本科,22-28,global,5.2,6.0,5.5,8.2,4.9,5.4,5.1,4.3,5.4,5.5,8.9,7.1,5.2,5.1,4.9,4.9,4.6,2.1,6.4,6.8,2.0,5.0,4.9,7.1,1.9,5.7,6.3,6.5,4.1,7.6,1.5,1.8,3.1,7.5,2,3,↑,2032-2038,5.3,中国环境保护执法员：就业极其稳定，无法远程办公，近年需求增长,"China Environmental Enforcement Officer: extremely stable employment, no remote work possible, growing demand",AI综合评估 + O*NET/ILO/OECD锚点校准
GOV-0906-JP-general,公共管理与公务员,GOV,情报安全,环境保护执法员,Environmental Enforcement Officer,3355,33-9032.00,东亚,日本,JP,country,general,本科,22-28,global,5.2,5.9,5.3,8.9,4.3,4.3,5.1,4.1,5.8,5.7,9.2,7.1,5.6,5.6,5.3,5.3,4.5,1.6,6.0,6.9,1.8,5.0,5.2,6.9,2.2,5.1,6.7,6.6,4.3,7.4,1.8,1.7,3.2,7.6,2,2,↑,2032-2038,5.36,日本环境保护执法员：就业极其稳定，无法远程办公,"Japan Environmental Enforcement Officer: extremely stable employment, no remote work possible",AI综合评估 + O*NET/ILO/OECD锚点校准
GOV-0906-KR-general,公共管理与公务员,GOV,情报安全,环境保护执法员,Environmental Enforcement Officer,3355,33-9032.00,东亚,韩国,KR,country,general,本科,22-28,global,5.1,5.7,5.0,8.3,4.5,4.3,5.0,4.7,5.9,5.5,8.9,7.0,5.1,5.5,5.2,5.5,4.5,1.9,6.1,6.7,2.0,5.3,4.9,7.4,2.2,5.1,6.7,6.3,4.2,7.8,1.7,1.5,3.2,7.4,2,2,↑,2032-2038,5.33,韩国环境保护执法员：就业极其稳定，无法远程办公,"South Korea Environmental Enforcement Officer: extremely stable employment, no remote work possible",AI综合评估 + O*NET/ILO/OECD锚点校准
GOV-0906-TW-general,公共管理与公务员,GOV,情报安全,环境保护执法员,Environmental Enforcement Officer,3355,33-9032.00,东亚,中国台湾地区,TW,region,general,本科,22-28,global,5.3,6.0,5.1,8.1,4.3,3.6,5.0,4.0,5.1,5.3,8.9,7.1,5.4,5.6,5.2,4.9,4.8,1.8,6.0,6.8,1.7,5.2,5.6,7.1,2.2,5.6,6.2,6.3,3.9,7.3,1.9,1.6,3.5,7.7,2,2,↑,2032-2038,5.24,中国台湾地区环境保护执法员：就业极其稳定，无法远程办公,"Taiwan (China) Environmental Enforcement Officer: extremely stable employment, no remote work possible",AI综合评估 + O*NET/ILO/OECD锚点校准
GOV-0906-HK-general,公共管理与公务员,GOV,情报安全,环境保护执法员,Environmental Enforcement Officer,3355,33-9032.00,东亚,中国香港地区,HK,region,general,本科,22-28,global,5.1,5.7,4.7,8.2,4.5,3.4,4.8,4.0,6.1,5.4,8.5,7.1,5.2,5.3,5.4,5.4,4.4,1.6,6.4,6.3,2.2,5.3,4.9,7.0,2.2,5.9,6.5,6.4,3.8,7.3,1.9,1.9,3.8,7.6,2,2,↑,2032-2038,5.32,中国香港地区环境保护执法员：就业极其稳定,Hong Kong (China) Environmental Enforcement Officer: extremely stable employment,AI综合评估 + O*NET/ILO/OECD锚点校准
GOV-0906-SG-general,公共管理与公务员,GOV,情报安全,环境保护执法员,Environmental Enforcement Officer,3355,33-9032.00,东南亚,新加坡,SG,country,general,本科,22-28,global,5.3,5.5,4.9,8.8,4.4,3.3,4.7,4.0,6.9,6.0,9.9,7.3,5.5,5.6,5.4,5.3,4.5,1.4,6.2,6.8,1.9,5.5,5.2,7.7,2.0,6.2,6.3,6.8,4.1,7.4,1.9,1.8,3.7,7.1,2,1,→,2032-2038,5.52,新加坡环境保护执法员：就业极其稳定，无法远程办公,"Singapore Environmental Enforcement Officer: extremely stable employment, no remote work possible",AI综合评估 + O*NET/ILO/OECD锚点校准
GOV-0906-TH-general,公共管理与公务员,GOV,情报安全,环境保护执法员,Environmental Enforcement Officer,3355,33-9032.00,东南亚,泰国,TH,country,general,本科,22-28,global,4.7,5.7,5.1,8.2,4.7,4.6,4.4,3.7,4.4,4.6,7.9,7.0,5.7,6.2,5.7,5.2,4.4,1.9,5.9,5.7,2.1,4.9,5.2,6.7,2.0,5.4,6.7,6.7,4.1,6.7,2.0,1.5,3.6,7.5,2,2,↑,2028-2033,5.15,泰国环境保护执法员：就业稳定,Thailand Environmental Enforcement Officer: stable employment,AI综合评估 + O*NET/ILO/OECD锚点校准
GOV-0906-VN-general,公共管理与公务员,GOV,情报安全,环境保护执法员,Environmental Enforcement Officer,3355,33-9032.00,东南亚,越南,VN,country,general,本科,22-28,global,5.3,5.7,5.6,8.4,4.9,4.6,4.7,3.9,4.3,4.7,8.2,7.2,5.5,6.0,5.6,5.2,4.6,2.0,5.9,5.9,2.1,5.0,5.6,6.9,1.7,5.6,6.6,6.5,3.8,7.3,1.9,1.4,3.4,7.4,2,3,↑,2028-2033,5.2,越南环境保护执法员：就业稳定，近年需求增长,"Vietnam Environmental Enforcement Officer: stable employment, growing demand",AI综合评估 + O*NET/ILO/OECD锚点校准
GOV-0906-ID-general,公共管理与公务员,GOV,情报安全,环境保护执法员,Environmental Enforcement Officer,3355,33-9032.00,东南亚,印度尼西亚,ID,country,general,本科,22-28,global,4.8,5.6,5.1,7.9,4.9,4.4,4.2,3.8,4.5,4.9,7.8,7.1,5.6,6.1,5.5,5.0,4.5,2.3,6.3,5.8,2.1,5.0,5.1,6.9,2.0,5.5,6.1,6.6,3.8,7.1,1.8,1.5,3.1,7.6,2,2,↑,2032-2038,5.12,印度尼西亚环境保护执法员：就业稳定,Indonesia Environmental Enforcement Officer: stable employment,AI综合评估 + O*NET/ILO/OECD锚点校准
GOV-0906-MY-general,公共管理与公务员,GOV,情报安全,环境保护执法员,Environmental Enforcement Officer,3355,33-9032.00,东南亚,马来西亚,MY,country,general,本科,22-28,global,5.3,5.7,4.9,8.5,4.8,4.0,4.4,3.9,5.0,5.2,8.5,7.1,5.4,5.8,5.3,4.9,4.4,2.0,6.2,6.2,2.1,5.1,5.3,6.7,2.0,5.5,6.4,6.6,4.0,6.7,1.7,1.5,3.7,7.5,2,2,↑,2032-2038,5.21,马来西亚环境保护执法员：就业极其稳定,Malaysia Environmental Enforcement Officer: extremely stable employment,AI综合评估 + O*NET/ILO/OECD锚点校准
GOV-0906-PH-general,公共管理与公务员,GOV,情报安全,环境保护执法员,Environmental Enforcement Officer,3355,33-9032.00,东南亚,菲律宾,PH,country,general,本科,22-28,global,4.8,5.4,4.8,7.8,4.7,4.2,4.0,4.0,4.5,4.3,7.7,7.0,5.7,5.8,5.5,5.2,4.6,2.2,5.7,5.7,1.7,4.9,5.2,6.6,1.9,6.1,6.6,6.7,4.0,6.9,2.3,1.3,3.2,7.4,2,2,↑,2028-2033,5.04,菲律宾环境保护执法员：就业稳定，无法远程办公,"Philippines Environmental Enforcement Officer: stable employment, no remote work possible",AI综合评估 + O*NET/ILO/OECD锚点校准
GOV-0906-IN-general,公共管理与公务员,GOV,情报安全,环境保护执法员,Environmental Enforcement Officer,3355,33-9032.00,南亚,印度,IN,country,general,本科,22-28,global,5.2,5.5,5.2,8.4,5.0,4.6,5.2,4.3,5.0,5.4,8.3,7.1,5.1,5.5,5.4,5.1,4.2,2.1,5.8,6.8,2.1,4.9,5.3,6.9,2.1,5.2,6.2,6.3,4.0,7.6,1.6,1.5,3.3,7.4,2,3,↑,2028-2033,5.23,印度环境保护执法员：就业稳定，近年需求增长,"India Environmental Enforcement Officer: stable employment, growing demand",AI综合评估 + O*NET/ILO/OECD锚点校准
GOV-0906-PK-general,公共管理与公务员,GOV,情报安全,环境保护执法员,Environmental Enforcement Officer,3355,33-9032.00,南亚,巴基斯坦,PK,country,general,本科,22-28,global,4.8,5.2,5.3,8.1,4.9,4.2,4.3,4.0,4.3,4.3,7.2,6.9,5.4,5.6,5.2,5.2,4.0,2.4,6.0,6.0,1.5,4.6,4.8,6.7,2.0,4.3,6.4,6.7,4.2,7.0,2.2,1.5,3.0,7.8,2,2,↑,2032-2038,4.96,巴基斯坦环境保护执法员：无法远程办公,Pakistan Environmental Enforcement Officer: no remote work possible,AI综合评估 + O*NET/ILO/OECD锚点校准
GOV-0906-BD-general,公共管理与公务员,GOV,情报安全,环境保护执法员,Environmental Enforcement Officer,3355,33-9032.00,南亚,孟加拉国,BD,country,general,本科,22-28,global,4.8,5.7,5.2,7.7,4.7,4.1,4.3,4.3,3.9,4.3,7.6,7.0,5.3,5.4,5.2,4.8,4.2,2.3,5.8,6.0,1.7,4.3,5.2,6.8,2.1,4.8,6.4,6.8,3.8,7.2,2.1,1.6,3.1,7.4,2,2,↑,2028-2033,4.95,孟加拉国环境保护执法员：就业稳定，薪资水平偏低，无法远程办公,"Bangladesh Environmental Enforcement Officer: stable employment, relatively low pay, no remote work possible",AI综合评估 + O*NET/ILO/OECD锚点校准
GOV-0906-AE-general,公共管理与公务员,GOV,情报安全,环境保护执法员,Environmental Enforcement Officer,3355,33-9032.00,中亚/西亚,阿联酋,AE,country,general,本科,22-28,global,4.8,5.6,5.4,8.7,4.7,4.4,3.8,3.7,6.3,6.2,8.9,7.3,5.1,5.6,5.6,5.2,4.7,1.9,6.0,6.2,2.1,5.1,5.3,7.3,2.3,5.1,6.2,6.7,4.1,6.5,1.9,1.4,4.0,7.5,2,2,↑,2032-2038,5.39,阿联酋环境保护执法员：就业极其稳定,United Arab Emirates Environmental Enforcement Officer: extremely stable employment,AI综合评估 + O*NET/ILO/OECD锚点校准
GOV-0906-IL-general,公共管理与公务员,GOV,情报安全,环境保护执法员,Environmental Enforcement Officer,3355,33-9032.00,中亚/西亚,以色列,IL,country,general,本科,22-28,global,5.3,5.4,5.1,8.1,4.8,3.8,4.2,4.1,5.4,5.6,8.2,7.0,5.8,6.1,5.3,5.2,4.3,1.8,5.8,6.0,2.3,5.0,5.6,7.3,2.1,6.4,6.5,6.6,3.9,6.7,2.2,1.5,3.8,7.7,2,2,↑,2028-2033,5.28,以色列环境保护执法员：就业稳定,Israel Environmental Enforcement Officer: stable employment,AI综合评估 + O*NET/ILO/OECD锚点校准
GOV-0906-SA-general,公共管理与公务员,GOV,情报安全,环境保护执法员,Environmental Enforcement Officer,3355,33-9032.00,中亚/西亚,沙特阿拉伯,SA,country,general,本科,22-28,global,5.2,5.4,5.4,8.1,4.9,5.0,4.0,3.6,6.1,5.6,8.6,7.2,5.1,5.7,5.1,4.7,4.3,1.9,6.1,5.6,1.7,4.7,5.1,6.8,2.1,4.4,6.6,6.3,3.8,6.8,1.7,1.7,3.2,7.4,2,3,↑,2032-2038,5.21,沙特阿拉伯环境保护执法员：就业极其稳定，无法远程办公，近年需求增长,"Saudi Arabia Environmental Enforcement Officer: extremely stable employment, no remote work possible, growing demand",AI综合评估 + O*NET/ILO/OECD锚点校准
GOV-0906-TR-general,公共管理与公务员,GOV,情报安全,环境保护执法员,Environmental Enforcement Officer,3355,33-9032.00,中亚/西亚,土耳其,TR,country,general,本科,22-28,global,5.3,5.5,5.1,7.9,5.0,4.6,4.6,4.3,4.4,4.6,7.7,7.0,5.3,5.4,5.1,5.3,4.4,2.0,5.8,6.4,1.8,5.0,5.2,6.8,2.2,5.1,6.1,6.5,3.7,7.4,2.1,1.7,3.6,7.4,2,2,↑,2028-2033,5.1,土耳其环境保护执法员：就业稳定，无法远程办公,"Turkey Environmental Enforcement Officer: stable employment, no remote work possible",AI综合评估 + O*NET/ILO/OECD锚点校准
GOV-0906-GB-general,公共管理与公务员,GOV,情报安全,环境保护执法员,Environmental Enforcement Officer,3355,33-9032.00,西欧,英国,GB,country,general,本科,22-28,global,5.0,5.6,4.9,8.4,4.3,3.6,4.8,4.0,5.7,5.7,8.8,7.1,6.0,6.7,6.1,5.3,5.0,1.7,6.0,6.4,2.2,5.6,6.0,7.1,2.3,6.1,6.7,6.4,4.3,6.8,1.6,1.5,3.8,7.5,2,2,↑,2032-2038,5.46,英国环境保护执法员：就业极其稳定,United Kingdom Environmental Enforcement Officer: extremely stable employment,AI综合评估 + O*NET/ILO/OECD锚点校准
GOV-0906-FR-general,公共管理与公务员,GOV,情报安全,环境保护执法员,Environmental Enforcement Officer,3355,33-9032.00,西欧,法国,FR,country,general,本科,22-28,global,5.1,5.7,5.2,8.2,5.1,4.8,4.6,4.1,5.5,5.3,9.0,7.3,5.9,6.9,6.3,5.5,4.8,1.8,6.3,6.4,2.4,5.1,6.1,7.4,2.3,6.0,6.6,6.2,3.9,7.2,1.8,1.5,4.0,7.4,2,3,↑,2032-2038,5.51,法国环境保护执法员：就业极其稳定，近年需求增长,"France Environmental Enforcement Officer: extremely stable employment, growing demand",AI综合评估 + O*NET/ILO/OECD锚点校准
GOV-0906-DE-general,公共管理与公务员,GOV,情报安全,环境保护执法员,Environmental Enforcement Officer,3355,33-9032.00,西欧,德国,DE,country,general,本科,22-28,global,5.3,5.7,5.5,8.5,4.4,3.9,4.7,4.0,5.9,5.8,9.0,7.2,6.3,6.9,6.3,5.2,4.7,1.8,6.2,6.5,2.3,5.7,6.6,7.3,2.2,6.3,6.5,6.3,4.3,7.1,1.7,1.7,3.9,7.5,2,2,↑,2032-2038,5.55,德国环境保护执法员：就业极其稳定,Germany Environmental Enforcement Officer: extremely stable employment,AI综合评估 + O*NET/ILO/OECD锚点校准
GOV-0906-NL-general,公共管理与公务员,GOV,情报安全,环境保护执法员,Environmental Enforcement Officer,3355,33-9032.00,西欧,荷兰,NL,country,general,本科,22-28,global,5.3,5.7,4.9,8.2,4.2,3.6,4.6,4.2,5.8,5.9,9.3,7.3,6.0,7.1,6.0,5.0,4.6,1.7,6.0,6.0,2.6,5.6,6.7,7.4,1.8,6.8,6.7,6.3,4.0,6.8,2.1,1.6,4.0,7.8,2,2,↑,2032-2038,5.5,荷兰环境保护执法员：就业极其稳定,Netherlands Environmental Enforcement Officer: extremely stable employment,AI综合评估 + O*NET/ILO/OECD锚点校准
GOV-0906-CH-general,公共管理与公务员,GOV,情报安全,环境保护执法员,Environmental Enforcement Officer,3355,33-9032.00,西欧,瑞士,CH,country,general,本科,22-28,global,4.9,5.6,4.7,8.6,4.3,3.5,4.5,4.1,6.4,6.3,9.8,7.2,6.0,6.9,6.1,5.0,4.8,1.5,6.1,6.0,2.2,5.4,6.6,7.5,1.9,6.2,6.5,6.6,3.9,6.9,1.9,1.9,3.9,7.3,2,1,→,2032-2038,5.58,瑞士环境保护执法员：就业极其稳定,Switzerland Environmental Enforcement Officer: extremely stable employment,AI综合评估 + O*NET/ILO/OECD锚点校准
GOV-0906-SE-general,公共管理与公务员,GOV,情报安全,环境保护执法员,Environmental Enforcement Officer,3355,33-9032.00,北欧,瑞典,SE,country,general,本科,22-28,global,4.9,5.4,5.2,8.6,4.9,4.2,4.4,3.8,5.6,5.5,9.3,7.2,5.9,7.1,6.2,5.5,4.7,1.7,5.8,6.2,2.5,5.5,6.9,7.4,2.3,7.3,7.2,6.3,4.2,6.8,1.9,1.4,4.0,7.8,2,2,↑,2028-2033,5.57,瑞典环境保护执法员：就业极其稳定,Sweden Environmental Enforcement Officer: extremely stable employment,AI综合评估 + O*NET/ILO/OECD锚点校准
GOV-0906-DK-general,公共管理与公务员,GOV,情报安全,环境保护执法员,Environmental Enforcement Officer,3355,33-9032.00,北欧,丹麦,DK,country,general,本科,22-28,global,5.0,5.3,5.0,8.7,4.9,4.4,4.4,4.0,6.0,5.9,9.3,7.2,5.9,6.8,6.2,5.1,5.0,1.7,6.1,5.7,2.7,5.4,6.5,7.3,2.0,7.1,6.6,6.4,4.0,6.6,1.6,1.6,3.7,7.9,2,2,↑,2032-2038,5.57,丹麦环境保护执法员：就业极其稳定,Denmark Environmental Enforcement Officer: extremely stable employment,AI综合评估 + O*NET/ILO/OECD锚点校准
GOV-0906-FI-general,公共管理与公务员,GOV,情报安全,环境保护执法员,Environmental Enforcement Officer,3355,33-9032.00,北欧,芬兰,FI,country,general,本科,22-28,global,5.0,5.5,5.1,8.3,4.7,4.4,4.4,3.6,5.6,5.4,9.4,7.2,6.2,7.3,6.4,5.3,4.9,1.8,6.0,6.0,2.4,5.7,6.4,7.2,2.0,7.3,7.1,6.7,4.1,6.6,1.6,1.8,4.0,7.5,2,2,↑,2032-2038,5.56,芬兰环境保护执法员：就业极其稳定,Finland Environmental Enforcement Officer: extremely stable employment,AI综合评估 + O*NET/ILO/OECD锚点校准
GOV-0906-IT-general,公共管理与公务员,GOV,情报安全,环境保护执法员,Environmental Enforcement Officer,3355,33-9032.00,南欧,意大利,IT,country,general,本科,22-28,global,5.1,5.9,5.0,8.2,5.0,4.5,4.5,3.8,5.2,5.3,8.6,7.1,5.6,6.3,5.6,5.0,4.3,2.1,6.1,5.9,2.4,5.4,5.6,7.3,1.7,5.3,6.8,6.4,3.9,7.3,2.0,1.7,3.6,7.3,2,2,↑,2032-2038,5.28,意大利环境保护执法员：就业极其稳定,Italy Environmental Enforcement Officer: extremely stable employment,AI综合评估 + O*NET/ILO/OECD锚点校准
GOV-0906-ES-general,公共管理与公务员,GOV,情报安全,环境保护执法员,Environmental Enforcement Officer,3355,33-9032.00,南欧,西班牙,ES,country,general,本科,22-28,global,5.2,5.5,5.1,8.4,4.7,4.3,4.8,4.4,4.9,5.0,8.4,7.1,5.4,6.3,5.8,4.8,4.7,1.8,5.9,6.2,2.2,5.4,5.8,7.2,2.0,5.8,6.5,6.5,3.7,7.4,1.8,1.7,3.4,7.2,2,2,↑,2028-2033,5.32,西班牙环境保护执法员：就业稳定,Spain Environmental Enforcement Officer: stable employment,AI综合评估 + O*NET/ILO/OECD锚点校准
GOV-0906-PT-general,公共管理与公务员,GOV,情报安全,环境保护执法员,Environmental Enforcement Officer,3355,33-9032.00,南欧,葡萄牙,PT,country,general,本科,22-28,global,5.0,5.8,5.0,7.9,4.3,3.9,4.8,4.1,4.7,5.2,8.6,7.2,5.9,6.5,5.9,5.1,4.8,2.1,6.0,6.1,1.8,5.3,5.7,7.2,2.0,6.1,6.6,6.7,4.2,7.0,1.7,1.4,3.7,7.4,2,2,↑,2032-2038,5.29,葡萄牙环境保护执法员：就业极其稳定，无法远程办公,"Portugal Environmental Enforcement Officer: extremely stable employment, no remote work possible",AI综合评估 + O*NET/ILO/OECD锚点校准
GOV-0906-PL-general,公共管理与公务员,GOV,情报安全,环境保护执法员,Environmental Enforcement Officer,3355,33-9032.00,东欧,波兰,PL,country,general,本科,22-28,global,4.9,5.4,4.7,8.3,4.4,4.0,4.2,3.8,4.8,4.8,8.0,7.0,5.9,6.3,5.8,5.3,4.5,1.9,5.9,6.1,1.9,4.9,5.9,6.9,2.2,5.8,6.6,6.4,4.0,6.8,2.3,1.5,3.4,7.6,2,2,↑,2028-2033,5.19,波兰环境保护执法员：就业稳定，无法远程办公,"Poland Environmental Enforcement Officer: stable employment, no remote work possible",AI综合评估 + O*NET/ILO/OECD锚点校准
GOV-0906-CZ-general,公共管理与公务员,GOV,情报安全,环境保护执法员,Environmental Enforcement Officer,3355,33-9032.00,东欧,捷克,CZ,country,general,本科,22-28,global,5.1,5.6,5.0,8.3,4.5,4.0,4.2,3.7,4.7,5.4,9.0,7.0,5.8,6.6,6.0,5.4,4.6,1.9,6.2,5.6,1.9,5.1,6.1,7.2,1.9,6.1,6.7,6.8,3.7,6.6,1.7,1.8,3.5,7.5,2,2,↑,2032-2038,5.33,捷克环境保护执法员：就业极其稳定，无法远程办公,"Czech Republic Environmental Enforcement Officer: extremely stable employment, no remote work possible",AI综合评估 + O*NET/ILO/OECD锚点校准
GOV-0906-RU-general,公共管理与公务员,GOV,情报安全,环境保护执法员,Environmental Enforcement Officer,3355,33-9032.00,东欧,俄罗斯,RU,country,general,本科,22-28,global,5.0,5.7,5.5,8.1,5.0,4.7,4.2,4.1,4.7,4.7,7.7,7.0,5.7,5.6,5.3,5.1,4.6,2.2,5.9,5.5,1.8,4.6,5.3,6.7,1.9,5.7,6.2,6.5,4.3,6.6,1.7,1.2,3.4,7.8,2,3,↑,2028-2033,5.1,俄罗斯环境保护执法员：就业稳定，无法远程办公，近年需求增长,"Russia Environmental Enforcement Officer: stable employment, no remote work possible, growing demand",AI综合评估 + O*NET/ILO/OECD锚点校准
GOV-0906-US-general,公共管理与公务员,GOV,情报安全,环境保护执法员,Environmental Enforcement Officer,3355,33-9032.00,北美,美国,US,country,general,本科,22-28,global,5.0,5.4,4.9,8.5,4.1,3.3,4.8,4.2,5.8,5.5,8.6,7.1,5.6,6.3,5.3,5.3,4.9,1.6,6.3,6.0,1.9,5.3,5.4,7.4,2.2,6.6,6.2,6.3,4.0,6.8,1.7,1.3,3.8,7.3,2,2,↑,2032-2038,5.39,美国环境保护执法员：就业极其稳定，无法远程办公,"United States Environmental Enforcement Officer: extremely stable employment, no remote work possible",AI综合评估 + O*NET/ILO/OECD锚点校准
GOV-0906-CA-general,公共管理与公务员,GOV,情报安全,环境保护执法员,Environmental Enforcement Officer,3355,33-9032.00,北美,加拿大,CA,country,general,本科,22-28,global,5.2,5.7,5.3,8.2,4.4,3.8,4.7,3.9,5.8,5.5,8.9,7.1,5.8,6.7,5.8,5.2,4.9,1.8,6.0,6.0,1.9,5.5,6.1,7.2,2.1,6.9,6.7,6.6,3.7,6.8,2.2,1.8,3.6,7.4,2,2,↑,2032-2038,5.43,加拿大环境保护执法员：就业极其稳定，无法远程办公,"Canada Environmental Enforcement Officer: extremely stable employment, no remote work possible",AI综合评估 + O*NET/ILO/OECD锚点校准
GOV-0906-MX-general,公共管理与公务员,GOV,情报安全,环境保护执法员,Environmental Enforcement Officer,3355,33-9032.00,北美,墨西哥,MX,country,general,本科,22-28,global,4.9,5.7,4.9,7.8,4.5,4.3,4.0,4.0,4.4,4.7,7.4,7.0,5.5,5.7,5.6,5.1,4.5,2.1,5.9,5.4,2.0,4.6,5.2,6.5,1.7,5.4,6.3,6.3,4.3,6.6,2.0,1.2,3.3,7.5,2,2,↑,2028-2033,5.0,墨西哥环境保护执法员：无法远程办公,Mexico Environmental Enforcement Officer: no remote work possible,AI综合评估 + O*NET/ILO/OECD锚点校准
GOV-0906-BR-general,公共管理与公务员,GOV,情报安全,环境保护执法员,Environmental Enforcement Officer,3355,33-9032.00,南美,巴西,BR,country,general,本科,22-28,global,5.1,5.7,5.1,8.2,4.7,4.4,4.5,4.3,5.1,5.5,8.2,7.1,5.3,6.1,5.4,5.2,4.4,2.0,5.9,6.4,1.9,4.5,5.8,6.6,1.8,5.5,6.4,6.4,3.8,7.4,1.7,1.3,3.3,7.7,2,3,↑,2028-2033,5.21,巴西环境保护执法员：就业稳定，无法远程办公，近年需求增长,"Brazil Environmental Enforcement Officer: stable employment, no remote work possible, growing demand",AI综合评估 + O*NET/ILO/OECD锚点校准
GOV-0906-AR-general,公共管理与公务员,GOV,情报安全,环境保护执法员,Environmental Enforcement Officer,3355,33-9032.00,南美,阿根廷,AR,country,general,本科,22-28,global,5.0,5.7,5.3,7.6,5.0,4.6,4.4,3.7,4.7,4.5,7.0,6.9,5.4,5.7,5.3,4.8,4.4,2.1,5.8,5.5,2.1,4.9,5.5,6.7,1.8,5.6,6.2,6.8,3.9,6.5,2.1,1.6,3.1,7.7,1,3,↑,2028-2033,5.03,阿根廷环境保护执法员：近年需求增长,Argentina Environmental Enforcement Officer: growing demand,AI综合评估 + O*NET/ILO/OECD锚点校准
GOV-0906-CL-general,公共管理与公务员,GOV,情报安全,环境保护执法员,Environmental Enforcement Officer,3355,33-9032.00,南美,智利,CL,country,general,本科,22-28,global,5.2,5.2,5.2,8.3,4.2,3.4,4.4,3.9,5.0,5.2,8.2,6.9,5.4,6.3,5.2,4.8,4.6,2.0,6.2,6.0,2.0,5.1,5.7,7.0,2.0,5.7,6.7,6.3,4.0,6.5,2.0,1.7,3.4,7.4,2,2,↑,2032-2038,5.22,智利环境保护执法员：就业稳定，无法远程办公,"Chile Environmental Enforcement Officer: stable employment, no remote work possible",AI综合评估 + O*NET/ILO/OECD锚点校准
GOV-0906-CO-general,公共管理与公务员,GOV,情报安全,环境保护执法员,Environmental Enforcement Officer,3355,33-9032.00,南美,哥伦比亚,CO,country,general,本科,22-28,global,4.8,5.7,4.9,7.8,4.5,4.0,4.1,3.8,4.6,4.4,7.3,6.9,5.2,5.9,5.3,4.9,4.3,2.2,6.1,5.7,1.8,4.7,5.4,6.9,1.6,5.3,6.3,6.8,4.0,7.0,1.8,1.6,3.3,7.5,2,2,↑,2032-2038,5.0,哥伦比亚环境保护执法员：无法远程办公,Colombia Environmental Enforcement Officer: no remote work possible,AI综合评估 + O*NET/ILO/OECD锚点校准
GOV-0906-AU-general,公共管理与公务员,GOV,情报安全,环境保护执法员,Environmental Enforcement Officer,3355,33-9032.00,大洋洲,澳大利亚,AU,country,general,本科,22-28,global,4.9,5.4,5.3,8.1,4.2,3.7,4.6,3.7,5.9,5.9,8.9,7.1,6.1,7.0,6.1,5.1,4.6,1.8,6.3,6.1,2.4,5.3,6.5,7.4,2.3,6.7,7.1,6.3,3.8,6.9,2.0,1.8,3.8,7.4,2,2,↑,2032-2038,5.52,澳大利亚环境保护执法员：就业极其稳定,Australia Environmental Enforcement Officer: extremely stable employment,AI综合评估 + O*NET/ILO/OECD锚点校准
GOV-0906-NZ-general,公共管理与公务员,GOV,情报安全,环境保护执法员,Environmental Enforcement Officer,3355,33-9032.00,大洋洲,新西兰,NZ,country,general,本科,22-28,global,5.4,5.7,4.7,8.5,4.3,3.7,4.4,3.9,5.7,5.4,9.4,7.2,6.3,7.1,6.3,4.9,4.5,1.5,6.2,5.9,2.2,5.3,6.3,7.6,2.1,6.9,6.8,6.5,4.2,6.8,1.9,1.5,3.5,7.6,2,2,↑,2032-2038,5.46,新西兰环境保护执法员：就业极其稳定,New Zealand Environmental Enforcement Officer: extremely stable employment,AI综合评估 + O*NET/ILO/OECD锚点校准
GOV-0906-ZA-general,公共管理与公务员,GOV,情报安全,环境保护执法员,Environmental Enforcement Officer,3355,33-9032.00,非洲,南非,ZA,country,general,本科,22-28,global,4.8,5.5,5.2,7.6,4.8,3.9,4.0,3.5,4.6,4.6,7.7,6.9,5.2,5.7,5.4,5.3,4.4,1.9,5.8,5.9,2.1,5.0,5.5,7.0,1.8,5.7,6.6,6.2,4.2,6.6,2.3,1.1,3.4,7.8,2,2,↑,2028-2033,5.06,南非环境保护执法员：就业稳定,South Africa Environmental Enforcement Officer: stable employment,AI综合评估 + O*NET/ILO/OECD锚点校准
GOV-0906-NG-general,公共管理与公务员,GOV,情报安全,环境保护执法员,Environmental Enforcement Officer,3355,33-9032.00,非洲,尼日利亚,NG,country,general,本科,22-28,global,4.9,5.4,5.2,7.7,4.6,4.3,3.9,3.8,4.1,4.4,7.0,6.9,5.3,5.7,5.2,4.7,4.3,2.3,6.0,5.1,1.6,4.5,4.7,6.9,1.8,4.7,6.4,6.6,3.8,6.9,2.2,1.4,3.0,7.4,1,2,↑,2032-2038,4.88,尼日利亚环境保护执法员：无法远程办公,Nigeria Environmental Enforcement Officer: no remote work possible,AI综合评估 + O*NET/ILO/OECD锚点校准
GOV-0906-KE-general,公共管理与公务员,GOV,情报安全,环境保护执法员,Environmental Enforcement Officer,3355,33-9032.00,非洲,肯尼亚,KE,country,general,本科,22-28,global,4.9,5.3,4.9,7.7,4.6,4.3,4.4,3.8,4.4,4.2,7.2,6.8,5.0,5.5,5.0,5.0,4.1,2.1,6.1,5.5,1.8,4.6,5.2,7.0,1.6,4.9,6.4,6.7,4.1,6.4,2.0,1.5,3.3,7.4,1,2,↑,2032-2038,4.97,肯尼亚环境保护执法员：无法远程办公,Kenya Environmental Enforcement Officer: no remote work possible,AI综合评估 + O*NET/ILO/OECD锚点校准
GOV-0906-EG-general,公共管理与公务员,GOV,情报安全,环境保护执法员,Environmental Enforcement Officer,3355,33-9032.00,非洲,埃及,EG,country,general,本科,22-28,global,4.9,5.7,5.4,7.9,5.3,4.9,4.4,3.8,4.2,4.6,7.5,6.9,5.0,5.5,5.2,4.9,4.6,2.3,6.3,5.8,1.8,4.5,4.8,6.6,2.1,4.4,6.6,6.6,4.1,7.1,2.1,1.3,3.4,7.8,2,3,↑,2032-2038,5.01,埃及环境保护执法员：就业稳定，无法远程办公，近年需求增长,"Egypt Environmental Enforcement Officer: stable employment, no remote work possible, growing demand",AI综合评估 + O*NET/ILO/OECD锚点校准
GOV-0907-CN-general,公共管理与公务员,GOV,情报安全,食品药品监管员,Food & Drug Inspector,3257,45-2011.00,东亚,中国,CN,country,general,本科,22-28,global,5.8,6.5,5.2,9.1,4.9,5.4,5.0,4.1,5.7,6.1,9.1,7.6,5.8,5.4,4.7,5.1,4.8,2.1,5.4,6.9,1.9,4.8,5.3,6.2,2.2,6.2,6.7,6.3,3.3,7.9,0.7,1.2,3.9,7.4,1,2,↑,2028-2033,5.33,中国食品药品监管员：就业极其稳定，无法远程办公,"China Food & Drug Inspector: extremely stable employment, no remote work possible",AI综合评估 + O*NET/ILO/OECD锚点校准
GOV-0907-JP-general,公共管理与公务员,GOV,情报安全,食品药品监管员,Food & Drug Inspector,3257,45-2011.00,东亚,日本,JP,country,general,本科,22-28,global,5.9,6.4,4.7,9.0,4.5,4.5,5.0,4.3,6.5,6.0,9.7,7.6,6.0,5.8,5.4,4.9,5.0,1.7,5.5,7.1,2.1,5.0,5.7,6.6,2.2,5.8,6.7,6.5,3.2,8.3,1.0,1.4,4.1,7.3,1,1,→,2028-2033,5.45,日本食品药品监管员：就业极其稳定，准入门槛高,"Japan Food & Drug Inspector: extremely stable employment, high entry barrier",AI综合评估 + O*NET/ILO/OECD锚点校准
GOV-0907-KR-general,公共管理与公务员,GOV,情报安全,食品药品监管员,Food & Drug Inspector,3257,45-2011.00,东亚,韩国,KR,country,general,本科,22-28,global,6.0,6.1,4.8,8.8,4.3,4.2,5.2,4.5,5.8,5.8,9.4,7.5,5.9,5.8,5.3,5.1,4.5,1.7,5.5,7.1,2.2,5.0,5.6,6.6,2.0,5.5,6.9,6.5,3.6,7.9,1.1,1.9,3.6,7.4,1,1,→,2028-2033,5.38,韩国食品药品监管员：就业极其稳定,South Korea Food & Drug Inspector: extremely stable employment,AI综合评估 + O*NET/ILO/OECD锚点校准
GOV-0907-TW-general,公共管理与公务员,GOV,情报安全,食品药品监管员,Food & Drug Inspector,3257,45-2011.00,东亚,中国台湾地区,TW,region,general,本科,22-28,global,5.4,6.2,4.6,8.8,4.1,4.4,5.2,4.0,5.9,5.8,9.4,7.7,5.8,5.9,5.3,5.4,4.8,1.8,5.9,7.1,2.4,5.1,6.1,7.0,2.0,6.3,7.1,6.6,3.7,8.2,1.2,1.8,4.1,7.5,1,1,→,2028-2033,5.47,中国台湾地区食品药品监管员：就业极其稳定，准入门槛高,"Taiwan (China) Food & Drug Inspector: extremely stable employment, high entry barrier",AI综合评估 + O*NET/ILO/OECD锚点校准
GOV-0907-HK-general,公共管理与公务员,GOV,情报安全,食品药品监管员,Food & Drug Inspector,3257,45-2011.00,东亚,中国香港地区,HK,region,general,本科,22-28,global,5.5,5.8,4.7,8.5,4.4,4.0,4.8,3.8,6.8,6.0,9.4,7.5,5.6,5.4,5.4,5.3,4.6,1.9,5.9,6.7,2.4,5.4,5.5,6.7,2.4,6.2,6.6,6.7,3.3,7.4,1.2,2.0,4.4,7.6,1,1,→,2028-2033,5.47,中国香港地区食品药品监管员：就业极其稳定,Hong Kong (China) Food & Drug Inspector: extremely stable employment,AI综合评估 + O*NET/ILO/OECD锚点校准
GOV-0907-SG-general,公共管理与公务员,GOV,情报安全,食品药品监管员,Food & Drug Inspector,3257,45-2011.00,东南亚,新加坡,SG,country,general,本科,22-28,global,5.5,6.3,4.4,9.3,4.0,4.1,5.0,4.0,7.0,6.7,10.0,7.8,5.7,5.7,5.3,5.0,4.8,1.5,5.4,7.2,2.4,5.3,6.0,7.2,2.1,6.8,6.8,6.6,3.6,7.5,0.7,1.6,4.3,7.5,1,0,→,2028-2033,5.59,新加坡食品药品监管员：就业极其稳定,Singapore Food & Drug Inspector: extremely stable employment,AI综合评估 + O*NET/ILO/OECD锚点校准
GOV-0907-TH-general,公共管理与公务员,GOV,情报安全,食品药品监管员,Food & Drug Inspector,3257,45-2011.00,东南亚,泰国,TH,country,general,本科,22-28,global,5.7,6.2,4.4,8.7,4.9,4.9,4.5,4.1,5.1,5.1,8.7,7.6,5.8,5.9,5.3,5.2,4.5,2.0,5.6,6.5,2.5,5.0,5.8,6.6,2.3,6.3,6.7,6.7,3.4,7.7,1.1,1.4,3.6,7.8,1,1,→,2028-2033,5.27,泰国食品药品监管员：就业极其稳定,Thailand Food & Drug Inspector: extremely stable employment,AI综合评估 + O*NET/ILO/OECD锚点校准
GOV-0907-VN-general,公共管理与公务员,GOV,情报安全,食品药品监管员,Food & Drug Inspector,3257,45-2011.00,东南亚,越南,VN,country,general,本科,22-28,global,5.8,6.3,5.2,8.6,4.9,5.3,4.4,4.0,4.9,5.3,9.0,7.7,5.9,6.0,5.4,4.9,4.1,2.0,5.2,6.6,2.3,4.9,6.0,6.4,2.0,6.0,7.0,6.3,3.8,7.7,0.6,1.7,3.7,7.8,1,2,↑,2028-2033,5.26,越南食品药品监管员：就业极其稳定,Vietnam Food & Drug Inspector: extremely stable employment,AI综合评估 + O*NET/ILO/OECD锚点校准
GOV-0907-ID-general,公共管理与公务员,GOV,情报安全,食品药品监管员,Food & Drug Inspector,3257,45-2011.00,东南亚,印度尼西亚,ID,country,general,本科,22-28,global,5.2,5.7,4.5,8.5,4.6,4.8,4.2,3.9,4.9,5.2,8.5,7.6,5.7,5.5,5.5,4.8,4.6,2.0,5.3,6.1,2.5,5.1,5.8,6.5,1.8,5.7,6.9,6.4,3.6,7.2,1.2,1.4,3.9,7.7,1,1,→,2028-2033,5.19,印度尼西亚食品药品监管员：就业极其稳定,Indonesia Food & Drug Inspector: extremely stable employment,AI综合评估 + O*NET/ILO/OECD锚点校准
GOV-0907-MY-general,公共管理与公务员,GOV,情报安全,食品药品监管员,Food & Drug Inspector,3257,45-2011.00,东南亚,马来西亚,MY,country,general,本科,22-28,global,5.4,5.8,4.7,8.6,4.5,4.4,4.8,3.8,5.5,5.8,9.0,7.7,5.9,6.0,5.6,5.1,4.6,2.1,5.4,6.6,2.1,4.9,5.7,6.6,2.3,5.8,6.9,6.4,3.2,7.4,1.0,1.4,3.9,7.7,1,1,→,2028-2033,5.33,马来西亚食品药品监管员：就业极其稳定,Malaysia Food & Drug Inspector: extremely stable employment,AI综合评估 + O*NET/ILO/OECD锚点校准
GOV-0907-PH-general,公共管理与公务员,GOV,情报安全,食品药品监管员,Food & Drug Inspector,3257,45-2011.00,东南亚,菲律宾,PH,country,general,本科,22-28,global,5.6,5.8,4.8,8.0,4.4,4.8,4.3,4.1,4.7,4.7,8.0,7.4,6.0,6.0,5.3,5.1,4.2,2.2,5.4,6.1,2.6,4.9,5.8,6.3,2.1,6.4,6.9,6.3,3.5,7.2,1.0,1.4,4.2,7.7,1,1,→,2028-2033,5.16,菲律宾食品药品监管员：就业稳定,Philippines Food & Drug Inspector: stable employment,AI综合评估 + O*NET/ILO/OECD锚点校准
GOV-0907-IN-general,公共管理与公务员,GOV,情报安全,食品药品监管员,Food & Drug Inspector,3257,45-2011.00,南亚,印度,IN,country,general,本科,22-28,global,5.5,6.1,4.6,8.9,5.1,5.3,5.2,4.1,5.6,5.6,8.5,7.5,5.9,5.7,5.1,5.0,4.3,2.1,5.3,7.0,2.2,5.0,5.7,6.1,1.8,5.5,6.9,6.6,3.6,8.1,0.8,1.4,3.6,7.6,1,2,↑,2028-2033,5.28,印度食品药品监管员：就业极其稳定，准入门槛高,"India Food & Drug Inspector: extremely stable employment, high entry barrier",AI综合评估 + O*NET/ILO/OECD锚点校准
GOV-0907-PK-general,公共管理与公务员,GOV,情报安全,食品药品监管员,Food & Drug Inspector,3257,45-2011.00,南亚,巴基斯坦,PK,country,general,本科,22-28,global,5.6,6.0,4.6,8.1,4.8,4.7,4.4,4.3,4.5,5.1,8.1,7.4,5.5,5.6,5.3,4.9,4.3,2.0,5.4,6.2,2.2,4.8,5.3,6.1,2.2,4.8,6.6,6.5,3.2,7.6,0.8,1.5,3.9,7.5,1,1,→,2028-2033,5.09,巴基斯坦食品药品监管员：就业稳定,Pakistan Food & Drug Inspector: stable employment,AI综合评估 + O*NET/ILO/OECD锚点校准
GOV-0907-BD-general,公共管理与公务员,GOV,情报安全,食品药品监管员,Food & Drug Inspector,3257,45-2011.00,南亚,孟加拉国,BD,country,general,本科,22-28,global,5.2,5.9,4.5,8.4,4.7,4.7,4.6,3.9,4.3,4.8,8.3,7.4,5.6,5.4,5.1,4.8,4.5,2.4,5.4,6.1,2.5,4.8,5.4,6.4,2.1,5.4,6.6,6.3,3.7,7.5,0.9,1.1,4.0,7.3,1,1,→,2028-2033,5.08,孟加拉国食品药品监管员：就业稳定,Bangladesh Food & Drug Inspector: stable employment,AI综合评估 + O*NET/ILO/OECD锚点校准
GOV-0907-AE-general,公共管理与公务员,GOV,情报安全,食品药品监管员,Food & Drug Inspector,3257,45-2011.00,中亚/西亚,阿联酋,AE,country,general,本科,22-28,global,5.9,5.9,4.9,9.0,4.5,4.8,4.3,3.6,7.2,6.5,9.8,7.8,6.1,5.7,5.3,5.3,5.0,1.8,5.3,6.5,2.2,5.4,6.0,6.9,2.3,6.0,7.1,6.4,3.7,7.4,1.0,1.7,4.3,7.8,1,1,→,2028-2033,5.52,阿联酋食品药品监管员：就业极其稳定,United Arab Emirates Food & Drug Inspector: extremely stable employment,AI综合评估 + O*NET/ILO/OECD锚点校准
GOV-0907-IL-general,公共管理与公务员,GOV,情报安全,食品药品监管员,Food & Drug Inspector,3257,45-2011.00,中亚/西亚,以色列,IL,country,general,本科,22-28,global,5.8,6.3,4.6,8.8,4.3,4.5,4.5,4.1,6.3,6.0,8.6,7.5,5.8,5.8,5.4,5.1,4.8,1.9,5.3,6.7,2.5,5.2,6.1,6.6,1.8,6.8,6.9,6.3,3.8,7.3,1.2,1.7,4.4,7.5,1,1,→,2028-2033,5.38,以色列食品药品监管员：就业极其稳定,Israel Food & Drug Inspector: extremely stable employment,AI综合评估 + O*NET/ILO/OECD锚点校准
GOV-0907-SA-general,公共管理与公务员,GOV,情报安全,食品药品监管员,Food & Drug Inspector,3257,45-2011.00,中亚/西亚,沙特阿拉伯,SA,country,general,本科,22-28,global,5.7,5.8,4.9,9.1,5.1,5.3,3.8,4.0,6.4,6.2,9.2,7.6,6.0,5.4,5.1,5.3,4.3,2.0,5.6,6.0,2.1,4.9,5.9,6.5,2.3,5.1,6.9,6.5,3.4,7.1,1.1,1.4,3.8,7.4,1,2,↑,2028-2033,5.37,沙特阿拉伯食品药品监管员：就业极其稳定,Saudi Arabia Food & Drug Inspector: extremely stable employment,AI综合评估 + O*NET/ILO/OECD锚点校准
GOV-0907-TR-general,公共管理与公务员,GOV,情报安全,食品药品监管员,Food & Drug Inspector,3257,45-2011.00,中亚/西亚,土耳其,TR,country,general,本科,22-28,global,5.4,5.9,4.8,8.4,4.8,4.7,4.3,3.9,5.4,4.9,8.2,7.5,5.8,5.4,5.2,5.0,4.5,2.3,5.6,6.3,2.4,4.8,5.5,6.5,2.0,5.7,6.7,6.2,3.4,7.8,1.0,1.4,3.8,7.7,1,1,→,2028-2033,5.16,土耳其食品药品监管员：就业稳定,Turkey Food & Drug Inspector: stable employment,AI综合评估 + O*NET/ILO/OECD锚点校准
GOV-0907-GB-general,公共管理与公务员,GOV,情报安全,食品药品监管员,Food & Drug Inspector,3257,45-2011.00,西欧,英国,GB,country,general,本科,22-28,global,5.5,6.1,4.7,8.8,4.4,4.5,4.3,3.9,5.9,6.2,9.4,7.6,6.2,6.7,5.7,5.5,4.6,1.6,5.9,6.7,2.8,5.5,6.6,7.1,2.0,6.8,7.2,6.4,3.4,7.6,1.1,2.0,4.5,7.5,1,1,→,2028-2033,5.58,英国食品药品监管员：就业极其稳定,United Kingdom Food & Drug Inspector: extremely stable employment,AI综合评估 + O*NET/ILO/OECD锚点校准
GOV-0907-FR-general,公共管理与公务员,GOV,情报安全,食品药品监管员,Food & Drug Inspector,3257,45-2011.00,西欧,法国,FR,country,general,本科,22-28,global,5.5,6.4,4.8,8.8,5.0,5.4,4.7,4.3,6.0,5.9,9.2,7.8,6.2,6.8,6.0,5.2,4.3,1.9,5.7,7.0,2.6,5.2,6.7,6.5,2.2,6.8,7.1,6.3,3.7,7.9,0.6,1.5,4.3,7.7,1,2,↑,2028-2033,5.56,法国食品药品监管员：就业极其稳定,France Food & Drug Inspector: extremely stable employment,AI综合评估 + O*NET/ILO/OECD锚点校准
GOV-0907-DE-general,公共管理与公务员,GOV,情报安全,食品药品监管员,Food & Drug Inspector,3257,45-2011.00,西欧,德国,DE,country,general,本科,22-28,global,5.6,6.3,4.4,9.0,4.7,4.3,5.0,4.2,6.5,6.0,9.6,7.8,6.4,7.0,6.3,5.3,4.8,1.9,5.6,6.9,2.5,5.2,6.7,6.9,2.0,6.5,7.3,6.8,3.4,7.4,0.5,2.0,4.0,7.3,1,1,→,2028-2033,5.64,德国食品药品监管员：就业极其稳定,Germany Food & Drug Inspector: extremely stable employment,AI综合评估 + O*NET/ILO/OECD锚点校准
GOV-0907-NL-general,公共管理与公务员,GOV,情报安全,食品药品监管员,Food & Drug Inspector,3257,45-2011.00,西欧,荷兰,NL,country,general,本科,22-28,global,5.7,6.2,4.6,9.1,4.6,4.1,4.5,3.7,6.2,6.0,9.6,7.7,6.7,7.3,6.1,5.2,4.8,1.8,5.4,6.6,3.0,5.6,7.2,6.7,2.2,7.1,7.5,6.5,3.7,7.2,0.7,1.6,4.1,7.2,1,1,→,2028-2033,5.62,荷兰食品药品监管员：就业极其稳定,Netherlands Food & Drug Inspector: extremely stable employment,AI综合评估 + O*NET/ILO/OECD锚点校准
GOV-0907-CH-general,公共管理与公务员,GOV,情报安全,食品药品监管员,Food & Drug Inspector,3257,45-2011.00,西欧,瑞士,CH,country,general,本科,22-28,global,5.9,6.3,4.5,9.4,3.9,3.8,4.7,3.9,6.7,6.7,10.0,7.8,6.5,6.6,6.3,5.1,4.6,1.6,5.6,7.1,3.1,5.8,6.8,6.7,2.1,7.0,7.1,6.6,3.4,7.3,0.6,1.4,4.4,7.5,1,0,→,2028-2033,5.68,瑞士食品药品监管员：就业极其稳定,Switzerland Food & Drug Inspector: extremely stable employment,AI综合评估 + O*NET/ILO/OECD锚点校准
GOV-0907-SE-general,公共管理与公务员,GOV,情报安全,食品药品监管员,Food & Drug Inspector,3257,45-2011.00,北欧,瑞典,SE,country,general,本科,22-28,global,5.9,6.0,4.7,8.9,4.9,4.9,4.4,3.8,6.5,6.4,10.0,7.6,6.7,7.4,6.1,5.3,4.7,1.6,5.3,6.6,2.8,5.7,7.0,6.6,2.3,7.7,7.6,6.6,3.4,7.4,0.6,1.8,4.0,7.7,1,1,→,2028-2033,5.69,瑞典食品药品监管员：就业极其稳定,Sweden Food & Drug Inspector: extremely stable employment,AI综合评估 + O*NET/ILO/OECD锚点校准
GOV-0907-DK-general,公共管理与公务员,GOV,情报安全,食品药品监管员,Food & Drug Inspector,3257,45-2011.00,北欧,丹麦,DK,country,general,本科,22-28,global,5.7,6.0,4.6,8.9,4.6,5.2,4.4,4.1,6.6,6.3,9.9,7.8,6.6,6.9,6.3,5.0,4.8,1.6,5.7,6.2,3.1,5.7,6.8,6.7,2.3,7.7,7.4,6.6,3.3,7.4,0.6,1.8,4.3,7.6,1,1,→,2028-2033,5.72,丹麦食品药品监管员：就业极其稳定,Denmark Food & Drug Inspector: extremely stable employment,AI综合评估 + O*NET/ILO/OECD锚点校准
GOV-0907-FI-general,公共管理与公务员,GOV,情报安全,食品药品监管员,Food & Drug Inspector,3257,45-2011.00,北欧,芬兰,FI,country,general,本科,22-28,global,5.8,6.3,4.9,8.7,4.7,4.9,4.2,3.9,5.9,6.3,9.5,7.8,6.4,6.9,6.3,5.0,4.7,1.6,5.5,6.4,2.7,5.9,7.4,7.2,2.3,7.7,7.6,6.6,3.3,7.5,1.0,1.5,4.2,7.6,1,1,→,2028-2033,5.64,芬兰食品药品监管员：就业极其稳定,Finland Food & Drug Inspector: extremely stable employment,AI综合评估 + O*NET/ILO/OECD锚点校准
GOV-0907-IT-general,公共管理与公务员,GOV,情报安全,食品药品监管员,Food & Drug Inspector,3257,45-2011.00,南欧,意大利,IT,country,general,本科,22-28,global,5.4,6.0,4.5,8.6,5.0,4.8,4.8,4.0,5.9,5.6,9.0,7.6,6.3,6.0,5.8,5.1,4.5,1.7,5.4,7.0,2.4,5.0,6.0,6.7,2.0,6.1,7.2,6.5,3.6,7.6,0.8,1.3,4.2,7.4,1,1,→,2028-2033,5.44,意大利食品药品监管员：就业极其稳定,Italy Food & Drug Inspector: extremely stable employment,AI综合评估 + O*NET/ILO/OECD锚点校准
GOV-0907-ES-general,公共管理与公务员,GOV,情报安全,食品药品监管员,Food & Drug Inspector,3257,45-2011.00,南欧,西班牙,ES,country,general,本科,22-28,global,5.4,6.4,4.6,8.7,4.6,4.8,4.7,4.2,5.5,5.9,9.0,7.5,6.1,6.7,6.0,5.1,4.8,2.0,5.3,7.1,2.9,5.5,6.1,6.4,2.1,6.6,7.2,6.5,3.6,8.0,1.0,1.5,3.9,7.8,1,1,→,2028-2033,5.44,西班牙食品药品监管员：就业极其稳定，准入门槛高,"Spain Food & Drug Inspector: extremely stable employment, high entry barrier",AI综合评估 + O*NET/ILO/OECD锚点校准
GOV-0907-PT-general,公共管理与公务员,GOV,情报安全,食品药品监管员,Food & Drug Inspector,3257,45-2011.00,南欧,葡萄牙,PT,country,general,本科,22-28,global,5.3,6.2,4.8,8.5,4.7,4.2,4.4,3.8,5.1,5.3,9.2,7.6,6.0,6.3,5.8,5.3,4.6,1.7,5.3,6.7,2.8,5.4,6.6,6.9,2.0,6.9,7.3,6.2,3.7,7.5,1.1,1.3,4.1,7.8,1,1,→,2028-2033,5.4,葡萄牙食品药品监管员：就业极其稳定,Portugal Food & Drug Inspector: extremely stable employment,AI综合评估 + O*NET/ILO/OECD锚点校准
GOV-0907-PL-general,公共管理与公务员,GOV,情报安全,食品药品监管员,Food & Drug Inspector,3257,45-2011.00,东欧,波兰,PL,country,general,本科,22-28,global,5.4,5.8,4.4,8.5,4.7,4.8,4.3,4.1,5.3,5.6,8.9,7.5,5.9,6.3,5.9,4.9,4.7,1.8,5.6,6.2,2.4,5.5,6.5,6.4,2.0,6.1,7.3,6.3,3.3,7.3,1.2,1.3,3.9,7.8,1,1,→,2028-2033,5.37,波兰食品药品监管员：就业极其稳定,Poland Food & Drug Inspector: extremely stable employment,AI综合评估 + O*NET/ILO/OECD锚点校准
GOV-0907-CZ-general,公共管理与公务员,GOV,情报安全,食品药品监管员,Food & Drug Inspector,3257,45-2011.00,东欧,捷克,CZ,country,general,本科,22-28,global,5.6,6.0,4.6,8.6,4.5,4.2,4.4,3.7,5.6,5.6,9.0,7.6,6.5,6.5,5.9,5.0,4.7,1.8,5.2,6.5,2.7,5.1,6.8,6.4,2.2,6.5,7.1,6.5,3.4,7.6,0.7,1.7,4.4,7.5,1,1,→,2028-2033,5.41,捷克食品药品监管员：就业极其稳定,Czech Republic Food & Drug Inspector: extremely stable employment,AI综合评估 + O*NET/ILO/OECD锚点校准
GOV-0907-RU-general,公共管理与公务员,GOV,情报安全,食品药品监管员,Food & Drug Inspector,3257,45-2011.00,东欧,俄罗斯,RU,country,general,本科,22-28,global,5.8,6.0,4.8,8.5,4.9,5.2,4.3,4.1,4.9,5.6,8.0,7.6,6.0,5.6,5.6,5.0,4.5,2.2,5.6,6.1,2.1,5.1,6.0,6.5,2.0,5.9,7.1,6.7,3.6,7.2,0.8,1.7,4.0,7.7,1,2,↑,2028-2033,5.25,俄罗斯食品药品监管员：就业稳定,Russia Food & Drug Inspector: stable employment,AI综合评估 + O*NET/ILO/OECD锚点校准
GOV-0907-US-general,公共管理与公务员,GOV,情报安全,食品药品监管员,Food & Drug Inspector,3257,45-2011.00,北美,美国,US,country,general,本科,22-28,global,5.6,6.1,4.4,8.8,4.0,4.2,4.5,4.0,6.3,6.2,8.9,7.5,6.1,6.1,5.7,5.4,4.6,1.8,5.9,6.9,2.6,5.2,6.1,7.1,2.3,6.9,7.2,6.7,3.7,7.3,1.0,1.7,4.4,7.2,1,1,→,2028-2033,5.52,美国食品药品监管员：就业极其稳定,United States Food & Drug Inspector: extremely stable employment,AI综合评估 + O*NET/ILO/OECD锚点校准
GOV-0907-CA-general,公共管理与公务员,GOV,情报安全,食品药品监管员,Food & Drug Inspector,3257,45-2011.00,北美,加拿大,CA,country,general,本科,22-28,global,5.7,6.1,4.4,8.6,4.1,4.5,4.2,4.1,6.5,6.3,9.4,7.6,6.1,6.9,6.1,5.0,4.8,1.7,5.4,6.5,2.5,5.5,6.9,6.7,1.9,7.0,7.0,6.3,3.7,7.6,1.0,1.7,4.2,7.5,1,1,→,2028-2033,5.52,加拿大食品药品监管员：就业极其稳定,Canada Food & Drug Inspector: extremely stable employment,AI综合评估 + O*NET/ILO/OECD锚点校准
GOV-0907-MX-general,公共管理与公务员,GOV,情报安全,食品药品监管员,Food & Drug Inspector,3257,45-2011.00,北美,墨西哥,MX,country,general,本科,22-28,global,5.6,6.0,4.3,8.2,4.5,4.6,4.3,3.7,5.0,5.1,8.1,7.3,6.0,5.6,5.2,4.8,4.1,2.0,5.5,6.1,2.5,4.5,5.7,6.1,1.8,6.0,6.9,6.7,3.4,7.3,0.9,1.3,3.8,7.4,1,1,→,2028-2033,5.1,墨西哥食品药品监管员：就业稳定,Mexico Food & Drug Inspector: stable employment,AI综合评估 + O*NET/ILO/OECD锚点校准
GOV-0907-BR-general,公共管理与公务员,GOV,情报安全,食品药品监管员,Food & Drug Inspector,3257,45-2011.00,南美,巴西,BR,country,general,本科,22-28,global,5.4,6.3,4.6,8.3,4.8,4.8,4.5,4.4,5.9,5.6,8.2,7.6,6.0,6.3,5.3,5.2,4.1,2.0,5.2,6.8,2.8,4.6,6.0,6.3,1.9,5.9,6.7,6.7,3.6,7.9,1.2,1.3,4.1,7.6,1,2,↑,2028-2033,5.29,巴西食品药品监管员：就业稳定,Brazil Food & Drug Inspector: stable employment,AI综合评估 + O*NET/ILO/OECD锚点校准
GOV-0907-AR-general,公共管理与公务员,GOV,情报安全,食品药品监管员,Food & Drug Inspector,3257,45-2011.00,南美,阿根廷,AR,country,general,本科,22-28,global,5.4,5.7,4.6,8.5,4.8,5.3,4.2,3.8,4.7,5.3,7.9,7.5,6.1,6.1,5.3,5.0,4.4,2.1,5.3,6.1,2.6,5.0,5.9,6.6,1.9,5.8,6.8,6.3,3.5,7.3,1.2,1.3,3.9,7.3,0,2,↑,2028-2033,5.2,阿根廷食品药品监管员：就业稳定,Argentina Food & Drug Inspector: stable employment,AI综合评估 + O*NET/ILO/OECD锚点校准
GOV-0907-CL-general,公共管理与公务员,GOV,情报安全,食品药品监管员,Food & Drug Inspector,3257,45-2011.00,南美,智利,CL,country,general,本科,22-28,global,5.8,5.7,4.3,8.8,4.5,3.9,4.7,4.0,5.7,5.6,8.6,7.5,6.1,6.3,5.3,5.0,4.7,1.9,5.8,6.6,2.2,5.5,6.0,6.5,1.9,5.9,7.0,6.4,3.4,7.3,1.1,1.4,3.9,7.6,1,1,→,2028-2033,5.34,智利食品药品监管员：就业极其稳定,Chile Food & Drug Inspector: extremely stable employment,AI综合评估 + O*NET/ILO/OECD锚点校准
GOV-0907-CO-general,公共管理与公务员,GOV,情报安全,食品药品监管员,Food & Drug Inspector,3257,45-2011.00,南美,哥伦比亚,CO,country,general,本科,22-28,global,5.7,6.1,4.8,8.2,4.7,4.9,4.1,3.9,4.9,5.3,7.9,7.4,5.9,6.0,5.3,4.9,4.6,2.2,5.2,5.8,2.7,4.8,5.6,6.3,2.0,5.6,6.8,6.6,3.5,7.4,1.2,1.6,3.5,7.5,1,1,→,2028-2033,5.12,哥伦比亚食品药品监管员：就业稳定,Colombia Food & Drug Inspector: stable employment,AI综合评估 + O*NET/ILO/OECD锚点校准
GOV-0907-AU-general,公共管理与公务员,GOV,情报安全,食品药品监管员,Food & Drug Inspector,3257,45-2011.00,大洋洲,澳大利亚,AU,country,general,本科,22-28,global,6.0,5.9,4.4,9.0,4.6,4.3,4.6,3.9,6.3,6.4,9.5,7.6,6.3,6.7,6.1,5.5,4.9,1.6,5.9,6.5,3.0,5.7,6.6,7.1,2.3,7.2,7.3,6.2,3.7,7.3,1.0,1.7,4.5,7.7,1,1,→,2028-2033,5.65,澳大利亚食品药品监管员：就业极其稳定,Australia Food & Drug Inspector: extremely stable employment,AI综合评估 + O*NET/ILO/OECD锚点校准
GOV-0907-NZ-general,公共管理与公务员,GOV,情报安全,食品药品监管员,Food & Drug Inspector,3257,45-2011.00,大洋洲,新西兰,NZ,country,general,本科,22-28,global,5.8,6.0,4.4,8.8,4.3,4.0,4.4,4.1,6.2,5.9,9.9,7.6,6.6,6.7,6.2,5.2,4.4,1.7,5.3,6.8,3.1,5.9,6.8,6.8,2.2,7.2,7.1,6.7,3.5,7.2,0.6,1.9,4.4,7.2,1,1,→,2028-2033,5.61,新西兰食品药品监管员：就业极其稳定,New Zealand Food & Drug Inspector: extremely stable employment,AI综合评估 + O*NET/ILO/OECD锚点校准
GOV-0907-ZA-general,公共管理与公务员,GOV,情报安全,食品药品监管员,Food & Drug Inspector,3257,45-2011.00,非洲,南非,ZA,country,general,本科,22-28,global,5.3,5.9,4.6,8.1,4.5,4.5,4.0,3.7,5.3,5.3,8.2,7.4,5.8,5.7,5.4,4.9,4.3,2.1,5.3,6.1,2.1,4.6,5.7,6.1,1.6,5.8,6.6,6.6,3.4,7.0,0.8,1.6,3.7,7.7,1,1,→,2028-2033,5.12,南非食品药品监管员：就业稳定,South Africa Food & Drug Inspector: stable employment,AI综合评估 + O*NET/ILO/OECD锚点校准
GOV-0907-NG-general,公共管理与公务员,GOV,情报安全,食品药品监管员,Food & Drug Inspector,3257,45-2011.00,非洲,尼日利亚,NG,country,general,本科,22-28,global,5.2,5.6,4.5,7.9,5.0,4.6,4.2,4.1,4.9,5.0,7.4,7.3,5.5,5.3,5.2,4.8,4.0,2.5,5.4,6.0,2.4,4.4,5.5,6.2,1.6,5.2,7.1,6.5,3.3,7.2,1.1,1.2,3.5,7.8,0,1,→,2028-2033,5.01,尼日利亚食品药品监管员：发展平稳,Nigeria Food & Drug Inspector: steady development,AI综合评估 + O*NET/ILO/OECD锚点校准
GOV-0907-KE-general,公共管理与公务员,GOV,情报安全,食品药品监管员,Food & Drug Inspector,3257,45-2011.00,非洲,肯尼亚,KE,country,general,本科,22-28,global,5.4,6.0,4.3,8.3,4.8,4.5,4.3,3.8,4.7,4.9,7.6,7.4,6.1,5.9,5.4,5.1,4.1,2.1,5.2,5.7,2.5,4.9,5.4,6.5,1.7,5.8,6.9,6.3,3.7,7.5,1.1,1.2,4.0,7.5,0,1,→,2028-2033,5.07,肯尼亚食品药品监管员：就业稳定,Kenya Food & Drug Inspector: stable employment,AI综合评估 + O*NET/ILO/OECD锚点校准
GOV-0907-EG-general,公共管理与公务员,GOV,情报安全,食品药品监管员,Food & Drug Inspector,3257,45-2011.00,非洲,埃及,EG,country,general,本科,22-28,global,5.3,5.8,4.9,8.2,4.9,5.4,4.3,4.0,4.5,5.2,7.8,7.5,5.5,5.3,5.4,5.1,4.7,2.1,5.8,6.1,2.3,4.7,5.5,6.2,2.0,5.2,6.8,6.6,3.8,7.5,1.2,1.7,4.0,7.7,1,2,↑,2028-2033,5.16,埃及食品药品监管员：就业稳定,Egypt Food & Drug Inspector: stable employment,AI综合评估 + O*NET/ILO/OECD锚点校准
GOV-0908-CN-general,公共管理与公务员,GOV,情报安全,劳动监察员,Labor Inspector,3355,13-1041.00,东亚,中国,CN,country,general,本科,22-28,global,5.3,5.8,4.4,9.0,5.5,5.7,4.8,4.1,5.1,5.7,9.1,7.7,6.2,5.7,4.8,5.1,4.4,2.0,6.0,6.7,2.4,5.1,5.0,6.1,1.6,5.4,7.0,6.9,3.0,7.5,1.2,1.5,3.7,7.9,0,1,→,2032-2038,5.35,中国劳动监察员：就业极其稳定,China Labor Inspector: extremely stable employment,AI综合评估 + O*NET/ILO/OECD锚点校准
GOV-0908-JP-general,公共管理与公务员,GOV,情报安全,劳动监察员,Labor Inspector,3355,13-1041.00,东亚,日本,JP,country,general,本科,22-28,global,5.1,5.6,4.2,9.1,4.5,4.6,4.5,4.1,5.6,5.7,10.0,7.7,6.4,6.3,5.2,5.2,4.7,1.6,6.3,6.4,2.6,5.1,6.0,6.3,1.5,5.2,6.9,7.2,3.1,7.3,1.5,1.8,3.2,7.7,0,0,→,2032-2038,5.46,日本劳动监察员：就业极其稳定,Japan Labor Inspector: extremely stable employment,AI综合评估 + O*NET/ILO/OECD锚点校准
GOV-0908-KR-general,公共管理与公务员,GOV,情报安全,劳动监察员,Labor Inspector,3355,13-1041.00,东亚,韩国,KR,country,general,本科,22-28,global,5.4,5.8,4.0,8.5,4.7,4.3,4.8,4.2,5.6,5.6,9.0,7.6,6.4,6.2,5.2,5.2,4.4,1.8,6.1,6.7,2.1,5.3,5.4,6.0,1.9,4.9,6.9,6.8,3.0,7.8,1.4,1.6,3.2,7.6,0,0,→,2032-2038,5.31,韩国劳动监察员：就业极其稳定,South Korea Labor Inspector: extremely stable employment,AI综合评估 + O*NET/ILO/OECD锚点校准
GOV-0908-TW-general,公共管理与公务员,GOV,情报安全,劳动监察员,Labor Inspector,3355,13-1041.00,东亚,中国台湾地区,TW,region,general,本科,22-28,global,4.9,5.7,3.8,8.9,4.5,4.3,4.5,4.0,5.3,5.3,9.1,7.5,6.1,6.0,5.4,5.1,4.6,2.0,6.3,6.8,2.7,5.2,5.5,6.3,1.9,5.5,7.0,7.1,2.7,7.3,1.3,1.5,3.5,7.2,0,0,→,2032-2038,5.36,中国台湾地区劳动监察员：就业极其稳定,Taiwan (China) Labor Inspector: extremely stable employment,AI综合评估 + O*NET/ILO/OECD锚点校准
GOV-0908-HK-general,公共管理与公务员,GOV,情报安全,劳动监察员,Labor Inspector,3355,13-1041.00,东亚,中国香港地区,HK,region,general,本科,22-28,global,5.3,5.4,3.7,8.9,4.4,4.0,4.3,3.6,6.2,5.9,9.1,7.6,6.3,5.9,5.1,5.3,4.6,1.7,5.9,6.1,2.6,5.3,5.6,6.1,1.6,5.7,6.7,6.8,3.1,6.7,1.1,1.8,3.9,7.4,0,0,→,2028-2033,5.37,中国香港地区劳动监察员：就业极其稳定,Hong Kong (China) Labor Inspector: extremely stable employment,AI综合评估 + O*NET/ILO/OECD锚点校准
GOV-0908-SG-general,公共管理与公务员,GOV,情报安全,劳动监察员,Labor Inspector,3355,13-1041.00,东南亚,新加坡,SG,country,general,本科,22-28,global,5.4,6.0,3.8,9.4,4.0,4.1,4.3,3.7,6.5,6.3,10.0,7.8,6.1,6.5,5.4,5.2,5.0,1.6,6.1,6.8,2.1,5.4,5.7,6.5,1.5,6.0,7.1,6.9,2.7,7.3,1.1,1.7,4.2,7.5,0,-1,→,2032-2038,5.52,新加坡劳动监察员：就业极其稳定,Singapore Labor Inspector: extremely stable employment,AI综合评估 + O*NET/ILO/OECD锚点校准
GOV-0908-TH-general,公共管理与公务员,GOV,情报安全,劳动监察员,Labor Inspector,3355,13-1041.00,东南亚,泰国,TH,country,general,本科,22-28,global,5.0,5.5,3.8,8.3,4.9,4.7,3.6,3.7,4.4,4.8,8.5,7.6,6.8,6.7,5.6,4.8,4.4,1.9,5.8,6.1,2.4,5.0,6.2,5.9,1.4,5.8,7.0,6.9,2.9,7.0,1.3,1.3,3.2,7.5,0,0,→,2028-2033,5.18,泰国劳动监察员：就业极其稳定,Thailand Labor Inspector: extremely stable employment,AI综合评估 + O*NET/ILO/OECD锚点校准
GOV-0908-VN-general,公共管理与公务员,GOV,情报安全,劳动监察员,Labor Inspector,3355,13-1041.00,东南亚,越南,VN,country,general,本科,22-28,global,5.3,5.5,4.5,8.7,5.0,5.5,4.0,3.9,4.2,4.5,8.7,7.5,6.3,6.3,5.3,4.9,4.7,2.0,5.8,6.2,2.4,4.6,5.9,5.8,1.5,5.6,7.0,7.2,2.8,7.4,1.7,1.3,3.5,7.7,0,1,→,2028-2033,5.19,越南劳动监察员：就业极其稳定,Vietnam Labor Inspector: extremely stable employment,AI综合评估 + O*NET/ILO/OECD锚点校准
GOV-0908-ID-general,公共管理与公务员,GOV,情报安全,劳动监察员,Labor Inspector,3355,13-1041.00,东南亚,印度尼西亚,ID,country,general,本科,22-28,global,4.6,5.2,3.9,8.3,4.8,5.0,4.0,3.2,4.6,4.6,8.0,7.4,6.3,6.5,5.3,5.1,4.1,2.2,5.8,5.8,2.5,4.8,5.5,5.6,1.7,5.4,7.1,6.7,2.8,7.0,1.5,1.3,3.1,7.5,0,0,→,2028-2033,5.09,印度尼西亚劳动监察员：就业稳定,Indonesia Labor Inspector: stable employment,AI综合评估 + O*NET/ILO/OECD锚点校准
GOV-0908-MY-general,公共管理与公务员,GOV,情报安全,劳动监察员,Labor Inspector,3355,13-1041.00,东南亚,马来西亚,MY,country,general,本科,22-28,global,5.0,5.5,4.2,8.6,4.5,5.0,4.1,3.4,5.2,5.2,8.6,7.6,6.2,6.4,5.3,5.3,4.8,2.0,6.1,6.1,2.6,5.2,5.8,6.3,1.3,5.4,6.9,7.0,2.7,6.8,1.2,1.5,3.3,7.4,0,0,→,2032-2038,5.3,马来西亚劳动监察员：就业极其稳定,Malaysia Labor Inspector: extremely stable employment,AI综合评估 + O*NET/ILO/OECD锚点校准
GOV-0908-PH-general,公共管理与公务员,GOV,情报安全,劳动监察员,Labor Inspector,3355,13-1041.00,东南亚,菲律宾,PH,country,general,本科,22-28,global,5.2,5.5,4.2,8.2,4.8,5.0,3.6,3.5,4.1,4.6,8.2,7.4,6.6,6.1,5.5,5.3,4.4,2.3,5.8,5.6,2.6,5.0,5.6,5.7,1.3,6.0,6.8,7.1,2.9,6.5,1.8,1.1,3.7,7.3,0,0,→,2028-2033,5.09,菲律宾劳动监察员：就业稳定,Philippines Labor Inspector: stable employment,AI综合评估 + O*NET/ILO/OECD锚点校准
GOV-0908-IN-general,公共管理与公务员,GOV,情报安全,劳动监察员,Labor Inspector,3355,13-1041.00,南亚,印度,IN,country,general,本科,22-28,global,5.0,5.9,4.4,8.7,5.1,5.4,4.5,3.9,4.8,5.1,8.6,7.6,6.0,6.2,5.0,5.2,4.4,2.0,6.1,6.4,2.7,4.8,5.3,6.0,1.5,5.1,7.0,7.2,2.9,7.5,1.4,1.3,3.4,7.7,0,1,→,2032-2038,5.25,印度劳动监察员：就业极其稳定,India Labor Inspector: extremely stable employment,AI综合评估 + O*NET/ILO/OECD锚点校准
GOV-0908-PK-general,公共管理与公务员,GOV,情报安全,劳动监察员,Labor Inspector,3355,13-1041.00,南亚,巴基斯坦,PK,country,general,本科,22-28,global,5.0,5.2,4.2,8.1,4.6,4.7,3.7,3.6,4.1,4.6,7.9,7.5,6.1,6.0,5.4,4.6,4.4,2.4,5.7,6.0,2.4,4.6,5.4,6.0,1.5,4.2,6.6,7.0,2.8,7.0,1.7,1.4,3.4,7.4,0,0,→,2028-2033,4.99,巴基斯坦劳动监察员：就业稳定,Pakistan Labor Inspector: stable employment,AI综合评估 + O*NET/ILO/OECD锚点校准
GOV-0908-BD-general,公共管理与公务员,GOV,情报安全,劳动监察员,Labor Inspector,3355,13-1041.00,南亚,孟加拉国,BD,country,general,本科,22-28,global,4.9,5.2,4.1,8.6,4.7,4.5,4.3,3.8,3.8,4.1,7.9,7.4,6.3,5.9,5.4,4.6,4.2,2.0,6.2,5.8,2.1,4.3,5.6,5.9,1.2,4.7,6.9,6.9,3.2,7.2,1.8,1.4,3.4,7.4,0,0,→,2032-2038,5.02,孟加拉国劳动监察员：就业稳定，薪资水平偏低,"Bangladesh Labor Inspector: stable employment, relatively low pay",AI综合评估 + O*NET/ILO/OECD锚点校准
GOV-0908-AE-general,公共管理与公务员,GOV,情报安全,劳动监察员,Labor Inspector,3355,13-1041.00,中亚/西亚,阿联酋,AE,country,general,本科,22-28,global,5.0,5.6,4.3,8.9,4.8,5.0,3.4,3.3,6.6,5.8,10.0,7.7,6.1,6.4,5.1,5.2,4.8,1.7,6.1,5.7,2.7,5.2,5.5,6.3,1.6,5.1,6.9,6.7,3.3,6.7,1.4,1.4,3.7,7.4,0,0,→,2032-2038,5.42,阿联酋劳动监察员：就业极其稳定,United Arab Emirates Labor Inspector: extremely stable employment,AI综合评估 + O*NET/ILO/OECD锚点校准
GOV-0908-IL-general,公共管理与公务员,GOV,情报安全,劳动监察员,Labor Inspector,3355,13-1041.00,中亚/西亚,以色列,IL,country,general,本科,22-28,global,4.9,5.5,4.1,8.7,4.3,4.4,4.1,3.6,5.7,5.3,8.5,7.4,6.2,6.4,5.6,5.4,4.7,2.0,6.4,6.0,2.2,4.9,5.8,6.3,1.4,6.0,6.9,6.7,3.1,6.9,1.8,1.8,3.7,7.5,0,0,→,2032-2038,5.32,以色列劳动监察员：就业极其稳定,Israel Labor Inspector: extremely stable employment,AI综合评估 + O*NET/ILO/OECD锚点校准
GOV-0908-SA-general,公共管理与公务员,GOV,情报安全,劳动监察员,Labor Inspector,3355,13-1041.00,中亚/西亚,沙特阿拉伯,SA,country,general,本科,22-28,global,4.9,5.4,4.3,8.7,5.1,5.5,3.7,3.3,6.1,5.4,8.8,7.7,6.3,6.0,4.9,4.9,4.4,2.1,6.1,6.0,2.7,4.7,5.6,6.3,1.3,4.7,7.2,6.9,3.0,6.8,1.3,1.8,3.5,7.8,0,1,→,2032-2038,5.3,沙特阿拉伯劳动监察员：就业极其稳定,Saudi Arabia Labor Inspector: extremely stable employment,AI综合评估 + O*NET/ILO/OECD锚点校准
GOV-0908-TR-general,公共管理与公务员,GOV,情报安全,劳动监察员,Labor Inspector,3355,13-1041.00,中亚/西亚,土耳其,TR,country,general,本科,22-28,global,5.2,5.7,4.0,8.6,4.5,4.7,4.2,3.7,4.9,4.5,8.4,7.5,6.5,6.4,5.5,5.3,4.6,2.1,5.9,6.2,2.6,4.9,5.8,5.8,1.6,5.3,6.8,7.3,3.1,7.1,1.7,1.5,3.5,7.8,0,0,→,2028-2033,5.19,土耳其劳动监察员：就业稳定,Turkey Labor Inspector: stable employment,AI综合评估 + O*NET/ILO/OECD锚点校准
GOV-0908-GB-general,公共管理与公务员,GOV,情报安全,劳动监察员,Labor Inspector,3355,13-1041.00,西欧,英国,GB,country,general,本科,22-28,global,5.2,5.6,3.7,8.9,4.4,4.4,4.1,3.5,5.9,5.6,9.5,7.5,6.9,6.9,6.0,4.9,4.9,1.7,6.2,6.0,2.5,5.6,6.6,6.5,1.3,6.4,7.4,7.1,2.8,6.8,1.3,1.5,4.1,7.8,0,0,→,2032-2038,5.5,英国劳动监察员：就业极其稳定,United Kingdom Labor Inspector: extremely stable employment,AI综合评估 + O*NET/ILO/OECD锚点校准
GOV-0908-FR-general,公共管理与公务员,GOV,情报安全,劳动监察员,Labor Inspector,3355,13-1041.00,西欧,法国,FR,country,general,本科,22-28,global,5.4,5.5,4.6,9.0,5.2,5.1,4.0,3.8,5.6,5.6,9.3,7.8,6.9,7.1,5.8,4.9,4.7,1.7,6.2,6.7,2.9,5.6,6.8,6.4,1.3,6.3,7.4,6.9,3.3,7.4,1.4,1.8,3.6,7.5,0,1,→,2032-2038,5.56,法国劳动监察员：就业极其稳定,France Labor Inspector: extremely stable employment,AI综合评估 + O*NET/ILO/OECD锚点校准
GOV-0908-DE-general,公共管理与公务员,GOV,情报安全,劳动监察员,Labor Inspector,3355,13-1041.00,西欧,德国,DE,country,general,本科,22-28,global,5.0,5.5,3.9,9.2,4.3,4.4,4.4,3.5,5.9,5.5,9.7,7.7,6.8,7.2,6.0,5.5,4.9,1.9,6.3,6.1,3.0,5.6,7.1,6.3,1.8,6.0,7.4,7.0,3.1,7.4,1.4,1.9,3.8,7.5,0,0,→,2032-2038,5.57,德国劳动监察员：就业极其稳定,Germany Labor Inspector: extremely stable employment,AI综合评估 + O*NET/ILO/OECD锚点校准
GOV-0908-NL-general,公共管理与公务员,GOV,情报安全,劳动监察员,Labor Inspector,3355,13-1041.00,西欧,荷兰,NL,country,general,本科,22-28,global,5.4,5.3,3.9,9.1,4.2,4.5,3.9,3.1,6.0,5.7,9.7,7.6,7.0,7.9,6.3,5.4,4.7,1.6,6.0,6.2,2.7,5.6,7.3,6.4,1.9,6.9,7.7,6.9,2.7,6.8,1.1,1.6,3.5,7.6,0,0,→,2032-2038,5.6,荷兰劳动监察员：就业极其稳定,Netherlands Labor Inspector: extremely stable employment,AI综合评估 + O*NET/ILO/OECD锚点校准
GOV-0908-CH-general,公共管理与公务员,GOV,情报安全,劳动监察员,Labor Inspector,3355,13-1041.00,西欧,瑞士,CH,country,general,本科,22-28,global,5.4,5.7,4.1,9.2,3.8,3.9,3.8,3.2,6.3,6.4,10.0,7.8,6.9,7.2,6.1,5.3,4.6,1.5,6.5,6.3,2.9,5.9,7.1,6.3,1.9,5.9,7.3,6.8,2.9,7.0,1.5,1.9,3.8,7.5,0,-1,→,2032-2038,5.61,瑞士劳动监察员：就业极其稳定,Switzerland Labor Inspector: extremely stable employment,AI综合评估 + O*NET/ILO/OECD锚点校准
GOV-0908-SE-general,公共管理与公务员,GOV,情报安全,劳动监察员,Labor Inspector,3355,13-1041.00,北欧,瑞典,SE,country,general,本科,22-28,global,5.3,5.7,4.5,8.8,5.1,5.1,3.8,3.2,6.1,5.4,9.5,7.7,7.2,7.4,6.0,5.4,4.9,1.6,6.2,6.1,3.2,5.4,7.2,6.5,1.4,7.3,7.4,7.1,3.1,6.9,1.4,1.8,3.6,7.7,0,0,→,2032-2038,5.62,瑞典劳动监察员：就业极其稳定,Sweden Labor Inspector: extremely stable employment,AI综合评估 + O*NET/ILO/OECD锚点校准
GOV-0908-DK-general,公共管理与公务员,GOV,情报安全,劳动监察员,Labor Inspector,3355,13-1041.00,北欧,丹麦,DK,country,general,本科,22-28,global,5.4,5.9,4.3,8.7,4.6,4.7,3.7,3.1,5.7,5.6,10.0,7.6,6.9,7.4,6.3,5.1,4.9,1.5,5.9,5.9,3.0,5.4,7.0,6.5,1.8,7.3,7.3,6.8,3.2,6.8,1.5,2.1,3.5,7.7,0,0,→,2028-2033,5.54,丹麦劳动监察员：就业极其稳定,Denmark Labor Inspector: extremely stable employment,AI综合评估 + O*NET/ILO/OECD锚点校准
GOV-0908-FI-general,公共管理与公务员,GOV,情报安全,劳动监察员,Labor Inspector,3355,13-1041.00,北欧,芬兰,FI,country,general,本科,22-28,global,5.3,5.8,4.2,9.2,4.7,4.8,4.0,3.3,5.8,5.3,9.7,7.8,7.0,7.6,6.0,4.9,4.6,1.8,6.0,5.8,3.1,5.6,7.1,6.2,1.7,6.8,7.3,7.2,2.8,6.6,1.0,1.5,3.5,7.7,0,0,→,2032-2038,5.54,芬兰劳动监察员：就业极其稳定,Finland Labor Inspector: extremely stable employment,AI综合评估 + O*NET/ILO/OECD锚点校准
GOV-0908-IT-general,公共管理与公务员,GOV,情报安全,劳动监察员,Labor Inspector,3355,13-1041.00,南欧,意大利,IT,country,general,本科,22-28,global,5.0,5.8,4.3,8.8,4.9,4.9,4.3,3.5,5.3,5.0,9.1,7.6,6.5,6.8,5.4,5.2,4.6,2.1,5.9,6.3,2.9,4.8,6.0,6.3,1.4,5.4,7.1,6.9,3.0,7.2,1.7,1.3,3.8,7.4,0,0,→,2028-2033,5.33,意大利劳动监察员：就业极其稳定,Italy Labor Inspector: extremely stable employment,AI综合评估 + O*NET/ILO/OECD锚点校准
GOV-0908-ES-general,公共管理与公务员,GOV,情报安全,劳动监察员,Labor Inspector,3355,13-1041.00,南欧,西班牙,ES,country,general,本科,22-28,global,4.9,5.8,3.9,8.7,4.7,4.5,4.6,3.7,5.5,5.4,9.2,7.6,7.0,6.9,5.9,5.2,4.8,1.9,6.0,6.7,2.4,4.9,6.6,5.8,1.7,6.2,6.9,6.8,3.2,7.3,1.5,1.8,3.8,7.2,0,0,→,2032-2038,5.44,西班牙劳动监察员：就业极其稳定,Spain Labor Inspector: extremely stable employment,AI综合评估 + O*NET/ILO/OECD锚点校准
GOV-0908-PT-general,公共管理与公务员,GOV,情报安全,劳动监察员,Labor Inspector,3355,13-1041.00,南欧,葡萄牙,PT,country,general,本科,22-28,global,5.1,5.7,4.4,8.8,4.4,4.4,4.3,3.7,4.9,5.2,9.1,7.5,6.6,7.2,6.0,4.8,4.4,1.9,5.8,5.9,2.7,5.3,6.3,6.3,1.6,6.3,7.3,6.9,3.0,7.2,1.6,1.6,3.3,7.7,0,0,→,2028-2033,5.34,葡萄牙劳动监察员：就业极其稳定,Portugal Labor Inspector: extremely stable employment,AI综合评估 + O*NET/ILO/OECD锚点校准
GOV-0908-PL-general,公共管理与公务员,GOV,情报安全,劳动监察员,Labor Inspector,3355,13-1041.00,东欧,波兰,PL,country,general,本科,22-28,global,4.9,5.5,4.0,8.4,4.6,4.3,4.0,3.5,4.9,5.1,8.7,7.6,6.4,7.0,5.7,5.4,4.4,1.9,5.8,5.8,2.3,5.2,6.2,6.1,1.8,5.7,7.0,7.2,3.2,6.8,1.7,1.5,3.9,7.6,0,0,→,2028-2033,5.28,波兰劳动监察员：就业极其稳定,Poland Labor Inspector: extremely stable employment,AI综合评估 + O*NET/ILO/OECD锚点校准
GOV-0908-CZ-general,公共管理与公务员,GOV,情报安全,劳动监察员,Labor Inspector,3355,13-1041.00,东欧,捷克,CZ,country,general,本科,22-28,global,4.9,5.4,3.9,9.1,4.3,4.2,4.0,3.2,4.9,5.3,9.3,7.5,6.9,6.8,6.1,5.0,4.7,1.9,6.2,5.6,2.9,5.6,6.8,6.5,1.5,6.1,7.4,6.7,3.2,6.8,1.2,1.7,3.4,7.6,0,0,→,2032-2038,5.4,捷克劳动监察员：就业极其稳定,Czech Republic Labor Inspector: extremely stable employment,AI综合评估 + O*NET/ILO/OECD锚点校准
GOV-0908-RU-general,公共管理与公务员,GOV,情报安全,劳动监察员,Labor Inspector,3355,13-1041.00,东欧,俄罗斯,RU,country,general,本科,22-28,global,5.4,5.3,4.3,8.7,5.3,5.1,3.5,3.2,4.5,4.9,8.5,7.6,6.5,6.4,5.2,4.9,4.5,2.1,6.2,5.8,2.7,4.9,5.7,5.6,1.5,5.5,6.7,7.0,3.1,6.7,1.4,1.1,3.3,7.6,0,1,→,2032-2038,5.17,俄罗斯劳动监察员：就业极其稳定,Russia Labor Inspector: extremely stable employment,AI综合评估 + O*NET/ILO/OECD锚点校准
GOV-0908-US-general,公共管理与公务员,GOV,情报安全,劳动监察员,Labor Inspector,3355,13-1041.00,北美,美国,US,country,general,本科,22-28,global,5.4,5.9,4.2,8.8,4.3,4.0,4.1,3.5,5.9,5.4,9.3,7.7,6.6,6.5,5.3,5.1,5.0,1.8,6.0,6.1,2.3,5.1,5.9,6.1,1.8,6.4,6.9,7.0,2.9,6.7,1.6,1.8,3.5,7.6,0,0,→,2032-2038,5.36,美国劳动监察员：就业极其稳定,United States Labor Inspector: extremely stable employment,AI综合评估 + O*NET/ILO/OECD锚点校准
GOV-0908-CA-general,公共管理与公务员,GOV,情报安全,劳动监察员,Labor Inspector,3355,13-1041.00,北美,加拿大,CA,country,general,本科,22-28,global,5.4,5.4,4.0,8.8,4.6,4.1,4.2,3.5,6.2,5.6,9.6,7.8,7.0,7.0,5.8,5.0,4.9,1.7,5.8,6.4,2.8,5.2,6.3,6.5,1.7,6.8,7.0,6.8,3.0,6.9,1.4,1.9,3.6,7.3,0,0,→,2028-2033,5.51,加拿大劳动监察员：就业极其稳定,Canada Labor Inspector: extremely stable employment,AI综合评估 + O*NET/ILO/OECD锚点校准
GOV-0908-MX-general,公共管理与公务员,GOV,情报安全,劳动监察员,Labor Inspector,3355,13-1041.00,北美,墨西哥,MX,country,general,本科,22-28,global,4.9,5.1,3.9,8.1,4.8,4.6,3.5,3.4,4.6,4.8,7.8,7.4,6.4,6.3,5.5,4.9,4.2,2.0,6.3,5.6,2.6,4.7,5.8,6.0,1.5,5.5,6.7,7.2,2.8,6.5,1.4,1.3,3.4,7.7,0,0,→,2032-2038,5.13,墨西哥劳动监察员：就业稳定,Mexico Labor Inspector: stable employment,AI综合评估 + O*NET/ILO/OECD锚点校准
GOV-0908-BR-general,公共管理与公务员,GOV,情报安全,劳动监察员,Labor Inspector,3355,13-1041.00,南美,巴西,BR,country,general,本科,22-28,global,5.2,5.5,4.1,8.3,5.0,4.8,4.4,4.0,5.5,5.1,8.6,7.6,6.5,6.3,5.6,5.1,4.5,1.9,5.9,6.2,2.6,4.8,5.9,6.0,1.5,5.7,7.0,6.7,2.7,7.4,1.6,1.2,3.6,7.3,0,1,→,2028-2033,5.3,巴西劳动监察员：就业极其稳定,Brazil Labor Inspector: extremely stable employment,AI综合评估 + O*NET/ILO/OECD锚点校准
GOV-0908-AR-general,公共管理与公务员,GOV,情报安全,劳动监察员,Labor Inspector,3355,13-1041.00,南美,阿根廷,AR,country,general,本科,22-28,global,4.9,5.6,4.1,8.1,4.8,5.1,3.6,3.6,4.4,4.4,7.9,7.4,6.1,6.0,5.5,5.1,4.6,2.2,6.2,5.7,2.4,4.9,5.9,5.6,1.3,5.5,7.1,7.0,3.1,6.5,1.5,1.6,3.3,7.4,-1,1,→,2032-2038,5.1,阿根廷劳动监察员：就业稳定,Argentina Labor Inspector: stable employment,AI综合评估 + O*NET/ILO/OECD锚点校准
GOV-0908-CL-general,公共管理与公务员,GOV,情报安全,劳动监察员,Labor Inspector,3355,13-1041.00,南美,智利,CL,country,general,本科,22-28,global,5.2,5.6,3.7,8.4,4.1,4.4,4.2,3.4,5.2,5.2,8.8,7.6,6.3,6.8,5.4,4.7,4.4,1.8,6.3,5.7,2.7,5.4,6.2,6.0,1.6,5.6,6.8,7.1,3.0,6.5,1.8,1.3,3.5,7.3,0,0,→,2032-2038,5.27,智利劳动监察员：就业极其稳定,Chile Labor Inspector: extremely stable employment,AI综合评估 + O*NET/ILO/OECD锚点校准
GOV-0908-CO-general,公共管理与公务员,GOV,情报安全,劳动监察员,Labor Inspector,3355,13-1041.00,南美,哥伦比亚,CO,country,general,本科,22-28,global,4.8,5.5,4.1,8.5,4.7,4.8,3.5,3.7,4.7,4.9,7.8,7.3,6.2,6.5,5.6,5.0,4.2,2.0,6.1,5.8,2.7,4.5,5.7,5.8,1.2,5.1,6.9,6.9,3.2,7.1,1.3,1.4,3.0,7.7,0,0,→,2032-2038,5.11,哥伦比亚劳动监察员：就业稳定,Colombia Labor Inspector: stable employment,AI综合评估 + O*NET/ILO/OECD锚点校准
GOV-0908-AU-general,公共管理与公务员,GOV,情报安全,劳动监察员,Labor Inspector,3355,13-1041.00,大洋洲,澳大利亚,AU,country,general,本科,22-28,global,5.3,5.6,4.4,8.9,4.3,4.2,3.9,3.3,6.1,5.9,9.4,7.7,7.2,7.2,6.2,5.2,4.7,1.8,6.2,6.3,2.8,5.7,7.0,6.3,1.7,6.7,6.9,6.8,3.3,6.8,1.3,1.7,4.0,7.5,0,0,→,2032-2038,5.57,澳大利亚劳动监察员：就业极其稳定,Australia Labor Inspector: extremely stable employment,AI综合评估 + O*NET/ILO/OECD锚点校准
GOV-0908-NZ-general,公共管理与公务员,GOV,情报安全,劳动监察员,Labor Inspector,3355,13-1041.00,大洋洲,新西兰,NZ,country,general,本科,22-28,global,4.8,5.7,4.3,9.2,4.4,3.9,4.2,3.6,5.8,5.7,10.0,7.7,6.8,7.2,6.4,5.4,4.4,1.6,6.3,6.1,2.5,5.5,6.7,6.1,1.9,7.0,7.4,7.0,3.0,7.0,1.3,1.6,3.5,7.2,0,0,→,2032-2038,5.59,新西兰劳动监察员：就业极其稳定,New Zealand Labor Inspector: extremely stable employment,AI综合评估 + O*NET/ILO/OECD锚点校准
GOV-0908-ZA-general,公共管理与公务员,GOV,情报安全,劳动监察员,Labor Inspector,3355,13-1041.00,非洲,南非,ZA,country,general,本科,22-28,global,5.1,5.1,4.2,8.2,4.9,4.4,3.8,3.2,4.8,4.7,7.7,7.4,6.1,6.0,5.6,5.1,4.5,2.2,6.2,6.0,2.5,4.7,5.6,6.0,1.6,5.8,6.7,6.8,3.3,6.8,1.5,1.5,3.4,7.7,0,0,→,2032-2038,5.12,南非劳动监察员：就业稳定,South Africa Labor Inspector: stable employment,AI综合评估 + O*NET/ILO/OECD锚点校准
GOV-0908-NG-general,公共管理与公务员,GOV,情报安全,劳动监察员,Labor Inspector,3355,13-1041.00,非洲,尼日利亚,NG,country,general,本科,22-28,global,4.7,5.4,4.2,8.3,4.6,5.0,3.4,3.4,3.9,4.3,7.7,7.3,6.3,6.1,5.3,4.9,4.5,2.3,5.9,5.3,2.3,4.4,5.7,5.7,1.4,4.9,6.5,6.8,3.1,6.8,1.7,1.4,2.9,7.4,-1,0,→,2028-2033,4.94,尼日利亚劳动监察员：就业稳定，薪资水平偏低,"Nigeria Labor Inspector: stable employment, relatively low pay",AI综合评估 + O*NET/ILO/OECD锚点校准
GOV-0908-KE-general,公共管理与公务员,GOV,情报安全,劳动监察员,Labor Inspector,3355,13-1041.00,非洲,肯尼亚,KE,country,general,本科,22-28,global,4.9,5.2,4.0,8.4,4.6,4.6,3.9,3.1,4.1,4.6,7.9,7.5,6.2,5.9,5.2,4.8,4.4,2.3,5.8,5.6,2.2,4.5,5.6,5.8,1.7,5.1,7.2,6.9,3.1,6.9,1.9,1.5,3.4,7.5,-1,0,→,2028-2033,5.0,肯尼亚劳动监察员：就业稳定,Kenya Labor Inspector: stable employment,AI综合评估 + O*NET/ILO/OECD锚点校准
GOV-0908-EG-general,公共管理与公务员,GOV,情报安全,劳动监察员,Labor Inspector,3355,13-1041.00,非洲,埃及,EG,country,general,本科,22-28,global,5.0,5.6,4.4,8.7,4.9,5.2,3.8,3.6,4.4,4.5,7.8,7.5,6.3,6.3,4.9,4.9,4.2,2.2,6.3,5.9,2.2,4.7,5.9,5.8,1.4,4.4,6.7,7.2,2.9,7.2,1.4,1.6,3.2,7.8,0,1,→,2032-2038,5.08,埃及劳动监察员：就业稳定,Egypt Labor Inspector: stable employment,AI综合评估 + O*NET/ILO/OECD锚点校准
