id,major_category,major_code,mid_category,sub_category,sub_category_en,isco_code,onet_code,region,country_or_region,iso_code,type,employer_type,typical_education,typical_entry_age,locality,learning_cost,education_req,growth_coeff,career_lifespan,opportunity,market_size,supply_demand,developed_scarcity,value_added,cost_performance,stability,safety,occupational_disease,overtime,burnout,skill_versatility,career_switch,reputation_variance,ai_resistance,social_status,remote_friendly,autonomy,family_friendly,fulfillment,entrepreneurship,gender_equality,age_flexibility,social_interaction,physical_demand,license_barrier,cycle_sensitivity,side_job_compat,intl_mobility,industry_monopoly,trend_2000_2026,trend_5yr,demand_direction,ai_timeline,composite_index,summary_zh,summary_en,data_source,generated_date,data_snapshot_date,source_period
TECH-0101-CN-general,信息技术与数字化,TECH,软件开发,前端工程师,Front-end Engineer,2514,15-1254.00,东亚,中国,CN,country,general,本科/自学,20-28,global,5.0,4.9,8.3,5.8,10.0,10.0,6.7,6.6,9.2,9.1,4.1,9.3,5.6,1.2,3.1,8.2,8.2,1.4,5.0,7.2,7.8,5.9,3.2,7.0,8.4,6.4,5.0,5.3,1.0,0.2,6.1,7.9,6.2,1.5,4,2,↑,2028-2033,6.67,中国前端工程师：薪资回报高，加班文化严重,"China Front-end Engineer: high compensation, heavy overtime culture",AI综合评估 + O*NET/ILO/OECD锚点校准,2026-04-13,2026-04-13,2000-2026
TECH-0101-JP-general,信息技术与数字化,TECH,软件开发,前端工程师,Front-end Engineer,2514,15-1254.00,东亚,日本,JP,country,general,本科/自学,20-28,global,5.4,5.0,7.7,6.4,8.6,9.2,6.9,6.0,7.4,8.6,7.9,9.5,5.9,2.2,4.1,7.0,7.4,1.7,4.8,7.0,8.7,6.4,5.2,7.0,7.8,4.6,5.4,5.2,1.2,0.6,5.1,7.3,6.6,1.9,4,1,→,2028-2033,6.65,日本前端工程师：远程友好度高，加班文化严重，就业稳定,"Japan Front-end Engineer: highly remote-friendly, heavy overtime culture, stable employment",AI综合评估 + O*NET/ILO/OECD锚点校准,2026-04-13,2026-04-13,2000-2026
TECH-0101-KR-general,信息技术与数字化,TECH,软件开发,前端工程师,Front-end Engineer,2514,15-1254.00,东亚,韩国,KR,country,general,本科/自学,20-28,global,5.7,4.9,7.5,6.1,9.0,9.8,6.7,7.0,8.6,8.4,5.4,9.3,6.1,2.9,3.6,7.0,6.6,1.7,5.0,7.2,8.1,5.7,4.7,7.2,8.0,3.4,5.2,5.0,1.0,1.1,5.5,7.9,7.2,2.5,4,1,→,2028-2033,6.56,韩国前端工程师：薪资回报高，加班文化严重,"South Korea Front-end Engineer: high compensation, heavy overtime culture",AI综合评估 + O*NET/ILO/OECD锚点校准,2026-04-13,2026-04-13,2000-2026
TECH-0101-TW-general,信息技术与数字化,TECH,软件开发,前端工程师,Front-end Engineer,2514,15-1254.00,东亚,中国台湾地区,TW,region,general,本科/自学,20-28,global,5.4,5.0,7.3,6.0,8.0,8.4,6.3,6.2,7.1,7.1,5.4,9.5,5.4,3.2,3.9,7.6,6.8,1.7,4.2,6.4,7.5,5.9,5.4,7.6,7.8,6.7,5.0,4.7,1.0,0.8,5.3,7.3,7.6,1.7,4,1,→,2026-2030,6.39,中国台湾地区前端工程师：加班文化严重,Taiwan (China) Front-end Engineer: heavy overtime culture,AI综合评估 + O*NET/ILO/OECD锚点校准,2026-04-13,2026-04-13,2000-2026
TECH-0101-HK-general,信息技术与数字化,TECH,软件开发,前端工程师,Front-end Engineer,2514,15-1254.00,东亚,中国香港地区,HK,region,general,本科/自学,20-28,global,5.0,4.4,6.7,6.3,6.8,7.8,5.5,4.2,8.3,7.6,5.6,9.3,6.1,2.7,4.1,6.8,6.2,2.0,4.4,6.6,8.7,6.4,4.9,7.0,7.6,7.3,4.8,5.5,1.3,0.8,5.7,7.9,9.2,2.5,4,1,→,2026-2030,6.36,中国香港地区前端工程师：薪资回报高，远程友好度高，加班文化严重,"Hong Kong (China) Front-end Engineer: high compensation, highly remote-friendly, heavy overtime culture",AI综合评估 + O*NET/ILO/OECD锚点校准,2026-04-13,2026-04-13,2000-2026
TECH-0101-SG-general,信息技术与数字化,TECH,软件开发,前端工程师,Front-end Engineer,2514,15-1254.00,东南亚,新加坡,SG,country,general,本科/自学,20-28,global,5.6,5.0,7.9,6.9,8.8,8.6,6.3,6.6,10.0,9.6,7.9,9.8,6.9,4.2,5.1,8.2,7.2,1.9,4.8,6.8,9.3,6.9,4.7,6.8,7.6,7.9,5.4,5.3,1.5,0.5,4.5,8.5,10.0,1.5,4,2,↑,2028-2033,7.19,新加坡前端工程师：薪资回报高，远程友好度高，就业稳定,"Singapore Front-end Engineer: high compensation, highly remote-friendly, stable employment",AI综合评估 + O*NET/ILO/OECD锚点校准,2026-04-13,2026-04-13,2000-2026
TECH-0101-TH-general,信息技术与数字化,TECH,软件开发,前端工程师,Front-end Engineer,2514,15-1254.00,东南亚,泰国,TH,country,general,本科/自学,20-28,global,5.4,4.7,5.9,6.1,6.8,7.8,4.9,4.8,4.4,5.9,5.6,9.3,6.6,4.7,5.9,7.2,6.8,1.9,4.1,4.8,7.2,5.9,5.9,6.4,7.2,5.5,5.0,4.9,1.2,0.2,5.1,8.1,6.2,2.9,4,1,→,2026-2030,5.95,泰国前端工程师：薪资水平偏低,Thailand Front-end Engineer: relatively low pay,AI综合评估 + O*NET/ILO/OECD锚点校准,2026-04-13,2026-04-13,2000-2026
TECH-0101-VN-general,信息技术与数字化,TECH,软件开发,前端工程师,Front-end Engineer,2514,15-1254.00,东南亚,越南,VN,country,general,本科/自学,20-28,global,4.8,4.9,5.7,5.7,6.6,8.8,5.3,4.8,4.1,4.9,4.6,9.3,6.1,4.7,3.6,6.6,6.2,2.2,4.6,5.8,7.5,6.7,5.2,6.4,7.2,4.9,5.0,4.9,0.7,0.6,5.3,7.3,6.4,2.1,4,1,→,2028-2033,5.81,越南前端工程师：薪资水平偏低,Vietnam Front-end Engineer: relatively low pay,AI综合评估 + O*NET/ILO/OECD锚点校准,2026-04-13,2026-04-13,2000-2026
TECH-0101-ID-general,信息技术与数字化,TECH,软件开发,前端工程师,Front-end Engineer,2514,15-1254.00,东南亚,印度尼西亚,ID,country,general,本科/自学,20-28,global,4.8,4.6,5.5,5.5,7.2,8.8,4.9,4.6,3.2,5.6,4.4,9.3,6.4,4.2,4.6,6.8,6.0,2.2,4.4,5.2,6.6,7.4,4.9,6.4,7.2,5.5,5.6,4.9,1.2,0.6,5.5,8.1,5.6,1.9,4,1,→,2026-2030,5.76,印度尼西亚前端工程师：薪资水平偏低,Indonesia Front-end Engineer: relatively low pay,AI综合评估 + O*NET/ILO/OECD锚点校准,2026-04-13,2026-04-13,2000-2026
TECH-0101-MY-general,信息技术与数字化,TECH,软件开发,前端工程师,Front-end Engineer,2514,15-1254.00,东南亚,马来西亚,MY,country,general,本科/自学,20-28,global,4.5,4.7,5.7,5.8,6.8,7.8,5.9,4.6,5.3,5.9,5.9,9.5,6.6,3.9,4.9,7.2,6.6,1.9,4.1,5.6,9.0,7.2,5.9,7.0,7.4,5.5,5.8,5.2,1.0,0.3,5.3,8.3,7.4,2.5,4,1,→,2026-2030,6.21,马来西亚前端工程师：远程友好度高,Malaysia Front-end Engineer: highly remote-friendly,AI综合评估 + O*NET/ILO/OECD锚点校准,2026-04-13,2026-04-13,2000-2026
TECH-0101-PH-general,信息技术与数字化,TECH,软件开发,前端工程师,Front-end Engineer,2514,15-1254.00,东南亚,菲律宾,PH,country,general,本科/自学,20-28,global,4.5,4.0,5.9,6.1,7.2,7.6,4.1,4.6,3.5,5.6,5.1,9.8,5.4,3.7,3.9,6.8,6.4,2.0,4.4,4.8,9.3,6.7,5.2,5.8,6.8,5.8,5.6,4.7,0.9,0.2,5.9,8.7,8.0,2.9,4,1,→,2026-2030,5.89,菲律宾前端工程师：薪资水平偏低，远程友好度高,"Philippines Front-end Engineer: relatively low pay, highly remote-friendly",AI综合评估 + O*NET/ILO/OECD锚点校准,2026-04-13,2026-04-13,2000-2026
TECH-0101-IN-general,信息技术与数字化,TECH,软件开发,前端工程师,Front-end Engineer,2514,15-1254.00,南亚,印度,IN,country,general,本科/自学,20-28,global,4.7,4.9,7.3,5.7,9.8,10.0,6.3,6.4,5.6,6.6,4.6,9.5,6.4,3.2,3.9,7.0,7.6,1.6,4.8,6.8,10.0,6.7,4.7,7.2,8.0,4.3,5.2,5.0,1.2,0.5,6.1,8.3,8.8,1.7,4,1,→,2028-2033,6.53,印度前端工程师：远程友好度高，加班文化严重,"India Front-end Engineer: highly remote-friendly, heavy overtime culture",AI综合评估 + O*NET/ILO/OECD锚点校准,2026-04-13,2026-04-13,2000-2026
TECH-0101-PK-general,信息技术与数字化,TECH,软件开发,前端工程师,Front-end Engineer,2514,15-1254.00,南亚,巴基斯坦,PK,country,general,本科/自学,20-28,global,4.4,4.4,4.9,5.5,6.2,8.0,4.1,3.6,2.3,4.4,4.4,9.0,6.4,4.2,4.4,6.8,6.2,2.6,4.4,4.0,8.7,5.7,4.4,5.6,6.8,1.9,4.2,4.7,1.0,0.5,6.3,8.3,6.8,2.9,3,0,→,2026-2030,5.34,巴基斯坦前端工程师：薪资水平偏低，远程友好度高,"Pakistan Front-end Engineer: relatively low pay, highly remote-friendly",AI综合评估 + O*NET/ILO/OECD锚点校准,2026-04-13,2026-04-13,2000-2026
TECH-0101-BD-general,信息技术与数字化,TECH,软件开发,前端工程师,Front-end Engineer,2514,15-1254.00,南亚,孟加拉国,BD,country,general,本科/自学,20-28,global,4.8,4.6,5.3,5.7,6.2,6.6,4.5,3.4,1.7,4.6,3.9,9.3,5.1,4.4,4.1,6.8,5.2,2.6,4.1,3.4,8.1,6.4,4.2,5.6,7.0,2.2,5.2,5.0,0.6,0.5,5.7,7.7,6.6,2.1,3,0,→,2026-2030,5.25,孟加拉国前端工程师：薪资水平偏低，就业波动大,"Bangladesh Front-end Engineer: relatively low pay, volatile employment",AI综合评估 + O*NET/ILO/OECD锚点校准,2026-04-13,2026-04-13,2000-2026
TECH-0101-AE-general,信息技术与数字化,TECH,软件开发,前端工程师,Front-end Engineer,2514,15-1254.00,中亚/西亚,阿联酋,AE,country,general,本科/自学,20-28,global,4.7,4.4,6.7,6.4,8.0,8.0,5.7,6.6,9.5,9.1,6.1,9.8,6.1,4.2,4.4,7.4,6.2,1.3,4.9,7.0,7.5,6.4,5.2,7.0,7.2,5.8,5.2,4.9,1.2,0.3,4.9,7.3,9.0,1.7,4,1,→,2028-2033,6.78,阿联酋前端工程师：薪资回报高,United Arab Emirates Front-end Engineer: high compensation,AI综合评估 + O*NET/ILO/OECD锚点校准,2026-04-13,2026-04-13,2000-2026
TECH-0101-IL-general,信息技术与数字化,TECH,软件开发,前端工程师,Front-end Engineer,2514,15-1254.00,中亚/西亚,以色列,IL,country,general,本科/自学,20-28,global,5.4,4.4,7.7,5.5,9.0,9.8,7.3,6.8,10.0,9.4,4.9,9.3,7.1,4.9,5.1,7.8,7.2,1.3,4.6,7.8,10.0,7.9,6.2,7.4,7.6,7.0,5.6,5.0,1.0,0.3,5.3,8.5,8.8,1.9,4,2,↑,2028-2033,7.21,以色列前端工程师：薪资回报高，远程友好度高,"Israel Front-end Engineer: high compensation, highly remote-friendly",AI综合评估 + O*NET/ILO/OECD锚点校准,2026-04-13,2026-04-13,2000-2026
TECH-0101-SA-general,信息技术与数字化,TECH,软件开发,前端工程师,Front-end Engineer,2514,15-1254.00,中亚/西亚,沙特阿拉伯,SA,country,general,本科/自学,20-28,global,5.3,4.3,6.5,6.3,7.4,8.2,4.7,4.4,6.8,7.6,6.4,9.5,6.4,4.7,4.4,6.8,6.2,1.9,4.6,6.4,7.2,7.2,4.9,6.0,7.2,3.4,4.6,5.3,0.9,0.3,5.7,6.9,6.8,2.3,4,1,→,2028-2033,6.18,沙特阿拉伯前端工程师：发展平稳,Saudi Arabia Front-end Engineer: steady development,AI综合评估 + O*NET/ILO/OECD锚点校准,2026-04-13,2026-04-13,2000-2026
TECH-0101-TR-general,信息技术与数字化,TECH,软件开发,前端工程师,Front-end Engineer,2514,15-1254.00,中亚/西亚,土耳其,TR,country,general,本科/自学,20-28,global,5.1,4.7,6.9,5.7,7.2,8.6,5.1,4.8,4.1,6.4,4.1,9.5,6.1,4.9,4.6,6.8,6.6,2.0,4.5,4.8,7.5,6.2,4.4,6.8,7.2,4.0,5.4,5.2,0.7,0.8,6.1,7.9,6.4,1.7,4,1,→,2028-2033,5.9,土耳其前端工程师：薪资水平偏低,Turkey Front-end Engineer: relatively low pay,AI综合评估 + O*NET/ILO/OECD锚点校准,2026-04-13,2026-04-13,2000-2026
TECH-0101-GB-general,信息技术与数字化,TECH,软件开发,前端工程师,Front-end Engineer,2514,15-1254.00,西欧,英国,GB,country,general,本科/自学,20-28,global,4.8,5.2,7.1,6.4,9.4,9.8,6.1,6.4,10.0,9.4,5.6,9.5,6.6,6.2,5.6,7.8,6.8,1.4,5.1,8.0,10.0,8.2,6.7,6.4,8.0,8.2,6.0,4.7,1.3,1.1,5.1,8.5,10.0,1.5,4,2,↑,2028-2033,7.3,英国前端工程师：薪资回报高，远程友好度高,"United Kingdom Front-end Engineer: high compensation, highly remote-friendly",AI综合评估 + O*NET/ILO/OECD锚点校准,2026-04-13,2026-04-13,2000-2026
TECH-0101-FR-general,信息技术与数字化,TECH,软件开发,前端工程师,Front-end Engineer,2514,15-1254.00,西欧,法国,FR,country,general,本科/自学,20-28,global,5.6,4.9,7.7,6.1,8.4,9.0,6.5,7.0,8.0,8.4,7.4,9.8,7.6,7.7,5.6,7.0,6.8,1.9,4.8,7.0,9.0,7.7,7.4,6.6,8.0,8.2,6.4,4.7,0.7,0.8,5.3,8.7,8.0,1.3,4,1,→,2028-2033,7.15,法国前端工程师：薪资回报高，远程友好度高，工作时间规律,"France Front-end Engineer: high compensation, highly remote-friendly, regular working hours",AI综合评估 + O*NET/ILO/OECD锚点校准,2026-04-13,2026-04-13,2000-2026
TECH-0101-DE-general,信息技术与数字化,TECH,软件开发,前端工程师,Front-end Engineer,2514,15-1254.00,西欧,德国,DE,country,general,本科/自学,20-28,global,5.7,4.3,7.5,6.6,8.4,9.2,6.1,6.4,9.8,8.1,7.6,9.8,7.9,7.9,6.4,7.2,7.6,1.7,4.8,6.8,8.4,7.7,8.4,7.0,8.8,7.0,6.0,5.3,0.7,0.5,5.5,7.5,8.6,1.3,4,1,→,2028-2033,7.31,德国前端工程师：薪资回报高，工作时间规律，就业稳定,"Germany Front-end Engineer: high compensation, regular working hours, stable employment",AI综合评估 + O*NET/ILO/OECD锚点校准,2026-04-13,2026-04-13,2000-2026
TECH-0101-NL-general,信息技术与数字化,TECH,软件开发,前端工程师,Front-end Engineer,2514,15-1254.00,西欧,荷兰,NL,country,general,本科/自学,20-28,global,4.8,4.4,7.1,6.4,8.0,8.6,5.9,6.4,9.8,8.4,6.9,9.8,7.4,8.7,7.1,7.6,6.2,1.6,4.4,7.0,10.0,7.7,8.2,7.4,7.6,9.4,6.4,5.5,1.0,0.5,5.3,8.9,8.8,2.1,4,1,→,2026-2030,7.37,荷兰前端工程师：薪资回报高，远程友好度高，工作时间规律,"Netherlands Front-end Engineer: high compensation, highly remote-friendly, regular working hours",AI综合评估 + O*NET/ILO/OECD锚点校准,2026-04-13,2026-04-13,2000-2026
TECH-0101-CH-general,信息技术与数字化,TECH,软件开发,前端工程师,Front-end Engineer,2514,15-1254.00,西欧,瑞士,CH,country,general,本科/自学,20-28,global,5.6,5.0,6.7,7.0,8.2,8.6,6.5,6.8,10.0,8.9,9.1,10.0,7.4,6.7,5.6,7.0,6.8,1.3,4.6,7.6,9.0,8.4,8.4,6.8,7.4,7.3,6.6,4.7,1.3,1.1,4.3,7.5,9.2,1.7,4,1,→,2028-2033,7.36,瑞士前端工程师：薪资回报高，远程友好度高，就业稳定,"Switzerland Front-end Engineer: high compensation, highly remote-friendly, stable employment",AI综合评估 + O*NET/ILO/OECD锚点校准,2026-04-13,2026-04-13,2000-2026
TECH-0101-SE-general,信息技术与数字化,TECH,软件开发,前端工程师,Front-end Engineer,2514,15-1254.00,北欧,瑞典,SE,country,general,本科/自学,20-28,global,5.6,4.9,7.7,6.6,8.0,8.4,5.7,5.8,8.9,8.9,6.9,9.8,7.9,9.2,7.4,7.8,6.8,1.9,4.5,7.0,10.0,8.2,9.2,6.6,8.0,10.0,6.2,4.7,1.0,1.2,4.9,8.1,9.0,2.3,4,1,→,2028-2033,7.34,瑞典前端工程师：薪资回报高，远程友好度高，工作时间规律,"Sweden Front-end Engineer: high compensation, highly remote-friendly, regular working hours",AI综合评估 + O*NET/ILO/OECD锚点校准,2026-04-13,2026-04-13,2000-2026
TECH-0101-DK-general,信息技术与数字化,TECH,软件开发,前端工程师,Front-end Engineer,2514,15-1254.00,北欧,丹麦,DK,country,general,本科/自学,20-28,global,5.1,4.4,6.7,6.9,7.2,7.8,5.9,6.6,9.5,7.9,6.9,10.0,8.4,8.9,7.4,6.8,5.8,1.6,4.4,6.6,10.0,7.9,8.2,6.8,7.8,9.7,6.4,4.7,0.6,1.1,5.1,7.7,8.6,1.7,4,1,→,2026-2030,7.24,丹麦前端工程师：薪资回报高，远程友好度高，工作时间规律,"Denmark Front-end Engineer: high compensation, highly remote-friendly, regular working hours",AI综合评估 + O*NET/ILO/OECD锚点校准,2026-04-13,2026-04-13,2000-2026
TECH-0101-FI-general,信息技术与数字化,TECH,软件开发,前端工程师,Front-end Engineer,2514,15-1254.00,北欧,芬兰,FI,country,general,本科/自学,20-28,global,5.4,5.0,7.1,6.7,7.2,8.0,6.3,6.0,6.8,7.4,7.4,9.8,7.6,8.4,6.6,7.2,6.4,1.7,4.9,6.4,10.0,8.4,8.9,6.8,7.4,10.0,6.2,5.5,1.5,1.1,5.5,8.3,9.2,2.5,4,1,→,2028-2033,7.11,芬兰前端工程师：远程友好度高，工作时间规律,"Finland Front-end Engineer: highly remote-friendly, regular working hours",AI综合评估 + O*NET/ILO/OECD锚点校准,2026-04-13,2026-04-13,2000-2026
TECH-0101-IT-general,信息技术与数字化,TECH,软件开发,前端工程师,Front-end Engineer,2514,15-1254.00,南欧,意大利,IT,country,general,本科/自学,20-28,global,5.3,4.4,6.1,6.1,8.2,8.4,5.3,4.6,7.1,6.9,5.4,9.5,7.1,4.7,5.1,6.6,6.4,1.9,4.4,6.2,8.4,7.7,5.9,7.0,8.0,4.6,5.4,4.7,1.2,0.8,5.7,7.5,8.0,2.7,4,1,→,2026-2030,6.36,意大利前端工程师：发展平稳,Italy Front-end Engineer: steady development,AI综合评估 + O*NET/ILO/OECD锚点校准,2026-04-13,2026-04-13,2000-2026
TECH-0101-ES-general,信息技术与数字化,TECH,软件开发,前端工程师,Front-end Engineer,2514,15-1254.00,南欧,西班牙,ES,country,general,本科/自学,20-28,global,5.6,4.6,6.3,5.4,7.2,8.2,5.3,4.8,6.8,6.9,5.6,9.5,6.6,5.2,6.1,6.6,6.2,1.9,4.2,6.0,9.9,7.4,6.9,6.2,7.2,5.8,5.8,5.2,0.9,1.1,5.7,7.9,8.0,1.7,4,1,→,2026-2030,6.4,西班牙前端工程师：远程友好度高,Spain Front-end Engineer: highly remote-friendly,AI综合评估 + O*NET/ILO/OECD锚点校准,2026-04-13,2026-04-13,2000-2026
TECH-0101-PT-general,信息技术与数字化,TECH,软件开发,前端工程师,Front-end Engineer,2514,15-1254.00,南欧,葡萄牙,PT,country,general,本科/自学,20-28,global,5.1,4.6,6.3,6.3,6.2,8.2,5.5,4.6,5.0,6.1,5.9,9.3,6.6,5.7,5.6,7.0,6.0,2.0,4.2,5.4,9.3,7.7,7.7,7.0,7.6,7.9,6.2,4.7,0.9,0.5,5.9,8.1,8.2,2.3,4,1,→,2026-2030,6.37,葡萄牙前端工程师：远程友好度高,Portugal Front-end Engineer: highly remote-friendly,AI综合评估 + O*NET/ILO/OECD锚点校准,2026-04-13,2026-04-13,2000-2026
TECH-0101-PL-general,信息技术与数字化,TECH,软件开发,前端工程师,Front-end Engineer,2514,15-1254.00,东欧,波兰,PL,country,general,本科/自学,20-28,global,4.7,4.6,6.3,6.1,7.6,8.0,6.1,4.6,5.9,7.6,5.9,9.3,7.1,6.4,5.9,6.8,7.0,2.3,4.9,6.6,9.9,6.7,7.4,6.4,8.0,6.1,5.8,4.7,0.6,0.3,5.7,8.3,8.6,2.3,4,1,→,2028-2033,6.62,波兰前端工程师：远程友好度高,Poland Front-end Engineer: highly remote-friendly,AI综合评估 + O*NET/ILO/OECD锚点校准,2026-04-13,2026-04-13,2000-2026
TECH-0101-CZ-general,信息技术与数字化,TECH,软件开发,前端工程师,Front-end Engineer,2514,15-1254.00,东欧,捷克,CZ,country,general,本科/自学,20-28,global,5.1,4.7,6.5,6.4,7.8,7.6,6.5,4.8,5.9,7.4,6.1,10.0,7.4,6.2,6.9,7.0,7.0,1.7,4.4,6.4,9.0,7.2,6.9,6.8,7.8,6.4,6.2,5.0,1.2,1.1,5.1,7.9,8.4,2.3,4,1,→,2026-2030,6.68,捷克前端工程师：远程友好度高,Czech Republic Front-end Engineer: highly remote-friendly,AI综合评估 + O*NET/ILO/OECD锚点校准,2026-04-13,2026-04-13,2000-2026
TECH-0101-RU-general,信息技术与数字化,TECH,软件开发,前端工程师,Front-end Engineer,2514,15-1254.00,东欧,俄罗斯,RU,country,general,本科/自学,20-28,global,5.0,4.3,7.1,6.0,8.4,8.8,5.3,4.4,5.3,7.4,4.6,9.3,6.1,4.9,5.6,7.6,6.6,2.0,4.6,6.4,9.9,6.2,5.9,7.2,7.8,5.8,4.8,5.0,0.6,0.0,5.9,7.7,5.0,1.7,4,1,→,2028-2033,6.33,俄罗斯前端工程师：远程友好度高,Russia Front-end Engineer: highly remote-friendly,AI综合评估 + O*NET/ILO/OECD锚点校准,2026-04-13,2026-04-13,2000-2026
TECH-0101-US-general,信息技术与数字化,TECH,软件开发,前端工程师,Front-end Engineer,2514,15-1254.00,北美,美国,US,country,general,本科/自学,20-28,global,5.1,4.4,8.5,5.5,9.4,10.0,6.9,6.2,10.0,9.4,4.9,9.3,6.6,4.2,4.6,8.0,7.6,1.6,4.8,8.2,10.0,7.4,5.7,7.6,8.8,7.3,6.0,5.0,0.7,0.9,5.5,8.1,8.8,1.7,4,2,↑,2028-2033,7.2,美国前端工程师：薪资回报高，远程友好度高,"United States Front-end Engineer: high compensation, highly remote-friendly",AI综合评估 + O*NET/ILO/OECD锚点校准,2026-04-13,2026-04-13,2000-2026
TECH-0101-CA-general,信息技术与数字化,TECH,软件开发,前端工程师,Front-end Engineer,2514,15-1254.00,北美,加拿大,CA,country,general,本科/自学,20-28,global,5.4,5.2,7.5,6.9,9.0,9.0,6.3,5.8,8.9,9.1,6.1,9.8,7.4,6.9,5.9,7.2,7.2,1.6,4.6,7.0,10.0,8.7,6.7,6.8,8.0,8.8,6.4,4.7,1.2,0.5,4.9,8.5,9.4,1.9,4,2,↑,2028-2033,7.24,加拿大前端工程师：薪资回报高，远程友好度高,"Canada Front-end Engineer: high compensation, highly remote-friendly",AI综合评估 + O*NET/ILO/OECD锚点校准,2026-04-13,2026-04-13,2000-2026
TECH-0101-MX-general,信息技术与数字化,TECH,软件开发,前端工程师,Front-end Engineer,2514,15-1254.00,北美,墨西哥,MX,country,general,本科/自学,20-28,global,5.4,4.1,5.7,5.4,7.4,9.2,5.5,5.0,3.8,6.4,5.1,9.3,6.1,4.4,3.9,6.4,6.0,1.9,4.4,5.8,8.7,6.7,5.7,6.6,7.8,5.8,5.4,5.2,1.0,0.0,5.5,7.5,6.2,1.9,4,1,→,2026-2030,6.02,墨西哥前端工程师：薪资水平偏低，远程友好度高,"Mexico Front-end Engineer: relatively low pay, highly remote-friendly",AI综合评估 + O*NET/ILO/OECD锚点校准,2026-04-13,2026-04-13,2000-2026
TECH-0101-BR-general,信息技术与数字化,TECH,软件开发,前端工程师,Front-end Engineer,2514,15-1254.00,南美,巴西,BR,country,general,本科/自学,20-28,global,4.7,4.4,7.1,6.1,8.2,10.0,5.7,4.6,4.4,6.6,4.9,9.5,6.6,3.9,4.4,7.2,7.2,2.3,4.4,5.8,9.0,6.9,6.2,6.4,7.2,6.1,5.8,4.7,1.2,0.3,5.7,8.1,7.0,2.1,4,1,→,2026-2030,6.26,巴西前端工程师：薪资水平偏低，远程友好度高,"Brazil Front-end Engineer: relatively low pay, highly remote-friendly",AI综合评估 + O*NET/ILO/OECD锚点校准,2026-04-13,2026-04-13,2000-2026
TECH-0101-AR-general,信息技术与数字化,TECH,软件开发,前端工程师,Front-end Engineer,2514,15-1254.00,南美,阿根廷,AR,country,general,本科/自学,20-28,global,5.1,4.6,5.7,5.1,7.4,7.0,5.3,4.4,4.7,4.9,3.4,9.0,6.1,5.2,5.1,6.6,5.4,1.9,4.2,5.6,9.3,6.7,6.2,6.0,6.6,4.9,5.4,4.9,1.0,0.3,5.9,7.9,6.4,1.9,4,1,→,2026-2030,5.83,阿根廷前端工程师：远程友好度高，就业波动大,"Argentina Front-end Engineer: highly remote-friendly, volatile employment",AI综合评估 + O*NET/ILO/OECD锚点校准,2026-04-13,2026-04-13,2000-2026
TECH-0101-CL-general,信息技术与数字化,TECH,软件开发,前端工程师,Front-end Engineer,2514,15-1254.00,南美,智利,CL,country,general,本科/自学,20-28,global,5.1,4.9,5.9,5.8,6.0,7.6,4.7,5.0,5.6,5.6,5.9,9.3,6.4,5.4,5.6,6.4,5.6,2.2,4.5,5.2,9.0,7.7,6.2,6.8,7.2,5.2,4.8,4.9,0.9,0.8,5.1,7.5,7.2,1.9,4,1,→,2028-2033,6.1,智利前端工程师：远程友好度高,Chile Front-end Engineer: highly remote-friendly,AI综合评估 + O*NET/ILO/OECD锚点校准,2026-04-13,2026-04-13,2000-2026
TECH-0101-CO-general,信息技术与数字化,TECH,软件开发,前端工程师,Front-end Engineer,2514,15-1254.00,南美,哥伦比亚,CO,country,general,本科/自学,20-28,global,5.3,4.6,5.3,5.2,6.8,8.0,4.5,5.0,3.5,5.1,3.9,9.5,5.6,4.9,5.6,6.4,6.2,2.0,4.1,4.4,9.6,6.4,5.2,5.8,7.4,5.2,5.6,5.3,1.3,0.0,5.7,8.5,5.8,2.5,4,1,→,2026-2030,5.75,哥伦比亚前端工程师：薪资水平偏低，远程友好度高，就业波动大,"Colombia Front-end Engineer: relatively low pay, highly remote-friendly, volatile employment",AI综合评估 + O*NET/ILO/OECD锚点校准,2026-04-13,2026-04-13,2000-2026
TECH-0101-AU-general,信息技术与数字化,TECH,软件开发,前端工程师,Front-end Engineer,2514,15-1254.00,大洋洲,澳大利亚,AU,country,general,本科/自学,20-28,global,5.0,4.9,6.9,6.7,8.2,9.2,6.5,6.6,8.6,8.1,6.9,10.0,7.6,7.7,5.9,8.0,7.2,1.4,4.9,7.2,9.6,7.4,7.7,6.2,8.4,9.1,6.2,4.9,1.0,1.1,5.7,8.7,9.0,1.3,4,1,→,2028-2033,7.28,澳大利亚前端工程师：薪资回报高，远程友好度高，工作时间规律,"Australia Front-end Engineer: high compensation, highly remote-friendly, regular working hours",AI综合评估 + O*NET/ILO/OECD锚点校准,2026-04-13,2026-04-13,2000-2026
TECH-0101-NZ-general,信息技术与数字化,TECH,软件开发,前端工程师,Front-end Engineer,2514,15-1254.00,大洋洲,新西兰,NZ,country,general,本科/自学,20-28,global,4.8,4.1,6.7,6.4,6.6,7.2,6.3,4.4,7.1,8.4,7.4,9.5,7.4,7.9,6.6,6.8,6.4,1.9,4.6,6.2,10.0,7.9,7.7,6.2,7.6,9.7,6.0,4.6,0.9,0.3,5.1,8.7,9.2,1.9,4,1,→,2028-2033,6.97,新西兰前端工程师：远程友好度高，工作时间规律,"New Zealand Front-end Engineer: highly remote-friendly, regular working hours",AI综合评估 + O*NET/ILO/OECD锚点校准,2026-04-13,2026-04-13,2000-2026
TECH-0101-ZA-general,信息技术与数字化,TECH,软件开发,前端工程师,Front-end Engineer,2514,15-1254.00,非洲,南非,ZA,country,general,本科/自学,20-28,global,4.8,4.1,6.3,5.5,6.4,7.0,5.3,4.4,4.4,5.6,4.9,9.3,6.4,5.7,5.6,6.8,6.0,2.0,4.6,5.2,8.4,6.4,5.9,6.6,6.8,5.5,5.0,4.9,1.3,0.0,5.9,8.3,6.2,2.3,4,1,→,2028-2033,5.99,南非前端工程师：薪资水平偏低,South Africa Front-end Engineer: relatively low pay,AI综合评估 + O*NET/ILO/OECD锚点校准,2026-04-13,2026-04-13,2000-2026
TECH-0101-NG-general,信息技术与数字化,TECH,软件开发,前端工程师,Front-end Engineer,2514,15-1254.00,非洲,尼日利亚,NG,country,general,本科/自学,20-28,global,5.0,3.7,5.3,5.1,6.0,8.2,4.1,2.8,3.2,4.4,3.4,9.3,5.6,3.9,4.1,7.2,6.0,2.8,4.1,5.0,7.8,7.2,4.4,5.2,6.4,3.7,4.8,5.2,1.2,0.0,6.3,8.1,6.8,2.1,3,0,→,2026-2030,5.38,尼日利亚前端工程师：薪资水平偏低，就业波动大,"Nigeria Front-end Engineer: relatively low pay, volatile employment",AI综合评估 + O*NET/ILO/OECD锚点校准,2026-04-13,2026-04-13,2000-2026
TECH-0101-KE-general,信息技术与数字化,TECH,软件开发,前端工程师,Front-end Engineer,2514,15-1254.00,非洲,肯尼亚,KE,country,general,本科/自学,20-28,global,5.1,4.3,5.1,5.4,6.2,6.8,5.1,3.2,1.7,4.4,4.6,9.3,6.1,4.7,4.4,6.2,5.4,2.3,4.4,4.4,8.7,5.7,5.2,6.4,7.0,4.6,4.4,4.6,0.9,0.0,5.9,7.3,6.8,2.7,3,0,→,2026-2030,5.42,肯尼亚前端工程师：薪资水平偏低，远程友好度高,"Kenya Front-end Engineer: relatively low pay, highly remote-friendly",AI综合评估 + O*NET/ILO/OECD锚点校准,2026-04-13,2026-04-13,2000-2026
TECH-0101-EG-general,信息技术与数字化,TECH,软件开发,前端工程师,Front-end Engineer,2514,15-1254.00,非洲,埃及,EG,country,general,本科/自学,20-28,global,5.3,4.3,5.5,5.2,6.4,7.8,5.1,2.8,2.3,4.6,3.6,9.0,5.9,3.7,3.6,6.2,5.6,2.3,4.2,4.4,6.9,6.2,4.4,6.2,6.6,2.5,5.4,4.9,0.9,0.2,5.9,8.3,6.2,2.9,3,0,→,2026-2030,5.26,埃及前端工程师：薪资水平偏低，就业波动大,"Egypt Front-end Engineer: relatively low pay, volatile employment",AI综合评估 + O*NET/ILO/OECD锚点校准,2026-04-13,2026-04-13,2000-2026
TECH-0102-CN-general,信息技术与数字化,TECH,软件开发,后端工程师,Back-end Engineer,2514,15-1252.00,东亚,中国,CN,country,general,本科,21-28,global,5.9,5.4,9.0,7.1,10.0,10.0,6.8,6.7,8.8,8.4,5.8,9.4,5.3,1.2,3.0,8.0,8.2,1.2,5.0,8.2,6.2,6.2,3.0,7.6,7.7,5.9,6.0,4.7,0.8,0.6,5.0,6.9,6.6,1.1,4,3,↑,2028-2033,6.73,中国后端工程师：薪资回报高，加班文化严重,"China Back-end Engineer: high compensation, heavy overtime culture",AI综合评估 + O*NET/ILO/OECD锚点校准,2026-04-13,2026-04-13,2000-2026
TECH-0102-JP-general,信息技术与数字化,TECH,软件开发,后端工程师,Back-end Engineer,2514,15-1252.00,东亚,日本,JP,country,general,本科,21-28,global,6.2,5.4,7.8,7.3,8.6,9.9,7.0,6.9,8.5,7.4,7.6,9.7,5.8,2.9,4.8,8.2,7.6,1.2,5.0,6.8,8.3,6.9,4.0,8.0,7.5,5.0,6.0,5.3,0.8,1.1,4.8,6.9,6.4,1.7,4,2,↑,2028-2033,6.83,日本后端工程师：薪资回报高，加班文化严重，就业稳定,"Japan Back-end Engineer: high compensation, heavy overtime culture, stable employment",AI综合评估 + O*NET/ILO/OECD锚点校准,2026-04-13,2026-04-13,2000-2026
TECH-0102-KR-general,信息技术与数字化,TECH,软件开发,后端工程师,Back-end Engineer,2514,15-1252.00,东亚,韩国,KR,country,general,本科,21-28,global,6.2,5.1,8.4,6.8,8.4,8.9,7.2,6.3,8.2,7.9,6.3,9.4,6.3,2.7,3.3,8.2,7.4,0.8,4.7,7.6,8.0,6.2,3.3,7.0,7.7,4.4,6.0,5.5,0.7,0.8,5.2,7.3,7.2,2.1,4,2,↑,2028-2033,6.67,韩国后端工程师：薪资回报高，加班文化严重,"South Korea Back-end Engineer: high compensation, heavy overtime culture",AI综合评估 + O*NET/ILO/OECD锚点校准,2026-04-13,2026-04-13,2000-2026
TECH-0102-TW-general,信息技术与数字化,TECH,软件开发,后端工程师,Back-end Engineer,2514,15-1252.00,东亚,中国台湾地区,TW,region,general,本科,21-28,global,5.9,4.8,7.4,6.8,8.6,8.7,7.4,7.1,7.3,7.7,6.3,9.4,5.5,2.7,5.0,8.4,7.4,1.2,5.3,6.8,7.7,6.4,5.0,7.8,7.5,5.9,6.4,5.0,1.1,0.6,5.0,7.9,8.6,2.3,4,2,↑,2028-2033,6.81,中国台湾地区后端工程师：加班文化严重,Taiwan (China) Back-end Engineer: heavy overtime culture,AI综合评估 + O*NET/ILO/OECD锚点校准,2026-04-13,2026-04-13,2000-2026
TECH-0102-HK-general,信息技术与数字化,TECH,软件开发,后端工程师,Back-end Engineer,2514,15-1252.00,东亚,中国香港地区,HK,region,general,本科,21-28,global,5.2,5.1,7.4,7.0,7.4,7.1,5.8,5.1,8.5,8.4,6.3,9.4,6.0,2.9,4.5,8.0,6.0,1.5,5.0,7.0,8.6,6.9,4.3,6.6,6.5,6.8,5.4,5.0,1.3,0.3,4.6,7.9,9.6,2.5,4,2,↑,2028-2033,6.62,中国香港地区后端工程师：薪资回报高，远程友好度高，加班文化严重,"Hong Kong (China) Back-end Engineer: high compensation, highly remote-friendly, heavy overtime culture",AI综合评估 + O*NET/ILO/OECD锚点校准,2026-04-13,2026-04-13,2000-2026
TECH-0102-SG-general,信息技术与数字化,TECH,软件开发,后端工程师,Back-end Engineer,2514,15-1252.00,东南亚,新加坡,SG,country,general,本科,21-28,global,6.2,5.0,8.4,7.9,8.2,8.3,7.6,6.5,10.0,8.9,8.1,9.7,5.8,4.7,5.0,8.2,7.2,1.4,4.9,8.2,9.2,6.9,5.0,7.2,7.5,7.1,6.0,4.7,0.7,0.5,4.2,7.7,10.0,1.7,4,3,↑,2028-2033,7.28,新加坡后端工程师：薪资回报高，人才需求旺盛，远程友好度高,"Singapore Back-end Engineer: high compensation, strong talent demand, highly remote-friendly",AI综合评估 + O*NET/ILO/OECD锚点校准,2026-04-13,2026-04-13,2000-2026
TECH-0102-TH-general,信息技术与数字化,TECH,软件开发,后端工程师,Back-end Engineer,2514,15-1252.00,东南亚,泰国,TH,country,general,本科,21-28,global,5.6,4.8,6.4,6.8,6.6,7.3,5.8,4.7,4.3,5.7,6.6,9.4,6.3,5.4,6.3,6.8,6.2,1.5,5.1,5.4,7.7,6.7,4.5,7.2,6.7,5.9,5.6,5.5,1.3,0.2,5.4,6.9,7.6,2.1,4,2,↑,2028-2033,6.2,泰国后端工程师：薪资水平偏低,Thailand Back-end Engineer: relatively low pay,AI综合评估 + O*NET/ILO/OECD锚点校准,2026-04-13,2026-04-13,2000-2026
TECH-0102-VN-general,信息技术与数字化,TECH,软件开发,后端工程师,Back-end Engineer,2514,15-1252.00,东南亚,越南,VN,country,general,本科,21-28,global,5.2,4.7,6.0,7.1,7.4,7.9,5.0,5.3,4.3,5.9,4.8,9.7,5.5,4.7,5.3,7.0,6.6,1.4,4.9,5.2,7.4,6.9,3.8,7.0,6.3,5.0,6.0,4.7,0.5,0.0,5.2,7.3,7.4,2.5,4,2,↑,2028-2033,6.07,越南后端工程师：薪资水平偏低,Vietnam Back-end Engineer: relatively low pay,AI综合评估 + O*NET/ILO/OECD锚点校准,2026-04-13,2026-04-13,2000-2026
TECH-0102-ID-general,信息技术与数字化,TECH,软件开发,后端工程师,Back-end Engineer,2514,15-1252.00,东南亚,印度尼西亚,ID,country,general,本科,21-28,global,5.2,4.5,6.4,6.8,7.4,7.7,5.2,5.7,4.6,4.9,5.6,9.4,5.8,4.2,5.8,7.6,6.8,1.4,5.0,5.0,7.1,7.2,5.3,7.0,7.3,4.1,5.6,4.7,1.3,0.3,5.4,6.9,6.4,1.5,4,2,↑,2028-2033,6.13,印度尼西亚后端工程师：发展平稳,Indonesia Back-end Engineer: steady development,AI综合评估 + O*NET/ILO/OECD锚点校准,2026-04-13,2026-04-13,2000-2026
TECH-0102-MY-general,信息技术与数字化,TECH,软件开发,后端工程师,Back-end Engineer,2514,15-1252.00,东南亚,马来西亚,MY,country,general,本科,21-28,global,5.0,4.8,6.2,7.0,6.6,7.3,5.6,4.7,5.8,6.2,6.6,9.4,5.8,4.7,6.0,6.8,6.0,1.5,4.7,5.8,7.1,6.9,5.8,6.8,6.9,4.7,5.8,5.0,1.0,0.6,5.0,7.5,7.8,1.9,4,2,↑,2028-2033,6.26,马来西亚后端工程师：发展平稳,Malaysia Back-end Engineer: steady development,AI综合评估 + O*NET/ILO/OECD锚点校准,2026-04-13,2026-04-13,2000-2026
TECH-0102-PH-general,信息技术与数字化,TECH,软件开发,后端工程师,Back-end Engineer,2514,15-1252.00,东南亚,菲律宾,PH,country,general,本科,21-28,global,5.6,5.4,6.8,7.0,7.4,7.5,5.4,5.5,4.0,5.2,5.8,9.2,5.8,3.9,5.5,7.2,6.0,1.5,4.9,5.4,8.3,6.7,5.3,6.4,6.7,6.2,5.2,5.2,1.1,0.2,4.6,8.1,8.0,2.9,4,2,↑,2028-2033,6.14,菲律宾后端工程师：薪资水平偏低,Philippines Back-end Engineer: relatively low pay,AI综合评估 + O*NET/ILO/OECD锚点校准,2026-04-13,2026-04-13,2000-2026
TECH-0102-IN-general,信息技术与数字化,TECH,软件开发,后端工程师,Back-end Engineer,2514,15-1252.00,南亚,印度,IN,country,general,本科,21-28,global,5.2,4.8,8.8,7.0,8.8,10.0,6.4,7.1,6.7,7.2,4.8,9.4,6.3,3.9,5.0,7.6,7.4,1.1,5.4,7.2,9.8,7.4,4.5,7.6,7.3,3.2,5.6,5.5,0.8,0.8,5.0,7.3,9.4,1.9,4,2,↑,2028-2033,6.86,印度后端工程师：远程友好度高,India Back-end Engineer: highly remote-friendly,AI综合评估 + O*NET/ILO/OECD锚点校准,2026-04-13,2026-04-13,2000-2026
TECH-0102-PK-general,信息技术与数字化,TECH,软件开发,后端工程师,Back-end Engineer,2514,15-1252.00,南亚,巴基斯坦,PK,country,general,本科,21-28,global,5.5,4.8,5.4,6.5,6.8,7.1,5.2,3.7,2.8,4.7,3.8,9.4,6.5,3.9,5.0,7.2,5.4,2.3,5.1,5.0,7.7,6.4,3.3,6.6,5.7,1.7,5.8,5.0,1.1,0.2,5.2,7.3,6.6,2.7,3,1,→,2028-2033,5.51,巴基斯坦后端工程师：薪资水平偏低，就业波动大,"Pakistan Back-end Engineer: relatively low pay, volatile employment",AI综合评估 + O*NET/ILO/OECD锚点校准,2026-04-13,2026-04-13,2000-2026
TECH-0102-BD-general,信息技术与数字化,TECH,软件开发,后端工程师,Back-end Engineer,2514,15-1252.00,南亚,孟加拉国,BD,country,general,本科,21-28,global,5.3,4.5,5.4,6.5,6.0,6.9,4.4,3.3,1.6,3.9,3.8,9.2,5.3,4.4,4.5,6.8,5.8,2.1,4.6,4.4,7.4,5.9,3.8,6.6,6.7,2.3,5.8,4.7,0.7,0.3,5.8,7.7,7.0,3.1,3,1,→,2028-2033,5.31,孟加拉国后端工程师：薪资水平偏低，就业波动大,"Bangladesh Back-end Engineer: relatively low pay, volatile employment",AI综合评估 + O*NET/ILO/OECD锚点校准,2026-04-13,2026-04-13,2000-2026
TECH-0102-AE-general,信息技术与数字化,TECH,软件开发,后端工程师,Back-end Engineer,2514,15-1252.00,中亚/西亚,阿联酋,AE,country,general,本科,21-28,global,5.9,5.6,7.6,7.1,7.6,7.1,6.2,6.7,10.0,8.9,6.8,9.7,5.5,5.2,5.8,8.2,6.6,1.4,4.9,8.0,7.4,6.4,4.3,7.2,7.1,4.4,6.2,5.3,1.3,0.8,4.8,6.9,9.8,1.7,4,2,↑,2028-2033,6.9,阿联酋后端工程师：薪资回报高,United Arab Emirates Back-end Engineer: high compensation,AI综合评估 + O*NET/ILO/OECD锚点校准,2026-04-13,2026-04-13,2000-2026
TECH-0102-IL-general,信息技术与数字化,TECH,软件开发,后端工程师,Back-end Engineer,2514,15-1252.00,中亚/西亚,以色列,IL,country,general,本科,21-28,global,6.1,5.4,8.2,6.5,9.0,8.5,7.8,6.5,10.0,9.4,6.3,9.4,6.8,5.2,4.5,8.6,6.8,0.9,5.4,8.6,9.5,7.2,6.0,7.8,6.9,7.7,6.4,5.2,1.3,0.6,4.8,7.3,9.6,2.1,4,3,↑,2028-2033,7.33,以色列后端工程师：薪资回报高，人才需求旺盛，远程友好度高,"Israel Back-end Engineer: high compensation, strong talent demand, highly remote-friendly",AI综合评估 + O*NET/ILO/OECD锚点校准,2026-04-13,2026-04-13,2000-2026
TECH-0102-SA-general,信息技术与数字化,TECH,软件开发,后端工程师,Back-end Engineer,2514,15-1252.00,中亚/西亚,沙特阿拉伯,SA,country,general,本科,21-28,global,5.3,4.7,6.8,7.1,7.2,7.9,5.4,4.7,7.3,6.9,7.1,9.4,5.5,4.2,5.5,7.6,6.0,1.7,5.0,6.6,5.9,7.2,4.3,6.8,7.3,2.3,5.4,5.3,1.1,0.3,4.8,7.5,8.0,2.3,4,2,↑,2028-2033,6.34,沙特阿拉伯后端工程师：发展平稳,Saudi Arabia Back-end Engineer: steady development,AI综合评估 + O*NET/ILO/OECD锚点校准,2026-04-13,2026-04-13,2000-2026
TECH-0102-TR-general,信息技术与数字化,TECH,软件开发,后端工程师,Back-end Engineer,2514,15-1252.00,中亚/西亚,土耳其,TR,country,general,本科,21-28,global,5.8,4.7,7.4,6.7,7.6,8.9,6.2,5.3,4.6,6.4,4.8,9.2,6.0,4.9,4.3,7.8,7.2,1.5,4.7,5.6,8.0,6.9,3.8,6.6,7.5,3.8,5.6,4.6,1.1,0.0,5.0,7.1,7.8,2.3,4,2,↑,2028-2033,6.22,土耳其后端工程师：发展平稳,Turkey Back-end Engineer: steady development,AI综合评估 + O*NET/ILO/OECD锚点校准,2026-04-13,2026-04-13,2000-2026
TECH-0102-GB-general,信息技术与数字化,TECH,软件开发,后端工程师,Back-end Engineer,2514,15-1252.00,西欧,英国,GB,country,general,本科,21-28,global,5.3,5.0,8.8,7.3,9.2,9.1,6.8,6.3,10.0,9.7,7.3,9.4,6.8,5.4,5.5,8.0,7.4,1.1,5.0,8.2,10.0,7.7,6.3,7.0,7.3,7.1,6.8,5.2,0.8,1.1,4.2,7.7,9.4,1.3,4,3,↑,2028-2033,7.46,英国后端工程师：薪资回报高，远程友好度高,"United Kingdom Back-end Engineer: high compensation, highly remote-friendly",AI综合评估 + O*NET/ILO/OECD锚点校准,2026-04-13,2026-04-13,2000-2026
TECH-0102-FR-general,信息技术与数字化,TECH,软件开发,后端工程师,Back-end Engineer,2514,15-1252.00,西欧,法国,FR,country,general,本科,21-28,global,6.1,5.1,8.2,7.9,9.0,9.1,7.2,6.7,7.6,8.4,7.3,10.0,6.8,7.7,6.5,8.2,7.0,1.1,4.9,7.4,8.6,7.2,7.3,7.6,8.1,7.1,7.4,4.6,1.1,0.3,4.2,7.5,8.8,1.9,4,2,↑,2028-2033,7.35,法国后端工程师：远程友好度高，工作时间规律,"France Back-end Engineer: highly remote-friendly, regular working hours",AI综合评估 + O*NET/ILO/OECD锚点校准,2026-04-13,2026-04-13,2000-2026
TECH-0102-DE-general,信息技术与数字化,TECH,软件开发,后端工程师,Back-end Engineer,2514,15-1252.00,西欧,德国,DE,country,general,本科,21-28,global,5.6,5.6,7.6,7.6,9.2,9.9,6.4,7.5,10.0,7.9,7.3,9.7,7.5,7.7,6.3,8.4,6.8,1.1,5.1,8.0,8.3,7.7,7.0,7.0,8.3,6.5,7.2,4.7,0.7,0.3,4.8,8.1,9.4,1.3,4,2,↑,2028-2033,7.47,德国后端工程师：薪资回报高，工作时间规律,"Germany Back-end Engineer: high compensation, regular working hours",AI综合评估 + O*NET/ILO/OECD锚点校准,2026-04-13,2026-04-13,2000-2026
TECH-0102-NL-general,信息技术与数字化,TECH,软件开发,后端工程师,Back-end Engineer,2514,15-1252.00,西欧,荷兰,NL,country,general,本科,21-28,global,5.5,5.4,7.2,7.1,8.6,7.9,6.4,6.5,10.0,8.9,8.1,9.4,8.8,7.9,7.8,8.6,6.6,1.2,5.3,7.2,10.0,7.4,8.5,7.6,7.3,8.3,7.0,5.0,1.0,0.9,5.2,7.7,10.0,2.1,4,2,↑,2028-2033,7.57,荷兰后端工程师：薪资回报高，远程友好度高，工作时间规律,"Netherlands Back-end Engineer: high compensation, highly remote-friendly, regular working hours",AI综合评估 + O*NET/ILO/OECD锚点校准,2026-04-13,2026-04-13,2000-2026
TECH-0102-CH-general,信息技术与数字化,TECH,软件开发,后端工程师,Back-end Engineer,2514,15-1252.00,西欧,瑞士,CH,country,general,本科,21-28,global,5.5,5.0,7.2,7.4,7.6,7.3,6.4,6.7,10.0,9.2,8.8,10.0,8.3,6.7,6.8,7.8,7.0,1.2,4.7,8.0,8.6,8.7,7.5,7.8,7.7,6.2,6.6,5.3,1.4,0.8,4.0,7.3,10.0,2.3,4,2,↑,2028-2033,7.46,瑞士后端工程师：薪资回报高，远程友好度高，就业稳定,"Switzerland Back-end Engineer: high compensation, highly remote-friendly, stable employment",AI综合评估 + O*NET/ILO/OECD锚点校准,2026-04-13,2026-04-13,2000-2026
TECH-0102-SE-general,信息技术与数字化,TECH,软件开发,后端工程师,Back-end Engineer,2514,15-1252.00,北欧,瑞典,SE,country,general,本科,21-28,global,5.8,5.7,7.2,7.7,8.2,8.3,6.4,7.3,10.0,8.2,7.8,10.0,7.8,9.7,8.3,8.0,7.0,0.9,4.9,7.4,10.0,8.4,9.0,7.0,7.1,9.5,6.6,4.7,1.3,0.5,4.8,7.7,9.8,1.9,4,2,↑,2028-2033,7.66,瑞典后端工程师：薪资回报高，远程友好度高，工作时间规律,"Sweden Back-end Engineer: high compensation, highly remote-friendly, regular working hours",AI综合评估 + O*NET/ILO/OECD锚点校准,2026-04-13,2026-04-13,2000-2026
TECH-0102-DK-general,信息技术与数字化,TECH,软件开发,后端工程师,Back-end Engineer,2514,15-1252.00,北欧,丹麦,DK,country,general,本科,21-28,global,6.1,5.3,7.6,7.7,7.0,7.3,6.0,6.3,9.1,7.7,7.6,10.0,8.5,8.9,7.8,7.8,6.6,1.2,5.1,7.4,9.5,8.2,8.0,7.8,7.5,9.2,6.6,4.7,1.0,0.9,5.0,8.1,10.0,1.5,4,2,↑,2028-2033,7.44,丹麦后端工程师：薪资回报高，远程友好度高，工作时间规律,"Denmark Back-end Engineer: high compensation, highly remote-friendly, regular working hours",AI综合评估 + O*NET/ILO/OECD锚点校准,2026-04-13,2026-04-13,2000-2026
TECH-0102-FI-general,信息技术与数字化,TECH,软件开发,后端工程师,Back-end Engineer,2514,15-1252.00,北欧,芬兰,FI,country,general,本科,21-28,global,5.5,5.6,6.8,7.1,8.2,7.1,7.2,6.5,8.5,8.4,7.3,9.7,8.3,9.2,7.3,8.0,7.2,0.8,5.3,8.0,10.0,7.4,7.8,7.6,6.9,9.5,6.4,5.0,1.3,0.5,4.4,8.1,9.8,1.5,4,2,↑,2028-2033,7.51,芬兰后端工程师：薪资回报高，远程友好度高，工作时间规律,"Finland Back-end Engineer: high compensation, highly remote-friendly, regular working hours",AI综合评估 + O*NET/ILO/OECD锚点校准,2026-04-13,2026-04-13,2000-2026
TECH-0102-IT-general,信息技术与数字化,TECH,软件开发,后端工程师,Back-end Engineer,2514,15-1252.00,南欧,意大利,IT,country,general,本科,21-28,global,5.9,5.6,6.6,6.8,7.0,7.9,5.6,5.7,7.3,6.4,5.3,9.4,7.3,4.9,6.3,7.6,6.4,1.4,5.1,6.4,7.1,7.7,5.3,7.6,7.5,5.3,6.0,4.7,1.1,0.9,5.4,7.5,8.2,2.5,4,2,↑,2028-2033,6.48,意大利后端工程师：发展平稳,Italy Back-end Engineer: steady development,AI综合评估 + O*NET/ILO/OECD锚点校准,2026-04-13,2026-04-13,2000-2026
TECH-0102-ES-general,信息技术与数字化,TECH,软件开发,后端工程师,Back-end Engineer,2514,15-1252.00,南欧,西班牙,ES,country,general,本科,21-28,global,5.5,4.8,7.0,6.5,7.8,7.3,5.6,5.9,6.4,7.4,4.8,9.7,7.5,5.2,5.8,7.8,6.6,1.2,4.7,6.0,8.0,8.2,5.8,6.6,6.9,6.2,6.0,5.0,1.1,0.8,5.4,7.7,8.6,2.5,4,2,↑,2028-2033,6.57,西班牙后端工程师：发展平稳,Spain Back-end Engineer: steady development,AI综合评估 + O*NET/ILO/OECD锚点校准,2026-04-13,2026-04-13,2000-2026
TECH-0102-PT-general,信息技术与数字化,TECH,软件开发,后端工程师,Back-end Engineer,2514,15-1252.00,南欧,葡萄牙,PT,country,general,本科,21-28,global,5.2,4.8,6.4,7.3,6.4,7.1,6.2,5.7,6.1,6.7,6.3,9.7,6.5,5.4,6.8,7.2,6.2,1.5,5.3,6.0,10.0,7.4,5.8,7.4,6.3,7.7,6.6,5.0,1.1,0.9,4.8,8.1,8.6,2.3,4,2,↑,2028-2033,6.69,葡萄牙后端工程师：远程友好度高,Portugal Back-end Engineer: highly remote-friendly,AI综合评估 + O*NET/ILO/OECD锚点校准,2026-04-13,2026-04-13,2000-2026
TECH-0102-PL-general,信息技术与数字化,TECH,软件开发,后端工程师,Back-end Engineer,2514,15-1252.00,东欧,波兰,PL,country,general,本科,21-28,global,5.9,4.8,6.8,7.7,7.2,7.5,6.2,5.7,7.3,6.9,6.3,9.4,6.5,5.7,6.5,7.4,7.0,1.4,5.0,6.4,9.5,6.9,6.5,7.2,7.1,6.5,5.8,4.7,1.0,0.9,5.4,7.3,9.2,1.7,4,2,↑,2028-2033,6.77,波兰后端工程师：远程友好度高,Poland Back-end Engineer: highly remote-friendly,AI综合评估 + O*NET/ILO/OECD锚点校准,2026-04-13,2026-04-13,2000-2026
TECH-0102-CZ-general,信息技术与数字化,TECH,软件开发,后端工程师,Back-end Engineer,2514,15-1252.00,东欧,捷克,CZ,country,general,本科,21-28,global,5.9,4.8,7.0,7.0,7.6,7.3,6.4,4.9,7.0,6.4,6.8,10.0,7.0,7.2,6.3,7.8,6.2,1.8,5.1,7.4,8.3,7.4,7.3,6.6,6.5,5.6,6.6,5.0,1.1,0.2,4.6,7.5,9.0,2.3,4,2,↑,2028-2033,6.79,捷克后端工程师：发展平稳,Czech Republic Back-end Engineer: steady development,AI综合评估 + O*NET/ILO/OECD锚点校准,2026-04-13,2026-04-13,2000-2026
TECH-0102-RU-general,信息技术与数字化,TECH,软件开发,后端工程师,Back-end Engineer,2514,15-1252.00,东欧,俄罗斯,RU,country,general,本科,21-28,global,5.5,5.3,6.8,7.0,7.6,7.9,5.8,5.3,4.9,6.9,4.3,9.4,6.3,5.4,5.5,8.0,6.4,1.8,4.9,6.8,8.3,7.7,5.3,7.2,7.3,6.2,5.4,4.9,0.7,0.0,5.2,7.1,6.2,2.3,4,2,↑,2028-2033,6.34,俄罗斯后端工程师：发展平稳,Russia Back-end Engineer: steady development,AI综合评估 + O*NET/ILO/OECD锚点校准,2026-04-13,2026-04-13,2000-2026
TECH-0102-US-general,信息技术与数字化,TECH,软件开发,后端工程师,Back-end Engineer,2514,15-1252.00,北美,美国,US,country,general,本科,21-28,global,5.8,5.6,9.4,6.5,10.0,9.9,7.4,6.5,10.0,9.7,6.6,9.4,6.0,3.7,4.0,8.0,7.6,1.1,5.5,8.0,10.0,7.9,4.8,7.6,7.5,8.0,5.8,5.2,1.3,0.6,4.8,8.5,9.0,1.5,4,3,↑,2028-2033,7.37,美国后端工程师：薪资回报高，远程友好度高,"United States Back-end Engineer: high compensation, highly remote-friendly",AI综合评估 + O*NET/ILO/OECD锚点校准,2026-04-13,2026-04-13,2000-2026
TECH-0102-CA-general,信息技术与数字化,TECH,软件开发,后端工程师,Back-end Engineer,2514,15-1252.00,北美,加拿大,CA,country,general,本科,21-28,global,5.5,5.6,7.6,7.7,9.0,9.5,6.6,7.3,9.7,8.4,6.3,9.4,7.8,7.2,7.3,8.2,6.8,1.4,5.4,7.4,10.0,8.2,7.8,7.2,7.5,8.9,6.0,5.2,0.8,0.5,4.4,8.5,10.0,1.3,4,3,↑,2028-2033,7.56,加拿大后端工程师：薪资回报高，远程友好度高,"Canada Back-end Engineer: high compensation, highly remote-friendly",AI综合评估 + O*NET/ILO/OECD锚点校准,2026-04-13,2026-04-13,2000-2026
TECH-0102-MX-general,信息技术与数字化,TECH,软件开发,后端工程师,Back-end Engineer,2514,15-1252.00,北美,墨西哥,MX,country,general,本科,21-28,global,5.6,4.7,6.8,7.0,7.4,8.1,6.2,4.9,4.0,5.9,5.1,9.4,6.0,4.2,5.0,7.4,6.0,1.7,5.0,5.2,8.6,6.2,5.0,6.6,6.7,3.5,5.8,4.9,0.7,0.0,5.6,7.7,7.0,2.1,4,2,↑,2028-2033,6.09,墨西哥后端工程师：薪资水平偏低，远程友好度高,"Mexico Back-end Engineer: relatively low pay, highly remote-friendly",AI综合评估 + O*NET/ILO/OECD锚点校准,2026-04-13,2026-04-13,2000-2026
TECH-0102-BR-general,信息技术与数字化,TECH,软件开发,后端工程师,Back-end Engineer,2514,15-1252.00,南美,巴西,BR,country,general,本科,21-28,global,5.3,5.0,7.0,7.0,7.6,9.1,5.8,4.9,5.8,6.9,4.3,9.2,6.8,4.2,5.3,7.4,7.0,1.7,4.5,6.2,8.6,6.2,5.8,6.4,7.1,4.4,6.4,5.2,0.8,0.5,5.0,8.3,7.0,2.1,4,2,↑,2028-2033,6.33,巴西后端工程师：远程友好度高,Brazil Back-end Engineer: highly remote-friendly,AI综合评估 + O*NET/ILO/OECD锚点校准,2026-04-13,2026-04-13,2000-2026
TECH-0102-AR-general,信息技术与数字化,TECH,软件开发,后端工程师,Back-end Engineer,2514,15-1252.00,南美,阿根廷,AR,country,general,本科,21-28,global,5.3,5.3,6.0,6.5,6.2,7.5,5.8,5.7,4.3,5.4,4.1,9.4,6.3,5.4,5.0,7.0,6.2,1.5,4.6,6.0,8.3,6.2,4.8,6.2,6.1,5.6,6.2,4.7,1.0,0.3,5.2,7.3,7.6,2.5,4,2,↑,2028-2033,6.01,阿根廷后端工程师：薪资水平偏低,Argentina Back-end Engineer: relatively low pay,AI综合评估 + O*NET/ILO/OECD锚点校准,2026-04-13,2026-04-13,2000-2026
TECH-0102-CL-general,信息技术与数字化,TECH,软件开发,后端工程师,Back-end Engineer,2514,15-1252.00,南美,智利,CL,country,general,本科,21-28,global,5.8,5.3,6.8,7.0,7.0,7.1,5.2,5.1,5.5,6.2,6.6,9.4,6.8,4.9,6.3,7.4,5.8,1.5,4.7,6.0,7.7,7.4,5.5,6.4,5.9,5.0,5.4,4.9,0.7,0.8,4.8,7.7,7.2,1.9,4,2,↑,2028-2033,6.27,智利后端工程师：发展平稳,Chile Back-end Engineer: steady development,AI综合评估 + O*NET/ILO/OECD锚点校准,2026-04-13,2026-04-13,2000-2026
TECH-0102-CO-general,信息技术与数字化,TECH,软件开发,后端工程师,Back-end Engineer,2514,15-1252.00,南美,哥伦比亚,CO,country,general,本科,21-28,global,5.6,4.7,5.8,6.5,6.2,7.5,4.8,5.1,3.7,5.2,4.8,9.4,5.8,4.4,5.5,7.2,5.4,1.8,5.0,5.4,7.7,6.7,4.8,6.4,6.9,4.1,6.0,4.7,0.8,0.5,5.4,7.7,6.6,2.7,4,2,↑,2028-2033,5.84,哥伦比亚后端工程师：薪资水平偏低,Colombia Back-end Engineer: relatively low pay,AI综合评估 + O*NET/ILO/OECD锚点校准,2026-04-13,2026-04-13,2000-2026
TECH-0102-AU-general,信息技术与数字化,TECH,软件开发,后端工程师,Back-end Engineer,2514,15-1252.00,大洋洲,澳大利亚,AU,country,general,本科,21-28,global,5.8,5.1,8.0,7.6,8.8,9.1,7.0,6.7,10.0,8.9,6.8,10.0,7.3,7.4,7.0,7.6,7.0,0.8,5.1,7.8,10.0,7.7,7.3,7.8,7.9,8.3,6.8,4.9,1.0,0.9,4.6,7.7,9.0,2.3,4,2,↑,2028-2033,7.55,澳大利亚后端工程师：薪资回报高，远程友好度高,"Australia Back-end Engineer: high compensation, highly remote-friendly",AI综合评估 + O*NET/ILO/OECD锚点校准,2026-04-13,2026-04-13,2000-2026
TECH-0102-NZ-general,信息技术与数字化,TECH,软件开发,后端工程师,Back-end Engineer,2514,15-1252.00,大洋洲,新西兰,NZ,country,general,本科,21-28,global,5.5,5.3,7.6,7.9,7.0,6.5,5.8,4.9,7.6,7.4,8.1,9.7,7.3,7.2,7.5,7.4,6.8,1.5,4.9,6.4,9.8,7.4,8.5,7.4,6.5,8.9,6.4,4.9,1.1,1.1,4.4,7.5,9.2,2.5,4,2,↑,2028-2033,7.07,新西兰后端工程师：远程友好度高，就业稳定,"New Zealand Back-end Engineer: highly remote-friendly, stable employment",AI综合评估 + O*NET/ILO/OECD锚点校准,2026-04-13,2026-04-13,2000-2026
TECH-0102-ZA-general,信息技术与数字化,TECH,软件开发,后端工程师,Back-end Engineer,2514,15-1252.00,非洲,南非,ZA,country,general,本科,21-28,global,5.9,4.7,6.6,6.8,6.4,7.5,5.8,5.1,5.5,5.7,4.8,9.4,5.5,5.2,5.8,6.8,6.2,1.8,5.0,5.8,8.0,5.9,4.5,6.4,6.9,5.3,5.6,4.7,0.8,0.2,5.4,6.9,6.8,2.3,4,2,↑,2028-2033,6.07,南非后端工程师：发展平稳,South Africa Back-end Engineer: steady development,AI综合评估 + O*NET/ILO/OECD锚点校准,2026-04-13,2026-04-13,2000-2026
TECH-0102-NG-general,信息技术与数字化,TECH,软件开发,后端工程师,Back-end Engineer,2514,15-1252.00,非洲,尼日利亚,NG,country,general,本科,21-28,global,5.6,4.5,5.4,6.8,6.8,7.1,4.8,3.9,3.1,5.2,3.8,9.2,6.0,4.4,4.3,7.0,6.2,2.1,5.0,4.6,7.1,6.7,3.5,6.8,6.5,2.3,5.4,4.6,1.4,0.3,5.6,7.3,6.8,2.5,3,1,→,2028-2033,5.56,尼日利亚后端工程师：薪资水平偏低，就业波动大,"Nigeria Back-end Engineer: relatively low pay, volatile employment",AI综合评估 + O*NET/ILO/OECD锚点校准,2026-04-13,2026-04-13,2000-2026
TECH-0102-KE-general,信息技术与数字化,TECH,软件开发,后端工程师,Back-end Engineer,2514,15-1252.00,非洲,肯尼亚,KE,country,general,本科,21-28,global,5.8,5.0,6.0,6.2,6.6,6.5,5.6,3.3,3.4,4.7,4.8,9.2,5.5,5.4,4.8,7.2,6.0,2.0,4.7,5.2,6.8,6.2,4.5,7.0,6.5,3.5,5.6,4.9,1.4,0.5,5.2,6.9,7.0,2.5,3,1,→,2028-2033,5.66,肯尼亚后端工程师：薪资水平偏低,Kenya Back-end Engineer: relatively low pay,AI综合评估 + O*NET/ILO/OECD锚点校准,2026-04-13,2026-04-13,2000-2026
TECH-0102-EG-general,信息技术与数字化,TECH,软件开发,后端工程师,Back-end Engineer,2514,15-1252.00,非洲,埃及,EG,country,general,本科,21-28,global,4.9,4.8,5.8,7.0,6.4,7.7,5.0,3.3,4.0,4.4,5.3,9.4,6.3,4.2,5.3,7.4,6.2,2.1,4.6,4.8,7.7,6.2,5.3,7.0,6.7,2.3,6.0,4.6,1.0,0.0,5.2,7.9,6.8,2.5,3,1,→,2028-2033,5.79,埃及后端工程师：薪资水平偏低,Egypt Back-end Engineer: relatively low pay,AI综合评估 + O*NET/ILO/OECD锚点校准,2026-04-13,2026-04-13,2000-2026
TECH-0103-CN-general,信息技术与数字化,TECH,软件开发,全栈工程师,Full-stack Engineer,2514,15-1252.00,东亚,中国,CN,country,general,本科/自学,21-28,global,6.4,5.2,9.3,6.2,9.7,9.9,7.2,7.6,8.8,8.7,5.3,9.5,5.7,1.4,2.8,9.6,7.9,1.9,5.5,8.2,7.3,6.4,3.7,7.7,9.2,5.2,5.1,5.2,1.0,0.3,5.5,8.5,7.3,1.0,4,3,↑,2028-2033,6.89,中国全栈工程师：薪资回报高，加班文化严重,"China Full-stack Engineer: high compensation, heavy overtime culture",AI综合评估 + O*NET/ILO/OECD锚点校准,2026-04-13,2026-04-13,2000-2026
TECH-0103-JP-general,信息技术与数字化,TECH,软件开发,全栈工程师,Full-stack Engineer,2514,15-1252.00,东亚,日本,JP,country,general,本科/自学,21-28,global,6.4,5.5,8.3,7.2,9.7,7.9,7.6,7.4,9.1,8.7,7.1,9.7,5.4,2.4,4.0,8.6,7.3,1.6,5.1,7.0,8.5,6.2,4.7,7.9,9.4,4.0,5.9,5.3,1.2,0.2,5.7,8.3,6.9,1.6,4,2,↑,2028-2033,6.94,日本全栈工程师：薪资回报高，人才需求旺盛，远程友好度高,"Japan Full-stack Engineer: high compensation, strong talent demand, highly remote-friendly",AI综合评估 + O*NET/ILO/OECD锚点校准,2026-04-13,2026-04-13,2000-2026
TECH-0103-KR-general,信息技术与数字化,TECH,软件开发,全栈工程师,Full-stack Engineer,2514,15-1252.00,东亚,韩国,KR,country,general,本科/自学,21-28,global,6.7,5.5,8.7,6.5,9.1,7.5,7.0,7.6,9.4,8.4,6.3,9.5,5.2,1.2,3.3,8.6,6.9,1.5,5.4,7.0,7.6,7.2,3.7,7.9,9.0,3.7,4.9,5.5,1.3,0.3,5.3,8.9,8.1,1.0,4,2,↑,2028-2033,6.8,韩国全栈工程师：薪资回报高，加班文化严重,"South Korea Full-stack Engineer: high compensation, heavy overtime culture",AI综合评估 + O*NET/ILO/OECD锚点校准,2026-04-13,2026-04-13,2000-2026
TECH-0103-TW-general,信息技术与数字化,TECH,软件开发,全栈工程师,Full-stack Engineer,2514,15-1252.00,东亚,中国台湾地区,TW,region,general,本科/自学,21-28,global,5.8,5.2,7.9,6.9,8.3,7.7,8.0,7.8,7.3,8.2,6.6,9.7,6.4,2.9,4.8,8.6,6.9,1.5,4.9,6.6,6.7,7.2,4.9,6.7,8.6,5.2,5.7,5.3,1.2,0.6,5.7,8.5,7.7,2.0,4,2,↑,2028-2033,6.79,中国台湾地区全栈工程师：人才需求旺盛，加班文化严重,"Taiwan (China) Full-stack Engineer: strong talent demand, heavy overtime culture",AI综合评估 + O*NET/ILO/OECD锚点校准,2026-04-13,2026-04-13,2000-2026
TECH-0103-HK-general,信息技术与数字化,TECH,软件开发,全栈工程师,Full-stack Engineer,2514,15-1252.00,东亚,中国香港地区,HK,region,general,本科/自学,21-28,global,6.1,4.8,7.3,7.2,7.9,6.1,7.4,5.6,9.1,8.4,5.6,9.5,6.4,2.7,3.8,8.2,6.7,2.2,5.4,6.8,9.4,7.4,3.4,7.5,8.4,6.7,5.5,5.8,0.9,0.6,5.7,8.7,10.0,1.2,4,2,↑,2028-2033,6.8,中国香港地区全栈工程师：薪资回报高，远程友好度高，加班文化严重,"Hong Kong (China) Full-stack Engineer: high compensation, highly remote-friendly, heavy overtime culture",AI综合评估 + O*NET/ILO/OECD锚点校准,2026-04-13,2026-04-13,2000-2026
TECH-0103-SG-general,信息技术与数字化,TECH,软件开发,全栈工程师,Full-stack Engineer,2514,15-1252.00,东南亚,新加坡,SG,country,general,本科/自学,21-28,global,5.8,5.4,8.9,6.9,8.7,7.3,7.2,7.8,10.0,10.0,7.8,9.5,6.9,3.2,4.5,9.2,6.9,1.3,5.5,8.4,9.7,7.4,5.7,6.9,9.2,7.6,6.1,5.6,1.3,0.6,4.7,8.9,10.0,1.8,4,3,↑,2028-2033,7.47,新加坡全栈工程师：薪资回报高，远程友好度高，加班文化严重,"Singapore Full-stack Engineer: high compensation, highly remote-friendly, heavy overtime culture",AI综合评估 + O*NET/ILO/OECD锚点校准,2026-04-13,2026-04-13,2000-2026
TECH-0103-TH-general,信息技术与数字化,TECH,软件开发,全栈工程师,Full-stack Engineer,2514,15-1252.00,东南亚,泰国,TH,country,general,本科/自学,21-28,global,5.8,5.1,6.7,6.6,8.1,6.9,5.2,6.4,4.6,5.4,5.8,9.2,5.4,5.2,5.5,8.0,6.7,2.1,4.6,5.4,6.7,7.4,5.4,6.9,8.0,5.8,5.5,5.2,0.9,0.5,5.1,7.9,7.1,2.2,4,2,↑,2028-2033,6.21,泰国全栈工程师：发展平稳,Thailand Full-stack Engineer: steady development,AI综合评估 + O*NET/ILO/OECD锚点校准,2026-04-13,2026-04-13,2000-2026
TECH-0103-VN-general,信息技术与数字化,TECH,软件开发,全栈工程师,Full-stack Engineer,2514,15-1252.00,东南亚,越南,VN,country,general,本科/自学,21-28,global,5.8,5.2,7.3,6.3,8.1,7.5,6.4,6.0,5.5,6.9,4.1,9.2,6.4,2.9,4.5,8.8,7.5,1.9,5.1,5.8,9.1,6.9,3.9,6.7,8.4,5.8,4.9,5.8,1.0,0.2,6.1,8.7,7.1,1.4,4,2,↑,2028-2033,6.35,越南全栈工程师：远程友好度高，加班文化严重,"Vietnam Full-stack Engineer: highly remote-friendly, heavy overtime culture",AI综合评估 + O*NET/ILO/OECD锚点校准,2026-04-13,2026-04-13,2000-2026
TECH-0103-ID-general,信息技术与数字化,TECH,软件开发,全栈工程师,Full-stack Engineer,2514,15-1252.00,东南亚,印度尼西亚,ID,country,general,本科/自学,21-28,global,5.8,4.3,7.5,6.6,8.3,7.1,6.0,5.6,4.0,6.2,4.1,9.7,6.4,4.9,5.3,8.0,7.1,1.9,5.0,5.2,8.5,7.7,5.2,6.5,8.8,5.2,5.5,5.6,0.9,0.6,5.5,8.5,6.9,1.6,4,2,↑,2028-2033,6.33,印度尼西亚全栈工程师：薪资水平偏低，远程友好度高,"Indonesia Full-stack Engineer: relatively low pay, highly remote-friendly",AI综合评估 + O*NET/ILO/OECD锚点校准,2026-04-13,2026-04-13,2000-2026
TECH-0103-MY-general,信息技术与数字化,TECH,软件开发,全栈工程师,Full-stack Engineer,2514,15-1252.00,东南亚,马来西亚,MY,country,general,本科/自学,21-28,global,5.7,5.4,7.1,6.6,8.1,5.5,6.4,5.6,6.4,6.7,5.3,9.7,6.2,3.7,4.8,8.2,6.3,2.2,4.6,6.2,8.2,7.7,4.4,7.5,8.6,5.2,5.9,5.3,0.9,0.9,4.9,7.7,7.7,2.0,4,2,↑,2028-2033,6.37,马来西亚全栈工程师：发展平稳,Malaysia Full-stack Engineer: steady development,AI综合评估 + O*NET/ILO/OECD锚点校准,2026-04-13,2026-04-13,2000-2026
TECH-0103-PH-general,信息技术与数字化,TECH,软件开发,全栈工程师,Full-stack Engineer,2514,15-1252.00,东南亚,菲律宾,PH,country,general,本科/自学,21-28,global,5.7,5.2,6.7,6.5,6.9,6.7,5.6,5.4,4.3,5.7,4.8,9.5,6.7,3.2,4.3,8.8,7.1,2.1,4.7,5.0,10.0,7.7,4.4,7.3,8.2,7.0,4.9,5.5,1.3,0.5,5.1,8.9,8.7,2.0,4,2,↑,2028-2033,6.25,菲律宾全栈工程师：薪资水平偏低，远程友好度高，加班文化严重,"Philippines Full-stack Engineer: relatively low pay, highly remote-friendly, heavy overtime culture",AI综合评估 + O*NET/ILO/OECD锚点校准,2026-04-13,2026-04-13,2000-2026
TECH-0103-IN-general,信息技术与数字化,TECH,软件开发,全栈工程师,Full-stack Engineer,2514,15-1252.00,南亚,印度,IN,country,general,本科/自学,21-28,global,6.1,5.5,9.1,6.0,9.9,8.9,6.6,7.8,6.7,7.4,4.8,9.5,5.9,2.9,4.3,8.8,7.7,1.8,5.0,7.2,9.7,6.4,4.7,7.3,9.4,4.3,5.5,5.9,0.7,0.5,5.9,9.1,8.7,1.0,4,2,↑,2028-2033,6.83,印度全栈工程师：远程友好度高，加班文化严重,"India Full-stack Engineer: highly remote-friendly, heavy overtime culture",AI综合评估 + O*NET/ILO/OECD锚点校准,2026-04-13,2026-04-13,2000-2026
TECH-0103-PK-general,信息技术与数字化,TECH,软件开发,全栈工程师,Full-stack Engineer,2514,15-1252.00,南亚,巴基斯坦,PK,country,general,本科/自学,21-28,global,5.7,4.6,6.3,5.4,6.9,6.3,5.0,4.2,4.3,5.4,3.8,9.5,6.2,2.7,4.3,7.8,6.7,2.7,4.9,5.4,9.1,6.9,3.9,6.9,8.0,1.6,4.5,5.8,1.5,0.0,5.9,8.7,6.9,2.2,3,1,→,2028-2033,5.74,巴基斯坦全栈工程师：薪资水平偏低，远程友好度高，加班文化严重,"Pakistan Full-stack Engineer: relatively low pay, highly remote-friendly, heavy overtime culture",AI综合评估 + O*NET/ILO/OECD锚点校准,2026-04-13,2026-04-13,2000-2026
TECH-0103-BD-general,信息技术与数字化,TECH,软件开发,全栈工程师,Full-stack Engineer,2514,15-1252.00,南亚,孟加拉国,BD,country,general,本科/自学,21-28,global,5.7,4.6,6.3,5.6,6.5,6.1,4.8,4.8,1.9,4.9,3.6,9.0,5.7,4.2,4.8,7.6,5.7,2.4,4.5,4.2,9.7,6.9,4.7,6.5,8.0,2.2,4.5,5.5,0.7,0.2,5.7,8.1,7.3,2.2,3,1,→,2028-2033,5.6,孟加拉国全栈工程师：薪资水平偏低，远程友好度高，就业波动大,"Bangladesh Full-stack Engineer: relatively low pay, highly remote-friendly, volatile employment",AI综合评估 + O*NET/ILO/OECD锚点校准,2026-04-13,2026-04-13,2000-2026
TECH-0103-AE-general,信息技术与数字化,TECH,软件开发,全栈工程师,Full-stack Engineer,2514,15-1252.00,中亚/西亚,阿联酋,AE,country,general,本科/自学,21-28,global,6.3,5.1,8.3,6.6,8.1,6.1,7.4,7.0,10.0,8.4,6.3,9.7,5.7,4.4,4.8,8.4,7.3,1.3,4.9,7.8,7.6,7.4,4.7,7.3,8.0,4.3,5.3,5.8,1.3,0.5,4.9,8.3,8.9,1.6,4,2,↑,2028-2033,6.98,阿联酋全栈工程师：薪资回报高,United Arab Emirates Full-stack Engineer: high compensation,AI综合评估 + O*NET/ILO/OECD锚点校准,2026-04-13,2026-04-13,2000-2026
TECH-0103-IL-general,信息技术与数字化,TECH,软件开发,全栈工程师,Full-stack Engineer,2514,15-1252.00,中亚/西亚,以色列,IL,country,general,本科/自学,21-28,global,6.4,5.5,9.1,6.3,8.7,7.7,7.4,7.4,10.0,9.2,5.6,9.5,6.9,4.7,4.0,9.2,7.7,1.6,5.5,8.2,10.0,7.7,6.2,8.1,8.2,7.3,6.1,5.5,1.3,0.5,5.7,8.3,9.5,1.2,4,3,↑,2028-2033,7.36,以色列全栈工程师：薪资回报高，远程友好度高,"Israel Full-stack Engineer: high compensation, highly remote-friendly",AI综合评估 + O*NET/ILO/OECD锚点校准,2026-04-13,2026-04-13,2000-2026
TECH-0103-SA-general,信息技术与数字化,TECH,软件开发,全栈工程师,Full-stack Engineer,2514,15-1252.00,中亚/西亚,沙特阿拉伯,SA,country,general,本科/自学,21-28,global,6.0,5.2,6.9,6.2,7.1,7.1,6.6,5.6,8.2,8.2,5.3,9.5,5.7,3.7,4.5,8.8,7.1,2.2,5.2,7.0,7.0,7.4,4.4,7.3,8.6,1.9,4.9,5.6,1.0,0.3,5.7,7.9,7.7,1.2,4,2,↑,2028-2033,6.47,沙特阿拉伯全栈工程师：薪资回报高,Saudi Arabia Full-stack Engineer: high compensation,AI综合评估 + O*NET/ILO/OECD锚点校准,2026-04-13,2026-04-13,2000-2026
TECH-0103-TR-general,信息技术与数字化,TECH,软件开发,全栈工程师,Full-stack Engineer,2514,15-1252.00,中亚/西亚,土耳其,TR,country,general,本科/自学,21-28,global,6.1,4.9,8.1,5.7,8.5,6.9,7.0,5.6,6.4,6.9,4.1,9.2,6.7,3.9,4.3,7.8,7.1,1.9,5.0,6.0,7.9,6.4,4.2,6.5,8.4,4.3,4.9,5.5,1.5,0.5,5.9,8.1,7.9,2.0,4,2,↑,2028-2033,6.32,土耳其全栈工程师：发展平稳,Turkey Full-stack Engineer: steady development,AI综合评估 + O*NET/ILO/OECD锚点校准,2026-04-13,2026-04-13,2000-2026
TECH-0103-GB-general,信息技术与数字化,TECH,软件开发,全栈工程师,Full-stack Engineer,2514,15-1252.00,西欧,英国,GB,country,general,本科/自学,21-28,global,6.3,5.5,8.5,6.9,9.5,8.7,7.6,7.6,10.0,10.0,6.6,9.7,7.7,4.9,5.3,9.0,8.3,1.9,5.0,7.6,10.0,8.2,6.2,7.9,9.0,7.9,5.7,5.3,1.0,0.9,5.9,8.7,10.0,1.2,4,3,↑,2028-2033,7.54,英国全栈工程师：薪资回报高，人才需求旺盛，远程友好度高,"United Kingdom Full-stack Engineer: high compensation, strong talent demand, highly remote-friendly",AI综合评估 + O*NET/ILO/OECD锚点校准,2026-04-13,2026-04-13,2000-2026
TECH-0103-FR-general,信息技术与数字化,TECH,软件开发,全栈工程师,Full-stack Engineer,2514,15-1252.00,西欧,法国,FR,country,general,本科/自学,21-28,global,6.1,5.7,7.7,7.1,9.3,7.7,7.0,6.8,9.1,8.4,6.1,9.7,7.7,7.2,6.5,8.8,6.9,1.6,5.2,7.6,9.4,8.2,7.4,6.7,9.0,7.9,6.3,5.0,0.7,0.5,4.5,9.3,8.7,2.0,4,2,↑,2028-2033,7.37,法国全栈工程师：薪资回报高，远程友好度高,"France Full-stack Engineer: high compensation, highly remote-friendly",AI综合评估 + O*NET/ILO/OECD锚点校准,2026-04-13,2026-04-13,2000-2026
TECH-0103-DE-general,信息技术与数字化,TECH,软件开发,全栈工程师,Full-stack Engineer,2514,15-1252.00,西欧,德国,DE,country,general,本科/自学,21-28,global,6.3,4.9,8.1,7.2,9.5,8.9,7.2,7.6,10.0,9.2,7.6,10.0,7.4,7.7,6.8,8.8,8.1,1.5,5.5,8.2,9.1,8.2,6.7,6.7,10.0,7.0,6.3,5.5,0.7,1.1,5.5,8.3,9.5,0.8,4,2,↑,2028-2033,7.7,德国全栈工程师：薪资回报高，远程友好度高，工作时间规律,"Germany Full-stack Engineer: high compensation, highly remote-friendly, regular working hours",AI综合评估 + O*NET/ILO/OECD锚点校准,2026-04-13,2026-04-13,2000-2026
TECH-0103-NL-general,信息技术与数字化,TECH,软件开发,全栈工程师,Full-stack Engineer,2514,15-1252.00,西欧,荷兰,NL,country,general,本科/自学,21-28,global,6.1,5.2,8.1,6.8,8.5,6.9,7.0,8.0,10.0,9.7,6.6,9.7,7.4,8.2,6.5,8.4,7.1,1.8,5.2,7.6,10.0,9.2,7.4,7.3,9.0,9.7,6.1,5.2,1.5,0.6,4.7,8.5,10.0,1.0,4,2,↑,2028-2033,7.66,荷兰全栈工程师：薪资回报高，远程友好度高，工作时间规律,"Netherlands Full-stack Engineer: high compensation, highly remote-friendly, regular working hours",AI综合评估 + O*NET/ILO/OECD锚点校准,2026-04-13,2026-04-13,2000-2026
TECH-0103-CH-general,信息技术与数字化,TECH,软件开发,全栈工程师,Full-stack Engineer,2514,15-1252.00,西欧,瑞士,CH,country,general,本科/自学,21-28,global,6.6,5.7,8.1,7.1,8.3,6.3,7.0,7.0,10.0,10.0,9.1,10.0,7.2,6.4,5.5,9.0,6.9,1.3,5.4,8.0,10.0,8.4,8.2,7.3,9.2,6.7,6.9,5.2,0.9,0.6,5.1,8.5,9.3,2.2,4,2,↑,2028-2033,7.59,瑞士全栈工程师：薪资回报高，远程友好度高，就业稳定,"Switzerland Full-stack Engineer: high compensation, highly remote-friendly, stable employment",AI综合评估 + O*NET/ILO/OECD锚点校准,2026-04-13,2026-04-13,2000-2026
TECH-0103-SE-general,信息技术与数字化,TECH,软件开发,全栈工程师,Full-stack Engineer,2514,15-1252.00,北欧,瑞典,SE,country,general,本科/自学,21-28,global,6.4,4.9,7.9,6.9,8.5,7.3,7.8,7.4,9.7,8.4,6.8,9.7,7.7,9.2,6.8,9.0,6.9,1.6,5.5,8.0,10.0,7.9,8.7,7.5,8.4,9.4,6.1,5.2,0.7,0.6,4.7,8.7,9.5,2.0,4,2,↑,2028-2033,7.67,瑞典全栈工程师：薪资回报高，人才需求旺盛，远程友好度高,"Sweden Full-stack Engineer: high compensation, strong talent demand, highly remote-friendly",AI综合评估 + O*NET/ILO/OECD锚点校准,2026-04-13,2026-04-13,2000-2026
TECH-0103-DK-general,信息技术与数字化,TECH,软件开发,全栈工程师,Full-stack Engineer,2514,15-1252.00,北欧,丹麦,DK,country,general,本科/自学,21-28,global,5.8,4.8,7.7,7.1,7.7,7.1,6.8,7.6,9.4,8.2,7.6,9.7,7.7,9.2,7.5,8.8,7.3,1.3,4.9,7.6,10.0,8.7,8.2,7.1,8.2,9.4,7.1,5.6,0.7,0.9,4.9,8.9,9.9,1.0,4,2,↑,2028-2033,7.68,丹麦全栈工程师：薪资回报高，远程友好度高，工作时间规律,"Denmark Full-stack Engineer: high compensation, highly remote-friendly, regular working hours",AI综合评估 + O*NET/ILO/OECD锚点校准,2026-04-13,2026-04-13,2000-2026
TECH-0103-FI-general,信息技术与数字化,TECH,软件开发,全栈工程师,Full-stack Engineer,2514,15-1252.00,北欧,芬兰,FI,country,general,本科/自学,21-28,global,6.7,4.8,7.5,7.4,8.7,6.5,7.2,7.0,8.5,8.2,6.8,9.7,7.7,8.2,7.3,9.4,6.9,1.5,5.1,7.2,10.0,9.2,8.2,7.9,8.8,10.0,6.5,5.5,1.0,1.1,4.7,8.5,9.3,1.6,4,2,↑,2028-2033,7.56,芬兰全栈工程师：薪资回报高，远程友好度高，工作时间规律,"Finland Full-stack Engineer: high compensation, highly remote-friendly, regular working hours",AI综合评估 + O*NET/ILO/OECD锚点校准,2026-04-13,2026-04-13,2000-2026
TECH-0103-IT-general,信息技术与数字化,TECH,软件开发,全栈工程师,Full-stack Engineer,2514,15-1252.00,南欧,意大利,IT,country,general,本科/自学,21-28,global,6.0,4.6,7.3,6.2,8.1,6.9,6.4,5.6,7.3,8.2,5.6,9.7,5.9,4.2,6.0,8.4,7.1,1.8,5.0,6.4,7.3,6.7,6.2,7.3,8.0,5.8,5.1,5.3,0.6,0.3,5.7,8.7,7.9,2.0,4,2,↑,2028-2033,6.66,意大利全栈工程师：发展平稳,Italy Full-stack Engineer: steady development,AI综合评估 + O*NET/ILO/OECD锚点校准,2026-04-13,2026-04-13,2000-2026
TECH-0103-ES-general,信息技术与数字化,TECH,软件开发,全栈工程师,Full-stack Engineer,2514,15-1252.00,南欧,西班牙,ES,country,general,本科/自学,21-28,global,6.0,5.4,6.9,6.3,7.9,6.9,6.2,6.2,6.4,6.7,4.6,9.5,6.9,4.7,4.5,8.6,7.1,2.4,5.2,6.0,8.8,7.9,6.9,7.3,8.4,7.0,5.5,5.8,0.7,0.3,6.1,8.1,8.9,1.6,4,2,↑,2028-2033,6.61,西班牙全栈工程师：远程友好度高,Spain Full-stack Engineer: highly remote-friendly,AI综合评估 + O*NET/ILO/OECD锚点校准,2026-04-13,2026-04-13,2000-2026
TECH-0103-PT-general,信息技术与数字化,TECH,软件开发,全栈工程师,Full-stack Engineer,2514,15-1252.00,南欧,葡萄牙,PT,country,general,本科/自学,21-28,global,6.3,4.9,7.5,6.8,6.9,5.9,6.4,5.8,6.1,6.4,6.1,9.7,6.7,5.4,6.0,8.4,6.7,2.1,5.2,5.6,9.1,8.4,5.9,6.5,8.6,6.1,5.7,5.8,0.6,0.9,5.3,8.9,9.3,1.8,4,2,↑,2028-2033,6.67,葡萄牙全栈工程师：远程友好度高,Portugal Full-stack Engineer: highly remote-friendly,AI综合评估 + O*NET/ILO/OECD锚点校准,2026-04-13,2026-04-13,2000-2026
TECH-0103-PL-general,信息技术与数字化,TECH,软件开发,全栈工程师,Full-stack Engineer,2514,15-1252.00,东欧,波兰,PL,country,general,本科/自学,21-28,global,6.1,5.5,7.3,6.3,7.7,6.3,6.4,5.6,7.9,8.2,6.3,9.7,7.4,5.4,5.3,8.6,6.9,2.2,4.7,6.8,10.0,7.9,6.4,6.7,9.2,7.0,6.1,5.8,1.2,0.6,4.7,9.1,8.3,1.2,4,2,↑,2028-2033,6.9,波兰全栈工程师：远程友好度高,Poland Full-stack Engineer: highly remote-friendly,AI综合评估 + O*NET/ILO/OECD锚点校准,2026-04-13,2026-04-13,2000-2026
TECH-0103-CZ-general,信息技术与数字化,TECH,软件开发,全栈工程师,Full-stack Engineer,2514,15-1252.00,东欧,捷克,CZ,country,general,本科/自学,21-28,global,6.1,5.4,7.1,6.9,7.9,6.9,6.4,5.8,7.0,7.4,6.8,9.5,7.2,6.2,6.5,9.2,7.3,2.2,5.1,6.2,8.8,7.2,6.2,6.7,8.6,5.8,6.7,5.5,1.3,0.8,5.7,8.5,9.1,1.6,4,2,↑,2028-2033,6.86,捷克全栈工程师：远程友好度高,Czech Republic Full-stack Engineer: highly remote-friendly,AI综合评估 + O*NET/ILO/OECD锚点校准,2026-04-13,2026-04-13,2000-2026
TECH-0103-RU-general,信息技术与数字化,TECH,软件开发,全栈工程师,Full-stack Engineer,2514,15-1252.00,东欧,俄罗斯,RU,country,general,本科/自学,21-28,global,6.3,5.2,8.1,6.2,7.9,7.3,7.2,6.2,5.8,6.9,4.3,9.2,5.9,5.2,5.8,8.6,7.3,1.9,5.4,7.0,10.0,7.2,4.2,6.9,8.2,4.6,5.7,5.6,0.9,0.0,5.9,8.3,6.1,1.0,4,2,↑,2028-2033,6.58,俄罗斯全栈工程师：远程友好度高,Russia Full-stack Engineer: highly remote-friendly,AI综合评估 + O*NET/ILO/OECD锚点校准,2026-04-13,2026-04-13,2000-2026
TECH-0103-US-general,信息技术与数字化,TECH,软件开发,全栈工程师,Full-stack Engineer,2514,15-1252.00,北美,美国,US,country,general,本科/自学,21-28,global,5.8,4.9,9.5,6.2,10.0,8.9,8.2,7.0,10.0,10.0,4.6,9.5,6.9,3.7,4.5,8.6,8.1,1.3,5.6,8.2,10.0,8.2,4.4,7.5,9.8,8.2,5.7,5.2,0.7,0.8,5.1,8.9,8.9,1.0,4,3,↑,2028-2033,7.47,美国全栈工程师：薪资回报高，人才需求旺盛，远程友好度高,"United States Full-stack Engineer: high compensation, strong talent demand, highly remote-friendly",AI综合评估 + O*NET/ILO/OECD锚点校准,2026-04-13,2026-04-13,2000-2026
TECH-0103-CA-general,信息技术与数字化,TECH,软件开发,全栈工程师,Full-stack Engineer,2514,15-1252.00,北美,加拿大,CA,country,general,本科/自学,21-28,global,6.4,5.2,9.1,7.2,9.1,7.7,6.8,6.8,10.0,9.7,6.6,9.5,7.2,5.9,5.8,8.4,7.9,1.8,5.1,7.8,10.0,8.9,7.2,7.3,9.6,8.8,5.9,5.3,0.9,0.3,5.3,9.5,9.7,0.8,4,3,↑,2028-2033,7.59,加拿大全栈工程师：薪资回报高，远程友好度高,"Canada Full-stack Engineer: high compensation, highly remote-friendly",AI综合评估 + O*NET/ILO/OECD锚点校准,2026-04-13,2026-04-13,2000-2026
TECH-0103-MX-general,信息技术与数字化,TECH,软件开发,全栈工程师,Full-stack Engineer,2514,15-1252.00,北美,墨西哥,MX,country,general,本科/自学,21-28,global,5.8,4.9,7.9,6.5,8.1,6.9,6.2,5.2,6.4,6.4,5.1,9.5,5.9,2.9,3.8,8.8,7.1,2.1,4.9,5.4,9.4,7.4,4.9,6.9,8.6,4.9,4.7,5.2,1.2,0.2,5.5,8.9,7.9,2.2,4,2,↑,2028-2033,6.39,墨西哥全栈工程师：远程友好度高，加班文化严重,"Mexico Full-stack Engineer: highly remote-friendly, heavy overtime culture",AI综合评估 + O*NET/ILO/OECD锚点校准,2026-04-13,2026-04-13,2000-2026
TECH-0103-BR-general,信息技术与数字化,TECH,软件开发,全栈工程师,Full-stack Engineer,2514,15-1252.00,南美,巴西,BR,country,general,本科/自学,21-28,global,5.5,4.8,7.3,6.0,8.5,8.3,6.2,5.2,6.4,6.7,4.8,9.5,5.9,4.2,5.5,7.8,7.1,2.1,4.7,5.8,8.8,7.7,6.2,6.7,9.0,4.6,5.5,5.5,1.0,0.6,5.9,8.9,6.5,1.0,4,2,↑,2028-2033,6.48,巴西全栈工程师：远程友好度高,Brazil Full-stack Engineer: highly remote-friendly,AI综合评估 + O*NET/ILO/OECD锚点校准,2026-04-13,2026-04-13,2000-2026
TECH-0103-AR-general,信息技术与数字化,TECH,软件开发,全栈工程师,Full-stack Engineer,2514,15-1252.00,南美,阿根廷,AR,country,general,本科/自学,21-28,global,6.4,5.1,6.9,5.9,7.3,6.5,6.4,5.8,4.3,6.7,3.6,9.0,6.9,4.9,4.5,8.6,6.5,1.8,4.9,5.4,9.1,8.2,5.4,7.1,7.8,4.6,5.1,5.8,0.6,0.0,5.3,8.1,7.1,1.8,4,2,↑,2028-2033,6.25,阿根廷全栈工程师：薪资水平偏低，远程友好度高，就业波动大,"Argentina Full-stack Engineer: relatively low pay, highly remote-friendly, volatile employment",AI综合评估 + O*NET/ILO/OECD锚点校准,2026-04-13,2026-04-13,2000-2026
TECH-0103-CL-general,信息技术与数字化,TECH,软件开发,全栈工程师,Full-stack Engineer,2514,15-1252.00,南美,智利,CL,country,general,本科/自学,21-28,global,6.0,5.4,6.9,6.8,7.5,5.7,6.0,5.4,5.8,6.2,5.8,9.7,5.9,4.9,5.5,7.8,6.3,1.8,5.2,6.0,9.1,7.2,4.9,6.3,7.6,4.3,5.7,5.6,1.2,0.6,5.7,8.1,7.5,2.0,4,2,↑,2028-2033,6.33,智利全栈工程师：远程友好度高,Chile Full-stack Engineer: highly remote-friendly,AI综合评估 + O*NET/ILO/OECD锚点校准,2026-04-13,2026-04-13,2000-2026
TECH-0103-CO-general,信息技术与数字化,TECH,软件开发,全栈工程师,Full-stack Engineer,2514,15-1252.00,南美,哥伦比亚,CO,country,general,本科/自学,21-28,global,5.5,4.8,6.7,6.2,6.9,5.7,6.2,5.2,4.9,5.2,4.8,9.5,6.4,3.7,5.0,7.8,6.5,1.9,4.6,6.2,8.5,6.4,4.7,6.3,7.8,4.9,5.7,5.0,0.9,0.5,6.3,8.3,6.9,1.6,4,2,↑,2028-2033,6.06,哥伦比亚全栈工程师：远程友好度高,Colombia Full-stack Engineer: highly remote-friendly,AI综合评估 + O*NET/ILO/OECD锚点校准,2026-04-13,2026-04-13,2000-2026
TECH-0103-AU-general,信息技术与数字化,TECH,软件开发,全栈工程师,Full-stack Engineer,2514,15-1252.00,大洋洲,澳大利亚,AU,country,general,本科/自学,21-28,global,6.4,5.5,8.1,7.2,8.1,7.9,7.0,7.2,9.7,8.4,7.6,9.7,6.9,6.4,7.0,8.6,7.1,1.3,5.5,7.8,10.0,8.7,7.4,6.9,8.6,7.9,5.9,5.9,1.5,1.2,5.7,9.3,9.9,1.6,4,2,↑,2028-2033,7.52,澳大利亚全栈工程师：薪资回报高，远程友好度高，就业稳定,"Australia Full-stack Engineer: high compensation, highly remote-friendly, stable employment",AI综合评估 + O*NET/ILO/OECD锚点校准,2026-04-13,2026-04-13,2000-2026
TECH-0103-NZ-general,信息技术与数字化,TECH,软件开发,全栈工程师,Full-stack Engineer,2514,15-1252.00,大洋洲,新西兰,NZ,country,general,本科/自学,21-28,global,6.0,4.9,7.9,6.9,7.5,6.1,7.4,6.4,7.9,7.7,6.3,9.7,7.2,6.9,6.5,9.0,7.1,1.8,4.9,6.6,10.0,8.2,8.2,6.9,8.8,8.8,5.9,5.0,1.0,0.5,5.3,8.3,9.5,1.4,4,2,↑,2028-2033,7.22,新西兰全栈工程师：远程友好度高,New Zealand Full-stack Engineer: highly remote-friendly,AI综合评估 + O*NET/ILO/OECD锚点校准,2026-04-13,2026-04-13,2000-2026
TECH-0103-ZA-general,信息技术与数字化,TECH,软件开发,全栈工程师,Full-stack Engineer,2514,15-1252.00,非洲,南非,ZA,country,general,本科/自学,21-28,global,5.5,4.9,6.5,6.0,7.5,6.7,5.8,5.8,6.1,6.7,5.1,9.5,6.7,4.4,5.3,8.2,6.5,2.1,5.0,5.0,7.6,6.4,4.9,6.9,8.0,5.2,5.1,5.8,0.7,0.8,6.1,7.9,7.1,1.2,4,2,↑,2028-2033,6.26,南非全栈工程师：发展平稳,South Africa Full-stack Engineer: steady development,AI综合评估 + O*NET/ILO/OECD锚点校准,2026-04-13,2026-04-13,2000-2026
TECH-0103-NG-general,信息技术与数字化,TECH,软件开发,全栈工程师,Full-stack Engineer,2514,15-1252.00,非洲,尼日利亚,NG,country,general,本科/自学,21-28,global,6.1,5.1,6.1,5.6,6.5,6.1,5.6,4.8,3.7,5.7,3.8,9.0,5.2,3.2,4.8,7.4,6.5,2.4,4.9,5.0,7.6,7.4,3.9,6.1,7.8,2.5,4.9,5.6,1.5,0.6,6.3,7.7,6.3,1.8,3,1,→,2028-2033,5.62,尼日利亚全栈工程师：薪资水平偏低，加班文化严重，就业波动大,"Nigeria Full-stack Engineer: relatively low pay, heavy overtime culture, volatile employment",AI综合评估 + O*NET/ILO/OECD锚点校准,2026-04-13,2026-04-13,2000-2026
TECH-0103-KE-general,信息技术与数字化,TECH,软件开发,全栈工程师,Full-stack Engineer,2514,15-1252.00,非洲,肯尼亚,KE,country,general,本科/自学,21-28,global,6.0,4.9,5.9,5.9,6.3,5.1,5.4,4.0,4.3,4.9,4.6,9.5,5.2,4.2,5.3,7.8,6.5,2.2,5.0,5.6,8.2,6.7,4.2,7.1,7.4,3.7,5.1,5.6,0.7,0.5,5.7,7.9,6.7,1.6,3,1,→,2028-2033,5.81,肯尼亚全栈工程师：薪资水平偏低,Kenya Full-stack Engineer: relatively low pay,AI综合评估 + O*NET/ILO/OECD锚点校准,2026-04-13,2026-04-13,2000-2026
TECH-0103-EG-general,信息技术与数字化,TECH,软件开发,全栈工程师,Full-stack Engineer,2514,15-1252.00,非洲,埃及,EG,country,general,本科/自学,21-28,global,6.0,5.1,6.1,5.9,6.9,5.9,6.0,4.6,2.8,5.2,4.3,9.0,6.4,3.9,4.8,7.8,6.3,2.7,4.6,5.4,7.9,7.4,3.9,6.9,7.8,2.2,4.7,5.9,0.7,0.5,6.1,8.3,6.9,2.0,3,1,→,2028-2033,5.7,埃及全栈工程师：薪资水平偏低,Egypt Full-stack Engineer: relatively low pay,AI综合评估 + O*NET/ILO/OECD锚点校准,2026-04-13,2026-04-13,2000-2026
TECH-0104-CN-general,信息技术与数字化,TECH,软件开发,移动应用开发工程师,Mobile App Developer,2514,15-1252.00,东亚,中国,CN,country,general,本科/自学,20-28,global,5.1,4.2,7.9,5.6,9.7,9.4,5.7,5.4,8.9,7.4,4.4,9.5,5.7,1.9,2.8,6.8,7.2,1.6,4.3,7.7,5.5,6.4,3.7,6.8,8.7,4.6,4.7,5.5,1.1,0.2,6.1,7.9,6.8,2.2,3,1,→,2026-2030,6.32,中国移动应用开发工程师：薪资回报高，加班文化严重,"China Mobile App Developer: high compensation, heavy overtime culture",AI综合评估 + O*NET/ILO/OECD锚点校准,2026-04-13,2026-04-13,2000-2026
TECH-0104-JP-general,信息技术与数字化,TECH,软件开发,移动应用开发工程师,Mobile App Developer,2514,15-1252.00,东亚,日本,JP,country,general,本科/自学,20-28,global,5.4,4.9,7.5,6.2,8.1,8.2,5.7,5.8,8.6,7.2,6.6,9.7,6.0,3.2,3.3,6.6,7.0,1.5,3.7,6.5,7.3,7.1,4.7,7.0,9.1,4.6,5.9,4.9,1.1,0.9,4.7,7.5,6.8,2.6,3,0,→,2026-2030,6.42,日本移动应用开发工程师：薪资回报高，AI替代风险较高，加班文化严重,"Japan Mobile App Developer: high compensation, high AI displacement risk, heavy overtime culture",AI综合评估 + O*NET/ILO/OECD锚点校准,2026-04-13,2026-04-13,2000-2026
TECH-0104-KR-general,信息技术与数字化,TECH,软件开发,移动应用开发工程师,Mobile App Developer,2514,15-1252.00,东亚,韩国,KR,country,general,本科/自学,20-28,global,4.9,4.6,6.5,6.1,7.9,8.8,5.7,5.4,7.7,7.4,6.6,9.5,5.0,2.2,4.1,7.0,7.2,1.8,4.4,7.3,6.7,6.4,4.2,7.4,8.1,3.7,5.3,4.6,0.5,0.6,4.9,7.9,7.2,2.6,3,0,→,2026-2030,6.32,韩国移动应用开发工程师：加班文化严重,South Korea Mobile App Developer: heavy overtime culture,AI综合评估 + O*NET/ILO/OECD锚点校准,2026-04-13,2026-04-13,2000-2026
TECH-0104-TW-general,信息技术与数字化,TECH,软件开发,移动应用开发工程师,Mobile App Developer,2514,15-1252.00,东亚,中国台湾地区,TW,region,general,本科/自学,20-28,global,4.9,4.9,6.7,5.5,7.7,7.4,5.5,5.8,5.9,7.2,6.6,9.5,6.2,3.4,4.3,7.2,6.2,1.6,4.4,6.9,7.9,5.9,3.9,7.0,8.5,5.2,5.1,4.7,1.3,0.6,5.1,7.5,7.0,2.4,3,0,→,2026-2030,6.23,中国台湾地区移动应用开发工程师：加班文化严重,Taiwan (China) Mobile App Developer: heavy overtime culture,AI综合评估 + O*NET/ILO/OECD锚点校准,2026-04-13,2026-04-13,2000-2026
TECH-0104-HK-general,信息技术与数字化,TECH,软件开发,移动应用开发工程师,Mobile App Developer,2514,15-1252.00,东亚,中国香港地区,HK,region,general,本科/自学,20-28,global,5.4,4.9,6.1,5.3,6.7,7.4,4.7,4.6,8.9,8.2,5.4,9.2,6.2,2.4,3.6,6.2,5.8,2.1,3.9,6.5,8.8,6.4,3.9,7.2,8.5,6.4,5.3,5.2,1.0,0.3,5.7,8.3,10.0,2.8,3,0,→,2026-2030,6.22,中国香港地区移动应用开发工程师：薪资回报高，AI替代风险较高，远程友好度高,"Hong Kong (China) Mobile App Developer: high compensation, high AI displacement risk, highly remote-friendly",AI综合评估 + O*NET/ILO/OECD锚点校准,2026-04-13,2026-04-13,2000-2026
TECH-0104-SG-general,信息技术与数字化,TECH,软件开发,移动应用开发工程师,Mobile App Developer,2514,15-1252.00,东南亚,新加坡,SG,country,general,本科/自学,20-28,global,5.2,4.6,6.7,6.4,7.3,7.8,6.1,5.6,10.0,8.9,7.6,9.5,7.0,4.7,5.1,7.0,6.8,1.8,4.3,7.3,9.1,7.1,4.9,6.6,8.9,7.6,5.7,5.0,1.0,0.5,4.9,8.5,10.0,2.2,3,1,→,2026-2030,6.95,新加坡移动应用开发工程师：薪资回报高，远程友好度高，就业稳定,"Singapore Mobile App Developer: high compensation, highly remote-friendly, stable employment",AI综合评估 + O*NET/ILO/OECD锚点校准,2026-04-13,2026-04-13,2000-2026
TECH-0104-TH-general,信息技术与数字化,TECH,软件开发,移动应用开发工程师,Mobile App Developer,2514,15-1252.00,东南亚,泰国,TH,country,general,本科/自学,20-28,global,4.5,4.9,5.5,5.8,6.9,6.8,4.3,3.8,3.5,5.2,4.9,9.7,6.2,4.9,5.6,5.8,5.6,1.8,3.7,5.1,6.4,6.6,4.2,6.6,7.9,5.5,5.7,4.7,1.3,0.2,5.5,7.3,7.0,3.4,3,0,→,2026-2030,5.65,泰国移动应用开发工程师：薪资水平偏低，AI替代风险较高,"Thailand Mobile App Developer: relatively low pay, high AI displacement risk",AI综合评估 + O*NET/ILO/OECD锚点校准,2026-04-13,2026-04-13,2000-2026
TECH-0104-VN-general,信息技术与数字化,TECH,软件开发,移动应用开发工程师,Mobile App Developer,2514,15-1252.00,东南亚,越南,VN,country,general,本科/自学,20-28,global,5.2,4.3,5.3,5.2,6.9,8.0,4.9,4.0,3.8,4.4,4.9,9.7,6.2,3.9,5.3,6.8,6.4,2.1,4.1,5.9,7.6,6.1,4.2,6.6,7.5,5.2,4.7,5.0,1.3,0.0,5.5,7.9,7.2,3.2,3,0,→,2026-2030,5.72,越南移动应用开发工程师：薪资水平偏低,Vietnam Mobile App Developer: relatively low pay,AI综合评估 + O*NET/ILO/OECD锚点校准,2026-04-13,2026-04-13,2000-2026
TECH-0104-ID-general,信息技术与数字化,TECH,软件开发,移动应用开发工程师,Mobile App Developer,2514,15-1252.00,东南亚,印度尼西亚,ID,country,general,本科/自学,20-28,global,5.1,3.9,5.9,5.2,6.7,7.6,3.9,4.6,3.8,5.7,4.9,9.7,5.7,4.4,6.1,5.8,5.6,2.4,4.0,4.7,6.1,6.4,5.4,5.8,7.7,4.3,4.9,5.0,1.3,0.3,5.5,7.7,6.0,2.2,3,0,→,2026-2030,5.64,印度尼西亚移动应用开发工程师：薪资水平偏低，供过于求，AI替代风险较高,"Indonesia Mobile App Developer: relatively low pay, oversupply of talent, high AI displacement risk",AI综合评估 + O*NET/ILO/OECD锚点校准,2026-04-13,2026-04-13,2000-2026
TECH-0104-MY-general,信息技术与数字化,TECH,软件开发,移动应用开发工程师,Mobile App Developer,2514,15-1252.00,东南亚,马来西亚,MY,country,general,本科/自学,20-28,global,5.2,4.3,5.1,5.6,7.1,6.2,4.9,4.2,4.7,5.7,5.6,9.5,6.5,4.9,5.6,6.2,6.2,2.1,4.0,5.5,7.3,7.1,5.4,6.8,7.5,4.3,5.9,5.5,1.3,0.5,5.3,7.3,7.2,3.2,3,0,→,2026-2030,5.89,马来西亚移动应用开发工程师：AI替代风险较高,Malaysia Mobile App Developer: high AI displacement risk,AI综合评估 + O*NET/ILO/OECD锚点校准,2026-04-13,2026-04-13,2000-2026
TECH-0104-PH-general,信息技术与数字化,TECH,软件开发,移动应用开发工程师,Mobile App Developer,2514,15-1252.00,东南亚,菲律宾,PH,country,general,本科/自学,20-28,global,4.9,4.5,4.7,4.9,6.3,6.6,4.9,3.8,2.9,4.7,4.6,9.2,6.5,3.9,5.3,6.2,6.0,2.1,4.1,5.3,7.9,7.1,4.7,6.0,7.9,7.0,5.1,5.2,1.0,0.2,5.3,8.5,7.4,2.6,3,0,→,2026-2030,5.66,菲律宾移动应用开发工程师：薪资水平偏低,Philippines Mobile App Developer: relatively low pay,AI综合评估 + O*NET/ILO/OECD锚点校准,2026-04-13,2026-04-13,2000-2026
TECH-0104-IN-general,信息技术与数字化,TECH,软件开发,移动应用开发工程师,Mobile App Developer,2514,15-1252.00,南亚,印度,IN,country,general,本科/自学,20-28,global,5.4,4.8,7.3,5.5,8.3,10.0,5.7,5.8,5.9,6.4,5.6,9.7,5.7,3.4,3.8,7.0,7.6,1.6,4.0,5.9,10.0,6.4,3.9,6.4,8.9,3.4,4.9,5.2,0.8,0.0,6.3,7.5,8.8,2.0,3,0,→,2026-2030,6.3,印度移动应用开发工程师：AI替代风险较高，远程友好度高，加班文化严重,"India Mobile App Developer: high AI displacement risk, highly remote-friendly, heavy overtime culture",AI综合评估 + O*NET/ILO/OECD锚点校准,2026-04-13,2026-04-13,2000-2026
TECH-0104-PK-general,信息技术与数字化,TECH,软件开发,移动应用开发工程师,Mobile App Developer,2514,15-1252.00,南亚,巴基斯坦,PK,country,general,本科/自学,20-28,global,4.5,4.3,4.7,4.6,6.5,6.8,3.7,2.8,2.0,3.7,3.9,9.0,6.5,3.4,4.6,5.6,5.0,2.2,3.6,4.9,9.1,6.1,4.4,5.4,7.5,2.5,4.9,4.9,1.3,0.3,5.5,8.1,6.4,2.8,2,-1,→,2026-2030,5.16,巴基斯坦移动应用开发工程师：薪资水平偏低，供过于求，AI替代风险较高,"Pakistan Mobile App Developer: relatively low pay, oversupply of talent, high AI displacement risk",AI综合评估 + O*NET/ILO/OECD锚点校准,2026-04-13,2026-04-13,2000-2026
TECH-0104-BD-general,信息技术与数字化,TECH,软件开发,移动应用开发工程师,Mobile App Developer,2514,15-1252.00,南亚,孟加拉国,BD,country,general,本科/自学,20-28,global,4.3,4.2,4.5,5.3,5.9,6.6,3.9,2.2,2.3,3.7,3.6,9.0,5.5,4.7,4.3,5.4,5.0,2.4,3.7,4.1,7.6,5.6,3.7,5.6,7.1,2.2,4.9,5.0,0.8,0.3,6.3,8.1,5.8,2.8,2,-1,→,2026-2030,5.01,孟加拉国移动应用开发工程师：薪资水平偏低，供过于求，AI替代风险较高,"Bangladesh Mobile App Developer: relatively low pay, oversupply of talent, high AI displacement risk",AI综合评估 + O*NET/ILO/OECD锚点校准,2026-04-13,2026-04-13,2000-2026
TECH-0104-AE-general,信息技术与数字化,TECH,软件开发,移动应用开发工程师,Mobile App Developer,2514,15-1252.00,中亚/西亚,阿联酋,AE,country,general,本科/自学,20-28,global,5.2,4.5,6.1,6.1,7.3,6.6,5.5,6.2,9.8,8.9,6.1,10.0,5.5,5.4,4.8,7.2,6.4,1.5,4.4,6.7,8.2,6.6,5.2,7.2,7.7,4.9,5.7,5.5,0.7,0.8,5.5,7.3,9.4,3.0,3,0,→,2026-2030,6.67,阿联酋移动应用开发工程师：薪资回报高,United Arab Emirates Mobile App Developer: high compensation,AI综合评估 + O*NET/ILO/OECD锚点校准,2026-04-13,2026-04-13,2000-2026
TECH-0104-IL-general,信息技术与数字化,TECH,软件开发,移动应用开发工程师,Mobile App Developer,2514,15-1252.00,中亚/西亚,以色列,IL,country,general,本科/自学,20-28,global,5.2,4.9,7.1,5.2,7.7,8.4,6.5,5.4,9.8,8.9,5.6,9.2,7.0,4.7,5.3,7.2,6.2,1.5,4.1,8.1,10.0,6.6,5.7,6.8,7.9,7.9,5.7,5.3,0.7,0.3,5.3,8.3,9.0,3.2,3,1,→,2026-2030,6.86,以色列移动应用开发工程师：薪资回报高，远程友好度高,"Israel Mobile App Developer: high compensation, highly remote-friendly",AI综合评估 + O*NET/ILO/OECD锚点校准,2026-04-13,2026-04-13,2000-2026
TECH-0104-SA-general,信息技术与数字化,TECH,软件开发,移动应用开发工程师,Mobile App Developer,2514,15-1252.00,中亚/西亚,沙特阿拉伯,SA,country,general,本科/自学,20-28,global,5.1,4.6,5.7,5.3,6.7,7.2,4.3,4.8,8.0,6.9,6.6,9.5,6.0,4.9,4.8,6.4,5.2,2.1,4.0,6.3,6.7,7.1,4.7,6.8,8.3,3.1,5.9,5.0,1.1,0.8,5.9,6.9,6.2,3.0,3,0,→,2026-2030,6.02,沙特阿拉伯移动应用开发工程师：薪资回报高，AI替代风险较高,"Saudi Arabia Mobile App Developer: high compensation, high AI displacement risk",AI综合评估 + O*NET/ILO/OECD锚点校准,2026-04-13,2026-04-13,2000-2026
TECH-0104-TR-general,信息技术与数字化,TECH,软件开发,移动应用开发工程师,Mobile App Developer,2514,15-1252.00,中亚/西亚,土耳其,TR,country,general,本科/自学,20-28,global,4.8,4.0,6.3,5.2,7.5,7.2,4.9,3.6,4.4,5.7,4.4,9.0,6.5,3.7,4.3,6.2,6.6,2.2,3.6,5.7,8.2,6.9,4.9,5.8,7.3,4.3,5.3,5.2,0.7,0.6,5.9,8.3,6.8,2.2,3,0,→,2026-2030,5.76,土耳其移动应用开发工程师：薪资水平偏低，AI替代风险较高,"Turkey Mobile App Developer: relatively low pay, high AI displacement risk",AI综合评估 + O*NET/ILO/OECD锚点校准,2026-04-13,2026-04-13,2000-2026
TECH-0104-GB-general,信息技术与数字化,TECH,软件开发,移动应用开发工程师,Mobile App Developer,2514,15-1252.00,西欧,英国,GB,country,general,本科/自学,20-28,global,5.1,4.6,7.3,5.8,8.9,8.2,5.7,6.4,9.5,8.9,6.1,9.5,6.2,5.4,5.3,7.0,6.4,1.8,4.3,7.3,10.0,7.6,6.4,7.4,8.7,7.9,5.9,5.3,1.1,0.5,5.7,8.3,8.8,2.0,3,1,→,2026-2030,7.02,英国移动应用开发工程师：薪资回报高，远程友好度高,"United Kingdom Mobile App Developer: high compensation, highly remote-friendly",AI综合评估 + O*NET/ILO/OECD锚点校准,2026-04-13,2026-04-13,2000-2026
TECH-0104-FR-general,信息技术与数字化,TECH,软件开发,移动应用开发工程师,Mobile App Developer,2514,15-1252.00,西欧,法国,FR,country,general,本科/自学,20-28,global,4.9,5.1,7.1,6.1,8.5,9.0,5.5,6.0,7.1,6.9,6.9,10.0,7.5,6.9,7.3,7.2,6.2,1.8,4.1,6.5,8.8,8.1,6.7,6.6,9.1,6.7,6.7,4.9,1.0,0.8,4.9,7.9,8.0,2.2,3,0,→,2026-2030,6.86,法国移动应用开发工程师：远程友好度高,France Mobile App Developer: highly remote-friendly,AI综合评估 + O*NET/ILO/OECD锚点校准,2026-04-13,2026-04-13,2000-2026
TECH-0104-DE-general,信息技术与数字化,TECH,软件开发,移动应用开发工程师,Mobile App Developer,2514,15-1252.00,西欧,德国,DE,country,general,本科/自学,20-28,global,5.4,4.3,7.7,6.4,8.1,9.2,5.7,6.2,9.2,7.4,7.4,10.0,7.0,7.4,7.6,6.6,6.6,1.5,4.1,7.1,9.1,7.1,7.9,7.4,8.9,7.3,6.3,5.5,1.3,0.8,5.1,8.1,8.8,2.6,3,0,→,2026-2030,7.17,德国移动应用开发工程师：薪资回报高，远程友好度高,"Germany Mobile App Developer: high compensation, highly remote-friendly",AI综合评估 + O*NET/ILO/OECD锚点校准,2026-04-13,2026-04-13,2000-2026
TECH-0104-NL-general,信息技术与数字化,TECH,软件开发,移动应用开发工程师,Mobile App Developer,2514,15-1252.00,西欧,荷兰,NL,country,general,本科/自学,20-28,global,5.1,4.6,6.9,6.4,8.1,8.2,6.1,6.2,10.0,8.2,6.4,9.7,8.2,8.2,8.3,6.8,6.0,1.6,4.3,6.9,10.0,8.6,8.7,7.2,8.7,9.4,6.1,5.2,1.4,0.5,5.1,8.7,9.8,3.2,3,0,→,2026-2030,7.36,荷兰移动应用开发工程师：薪资回报高，远程友好度高，工作时间规律,"Netherlands Mobile App Developer: high compensation, highly remote-friendly, regular working hours",AI综合评估 + O*NET/ILO/OECD锚点校准,2026-04-13,2026-04-13,2000-2026
TECH-0104-CH-general,信息技术与数字化,TECH,软件开发,移动应用开发工程师,Mobile App Developer,2514,15-1252.00,西欧,瑞士,CH,country,general,本科/自学,20-28,global,5.1,4.5,6.9,6.2,6.9,7.4,5.7,6.4,10.0,8.9,8.1,10.0,8.0,7.7,7.3,6.6,6.2,1.6,4.1,7.1,9.7,8.6,8.2,6.6,8.7,6.7,6.1,4.9,1.3,0.9,4.9,7.7,8.8,3.0,3,0,→,2026-2030,7.2,瑞士移动应用开发工程师：薪资回报高，远程友好度高，工作时间规律,"Switzerland Mobile App Developer: high compensation, highly remote-friendly, regular working hours",AI综合评估 + O*NET/ILO/OECD锚点校准,2026-04-13,2026-04-13,2000-2026
TECH-0104-SE-general,信息技术与数字化,TECH,软件开发,移动应用开发工程师,Mobile App Developer,2514,15-1252.00,北欧,瑞典,SE,country,general,本科/自学,20-28,global,5.2,4.6,6.9,6.2,7.5,8.0,6.5,6.4,8.0,8.2,7.1,9.7,8.5,8.7,8.3,6.8,5.8,1.5,4.1,7.1,10.0,7.6,7.4,7.2,8.3,9.4,6.7,4.9,1.3,1.1,4.7,8.7,9.2,3.2,3,0,→,2026-2030,7.21,瑞典移动应用开发工程师：薪资回报高，远程友好度高，工作时间规律,"Sweden Mobile App Developer: high compensation, highly remote-friendly, regular working hours",AI综合评估 + O*NET/ILO/OECD锚点校准,2026-04-13,2026-04-13,2000-2026
TECH-0104-DK-general,信息技术与数字化,TECH,软件开发,移动应用开发工程师,Mobile App Developer,2514,15-1252.00,北欧,丹麦,DK,country,general,本科/自学,20-28,global,4.8,4.6,6.3,6.2,7.1,6.6,5.1,5.8,8.9,7.2,6.9,9.7,8.0,9.4,7.6,7.0,6.4,1.6,4.0,6.5,9.1,8.1,7.9,7.0,8.7,10.0,6.7,5.2,1.0,1.2,4.5,8.3,9.0,2.4,3,0,→,2026-2030,7.09,丹麦移动应用开发工程师：薪资回报高，AI替代风险较高，远程友好度高,"Denmark Mobile App Developer: high compensation, high AI displacement risk, highly remote-friendly",AI综合评估 + O*NET/ILO/OECD锚点校准,2026-04-13,2026-04-13,2000-2026
TECH-0104-FI-general,信息技术与数字化,TECH,软件开发,移动应用开发工程师,Mobile App Developer,2514,15-1252.00,北欧,芬兰,FI,country,general,本科/自学,20-28,global,4.9,4.8,6.3,6.2,7.5,6.6,5.3,6.2,8.3,7.7,7.9,9.5,8.5,9.2,8.1,7.6,6.0,1.9,4.1,6.7,10.0,7.6,7.4,7.0,8.1,9.4,6.1,4.7,1.4,0.9,5.5,8.5,9.2,2.6,3,0,→,2026-2030,7.1,芬兰移动应用开发工程师：薪资回报高，远程友好度高，工作时间规律,"Finland Mobile App Developer: high compensation, highly remote-friendly, regular working hours",AI综合评估 + O*NET/ILO/OECD锚点校准,2026-04-13,2026-04-13,2000-2026
TECH-0104-IT-general,信息技术与数字化,TECH,软件开发,移动应用开发工程师,Mobile App Developer,2514,15-1252.00,南欧,意大利,IT,country,general,本科/自学,20-28,global,5.4,4.3,5.7,5.6,6.7,8.2,4.7,4.2,6.8,6.2,5.4,9.2,6.2,4.7,6.3,6.8,5.8,1.9,4.1,5.7,7.9,7.1,5.4,6.0,7.7,5.5,5.9,4.9,0.8,0.5,5.5,7.5,7.6,2.8,3,0,→,2026-2030,6.11,意大利移动应用开发工程师：发展平稳,Italy Mobile App Developer: steady development,AI综合评估 + O*NET/ILO/OECD锚点校准,2026-04-13,2026-04-13,2000-2026
TECH-0104-ES-general,信息技术与数字化,TECH,软件开发,移动应用开发工程师,Mobile App Developer,2514,15-1252.00,南欧,西班牙,ES,country,general,本科/自学,20-28,global,5.4,4.5,5.9,5.0,6.5,7.0,5.3,4.4,6.5,5.9,5.1,9.2,6.2,5.9,5.1,6.8,6.4,1.9,3.9,5.5,7.9,7.4,7.2,6.4,8.3,6.7,5.3,4.7,1.1,1.1,5.5,8.1,8.6,2.8,3,0,→,2026-2030,6.18,西班牙移动应用开发工程师：AI替代风险较高,Spain Mobile App Developer: high AI displacement risk,AI综合评估 + O*NET/ILO/OECD锚点校准,2026-04-13,2026-04-13,2000-2026
TECH-0104-PT-general,信息技术与数字化,TECH,软件开发,移动应用开发工程师,Mobile App Developer,2514,15-1252.00,南欧,葡萄牙,PT,country,general,本科/自学,20-28,global,5.4,4.3,5.3,5.2,6.1,6.2,4.5,4.6,5.6,5.4,5.6,9.2,7.2,5.7,5.8,6.2,5.4,2.1,3.5,6.3,9.4,7.9,6.4,6.4,8.1,6.1,5.7,5.2,1.0,0.3,5.9,8.7,8.6,3.2,3,0,→,2026-2030,6.09,葡萄牙移动应用开发工程师：AI替代风险较高，远程友好度高,"Portugal Mobile App Developer: high AI displacement risk, highly remote-friendly",AI综合评估 + O*NET/ILO/OECD锚点校准,2026-04-13,2026-04-13,2000-2026
TECH-0104-PL-general,信息技术与数字化,TECH,软件开发,移动应用开发工程师,Mobile App Developer,2514,15-1252.00,东欧,波兰,PL,country,general,本科/自学,20-28,global,5.2,4.5,6.3,5.5,6.9,7.4,4.9,4.2,6.2,6.2,5.4,9.7,7.0,5.2,6.1,6.2,5.6,1.9,4.3,6.7,9.4,7.6,6.7,6.6,8.1,6.7,6.5,5.2,0.7,0.8,4.9,8.3,7.8,2.4,3,0,→,2026-2030,6.36,波兰移动应用开发工程师：远程友好度高,Poland Mobile App Developer: highly remote-friendly,AI综合评估 + O*NET/ILO/OECD锚点校准,2026-04-13,2026-04-13,2000-2026
TECH-0104-CZ-general,信息技术与数字化,TECH,软件开发,移动应用开发工程师,Mobile App Developer,2514,15-1252.00,东欧,捷克,CZ,country,general,本科/自学,20-28,global,4.9,4.8,5.5,6.4,6.5,6.6,4.9,4.2,5.6,6.9,6.4,10.0,7.2,6.9,6.3,7.0,5.8,2.4,3.9,6.5,8.2,8.1,7.2,6.6,8.5,6.7,5.5,4.9,0.7,0.3,4.9,7.5,8.6,2.8,3,0,→,2026-2030,6.39,捷克移动应用开发工程师：AI替代风险较高,Czech Republic Mobile App Developer: high AI displacement risk,AI综合评估 + O*NET/ILO/OECD锚点校准,2026-04-13,2026-04-13,2000-2026
TECH-0104-RU-general,信息技术与数字化,TECH,软件开发,移动应用开发工程师,Mobile App Developer,2514,15-1252.00,东欧,俄罗斯,RU,country,general,本科/自学,20-28,global,5.2,4.2,6.7,5.0,7.7,7.4,5.5,4.4,5.3,5.9,4.1,9.2,7.0,4.9,6.1,6.4,5.6,2.1,3.6,5.9,9.1,7.4,4.4,6.8,8.3,5.2,5.1,4.7,1.1,0.0,5.3,8.3,5.6,2.0,3,0,→,2026-2030,6.02,俄罗斯移动应用开发工程师：AI替代风险较高，远程友好度高,"Russia Mobile App Developer: high AI displacement risk, highly remote-friendly",AI综合评估 + O*NET/ILO/OECD锚点校准,2026-04-13,2026-04-13,2000-2026
TECH-0104-US-general,信息技术与数字化,TECH,软件开发,移动应用开发工程师,Mobile App Developer,2514,15-1252.00,北美,美国,US,country,general,本科/自学,20-28,global,5.4,4.3,7.7,5.0,9.5,9.4,6.1,5.8,10.0,10.0,4.6,9.7,5.7,3.4,5.3,7.6,8.0,1.6,4.4,7.9,10.0,8.1,4.7,7.6,8.5,7.0,5.9,4.6,1.1,0.9,5.5,9.1,9.4,2.4,3,1,→,2026-2030,7.05,美国移动应用开发工程师：薪资回报高，远程友好度高，加班文化严重,"United States Mobile App Developer: high compensation, highly remote-friendly, heavy overtime culture",AI综合评估 + O*NET/ILO/OECD锚点校准,2026-04-13,2026-04-13,2000-2026
TECH-0104-CA-general,信息技术与数字化,TECH,软件开发,移动应用开发工程师,Mobile App Developer,2514,15-1252.00,北美,加拿大,CA,country,general,本科/自学,20-28,global,5.5,4.5,7.1,6.2,7.9,8.4,6.3,5.6,10.0,8.4,6.9,9.7,6.5,6.7,6.8,7.2,6.8,1.5,3.9,6.9,10.0,8.4,7.4,6.6,9.3,9.1,6.1,5.0,1.1,0.8,5.5,7.9,8.8,2.6,3,1,→,2026-2030,7.16,加拿大移动应用开发工程师：薪资回报高，AI替代风险较高，远程友好度高,"Canada Mobile App Developer: high compensation, high AI displacement risk, highly remote-friendly",AI综合评估 + O*NET/ILO/OECD锚点校准,2026-04-13,2026-04-13,2000-2026
TECH-0104-MX-general,信息技术与数字化,TECH,软件开发,移动应用开发工程师,Mobile App Developer,2514,15-1252.00,北美,墨西哥,MX,country,general,本科/自学,20-28,global,5.1,4.5,6.1,5.5,6.9,8.2,4.5,3.6,3.8,4.9,4.6,9.2,7.0,4.2,4.3,6.2,5.8,1.9,3.6,4.9,8.5,7.1,5.4,6.0,8.3,3.4,4.9,4.6,0.7,0.0,6.3,8.1,7.2,3.0,3,0,→,2026-2030,5.68,墨西哥移动应用开发工程师：薪资水平偏低，AI替代风险较高，远程友好度高,"Mexico Mobile App Developer: relatively low pay, high AI displacement risk, highly remote-friendly",AI综合评估 + O*NET/ILO/OECD锚点校准,2026-04-13,2026-04-13,2000-2026
TECH-0104-BR-general,信息技术与数字化,TECH,软件开发,移动应用开发工程师,Mobile App Developer,2514,15-1252.00,南美,巴西,BR,country,general,本科/自学,20-28,global,5.2,4.8,6.1,5.3,8.1,8.6,4.9,4.0,4.7,5.2,4.1,9.5,5.7,4.7,5.8,6.4,6.2,1.9,4.3,5.9,9.1,6.6,5.9,6.8,8.3,4.3,5.1,4.6,0.7,0.3,5.5,8.5,6.8,2.4,3,0,→,2026-2030,6.0,巴西移动应用开发工程师：远程友好度高,Brazil Mobile App Developer: highly remote-friendly,AI综合评估 + O*NET/ILO/OECD锚点校准,2026-04-13,2026-04-13,2000-2026
TECH-0104-AR-general,信息技术与数字化,TECH,软件开发,移动应用开发工程师,Mobile App Developer,2514,15-1252.00,南美,阿根廷,AR,country,general,本科/自学,20-28,global,4.8,4.9,5.3,4.7,5.9,6.6,4.3,4.4,3.5,4.9,3.6,9.0,5.7,5.2,5.3,5.6,6.2,2.1,3.5,5.5,9.1,6.4,4.2,6.0,7.5,4.9,4.9,5.0,1.0,0.2,5.3,7.9,6.8,2.4,3,0,→,2026-2030,5.55,阿根廷移动应用开发工程师：薪资水平偏低，AI替代风险较高，远程友好度高,"Argentina Mobile App Developer: relatively low pay, high AI displacement risk, highly remote-friendly",AI综合评估 + O*NET/ILO/OECD锚点校准,2026-04-13,2026-04-13,2000-2026
TECH-0104-CL-general,信息技术与数字化,TECH,软件开发,移动应用开发工程师,Mobile App Developer,2514,15-1252.00,南美,智利,CL,country,general,本科/自学,20-28,global,5.1,4.2,4.9,5.6,5.7,6.6,4.7,4.6,5.0,5.9,4.9,9.7,5.7,4.9,5.6,6.6,5.0,2.2,3.7,5.1,9.1,7.1,5.2,6.4,7.3,4.9,5.5,4.7,1.0,0.0,5.5,8.1,7.0,2.8,3,0,→,2026-2030,5.83,智利移动应用开发工程师：AI替代风险较高，远程友好度高,"Chile Mobile App Developer: high AI displacement risk, highly remote-friendly",AI综合评估 + O*NET/ILO/OECD锚点校准,2026-04-13,2026-04-13,2000-2026
TECH-0104-CO-general,信息技术与数字化,TECH,软件开发,移动应用开发工程师,Mobile App Developer,2514,15-1252.00,南美,哥伦比亚,CO,country,general,本科/自学,20-28,global,5.1,4.8,5.9,5.2,6.3,7.0,4.7,3.8,4.1,5.4,4.1,9.2,5.7,5.2,5.3,6.0,5.4,1.8,3.7,5.5,8.8,7.4,4.9,6.2,6.9,3.4,5.3,5.0,0.5,0.5,5.3,8.3,6.6,2.8,3,0,→,2026-2030,5.69,哥伦比亚移动应用开发工程师：薪资水平偏低，AI替代风险较高，远程友好度高,"Colombia Mobile App Developer: relatively low pay, high AI displacement risk, highly remote-friendly",AI综合评估 + O*NET/ILO/OECD锚点校准,2026-04-13,2026-04-13,2000-2026
TECH-0104-AU-general,信息技术与数字化,TECH,软件开发,移动应用开发工程师,Mobile App Developer,2514,15-1252.00,大洋洲,澳大利亚,AU,country,general,本科/自学,20-28,global,5.7,4.6,7.1,6.4,7.9,8.4,5.9,5.4,9.5,8.2,7.6,9.7,8.2,7.4,7.3,6.6,6.2,1.8,4.3,6.5,9.4,7.4,7.4,6.6,8.1,8.5,6.1,4.7,1.0,0.8,4.9,7.9,9.2,2.2,3,0,→,2026-2030,7.09,澳大利亚移动应用开发工程师：薪资回报高，远程友好度高，就业稳定,"Australia Mobile App Developer: high compensation, highly remote-friendly, stable employment",AI综合评估 + O*NET/ILO/OECD锚点校准,2026-04-13,2026-04-13,2000-2026
TECH-0104-NZ-general,信息技术与数字化,TECH,软件开发,移动应用开发工程师,Mobile App Developer,2514,15-1252.00,大洋洲,新西兰,NZ,country,general,本科/自学,20-28,global,4.8,4.5,6.1,6.5,6.9,6.2,4.9,4.0,8.6,7.4,7.6,9.5,7.0,8.2,6.8,6.4,5.8,1.8,4.0,7.1,10.0,7.4,7.7,6.8,8.1,8.8,6.5,5.0,0.7,1.2,5.5,8.7,8.6,2.6,3,0,→,2026-2030,6.83,新西兰移动应用开发工程师：薪资回报高，AI替代风险较高，远程友好度高,"New Zealand Mobile App Developer: high compensation, high AI displacement risk, highly remote-friendly",AI综合评估 + O*NET/ILO/OECD锚点校准,2026-04-13,2026-04-13,2000-2026
TECH-0104-ZA-general,信息技术与数字化,TECH,软件开发,移动应用开发工程师,Mobile App Developer,2514,15-1252.00,非洲,南非,ZA,country,general,本科/自学,20-28,global,5.1,4.3,5.3,5.5,6.5,6.8,4.7,4.6,5.0,5.4,4.6,9.5,6.5,5.4,6.1,6.8,5.4,1.9,3.9,5.1,8.2,6.1,5.2,6.0,7.5,4.6,5.1,4.9,0.8,0.8,6.1,7.7,7.0,2.2,3,0,→,2026-2030,5.83,南非移动应用开发工程师：AI替代风险较高,South Africa Mobile App Developer: high AI displacement risk,AI综合评估 + O*NET/ILO/OECD锚点校准,2026-04-13,2026-04-13,2000-2026
TECH-0104-NG-general,信息技术与数字化,TECH,软件开发,移动应用开发工程师,Mobile App Developer,2514,15-1252.00,非洲,尼日利亚,NG,country,general,本科/自学,20-28,global,4.8,4.3,5.3,5.0,6.3,6.8,3.9,2.4,2.6,3.4,3.6,9.2,5.2,4.4,5.6,6.2,5.6,2.7,3.7,4.1,6.7,7.1,3.9,6.4,6.9,3.1,5.1,4.7,0.8,0.3,6.1,7.5,6.4,2.8,2,-1,→,2026-2030,5.16,尼日利亚移动应用开发工程师：薪资水平偏低，供过于求，AI替代风险较高,"Nigeria Mobile App Developer: relatively low pay, oversupply of talent, high AI displacement risk",AI综合评估 + O*NET/ILO/OECD锚点校准,2026-04-13,2026-04-13,2000-2026
TECH-0104-KE-general,信息技术与数字化,TECH,软件开发,移动应用开发工程师,Mobile App Developer,2514,15-1252.00,非洲,肯尼亚,KE,country,general,本科/自学,20-28,global,5.1,4.0,5.1,5.3,5.1,5.6,4.5,2.4,2.6,4.7,3.9,9.5,6.5,4.2,6.1,5.8,5.2,2.2,4.0,4.9,7.9,6.4,4.2,6.0,7.1,4.3,5.1,5.0,1.4,0.5,6.1,8.3,7.4,3.6,2,-1,→,2026-2030,5.35,肯尼亚移动应用开发工程师：薪资水平偏低，AI替代风险较高，就业波动大,"Kenya Mobile App Developer: relatively low pay, high AI displacement risk, volatile employment",AI综合评估 + O*NET/ILO/OECD锚点校准,2026-04-13,2026-04-13,2000-2026
TECH-0104-EG-general,信息技术与数字化,TECH,软件开发,移动应用开发工程师,Mobile App Developer,2514,15-1252.00,非洲,埃及,EG,country,general,本科/自学,20-28,global,4.8,4.0,4.7,4.9,6.7,7.0,4.1,2.8,3.2,4.7,4.1,9.0,6.0,3.7,4.6,6.2,5.2,2.7,4.1,5.3,6.7,6.4,3.9,6.6,7.7,2.5,4.9,4.9,1.4,0.3,5.5,7.1,6.6,3.0,2,-1,→,2026-2030,5.28,埃及移动应用开发工程师：薪资水平偏低,Egypt Mobile App Developer: relatively low pay,AI综合评估 + O*NET/ILO/OECD锚点校准,2026-04-13,2026-04-13,2000-2026
TECH-0105-CN-general,信息技术与数字化,TECH,软件开发,嵌入式软件工程师,Embedded Software Engineer,2514,15-1252.00,东亚,中国,CN,country,general,本科/硕士,22-28,global,6.3,5.8,8.2,7.0,8.7,8.6,8.2,8.5,9.1,7.1,6.6,9.5,5.9,1.9,2.6,6.0,5.9,0.3,6.6,8.4,3.5,6.2,3.3,7.5,6.0,4.0,6.4,4.5,1.7,0.7,4.5,4.6,5.9,2.5,3,3,↑,2032-2038,6.53,中国嵌入式软件工程师：薪资回报高，人才需求旺盛，加班文化严重,"China Embedded Software Engineer: high compensation, strong talent demand, heavy overtime culture",AI综合评估 + O*NET/ILO/OECD锚点校准,2026-04-13,2026-04-13,2000-2026
TECH-0105-JP-general,信息技术与数字化,TECH,软件开发,嵌入式软件工程师,Embedded Software Engineer,2514,15-1252.00,东亚,日本,JP,country,general,本科/硕士,22-28,global,6.6,6.0,7.8,7.6,6.9,6.8,7.6,8.7,9.1,8.1,8.8,9.7,6.9,2.9,4.1,5.6,5.5,0.6,6.4,7.6,4.7,6.7,4.3,7.5,5.6,2.8,6.2,4.8,1.7,1.3,4.5,5.2,6.1,2.5,3,2,↑,2032-2038,6.62,日本嵌入式软件工程师：薪资回报高，人才需求旺盛，加班文化严重,"Japan Embedded Software Engineer: high compensation, strong talent demand, heavy overtime culture",AI综合评估 + O*NET/ILO/OECD锚点校准,2026-04-13,2026-04-13,2000-2026
TECH-0105-KR-general,信息技术与数字化,TECH,软件开发,嵌入式软件工程师,Embedded Software Engineer,2514,15-1252.00,东亚,韩国,KR,country,general,本科/硕士,22-28,global,7.1,6.6,7.2,7.5,7.3,6.6,7.2,7.7,8.2,8.1,7.8,9.5,6.7,1.9,3.6,5.6,5.9,0.4,6.8,7.4,3.5,5.7,4.3,7.5,5.4,2.2,6.4,4.0,1.9,1.4,3.7,5.8,6.9,2.5,3,2,↑,2032-2038,6.37,韩国嵌入式软件工程师：薪资回报高，加班文化严重，就业稳定,"South Korea Embedded Software Engineer: high compensation, heavy overtime culture, stable employment",AI综合评估 + O*NET/ILO/OECD锚点校准,2026-04-13,2026-04-13,2000-2026
TECH-0105-TW-general,信息技术与数字化,TECH,软件开发,嵌入式软件工程师,Embedded Software Engineer,2514,15-1252.00,东亚,中国台湾地区,TW,region,general,本科/硕士,22-28,global,6.6,6.0,7.8,7.5,6.7,5.6,7.2,8.9,6.4,7.1,6.8,9.5,7.2,3.7,4.3,6.0,5.5,0.6,6.4,7.2,3.8,6.4,5.0,6.9,5.8,4.3,6.4,4.2,1.9,1.4,4.3,5.6,7.5,3.3,3,2,↑,2032-2038,6.39,中国台湾地区嵌入式软件工程师：发展平稳,Taiwan (China) Embedded Software Engineer: steady development,AI综合评估 + O*NET/ILO/OECD锚点校准,2026-04-13,2026-04-13,2000-2026
TECH-0105-HK-general,信息技术与数字化,TECH,软件开发,嵌入式软件工程师,Embedded Software Engineer,2514,15-1252.00,东亚,中国香港地区,HK,region,general,本科/硕士,22-28,global,6.8,6.4,6.0,8.0,5.3,5.6,6.8,6.9,8.2,7.1,7.1,9.5,6.7,3.2,3.6,5.8,4.3,0.9,6.4,7.2,5.6,5.4,5.3,7.3,4.8,4.9,5.8,4.6,2.0,1.3,3.9,5.8,8.9,2.9,3,2,↑,2032-2038,6.26,中国香港地区嵌入式软件工程师：薪资回报高，加班文化严重,"Hong Kong (China) Embedded Software Engineer: high compensation, heavy overtime culture",AI综合评估 + O*NET/ILO/OECD锚点校准,2026-04-13,2026-04-13,2000-2026
TECH-0105-SG-general,信息技术与数字化,TECH,软件开发,嵌入式软件工程师,Embedded Software Engineer,2514,15-1252.00,东南亚,新加坡,SG,country,general,本科/硕士,22-28,global,6.6,6.3,7.8,8.0,7.1,5.8,7.6,8.7,9.7,9.1,8.3,9.7,6.7,3.9,3.8,6.4,4.9,0.3,7.0,7.6,5.6,5.9,5.3,7.9,6.2,5.8,6.0,4.2,2.0,1.9,4.3,5.6,9.1,3.5,3,3,↑,2032-2038,6.91,新加坡嵌入式软件工程师：薪资回报高，人才需求旺盛，就业稳定,"Singapore Embedded Software Engineer: high compensation, strong talent demand, stable employment",AI综合评估 + O*NET/ILO/OECD锚点校准,2026-04-13,2026-04-13,2000-2026
TECH-0105-TH-general,信息技术与数字化,TECH,软件开发,嵌入式软件工程师,Embedded Software Engineer,2514,15-1252.00,东南亚,泰国,TH,country,general,本科/硕士,22-28,global,6.3,6.3,6.0,7.8,5.9,5.0,5.6,6.3,4.0,4.6,6.8,9.5,6.9,5.9,4.8,5.0,4.9,1.3,5.9,5.2,4.7,6.9,5.8,7.1,5.6,4.6,6.2,4.5,2.0,0.8,4.1,5.0,5.7,3.5,3,2,↑,2032-2038,5.81,泰国嵌入式软件工程师：薪资水平偏低,Thailand Embedded Software Engineer: relatively low pay,AI综合评估 + O*NET/ILO/OECD锚点校准,2026-04-13,2026-04-13,2000-2026
TECH-0105-VN-general,信息技术与数字化,TECH,软件开发,嵌入式软件工程师,Embedded Software Engineer,2514,15-1252.00,东南亚,越南,VN,country,general,本科/硕士,22-28,global,6.6,6.3,6.4,7.0,5.5,4.8,6.0,6.7,5.2,5.6,5.8,9.2,5.9,4.7,4.3,4.8,5.3,1.2,6.0,6.2,5.0,5.9,5.3,7.1,5.2,3.7,6.4,4.9,2.2,0.8,4.3,5.4,5.9,3.3,3,2,↑,2032-2038,5.8,越南嵌入式软件工程师：发展平稳,Vietnam Embedded Software Engineer: steady development,AI综合评估 + O*NET/ILO/OECD锚点校准,2026-04-13,2026-04-13,2000-2026
TECH-0105-ID-general,信息技术与数字化,TECH,软件开发,嵌入式软件工程师,Embedded Software Engineer,2514,15-1252.00,东南亚,印度尼西亚,ID,country,general,本科/硕士,22-28,global,6.5,5.5,5.8,7.5,5.5,6.2,5.8,7.1,4.0,5.1,5.8,9.7,5.9,4.9,4.6,5.6,4.3,1.2,6.1,5.2,5.0,6.4,5.3,6.9,5.2,3.4,6.2,4.2,2.0,0.4,4.7,5.4,5.3,3.1,3,2,↑,2032-2038,5.75,印度尼西亚嵌入式软件工程师：薪资水平偏低,Indonesia Embedded Software Engineer: relatively low pay,AI综合评估 + O*NET/ILO/OECD锚点校准,2026-04-13,2026-04-13,2000-2026
TECH-0105-MY-general,信息技术与数字化,TECH,软件开发,嵌入式软件工程师,Embedded Software Engineer,2514,15-1252.00,东南亚,马来西亚,MY,country,general,本科/硕士,22-28,global,6.2,6.0,6.2,7.5,5.5,4.4,6.4,6.9,6.4,6.1,6.8,9.2,7.4,4.9,5.3,5.6,4.7,0.9,6.2,6.2,5.0,6.2,5.3,6.7,5.6,4.9,6.6,4.5,1.7,0.7,4.5,5.6,7.5,3.7,3,2,↑,2032-2038,6.14,马来西亚嵌入式软件工程师：发展平稳,Malaysia Embedded Software Engineer: steady development,AI综合评估 + O*NET/ILO/OECD锚点校准,2026-04-13,2026-04-13,2000-2026
TECH-0105-PH-general,信息技术与数字化,TECH,软件开发,嵌入式软件工程师,Embedded Software Engineer,2514,15-1252.00,东南亚,菲律宾,PH,country,general,本科/硕士,22-28,global,6.6,6.0,5.4,7.0,5.1,5.4,5.8,6.9,3.1,5.1,6.3,9.2,6.9,3.9,3.8,4.8,4.5,0.9,6.2,5.8,5.0,6.2,5.0,7.1,5.2,4.3,6.6,4.8,1.6,1.3,5.3,5.2,7.3,2.7,3,2,↑,2032-2038,5.68,菲律宾嵌入式软件工程师：薪资水平偏低,Philippines Embedded Software Engineer: relatively low pay,AI综合评估 + O*NET/ILO/OECD锚点校准,2026-04-13,2026-04-13,2000-2026
TECH-0105-IN-general,信息技术与数字化,TECH,软件开发,嵌入式软件工程师,Embedded Software Engineer,2514,15-1252.00,南亚,印度,IN,country,general,本科/硕士,22-28,global,6.3,5.7,7.4,7.4,7.5,7.4,7.4,8.5,7.0,6.3,6.6,9.5,6.9,4.4,4.6,6.0,5.3,0.6,7.0,7.0,7.1,5.9,4.8,7.5,5.6,1.9,6.6,4.2,2.2,0.7,5.3,6.0,8.3,3.3,3,2,↑,2032-2038,6.54,印度嵌入式软件工程师：发展平稳,India Embedded Software Engineer: steady development,AI综合评估 + O*NET/ILO/OECD锚点校准,2026-04-13,2026-04-13,2000-2026
TECH-0105-PK-general,信息技术与数字化,TECH,软件开发,嵌入式软件工程师,Embedded Software Engineer,2514,15-1252.00,南亚,巴基斯坦,PK,country,general,本科/硕士,22-28,global,6.0,5.7,5.0,6.8,4.7,4.4,5.2,4.7,3.4,4.6,5.3,9.2,6.2,4.4,4.6,4.2,4.9,1.6,6.6,4.4,4.7,5.4,3.8,6.9,5.0,1.3,6.0,4.5,2.0,1.0,4.5,5.6,5.5,3.1,2,1,→,2032-2038,5.26,巴基斯坦嵌入式软件工程师：薪资水平偏低,Pakistan Embedded Software Engineer: relatively low pay,AI综合评估 + O*NET/ILO/OECD锚点校准,2026-04-13,2026-04-13,2000-2026
TECH-0105-BD-general,信息技术与数字化,TECH,软件开发,嵌入式软件工程师,Embedded Software Engineer,2514,15-1252.00,南亚,孟加拉国,BD,country,general,本科/硕士,22-28,global,6.0,5.8,4.6,6.6,4.1,4.4,5.0,5.7,2.2,4.1,5.8,9.5,5.4,4.4,4.1,5.4,3.5,1.3,6.0,4.0,5.6,5.4,5.0,6.5,4.8,1.6,5.4,4.5,2.3,0.5,5.1,5.8,5.7,3.5,2,1,→,2032-2038,5.17,孟加拉国嵌入式软件工程师：薪资水平偏低,Bangladesh Embedded Software Engineer: relatively low pay,AI综合评估 + O*NET/ILO/OECD锚点校准,2026-04-13,2026-04-13,2000-2026
TECH-0105-AE-general,信息技术与数字化,TECH,软件开发,嵌入式软件工程师,Embedded Software Engineer,2514,15-1252.00,中亚/西亚,阿联酋,AE,country,general,本科/硕士,22-28,global,7.1,6.0,6.6,7.6,5.9,5.0,7.8,8.7,10.0,8.6,8.1,10.0,5.9,5.9,4.6,5.6,4.3,0.4,6.8,7.2,4.7,6.7,5.8,7.7,6.0,4.3,6.8,4.8,1.9,1.1,4.3,5.0,8.9,2.7,3,2,↑,2032-2038,6.81,阿联酋嵌入式软件工程师：薪资回报高，人才需求旺盛，就业稳定,"United Arab Emirates Embedded Software Engineer: high compensation, strong talent demand, stable employment",AI综合评估 + O*NET/ILO/OECD锚点校准,2026-04-13,2026-04-13,2000-2026
TECH-0105-IL-general,信息技术与数字化,TECH,软件开发,嵌入式软件工程师,Embedded Software Engineer,2514,15-1252.00,中亚/西亚,以色列,IL,country,general,本科/硕士,22-28,global,6.5,6.6,7.4,7.0,7.3,6.2,8.4,8.7,10.0,8.6,7.1,9.5,7.7,5.7,4.1,6.2,6.1,0.7,6.6,8.2,6.8,6.4,6.3,7.1,5.6,6.4,7.2,4.5,1.9,0.7,4.3,6.4,8.7,2.9,3,3,↑,2032-2038,7.05,以色列嵌入式软件工程师：薪资回报高，人才需求旺盛,"Israel Embedded Software Engineer: high compensation, strong talent demand",AI综合评估 + O*NET/ILO/OECD锚点校准,2026-04-13,2026-04-13,2000-2026
TECH-0105-SA-general,信息技术与数字化,TECH,软件开发,嵌入式软件工程师,Embedded Software Engineer,2514,15-1252.00,中亚/西亚,沙特阿拉伯,SA,country,general,本科/硕士,22-28,global,6.2,6.4,6.4,7.4,5.7,5.2,6.2,7.3,8.5,6.3,6.8,9.7,6.7,4.4,5.1,4.8,4.3,1.0,6.2,6.6,3.8,5.4,5.0,6.7,5.2,2.5,6.4,4.8,2.5,1.3,4.5,4.8,5.7,3.9,3,2,↑,2032-2038,6.01,沙特阿拉伯嵌入式软件工程师：薪资回报高,Saudi Arabia Embedded Software Engineer: high compensation,AI综合评估 + O*NET/ILO/OECD锚点校准,2026-04-13,2026-04-13,2000-2026
TECH-0105-TR-general,信息技术与数字化,TECH,软件开发,嵌入式软件工程师,Embedded Software Engineer,2514,15-1252.00,中亚/西亚,土耳其,TR,country,general,本科/硕士,22-28,global,6.0,5.7,6.0,6.8,6.7,5.8,6.4,6.7,4.9,5.8,6.1,9.2,6.4,4.7,4.6,5.4,5.5,1.2,6.1,5.6,4.4,6.2,4.5,6.7,5.6,3.4,5.8,4.6,2.5,1.1,5.3,5.6,6.5,3.3,3,2,↑,2032-2038,5.86,土耳其嵌入式软件工程师：发展平稳,Turkey Embedded Software Engineer: steady development,AI综合评估 + O*NET/ILO/OECD锚点校准,2026-04-13,2026-04-13,2000-2026
TECH-0105-GB-general,信息技术与数字化,TECH,软件开发,嵌入式软件工程师,Embedded Software Engineer,2514,15-1252.00,西欧,英国,GB,country,general,本科/硕士,22-28,global,7.2,6.0,7.6,7.5,7.5,7.0,7.8,8.1,9.7,8.8,8.1,9.5,8.2,6.4,5.6,6.2,6.1,0.4,6.5,8.4,7.1,7.4,6.8,7.5,6.8,6.4,7.0,4.3,1.7,1.1,3.9,6.6,8.7,3.1,3,3,↑,2032-2038,7.26,英国嵌入式软件工程师：薪资回报高，人才需求旺盛，就业稳定,"United Kingdom Embedded Software Engineer: high compensation, strong talent demand, stable employment",AI综合评估 + O*NET/ILO/OECD锚点校准,2026-04-13,2026-04-13,2000-2026
TECH-0105-FR-general,信息技术与数字化,TECH,软件开发,嵌入式软件工程师,Embedded Software Engineer,2514,15-1252.00,西欧,法国,FR,country,general,本科/硕士,22-28,global,6.6,6.4,7.0,8.4,7.3,6.8,7.2,8.9,7.9,7.3,7.8,10.0,8.4,8.2,5.6,5.8,5.7,0.9,6.6,6.8,5.6,7.9,7.8,7.9,6.0,6.7,6.8,4.0,2.0,1.1,3.9,5.8,7.5,2.9,3,2,↑,2032-2038,7.02,法国嵌入式软件工程师：工作时间规律，就业稳定,"France Embedded Software Engineer: regular working hours, stable employment",AI综合评估 + O*NET/ILO/OECD锚点校准,2026-04-13,2026-04-13,2000-2026
TECH-0105-DE-general,信息技术与数字化,TECH,软件开发,嵌入式软件工程师,Embedded Software Engineer,2514,15-1252.00,西欧,德国,DE,country,general,本科/硕士,22-28,global,6.9,6.3,7.2,8.1,7.7,7.2,7.8,7.9,10.0,8.6,8.6,9.7,8.4,8.4,6.6,6.0,5.9,0.4,6.5,8.0,5.9,7.4,7.8,6.9,6.2,6.7,7.6,4.5,1.7,0.8,4.5,6.0,8.9,3.3,3,2,↑,2032-2038,7.34,德国嵌入式软件工程师：薪资回报高，人才需求旺盛，工作时间规律,"Germany Embedded Software Engineer: high compensation, strong talent demand, regular working hours",AI综合评估 + O*NET/ILO/OECD锚点校准,2026-04-13,2026-04-13,2000-2026
TECH-0105-NL-general,信息技术与数字化,TECH,软件开发,嵌入式软件工程师,Embedded Software Engineer,2514,15-1252.00,西欧,荷兰,NL,country,general,本科/硕士,22-28,global,6.3,5.8,7.0,7.8,6.9,5.6,7.2,8.7,9.4,8.6,9.1,9.7,7.9,8.4,6.6,6.4,5.3,0.3,6.5,7.8,8.3,7.4,8.5,7.7,6.2,7.9,7.2,4.5,2.2,1.0,4.5,6.2,9.5,2.7,3,2,↑,2032-2038,7.44,荷兰嵌入式软件工程师：薪资回报高，工作时间规律，就业稳定,"Netherlands Embedded Software Engineer: high compensation, regular working hours, stable employment",AI综合评估 + O*NET/ILO/OECD锚点校准,2026-04-13,2026-04-13,2000-2026
TECH-0105-CH-general,信息技术与数字化,TECH,软件开发,嵌入式软件工程师,Embedded Software Engineer,2514,15-1252.00,西欧,瑞士,CH,country,general,本科/硕士,22-28,global,6.3,6.3,7.4,8.7,6.5,5.0,7.4,8.7,10.0,8.6,9.8,10.0,8.2,8.2,6.8,6.6,4.9,0.9,7.0,8.4,5.3,7.4,9.0,7.1,5.6,5.8,7.0,4.3,1.7,1.4,3.3,5.2,8.1,2.9,3,2,↑,2032-2038,7.33,瑞士嵌入式软件工程师：薪资回报高，工作时间规律，就业稳定,"Switzerland Embedded Software Engineer: high compensation, regular working hours, stable employment",AI综合评估 + O*NET/ILO/OECD锚点校准,2026-04-13,2026-04-13,2000-2026
TECH-0105-SE-general,信息技术与数字化,TECH,软件开发,嵌入式软件工程师,Embedded Software Engineer,2514,15-1252.00,北欧,瑞典,SE,country,general,本科/硕士,22-28,global,6.5,6.3,7.4,7.8,6.7,5.0,7.0,8.3,8.8,8.1,9.6,10.0,8.7,9.4,7.8,6.0,4.9,0.4,6.9,7.0,8.3,7.4,8.3,6.9,5.6,8.8,7.0,4.9,1.9,1.3,4.1,6.0,8.7,3.5,3,2,↑,2032-2038,7.36,瑞典嵌入式软件工程师：薪资回报高，工作时间规律，就业稳定,"Sweden Embedded Software Engineer: high compensation, regular working hours, stable employment",AI综合评估 + O*NET/ILO/OECD锚点校准,2026-04-13,2026-04-13,2000-2026
TECH-0105-DK-general,信息技术与数字化,TECH,软件开发,嵌入式软件工程师,Embedded Software Engineer,2514,15-1252.00,北欧,丹麦,DK,country,general,本科/硕士,22-28,global,6.9,6.6,7.0,8.0,5.5,4.8,7.6,8.9,9.4,7.6,8.6,9.7,8.9,9.9,7.8,5.8,5.1,0.4,7.0,7.6,7.1,7.7,8.5,6.9,5.8,8.8,7.4,4.2,2.5,1.1,3.5,6.2,8.1,3.1,3,2,↑,2032-2038,7.32,丹麦嵌入式软件工程师：薪资回报高，人才需求旺盛，工作时间规律,"Denmark Embedded Software Engineer: high compensation, strong talent demand, regular working hours",AI综合评估 + O*NET/ILO/OECD锚点校准,2026-04-13,2026-04-13,2000-2026
TECH-0105-FI-general,信息技术与数字化,TECH,软件开发,嵌入式软件工程师,Embedded Software Engineer,2514,15-1252.00,北欧,芬兰,FI,country,general,本科/硕士,22-28,global,6.6,5.8,7.2,7.8,5.7,4.6,7.8,8.3,7.6,7.1,7.8,9.5,8.4,9.7,6.8,6.2,5.7,0.9,6.6,7.2,8.6,6.9,8.3,6.9,5.0,8.5,8.0,4.8,2.0,1.3,4.5,5.4,8.5,3.1,3,2,↑,2032-2038,7.11,芬兰嵌入式软件工程师：人才需求旺盛，远程友好度高，工作时间规律,"Finland Embedded Software Engineer: strong talent demand, highly remote-friendly, regular working hours",AI综合评估 + O*NET/ILO/OECD锚点校准,2026-04-13,2026-04-13,2000-2026
TECH-0105-IT-general,信息技术与数字化,TECH,软件开发,嵌入式软件工程师,Embedded Software Engineer,2514,15-1252.00,南欧,意大利,IT,country,general,本科/硕士,22-28,global,6.9,6.1,6.2,7.4,5.7,6.0,5.8,7.3,7.6,6.1,7.3,9.5,7.2,5.9,5.6,5.8,5.5,1.3,6.8,6.8,4.1,6.7,6.5,7.1,5.0,4.9,6.6,4.6,2.2,1.3,4.3,5.6,7.7,3.3,3,2,↑,2032-2038,6.36,意大利嵌入式软件工程师：发展平稳,Italy Embedded Software Engineer: steady development,AI综合评估 + O*NET/ILO/OECD锚点校准,2026-04-13,2026-04-13,2000-2026
TECH-0105-ES-general,信息技术与数字化,TECH,软件开发,嵌入式软件工程师,Embedded Software Engineer,2514,15-1252.00,南欧,西班牙,ES,country,general,本科/硕士,22-28,global,6.8,6.1,7.0,7.0,5.5,5.4,5.8,6.1,7.0,5.8,6.1,9.2,7.9,6.4,5.3,5.4,4.9,1.2,6.6,6.2,5.0,7.2,6.5,6.9,5.8,5.8,6.4,4.8,1.6,0.7,4.9,6.2,7.7,3.7,3,2,↑,2032-2038,6.26,西班牙嵌入式软件工程师：发展平稳,Spain Embedded Software Engineer: steady development,AI综合评估 + O*NET/ILO/OECD锚点校准,2026-04-13,2026-04-13,2000-2026
TECH-0105-PT-general,信息技术与数字化,TECH,软件开发,嵌入式软件工程师,Embedded Software Engineer,2514,15-1252.00,南欧,葡萄牙,PT,country,general,本科/硕士,22-28,global,6.6,6.0,6.4,7.8,5.9,4.4,6.0,6.7,6.4,5.6,6.3,9.5,6.9,6.2,5.3,5.2,5.3,1.2,6.4,6.6,6.2,7.2,7.0,6.7,5.4,6.7,6.6,4.2,2.0,1.3,4.9,5.4,7.7,2.7,3,2,↑,2032-2038,6.29,葡萄牙嵌入式软件工程师：发展平稳,Portugal Embedded Software Engineer: steady development,AI综合评估 + O*NET/ILO/OECD锚点校准,2026-04-13,2026-04-13,2000-2026
TECH-0105-PL-general,信息技术与数字化,TECH,软件开发,嵌入式软件工程师,Embedded Software Engineer,2514,15-1252.00,东欧,波兰,PL,country,general,本科/硕士,22-28,global,6.2,5.8,6.4,8.2,6.7,5.0,6.6,6.9,7.6,7.1,7.6,9.7,7.4,6.9,5.6,6.0,4.9,0.9,6.4,6.6,7.1,6.2,7.5,7.5,5.2,5.5,7.2,4.5,2.0,1.3,3.9,5.4,7.9,3.5,3,2,↑,2032-2038,6.67,波兰嵌入式软件工程师：就业稳定,Poland Embedded Software Engineer: stable employment,AI综合评估 + O*NET/ILO/OECD锚点校准,2026-04-13,2026-04-13,2000-2026
TECH-0105-CZ-general,信息技术与数字化,TECH,软件开发,嵌入式软件工程师,Embedded Software Engineer,2514,15-1252.00,东欧,捷克,CZ,country,general,本科/硕士,22-28,global,6.3,6.3,7.2,8.1,5.9,5.0,7.0,6.5,6.1,6.3,7.8,10.0,6.9,6.9,5.3,5.2,5.1,1.0,6.6,6.4,6.5,7.4,8.0,6.9,5.2,6.1,6.8,4.2,2.3,1.4,4.7,5.6,7.7,2.5,3,2,↑,2032-2038,6.54,捷克嵌入式软件工程师：就业稳定,Czech Republic Embedded Software Engineer: stable employment,AI综合评估 + O*NET/ILO/OECD锚点校准,2026-04-13,2026-04-13,2000-2026
TECH-0105-RU-general,信息技术与数字化,TECH,软件开发,嵌入式软件工程师,Embedded Software Engineer,2514,15-1252.00,东欧,俄罗斯,RU,country,general,本科/硕士,22-28,global,6.6,6.1,6.4,7.4,5.7,6.4,7.2,6.5,5.5,6.8,5.8,9.2,6.2,5.4,5.8,5.4,5.5,0.9,6.8,7.0,6.2,6.7,5.0,7.5,4.8,5.2,7.0,4.9,2.2,0.7,4.3,5.4,4.9,3.5,3,2,↑,2032-2038,6.21,俄罗斯嵌入式软件工程师：发展平稳,Russia Embedded Software Engineer: steady development,AI综合评估 + O*NET/ILO/OECD锚点校准,2026-04-13,2026-04-13,2000-2026
TECH-0105-US-general,信息技术与数字化,TECH,软件开发,嵌入式软件工程师,Embedded Software Engineer,2514,15-1252.00,北美,美国,US,country,general,本科/硕士,22-28,global,6.5,5.8,8.4,7.4,9.1,7.8,7.8,7.9,10.0,8.8,7.3,9.2,7.2,4.4,3.6,6.0,6.9,0.4,6.9,8.6,8.6,6.4,5.8,7.9,6.4,6.7,6.2,4.3,1.9,1.4,4.7,6.2,8.1,2.3,3,3,↑,2032-2038,7.2,美国嵌入式软件工程师：薪资回报高，人才需求旺盛，远程友好度高,"United States Embedded Software Engineer: high compensation, strong talent demand, highly remote-friendly",AI综合评估 + O*NET/ILO/OECD锚点校准,2026-04-13,2026-04-13,2000-2026
TECH-0105-CA-general,信息技术与数字化,TECH,软件开发,嵌入式软件工程师,Embedded Software Engineer,2514,15-1252.00,北美,加拿大,CA,country,general,本科/硕士,22-28,global,6.8,6.6,7.6,7.8,7.3,6.4,7.4,8.7,10.0,8.6,8.3,9.7,7.7,6.9,6.6,6.4,4.9,0.4,6.6,7.6,8.0,8.2,6.8,7.1,6.2,7.6,6.8,4.2,1.9,1.4,3.9,5.6,9.3,2.9,3,3,↑,2032-2038,7.3,加拿大嵌入式软件工程师：薪资回报高，就业稳定,"Canada Embedded Software Engineer: high compensation, stable employment",AI综合评估 + O*NET/ILO/OECD锚点校准,2026-04-13,2026-04-13,2000-2026
TECH-0105-MX-general,信息技术与数字化,TECH,软件开发,嵌入式软件工程师,Embedded Software Engineer,2514,15-1252.00,北美,墨西哥,MX,country,general,本科/硕士,22-28,global,6.6,5.5,6.8,7.2,5.9,6.2,6.4,6.3,5.8,5.3,5.8,9.7,6.2,4.7,4.6,5.4,5.1,1.2,6.4,6.4,5.3,5.4,5.3,6.7,6.0,3.4,6.8,4.6,2.3,0.4,5.1,5.8,6.1,2.5,3,2,↑,2032-2038,5.99,墨西哥嵌入式软件工程师：发展平稳,Mexico Embedded Software Engineer: steady development,AI综合评估 + O*NET/ILO/OECD锚点校准,2026-04-13,2026-04-13,2000-2026
TECH-0105-BR-general,信息技术与数字化,TECH,软件开发,嵌入式软件工程师,Embedded Software Engineer,2514,15-1252.00,南美,巴西,BR,country,general,本科/硕士,22-28,global,6.6,6.3,6.4,7.4,7.1,6.2,5.8,6.9,5.5,6.6,6.6,9.5,6.4,5.4,5.1,5.0,5.7,0.9,6.5,6.2,5.6,6.2,5.8,7.1,6.0,3.4,6.0,4.3,2.5,0.7,4.9,5.4,5.9,2.5,3,2,↑,2032-2038,6.14,巴西嵌入式软件工程师：发展平稳,Brazil Embedded Software Engineer: steady development,AI综合评估 + O*NET/ILO/OECD锚点校准,2026-04-13,2026-04-13,2000-2026
TECH-0105-AR-general,信息技术与数字化,TECH,软件开发,嵌入式软件工程师,Embedded Software Engineer,2514,15-1252.00,南美,阿根廷,AR,country,general,本科/硕士,22-28,global,6.8,6.4,5.6,7.2,4.9,4.4,6.2,6.9,4.9,5.1,5.6,9.2,5.9,5.9,5.3,5.2,3.9,0.9,6.4,5.4,5.3,6.7,5.0,7.1,5.2,4.0,6.0,4.6,1.7,0.4,5.5,5.6,5.7,2.7,3,2,↑,2032-2038,5.78,阿根廷嵌入式软件工程师：发展平稳,Argentina Embedded Software Engineer: steady development,AI综合评估 + O*NET/ILO/OECD锚点校准,2026-04-13,2026-04-13,2000-2026
TECH-0105-CL-general,信息技术与数字化,TECH,软件开发,嵌入式软件工程师,Embedded Software Engineer,2514,15-1252.00,南美,智利,CL,country,general,本科/硕士,22-28,global,6.8,6.3,6.2,7.4,5.1,4.8,6.4,6.7,5.5,5.1,6.6,9.7,6.7,6.4,6.1,5.6,4.7,1.3,6.2,6.2,5.0,6.7,6.0,7.1,5.0,3.7,6.4,4.2,2.0,1.4,4.5,5.6,6.1,3.5,3,2,↑,2032-2038,6.0,智利嵌入式软件工程师：发展平稳,Chile Embedded Software Engineer: steady development,AI综合评估 + O*NET/ILO/OECD锚点校准,2026-04-13,2026-04-13,2000-2026
TECH-0105-CO-general,信息技术与数字化,TECH,软件开发,嵌入式软件工程师,Embedded Software Engineer,2514,15-1252.00,南美,哥伦比亚,CO,country,general,本科/硕士,22-28,global,6.6,6.3,5.6,7.5,5.3,4.2,5.8,6.3,4.9,4.6,5.8,9.7,6.2,5.2,5.3,4.8,4.1,0.9,6.5,5.2,5.0,5.9,5.0,6.3,5.6,3.1,6.6,4.6,2.2,0.4,4.7,5.6,6.3,3.5,3,2,↑,2032-2038,5.71,哥伦比亚嵌入式软件工程师：发展平稳,Colombia Embedded Software Engineer: steady development,AI综合评估 + O*NET/ILO/OECD锚点校准,2026-04-13,2026-04-13,2000-2026
TECH-0105-AU-general,信息技术与数字化,TECH,软件开发,嵌入式软件工程师,Embedded Software Engineer,2514,15-1252.00,大洋洲,澳大利亚,AU,country,general,本科/硕士,22-28,global,6.9,6.6,7.0,8.2,6.7,6.2,6.8,8.3,9.7,7.6,8.3,9.7,7.4,8.2,5.6,5.6,5.1,0.6,6.2,7.0,6.8,7.4,8.3,6.9,5.6,7.0,7.6,4.3,2.2,1.0,3.7,5.4,8.5,2.3,3,2,↑,2032-2038,7.06,澳大利亚嵌入式软件工程师：薪资回报高，工作时间规律，就业稳定,"Australia Embedded Software Engineer: high compensation, regular working hours, stable employment",AI综合评估 + O*NET/ILO/OECD锚点校准,2026-04-13,2026-04-13,2000-2026
TECH-0105-NZ-general,信息技术与数字化,TECH,软件开发,嵌入式软件工程师,Embedded Software Engineer,2514,15-1252.00,大洋洲,新西兰,NZ,country,general,本科/硕士,22-28,global,7.1,5.8,6.4,7.8,5.5,4.4,6.8,7.1,8.2,7.3,8.8,9.5,7.4,8.9,6.6,5.0,4.9,1.2,6.8,6.4,6.8,7.2,8.8,6.7,5.4,7.9,7.8,4.8,2.2,1.4,3.9,5.8,8.5,3.1,3,2,↑,2032-2038,6.87,新西兰嵌入式软件工程师：薪资回报高，工作时间规律，就业稳定,"New Zealand Embedded Software Engineer: high compensation, regular working hours, stable employment",AI综合评估 + O*NET/ILO/OECD锚点校准,2026-04-13,2026-04-13,2000-2026
TECH-0105-ZA-general,信息技术与数字化,TECH,软件开发,嵌入式软件工程师,Embedded Software Engineer,2514,15-1252.00,非洲,南非,ZA,country,general,本科/硕士,22-28,global,6.6,6.3,5.8,7.0,5.5,5.2,6.2,6.5,4.6,5.3,6.6,9.5,6.4,5.2,5.8,5.4,4.1,0.9,6.2,5.0,4.4,5.9,6.0,6.3,5.4,3.7,5.6,4.8,2.0,0.7,4.3,5.4,6.7,3.9,3,2,↑,2032-2038,5.81,南非嵌入式软件工程师：发展平稳,South Africa Embedded Software Engineer: steady development,AI综合评估 + O*NET/ILO/OECD锚点校准,2026-04-13,2026-04-13,2000-2026
TECH-0105-NG-general,信息技术与数字化,TECH,软件开发,嵌入式软件工程师,Embedded Software Engineer,2514,15-1252.00,非洲,尼日利亚,NG,country,general,本科/硕士,22-28,global,6.2,5.2,5.4,6.6,4.9,4.8,5.4,5.3,2.5,4.6,5.3,9.0,6.4,4.2,4.6,4.4,4.1,1.6,6.2,5.6,3.8,6.2,4.0,6.7,4.8,1.3,5.2,4.9,1.7,0.4,4.9,4.6,6.1,3.7,2,1,→,2032-2038,5.25,尼日利亚嵌入式软件工程师：薪资水平偏低,Nigeria Embedded Software Engineer: relatively low pay,AI综合评估 + O*NET/ILO/OECD锚点校准,2026-04-13,2026-04-13,2000-2026
TECH-0105-KE-general,信息技术与数字化,TECH,软件开发,嵌入式软件工程师,Embedded Software Engineer,2514,15-1252.00,非洲,肯尼亚,KE,country,general,本科/硕士,22-28,global,6.3,6.3,5.8,6.8,4.5,3.6,5.2,4.9,2.8,4.3,5.3,9.2,6.9,5.2,4.8,4.8,4.1,1.3,6.5,5.2,5.3,6.2,4.5,6.9,4.4,3.4,5.8,4.8,1.9,1.0,4.5,5.4,6.1,3.5,2,1,→,2032-2038,5.39,肯尼亚嵌入式软件工程师：薪资水平偏低,Kenya Embedded Software Engineer: relatively low pay,AI综合评估 + O*NET/ILO/OECD锚点校准,2026-04-13,2026-04-13,2000-2026
TECH-0105-EG-general,信息技术与数字化,TECH,软件开发,嵌入式软件工程师,Embedded Software Engineer,2514,15-1252.00,非洲,埃及,EG,country,general,本科/硕士,22-28,global,6.0,5.4,6.0,7.4,4.7,5.2,5.6,5.7,2.8,3.8,5.8,9.0,7.2,4.9,4.1,5.4,4.1,1.8,6.4,4.6,4.7,6.2,4.3,6.1,5.6,0.4,6.4,4.3,2.3,0.5,4.9,5.2,6.3,3.3,2,1,→,2032-2038,5.39,埃及嵌入式软件工程师：薪资水平偏低,Egypt Embedded Software Engineer: relatively low pay,AI综合评估 + O*NET/ILO/OECD锚点校准,2026-04-13,2026-04-13,2000-2026
TECH-0106-CN-general,信息技术与数字化,TECH,软件开发,DevOps工程师,DevOps Engineer,2522,15-1244.00,东亚,中国,CN,country,general,本科,22-30,global,5.8,5.4,9.2,7.0,9.4,9.6,8.9,8.8,10.0,8.6,5.4,9.7,5.4,0.6,3.3,8.4,7.2,1.4,6.1,7.8,6.4,5.9,3.4,7.6,6.9,3.9,6.0,5.4,0.7,0.4,4.0,6.4,6.9,2.2,4,4,↑↑,2032-2038,6.92,中国DevOps工程师：薪资回报高，人才需求旺盛，加班文化严重,"China DevOps Engineer: high compensation, strong talent demand, heavy overtime culture",AI综合评估 + O*NET/ILO/OECD锚点校准,2026-04-13,2026-04-13,2000-2026
TECH-0106-JP-general,信息技术与数字化,TECH,软件开发,DevOps工程师,DevOps Engineer,2522,15-1244.00,东亚,日本,JP,country,general,本科,22-30,global,5.9,5.3,9.2,8.0,9.4,8.0,8.3,8.6,7.9,8.1,8.4,9.7,5.7,2.1,4.1,8.6,7.2,1.1,5.9,6.8,7.9,6.7,3.7,7.6,7.1,4.2,6.4,5.5,0.7,0.8,3.4,6.4,7.3,2.6,4,3,↑,2028-2033,7.05,日本DevOps工程师：人才需求旺盛，加班文化严重，就业稳定,"Japan DevOps Engineer: strong talent demand, heavy overtime culture, stable employment",AI综合评估 + O*NET/ILO/OECD锚点校准,2026-04-13,2026-04-13,2000-2026
TECH-0106-KR-general,信息技术与数字化,TECH,软件开发,DevOps工程师,DevOps Engineer,2522,15-1244.00,东亚,韩国,KR,country,general,本科,22-30,global,6.2,5.4,9.2,6.7,8.0,8.0,8.1,9.0,8.5,8.4,6.6,9.5,4.7,1.4,3.6,8.6,7.4,0.8,5.5,7.6,6.1,6.7,4.7,7.4,7.1,3.9,6.4,5.2,0.8,1.1,3.6,5.8,7.7,2.2,4,3,↑,2028-2033,6.85,韩国DevOps工程师：薪资回报高，人才需求旺盛，加班文化严重,"South Korea DevOps Engineer: high compensation, strong talent demand, heavy overtime culture",AI综合评估 + O*NET/ILO/OECD锚点校准,2026-04-13,2026-04-13,2000-2026
TECH-0106-TW-general,信息技术与数字化,TECH,软件开发,DevOps工程师,DevOps Engineer,2522,15-1244.00,东亚,中国台湾地区,TW,region,general,本科,22-30,global,5.8,5.3,8.0,7.3,8.2,6.4,8.9,8.6,8.2,7.9,7.1,9.5,6.2,2.9,4.8,8.0,6.4,0.9,5.9,7.4,6.4,7.2,3.7,7.2,6.3,4.5,5.4,5.2,1.3,0.8,4.0,6.8,8.3,2.4,4,3,↑,2028-2033,6.88,中国台湾地区DevOps工程师：薪资回报高，人才需求旺盛，加班文化严重,"Taiwan (China) DevOps Engineer: high compensation, strong talent demand, heavy overtime culture",AI综合评估 + O*NET/ILO/OECD锚点校准,2026-04-13,2026-04-13,2000-2026
TECH-0106-HK-general,信息技术与数字化,TECH,软件开发,DevOps工程师,DevOps Engineer,2522,15-1244.00,东亚,中国香港地区,HK,region,general,本科,22-30,global,6.1,5.1,7.8,7.3,8.0,6.6,7.5,6.8,9.4,8.6,7.1,9.5,5.4,2.9,3.6,7.4,6.4,1.8,5.9,7.2,8.8,6.9,4.7,6.4,6.7,6.0,5.8,5.1,1.5,0.4,3.8,6.4,10.0,2.4,4,3,↑,2028-2033,6.86,中国香港地区DevOps工程师：薪资回报高，人才需求旺盛，远程友好度高,"Hong Kong (China) DevOps Engineer: high compensation, strong talent demand, highly remote-friendly",AI综合评估 + O*NET/ILO/OECD锚点校准,2026-04-13,2026-04-13,2000-2026
TECH-0106-SG-general,信息技术与数字化,TECH,软件开发,DevOps工程师,DevOps Engineer,2522,15-1244.00,东南亚,新加坡,SG,country,general,本科,22-30,global,6.2,5.4,8.8,7.6,8.6,7.2,7.9,9.0,10.0,9.1,8.4,10.0,4.9,3.9,5.1,7.4,7.4,0.9,5.9,8.0,9.7,6.2,5.2,7.4,6.5,7.2,6.8,5.5,1.2,0.7,3.0,6.6,9.7,2.6,4,4,↑↑,2028-2033,7.42,新加坡DevOps工程师：薪资回报高，人才需求旺盛，远程友好度高,"Singapore DevOps Engineer: high compensation, strong talent demand, highly remote-friendly",AI综合评估 + O*NET/ILO/OECD锚点校准,2026-04-13,2026-04-13,2000-2026
TECH-0106-TH-general,信息技术与数字化,TECH,软件开发,DevOps工程师,DevOps Engineer,2522,15-1244.00,东南亚,泰国,TH,country,general,本科,22-30,global,5.8,4.8,6.4,7.3,6.4,5.6,6.5,7.0,4.6,5.1,6.4,9.5,5.4,5.4,6.1,7.6,5.8,1.7,5.2,6.0,6.4,5.9,5.4,6.2,6.7,4.2,6.0,5.7,1.3,0.2,3.8,6.0,6.7,2.6,4,3,↑,2028-2033,6.17,泰国DevOps工程师：发展平稳,Thailand DevOps Engineer: steady development,AI综合评估 + O*NET/ILO/OECD锚点校准,2026-04-13,2026-04-13,2000-2026
TECH-0106-VN-general,信息技术与数字化,TECH,软件开发,DevOps工程师,DevOps Engineer,2522,15-1244.00,东南亚,越南,VN,country,general,本科,22-30,global,6.1,5.0,6.8,6.8,7.0,6.2,7.5,6.6,5.2,6.6,5.9,9.5,5.4,3.9,4.6,7.8,6.8,1.5,5.6,6.0,7.9,6.2,4.9,5.8,5.9,4.2,5.8,5.8,0.8,0.7,4.2,5.8,7.9,3.0,4,3,↑,2028-2033,6.28,越南DevOps工程师：人才需求旺盛,Vietnam DevOps Engineer: strong talent demand,AI综合评估 + O*NET/ILO/OECD锚点校准,2026-04-13,2026-04-13,2000-2026
TECH-0106-ID-general,信息技术与数字化,TECH,软件开发,DevOps工程师,DevOps Engineer,2522,15-1244.00,东南亚,印度尼西亚,ID,country,general,本科,22-30,global,6.1,4.7,7.0,7.1,7.0,7.2,7.1,7.0,4.9,6.4,5.1,9.7,5.7,4.4,5.3,7.4,6.2,1.7,5.2,5.4,7.6,6.7,4.9,6.4,6.3,3.9,5.2,5.2,1.3,0.5,4.6,6.8,6.7,2.0,4,3,↑,2028-2033,6.23,印度尼西亚DevOps工程师：发展平稳,Indonesia DevOps Engineer: steady development,AI综合评估 + O*NET/ILO/OECD锚点校准,2026-04-13,2026-04-13,2000-2026
TECH-0106-MY-general,信息技术与数字化,TECH,软件开发,DevOps工程师,DevOps Engineer,2522,15-1244.00,东南亚,马来西亚,MY,country,general,本科,22-30,global,5.8,4.7,7.2,7.1,6.6,5.8,7.1,7.2,7.0,7.4,6.6,9.7,5.7,4.1,5.1,7.6,6.6,1.2,5.5,6.6,7.3,7.4,4.7,6.8,6.1,5.1,5.6,5.2,1.0,0.5,3.8,6.4,7.9,2.4,4,3,↑,2028-2033,6.59,马来西亚DevOps工程师：发展平稳,Malaysia DevOps Engineer: steady development,AI综合评估 + O*NET/ILO/OECD锚点校准,2026-04-13,2026-04-13,2000-2026
TECH-0106-PH-general,信息技术与数字化,TECH,软件开发,DevOps工程师,DevOps Engineer,2522,15-1244.00,东南亚,菲律宾,PH,country,general,本科,22-30,global,5.9,4.7,6.8,6.7,6.6,5.8,6.3,7.0,5.2,5.6,5.6,9.7,5.2,3.4,5.6,6.6,5.8,1.4,5.5,5.4,8.2,6.4,4.2,6.4,5.9,5.1,5.0,5.7,0.7,0.1,4.2,6.6,8.1,3.4,4,3,↑,2028-2033,6.16,菲律宾DevOps工程师：加班文化严重,Philippines DevOps Engineer: heavy overtime culture,AI综合评估 + O*NET/ILO/OECD锚点校准,2026-04-13,2026-04-13,2000-2026
TECH-0106-IN-general,信息技术与数字化,TECH,软件开发,DevOps工程师,DevOps Engineer,2522,15-1244.00,南亚,印度,IN,country,general,本科,22-30,global,6.2,5.0,8.2,6.8,9.8,8.8,7.7,8.4,7.0,7.6,6.4,9.7,5.7,3.6,4.6,8.0,6.8,1.2,5.2,7.0,9.7,5.9,3.7,6.8,6.7,3.6,5.6,5.2,0.7,0.1,4.4,6.8,8.3,1.8,4,3,↑,2028-2033,6.82,印度DevOps工程师：人才需求旺盛，远程友好度高,"India DevOps Engineer: strong talent demand, highly remote-friendly",AI综合评估 + O*NET/ILO/OECD锚点校准,2026-04-13,2026-04-13,2000-2026
TECH-0106-PK-general,信息技术与数字化,TECH,软件开发,DevOps工程师,DevOps Engineer,2522,15-1244.00,南亚,巴基斯坦,PK,country,general,本科,22-30,global,5.8,4.5,7.0,6.2,6.6,5.8,5.9,5.2,3.1,4.9,4.6,9.2,5.2,3.6,4.8,7.0,5.8,1.8,5.5,4.8,7.9,6.2,3.4,5.8,6.3,2.1,5.2,5.8,0.7,0.1,4.8,6.0,6.7,3.0,3,2,↑,2028-2033,5.68,巴基斯坦DevOps工程师：薪资水平偏低,Pakistan DevOps Engineer: relatively low pay,AI综合评估 + O*NET/ILO/OECD锚点校准,2026-04-13,2026-04-13,2000-2026
TECH-0106-BD-general,信息技术与数字化,TECH,软件开发,DevOps工程师,DevOps Engineer,2522,15-1244.00,南亚,孟加拉国,BD,country,general,本科,22-30,global,5.8,4.4,6.4,6.8,5.4,5.0,5.7,5.0,2.8,4.9,5.1,9.2,5.2,3.6,5.1,6.2,5.2,2.1,5.5,5.0,8.2,6.9,4.2,6.0,5.9,1.2,5.0,5.1,1.2,0.1,4.4,6.6,7.1,3.0,3,2,↑,2028-2033,5.61,孟加拉国DevOps工程师：薪资水平偏低,Bangladesh DevOps Engineer: relatively low pay,AI综合评估 + O*NET/ILO/OECD锚点校准,2026-04-13,2026-04-13,2000-2026
TECH-0106-AE-general,信息技术与数字化,TECH,软件开发,DevOps工程师,DevOps Engineer,2522,15-1244.00,中亚/西亚,阿联酋,AE,country,general,本科,22-30,global,6.2,4.7,7.4,7.6,7.6,5.6,7.5,8.0,10.0,9.9,8.1,9.7,4.9,4.4,4.6,7.8,6.8,0.9,6.0,7.2,7.0,6.4,5.2,6.8,5.9,4.5,5.4,5.5,1.3,0.7,3.4,6.4,9.1,3.0,4,3,↑,2028-2033,7.03,阿联酋DevOps工程师：薪资回报高，人才需求旺盛，就业稳定,"United Arab Emirates DevOps Engineer: high compensation, strong talent demand, stable employment",AI综合评估 + O*NET/ILO/OECD锚点校准,2026-04-13,2026-04-13,2000-2026
TECH-0106-IL-general,信息技术与数字化,TECH,软件开发,DevOps工程师,DevOps Engineer,2522,15-1244.00,中亚/西亚,以色列,IL,country,general,本科,22-30,global,6.7,5.3,8.8,6.5,9.0,7.0,8.7,8.6,10.0,9.6,5.9,9.5,6.7,4.6,5.1,8.4,6.4,1.1,5.5,8.6,10.0,7.9,5.7,6.6,6.3,7.2,6.4,5.2,1.2,0.4,3.6,7.0,8.9,3.0,4,4,↑↑,2028-2033,7.35,以色列DevOps工程师：薪资回报高，人才需求旺盛，远程友好度高,"Israel DevOps Engineer: high compensation, strong talent demand, highly remote-friendly",AI综合评估 + O*NET/ILO/OECD锚点校准,2026-04-13,2026-04-13,2000-2026
TECH-0106-SA-general,信息技术与数字化,TECH,软件开发,DevOps工程师,DevOps Engineer,2522,15-1244.00,中亚/西亚,沙特阿拉伯,SA,country,general,本科,22-30,global,6.4,5.1,7.6,7.3,7.2,5.8,7.9,6.4,7.9,8.6,6.1,9.2,5.7,3.6,5.3,7.4,6.8,1.2,5.2,7.0,6.1,6.4,4.4,5.8,6.7,1.5,5.6,5.2,0.8,0.1,4.0,5.6,7.9,3.0,4,3,↑,2028-2033,6.46,沙特阿拉伯DevOps工程师：人才需求旺盛,Saudi Arabia DevOps Engineer: strong talent demand,AI综合评估 + O*NET/ILO/OECD锚点校准,2026-04-13,2026-04-13,2000-2026
TECH-0106-TR-general,信息技术与数字化,TECH,软件开发,DevOps工程师,DevOps Engineer,2522,15-1244.00,中亚/西亚,土耳其,TR,country,general,本科,22-30,global,6.4,5.0,7.4,6.7,7.4,7.2,7.9,7.2,6.1,6.9,5.1,9.2,6.2,3.6,5.3,7.4,7.0,1.7,5.5,6.4,8.2,6.4,4.7,6.4,6.9,3.9,5.4,5.4,1.0,0.5,4.6,5.8,7.1,2.4,4,3,↑,2028-2033,6.4,土耳其DevOps工程师：人才需求旺盛,Turkey DevOps Engineer: strong talent demand,AI综合评估 + O*NET/ILO/OECD锚点校准,2026-04-13,2026-04-13,2000-2026
TECH-0106-GB-general,信息技术与数字化,TECH,软件开发,DevOps工程师,DevOps Engineer,2522,15-1244.00,西欧,英国,GB,country,general,本科,22-30,global,6.2,5.0,9.2,7.7,8.6,7.8,8.3,8.2,10.0,9.4,7.6,9.5,6.2,4.9,6.6,8.4,7.4,0.8,5.8,7.4,10.0,7.9,6.9,7.2,7.3,7.2,6.6,5.5,0.7,0.7,3.4,7.4,9.9,1.6,4,4,↑↑,2028-2033,7.68,英国DevOps工程师：薪资回报高，人才需求旺盛，远程友好度高,"United Kingdom DevOps Engineer: high compensation, strong talent demand, highly remote-friendly",AI综合评估 + O*NET/ILO/OECD锚点校准,2026-04-13,2026-04-13,2000-2026
TECH-0106-FR-general,信息技术与数字化,TECH,软件开发,DevOps工程师,DevOps Engineer,2522,15-1244.00,西欧,法国,FR,country,general,本科,22-30,global,6.5,5.0,8.6,7.1,8.6,7.0,7.5,8.2,9.7,7.9,7.1,9.7,7.2,7.1,7.1,8.4,7.0,1.1,5.8,7.8,9.4,8.2,7.7,7.0,7.5,6.3,6.8,5.5,1.0,0.5,4.0,6.4,8.3,2.4,4,3,↑,2028-2033,7.48,法国DevOps工程师：薪资回报高，人才需求旺盛，远程友好度高,"France DevOps Engineer: high compensation, strong talent demand, highly remote-friendly",AI综合评估 + O*NET/ILO/OECD锚点校准,2026-04-13,2026-04-13,2000-2026
TECH-0106-DE-general,信息技术与数字化,TECH,软件开发,DevOps工程师,DevOps Engineer,2522,15-1244.00,西欧,德国,DE,country,general,本科,22-30,global,6.7,5.3,8.4,7.3,8.8,8.2,8.5,9.0,10.0,9.1,7.6,10.0,7.2,7.9,7.3,7.6,6.6,0.9,5.5,7.2,9.7,6.9,7.4,6.6,7.9,7.2,6.6,5.5,0.7,0.5,3.2,7.0,9.5,1.6,4,3,↑,2028-2033,7.68,德国DevOps工程师：薪资回报高，人才需求旺盛，远程友好度高,"Germany DevOps Engineer: high compensation, strong talent demand, highly remote-friendly",AI综合评估 + O*NET/ILO/OECD锚点校准,2026-04-13,2026-04-13,2000-2026
TECH-0106-NL-general,信息技术与数字化,TECH,软件开发,DevOps工程师,DevOps Engineer,2522,15-1244.00,西欧,荷兰,NL,country,general,本科,22-30,global,6.4,5.0,8.0,7.9,8.0,7.2,8.7,8.0,9.7,9.6,8.4,9.7,8.2,8.4,7.8,7.8,7.4,1.2,5.9,7.0,10.0,8.4,8.2,6.4,6.5,8.1,7.4,5.1,0.8,0.7,3.6,7.6,10.0,3.0,4,3,↑,2028-2033,7.79,荷兰DevOps工程师：薪资回报高，人才需求旺盛，远程友好度高,"Netherlands DevOps Engineer: high compensation, strong talent demand, highly remote-friendly",AI综合评估 + O*NET/ILO/OECD锚点校准,2026-04-13,2026-04-13,2000-2026
TECH-0106-CH-general,信息技术与数字化,TECH,软件开发,DevOps工程师,DevOps Engineer,2522,15-1244.00,西欧,瑞士,CH,country,general,本科,22-30,global,6.2,5.3,7.6,7.4,8.0,6.8,8.3,7.8,10.0,9.9,10.0,10.0,7.2,7.4,7.3,8.2,7.2,1.2,5.9,7.6,8.2,7.7,7.2,7.4,7.1,7.2,6.6,5.4,1.3,0.8,3.6,6.8,9.9,2.4,4,3,↑,2028-2033,7.68,瑞士DevOps工程师：薪资回报高，人才需求旺盛，就业稳定,"Switzerland DevOps Engineer: high compensation, strong talent demand, stable employment",AI综合评估 + O*NET/ILO/OECD锚点校准,2026-04-13,2026-04-13,2000-2026
TECH-0106-SE-general,信息技术与数字化,TECH,软件开发,DevOps工程师,DevOps Engineer,2522,15-1244.00,北欧,瑞典,SE,country,general,本科,22-30,global,6.5,5.6,7.8,7.3,8.2,6.8,8.9,7.8,9.7,9.1,8.1,9.5,6.7,8.4,7.6,8.0,7.2,0.9,5.2,7.6,10.0,7.7,8.2,7.6,7.5,9.3,7.4,5.2,0.7,0.8,4.0,7.2,9.9,2.2,4,3,↑,2028-2033,7.72,瑞典DevOps工程师：薪资回报高，人才需求旺盛，远程友好度高,"Sweden DevOps Engineer: high compensation, strong talent demand, highly remote-friendly",AI综合评估 + O*NET/ILO/OECD锚点校准,2026-04-13,2026-04-13,2000-2026
TECH-0106-DK-general,信息技术与数字化,TECH,软件开发,DevOps工程师,DevOps Engineer,2522,15-1244.00,北欧,丹麦,DK,country,general,本科,22-30,global,6.4,5.1,7.8,7.4,7.8,5.8,8.3,8.4,10.0,8.6,8.6,9.7,7.9,7.9,7.3,7.8,6.8,1.2,5.2,7.8,10.0,8.2,7.7,6.6,6.5,9.6,6.6,5.2,0.7,1.1,3.8,7.0,9.5,2.2,4,3,↑,2028-2033,7.62,丹麦DevOps工程师：薪资回报高，人才需求旺盛，远程友好度高,"Denmark DevOps Engineer: high compensation, strong talent demand, highly remote-friendly",AI综合评估 + O*NET/ILO/OECD锚点校准,2026-04-13,2026-04-13,2000-2026
TECH-0106-FI-general,信息技术与数字化,TECH,软件开发,DevOps工程师,DevOps Engineer,2522,15-1244.00,北欧,芬兰,FI,country,general,本科,22-30,global,6.7,5.6,8.2,7.3,7.4,6.2,8.7,7.8,8.2,9.1,7.6,9.7,7.2,8.6,8.3,8.0,6.4,0.9,5.8,7.6,10.0,8.2,8.2,6.8,6.3,9.3,6.6,5.7,1.3,1.1,3.4,6.8,9.9,2.4,4,3,↑,2028-2033,7.59,芬兰DevOps工程师：薪资回报高，人才需求旺盛，远程友好度高,"Finland DevOps Engineer: high compensation, strong talent demand, highly remote-friendly",AI综合评估 + O*NET/ILO/OECD锚点校准,2026-04-13,2026-04-13,2000-2026
TECH-0106-IT-general,信息技术与数字化,TECH,软件开发,DevOps工程师,DevOps Engineer,2522,15-1244.00,南欧,意大利,IT,country,general,本科,22-30,global,5.9,4.8,7.8,7.0,7.6,7.2,6.9,6.2,6.7,6.9,7.1,9.5,5.4,4.4,6.1,7.6,6.4,1.7,5.5,6.4,7.0,7.7,5.2,6.2,7.3,3.9,5.8,5.8,1.2,0.5,4.0,6.6,8.7,2.6,4,3,↑,2028-2033,6.62,意大利DevOps工程师：发展平稳,Italy DevOps Engineer: steady development,AI综合评估 + O*NET/ILO/OECD锚点校准,2026-04-13,2026-04-13,2000-2026
TECH-0106-ES-general,信息技术与数字化,TECH,软件开发,DevOps工程师,DevOps Engineer,2522,15-1244.00,南欧,西班牙,ES,country,general,本科,22-30,global,6.4,4.8,7.0,6.5,7.4,6.4,7.3,7.2,7.6,6.9,5.4,9.2,7.2,4.6,6.3,7.2,6.8,1.4,5.5,6.2,8.8,7.7,5.7,6.0,6.3,6.0,6.4,5.2,1.0,0.8,4.8,6.8,8.9,3.2,4,3,↑,2028-2033,6.68,西班牙DevOps工程师：远程友好度高,Spain DevOps Engineer: highly remote-friendly,AI综合评估 + O*NET/ILO/OECD锚点校准,2026-04-13,2026-04-13,2000-2026
TECH-0106-PT-general,信息技术与数字化,TECH,软件开发,DevOps工程师,DevOps Engineer,2522,15-1244.00,南欧,葡萄牙,PT,country,general,本科,22-30,global,5.8,4.7,7.4,6.8,6.6,6.0,7.3,7.2,6.4,6.4,6.4,9.7,6.7,5.9,5.3,7.6,5.8,1.7,5.5,6.2,9.1,6.9,6.2,5.8,5.7,6.6,6.2,6.0,1.2,0.2,4.2,6.2,9.3,2.6,4,3,↑,2028-2033,6.67,葡萄牙DevOps工程师：远程友好度高,Portugal DevOps Engineer: highly remote-friendly,AI综合评估 + O*NET/ILO/OECD锚点校准,2026-04-13,2026-04-13,2000-2026
TECH-0106-PL-general,信息技术与数字化,TECH,软件开发,DevOps工程师,DevOps Engineer,2522,15-1244.00,东欧,波兰,PL,country,general,本科,22-30,global,5.6,5.0,7.4,7.3,8.0,6.8,7.9,6.4,7.3,8.1,6.4,9.5,5.9,5.6,6.1,7.4,7.0,1.7,5.4,7.0,9.7,7.4,6.9,7.2,6.5,5.4,6.6,5.1,1.0,1.1,4.0,6.4,8.7,2.2,4,3,↑,2028-2033,6.95,波兰DevOps工程师：人才需求旺盛，远程友好度高,"Poland DevOps Engineer: strong talent demand, highly remote-friendly",AI综合评估 + O*NET/ILO/OECD锚点校准,2026-04-13,2026-04-13,2000-2026
TECH-0106-CZ-general,信息技术与数字化,TECH,软件开发,DevOps工程师,DevOps Engineer,2522,15-1244.00,东欧,捷克,CZ,country,general,本科,22-30,global,5.8,5.0,7.8,7.0,7.4,6.2,8.1,6.4,7.0,8.4,8.1,9.7,6.9,5.1,7.1,7.2,6.4,1.5,5.6,6.6,8.5,7.9,6.7,6.6,6.5,6.3,6.6,5.4,1.0,0.4,4.0,6.0,8.9,2.6,4,3,↑,2028-2033,7.01,捷克DevOps工程师：人才需求旺盛，远程友好度高，就业稳定,"Czech Republic DevOps Engineer: strong talent demand, highly remote-friendly, stable employment",AI综合评估 + O*NET/ILO/OECD锚点校准,2026-04-13,2026-04-13,2000-2026
TECH-0106-RU-general,信息技术与数字化,TECH,软件开发,DevOps工程师,DevOps Engineer,2522,15-1244.00,东欧,俄罗斯,RU,country,general,本科,22-30,global,5.8,4.7,8.2,6.4,8.2,7.2,8.3,7.0,6.4,7.1,4.6,9.0,5.4,4.9,5.3,7.2,6.8,1.7,5.1,6.4,9.1,6.7,5.4,7.0,6.5,4.8,5.8,5.5,0.7,0.1,4.0,6.6,6.1,2.8,4,3,↑,2028-2033,6.56,俄罗斯DevOps工程师：人才需求旺盛，远程友好度高,"Russia DevOps Engineer: strong talent demand, highly remote-friendly",AI综合评估 + O*NET/ILO/OECD锚点校准,2026-04-13,2026-04-13,2000-2026
TECH-0106-US-general,信息技术与数字化,TECH,软件开发,DevOps工程师,DevOps Engineer,2522,15-1244.00,北美,美国,US,country,general,本科,22-30,global,6.2,5.4,9.0,7.1,10.0,8.6,9.5,8.0,10.0,10.0,6.9,9.7,5.9,3.9,4.3,8.2,7.8,0.9,6.1,8.4,10.0,7.9,5.7,7.4,7.9,7.8,6.6,5.5,1.3,0.5,4.6,6.8,9.5,2.8,4,4,↑↑,2032-2038,7.61,美国DevOps工程师：薪资回报高，人才需求旺盛，远程友好度高,"United States DevOps Engineer: high compensation, strong talent demand, highly remote-friendly",AI综合评估 + O*NET/ILO/OECD锚点校准,2026-04-13,2026-04-13,2000-2026
TECH-0106-CA-general,信息技术与数字化,TECH,软件开发,DevOps工程师,DevOps Engineer,2522,15-1244.00,北美,加拿大,CA,country,general,本科,22-30,global,6.1,5.6,8.4,7.7,8.4,7.8,7.7,7.8,9.7,8.9,7.4,9.5,6.9,5.6,6.8,7.4,6.8,1.1,6.0,7.8,10.0,7.4,7.7,7.0,7.7,7.8,6.6,5.7,1.2,0.5,3.8,6.4,9.9,1.8,4,4,↑↑,2028-2033,7.54,加拿大DevOps工程师：薪资回报高，人才需求旺盛，远程友好度高,"Canada DevOps Engineer: high compensation, strong talent demand, highly remote-friendly",AI综合评估 + O*NET/ILO/OECD锚点校准,2026-04-13,2026-04-13,2000-2026
TECH-0106-MX-general,信息技术与数字化,TECH,软件开发,DevOps工程师,DevOps Engineer,2522,15-1244.00,北美,墨西哥,MX,country,general,本科,22-30,global,5.9,4.7,7.6,7.0,7.2,7.0,6.7,7.0,5.2,6.1,6.1,9.2,6.2,3.9,4.3,7.2,6.4,1.2,5.2,5.4,7.6,6.7,4.7,5.8,6.9,4.2,6.4,5.8,1.3,0.7,3.8,6.4,7.5,3.0,4,3,↑,2028-2033,6.3,墨西哥DevOps工程师：发展平稳,Mexico DevOps Engineer: steady development,AI综合评估 + O*NET/ILO/OECD锚点校准,2026-04-13,2026-04-13,2000-2026
TECH-0106-BR-general,信息技术与数字化,TECH,软件开发,DevOps工程师,DevOps Engineer,2522,15-1244.00,南美,巴西,BR,country,general,本科,22-30,global,6.4,4.7,8.2,6.7,8.0,7.6,7.7,6.2,6.1,7.6,6.1,9.5,5.4,4.4,4.8,8.0,6.8,1.4,5.5,6.2,8.8,6.4,4.9,6.0,7.1,3.9,5.6,5.7,1.3,0.2,3.8,6.8,7.3,2.8,4,3,↑,2028-2033,6.58,巴西DevOps工程师：人才需求旺盛，远程友好度高,"Brazil DevOps Engineer: strong talent demand, highly remote-friendly",AI综合评估 + O*NET/ILO/OECD锚点校准,2026-04-13,2026-04-13,2000-2026
TECH-0106-AR-general,信息技术与数字化,TECH,软件开发,DevOps工程师,DevOps Engineer,2522,15-1244.00,南美,阿根廷,AR,country,general,本科,22-30,global,5.9,5.0,6.6,6.7,6.4,5.8,6.9,7.0,5.5,5.4,5.4,9.0,6.2,3.4,5.8,7.2,6.2,1.7,5.8,5.6,9.7,6.2,4.7,6.4,6.3,5.1,6.2,5.4,0.8,0.2,4.0,7.0,7.7,2.8,4,3,↑,2028-2033,6.29,阿根廷DevOps工程师：远程友好度高，加班文化严重,"Argentina DevOps Engineer: highly remote-friendly, heavy overtime culture",AI综合评估 + O*NET/ILO/OECD锚点校准,2026-04-13,2026-04-13,2000-2026
TECH-0106-CL-general,信息技术与数字化,TECH,软件开发,DevOps工程师,DevOps Engineer,2522,15-1244.00,南美,智利,CL,country,general,本科,22-30,global,5.6,4.8,6.2,7.3,6.8,5.8,6.9,6.4,6.7,6.4,5.9,9.7,5.9,4.1,5.3,6.6,5.4,1.4,5.1,5.4,8.2,6.4,4.7,6.8,6.3,3.9,5.6,5.8,0.8,0.5,4.0,6.6,7.9,2.6,4,3,↑,2028-2033,6.3,智利DevOps工程师：发展平稳,Chile DevOps Engineer: steady development,AI综合评估 + O*NET/ILO/OECD锚点校准,2026-04-13,2026-04-13,2000-2026
TECH-0106-CO-general,信息技术与数字化,TECH,软件开发,DevOps工程师,DevOps Engineer,2522,15-1244.00,南美,哥伦比亚,CO,country,general,本科,22-30,global,5.8,5.3,6.6,6.7,6.8,5.4,6.5,7.2,4.9,6.6,5.6,9.5,4.9,3.6,5.3,7.2,6.0,1.7,5.5,5.2,8.5,6.9,5.4,5.8,5.7,4.5,6.2,6.0,1.0,0.1,4.6,7.0,7.3,3.0,4,3,↑,2028-2033,6.2,哥伦比亚DevOps工程师：远程友好度高,Colombia DevOps Engineer: highly remote-friendly,AI综合评估 + O*NET/ILO/OECD锚点校准,2026-04-13,2026-04-13,2000-2026
TECH-0106-AU-general,信息技术与数字化,TECH,软件开发,DevOps工程师,DevOps Engineer,2522,15-1244.00,大洋洲,澳大利亚,AU,country,general,本科,22-30,global,5.9,5.0,8.2,7.7,7.8,7.8,7.5,8.2,10.0,9.4,8.9,9.7,7.4,7.1,6.8,7.4,6.4,1.2,5.8,6.8,10.0,8.4,7.2,6.6,6.9,8.1,7.0,5.2,1.2,0.7,3.8,6.8,8.9,3.0,4,3,↑,2028-2033,7.58,澳大利亚DevOps工程师：薪资回报高，人才需求旺盛，远程友好度高,"Australia DevOps Engineer: high compensation, strong talent demand, highly remote-friendly",AI综合评估 + O*NET/ILO/OECD锚点校准,2026-04-13,2026-04-13,2000-2026
TECH-0106-NZ-general,信息技术与数字化,TECH,软件开发,DevOps工程师,DevOps Engineer,2522,15-1244.00,大洋洲,新西兰,NZ,country,general,本科,22-30,global,6.5,5.4,7.4,7.9,6.8,5.2,8.5,6.4,8.5,8.9,8.4,9.7,7.9,7.4,7.3,7.4,6.6,1.7,5.4,7.0,10.0,8.2,7.9,6.4,6.9,8.4,6.8,5.8,0.8,1.3,3.4,6.8,8.9,2.8,4,3,↑,2028-2033,7.32,新西兰DevOps工程师：薪资回报高，人才需求旺盛，远程友好度高,"New Zealand DevOps Engineer: high compensation, strong talent demand, highly remote-friendly",AI综合评估 + O*NET/ILO/OECD锚点校准,2026-04-13,2026-04-13,2000-2026
TECH-0106-ZA-general,信息技术与数字化,TECH,软件开发,DevOps工程师,DevOps Engineer,2522,15-1244.00,非洲,南非,ZA,country,general,本科,22-30,global,5.8,5.3,7.0,6.7,6.8,6.0,6.3,6.8,4.9,6.4,5.4,9.7,5.4,5.4,5.6,6.8,5.8,1.7,5.8,5.2,8.5,7.2,4.2,6.2,5.7,3.9,5.2,5.5,1.0,0.8,4.8,6.8,6.9,2.4,4,3,↑,2028-2033,6.18,南非DevOps工程师：远程友好度高,South Africa DevOps Engineer: highly remote-friendly,AI综合评估 + O*NET/ILO/OECD锚点校准,2026-04-13,2026-04-13,2000-2026
TECH-0106-NG-general,信息技术与数字化,TECH,软件开发,DevOps工程师,DevOps Engineer,2522,15-1244.00,非洲,尼日利亚,NG,country,general,本科,22-30,global,5.5,4.4,6.8,6.4,6.8,5.2,6.7,5.6,3.4,5.4,3.9,9.0,4.9,3.4,4.8,6.6,5.8,2.0,4.8,5.4,8.2,5.7,3.9,5.4,5.3,2.1,4.8,5.8,1.0,0.0,4.2,5.8,6.5,2.6,3,2,↑,2028-2033,5.65,尼日利亚DevOps工程师：薪资水平偏低，加班文化严重，就业波动大,"Nigeria DevOps Engineer: relatively low pay, heavy overtime culture, volatile employment",AI综合评估 + O*NET/ILO/OECD锚点校准,2026-04-13,2026-04-13,2000-2026
TECH-0106-KE-general,信息技术与数字化,TECH,软件开发,DevOps工程师,DevOps Engineer,2522,15-1244.00,非洲,肯尼亚,KE,country,general,本科,22-30,global,5.9,5.1,6.0,6.1,6.0,4.8,6.3,5.8,4.0,5.1,4.6,9.0,4.7,3.9,5.3,7.2,6.0,2.1,5.1,5.6,6.7,6.2,4.2,6.4,5.3,3.6,5.6,5.4,0.8,0.5,4.4,6.0,7.7,3.4,3,2,↑,2028-2033,5.7,肯尼亚DevOps工程师：薪资水平偏低,Kenya DevOps Engineer: relatively low pay,AI综合评估 + O*NET/ILO/OECD锚点校准,2026-04-13,2026-04-13,2000-2026
TECH-0106-EG-general,信息技术与数字化,TECH,软件开发,DevOps工程师,DevOps Engineer,2522,15-1244.00,非洲,埃及,EG,country,general,本科,22-30,global,6.1,5.3,6.8,6.2,7.4,6.2,6.5,4.6,3.4,4.9,4.9,9.5,5.4,3.9,4.8,6.8,6.0,1.8,4.8,5.6,7.6,6.4,4.9,5.6,5.5,2.1,5.2,5.8,1.0,0.0,5.0,6.8,7.1,2.4,3,2,↑,2028-2033,5.75,埃及DevOps工程师：薪资水平偏低,Egypt DevOps Engineer: relatively low pay,AI综合评估 + O*NET/ILO/OECD锚点校准,2026-04-13,2026-04-13,2000-2026
TECH-0107-CN-general,信息技术与数字化,TECH,软件开发,软件测试工程师,Software QA Engineer,2519,15-1253.00,东亚,中国,CN,country,general,本科/大专,21-28,global,3.8,3.8,6.4,6.1,8.6,8.9,5.1,5.4,7.0,6.9,5.1,9.7,5.5,1.5,2.8,6.3,6.9,2.0,4.2,6.7,6.3,4.0,4.2,5.1,6.2,5.4,6.3,5.4,1.0,0.5,5.8,6.1,5.9,1.9,2,0,→,2026-2030,5.93,中国软件测试工程师：加班文化严重,China Software QA Engineer: heavy overtime culture,AI综合评估 + O*NET/ILO/OECD锚点校准,2026-04-13,2026-04-13,2000-2026
TECH-0107-JP-general,信息技术与数字化,TECH,软件开发,软件测试工程师,Software QA Engineer,2519,15-1253.00,东亚,日本,JP,country,general,本科/大专,21-28,global,4.0,3.8,5.8,6.6,7.2,8.7,5.5,4.8,6.1,6.9,6.9,9.7,6.0,3.7,3.1,6.5,6.1,2.4,3.3,5.5,6.3,5.2,4.9,4.9,5.6,4.2,6.1,5.1,1.1,0.5,5.0,6.3,6.1,1.5,2,-1,→,2026-2030,5.88,日本软件测试工程师：AI替代风险较高,Japan Software QA Engineer: high AI displacement risk,AI综合评估 + O*NET/ILO/OECD锚点校准,2026-04-13,2026-04-13,2000-2026
TECH-0107-KR-general,信息技术与数字化,TECH,软件开发,软件测试工程师,Software QA Engineer,2519,15-1253.00,东亚,韩国,KR,country,general,本科/大专,21-28,global,4.4,4.4,5.6,6.0,6.8,8.7,5.1,5.4,7.3,7.2,6.1,9.5,6.2,2.7,2.6,6.5,5.9,2.4,3.8,5.5,7.2,4.4,4.9,4.7,5.8,3.6,6.3,5.7,1.0,1.1,5.8,6.3,7.1,2.3,2,-1,→,2026-2030,5.83,韩国软件测试工程师：AI替代风险较高，加班文化严重,"South Korea Software QA Engineer: high AI displacement risk, heavy overtime culture",AI综合评估 + O*NET/ILO/OECD锚点校准,2026-04-13,2026-04-13,2000-2026
TECH-0107-TW-general,信息技术与数字化,TECH,软件开发,软件测试工程师,Software QA Engineer,2519,15-1253.00,东亚,中国台湾地区,TW,region,general,本科/大专,21-28,global,4.6,4.1,6.4,5.8,7.0,6.9,5.5,5.4,5.2,6.7,5.4,9.5,6.2,4.7,4.1,6.7,5.5,2.1,3.8,5.3,6.3,5.2,5.7,5.5,4.6,5.4,6.5,5.4,1.3,0.6,6.0,5.9,7.1,2.5,2,-1,→,2026-2030,5.85,中国台湾地区软件测试工程师：AI替代风险较高,Taiwan (China) Software QA Engineer: high AI displacement risk,AI综合评估 + O*NET/ILO/OECD锚点校准,2026-04-13,2026-04-13,2000-2026
TECH-0107-HK-general,信息技术与数字化,TECH,软件开发,软件测试工程师,Software QA Engineer,2519,15-1253.00,东亚,中国香港地区,HK,region,general,本科/大专,21-28,global,4.3,3.8,5.2,6.1,5.8,6.5,5.5,3.2,7.0,7.4,6.1,9.5,5.5,2.7,3.6,5.7,5.5,2.9,3.5,5.9,6.9,5.4,4.4,5.5,5.4,5.7,5.7,5.5,1.4,0.3,5.0,6.5,8.7,2.1,2,-1,→,2026-2030,5.76,中国香港地区软件测试工程师：AI替代风险较高，加班文化严重,"Hong Kong (China) Software QA Engineer: high AI displacement risk, heavy overtime culture",AI综合评估 + O*NET/ILO/OECD锚点校准,2026-04-13,2026-04-13,2000-2026
TECH-0107-SG-general,信息技术与数字化,TECH,软件开发,软件测试工程师,Software QA Engineer,2519,15-1253.00,东南亚,新加坡,SG,country,general,本科/大专,21-28,global,4.3,4.0,5.8,6.3,7.2,7.3,5.1,5.2,8.8,8.4,7.4,10.0,5.5,4.7,4.6,6.3,6.7,2.3,3.9,6.5,8.7,5.9,5.9,5.7,6.0,8.1,5.9,5.2,0.7,1.1,5.6,6.7,9.9,1.9,2,0,→,2026-2030,6.53,新加坡软件测试工程师：薪资回报高，AI替代风险较高，远程友好度高,"Singapore Software QA Engineer: high compensation, high AI displacement risk, highly remote-friendly",AI综合评估 + O*NET/ILO/OECD锚点校准,2026-04-13,2026-04-13,2000-2026
TECH-0107-TH-general,信息技术与数字化,TECH,软件开发,软件测试工程师,Software QA Engineer,2519,15-1253.00,东南亚,泰国,TH,country,general,本科/大专,21-28,global,4.3,3.8,4.6,6.0,5.6,6.3,4.1,3.8,3.1,4.9,5.9,9.2,6.7,5.9,5.1,5.3,4.7,2.3,3.3,4.5,6.0,4.7,4.7,4.3,4.6,6.6,5.3,5.5,1.0,0.0,5.2,6.3,6.3,1.7,2,-1,→,2026-2030,5.35,泰国软件测试工程师：薪资水平偏低，AI替代风险较高,"Thailand Software QA Engineer: relatively low pay, high AI displacement risk",AI综合评估 + O*NET/ILO/OECD锚点校准,2026-04-13,2026-04-13,2000-2026
TECH-0107-VN-general,信息技术与数字化,TECH,软件开发,软件测试工程师,Software QA Engineer,2519,15-1253.00,东南亚,越南,VN,country,general,本科/大专,21-28,global,4.3,4.0,5.0,6.1,5.8,6.5,4.5,4.0,3.1,4.7,4.9,9.5,6.5,4.4,4.8,5.9,5.3,2.9,3.0,4.9,8.1,4.4,4.7,5.1,5.4,6.0,5.9,5.4,0.8,0.3,6.0,6.5,6.3,2.3,2,-1,→,2026-2030,5.36,越南软件测试工程师：薪资水平偏低，AI替代风险较高,"Vietnam Software QA Engineer: relatively low pay, high AI displacement risk",AI综合评估 + O*NET/ILO/OECD锚点校准,2026-04-13,2026-04-13,2000-2026
TECH-0107-ID-general,信息技术与数字化,TECH,软件开发,软件测试工程师,Software QA Engineer,2519,15-1253.00,东南亚,印度尼西亚,ID,country,general,本科/大专,21-28,global,4.0,4.1,4.2,6.1,6.0,7.9,3.3,4.2,2.5,3.7,5.6,9.5,6.2,5.4,5.3,6.1,5.7,2.4,3.1,3.7,7.2,4.4,5.2,4.9,5.0,4.5,5.5,5.4,1.0,0.0,5.6,6.1,5.1,2.7,2,-1,→,2026-2030,5.24,印度尼西亚软件测试工程师：薪资水平偏低，供过于求，AI替代风险较高,"Indonesia Software QA Engineer: relatively low pay, oversupply of talent, high AI displacement risk",AI综合评估 + O*NET/ILO/OECD锚点校准,2026-04-13,2026-04-13,2000-2026
TECH-0107-MY-general,信息技术与数字化,TECH,软件开发,软件测试工程师,Software QA Engineer,2519,15-1253.00,东南亚,马来西亚,MY,country,general,本科/大专,21-28,global,4.1,4.3,4.4,6.1,5.2,6.5,3.9,3.6,3.7,4.9,5.9,9.7,6.0,4.7,5.1,5.9,4.7,2.7,3.0,4.5,6.9,4.7,5.4,5.1,4.8,5.4,5.3,5.5,1.0,0.5,5.0,6.7,7.3,1.9,2,-1,→,2026-2030,5.36,马来西亚软件测试工程师：薪资水平偏低，供过于求，AI替代风险较高,"Malaysia Software QA Engineer: relatively low pay, oversupply of talent, high AI displacement risk",AI综合评估 + O*NET/ILO/OECD锚点校准,2026-04-13,2026-04-13,2000-2026
TECH-0107-PH-general,信息技术与数字化,TECH,软件开发,软件测试工程师,Software QA Engineer,2519,15-1253.00,东南亚,菲律宾,PH,country,general,本科/大专,21-28,global,4.0,3.8,4.4,5.4,4.8,7.1,3.5,4.0,1.9,4.9,4.9,9.7,5.7,5.0,4.8,5.5,5.7,2.6,3.6,3.5,7.8,5.4,4.7,4.3,4.2,6.0,5.9,5.8,1.3,0.0,5.4,6.3,6.9,2.1,2,-1,→,2026-2030,5.25,菲律宾软件测试工程师：薪资水平偏低，供过于求，AI替代风险较高,"Philippines Software QA Engineer: relatively low pay, oversupply of talent, high AI displacement risk",AI综合评估 + O*NET/ILO/OECD锚点校准,2026-04-13,2026-04-13,2000-2026
TECH-0107-IN-general,信息技术与数字化,TECH,软件开发,软件测试工程师,Software QA Engineer,2519,15-1253.00,南亚,印度,IN,country,general,本科/大专,21-28,global,4.1,4.1,6.8,5.7,8.0,8.7,5.1,5.4,4.3,6.4,5.6,9.5,5.5,4.4,4.3,6.3,6.9,2.0,3.6,5.1,8.7,4.7,4.4,4.9,5.8,4.8,5.5,5.2,1.4,0.3,5.8,7.1,8.5,1.7,2,-1,→,2026-2030,5.96,印度软件测试工程师：薪资水平偏低，AI替代风险较高，远程友好度高,"India Software QA Engineer: relatively low pay, high AI displacement risk, highly remote-friendly",AI综合评估 + O*NET/ILO/OECD锚点校准,2026-04-13,2026-04-13,2000-2026
TECH-0107-PK-general,信息技术与数字化,TECH,软件开发,软件测试工程师,Software QA Engineer,2519,15-1253.00,南亚,巴基斯坦,PK,country,general,本科/大专,21-28,global,3.8,3.8,3.8,5.4,4.4,6.1,3.1,2.0,1.6,4.2,4.1,9.2,6.2,4.7,3.6,5.9,5.1,3.0,3.0,3.1,7.5,4.9,4.2,4.1,3.8,2.4,5.1,5.7,1.3,0.0,6.0,5.9,5.5,2.1,1,-2,↓,2026-2030,4.7,巴基斯坦软件测试工程师：薪资水平偏低，供过于求，AI替代风险较高,"Pakistan Software QA Engineer: relatively low pay, oversupply of talent, high AI displacement risk",AI综合评估 + O*NET/ILO/OECD锚点校准,2026-04-13,2026-04-13,2000-2026
TECH-0107-BD-general,信息技术与数字化,TECH,软件开发,软件测试工程师,Software QA Engineer,2519,15-1253.00,南亚,孟加拉国,BD,country,general,本科/大专,21-28,global,3.4,4.1,3.2,5.5,4.8,5.7,2.5,2.2,1.6,3.2,3.1,9.5,5.2,4.2,4.6,5.3,4.5,2.9,3.4,3.5,6.9,4.2,3.9,4.1,3.8,3.3,5.1,5.2,0.7,0.2,6.2,6.1,6.1,3.1,1,-2,↓,2026-2030,4.56,孟加拉国软件测试工程师：薪资水平偏低，供过于求，AI替代风险较高,"Bangladesh Software QA Engineer: relatively low pay, oversupply of talent, high AI displacement risk",AI综合评估 + O*NET/ILO/OECD锚点校准,2026-04-13,2026-04-13,2000-2026
TECH-0107-AE-general,信息技术与数字化,TECH,软件开发,软件测试工程师,Software QA Engineer,2519,15-1253.00,中亚/西亚,阿联酋,AE,country,general,本科/大专,21-28,global,4.1,4.0,5.8,6.7,6.2,5.9,5.5,5.4,8.8,7.9,6.1,9.5,6.0,5.2,5.6,6.7,5.9,2.4,3.9,5.9,6.9,4.9,5.9,4.9,5.0,5.1,5.9,5.8,1.1,0.6,4.8,6.7,8.1,2.1,2,-1,→,2026-2030,6.23,阿联酋软件测试工程师：薪资回报高，AI替代风险较高,"United Arab Emirates Software QA Engineer: high compensation, high AI displacement risk",AI综合评估 + O*NET/ILO/OECD锚点校准,2026-04-13,2026-04-13,2000-2026
TECH-0107-IL-general,信息技术与数字化,TECH,软件开发,软件测试工程师,Software QA Engineer,2519,15-1253.00,中亚/西亚,以色列,IL,country,general,本科/大专,21-28,global,3.8,4.6,6.4,6.1,6.8,8.3,5.5,5.8,8.8,7.4,4.9,9.2,6.5,5.9,4.1,6.3,5.7,2.0,3.9,6.9,9.9,5.7,5.9,5.5,4.8,8.4,6.7,5.7,1.3,0.6,5.4,6.7,7.9,2.5,2,0,→,2026-2030,6.44,以色列软件测试工程师：薪资回报高，AI替代风险较高，远程友好度高,"Israel Software QA Engineer: high compensation, high AI displacement risk, highly remote-friendly",AI综合评估 + O*NET/ILO/OECD锚点校准,2026-04-13,2026-04-13,2000-2026
TECH-0107-SA-general,信息技术与数字化,TECH,软件开发,软件测试工程师,Software QA Engineer,2519,15-1253.00,中亚/西亚,沙特阿拉伯,SA,country,general,本科/大专,21-28,global,3.7,4.1,4.8,6.6,5.4,6.3,4.5,4.0,6.4,6.7,5.6,9.7,5.7,4.7,5.3,5.7,5.1,2.7,3.6,4.7,6.0,5.2,4.9,5.1,4.4,3.0,5.1,5.2,1.4,0.3,6.0,6.1,6.5,2.7,2,-1,→,2026-2030,5.53,沙特阿拉伯软件测试工程师：AI替代风险较高,Saudi Arabia Software QA Engineer: high AI displacement risk,AI综合评估 + O*NET/ILO/OECD锚点校准,2026-04-13,2026-04-13,2000-2026
TECH-0107-TR-general,信息技术与数字化,TECH,软件开发,软件测试工程师,Software QA Engineer,2519,15-1253.00,中亚/西亚,土耳其,TR,country,general,本科/大专,21-28,global,4.1,4.4,5.6,5.7,5.4,7.5,4.5,3.4,4.0,5.9,4.4,9.0,6.0,4.0,4.6,6.5,5.5,2.7,3.3,4.5,7.2,4.9,4.9,4.5,5.0,4.5,5.7,5.8,1.1,0.0,6.0,6.3,6.7,2.7,2,-1,→,2026-2030,5.37,土耳其软件测试工程师：薪资水平偏低，AI替代风险较高,"Turkey Software QA Engineer: relatively low pay, high AI displacement risk",AI综合评估 + O*NET/ILO/OECD锚点校准,2026-04-13,2026-04-13,2000-2026
TECH-0107-GB-general,信息技术与数字化,TECH,软件开发,软件测试工程师,Software QA Engineer,2519,15-1253.00,西欧,英国,GB,country,general,本科/大专,21-28,global,4.3,4.1,6.2,6.6,7.6,8.9,5.1,4.8,8.8,7.9,5.4,9.5,7.0,6.2,5.3,6.1,6.5,2.0,3.4,6.3,9.9,6.4,7.2,5.3,5.8,7.8,7.1,5.2,1.3,0.6,4.8,7.1,9.5,2.3,2,0,→,2026-2030,6.63,英国软件测试工程师：薪资回报高，AI替代风险较高，远程友好度高,"United Kingdom Software QA Engineer: high compensation, high AI displacement risk, highly remote-friendly",AI综合评估 + O*NET/ILO/OECD锚点校准,2026-04-13,2026-04-13,2000-2026
TECH-0107-FR-general,信息技术与数字化,TECH,软件开发,软件测试工程师,Software QA Engineer,2519,15-1253.00,西欧,法国,FR,country,general,本科/大专,21-28,global,4.3,4.6,5.8,6.3,7.0,8.5,5.1,5.6,7.3,7.2,6.9,9.7,7.2,7.7,5.8,6.3,6.1,2.1,3.3,5.9,8.4,5.9,8.2,5.5,5.2,7.2,7.1,5.7,0.5,1.1,4.8,6.9,8.1,1.7,2,-1,→,2026-2030,6.52,法国软件测试工程师：AI替代风险较高，工作时间规律,"France Software QA Engineer: high AI displacement risk, regular working hours",AI综合评估 + O*NET/ILO/OECD锚点校准,2026-04-13,2026-04-13,2000-2026
TECH-0107-DE-general,信息技术与数字化,TECH,软件开发,软件测试工程师,Software QA Engineer,2519,15-1253.00,西欧,德国,DE,country,general,本科/大专,21-28,global,4.6,4.1,6.2,6.7,7.8,7.9,5.3,5.2,7.9,7.2,7.1,9.7,7.5,8.4,7.3,6.1,6.3,2.0,3.5,6.3,7.8,6.4,7.9,5.1,6.0,8.1,6.7,5.4,1.4,0.8,5.2,6.5,8.3,1.5,2,-1,→,2026-2030,6.68,德国软件测试工程师：AI替代风险较高，工作时间规律,"Germany Software QA Engineer: high AI displacement risk, regular working hours",AI综合评估 + O*NET/ILO/OECD锚点校准,2026-04-13,2026-04-13,2000-2026
TECH-0107-NL-general,信息技术与数字化,TECH,软件开发,软件测试工程师,Software QA Engineer,2519,15-1253.00,西欧,荷兰,NL,country,general,本科/大专,21-28,global,4.1,4.7,6.2,6.3,6.2,7.7,5.1,5.0,7.3,8.4,6.9,9.7,7.2,9.0,6.6,5.9,5.7,2.0,3.6,6.5,10.0,6.7,8.7,5.1,5.2,9.3,7.3,5.8,0.7,1.2,5.2,6.7,8.3,2.5,2,-1,→,2026-2030,6.7,荷兰软件测试工程师：AI替代风险较高，远程友好度高，工作时间规律,"Netherlands Software QA Engineer: high AI displacement risk, highly remote-friendly, regular working hours",AI综合评估 + O*NET/ILO/OECD锚点校准,2026-04-13,2026-04-13,2000-2026
TECH-0107-CH-general,信息技术与数字化,TECH,软件开发,软件测试工程师,Software QA Engineer,2519,15-1253.00,西欧,瑞士,CH,country,general,本科/大专,21-28,global,4.0,4.0,5.2,6.7,6.6,6.7,5.7,5.2,10.0,8.2,8.6,10.0,8.2,7.2,6.8,6.3,5.9,1.8,3.5,6.9,7.8,6.2,7.7,5.7,5.4,7.8,7.1,5.5,1.1,0.6,4.6,6.3,8.7,1.7,2,-1,→,2026-2030,6.84,瑞士软件测试工程师：薪资回报高，AI替代风险较高，就业稳定,"Switzerland Software QA Engineer: high compensation, high AI displacement risk, stable employment",AI综合评估 + O*NET/ILO/OECD锚点校准,2026-04-13,2026-04-13,2000-2026
TECH-0107-SE-general,信息技术与数字化,TECH,软件开发,软件测试工程师,Software QA Engineer,2519,15-1253.00,北欧,瑞典,SE,country,general,本科/大专,21-28,global,4.0,4.4,5.0,6.3,6.0,7.3,5.1,5.2,7.6,6.9,7.1,9.5,8.7,10.0,7.8,5.7,6.3,2.0,3.8,6.1,10.0,6.7,9.2,5.1,5.0,9.3,6.9,5.2,1.3,0.3,4.6,7.1,8.7,2.1,2,-1,→,2026-2030,6.77,瑞典软件测试工程师：AI替代风险较高，远程友好度高，工作时间规律,"Sweden Software QA Engineer: high AI displacement risk, highly remote-friendly, regular working hours",AI综合评估 + O*NET/ILO/OECD锚点校准,2026-04-13,2026-04-13,2000-2026
TECH-0107-DK-general,信息技术与数字化,TECH,软件开发,软件测试工程师,Software QA Engineer,2519,15-1253.00,北欧,丹麦,DK,country,general,本科/大专,21-28,global,4.3,4.0,5.2,6.7,6.2,6.1,4.9,5.0,7.9,7.2,7.6,9.7,8.7,8.7,7.8,6.3,5.7,2.0,3.8,5.5,9.3,6.2,8.9,5.7,5.6,10.0,6.5,5.4,0.8,0.8,4.8,7.1,9.1,1.7,2,-1,→,2026-2030,6.76,丹麦软件测试工程师：AI替代风险较高，远程友好度高，工作时间规律,"Denmark Software QA Engineer: high AI displacement risk, highly remote-friendly, regular working hours",AI综合评估 + O*NET/ILO/OECD锚点校准,2026-04-13,2026-04-13,2000-2026
TECH-0107-FI-general,信息技术与数字化,TECH,软件开发,软件测试工程师,Software QA Engineer,2519,15-1253.00,北欧,芬兰,FI,country,general,本科/大专,21-28,global,4.3,4.7,5.6,6.6,5.4,7.1,4.9,5.8,6.4,7.4,6.9,10.0,8.0,9.4,6.8,6.9,5.3,1.8,3.5,5.9,10.0,6.2,8.4,4.9,5.6,10.0,6.3,5.8,1.0,0.9,5.0,7.3,8.5,1.9,2,-1,→,2026-2030,6.64,芬兰软件测试工程师：AI替代风险较高，远程友好度高，工作时间规律,"Finland Software QA Engineer: high AI displacement risk, highly remote-friendly, regular working hours",AI综合评估 + O*NET/ILO/OECD锚点校准,2026-04-13,2026-04-13,2000-2026
TECH-0107-IT-general,信息技术与数字化,TECH,软件开发,软件测试工程师,Software QA Engineer,2519,15-1253.00,南欧,意大利,IT,country,general,本科/大专,21-28,global,3.8,4.6,5.0,6.0,6.6,6.7,4.3,3.6,5.5,5.7,4.9,9.7,6.7,5.4,5.3,5.7,5.3,2.7,3.3,4.9,7.2,5.9,5.9,5.5,5.6,5.7,6.7,5.4,0.8,1.1,5.2,5.7,6.7,2.3,2,-1,→,2026-2030,5.67,意大利软件测试工程师：AI替代风险较高,Italy Software QA Engineer: high AI displacement risk,AI综合评估 + O*NET/ILO/OECD锚点校准,2026-04-13,2026-04-13,2000-2026
TECH-0107-ES-general,信息技术与数字化,TECH,软件开发,软件测试工程师,Software QA Engineer,2519,15-1253.00,南欧,西班牙,ES,country,general,本科/大专,21-28,global,4.1,4.4,5.2,6.1,5.6,7.3,3.7,3.2,5.8,5.7,4.1,9.7,7.0,6.2,5.6,5.3,5.9,2.7,3.3,4.9,8.1,5.9,7.4,4.9,5.0,6.9,6.5,5.2,0.8,0.6,5.6,6.5,7.5,1.5,2,-1,→,2026-2030,5.77,西班牙软件测试工程师：供过于求，AI替代风险较高,"Spain Software QA Engineer: oversupply of talent, high AI displacement risk",AI综合评估 + O*NET/ILO/OECD锚点校准,2026-04-13,2026-04-13,2000-2026
TECH-0107-PT-general,信息技术与数字化,TECH,软件开发,软件测试工程师,Software QA Engineer,2519,15-1253.00,南欧,葡萄牙,PT,country,general,本科/大专,21-28,global,4.0,3.8,5.2,5.8,5.0,6.7,4.5,4.2,3.7,5.9,5.9,9.5,7.0,7.0,5.1,5.7,4.7,2.9,3.6,4.3,8.1,6.2,7.4,5.1,4.4,8.4,5.7,5.5,1.1,0.2,6.0,6.3,7.5,2.7,2,-1,→,2026-2030,5.75,葡萄牙软件测试工程师：薪资水平偏低，AI替代风险较高,"Portugal Software QA Engineer: relatively low pay, high AI displacement risk",AI综合评估 + O*NET/ILO/OECD锚点校准,2026-04-13,2026-04-13,2000-2026
TECH-0107-PL-general,信息技术与数字化,TECH,软件开发,软件测试工程师,Software QA Engineer,2519,15-1253.00,东欧,波兰,PL,country,general,本科/大专,21-28,global,4.1,3.7,5.6,6.6,5.8,7.3,5.3,4.2,5.2,5.4,6.9,9.5,7.5,6.4,6.1,6.1,5.9,2.4,3.4,5.1,8.7,6.7,7.2,4.9,5.4,6.0,6.3,5.1,0.8,0.9,5.8,6.9,8.1,1.9,2,-1,→,2026-2030,6.1,波兰软件测试工程师：AI替代风险较高，远程友好度高,"Poland Software QA Engineer: high AI displacement risk, highly remote-friendly",AI综合评估 + O*NET/ILO/OECD锚点校准,2026-04-13,2026-04-13,2000-2026
TECH-0107-CZ-general,信息技术与数字化,TECH,软件开发,软件测试工程师,Software QA Engineer,2519,15-1253.00,东欧,捷克,CZ,country,general,本科/大专,21-28,global,4.3,4.0,5.0,6.0,5.6,6.1,4.7,3.6,5.5,6.7,6.6,9.5,6.7,6.7,6.3,6.1,5.1,2.6,3.5,5.7,8.4,6.2,7.4,4.7,5.4,7.2,6.9,5.1,0.8,1.1,4.8,6.7,8.3,2.5,2,-1,→,2026-2030,6.03,捷克软件测试工程师：AI替代风险较高,Czech Republic Software QA Engineer: high AI displacement risk,AI综合评估 + O*NET/ILO/OECD锚点校准,2026-04-13,2026-04-13,2000-2026
TECH-0107-RU-general,信息技术与数字化,TECH,软件开发,软件测试工程师,Software QA Engineer,2519,15-1253.00,东欧,俄罗斯,RU,country,general,本科/大专,21-28,global,4.3,3.8,5.8,5.4,5.6,6.9,5.5,3.8,4.0,6.4,3.6,9.0,5.5,5.9,5.6,6.3,5.1,2.3,3.3,4.7,9.0,6.2,5.4,4.9,4.4,6.6,6.1,5.2,0.8,0.2,5.6,6.5,5.3,2.3,2,-1,→,2026-2030,5.63,俄罗斯软件测试工程师：薪资水平偏低，AI替代风险较高，远程友好度高,"Russia Software QA Engineer: relatively low pay, high AI displacement risk, highly remote-friendly",AI综合评估 + O*NET/ILO/OECD锚点校准,2026-04-13,2026-04-13,2000-2026
TECH-0107-US-general,信息技术与数字化,TECH,软件开发,软件测试工程师,Software QA Engineer,2519,15-1253.00,北美,美国,US,country,general,本科/大专,21-28,global,3.8,4.1,7.2,6.3,8.2,9.1,6.1,5.4,10.0,9.2,4.9,9.2,5.5,4.7,3.6,7.3,7.1,2.1,3.8,7.7,10.0,5.9,5.2,5.5,6.2,7.5,6.9,5.7,0.8,0.8,5.4,6.7,8.7,1.9,2,0,→,2026-2030,6.74,美国软件测试工程师：薪资回报高，AI替代风险较高，远程友好度高,"United States Software QA Engineer: high compensation, high AI displacement risk, highly remote-friendly",AI综合评估 + O*NET/ILO/OECD锚点校准,2026-04-13,2026-04-13,2000-2026
TECH-0107-CA-general,信息技术与数字化,TECH,软件开发,软件测试工程师,Software QA Engineer,2519,15-1253.00,北美,加拿大,CA,country,general,本科/大专,21-28,global,3.8,3.8,6.2,6.7,7.2,8.5,5.3,5.0,7.6,7.4,6.1,9.5,7.2,7.5,5.8,6.1,5.9,2.0,3.9,6.5,10.0,6.9,7.2,5.3,5.2,9.0,6.5,5.8,0.8,0.6,4.8,7.3,8.7,2.3,2,0,→,2026-2030,6.69,加拿大软件测试工程师：AI替代风险较高，远程友好度高，工作时间规律,"Canada Software QA Engineer: high AI displacement risk, highly remote-friendly, regular working hours",AI综合评估 + O*NET/ILO/OECD锚点校准,2026-04-13,2026-04-13,2000-2026
TECH-0107-MX-general,信息技术与数字化,TECH,软件开发,软件测试工程师,Software QA Engineer,2519,15-1253.00,北美,墨西哥,MX,country,general,本科/大专,21-28,global,3.7,4.1,4.4,5.7,6.4,6.9,4.5,3.4,4.0,4.9,5.1,9.7,5.5,5.0,3.8,5.9,5.1,2.6,3.3,4.7,7.2,5.7,4.9,5.1,4.8,3.9,5.3,5.7,0.8,0.2,5.2,6.7,6.1,1.7,2,-1,→,2026-2030,5.38,墨西哥软件测试工程师：薪资水平偏低，AI替代风险较高,"Mexico Software QA Engineer: relatively low pay, high AI displacement risk",AI综合评估 + O*NET/ILO/OECD锚点校准,2026-04-13,2026-04-13,2000-2026
TECH-0107-BR-general,信息技术与数字化,TECH,软件开发,软件测试工程师,Software QA Engineer,2519,15-1253.00,南美,巴西,BR,country,general,本科/大专,21-28,global,3.8,4.0,5.2,5.7,6.6,8.3,4.3,4.4,5.2,5.2,4.6,9.2,6.7,5.7,5.3,6.1,5.9,2.6,3.1,5.1,7.8,4.7,5.2,5.1,4.8,5.7,6.1,5.2,1.1,0.3,6.0,7.1,6.1,2.3,2,-1,→,2026-2030,5.65,巴西软件测试工程师：AI替代风险较高,Brazil Software QA Engineer: high AI displacement risk,AI综合评估 + O*NET/ILO/OECD锚点校准,2026-04-13,2026-04-13,2000-2026
TECH-0107-AR-general,信息技术与数字化,TECH,软件开发,软件测试工程师,Software QA Engineer,2519,15-1253.00,南美,阿根廷,AR,country,general,本科/大专,21-28,global,4.3,3.7,4.2,5.2,5.2,6.3,3.7,3.2,3.1,4.4,3.1,9.5,5.5,5.4,5.1,5.3,4.9,2.7,3.0,4.5,7.5,4.9,5.9,4.7,5.0,5.7,6.1,5.5,0.7,0.8,6.2,7.1,5.7,2.9,2,-1,→,2026-2030,5.11,阿根廷软件测试工程师：薪资水平偏低，供过于求，AI替代风险较高,"Argentina Software QA Engineer: relatively low pay, oversupply of talent, high AI displacement risk",AI综合评估 + O*NET/ILO/OECD锚点校准,2026-04-13,2026-04-13,2000-2026
TECH-0107-CL-general,信息技术与数字化,TECH,软件开发,软件测试工程师,Software QA Engineer,2519,15-1253.00,南美,智利,CL,country,general,本科/大专,21-28,global,4.0,4.1,3.6,5.8,5.0,5.5,4.5,4.2,4.0,5.7,5.6,9.5,7.2,5.9,4.6,5.7,4.9,2.6,3.4,4.3,7.8,5.9,6.2,4.5,4.6,5.7,6.1,5.5,1.4,0.6,5.2,6.1,6.9,2.5,2,-1,→,2026-2030,5.49,智利软件测试工程师：薪资水平偏低，AI替代风险较高,"Chile Software QA Engineer: relatively low pay, high AI displacement risk",AI综合评估 + O*NET/ILO/OECD锚点校准,2026-04-13,2026-04-13,2000-2026
TECH-0107-CO-general,信息技术与数字化,TECH,软件开发,软件测试工程师,Software QA Engineer,2519,15-1253.00,南美,哥伦比亚,CO,country,general,本科/大专,21-28,global,4.1,3.8,3.6,6.0,5.0,5.9,4.1,4.2,2.5,3.9,5.1,9.5,6.0,4.7,4.6,5.9,5.3,2.6,3.0,3.7,7.8,5.4,4.7,5.1,4.2,4.5,5.5,5.2,0.5,0.0,5.4,6.7,5.9,2.1,2,-1,→,2026-2030,5.16,哥伦比亚软件测试工程师：薪资水平偏低，AI替代风险较高,"Colombia Software QA Engineer: relatively low pay, high AI displacement risk",AI综合评估 + O*NET/ILO/OECD锚点校准,2026-04-13,2026-04-13,2000-2026
TECH-0107-AU-general,信息技术与数字化,TECH,软件开发,软件测试工程师,Software QA Engineer,2519,15-1253.00,大洋洲,澳大利亚,AU,country,general,本科/大专,21-28,global,4.0,3.8,5.4,6.4,7.2,7.5,4.7,5.0,8.8,6.7,7.6,9.5,8.0,7.7,5.6,6.1,6.5,2.0,3.6,5.9,9.6,5.9,8.2,5.5,5.6,8.7,6.1,5.4,0.8,1.1,5.4,6.9,8.1,1.5,2,-1,→,2026-2030,6.64,澳大利亚软件测试工程师：薪资回报高，AI替代风险较高，远程友好度高,"Australia Software QA Engineer: high compensation, high AI displacement risk, highly remote-friendly",AI综合评估 + O*NET/ILO/OECD锚点校准,2026-04-13,2026-04-13,2000-2026
TECH-0107-NZ-general,信息技术与数字化,TECH,软件开发,软件测试工程师,Software QA Engineer,2519,15-1253.00,大洋洲,新西兰,NZ,country,general,本科/大专,21-28,global,4.1,4.1,4.8,6.4,6.2,5.7,5.3,4.2,6.1,6.2,6.6,10.0,7.5,7.7,6.6,6.3,5.5,2.6,3.6,5.7,8.7,6.2,8.7,5.5,5.0,9.3,6.1,5.5,1.0,1.1,5.4,7.3,8.9,2.1,2,-1,→,2026-2030,6.32,新西兰软件测试工程师：AI替代风险较高，远程友好度高，工作时间规律,"New Zealand Software QA Engineer: high AI displacement risk, highly remote-friendly, regular working hours",AI综合评估 + O*NET/ILO/OECD锚点校准,2026-04-13,2026-04-13,2000-2026
TECH-0107-ZA-general,信息技术与数字化,TECH,软件开发,软件测试工程师,Software QA Engineer,2519,15-1253.00,非洲,南非,ZA,country,general,本科/大专,21-28,global,4.0,4.4,3.6,6.1,5.2,5.5,3.7,4.2,3.4,4.2,4.1,9.2,5.7,5.7,5.3,5.5,4.5,2.4,3.4,3.9,6.3,4.9,6.2,4.7,4.0,5.7,5.5,5.2,0.7,0.8,6.2,6.5,6.1,2.5,2,-1,→,2026-2030,5.14,南非软件测试工程师：薪资水平偏低，供过于求，AI替代风险较高,"South Africa Software QA Engineer: relatively low pay, oversupply of talent, high AI displacement risk",AI综合评估 + O*NET/ILO/OECD锚点校准,2026-04-13,2026-04-13,2000-2026
TECH-0107-NG-general,信息技术与数字化,TECH,软件开发,软件测试工程师,Software QA Engineer,2519,15-1253.00,非洲,尼日利亚,NG,country,general,本科/大专,21-28,global,4.0,4.1,4.2,5.2,5.4,5.9,3.3,1.8,1.6,3.9,3.6,9.0,6.2,4.2,4.6,5.7,4.7,3.3,3.1,4.1,6.9,5.7,5.2,4.5,3.8,3.9,5.1,5.5,1.0,0.2,6.4,6.3,5.5,2.5,1,-2,↓,2026-2030,4.76,尼日利亚软件测试工程师：薪资水平偏低，供过于求，AI替代风险较高,"Nigeria Software QA Engineer: relatively low pay, oversupply of talent, high AI displacement risk",AI综合评估 + O*NET/ILO/OECD锚点校准,2026-04-13,2026-04-13,2000-2026
TECH-0107-KE-general,信息技术与数字化,TECH,软件开发,软件测试工程师,Software QA Engineer,2519,15-1253.00,非洲,肯尼亚,KE,country,general,本科/大专,21-28,global,4.3,3.7,3.2,6.0,4.0,5.7,3.7,1.6,0.7,3.2,4.4,9.2,5.7,4.7,4.3,5.1,5.1,2.9,3.3,4.3,7.2,4.9,5.2,4.9,4.0,5.1,5.1,5.7,0.8,0.3,5.4,6.7,6.3,2.1,1,-2,↓,2026-2030,4.79,肯尼亚软件测试工程师：薪资水平偏低，供过于求，AI替代风险较高,"Kenya Software QA Engineer: relatively low pay, oversupply of talent, high AI displacement risk",AI综合评估 + O*NET/ILO/OECD锚点校准,2026-04-13,2026-04-13,2000-2026
TECH-0107-EG-general,信息技术与数字化,TECH,软件开发,软件测试工程师,Software QA Engineer,2519,15-1253.00,非洲,埃及,EG,country,general,本科/大专,21-28,global,3.7,4.0,4.2,5.5,5.4,6.7,3.1,2.4,2.2,3.2,3.9,9.2,6.2,4.4,4.1,6.1,4.5,2.7,3.6,3.3,7.2,4.9,4.2,4.3,4.6,3.3,5.9,5.8,0.7,0.0,6.0,5.9,6.5,2.3,1,-2,↓,2026-2030,4.89,埃及软件测试工程师：薪资水平偏低，供过于求，AI替代风险较高,"Egypt Software QA Engineer: relatively low pay, oversupply of talent, high AI displacement risk",AI综合评估 + O*NET/ILO/OECD锚点校准,2026-04-13,2026-04-13,2000-2026
TECH-0108-CN-general,信息技术与数字化,TECH,软件开发,软件架构师,Software Architect,2512,15-1251.00,东亚,中国,CN,country,general,本科/硕士,28-35,global,7.9,6.8,9.4,7.4,9.4,7.4,9.0,9.9,10.0,8.6,6.6,9.5,5.0,1.4,3.5,8.7,8.4,0.7,7.3,9.3,5.6,7.2,2.9,8.9,8.7,4.5,7.0,6.2,1.3,1.3,5.2,6.9,7.1,2.3,4,3,↑,2032-2038,7.2,中国软件架构师：薪资回报高，人才需求旺盛，加班文化严重,"China Software Architect: high compensation, strong talent demand, heavy overtime culture",AI综合评估 + O*NET/ILO/OECD锚点校准,2026-04-13,2026-04-13,2000-2026
TECH-0108-JP-general,信息技术与数字化,TECH,软件开发,软件架构师,Software Architect,2512,15-1251.00,东亚,日本,JP,country,general,本科/硕士,28-35,global,7.9,6.9,9.2,8.1,8.2,6.4,9.0,9.1,10.0,9.4,9.1,9.5,6.2,2.4,3.8,7.9,8.4,0.7,7.5,8.9,8.3,8.5,5.2,8.5,8.1,4.5,7.6,6.5,1.2,1.0,3.6,7.3,6.9,1.7,4,2,↑,2032-2038,7.53,日本软件架构师：薪资回报高，人才需求旺盛，AI替代抗性强,"Japan Software Architect: high compensation, strong talent demand, strong AI resistance",AI综合评估 + O*NET/ILO/OECD锚点校准,2026-04-13,2026-04-13,2000-2026
TECH-0108-KR-general,信息技术与数字化,TECH,软件开发,软件架构师,Software Architect,2512,15-1251.00,东亚,韩国,KR,country,general,本科/硕士,28-35,global,7.8,6.5,8.8,8.4,8.6,5.2,9.4,9.3,10.0,8.9,8.4,9.5,5.9,2.7,4.3,8.3,8.2,0.4,7.0,8.5,6.8,7.5,4.7,8.5,7.5,2.7,7.4,6.2,0.6,1.0,4.2,7.1,8.3,2.3,4,2,↑,2032-2038,7.37,韩国软件架构师：薪资回报高，人才需求旺盛，加班文化严重,"South Korea Software Architect: high compensation, strong talent demand, heavy overtime culture",AI综合评估 + O*NET/ILO/OECD锚点校准,2026-04-13,2026-04-13,2000-2026
TECH-0108-TW-general,信息技术与数字化,TECH,软件开发,软件架构师,Software Architect,2512,15-1251.00,东亚,中国台湾地区,TW,region,general,本科/硕士,28-35,global,7.2,6.3,9.2,8.1,7.6,4.4,9.2,9.7,8.8,8.4,7.1,9.2,5.4,3.4,3.8,8.7,8.2,0.4,7.0,8.3,7.4,7.7,5.4,8.5,7.9,4.2,7.8,6.5,1.2,1.4,4.8,6.5,8.9,2.1,4,2,↑,2032-2038,7.31,中国台湾地区软件架构师：薪资回报高，人才需求旺盛，加班文化严重,"Taiwan (China) Software Architect: high compensation, strong talent demand, heavy overtime culture",AI综合评估 + O*NET/ILO/OECD锚点校准,2026-04-13,2026-04-13,2000-2026
TECH-0108-HK-general,信息技术与数字化,TECH,软件开发,软件架构师,Software Architect,2512,15-1251.00,东亚,中国香港地区,HK,region,general,本科/硕士,28-35,global,7.3,7.1,8.4,8.4,6.8,4.0,8.4,7.9,10.0,9.1,7.9,9.7,6.4,2.9,4.0,7.7,7.6,1.0,6.7,8.1,7.4,8.0,4.4,8.5,7.9,5.1,7.0,6.5,0.7,1.6,4.4,6.9,10.0,1.5,4,2,↑,2032-2038,7.2,中国香港地区软件架构师：薪资回报高，人才需求旺盛，加班文化严重,"Hong Kong (China) Software Architect: high compensation, strong talent demand, heavy overtime culture",AI综合评估 + O*NET/ILO/OECD锚点校准,2026-04-13,2026-04-13,2000-2026
TECH-0108-SG-general,信息技术与数字化,TECH,软件开发,软件架构师,Software Architect,2512,15-1251.00,东南亚,新加坡,SG,country,general,本科/硕士,28-35,global,7.8,6.9,9.2,8.6,8.6,5.2,8.4,9.9,10.0,9.6,9.4,10.0,5.4,4.7,5.0,7.9,8.4,0.4,7.4,9.5,9.8,7.7,5.7,8.9,7.5,7.2,8.2,6.5,1.2,1.1,3.6,7.1,10.0,2.1,4,3,↑,2032-2038,7.88,新加坡软件架构师：薪资回报高，人才需求旺盛，远程友好度高,"Singapore Software Architect: high compensation, strong talent demand, highly remote-friendly",AI综合评估 + O*NET/ILO/OECD锚点校准,2026-04-13,2026-04-13,2000-2026
TECH-0108-TH-general,信息技术与数字化,TECH,软件开发,软件架构师,Software Architect,2512,15-1251.00,东南亚,泰国,TH,country,general,本科/硕士,28-35,global,7.3,6.3,7.4,8.1,7.2,4.4,7.8,8.1,6.1,7.1,6.8,9.5,6.4,4.4,5.8,7.9,6.6,1.3,6.7,7.7,7.4,8.7,5.7,7.5,7.9,6.0,6.8,6.6,0.6,1.1,4.6,6.3,8.1,2.3,4,2,↑,2032-2038,6.87,泰国软件架构师：人才需求旺盛,Thailand Software Architect: strong talent demand,AI综合评估 + O*NET/ILO/OECD锚点校准,2026-04-13,2026-04-13,2000-2026
TECH-0108-VN-general,信息技术与数字化,TECH,软件开发,软件架构师,Software Architect,2512,15-1251.00,东南亚,越南,VN,country,general,本科/硕士,28-35,global,7.3,6.3,8.2,7.5,7.2,5.0,7.0,7.5,6.4,6.1,7.1,9.5,6.2,4.7,4.5,8.3,7.0,1.2,6.9,7.3,7.1,8.2,4.2,7.7,6.7,4.8,7.4,6.8,1.2,0.5,5.2,6.7,7.7,2.7,4,2,↑,2032-2038,6.71,越南软件架构师：发展平稳,Vietnam Software Architect: steady development,AI综合评估 + O*NET/ILO/OECD锚点校准,2026-04-13,2026-04-13,2000-2026
TECH-0108-ID-general,信息技术与数字化,TECH,软件开发,软件架构师,Software Architect,2512,15-1251.00,东南亚,印度尼西亚,ID,country,general,本科/硕士,28-35,global,7.5,6.5,7.2,7.5,7.4,4.4,7.0,8.3,7.0,6.9,7.4,9.7,5.7,4.9,5.5,7.5,7.2,0.9,6.9,7.3,6.2,8.5,5.4,7.3,7.5,3.9,7.6,6.0,1.0,1.1,4.2,6.5,7.7,2.3,4,2,↑,2032-2038,6.8,印度尼西亚软件架构师：发展平稳,Indonesia Software Architect: steady development,AI综合评估 + O*NET/ILO/OECD锚点校准,2026-04-13,2026-04-13,2000-2026
TECH-0108-MY-general,信息技术与数字化,TECH,软件开发,软件架构师,Software Architect,2512,15-1251.00,东南亚,马来西亚,MY,country,general,本科/硕士,28-35,global,7.5,6.3,7.6,8.0,6.6,3.4,8.0,8.1,7.6,7.1,7.6,9.5,6.2,5.2,4.5,8.5,7.0,1.0,6.9,7.7,8.3,8.0,5.4,7.7,7.5,5.1,7.0,6.3,0.7,1.1,4.2,6.9,9.1,2.1,4,2,↑,2032-2038,7.01,马来西亚软件架构师：人才需求旺盛，就业稳定,"Malaysia Software Architect: strong talent demand, stable employment",AI综合评估 + O*NET/ILO/OECD锚点校准,2026-04-13,2026-04-13,2000-2026
TECH-0108-PH-general,信息技术与数字化,TECH,软件开发,软件架构师,Software Architect,2512,15-1251.00,东南亚,菲律宾,PH,country,general,本科/硕士,28-35,global,7.5,6.9,7.6,7.4,7.2,4.4,7.0,8.1,5.2,6.9,6.8,9.5,6.4,4.7,4.8,7.5,7.2,1.2,7.1,6.5,8.9,8.7,4.4,7.3,6.7,5.7,6.8,6.3,1.2,1.1,5.2,7.5,8.7,2.3,4,2,↑,2032-2038,6.71,菲律宾软件架构师：远程友好度高,Philippines Software Architect: highly remote-friendly,AI综合评估 + O*NET/ILO/OECD锚点校准,2026-04-13,2026-04-13,2000-2026
TECH-0108-IN-general,信息技术与数字化,TECH,软件开发,软件架构师,Software Architect,2512,15-1251.00,南亚,印度,IN,country,general,本科/硕士,28-35,global,7.2,7.1,9.0,7.5,8.6,6.2,8.8,9.3,8.2,8.4,7.1,9.5,5.2,2.7,4.5,8.5,8.6,0.3,7.5,8.9,9.8,8.0,4.7,7.9,8.3,3.6,7.4,6.3,0.6,0.7,4.8,6.9,9.5,2.3,4,2,↑,2032-2038,7.39,印度软件架构师：薪资回报高，人才需求旺盛，AI替代抗性强,"India Software Architect: high compensation, strong talent demand, strong AI resistance",AI综合评估 + O*NET/ILO/OECD锚点校准,2026-04-13,2026-04-13,2000-2026
TECH-0108-PK-general,信息技术与数字化,TECH,软件开发,软件架构师,Software Architect,2512,15-1251.00,南亚,巴基斯坦,PK,country,general,本科/硕士,28-35,global,7.6,6.0,6.4,7.4,6.6,3.8,6.6,6.5,5.8,6.4,5.9,9.2,5.9,4.2,5.0,7.5,6.4,1.5,6.7,6.9,7.4,8.5,4.2,7.3,6.7,1.5,7.0,6.2,1.2,0.2,5.2,6.9,7.3,2.9,3,1,→,2032-2038,6.29,巴基斯坦软件架构师：发展平稳,Pakistan Software Architect: steady development,AI综合评估 + O*NET/ILO/OECD锚点校准,2026-04-13,2026-04-13,2000-2026
TECH-0108-BD-general,信息技术与数字化,TECH,软件开发,软件架构师,Software Architect,2512,15-1251.00,南亚,孟加拉国,BD,country,general,本科/硕士,28-35,global,6.9,6.5,6.4,7.8,5.6,3.4,7.2,6.3,3.7,4.6,4.9,9.5,5.7,3.7,5.3,7.1,7.0,1.6,6.5,5.9,7.4,7.2,4.2,7.1,7.1,2.1,6.8,6.6,1.2,0.4,4.6,6.3,7.3,2.5,3,1,→,2032-2038,6.0,孟加拉国软件架构师：薪资水平偏低,Bangladesh Software Architect: relatively low pay,AI综合评估 + O*NET/ILO/OECD锚点校准,2026-04-13,2026-04-13,2000-2026
TECH-0108-AE-general,信息技术与数字化,TECH,软件开发,软件架构师,Software Architect,2512,15-1251.00,中亚/西亚,阿联酋,AE,country,general,本科/硕士,28-35,global,7.6,6.8,8.2,8.4,7.8,4.4,8.2,8.9,10.0,10.0,9.4,9.5,6.2,4.7,5.5,8.9,7.4,0.6,7.4,8.5,6.8,7.7,5.4,8.3,7.1,5.1,7.4,6.9,0.6,0.7,3.8,7.1,9.9,2.1,4,2,↑,2032-2038,7.57,阿联酋软件架构师：薪资回报高，人才需求旺盛，就业稳定,"United Arab Emirates Software Architect: high compensation, strong talent demand, stable employment",AI综合评估 + O*NET/ILO/OECD锚点校准,2026-04-13,2026-04-13,2000-2026
TECH-0108-IL-general,信息技术与数字化,TECH,软件开发,软件架构师,Software Architect,2512,15-1251.00,中亚/西亚,以色列,IL,country,general,本科/硕士,28-35,global,7.5,7.1,9.2,7.7,8.8,4.8,8.8,9.5,10.0,10.0,7.9,9.5,5.9,5.2,5.5,9.1,7.6,0.9,7.4,9.5,10.0,8.5,5.7,9.1,7.3,6.0,7.8,6.5,0.6,0.5,4.2,7.5,9.7,1.7,4,3,↑,2032-2038,7.83,以色列软件架构师：薪资回报高，人才需求旺盛，远程友好度高,"Israel Software Architect: high compensation, strong talent demand, highly remote-friendly",AI综合评估 + O*NET/ILO/OECD锚点校准,2026-04-13,2026-04-13,2000-2026
TECH-0108-SA-general,信息技术与数字化,TECH,软件开发,软件架构师,Software Architect,2512,15-1251.00,中亚/西亚,沙特阿拉伯,SA,country,general,本科/硕士,28-35,global,7.6,6.8,7.6,8.3,7.2,3.8,7.2,8.1,10.0,9.1,8.1,9.5,5.7,4.2,6.0,7.7,6.6,1.0,7.3,8.1,6.8,8.7,5.2,8.1,7.3,2.1,7.0,6.2,1.5,1.3,4.4,6.9,7.3,2.3,4,2,↑,2032-2038,7.07,沙特阿拉伯软件架构师：薪资回报高，就业稳定,"Saudi Arabia Software Architect: high compensation, stable employment",AI综合评估 + O*NET/ILO/OECD锚点校准,2026-04-13,2026-04-13,2000-2026
TECH-0108-TR-general,信息技术与数字化,TECH,软件开发,软件架构师,Software Architect,2512,15-1251.00,中亚/西亚,土耳其,TR,country,general,本科/硕士,28-35,global,7.3,6.3,8.2,7.5,8.0,4.8,7.8,7.5,6.7,6.6,5.9,9.2,5.4,3.9,4.5,7.7,8.0,1.3,7.1,7.1,7.1,7.2,5.4,7.5,7.3,2.7,6.6,6.9,0.7,1.3,4.8,6.3,8.1,1.9,4,2,↑,2032-2038,6.68,土耳其软件架构师：人才需求旺盛,Turkey Software Architect: strong talent demand,AI综合评估 + O*NET/ILO/OECD锚点校准,2026-04-13,2026-04-13,2000-2026
TECH-0108-GB-general,信息技术与数字化,TECH,软件开发,软件架构师,Software Architect,2512,15-1251.00,西欧,英国,GB,country,general,本科/硕士,28-35,global,8.2,6.9,8.8,8.1,9.2,6.4,8.8,9.3,10.0,9.9,8.6,9.7,6.7,5.4,6.3,9.1,7.6,0.6,7.0,9.9,10.0,9.2,7.7,8.5,8.7,6.3,8.6,6.0,0.7,1.0,4.4,8.1,10.0,1.9,4,3,↑,2032-2038,8.03,英国软件架构师：薪资回报高，人才需求旺盛，远程友好度高,"United Kingdom Software Architect: high compensation, strong talent demand, highly remote-friendly",AI综合评估 + O*NET/ILO/OECD锚点校准,2026-04-13,2026-04-13,2000-2026
TECH-0108-FR-general,信息技术与数字化,TECH,软件开发,软件架构师,Software Architect,2512,15-1251.00,西欧,法国,FR,country,general,本科/硕士,28-35,global,7.5,6.5,8.6,8.1,8.0,5.4,9.2,9.7,10.0,8.4,8.6,9.7,7.0,6.7,6.3,8.9,8.4,0.7,7.4,8.3,8.6,9.5,8.2,8.7,8.7,6.0,8.4,6.6,1.0,1.0,4.2,6.7,10.0,2.3,4,2,↑,2032-2038,7.96,法国软件架构师：薪资回报高，人才需求旺盛，远程友好度高,"France Software Architect: high compensation, strong talent demand, highly remote-friendly",AI综合评估 + O*NET/ILO/OECD锚点校准,2026-04-13,2026-04-13,2000-2026
TECH-0108-DE-general,信息技术与数字化,TECH,软件开发,软件架构师,Software Architect,2512,15-1251.00,西欧,德国,DE,country,general,本科/硕士,28-35,global,8.1,6.9,9.2,8.7,9.2,5.4,8.4,9.3,10.0,9.1,9.1,10.0,7.2,8.2,6.5,7.9,8.0,0.6,7.1,8.5,9.2,9.0,7.9,8.3,8.9,7.2,8.8,6.2,1.3,1.4,3.6,7.7,9.9,1.7,4,2,↑,2032-2038,8.06,德国软件架构师：薪资回报高，人才需求旺盛，远程友好度高,"Germany Software Architect: high compensation, strong talent demand, highly remote-friendly",AI综合评估 + O*NET/ILO/OECD锚点校准,2026-04-13,2026-04-13,2000-2026
TECH-0108-NL-general,信息技术与数字化,TECH,软件开发,软件架构师,Software Architect,2512,15-1251.00,西欧,荷兰,NL,country,general,本科/硕士,28-35,global,7.5,7.1,8.6,8.9,8.6,4.8,8.8,8.7,10.0,10.0,8.8,9.5,8.0,8.7,8.0,7.9,7.6,0.4,7.0,8.7,10.0,9.2,8.7,7.7,8.1,7.8,7.8,6.5,1.3,1.4,4.4,7.5,10.0,1.7,4,2,↑,2032-2038,8.11,荷兰软件架构师：薪资回报高，人才需求旺盛，远程友好度高,"Netherlands Software Architect: high compensation, strong talent demand, highly remote-friendly",AI综合评估 + O*NET/ILO/OECD锚点校准,2026-04-13,2026-04-13,2000-2026
TECH-0108-CH-general,信息技术与数字化,TECH,软件开发,软件架构师,Software Architect,2512,15-1251.00,西欧,瑞士,CH,country,general,本科/硕士,28-35,global,7.8,6.9,8.6,8.9,8.2,4.8,8.4,8.9,10.0,10.0,10.0,9.7,7.7,7.2,7.0,8.9,7.8,0.6,7.4,8.9,8.0,9.0,8.2,8.3,7.5,7.2,8.4,6.9,0.6,0.8,3.4,7.5,9.9,2.1,4,2,↑,2032-2038,8.07,瑞士软件架构师：薪资回报高，人才需求旺盛，就业稳定,"Switzerland Software Architect: high compensation, strong talent demand, stable employment",AI综合评估 + O*NET/ILO/OECD锚点校准,2026-04-13,2026-04-13,2000-2026
TECH-0108-SE-general,信息技术与数字化,TECH,软件开发,软件架构师,Software Architect,2512,15-1251.00,北欧,瑞典,SE,country,general,本科/硕士,28-35,global,7.3,7.1,8.8,8.9,8.2,4.0,8.4,9.7,10.0,9.9,8.6,10.0,7.2,9.2,7.8,7.7,7.2,0.7,6.9,9.1,10.0,10.0,9.2,8.1,7.3,9.3,8.2,6.2,1.5,1.4,4.2,7.7,10.0,1.9,4,2,↑,2032-2038,8.15,瑞典软件架构师：薪资回报高，人才需求旺盛，远程友好度高,"Sweden Software Architect: high compensation, strong talent demand, highly remote-friendly",AI综合评估 + O*NET/ILO/OECD锚点校准,2026-04-13,2026-04-13,2000-2026
TECH-0108-DK-general,信息技术与数字化,TECH,软件开发,软件架构师,Software Architect,2512,15-1251.00,北欧,丹麦,DK,country,general,本科/硕士,28-35,global,8.1,6.5,8.0,8.4,7.0,4.0,8.6,9.9,10.0,9.1,9.9,10.0,8.7,9.7,8.0,8.5,7.2,0.7,7.1,8.5,9.8,9.2,9.2,8.3,7.9,9.3,8.0,6.8,0.9,1.4,3.6,7.3,10.0,2.3,4,2,↑,2032-2038,8.16,丹麦软件架构师：薪资回报高，人才需求旺盛，远程友好度高,"Denmark Software Architect: high compensation, strong talent demand, highly remote-friendly",AI综合评估 + O*NET/ILO/OECD锚点校准,2026-04-13,2026-04-13,2000-2026
TECH-0108-FI-general,信息技术与数字化,TECH,软件开发,软件架构师,Software Architect,2512,15-1251.00,北欧,芬兰,FI,country,general,本科/硕士,28-35,global,7.9,6.6,8.6,8.4,7.4,3.8,9.2,8.7,10.0,9.4,9.9,9.7,8.0,9.4,8.3,7.9,7.6,0.6,7.5,8.7,10.0,9.7,8.2,8.7,7.7,9.6,8.2,6.9,1.3,1.1,4.6,7.1,10.0,1.9,4,2,↑,2032-2038,8.19,芬兰软件架构师：薪资回报高，人才需求旺盛，AI替代抗性强,"Finland Software Architect: high compensation, strong talent demand, strong AI resistance",AI综合评估 + O*NET/ILO/OECD锚点校准,2026-04-13,2026-04-13,2000-2026
TECH-0108-IT-general,信息技术与数字化,TECH,软件开发,软件架构师,Software Architect,2512,15-1251.00,南欧,意大利,IT,country,general,本科/硕士,28-35,global,8.1,6.5,8.2,7.7,8.2,5.2,8.0,7.5,9.4,8.1,8.1,9.2,7.5,5.9,5.5,7.5,7.2,1.0,7.3,7.5,6.8,7.7,7.2,7.9,7.3,4.5,7.0,6.6,1.3,1.3,4.6,6.1,8.3,1.7,4,2,↑,2032-2038,7.22,意大利软件架构师：薪资回报高，人才需求旺盛，就业稳定,"Italy Software Architect: high compensation, strong talent demand, stable employment",AI综合评估 + O*NET/ILO/OECD锚点校准,2026-04-13,2026-04-13,2000-2026
TECH-0108-ES-general,信息技术与数字化,TECH,软件开发,软件架构师,Software Architect,2512,15-1251.00,南欧,西班牙,ES,country,general,本科/硕士,28-35,global,7.5,6.8,8.2,7.8,8.0,4.6,7.6,8.1,8.2,7.4,7.4,9.5,7.0,5.4,6.5,8.3,7.4,1.3,6.7,7.5,9.5,9.5,6.4,7.3,7.5,6.3,8.0,6.8,1.3,1.3,4.2,6.7,9.3,2.1,4,2,↑,2032-2038,7.3,西班牙软件架构师：薪资回报高，人才需求旺盛，远程友好度高,"Spain Software Architect: high compensation, strong talent demand, highly remote-friendly",AI综合评估 + O*NET/ILO/OECD锚点校准,2026-04-13,2026-04-13,2000-2026
TECH-0108-PT-general,信息技术与数字化,TECH,软件开发,软件架构师,Software Architect,2512,15-1251.00,南欧,葡萄牙,PT,country,general,本科/硕士,28-35,global,7.8,6.6,7.2,7.8,6.8,3.6,8.0,7.3,7.6,7.4,6.8,9.5,7.2,5.7,6.5,8.3,7.4,1.0,7.3,7.7,8.9,8.7,7.4,7.9,6.9,6.6,7.2,6.0,0.6,1.1,5.2,7.5,8.9,1.9,4,2,↑,2032-2038,7.17,葡萄牙软件架构师：人才需求旺盛，远程友好度高,"Portugal Software Architect: strong talent demand, highly remote-friendly",AI综合评估 + O*NET/ILO/OECD锚点校准,2026-04-13,2026-04-13,2000-2026
TECH-0108-PL-general,信息技术与数字化,TECH,软件开发,软件架构师,Software Architect,2512,15-1251.00,东欧,波兰,PL,country,general,本科/硕士,28-35,global,7.6,6.3,7.8,8.0,7.8,4.8,8.6,7.3,9.7,7.6,8.1,9.5,7.7,5.9,6.3,8.7,7.4,0.7,7.1,8.3,8.9,8.5,6.7,8.3,7.5,6.0,7.6,6.3,1.3,1.6,3.8,7.5,8.9,1.9,4,2,↑,2032-2038,7.51,波兰软件架构师：薪资回报高，人才需求旺盛，远程友好度高,"Poland Software Architect: high compensation, strong talent demand, highly remote-friendly",AI综合评估 + O*NET/ILO/OECD锚点校准,2026-04-13,2026-04-13,2000-2026
TECH-0108-CZ-general,信息技术与数字化,TECH,软件开发,软件架构师,Software Architect,2512,15-1251.00,东欧,捷克,CZ,country,general,本科/硕士,28-35,global,7.9,6.9,7.6,8.3,7.2,3.6,8.4,8.3,9.7,8.4,9.1,9.7,7.7,7.2,7.3,7.9,7.2,1.0,6.6,8.7,8.9,9.2,7.9,7.7,7.7,6.3,7.6,6.3,0.9,1.0,3.8,7.7,9.3,2.5,4,2,↑,2032-2038,7.63,捷克软件架构师：薪资回报高，人才需求旺盛，远程友好度高,"Czech Republic Software Architect: high compensation, strong talent demand, highly remote-friendly",AI综合评估 + O*NET/ILO/OECD锚点校准,2026-04-13,2026-04-13,2000-2026
TECH-0108-RU-general,信息技术与数字化,TECH,软件开发,软件架构师,Software Architect,2512,15-1251.00,东欧,俄罗斯,RU,country,general,本科/硕士,28-35,global,7.3,6.8,8.8,7.4,7.8,5.0,8.6,7.3,8.2,7.9,6.1,9.2,5.9,5.7,6.0,8.3,7.6,1.0,7.3,8.3,8.9,8.2,4.9,8.5,7.3,5.7,7.6,6.2,1.3,0.7,4.8,6.7,6.1,2.7,4,2,↑,2032-2038,7.13,俄罗斯软件架构师：薪资回报高，人才需求旺盛，远程友好度高,"Russia Software Architect: high compensation, strong talent demand, highly remote-friendly",AI综合评估 + O*NET/ILO/OECD锚点校准,2026-04-13,2026-04-13,2000-2026
TECH-0108-US-general,信息技术与数字化,TECH,软件开发,软件架构师,Software Architect,2512,15-1251.00,北美,美国,US,country,general,本科/硕士,28-35,global,7.3,6.3,10.0,8.3,10.0,7.6,9.4,9.3,10.0,10.0,7.1,9.5,7.0,3.7,4.0,8.7,9.0,0.7,7.3,9.9,10.0,9.0,5.2,8.5,9.1,6.6,7.2,6.5,1.2,1.0,4.4,8.1,10.0,1.5,4,3,↑,2032-2038,7.99,美国软件架构师：薪资回报高，人才需求旺盛，远程友好度高,"United States Software Architect: high compensation, strong talent demand, highly remote-friendly",AI综合评估 + O*NET/ILO/OECD锚点校准,2026-04-13,2026-04-13,2000-2026
TECH-0108-CA-general,信息技术与数字化,TECH,软件开发,软件架构师,Software Architect,2512,15-1251.00,北美,加拿大,CA,country,general,本科/硕士,28-35,global,7.9,6.3,8.8,8.9,8.4,6.2,8.8,8.9,10.0,9.1,9.4,10.0,7.0,6.9,6.0,8.1,7.8,0.9,7.0,8.9,10.0,9.7,8.2,8.1,8.7,6.9,8.0,6.2,1.3,1.6,4.4,6.9,10.0,2.1,4,3,↑,2032-2038,7.99,加拿大软件架构师：薪资回报高，人才需求旺盛，远程友好度高,"Canada Software Architect: high compensation, strong talent demand, highly remote-friendly",AI综合评估 + O*NET/ILO/OECD锚点校准,2026-04-13,2026-04-13,2000-2026
TECH-0108-MX-general,信息技术与数字化,TECH,软件开发,软件架构师,Software Architect,2512,15-1251.00,北美,墨西哥,MX,country,general,本科/硕士,28-35,global,7.0,6.6,7.4,7.8,7.6,4.2,7.4,7.7,7.6,7.4,5.9,9.5,6.7,4.7,4.5,7.5,7.6,0.7,7.0,7.9,8.6,8.0,4.9,7.9,7.5,3.3,7.0,6.8,0.9,1.0,4.4,7.5,7.5,1.5,4,2,↑,2032-2038,6.92,墨西哥软件架构师：远程友好度高,Mexico Software Architect: highly remote-friendly,AI综合评估 + O*NET/ILO/OECD锚点校准,2026-04-13,2026-04-13,2000-2026
TECH-0108-BR-general,信息技术与数字化,TECH,软件开发,软件架构师,Software Architect,2512,15-1251.00,南美,巴西,BR,country,general,本科/硕士,28-35,global,7.8,6.2,7.6,8.1,7.8,6.2,7.8,7.3,7.6,7.6,5.9,9.2,5.9,4.4,5.0,7.9,7.4,0.9,6.6,7.7,9.5,8.5,5.4,8.1,8.5,4.8,7.4,6.8,1.2,1.3,4.6,6.9,7.3,2.1,4,2,↑,2032-2038,7.0,巴西软件架构师：人才需求旺盛，远程友好度高,"Brazil Software Architect: strong talent demand, highly remote-friendly",AI综合评估 + O*NET/ILO/OECD锚点校准,2026-04-13,2026-04-13,2000-2026
TECH-0108-AR-general,信息技术与数字化,TECH,软件开发,软件架构师,Software Architect,2512,15-1251.00,南美,阿根廷,AR,country,general,本科/硕士,28-35,global,7.6,6.2,7.6,7.1,7.2,3.4,7.2,7.5,6.7,7.1,6.4,9.2,5.7,4.4,4.5,7.7,6.8,1.3,7.0,7.5,8.9,8.2,4.7,8.3,6.9,4.5,7.4,6.3,0.7,1.1,5.2,7.5,7.9,2.3,4,2,↑,2032-2038,6.72,阿根廷软件架构师：远程友好度高,Argentina Software Architect: highly remote-friendly,AI综合评估 + O*NET/ILO/OECD锚点校准,2026-04-13,2026-04-13,2000-2026
TECH-0108-CL-general,信息技术与数字化,TECH,软件开发,软件架构师,Software Architect,2512,15-1251.00,南美,智利,CL,country,general,本科/硕士,28-35,global,7.6,6.0,7.8,8.4,6.2,3.6,8.0,8.3,7.3,7.4,7.4,9.7,7.0,5.9,5.5,7.5,6.8,1.2,6.7,7.3,8.0,8.5,6.2,7.1,6.5,4.5,7.4,6.2,0.9,1.1,5.2,7.5,8.7,2.7,4,2,↑,2032-2038,6.98,智利软件架构师：人才需求旺盛,Chile Software Architect: strong talent demand,AI综合评估 + O*NET/ILO/OECD锚点校准,2026-04-13,2026-04-13,2000-2026
TECH-0108-CO-general,信息技术与数字化,TECH,软件开发,软件架构师,Software Architect,2512,15-1251.00,南美,哥伦比亚,CO,country,general,本科/硕士,28-35,global,7.6,6.0,7.0,7.8,6.2,4.0,7.2,7.9,7.0,6.1,6.1,9.5,7.0,5.2,5.3,7.7,7.4,0.9,7.0,7.1,8.0,8.2,5.2,7.7,7.1,3.9,7.2,6.8,0.9,1.1,4.4,7.5,7.5,2.1,4,2,↑,2032-2038,6.77,哥伦比亚软件架构师：发展平稳,Colombia Software Architect: steady development,AI综合评估 + O*NET/ILO/OECD锚点校准,2026-04-13,2026-04-13,2000-2026
TECH-0108-AU-general,信息技术与数字化,TECH,软件开发,软件架构师,Software Architect,2512,15-1251.00,大洋洲,澳大利亚,AU,country,general,本科/硕士,28-35,global,8.2,6.5,8.6,8.6,8.2,4.6,8.2,9.7,10.0,8.9,8.6,9.5,6.7,7.2,7.0,7.7,8.2,0.6,7.5,8.5,10.0,9.7,7.2,7.9,7.5,7.8,7.8,6.8,0.9,1.4,4.0,7.5,9.7,1.5,4,2,↑,2032-2038,7.94,澳大利亚软件架构师：薪资回报高，人才需求旺盛，AI替代抗性强,"Australia Software Architect: high compensation, strong talent demand, strong AI resistance",AI综合评估 + O*NET/ILO/OECD锚点校准,2026-04-13,2026-04-13,2000-2026
TECH-0108-NZ-general,信息技术与数字化,TECH,软件开发,软件架构师,Software Architect,2512,15-1251.00,大洋洲,新西兰,NZ,country,general,本科/硕士,28-35,global,7.9,6.2,7.8,8.3,6.8,3.8,8.6,7.3,9.4,8.9,8.4,9.5,8.4,6.9,7.5,8.5,8.0,0.9,7.3,9.1,9.8,9.0,8.9,8.5,7.3,9.3,8.6,6.8,1.5,1.0,3.6,7.9,10.0,1.9,4,2,↑,2032-2038,7.89,新西兰软件架构师：薪资回报高，人才需求旺盛，远程友好度高,"New Zealand Software Architect: high compensation, strong talent demand, highly remote-friendly",AI综合评估 + O*NET/ILO/OECD锚点校准,2026-04-13,2026-04-13,2000-2026
TECH-0108-ZA-general,信息技术与数字化,TECH,软件开发,软件架构师,Software Architect,2512,15-1251.00,非洲,南非,ZA,country,general,本科/硕士,28-35,global,7.8,6.0,7.8,7.7,6.4,4.0,7.2,7.5,7.6,6.6,6.1,9.5,5.7,4.7,6.0,7.3,7.2,0.9,6.6,7.5,7.4,7.5,6.2,8.3,6.9,5.1,7.6,6.8,0.7,1.0,5.2,6.5,7.7,2.5,4,2,↑,2032-2038,6.79,南非软件架构师：发展平稳,South Africa Software Architect: steady development,AI综合评估 + O*NET/ILO/OECD锚点校准,2026-04-13,2026-04-13,2000-2026
TECH-0108-NG-general,信息技术与数字化,TECH,软件开发,软件架构师,Software Architect,2512,15-1251.00,非洲,尼日利亚,NG,country,general,本科/硕士,28-35,global,6.7,6.5,6.4,7.1,6.4,3.8,7.4,5.9,5.2,5.1,5.6,9.2,6.2,3.4,4.8,7.7,7.2,1.3,6.5,6.5,8.6,8.5,4.9,8.1,7.1,2.4,7.4,6.6,1.0,0.5,5.0,7.3,7.3,2.7,3,1,→,2032-2038,6.32,尼日利亚软件架构师：远程友好度高，加班文化严重,"Nigeria Software Architect: highly remote-friendly, heavy overtime culture",AI综合评估 + O*NET/ILO/OECD锚点校准,2026-04-13,2026-04-13,2000-2026
TECH-0108-KE-general,信息技术与数字化,TECH,软件开发,软件架构师,Software Architect,2512,15-1251.00,非洲,肯尼亚,KE,country,general,本科/硕士,28-35,global,7.6,6.2,6.8,7.2,5.6,2.8,7.4,5.5,4.9,5.1,5.6,9.5,5.9,3.9,5.8,7.9,6.6,1.3,6.5,6.9,8.0,8.7,4.7,7.5,7.1,2.7,7.0,6.9,0.6,0.8,5.2,6.9,7.9,2.5,3,1,→,2032-2038,6.28,肯尼亚软件架构师：发展平稳,Kenya Software Architect: steady development,AI综合评估 + O*NET/ILO/OECD锚点校准,2026-04-13,2026-04-13,2000-2026
TECH-0108-EG-general,信息技术与数字化,TECH,软件开发,软件架构师,Software Architect,2512,15-1251.00,非洲,埃及,EG,country,general,本科/硕士,28-35,global,6.9,6.2,7.4,7.1,6.4,3.8,6.6,5.5,4.9,5.1,6.6,9.0,5.9,4.7,5.3,7.9,6.6,1.2,6.7,7.3,6.8,7.2,4.9,6.9,6.7,1.5,7.4,6.2,0.6,0.4,5.2,6.9,7.1,1.9,3,1,→,2032-2038,6.26,埃及软件架构师：发展平稳,Egypt Software Architect: steady development,AI综合评估 + O*NET/ILO/OECD锚点校准,2026-04-13,2026-04-13,2000-2026
TECH-0109-CN-general,信息技术与数字化,TECH,软件开发,站点可靠性工程师(SRE),Site Reliability Engineer (SRE),2522,15-1244.00,东亚,中国,CN,country,general,本科,23-30,global,6.5,5.9,9.4,7.1,9.4,7.1,8.5,8.3,9.8,8.9,6.3,9.5,4.5,0.7,3.1,7.7,7.8,1.0,6.3,7.7,6.1,6.3,2.6,7.0,6.4,3.9,5.5,5.2,0.7,0.6,4.0,4.6,7.8,3.1,4,4,↑↑,2032-2038,6.76,中国站点可靠性工程师(SRE)：薪资回报高，人才需求旺盛，加班文化严重,"China Site Reliability Engineer (SRE): high compensation, strong talent demand, heavy overtime culture",AI综合评估 + O*NET/ILO/OECD锚点校准,2026-04-13,2026-04-13,2000-2026
TECH-0109-JP-general,信息技术与数字化,TECH,软件开发,站点可靠性工程师(SRE),Site Reliability Engineer (SRE),2522,15-1244.00,东亚,日本,JP,country,general,本科,23-30,global,6.5,5.5,9.0,7.7,8.4,6.1,8.5,8.3,8.9,7.9,7.6,9.5,5.5,1.7,3.1,7.1,7.8,0.8,5.9,7.5,7.6,6.8,3.9,7.4,6.8,3.9,5.9,5.5,0.7,0.6,3.6,5.0,7.0,3.3,4,3,↑,2028-2033,6.82,日本站点可靠性工程师(SRE)：薪资回报高，人才需求旺盛，加班文化严重,"Japan Site Reliability Engineer (SRE): high compensation, strong talent demand, heavy overtime culture",AI综合评估 + O*NET/ILO/OECD锚点校准,2026-04-13,2026-04-13,2000-2026
TECH-0109-KR-general,信息技术与数字化,TECH,软件开发,站点可靠性工程师(SRE),Site Reliability Engineer (SRE),2522,15-1244.00,东亚,韩国,KR,country,general,本科,23-30,global,6.8,5.6,9.0,7.0,8.2,6.5,8.7,8.3,8.6,8.2,6.3,9.5,5.0,1.4,3.1,7.9,6.4,1.3,6.3,7.9,7.3,6.8,2.9,6.4,5.8,3.9,6.1,5.8,1.3,0.9,3.4,5.6,8.2,2.3,4,3,↑,2032-2038,6.7,韩国站点可靠性工程师(SRE)：薪资回报高，人才需求旺盛，加班文化严重,"South Korea Site Reliability Engineer (SRE): high compensation, strong talent demand, heavy overtime culture",AI综合评估 + O*NET/ILO/OECD锚点校准,2026-04-13,2026-04-13,2000-2026
TECH-0109-TW-general,信息技术与数字化,TECH,软件开发,站点可靠性工程师(SRE),Site Reliability Engineer (SRE),2522,15-1244.00,东亚,中国台湾地区,TW,region,general,本科,23-30,global,6.5,5.9,8.0,7.4,7.2,5.5,8.7,8.9,8.6,8.4,6.8,9.2,5.0,1.7,4.1,7.9,6.8,1.1,5.9,7.9,7.9,6.8,3.9,6.8,6.2,5.7,5.5,5.3,1.0,0.9,3.4,5.2,8.8,2.7,4,3,↑,2028-2033,6.79,中国台湾地区站点可靠性工程师(SRE)：薪资回报高，人才需求旺盛，加班文化严重,"Taiwan (China) Site Reliability Engineer (SRE): high compensation, strong talent demand, heavy overtime culture",AI综合评估 + O*NET/ILO/OECD锚点校准,2026-04-13,2026-04-13,2000-2026
TECH-0109-HK-general,信息技术与数字化,TECH,软件开发,站点可靠性工程师(SRE),Site Reliability Engineer (SRE),2522,15-1244.00,东亚,中国香港地区,HK,region,general,本科,23-30,global,6.6,5.6,8.0,7.3,6.6,4.1,8.9,6.7,9.8,8.9,6.8,9.2,5.0,1.9,2.8,6.7,6.2,1.4,6.1,7.1,7.9,5.8,3.9,7.2,5.0,4.8,6.1,5.3,1.2,1.1,3.8,5.4,10.0,3.1,4,3,↑,2032-2038,6.6,中国香港地区站点可靠性工程师(SRE)：薪资回报高，人才需求旺盛，加班文化严重,"Hong Kong (China) Site Reliability Engineer (SRE): high compensation, strong talent demand, heavy overtime culture",AI综合评估 + O*NET/ILO/OECD锚点校准,2026-04-13,2026-04-13,2000-2026
TECH-0109-SG-general,信息技术与数字化,TECH,软件开发,站点可靠性工程师(SRE),Site Reliability Engineer (SRE),2522,15-1244.00,东南亚,新加坡,SG,country,general,本科,23-30,global,6.8,5.5,8.6,8.0,8.2,5.3,8.5,9.3,10.0,9.9,8.6,9.5,4.5,2.7,3.6,7.7,7.0,1.0,6.0,7.9,9.1,6.8,3.9,7.6,6.4,6.9,6.3,5.3,0.7,1.1,3.8,6.0,10.0,3.1,4,4,↑↑,2032-2038,7.23,新加坡站点可靠性工程师(SRE)：薪资回报高，人才需求旺盛，远程友好度高,"Singapore Site Reliability Engineer (SRE): high compensation, strong talent demand, highly remote-friendly",AI综合评估 + O*NET/ILO/OECD锚点校准,2026-04-13,2026-04-13,2000-2026
TECH-0109-TH-general,信息技术与数字化,TECH,软件开发,站点可靠性工程师(SRE),Site Reliability Engineer (SRE),2522,15-1244.00,东南亚,泰国,TH,country,general,本科,23-30,global,6.8,5.3,7.0,6.8,6.8,4.5,7.5,7.7,5.6,5.4,6.1,9.7,5.7,4.2,5.3,6.3,6.6,1.4,6.0,5.9,7.3,6.6,4.1,6.2,4.8,5.1,6.1,5.3,1.0,0.6,4.6,5.2,7.8,3.7,4,3,↑,2032-2038,6.2,泰国站点可靠性工程师(SRE)：人才需求旺盛,Thailand Site Reliability Engineer (SRE): strong talent demand,AI综合评估 + O*NET/ILO/OECD锚点校准,2026-04-13,2026-04-13,2000-2026
TECH-0109-VN-general,信息技术与数字化,TECH,软件开发,站点可靠性工程师(SRE),Site Reliability Engineer (SRE),2522,15-1244.00,东南亚,越南,VN,country,general,本科,23-30,global,6.6,5.3,7.2,7.1,6.4,4.7,7.5,7.1,5.9,5.9,5.6,9.5,4.5,2.9,3.8,7.3,6.6,1.4,6.0,6.3,8.2,7.1,3.6,6.8,5.0,5.1,5.1,5.8,0.7,0.0,3.6,4.8,8.0,2.9,4,3,↑,2032-2038,6.22,越南站点可靠性工程师(SRE)：人才需求旺盛，加班文化严重,"Vietnam Site Reliability Engineer (SRE): strong talent demand, heavy overtime culture",AI综合评估 + O*NET/ILO/OECD锚点校准,2026-04-13,2026-04-13,2000-2026
TECH-0109-ID-general,信息技术与数字化,TECH,软件开发,站点可靠性工程师(SRE),Site Reliability Engineer (SRE),2522,15-1244.00,东南亚,印度尼西亚,ID,country,general,本科,23-30,global,6.0,5.5,6.6,7.0,7.4,5.1,7.3,7.3,5.3,5.4,5.3,9.7,5.7,3.4,4.1,7.1,6.6,1.6,5.6,6.7,6.7,6.6,4.4,5.6,5.2,3.9,5.1,5.8,1.2,0.6,3.8,5.6,7.4,2.9,4,3,↑,2028-2033,6.09,印度尼西亚站点可靠性工程师(SRE)：加班文化严重,Indonesia Site Reliability Engineer (SRE): heavy overtime culture,AI综合评估 + O*NET/ILO/OECD锚点校准,2026-04-13,2026-04-13,2000-2026
TECH-0109-MY-general,信息技术与数字化,TECH,软件开发,站点可靠性工程师(SRE),Site Reliability Engineer (SRE),2522,15-1244.00,东南亚,马来西亚,MY,country,general,本科,23-30,global,6.5,5.6,7.6,7.4,6.8,3.9,8.5,7.3,6.5,6.4,6.8,9.2,5.0,3.9,4.8,7.3,5.8,1.3,5.7,6.7,8.2,7.1,5.1,6.6,5.4,4.2,5.5,5.2,1.0,0.6,3.8,5.0,8.6,2.9,4,3,↑,2028-2033,6.44,马来西亚站点可靠性工程师(SRE)：人才需求旺盛,Malaysia Site Reliability Engineer (SRE): strong talent demand,AI综合评估 + O*NET/ILO/OECD锚点校准,2026-04-13,2026-04-13,2000-2026
TECH-0109-PH-general,信息技术与数字化,TECH,软件开发,站点可靠性工程师(SRE),Site Reliability Engineer (SRE),2522,15-1244.00,东南亚,菲律宾,PH,country,general,本科,23-30,global,6.6,5.9,7.0,7.0,6.8,4.3,7.3,7.7,4.1,5.9,5.8,9.5,5.7,3.4,3.8,6.7,6.2,1.7,6.0,5.7,8.8,6.8,4.4,6.4,4.6,5.4,5.3,5.5,1.2,0.0,4.4,5.0,8.4,3.7,4,3,↑,2032-2038,6.1,菲律宾站点可靠性工程师(SRE)：薪资水平偏低，远程友好度高，加班文化严重,"Philippines Site Reliability Engineer (SRE): relatively low pay, highly remote-friendly, heavy overtime culture",AI综合评估 + O*NET/ILO/OECD锚点校准,2026-04-13,2026-04-13,2000-2026
TECH-0109-IN-general,信息技术与数字化,TECH,软件开发,站点可靠性工程师(SRE),Site Reliability Engineer (SRE),2522,15-1244.00,南亚,印度,IN,country,general,本科,23-30,global,6.6,5.6,8.6,7.3,8.2,6.5,8.1,9.3,6.8,8.2,6.3,9.5,4.5,1.9,2.8,6.9,7.8,1.1,6.0,7.7,9.4,7.1,3.4,7.4,5.6,3.3,5.5,5.5,1.5,0.8,4.2,5.4,9.8,2.1,4,3,↑,2032-2038,6.73,印度站点可靠性工程师(SRE)：人才需求旺盛，远程友好度高，加班文化严重,"India Site Reliability Engineer (SRE): strong talent demand, highly remote-friendly, heavy overtime culture",AI综合评估 + O*NET/ILO/OECD锚点校准,2026-04-13,2026-04-13,2000-2026
TECH-0109-PK-general,信息技术与数字化,TECH,软件开发,站点可靠性工程师(SRE),Site Reliability Engineer (SRE),2522,15-1244.00,南亚,巴基斯坦,PK,country,general,本科,23-30,global,6.2,5.5,6.4,6.2,6.4,3.7,6.9,5.3,3.8,4.9,4.1,9.2,5.2,2.9,3.8,6.1,6.0,1.9,5.9,5.1,7.6,6.6,3.1,6.0,4.4,1.2,4.7,5.3,0.7,0.2,4.6,5.0,7.8,3.5,3,2,↑,2028-2033,5.5,巴基斯坦站点可靠性工程师(SRE)：薪资水平偏低，加班文化严重,"Pakistan Site Reliability Engineer (SRE): relatively low pay, heavy overtime culture",AI综合评估 + O*NET/ILO/OECD锚点校准,2026-04-13,2026-04-13,2000-2026
TECH-0109-BD-general,信息技术与数字化,TECH,软件开发,站点可靠性工程师(SRE),Site Reliability Engineer (SRE),2522,15-1244.00,南亚,孟加拉国,BD,country,general,本科,23-30,global,6.2,5.6,5.8,6.4,5.4,3.5,7.1,5.5,3.8,5.4,5.1,9.2,5.0,3.2,3.6,5.9,5.6,2.3,5.7,4.9,8.5,6.6,2.9,5.6,4.4,0.9,4.5,5.3,1.0,0.0,4.8,5.2,7.6,3.5,3,2,↑,2028-2033,5.46,孟加拉国站点可靠性工程师(SRE)：薪资水平偏低，远程友好度高，加班文化严重,"Bangladesh Site Reliability Engineer (SRE): relatively low pay, highly remote-friendly, heavy overtime culture",AI综合评估 + O*NET/ILO/OECD锚点校准,2026-04-13,2026-04-13,2000-2026
TECH-0109-AE-general,信息技术与数字化,TECH,软件开发,站点可靠性工程师(SRE),Site Reliability Engineer (SRE),2522,15-1244.00,中亚/西亚,阿联酋,AE,country,general,本科,23-30,global,7.1,5.5,8.2,7.4,6.4,5.1,8.5,8.5,10.0,8.4,7.1,9.7,5.7,4.2,4.1,7.3,6.2,1.4,6.3,8.5,7.9,6.6,4.6,7.2,5.6,5.4,6.1,5.0,0.9,1.1,3.2,5.0,10.0,2.5,4,3,↑,2032-2038,6.96,阿联酋站点可靠性工程师(SRE)：薪资回报高，人才需求旺盛,"United Arab Emirates Site Reliability Engineer (SRE): high compensation, strong talent demand",AI综合评估 + O*NET/ILO/OECD锚点校准,2026-04-13,2026-04-13,2000-2026
TECH-0109-IL-general,信息技术与数字化,TECH,软件开发,站点可靠性工程师(SRE),Site Reliability Engineer (SRE),2522,15-1244.00,中亚/西亚,以色列,IL,country,general,本科,23-30,global,6.8,5.3,8.4,6.5,7.8,5.5,9.1,8.9,10.0,10.0,6.1,9.5,4.7,3.7,4.8,7.1,7.6,1.3,6.0,9.1,10.0,7.3,4.9,7.4,5.4,6.9,6.3,5.9,0.7,0.6,4.6,5.4,9.8,3.1,4,4,↑↑,2032-2038,7.21,以色列站点可靠性工程师(SRE)：薪资回报高，人才需求旺盛，远程友好度高,"Israel Site Reliability Engineer (SRE): high compensation, strong talent demand, highly remote-friendly",AI综合评估 + O*NET/ILO/OECD锚点校准,2026-04-13,2026-04-13,2000-2026
TECH-0109-SA-general,信息技术与数字化,TECH,软件开发,站点可靠性工程师(SRE),Site Reliability Engineer (SRE),2522,15-1244.00,中亚/西亚,沙特阿拉伯,SA,country,general,本科,23-30,global,6.8,5.3,7.0,7.0,6.8,4.5,8.3,7.1,9.8,8.4,7.6,9.2,5.5,4.4,4.1,7.1,6.2,1.6,5.6,7.3,6.1,6.6,4.1,5.8,5.4,2.7,6.1,5.6,0.9,0.6,3.4,5.2,7.4,3.5,4,3,↑,2028-2033,6.51,沙特阿拉伯站点可靠性工程师(SRE)：薪资回报高，人才需求旺盛，就业稳定,"Saudi Arabia Site Reliability Engineer (SRE): high compensation, strong talent demand, stable employment",AI综合评估 + O*NET/ILO/OECD锚点校准,2026-04-13,2026-04-13,2000-2026
TECH-0109-TR-general,信息技术与数字化,TECH,软件开发,站点可靠性工程师(SRE),Site Reliability Engineer (SRE),2522,15-1244.00,中亚/西亚,土耳其,TR,country,general,本科,23-30,global,6.2,5.8,7.8,6.5,6.8,5.3,7.3,7.3,6.2,5.9,5.1,9.0,5.0,3.2,3.1,7.5,6.6,1.3,6.1,6.5,7.6,6.3,3.4,5.8,6.0,3.6,5.1,5.3,1.3,0.2,3.8,5.8,8.2,3.1,4,3,↑,2032-2038,6.16,土耳其站点可靠性工程师(SRE)：加班文化严重,Turkey Site Reliability Engineer (SRE): heavy overtime culture,AI综合评估 + O*NET/ILO/OECD锚点校准,2026-04-13,2026-04-13,2000-2026
TECH-0109-GB-general,信息技术与数字化,TECH,软件开发,站点可靠性工程师(SRE),Site Reliability Engineer (SRE),2522,15-1244.00,西欧,英国,GB,country,general,本科,23-30,global,6.5,5.6,8.6,7.0,8.4,7.1,8.7,9.1,10.0,9.2,6.8,9.2,6.7,5.4,5.3,7.5,7.4,0.8,5.9,8.5,10.0,7.6,5.9,6.6,6.8,7.2,6.7,5.8,0.9,0.9,3.4,6.4,10.0,2.7,4,4,↑↑,2028-2033,7.49,英国站点可靠性工程师(SRE)：薪资回报高，人才需求旺盛，远程友好度高,"United Kingdom Site Reliability Engineer (SRE): high compensation, strong talent demand, highly remote-friendly",AI综合评估 + O*NET/ILO/OECD锚点校准,2026-04-13,2026-04-13,2000-2026
TECH-0109-FR-general,信息技术与数字化,TECH,软件开发,站点可靠性工程师(SRE),Site Reliability Engineer (SRE),2522,15-1244.00,西欧,法国,FR,country,general,本科,23-30,global,6.8,6.1,8.4,7.1,8.6,6.1,8.3,9.3,8.3,9.2,7.3,9.7,7.0,6.2,5.3,6.7,7.4,1.3,5.7,7.5,7.9,8.3,6.6,6.8,5.8,6.6,6.9,5.2,1.3,0.8,3.0,6.0,9.8,3.3,4,3,↑,2028-2033,7.25,法国站点可靠性工程师(SRE)：薪资回报高，人才需求旺盛,"France Site Reliability Engineer (SRE): high compensation, strong talent demand",AI综合评估 + O*NET/ILO/OECD锚点校准,2026-04-13,2026-04-13,2000-2026
TECH-0109-DE-general,信息技术与数字化,TECH,软件开发,站点可靠性工程师(SRE),Site Reliability Engineer (SRE),2522,15-1244.00,西欧,德国,DE,country,general,本科,23-30,global,6.6,5.9,8.8,7.4,8.8,6.7,9.3,8.7,10.0,8.7,8.6,10.0,6.7,6.7,6.1,6.9,7.4,1.0,6.1,8.7,8.8,6.8,7.6,7.4,7.0,6.0,6.7,5.5,0.9,1.1,3.0,5.0,10.0,2.7,4,3,↑,2032-2038,7.6,德国站点可靠性工程师(SRE)：薪资回报高，人才需求旺盛，远程友好度高,"Germany Site Reliability Engineer (SRE): high compensation, strong talent demand, highly remote-friendly",AI综合评估 + O*NET/ILO/OECD锚点校准,2026-04-13,2026-04-13,2000-2026
TECH-0109-NL-general,信息技术与数字化,TECH,软件开发,站点可靠性工程师(SRE),Site Reliability Engineer (SRE),2522,15-1244.00,西欧,荷兰,NL,country,general,本科,23-30,global,6.6,5.5,8.4,8.0,7.4,5.3,8.3,8.5,10.0,8.9,7.6,9.7,6.5,7.9,6.6,7.3,6.4,1.3,5.9,8.3,10.0,7.6,8.4,7.6,6.2,9.3,7.5,5.3,1.5,0.8,3.6,6.2,10.0,3.7,4,3,↑,2028-2033,7.59,荷兰站点可靠性工程师(SRE)：薪资回报高，人才需求旺盛，远程友好度高,"Netherlands Site Reliability Engineer (SRE): high compensation, strong talent demand, highly remote-friendly",AI综合评估 + O*NET/ILO/OECD锚点校准,2026-04-13,2026-04-13,2000-2026
TECH-0109-CH-general,信息技术与数字化,TECH,软件开发,站点可靠性工程师(SRE),Site Reliability Engineer (SRE),2522,15-1244.00,西欧,瑞士,CH,country,general,本科,23-30,global,6.3,5.6,8.6,7.6,6.8,5.1,9.1,9.1,10.0,10.0,9.6,10.0,6.0,5.9,6.1,6.9,6.2,1.3,6.5,8.9,8.2,8.3,7.1,7.2,5.8,6.9,7.1,5.6,1.0,0.5,2.8,6.0,9.6,2.9,4,3,↑,2032-2038,7.59,瑞士站点可靠性工程师(SRE)：薪资回报高，人才需求旺盛，就业稳定,"Switzerland Site Reliability Engineer (SRE): high compensation, strong talent demand, stable employment",AI综合评估 + O*NET/ILO/OECD锚点校准,2026-04-13,2026-04-13,2000-2026
TECH-0109-SE-general,信息技术与数字化,TECH,软件开发,站点可靠性工程师(SRE),Site Reliability Engineer (SRE),2522,15-1244.00,北欧,瑞典,SE,country,general,本科,23-30,global,6.9,5.9,8.6,7.6,7.4,5.3,9.1,9.1,9.5,9.4,8.8,10.0,7.0,7.4,6.3,7.1,7.4,0.8,5.7,7.9,10.0,8.3,7.6,6.6,6.0,10.0,6.5,5.8,1.2,0.9,4.0,5.6,9.6,3.3,4,3,↑,2028-2033,7.63,瑞典站点可靠性工程师(SRE)：薪资回报高，人才需求旺盛，远程友好度高,"Sweden Site Reliability Engineer (SRE): high compensation, strong talent demand, highly remote-friendly",AI综合评估 + O*NET/ILO/OECD锚点校准,2026-04-13,2026-04-13,2000-2026
TECH-0109-DK-general,信息技术与数字化,TECH,软件开发,站点可靠性工程师(SRE),Site Reliability Engineer (SRE),2522,15-1244.00,北欧,丹麦,DK,country,general,本科,23-30,global,7.1,5.8,7.6,7.7,7.2,4.1,8.9,8.7,9.2,8.7,8.6,9.7,7.5,8.7,7.3,6.9,6.4,0.8,5.7,7.9,10.0,8.1,8.1,6.4,5.2,9.0,7.3,5.9,0.7,0.5,3.8,6.0,9.4,3.3,4,3,↑,2028-2033,7.52,丹麦站点可靠性工程师(SRE)：薪资回报高，人才需求旺盛，远程友好度高,"Denmark Site Reliability Engineer (SRE): high compensation, strong talent demand, highly remote-friendly",AI综合评估 + O*NET/ILO/OECD锚点校准,2026-04-13,2026-04-13,2000-2026
TECH-0109-FI-general,信息技术与数字化,TECH,软件开发,站点可靠性工程师(SRE),Site Reliability Engineer (SRE),2522,15-1244.00,北欧,芬兰,FI,country,general,本科,23-30,global,6.5,5.9,8.0,7.1,6.6,4.3,8.5,8.9,10.0,8.9,7.3,9.7,7.0,8.2,6.6,7.3,6.8,1.1,5.7,8.3,10.0,7.8,7.1,6.8,5.0,9.9,6.7,5.2,0.9,1.2,3.2,6.2,9.2,2.7,4,3,↑,2028-2033,7.45,芬兰站点可靠性工程师(SRE)：薪资回报高，人才需求旺盛，远程友好度高,"Finland Site Reliability Engineer (SRE): high compensation, strong talent demand, highly remote-friendly",AI综合评估 + O*NET/ILO/OECD锚点校准,2026-04-13,2026-04-13,2000-2026
TECH-0109-IT-general,信息技术与数字化,TECH,软件开发,站点可靠性工程师(SRE),Site Reliability Engineer (SRE),2522,15-1244.00,南欧,意大利,IT,country,general,本科,23-30,global,6.6,5.9,7.0,6.7,6.8,5.1,8.5,7.1,8.3,6.9,6.6,9.7,6.0,4.2,5.6,6.9,7.2,1.3,5.7,7.1,7.3,7.1,4.9,6.8,5.6,3.6,6.5,5.2,0.6,0.3,4.0,4.6,8.4,2.7,4,3,↑,2028-2033,6.6,意大利站点可靠性工程师(SRE)：薪资回报高，人才需求旺盛,"Italy Site Reliability Engineer (SRE): high compensation, strong talent demand",AI综合评估 + O*NET/ILO/OECD锚点校准,2026-04-13,2026-04-13,2000-2026
TECH-0109-ES-general,信息技术与数字化,TECH,软件开发,站点可靠性工程师(SRE),Site Reliability Engineer (SRE),2522,15-1244.00,南欧,西班牙,ES,country,general,本科,23-30,global,6.8,5.3,7.0,6.7,6.6,5.1,7.7,7.5,7.4,6.7,6.6,9.2,6.0,4.4,4.6,7.1,6.4,1.9,6.1,6.7,8.8,7.6,6.4,6.8,5.0,6.0,5.7,5.8,0.7,0.6,4.6,5.4,9.0,2.9,4,3,↑,2032-2038,6.6,西班牙站点可靠性工程师(SRE)：人才需求旺盛，远程友好度高,"Spain Site Reliability Engineer (SRE): strong talent demand, highly remote-friendly",AI综合评估 + O*NET/ILO/OECD锚点校准,2026-04-13,2026-04-13,2000-2026
TECH-0109-PT-general,信息技术与数字化,TECH,软件开发,站点可靠性工程师(SRE),Site Reliability Engineer (SRE),2522,15-1244.00,南欧,葡萄牙,PT,country,general,本科,23-30,global,6.3,5.2,6.6,6.8,6.8,3.7,7.3,7.3,6.5,6.7,7.1,9.5,6.0,4.9,5.6,7.3,6.6,1.3,5.6,6.9,10.0,7.8,6.6,6.0,5.2,7.2,5.5,5.6,0.6,0.9,4.4,5.6,9.6,2.7,4,3,↑,2028-2033,6.68,葡萄牙站点可靠性工程师(SRE)：远程友好度高,Portugal Site Reliability Engineer (SRE): highly remote-friendly,AI综合评估 + O*NET/ILO/OECD锚点校准,2026-04-13,2026-04-13,2000-2026
TECH-0109-PL-general,信息技术与数字化,TECH,软件开发,站点可靠性工程师(SRE),Site Reliability Engineer (SRE),2522,15-1244.00,东欧,波兰,PL,country,general,本科,23-30,global,6.8,5.8,7.8,7.6,7.4,4.5,8.5,7.7,8.3,8.4,6.3,9.2,5.5,5.4,5.3,7.1,6.6,1.6,6.1,6.7,8.8,7.3,5.9,7.2,5.6,6.0,6.1,5.6,1.2,0.2,4.2,5.4,9.6,2.7,4,3,↑,2032-2038,6.9,波兰站点可靠性工程师(SRE)：薪资回报高，人才需求旺盛，远程友好度高,"Poland Site Reliability Engineer (SRE): high compensation, strong talent demand, highly remote-friendly",AI综合评估 + O*NET/ILO/OECD锚点校准,2026-04-13,2026-04-13,2000-2026
TECH-0109-CZ-general,信息技术与数字化,TECH,软件开发,站点可靠性工程师(SRE),Site Reliability Engineer (SRE),2522,15-1244.00,东欧,捷克,CZ,country,general,本科,23-30,global,6.3,5.5,7.8,7.4,7.0,4.3,8.7,7.1,8.0,7.7,8.1,10.0,6.0,4.9,5.3,6.7,6.8,1.3,5.9,7.1,9.4,6.8,7.1,6.6,6.0,6.3,6.5,5.8,0.9,0.5,4.0,5.4,8.8,3.1,4,3,↑,2028-2033,6.96,捷克站点可靠性工程师(SRE)：薪资回报高，人才需求旺盛，远程友好度高,"Czech Republic Site Reliability Engineer (SRE): high compensation, strong talent demand, highly remote-friendly",AI综合评估 + O*NET/ILO/OECD锚点校准,2026-04-13,2026-04-13,2000-2026
TECH-0109-RU-general,信息技术与数字化,TECH,软件开发,站点可靠性工程师(SRE),Site Reliability Engineer (SRE),2522,15-1244.00,东欧,俄罗斯,RU,country,general,本科,23-30,global,7.1,5.9,7.6,6.2,7.4,5.7,8.1,7.3,6.5,7.4,5.8,9.2,4.7,3.9,4.8,7.7,6.2,1.4,6.4,7.5,9.7,7.1,4.9,6.2,5.0,5.4,6.1,5.8,0.7,0.0,4.2,5.2,6.2,2.5,4,3,↑,2032-2038,6.51,俄罗斯站点可靠性工程师(SRE)：人才需求旺盛，远程友好度高,"Russia Site Reliability Engineer (SRE): strong talent demand, highly remote-friendly",AI综合评估 + O*NET/ILO/OECD锚点校准,2026-04-13,2026-04-13,2000-2026
TECH-0109-US-general,信息技术与数字化,TECH,软件开发,站点可靠性工程师(SRE),Site Reliability Engineer (SRE),2522,15-1244.00,北美,美国,US,country,general,本科,23-30,global,6.5,6.2,10.0,6.7,9.6,7.1,9.5,9.1,10.0,10.0,6.1,9.5,4.5,3.2,3.8,7.3,8.0,1.1,6.8,9.1,10.0,7.3,4.1,7.2,6.4,6.9,6.9,5.2,0.7,0.6,3.6,5.8,9.4,2.7,4,4,↑↑,2032-2038,7.42,美国站点可靠性工程师(SRE)：薪资回报高，人才需求旺盛，远程友好度高,"United States Site Reliability Engineer (SRE): high compensation, strong talent demand, highly remote-friendly",AI综合评估 + O*NET/ILO/OECD锚点校准,2026-04-13,2026-04-13,2000-2026
TECH-0109-CA-general,信息技术与数字化,TECH,软件开发,站点可靠性工程师(SRE),Site Reliability Engineer (SRE),2522,15-1244.00,北美,加拿大,CA,country,general,本科,23-30,global,6.6,5.6,8.6,7.4,7.8,5.9,8.9,8.3,10.0,8.9,8.1,9.5,6.0,6.2,5.1,6.9,7.2,1.1,6.5,8.5,10.0,8.3,7.1,7.4,5.8,7.8,6.9,5.9,1.3,0.5,3.8,6.0,10.0,2.9,4,4,↑↑,2032-2038,7.54,加拿大站点可靠性工程师(SRE)：薪资回报高，人才需求旺盛，远程友好度高,"Canada Site Reliability Engineer (SRE): high compensation, strong talent demand, highly remote-friendly",AI综合评估 + O*NET/ILO/OECD锚点校准,2026-04-13,2026-04-13,2000-2026
TECH-0109-MX-general,信息技术与数字化,TECH,软件开发,站点可靠性工程师(SRE),Site Reliability Engineer (SRE),2522,15-1244.00,北美,墨西哥,MX,country,general,本科,23-30,global,6.6,5.3,6.8,7.0,7.4,5.9,8.3,7.3,6.2,5.9,5.6,9.7,5.2,3.2,4.3,6.9,6.6,1.6,6.0,6.9,7.3,6.8,4.4,6.4,5.0,3.9,6.3,5.2,1.3,0.8,4.6,6.0,7.4,3.3,4,3,↑,2032-2038,6.27,墨西哥站点可靠性工程师(SRE)：人才需求旺盛，加班文化严重,"Mexico Site Reliability Engineer (SRE): strong talent demand, heavy overtime culture",AI综合评估 + O*NET/ILO/OECD锚点校准,2026-04-13,2026-04-13,2000-2026
TECH-0109-BR-general,信息技术与数字化,TECH,软件开发,站点可靠性工程师(SRE),Site Reliability Engineer (SRE),2522,15-1244.00,南美,巴西,BR,country,general,本科,23-30,global,6.6,5.6,8.2,6.4,7.0,6.5,8.1,7.5,7.4,7.2,5.6,9.7,6.0,3.9,4.6,6.9,6.2,1.7,5.6,6.3,9.7,6.6,5.1,6.6,5.2,3.9,5.7,5.6,0.9,0.5,4.0,5.8,7.8,2.7,4,3,↑,2028-2033,6.53,巴西站点可靠性工程师(SRE)：人才需求旺盛，远程友好度高,"Brazil Site Reliability Engineer (SRE): strong talent demand, highly remote-friendly",AI综合评估 + O*NET/ILO/OECD锚点校准,2026-04-13,2026-04-13,2000-2026
TECH-0109-AR-general,信息技术与数字化,TECH,软件开发,站点可靠性工程师(SRE),Site Reliability Engineer (SRE),2522,15-1244.00,南美,阿根廷,AR,country,general,本科,23-30,global,6.3,5.3,7.2,6.5,5.8,4.1,7.5,7.7,5.9,6.2,5.3,9.5,5.0,3.2,4.3,7.3,5.6,1.6,5.7,5.7,9.1,6.8,5.1,5.8,5.0,3.6,5.7,5.5,0.6,0.5,4.0,6.2,7.4,3.5,4,3,↑,2028-2033,6.15,阿根廷站点可靠性工程师(SRE)：人才需求旺盛，远程友好度高，加班文化严重,"Argentina Site Reliability Engineer (SRE): strong talent demand, highly remote-friendly, heavy overtime culture",AI综合评估 + O*NET/ILO/OECD锚点校准,2026-04-13,2026-04-13,2000-2026
TECH-0109-CL-general,信息技术与数字化,TECH,软件开发,站点可靠性工程师(SRE),Site Reliability Engineer (SRE),2522,15-1244.00,南美,智利,CL,country,general,本科,23-30,global,6.2,5.2,6.4,6.8,5.6,3.7,7.5,7.3,7.4,6.2,6.1,9.2,5.2,4.2,5.6,6.7,6.2,1.4,6.0,6.1,8.2,7.3,5.4,6.0,4.4,4.2,5.5,5.8,1.3,0.5,3.6,5.8,8.0,3.3,4,3,↑,2032-2038,6.33,智利站点可靠性工程师(SRE)：人才需求旺盛,Chile Site Reliability Engineer (SRE): strong talent demand,AI综合评估 + O*NET/ILO/OECD锚点校准,2026-04-13,2026-04-13,2000-2026
TECH-0109-CO-general,信息技术与数字化,TECH,软件开发,站点可靠性工程师(SRE),Site Reliability Engineer (SRE),2522,15-1244.00,南美,哥伦比亚,CO,country,general,本科,23-30,global,6.2,5.3,7.0,6.7,6.4,4.1,7.7,7.7,6.2,5.4,5.1,9.2,4.7,3.4,4.6,6.3,5.6,1.3,6.0,5.5,7.6,6.8,4.6,6.6,5.4,4.5,5.9,5.8,0.7,0.5,4.4,5.6,7.4,2.9,4,3,↑,2032-2038,6.14,哥伦比亚站点可靠性工程师(SRE)：人才需求旺盛，加班文化严重,"Colombia Site Reliability Engineer (SRE): strong talent demand, heavy overtime culture",AI综合评估 + O*NET/ILO/OECD锚点校准,2026-04-13,2026-04-13,2000-2026
TECH-0109-AU-general,信息技术与数字化,TECH,软件开发,站点可靠性工程师(SRE),Site Reliability Engineer (SRE),2522,15-1244.00,大洋洲,澳大利亚,AU,country,general,本科,23-30,global,6.6,5.8,8.8,7.3,8.0,5.3,8.3,8.9,10.0,8.9,8.1,10.0,5.7,6.7,6.3,7.3,7.2,1.1,6.4,8.3,10.0,7.6,6.6,7.2,5.6,7.8,6.7,5.2,0.9,1.2,3.4,5.8,10.0,2.7,4,3,↑,2032-2038,7.53,澳大利亚站点可靠性工程师(SRE)：薪资回报高，人才需求旺盛，远程友好度高,"Australia Site Reliability Engineer (SRE): high compensation, strong talent demand, highly remote-friendly",AI综合评估 + O*NET/ILO/OECD锚点校准,2026-04-13,2026-04-13,2000-2026
TECH-0109-NZ-general,信息技术与数字化,TECH,软件开发,站点可靠性工程师(SRE),Site Reliability Engineer (SRE),2522,15-1244.00,大洋洲,新西兰,NZ,country,general,本科,23-30,global,6.8,6.1,8.0,7.9,7.0,4.1,8.9,7.3,10.0,8.4,8.1,10.0,6.0,7.2,5.6,6.7,6.4,1.4,5.6,7.7,10.0,8.1,7.4,6.4,5.6,8.4,6.7,5.5,1.2,1.1,4.0,5.8,9.4,2.9,4,3,↑,2028-2033,7.26,新西兰站点可靠性工程师(SRE)：薪资回报高，人才需求旺盛，远程友好度高,"New Zealand Site Reliability Engineer (SRE): high compensation, strong talent demand, highly remote-friendly",AI综合评估 + O*NET/ILO/OECD锚点校准,2026-04-13,2026-04-13,2000-2026
TECH-0109-ZA-general,信息技术与数字化,TECH,软件开发,站点可靠性工程师(SRE),Site Reliability Engineer (SRE),2522,15-1244.00,非洲,南非,ZA,country,general,本科,23-30,global,6.3,5.5,6.4,6.5,6.4,3.9,7.9,7.5,5.6,6.7,6.1,9.5,5.5,3.9,4.3,6.5,6.4,1.4,6.1,5.5,8.2,7.3,4.1,6.2,5.2,4.2,5.7,5.3,1.2,0.5,4.4,5.8,7.8,3.1,4,3,↑,2032-2038,6.21,南非站点可靠性工程师(SRE)：人才需求旺盛,South Africa Site Reliability Engineer (SRE): strong talent demand,AI综合评估 + O*NET/ILO/OECD锚点校准,2026-04-13,2026-04-13,2000-2026
TECH-0109-NG-general,信息技术与数字化,TECH,软件开发,站点可靠性工程师(SRE),Site Reliability Engineer (SRE),2522,15-1244.00,非洲,尼日利亚,NG,country,general,本科,23-30,global,6.0,5.6,6.0,6.2,5.4,4.1,6.5,5.5,3.5,5.9,4.6,9.5,4.7,2.7,4.3,6.9,6.0,2.2,5.7,5.3,8.5,6.8,3.6,5.2,5.0,1.8,4.9,5.8,0.6,0.3,5.0,5.4,7.4,3.9,3,2,↑,2028-2033,5.55,尼日利亚站点可靠性工程师(SRE)：薪资水平偏低，远程友好度高，加班文化严重,"Nigeria Site Reliability Engineer (SRE): relatively low pay, highly remote-friendly, heavy overtime culture",AI综合评估 + O*NET/ILO/OECD锚点校准,2026-04-13,2026-04-13,2000-2026
TECH-0109-KE-general,信息技术与数字化,TECH,软件开发,站点可靠性工程师(SRE),Site Reliability Engineer (SRE),2522,15-1244.00,非洲,肯尼亚,KE,country,general,本科,23-30,global,6.5,5.2,6.0,6.5,5.8,3.3,6.9,5.5,3.2,4.4,5.1,9.2,5.2,3.9,3.8,6.1,5.4,2.0,5.7,5.9,7.0,6.1,4.1,6.4,5.2,3.6,5.9,5.2,0.7,0.0,4.2,4.8,8.4,3.7,3,2,↑,2028-2033,5.6,肯尼亚站点可靠性工程师(SRE)：薪资水平偏低,Kenya Site Reliability Engineer (SRE): relatively low pay,AI综合评估 + O*NET/ILO/OECD锚点校准,2026-04-13,2026-04-13,2000-2026
TECH-0109-EG-general,信息技术与数字化,TECH,软件开发,站点可靠性工程师(SRE),Site Reliability Engineer (SRE),2522,15-1244.00,非洲,埃及,EG,country,general,本科,23-30,global,6.5,5.0,6.0,6.4,5.8,4.9,6.7,5.3,3.5,4.7,5.3,9.5,4.7,2.9,3.6,6.7,5.6,2.0,5.5,6.1,7.3,6.6,3.6,5.8,5.6,1.8,5.7,5.2,1.3,0.5,4.8,5.6,7.2,3.7,3,2,↑,2028-2033,5.55,埃及站点可靠性工程师(SRE)：薪资水平偏低，加班文化严重,"Egypt Site Reliability Engineer (SRE): relatively low pay, heavy overtime culture",AI综合评估 + O*NET/ILO/OECD锚点校准,2026-04-13,2026-04-13,2000-2026
TECH-0110-CN-general,信息技术与数字化,TECH,软件开发,低代码/无代码开发者,Low-Code/No-Code Developer,2514,15-1252.00,东亚,中国,CN,country,general,大专/自学,20-35,global,2.9,2.5,7.3,4.2,8.7,7.1,6.4,5.3,5.7,7.9,3.2,9.5,5.4,2.4,3.4,5.7,6.5,2.4,3.6,5.4,6.8,4.2,4.4,5.7,7.4,5.7,6.5,5.2,0.8,0.0,5.2,6.9,4.5,2.1,2,4,↑↑,2026-2030,5.87,中国低代码/无代码开发者：AI替代风险较高，加班文化严重，就业波动大,"China Low-Code/No-Code Developer: high AI displacement risk, heavy overtime culture, volatile employment",AI综合评估 + O*NET/ILO/OECD锚点校准,2026-04-13,2026-04-13,2000-2026
TECH-0110-JP-general,信息技术与数字化,TECH,软件开发,低代码/无代码开发者,Low-Code/No-Code Developer,2514,15-1252.00,东亚,日本,JP,country,general,大专/自学,20-35,global,2.8,2.5,5.9,4.8,7.1,6.9,5.4,4.7,6.0,7.9,5.7,9.7,5.7,3.4,4.1,5.7,6.1,2.9,3.5,5.8,6.8,5.7,5.2,5.1,8.2,5.4,7.3,5.2,0.2,0.1,5.2,7.5,4.9,2.9,2,3,↑,2026-2030,5.95,日本低代码/无代码开发者：AI替代风险较高，加班文化严重,"Japan Low-Code/No-Code Developer: high AI displacement risk, heavy overtime culture",AI综合评估 + O*NET/ILO/OECD锚点校准,2026-04-13,2026-04-13,2000-2026
TECH-0110-KR-general,信息技术与数字化,TECH,软件开发,低代码/无代码开发者,Low-Code/No-Code Developer,2514,15-1252.00,东亚,韩国,KR,country,general,大专/自学,20-35,global,2.3,2.5,6.3,4.8,6.9,5.7,6.2,4.3,6.6,7.9,5.4,9.5,5.7,2.9,4.6,4.7,5.3,2.7,3.4,5.6,7.4,5.9,4.2,5.7,7.2,5.1,7.3,4.7,0.2,0.1,5.2,7.3,5.1,3.1,2,3,↑,2026-2030,5.9,韩国低代码/无代码开发者：AI替代风险较高，加班文化严重,"South Korea Low-Code/No-Code Developer: high AI displacement risk, heavy overtime culture",AI综合评估 + O*NET/ILO/OECD锚点校准,2026-04-13,2026-04-13,2000-2026
TECH-0110-TW-general,信息技术与数字化,TECH,软件开发,低代码/无代码开发者,Low-Code/No-Code Developer,2514,15-1252.00,东亚,中国台湾地区,TW,region,general,大专/自学,20-35,global,2.5,2.3,5.3,4.5,6.9,4.9,5.6,4.9,4.8,7.1,5.2,9.2,6.9,4.2,4.9,5.3,5.5,2.9,3.1,4.6,6.5,6.2,5.2,4.9,7.4,7.2,6.7,4.9,0.7,0.0,5.4,7.1,6.1,3.7,2,3,↑,2026-2030,5.76,中国台湾地区低代码/无代码开发者：AI替代风险较高,Taiwan (China) Low-Code/No-Code Developer: high AI displacement risk,AI综合评估 + O*NET/ILO/OECD锚点校准,2026-04-13,2026-04-13,2000-2026
TECH-0110-HK-general,信息技术与数字化,TECH,软件开发,低代码/无代码开发者,Low-Code/No-Code Developer,2514,15-1252.00,东亚,中国香港地区,HK,region,general,大专/自学,20-35,global,2.8,2.6,5.1,5.1,6.1,3.9,5.0,2.7,7.5,7.1,5.7,9.5,5.7,3.9,4.1,5.5,4.5,3.3,2.9,4.8,7.4,5.2,5.4,4.9,7.0,7.5,7.1,5.0,0.8,0.2,4.8,7.3,8.5,2.9,2,3,↑,2025-2028,5.76,中国香港地区低代码/无代码开发者：AI替代风险较高,Hong Kong (China) Low-Code/No-Code Developer: high AI displacement risk,AI综合评估 + O*NET/ILO/OECD锚点校准,2026-04-13,2026-04-13,2000-2026
TECH-0110-SG-general,信息技术与数字化,TECH,软件开发,低代码/无代码开发者,Low-Code/No-Code Developer,2514,15-1252.00,东南亚,新加坡,SG,country,general,大专/自学,20-35,global,2.8,2.5,6.1,4.9,6.5,5.7,5.8,5.3,8.1,9.4,6.2,9.7,7.2,5.7,5.6,5.7,5.1,2.4,3.3,5.8,8.0,5.9,6.2,5.9,7.0,7.2,7.3,4.6,0.8,0.7,3.8,7.3,7.9,2.9,2,4,↑↑,2026-2030,6.47,新加坡低代码/无代码开发者：薪资回报高，AI替代风险较高，近年增长迅猛,"Singapore Low-Code/No-Code Developer: high compensation, high AI displacement risk, rapid recent growth",AI综合评估 + O*NET/ILO/OECD锚点校准,2026-04-13,2026-04-13,2000-2026
TECH-0110-TH-general,信息技术与数字化,TECH,软件开发,低代码/无代码开发者,Low-Code/No-Code Developer,2514,15-1252.00,东南亚,泰国,TH,country,general,大专/自学,20-35,global,2.8,2.9,4.5,4.2,5.3,4.9,5.0,2.9,1.2,5.1,3.9,9.5,7.4,6.7,6.6,5.1,4.9,3.2,2.6,3.2,6.8,5.2,5.4,5.3,7.0,5.7,7.1,4.9,0.4,0.0,4.4,7.7,5.3,3.3,2,3,↑,2025-2028,5.25,泰国低代码/无代码开发者：薪资水平偏低，AI替代风险较高，就业波动大,"Thailand Low-Code/No-Code Developer: relatively low pay, high AI displacement risk, volatile employment",AI综合评估 + O*NET/ILO/OECD锚点校准,2026-04-13,2026-04-13,2000-2026
TECH-0110-VN-general,信息技术与数字化,TECH,软件开发,低代码/无代码开发者,Low-Code/No-Code Developer,2514,15-1252.00,东南亚,越南,VN,country,general,大专/自学,20-35,global,2.5,2.6,4.3,4.6,5.3,5.3,4.0,3.5,1.2,5.1,3.7,9.7,6.9,4.7,5.1,5.3,5.1,3.0,3.0,3.4,7.1,5.9,5.9,5.1,7.0,6.9,7.1,5.2,0.1,0.1,4.6,7.5,5.7,2.7,2,3,↑,2026-2030,5.29,越南低代码/无代码开发者：薪资水平偏低，供过于求，AI替代风险较高,"Vietnam Low-Code/No-Code Developer: relatively low pay, oversupply of talent, high AI displacement risk",AI综合评估 + O*NET/ILO/OECD锚点校准,2026-04-13,2026-04-13,2000-2026
TECH-0110-ID-general,信息技术与数字化,TECH,软件开发,低代码/无代码开发者,Low-Code/No-Code Developer,2514,15-1252.00,东南亚,印度尼西亚,ID,country,general,大专/自学,20-35,global,2.5,2.6,4.7,4.0,5.7,5.7,4.2,3.9,1.8,4.6,3.9,9.7,6.9,5.7,6.1,4.5,4.7,3.2,2.9,3.2,7.1,6.4,5.7,4.3,7.4,4.8,6.5,4.7,0.1,0.0,5.0,7.5,5.1,3.7,2,3,↑,2025-2028,5.23,印度尼西亚低代码/无代码开发者：薪资水平偏低，AI替代风险较高，就业波动大,"Indonesia Low-Code/No-Code Developer: relatively low pay, high AI displacement risk, volatile employment",AI综合评估 + O*NET/ILO/OECD锚点校准,2026-04-13,2026-04-13,2000-2026
TECH-0110-MY-general,信息技术与数字化,TECH,软件开发,低代码/无代码开发者,Low-Code/No-Code Developer,2514,15-1252.00,东南亚,马来西亚,MY,country,general,大专/自学,20-35,global,2.8,2.6,4.7,4.6,5.3,4.3,4.4,3.1,3.3,5.6,4.4,9.7,6.9,6.4,5.4,5.5,4.1,2.9,3.0,4.4,7.7,6.4,6.7,5.1,6.6,5.7,6.9,4.9,0.2,0.1,4.6,7.1,5.9,3.1,2,3,↑,2026-2030,5.5,马来西亚低代码/无代码开发者：薪资水平偏低，AI替代风险较高,"Malaysia Low-Code/No-Code Developer: relatively low pay, high AI displacement risk",AI综合评估 + O*NET/ILO/OECD锚点校准,2026-04-13,2026-04-13,2000-2026
TECH-0110-PH-general,信息技术与数字化,TECH,软件开发,低代码/无代码开发者,Low-Code/No-Code Developer,2514,15-1252.00,东南亚,菲律宾,PH,country,general,大专/自学,20-35,global,2.3,2.0,4.7,4.0,5.1,4.1,4.6,3.1,1.2,4.9,2.9,9.5,5.7,5.4,5.4,5.3,4.5,2.9,2.7,3.4,8.9,5.7,5.2,4.7,6.6,6.9,6.3,4.7,0.5,0.4,5.0,7.9,6.5,2.9,2,3,↑,2025-2028,5.21,菲律宾低代码/无代码开发者：薪资水平偏低，AI替代风险较高，远程友好度高,"Philippines Low-Code/No-Code Developer: relatively low pay, high AI displacement risk, highly remote-friendly",AI综合评估 + O*NET/ILO/OECD锚点校准,2026-04-13,2026-04-13,2000-2026
TECH-0110-IN-general,信息技术与数字化,TECH,软件开发,低代码/无代码开发者,Low-Code/No-Code Developer,2514,15-1252.00,南亚,印度,IN,country,general,大专/自学,20-35,global,2.5,2.3,6.5,4.0,7.5,6.5,5.0,4.9,3.3,6.9,4.7,9.7,6.2,4.9,5.1,5.7,5.9,2.7,2.9,4.4,10.0,5.7,4.7,5.7,8.0,5.4,7.1,4.7,0.4,0.4,5.4,7.1,7.3,2.9,2,3,↑,2025-2028,5.89,印度低代码/无代码开发者：薪资水平偏低，AI替代风险较高，远程友好度高,"India Low-Code/No-Code Developer: relatively low pay, high AI displacement risk, highly remote-friendly",AI综合评估 + O*NET/ILO/OECD锚点校准,2026-04-13,2026-04-13,2000-2026
TECH-0110-PK-general,信息技术与数字化,TECH,软件开发,低代码/无代码开发者,Low-Code/No-Code Developer,2514,15-1252.00,南亚,巴基斯坦,PK,country,general,大专/自学,20-35,global,2.3,2.2,3.9,3.4,5.3,3.7,3.2,2.1,0.9,4.9,2.9,9.2,5.7,4.9,5.4,4.1,4.9,3.8,2.7,3.2,9.2,5.4,4.2,4.7,6.6,2.1,6.5,5.5,0.4,0.0,6.0,7.5,4.9,3.9,1,2,↑,2025-2028,4.74,巴基斯坦低代码/无代码开发者：薪资水平偏低，供过于求，AI替代风险较高,"Pakistan Low-Code/No-Code Developer: relatively low pay, oversupply of talent, high AI displacement risk",AI综合评估 + O*NET/ILO/OECD锚点校准,2026-04-13,2026-04-13,2000-2026
TECH-0110-BD-general,信息技术与数字化,TECH,软件开发,低代码/无代码开发者,Low-Code/No-Code Developer,2514,15-1252.00,南亚,孟加拉国,BD,country,general,大专/自学,20-35,global,2.2,2.2,3.7,3.7,4.3,4.1,3.6,1.5,0.0,2.9,2.7,9.2,6.9,4.7,5.6,3.9,3.9,3.3,3.1,2.6,7.7,5.7,4.7,4.5,6.4,2.7,5.5,4.6,0.4,0.2,5.0,8.1,4.9,3.3,1,2,↑,2026-2030,4.59,孟加拉国低代码/无代码开发者：薪资水平偏低，供过于求，AI替代风险较高,"Bangladesh Low-Code/No-Code Developer: relatively low pay, oversupply of talent, high AI displacement risk",AI综合评估 + O*NET/ILO/OECD锚点校准,2026-04-13,2026-04-13,2000-2026
TECH-0110-AE-general,信息技术与数字化,TECH,软件开发,低代码/无代码开发者,Low-Code/No-Code Developer,2514,15-1252.00,中亚/西亚,阿联酋,AE,country,general,大专/自学,20-35,global,2.3,3.1,5.3,4.9,5.9,5.1,5.0,5.1,7.8,7.9,5.7,10.0,6.9,5.7,5.1,5.7,5.3,2.7,3.0,6.0,7.7,5.7,6.7,5.3,7.0,6.0,6.9,4.9,0.4,0.0,5.0,6.9,7.5,3.5,2,3,↑,2026-2030,6.15,阿联酋低代码/无代码开发者：AI替代风险较高,United Arab Emirates Low-Code/No-Code Developer: high AI displacement risk,AI综合评估 + O*NET/ILO/OECD锚点校准,2026-04-13,2026-04-13,2000-2026
TECH-0110-IL-general,信息技术与数字化,TECH,软件开发,低代码/无代码开发者,Low-Code/No-Code Developer,2514,15-1252.00,中亚/西亚,以色列,IL,country,general,大专/自学,20-35,global,2.5,2.5,6.7,4.5,7.3,6.1,6.6,4.9,8.1,9.1,4.2,9.2,6.4,6.2,6.6,5.3,5.3,2.6,3.6,6.4,9.2,6.7,7.2,5.1,7.6,7.2,7.7,4.6,0.4,0.2,5.4,7.5,7.9,3.1,2,4,↑↑,2026-2030,6.55,以色列低代码/无代码开发者：薪资回报高，AI替代风险较高，远程友好度高,"Israel Low-Code/No-Code Developer: high compensation, high AI displacement risk, highly remote-friendly",AI综合评估 + O*NET/ILO/OECD锚点校准,2026-04-13,2026-04-13,2000-2026
TECH-0110-SA-general,信息技术与数字化,TECH,软件开发,低代码/无代码开发者,Low-Code/No-Code Developer,2514,15-1252.00,中亚/西亚,沙特阿拉伯,SA,country,general,大专/自学,20-35,global,2.9,2.2,4.1,4.8,5.5,4.3,5.4,3.3,6.0,6.6,4.9,9.2,7.2,4.9,5.4,5.1,5.1,3.0,2.6,4.8,5.9,4.9,5.9,5.3,7.2,4.2,6.3,5.3,0.1,0.0,5.2,7.1,5.1,2.9,2,3,↑,2025-2028,5.52,沙特阿拉伯低代码/无代码开发者：AI替代风险较高,Saudi Arabia Low-Code/No-Code Developer: high AI displacement risk,AI综合评估 + O*NET/ILO/OECD锚点校准,2026-04-13,2026-04-13,2000-2026
TECH-0110-TR-general,信息技术与数字化,TECH,软件开发,低代码/无代码开发者,Low-Code/No-Code Developer,2514,15-1252.00,中亚/西亚,土耳其,TR,country,general,大专/自学,20-35,global,2.6,2.5,5.3,4.5,5.9,5.9,4.4,3.1,1.5,5.9,2.9,9.0,6.4,5.7,5.6,5.3,5.1,3.3,3.3,4.2,6.8,5.9,5.2,5.3,7.2,4.5,6.3,5.3,0.1,0.0,5.4,7.9,5.3,3.5,2,3,↑,2026-2030,5.29,土耳其低代码/无代码开发者：薪资水平偏低，AI替代风险较高，就业波动大,"Turkey Low-Code/No-Code Developer: relatively low pay, high AI displacement risk, volatile employment",AI综合评估 + O*NET/ILO/OECD锚点校准,2026-04-13,2026-04-13,2000-2026
TECH-0110-GB-general,信息技术与数字化,TECH,软件开发,低代码/无代码开发者,Low-Code/No-Code Developer,2514,15-1252.00,西欧,英国,GB,country,general,大专/自学,20-35,global,2.9,3.1,6.9,5.1,8.1,6.5,5.4,4.3,8.4,8.6,4.7,9.5,7.9,7.4,7.1,6.1,5.5,2.4,3.4,5.6,10.0,7.4,7.9,5.3,8.4,8.1,7.7,5.3,0.5,0.1,4.4,7.9,8.3,2.9,2,4,↑↑,2026-2030,6.78,英国低代码/无代码开发者：薪资回报高，AI替代风险较高，远程友好度高,"United Kingdom Low-Code/No-Code Developer: high compensation, high AI displacement risk, highly remote-friendly",AI综合评估 + O*NET/ILO/OECD锚点校准,2026-04-13,2026-04-13,2000-2026
TECH-0110-FR-general,信息技术与数字化,TECH,软件开发,低代码/无代码开发者,Low-Code/No-Code Developer,2514,15-1252.00,西欧,法国,FR,country,general,大专/自学,20-35,global,2.6,2.2,5.3,5.2,6.7,5.9,6.0,4.5,5.7,7.4,5.2,9.7,8.7,8.7,7.1,4.9,5.7,2.7,2.9,5.4,8.6,6.7,8.9,4.9,7.8,8.1,7.3,5.5,0.5,0.5,5.0,7.5,6.7,2.3,2,3,↑,2025-2028,6.42,法国低代码/无代码开发者：AI替代风险较高，远程友好度高，工作时间规律,"France Low-Code/No-Code Developer: high AI displacement risk, highly remote-friendly, regular working hours",AI综合评估 + O*NET/ILO/OECD锚点校准,2026-04-13,2026-04-13,2000-2026
TECH-0110-DE-general,信息技术与数字化,TECH,软件开发,低代码/无代码开发者,Low-Code/No-Code Developer,2514,15-1252.00,西欧,德国,DE,country,general,大专/自学,20-35,global,2.8,2.5,5.7,5.1,7.9,5.9,5.8,4.5,6.6,7.9,6.7,9.7,8.4,8.7,7.6,5.3,5.5,2.7,3.4,5.2,9.5,6.2,8.7,5.3,7.8,8.1,8.1,5.2,0.5,0.7,4.6,7.9,7.1,2.5,2,3,↑,2026-2030,6.66,德国低代码/无代码开发者：AI替代风险较高，远程友好度高，工作时间规律,"Germany Low-Code/No-Code Developer: high AI displacement risk, highly remote-friendly, regular working hours",AI综合评估 + O*NET/ILO/OECD锚点校准,2026-04-13,2026-04-13,2000-2026
TECH-0110-NL-general,信息技术与数字化,TECH,软件开发,低代码/无代码开发者,Low-Code/No-Code Developer,2514,15-1252.00,西欧,荷兰,NL,country,general,大专/自学,20-35,global,2.9,2.5,6.3,4.9,6.5,5.7,6.0,4.5,6.6,7.9,6.2,10.0,8.4,9.9,8.1,5.5,5.5,2.7,2.9,5.2,10.0,7.2,9.4,5.1,7.8,9.9,8.5,5.3,0.5,0.0,5.0,8.3,8.1,3.5,2,3,↑,2025-2028,6.78,荷兰低代码/无代码开发者：AI替代风险较高，远程友好度高，工作时间规律,"Netherlands Low-Code/No-Code Developer: high AI displacement risk, highly remote-friendly, regular working hours",AI综合评估 + O*NET/ILO/OECD锚点校准,2026-04-13,2026-04-13,2000-2026
TECH-0110-CH-general,信息技术与数字化,TECH,软件开发,低代码/无代码开发者,Low-Code/No-Code Developer,2514,15-1252.00,西欧,瑞士,CH,country,general,大专/自学,20-35,global,3.2,2.9,5.9,5.4,6.1,5.1,5.6,4.9,9.6,9.4,7.9,10.0,8.2,7.4,7.6,5.9,5.7,2.4,2.9,5.6,8.6,7.2,8.2,4.7,7.0,8.1,7.9,5.0,0.5,0.1,4.2,8.3,7.5,3.7,2,3,↑,2025-2028,6.8,瑞士低代码/无代码开发者：薪资回报高，AI替代风险较高，远程友好度高,"Switzerland Low-Code/No-Code Developer: high compensation, high AI displacement risk, highly remote-friendly",AI综合评估 + O*NET/ILO/OECD锚点校准,2026-04-13,2026-04-13,2000-2026
TECH-0110-SE-general,信息技术与数字化,TECH,软件开发,低代码/无代码开发者,Low-Code/No-Code Developer,2514,15-1252.00,北欧,瑞典,SE,country,general,大专/自学,20-35,global,2.9,2.5,5.3,4.9,6.3,4.9,6.2,5.3,6.9,7.1,5.9,9.7,9.2,10.0,8.6,4.9,4.9,2.7,3.4,5.6,10.0,7.2,9.7,5.5,7.2,10.0,7.7,5.5,0.7,0.5,4.4,8.1,7.7,3.1,2,3,↑,2026-2030,6.75,瑞典低代码/无代码开发者：AI替代风险较高，远程友好度高，工作时间规律,"Sweden Low-Code/No-Code Developer: high AI displacement risk, highly remote-friendly, regular working hours",AI综合评估 + O*NET/ILO/OECD锚点校准,2026-04-13,2026-04-13,2000-2026
TECH-0110-DK-general,信息技术与数字化,TECH,软件开发,低代码/无代码开发者,Low-Code/No-Code Developer,2514,15-1252.00,北欧,丹麦,DK,country,general,大专/自学,20-35,global,3.1,3.1,5.1,5.4,5.7,3.9,6.0,4.5,6.0,7.4,5.9,9.7,8.9,10.0,8.4,5.9,5.1,2.4,2.9,4.8,10.0,6.9,9.4,5.5,7.0,10.0,7.5,5.2,1.0,0.7,4.8,8.1,7.9,3.1,2,3,↑,2025-2028,6.57,丹麦低代码/无代码开发者：AI替代风险较高，远程友好度高，工作时间规律,"Denmark Low-Code/No-Code Developer: high AI displacement risk, highly remote-friendly, regular working hours",AI综合评估 + O*NET/ILO/OECD锚点校准,2026-04-13,2026-04-13,2000-2026
TECH-0110-FI-general,信息技术与数字化,TECH,软件开发,低代码/无代码开发者,Low-Code/No-Code Developer,2514,15-1252.00,北欧,芬兰,FI,country,general,大专/自学,20-35,global,2.3,2.5,5.3,4.9,5.7,4.1,5.4,5.3,5.1,7.1,5.4,9.7,8.7,10.0,8.6,4.9,5.5,2.7,3.1,5.6,10.0,7.9,8.7,4.9,6.6,10.0,8.1,5.0,0.4,0.2,4.0,8.7,7.1,2.7,2,3,↑,2026-2030,6.56,芬兰低代码/无代码开发者：AI替代风险较高，远程友好度高，工作时间规律,"Finland Low-Code/No-Code Developer: high AI displacement risk, highly remote-friendly, regular working hours",AI综合评估 + O*NET/ILO/OECD锚点校准,2026-04-13,2026-04-13,2000-2026
TECH-0110-IT-general,信息技术与数字化,TECH,软件开发,低代码/无代码开发者,Low-Code/No-Code Developer,2514,15-1252.00,南欧,意大利,IT,country,general,大专/自学,20-35,global,2.8,2.8,5.1,4.8,6.7,5.3,4.4,3.5,4.8,6.6,4.9,9.5,6.9,6.2,6.4,4.9,5.7,3.2,3.1,4.4,6.8,5.4,6.9,5.1,7.2,6.3,6.7,5.5,0.4,0.0,5.0,6.9,6.5,3.3,2,3,↑,2026-2030,5.75,意大利低代码/无代码开发者：AI替代风险较高,Italy Low-Code/No-Code Developer: high AI displacement risk,AI综合评估 + O*NET/ILO/OECD锚点校准,2026-04-13,2026-04-13,2000-2026
TECH-0110-ES-general,信息技术与数字化,TECH,软件开发,低代码/无代码开发者,Low-Code/No-Code Developer,2514,15-1252.00,南欧,西班牙,ES,country,general,大专/自学,20-35,global,2.8,2.3,5.3,4.5,6.3,4.5,5.4,3.1,4.5,6.1,3.9,9.5,7.4,6.4,6.4,4.5,4.5,3.2,3.4,4.6,8.6,5.7,7.9,4.9,7.2,6.9,6.7,5.3,0.5,0.4,5.6,7.1,6.7,2.9,2,3,↑,2026-2030,5.77,西班牙低代码/无代码开发者：薪资水平偏低，AI替代风险较高，远程友好度高,"Spain Low-Code/No-Code Developer: relatively low pay, high AI displacement risk, highly remote-friendly",AI综合评估 + O*NET/ILO/OECD锚点校准,2026-04-13,2026-04-13,2000-2026
TECH-0110-PT-general,信息技术与数字化,TECH,软件开发,低代码/无代码开发者,Low-Code/No-Code Developer,2514,15-1252.00,南欧,葡萄牙,PT,country,general,大专/自学,20-35,global,2.2,2.8,4.1,4.6,5.3,3.9,4.6,2.9,3.3,5.9,4.7,9.5,7.2,6.9,7.1,5.1,4.9,3.0,2.9,4.4,9.5,5.7,7.9,5.5,6.4,8.7,7.5,5.3,0.4,0.4,5.4,7.3,6.9,3.3,2,3,↑,2025-2028,5.74,葡萄牙低代码/无代码开发者：薪资水平偏低，AI替代风险较高，远程友好度高,"Portugal Low-Code/No-Code Developer: relatively low pay, high AI displacement risk, highly remote-friendly",AI综合评估 + O*NET/ILO/OECD锚点校准,2026-04-13,2026-04-13,2000-2026
TECH-0110-PL-general,信息技术与数字化,TECH,软件开发,低代码/无代码开发者,Low-Code/No-Code Developer,2514,15-1252.00,东欧,波兰,PL,country,general,大专/自学,20-35,global,2.6,2.6,5.3,4.8,5.9,5.1,4.8,3.3,3.6,5.9,4.4,9.5,7.7,6.2,6.4,4.9,5.1,3.0,2.9,4.6,10.0,5.9,8.2,5.5,7.2,6.9,6.9,5.0,1.0,0.5,4.4,8.3,7.5,2.9,2,3,↑,2025-2028,5.88,波兰低代码/无代码开发者：薪资水平偏低，AI替代风险较高，远程友好度高,"Poland Low-Code/No-Code Developer: relatively low pay, high AI displacement risk, highly remote-friendly",AI综合评估 + O*NET/ILO/OECD锚点校准,2026-04-13,2026-04-13,2000-2026
TECH-0110-CZ-general,信息技术与数字化,TECH,软件开发,低代码/无代码开发者,Low-Code/No-Code Developer,2514,15-1252.00,东欧,捷克,CZ,country,general,大专/自学,20-35,global,3.1,2.6,5.3,5.2,5.5,4.9,5.2,3.7,3.6,7.1,5.9,9.7,6.9,7.7,7.6,5.3,5.1,3.0,3.0,4.8,8.6,6.2,7.4,5.5,7.2,7.8,7.9,5.0,0.4,0.2,4.6,7.9,6.7,2.7,2,3,↑,2026-2030,6.05,捷克低代码/无代码开发者：薪资水平偏低，AI替代风险较高，远程友好度高,"Czech Republic Low-Code/No-Code Developer: relatively low pay, high AI displacement risk, highly remote-friendly",AI综合评估 + O*NET/ILO/OECD锚点校准,2026-04-13,2026-04-13,2000-2026
TECH-0110-RU-general,信息技术与数字化,TECH,软件开发,低代码/无代码开发者,Low-Code/No-Code Developer,2514,15-1252.00,东欧,俄罗斯,RU,country,general,大专/自学,20-35,global,2.9,2.3,5.5,4.2,6.5,4.7,5.4,2.9,3.3,6.6,2.7,9.0,7.2,5.9,5.6,5.1,5.1,2.7,3.3,4.8,8.9,5.2,6.7,4.5,7.0,6.0,7.3,4.9,0.8,0.0,5.6,7.1,4.5,2.9,2,3,↑,2026-2030,5.56,俄罗斯低代码/无代码开发者：薪资水平偏低，AI替代风险较高，远程友好度高,"Russia Low-Code/No-Code Developer: relatively low pay, high AI displacement risk, highly remote-friendly",AI综合评估 + O*NET/ILO/OECD锚点校准,2026-04-13,2026-04-13,2000-2026
TECH-0110-US-general,信息技术与数字化,TECH,软件开发,低代码/无代码开发者,Low-Code/No-Code Developer,2514,15-1252.00,北美,美国,US,country,general,大专/自学,20-35,global,2.8,3.1,6.9,4.2,8.9,7.9,6.2,4.9,9.9,9.1,4.4,9.2,6.4,4.7,5.6,6.1,6.1,2.7,3.4,6.8,10.0,6.9,6.7,5.7,7.6,8.1,7.1,5.2,0.4,0.1,4.6,8.1,7.1,2.7,2,4,↑↑,2026-2030,6.72,美国低代码/无代码开发者：薪资回报高，AI替代风险较高，远程友好度高,"United States Low-Code/No-Code Developer: high compensation, high AI displacement risk, highly remote-friendly",AI综合评估 + O*NET/ILO/OECD锚点校准,2026-04-13,2026-04-13,2000-2026
TECH-0110-CA-general,信息技术与数字化,TECH,软件开发,低代码/无代码开发者,Low-Code/No-Code Developer,2514,15-1252.00,北美,加拿大,CA,country,general,大专/自学,20-35,global,2.8,2.6,5.5,4.8,6.5,6.3,5.8,5.3,7.5,8.1,5.9,9.7,7.4,7.4,6.6,5.7,5.7,2.4,2.9,6.0,10.0,7.4,7.7,4.9,8.0,8.7,6.9,5.2,0.4,0.1,4.0,8.3,8.1,3.5,2,4,↑↑,2025-2028,6.64,加拿大低代码/无代码开发者：AI替代风险较高，远程友好度高，近年增长迅猛,"Canada Low-Code/No-Code Developer: high AI displacement risk, highly remote-friendly, rapid recent growth",AI综合评估 + O*NET/ILO/OECD锚点校准,2026-04-13,2026-04-13,2000-2026
TECH-0110-MX-general,信息技术与数字化,TECH,软件开发,低代码/无代码开发者,Low-Code/No-Code Developer,2514,15-1252.00,北美,墨西哥,MX,country,general,大专/自学,20-35,global,2.0,2.0,4.5,4.0,5.9,5.1,5.0,2.9,3.3,5.1,3.7,9.5,6.9,4.9,5.1,4.3,5.1,3.2,2.5,3.6,8.0,5.7,6.2,4.7,6.6,4.8,6.9,4.6,0.4,0.0,4.8,7.9,5.9,2.7,2,3,↑,2025-2028,5.34,墨西哥低代码/无代码开发者：薪资水平偏低，AI替代风险较高，就业波动大,"Mexico Low-Code/No-Code Developer: relatively low pay, high AI displacement risk, volatile employment",AI综合评估 + O*NET/ILO/OECD锚点校准,2026-04-13,2026-04-13,2000-2026
TECH-0110-BR-general,信息技术与数字化,TECH,软件开发,低代码/无代码开发者,Low-Code/No-Code Developer,2514,15-1252.00,南美,巴西,BR,country,general,大专/自学,20-35,global,2.5,2.5,5.9,4.6,7.1,6.7,5.0,2.7,3.3,6.6,4.4,9.5,7.7,5.2,5.4,5.5,4.7,3.2,3.0,3.8,9.2,5.4,5.9,5.1,7.8,6.3,7.3,4.9,0.7,0.2,5.2,7.7,5.5,2.9,2,3,↑,2026-2030,5.69,巴西低代码/无代码开发者：薪资水平偏低，AI替代风险较高，远程友好度高,"Brazil Low-Code/No-Code Developer: relatively low pay, high AI displacement risk, highly remote-friendly",AI综合评估 + O*NET/ILO/OECD锚点校准,2026-04-13,2026-04-13,2000-2026
TECH-0110-AR-general,信息技术与数字化,TECH,软件开发,低代码/无代码开发者,Low-Code/No-Code Developer,2514,15-1252.00,南美,阿根廷,AR,country,general,大专/自学,20-35,global,2.3,2.3,4.7,3.9,5.7,3.9,5.2,3.3,1.2,5.1,2.7,9.0,6.4,5.7,5.6,4.1,4.5,2.9,2.6,3.6,8.3,6.4,5.7,4.9,6.4,6.9,6.3,5.2,0.1,0.0,5.6,7.5,5.1,3.1,2,3,↑,2025-2028,5.2,阿根廷低代码/无代码开发者：薪资水平偏低，AI替代风险较高，就业波动大,"Argentina Low-Code/No-Code Developer: relatively low pay, high AI displacement risk, volatile employment",AI综合评估 + O*NET/ILO/OECD锚点校准,2026-04-13,2026-04-13,2000-2026
TECH-0110-CL-general,信息技术与数字化,TECH,软件开发,低代码/无代码开发者,Low-Code/No-Code Developer,2514,15-1252.00,南美,智利,CL,country,general,大专/自学,20-35,global,2.5,2.8,3.9,4.9,5.3,4.1,4.6,3.9,3.9,5.6,4.2,9.7,6.9,5.7,6.9,4.3,4.5,3.3,2.5,3.6,8.6,5.9,6.2,5.1,6.6,6.6,6.9,4.7,0.2,0.2,5.2,6.9,6.1,2.9,2,3,↑,2025-2028,5.47,智利低代码/无代码开发者：薪资水平偏低，AI替代风险较高，远程友好度高,"Chile Low-Code/No-Code Developer: relatively low pay, high AI displacement risk, highly remote-friendly",AI综合评估 + O*NET/ILO/OECD锚点校准,2026-04-13,2026-04-13,2000-2026
TECH-0110-CO-general,信息技术与数字化,TECH,软件开发,低代码/无代码开发者,Low-Code/No-Code Developer,2514,15-1252.00,南美,哥伦比亚,CO,country,general,大专/自学,20-35,global,2.0,2.8,4.5,4.6,5.7,4.1,4.8,3.3,2.4,4.9,3.4,9.5,6.4,5.4,5.9,5.3,4.1,3.2,3.1,3.6,8.0,6.2,5.2,4.3,6.2,5.7,6.3,4.9,0.8,0.0,5.6,7.1,4.7,3.5,2,3,↑,2026-2030,5.2,哥伦比亚低代码/无代码开发者：薪资水平偏低，AI替代风险较高，就业波动大,"Colombia Low-Code/No-Code Developer: relatively low pay, high AI displacement risk, volatile employment",AI综合评估 + O*NET/ILO/OECD锚点校准,2026-04-13,2026-04-13,2000-2026
TECH-0110-AU-general,信息技术与数字化,TECH,软件开发,低代码/无代码开发者,Low-Code/No-Code Developer,2514,15-1252.00,大洋洲,澳大利亚,AU,country,general,大专/自学,20-35,global,2.3,2.6,5.5,4.9,7.1,5.7,6.2,4.5,7.2,8.4,6.2,9.5,7.9,7.9,6.9,5.3,5.5,2.4,3.1,6.0,10.0,6.4,7.7,5.7,7.8,9.9,7.1,5.5,0.8,0.2,4.2,8.3,7.1,3.3,2,3,↑,2026-2030,6.67,澳大利亚低代码/无代码开发者：AI替代风险较高，远程友好度高，工作时间规律,"Australia Low-Code/No-Code Developer: high AI displacement risk, highly remote-friendly, regular working hours",AI综合评估 + O*NET/ILO/OECD锚点校准,2026-04-13,2026-04-13,2000-2026
TECH-0110-NZ-general,信息技术与数字化,TECH,软件开发,低代码/无代码开发者,Low-Code/No-Code Developer,2514,15-1252.00,大洋洲,新西兰,NZ,country,general,大专/自学,20-35,global,2.8,2.8,4.9,4.6,5.7,4.7,5.0,3.3,5.7,6.9,5.9,9.7,7.9,8.7,7.1,4.7,5.1,2.7,3.0,5.2,9.5,7.7,8.7,4.9,6.6,9.3,8.1,4.9,0.7,0.2,4.4,7.5,7.9,2.7,2,3,↑,2026-2030,6.29,新西兰低代码/无代码开发者：AI替代风险较高，远程友好度高，工作时间规律,"New Zealand Low-Code/No-Code Developer: high AI displacement risk, highly remote-friendly, regular working hours",AI综合评估 + O*NET/ILO/OECD锚点校准,2026-04-13,2026-04-13,2000-2026
TECH-0110-ZA-general,信息技术与数字化,TECH,软件开发,低代码/无代码开发者,Low-Code/No-Code Developer,2514,15-1252.00,非洲,南非,ZA,country,general,大专/自学,20-35,global,2.3,2.3,4.5,4.5,5.5,3.9,3.8,3.1,1.8,5.4,2.9,9.5,6.4,6.4,6.1,4.3,4.9,3.0,2.7,3.6,7.4,5.4,5.4,5.1,6.0,5.7,6.3,4.9,0.4,0.0,5.0,7.7,4.7,3.7,2,3,↑,2025-2028,5.15,南非低代码/无代码开发者：薪资水平偏低，供过于求，AI替代风险较高,"South Africa Low-Code/No-Code Developer: relatively low pay, oversupply of talent, high AI displacement risk",AI综合评估 + O*NET/ILO/OECD锚点校准,2026-04-13,2026-04-13,2000-2026
TECH-0110-NG-general,信息技术与数字化,TECH,软件开发,低代码/无代码开发者,Low-Code/No-Code Developer,2514,15-1252.00,非洲,尼日利亚,NG,country,general,大专/自学,20-35,global,2.2,2.3,4.1,3.7,4.7,4.7,4.2,1.7,0.9,4.1,2.4,9.2,6.2,5.7,5.9,4.3,4.5,3.2,2.5,3.0,7.1,6.2,4.7,4.3,6.0,4.8,6.5,4.7,0.2,0.0,5.6,7.1,5.3,3.5,1,2,↑,2025-2028,4.8,尼日利亚低代码/无代码开发者：薪资水平偏低，AI替代风险较高，就业波动大,"Nigeria Low-Code/No-Code Developer: relatively low pay, high AI displacement risk, volatile employment",AI综合评估 + O*NET/ILO/OECD锚点校准,2026-04-13,2026-04-13,2000-2026
TECH-0110-KE-general,信息技术与数字化,TECH,软件开发,低代码/无代码开发者,Low-Code/No-Code Developer,2514,15-1252.00,非洲,肯尼亚,KE,country,general,大专/自学,20-35,global,2.8,2.0,4.5,4.2,4.5,3.3,3.8,1.3,0.0,4.4,3.4,9.0,5.9,6.4,5.4,4.9,3.9,3.6,3.0,2.8,8.0,4.7,4.9,4.7,6.6,4.2,6.9,4.6,1.0,0.0,5.0,7.3,5.3,3.3,1,2,↑,2026-2030,4.78,肯尼亚低代码/无代码开发者：薪资水平偏低，供过于求，AI替代风险较高,"Kenya Low-Code/No-Code Developer: relatively low pay, oversupply of talent, high AI displacement risk",AI综合评估 + O*NET/ILO/OECD锚点校准,2026-04-13,2026-04-13,2000-2026
TECH-0110-EG-general,信息技术与数字化,TECH,软件开发,低代码/无代码开发者,Low-Code/No-Code Developer,2514,15-1252.00,非洲,埃及,EG,country,general,大专/自学,20-35,global,2.0,2.0,3.5,3.9,5.1,4.9,4.2,1.1,0.0,3.4,2.4,9.2,6.4,5.4,4.9,4.3,4.5,3.5,2.9,3.0,6.8,5.7,4.9,5.1,6.6,2.7,5.9,5.0,0.7,0.0,6.0,7.1,5.3,3.3,1,2,↑,2025-2028,4.65,埃及低代码/无代码开发者：薪资水平偏低，AI替代风险较高，就业波动大,"Egypt Low-Code/No-Code Developer: relatively low pay, high AI displacement risk, volatile employment",AI综合评估 + O*NET/ILO/OECD锚点校准,2026-04-13,2026-04-13,2000-2026
TECH-0111-CN-general,信息技术与数字化,TECH,软件开发,游戏服务器工程师,Game Server Engineer,2514,15-1252.00,东亚,中国,CN,country,general,本科,21-28,global,5.7,5.4,7.7,6.0,8.0,7.0,7.0,6.5,9.5,7.4,3.4,9.7,5.0,0.4,1.7,7.1,6.3,2.0,5.8,6.4,6.3,4.8,2.2,7.4,7.2,4.0,4.3,5.8,1.3,0.6,7.0,4.5,5.6,2.6,3,2,↑,2028-2033,5.95,中国游戏服务器工程师：薪资回报高，加班文化严重，就业波动大,"China Game Server Engineer: high compensation, heavy overtime culture, volatile employment",AI综合评估 + O*NET/ILO/OECD锚点校准,2026-04-13,2026-04-13,2000-2026
TECH-0111-JP-general,信息技术与数字化,TECH,软件开发,游戏服务器工程师,Game Server Engineer,2514,15-1252.00,东亚,日本,JP,country,general,本科,21-28,global,6.0,5.4,7.5,6.7,6.8,6.4,6.8,7.1,8.0,6.9,5.9,9.7,5.0,1.9,3.2,6.7,6.1,2.1,5.9,6.4,7.5,6.0,2.2,7.8,7.4,4.0,5.3,5.5,1.0,0.8,6.2,4.9,5.4,3.6,3,1,→,2028-2033,6.09,日本游戏服务器工程师：薪资回报高，加班文化严重,"Japan Game Server Engineer: high compensation, heavy overtime culture",AI综合评估 + O*NET/ILO/OECD锚点校准,2026-04-13,2026-04-13,2000-2026
TECH-0111-KR-general,信息技术与数字化,TECH,软件开发,游戏服务器工程师,Game Server Engineer,2514,15-1252.00,东亚,韩国,KR,country,general,本科,21-28,global,6.1,5.4,7.1,6.3,6.6,5.4,6.6,7.5,8.3,6.9,5.6,9.4,5.0,0.0,2.0,6.7,6.5,2.3,5.8,6.6,6.3,5.5,2.2,7.0,6.2,2.8,4.5,5.7,1.3,0.9,6.2,5.9,6.6,3.8,3,1,→,2028-2033,5.86,韩国游戏服务器工程师：薪资回报高，加班文化严重,"South Korea Game Server Engineer: high compensation, heavy overtime culture",AI综合评估 + O*NET/ILO/OECD锚点校准,2026-04-13,2026-04-13,2000-2026
TECH-0111-TW-general,信息技术与数字化,TECH,软件开发,游戏服务器工程师,Game Server Engineer,2514,15-1252.00,东亚,中国台湾地区,TW,region,general,本科,21-28,global,6.0,5.2,6.5,6.0,6.0,4.6,7.0,6.9,6.5,5.9,4.6,9.4,5.7,1.9,3.2,6.5,5.5,2.3,5.2,6.4,6.0,4.8,2.7,7.0,6.2,4.0,5.3,5.2,1.3,0.8,6.0,4.9,6.8,3.8,3,1,→,2028-2033,5.66,中国台湾地区游戏服务器工程师：加班文化严重,Taiwan (China) Game Server Engineer: heavy overtime culture,AI综合评估 + O*NET/ILO/OECD锚点校准,2026-04-13,2026-04-13,2000-2026
TECH-0111-HK-general,信息技术与数字化,TECH,软件开发,游戏服务器工程师,Game Server Engineer,2514,15-1252.00,东亚,中国香港地区,HK,region,general,本科,21-28,global,6.6,5.2,6.5,6.4,5.8,3.6,6.6,4.9,7.7,7.6,5.6,9.4,4.7,1.4,2.0,6.3,5.7,2.4,5.4,6.0,7.2,5.3,2.7,7.4,5.8,5.5,4.1,5.4,0.8,0.2,6.0,5.1,9.6,4.2,3,1,→,2028-2033,5.78,中国香港地区游戏服务器工程师：加班文化严重,Hong Kong (China) Game Server Engineer: heavy overtime culture,AI综合评估 + O*NET/ILO/OECD锚点校准,2026-04-13,2026-04-13,2000-2026
TECH-0111-SG-general,信息技术与数字化,TECH,软件开发,游戏服务器工程师,Game Server Engineer,2514,15-1252.00,东南亚,新加坡,SG,country,general,本科,21-28,global,6.3,5.5,6.7,6.4,6.0,4.6,7.0,6.9,9.8,8.1,6.6,9.7,6.5,2.9,4.0,6.1,6.1,2.1,5.4,6.8,7.5,5.8,3.7,7.4,6.8,5.8,5.7,5.2,1.3,1.1,6.6,5.1,9.6,3.0,3,2,↑,2028-2033,6.37,新加坡游戏服务器工程师：薪资回报高，加班文化严重,"Singapore Game Server Engineer: high compensation, heavy overtime culture",AI综合评估 + O*NET/ILO/OECD锚点校准,2026-04-13,2026-04-13,2000-2026
TECH-0111-TH-general,信息技术与数字化,TECH,软件开发,游戏服务器工程师,Game Server Engineer,2514,15-1252.00,东南亚,泰国,TH,country,general,本科,21-28,global,6.1,5.2,5.3,5.8,4.8,3.8,5.4,4.7,4.4,3.6,3.9,9.2,6.2,3.4,5.0,5.3,4.7,2.4,5.2,4.2,6.3,5.3,2.9,6.8,5.6,4.3,5.1,5.1,0.5,0.5,6.6,4.9,5.6,3.6,3,1,→,2028-2033,5.12,泰国游戏服务器工程师：薪资水平偏低，加班文化严重，就业波动大,"Thailand Game Server Engineer: relatively low pay, heavy overtime culture, volatile employment",AI综合评估 + O*NET/ILO/OECD锚点校准,2026-04-13,2026-04-13,2000-2026
TECH-0111-VN-general,信息技术与数字化,TECH,软件开发,游戏服务器工程师,Game Server Engineer,2514,15-1252.00,东南亚,越南,VN,country,general,本科,21-28,global,6.1,5.1,6.1,5.5,5.6,4.6,5.6,5.7,3.2,4.9,3.9,9.4,5.0,2.9,3.7,5.5,5.1,2.4,5.5,4.6,7.2,5.3,3.2,6.4,5.6,4.9,4.3,5.7,0.7,0.6,6.6,5.3,6.4,3.4,3,1,→,2028-2033,5.27,越南游戏服务器工程师：薪资水平偏低，加班文化严重，就业波动大,"Vietnam Game Server Engineer: relatively low pay, heavy overtime culture, volatile employment",AI综合评估 + O*NET/ILO/OECD锚点校准,2026-04-13,2026-04-13,2000-2026
TECH-0111-ID-general,信息技术与数字化,TECH,软件开发,游戏服务器工程师,Game Server Engineer,2514,15-1252.00,东南亚,印度尼西亚,ID,country,general,本科,21-28,global,5.4,4.3,5.7,5.5,5.2,4.8,5.4,5.1,3.8,4.9,3.6,9.4,5.5,3.7,3.7,6.1,5.9,2.6,5.5,4.6,6.6,6.3,3.7,7.2,5.6,3.1,4.3,5.4,1.0,0.3,6.4,5.5,5.8,3.8,3,1,→,2028-2033,5.34,印度尼西亚游戏服务器工程师：薪资水平偏低，就业波动大,"Indonesia Game Server Engineer: relatively low pay, volatile employment",AI综合评估 + O*NET/ILO/OECD锚点校准,2026-04-13,2026-04-13,2000-2026
TECH-0111-MY-general,信息技术与数字化,TECH,软件开发,游戏服务器工程师,Game Server Engineer,2514,15-1252.00,东南亚,马来西亚,MY,country,general,本科,21-28,global,6.1,4.5,5.1,6.4,5.2,4.0,5.4,5.5,6.2,5.6,4.6,9.2,6.5,2.7,3.2,5.5,5.7,2.9,5.6,4.8,7.5,5.8,3.7,7.2,5.6,3.4,5.1,5.1,1.4,0.6,7.0,5.5,6.6,3.8,3,1,→,2028-2033,5.47,马来西亚游戏服务器工程师：加班文化严重,Malaysia Game Server Engineer: heavy overtime culture,AI综合评估 + O*NET/ILO/OECD锚点校准,2026-04-13,2026-04-13,2000-2026
TECH-0111-PH-general,信息技术与数字化,TECH,软件开发,游戏服务器工程师,Game Server Engineer,2514,15-1252.00,东南亚,菲律宾,PH,country,general,本科,21-28,global,5.7,5.2,4.9,5.8,4.4,4.0,5.0,4.7,3.8,3.6,3.9,9.7,6.0,3.2,4.2,5.9,5.9,2.7,5.4,4.6,6.9,6.3,3.4,6.4,5.2,5.5,4.1,5.5,1.3,0.2,6.6,6.1,7.2,3.4,3,1,→,2028-2033,5.24,菲律宾游戏服务器工程师：薪资水平偏低，加班文化严重，就业波动大,"Philippines Game Server Engineer: relatively low pay, heavy overtime culture, volatile employment",AI综合评估 + O*NET/ILO/OECD锚点校准,2026-04-13,2026-04-13,2000-2026
TECH-0111-IN-general,信息技术与数字化,TECH,软件开发,游戏服务器工程师,Game Server Engineer,2514,15-1252.00,南亚,印度,IN,country,general,本科,21-28,global,6.4,5.1,7.1,5.8,7.0,6.8,7.2,6.7,6.2,6.6,3.1,9.7,5.0,1.4,3.5,6.3,6.3,2.1,5.6,5.4,8.1,5.8,2.4,6.8,6.0,2.8,4.3,5.7,0.8,0.2,7.4,5.5,7.4,2.8,3,1,→,2028-2033,5.79,印度游戏服务器工程师：加班文化严重，就业波动大,"India Game Server Engineer: heavy overtime culture, volatile employment",AI综合评估 + O*NET/ILO/OECD锚点校准,2026-04-13,2026-04-13,2000-2026
TECH-0111-PK-general,信息技术与数字化,TECH,软件开发,游戏服务器工程师,Game Server Engineer,2514,15-1252.00,南亚,巴基斯坦,PK,country,general,本科,21-28,global,6.1,4.8,4.5,4.9,4.4,3.6,4.4,3.5,1.7,3.6,2.6,9.4,5.0,3.2,3.5,6.1,4.5,2.7,4.9,3.4,7.2,5.5,2.2,6.8,5.8,0.1,4.1,5.4,1.0,0.3,6.6,5.3,6.0,4.2,2,0,→,2028-2033,4.6,巴基斯坦游戏服务器工程师：薪资水平偏低，加班文化严重，就业波动大,"Pakistan Game Server Engineer: relatively low pay, heavy overtime culture, volatile employment",AI综合评估 + O*NET/ILO/OECD锚点校准,2026-04-13,2026-04-13,2000-2026
TECH-0111-BD-general,信息技术与数字化,TECH,软件开发,游戏服务器工程师,Game Server Engineer,2514,15-1252.00,南亚,孟加拉国,BD,country,general,本科,21-28,global,5.4,4.8,4.7,5.1,3.6,3.4,4.6,3.7,1.7,3.4,2.6,9.2,5.0,2.7,3.7,5.1,4.7,2.7,5.2,3.4,6.9,5.0,2.4,6.0,5.4,1.9,4.1,5.5,0.7,0.5,7.6,5.5,5.6,4.6,2,0,→,2028-2033,4.55,孟加拉国游戏服务器工程师：薪资水平偏低，加班文化严重，就业波动大,"Bangladesh Game Server Engineer: relatively low pay, heavy overtime culture, volatile employment",AI综合评估 + O*NET/ILO/OECD锚点校准,2026-04-13,2026-04-13,2000-2026
TECH-0111-AE-general,信息技术与数字化,TECH,软件开发,游戏服务器工程师,Game Server Engineer,2514,15-1252.00,中亚/西亚,阿联酋,AE,country,general,本科,21-28,global,6.6,5.2,6.3,6.3,5.2,4.4,7.0,6.7,9.2,8.1,5.6,9.7,5.7,2.4,4.2,6.7,4.9,2.1,5.4,7.2,6.6,5.5,4.2,7.2,5.6,4.3,4.7,5.7,1.1,0.6,6.2,5.7,8.6,4.0,3,1,→,2028-2033,6.11,阿联酋游戏服务器工程师：薪资回报高，加班文化严重,"United Arab Emirates Game Server Engineer: high compensation, heavy overtime culture",AI综合评估 + O*NET/ILO/OECD锚点校准,2026-04-13,2026-04-13,2000-2026
TECH-0111-IL-general,信息技术与数字化,TECH,软件开发,游戏服务器工程师,Game Server Engineer,2514,15-1252.00,中亚/西亚,以色列,IL,country,general,本科,21-28,global,6.6,5.5,6.9,6.1,6.2,5.8,7.2,7.3,9.5,8.6,3.9,9.4,6.5,2.7,3.0,6.9,5.9,2.3,6.0,6.6,8.4,6.3,3.9,7.4,6.8,6.1,5.1,5.2,0.7,0.8,6.2,6.5,8.4,3.8,3,2,↑,2028-2033,6.34,以色列游戏服务器工程师：薪资回报高，加班文化严重，就业波动大,"Israel Game Server Engineer: high compensation, heavy overtime culture, volatile employment",AI综合评估 + O*NET/ILO/OECD锚点校准,2026-04-13,2026-04-13,2000-2026
TECH-0111-SA-general,信息技术与数字化,TECH,软件开发,游戏服务器工程师,Game Server Engineer,2514,15-1252.00,中亚/西亚,沙特阿拉伯,SA,country,general,本科,21-28,global,6.0,4.8,5.9,6.6,5.6,4.4,6.0,5.7,7.4,6.1,5.1,9.2,6.0,2.7,4.0,6.5,5.5,2.6,5.2,5.0,5.7,5.3,3.2,7.4,5.4,1.6,4.7,5.7,1.3,0.0,6.6,4.5,6.6,3.8,3,1,→,2028-2033,5.58,沙特阿拉伯游戏服务器工程师：加班文化严重,Saudi Arabia Game Server Engineer: heavy overtime culture,AI综合评估 + O*NET/ILO/OECD锚点校准,2026-04-13,2026-04-13,2000-2026
TECH-0111-TR-general,信息技术与数字化,TECH,软件开发,游戏服务器工程师,Game Server Engineer,2514,15-1252.00,中亚/西亚,土耳其,TR,country,general,本科,21-28,global,6.1,5.1,5.7,5.4,5.6,5.4,5.8,5.1,4.4,4.4,3.4,9.2,4.7,2.7,3.7,6.3,5.5,2.6,5.1,4.8,6.6,5.8,2.4,7.4,5.6,3.4,5.1,5.2,1.1,0.5,6.8,5.5,5.8,3.8,3,1,→,2028-2033,5.21,土耳其游戏服务器工程师：薪资水平偏低，加班文化严重，就业波动大,"Turkey Game Server Engineer: relatively low pay, heavy overtime culture, volatile employment",AI综合评估 + O*NET/ILO/OECD锚点校准,2026-04-13,2026-04-13,2000-2026
TECH-0111-GB-general,信息技术与数字化,TECH,软件开发,游戏服务器工程师,Game Server Engineer,2514,15-1252.00,西欧,英国,GB,country,general,本科,21-28,global,6.6,5.5,7.1,6.3,7.4,6.0,6.8,6.7,10.0,8.9,5.4,9.7,7.0,3.9,5.2,6.1,6.7,2.3,5.8,6.6,9.3,6.3,5.4,7.2,6.8,6.7,5.5,5.7,0.8,0.9,6.8,6.5,9.2,2.6,3,2,↑,2028-2033,6.69,英国游戏服务器工程师：薪资回报高，远程友好度高,"United Kingdom Game Server Engineer: high compensation, highly remote-friendly",AI综合评估 + O*NET/ILO/OECD锚点校准,2026-04-13,2026-04-13,2000-2026
TECH-0111-FR-general,信息技术与数字化,TECH,软件开发,游戏服务器工程师,Game Server Engineer,2514,15-1252.00,西欧,法国,FR,country,general,本科,21-28,global,6.0,5.5,7.1,6.6,7.0,5.6,6.8,6.9,8.0,6.6,4.9,9.9,6.5,5.9,5.0,5.9,5.7,2.1,6.0,5.8,7.5,6.0,6.4,7.4,7.2,6.7,6.1,5.7,1.3,0.9,5.8,6.1,7.8,3.0,3,1,→,2028-2033,6.46,法国游戏服务器工程师：薪资回报高,France Game Server Engineer: high compensation,AI综合评估 + O*NET/ILO/OECD锚点校准,2026-04-13,2026-04-13,2000-2026
TECH-0111-DE-general,信息技术与数字化,TECH,软件开发,游戏服务器工程师,Game Server Engineer,2514,15-1252.00,西欧,德国,DE,country,general,本科,21-28,global,5.8,5.2,7.1,6.4,6.8,5.6,7.0,6.7,9.2,7.6,5.9,9.7,6.7,6.9,6.0,6.5,6.7,1.8,5.2,6.8,8.4,6.8,6.4,7.0,7.0,5.5,5.5,5.2,1.4,0.9,6.0,5.5,8.2,3.2,3,1,→,2028-2033,6.69,德国游戏服务器工程师：薪资回报高,Germany Game Server Engineer: high compensation,AI综合评估 + O*NET/ILO/OECD锚点校准,2026-04-13,2026-04-13,2000-2026
TECH-0111-NL-general,信息技术与数字化,TECH,软件开发,游戏服务器工程师,Game Server Engineer,2514,15-1252.00,西欧,荷兰,NL,country,general,本科,21-28,global,6.7,5.7,6.5,6.3,6.4,4.6,7.0,6.3,8.9,7.4,5.9,9.9,7.5,6.4,5.5,6.3,5.5,2.0,5.8,6.0,10.0,7.8,6.4,7.8,6.6,7.3,5.5,5.5,1.1,0.8,5.6,5.5,9.0,4.0,3,1,→,2028-2033,6.66,荷兰游戏服务器工程师：薪资回报高，远程友好度高,"Netherlands Game Server Engineer: high compensation, highly remote-friendly",AI综合评估 + O*NET/ILO/OECD锚点校准,2026-04-13,2026-04-13,2000-2026
TECH-0111-CH-general,信息技术与数字化,TECH,软件开发,游戏服务器工程师,Game Server Engineer,2514,15-1252.00,西欧,瑞士,CH,country,general,本科,21-28,global,6.1,5.7,6.5,6.9,6.2,4.8,7.2,6.7,10.0,7.9,7.4,10.0,7.7,5.2,5.2,6.9,6.3,2.4,5.6,6.6,7.8,6.3,5.7,7.0,6.4,5.8,6.1,5.7,1.1,1.1,6.4,5.5,9.0,4.0,3,1,→,2028-2033,6.64,瑞士游戏服务器工程师：薪资回报高,Switzerland Game Server Engineer: high compensation,AI综合评估 + O*NET/ILO/OECD锚点校准,2026-04-13,2026-04-13,2000-2026
TECH-0111-SE-general,信息技术与数字化,TECH,软件开发,游戏服务器工程师,Game Server Engineer,2514,15-1252.00,北欧,瑞典,SE,country,general,本科,21-28,global,6.4,5.2,7.1,6.9,6.6,5.0,6.2,6.5,8.0,8.1,6.6,9.4,8.0,7.2,6.7,6.9,5.3,1.8,5.9,6.2,10.0,7.3,6.2,7.4,6.2,8.8,5.9,5.8,0.8,0.8,5.6,5.5,9.0,4.2,3,1,→,2028-2033,6.82,瑞典游戏服务器工程师：薪资回报高，远程友好度高,"Sweden Game Server Engineer: high compensation, highly remote-friendly",AI综合评估 + O*NET/ILO/OECD锚点校准,2026-04-13,2026-04-13,2000-2026
TECH-0111-DK-general,信息技术与数字化,TECH,软件开发,游戏服务器工程师,Game Server Engineer,2514,15-1252.00,北欧,丹麦,DK,country,general,本科,21-28,global,6.1,5.2,6.1,6.3,5.8,3.6,7.2,6.5,9.5,6.9,5.6,9.7,7.7,7.9,6.0,5.9,5.5,2.0,5.6,6.4,9.9,7.5,6.9,7.0,6.8,8.5,6.5,5.4,1.3,1.1,5.6,6.1,8.4,3.6,3,1,→,2028-2033,6.71,丹麦游戏服务器工程师：薪资回报高，远程友好度高，工作时间规律,"Denmark Game Server Engineer: high compensation, highly remote-friendly, regular working hours",AI综合评估 + O*NET/ILO/OECD锚点校准,2026-04-13,2026-04-13,2000-2026
TECH-0111-FI-general,信息技术与数字化,TECH,软件开发,游戏服务器工程师,Game Server Engineer,2514,15-1252.00,北欧,芬兰,FI,country,general,本科,21-28,global,6.6,5.7,6.9,6.1,5.2,3.8,7.0,7.5,7.4,7.6,6.1,9.7,7.5,7.4,7.0,6.7,5.9,2.3,5.9,6.0,9.3,7.0,6.4,7.2,6.6,8.5,5.5,6.0,1.0,0.6,6.0,5.7,8.6,3.6,3,1,→,2028-2033,6.65,芬兰游戏服务器工程师：远程友好度高,Finland Game Server Engineer: highly remote-friendly,AI综合评估 + O*NET/ILO/OECD锚点校准,2026-04-13,2026-04-13,2000-2026
TECH-0111-IT-general,信息技术与数字化,TECH,软件开发,游戏服务器工程师,Game Server Engineer,2514,15-1252.00,南欧,意大利,IT,country,general,本科,21-28,global,5.7,5.2,5.7,5.7,5.6,4.6,5.6,4.7,6.5,6.6,4.9,9.7,7.0,3.9,4.2,6.3,5.9,2.7,5.8,5.2,6.6,6.0,4.2,6.6,6.6,4.3,4.9,5.1,1.0,0.6,7.0,4.9,6.6,3.8,3,1,→,2028-2033,5.69,意大利游戏服务器工程师：发展平稳,Italy Game Server Engineer: steady development,AI综合评估 + O*NET/ILO/OECD锚点校准,2026-04-13,2026-04-13,2000-2026
TECH-0111-ES-general,信息技术与数字化,TECH,软件开发,游戏服务器工程师,Game Server Engineer,2514,15-1252.00,南欧,西班牙,ES,country,general,本科,21-28,global,5.8,4.9,5.7,5.8,5.4,3.8,6.0,4.9,6.2,5.9,4.1,9.4,6.0,4.4,3.5,6.1,5.3,2.3,5.2,5.0,6.9,6.0,4.7,6.8,6.2,5.8,5.1,5.7,0.7,1.1,6.4,6.1,7.0,3.2,3,1,→,2028-2033,5.67,西班牙游戏服务器工程师：发展平稳,Spain Game Server Engineer: steady development,AI综合评估 + O*NET/ILO/OECD锚点校准,2026-04-13,2026-04-13,2000-2026
TECH-0111-PT-general,信息技术与数字化,TECH,软件开发,游戏服务器工程师,Game Server Engineer,2514,15-1252.00,南欧,葡萄牙,PT,country,general,本科,21-28,global,5.8,5.4,5.7,5.5,4.8,4.0,5.6,4.9,5.0,5.6,4.6,9.4,6.0,4.2,4.0,5.7,4.7,2.3,5.2,4.6,8.7,6.8,4.9,6.4,5.6,6.4,5.1,5.1,1.1,0.5,6.4,6.1,8.4,3.4,3,1,→,2028-2033,5.64,葡萄牙游戏服务器工程师：远程友好度高,Portugal Game Server Engineer: highly remote-friendly,AI综合评估 + O*NET/ILO/OECD锚点校准,2026-04-13,2026-04-13,2000-2026
TECH-0111-PL-general,信息技术与数字化,TECH,软件开发,游戏服务器工程师,Game Server Engineer,2514,15-1252.00,东欧,波兰,PL,country,general,本科,21-28,global,5.7,5.4,6.7,6.6,6.0,4.4,5.8,5.1,7.1,6.4,5.4,9.4,7.2,4.9,5.0,6.1,5.3,2.6,5.8,6.0,8.1,5.8,5.2,7.0,6.2,4.6,5.5,5.7,1.4,0.2,6.0,5.7,7.8,3.2,3,1,→,2028-2033,6.07,波兰游戏服务器工程师：发展平稳,Poland Game Server Engineer: steady development,AI综合评估 + O*NET/ILO/OECD锚点校准,2026-04-13,2026-04-13,2000-2026
TECH-0111-CZ-general,信息技术与数字化,TECH,软件开发,游戏服务器工程师,Game Server Engineer,2514,15-1252.00,东欧,捷克,CZ,country,general,本科,21-28,global,6.4,5.1,6.5,6.7,5.6,4.2,5.8,5.5,6.8,6.6,4.9,9.9,6.0,4.4,5.7,5.5,5.1,2.4,5.9,5.8,8.4,6.3,5.2,7.0,6.4,5.5,5.1,5.5,0.5,0.9,5.8,5.7,8.6,3.6,3,1,→,2028-2033,6.06,捷克游戏服务器工程师：发展平稳,Czech Republic Game Server Engineer: steady development,AI综合评估 + O*NET/ILO/OECD锚点校准,2026-04-13,2026-04-13,2000-2026
TECH-0111-RU-general,信息技术与数字化,TECH,软件开发,游戏服务器工程师,Game Server Engineer,2514,15-1252.00,东欧,俄罗斯,RU,country,general,本科,21-28,global,5.7,4.8,6.1,6.0,5.8,4.8,6.0,5.1,5.6,5.6,3.1,9.2,5.5,4.2,5.0,5.9,5.1,2.4,5.4,5.2,6.9,5.3,3.4,7.4,5.6,4.3,5.1,5.7,1.3,0.0,7.4,6.3,5.4,3.6,3,1,→,2028-2033,5.54,俄罗斯游戏服务器工程师：就业波动大,Russia Game Server Engineer: volatile employment,AI综合评估 + O*NET/ILO/OECD锚点校准,2026-04-13,2026-04-13,2000-2026
TECH-0111-US-general,信息技术与数字化,TECH,软件开发,游戏服务器工程师,Game Server Engineer,2514,15-1252.00,北美,美国,US,country,general,本科,21-28,global,6.6,5.4,8.1,6.0,8.6,7.2,8.2,7.5,10.0,8.6,4.4,9.4,5.5,2.2,2.7,6.5,6.5,1.8,5.9,7.6,10.0,6.0,3.7,7.8,7.0,6.1,5.7,5.4,1.0,1.1,6.4,6.3,9.2,2.8,3,2,↑,2028-2033,6.69,美国游戏服务器工程师：薪资回报高，人才需求旺盛，远程友好度高,"United States Game Server Engineer: high compensation, strong talent demand, highly remote-friendly",AI综合评估 + O*NET/ILO/OECD锚点校准,2026-04-13,2026-04-13,2000-2026
TECH-0111-CA-general,信息技术与数字化,TECH,软件开发,游戏服务器工程师,Game Server Engineer,2514,15-1252.00,北美,加拿大,CA,country,general,本科,21-28,global,6.1,5.2,6.7,6.9,6.4,5.4,6.6,7.1,9.2,6.9,6.1,9.9,6.2,4.2,5.2,5.9,6.5,2.3,5.5,6.0,10.0,7.3,5.4,8.0,7.0,7.3,5.9,5.4,1.3,0.5,6.2,6.3,8.4,3.6,3,2,↑,2028-2033,6.6,加拿大游戏服务器工程师：薪资回报高，远程友好度高,"Canada Game Server Engineer: high compensation, highly remote-friendly",AI综合评估 + O*NET/ILO/OECD锚点校准,2026-04-13,2026-04-13,2000-2026
TECH-0111-MX-general,信息技术与数字化,TECH,软件开发,游戏服务器工程师,Game Server Engineer,2514,15-1252.00,北美,墨西哥,MX,country,general,本科,21-28,global,6.1,4.5,5.3,5.8,5.8,5.0,5.6,5.3,3.5,4.6,4.4,9.4,5.2,2.2,3.2,5.5,5.3,2.9,5.2,5.0,7.2,5.8,4.2,6.8,6.2,4.3,4.9,6.0,1.0,0.5,6.6,5.9,7.0,3.8,3,1,→,2028-2033,5.32,墨西哥游戏服务器工程师：薪资水平偏低，加班文化严重,"Mexico Game Server Engineer: relatively low pay, heavy overtime culture",AI综合评估 + O*NET/ILO/OECD锚点校准,2026-04-13,2026-04-13,2000-2026
TECH-0111-BR-general,信息技术与数字化,TECH,软件开发,游戏服务器工程师,Game Server Engineer,2514,15-1252.00,南美,巴西,BR,country,general,本科,21-28,global,6.4,5.1,6.9,5.8,5.8,5.6,5.8,5.7,5.0,5.4,4.1,9.7,6.2,2.9,4.2,6.1,5.5,2.3,5.4,5.4,8.1,5.8,3.2,6.4,6.4,3.4,4.7,5.7,1.0,0.6,6.6,6.3,5.6,3.0,3,1,→,2028-2033,5.59,巴西游戏服务器工程师：加班文化严重,Brazil Game Server Engineer: heavy overtime culture,AI综合评估 + O*NET/ILO/OECD锚点校准,2026-04-13,2026-04-13,2000-2026
TECH-0111-AR-general,信息技术与数字化,TECH,软件开发,游戏服务器工程师,Game Server Engineer,2514,15-1252.00,南美,阿根廷,AR,country,general,本科,21-28,global,5.7,4.9,5.3,5.2,4.6,4.0,6.2,5.7,4.1,4.4,2.4,9.4,6.5,3.4,4.2,5.3,5.3,2.9,5.0,5.0,7.5,6.3,2.9,7.0,5.2,4.0,5.1,5.8,1.1,0.0,7.2,5.7,5.8,3.8,3,1,→,2028-2033,5.22,阿根廷游戏服务器工程师：薪资水平偏低，加班文化严重，就业波动大,"Argentina Game Server Engineer: relatively low pay, heavy overtime culture, volatile employment",AI综合评估 + O*NET/ILO/OECD锚点校准,2026-04-13,2026-04-13,2000-2026
TECH-0111-CL-general,信息技术与数字化,TECH,软件开发,游戏服务器工程师,Game Server Engineer,2514,15-1252.00,南美,智利,CL,country,general,本科,21-28,global,6.0,5.1,5.1,5.7,4.4,2.8,5.2,5.1,6.2,4.9,4.4,9.4,5.5,4.7,4.7,6.1,4.5,2.6,5.6,5.4,6.6,5.3,4.2,6.2,5.0,4.0,5.5,6.0,1.4,0.2,6.8,5.5,7.2,3.6,3,1,→,2028-2033,5.44,智利游戏服务器工程师：发展平稳,Chile Game Server Engineer: steady development,AI综合评估 + O*NET/ILO/OECD锚点校准,2026-04-13,2026-04-13,2000-2026
TECH-0111-CO-general,信息技术与数字化,TECH,软件开发,游戏服务器工程师,Game Server Engineer,2514,15-1252.00,南美,哥伦比亚,CO,country,general,本科,21-28,global,6.0,5.4,5.7,5.5,4.0,3.6,6.0,5.1,3.5,4.6,3.9,9.7,6.2,3.9,3.2,5.1,4.7,2.6,5.4,4.6,7.8,6.0,3.4,7.2,5.4,3.4,5.3,5.5,0.7,0.3,7.0,6.1,6.6,4.0,3,1,→,2028-2033,5.24,哥伦比亚游戏服务器工程师：薪资水平偏低，就业波动大,"Colombia Game Server Engineer: relatively low pay, volatile employment",AI综合评估 + O*NET/ILO/OECD锚点校准,2026-04-13,2026-04-13,2000-2026
TECH-0111-AU-general,信息技术与数字化,TECH,软件开发,游戏服务器工程师,Game Server Engineer,2514,15-1252.00,大洋洲,澳大利亚,AU,country,general,本科,21-28,global,6.0,5.7,6.3,6.9,6.0,4.8,6.4,6.5,9.2,7.6,6.1,9.7,6.2,5.4,4.5,6.5,6.1,1.8,5.4,6.4,8.7,6.3,5.4,7.4,6.4,7.0,5.7,5.2,0.8,0.5,6.0,5.5,8.2,3.6,3,1,→,2028-2033,6.47,澳大利亚游戏服务器工程师：薪资回报高，远程友好度高,"Australia Game Server Engineer: high compensation, highly remote-friendly",AI综合评估 + O*NET/ILO/OECD锚点校准,2026-04-13,2026-04-13,2000-2026
TECH-0111-NZ-general,信息技术与数字化,TECH,软件开发,游戏服务器工程师,Game Server Engineer,2514,15-1252.00,大洋洲,新西兰,NZ,country,general,本科,21-28,global,6.1,4.9,6.5,7.0,5.2,4.0,6.2,5.9,7.7,6.1,6.6,9.9,7.0,5.9,5.7,5.9,6.1,2.6,5.2,6.0,9.3,7.5,6.9,7.2,5.8,8.2,5.5,5.5,1.1,1.2,5.8,6.3,8.2,4.2,3,1,→,2028-2033,6.4,新西兰游戏服务器工程师：远程友好度高,New Zealand Game Server Engineer: highly remote-friendly,AI综合评估 + O*NET/ILO/OECD锚点校准,2026-04-13,2026-04-13,2000-2026
TECH-0111-ZA-general,信息技术与数字化,TECH,软件开发,游戏服务器工程师,Game Server Engineer,2514,15-1252.00,非洲,南非,ZA,country,general,本科,21-28,global,5.8,4.6,4.9,5.2,4.2,4.0,5.4,5.3,3.5,4.9,3.4,9.4,5.5,3.4,3.7,5.3,4.5,2.7,5.2,5.0,7.2,6.0,3.7,6.8,5.4,4.3,4.3,5.7,1.3,0.2,7.4,5.7,6.0,3.8,3,1,→,2028-2033,5.14,南非游戏服务器工程师：薪资水平偏低，加班文化严重，就业波动大,"South Africa Game Server Engineer: relatively low pay, heavy overtime culture, volatile employment",AI综合评估 + O*NET/ILO/OECD锚点校准,2026-04-13,2026-04-13,2000-2026
TECH-0111-NG-general,信息技术与数字化,TECH,软件开发,游戏服务器工程师,Game Server Engineer,2514,15-1252.00,非洲,尼日利亚,NG,country,general,本科,21-28,global,5.2,4.8,4.5,5.4,3.8,3.4,5.0,4.1,3.5,4.1,3.1,8.9,4.7,2.9,4.0,5.5,5.5,2.7,5.1,3.6,6.9,6.3,2.2,7.0,5.2,1.0,3.9,5.4,1.1,0.2,6.8,5.3,6.0,4.6,2,0,→,2028-2033,4.83,尼日利亚游戏服务器工程师：薪资水平偏低，加班文化严重，就业波动大,"Nigeria Game Server Engineer: relatively low pay, heavy overtime culture, volatile employment",AI综合评估 + O*NET/ILO/OECD锚点校准,2026-04-13,2026-04-13,2000-2026
TECH-0111-KE-general,信息技术与数字化,TECH,软件开发,游戏服务器工程师,Game Server Engineer,2514,15-1252.00,非洲,肯尼亚,KE,country,general,本科,21-28,global,5.5,4.8,4.7,5.5,4.4,3.0,4.8,3.5,3.2,3.1,3.1,8.9,5.2,3.7,3.5,5.9,4.7,3.0,5.1,4.2,6.6,6.0,2.4,6.4,5.6,3.1,4.3,5.2,1.4,0.2,6.8,4.7,5.8,4.0,2,0,→,2028-2033,4.77,肯尼亚游戏服务器工程师：薪资水平偏低，就业波动大,"Kenya Game Server Engineer: relatively low pay, volatile employment",AI综合评估 + O*NET/ILO/OECD锚点校准,2026-04-13,2026-04-13,2000-2026
TECH-0111-EG-general,信息技术与数字化,TECH,软件开发,游戏服务器工程师,Game Server Engineer,2514,15-1252.00,非洲,埃及,EG,country,general,本科,21-28,global,6.1,4.5,4.9,5.2,4.6,4.0,5.0,3.5,3.5,3.1,2.9,9.2,5.0,2.4,3.7,6.1,5.5,3.2,5.1,4.4,5.7,4.8,3.4,6.2,5.6,1.3,4.5,5.7,1.3,0.6,7.2,4.9,6.2,3.4,2,0,→,2028-2033,4.75,埃及游戏服务器工程师：薪资水平偏低，加班文化严重，就业波动大,"Egypt Game Server Engineer: relatively low pay, heavy overtime culture, volatile employment",AI综合评估 + O*NET/ILO/OECD锚点校准,2026-04-13,2026-04-13,2000-2026
TECH-0112-CN-general,信息技术与数字化,TECH,软件开发,数据库管理员,Database Administrator,2521,15-1242.00,东亚,中国,CN,country,general,本科,22-30,global,5.3,5.1,6.2,7.2,7.5,8.4,6.2,6.0,9.0,7.4,5.6,9.3,5.2,2.1,3.2,6.6,6.5,1.2,4.6,6.4,5.7,4.2,4.1,5.8,5.6,4.7,6.1,4.2,1.0,1.3,4.5,5.6,5.5,2.5,1,0,→,2028-2033,6.04,中国数据库管理员：薪资回报高，加班文化严重,"China Database Administrator: high compensation, heavy overtime culture",AI综合评估 + O*NET/ILO/OECD锚点校准,2026-04-13,2026-04-13,2000-2026
TECH-0112-JP-general,信息技术与数字化,TECH,软件开发,数据库管理员,Database Administrator,2521,15-1242.00,东亚,日本,JP,country,general,本科,22-30,global,5.6,4.8,5.8,7.8,7.3,7.8,5.4,6.2,7.8,7.1,7.6,9.8,5.7,3.4,4.0,6.0,6.1,1.1,4.5,6.4,6.9,5.9,4.4,6.4,6.0,4.1,7.1,4.3,1.5,1.5,3.7,6.4,5.5,3.1,1,-1,→,2028-2033,6.21,日本数据库管理员：加班文化严重，就业稳定,"Japan Database Administrator: heavy overtime culture, stable employment",AI综合评估 + O*NET/ILO/OECD锚点校准,2026-04-13,2026-04-13,2000-2026
TECH-0112-KR-general,信息技术与数字化,TECH,软件开发,数据库管理员,Database Administrator,2521,15-1242.00,东亚,韩国,KR,country,general,本科,22-30,global,5.4,5.0,6.4,7.6,5.9,7.2,5.8,7.0,6.9,7.4,6.9,9.8,6.4,3.1,4.0,6.6,4.9,1.4,4.5,6.2,5.4,5.4,5.1,6.6,5.6,4.4,7.1,4.8,0.9,1.9,3.5,6.4,6.5,2.7,1,-1,→,2028-2033,6.14,韩国数据库管理员：加班文化严重,South Korea Database Administrator: heavy overtime culture,AI综合评估 + O*NET/ILO/OECD锚点校准,2026-04-13,2026-04-13,2000-2026
TECH-0112-TW-general,信息技术与数字化,TECH,软件开发,数据库管理员,Database Administrator,2521,15-1242.00,东亚,中国台湾地区,TW,region,general,本科,22-30,global,5.3,5.3,6.4,8.1,6.7,7.0,5.4,6.0,5.7,7.1,6.1,9.8,5.2,4.6,5.0,6.6,5.1,1.1,4.2,5.6,6.3,5.2,4.6,6.2,5.4,5.0,5.9,4.0,1.5,2.1,3.3,5.8,6.5,3.1,1,-1,→,2026-2030,5.98,中国台湾地区数据库管理员：发展平稳,Taiwan (China) Database Administrator: steady development,AI综合评估 + O*NET/ILO/OECD锚点校准,2026-04-13,2026-04-13,2000-2026
TECH-0112-HK-general,信息技术与数字化,TECH,软件开发,数据库管理员,Database Administrator,2521,15-1242.00,东亚,中国香港地区,HK,region,general,本科,22-30,global,5.6,4.8,5.4,7.6,5.1,6.2,5.2,4.6,7.5,7.6,6.9,9.8,5.4,3.6,3.5,5.2,4.3,1.4,4.6,6.0,7.5,5.4,4.6,5.8,5.2,6.8,5.7,4.8,1.2,1.5,4.1,6.6,8.3,3.3,1,-1,→,2028-2033,5.97,中国香港地区数据库管理员：发展平稳,Hong Kong (China) Database Administrator: steady development,AI综合评估 + O*NET/ILO/OECD锚点校准,2026-04-13,2026-04-13,2000-2026
TECH-0112-SG-general,信息技术与数字化,TECH,软件开发,数据库管理员,Database Administrator,2521,15-1242.00,东南亚,新加坡,SG,country,general,本科,22-30,global,5.0,5.0,6.0,8.4,6.1,6.6,5.8,6.4,9.9,8.1,8.9,9.8,6.7,4.9,5.0,5.8,5.5,1.2,4.5,7.2,7.8,5.7,5.9,5.8,5.6,7.4,6.3,4.2,0.9,1.8,3.3,6.2,8.7,2.3,1,0,→,2028-2033,6.7,新加坡数据库管理员：薪资回报高，就业稳定,"Singapore Database Administrator: high compensation, stable employment",AI综合评估 + O*NET/ILO/OECD锚点校准,2026-04-13,2026-04-13,2000-2026
TECH-0112-TH-general,信息技术与数字化,TECH,软件开发,数据库管理员,Database Administrator,2521,15-1242.00,东南亚,泰国,TH,country,general,本科,22-30,global,5.1,5.3,4.0,7.6,4.7,6.6,4.8,4.6,2.7,4.9,6.4,9.3,5.9,6.4,5.2,4.8,4.7,1.5,3.9,4.4,5.7,5.4,5.9,5.0,5.0,5.3,6.1,4.8,1.0,1.2,3.9,5.8,5.7,3.7,1,-1,→,2026-2030,5.4,泰国数据库管理员：薪资水平偏低，AI替代风险较高,"Thailand Database Administrator: relatively low pay, high AI displacement risk",AI综合评估 + O*NET/ILO/OECD锚点校准,2026-04-13,2026-04-13,2000-2026
TECH-0112-VN-general,信息技术与数字化,TECH,软件开发,数据库管理员,Database Administrator,2521,15-1242.00,东南亚,越南,VN,country,general,本科,22-30,global,4.5,4.8,4.8,7.2,5.1,6.2,4.6,5.0,3.6,3.9,5.9,9.3,6.4,4.4,4.2,5.8,4.9,1.5,4.6,4.2,6.9,5.4,5.6,5.8,5.2,5.3,6.5,4.2,0.7,1.8,4.3,5.8,6.3,3.1,1,-1,→,2028-2033,5.51,越南数据库管理员：薪资水平偏低,Vietnam Database Administrator: relatively low pay,AI综合评估 + O*NET/ILO/OECD锚点校准,2026-04-13,2026-04-13,2000-2026
TECH-0112-ID-general,信息技术与数字化,TECH,软件开发,数据库管理员,Database Administrator,2521,15-1242.00,东南亚,印度尼西亚,ID,country,general,本科,22-30,global,5.3,5.1,4.8,7.3,5.5,6.4,5.0,4.4,2.4,4.6,5.9,9.3,5.9,5.6,5.7,5.0,4.9,1.4,4.1,5.0,5.1,6.4,5.1,5.8,4.6,5.0,6.5,4.3,1.3,1.5,3.9,5.4,4.9,3.5,1,-1,→,2026-2030,5.4,印度尼西亚数据库管理员：薪资水平偏低,Indonesia Database Administrator: relatively low pay,AI综合评估 + O*NET/ILO/OECD锚点校准,2026-04-13,2026-04-13,2000-2026
TECH-0112-MY-general,信息技术与数字化,TECH,软件开发,数据库管理员,Database Administrator,2521,15-1242.00,东南亚,马来西亚,MY,country,general,本科,22-30,global,4.5,4.8,4.8,7.6,5.1,5.6,4.8,4.8,3.9,5.4,6.1,9.5,6.9,4.9,4.7,5.4,4.9,1.7,4.6,4.8,6.0,5.7,5.6,5.6,4.2,4.1,6.9,4.8,1.2,1.9,4.3,5.4,6.7,2.7,1,-1,→,2028-2033,5.59,马来西亚数据库管理员：薪资水平偏低,Malaysia Database Administrator: relatively low pay,AI综合评估 + O*NET/ILO/OECD锚点校准,2026-04-13,2026-04-13,2000-2026
TECH-0112-PH-general,信息技术与数字化,TECH,软件开发,数据库管理员,Database Administrator,2521,15-1242.00,东南亚,菲律宾,PH,country,general,本科,22-30,global,4.8,4.8,4.4,7.0,5.1,6.2,4.6,4.2,2.1,3.6,5.1,9.3,6.4,3.9,5.0,5.2,4.3,1.5,4.2,4.0,7.5,5.7,4.4,4.8,4.4,6.8,5.9,4.8,1.0,1.5,3.7,6.0,7.5,2.9,1,-1,→,2026-2030,5.3,菲律宾数据库管理员：薪资水平偏低,Philippines Database Administrator: relatively low pay,AI综合评估 + O*NET/ILO/OECD锚点校准,2026-04-13,2026-04-13,2000-2026
TECH-0112-IN-general,信息技术与数字化,TECH,软件开发,数据库管理员,Database Administrator,2521,15-1242.00,南亚,印度,IN,country,general,本科,22-30,global,4.8,5.4,6.2,7.3,7.1,8.4,5.4,6.0,6.0,5.9,6.6,9.5,5.2,3.9,4.5,5.8,5.7,1.1,4.5,6.2,7.8,5.2,4.1,6.2,5.6,3.2,6.9,4.9,1.0,1.3,4.5,6.2,8.3,2.7,1,-1,→,2028-2033,6.08,印度数据库管理员：发展平稳,India Database Administrator: steady development,AI综合评估 + O*NET/ILO/OECD锚点校准,2026-04-13,2026-04-13,2000-2026
TECH-0112-PK-general,信息技术与数字化,TECH,软件开发,数据库管理员,Database Administrator,2521,15-1242.00,南亚,巴基斯坦,PK,country,general,本科,22-30,global,4.5,4.8,4.4,6.4,4.9,5.8,3.6,3.6,1.8,4.1,5.1,9.3,5.2,4.6,4.7,4.4,4.7,1.8,4.4,4.2,6.3,5.4,4.4,4.6,4.6,2.0,5.5,4.2,0.7,1.0,4.1,5.6,5.9,3.9,0,-2,↓,2026-2030,4.96,巴基斯坦数据库管理员：薪资水平偏低，供过于求，近年需求下降,"Pakistan Database Administrator: relatively low pay, oversupply of talent, declining demand",AI综合评估 + O*NET/ILO/OECD锚点校准,2026-04-13,2026-04-13,2000-2026
TECH-0112-BD-general,信息技术与数字化,TECH,软件开发,数据库管理员,Database Administrator,2521,15-1242.00,南亚,孟加拉国,BD,country,general,本科,22-30,global,4.4,4.2,2.8,7.0,3.5,5.4,4.0,3.6,0.9,3.4,5.1,9.3,5.2,4.9,5.2,4.8,4.1,1.8,4.1,3.0,6.6,5.9,4.6,5.2,4.0,2.9,5.7,4.3,1.0,1.5,4.3,5.6,6.1,3.7,0,-2,↓,2026-2030,4.85,孟加拉国数据库管理员：薪资水平偏低，供过于求，近年需求下降,"Bangladesh Database Administrator: relatively low pay, oversupply of talent, declining demand",AI综合评估 + O*NET/ILO/OECD锚点校准,2026-04-13,2026-04-13,2000-2026
TECH-0112-AE-general,信息技术与数字化,TECH,软件开发,数据库管理员,Database Administrator,2521,15-1242.00,中亚/西亚,阿联酋,AE,country,general,本科,22-30,global,4.8,5.0,5.0,8.4,5.5,5.8,6.0,6.0,9.0,7.9,7.9,9.8,6.7,4.9,5.7,6.0,5.3,1.4,4.4,7.2,7.5,5.4,5.1,5.4,5.4,5.6,6.3,4.5,1.3,1.9,4.1,6.0,9.1,3.1,1,-1,→,2026-2030,6.42,阿联酋数据库管理员：薪资回报高，就业稳定,"United Arab Emirates Database Administrator: high compensation, stable employment",AI综合评估 + O*NET/ILO/OECD锚点校准,2026-04-13,2026-04-13,2000-2026
TECH-0112-IL-general,信息技术与数字化,TECH,软件开发,数据库管理员,Database Administrator,2521,15-1242.00,中亚/西亚,以色列,IL,country,general,本科,22-30,global,5.1,5.3,6.0,7.9,6.9,7.0,6.2,6.0,10.0,8.1,7.1,9.5,7.2,5.9,5.7,6.2,4.9,1.2,5.2,7.6,9.9,6.7,6.4,6.4,4.6,6.8,7.1,4.9,1.2,1.8,3.7,6.6,7.9,3.3,1,0,→,2028-2033,6.82,以色列数据库管理员：薪资回报高，远程友好度高,"Israel Database Administrator: high compensation, highly remote-friendly",AI综合评估 + O*NET/ILO/OECD锚点校准,2026-04-13,2026-04-13,2000-2026
TECH-0112-SA-general,信息技术与数字化,TECH,软件开发,数据库管理员,Database Administrator,2521,15-1242.00,中亚/西亚,沙特阿拉伯,SA,country,general,本科,22-30,global,5.1,5.0,4.6,7.3,4.5,6.0,4.2,5.2,6.9,6.9,7.1,9.5,5.7,4.9,6.0,6.0,4.9,1.4,4.4,5.8,5.4,5.7,6.1,4.8,5.4,2.9,5.7,4.3,1.2,1.5,3.5,6.0,5.9,3.7,1,-1,→,2026-2030,5.78,沙特阿拉伯数据库管理员：发展平稳,Saudi Arabia Database Administrator: steady development,AI综合评估 + O*NET/ILO/OECD锚点校准,2026-04-13,2026-04-13,2000-2026
TECH-0112-TR-general,信息技术与数字化,TECH,软件开发,数据库管理员,Database Administrator,2521,15-1242.00,中亚/西亚,土耳其,TR,country,general,本科,22-30,global,5.4,5.0,5.2,7.0,5.9,7.2,5.2,4.6,4.5,4.6,5.4,9.0,6.2,4.9,4.2,5.8,5.1,1.7,4.1,4.6,6.0,5.7,4.1,5.6,4.4,3.2,6.1,4.8,0.9,1.0,3.9,5.4,6.9,3.3,1,-1,→,2026-2030,5.47,土耳其数据库管理员：薪资水平偏低,Turkey Database Administrator: relatively low pay,AI综合评估 + O*NET/ILO/OECD锚点校准,2026-04-13,2026-04-13,2000-2026
TECH-0112-GB-general,信息技术与数字化,TECH,软件开发,数据库管理员,Database Administrator,2521,15-1242.00,西欧,英国,GB,country,general,本科,22-30,global,5.3,5.6,6.6,8.1,6.7,7.2,5.8,6.2,9.0,7.6,6.9,9.3,6.9,6.6,6.2,5.6,5.5,1.1,4.5,6.6,10.0,6.9,6.9,5.6,5.2,7.4,6.5,4.9,1.2,2.1,4.3,6.2,9.3,2.9,1,0,→,2028-2033,6.74,英国数据库管理员：薪资回报高，远程友好度高,"United Kingdom Database Administrator: high compensation, highly remote-friendly",AI综合评估 + O*NET/ILO/OECD锚点校准,2026-04-13,2026-04-13,2000-2026
TECH-0112-FR-general,信息技术与数字化,TECH,软件开发,数据库管理员,Database Administrator,2521,15-1242.00,西欧,法国,FR,country,general,本科,22-30,global,5.7,4.8,5.8,8.1,6.5,7.6,6.0,7.0,6.9,7.4,7.9,9.5,7.4,7.9,7.5,5.4,6.1,1.4,4.9,5.8,8.4,5.9,8.6,6.0,5.6,7.7,7.7,4.0,0.9,1.6,3.5,6.2,7.7,3.1,1,-1,→,2028-2033,6.76,法国数据库管理员：工作时间规律，就业稳定,"France Database Administrator: regular working hours, stable employment",AI综合评估 + O*NET/ILO/OECD锚点校准,2026-04-13,2026-04-13,2000-2026
TECH-0112-DE-general,信息技术与数字化,TECH,软件开发,数据库管理员,Database Administrator,2521,15-1242.00,西欧,德国,DE,country,general,本科,22-30,global,5.1,5.3,5.8,8.2,6.3,8.0,5.6,6.2,7.8,7.1,8.4,9.8,7.2,8.6,7.0,5.6,5.3,1.4,4.8,6.4,7.8,6.9,7.6,5.8,6.0,7.7,7.5,4.2,0.6,2.1,3.9,6.4,8.5,2.7,1,-1,→,2028-2033,6.78,德国数据库管理员：工作时间规律，就业稳定,"Germany Database Administrator: regular working hours, stable employment",AI综合评估 + O*NET/ILO/OECD锚点校准,2026-04-13,2026-04-13,2000-2026
TECH-0112-NL-general,信息技术与数字化,TECH,软件开发,数据库管理员,Database Administrator,2521,15-1242.00,西欧,荷兰,NL,country,general,本科,22-30,global,5.6,5.6,5.6,8.1,5.9,6.4,5.4,7.0,9.6,7.6,8.4,9.8,8.4,8.6,7.2,6.2,5.3,1.4,5.0,6.8,9.3,6.9,8.6,6.2,5.2,8.3,6.9,4.6,1.5,2.1,3.5,6.8,8.9,3.3,1,-1,→,2028-2033,6.99,荷兰数据库管理员：薪资回报高，远程友好度高，工作时间规律,"Netherlands Database Administrator: high compensation, highly remote-friendly, regular working hours",AI综合评估 + O*NET/ILO/OECD锚点校准,2026-04-13,2026-04-13,2000-2026
TECH-0112-CH-general,信息技术与数字化,TECH,软件开发,数据库管理员,Database Administrator,2521,15-1242.00,西欧,瑞士,CH,country,general,本科,22-30,global,5.3,5.1,6.0,8.4,6.3,6.8,5.2,5.8,10.0,8.4,9.4,10.0,8.2,7.6,7.2,6.6,4.9,1.1,4.5,6.4,7.8,7.4,8.9,5.4,5.2,6.2,7.5,4.2,0.6,1.6,3.5,6.2,8.1,2.5,1,-1,→,2028-2033,6.96,瑞士数据库管理员：薪资回报高，工作时间规律，就业稳定,"Switzerland Database Administrator: high compensation, regular working hours, stable employment",AI综合评估 + O*NET/ILO/OECD锚点校准,2026-04-13,2026-04-13,2000-2026
TECH-0112-SE-general,信息技术与数字化,TECH,软件开发,数据库管理员,Database Administrator,2521,15-1242.00,北欧,瑞典,SE,country,general,本科,22-30,global,5.3,5.6,5.8,8.4,5.7,5.8,5.6,6.2,7.8,6.9,8.1,9.5,7.9,9.6,8.0,5.6,5.1,1.1,4.4,6.2,10.0,7.4,8.6,5.6,4.8,9.5,6.9,4.9,1.2,2.1,3.9,6.2,8.9,3.3,1,-1,→,2026-2030,6.85,瑞典数据库管理员：远程友好度高，工作时间规律，就业稳定,"Sweden Database Administrator: highly remote-friendly, regular working hours, stable employment",AI综合评估 + O*NET/ILO/OECD锚点校准,2026-04-13,2026-04-13,2000-2026
TECH-0112-DK-general,信息技术与数字化,TECH,软件开发,数据库管理员,Database Administrator,2521,15-1242.00,北欧,丹麦,DK,country,general,本科,22-30,global,4.8,5.0,5.0,7.8,5.7,6.2,5.6,6.2,8.4,7.9,7.6,10.0,7.9,9.9,8.0,6.0,5.5,1.1,5.0,6.4,9.0,7.2,9.1,6.0,5.4,9.5,7.3,4.6,0.6,1.6,3.1,6.0,8.3,3.3,1,-1,→,2028-2033,6.99,丹麦数据库管理员：薪资回报高，远程友好度高，工作时间规律,"Denmark Database Administrator: high compensation, highly remote-friendly, regular working hours",AI综合评估 + O*NET/ILO/OECD锚点校准,2026-04-13,2026-04-13,2000-2026
TECH-0112-FI-general,信息技术与数字化,TECH,软件开发,数据库管理员,Database Administrator,2521,15-1242.00,北欧,芬兰,FI,country,general,本科,22-30,global,4.8,5.7,5.6,7.8,6.1,6.0,5.8,6.8,8.1,7.1,8.9,10.0,8.7,8.9,8.2,6.0,4.5,1.4,4.5,6.2,9.3,7.4,8.6,6.2,5.8,9.5,7.3,4.2,1.0,2.2,3.9,6.2,8.1,3.3,1,-1,→,2028-2033,6.92,芬兰数据库管理员：薪资回报高，远程友好度高，工作时间规律,"Finland Database Administrator: high compensation, highly remote-friendly, regular working hours",AI综合评估 + O*NET/ILO/OECD锚点校准,2026-04-13,2026-04-13,2000-2026
TECH-0112-IT-general,信息技术与数字化,TECH,软件开发,数据库管理员,Database Administrator,2521,15-1242.00,南欧,意大利,IT,country,general,本科,22-30,global,4.8,5.3,5.6,7.2,5.7,7.0,5.0,5.0,6.6,5.9,6.4,9.5,7.2,6.4,6.0,5.0,4.9,1.7,4.2,5.2,5.7,5.4,5.6,5.8,5.4,5.3,7.1,4.2,1.0,1.6,4.1,5.4,7.1,3.1,1,-1,→,2026-2030,5.92,意大利数据库管理员：发展平稳,Italy Database Administrator: steady development,AI综合评估 + O*NET/ILO/OECD锚点校准,2026-04-13,2026-04-13,2000-2026
TECH-0112-ES-general,信息技术与数字化,TECH,软件开发,数据库管理员,Database Administrator,2521,15-1242.00,南欧,西班牙,ES,country,general,本科,22-30,global,5.3,4.7,4.6,7.0,5.1,6.6,4.4,4.6,6.3,6.4,6.6,9.5,7.2,5.6,5.0,5.6,4.7,1.4,4.4,5.4,8.1,6.7,7.4,5.0,5.0,6.5,7.1,4.8,1.2,1.5,4.1,6.8,7.7,3.5,1,-1,→,2026-2030,6.03,西班牙数据库管理员：发展平稳,Spain Database Administrator: steady development,AI综合评估 + O*NET/ILO/OECD锚点校准,2026-04-13,2026-04-13,2000-2026
TECH-0112-PT-general,信息技术与数字化,TECH,软件开发,数据库管理员,Database Administrator,2521,15-1242.00,南欧,葡萄牙,PT,country,general,本科,22-30,global,4.7,5.0,4.6,7.6,4.9,5.4,4.8,4.6,4.8,5.6,6.4,9.5,6.9,5.9,5.7,5.2,5.1,1.8,4.5,5.6,9.0,7.2,7.1,5.2,5.0,6.8,6.9,4.6,0.7,1.8,3.9,6.0,8.3,2.9,1,-1,→,2028-2033,5.99,葡萄牙数据库管理员：远程友好度高,Portugal Database Administrator: highly remote-friendly,AI综合评估 + O*NET/ILO/OECD锚点校准,2026-04-13,2026-04-13,2000-2026
TECH-0112-PL-general,信息技术与数字化,TECH,软件开发,数据库管理员,Database Administrator,2521,15-1242.00,东欧,波兰,PL,country,general,本科,22-30,global,5.3,4.7,4.8,7.6,5.5,6.6,4.8,4.8,5.4,6.4,6.6,9.3,6.7,7.1,6.0,5.0,5.3,1.5,4.2,5.8,8.1,6.7,7.4,5.8,5.6,6.8,6.5,4.2,1.5,2.1,4.1,5.8,7.7,3.3,1,-1,→,2026-2030,6.09,波兰数据库管理员：发展平稳,Poland Database Administrator: steady development,AI综合评估 + O*NET/ILO/OECD锚点校准,2026-04-13,2026-04-13,2000-2026
TECH-0112-CZ-general,信息技术与数字化,TECH,软件开发,数据库管理员,Database Administrator,2521,15-1242.00,东欧,捷克,CZ,country,general,本科,22-30,global,5.0,5.4,5.2,7.9,5.9,5.6,5.2,4.2,6.3,5.9,6.9,9.8,7.4,6.9,6.7,5.6,4.9,1.5,4.5,5.8,8.4,7.2,6.9,5.2,4.8,6.5,6.9,4.8,1.2,1.6,3.1,5.8,7.7,3.3,1,-1,→,2028-2033,6.21,捷克数据库管理员：发展平稳,Czech Republic Database Administrator: steady development,AI综合评估 + O*NET/ILO/OECD锚点校准,2026-04-13,2026-04-13,2000-2026
TECH-0112-RU-general,信息技术与数字化,TECH,软件开发,数据库管理员,Database Administrator,2521,15-1242.00,东欧,俄罗斯,RU,country,general,本科,22-30,global,5.0,5.1,5.0,6.9,6.3,6.6,5.6,5.0,4.5,6.1,5.6,9.3,6.4,5.6,5.2,5.4,5.5,1.4,4.8,5.0,8.4,6.7,5.1,5.6,5.0,5.3,6.5,4.3,1.2,1.3,4.7,6.8,4.9,2.9,1,-1,→,2028-2033,5.84,俄罗斯数据库管理员：薪资水平偏低,Russia Database Administrator: relatively low pay,AI综合评估 + O*NET/ILO/OECD锚点校准,2026-04-13,2026-04-13,2000-2026
TECH-0112-US-general,信息技术与数字化,TECH,软件开发,数据库管理员,Database Administrator,2521,15-1242.00,北美,美国,US,country,general,本科,22-30,global,5.4,5.4,7.4,7.8,7.9,9.2,6.2,7.0,10.0,9.9,6.9,9.3,6.2,3.9,5.2,6.0,6.7,0.9,4.6,8.0,10.0,6.7,5.6,6.8,6.4,7.4,7.1,4.6,0.7,2.1,3.5,7.0,8.1,2.7,1,0,→,2028-2033,7.04,美国数据库管理员：薪资回报高，远程友好度高,"United States Database Administrator: high compensation, highly remote-friendly",AI综合评估 + O*NET/ILO/OECD锚点校准,2026-04-13,2026-04-13,2000-2026
TECH-0112-CA-general,信息技术与数字化,TECH,软件开发,数据库管理员,Database Administrator,2521,15-1242.00,北美,加拿大,CA,country,general,本科,22-30,global,5.4,5.3,6.0,8.4,7.1,7.2,6.0,6.8,8.1,7.6,7.1,9.5,7.9,7.1,6.5,6.6,5.9,0.8,4.8,6.4,10.0,6.2,7.6,6.0,5.4,8.6,6.9,4.6,0.6,1.8,3.5,6.6,9.5,3.5,1,0,→,2028-2033,6.93,加拿大数据库管理员：薪资回报高，远程友好度高,"Canada Database Administrator: high compensation, highly remote-friendly",AI综合评估 + O*NET/ILO/OECD锚点校准,2026-04-13,2026-04-13,2000-2026
TECH-0112-MX-general,信息技术与数字化,TECH,软件开发,数据库管理员,Database Administrator,2521,15-1242.00,北美,墨西哥,MX,country,general,本科,22-30,global,4.7,4.7,5.0,7.5,4.9,6.6,4.6,4.8,4.8,4.4,5.6,9.5,6.7,4.9,4.5,4.8,4.5,1.8,4.4,4.4,7.2,5.4,4.9,5.2,5.0,4.1,6.9,4.2,0.7,0.9,4.9,5.8,5.9,2.9,1,-1,→,2026-2030,5.5,墨西哥数据库管理员：发展平稳,Mexico Database Administrator: steady development,AI综合评估 + O*NET/ILO/OECD锚点校准,2026-04-13,2026-04-13,2000-2026
TECH-0112-BR-general,信息技术与数字化,TECH,软件开发,数据库管理员,Database Administrator,2521,15-1242.00,南美,巴西,BR,country,general,本科,22-30,global,5.3,5.1,5.2,7.0,6.5,7.0,4.6,4.2,5.1,5.6,4.9,9.3,6.7,5.1,5.7,5.8,4.9,1.5,4.1,4.8,8.4,5.4,6.1,5.8,5.0,5.0,6.3,4.3,0.7,1.8,4.3,6.6,5.5,3.3,1,-1,→,2026-2030,5.71,巴西数据库管理员：发展平稳,Brazil Database Administrator: steady development,AI综合评估 + O*NET/ILO/OECD锚点校准,2026-04-13,2026-04-13,2000-2026
TECH-0112-AR-general,信息技术与数字化,TECH,软件开发,数据库管理员,Database Administrator,2521,15-1242.00,南美,阿根廷,AR,country,general,本科,22-30,global,4.8,4.5,4.4,6.7,4.1,5.8,4.8,5.2,2.7,3.9,4.6,9.5,5.7,5.1,6.0,5.8,4.7,1.7,4.6,4.2,7.5,6.7,5.6,5.4,4.8,5.0,5.9,4.2,1.0,1.3,3.9,5.6,6.7,3.1,1,-1,→,2028-2033,5.45,阿根廷数据库管理员：薪资水平偏低,Argentina Database Administrator: relatively low pay,AI综合评估 + O*NET/ILO/OECD锚点校准,2026-04-13,2026-04-13,2000-2026
TECH-0112-CL-general,信息技术与数字化,TECH,软件开发,数据库管理员,Database Administrator,2521,15-1242.00,南美,智利,CL,country,general,本科,22-30,global,5.1,5.3,3.8,7.3,4.5,4.8,4.6,4.6,4.2,4.6,6.1,9.3,6.4,5.6,6.0,5.6,3.9,1.4,4.4,4.8,6.9,5.7,5.4,5.4,4.0,5.9,6.7,4.5,0.9,1.9,3.7,6.0,6.7,3.5,1,-1,→,2026-2030,5.51,智利数据库管理员：薪资水平偏低,Chile Database Administrator: relatively low pay,AI综合评估 + O*NET/ILO/OECD锚点校准,2026-04-13,2026-04-13,2000-2026
TECH-0112-CO-general,信息技术与数字化,TECH,软件开发,数据库管理员,Database Administrator,2521,15-1242.00,南美,哥伦比亚,CO,country,general,本科,22-30,global,5.1,5.4,3.8,7.6,4.3,5.6,4.0,4.6,3.3,3.9,5.4,9.5,5.9,5.9,5.7,5.0,4.1,1.7,4.4,4.0,7.8,6.2,6.1,5.2,4.8,5.3,5.7,4.5,0.7,0.9,4.3,6.4,6.5,2.9,1,-1,→,2026-2030,5.41,哥伦比亚数据库管理员：薪资水平偏低，供过于求,"Colombia Database Administrator: relatively low pay, oversupply of talent",AI综合评估 + O*NET/ILO/OECD锚点校准,2026-04-13,2026-04-13,2000-2026
TECH-0112-AU-general,信息技术与数字化,TECH,软件开发,数据库管理员,Database Administrator,2521,15-1242.00,大洋洲,澳大利亚,AU,country,general,本科,22-30,global,5.6,5.7,6.0,8.4,6.7,7.6,6.2,6.0,9.3,7.4,7.9,9.8,7.2,8.4,7.2,5.6,5.5,0.8,4.4,6.8,9.6,6.7,7.6,5.6,5.0,8.9,7.9,4.6,0.6,1.8,4.3,5.8,8.7,2.9,1,-1,→,2026-2030,6.93,澳大利亚数据库管理员：薪资回报高，远程友好度高，工作时间规律,"Australia Database Administrator: high compensation, highly remote-friendly, regular working hours",AI综合评估 + O*NET/ILO/OECD锚点校准,2026-04-13,2026-04-13,2000-2026
TECH-0112-NZ-general,信息技术与数字化,TECH,软件开发,数据库管理员,Database Administrator,2521,15-1242.00,大洋洲,新西兰,NZ,country,general,本科,22-30,global,4.8,4.7,5.0,8.1,4.9,5.6,5.8,4.6,6.9,6.4,7.4,9.8,7.4,7.9,7.2,5.2,5.1,1.7,4.6,6.4,9.9,6.9,7.9,5.4,5.0,8.9,6.9,4.6,1.3,1.9,3.3,7.0,8.5,3.5,1,-1,→,2028-2033,6.52,新西兰数据库管理员：远程友好度高，工作时间规律,"New Zealand Database Administrator: highly remote-friendly, regular working hours",AI综合评估 + O*NET/ILO/OECD锚点校准,2026-04-13,2026-04-13,2000-2026
TECH-0112-ZA-general,信息技术与数字化,TECH,软件开发,数据库管理员,Database Administrator,2521,15-1242.00,非洲,南非,ZA,country,general,本科,22-30,global,5.3,5.4,3.8,6.7,4.5,5.8,4.6,4.6,3.9,4.6,5.1,9.3,6.4,6.4,5.5,4.8,4.9,1.5,4.1,4.6,6.0,5.7,4.9,5.4,4.6,5.3,6.1,4.8,1.0,1.8,4.7,5.2,6.1,2.9,1,-1,→,2026-2030,5.35,南非数据库管理员：薪资水平偏低,South Africa Database Administrator: relatively low pay,AI综合评估 + O*NET/ILO/OECD锚点校准,2026-04-13,2026-04-13,2000-2026
TECH-0112-NG-general,信息技术与数字化,TECH,软件开发,数据库管理员,Database Administrator,2521,15-1242.00,非洲,尼日利亚,NG,country,general,本科,22-30,global,4.5,4.8,3.8,6.7,4.9,6.0,3.8,3.4,3.0,4.4,4.6,9.0,6.2,3.9,4.7,4.8,4.7,2.0,4.5,4.4,7.2,5.4,4.1,4.8,5.0,2.0,5.9,4.3,1.0,1.3,4.5,5.2,6.5,3.1,0,-2,↓,2028-2033,5.06,尼日利亚数据库管理员：薪资水平偏低，供过于求，近年需求下降,"Nigeria Database Administrator: relatively low pay, oversupply of talent, declining demand",AI综合评估 + O*NET/ILO/OECD锚点校准,2026-04-13,2026-04-13,2000-2026
TECH-0112-KE-general,信息技术与数字化,TECH,软件开发,数据库管理员,Database Administrator,2521,15-1242.00,非洲,肯尼亚,KE,country,general,本科,22-30,global,4.7,4.5,3.2,6.6,3.7,4.6,4.6,2.8,2.7,3.4,5.6,9.3,6.4,5.6,5.0,4.4,4.7,2.0,4.1,3.6,6.3,5.4,5.4,4.8,4.4,4.4,6.3,4.5,1.2,0.9,4.1,5.4,6.3,3.3,0,-2,↓,2026-2030,5.04,肯尼亚数据库管理员：薪资水平偏低，近年需求下降,"Kenya Database Administrator: relatively low pay, declining demand",AI综合评估 + O*NET/ILO/OECD锚点校准,2026-04-13,2026-04-13,2000-2026
TECH-0112-EG-general,信息技术与数字化,TECH,软件开发,数据库管理员,Database Administrator,2521,15-1242.00,非洲,埃及,EG,country,general,本科,22-30,global,5.0,5.0,3.6,6.9,5.3,6.2,4.0,3.0,1.2,3.4,4.9,9.5,5.2,4.1,5.5,4.4,4.5,2.0,4.2,4.2,6.3,4.9,5.1,5.4,5.0,1.4,6.3,4.6,1.3,1.0,4.7,5.2,5.9,3.3,0,-2,↓,2026-2030,4.89,埃及数据库管理员：薪资水平偏低，供过于求，近年需求下降,"Egypt Database Administrator: relatively low pay, oversupply of talent, declining demand",AI综合评估 + O*NET/ILO/OECD锚点校准,2026-04-13,2026-04-13,2000-2026
TECH-0113-CN-general,信息技术与数字化,TECH,软件开发,技术支持工程师,Technical Support Engineer,2519,15-1232.00,东亚,中国,CN,country,general,大专/本科,20-28,global,3.9,3.5,6.6,5.5,8.0,10.0,6.0,5.5,6.3,7.4,5.6,9.5,5.2,2.1,2.4,5.6,6.8,1.9,4.0,5.6,5.0,3.5,3.7,4.4,5.0,4.1,6.3,7.5,1.8,0.0,5.0,4.9,4.8,1.9,1,0,→,2026-2030,5.77,中国技术支持工程师：AI替代风险较高，加班文化严重,"China Technical Support Engineer: high AI displacement risk, heavy overtime culture",AI综合评估 + O*NET/ILO/OECD锚点校准,2026-04-13,2026-04-13,2000-2026
TECH-0113-JP-general,信息技术与数字化,TECH,软件开发,技术支持工程师,Technical Support Engineer,2519,15-1232.00,东亚,日本,JP,country,general,大专/本科,20-28,global,3.9,3.6,5.6,6.9,7.4,8.5,5.6,4.5,6.3,6.6,6.9,9.7,6.0,2.9,3.9,6.6,5.8,1.7,4.3,5.6,7.1,5.3,5.7,4.6,4.6,5.3,5.5,7.2,1.5,0.6,4.0,4.9,5.0,1.9,1,-1,→,2026-2030,6.0,日本技术支持工程师：加班文化严重,Japan Technical Support Engineer: heavy overtime culture,AI综合评估 + O*NET/ILO/OECD锚点校准,2026-04-13,2026-04-13,2000-2026
TECH-0113-KR-general,信息技术与数字化,TECH,软件开发,技术支持工程师,Technical Support Engineer,2519,15-1232.00,东亚,韩国,KR,country,general,大专/本科,20-28,global,3.3,3.8,5.4,6.0,6.4,8.7,5.4,5.1,6.0,6.4,5.4,9.7,5.2,2.6,3.4,6.0,5.4,1.7,4.3,5.4,5.0,3.8,4.2,4.6,5.0,4.1,5.7,7.2,1.8,0.6,4.0,5.1,6.4,2.1,1,-1,→,2026-2030,5.69,韩国技术支持工程师：加班文化严重,South Korea Technical Support Engineer: heavy overtime culture,AI综合评估 + O*NET/ILO/OECD锚点校准,2026-04-13,2026-04-13,2000-2026
TECH-0113-TW-general,信息技术与数字化,TECH,软件开发,技术支持工程师,Technical Support Engineer,2519,15-1232.00,东亚,中国台湾地区,TW,region,general,大专/本科,20-28,global,3.3,3.3,5.0,6.1,6.0,7.3,5.8,4.7,3.9,5.4,6.1,9.2,5.2,4.4,3.6,6.2,6.2,1.9,3.9,5.0,6.5,4.3,4.9,4.6,4.4,4.7,5.7,7.5,1.9,0.9,3.8,5.7,7.2,1.7,1,-1,→,2026-2030,5.69,中国台湾地区技术支持工程师：薪资水平偏低，AI替代风险较高,"Taiwan (China) Technical Support Engineer: relatively low pay, high AI displacement risk",AI综合评估 + O*NET/ILO/OECD锚点校准,2026-04-13,2026-04-13,2000-2026
TECH-0113-HK-general,信息技术与数字化,TECH,软件开发,技术支持工程师,Technical Support Engineer,2519,15-1232.00,东亚,中国香港地区,HK,region,general,大专/本科,20-28,global,3.3,3.3,4.0,6.1,5.4,6.9,4.8,3.3,6.0,6.4,6.1,9.5,6.2,3.9,3.9,5.6,5.2,2.2,4.3,5.0,6.2,4.5,4.2,4.4,4.2,5.9,5.1,7.5,1.9,0.3,4.6,5.7,9.0,1.9,1,-1,→,2026-2030,5.67,中国香港地区技术支持工程师：发展平稳,Hong Kong (China) Technical Support Engineer: steady development,AI综合评估 + O*NET/ILO/OECD锚点校准,2026-04-13,2026-04-13,2000-2026
TECH-0113-SG-general,信息技术与数字化,TECH,软件开发,技术支持工程师,Technical Support Engineer,2519,15-1232.00,东南亚,新加坡,SG,country,general,大专/本科,20-28,global,3.8,3.3,5.2,6.3,5.6,7.3,6.0,5.3,7.2,8.1,7.6,9.7,6.0,3.9,4.6,6.6,6.0,1.3,4.3,6.6,7.4,4.3,4.7,5.4,4.6,7.1,6.1,7.5,1.3,0.8,4.2,5.3,8.4,1.9,1,0,→,2026-2030,6.33,新加坡技术支持工程师：就业稳定,Singapore Technical Support Engineer: stable employment,AI综合评估 + O*NET/ILO/OECD锚点校准,2026-04-13,2026-04-13,2000-2026
TECH-0113-TH-general,信息技术与数字化,TECH,软件开发,技术支持工程师,Technical Support Engineer,2519,15-1232.00,东南亚,泰国,TH,country,general,大专/本科,20-28,global,3.2,3.9,3.2,6.3,5.0,6.9,4.2,3.9,1.2,4.2,4.9,9.7,6.0,6.6,6.1,5.4,5.2,2.2,4.3,3.4,5.3,4.8,4.7,4.0,4.4,5.6,5.3,7.2,1.2,0.3,4.0,4.7,5.8,1.9,1,-1,→,2026-2030,5.22,泰国技术支持工程师：薪资水平偏低,Thailand Technical Support Engineer: relatively low pay,AI综合评估 + O*NET/ILO/OECD锚点校准,2026-04-13,2026-04-13,2000-2026
TECH-0113-VN-general,信息技术与数字化,TECH,软件开发,技术支持工程师,Technical Support Engineer,2519,15-1232.00,东南亚,越南,VN,country,general,大专/本科,20-28,global,3.6,3.6,3.8,5.7,5.8,8.1,4.4,3.5,2.1,3.6,5.4,9.2,6.0,4.4,4.1,4.6,5.4,2.2,3.9,3.8,6.5,4.3,5.2,4.2,3.6,5.3,5.5,7.6,1.8,0.2,5.2,5.3,6.0,2.3,1,-1,→,2026-2030,5.15,越南技术支持工程师：薪资水平偏低，AI替代风险较高,"Vietnam Technical Support Engineer: relatively low pay, high AI displacement risk",AI综合评估 + O*NET/ILO/OECD锚点校准,2026-04-13,2026-04-13,2000-2026
TECH-0113-ID-general,信息技术与数字化,TECH,软件开发,技术支持工程师,Technical Support Engineer,2519,15-1232.00,东南亚,印度尼西亚,ID,country,general,大专/本科,20-28,global,2.9,3.2,4.2,6.0,5.4,7.5,3.2,3.3,2.1,3.4,4.4,9.5,6.2,5.4,4.6,5.4,5.8,2.0,3.7,3.2,4.7,4.8,5.2,4.4,5.0,4.7,5.9,7.6,1.5,0.8,4.4,5.3,5.0,1.9,1,-1,→,2026-2030,5.13,印度尼西亚技术支持工程师：薪资水平偏低，供过于求，AI替代风险较高,"Indonesia Technical Support Engineer: relatively low pay, oversupply of talent, high AI displacement risk",AI综合评估 + O*NET/ILO/OECD锚点校准,2026-04-13,2026-04-13,2000-2026
TECH-0113-MY-general,信息技术与数字化,TECH,软件开发,技术支持工程师,Technical Support Engineer,2519,15-1232.00,东南亚,马来西亚,MY,country,general,大专/本科,20-28,global,3.5,3.5,4.4,5.8,5.2,6.3,4.0,2.9,2.7,4.9,5.9,9.2,5.7,4.9,4.4,5.8,4.8,2.2,4.0,4.2,5.3,4.8,4.9,4.4,3.8,5.0,5.3,7.8,1.2,0.8,4.2,5.1,6.0,1.9,1,-1,→,2026-2030,5.24,马来西亚技术支持工程师：薪资水平偏低，供过于求，AI替代风险较高,"Malaysia Technical Support Engineer: relatively low pay, oversupply of talent, high AI displacement risk",AI综合评估 + O*NET/ILO/OECD锚点校准,2026-04-13,2026-04-13,2000-2026
TECH-0113-PH-general,信息技术与数字化,TECH,软件开发,技术支持工程师,Technical Support Engineer,2519,15-1232.00,东南亚,菲律宾,PH,country,general,大专/本科,20-28,global,3.0,3.5,3.2,5.4,4.8,7.3,3.6,2.9,0.3,3.4,3.9,9.7,6.5,4.9,4.6,5.0,5.4,1.9,3.9,4.0,7.1,5.3,5.4,4.6,3.8,6.5,5.7,7.9,1.5,0.6,5.0,5.9,7.0,2.5,1,-1,→,2026-2030,5.11,菲律宾技术支持工程师：薪资水平偏低，供过于求，AI替代风险较高,"Philippines Technical Support Engineer: relatively low pay, oversupply of talent, high AI displacement risk",AI综合评估 + O*NET/ILO/OECD锚点校准,2026-04-13,2026-04-13,2000-2026
TECH-0113-IN-general,信息技术与数字化,TECH,软件开发,技术支持工程师,Technical Support Engineer,2519,15-1232.00,南亚,印度,IN,country,general,大专/本科,20-28,global,4.1,3.6,6.0,6.0,6.8,9.1,5.4,4.5,3.6,6.2,5.4,9.2,5.0,3.4,4.6,5.2,6.0,1.3,3.9,4.8,7.4,4.5,4.7,5.0,4.8,4.4,5.7,7.8,1.2,0.2,4.8,6.3,7.6,1.7,1,-1,→,2026-2030,5.78,印度技术支持工程师：薪资水平偏低，AI替代风险较高，加班文化严重,"India Technical Support Engineer: relatively low pay, high AI displacement risk, heavy overtime culture",AI综合评估 + O*NET/ILO/OECD锚点校准,2026-04-13,2026-04-13,2000-2026
TECH-0113-PK-general,信息技术与数字化,TECH,软件开发,技术支持工程师,Technical Support Engineer,2519,15-1232.00,南亚,巴基斯坦,PK,country,general,大专/本科,20-28,global,3.3,3.3,3.6,5.1,4.2,6.5,3.2,1.9,1.2,2.7,4.1,9.2,5.0,4.9,3.6,5.0,4.2,2.5,3.3,3.0,6.5,4.0,5.2,3.4,3.4,2.3,5.5,7.8,1.5,0.5,5.2,6.1,5.4,1.9,0,-2,↓,2026-2030,4.61,巴基斯坦技术支持工程师：薪资水平偏低，供过于求，AI替代风险较高,"Pakistan Technical Support Engineer: relatively low pay, oversupply of talent, high AI displacement risk",AI综合评估 + O*NET/ILO/OECD锚点校准,2026-04-13,2026-04-13,2000-2026
TECH-0113-BD-general,信息技术与数字化,TECH,软件开发,技术支持工程师,Technical Support Engineer,2519,15-1232.00,南亚,孟加拉国,BD,country,general,大专/本科,20-28,global,3.5,3.6,2.6,5.5,4.2,5.7,3.4,1.3,0.0,3.4,3.1,9.5,6.2,4.1,3.9,5.2,4.2,2.5,4.0,2.6,6.2,5.0,5.2,3.2,4.0,1.7,5.7,7.9,1.5,0.0,5.4,5.9,5.2,2.5,0,-2,↓,2026-2030,4.52,孟加拉国技术支持工程师：薪资水平偏低，供过于求，AI替代风险较高,"Bangladesh Technical Support Engineer: relatively low pay, oversupply of talent, high AI displacement risk",AI综合评估 + O*NET/ILO/OECD锚点校准,2026-04-13,2026-04-13,2000-2026
TECH-0113-AE-general,信息技术与数字化,TECH,软件开发,技术支持工程师,Technical Support Engineer,2519,15-1232.00,中亚/西亚,阿联酋,AE,country,general,大专/本科,20-28,global,3.9,3.6,5.0,6.0,5.2,6.7,4.8,4.5,8.1,7.9,5.9,10.0,6.5,5.4,5.4,5.6,5.8,1.9,4.3,5.6,5.6,5.5,5.4,5.2,4.4,5.9,6.1,7.8,1.5,0.3,4.8,5.3,8.2,1.9,1,-1,→,2026-2030,6.11,阿联酋技术支持工程师：薪资回报高,United Arab Emirates Technical Support Engineer: high compensation,AI综合评估 + O*NET/ILO/OECD锚点校准,2026-04-13,2026-04-13,2000-2026
TECH-0113-IL-general,信息技术与数字化,TECH,软件开发,技术支持工程师,Technical Support Engineer,2519,15-1232.00,中亚/西亚,以色列,IL,country,general,大专/本科,20-28,global,3.8,3.5,5.6,6.3,7.0,8.5,5.4,4.7,7.8,7.9,5.9,9.2,7.0,5.4,4.9,6.0,6.4,1.3,4.6,6.4,8.9,5.3,5.4,4.8,4.4,7.1,6.7,7.6,1.5,0.2,4.0,5.5,8.0,2.5,1,0,→,2028-2033,6.46,以色列技术支持工程师：远程友好度高,Israel Technical Support Engineer: highly remote-friendly,AI综合评估 + O*NET/ILO/OECD锚点校准,2026-04-13,2026-04-13,2000-2026
TECH-0113-SA-general,信息技术与数字化,TECH,软件开发,技术支持工程师,Technical Support Engineer,2519,15-1232.00,中亚/西亚,沙特阿拉伯,SA,country,general,大专/本科,20-28,global,3.5,3.3,4.4,6.4,5.0,6.5,4.8,3.3,6.0,5.6,6.1,9.2,6.5,4.6,4.6,5.8,5.2,1.9,3.9,4.8,4.4,4.5,5.9,4.6,4.4,2.6,5.9,7.3,1.3,0.5,5.0,4.5,5.2,1.9,1,-1,→,2026-2030,5.48,沙特阿拉伯技术支持工程师：AI替代风险较高,Saudi Arabia Technical Support Engineer: high AI displacement risk,AI综合评估 + O*NET/ILO/OECD锚点校准,2026-04-13,2026-04-13,2000-2026
TECH-0113-TR-general,信息技术与数字化,TECH,软件开发,技术支持工程师,Technical Support Engineer,2519,15-1232.00,中亚/西亚,土耳其,TR,country,general,大专/本科,20-28,global,3.0,3.9,4.0,6.0,5.8,7.7,4.8,2.9,3.3,4.2,3.4,9.5,6.0,4.4,4.4,5.0,6.2,1.7,3.7,4.0,5.9,3.8,5.2,4.8,4.6,3.2,5.7,7.6,1.2,0.0,5.6,5.1,5.4,1.9,1,-1,→,2026-2030,5.2,土耳其技术支持工程师：薪资水平偏低，AI替代风险较高，就业波动大,"Turkey Technical Support Engineer: relatively low pay, high AI displacement risk, volatile employment",AI综合评估 + O*NET/ILO/OECD锚点校准,2026-04-13,2026-04-13,2000-2026
TECH-0113-GB-general,信息技术与数字化,TECH,软件开发,技术支持工程师,Technical Support Engineer,2519,15-1232.00,西欧,英国,GB,country,general,大专/本科,20-28,global,3.3,3.6,6.2,6.0,6.6,9.1,5.8,5.1,7.2,8.1,6.4,9.5,6.2,6.1,5.9,5.6,5.6,1.7,4.6,6.4,8.9,6.3,6.9,5.2,5.2,8.0,6.7,7.6,1.5,0.5,4.0,6.5,8.0,1.5,1,0,→,2028-2033,6.65,英国技术支持工程师：远程友好度高,United Kingdom Technical Support Engineer: highly remote-friendly,AI综合评估 + O*NET/ILO/OECD锚点校准,2026-04-13,2026-04-13,2000-2026
TECH-0113-FR-general,信息技术与数字化,TECH,软件开发,技术支持工程师,Technical Support Engineer,2519,15-1232.00,西欧,法国,FR,country,general,大专/本科,20-28,global,3.5,3.9,5.0,6.7,6.6,8.5,5.8,5.3,6.0,6.9,7.4,10.0,7.5,7.6,6.1,5.6,6.6,1.3,4.0,5.2,6.5,5.3,8.2,4.8,5.0,6.5,7.1,7.5,1.2,0.6,4.6,6.3,7.6,1.5,1,-1,→,2026-2030,6.48,法国技术支持工程师：AI替代风险较高，工作时间规律,"France Technical Support Engineer: high AI displacement risk, regular working hours",AI综合评估 + O*NET/ILO/OECD锚点校准,2026-04-13,2026-04-13,2000-2026
TECH-0113-DE-general,信息技术与数字化,TECH,软件开发,技术支持工程师,Technical Support Engineer,2519,15-1232.00,西欧,德国,DE,country,general,大专/本科,20-28,global,3.8,3.3,6.2,6.9,6.6,8.5,5.0,4.9,6.9,7.7,7.6,9.5,7.2,8.4,6.4,5.6,6.2,1.6,3.7,5.2,8.0,5.8,8.4,4.8,5.4,7.1,7.1,7.9,1.6,0.8,3.8,5.3,8.0,1.3,1,-1,→,2026-2030,6.64,德国技术支持工程师：AI替代风险较高，工作时间规律，就业稳定,"Germany Technical Support Engineer: high AI displacement risk, regular working hours, stable employment",AI综合评估 + O*NET/ILO/OECD锚点校准,2026-04-13,2026-04-13,2000-2026
TECH-0113-NL-general,信息技术与数字化,TECH,软件开发,技术支持工程师,Technical Support Engineer,2519,15-1232.00,西欧,荷兰,NL,country,general,大专/本科,20-28,global,3.8,3.5,6.0,6.4,6.0,7.3,4.8,4.3,7.5,6.4,6.6,9.7,8.2,9.1,6.6,5.8,5.8,1.4,3.7,5.8,10.0,5.8,9.2,5.4,4.4,8.9,7.5,7.8,1.6,0.3,4.2,5.9,8.2,2.1,1,-1,→,2026-2030,6.68,荷兰技术支持工程师：AI替代风险较高，远程友好度高，工作时间规律,"Netherlands Technical Support Engineer: high AI displacement risk, highly remote-friendly, regular working hours",AI综合评估 + O*NET/ILO/OECD锚点校准,2026-04-13,2026-04-13,2000-2026
TECH-0113-CH-general,信息技术与数字化,TECH,软件开发,技术支持工程师,Technical Support Engineer,2519,15-1232.00,西欧,瑞士,CH,country,general,大专/本科,20-28,global,3.8,4.1,5.0,7.2,6.0,7.1,5.6,4.7,9.9,8.1,8.9,10.0,8.0,6.9,5.9,5.4,5.8,1.4,3.9,6.2,8.0,5.5,8.2,4.8,4.4,6.5,7.3,7.9,1.5,0.6,4.2,6.1,8.4,1.9,1,-1,→,2026-2030,6.75,瑞士技术支持工程师：薪资回报高，AI替代风险较高，就业稳定,"Switzerland Technical Support Engineer: high compensation, high AI displacement risk, stable employment",AI综合评估 + O*NET/ILO/OECD锚点校准,2026-04-13,2026-04-13,2000-2026
TECH-0113-SE-general,信息技术与数字化,TECH,软件开发,技术支持工程师,Technical Support Engineer,2519,15-1232.00,北欧,瑞典,SE,country,general,大专/本科,20-28,global,3.3,4.1,5.8,6.4,5.6,7.9,5.6,5.1,6.6,6.9,6.9,9.7,8.2,8.9,6.9,6.0,5.2,1.6,4.3,5.2,9.2,6.5,8.2,5.4,4.6,9.8,7.3,7.6,1.9,1.1,4.0,5.5,8.4,2.5,1,-1,→,2026-2030,6.68,瑞典技术支持工程师：远程友好度高，工作时间规律,"Sweden Technical Support Engineer: highly remote-friendly, regular working hours",AI综合评估 + O*NET/ILO/OECD锚点校准,2026-04-13,2026-04-13,2000-2026
TECH-0113-DK-general,信息技术与数字化,TECH,软件开发,技术支持工程师,Technical Support Engineer,2519,15-1232.00,北欧,丹麦,DK,country,general,大专/本科,20-28,global,3.3,3.8,4.6,6.6,5.0,7.5,5.0,4.9,6.9,6.6,7.9,9.5,8.0,9.1,7.4,5.6,4.8,1.6,4.3,5.6,8.0,6.0,8.2,4.8,4.4,10.0,6.7,7.8,1.5,1.1,3.8,5.3,8.2,2.7,1,-1,→,2026-2030,6.54,丹麦技术支持工程师：工作时间规律，就业稳定,"Denmark Technical Support Engineer: regular working hours, stable employment",AI综合评估 + O*NET/ILO/OECD锚点校准,2026-04-13,2026-04-13,2000-2026
TECH-0113-FI-general,信息技术与数字化,TECH,软件开发,技术支持工程师,Technical Support Engineer,2519,15-1232.00,北欧,芬兰,FI,country,general,大专/本科,20-28,global,3.5,3.5,4.8,6.4,5.2,6.9,5.8,5.1,6.0,6.2,7.1,9.5,8.7,8.9,7.1,6.4,5.2,1.6,3.9,4.8,8.6,6.0,8.9,5.4,5.0,10.0,7.3,7.5,1.3,0.6,3.6,5.7,8.2,1.9,1,-1,→,2026-2030,6.59,芬兰技术支持工程师：AI替代风险较高，远程友好度高，工作时间规律,"Finland Technical Support Engineer: high AI displacement risk, highly remote-friendly, regular working hours",AI综合评估 + O*NET/ILO/OECD锚点校准,2026-04-13,2026-04-13,2000-2026
TECH-0113-IT-general,信息技术与数字化,TECH,软件开发,技术支持工程师,Technical Support Engineer,2519,15-1232.00,南欧,意大利,IT,country,general,大专/本科,20-28,global,3.5,3.3,5.0,6.0,6.2,8.5,4.6,3.5,4.5,5.4,4.9,9.5,6.7,6.4,5.9,5.6,5.8,2.0,4.0,4.2,6.2,5.5,6.9,4.6,4.8,5.3,6.3,7.6,1.5,0.9,4.0,5.7,7.2,2.1,1,-1,→,2026-2030,5.82,意大利技术支持工程师：薪资水平偏低，AI替代风险较高,"Italy Technical Support Engineer: relatively low pay, high AI displacement risk",AI综合评估 + O*NET/ILO/OECD锚点校准,2026-04-13,2026-04-13,2000-2026
TECH-0113-ES-general,信息技术与数字化,TECH,软件开发,技术支持工程师,Technical Support Engineer,2519,15-1232.00,南欧,西班牙,ES,country,general,大专/本科,20-28,global,3.6,3.5,4.2,5.8,5.4,7.1,3.8,2.9,4.5,5.9,5.1,9.5,7.0,6.4,5.9,4.8,6.0,2.2,4.1,4.6,6.5,5.0,7.2,4.2,4.8,6.5,6.5,7.2,1.5,1.1,4.8,5.1,6.4,2.1,1,-1,→,2026-2030,5.64,西班牙技术支持工程师：薪资水平偏低，供过于求,"Spain Technical Support Engineer: relatively low pay, oversupply of talent",AI综合评估 + O*NET/ILO/OECD锚点校准,2026-04-13,2026-04-13,2000-2026
TECH-0113-PT-general,信息技术与数字化,TECH,软件开发,技术支持工程师,Technical Support Engineer,2519,15-1232.00,南欧,葡萄牙,PT,country,general,大专/本科,20-28,global,3.9,3.5,4.2,5.7,4.4,6.5,4.2,3.1,2.7,5.4,5.1,9.5,6.5,6.1,5.1,5.0,4.6,2.0,3.7,4.6,8.0,5.5,7.2,4.8,4.6,6.8,5.9,7.5,1.9,0.6,4.6,5.9,7.8,2.7,1,-1,→,2026-2030,5.54,葡萄牙技术支持工程师：薪资水平偏低，AI替代风险较高,"Portugal Technical Support Engineer: relatively low pay, high AI displacement risk",AI综合评估 + O*NET/ILO/OECD锚点校准,2026-04-13,2026-04-13,2000-2026
TECH-0113-PL-general,信息技术与数字化,TECH,软件开发,技术支持工程师,Technical Support Engineer,2519,15-1232.00,东欧,波兰,PL,country,general,大专/本科,20-28,global,3.3,3.8,4.4,6.4,5.8,7.3,5.2,3.3,3.6,5.6,6.4,9.5,7.5,6.6,5.4,5.2,5.2,2.2,4.1,5.0,8.0,5.5,6.4,4.6,4.2,6.5,6.5,7.6,1.2,0.3,4.2,5.9,7.4,2.3,1,-1,→,2026-2030,5.87,波兰技术支持工程师：薪资水平偏低,Poland Technical Support Engineer: relatively low pay,AI综合评估 + O*NET/ILO/OECD锚点校准,2026-04-13,2026-04-13,2000-2026
TECH-0113-CZ-general,信息技术与数字化,TECH,软件开发,技术支持工程师,Technical Support Engineer,2519,15-1232.00,东欧,捷克,CZ,country,general,大专/本科,20-28,global,4.1,3.8,5.0,6.4,5.4,7.5,4.4,2.9,5.1,5.2,6.6,9.7,7.2,6.9,5.6,6.2,6.0,1.9,4.3,4.4,8.0,4.8,7.9,4.4,4.8,5.6,6.5,7.6,1.8,0.5,3.8,6.3,8.0,2.5,1,-1,→,2026-2030,5.99,捷克技术支持工程师：发展平稳,Czech Republic Technical Support Engineer: steady development,AI综合评估 + O*NET/ILO/OECD锚点校准,2026-04-13,2026-04-13,2000-2026
TECH-0113-RU-general,信息技术与数字化,TECH,软件开发,技术支持工程师,Technical Support Engineer,2519,15-1232.00,东欧,俄罗斯,RU,country,general,大专/本科,20-28,global,3.8,3.6,5.6,5.2,6.0,7.5,5.2,2.9,3.9,4.4,3.9,9.2,5.7,6.1,5.4,5.2,6.0,1.7,3.7,4.8,6.8,5.3,5.2,4.6,3.8,5.0,5.7,7.8,1.8,0.0,4.8,5.7,3.8,2.1,1,-1,→,2026-2030,5.45,俄罗斯技术支持工程师：薪资水平偏低，AI替代风险较高，就业波动大,"Russia Technical Support Engineer: relatively low pay, high AI displacement risk, volatile employment",AI综合评估 + O*NET/ILO/OECD锚点校准,2026-04-13,2026-04-13,2000-2026
TECH-0113-US-general,信息技术与数字化,TECH,软件开发,技术支持工程师,Technical Support Engineer,2519,15-1232.00,北美,美国,US,country,general,大专/本科,20-28,global,3.6,4.2,6.8,6.0,7.8,10.0,6.2,5.3,9.3,8.9,5.4,9.2,5.7,4.9,4.9,6.8,6.2,1.7,4.4,6.4,10.0,4.8,4.9,5.6,5.8,6.8,6.7,7.5,1.2,0.6,4.4,6.3,7.8,1.5,1,0,→,2026-2030,6.69,美国技术支持工程师：薪资回报高，远程友好度高,"United States Technical Support Engineer: high compensation, highly remote-friendly",AI综合评估 + O*NET/ILO/OECD锚点校准,2026-04-13,2026-04-13,2000-2026
TECH-0113-CA-general,信息技术与数字化,TECH,软件开发,技术支持工程师,Technical Support Engineer,2519,15-1232.00,北美,加拿大,CA,country,general,大专/本科,20-28,global,3.3,3.8,5.8,6.4,7.2,8.5,5.0,4.5,7.2,6.6,6.9,10.0,6.7,7.1,6.4,6.0,6.4,1.4,4.6,5.8,10.0,5.5,7.9,4.6,5.4,8.3,6.1,7.2,1.6,0.9,4.4,6.3,8.0,2.3,1,0,→,2028-2033,6.63,加拿大技术支持工程师：远程友好度高,Canada Technical Support Engineer: highly remote-friendly,AI综合评估 + O*NET/ILO/OECD锚点校准,2026-04-13,2026-04-13,2000-2026
TECH-0113-MX-general,信息技术与数字化,TECH,软件开发,技术支持工程师,Technical Support Engineer,2519,15-1232.00,北美,墨西哥,MX,country,general,大专/本科,20-28,global,3.6,3.3,4.8,5.8,6.0,8.5,3.8,2.9,3.0,3.9,4.1,9.2,6.0,4.6,4.6,4.8,5.8,2.3,3.9,4.4,6.2,4.3,5.4,4.0,4.6,4.1,5.7,7.8,1.6,0.0,5.4,5.7,5.6,1.7,1,-1,→,2026-2030,5.23,墨西哥技术支持工程师：薪资水平偏低，供过于求，AI替代风险较高,"Mexico Technical Support Engineer: relatively low pay, oversupply of talent, high AI displacement risk",AI综合评估 + O*NET/ILO/OECD锚点校准,2026-04-13,2026-04-13,2000-2026
TECH-0113-BR-general,信息技术与数字化,TECH,软件开发,技术支持工程师,Technical Support Engineer,2519,15-1232.00,南美,巴西,BR,country,general,大专/本科,20-28,global,3.8,3.8,5.0,5.5,6.4,8.3,4.8,2.9,3.0,4.6,4.1,9.2,6.0,4.9,4.1,5.4,5.4,2.0,4.3,3.8,8.3,5.5,5.7,3.8,5.2,4.1,6.1,7.3,1.8,0.8,4.4,5.7,5.0,1.5,1,-1,→,2026-2030,5.41,巴西技术支持工程师：薪资水平偏低,Brazil Technical Support Engineer: relatively low pay,AI综合评估 + O*NET/ILO/OECD锚点校准,2026-04-13,2026-04-13,2000-2026
TECH-0113-AR-general,信息技术与数字化,TECH,软件开发,技术支持工程师,Technical Support Engineer,2519,15-1232.00,南美,阿根廷,AR,country,general,大专/本科,20-28,global,3.2,3.2,4.0,5.4,5.0,6.9,4.8,3.5,1.8,4.2,3.6,9.0,6.7,4.6,4.9,5.6,5.4,2.2,3.7,3.2,7.1,5.5,4.9,4.8,4.6,5.6,5.5,7.2,1.5,0.5,4.4,5.3,5.2,2.7,1,-1,→,2026-2030,5.18,阿根廷技术支持工程师：薪资水平偏低，AI替代风险较高，就业波动大,"Argentina Technical Support Engineer: relatively low pay, high AI displacement risk, volatile employment",AI综合评估 + O*NET/ILO/OECD锚点校准,2026-04-13,2026-04-13,2000-2026
TECH-0113-CL-general,信息技术与数字化,TECH,软件开发,技术支持工程师,Technical Support Engineer,2519,15-1232.00,南美,智利,CL,country,general,大专/本科,20-28,global,3.3,3.2,4.2,6.0,4.6,6.7,3.6,3.3,3.6,4.4,5.6,9.5,7.0,6.1,4.9,4.6,4.6,2.2,4.0,4.4,7.1,5.3,6.2,4.4,3.4,5.0,6.3,7.3,1.9,0.6,4.4,5.7,6.0,2.1,1,-1,→,2026-2030,5.41,智利技术支持工程师：薪资水平偏低，供过于求，AI替代风险较高,"Chile Technical Support Engineer: relatively low pay, oversupply of talent, high AI displacement risk",AI综合评估 + O*NET/ILO/OECD锚点校准,2026-04-13,2026-04-13,2000-2026
TECH-0113-CO-general,信息技术与数字化,TECH,软件开发,技术支持工程师,Technical Support Engineer,2519,15-1232.00,南美,哥伦比亚,CO,country,general,大专/本科,20-28,global,3.3,3.2,3.4,5.8,5.2,7.3,3.4,3.1,2.4,3.6,4.9,9.5,5.7,5.9,4.4,5.0,4.8,2.3,4.1,3.2,7.7,4.0,5.4,4.0,3.4,4.1,5.9,7.3,1.5,0.0,4.4,5.3,4.8,2.1,1,-1,→,2026-2030,5.1,哥伦比亚技术支持工程师：薪资水平偏低，供过于求,"Colombia Technical Support Engineer: relatively low pay, oversupply of talent",AI综合评估 + O*NET/ILO/OECD锚点校准,2026-04-13,2026-04-13,2000-2026
TECH-0113-AU-general,信息技术与数字化,TECH,软件开发,技术支持工程师,Technical Support Engineer,2519,15-1232.00,大洋洲,澳大利亚,AU,country,general,大专/本科,20-28,global,3.3,4.1,4.6,6.9,6.4,8.1,5.6,5.5,6.6,7.2,6.6,10.0,7.2,8.4,7.1,6.0,5.8,1.7,4.5,5.2,8.3,6.0,7.2,4.6,5.2,8.3,6.3,7.2,1.2,0.8,3.6,5.3,8.4,1.5,1,-1,→,2026-2030,6.59,澳大利亚技术支持工程师：工作时间规律,Australia Technical Support Engineer: regular working hours,AI综合评估 + O*NET/ILO/OECD锚点校准,2026-04-13,2026-04-13,2000-2026
TECH-0113-NZ-general,信息技术与数字化,TECH,软件开发,技术支持工程师,Technical Support Engineer,2519,15-1232.00,大洋洲,新西兰,NZ,country,general,大专/本科,20-28,global,3.3,3.9,4.8,6.6,5.8,6.3,5.4,2.9,5.4,5.9,7.4,10.0,8.0,8.6,6.6,6.2,5.4,2.0,3.6,4.8,8.0,6.0,8.9,5.2,5.0,9.5,7.1,7.9,1.5,0.3,3.6,5.3,8.0,2.7,1,-1,→,2026-2030,6.34,新西兰技术支持工程师：AI替代风险较高，工作时间规律,"New Zealand Technical Support Engineer: high AI displacement risk, regular working hours",AI综合评估 + O*NET/ILO/OECD锚点校准,2026-04-13,2026-04-13,2000-2026
TECH-0113-ZA-general,信息技术与数字化,TECH,软件开发,技术支持工程师,Technical Support Engineer,2519,15-1232.00,非洲,南非,ZA,country,general,大专/本科,20-28,global,3.3,3.2,3.4,5.8,4.2,7.1,3.2,3.1,3.0,4.4,4.4,9.7,6.5,5.9,4.6,4.8,5.4,2.3,3.5,3.8,5.3,4.3,4.9,4.6,4.6,5.3,5.3,7.2,1.6,0.3,5.4,5.9,5.2,1.9,1,-1,→,2026-2030,5.09,南非技术支持工程师：薪资水平偏低，供过于求，AI替代风险较高,"South Africa Technical Support Engineer: relatively low pay, oversupply of talent, high AI displacement risk",AI综合评估 + O*NET/ILO/OECD锚点校准,2026-04-13,2026-04-13,2000-2026
TECH-0113-NG-general,信息技术与数字化,TECH,软件开发,技术支持工程师,Technical Support Engineer,2519,15-1232.00,非洲,尼日利亚,NG,country,general,大专/本科,20-28,global,3.6,3.6,3.6,5.4,4.6,6.5,2.8,2.1,1.2,3.4,3.1,9.5,6.2,4.6,3.9,5.2,5.2,2.3,4.1,3.4,5.6,4.5,4.9,3.6,3.8,3.5,5.1,7.2,1.2,0.5,4.8,5.5,5.6,2.9,0,-2,↓,2026-2030,4.71,尼日利亚技术支持工程师：薪资水平偏低，供过于求，就业波动大,"Nigeria Technical Support Engineer: relatively low pay, oversupply of talent, volatile employment",AI综合评估 + O*NET/ILO/OECD锚点校准,2026-04-13,2026-04-13,2000-2026
TECH-0113-KE-general,信息技术与数字化,TECH,软件开发,技术支持工程师,Technical Support Engineer,2519,15-1232.00,非洲,肯尼亚,KE,country,general,大专/本科,20-28,global,3.2,3.3,3.2,5.2,3.8,5.7,3.2,2.3,1.2,3.6,3.6,9.2,5.5,5.4,4.4,4.4,4.4,2.6,3.9,3.2,7.1,5.0,4.2,4.0,3.8,4.7,5.1,7.2,1.9,0.0,4.6,4.7,6.4,1.9,0,-2,↓,2026-2030,4.77,肯尼亚技术支持工程师：薪资水平偏低，供过于求，AI替代风险较高,"Kenya Technical Support Engineer: relatively low pay, oversupply of talent, high AI displacement risk",AI综合评估 + O*NET/ILO/OECD锚点校准,2026-04-13,2026-04-13,2000-2026
TECH-0113-EG-general,信息技术与数字化,TECH,软件开发,技术支持工程师,Technical Support Engineer,2519,15-1232.00,非洲,埃及,EG,country,general,大专/本科,20-28,global,3.5,2.9,4.0,5.5,4.6,7.5,3.8,1.3,1.5,3.1,3.9,9.5,5.5,4.6,4.6,5.2,5.2,2.6,3.7,3.8,5.6,3.8,4.7,4.0,4.6,2.3,6.1,7.6,1.8,0.0,5.4,5.7,5.2,1.7,0,-2,↓,2026-2030,4.81,埃及技术支持工程师：薪资水平偏低，供过于求，AI替代风险较高,"Egypt Technical Support Engineer: relatively low pay, oversupply of talent, high AI displacement risk",AI综合评估 + O*NET/ILO/OECD锚点校准,2026-04-13,2026-04-13,2000-2026
TECH-0201-CN-general,信息技术与数字化,TECH,人工智能与数据,机器学习工程师,Machine Learning Engineer,2511,15-2051.00,东亚,中国,CN,country,general,硕士/博士,24-30,global,7.0,7.1,9.7,6.5,10.0,8.5,9.1,9.3,10.0,9.8,4.6,9.7,5.5,0.5,3.1,8.7,8.5,0.9,7.4,9.6,6.1,7.2,2.7,9.0,8.6,4.9,5.3,5.3,1.2,0.2,4.2,6.1,8.4,3.1,5,5,↑↑,2032-2038,7.19,中国机器学习工程师：薪资回报高，人才需求旺盛，加班文化严重,"China Machine Learning Engineer: high compensation, strong talent demand, heavy overtime culture",AI综合评估 + O*NET/ILO/OECD锚点校准,2026-04-13,2026-04-13,2000-2026
TECH-0201-JP-general,信息技术与数字化,TECH,人工智能与数据,机器学习工程师,Machine Learning Engineer,2511,15-2051.00,东亚,日本,JP,country,general,硕士/博士,24-30,global,7.7,7.0,9.3,7.9,9.8,7.5,9.7,10.0,10.0,9.1,6.9,10.0,5.5,3.0,3.4,8.1,8.1,1.2,7.5,9.2,8.2,7.4,4.2,8.0,8.2,3.1,5.7,4.8,0.9,1.1,3.2,7.1,8.0,2.3,5,5,↑↑,2032-2038,7.39,日本机器学习工程师：薪资回报高，人才需求旺盛，AI替代抗性强,"Japan Machine Learning Engineer: high compensation, strong talent demand, strong AI resistance",AI综合评估 + O*NET/ILO/OECD锚点校准,2026-04-13,2026-04-13,2000-2026
TECH-0201-KR-general,信息技术与数字化,TECH,人工智能与数据,机器学习工程师,Machine Learning Engineer,2511,15-2051.00,东亚,韩国,KR,country,general,硕士/博士,24-30,global,7.0,7.4,8.9,7.0,9.8,7.5,9.1,9.7,9.4,8.6,5.6,9.2,5.0,1.7,3.4,7.9,7.5,1.2,7.5,8.8,7.3,6.7,3.7,8.2,7.4,3.4,5.1,5.3,0.7,0.2,4.4,6.9,8.8,2.7,5,5,↑↑,2032-2038,7.05,韩国机器学习工程师：薪资回报高，人才需求旺盛，AI替代抗性强,"South Korea Machine Learning Engineer: high compensation, strong talent demand, strong AI resistance",AI综合评估 + O*NET/ILO/OECD锚点校准,2026-04-13,2026-04-13,2000-2026
TECH-0201-TW-general,信息技术与数字化,TECH,人工智能与数据,机器学习工程师,Machine Learning Engineer,2511,15-2051.00,东亚,中国台湾地区,TW,region,general,硕士/博士,24-30,global,7.1,7.3,9.9,7.4,9.4,6.9,8.9,10.0,9.1,8.3,5.6,9.7,5.2,2.5,4.6,8.1,7.5,0.8,6.9,9.2,7.9,6.7,5.0,8.2,7.2,5.5,5.9,5.1,1.0,0.3,3.6,7.3,8.8,3.7,5,5,↑↑,2032-2038,7.25,中国台湾地区机器学习工程师：薪资回报高，人才需求旺盛，加班文化严重,"Taiwan (China) Machine Learning Engineer: high compensation, strong talent demand, heavy overtime culture",AI综合评估 + O*NET/ILO/OECD锚点校准,2026-04-13,2026-04-13,2000-2026
TECH-0201-HK-general,信息技术与数字化,TECH,人工智能与数据,机器学习工程师,Machine Learning Engineer,2511,15-2051.00,东亚,中国香港地区,HK,region,general,硕士/博士,24-30,global,6.8,6.8,8.9,7.0,8.0,5.5,8.9,7.9,10.0,9.3,6.1,9.7,5.5,1.7,3.1,8.1,6.9,1.5,6.9,8.2,7.3,7.4,3.5,7.8,7.4,5.5,5.7,5.0,1.3,0.9,4.0,6.5,10.0,2.7,5,5,↑↑,2032-2038,6.98,中国香港地区机器学习工程师：薪资回报高，人才需求旺盛，加班文化严重,"Hong Kong (China) Machine Learning Engineer: high compensation, strong talent demand, heavy overtime culture",AI综合评估 + O*NET/ILO/OECD锚点校准,2026-04-13,2026-04-13,2000-2026
TECH-0201-SG-general,信息技术与数字化,TECH,人工智能与数据,机器学习工程师,Machine Learning Engineer,2511,15-2051.00,东南亚,新加坡,SG,country,general,硕士/博士,24-30,global,7.4,7.1,9.7,7.3,9.2,6.5,10.0,10.0,10.0,10.0,7.9,9.5,6.2,3.0,3.9,8.9,7.7,0.8,7.3,8.8,9.4,7.4,4.5,8.2,8.4,7.0,5.9,4.5,0.9,0.6,3.6,7.1,10.0,2.5,5,5,↑↑,2032-2038,7.66,新加坡机器学习工程师：薪资回报高，人才需求旺盛，远程友好度高,"Singapore Machine Learning Engineer: high compensation, strong talent demand, highly remote-friendly",AI综合评估 + O*NET/ILO/OECD锚点校准,2026-04-13,2026-04-13,2000-2026
TECH-0201-TH-general,信息技术与数字化,TECH,人工智能与数据,机器学习工程师,Machine Learning Engineer,2511,15-2051.00,东南亚,泰国,TH,country,general,硕士/博士,24-30,global,7.3,6.8,7.7,6.5,7.6,6.1,7.3,7.7,6.7,5.6,5.6,9.5,5.7,5.0,5.4,7.3,7.1,1.7,6.3,6.6,7.9,7.2,5.0,7.4,7.0,4.3,5.7,5.0,1.2,0.6,3.6,6.7,8.2,2.7,5,5,↑↑,2032-2038,6.52,泰国机器学习工程师：近年增长迅猛,Thailand Machine Learning Engineer: rapid recent growth,AI综合评估 + O*NET/ILO/OECD锚点校准,2026-04-13,2026-04-13,2000-2026
TECH-0201-VN-general,信息技术与数字化,TECH,人工智能与数据,机器学习工程师,Machine Learning Engineer,2511,15-2051.00,东南亚,越南,VN,country,general,硕士/博士,24-30,global,6.7,6.7,7.9,7.1,8.6,5.3,7.7,8.3,5.8,6.1,5.6,9.7,6.2,3.0,4.4,7.5,7.1,1.4,7.3,7.6,7.9,6.4,5.0,7.4,7.6,4.6,5.7,4.8,1.0,0.5,4.2,6.7,8.4,3.3,5,5,↑↑,2032-2038,6.62,越南机器学习工程师：人才需求旺盛，加班文化严重，近年增长迅猛,"Vietnam Machine Learning Engineer: strong talent demand, heavy overtime culture, rapid recent growth",AI综合评估 + O*NET/ILO/OECD锚点校准,2026-04-13,2026-04-13,2000-2026
TECH-0201-ID-general,信息技术与数字化,TECH,人工智能与数据,机器学习工程师,Machine Learning Engineer,2511,15-2051.00,东南亚,印度尼西亚,ID,country,general,硕士/博士,24-30,global,7.3,7.3,7.7,6.8,8.8,6.3,7.3,8.1,7.0,6.6,6.1,9.5,5.7,4.0,4.9,7.7,7.3,1.8,6.7,6.8,7.0,7.2,4.2,8.2,7.4,4.3,4.9,5.4,0.7,0.3,4.8,6.5,8.2,2.5,5,5,↑↑,2032-2038,6.61,印度尼西亚机器学习工程师：近年增长迅猛,Indonesia Machine Learning Engineer: rapid recent growth,AI综合评估 + O*NET/ILO/OECD锚点校准,2026-04-13,2026-04-13,2000-2026
TECH-0201-MY-general,信息技术与数字化,TECH,人工智能与数据,机器学习工程师,Machine Learning Engineer,2511,15-2051.00,东南亚,马来西亚,MY,country,general,硕士/博士,24-30,global,6.7,7.1,8.5,7.3,8.2,4.5,8.5,7.9,7.9,6.6,6.4,9.5,7.0,4.0,4.6,7.9,6.9,1.4,7.1,7.8,7.9,7.7,5.2,8.2,7.4,5.5,5.3,4.8,0.9,0.3,3.6,6.1,9.4,3.5,5,5,↑↑,2032-2038,6.93,马来西亚机器学习工程师：人才需求旺盛，近年增长迅猛,"Malaysia Machine Learning Engineer: strong talent demand, rapid recent growth",AI综合评估 + O*NET/ILO/OECD锚点校准,2026-04-13,2026-04-13,2000-2026
TECH-0201-PH-general,信息技术与数字化,TECH,人工智能与数据,机器学习工程师,Machine Learning Engineer,2511,15-2051.00,东南亚,菲律宾,PH,country,general,硕士/博士,24-30,global,7.0,7.3,7.7,6.4,7.4,6.1,7.1,8.7,6.4,6.3,4.9,9.2,6.2,4.0,4.4,7.5,6.7,1.7,6.7,7.0,8.8,7.7,4.5,8.0,7.6,6.1,5.1,4.8,1.3,0.5,4.4,6.9,9.2,2.7,5,5,↑↑,2032-2038,6.59,菲律宾机器学习工程师：远程友好度高，近年增长迅猛,"Philippines Machine Learning Engineer: highly remote-friendly, rapid recent growth",AI综合评估 + O*NET/ILO/OECD锚点校准,2026-04-13,2026-04-13,2000-2026
TECH-0201-IN-general,信息技术与数字化,TECH,人工智能与数据,机器学习工程师,Machine Learning Engineer,2511,15-2051.00,南亚,印度,IN,country,general,硕士/博士,24-30,global,6.8,6.8,9.3,7.0,9.8,7.9,9.5,9.5,8.5,8.6,5.1,9.2,5.0,3.5,3.9,7.9,7.3,1.4,7.4,8.8,9.7,7.7,4.2,8.2,7.6,2.5,4.7,4.8,0.9,0.0,4.2,7.1,10.0,3.3,5,5,↑↑,2032-2038,7.21,印度机器学习工程师：薪资回报高，人才需求旺盛，远程友好度高,"India Machine Learning Engineer: high compensation, strong talent demand, highly remote-friendly",AI综合评估 + O*NET/ILO/OECD锚点校准,2026-04-13,2026-04-13,2000-2026
TECH-0201-PK-general,信息技术与数字化,TECH,人工智能与数据,机器学习工程师,Machine Learning Engineer,2511,15-2051.00,南亚,巴基斯坦,PK,country,general,硕士/博士,24-30,global,6.8,6.8,7.1,6.2,8.0,4.7,7.7,7.1,4.6,5.1,3.6,9.5,5.5,2.7,4.1,7.7,6.3,2.0,6.9,6.6,7.3,6.7,4.5,8.0,6.8,1.3,4.3,5.0,1.0,0.5,4.6,7.3,8.6,3.3,4,4,↑↑,2032-2038,6.05,巴基斯坦机器学习工程师：人才需求旺盛，加班文化严重，就业波动大,"Pakistan Machine Learning Engineer: strong talent demand, heavy overtime culture, volatile employment",AI综合评估 + O*NET/ILO/OECD锚点校准,2026-04-13,2026-04-13,2000-2026
TECH-0201-BD-general,信息技术与数字化,TECH,人工智能与数据,机器学习工程师,Machine Learning Engineer,2511,15-2051.00,南亚,孟加拉国,BD,country,general,硕士/博士,24-30,global,7.1,6.7,6.5,6.7,6.6,4.3,7.5,6.9,3.7,5.6,4.4,9.2,6.2,3.7,4.1,7.7,6.3,2.0,6.6,5.8,8.2,6.7,3.5,7.4,6.0,2.5,4.3,5.4,1.0,0.0,4.4,7.5,8.4,3.5,4,4,↑↑,2032-2038,5.97,孟加拉国机器学习工程师：薪资水平偏低，人才需求旺盛，近年增长迅猛,"Bangladesh Machine Learning Engineer: relatively low pay, strong talent demand, rapid recent growth",AI综合评估 + O*NET/ILO/OECD锚点校准,2026-04-13,2026-04-13,2000-2026
TECH-0201-AE-general,信息技术与数字化,TECH,人工智能与数据,机器学习工程师,Machine Learning Engineer,2511,15-2051.00,中亚/西亚,阿联酋,AE,country,general,硕士/博士,24-30,global,7.6,7.0,8.5,7.4,8.0,4.9,9.1,9.5,10.0,9.6,7.6,10.0,6.5,4.7,4.1,7.9,6.5,1.2,6.9,8.4,7.3,7.4,4.7,8.0,7.6,4.6,4.9,5.0,1.3,0.5,3.4,7.3,10.0,3.1,5,5,↑↑,2032-2038,7.27,阿联酋机器学习工程师：薪资回报高，人才需求旺盛，就业稳定,"United Arab Emirates Machine Learning Engineer: high compensation, strong talent demand, stable employment",AI综合评估 + O*NET/ILO/OECD锚点校准,2026-04-13,2026-04-13,2000-2026
TECH-0201-IL-general,信息技术与数字化,TECH,人工智能与数据,机器学习工程师,Machine Learning Engineer,2511,15-2051.00,中亚/西亚,以色列,IL,country,general,硕士/博士,24-30,global,6.8,7.6,10.0,7.3,10.0,6.3,10.0,10.0,10.0,10.0,6.4,9.5,6.0,3.7,5.6,9.3,6.9,1.1,7.5,9.8,9.1,7.4,5.0,8.2,8.0,7.3,6.1,5.0,1.0,0.8,4.0,7.1,10.0,2.7,5,5,↑↑,2032-2038,7.72,以色列机器学习工程师：薪资回报高，人才需求旺盛，AI替代抗性强,"Israel Machine Learning Engineer: high compensation, strong talent demand, strong AI resistance",AI综合评估 + O*NET/ILO/OECD锚点校准,2026-04-13,2026-04-13,2000-2026
TECH-0201-SA-general,信息技术与数字化,TECH,人工智能与数据,机器学习工程师,Machine Learning Engineer,2511,15-2051.00,中亚/西亚,沙特阿拉伯,SA,country,general,硕士/博士,24-30,global,6.8,7.1,8.5,6.8,8.0,5.3,8.7,7.7,10.0,8.8,6.6,9.5,6.2,4.7,4.6,7.9,6.9,1.8,7.1,8.4,6.1,7.7,4.7,7.4,7.6,3.4,5.3,5.3,1.3,0.2,4.2,6.5,8.6,3.5,5,5,↑↑,2032-2038,6.97,沙特阿拉伯机器学习工程师：薪资回报高，人才需求旺盛，近年增长迅猛,"Saudi Arabia Machine Learning Engineer: high compensation, strong talent demand, rapid recent growth",AI综合评估 + O*NET/ILO/OECD锚点校准,2026-04-13,2026-04-13,2000-2026
TECH-0201-TR-general,信息技术与数字化,TECH,人工智能与数据,机器学习工程师,Machine Learning Engineer,2511,15-2051.00,中亚/西亚,土耳其,TR,country,general,硕士/博士,24-30,global,7.0,7.1,8.9,6.8,8.8,6.1,8.3,8.3,7.3,7.6,5.1,9.2,6.0,3.0,4.9,8.3,6.7,1.7,7.0,7.0,7.9,6.9,4.5,7.6,7.4,3.1,5.1,4.7,0.6,0.5,4.2,7.3,8.0,2.9,5,5,↑↑,2032-2038,6.71,土耳其机器学习工程师：人才需求旺盛，加班文化严重，近年增长迅猛,"Turkey Machine Learning Engineer: strong talent demand, heavy overtime culture, rapid recent growth",AI综合评估 + O*NET/ILO/OECD锚点校准,2026-04-13,2026-04-13,2000-2026
TECH-0201-GB-general,信息技术与数字化,TECH,人工智能与数据,机器学习工程师,Machine Learning Engineer,2511,15-2051.00,西欧,英国,GB,country,general,硕士/博士,24-30,global,7.6,7.3,9.5,7.4,10.0,7.7,9.1,10.0,10.0,9.6,6.1,9.5,7.2,4.7,6.1,9.1,7.3,0.9,7.4,9.4,10.0,7.9,6.2,9.2,7.6,6.4,6.5,4.7,0.6,0.8,4.0,7.1,10.0,3.1,5,5,↑↑,2032-2038,7.8,英国机器学习工程师：薪资回报高，人才需求旺盛，远程友好度高,"United Kingdom Machine Learning Engineer: high compensation, strong talent demand, highly remote-friendly",AI综合评估 + O*NET/ILO/OECD锚点校准,2026-04-13,2026-04-13,2000-2026
TECH-0201-FR-general,信息技术与数字化,TECH,人工智能与数据,机器学习工程师,Machine Learning Engineer,2511,15-2051.00,西欧,法国,FR,country,general,硕士/博士,24-30,global,7.3,7.6,9.1,7.6,10.0,6.7,9.1,10.0,10.0,9.1,7.1,9.5,7.2,6.2,6.9,8.3,7.7,1.1,7.5,9.2,8.5,8.2,7.2,8.2,7.8,6.1,6.1,5.1,1.0,0.6,3.4,6.5,9.8,3.5,5,5,↑↑,2032-2038,7.78,法国机器学习工程师：薪资回报高，人才需求旺盛，AI替代抗性强,"France Machine Learning Engineer: high compensation, strong talent demand, strong AI resistance",AI综合评估 + O*NET/ILO/OECD锚点校准,2026-04-13,2026-04-13,2000-2026
TECH-0201-DE-general,信息技术与数字化,TECH,人工智能与数据,机器学习工程师,Machine Learning Engineer,2511,15-2051.00,西欧,德国,DE,country,general,硕士/博士,24-30,global,7.4,7.7,10.0,7.4,9.2,7.3,9.3,10.0,10.0,9.6,8.4,10.0,8.0,7.0,7.1,8.5,8.3,1.1,6.7,9.4,7.9,7.9,6.5,8.0,8.6,7.3,5.9,5.3,0.7,0.6,3.6,7.5,10.0,2.9,5,5,↑↑,2032-2038,7.94,德国机器学习工程师：薪资回报高，人才需求旺盛，就业稳定,"Germany Machine Learning Engineer: high compensation, strong talent demand, stable employment",AI综合评估 + O*NET/ILO/OECD锚点校准,2026-04-13,2026-04-13,2000-2026
TECH-0201-NL-general,信息技术与数字化,TECH,人工智能与数据,机器学习工程师,Machine Learning Engineer,2511,15-2051.00,西欧,荷兰,NL,country,general,硕士/博士,24-30,global,7.6,7.4,9.1,7.9,8.6,5.9,9.5,10.0,10.0,9.1,8.1,9.7,8.5,8.7,7.9,8.9,7.7,1.1,7.0,9.2,10.0,8.9,8.7,8.2,8.0,9.1,6.3,5.4,1.2,0.6,4.0,7.7,10.0,3.5,5,5,↑↑,2032-2038,8.11,荷兰机器学习工程师：薪资回报高，人才需求旺盛，远程友好度高,"Netherlands Machine Learning Engineer: high compensation, strong talent demand, highly remote-friendly",AI综合评估 + O*NET/ILO/OECD锚点校准,2026-04-13,2026-04-13,2000-2026
TECH-0201-CH-general,信息技术与数字化,TECH,人工智能与数据,机器学习工程师,Machine Learning Engineer,2511,15-2051.00,西欧,瑞士,CH,country,general,硕士/博士,24-30,global,7.3,7.1,8.7,8.2,8.4,5.9,9.7,9.3,10.0,10.0,8.1,10.0,8.0,6.7,6.6,7.9,6.9,0.8,7.1,10.0,9.1,8.9,7.5,8.6,7.4,6.4,6.7,5.1,1.0,0.5,3.0,6.7,10.0,3.5,5,5,↑↑,2032-2038,7.92,瑞士机器学习工程师：薪资回报高，人才需求旺盛，远程友好度高,"Switzerland Machine Learning Engineer: high compensation, strong talent demand, highly remote-friendly",AI综合评估 + O*NET/ILO/OECD锚点校准,2026-04-13,2026-04-13,2000-2026
TECH-0201-SE-general,信息技术与数字化,TECH,人工智能与数据,机器学习工程师,Machine Learning Engineer,2511,15-2051.00,北欧,瑞典,SE,country,general,硕士/博士,24-30,global,7.3,7.0,8.7,7.7,8.8,5.7,9.1,9.7,10.0,9.6,7.4,9.7,8.0,8.7,6.9,8.5,7.9,0.9,6.9,8.6,10.0,8.2,8.5,8.2,8.4,8.5,6.7,4.7,0.6,1.1,2.8,7.1,10.0,2.9,5,5,↑↑,2032-2038,8.0,瑞典机器学习工程师：薪资回报高，人才需求旺盛，远程友好度高,"Sweden Machine Learning Engineer: high compensation, strong talent demand, highly remote-friendly",AI综合评估 + O*NET/ILO/OECD锚点校准,2026-04-13,2026-04-13,2000-2026
TECH-0201-DK-general,信息技术与数字化,TECH,人工智能与数据,机器学习工程师,Machine Learning Engineer,2511,15-2051.00,北欧,丹麦,DK,country,general,硕士/博士,24-30,global,7.0,7.7,9.3,7.6,8.6,4.9,9.7,9.9,10.0,9.1,7.6,9.7,7.7,9.2,7.6,7.9,6.9,1.2,7.0,9.4,9.4,8.7,7.5,8.4,8.2,8.5,6.7,5.0,0.9,0.6,3.0,7.7,10.0,2.5,5,5,↑↑,2032-2038,8.0,丹麦机器学习工程师：薪资回报高，人才需求旺盛，远程友好度高,"Denmark Machine Learning Engineer: high compensation, strong talent demand, highly remote-friendly",AI综合评估 + O*NET/ILO/OECD锚点校准,2026-04-13,2026-04-13,2000-2026
TECH-0201-FI-general,信息技术与数字化,TECH,人工智能与数据,机器学习工程师,Machine Learning Engineer,2511,15-2051.00,北欧,芬兰,FI,country,general,硕士/博士,24-30,global,6.8,7.6,9.1,7.1,8.2,5.1,8.9,10.0,10.0,9.6,7.1,9.7,7.7,8.7,6.9,8.9,6.7,1.1,7.5,8.6,10.0,8.9,9.0,8.2,7.6,9.1,6.7,5.1,1.5,0.5,4.0,7.1,10.0,2.7,5,5,↑↑,2032-2038,7.98,芬兰机器学习工程师：薪资回报高，人才需求旺盛，AI替代抗性强,"Finland Machine Learning Engineer: high compensation, strong talent demand, strong AI resistance",AI综合评估 + O*NET/ILO/OECD锚点校准,2026-04-13,2026-04-13,2000-2026
TECH-0201-IT-general,信息技术与数字化,TECH,人工智能与数据,机器学习工程师,Machine Learning Engineer,2511,15-2051.00,南欧,意大利,IT,country,general,硕士/博士,24-30,global,6.7,6.7,8.3,6.7,8.8,6.7,8.9,8.1,10.0,8.3,5.6,9.5,6.7,4.5,5.4,8.3,7.3,1.7,6.9,8.0,8.2,7.7,6.7,8.4,7.8,4.9,5.5,5.1,1.0,0.8,4.2,6.1,9.0,3.3,5,5,↑↑,2032-2038,7.21,意大利机器学习工程师：薪资回报高，人才需求旺盛，近年增长迅猛,"Italy Machine Learning Engineer: high compensation, strong talent demand, rapid recent growth",AI综合评估 + O*NET/ILO/OECD锚点校准,2026-04-13,2026-04-13,2000-2026
TECH-0201-ES-general,信息技术与数字化,TECH,人工智能与数据,机器学习工程师,Machine Learning Engineer,2511,15-2051.00,南欧,西班牙,ES,country,general,硕士/博士,24-30,global,7.1,7.4,8.1,7.1,9.0,5.9,8.5,8.9,7.6,8.1,5.4,9.5,7.5,5.0,4.9,8.3,6.5,1.8,7.1,7.2,8.5,8.2,6.5,8.2,7.2,5.2,6.1,5.4,0.9,0.8,4.8,7.1,9.8,2.5,5,5,↑↑,2032-2038,7.1,西班牙机器学习工程师：人才需求旺盛，远程友好度高，近年增长迅猛,"Spain Machine Learning Engineer: strong talent demand, highly remote-friendly, rapid recent growth",AI综合评估 + O*NET/ILO/OECD锚点校准,2026-04-13,2026-04-13,2000-2026
TECH-0201-PT-general,信息技术与数字化,TECH,人工智能与数据,机器学习工程师,Machine Learning Engineer,2511,15-2051.00,南欧,葡萄牙,PT,country,general,硕士/博士,24-30,global,7.1,6.7,8.3,7.3,7.8,5.5,8.3,8.5,7.3,7.8,6.4,9.5,7.0,5.2,5.4,7.9,6.9,1.4,6.9,7.0,10.0,7.2,7.0,8.4,6.8,7.0,5.5,4.8,0.7,0.5,4.4,7.7,9.4,3.5,5,5,↑↑,2032-2038,7.13,葡萄牙机器学习工程师：人才需求旺盛，远程友好度高，近年增长迅猛,"Portugal Machine Learning Engineer: strong talent demand, highly remote-friendly, rapid recent growth",AI综合评估 + O*NET/ILO/OECD锚点校准,2026-04-13,2026-04-13,2000-2026
TECH-0201-PL-general,信息技术与数字化,TECH,人工智能与数据,机器学习工程师,Machine Learning Engineer,2511,15-2051.00,东欧,波兰,PL,country,general,硕士/博士,24-30,global,7.3,7.0,8.9,7.4,8.6,6.3,9.1,7.7,9.7,8.3,6.1,9.5,6.5,5.2,5.1,8.7,7.7,1.8,6.7,8.4,10.0,8.2,7.2,8.0,7.6,6.7,5.9,4.7,1.5,0.9,3.4,6.9,9.8,3.5,5,5,↑↑,2032-2038,7.39,波兰机器学习工程师：薪资回报高，人才需求旺盛，远程友好度高,"Poland Machine Learning Engineer: high compensation, strong talent demand, highly remote-friendly",AI综合评估 + O*NET/ILO/OECD锚点校准,2026-04-13,2026-04-13,2000-2026
TECH-0201-CZ-general,信息技术与数字化,TECH,人工智能与数据,机器学习工程师,Machine Learning Engineer,2511,15-2051.00,东欧,捷克,CZ,country,general,硕士/博士,24-30,global,6.8,7.1,8.5,7.3,7.8,5.7,9.1,8.1,8.5,7.8,6.4,9.5,7.7,6.5,5.4,8.5,7.3,1.7,6.9,8.6,8.2,8.4,6.5,8.8,8.0,5.5,5.7,4.5,1.2,0.8,3.2,6.9,10.0,3.5,5,5,↑↑,2032-2038,7.32,捷克机器学习工程师：薪资回报高，人才需求旺盛，近年增长迅猛,"Czech Republic Machine Learning Engineer: high compensation, strong talent demand, rapid recent growth",AI综合评估 + O*NET/ILO/OECD锚点校准,2026-04-13,2026-04-13,2000-2026
TECH-0201-RU-general,信息技术与数字化,TECH,人工智能与数据,机器学习工程师,Machine Learning Engineer,2511,15-2051.00,东欧,俄罗斯,RU,country,general,硕士/博士,24-30,global,6.8,7.1,9.1,6.1,9.2,6.7,8.5,8.5,7.9,7.6,5.1,9.2,6.0,5.5,5.1,7.9,7.3,1.7,6.9,8.0,8.8,7.4,5.0,8.0,7.8,4.6,5.5,4.7,0.9,0.0,4.4,7.7,7.2,3.3,5,5,↑↑,2032-2038,6.98,俄罗斯机器学习工程师：人才需求旺盛，远程友好度高，近年增长迅猛,"Russia Machine Learning Engineer: strong talent demand, highly remote-friendly, rapid recent growth",AI综合评估 + O*NET/ILO/OECD锚点校准,2026-04-13,2026-04-13,2000-2026
TECH-0201-US-general,信息技术与数字化,TECH,人工智能与数据,机器学习工程师,Machine Learning Engineer,2511,15-2051.00,北美,美国,US,country,general,硕士/博士,24-30,global,7.6,7.3,10.0,7.0,10.0,8.9,9.7,10.0,10.0,10.0,5.1,9.7,6.7,3.2,4.6,8.7,8.9,1.2,7.5,9.8,10.0,7.9,5.5,9.2,8.0,7.3,5.5,4.8,1.5,0.6,3.8,7.1,10.0,2.3,5,5,↑↑,2032-2038,7.78,美国机器学习工程师：薪资回报高，人才需求旺盛，AI替代抗性强,"United States Machine Learning Engineer: high compensation, strong talent demand, strong AI resistance",AI综合评估 + O*NET/ILO/OECD锚点校准,2026-04-13,2026-04-13,2000-2026
TECH-0201-CA-general,信息技术与数字化,TECH,人工智能与数据,机器学习工程师,Machine Learning Engineer,2511,15-2051.00,北美,加拿大,CA,country,general,硕士/博士,24-30,global,7.4,7.3,9.7,7.7,9.2,7.7,8.9,10.0,10.0,10.0,7.1,9.7,7.2,6.7,5.4,8.3,7.9,1.2,7.1,9.4,10.0,7.9,7.5,8.8,7.8,7.6,5.5,5.1,0.7,1.1,3.8,8.1,10.0,2.3,5,5,↑↑,2032-2038,7.92,加拿大机器学习工程师：薪资回报高，人才需求旺盛，远程友好度高,"Canada Machine Learning Engineer: high compensation, strong talent demand, highly remote-friendly",AI综合评估 + O*NET/ILO/OECD锚点校准,2026-04-13,2026-04-13,2000-2026
TECH-0201-MX-general,信息技术与数字化,TECH,人工智能与数据,机器学习工程师,Machine Learning Engineer,2511,15-2051.00,北美,墨西哥,MX,country,general,硕士/博士,24-30,global,7.3,6.5,8.7,6.7,8.6,5.9,8.5,8.1,7.6,7.3,4.6,9.7,5.7,3.2,4.4,7.9,6.7,1.8,7.3,6.8,8.5,6.4,4.2,7.4,8.0,4.0,4.9,5.1,0.7,0.6,4.2,7.5,8.4,3.3,5,5,↑↑,2032-2038,6.7,墨西哥机器学习工程师：人才需求旺盛，远程友好度高，加班文化严重,"Mexico Machine Learning Engineer: strong talent demand, highly remote-friendly, heavy overtime culture",AI综合评估 + O*NET/ILO/OECD锚点校准,2026-04-13,2026-04-13,2000-2026
TECH-0201-BR-general,信息技术与数字化,TECH,人工智能与数据,机器学习工程师,Machine Learning Engineer,2511,15-2051.00,南美,巴西,BR,country,general,硕士/博士,24-30,global,7.1,6.8,9.1,6.8,8.8,6.5,8.5,7.9,7.0,7.3,4.9,9.7,6.0,3.5,4.9,8.1,7.1,1.7,6.6,7.8,9.7,7.7,5.2,8.2,8.0,4.9,5.1,4.7,1.2,0.5,4.6,7.7,7.6,3.3,5,5,↑↑,2032-2038,6.87,巴西机器学习工程师：人才需求旺盛，远程友好度高，加班文化严重,"Brazil Machine Learning Engineer: strong talent demand, highly remote-friendly, heavy overtime culture",AI综合评估 + O*NET/ILO/OECD锚点校准,2026-04-13,2026-04-13,2000-2026
TECH-0201-AR-general,信息技术与数字化,TECH,人工智能与数据,机器学习工程师,Machine Learning Engineer,2511,15-2051.00,南美,阿根廷,AR,country,general,硕士/博士,24-30,global,7.4,7.0,7.9,6.2,7.6,5.5,8.3,8.5,5.8,6.8,4.1,9.0,5.7,3.7,5.6,8.1,6.7,1.5,6.6,7.6,8.2,6.9,4.7,7.8,6.8,5.2,5.5,4.7,0.7,0.0,4.8,7.7,8.2,3.7,5,5,↑↑,2032-2038,6.54,阿根廷机器学习工程师：人才需求旺盛，近年增长迅猛,"Argentina Machine Learning Engineer: strong talent demand, rapid recent growth",AI综合评估 + O*NET/ILO/OECD锚点校准,2026-04-13,2026-04-13,2000-2026
TECH-0201-CL-general,信息技术与数字化,TECH,人工智能与数据,机器学习工程师,Machine Learning Engineer,2511,15-2051.00,南美,智利,CL,country,general,硕士/博士,24-30,global,6.8,7.3,7.9,7.3,7.8,4.9,8.7,8.3,7.9,6.8,5.4,9.7,7.2,4.5,4.6,7.7,6.7,1.5,7.3,7.0,7.6,7.9,5.0,8.0,7.4,4.3,5.9,5.4,0.9,0.2,3.8,6.3,9.0,2.9,5,5,↑↑,2032-2038,6.87,智利机器学习工程师：人才需求旺盛，近年增长迅猛,"Chile Machine Learning Engineer: strong talent demand, rapid recent growth",AI综合评估 + O*NET/ILO/OECD锚点校准,2026-04-13,2026-04-13,2000-2026
TECH-0201-CO-general,信息技术与数字化,TECH,人工智能与数据,机器学习工程师,Machine Learning Engineer,2511,15-2051.00,南美,哥伦比亚,CO,country,general,硕士/博士,24-30,global,7.0,6.8,7.9,7.0,7.2,4.9,7.3,7.9,5.5,5.8,5.4,9.5,6.7,5.0,4.9,7.9,6.9,1.7,6.9,7.6,9.1,7.4,5.5,7.4,7.0,3.4,5.7,5.0,0.7,0.3,3.8,7.1,8.4,3.1,5,5,↑↑,2032-2038,6.6,哥伦比亚机器学习工程师：远程友好度高，近年增长迅猛,"Colombia Machine Learning Engineer: highly remote-friendly, rapid recent growth",AI综合评估 + O*NET/ILO/OECD锚点校准,2026-04-13,2026-04-13,2000-2026
TECH-0201-AU-general,信息技术与数字化,TECH,人工智能与数据,机器学习工程师,Machine Learning Engineer,2511,15-2051.00,大洋洲,澳大利亚,AU,country,general,硕士/博士,24-30,global,7.7,7.3,8.9,7.1,9.2,7.3,8.9,10.0,10.0,10.0,7.9,10.0,8.0,6.7,5.9,8.5,7.3,1.2,7.5,9.2,10.0,7.7,7.2,8.4,7.8,7.3,5.9,5.1,1.0,1.2,3.0,7.5,10.0,2.3,5,5,↑↑,2032-2038,7.91,澳大利亚机器学习工程师：薪资回报高，人才需求旺盛，AI替代抗性强,"Australia Machine Learning Engineer: high compensation, strong talent demand, strong AI resistance",AI综合评估 + O*NET/ILO/OECD锚点校准,2026-04-13,2026-04-13,2000-2026
TECH-0201-NZ-general,信息技术与数字化,TECH,人工智能与数据,机器学习工程师,Machine Learning Engineer,2511,15-2051.00,大洋洲,新西兰,NZ,country,general,硕士/博士,24-30,global,6.8,7.3,8.5,7.3,8.8,4.7,8.5,8.5,10.0,8.3,7.9,9.7,7.5,7.0,6.9,8.7,7.5,1.8,6.6,8.2,10.0,8.4,7.5,8.4,6.8,7.9,6.3,4.7,1.3,0.6,4.0,7.3,10.0,3.5,5,5,↑↑,2032-2038,7.61,新西兰机器学习工程师：薪资回报高，人才需求旺盛，远程友好度高,"New Zealand Machine Learning Engineer: high compensation, strong talent demand, highly remote-friendly",AI综合评估 + O*NET/ILO/OECD锚点校准,2026-04-13,2026-04-13,2000-2026
TECH-0201-ZA-general,信息技术与数字化,TECH,人工智能与数据,机器学习工程师,Machine Learning Engineer,2511,15-2051.00,非洲,南非,ZA,country,general,硕士/博士,24-30,global,7.3,6.8,7.5,7.0,7.4,4.7,8.1,8.3,7.0,6.1,5.9,9.5,5.5,5.5,5.4,7.9,7.1,1.7,6.5,7.4,7.6,7.2,4.2,7.6,7.6,4.0,5.9,4.7,0.9,0.6,4.4,6.5,8.2,3.7,5,5,↑↑,2032-2038,6.61,南非机器学习工程师：人才需求旺盛，近年增长迅猛,"South Africa Machine Learning Engineer: strong talent demand, rapid recent growth",AI综合评估 + O*NET/ILO/OECD锚点校准,2026-04-13,2026-04-13,2000-2026
TECH-0201-NG-general,信息技术与数字化,TECH,人工智能与数据,机器学习工程师,Machine Learning Engineer,2511,15-2051.00,非洲,尼日利亚,NG,country,general,硕士/博士,24-30,global,7.0,6.7,7.7,6.2,7.4,4.7,6.7,7.1,5.8,6.1,4.6,9.0,6.0,4.0,4.6,7.9,6.3,1.7,6.9,6.8,7.3,6.9,3.7,7.8,7.2,1.9,5.1,5.1,0.7,0.3,4.2,7.3,8.4,3.9,4,4,↑↑,2032-2038,6.24,尼日利亚机器学习工程师：近年增长迅猛,Nigeria Machine Learning Engineer: rapid recent growth,AI综合评估 + O*NET/ILO/OECD锚点校准,2026-04-13,2026-04-13,2000-2026
TECH-0201-KE-general,信息技术与数字化,TECH,人工智能与数据,机器学习工程师,Machine Learning Engineer,2511,15-2051.00,非洲,肯尼亚,KE,country,general,硕士/博士,24-30,global,6.5,6.5,6.7,7.0,6.6,4.1,7.7,6.9,4.6,5.1,5.4,9.2,6.0,3.5,5.6,6.9,6.1,2.1,7.1,6.4,7.9,6.4,4.0,7.8,7.2,3.1,5.3,5.1,1.3,0.0,4.8,6.9,8.2,3.5,4,4,↑↑,2032-2038,6.16,肯尼亚机器学习工程师：人才需求旺盛，加班文化严重，近年增长迅猛,"Kenya Machine Learning Engineer: strong talent demand, heavy overtime culture, rapid recent growth",AI综合评估 + O*NET/ILO/OECD锚点校准,2026-04-13,2026-04-13,2000-2026
TECH-0201-EG-general,信息技术与数字化,TECH,人工智能与数据,机器学习工程师,Machine Learning Engineer,2511,15-2051.00,非洲,埃及,EG,country,general,硕士/博士,24-30,global,7.3,6.7,7.3,6.5,7.2,4.9,7.5,6.3,5.5,5.6,5.1,9.5,6.2,4.0,3.6,7.1,6.1,2.1,6.5,6.0,6.7,7.2,4.2,7.2,7.2,1.9,4.5,5.0,1.3,0.0,4.2,7.3,7.6,3.3,4,4,↑↑,2032-2038,6.06,埃及机器学习工程师：人才需求旺盛，近年增长迅猛,"Egypt Machine Learning Engineer: strong talent demand, rapid recent growth",AI综合评估 + O*NET/ILO/OECD锚点校准,2026-04-13,2026-04-13,2000-2026
TECH-0202-CN-general,信息技术与数字化,TECH,人工智能与数据,数据科学家,Data Scientist,2120,15-2051.00,东亚,中国,CN,country,general,硕士/博士,24-30,global,7.3,7.4,9.7,6.7,10.0,8.6,7.4,7.7,10.0,9.4,5.1,9.5,5.5,1.9,3.3,9.4,8.7,1.1,6.4,9.4,6.2,6.0,3.2,8.2,8.3,4.5,5.3,5.2,0.4,0.3,4.3,7.1,7.2,2.0,5,4,↑↑,2032-2038,6.99,中国数据科学家：薪资回报高，加班文化严重，近年增长迅猛,"China Data Scientist: high compensation, heavy overtime culture, rapid recent growth",AI综合评估 + O*NET/ILO/OECD锚点校准,2026-04-13,2026-04-13,2000-2026
TECH-0202-JP-general,信息技术与数字化,TECH,人工智能与数据,数据科学家,Data Scientist,2120,15-2051.00,东亚,日本,JP,country,general,硕士/博士,24-30,global,7.0,7.3,9.3,7.3,9.9,7.8,7.8,7.9,9.5,8.4,8.1,9.7,6.8,2.2,3.3,8.6,8.1,0.9,5.7,8.6,6.8,7.0,5.5,8.2,8.1,3.9,5.7,5.2,0.1,0.8,4.3,7.7,6.8,2.4,5,3,↑,2028-2033,7.11,日本数据科学家：薪资回报高，人才需求旺盛，加班文化严重,"Japan Data Scientist: high compensation, strong talent demand, heavy overtime culture",AI综合评估 + O*NET/ILO/OECD锚点校准,2026-04-13,2026-04-13,2000-2026
TECH-0202-KR-general,信息技术与数字化,TECH,人工智能与数据,数据科学家,Data Scientist,2120,15-2051.00,东亚,韩国,KR,country,general,硕士/博士,24-30,global,7.7,7.4,8.3,7.1,9.1,8.0,7.4,8.9,10.0,8.4,7.1,9.5,6.5,2.4,4.1,9.4,7.5,0.8,6.3,9.0,7.4,7.0,4.5,7.6,7.7,4.2,5.5,5.2,0.7,0.5,4.9,7.1,8.0,2.8,5,3,↑,2032-2038,7.07,韩国数据科学家：薪资回报高，加班文化严重,"South Korea Data Scientist: high compensation, heavy overtime culture",AI综合评估 + O*NET/ILO/OECD锚点校准,2026-04-13,2026-04-13,2000-2026
TECH-0202-TW-general,信息技术与数字化,TECH,人工智能与数据,数据科学家,Data Scientist,2120,15-2051.00,东亚,中国台湾地区,TW,region,general,硕士/博士,24-30,global,7.1,6.8,8.1,7.4,8.1,6.8,7.8,8.7,8.9,7.6,6.3,9.7,5.5,3.7,4.1,9.4,7.3,1.1,6.0,8.0,7.4,7.5,5.5,7.8,7.3,5.7,5.3,5.1,0.1,0.6,4.1,7.7,8.8,2.8,5,3,↑,2032-2038,7.02,中国台湾地区数据科学家：薪资回报高，人才需求旺盛,"Taiwan (China) Data Scientist: high compensation, strong talent demand",AI综合评估 + O*NET/ILO/OECD锚点校准,2026-04-13,2026-04-13,2000-2026
TECH-0202-HK-general,信息技术与数字化,TECH,人工智能与数据,数据科学家,Data Scientist,2120,15-2051.00,东亚,中国香港地区,HK,region,general,硕士/博士,24-30,global,7.3,7.3,7.5,7.0,8.1,6.0,6.8,6.5,10.0,8.9,6.8,9.5,6.0,2.4,2.8,8.8,6.5,1.4,6.4,8.8,8.9,7.5,5.2,7.0,7.3,5.7,5.9,5.1,0.8,0.9,3.7,7.9,10.0,2.2,5,3,↑,2032-2038,6.93,中国香港地区数据科学家：薪资回报高，远程友好度高，加班文化严重,"Hong Kong (China) Data Scientist: high compensation, highly remote-friendly, heavy overtime culture",AI综合评估 + O*NET/ILO/OECD锚点校准,2026-04-13,2026-04-13,2000-2026
TECH-0202-SG-general,信息技术与数字化,TECH,人工智能与数据,数据科学家,Data Scientist,2120,15-2051.00,东南亚,新加坡,SG,country,general,硕士/博士,24-30,global,7.0,7.7,8.3,7.9,9.1,7.0,7.6,8.9,10.0,10.0,8.6,9.5,6.3,3.4,3.8,9.4,7.1,1.2,6.5,9.0,8.3,6.7,5.7,8.4,7.1,7.2,6.3,5.2,0.8,0.8,3.9,7.7,10.0,3.0,5,4,↑↑,2032-2038,7.44,新加坡数据科学家：薪资回报高，人才需求旺盛，加班文化严重,"Singapore Data Scientist: high compensation, strong talent demand, heavy overtime culture",AI综合评估 + O*NET/ILO/OECD锚点校准,2026-04-13,2026-04-13,2000-2026
TECH-0202-TH-general,信息技术与数字化,TECH,人工智能与数据,数据科学家,Data Scientist,2120,15-2051.00,东南亚,泰国,TH,country,general,硕士/博士,24-30,global,6.7,7.1,7.1,7.0,6.9,5.6,6.6,7.3,6.2,5.4,6.3,9.2,6.0,4.9,5.1,8.2,6.5,1.5,6.0,6.6,7.4,7.5,5.5,7.6,7.1,4.8,5.9,6.0,0.5,0.6,4.7,7.3,7.4,3.2,5,3,↑,2032-2038,6.45,泰国数据科学家：发展平稳,Thailand Data Scientist: steady development,AI综合评估 + O*NET/ILO/OECD锚点校准,2026-04-13,2026-04-13,2000-2026
TECH-0202-VN-general,信息技术与数字化,TECH,人工智能与数据,数据科学家,Data Scientist,2120,15-2051.00,东南亚,越南,VN,country,general,硕士/博士,24-30,global,7.1,6.7,6.7,6.5,7.3,6.2,6.4,6.7,5.3,5.7,6.1,9.5,5.8,4.7,4.6,8.2,7.1,1.7,5.5,6.6,7.4,7.2,5.0,6.8,6.9,4.2,5.3,5.2,0.5,0.2,5.1,6.9,7.4,2.2,5,3,↑,2028-2033,6.25,越南数据科学家：发展平稳,Vietnam Data Scientist: steady development,AI综合评估 + O*NET/ILO/OECD锚点校准,2026-04-13,2026-04-13,2000-2026
TECH-0202-ID-general,信息技术与数字化,TECH,人工智能与数据,数据科学家,Data Scientist,2120,15-2051.00,东南亚,印度尼西亚,ID,country,general,硕士/博士,24-30,global,6.5,6.5,7.3,6.4,8.1,6.6,6.8,7.1,6.2,5.4,5.6,9.5,7.0,4.7,5.1,8.4,7.1,1.4,5.6,6.8,7.4,7.7,5.7,7.6,7.1,4.8,5.1,5.8,0.2,0.0,5.3,6.7,7.2,2.2,5,3,↑,2028-2033,6.52,印度尼西亚数据科学家：发展平稳,Indonesia Data Scientist: steady development,AI综合评估 + O*NET/ILO/OECD锚点校准,2026-04-13,2026-04-13,2000-2026
TECH-0202-MY-general,信息技术与数字化,TECH,人工智能与数据,数据科学家,Data Scientist,2120,15-2051.00,东南亚,马来西亚,MY,country,general,硕士/博士,24-30,global,7.3,6.7,7.3,7.3,7.5,5.4,6.8,7.3,6.5,7.4,6.6,9.5,5.8,4.2,4.3,8.6,6.7,1.2,5.7,7.4,7.1,6.7,5.2,7.4,7.3,4.8,5.1,5.8,0.7,0.2,3.9,7.3,8.6,3.0,5,3,↑,2028-2033,6.59,马来西亚数据科学家：发展平稳,Malaysia Data Scientist: steady development,AI综合评估 + O*NET/ILO/OECD锚点校准,2026-04-13,2026-04-13,2000-2026
TECH-0202-PH-general,信息技术与数字化,TECH,人工智能与数据,数据科学家,Data Scientist,2120,15-2051.00,东南亚,菲律宾,PH,country,general,硕士/博士,24-30,global,6.7,7.1,6.9,6.4,7.1,5.8,6.4,6.9,5.9,5.7,5.3,9.7,6.3,3.7,4.8,8.8,6.7,1.5,5.9,6.2,9.5,7.7,4.5,7.6,6.7,5.4,6.1,5.4,0.2,0.5,5.3,8.1,9.2,2.2,5,3,↑,2028-2033,6.46,菲律宾数据科学家：远程友好度高,Philippines Data Scientist: highly remote-friendly,AI综合评估 + O*NET/ILO/OECD锚点校准,2026-04-13,2026-04-13,2000-2026
TECH-0202-IN-general,信息技术与数字化,TECH,人工智能与数据,数据科学家,Data Scientist,2120,15-2051.00,南亚,印度,IN,country,general,硕士/博士,24-30,global,7.6,7.6,8.1,7.1,10.0,9.0,8.0,8.5,7.4,7.9,4.6,9.5,5.5,3.2,4.8,9.0,8.3,1.2,6.5,7.4,9.2,7.5,4.0,8.0,7.3,4.2,6.3,6.0,0.2,0.5,4.5,7.1,9.8,1.8,5,3,↑,2032-2038,7.02,印度数据科学家：人才需求旺盛，远程友好度高，加班文化严重,"India Data Scientist: strong talent demand, highly remote-friendly, heavy overtime culture",AI综合评估 + O*NET/ILO/OECD锚点校准,2026-04-13,2026-04-13,2000-2026
TECH-0202-PK-general,信息技术与数字化,TECH,人工智能与数据,数据科学家,Data Scientist,2120,15-2051.00,南亚,巴基斯坦,PK,country,general,硕士/博士,24-30,global,6.8,6.5,5.9,6.2,6.5,5.6,5.6,5.5,5.6,5.7,4.8,9.5,5.3,3.7,3.6,7.4,6.3,2.1,5.7,5.6,7.7,7.2,3.7,6.6,6.3,2.1,5.7,5.2,0.2,0.0,4.3,7.5,7.4,3.4,4,2,↑,2028-2033,5.84,巴基斯坦数据科学家：发展平稳,Pakistan Data Scientist: steady development,AI综合评估 + O*NET/ILO/OECD锚点校准,2026-04-13,2026-04-13,2000-2026
TECH-0202-BD-general,信息技术与数字化,TECH,人工智能与数据,数据科学家,Data Scientist,2120,15-2051.00,南亚,孟加拉国,BD,country,general,硕士/博士,24-30,global,6.5,7.0,5.5,6.5,5.9,5.6,5.8,5.5,3.8,4.4,4.1,9.5,5.8,4.9,4.1,7.6,6.3,2.0,5.5,5.8,7.7,6.2,4.2,6.2,5.7,3.0,5.5,5.2,0.5,0.2,4.7,7.1,7.6,3.2,4,2,↑,2028-2033,5.67,孟加拉国数据科学家：薪资水平偏低,Bangladesh Data Scientist: relatively low pay,AI综合评估 + O*NET/ILO/OECD锚点校准,2026-04-13,2026-04-13,2000-2026
TECH-0202-AE-general,信息技术与数字化,TECH,人工智能与数据,数据科学家,Data Scientist,2120,15-2051.00,中亚/西亚,阿联酋,AE,country,general,硕士/博士,24-30,global,7.0,7.4,7.3,7.0,7.9,5.4,7.2,8.7,10.0,8.9,6.3,10.0,6.3,5.4,4.3,9.2,6.3,0.9,5.7,8.6,8.6,6.7,5.5,7.8,6.9,4.8,5.3,5.8,0.7,0.8,4.5,7.1,10.0,2.6,5,3,↑,2028-2033,7.08,阿联酋数据科学家：薪资回报高，远程友好度高,"United Arab Emirates Data Scientist: high compensation, highly remote-friendly",AI综合评估 + O*NET/ILO/OECD锚点校准,2026-04-13,2026-04-13,2000-2026
TECH-0202-IL-general,信息技术与数字化,TECH,人工智能与数据,数据科学家,Data Scientist,2120,15-2051.00,中亚/西亚,以色列,IL,country,general,硕士/博士,24-30,global,7.4,6.8,8.5,7.4,8.5,7.8,8.6,8.1,10.0,10.0,5.1,9.7,6.0,4.9,5.3,9.8,7.7,1.4,5.9,9.4,9.5,7.5,5.2,8.4,6.5,6.6,6.3,5.1,0.7,0.2,4.7,7.7,10.0,2.2,5,4,↑↑,2028-2033,7.43,以色列数据科学家：薪资回报高，人才需求旺盛，远程友好度高,"Israel Data Scientist: high compensation, strong talent demand, highly remote-friendly",AI综合评估 + O*NET/ILO/OECD锚点校准,2026-04-13,2026-04-13,2000-2026
TECH-0202-SA-general,信息技术与数字化,TECH,人工智能与数据,数据科学家,Data Scientist,2120,15-2051.00,中亚/西亚,沙特阿拉伯,SA,country,general,硕士/博士,24-30,global,7.0,6.5,7.5,7.3,7.7,6.0,6.6,6.7,10.0,7.4,6.3,9.5,6.3,4.2,4.3,8.0,6.3,1.7,6.1,7.4,5.9,7.2,5.0,7.2,7.1,3.0,5.5,5.7,0.4,0.2,4.9,6.5,7.8,2.4,5,3,↑,2032-2038,6.62,沙特阿拉伯数据科学家：薪资回报高,Saudi Arabia Data Scientist: high compensation,AI综合评估 + O*NET/ILO/OECD锚点校准,2026-04-13,2026-04-13,2000-2026
TECH-0202-TR-general,信息技术与数字化,TECH,人工智能与数据,数据科学家,Data Scientist,2120,15-2051.00,中亚/西亚,土耳其,TR,country,general,硕士/博士,24-30,global,6.8,7.3,6.9,6.8,8.7,7.0,7.0,6.9,6.2,6.9,5.1,9.2,6.8,4.2,4.1,8.4,7.7,1.4,5.7,7.2,7.1,7.0,5.2,7.2,6.9,3.6,5.7,5.5,0.1,0.5,4.5,6.7,8.0,3.2,5,3,↑,2028-2033,6.46,土耳其数据科学家：发展平稳,Turkey Data Scientist: steady development,AI综合评估 + O*NET/ILO/OECD锚点校准,2026-04-13,2026-04-13,2000-2026
TECH-0202-GB-general,信息技术与数字化,TECH,人工智能与数据,数据科学家,Data Scientist,2120,15-2051.00,西欧,英国,GB,country,general,硕士/博士,24-30,global,7.4,6.8,9.1,7.1,9.9,7.8,7.4,7.9,10.0,9.7,6.1,9.7,7.0,5.2,6.1,9.6,8.3,0.8,6.5,8.8,10.0,8.0,7.0,7.4,7.9,8.1,6.3,5.5,0.7,0.8,4.1,8.5,10.0,2.4,5,4,↑↑,2032-2038,7.71,英国数据科学家：薪资回报高，远程友好度高，近年增长迅猛,"United Kingdom Data Scientist: high compensation, highly remote-friendly, rapid recent growth",AI综合评估 + O*NET/ILO/OECD锚点校准,2026-04-13,2026-04-13,2000-2026
TECH-0202-FR-general,信息技术与数字化,TECH,人工智能与数据,数据科学家,Data Scientist,2120,15-2051.00,西欧,法国,FR,country,general,硕士/博士,24-30,global,7.3,7.4,8.7,7.4,8.7,7.8,7.6,8.7,10.0,9.2,7.6,9.5,7.3,6.4,6.6,8.2,7.9,1.2,6.1,7.8,8.0,8.2,7.7,8.2,8.3,7.5,6.9,6.0,1.0,0.8,4.3,7.1,10.0,2.4,5,3,↑,2032-2038,7.62,法国数据科学家：薪资回报高，人才需求旺盛，就业稳定,"France Data Scientist: high compensation, strong talent demand, stable employment",AI综合评估 + O*NET/ILO/OECD锚点校准,2026-04-13,2026-04-13,2000-2026
TECH-0202-DE-general,信息技术与数字化,TECH,人工智能与数据,数据科学家,Data Scientist,2120,15-2051.00,西欧,德国,DE,country,general,硕士/博士,24-30,global,7.6,7.1,9.1,7.3,9.3,7.6,7.8,8.5,10.0,8.9,7.8,9.7,7.0,8.4,7.3,8.8,7.7,1.2,5.7,9.0,8.9,8.0,7.2,7.6,8.5,7.5,6.1,5.8,0.1,1.2,4.1,7.5,9.8,2.0,5,3,↑,2028-2033,7.74,德国数据科学家：薪资回报高，人才需求旺盛，远程友好度高,"Germany Data Scientist: high compensation, strong talent demand, highly remote-friendly",AI综合评估 + O*NET/ILO/OECD锚点校准,2026-04-13,2026-04-13,2000-2026
TECH-0202-NL-general,信息技术与数字化,TECH,人工智能与数据,数据科学家,Data Scientist,2120,15-2051.00,西欧,荷兰,NL,country,general,硕士/博士,24-30,global,7.7,7.6,8.5,7.4,9.3,6.8,8.0,8.3,10.0,9.9,7.3,10.0,8.5,9.2,7.6,9.6,6.7,1.2,6.5,8.4,10.0,8.7,9.0,7.8,7.7,8.4,7.3,5.2,0.7,0.8,4.1,7.9,10.0,2.4,5,3,↑,2032-2038,7.93,荷兰数据科学家：薪资回报高，人才需求旺盛，远程友好度高,"Netherlands Data Scientist: high compensation, strong talent demand, highly remote-friendly",AI综合评估 + O*NET/ILO/OECD锚点校准,2026-04-13,2026-04-13,2000-2026
TECH-0202-CH-general,信息技术与数字化,TECH,人工智能与数据,数据科学家,Data Scientist,2120,15-2051.00,西欧,瑞士,CH,country,general,硕士/博士,24-30,global,7.4,7.0,8.5,8.3,7.7,7.0,8.0,8.3,10.0,10.0,9.3,10.0,8.0,6.7,6.3,9.0,7.7,1.4,6.1,8.6,8.6,9.2,8.0,7.4,7.5,6.9,6.9,5.2,0.5,0.9,3.5,7.7,10.0,2.8,5,3,↑,2032-2038,7.77,瑞士数据科学家：薪资回报高，人才需求旺盛，远程友好度高,"Switzerland Data Scientist: high compensation, strong talent demand, highly remote-friendly",AI综合评估 + O*NET/ILO/OECD锚点校准,2026-04-13,2026-04-13,2000-2026
TECH-0202-SE-general,信息技术与数字化,TECH,人工智能与数据,数据科学家,Data Scientist,2120,15-2051.00,北欧,瑞典,SE,country,general,硕士/博士,24-30,global,7.1,7.6,8.1,7.6,8.1,6.4,7.8,7.9,10.0,8.9,8.1,10.0,7.5,9.7,7.1,9.0,7.9,1.2,5.9,9.2,10.0,9.2,8.5,8.6,6.9,9.3,6.7,5.4,0.8,0.9,4.3,7.7,10.0,2.4,5,3,↑,2028-2033,7.86,瑞典数据科学家：薪资回报高，人才需求旺盛，远程友好度高,"Sweden Data Scientist: high compensation, strong talent demand, highly remote-friendly",AI综合评估 + O*NET/ILO/OECD锚点校准,2026-04-13,2026-04-13,2000-2026
TECH-0202-DK-general,信息技术与数字化,TECH,人工智能与数据,数据科学家,Data Scientist,2120,15-2051.00,北欧,丹麦,DK,country,general,硕士/博士,24-30,global,7.6,7.7,7.9,7.6,7.7,6.2,7.6,8.5,10.0,9.2,7.8,9.7,7.3,9.4,7.1,9.2,7.3,0.9,5.7,8.2,10.0,8.7,8.2,7.4,7.1,9.9,7.3,6.0,1.0,0.6,3.7,7.7,9.4,2.4,5,3,↑,2028-2033,7.75,丹麦数据科学家：薪资回报高，人才需求旺盛，远程友好度高,"Denmark Data Scientist: high compensation, strong talent demand, highly remote-friendly",AI综合评估 + O*NET/ILO/OECD锚点校准,2026-04-13,2026-04-13,2000-2026
TECH-0202-FI-general,信息技术与数字化,TECH,人工智能与数据,数据科学家,Data Scientist,2120,15-2051.00,北欧,芬兰,FI,country,general,硕士/博士,24-30,global,7.7,7.1,8.5,7.3,8.1,5.8,7.8,8.1,10.0,8.7,8.3,9.5,8.5,8.4,7.8,8.4,6.5,1.4,6.0,8.6,10.0,8.5,8.5,8.6,6.5,10.0,7.3,5.2,0.5,1.1,4.1,8.1,9.6,2.6,5,3,↑,2032-2038,7.75,芬兰数据科学家：薪资回报高，人才需求旺盛，远程友好度高,"Finland Data Scientist: high compensation, strong talent demand, highly remote-friendly",AI综合评估 + O*NET/ILO/OECD锚点校准,2026-04-13,2026-04-13,2000-2026
TECH-0202-IT-general,信息技术与数字化,TECH,人工智能与数据,数据科学家,Data Scientist,2120,15-2051.00,南欧,意大利,IT,country,general,硕士/博士,24-30,global,7.4,7.1,7.9,6.8,7.5,6.2,6.8,6.9,8.6,7.4,6.6,9.5,6.0,5.4,6.1,8.6,6.9,1.8,5.6,7.8,8.3,7.0,6.0,7.0,7.1,4.5,6.5,5.7,0.8,0.3,4.7,7.1,8.4,2.4,5,3,↑,2028-2033,6.81,意大利数据科学家：薪资回报高,Italy Data Scientist: high compensation,AI综合评估 + O*NET/ILO/OECD锚点校准,2026-04-13,2026-04-13,2000-2026
TECH-0202-ES-general,信息技术与数字化,TECH,人工智能与数据,数据科学家,Data Scientist,2120,15-2051.00,南欧,西班牙,ES,country,general,硕士/博士,24-30,global,7.1,6.7,7.9,7.1,7.7,6.4,7.2,6.9,8.6,7.6,5.1,9.7,6.8,4.7,6.1,7.8,7.1,1.8,6.3,7.0,8.6,8.5,7.5,7.8,7.5,6.6,6.7,5.4,1.0,0.6,4.3,7.7,8.8,2.4,5,3,↑,2032-2038,7.01,西班牙数据科学家：薪资回报高，远程友好度高,"Spain Data Scientist: high compensation, highly remote-friendly",AI综合评估 + O*NET/ILO/OECD锚点校准,2026-04-13,2026-04-13,2000-2026
TECH-0202-PT-general,信息技术与数字化,TECH,人工智能与数据,数据科学家,Data Scientist,2120,15-2051.00,南欧,葡萄牙,PT,country,general,硕士/博士,24-30,global,6.8,6.8,6.7,7.1,7.9,5.2,7.2,6.5,6.8,6.2,5.3,9.7,6.5,5.7,4.8,8.2,6.1,1.2,6.0,6.8,10.0,7.5,6.5,7.0,6.3,7.2,6.5,5.1,1.0,0.6,4.3,7.3,9.4,3.4,5,3,↑,2032-2038,6.7,葡萄牙数据科学家：远程友好度高,Portugal Data Scientist: highly remote-friendly,AI综合评估 + O*NET/ILO/OECD锚点校准,2026-04-13,2026-04-13,2000-2026
TECH-0202-PL-general,信息技术与数字化,TECH,人工智能与数据,数据科学家,Data Scientist,2120,15-2051.00,东欧,波兰,PL,country,general,硕士/博士,24-30,global,7.1,7.3,7.7,7.1,7.9,6.2,7.2,6.9,8.9,7.4,6.3,9.5,6.5,5.9,5.1,8.6,6.7,1.5,5.7,8.0,9.8,7.2,7.2,8.2,7.3,6.3,5.9,5.5,0.8,0.3,4.1,7.9,9.4,2.8,5,3,↑,2028-2033,7.06,波兰数据科学家：薪资回报高，远程友好度高,"Poland Data Scientist: high compensation, highly remote-friendly",AI综合评估 + O*NET/ILO/OECD锚点校准,2026-04-13,2026-04-13,2000-2026
TECH-0202-CZ-general,信息技术与数字化,TECH,人工智能与数据,数据科学家,Data Scientist,2120,15-2051.00,东欧,捷克,CZ,country,general,硕士/博士,24-30,global,6.8,7.4,7.3,7.9,7.9,6.4,7.2,6.7,8.0,7.4,6.8,9.7,7.3,7.2,5.6,8.0,6.5,1.2,5.9,7.4,8.6,7.5,7.5,7.0,6.3,6.0,6.3,5.7,0.1,0.9,3.7,7.7,9.8,3.0,5,3,↑,2028-2033,7.05,捷克数据科学家：薪资回报高，远程友好度高,"Czech Republic Data Scientist: high compensation, highly remote-friendly",AI综合评估 + O*NET/ILO/OECD锚点校准,2026-04-13,2026-04-13,2000-2026
TECH-0202-RU-general,信息技术与数字化,TECH,人工智能与数据,数据科学家,Data Scientist,2120,15-2051.00,东欧,俄罗斯,RU,country,general,硕士/博士,24-30,global,7.3,7.4,7.5,6.7,8.7,6.6,7.8,7.1,6.5,6.7,5.1,9.5,6.3,4.9,5.1,9.2,7.1,1.5,5.9,7.8,8.6,8.2,5.5,7.4,7.1,5.4,6.1,5.1,1.0,0.3,4.9,8.1,6.0,2.2,5,3,↑,2028-2033,6.69,俄罗斯数据科学家：人才需求旺盛，远程友好度高,"Russia Data Scientist: strong talent demand, highly remote-friendly",AI综合评估 + O*NET/ILO/OECD锚点校准,2026-04-13,2026-04-13,2000-2026
TECH-0202-US-general,信息技术与数字化,TECH,人工智能与数据,数据科学家,Data Scientist,2120,15-2051.00,北美,美国,US,country,general,硕士/博士,24-30,global,7.0,7.1,9.9,7.3,10.0,9.0,8.4,8.3,10.0,10.0,6.1,9.7,6.3,4.2,3.8,9.0,8.5,0.9,6.3,9.4,10.0,7.2,6.0,8.2,8.3,8.7,5.9,6.0,0.7,1.1,4.7,7.7,9.8,2.2,5,4,↑↑,2032-2038,7.67,美国数据科学家：薪资回报高，人才需求旺盛，远程友好度高,"United States Data Scientist: high compensation, strong talent demand, highly remote-friendly",AI综合评估 + O*NET/ILO/OECD锚点校准,2026-04-13,2026-04-13,2000-2026
TECH-0202-CA-general,信息技术与数字化,TECH,人工智能与数据,数据科学家,Data Scientist,2120,15-2051.00,北美,加拿大,CA,country,general,硕士/博士,24-30,global,7.4,7.0,8.1,7.6,8.7,8.0,7.4,8.1,10.0,9.7,7.3,10.0,7.8,6.2,5.6,9.0,7.9,1.1,6.7,8.4,10.0,8.5,8.0,7.6,7.7,8.4,6.7,5.5,0.2,0.6,4.3,8.1,10.0,2.4,5,4,↑↑,2032-2038,7.75,加拿大数据科学家：薪资回报高，远程友好度高，近年增长迅猛,"Canada Data Scientist: high compensation, highly remote-friendly, rapid recent growth",AI综合评估 + O*NET/ILO/OECD锚点校准,2026-04-13,2026-04-13,2000-2026
TECH-0202-MX-general,信息技术与数字化,TECH,人工智能与数据,数据科学家,Data Scientist,2120,15-2051.00,北美,墨西哥,MX,country,general,硕士/博士,24-30,global,7.3,7.0,6.9,6.7,8.3,6.2,6.2,6.5,6.2,6.2,4.3,9.5,6.0,4.7,4.1,7.8,7.1,1.8,6.0,6.8,8.6,6.7,6.0,6.8,7.5,4.2,6.1,5.5,0.4,0.5,4.1,7.5,8.2,2.8,5,3,↑,2032-2038,6.38,墨西哥数据科学家：远程友好度高,Mexico Data Scientist: highly remote-friendly,AI综合评估 + O*NET/ILO/OECD锚点校准,2026-04-13,2026-04-13,2000-2026
TECH-0202-BR-general,信息技术与数字化,TECH,人工智能与数据,数据科学家,Data Scientist,2120,15-2051.00,南美,巴西,BR,country,general,硕士/博士,24-30,global,6.5,7.0,8.1,6.8,8.9,8.2,7.4,7.1,7.7,7.2,4.3,9.2,7.0,5.4,4.3,7.8,7.3,1.7,6.1,7.4,9.5,7.7,5.5,7.2,7.5,5.1,5.7,5.4,0.5,0.2,4.9,7.3,7.8,2.2,5,3,↑,2032-2038,6.82,巴西数据科学家：远程友好度高,Brazil Data Scientist: highly remote-friendly,AI综合评估 + O*NET/ILO/OECD锚点校准,2026-04-13,2026-04-13,2000-2026
TECH-0202-AR-general,信息技术与数字化,TECH,人工智能与数据,数据科学家,Data Scientist,2120,15-2051.00,南美,阿根廷,AR,country,general,硕士/博士,24-30,global,6.5,7.3,6.9,6.4,7.1,5.8,6.8,6.5,5.0,5.9,4.8,9.2,5.8,5.2,4.3,8.4,6.9,1.7,5.6,7.2,8.9,7.5,6.0,7.0,6.5,4.5,5.9,5.5,0.1,0.2,4.7,8.1,8.0,2.4,5,3,↑,2028-2033,6.36,阿根廷数据科学家：远程友好度高,Argentina Data Scientist: highly remote-friendly,AI综合评估 + O*NET/ILO/OECD锚点校准,2026-04-13,2026-04-13,2000-2026
TECH-0202-CL-general,信息技术与数字化,TECH,人工智能与数据,数据科学家,Data Scientist,2120,15-2051.00,南美,智利,CL,country,general,硕士/博士,24-30,global,7.1,6.8,6.3,7.0,6.5,4.8,6.2,6.3,8.3,6.9,5.8,9.7,5.8,5.4,4.8,8.6,6.1,1.4,6.3,6.6,8.3,7.0,5.7,6.8,6.5,4.5,6.5,5.7,0.5,0.6,4.1,7.3,8.2,2.6,5,3,↑,2032-2038,6.54,智利数据科学家：薪资回报高,Chile Data Scientist: high compensation,AI综合评估 + O*NET/ILO/OECD锚点校准,2026-04-13,2026-04-13,2000-2026
TECH-0202-CO-general,信息技术与数字化,TECH,人工智能与数据,数据科学家,Data Scientist,2120,15-2051.00,南美,哥伦比亚,CO,country,general,硕士/博士,24-30,global,6.8,6.7,6.3,6.8,7.3,6.0,6.8,6.5,6.2,6.2,4.6,9.5,6.8,4.4,4.3,8.0,6.1,1.4,5.4,6.6,8.6,7.0,5.2,7.6,6.5,4.8,5.9,5.2,0.4,0.0,4.1,6.9,7.8,2.6,5,3,↑,2028-2033,6.34,哥伦比亚数据科学家：远程友好度高,Colombia Data Scientist: highly remote-friendly,AI综合评估 + O*NET/ILO/OECD锚点校准,2026-04-13,2026-04-13,2000-2026
TECH-0202-AU-general,信息技术与数字化,TECH,人工智能与数据,数据科学家,Data Scientist,2120,15-2051.00,大洋洲,澳大利亚,AU,country,general,硕士/博士,24-30,global,7.0,6.8,8.5,7.6,9.3,7.4,7.2,7.9,10.0,8.4,7.6,9.7,8.0,7.2,7.1,9.2,7.5,1.1,5.9,8.8,10.0,8.2,8.5,8.2,6.9,9.0,6.5,5.8,0.8,0.3,4.3,8.1,9.8,2.2,5,3,↑,2028-2033,7.78,澳大利亚数据科学家：薪资回报高，远程友好度高，就业稳定,"Australia Data Scientist: high compensation, highly remote-friendly, stable employment",AI综合评估 + O*NET/ILO/OECD锚点校准,2026-04-13,2026-04-13,2000-2026
TECH-0202-NZ-general,信息技术与数字化,TECH,人工智能与数据,数据科学家,Data Scientist,2120,15-2051.00,大洋洲,新西兰,NZ,country,general,硕士/博士,24-30,global,7.4,7.0,7.1,7.9,8.1,6.0,7.2,6.3,9.2,8.2,7.6,9.5,7.0,7.9,7.1,8.2,6.3,1.7,6.1,8.2,9.5,8.7,8.7,8.0,6.7,9.3,6.5,5.2,0.4,0.5,4.3,7.5,9.8,2.8,5,3,↑,2032-2038,7.39,新西兰数据科学家：薪资回报高，远程友好度高，工作时间规律,"New Zealand Data Scientist: high compensation, highly remote-friendly, regular working hours",AI综合评估 + O*NET/ILO/OECD锚点校准,2026-04-13,2026-04-13,2000-2026
TECH-0202-ZA-general,信息技术与数字化,TECH,人工智能与数据,数据科学家,Data Scientist,2120,15-2051.00,非洲,南非,ZA,country,general,硕士/博士,24-30,global,6.7,7.0,6.5,6.4,7.7,5.2,6.6,6.3,5.6,5.4,4.6,9.2,5.5,5.7,5.6,7.8,6.5,1.7,6.1,7.0,7.7,6.7,5.5,7.6,6.3,6.0,5.5,5.1,0.2,0.3,4.7,7.1,8.0,2.4,5,3,↑,2032-2038,6.32,南非数据科学家：发展平稳,South Africa Data Scientist: steady development,AI综合评估 + O*NET/ILO/OECD锚点校准,2026-04-13,2026-04-13,2000-2026
TECH-0202-NG-general,信息技术与数字化,TECH,人工智能与数据,数据科学家,Data Scientist,2120,15-2051.00,非洲,尼日利亚,NG,country,general,硕士/博士,24-30,global,7.1,7.1,6.5,5.9,7.1,5.6,6.2,5.3,4.1,4.7,4.6,9.0,5.8,3.9,5.1,7.2,6.1,2.3,6.0,5.4,8.3,7.0,4.2,6.6,6.7,2.4,5.5,5.2,0.7,0.0,5.5,6.9,7.4,3.4,4,2,↑,2032-2038,5.77,尼日利亚数据科学家：薪资水平偏低,Nigeria Data Scientist: relatively low pay,AI综合评估 + O*NET/ILO/OECD锚点校准,2026-04-13,2026-04-13,2000-2026
TECH-0202-KE-general,信息技术与数字化,TECH,人工智能与数据,数据科学家,Data Scientist,2120,15-2051.00,非洲,肯尼亚,KE,country,general,硕士/博士,24-30,global,6.4,7.0,6.3,6.8,5.9,4.6,5.6,5.1,4.4,5.7,4.1,9.2,5.3,5.2,4.3,8.0,5.7,2.1,5.4,6.4,8.0,7.0,5.5,7.2,6.3,3.6,5.7,5.8,0.5,0.0,4.9,7.9,7.8,2.6,4,2,↑,2028-2033,5.93,肯尼亚数据科学家：薪资水平偏低,Kenya Data Scientist: relatively low pay,AI综合评估 + O*NET/ILO/OECD锚点校准,2026-04-13,2026-04-13,2000-2026
TECH-0202-EG-general,信息技术与数字化,TECH,人工智能与数据,数据科学家,Data Scientist,2120,15-2051.00,非洲,埃及,EG,country,general,硕士/博士,24-30,global,6.5,7.3,6.9,6.2,7.9,6.6,6.2,5.7,5.0,4.7,4.8,9.2,5.5,3.9,4.6,7.8,6.9,1.7,5.6,5.8,6.5,7.2,5.0,7.2,6.7,1.8,5.9,5.2,0.2,0.2,5.3,7.5,7.6,2.8,4,2,↑,2028-2033,5.99,埃及数据科学家：发展平稳,Egypt Data Scientist: steady development,AI综合评估 + O*NET/ILO/OECD锚点校准,2026-04-13,2026-04-13,2000-2026
TECH-0203-CN-general,信息技术与数字化,TECH,人工智能与数据,数据分析师,Data Analyst,2120,15-2051.00,东亚,中国,CN,country,general,本科,22-28,global,4.5,4.8,6.5,6.8,9.6,10.0,7.1,6.1,8.2,7.4,4.6,9.7,5.4,2.1,4.0,8.2,7.8,1.4,4.2,6.7,4.9,4.2,3.7,6.2,6.1,5.4,6.2,6.4,0.4,0.0,4.6,7.2,5.6,1.3,4,3,↑,2026-2030,6.36,中国数据分析师：薪资回报高，加班文化严重,"China Data Analyst: high compensation, heavy overtime culture",AI综合评估 + O*NET/ILO/OECD锚点校准,2026-04-13,2026-04-13,2000-2026
TECH-0203-JP-general,信息技术与数字化,TECH,人工智能与数据,数据分析师,Data Analyst,2120,15-2051.00,东亚,日本,JP,country,general,本科,22-28,global,5.1,5.2,6.5,8.0,8.0,9.7,5.9,5.5,5.8,7.2,7.1,9.7,7.2,3.4,3.8,7.8,7.6,1.3,4.5,6.7,7.6,6.0,5.9,6.0,5.9,5.4,6.0,6.3,0.4,1.0,5.2,7.0,6.2,1.9,4,2,↑,2026-2030,6.45,日本数据分析师：加班文化严重,Japan Data Analyst: heavy overtime culture,AI综合评估 + O*NET/ILO/OECD锚点校准,2026-04-13,2026-04-13,2000-2026
TECH-0203-KR-general,信息技术与数字化,TECH,人工智能与数据,数据分析师,Data Analyst,2120,15-2051.00,东亚,韩国,KR,country,general,本科,22-28,global,4.5,4.5,6.5,7.3,8.4,8.7,5.9,5.7,7.0,7.4,6.4,9.2,5.7,1.9,3.3,8.0,6.6,1.4,4.2,6.1,6.7,5.5,5.4,6.6,6.1,5.1,6.4,6.3,0.5,0.5,5.0,6.6,6.4,2.1,4,2,↑,2026-2030,6.31,韩国数据分析师：加班文化严重,South Korea Data Analyst: heavy overtime culture,AI综合评估 + O*NET/ILO/OECD锚点校准,2026-04-13,2026-04-13,2000-2026
TECH-0203-TW-general,信息技术与数字化,TECH,人工智能与数据,数据分析师,Data Analyst,2120,15-2051.00,东亚,中国台湾地区,TW,region,general,本科,22-28,global,4.8,4.3,6.3,7.1,8.0,8.9,6.7,5.7,5.8,6.4,5.9,9.5,5.7,3.9,4.3,7.8,6.6,1.0,4.0,6.1,6.1,5.7,4.9,6.2,5.5,6.9,6.6,5.7,0.7,1.0,4.6,6.8,7.4,2.5,4,2,↑,2026-2030,6.3,中国台湾地区数据分析师：AI替代风险较高,Taiwan (China) Data Analyst: high AI displacement risk,AI综合评估 + O*NET/ILO/OECD锚点校准,2026-04-13,2026-04-13,2000-2026
TECH-0203-HK-general,信息技术与数字化,TECH,人工智能与数据,数据分析师,Data Analyst,2120,15-2051.00,东亚,中国香港地区,HK,region,general,本科,22-28,global,4.9,4.5,4.9,7.0,6.6,7.5,5.7,4.7,7.9,7.4,6.6,9.5,5.9,3.6,3.8,7.4,5.8,1.4,3.7,6.5,8.2,5.5,5.7,5.6,4.9,7.2,6.6,6.3,0.2,1.0,4.6,6.6,8.4,2.3,4,2,↑,2026-2030,6.27,中国香港地区数据分析师：AI替代风险较高,Hong Kong (China) Data Analyst: high AI displacement risk,AI综合评估 + O*NET/ILO/OECD锚点校准,2026-04-13,2026-04-13,2000-2026
TECH-0203-SG-general,信息技术与数字化,TECH,人工智能与数据,数据分析师,Data Analyst,2120,15-2051.00,东南亚,新加坡,SG,country,general,本科,22-28,global,5.2,4.3,6.1,7.6,8.2,8.3,7.1,5.5,9.1,8.9,7.4,10.0,6.4,5.1,4.8,8.0,7.2,1.4,4.5,6.5,8.2,6.7,6.7,6.4,6.5,8.1,6.2,5.8,0.2,1.3,4.4,7.2,10.0,1.7,4,3,↑,2026-2030,7.04,新加坡数据分析师：薪资回报高,Singapore Data Analyst: high compensation,AI综合评估 + O*NET/ILO/OECD锚点校准,2026-04-13,2026-04-13,2000-2026
TECH-0203-TH-general,信息技术与数字化,TECH,人工智能与数据,数据分析师,Data Analyst,2120,15-2051.00,东南亚,泰国,TH,country,general,本科,22-28,global,4.8,4.9,5.1,7.3,7.0,7.9,5.3,3.9,3.4,4.9,5.1,9.5,6.4,6.6,6.3,7.0,6.4,1.3,3.6,4.9,7.0,5.5,5.7,5.0,4.7,7.2,6.8,6.1,0.1,0.4,5.6,6.2,6.2,2.3,4,2,↑,2026-2030,5.86,泰国数据分析师：薪资水平偏低，AI替代风险较高,"Thailand Data Analyst: relatively low pay, high AI displacement risk",AI综合评估 + O*NET/ILO/OECD锚点校准,2026-04-13,2026-04-13,2000-2026
TECH-0203-VN-general,信息技术与数字化,TECH,人工智能与数据,数据分析师,Data Analyst,2120,15-2051.00,东南亚,越南,VN,country,general,本科,22-28,global,4.2,4.5,5.5,6.5,6.8,8.5,4.7,4.7,2.2,5.7,5.6,9.5,6.4,4.4,4.8,6.8,6.4,1.9,3.5,4.7,7.3,5.5,5.9,5.2,4.9,5.1,6.0,6.0,0.4,0.0,4.8,6.8,5.8,2.5,4,2,↑,2026-2030,5.71,越南数据分析师：薪资水平偏低，AI替代风险较高,"Vietnam Data Analyst: relatively low pay, high AI displacement risk",AI综合评估 + O*NET/ILO/OECD锚点校准,2026-04-13,2026-04-13,2000-2026
TECH-0203-ID-general,信息技术与数字化,TECH,人工智能与数据,数据分析师,Data Analyst,2120,15-2051.00,东南亚,印度尼西亚,ID,country,general,本科,22-28,global,4.0,4.0,5.7,7.0,7.2,8.3,4.3,3.9,2.5,4.2,4.6,9.7,7.2,5.6,5.3,7.0,6.8,1.4,3.9,4.1,7.0,5.5,6.4,5.8,5.9,5.4,6.4,5.8,0.1,0.4,4.8,7.0,5.6,1.9,4,2,↑,2026-2030,5.81,印度尼西亚数据分析师：薪资水平偏低，AI替代风险较高,"Indonesia Data Analyst: relatively low pay, high AI displacement risk",AI综合评估 + O*NET/ILO/OECD锚点校准,2026-04-13,2026-04-13,2000-2026
TECH-0203-MY-general,信息技术与数字化,TECH,人工智能与数据,数据分析师,Data Analyst,2120,15-2051.00,东南亚,马来西亚,MY,country,general,本科,22-28,global,4.0,4.5,4.7,7.0,6.6,6.5,4.9,3.9,4.6,6.4,6.1,9.7,6.7,5.4,5.5,7.0,6.0,1.9,4.0,4.9,7.0,6.5,5.7,4.8,5.3,6.9,6.0,6.3,0.7,0.2,5.0,7.2,7.6,2.5,4,2,↑,2026-2030,5.99,马来西亚数据分析师：AI替代风险较高,Malaysia Data Analyst: high AI displacement risk,AI综合评估 + O*NET/ILO/OECD锚点校准,2026-04-13,2026-04-13,2000-2026
TECH-0203-PH-general,信息技术与数字化,TECH,人工智能与数据,数据分析师,Data Analyst,2120,15-2051.00,东南亚,菲律宾,PH,country,general,本科,22-28,global,4.2,4.6,4.9,6.8,5.8,7.1,5.1,4.3,1.9,4.7,4.6,9.2,6.9,4.4,5.5,6.6,6.2,1.7,3.7,4.5,7.9,6.0,5.4,4.8,4.9,6.6,5.6,6.0,0.8,0.4,5.4,6.8,7.0,1.7,4,2,↑,2026-2030,5.62,菲律宾数据分析师：薪资水平偏低，AI替代风险较高,"Philippines Data Analyst: relatively low pay, high AI displacement risk",AI综合评估 + O*NET/ILO/OECD锚点校准,2026-04-13,2026-04-13,2000-2026
TECH-0203-IN-general,信息技术与数字化,TECH,人工智能与数据,数据分析师,Data Analyst,2120,15-2051.00,南亚,印度,IN,country,general,本科,22-28,global,4.6,4.9,6.9,7.3,9.2,9.9,6.3,6.5,4.9,6.7,5.4,9.2,5.4,4.1,4.8,7.2,7.8,1.0,4.2,5.5,9.4,5.5,4.2,6.4,6.5,5.4,6.0,6.4,0.4,0.5,5.8,7.8,7.6,1.5,4,2,↑,2026-2030,6.46,印度数据分析师：远程友好度高,India Data Analyst: highly remote-friendly,AI综合评估 + O*NET/ILO/OECD锚点校准,2026-04-13,2026-04-13,2000-2026
TECH-0203-PK-general,信息技术与数字化,TECH,人工智能与数据,数据分析师,Data Analyst,2120,15-2051.00,南亚,巴基斯坦,PK,country,general,本科,22-28,global,4.2,4.6,3.7,6.8,5.8,6.7,4.7,2.7,1.0,4.4,4.1,9.5,6.2,4.6,5.1,6.4,6.2,2.0,3.5,4.1,7.3,5.2,5.2,5.4,5.3,2.1,5.6,5.7,0.2,0.4,5.8,6.8,6.4,2.9,3,1,→,2026-2030,5.18,巴基斯坦数据分析师：薪资水平偏低，AI替代风险较高,"Pakistan Data Analyst: relatively low pay, high AI displacement risk",AI综合评估 + O*NET/ILO/OECD锚点校准,2026-04-13,2026-04-13,2000-2026
TECH-0203-BD-general,信息技术与数字化,TECH,人工智能与数据,数据分析师,Data Analyst,2120,15-2051.00,南亚,孟加拉国,BD,country,general,本科,22-28,global,4.3,3.9,3.9,6.5,5.6,7.1,3.9,2.5,1.0,3.4,3.4,9.2,5.7,4.6,4.3,6.8,5.0,1.9,4.0,3.1,7.0,5.0,5.7,5.0,4.5,4.2,5.4,5.8,0.2,0.1,5.6,6.6,6.2,2.3,3,1,→,2026-2030,5.06,孟加拉国数据分析师：薪资水平偏低，供过于求，AI替代风险较高,"Bangladesh Data Analyst: relatively low pay, oversupply of talent, high AI displacement risk",AI综合评估 + O*NET/ILO/OECD锚点校准,2026-04-13,2026-04-13,2000-2026
TECH-0203-AE-general,信息技术与数字化,TECH,人工智能与数据,数据分析师,Data Analyst,2120,15-2051.00,中亚/西亚,阿联酋,AE,country,general,本科,22-28,global,4.5,4.5,6.3,7.1,7.4,7.9,6.1,5.9,8.2,8.2,5.9,9.5,6.7,5.1,6.0,7.6,6.2,1.1,4.5,6.3,7.0,6.2,6.4,6.4,4.9,5.7,6.0,5.7,0.2,0.5,4.6,6.6,8.6,2.3,4,2,↑,2026-2030,6.65,阿联酋数据分析师：薪资回报高,United Arab Emirates Data Analyst: high compensation,AI综合评估 + O*NET/ILO/OECD锚点校准,2026-04-13,2026-04-13,2000-2026
TECH-0203-IL-general,信息技术与数字化,TECH,人工智能与数据,数据分析师,Data Analyst,2120,15-2051.00,中亚/西亚,以色列,IL,country,general,本科,22-28,global,5.2,4.6,6.3,6.5,8.0,8.9,6.9,5.9,8.2,9.2,4.9,9.7,7.4,4.9,4.8,7.6,6.6,1.3,3.9,7.7,10.0,6.0,5.9,6.4,5.7,8.7,6.6,6.1,0.4,0.2,4.8,7.2,8.8,1.7,4,3,↑,2026-2030,6.86,以色列数据分析师：薪资回报高，AI替代风险较高，远程友好度高,"Israel Data Analyst: high compensation, high AI displacement risk, highly remote-friendly",AI综合评估 + O*NET/ILO/OECD锚点校准,2026-04-13,2026-04-13,2000-2026
TECH-0203-SA-general,信息技术与数字化,TECH,人工智能与数据,数据分析师,Data Analyst,2120,15-2051.00,中亚/西亚,沙特阿拉伯,SA,country,general,本科,22-28,global,4.8,4.3,5.5,7.3,6.8,7.5,5.7,4.1,6.1,7.2,5.1,9.5,6.7,5.9,5.5,8.0,6.2,1.6,4.1,5.1,5.8,5.0,5.7,6.0,5.7,3.3,5.8,6.4,0.5,0.2,5.0,6.2,6.4,2.7,4,2,↑,2026-2030,6.05,沙特阿拉伯数据分析师：发展平稳,Saudi Arabia Data Analyst: steady development,AI综合评估 + O*NET/ILO/OECD锚点校准,2026-04-13,2026-04-13,2000-2026
TECH-0203-TR-general,信息技术与数字化,TECH,人工智能与数据,数据分析师,Data Analyst,2120,15-2051.00,中亚/西亚,土耳其,TR,country,general,本科,22-28,global,4.2,4.2,5.1,6.7,6.6,8.5,5.5,3.9,4.0,4.9,4.6,9.0,6.7,4.9,4.8,7.2,6.8,1.4,3.9,5.3,7.3,5.7,5.9,4.8,5.1,3.9,5.8,5.7,0.1,0.4,5.4,6.4,6.0,2.3,4,2,↑,2026-2030,5.77,土耳其数据分析师：薪资水平偏低，AI替代风险较高,"Turkey Data Analyst: relatively low pay, high AI displacement risk",AI综合评估 + O*NET/ILO/OECD锚点校准,2026-04-13,2026-04-13,2000-2026
TECH-0203-GB-general,信息技术与数字化,TECH,人工智能与数据,数据分析师,Data Analyst,2120,15-2051.00,西欧,英国,GB,country,general,本科,22-28,global,4.8,4.8,7.1,7.0,9.0,8.9,6.1,5.9,9.7,9.2,6.6,9.5,6.9,6.9,6.0,8.4,7.6,1.1,4.5,7.3,10.0,7.2,7.9,6.4,5.9,8.7,6.6,5.8,1.0,0.7,5.4,7.8,9.2,1.5,4,3,↑,2026-2030,7.32,英国数据分析师：薪资回报高，远程友好度高,"United Kingdom Data Analyst: high compensation, highly remote-friendly",AI综合评估 + O*NET/ILO/OECD锚点校准,2026-04-13,2026-04-13,2000-2026
TECH-0203-FR-general,信息技术与数字化,TECH,人工智能与数据,数据分析师,Data Analyst,2120,15-2051.00,西欧,法国,FR,country,general,本科,22-28,global,5.2,4.6,6.5,7.3,8.4,9.1,6.5,5.9,7.0,7.4,6.4,9.5,8.4,7.1,7.3,7.4,7.2,1.0,4.2,5.7,7.6,6.5,7.7,6.2,6.3,9.0,7.4,6.0,0.8,0.7,4.8,7.6,7.8,1.7,4,2,↑,2026-2030,6.95,法国数据分析师：发展平稳,France Data Analyst: steady development,AI综合评估 + O*NET/ILO/OECD锚点校准,2026-04-13,2026-04-13,2000-2026
TECH-0203-DE-general,信息技术与数字化,TECH,人工智能与数据,数据分析师,Data Analyst,2120,15-2051.00,西欧,德国,DE,country,general,本科,22-28,global,5.1,5.2,6.9,7.7,8.0,9.9,6.7,5.3,8.2,7.9,7.1,9.5,7.9,8.6,7.3,7.8,7.2,1.0,4.0,6.5,8.2,6.0,8.7,6.2,6.7,7.8,7.8,5.5,0.2,1.1,4.0,7.2,8.2,2.1,4,2,↑,2026-2030,7.14,德国数据分析师：薪资回报高，AI替代风险较高，工作时间规律,"Germany Data Analyst: high compensation, high AI displacement risk, regular working hours",AI综合评估 + O*NET/ILO/OECD锚点校准,2026-04-13,2026-04-13,2000-2026
TECH-0203-NL-general,信息技术与数字化,TECH,人工智能与数据,数据分析师,Data Analyst,2120,15-2051.00,西欧,荷兰,NL,country,general,本科,22-28,global,5.1,4.8,5.9,7.3,7.4,8.3,5.9,5.7,8.2,7.9,6.9,9.7,9.2,8.1,7.3,7.8,6.6,0.8,4.1,6.3,10.0,7.0,8.7,6.0,5.9,10.0,7.4,6.4,0.5,1.0,4.2,7.8,8.4,2.7,4,2,↑,2026-2030,7.16,荷兰数据分析师：薪资回报高，远程友好度高，工作时间规律,"Netherlands Data Analyst: high compensation, highly remote-friendly, regular working hours",AI综合评估 + O*NET/ILO/OECD锚点校准,2026-04-13,2026-04-13,2000-2026
TECH-0203-CH-general,信息技术与数字化,TECH,人工智能与数据,数据分析师,Data Analyst,2120,15-2051.00,西欧,瑞士,CH,country,general,本科,22-28,global,4.9,4.8,5.7,7.9,7.0,8.3,6.3,6.1,10.0,8.9,8.1,10.0,8.2,8.1,6.8,8.4,7.0,1.0,3.9,7.3,8.5,6.7,8.2,5.6,5.5,8.4,7.8,5.8,0.4,0.5,4.6,7.4,9.2,1.7,4,2,↑,2026-2030,7.3,瑞士数据分析师：薪资回报高，AI替代风险较高，远程友好度高,"Switzerland Data Analyst: high compensation, high AI displacement risk, highly remote-friendly",AI综合评估 + O*NET/ILO/OECD锚点校准,2026-04-13,2026-04-13,2000-2026
TECH-0203-SE-general,信息技术与数字化,TECH,人工智能与数据,数据分析师,Data Analyst,2120,15-2051.00,北欧,瑞典,SE,country,general,本科,22-28,global,4.9,4.3,5.9,7.3,7.8,7.9,6.5,6.1,7.9,7.4,7.6,10.0,7.7,9.9,7.6,7.8,6.8,1.3,4.5,6.1,10.0,7.0,8.9,5.8,5.7,10.0,7.2,6.0,0.4,0.7,4.8,7.4,8.2,1.7,4,2,↑,2026-2030,7.24,瑞典数据分析师：远程友好度高，工作时间规律，就业稳定,"Sweden Data Analyst: highly remote-friendly, regular working hours, stable employment",AI综合评估 + O*NET/ILO/OECD锚点校准,2026-04-13,2026-04-13,2000-2026
TECH-0203-DK-general,信息技术与数字化,TECH,人工智能与数据,数据分析师,Data Analyst,2120,15-2051.00,北欧,丹麦,DK,country,general,本科,22-28,global,4.5,4.6,6.3,8.0,7.2,7.5,6.5,5.3,7.9,7.7,7.9,10.0,8.9,9.9,8.3,8.0,5.8,1.1,4.4,6.3,9.7,8.0,9.4,5.2,5.5,9.9,7.8,6.0,0.4,0.5,4.4,7.0,8.8,2.5,4,2,↑,2026-2030,7.31,丹麦数据分析师：远程友好度高，工作时间规律，就业稳定,"Denmark Data Analyst: highly remote-friendly, regular working hours, stable employment",AI综合评估 + O*NET/ILO/OECD锚点校准,2026-04-13,2026-04-13,2000-2026
TECH-0203-FI-general,信息技术与数字化,TECH,人工智能与数据,数据分析师,Data Analyst,2120,15-2051.00,北欧,芬兰,FI,country,general,本科,22-28,global,4.8,4.3,5.5,7.1,6.8,7.7,6.5,5.7,6.7,8.2,6.9,9.7,7.9,9.4,7.8,8.4,7.0,1.0,4.4,6.7,10.0,6.7,8.7,5.8,6.3,10.0,7.2,6.3,0.1,1.1,4.2,7.6,8.6,1.9,4,2,↑,2026-2030,7.17,芬兰数据分析师：远程友好度高，工作时间规律,"Finland Data Analyst: highly remote-friendly, regular working hours",AI综合评估 + O*NET/ILO/OECD锚点校准,2026-04-13,2026-04-13,2000-2026
TECH-0203-IT-general,信息技术与数字化,TECH,人工智能与数据,数据分析师,Data Analyst,2120,15-2051.00,南欧,意大利,IT,country,general,本科,22-28,global,4.3,4.5,5.9,6.5,7.0,8.7,5.5,4.3,4.9,6.9,5.4,9.2,7.4,5.4,5.8,7.8,6.8,1.7,3.9,5.7,6.7,6.5,6.9,5.2,5.3,6.9,7.2,6.3,0.7,0.4,4.8,6.8,7.6,2.1,4,2,↑,2026-2030,6.26,意大利数据分析师：AI替代风险较高,Italy Data Analyst: high AI displacement risk,AI综合评估 + O*NET/ILO/OECD锚点校准,2026-04-13,2026-04-13,2000-2026
TECH-0203-ES-general,信息技术与数字化,TECH,人工智能与数据,数据分析师,Data Analyst,2120,15-2051.00,南欧,西班牙,ES,country,general,本科,22-28,global,4.8,4.6,5.3,6.8,6.8,7.9,5.9,3.9,4.9,6.4,5.4,9.2,7.7,5.4,5.8,7.2,6.6,1.6,4.2,4.9,9.1,7.0,7.7,6.0,6.1,8.1,7.0,6.1,0.1,1.0,4.8,7.0,7.8,2.5,4,2,↑,2026-2030,6.33,西班牙数据分析师：远程友好度高,Spain Data Analyst: highly remote-friendly,AI综合评估 + O*NET/ILO/OECD锚点校准,2026-04-13,2026-04-13,2000-2026
TECH-0203-PT-general,信息技术与数字化,TECH,人工智能与数据,数据分析师,Data Analyst,2120,15-2051.00,南欧,葡萄牙,PT,country,general,本科,22-28,global,4.2,4.9,4.7,7.3,6.2,7.7,5.3,4.7,4.9,5.4,4.6,9.7,7.4,5.9,6.3,7.8,6.8,1.3,4.1,5.3,8.5,6.0,7.2,5.6,5.3,7.5,6.2,6.3,1.0,0.7,4.8,7.2,7.6,1.9,4,2,↑,2026-2030,6.23,葡萄牙数据分析师：远程友好度高,Portugal Data Analyst: highly remote-friendly,AI综合评估 + O*NET/ILO/OECD锚点校准,2026-04-13,2026-04-13,2000-2026
TECH-0203-PL-general,信息技术与数字化,TECH,人工智能与数据,数据分析师,Data Analyst,2120,15-2051.00,东欧,波兰,PL,country,general,本科,22-28,global,4.6,4.6,5.1,7.6,6.4,8.5,6.1,4.1,5.2,7.4,6.4,9.5,6.9,5.9,6.5,7.4,7.0,1.4,4.2,6.1,9.1,6.7,6.9,6.0,5.3,7.8,7.4,6.4,0.7,0.7,4.2,7.0,8.0,2.5,4,2,↑,2026-2030,6.54,波兰数据分析师：远程友好度高,Poland Data Analyst: highly remote-friendly,AI综合评估 + O*NET/ILO/OECD锚点校准,2026-04-13,2026-04-13,2000-2026
TECH-0203-CZ-general,信息技术与数字化,TECH,人工智能与数据,数据分析师,Data Analyst,2120,15-2051.00,东欧,捷克,CZ,country,general,本科,22-28,global,4.2,4.6,5.7,7.4,6.8,7.3,6.3,3.9,5.5,6.4,5.9,9.5,7.2,6.9,6.3,7.6,6.8,1.6,4.2,5.5,7.6,5.7,8.4,5.4,5.9,6.6,7.0,5.7,0.5,0.8,4.0,7.4,7.4,1.9,4,2,↑,2026-2030,6.44,捷克数据分析师：发展平稳,Czech Republic Data Analyst: steady development,AI综合评估 + O*NET/ILO/OECD锚点校准,2026-04-13,2026-04-13,2000-2026
TECH-0203-RU-general,信息技术与数字化,TECH,人工智能与数据,数据分析师,Data Analyst,2120,15-2051.00,东欧,俄罗斯,RU,country,general,本科,22-28,global,4.9,4.3,5.9,7.0,6.6,8.7,5.5,4.7,3.7,5.4,3.4,9.5,7.2,5.4,5.5,7.2,6.0,1.4,4.4,5.9,9.1,6.7,5.4,5.4,4.9,6.0,6.8,5.5,0.8,0.1,5.2,7.2,5.2,2.1,4,2,↑,2026-2030,6.0,俄罗斯数据分析师：薪资水平偏低，远程友好度高，就业波动大,"Russia Data Analyst: relatively low pay, highly remote-friendly, volatile employment",AI综合评估 + O*NET/ILO/OECD锚点校准,2026-04-13,2026-04-13,2000-2026
TECH-0203-US-general,信息技术与数字化,TECH,人工智能与数据,数据分析师,Data Analyst,2120,15-2051.00,北美,美国,US,country,general,本科,22-28,global,4.9,4.9,7.9,7.4,9.2,10.0,6.7,6.1,10.0,9.9,4.9,9.7,7.2,4.9,4.8,8.0,8.0,1.0,4.8,7.1,10.0,7.0,5.9,6.4,5.9,8.7,6.2,6.0,0.4,0.5,5.4,8.0,8.4,1.9,4,3,↑,2028-2033,7.24,美国数据分析师：薪资回报高，远程友好度高,"United States Data Analyst: high compensation, highly remote-friendly",AI综合评估 + O*NET/ILO/OECD锚点校准,2026-04-13,2026-04-13,2000-2026
TECH-0203-CA-general,信息技术与数字化,TECH,人工智能与数据,数据分析师,Data Analyst,2120,15-2051.00,北美,加拿大,CA,country,general,本科,22-28,global,4.6,5.1,6.3,7.3,8.0,9.3,6.1,6.3,7.6,7.7,6.6,9.7,7.9,6.1,6.8,8.4,7.4,0.8,4.2,6.1,10.0,6.5,7.9,6.2,6.1,9.0,7.0,5.5,0.2,0.8,4.0,7.8,8.4,1.7,4,3,↑,2026-2030,7.1,加拿大数据分析师：远程友好度高,Canada Data Analyst: highly remote-friendly,AI综合评估 + O*NET/ILO/OECD锚点校准,2026-04-13,2026-04-13,2000-2026
TECH-0203-MX-general,信息技术与数字化,TECH,人工智能与数据,数据分析师,Data Analyst,2120,15-2051.00,北美,墨西哥,MX,country,general,本科,22-28,global,4.9,4.6,4.9,6.5,6.6,8.1,4.7,4.3,2.8,5.4,4.4,9.2,6.7,4.1,5.1,6.8,6.8,1.9,3.6,5.1,7.9,6.0,5.7,5.2,6.1,5.7,6.2,6.0,0.4,0.4,5.0,7.4,6.0,1.7,4,2,↑,2026-2030,5.71,墨西哥数据分析师：薪资水平偏低，AI替代风险较高,"Mexico Data Analyst: relatively low pay, high AI displacement risk",AI综合评估 + O*NET/ILO/OECD锚点校准,2026-04-13,2026-04-13,2000-2026
TECH-0203-BR-general,信息技术与数字化,TECH,人工智能与数据,数据分析师,Data Analyst,2120,15-2051.00,南美,巴西,BR,country,general,本科,22-28,global,4.5,4.3,6.1,6.8,7.4,9.1,4.9,4.3,4.6,5.4,4.9,9.7,7.4,4.9,4.8,7.2,6.4,1.6,3.7,5.1,7.9,6.2,6.9,5.6,5.5,6.0,7.0,5.8,0.5,0.2,5.8,7.0,5.4,1.9,4,2,↑,2026-2030,6.04,巴西数据分析师：AI替代风险较高,Brazil Data Analyst: high AI displacement risk,AI综合评估 + O*NET/ILO/OECD锚点校准,2026-04-13,2026-04-13,2000-2026
TECH-0203-AR-general,信息技术与数字化,TECH,人工智能与数据,数据分析师,Data Analyst,2120,15-2051.00,南美,阿根廷,AR,country,general,本科,22-28,global,4.9,4.5,4.7,5.9,6.2,7.7,4.9,4.9,1.9,5.9,3.9,9.5,7.2,5.1,4.8,7.4,6.0,1.7,4.2,5.1,8.5,5.2,5.9,5.2,4.9,5.4,5.8,6.1,0.5,0.8,4.8,7.4,5.8,1.7,4,2,↑,2026-2030,5.69,阿根廷数据分析师：薪资水平偏低，远程友好度高，就业波动大,"Argentina Data Analyst: relatively low pay, highly remote-friendly, volatile employment",AI综合评估 + O*NET/ILO/OECD锚点校准,2026-04-13,2026-04-13,2000-2026
TECH-0203-CL-general,信息技术与数字化,TECH,人工智能与数据,数据分析师,Data Analyst,2120,15-2051.00,南美,智利,CL,country,general,本科,22-28,global,4.6,4.6,5.1,6.5,5.6,6.3,4.9,4.9,3.7,5.4,5.1,9.5,6.9,5.6,5.5,7.8,5.4,1.4,3.9,5.3,7.3,6.5,6.2,5.0,5.3,5.7,6.2,6.1,0.5,0.4,5.6,7.4,7.4,1.9,4,2,↑,2026-2030,5.9,智利数据分析师：薪资水平偏低，AI替代风险较高,"Chile Data Analyst: relatively low pay, high AI displacement risk",AI综合评估 + O*NET/ILO/OECD锚点校准,2026-04-13,2026-04-13,2000-2026
TECH-0203-CO-general,信息技术与数字化,TECH,人工智能与数据,数据分析师,Data Analyst,2120,15-2051.00,南美,哥伦比亚,CO,country,general,本科,22-28,global,4.2,4.3,5.3,6.5,6.2,6.9,4.3,3.9,3.4,5.2,5.1,9.7,7.2,4.6,6.0,6.6,6.2,1.9,3.7,4.9,7.3,5.0,5.9,5.8,4.7,5.1,5.8,5.7,0.2,0.1,5.6,6.8,5.6,1.9,4,2,↑,2026-2030,5.67,哥伦比亚数据分析师：薪资水平偏低，AI替代风险较高,"Colombia Data Analyst: relatively low pay, high AI displacement risk",AI综合评估 + O*NET/ILO/OECD锚点校准,2026-04-13,2026-04-13,2000-2026
TECH-0203-AU-general,信息技术与数字化,TECH,人工智能与数据,数据分析师,Data Analyst,2120,15-2051.00,大洋洲,澳大利亚,AU,country,general,本科,22-28,global,4.3,5.1,6.1,7.7,7.8,8.7,6.1,5.5,9.1,7.9,6.6,10.0,8.2,8.1,6.8,8.4,6.4,1.0,4.1,5.9,10.0,6.7,8.7,5.6,6.5,9.3,6.8,6.3,0.8,1.1,4.8,6.8,8.2,1.3,4,2,↑,2026-2030,7.16,澳大利亚数据分析师：薪资回报高，远程友好度高，工作时间规律,"Australia Data Analyst: high compensation, highly remote-friendly, regular working hours",AI综合评估 + O*NET/ILO/OECD锚点校准,2026-04-13,2026-04-13,2000-2026
TECH-0203-NZ-general,信息技术与数字化,TECH,人工智能与数据,数据分析师,Data Analyst,2120,15-2051.00,大洋洲,新西兰,NZ,country,general,本科,22-28,global,4.5,4.5,5.5,7.9,7.2,6.5,5.7,4.5,6.7,6.7,7.6,9.7,8.7,8.6,6.5,7.4,6.8,1.4,3.9,6.5,10.0,6.5,8.2,5.6,6.1,10.0,7.2,6.3,0.8,0.8,4.6,7.6,8.2,2.7,4,2,↑,2026-2030,6.87,新西兰数据分析师：AI替代风险较高，远程友好度高，工作时间规律,"New Zealand Data Analyst: high AI displacement risk, highly remote-friendly, regular working hours",AI综合评估 + O*NET/ILO/OECD锚点校准,2026-04-13,2026-04-13,2000-2026
TECH-0203-ZA-general,信息技术与数字化,TECH,人工智能与数据,数据分析师,Data Analyst,2120,15-2051.00,非洲,南非,ZA,country,general,本科,22-28,global,4.9,4.9,5.1,6.4,5.6,7.5,4.9,4.5,3.4,4.9,4.6,9.5,6.7,6.4,6.3,7.6,6.4,1.7,4.0,4.5,6.4,5.5,5.4,5.2,5.5,6.9,6.0,5.7,0.1,0.0,4.8,6.4,6.6,2.7,4,2,↑,2026-2030,5.77,南非数据分析师：薪资水平偏低，AI替代风险较高,"South Africa Data Analyst: relatively low pay, high AI displacement risk",AI综合评估 + O*NET/ILO/OECD锚点校准,2026-04-13,2026-04-13,2000-2026
TECH-0203-NG-general,信息技术与数字化,TECH,人工智能与数据,数据分析师,Data Analyst,2120,15-2051.00,非洲,尼日利亚,NG,country,general,本科,22-28,global,4.5,4.0,4.9,6.7,5.8,7.1,4.5,2.3,1.6,3.7,3.9,9.0,5.9,5.1,4.0,7.0,6.4,2.0,4.0,3.9,7.3,5.2,4.4,5.2,4.9,3.9,5.8,6.0,0.8,0.0,5.8,6.6,6.6,2.5,3,1,→,2026-2030,5.24,尼日利亚数据分析师：薪资水平偏低，AI替代风险较高，就业波动大,"Nigeria Data Analyst: relatively low pay, high AI displacement risk, volatile employment",AI综合评估 + O*NET/ILO/OECD锚点校准,2026-04-13,2026-04-13,2000-2026
TECH-0203-KE-general,信息技术与数字化,TECH,人工智能与数据,数据分析师,Data Analyst,2120,15-2051.00,非洲,肯尼亚,KE,country,general,本科,22-28,global,4.0,4.8,4.3,6.8,5.0,6.1,4.3,2.5,1.3,3.9,3.9,9.0,5.9,5.9,5.1,7.0,5.4,1.7,3.5,4.1,7.0,5.0,5.4,5.2,5.1,5.4,5.6,5.7,0.5,0.4,5.8,6.4,6.6,1.9,3,1,→,2026-2030,5.23,肯尼亚数据分析师：薪资水平偏低，AI替代风险较高，就业波动大,"Kenya Data Analyst: relatively low pay, high AI displacement risk, volatile employment",AI综合评估 + O*NET/ILO/OECD锚点校准,2026-04-13,2026-04-13,2000-2026
TECH-0203-EG-general,信息技术与数字化,TECH,人工智能与数据,数据分析师,Data Analyst,2120,15-2051.00,非洲,埃及,EG,country,general,本科,22-28,global,4.0,4.6,4.7,6.2,6.8,7.5,4.9,2.3,0.7,3.7,4.1,9.2,6.9,4.9,5.3,7.4,6.4,2.2,3.7,4.5,6.4,6.2,5.7,4.6,4.9,3.6,6.2,5.7,0.8,0.1,5.0,7.2,6.4,2.1,3,1,→,2026-2030,5.34,埃及数据分析师：薪资水平偏低，AI替代风险较高,"Egypt Data Analyst: relatively low pay, high AI displacement risk",AI综合评估 + O*NET/ILO/OECD锚点校准,2026-04-13,2026-04-13,2000-2026
TECH-0204-CN-general,信息技术与数字化,TECH,人工智能与数据,数据工程师,Data Engineer,2523,15-1243.00,东亚,中国,CN,country,general,本科/硕士,22-28,global,6.1,5.2,9.3,6.8,9.6,8.7,8.7,8.4,9.0,8.9,5.7,9.5,6.0,1.9,2.8,7.5,7.8,0.9,5.6,7.3,7.4,5.7,3.7,6.6,7.1,4.7,5.5,4.9,1.3,0.3,4.1,5.4,6.8,1.8,4,4,↑↑,2028-2033,6.84,中国数据工程师：薪资回报高，人才需求旺盛，加班文化严重,"China Data Engineer: high compensation, strong talent demand, heavy overtime culture",AI综合评估 + O*NET/ILO/OECD锚点校准,2026-04-13,2026-04-13,2000-2026
TECH-0204-JP-general,信息技术与数字化,TECH,人工智能与数据,数据工程师,Data Engineer,2523,15-1243.00,东亚,日本,JP,country,general,本科/硕士,22-28,global,6.7,5.5,8.3,7.6,8.2,8.1,8.7,9.0,9.0,9.2,8.9,9.5,6.2,3.1,3.8,7.7,6.6,1.4,5.8,6.7,6.8,6.0,5.4,7.2,6.7,4.4,6.3,4.9,1.0,0.2,4.5,6.8,7.0,1.8,4,3,↑,2028-2033,7.01,日本数据工程师：薪资回报高，人才需求旺盛，加班文化严重,"Japan Data Engineer: high compensation, strong talent demand, heavy overtime culture",AI综合评估 + O*NET/ILO/OECD锚点校准,2026-04-13,2026-04-13,2000-2026
TECH-0204-KR-general,信息技术与数字化,TECH,人工智能与数据,数据工程师,Data Engineer,2523,15-1243.00,东亚,韩国,KR,country,general,本科/硕士,22-28,global,5.8,6.2,7.9,6.7,8.2,7.7,8.7,8.0,9.3,9.2,6.9,9.5,6.0,1.9,3.3,7.1,7.0,1.4,5.4,7.7,6.8,5.7,4.9,7.4,6.3,4.4,6.3,4.7,1.3,0.9,3.9,6.6,7.2,2.2,4,3,↑,2028-2033,6.76,韩国数据工程师：薪资回报高，人才需求旺盛，加班文化严重,"South Korea Data Engineer: high compensation, strong talent demand, heavy overtime culture",AI综合评估 + O*NET/ILO/OECD锚点校准,2026-04-13,2026-04-13,2000-2026
TECH-0204-TW-general,信息技术与数字化,TECH,人工智能与数据,数据工程师,Data Engineer,2523,15-1243.00,东亚,中国台湾地区,TW,region,general,本科/硕士,22-28,global,6.0,5.8,7.9,6.8,7.8,6.7,7.7,9.0,7.5,7.7,7.2,9.7,5.5,2.6,3.6,7.3,6.2,1.2,6.0,7.7,7.1,6.5,4.2,6.4,5.7,5.6,6.3,4.7,1.0,0.6,3.9,5.8,8.4,3.2,4,3,↑,2028-2033,6.66,中国台湾地区数据工程师：人才需求旺盛，加班文化严重,"Taiwan (China) Data Engineer: strong talent demand, heavy overtime culture",AI综合评估 + O*NET/ILO/OECD锚点校准,2026-04-13,2026-04-13,2000-2026
TECH-0204-HK-general,信息技术与数字化,TECH,人工智能与数据,数据工程师,Data Engineer,2523,15-1243.00,东亚,中国香港地区,HK,region,general,本科/硕士,22-28,global,5.7,5.5,7.1,7.1,7.6,5.7,7.9,7.0,8.7,8.9,6.9,9.5,5.2,3.1,3.1,6.7,6.6,1.8,5.6,7.5,7.7,6.7,4.4,6.6,6.1,5.6,5.1,5.2,1.0,0.3,3.9,6.4,10.0,2.2,4,3,↑,2028-2033,6.68,中国香港地区数据工程师：薪资回报高，人才需求旺盛，加班文化严重,"Hong Kong (China) Data Engineer: high compensation, strong talent demand, heavy overtime culture",AI综合评估 + O*NET/ILO/OECD锚点校准,2026-04-13,2026-04-13,2000-2026
TECH-0204-SG-general,信息技术与数字化,TECH,人工智能与数据,数据工程师,Data Engineer,2523,15-1243.00,东南亚,新加坡,SG,country,general,本科/硕士,22-28,global,6.7,5.8,8.7,7.6,7.8,6.7,8.7,7.8,10.0,9.2,8.9,9.7,5.5,4.1,4.1,7.1,6.6,1.4,5.9,7.5,9.2,7.2,5.4,7.2,6.5,6.8,6.3,5.0,0.6,1.2,4.1,6.6,10.0,2.8,4,4,↑↑,2028-2033,7.23,新加坡数据工程师：薪资回报高，人才需求旺盛，远程友好度高,"Singapore Data Engineer: high compensation, strong talent demand, highly remote-friendly",AI综合评估 + O*NET/ILO/OECD锚点校准,2026-04-13,2026-04-13,2000-2026
TECH-0204-TH-general,信息技术与数字化,TECH,人工智能与数据,数据工程师,Data Engineer,2523,15-1243.00,东南亚,泰国,TH,country,general,本科/硕士,22-28,global,6.0,5.6,7.1,7.3,7.2,5.9,7.3,6.8,4.5,5.4,6.4,9.2,6.0,5.4,5.8,7.1,5.8,1.2,5.1,5.5,7.7,7.2,6.2,6.4,5.9,5.3,5.5,4.7,1.0,0.5,4.5,6.0,7.0,2.4,4,3,↑,2028-2033,6.29,泰国数据工程师：薪资水平偏低,Thailand Data Engineer: relatively low pay,AI综合评估 + O*NET/ILO/OECD锚点校准,2026-04-13,2026-04-13,2000-2026
TECH-0204-VN-general,信息技术与数字化,TECH,人工智能与数据,数据工程师,Data Engineer,2523,15-1243.00,东南亚,越南,VN,country,general,本科/硕士,22-28,global,6.1,5.0,7.3,7.0,7.6,6.9,7.1,6.8,4.5,6.7,5.7,9.5,6.2,4.1,4.8,6.5,6.2,1.5,5.5,6.1,7.7,7.0,5.2,5.8,5.9,5.0,5.9,4.9,1.3,0.8,4.9,6.6,6.8,2.4,4,3,↑,2028-2033,6.26,越南数据工程师：薪资水平偏低,Vietnam Data Engineer: relatively low pay,AI综合评估 + O*NET/ILO/OECD锚点校准,2026-04-13,2026-04-13,2000-2026
TECH-0204-ID-general,信息技术与数字化,TECH,人工智能与数据,数据工程师,Data Engineer,2523,15-1243.00,东南亚,印度尼西亚,ID,country,general,本科/硕士,22-28,global,6.0,4.9,7.7,7.1,6.8,6.3,6.9,6.4,4.5,6.7,5.2,9.5,5.7,4.9,5.3,6.7,6.6,1.5,5.1,5.5,7.4,6.0,5.7,6.2,5.5,4.1,5.1,4.9,0.9,0.0,4.5,6.0,7.0,2.4,4,3,↑,2028-2033,6.18,印度尼西亚数据工程师：薪资水平偏低,Indonesia Data Engineer: relatively low pay,AI综合评估 + O*NET/ILO/OECD锚点校准,2026-04-13,2026-04-13,2000-2026
TECH-0204-MY-general,信息技术与数字化,TECH,人工智能与数据,数据工程师,Data Engineer,2523,15-1243.00,东南亚,马来西亚,MY,country,general,本科/硕士,22-28,global,6.1,5.5,7.7,7.4,6.8,5.3,6.7,6.2,6.3,7.4,6.9,9.2,6.2,4.6,4.6,6.3,6.6,1.7,5.3,6.3,7.4,7.2,5.7,6.4,6.1,5.6,5.5,4.9,0.9,0.0,4.5,6.6,8.0,2.2,4,3,↑,2028-2033,6.44,马来西亚数据工程师：发展平稳,Malaysia Data Engineer: steady development,AI综合评估 + O*NET/ILO/OECD锚点校准,2026-04-13,2026-04-13,2000-2026
TECH-0204-PH-general,信息技术与数字化,TECH,人工智能与数据,数据工程师,Data Engineer,2523,15-1243.00,东南亚,菲律宾,PH,country,general,本科/硕士,22-28,global,6.1,5.0,6.3,6.7,6.4,6.3,7.3,6.6,3.9,5.2,5.2,9.7,6.0,3.6,5.1,7.1,6.0,1.4,4.9,5.3,8.9,6.7,4.4,6.6,6.1,6.2,5.9,4.7,0.7,0.5,5.3,6.6,8.0,3.0,4,3,↑,2028-2033,6.08,菲律宾数据工程师：薪资水平偏低，远程友好度高,"Philippines Data Engineer: relatively low pay, highly remote-friendly",AI综合评估 + O*NET/ILO/OECD锚点校准,2026-04-13,2026-04-13,2000-2026
TECH-0204-IN-general,信息技术与数字化,TECH,人工智能与数据,数据工程师,Data Engineer,2523,15-1243.00,南亚,印度,IN,country,general,本科/硕士,22-28,global,6.1,5.3,8.5,6.7,9.4,8.9,8.5,8.8,7.5,8.4,5.4,9.2,5.5,4.1,4.6,7.9,7.2,1.1,5.6,6.3,8.6,6.5,3.7,6.8,6.9,3.8,5.9,5.5,1.0,0.6,4.7,6.4,8.4,1.6,4,3,↑,2028-2033,6.88,印度数据工程师：人才需求旺盛，远程友好度高,"India Data Engineer: strong talent demand, highly remote-friendly",AI综合评估 + O*NET/ILO/OECD锚点校准,2026-04-13,2026-04-13,2000-2026
TECH-0204-PK-general,信息技术与数字化,TECH,人工智能与数据,数据工程师,Data Engineer,2523,15-1243.00,南亚,巴基斯坦,PK,country,general,本科/硕士,22-28,global,6.1,5.0,6.5,6.1,6.4,5.1,5.7,5.0,4.5,4.7,4.2,9.2,6.0,4.6,4.6,7.1,5.8,2.0,5.4,5.5,8.9,7.0,4.9,6.0,5.5,1.4,5.3,5.0,1.0,0.0,5.3,6.2,6.4,3.0,3,2,↑,2028-2033,5.73,巴基斯坦数据工程师：薪资水平偏低，远程友好度高,"Pakistan Data Engineer: relatively low pay, highly remote-friendly",AI综合评估 + O*NET/ILO/OECD锚点校准,2026-04-13,2026-04-13,2000-2026
TECH-0204-BD-general,信息技术与数字化,TECH,人工智能与数据,数据工程师,Data Engineer,2523,15-1243.00,南亚,孟加拉国,BD,country,general,本科/硕士,22-28,global,5.4,5.0,6.5,5.9,5.4,4.7,6.1,5.2,1.8,4.4,4.7,9.2,6.0,3.9,4.8,5.9,5.2,1.8,5.4,3.9,8.6,6.0,3.9,5.4,5.1,3.2,4.9,5.3,1.0,0.6,4.5,6.6,7.0,3.2,3,2,↑,2028-2033,5.46,孟加拉国数据工程师：薪资水平偏低，远程友好度高,"Bangladesh Data Engineer: relatively low pay, highly remote-friendly",AI综合评估 + O*NET/ILO/OECD锚点校准,2026-04-13,2026-04-13,2000-2026
TECH-0204-AE-general,信息技术与数字化,TECH,人工智能与数据,数据工程师,Data Engineer,2523,15-1243.00,中亚/西亚,阿联酋,AE,country,general,本科/硕士,22-28,global,5.8,5.2,7.5,7.4,7.6,5.7,8.5,8.6,10.0,8.7,7.4,9.7,7.0,3.9,4.6,7.3,6.0,0.8,5.5,7.9,8.0,6.2,4.9,7.2,6.5,5.6,5.7,5.2,1.2,0.9,4.7,6.0,9.8,2.8,4,3,↑,2028-2033,7.05,阿联酋数据工程师：薪资回报高，人才需求旺盛,"United Arab Emirates Data Engineer: high compensation, strong talent demand",AI综合评估 + O*NET/ILO/OECD锚点校准,2026-04-13,2026-04-13,2000-2026
TECH-0204-IL-general,信息技术与数字化,TECH,人工智能与数据,数据工程师,Data Engineer,2523,15-1243.00,中亚/西亚,以色列,IL,country,general,本科/硕士,22-28,global,6.4,6.2,8.1,7.0,9.0,7.5,8.7,8.2,10.0,10.0,6.4,9.2,6.5,3.9,4.3,7.1,6.8,0.8,5.9,8.7,9.8,7.7,5.9,6.8,5.9,6.5,5.7,4.7,1.0,0.9,4.5,6.4,9.0,2.2,4,4,↑↑,2028-2033,7.24,以色列数据工程师：薪资回报高，人才需求旺盛，远程友好度高,"Israel Data Engineer: high compensation, strong talent demand, highly remote-friendly",AI综合评估 + O*NET/ILO/OECD锚点校准,2026-04-13,2026-04-13,2000-2026
TECH-0204-SA-general,信息技术与数字化,TECH,人工智能与数据,数据工程师,Data Engineer,2523,15-1243.00,中亚/西亚,沙特阿拉伯,SA,country,general,本科/硕士,22-28,global,6.1,5.2,7.5,7.1,7.4,5.7,7.5,6.4,7.8,7.7,6.9,9.5,6.7,4.9,4.8,7.3,6.4,1.7,5.4,6.3,6.2,7.0,5.9,6.8,6.3,2.9,5.9,5.0,0.7,0.3,4.3,5.8,7.0,2.6,4,3,↑,2028-2033,6.53,沙特阿拉伯数据工程师：人才需求旺盛,Saudi Arabia Data Engineer: strong talent demand,AI综合评估 + O*NET/ILO/OECD锚点校准,2026-04-13,2026-04-13,2000-2026
TECH-0204-TR-general,信息技术与数字化,TECH,人工智能与数据,数据工程师,Data Engineer,2523,15-1243.00,中亚/西亚,土耳其,TR,country,general,本科/硕士,22-28,global,5.7,5.9,7.1,6.2,7.8,6.5,6.9,6.6,5.7,6.7,5.2,9.2,5.2,3.4,4.3,7.1,6.2,1.2,5.6,6.1,7.1,6.5,4.7,6.8,5.3,4.7,5.3,5.2,1.5,0.5,4.9,6.0,7.0,2.2,4,3,↑,2028-2033,6.17,土耳其数据工程师：加班文化严重,Turkey Data Engineer: heavy overtime culture,AI综合评估 + O*NET/ILO/OECD锚点校准,2026-04-13,2026-04-13,2000-2026
TECH-0204-GB-general,信息技术与数字化,TECH,人工智能与数据,数据工程师,Data Engineer,2523,15-1243.00,西欧,英国,GB,country,general,本科/硕士,22-28,global,5.8,6.2,8.9,7.4,8.4,7.7,8.1,8.2,10.0,10.0,7.2,9.5,6.5,6.4,4.8,7.3,7.4,1.1,5.6,7.7,10.0,8.0,6.4,7.2,6.3,8.3,6.7,5.3,0.6,0.8,4.3,6.4,10.0,1.8,4,4,↑↑,2028-2033,7.52,英国数据工程师：薪资回报高，人才需求旺盛，远程友好度高,"United Kingdom Data Engineer: high compensation, strong talent demand, highly remote-friendly",AI综合评估 + O*NET/ILO/OECD锚点校准,2026-04-13,2026-04-13,2000-2026
TECH-0204-FR-general,信息技术与数字化,TECH,人工智能与数据,数据工程师,Data Engineer,2523,15-1243.00,西欧,法国,FR,country,general,本科/硕士,22-28,global,6.7,5.6,8.7,7.4,9.0,8.3,7.7,8.2,9.0,9.2,7.7,9.7,8.0,7.4,6.8,7.5,7.6,1.2,5.5,7.1,8.9,7.5,7.9,7.2,6.7,7.4,6.3,4.9,1.2,1.1,4.1,6.6,9.0,2.8,4,3,↑,2028-2033,7.48,法国数据工程师：薪资回报高，人才需求旺盛，远程友好度高,"France Data Engineer: high compensation, strong talent demand, highly remote-friendly",AI综合评估 + O*NET/ILO/OECD锚点校准,2026-04-13,2026-04-13,2000-2026
TECH-0204-DE-general,信息技术与数字化,TECH,人工智能与数据,数据工程师,Data Engineer,2523,15-1243.00,西欧,德国,DE,country,general,本科/硕士,22-28,global,5.8,5.8,8.7,7.3,8.4,7.7,8.1,7.8,9.3,8.4,7.9,9.7,7.2,8.1,6.8,7.7,7.0,1.1,5.4,7.7,9.8,7.5,8.2,7.0,7.5,7.7,6.9,4.9,0.9,0.6,4.5,7.0,8.8,1.6,4,3,↑,2028-2033,7.57,德国数据工程师：薪资回报高，人才需求旺盛，远程友好度高,"Germany Data Engineer: high compensation, strong talent demand, highly remote-friendly",AI综合评估 + O*NET/ILO/OECD锚点校准,2026-04-13,2026-04-13,2000-2026
TECH-0204-NL-general,信息技术与数字化,TECH,人工智能与数据,数据工程师,Data Engineer,2523,15-1243.00,西欧,荷兰,NL,country,general,本科/硕士,22-28,global,6.3,5.8,7.7,7.4,8.6,6.9,8.5,8.8,10.0,9.2,7.4,9.7,8.2,9.1,6.6,7.1,7.2,0.8,5.3,8.1,10.0,8.2,9.2,7.0,6.1,8.3,6.7,5.2,0.9,0.3,4.5,7.2,9.8,2.8,4,3,↑,2028-2033,7.72,荷兰数据工程师：薪资回报高，人才需求旺盛，远程友好度高,"Netherlands Data Engineer: high compensation, strong talent demand, highly remote-friendly",AI综合评估 + O*NET/ILO/OECD锚点校准,2026-04-13,2026-04-13,2000-2026
TECH-0204-CH-general,信息技术与数字化,TECH,人工智能与数据,数据工程师,Data Engineer,2523,15-1243.00,西欧,瑞士,CH,country,general,本科/硕士,22-28,global,6.1,6.1,7.9,7.9,8.2,6.3,8.1,8.8,10.0,10.0,9.4,10.0,7.0,6.6,6.3,7.3,6.8,1.2,5.9,7.5,9.2,8.2,8.7,6.6,5.9,7.7,7.3,5.5,1.0,0.5,4.1,7.2,10.0,2.8,4,3,↑,2028-2033,7.66,瑞士数据工程师：薪资回报高，人才需求旺盛，远程友好度高,"Switzerland Data Engineer: high compensation, strong talent demand, highly remote-friendly",AI综合评估 + O*NET/ILO/OECD锚点校准,2026-04-13,2026-04-13,2000-2026
TECH-0204-SE-general,信息技术与数字化,TECH,人工智能与数据,数据工程师,Data Engineer,2523,15-1243.00,北欧,瑞典,SE,country,general,本科/硕士,22-28,global,6.6,5.6,7.7,7.9,7.6,6.5,7.9,8.4,9.9,8.9,8.4,9.7,8.5,9.6,7.8,7.7,6.6,1.1,5.8,7.9,10.0,8.0,8.4,7.4,5.9,10.0,6.9,5.2,1.2,0.6,4.3,7.0,9.4,3.0,4,3,↑,2028-2033,7.73,瑞典数据工程师：薪资回报高，人才需求旺盛，远程友好度高,"Sweden Data Engineer: high compensation, strong talent demand, highly remote-friendly",AI综合评估 + O*NET/ILO/OECD锚点校准,2026-04-13,2026-04-13,2000-2026
TECH-0204-DK-general,信息技术与数字化,TECH,人工智能与数据,数据工程师,Data Engineer,2523,15-1243.00,北欧,丹麦,DK,country,general,本科/硕士,22-28,global,6.7,5.5,7.7,7.7,7.6,6.7,7.7,8.4,8.7,8.4,8.9,9.7,8.2,8.9,8.1,7.7,7.0,0.9,5.6,6.9,9.2,8.7,8.4,7.2,6.3,9.8,6.5,4.6,0.9,0.5,3.7,6.6,10.0,2.6,4,3,↑,2028-2033,7.64,丹麦数据工程师：薪资回报高，人才需求旺盛，远程友好度高,"Denmark Data Engineer: high compensation, strong talent demand, highly remote-friendly",AI综合评估 + O*NET/ILO/OECD锚点校准,2026-04-13,2026-04-13,2000-2026
TECH-0204-FI-general,信息技术与数字化,TECH,人工智能与数据,数据工程师,Data Engineer,2523,15-1243.00,北欧,芬兰,FI,country,general,本科/硕士,22-28,global,5.8,6.1,7.5,7.3,8.0,5.9,8.1,8.2,8.7,8.2,7.9,9.7,8.0,9.6,6.6,7.1,6.2,1.2,5.6,6.9,10.0,7.7,8.2,6.4,6.3,9.8,6.7,5.5,0.7,0.8,4.7,7.6,9.0,3.0,4,3,↑,2028-2033,7.44,芬兰数据工程师：薪资回报高，人才需求旺盛，远程友好度高,"Finland Data Engineer: high compensation, strong talent demand, highly remote-friendly",AI综合评估 + O*NET/ILO/OECD锚点校准,2026-04-13,2026-04-13,2000-2026
TECH-0204-IT-general,信息技术与数字化,TECH,人工智能与数据,数据工程师,Data Engineer,2523,15-1243.00,南欧,意大利,IT,country,general,本科/硕士,22-28,global,6.0,5.8,7.5,6.7,8.0,7.1,7.3,6.6,7.5,7.4,6.4,9.5,6.2,5.6,5.3,7.3,6.8,1.4,5.1,6.7,7.7,7.5,6.2,6.6,6.7,4.7,6.5,5.0,0.7,0.5,4.3,6.6,7.8,3.0,4,3,↑,2028-2033,6.69,意大利数据工程师：发展平稳,Italy Data Engineer: steady development,AI综合评估 + O*NET/ILO/OECD锚点校准,2026-04-13,2026-04-13,2000-2026
TECH-0204-ES-general,信息技术与数字化,TECH,人工智能与数据,数据工程师,Data Engineer,2523,15-1243.00,南欧,西班牙,ES,country,general,本科/硕士,22-28,global,6.3,5.8,7.7,6.4,7.4,6.3,6.9,7.2,7.5,6.7,5.4,9.7,7.0,5.6,5.6,6.3,6.0,1.7,5.5,6.5,8.0,7.7,6.4,6.8,5.7,5.9,6.1,5.0,0.7,0.5,4.7,7.0,8.6,2.8,4,3,↑,2028-2033,6.62,西班牙数据工程师：发展平稳,Spain Data Engineer: steady development,AI综合评估 + O*NET/ILO/OECD锚点校准,2026-04-13,2026-04-13,2000-2026
TECH-0204-PT-general,信息技术与数字化,TECH,人工智能与数据,数据工程师,Data Engineer,2523,15-1243.00,南欧,葡萄牙,PT,country,general,本科/硕士,22-28,global,5.8,5.3,6.5,6.7,6.6,5.7,7.5,6.6,6.9,6.7,6.2,9.2,6.7,5.6,4.8,6.7,5.8,1.2,5.1,6.1,9.2,8.0,6.7,6.6,5.5,6.5,6.5,5.0,1.3,0.5,4.1,6.8,8.6,2.4,4,3,↑,2028-2033,6.6,葡萄牙数据工程师：人才需求旺盛，远程友好度高,"Portugal Data Engineer: strong talent demand, highly remote-friendly",AI综合评估 + O*NET/ILO/OECD锚点校准,2026-04-13,2026-04-13,2000-2026
TECH-0204-PL-general,信息技术与数字化,TECH,人工智能与数据,数据工程师,Data Engineer,2523,15-1243.00,东欧,波兰,PL,country,general,本科/硕士,22-28,global,5.7,6.1,8.1,7.1,7.0,6.3,8.3,6.4,8.4,7.9,7.2,9.5,7.5,6.4,5.1,7.1,6.8,1.2,5.6,6.3,9.8,7.2,6.4,7.2,6.3,6.8,6.9,4.9,1.3,0.5,3.9,6.8,9.4,2.6,4,3,↑,2028-2033,7.06,波兰数据工程师：薪资回报高，人才需求旺盛，远程友好度高,"Poland Data Engineer: high compensation, strong talent demand, highly remote-friendly",AI综合评估 + O*NET/ILO/OECD锚点校准,2026-04-13,2026-04-13,2000-2026
TECH-0204-CZ-general,信息技术与数字化,TECH,人工智能与数据,数据工程师,Data Engineer,2523,15-1243.00,东欧,捷克,CZ,country,general,本科/硕士,22-28,global,5.8,5.6,7.5,7.1,7.4,6.7,8.1,7.2,6.9,7.2,6.9,9.5,7.5,6.6,6.8,7.5,6.2,1.8,5.9,6.7,8.6,7.2,7.9,6.4,5.5,5.9,6.1,4.7,1.0,0.5,4.5,7.2,9.2,2.2,4,3,↑,2028-2033,6.96,捷克数据工程师：人才需求旺盛，远程友好度高,"Czech Republic Data Engineer: strong talent demand, highly remote-friendly",AI综合评估 + O*NET/ILO/OECD锚点校准,2026-04-13,2026-04-13,2000-2026
TECH-0204-RU-general,信息技术与数字化,TECH,人工智能与数据,数据工程师,Data Engineer,2523,15-1243.00,东欧,俄罗斯,RU,country,general,本科/硕士,22-28,global,6.3,5.6,8.3,6.5,8.0,6.7,8.3,6.6,5.7,7.7,4.9,9.2,5.7,5.9,4.8,6.9,7.0,1.5,5.4,6.9,8.9,6.2,4.9,6.6,6.1,5.3,5.9,4.6,0.7,0.0,4.7,6.4,5.6,2.2,4,3,↑,2028-2033,6.48,俄罗斯数据工程师：人才需求旺盛，远程友好度高,"Russia Data Engineer: strong talent demand, highly remote-friendly",AI综合评估 + O*NET/ILO/OECD锚点校准,2026-04-13,2026-04-13,2000-2026
TECH-0204-US-general,信息技术与数字化,TECH,人工智能与数据,数据工程师,Data Engineer,2523,15-1243.00,北美,美国,US,country,general,本科/硕士,22-28,global,6.0,5.5,10.0,7.0,9.4,9.3,8.7,7.8,10.0,10.0,6.7,9.5,6.0,4.6,4.1,7.3,8.4,0.8,5.8,8.3,10.0,8.2,6.2,7.6,6.5,7.1,6.3,5.0,0.9,0.3,4.7,7.4,9.2,2.0,4,4,↑↑,2028-2033,7.58,美国数据工程师：薪资回报高，人才需求旺盛，远程友好度高,"United States Data Engineer: high compensation, strong talent demand, highly remote-friendly",AI综合评估 + O*NET/ILO/OECD锚点校准,2026-04-13,2026-04-13,2000-2026
TECH-0204-CA-general,信息技术与数字化,TECH,人工智能与数据,数据工程师,Data Engineer,2523,15-1243.00,北美,加拿大,CA,country,general,本科/硕士,22-28,global,6.6,5.6,9.1,7.4,9.0,8.1,7.9,8.6,10.0,8.9,7.4,10.0,7.5,6.4,5.8,6.9,7.0,1.2,5.6,7.9,10.0,7.7,7.9,7.2,6.1,8.0,6.1,4.7,0.6,0.6,3.7,7.0,9.6,2.4,4,4,↑↑,2028-2033,7.57,加拿大数据工程师：薪资回报高，人才需求旺盛，远程友好度高,"Canada Data Engineer: high compensation, strong talent demand, highly remote-friendly",AI综合评估 + O*NET/ILO/OECD锚点校准,2026-04-13,2026-04-13,2000-2026
TECH-0204-MX-general,信息技术与数字化,TECH,人工智能与数据,数据工程师,Data Engineer,2523,15-1243.00,北美,墨西哥,MX,country,general,本科/硕士,22-28,global,6.0,5.3,7.9,6.5,7.8,6.7,6.9,7.4,4.5,6.2,5.7,9.7,5.5,4.6,4.1,6.3,6.8,1.2,5.5,6.1,8.6,6.7,6.2,5.8,5.9,5.3,6.1,4.7,1.2,0.0,5.3,6.6,7.6,2.8,4,3,↑,2028-2033,6.35,墨西哥数据工程师：薪资水平偏低，远程友好度高,"Mexico Data Engineer: relatively low pay, highly remote-friendly",AI综合评估 + O*NET/ILO/OECD锚点校准,2026-04-13,2026-04-13,2000-2026
TECH-0204-BR-general,信息技术与数字化,TECH,人工智能与数据,数据工程师,Data Engineer,2523,15-1243.00,南美,巴西,BR,country,general,本科/硕士,22-28,global,6.0,5.8,7.7,6.7,8.4,7.1,7.7,6.4,6.6,7.4,5.9,9.2,7.0,4.9,4.1,6.3,7.4,1.7,5.4,6.5,9.5,6.7,6.2,6.4,6.5,4.7,6.3,5.0,1.3,0.3,4.1,6.8,7.4,2.6,4,3,↑,2028-2033,6.61,巴西数据工程师：人才需求旺盛，远程友好度高,"Brazil Data Engineer: strong talent demand, highly remote-friendly",AI综合评估 + O*NET/ILO/OECD锚点校准,2026-04-13,2026-04-13,2000-2026
TECH-0204-AR-general,信息技术与数字化,TECH,人工智能与数据,数据工程师,Data Engineer,2523,15-1243.00,南美,阿根廷,AR,country,general,本科/硕士,22-28,global,6.3,5.3,7.1,6.7,6.4,5.7,7.3,7.4,3.9,5.4,4.4,9.5,6.7,4.1,5.6,6.7,6.6,1.8,5.1,6.3,8.9,6.5,5.4,5.6,5.7,5.0,5.3,4.7,1.0,0.6,4.7,6.2,7.2,2.2,4,3,↑,2028-2033,6.1,阿根廷数据工程师：薪资水平偏低，远程友好度高,"Argentina Data Engineer: relatively low pay, highly remote-friendly",AI综合评估 + O*NET/ILO/OECD锚点校准,2026-04-13,2026-04-13,2000-2026
TECH-0204-CL-general,信息技术与数字化,TECH,人工智能与数据,数据工程师,Data Engineer,2523,15-1243.00,南美,智利,CL,country,general,本科/硕士,22-28,global,6.0,5.2,6.7,6.7,6.8,5.3,6.9,7.2,7.2,5.9,6.2,9.5,5.7,4.6,4.6,7.3,6.2,1.8,5.1,5.3,8.0,6.2,6.2,6.8,5.3,5.6,5.7,4.7,1.3,0.6,4.5,6.0,7.6,2.8,4,3,↑,2028-2033,6.31,智利数据工程师：发展平稳,Chile Data Engineer: steady development,AI综合评估 + O*NET/ILO/OECD锚点校准,2026-04-13,2026-04-13,2000-2026
TECH-0204-CO-general,信息技术与数字化,TECH,人工智能与数据,数据工程师,Data Engineer,2523,15-1243.00,南美,哥伦比亚,CO,country,general,本科/硕士,22-28,global,6.0,5.5,6.9,6.5,6.0,5.1,6.9,6.8,5.1,6.7,5.7,9.5,6.0,4.4,4.3,6.3,6.4,1.7,5.3,5.9,8.0,6.7,5.2,5.6,5.9,3.5,5.1,5.0,0.7,0.0,4.9,7.0,7.2,2.4,4,3,↑,2028-2033,6.11,哥伦比亚数据工程师：发展平稳,Colombia Data Engineer: steady development,AI综合评估 + O*NET/ILO/OECD锚点校准,2026-04-13,2026-04-13,2000-2026
TECH-0204-AU-general,信息技术与数字化,TECH,人工智能与数据,数据工程师,Data Engineer,2523,15-1243.00,大洋洲,澳大利亚,AU,country,general,本科/硕士,22-28,global,6.1,5.8,7.7,7.6,7.8,6.9,8.7,8.8,10.0,8.4,8.7,9.5,7.0,6.4,6.8,7.3,6.8,1.4,5.3,7.1,9.5,8.5,8.2,6.8,6.9,8.0,7.3,4.9,1.3,0.9,4.3,6.6,9.4,2.8,4,3,↑,2028-2033,7.5,澳大利亚数据工程师：薪资回报高，人才需求旺盛，远程友好度高,"Australia Data Engineer: high compensation, strong talent demand, highly remote-friendly",AI综合评估 + O*NET/ILO/OECD锚点校准,2026-04-13,2026-04-13,2000-2026
TECH-0204-NZ-general,信息技术与数字化,TECH,人工智能与数据,数据工程师,Data Engineer,2523,15-1243.00,大洋洲,新西兰,NZ,country,general,本科/硕士,22-28,global,6.4,5.6,8.1,7.9,7.6,5.5,7.9,6.8,9.6,7.7,8.9,10.0,7.0,7.4,7.3,7.5,7.0,1.4,5.6,6.5,9.2,8.0,8.2,6.4,6.3,9.2,6.5,5.0,1.0,0.8,4.1,7.0,9.0,2.4,4,3,↑,2028-2033,7.38,新西兰数据工程师：薪资回报高，人才需求旺盛，远程友好度高,"New Zealand Data Engineer: high compensation, strong talent demand, highly remote-friendly",AI综合评估 + O*NET/ILO/OECD锚点校准,2026-04-13,2026-04-13,2000-2026
TECH-0204-ZA-general,信息技术与数字化,TECH,人工智能与数据,数据工程师,Data Engineer,2523,15-1243.00,非洲,南非,ZA,country,general,本科/硕士,22-28,global,6.3,5.6,7.1,7.0,6.8,5.5,6.9,6.2,5.4,6.4,6.2,9.5,6.7,5.4,6.1,6.3,6.2,1.2,5.3,5.3,7.1,6.5,4.9,5.6,5.9,5.6,5.3,5.3,1.3,0.2,4.7,6.8,8.0,3.0,4,3,↑,2028-2033,6.26,南非数据工程师：发展平稳,South Africa Data Engineer: steady development,AI综合评估 + O*NET/ILO/OECD锚点校准,2026-04-13,2026-04-13,2000-2026
TECH-0204-NG-general,信息技术与数字化,TECH,人工智能与数据,数据工程师,Data Engineer,2523,15-1243.00,非洲,尼日利亚,NG,country,general,本科/硕士,22-28,global,5.4,4.9,6.3,6.7,6.2,5.1,6.9,4.8,3.6,5.2,3.9,9.5,6.2,3.6,4.6,6.5,6.2,2.1,5.0,5.3,7.4,6.5,4.7,5.6,5.9,2.3,5.5,4.7,1.0,0.6,4.5,6.0,6.8,2.6,3,2,↑,2028-2033,5.67,尼日利亚数据工程师：薪资水平偏低，就业波动大,"Nigeria Data Engineer: relatively low pay, volatile employment",AI综合评估 + O*NET/ILO/OECD锚点校准,2026-04-13,2026-04-13,2000-2026
TECH-0204-KE-general,信息技术与数字化,TECH,人工智能与数据,数据工程师,Data Engineer,2523,15-1243.00,非洲,肯尼亚,KE,country,general,本科/硕士,22-28,global,5.8,5.0,6.7,6.5,5.6,4.7,6.5,4.8,2.7,4.4,4.4,9.2,5.7,4.9,5.3,5.9,5.4,2.0,4.9,4.5,8.0,6.0,4.4,6.0,5.1,4.1,5.7,5.0,1.5,0.6,5.3,6.4,7.2,3.2,3,2,↑,2028-2033,5.56,肯尼亚数据工程师：薪资水平偏低,Kenya Data Engineer: relatively low pay,AI综合评估 + O*NET/ILO/OECD锚点校准,2026-04-13,2026-04-13,2000-2026
TECH-0204-EG-general,信息技术与数字化,TECH,人工智能与数据,数据工程师,Data Engineer,2523,15-1243.00,非洲,埃及,EG,country,general,本科/硕士,22-28,global,6.3,5.3,6.7,6.4,6.8,5.7,7.1,4.8,3.3,4.7,5.7,9.2,6.0,4.6,3.8,7.1,6.6,2.1,4.9,5.3,6.5,6.7,5.4,6.4,5.1,1.4,5.7,5.0,0.6,0.0,4.7,6.4,6.4,2.6,3,2,↑,2028-2033,5.74,埃及数据工程师：薪资水平偏低,Egypt Data Engineer: relatively low pay,AI综合评估 + O*NET/ILO/OECD锚点校准,2026-04-13,2026-04-13,2000-2026
TECH-0205-CN-general,信息技术与数字化,TECH,人工智能与数据,NLP工程师,NLP Engineer,2511,15-2051.00,东亚,中国,CN,country,general,硕士/博士,24-30,global,7.3,7.6,9.1,6.2,10.0,7.7,9.4,9.5,10.0,9.6,5.1,9.7,5.7,0.6,2.6,8.2,7.6,1.4,7.0,9.1,6.3,6.5,2.5,8.8,7.6,4.8,5.0,5.3,0.5,0.0,5.0,6.0,7.3,3.0,5,5,↑↑,2032-2038,6.94,中国NLP工程师：薪资回报高，人才需求旺盛，加班文化严重,"China NLP Engineer: high compensation, strong talent demand, heavy overtime culture",AI综合评估 + O*NET/ILO/OECD锚点校准,2026-04-13,2026-04-13,2000-2026
TECH-0205-JP-general,信息技术与数字化,TECH,人工智能与数据,NLP工程师,NLP Engineer,2511,15-2051.00,东亚,日本,JP,country,general,硕士/博士,24-30,global,8.1,7.9,9.1,6.9,10.0,6.3,9.4,10.0,10.0,8.1,6.6,9.7,6.2,3.1,2.8,8.4,6.8,1.1,6.6,8.1,7.2,7.0,4.7,8.8,7.6,3.9,5.6,4.7,0.2,0.3,4.2,6.0,7.3,3.6,5,5,↑↑,2032-2038,7.04,日本NLP工程师：薪资回报高，人才需求旺盛，加班文化严重,"Japan NLP Engineer: high compensation, strong talent demand, heavy overtime culture",AI综合评估 + O*NET/ILO/OECD锚点校准,2026-04-13,2026-04-13,2000-2026
TECH-0205-KR-general,信息技术与数字化,TECH,人工智能与数据,NLP工程师,NLP Engineer,2511,15-2051.00,东亚,韩国,KR,country,general,硕士/博士,24-30,global,7.8,7.5,9.5,6.9,9.1,6.7,9.8,9.5,9.7,8.6,5.6,9.2,5.9,1.4,3.8,7.4,7.2,0.9,6.9,8.1,7.8,7.2,4.2,8.4,7.2,3.3,5.8,5.3,0.5,0.8,3.8,6.2,7.9,2.8,5,5,↑↑,2032-2038,7.02,韩国NLP工程师：薪资回报高，人才需求旺盛，加班文化严重,"South Korea NLP Engineer: high compensation, strong talent demand, heavy overtime culture",AI综合评估 + O*NET/ILO/OECD锚点校准,2026-04-13,2026-04-13,2000-2026
TECH-0205-TW-general,信息技术与数字化,TECH,人工智能与数据,NLP工程师,NLP Engineer,2511,15-2051.00,东亚,中国台湾地区,TW,region,general,硕士/博士,24-30,global,7.5,7.6,8.7,6.2,8.9,5.5,8.8,9.5,9.1,7.8,5.9,9.2,6.4,3.6,4.1,7.6,7.4,0.9,6.5,8.1,6.9,7.7,5.2,8.6,6.8,5.4,5.4,4.7,0.0,0.6,4.2,6.6,8.5,3.0,5,5,↑↑,2032-2038,6.99,中国台湾地区NLP工程师：薪资回报高，人才需求旺盛，近年增长迅猛,"Taiwan (China) NLP Engineer: high compensation, strong talent demand, rapid recent growth",AI综合评估 + O*NET/ILO/OECD锚点校准,2026-04-13,2026-04-13,2000-2026
TECH-0205-HK-general,信息技术与数字化,TECH,人工智能与数据,NLP工程师,NLP Engineer,2511,15-2051.00,东亚,中国香港地区,HK,region,general,硕士/博士,24-30,global,7.3,7.9,8.5,6.6,7.7,4.7,9.2,7.7,10.0,8.8,6.1,9.4,6.2,1.9,3.6,7.6,6.0,1.8,6.6,8.7,8.1,6.7,4.7,8.0,7.0,5.1,4.8,5.4,0.8,1.1,4.0,6.8,10.0,3.6,5,5,↑↑,2032-2038,6.83,中国香港地区NLP工程师：薪资回报高，人才需求旺盛，加班文化严重,"Hong Kong (China) NLP Engineer: high compensation, strong talent demand, heavy overtime culture",AI综合评估 + O*NET/ILO/OECD锚点校准,2026-04-13,2026-04-13,2000-2026
TECH-0205-SG-general,信息技术与数字化,TECH,人工智能与数据,NLP工程师,NLP Engineer,2511,15-2051.00,东南亚,新加坡,SG,country,general,硕士/博士,24-30,global,7.3,7.9,9.1,7.2,8.3,5.3,10.0,9.5,10.0,9.8,6.9,9.9,6.2,3.4,3.6,8.2,7.0,1.4,6.6,8.3,9.3,6.7,4.5,8.2,7.4,6.3,6.2,5.3,0.5,1.1,3.4,7.0,10.0,3.2,5,5,↑↑,2032-2038,7.32,新加坡NLP工程师：薪资回报高，人才需求旺盛，远程友好度高,"Singapore NLP Engineer: high compensation, strong talent demand, highly remote-friendly",AI综合评估 + O*NET/ILO/OECD锚点校准,2026-04-13,2026-04-13,2000-2026
TECH-0205-TH-general,信息技术与数字化,TECH,人工智能与数据,NLP工程师,NLP Engineer,2511,15-2051.00,东南亚,泰国,TH,country,general,硕士/博士,24-30,global,7.2,7.2,7.1,6.5,6.9,4.9,8.2,7.7,7.0,5.6,5.9,9.7,6.9,4.1,5.1,7.8,6.2,1.8,6.1,6.1,7.8,7.5,5.5,8.0,7.2,5.1,4.8,5.1,0.5,0.8,5.0,6.2,7.3,3.4,5,5,↑↑,2032-2038,6.43,泰国NLP工程师：人才需求旺盛，近年增长迅猛,"Thailand NLP Engineer: strong talent demand, rapid recent growth",AI综合评估 + O*NET/ILO/OECD锚点校准,2026-04-13,2026-04-13,2000-2026
TECH-0205-VN-general,信息技术与数字化,TECH,人工智能与数据,NLP工程师,NLP Engineer,2511,15-2051.00,东南亚,越南,VN,country,general,硕士/博士,24-30,global,7.9,7.8,7.3,6.2,7.3,5.1,8.2,8.3,6.4,6.1,5.1,9.4,6.2,3.6,3.6,7.6,7.0,1.4,6.4,7.1,8.1,7.5,4.7,7.4,7.0,5.1,5.0,4.8,0.3,0.0,5.2,6.6,7.5,3.6,5,5,↑↑,2032-2038,6.38,越南NLP工程师：人才需求旺盛，近年增长迅猛,"Vietnam NLP Engineer: strong talent demand, rapid recent growth",AI综合评估 + O*NET/ILO/OECD锚点校准,2026-04-13,2026-04-13,2000-2026
TECH-0205-ID-general,信息技术与数字化,TECH,人工智能与数据,NLP工程师,NLP Engineer,2511,15-2051.00,东南亚,印度尼西亚,ID,country,general,硕士/博士,24-30,global,7.6,7.2,7.9,6.0,8.3,5.5,7.8,8.9,5.8,5.8,4.9,9.4,5.9,3.9,4.8,7.6,6.4,1.5,6.0,6.9,7.2,6.7,5.5,8.4,6.6,3.9,5.6,4.8,0.2,0.0,4.4,5.6,7.5,3.2,5,5,↑↑,2032-2038,6.39,印度尼西亚NLP工程师：人才需求旺盛，近年增长迅猛,"Indonesia NLP Engineer: strong talent demand, rapid recent growth",AI综合评估 + O*NET/ILO/OECD锚点校准,2026-04-13,2026-04-13,2000-2026
TECH-0205-MY-general,信息技术与数字化,TECH,人工智能与数据,NLP工程师,NLP Engineer,2511,15-2051.00,东南亚,马来西亚,MY,country,general,硕士/博士,24-30,global,7.3,7.3,7.1,6.6,7.5,3.7,8.4,7.9,8.2,7.1,5.4,9.4,6.4,3.4,4.3,6.8,5.8,1.7,6.6,7.5,8.1,6.5,5.0,7.4,7.0,3.6,5.4,4.7,0.3,0.0,4.8,6.8,8.3,4.4,5,5,↑↑,2032-2038,6.47,马来西亚NLP工程师：薪资回报高，人才需求旺盛，加班文化严重,"Malaysia NLP Engineer: high compensation, strong talent demand, heavy overtime culture",AI综合评估 + O*NET/ILO/OECD锚点校准,2026-04-13,2026-04-13,2000-2026
TECH-0205-PH-general,信息技术与数字化,TECH,人工智能与数据,NLP工程师,NLP Engineer,2511,15-2051.00,东南亚,菲律宾,PH,country,general,硕士/博士,24-30,global,7.6,7.3,7.9,6.2,7.9,4.3,7.8,7.9,5.5,4.8,4.1,9.4,5.9,4.1,4.6,7.6,6.0,1.2,6.5,6.7,9.6,7.2,4.5,7.2,6.2,5.4,5.2,4.7,0.6,0.6,5.2,6.6,8.1,3.2,5,5,↑↑,2032-2038,6.3,菲律宾NLP工程师：人才需求旺盛，远程友好度高，近年增长迅猛,"Philippines NLP Engineer: strong talent demand, highly remote-friendly, rapid recent growth",AI综合评估 + O*NET/ILO/OECD锚点校准,2026-04-13,2026-04-13,2000-2026
TECH-0205-IN-general,信息技术与数字化,TECH,人工智能与数据,NLP工程师,NLP Engineer,2511,15-2051.00,南亚,印度,IN,country,general,硕士/博士,24-30,global,7.3,7.5,8.7,6.6,9.9,7.7,9.0,9.5,8.8,7.3,4.4,9.7,5.7,2.1,3.6,7.2,6.8,0.9,6.4,7.1,9.3,6.7,3.2,9.0,7.8,2.7,4.8,5.3,0.3,0.3,4.8,6.8,9.7,3.0,5,5,↑↑,2032-2038,6.86,印度NLP工程师：薪资回报高，人才需求旺盛，远程友好度高,"India NLP Engineer: high compensation, strong talent demand, highly remote-friendly",AI综合评估 + O*NET/ILO/OECD锚点校准,2026-04-13,2026-04-13,2000-2026
TECH-0205-PK-general,信息技术与数字化,TECH,人工智能与数据,NLP工程师,NLP Engineer,2511,15-2051.00,南亚,巴基斯坦,PK,country,general,硕士/博士,24-30,global,7.6,7.5,6.5,5.6,7.1,4.3,6.8,6.7,4.3,5.8,4.4,9.4,5.7,3.9,4.1,7.2,5.2,2.3,6.5,6.5,7.8,7.7,3.5,7.2,6.6,0.3,4.6,5.1,0.6,0.0,5.2,6.8,8.1,4.0,4,4,↑↑,2032-2038,5.8,巴基斯坦NLP工程师：薪资水平偏低，近年增长迅猛,"Pakistan NLP Engineer: relatively low pay, rapid recent growth",AI综合评估 + O*NET/ILO/OECD锚点校准,2026-04-13,2026-04-13,2000-2026
TECH-0205-BD-general,信息技术与数字化,TECH,人工智能与数据,NLP工程师,NLP Engineer,2511,15-2051.00,南亚,孟加拉国,BD,country,general,硕士/博士,24-30,global,7.2,7.2,5.9,5.4,5.9,3.5,7.4,6.5,4.6,4.1,3.1,9.2,5.2,3.9,4.8,7.0,5.0,2.0,6.5,5.1,8.7,6.5,3.7,7.6,5.8,0.9,4.8,5.0,0.6,0.2,4.6,6.6,7.9,4.0,4,4,↑↑,2032-2038,5.62,孟加拉国NLP工程师：远程友好度高，就业波动大，近年增长迅猛,"Bangladesh NLP Engineer: highly remote-friendly, volatile employment, rapid recent growth",AI综合评估 + O*NET/ILO/OECD锚点校准,2026-04-13,2026-04-13,2000-2026
TECH-0205-AE-general,信息技术与数字化,TECH,人工智能与数据,NLP工程师,NLP Engineer,2511,15-2051.00,中亚/西亚,阿联酋,AE,country,general,硕士/博士,24-30,global,7.2,7.8,8.1,6.8,8.7,4.3,9.6,9.9,10.0,9.1,6.9,9.7,6.2,4.1,5.1,8.2,5.8,0.9,6.8,8.5,6.9,7.5,5.5,9.0,6.8,5.1,5.2,4.7,0.8,0.9,4.8,6.0,9.7,3.6,5,5,↑↑,2032-2038,7.18,阿联酋NLP工程师：薪资回报高，人才需求旺盛，近年增长迅猛,"United Arab Emirates NLP Engineer: high compensation, strong talent demand, rapid recent growth",AI综合评估 + O*NET/ILO/OECD锚点校准,2026-04-13,2026-04-13,2000-2026
TECH-0205-IL-general,信息技术与数字化,TECH,人工智能与数据,NLP工程师,NLP Engineer,2511,15-2051.00,中亚/西亚,以色列,IL,country,general,硕士/博士,24-30,global,8.1,8.1,9.3,6.3,9.7,5.9,10.0,9.3,10.0,10.0,4.6,9.4,6.7,4.9,5.1,8.0,7.0,1.4,6.6,9.3,9.3,8.5,6.0,8.6,7.0,6.3,6.0,5.0,0.5,0.2,5.0,6.8,10.0,3.8,5,5,↑↑,2032-2038,7.41,以色列NLP工程师：薪资回报高，人才需求旺盛，远程友好度高,"Israel NLP Engineer: high compensation, strong talent demand, highly remote-friendly",AI综合评估 + O*NET/ILO/OECD锚点校准,2026-04-13,2026-04-13,2000-2026
TECH-0205-SA-general,信息技术与数字化,TECH,人工智能与数据,NLP工程师,NLP Engineer,2511,15-2051.00,中亚/西亚,沙特阿拉伯,SA,country,general,硕士/博士,24-30,global,7.5,7.5,7.9,6.6,7.7,4.9,8.2,7.9,10.0,8.3,5.4,9.7,5.4,4.9,5.1,7.0,6.2,1.5,6.1,7.5,7.2,6.7,4.7,7.4,7.0,2.1,4.8,5.3,0.9,0.5,4.2,5.4,7.5,3.4,5,5,↑↑,2032-2038,6.61,沙特阿拉伯NLP工程师：薪资回报高，人才需求旺盛，近年增长迅猛,"Saudi Arabia NLP Engineer: high compensation, strong talent demand, rapid recent growth",AI综合评估 + O*NET/ILO/OECD锚点校准,2026-04-13,2026-04-13,2000-2026
TECH-0205-TR-general,信息技术与数字化,TECH,人工智能与数据,NLP工程师,NLP Engineer,2511,15-2051.00,中亚/西亚,土耳其,TR,country,general,硕士/博士,24-30,global,7.9,7.5,8.5,6.0,8.1,5.3,8.6,8.1,7.0,6.6,3.9,9.4,6.4,4.1,4.1,7.2,7.0,1.8,6.1,7.3,8.4,6.7,5.0,8.2,7.4,4.2,5.6,5.3,0.8,0.5,5.4,6.0,7.7,3.0,5,5,↑↑,2032-2038,6.47,土耳其NLP工程师：人才需求旺盛，就业波动大，近年增长迅猛,"Turkey NLP Engineer: strong talent demand, volatile employment, rapid recent growth",AI综合评估 + O*NET/ILO/OECD锚点校准,2026-04-13,2026-04-13,2000-2026
TECH-0205-GB-general,信息技术与数字化,TECH,人工智能与数据,NLP工程师,NLP Engineer,2511,15-2051.00,西欧,英国,GB,country,general,硕士/博士,24-30,global,7.8,7.3,9.9,7.1,10.0,6.7,9.2,9.3,10.0,10.0,6.4,9.4,7.4,6.1,5.6,8.0,7.0,1.4,6.8,9.3,10.0,8.2,6.0,8.4,8.0,8.1,6.4,5.4,0.6,0.3,4.8,7.2,10.0,3.6,5,5,↑↑,2032-2038,7.72,英国NLP工程师：薪资回报高，人才需求旺盛，远程友好度高,"United Kingdom NLP Engineer: high compensation, strong talent demand, highly remote-friendly",AI综合评估 + O*NET/ILO/OECD锚点校准,2026-04-13,2026-04-13,2000-2026
TECH-0205-FR-general,信息技术与数字化,TECH,人工智能与数据,NLP工程师,NLP Engineer,2511,15-2051.00,西欧,法国,FR,country,general,硕士/博士,24-30,global,7.8,7.8,8.7,7.1,8.7,6.3,9.6,10.0,10.0,8.6,6.6,9.4,7.7,7.1,6.1,8.2,7.6,1.2,6.2,8.3,8.1,8.7,6.5,8.2,7.4,6.6,6.6,4.8,0.8,0.8,3.8,6.0,9.5,3.6,5,5,↑↑,2032-2038,7.51,法国NLP工程师：薪资回报高，人才需求旺盛，近年增长迅猛,"France NLP Engineer: high compensation, strong talent demand, rapid recent growth",AI综合评估 + O*NET/ILO/OECD锚点校准,2026-04-13,2026-04-13,2000-2026
TECH-0205-DE-general,信息技术与数字化,TECH,人工智能与数据,NLP工程师,NLP Engineer,2511,15-2051.00,西欧,德国,DE,country,general,硕士/博士,24-30,global,7.5,7.6,9.5,7.1,9.9,6.5,9.2,10.0,10.0,9.3,7.4,9.7,7.2,7.4,7.1,7.6,7.4,0.8,6.5,7.9,8.1,7.5,6.7,7.8,7.8,6.9,6.2,5.1,0.2,0.8,3.4,7.0,9.5,2.8,5,5,↑↑,2032-2038,7.71,德国NLP工程师：薪资回报高，人才需求旺盛，近年增长迅猛,"Germany NLP Engineer: high compensation, strong talent demand, rapid recent growth",AI综合评估 + O*NET/ILO/OECD锚点校准,2026-04-13,2026-04-13,2000-2026
TECH-0205-NL-general,信息技术与数字化,TECH,人工智能与数据,NLP工程师,NLP Engineer,2511,15-2051.00,西欧,荷兰,NL,country,general,硕士/博士,24-30,global,7.9,7.8,9.3,7.2,8.3,5.9,9.4,10.0,10.0,9.1,6.9,9.9,8.4,7.6,7.1,8.2,6.8,1.1,6.5,8.3,10.0,8.5,8.7,8.0,8.0,8.1,6.6,5.3,0.8,0.5,3.6,7.4,10.0,4.0,5,5,↑↑,2032-2038,7.82,荷兰NLP工程师：薪资回报高，人才需求旺盛，远程友好度高,"Netherlands NLP Engineer: high compensation, strong talent demand, highly remote-friendly",AI综合评估 + O*NET/ILO/OECD锚点校准,2026-04-13,2026-04-13,2000-2026
TECH-0205-CH-general,信息技术与数字化,TECH,人工智能与数据,NLP工程师,NLP Engineer,2511,15-2051.00,西欧,瑞士,CH,country,general,硕士/博士,24-30,global,7.6,7.8,8.5,7.1,8.1,5.1,10.0,9.9,10.0,10.0,8.6,9.9,8.2,7.4,6.6,7.4,7.0,0.8,6.6,9.5,9.6,8.0,7.5,9.0,7.4,5.7,6.8,5.0,0.3,1.1,4.0,7.0,9.7,3.6,5,5,↑↑,2032-2038,7.8,瑞士NLP工程师：薪资回报高，人才需求旺盛，远程友好度高,"Switzerland NLP Engineer: high compensation, strong talent demand, highly remote-friendly",AI综合评估 + O*NET/ILO/OECD锚点校准,2026-04-13,2026-04-13,2000-2026
TECH-0205-SE-general,信息技术与数字化,TECH,人工智能与数据,NLP工程师,NLP Engineer,2511,15-2051.00,北欧,瑞典,SE,country,general,硕士/博士,24-30,global,7.5,7.3,9.1,7.4,8.7,5.3,8.8,9.9,10.0,8.8,7.4,9.9,8.7,8.1,8.1,7.4,6.4,0.8,6.2,8.9,10.0,8.2,8.5,8.2,7.2,8.7,6.2,5.0,0.3,1.1,3.4,7.4,9.7,3.6,5,5,↑↑,2032-2038,7.83,瑞典NLP工程师：薪资回报高，人才需求旺盛，远程友好度高,"Sweden NLP Engineer: high compensation, strong talent demand, highly remote-friendly",AI综合评估 + O*NET/ILO/OECD锚点校准,2026-04-13,2026-04-13,2000-2026
TECH-0205-DK-general,信息技术与数字化,TECH,人工智能与数据,NLP工程师,NLP Engineer,2511,15-2051.00,北欧,丹麦,DK,country,general,硕士/博士,24-30,global,7.6,7.5,8.7,6.6,7.5,4.5,9.2,9.9,10.0,7.8,7.6,9.7,7.2,7.6,7.1,8.0,6.4,1.1,7.0,8.7,10.0,8.7,7.5,8.2,7.6,9.3,6.8,4.7,0.9,0.9,3.6,6.6,9.7,4.0,5,5,↑↑,2032-2038,7.66,丹麦NLP工程师：薪资回报高，人才需求旺盛，远程友好度高,"Denmark NLP Engineer: high compensation, strong talent demand, highly remote-friendly",AI综合评估 + O*NET/ILO/OECD锚点校准,2026-04-13,2026-04-13,2000-2026
TECH-0205-FI-general,信息技术与数字化,TECH,人工智能与数据,NLP工程师,NLP Engineer,2511,15-2051.00,北欧,芬兰,FI,country,general,硕士/博士,24-30,global,7.8,7.9,8.7,6.8,7.5,4.3,9.2,10.0,10.0,8.8,7.1,9.7,7.4,8.4,6.8,8.4,6.0,1.2,6.2,8.5,10.0,8.5,8.7,7.8,6.6,9.9,6.4,4.7,0.9,1.2,3.8,7.0,9.3,3.4,5,5,↑↑,2032-2038,7.62,芬兰NLP工程师：薪资回报高，人才需求旺盛，远程友好度高,"Finland NLP Engineer: high compensation, strong talent demand, highly remote-friendly",AI综合评估 + O*NET/ILO/OECD锚点校准,2026-04-13,2026-04-13,2000-2026
TECH-0205-IT-general,信息技术与数字化,TECH,人工智能与数据,NLP工程师,NLP Engineer,2511,15-2051.00,南欧,意大利,IT,country,general,硕士/博士,24-30,global,7.5,7.6,8.1,6.0,8.1,5.5,8.2,8.7,9.1,7.3,5.1,9.4,7.2,5.1,6.1,7.4,6.8,1.5,6.9,7.7,8.4,7.2,6.7,7.8,7.4,3.9,5.8,5.0,0.6,0.3,4.4,6.6,8.3,3.6,5,5,↑↑,2032-2038,6.93,意大利NLP工程师：薪资回报高，人才需求旺盛，近年增长迅猛,"Italy NLP Engineer: high compensation, strong talent demand, rapid recent growth",AI综合评估 + O*NET/ILO/OECD锚点校准,2026-04-13,2026-04-13,2000-2026
TECH-0205-ES-general,信息技术与数字化,TECH,人工智能与数据,NLP工程师,NLP Engineer,2511,15-2051.00,南欧,西班牙,ES,country,general,硕士/博士,24-30,global,7.9,7.6,7.3,6.2,8.3,4.5,8.6,8.7,8.8,7.3,5.4,9.4,7.7,4.6,5.1,7.8,6.4,1.5,6.6,7.7,9.6,7.7,6.0,8.0,6.6,6.3,5.8,5.1,0.8,0.9,5.0,7.2,9.1,3.2,5,5,↑↑,2032-2038,6.92,西班牙NLP工程师：薪资回报高，人才需求旺盛，远程友好度高,"Spain NLP Engineer: high compensation, strong talent demand, highly remote-friendly",AI综合评估 + O*NET/ILO/OECD锚点校准,2026-04-13,2026-04-13,2000-2026
TECH-0205-PT-general,信息技术与数字化,TECH,人工智能与数据,NLP工程师,NLP Engineer,2511,15-2051.00,南欧,葡萄牙,PT,country,general,硕士/博士,24-30,global,7.3,7.5,7.3,6.9,7.3,4.5,8.2,7.7,7.6,6.3,5.4,9.4,6.2,6.1,6.1,6.8,5.6,1.5,6.2,7.1,9.6,8.5,6.7,8.0,7.4,6.3,6.0,5.3,0.3,0.9,4.8,6.4,8.9,4.2,5,5,↑↑,2032-2038,6.77,葡萄牙NLP工程师：人才需求旺盛，远程友好度高，近年增长迅猛,"Portugal NLP Engineer: strong talent demand, highly remote-friendly, rapid recent growth",AI综合评估 + O*NET/ILO/OECD锚点校准,2026-04-13,2026-04-13,2000-2026
TECH-0205-PL-general,信息技术与数字化,TECH,人工智能与数据,NLP工程师,NLP Engineer,2511,15-2051.00,东欧,波兰,PL,country,general,硕士/博士,24-30,global,7.8,7.9,8.1,6.9,8.1,5.3,9.4,8.5,9.1,8.1,5.4,9.7,6.7,4.6,5.8,7.6,6.4,1.4,6.8,7.7,9.6,7.7,5.7,8.4,7.0,5.1,5.6,4.7,0.9,0.9,4.8,6.4,9.1,3.8,5,5,↑↑,2032-2038,7.02,波兰NLP工程师：薪资回报高，人才需求旺盛，远程友好度高,"Poland NLP Engineer: high compensation, strong talent demand, highly remote-friendly",AI综合评估 + O*NET/ILO/OECD锚点校准,2026-04-13,2026-04-13,2000-2026
TECH-0205-CZ-general,信息技术与数字化,TECH,人工智能与数据,NLP工程师,NLP Engineer,2511,15-2051.00,东欧,捷克,CZ,country,general,硕士/博士,24-30,global,7.3,7.5,7.7,7.2,7.5,4.3,9.0,8.7,8.5,7.6,6.9,9.7,7.2,5.9,5.6,7.6,6.4,1.2,6.6,7.7,9.6,8.2,6.7,8.0,6.6,6.3,5.6,5.0,0.2,1.1,4.2,6.2,9.1,4.0,5,5,↑↑,2032-2038,7.11,捷克NLP工程师：薪资回报高，人才需求旺盛，远程友好度高,"Czech Republic NLP Engineer: high compensation, strong talent demand, highly remote-friendly",AI综合评估 + O*NET/ILO/OECD锚点校准,2026-04-13,2026-04-13,2000-2026
TECH-0205-RU-general,信息技术与数字化,TECH,人工智能与数据,NLP工程师,NLP Engineer,2511,15-2051.00,东欧,俄罗斯,RU,country,general,硕士/博士,24-30,global,7.5,7.2,8.3,6.2,8.9,5.3,9.0,8.5,8.2,7.8,4.1,8.9,6.4,5.6,5.3,7.6,7.0,1.8,6.8,7.5,9.3,7.7,4.5,8.4,7.0,5.1,5.8,5.1,0.5,0.5,4.8,6.8,5.9,3.2,5,5,↑↑,2032-2038,6.82,俄罗斯NLP工程师：薪资回报高，人才需求旺盛，远程友好度高,"Russia NLP Engineer: high compensation, strong talent demand, highly remote-friendly",AI综合评估 + O*NET/ILO/OECD锚点校准,2026-04-13,2026-04-13,2000-2026
TECH-0205-US-general,信息技术与数字化,TECH,人工智能与数据,NLP工程师,NLP Engineer,2511,15-2051.00,北美,美国,US,country,general,硕士/博士,24-30,global,7.8,7.8,10.0,6.6,10.0,7.7,10.0,9.5,10.0,10.0,4.9,9.7,5.7,3.6,4.1,8.0,8.0,0.9,7.0,9.3,10.0,8.0,5.0,8.4,8.4,6.6,5.6,5.3,0.9,0.8,4.2,6.8,10.0,3.0,5,5,↑↑,2032-2038,7.55,美国NLP工程师：薪资回报高，人才需求旺盛，远程友好度高,"United States NLP Engineer: high compensation, strong talent demand, highly remote-friendly",AI综合评估 + O*NET/ILO/OECD锚点校准,2026-04-13,2026-04-13,2000-2026
TECH-0205-CA-general,信息技术与数字化,TECH,人工智能与数据,NLP工程师,NLP Engineer,2511,15-2051.00,北美,加拿大,CA,country,general,硕士/博士,24-30,global,7.8,8.2,8.7,7.4,9.3,6.3,8.8,9.7,10.0,9.6,6.6,9.9,6.7,6.4,5.8,7.6,7.2,0.9,7.0,8.1,10.0,9.0,6.2,8.2,7.6,8.4,5.8,5.3,0.9,0.8,3.6,6.6,10.0,3.4,5,5,↑↑,2032-2038,7.64,加拿大NLP工程师：薪资回报高，人才需求旺盛，远程友好度高,"Canada NLP Engineer: high compensation, strong talent demand, highly remote-friendly",AI综合评估 + O*NET/ILO/OECD锚点校准,2026-04-13,2026-04-13,2000-2026
TECH-0205-MX-general,信息技术与数字化,TECH,人工智能与数据,NLP工程师,NLP Engineer,2511,15-2051.00,北美,墨西哥,MX,country,general,硕士/博士,24-30,global,7.3,7.0,7.7,6.6,8.1,5.7,7.6,8.7,7.9,5.8,4.6,9.7,6.4,2.6,4.6,7.2,6.6,1.5,6.6,6.5,7.5,7.0,5.5,7.8,7.4,4.5,4.6,4.8,0.3,0.0,4.8,7.0,7.5,3.6,5,5,↑↑,2032-2038,6.5,墨西哥NLP工程师：人才需求旺盛，加班文化严重，近年增长迅猛,"Mexico NLP Engineer: strong talent demand, heavy overtime culture, rapid recent growth",AI综合评估 + O*NET/ILO/OECD锚点校准,2026-04-13,2026-04-13,2000-2026
TECH-0205-BR-general,信息技术与数字化,TECH,人工智能与数据,NLP工程师,NLP Engineer,2511,15-2051.00,南美,巴西,BR,country,general,硕士/博士,24-30,global,7.5,7.5,7.9,6.5,8.3,6.7,8.0,8.3,8.5,7.1,4.6,9.4,6.4,3.9,5.3,7.2,7.2,1.7,6.6,6.7,8.1,8.2,5.5,7.8,7.0,4.2,5.6,5.4,0.2,0.3,4.4,6.4,7.9,3.8,5,5,↑↑,2032-2038,6.73,巴西NLP工程师：薪资回报高，人才需求旺盛，近年增长迅猛,"Brazil NLP Engineer: high compensation, strong talent demand, rapid recent growth",AI综合评估 + O*NET/ILO/OECD锚点校准,2026-04-13,2026-04-13,2000-2026
TECH-0205-AR-general,信息技术与数字化,TECH,人工智能与数据,NLP工程师,NLP Engineer,2511,15-2051.00,南美,阿根廷,AR,country,general,硕士/博士,24-30,global,7.3,7.9,7.5,5.4,7.3,4.5,8.0,7.9,6.1,6.3,3.9,9.2,5.7,3.9,4.3,7.0,5.4,1.2,6.2,6.1,9.0,7.7,5.0,7.2,6.4,4.8,5.2,4.5,0.6,0.2,4.8,7.0,8.3,3.4,5,5,↑↑,2032-2038,6.25,阿根廷NLP工程师：人才需求旺盛，远程友好度高，就业波动大,"Argentina NLP Engineer: strong talent demand, highly remote-friendly, volatile employment",AI综合评估 + O*NET/ILO/OECD锚点校准,2026-04-13,2026-04-13,2000-2026
TECH-0205-CL-general,信息技术与数字化,TECH,人工智能与数据,NLP工程师,NLP Engineer,2511,15-2051.00,南美,智利,CL,country,general,硕士/博士,24-30,global,7.6,7.0,7.5,6.9,7.5,3.1,8.4,8.9,7.3,6.6,6.1,9.4,6.2,4.4,5.6,7.6,6.2,1.7,6.1,6.7,7.8,7.7,5.2,8.2,6.4,5.1,5.6,4.8,0.2,0.2,5.0,6.0,8.9,3.6,5,5,↑↑,2032-2038,6.62,智利NLP工程师：人才需求旺盛，近年增长迅猛,"Chile NLP Engineer: strong talent demand, rapid recent growth",AI综合评估 + O*NET/ILO/OECD锚点校准,2026-04-13,2026-04-13,2000-2026
TECH-0205-CO-general,信息技术与数字化,TECH,人工智能与数据,NLP工程师,NLP Engineer,2511,15-2051.00,南美,哥伦比亚,CO,country,general,硕士/博士,24-30,global,7.3,7.5,6.7,5.7,6.7,3.5,7.6,8.7,7.0,5.3,4.9,9.4,6.2,4.9,4.1,7.4,5.8,1.8,6.2,6.7,7.5,7.2,4.7,7.2,6.8,4.2,5.4,5.0,0.3,0.2,4.4,6.0,7.5,3.8,5,5,↑↑,2032-2038,6.21,哥伦比亚NLP工程师：人才需求旺盛，近年增长迅猛,"Colombia NLP Engineer: strong talent demand, rapid recent growth",AI综合评估 + O*NET/ILO/OECD锚点校准,2026-04-13,2026-04-13,2000-2026
TECH-0205-AU-general,信息技术与数字化,TECH,人工智能与数据,NLP工程师,NLP Engineer,2511,15-2051.00,大洋洲,澳大利亚,AU,country,general,硕士/博士,24-30,global,7.5,7.6,8.5,7.1,8.9,5.7,9.8,9.3,10.0,8.8,7.1,9.9,7.9,6.6,6.3,7.8,7.0,1.2,6.4,8.5,10.0,8.7,7.0,8.2,7.0,8.7,6.0,4.8,0.3,0.6,4.0,6.6,10.0,3.2,5,5,↑↑,2032-2038,7.65,澳大利亚NLP工程师：薪资回报高，人才需求旺盛，远程友好度高,"Australia NLP Engineer: high compensation, strong talent demand, highly remote-friendly",AI综合评估 + O*NET/ILO/OECD锚点校准,2026-04-13,2026-04-13,2000-2026
TECH-0205-NZ-general,信息技术与数字化,TECH,人工智能与数据,NLP工程师,NLP Engineer,2511,15-2051.00,大洋洲,新西兰,NZ,country,general,硕士/博士,24-30,global,7.5,8.1,7.9,6.9,7.3,4.1,8.6,8.5,10.0,7.8,7.1,9.4,7.2,7.9,6.8,7.0,7.0,1.5,6.1,8.1,10.0,8.0,7.0,8.0,7.0,8.4,5.8,5.0,0.5,0.6,3.6,6.6,9.7,3.4,5,5,↑↑,2032-2038,7.32,新西兰NLP工程师：薪资回报高，人才需求旺盛，远程友好度高,"New Zealand NLP Engineer: high compensation, strong talent demand, highly remote-friendly",AI综合评估 + O*NET/ILO/OECD锚点校准,2026-04-13,2026-04-13,2000-2026
TECH-0205-ZA-general,信息技术与数字化,TECH,人工智能与数据,NLP工程师,NLP Engineer,2511,15-2051.00,非洲,南非,ZA,country,general,硕士/博士,24-30,global,7.2,7.6,7.7,6.0,7.1,3.9,8.2,8.3,7.3,6.1,4.6,9.4,5.7,5.1,6.1,6.8,5.8,1.8,6.6,6.9,7.2,6.5,5.2,8.2,6.2,5.1,5.0,5.4,0.8,0.0,5.4,6.6,8.1,4.2,5,5,↑↑,2032-2038,6.41,南非NLP工程师：人才需求旺盛，近年增长迅猛,"South Africa NLP Engineer: strong talent demand, rapid recent growth",AI综合评估 + O*NET/ILO/OECD锚点校准,2026-04-13,2026-04-13,2000-2026
TECH-0205-NG-general,信息技术与数字化,TECH,人工智能与数据,NLP工程师,NLP Engineer,2511,15-2051.00,非洲,尼日利亚,NG,country,general,硕士/博士,24-30,global,6.9,7.3,6.5,6.2,6.3,4.5,6.8,7.1,5.8,4.8,2.9,9.4,4.9,3.6,4.1,7.2,5.4,2.0,6.1,6.1,8.1,6.5,3.5,7.8,5.8,3.3,4.4,4.8,0.5,0.0,5.2,6.4,7.3,3.4,4,4,↑↑,2032-2038,5.78,尼日利亚NLP工程师：就业波动大，近年增长迅猛,"Nigeria NLP Engineer: volatile employment, rapid recent growth",AI综合评估 + O*NET/ILO/OECD锚点校准,2026-04-13,2026-04-13,2000-2026
TECH-0205-KE-general,信息技术与数字化,TECH,人工智能与数据,NLP工程师,NLP Engineer,2511,15-2051.00,非洲,肯尼亚,KE,country,general,硕士/博士,24-30,global,7.3,7.6,7.5,6.2,6.3,3.7,7.6,7.1,4.6,5.8,3.9,9.4,6.2,4.6,4.6,7.0,6.0,2.3,6.2,6.3,7.2,7.0,4.5,8.0,6.6,3.3,4.8,5.1,0.5,0.3,4.4,6.4,8.5,3.4,4,4,↑↑,2032-2038,6.02,肯尼亚NLP工程师：人才需求旺盛，就业波动大，近年增长迅猛,"Kenya NLP Engineer: strong talent demand, volatile employment, rapid recent growth",AI综合评估 + O*NET/ILO/OECD锚点校准,2026-04-13,2026-04-13,2000-2026
TECH-0205-EG-general,信息技术与数字化,TECH,人工智能与数据,NLP工程师,NLP Engineer,2511,15-2051.00,非洲,埃及,EG,country,general,硕士/博士,24-30,global,7.6,7.6,7.3,6.5,6.7,4.7,7.4,6.5,4.6,5.8,4.1,8.9,5.9,3.6,4.8,6.8,6.0,1.8,6.1,6.1,7.2,7.0,4.0,7.4,7.0,0.9,5.2,5.4,0.9,0.0,4.8,5.6,7.3,4.0,4,4,↑↑,2032-2038,5.85,埃及NLP工程师：近年增长迅猛,Egypt NLP Engineer: rapid recent growth,AI综合评估 + O*NET/ILO/OECD锚点校准,2026-04-13,2026-04-13,2000-2026
TECH-0206-CN-general,信息技术与数字化,TECH,人工智能与数据,计算机视觉工程师,Computer Vision Engineer,2511,15-2051.00,东亚,中国,CN,country,general,硕士/博士,24-30,global,7.5,7.6,9.4,6.8,9.8,6.9,9.4,9.6,10.0,9.2,5.1,9.2,5.7,2.2,3.0,7.3,6.9,0.9,6.4,8.4,5.3,6.7,2.5,7.8,7.9,3.3,4.8,5.0,0.7,0.3,5.3,5.7,6.8,2.8,4,5,↑↑,2032-2038,6.78,中国计算机视觉工程师：薪资回报高，人才需求旺盛，加班文化严重,"China Computer Vision Engineer: high compensation, strong talent demand, heavy overtime culture",AI综合评估 + O*NET/ILO/OECD锚点校准,2026-04-13,2026-04-13,2000-2026
TECH-0206-JP-general,信息技术与数字化,TECH,人工智能与数据,计算机视觉工程师,Computer Vision Engineer,2511,15-2051.00,东亚,日本,JP,country,general,硕士/博士,24-30,global,8.2,7.3,8.6,8.0,9.0,6.1,8.6,9.4,10.0,7.7,7.1,9.7,6.0,3.2,3.7,7.1,6.9,0.9,6.8,7.8,6.2,6.9,4.5,8.2,8.1,3.0,5.6,4.7,0.7,0.3,3.7,6.7,8.0,3.0,4,4,↑↑,2032-2038,6.98,日本计算机视觉工程师：薪资回报高，人才需求旺盛，加班文化严重,"Japan Computer Vision Engineer: high compensation, strong talent demand, heavy overtime culture",AI综合评估 + O*NET/ILO/OECD锚点校准,2026-04-13,2026-04-13,2000-2026
TECH-0206-KR-general,信息技术与数字化,TECH,人工智能与数据,计算机视觉工程师,Computer Vision Engineer,2511,15-2051.00,东亚,韩国,KR,country,general,硕士/博士,24-30,global,7.5,7.8,8.4,7.4,8.2,6.5,9.0,9.6,9.4,7.7,6.1,9.5,5.2,2.4,3.7,7.9,6.7,0.9,6.5,8.2,7.1,6.7,4.0,8.4,7.7,2.7,5.2,4.5,0.7,0.9,3.9,6.3,8.4,3.4,4,4,↑↑,2032-2038,6.83,韩国计算机视觉工程师：薪资回报高，人才需求旺盛，加班文化严重,"South Korea Computer Vision Engineer: high compensation, strong talent demand, heavy overtime culture",AI综合评估 + O*NET/ILO/OECD锚点校准,2026-04-13,2026-04-13,2000-2026
TECH-0206-TW-general,信息技术与数字化,TECH,人工智能与数据,计算机视觉工程师,Computer Vision Engineer,2511,15-2051.00,东亚,中国台湾地区,TW,region,general,硕士/博士,24-30,global,7.3,7.6,8.8,7.3,8.4,5.1,9.0,9.8,9.1,6.9,5.8,9.5,6.2,3.9,4.5,7.9,6.5,1.2,6.6,8.6,7.4,6.7,4.0,8.0,7.5,3.9,5.4,4.8,1.1,0.6,4.3,6.3,8.0,3.8,4,4,↑↑,2032-2038,6.86,中国台湾地区计算机视觉工程师：薪资回报高，人才需求旺盛，近年增长迅猛,"Taiwan (China) Computer Vision Engineer: high compensation, strong talent demand, rapid recent growth",AI综合评估 + O*NET/ILO/OECD锚点校准,2026-04-13,2026-04-13,2000-2026
TECH-0206-HK-general,信息技术与数字化,TECH,人工智能与数据,计算机视觉工程师,Computer Vision Engineer,2511,15-2051.00,东亚,中国香港地区,HK,region,general,硕士/博士,24-30,global,7.9,7.8,7.2,7.6,7.6,4.1,8.6,7.4,10.0,8.2,6.6,9.5,6.0,2.2,2.7,7.5,5.9,1.8,6.9,8.6,7.4,6.9,4.0,8.2,6.9,6.0,5.6,4.8,0.7,1.1,4.9,6.7,10.0,3.8,4,4,↑↑,2032-2038,6.7,中国香港地区计算机视觉工程师：薪资回报高，人才需求旺盛，加班文化严重,"Hong Kong (China) Computer Vision Engineer: high compensation, strong talent demand, heavy overtime culture",AI综合评估 + O*NET/ILO/OECD锚点校准,2026-04-13,2026-04-13,2000-2026
TECH-0206-SG-general,信息技术与数字化,TECH,人工智能与数据,计算机视觉工程师,Computer Vision Engineer,2511,15-2051.00,东南亚,新加坡,SG,country,general,硕士/博士,24-30,global,7.6,7.3,8.6,7.4,7.6,5.5,9.2,9.8,10.0,8.4,7.8,10.0,5.7,4.2,5.0,8.1,6.5,1.2,7.0,8.4,8.0,7.7,5.2,8.2,7.7,6.0,5.2,4.7,1.0,0.9,3.3,6.1,10.0,3.2,4,5,↑↑,2032-2038,7.3,新加坡计算机视觉工程师：薪资回报高，人才需求旺盛，就业稳定,"Singapore Computer Vision Engineer: high compensation, strong talent demand, stable employment",AI综合评估 + O*NET/ILO/OECD锚点校准,2026-04-13,2026-04-13,2000-2026
TECH-0206-TH-general,信息技术与数字化,TECH,人工智能与数据,计算机视觉工程师,Computer Vision Engineer,2511,15-2051.00,东南亚,泰国,TH,country,general,硕士/博士,24-30,global,7.8,7.9,7.0,7.3,7.2,4.9,7.4,8.0,5.5,5.4,5.6,9.5,6.2,4.4,4.7,6.7,6.3,1.2,6.0,7.0,6.2,5.9,5.2,7.6,6.5,4.8,5.4,5.1,1.1,0.2,4.1,6.3,8.0,3.6,4,4,↑↑,2032-2038,6.22,泰国计算机视觉工程师：近年增长迅猛,Thailand Computer Vision Engineer: rapid recent growth,AI综合评估 + O*NET/ILO/OECD锚点校准,2026-04-13,2026-04-13,2000-2026
TECH-0206-VN-general,信息技术与数字化,TECH,人工智能与数据,计算机视觉工程师,Computer Vision Engineer,2511,15-2051.00,东南亚,越南,VN,country,general,硕士/博士,24-30,global,7.2,7.2,7.6,6.7,7.6,5.5,7.2,8.0,6.1,5.2,5.6,9.2,5.7,4.4,4.5,7.3,6.3,1.5,6.6,7.2,7.1,6.9,3.7,7.8,6.9,4.2,5.2,5.4,1.0,0.6,5.1,6.7,7.4,3.8,4,4,↑↑,2032-2038,6.3,越南计算机视觉工程师：近年增长迅猛,Vietnam Computer Vision Engineer: rapid recent growth,AI综合评估 + O*NET/ILO/OECD锚点校准,2026-04-13,2026-04-13,2000-2026
TECH-0206-ID-general,信息技术与数字化,TECH,人工智能与数据,计算机视觉工程师,Computer Vision Engineer,2511,15-2051.00,东南亚,印度尼西亚,ID,country,general,硕士/博士,24-30,global,7.8,7.2,6.8,6.8,7.4,5.1,7.8,8.0,5.2,5.9,5.8,9.2,6.2,3.9,5.2,6.9,5.3,1.8,6.6,7.2,5.9,6.9,4.2,7.6,7.1,3.6,4.6,5.4,0.8,0.5,4.1,6.5,6.8,3.6,4,4,↑↑,2032-2038,6.17,印度尼西亚计算机视觉工程师：人才需求旺盛，近年增长迅猛,"Indonesia Computer Vision Engineer: strong talent demand, rapid recent growth",AI综合评估 + O*NET/ILO/OECD锚点校准,2026-04-13,2026-04-13,2000-2026
TECH-0206-MY-general,信息技术与数字化,TECH,人工智能与数据,计算机视觉工程师,Computer Vision Engineer,2511,15-2051.00,东南亚,马来西亚,MY,country,general,硕士/博士,24-30,global,7.2,7.6,6.8,6.8,7.2,3.9,8.0,8.0,6.4,6.9,6.6,9.5,6.5,4.4,5.2,6.5,5.3,1.7,6.2,7.6,8.0,6.2,5.2,8.0,7.3,4.2,5.6,4.7,1.3,0.6,3.7,5.9,9.0,3.8,4,4,↑↑,2032-2038,6.45,马来西亚计算机视觉工程师：人才需求旺盛，近年增长迅猛,"Malaysia Computer Vision Engineer: strong talent demand, rapid recent growth",AI综合评估 + O*NET/ILO/OECD锚点校准,2026-04-13,2026-04-13,2000-2026
TECH-0206-PH-general,信息技术与数字化,TECH,人工智能与数据,计算机视觉工程师,Computer Vision Engineer,2511,15-2051.00,东南亚,菲律宾,PH,country,general,硕士/博士,24-30,global,7.3,7.6,6.4,6.8,6.2,4.9,7.2,7.6,5.2,5.7,5.3,9.2,5.7,4.4,4.7,6.9,6.1,1.4,6.5,6.8,8.3,6.4,3.7,7.6,5.9,5.1,5.2,4.8,0.8,0.6,4.3,6.5,8.8,4.0,4,4,↑↑,2032-2038,6.16,菲律宾计算机视觉工程师：近年增长迅猛,Philippines Computer Vision Engineer: rapid recent growth,AI综合评估 + O*NET/ILO/OECD锚点校准,2026-04-13,2026-04-13,2000-2026
TECH-0206-IN-general,信息技术与数字化,TECH,人工智能与数据,计算机视觉工程师,Computer Vision Engineer,2511,15-2051.00,南亚,印度,IN,country,general,硕士/博士,24-30,global,7.5,7.6,9.2,7.1,9.6,6.9,9.0,9.0,7.3,7.7,5.3,9.2,5.7,3.4,4.7,7.9,7.3,1.1,6.2,7.2,9.2,6.2,3.5,7.6,7.3,2.7,5.8,5.1,1.3,0.5,4.9,7.1,9.4,3.2,4,4,↑↑,2032-2038,6.82,印度计算机视觉工程师：人才需求旺盛，远程友好度高，加班文化严重,"India Computer Vision Engineer: strong talent demand, highly remote-friendly, heavy overtime culture",AI综合评估 + O*NET/ILO/OECD锚点校准,2026-04-13,2026-04-13,2000-2026
TECH-0206-PK-general,信息技术与数字化,TECH,人工智能与数据,计算机视觉工程师,Computer Vision Engineer,2511,15-2051.00,南亚,巴基斯坦,PK,country,general,硕士/博士,24-30,global,7.3,7.2,6.6,6.5,6.0,4.5,6.6,6.0,4.3,5.4,3.6,9.5,5.7,3.9,3.5,6.7,5.7,2.1,6.4,6.0,6.8,6.9,4.0,6.6,5.7,0.9,4.6,4.8,1.1,0.3,4.5,6.1,8.0,3.4,3,3,↑,2032-2038,5.64,巴基斯坦计算机视觉工程师：薪资水平偏低，就业波动大,"Pakistan Computer Vision Engineer: relatively low pay, volatile employment",AI综合评估 + O*NET/ILO/OECD锚点校准,2026-04-13,2026-04-13,2000-2026
TECH-0206-BD-general,信息技术与数字化,TECH,人工智能与数据,计算机视觉工程师,Computer Vision Engineer,2511,15-2051.00,南亚,孟加拉国,BD,country,general,硕士/博士,24-30,global,6.7,7.5,5.8,6.1,6.4,3.3,6.2,6.4,3.1,4.4,4.3,9.0,6.5,4.2,4.7,5.7,5.3,2.1,6.0,5.8,7.1,5.9,4.0,6.6,5.7,0.6,5.0,5.3,1.4,0.3,5.5,7.1,7.4,3.8,3,3,↑,2032-2038,5.46,孟加拉国计算机视觉工程师：薪资水平偏低,Bangladesh Computer Vision Engineer: relatively low pay,AI综合评估 + O*NET/ILO/OECD锚点校准,2026-04-13,2026-04-13,2000-2026
TECH-0206-AE-general,信息技术与数字化,TECH,人工智能与数据,计算机视觉工程师,Computer Vision Engineer,2511,15-2051.00,中亚/西亚,阿联酋,AE,country,general,硕士/博士,24-30,global,7.8,7.3,7.4,7.0,7.4,4.3,8.8,9.0,10.0,8.7,6.6,9.5,6.7,5.4,4.5,7.1,6.3,0.9,6.5,9.0,6.5,6.4,5.2,7.8,6.5,3.3,5.6,5.0,1.3,0.9,4.5,6.1,9.6,3.4,4,4,↑↑,2032-2038,6.91,阿联酋计算机视觉工程师：薪资回报高，人才需求旺盛，近年增长迅猛,"United Arab Emirates Computer Vision Engineer: high compensation, strong talent demand, rapid recent growth",AI综合评估 + O*NET/ILO/OECD锚点校准,2026-04-13,2026-04-13,2000-2026
TECH-0206-IL-general,信息技术与数字化,TECH,人工智能与数据,计算机视觉工程师,Computer Vision Engineer,2511,15-2051.00,中亚/西亚,以色列,IL,country,general,硕士/博士,24-30,global,8.1,7.6,9.0,7.3,8.2,6.1,9.6,9.8,10.0,8.7,6.1,9.5,6.7,4.9,5.2,7.9,5.9,1.4,6.6,9.6,9.2,7.7,4.7,8.4,6.5,6.6,6.2,5.4,1.3,0.8,4.7,6.3,10.0,3.0,4,5,↑↑,2032-2038,7.32,以色列计算机视觉工程师：薪资回报高，人才需求旺盛，远程友好度高,"Israel Computer Vision Engineer: high compensation, strong talent demand, highly remote-friendly",AI综合评估 + O*NET/ILO/OECD锚点校准,2026-04-13,2026-04-13,2000-2026
TECH-0206-SA-general,信息技术与数字化,TECH,人工智能与数据,计算机视觉工程师,Computer Vision Engineer,2511,15-2051.00,中亚/西亚,沙特阿拉伯,SA,country,general,硕士/博士,24-30,global,7.9,7.0,7.2,7.0,7.0,4.3,7.8,7.6,10.0,7.4,6.6,9.2,6.0,5.2,5.0,6.9,5.7,1.8,6.2,8.0,6.2,5.7,5.5,7.0,6.9,1.2,5.6,5.1,0.5,0.5,4.7,6.1,8.0,3.8,4,4,↑↑,2032-2038,6.49,沙特阿拉伯计算机视觉工程师：薪资回报高，人才需求旺盛，近年增长迅猛,"Saudi Arabia Computer Vision Engineer: high compensation, strong talent demand, rapid recent growth",AI综合评估 + O*NET/ILO/OECD锚点校准,2026-04-13,2026-04-13,2000-2026
TECH-0206-TR-general,信息技术与数字化,TECH,人工智能与数据,计算机视觉工程师,Computer Vision Engineer,2511,15-2051.00,中亚/西亚,土耳其,TR,country,general,硕士/博士,24-30,global,7.5,7.2,7.0,6.2,8.0,5.5,7.6,8.0,6.7,5.4,5.1,9.5,5.5,3.7,4.2,7.1,6.3,1.8,6.8,7.2,7.4,6.7,5.2,7.8,6.7,2.4,5.6,5.1,1.1,0.5,5.5,6.9,7.8,3.6,4,4,↑↑,2032-2038,6.28,土耳其计算机视觉工程师：人才需求旺盛，近年增长迅猛,"Turkey Computer Vision Engineer: strong talent demand, rapid recent growth",AI综合评估 + O*NET/ILO/OECD锚点校准,2026-04-13,2026-04-13,2000-2026
TECH-0206-GB-general,信息技术与数字化,TECH,人工智能与数据,计算机视觉工程师,Computer Vision Engineer,2511,15-2051.00,西欧,英国,GB,country,general,硕士/博士,24-30,global,7.9,7.3,8.4,7.4,8.6,6.3,9.2,9.4,10.0,9.4,6.6,9.7,7.5,6.7,5.2,7.1,6.5,0.9,7.0,9.2,9.8,7.4,6.5,8.2,7.3,6.9,6.2,4.8,0.5,0.9,4.9,7.1,10.0,3.2,4,5,↑↑,2032-2038,7.54,英国计算机视觉工程师：薪资回报高，人才需求旺盛，远程友好度高,"United Kingdom Computer Vision Engineer: high compensation, strong talent demand, highly remote-friendly",AI综合评估 + O*NET/ILO/OECD锚点校准,2026-04-13,2026-04-13,2000-2026
TECH-0206-FR-general,信息技术与数字化,TECH,人工智能与数据,计算机视觉工程师,Computer Vision Engineer,2511,15-2051.00,西欧,法国,FR,country,general,硕士/博士,24-30,global,7.5,7.5,9.0,7.7,8.4,5.5,9.0,8.8,10.0,8.2,6.6,9.5,7.2,7.7,6.7,7.5,6.3,1.4,6.5,8.2,8.6,7.2,6.7,8.2,8.3,6.3,6.8,5.3,0.8,1.2,4.3,6.7,10.0,3.2,4,4,↑↑,2032-2038,7.44,法国计算机视觉工程师：薪资回报高，人才需求旺盛，远程友好度高,"France Computer Vision Engineer: high compensation, strong talent demand, highly remote-friendly",AI综合评估 + O*NET/ILO/OECD锚点校准,2026-04-13,2026-04-13,2000-2026
TECH-0206-DE-general,信息技术与数字化,TECH,人工智能与数据,计算机视觉工程师,Computer Vision Engineer,2511,15-2051.00,西欧,德国,DE,country,general,硕士/博士,24-30,global,7.3,7.3,8.2,7.6,8.6,6.9,9.2,9.6,10.0,9.2,8.3,9.7,7.0,7.2,6.7,7.1,6.9,0.8,6.6,8.4,8.9,7.4,6.5,8.0,7.7,6.3,6.6,5.1,0.8,0.6,3.5,6.3,9.4,3.4,4,4,↑↑,2032-2038,7.62,德国计算机视觉工程师：薪资回报高，人才需求旺盛，远程友好度高,"Germany Computer Vision Engineer: high compensation, strong talent demand, highly remote-friendly",AI综合评估 + O*NET/ILO/OECD锚点校准,2026-04-13,2026-04-13,2000-2026
TECH-0206-NL-general,信息技术与数字化,TECH,人工智能与数据,计算机视觉工程师,Computer Vision Engineer,2511,15-2051.00,西欧,荷兰,NL,country,general,硕士/博士,24-30,global,7.5,7.5,8.0,8.0,7.8,4.9,9.2,9.0,10.0,7.9,8.1,9.7,7.5,8.7,6.2,7.1,6.7,1.1,6.5,9.0,10.0,8.4,8.0,8.4,6.7,8.1,6.0,4.8,0.7,0.9,4.3,7.1,9.8,3.6,4,4,↑↑,2032-2038,7.61,荷兰计算机视觉工程师：薪资回报高，人才需求旺盛，远程友好度高,"Netherlands Computer Vision Engineer: high compensation, strong talent demand, highly remote-friendly",AI综合评估 + O*NET/ILO/OECD锚点校准,2026-04-13,2026-04-13,2000-2026
TECH-0206-CH-general,信息技术与数字化,TECH,人工智能与数据,计算机视觉工程师,Computer Vision Engineer,2511,15-2051.00,西欧,瑞士,CH,country,general,硕士/博士,24-30,global,7.9,7.3,7.8,8.2,7.6,4.3,8.6,9.2,10.0,10.0,8.3,9.7,7.5,7.4,6.7,7.9,6.3,1.1,6.5,8.6,7.7,8.4,7.7,8.0,6.9,5.7,6.4,5.4,0.5,1.1,3.5,6.9,9.8,4.2,4,4,↑↑,2032-2038,7.52,瑞士计算机视觉工程师：薪资回报高，人才需求旺盛，就业稳定,"Switzerland Computer Vision Engineer: high compensation, strong talent demand, stable employment",AI综合评估 + O*NET/ILO/OECD锚点校准,2026-04-13,2026-04-13,2000-2026
TECH-0206-SE-general,信息技术与数字化,TECH,人工智能与数据,计算机视觉工程师,Computer Vision Engineer,2511,15-2051.00,北欧,瑞典,SE,country,general,硕士/博士,24-30,global,8.1,8.1,8.2,7.1,7.6,5.1,9.0,9.0,10.0,7.7,7.3,10.0,7.5,8.9,8.0,7.5,5.9,1.2,6.8,8.6,10.0,7.7,8.5,7.6,6.9,9.6,6.6,5.4,1.3,0.5,3.3,6.5,10.0,4.0,4,4,↑↑,2032-2038,7.6,瑞典计算机视觉工程师：薪资回报高，人才需求旺盛，远程友好度高,"Sweden Computer Vision Engineer: high compensation, strong talent demand, highly remote-friendly",AI综合评估 + O*NET/ILO/OECD锚点校准,2026-04-13,2026-04-13,2000-2026
TECH-0206-DK-general,信息技术与数字化,TECH,人工智能与数据,计算机视觉工程师,Computer Vision Engineer,2511,15-2051.00,北欧,丹麦,DK,country,general,硕士/博士,24-30,global,7.8,7.3,7.8,7.7,7.6,4.3,8.8,9.2,9.7,8.2,8.1,10.0,8.0,8.9,7.7,7.1,5.9,0.9,6.5,8.4,10.0,8.7,8.0,8.2,7.3,9.3,6.0,5.0,1.1,0.6,3.9,7.1,10.0,3.6,4,4,↑↑,2032-2038,7.66,丹麦计算机视觉工程师：薪资回报高，人才需求旺盛，远程友好度高,"Denmark Computer Vision Engineer: high compensation, strong talent demand, highly remote-friendly",AI综合评估 + O*NET/ILO/OECD锚点校准,2026-04-13,2026-04-13,2000-2026
TECH-0206-FI-general,信息技术与数字化,TECH,人工智能与数据,计算机视觉工程师,Computer Vision Engineer,2511,15-2051.00,北欧,芬兰,FI,country,general,硕士/博士,24-30,global,7.5,7.6,8.4,7.9,8.0,4.5,8.6,9.8,10.0,8.7,7.1,10.0,8.2,9.2,7.5,6.7,6.5,1.2,6.2,9.0,10.0,7.9,9.0,7.8,6.7,9.3,6.0,5.0,1.3,0.5,3.5,7.5,9.8,3.4,4,4,↑↑,2032-2038,7.71,芬兰计算机视觉工程师：薪资回报高，人才需求旺盛，远程友好度高,"Finland Computer Vision Engineer: high compensation, strong talent demand, highly remote-friendly",AI综合评估 + O*NET/ILO/OECD锚点校准,2026-04-13,2026-04-13,2000-2026
TECH-0206-IT-general,信息技术与数字化,TECH,人工智能与数据,计算机视觉工程师,Computer Vision Engineer,2511,15-2051.00,南欧,意大利,IT,country,general,硕士/博士,24-30,global,7.8,7.8,7.8,7.0,7.8,5.7,8.0,8.2,8.2,6.4,6.6,9.2,6.2,5.2,5.2,6.5,6.3,1.8,6.8,7.8,7.7,6.4,5.7,7.8,6.5,4.2,5.0,5.0,1.0,0.8,4.5,6.7,8.4,3.0,4,4,↑↑,2032-2038,6.66,意大利计算机视觉工程师：薪资回报高，人才需求旺盛，近年增长迅猛,"Italy Computer Vision Engineer: high compensation, strong talent demand, rapid recent growth",AI综合评估 + O*NET/ILO/OECD锚点校准,2026-04-13,2026-04-13,2000-2026
TECH-0206-ES-general,信息技术与数字化,TECH,人工智能与数据,计算机视觉工程师,Computer Vision Engineer,2511,15-2051.00,南欧,西班牙,ES,country,general,硕士/博士,24-30,global,7.3,7.3,7.4,6.4,7.2,4.9,7.8,8.0,7.3,6.9,5.3,9.5,7.0,5.2,5.7,7.3,6.5,1.4,6.5,7.2,8.0,7.7,6.7,7.2,6.9,5.4,5.8,4.8,1.0,0.5,4.9,6.3,9.2,4.0,4,4,↑↑,2032-2038,6.69,西班牙计算机视觉工程师：人才需求旺盛，近年增长迅猛,"Spain Computer Vision Engineer: strong talent demand, rapid recent growth",AI综合评估 + O*NET/ILO/OECD锚点校准,2026-04-13,2026-04-13,2000-2026
TECH-0206-PT-general,信息技术与数字化,TECH,人工智能与数据,计算机视觉工程师,Computer Vision Engineer,2511,15-2051.00,南欧,葡萄牙,PT,country,general,硕士/博士,24-30,global,7.6,7.2,7.2,7.0,6.6,3.7,8.2,7.4,6.7,6.2,6.3,9.7,7.2,5.9,6.0,6.9,5.9,1.4,6.4,7.0,9.8,7.2,6.5,7.6,6.5,6.6,5.8,4.7,1.3,0.3,3.9,7.3,9.6,4.0,4,4,↑↑,2032-2038,6.73,葡萄牙计算机视觉工程师：人才需求旺盛，远程友好度高，近年增长迅猛,"Portugal Computer Vision Engineer: strong talent demand, highly remote-friendly, rapid recent growth",AI综合评估 + O*NET/ILO/OECD锚点校准,2026-04-13,2026-04-13,2000-2026
TECH-0206-PL-general,信息技术与数字化,TECH,人工智能与数据,计算机视觉工程师,Computer Vision Engineer,2511,15-2051.00,东欧,波兰,PL,country,general,硕士/博士,24-30,global,7.6,7.8,8.4,6.8,7.4,4.5,7.8,7.4,8.2,7.2,6.8,9.5,6.7,5.9,5.5,7.5,6.7,1.4,6.8,7.6,8.9,7.7,6.5,7.8,7.7,5.4,5.6,4.5,1.0,0.3,4.7,6.7,10.0,3.8,4,4,↑↑,2032-2038,6.95,波兰计算机视觉工程师：薪资回报高，人才需求旺盛，远程友好度高,"Poland Computer Vision Engineer: high compensation, strong talent demand, highly remote-friendly",AI综合评估 + O*NET/ILO/OECD锚点校准,2026-04-13,2026-04-13,2000-2026
TECH-0206-CZ-general,信息技术与数字化,TECH,人工智能与数据,计算机视觉工程师,Computer Vision Engineer,2511,15-2051.00,东欧,捷克,CZ,country,general,硕士/博士,24-30,global,7.2,7.6,7.6,7.4,7.0,4.7,8.0,7.8,8.5,6.9,7.1,9.7,7.7,7.4,6.2,7.5,5.5,1.7,6.5,7.4,7.7,7.9,6.5,7.8,7.5,5.1,5.8,5.0,0.7,0.3,4.1,6.5,9.8,3.6,4,4,↑↑,2032-2038,6.98,捷克计算机视觉工程师：薪资回报高，人才需求旺盛，近年增长迅猛,"Czech Republic Computer Vision Engineer: high compensation, strong talent demand, rapid recent growth",AI综合评估 + O*NET/ILO/OECD锚点校准,2026-04-13,2026-04-13,2000-2026
TECH-0206-RU-general,信息技术与数字化,TECH,人工智能与数据,计算机视觉工程师,Computer Vision Engineer,2511,15-2051.00,东欧,俄罗斯,RU,country,general,硕士/博士,24-30,global,7.5,7.3,8.4,6.4,7.4,5.1,8.6,8.0,7.3,7.2,4.8,9.5,5.7,5.2,5.2,7.5,5.9,1.4,6.4,8.0,8.0,6.2,4.5,7.0,7.1,4.2,5.2,5.4,0.8,0.2,4.7,6.9,6.4,3.6,4,4,↑↑,2032-2038,6.53,俄罗斯计算机视觉工程师：人才需求旺盛，近年增长迅猛,"Russia Computer Vision Engineer: strong talent demand, rapid recent growth",AI综合评估 + O*NET/ILO/OECD锚点校准,2026-04-13,2026-04-13,2000-2026
TECH-0206-US-general,信息技术与数字化,TECH,人工智能与数据,计算机视觉工程师,Computer Vision Engineer,2511,15-2051.00,北美,美国,US,country,general,硕士/博士,24-30,global,7.6,7.6,9.2,6.7,9.8,7.3,9.6,9.6,10.0,9.7,6.3,9.5,5.7,4.2,4.0,7.7,7.3,0.9,6.8,9.2,10.0,6.7,4.2,8.0,8.1,7.2,6.2,5.3,1.1,0.5,4.5,7.3,9.8,3.4,4,5,↑↑,2032-2038,7.45,美国计算机视觉工程师：薪资回报高，人才需求旺盛，远程友好度高,"United States Computer Vision Engineer: high compensation, strong talent demand, highly remote-friendly",AI综合评估 + O*NET/ILO/OECD锚点校准,2026-04-13,2026-04-13,2000-2026
TECH-0206-CA-general,信息技术与数字化,TECH,人工智能与数据,计算机视觉工程师,Computer Vision Engineer,2511,15-2051.00,北美,加拿大,CA,country,general,硕士/博士,24-30,global,7.8,7.6,8.4,7.9,8.6,6.1,9.0,9.6,10.0,8.7,7.1,10.0,7.0,6.9,6.0,7.7,6.1,1.1,7.0,8.4,10.0,8.7,7.2,7.8,7.7,6.6,5.6,5.0,1.4,1.2,4.1,7.1,10.0,3.2,4,5,↑↑,2032-2038,7.58,加拿大计算机视觉工程师：薪资回报高，人才需求旺盛，远程友好度高,"Canada Computer Vision Engineer: high compensation, strong talent demand, highly remote-friendly",AI综合评估 + O*NET/ILO/OECD锚点校准,2026-04-13,2026-04-13,2000-2026
TECH-0206-MX-general,信息技术与数字化,TECH,人工智能与数据,计算机视觉工程师,Computer Vision Engineer,2511,15-2051.00,北美,墨西哥,MX,country,general,硕士/博士,24-30,global,7.3,7.6,7.0,6.5,8.0,5.5,7.4,7.2,5.8,5.2,5.3,9.7,6.2,3.9,4.2,7.1,6.3,1.7,6.2,6.6,7.7,7.2,5.0,7.2,6.7,3.3,5.6,5.1,1.3,0.5,4.3,5.9,7.4,3.6,4,4,↑↑,2032-2038,6.19,墨西哥计算机视觉工程师：近年增长迅猛,Mexico Computer Vision Engineer: rapid recent growth,AI综合评估 + O*NET/ILO/OECD锚点校准,2026-04-13,2026-04-13,2000-2026
TECH-0206-BR-general,信息技术与数字化,TECH,人工智能与数据,计算机视觉工程师,Computer Vision Engineer,2511,15-2051.00,南美,巴西,BR,country,general,硕士/博士,24-30,global,7.9,7.8,8.0,6.8,8.0,6.1,7.8,7.2,7.6,5.9,4.8,9.5,6.0,3.9,5.2,6.9,5.9,1.5,6.6,7.0,8.6,6.4,6.0,7.6,7.5,4.2,5.0,5.4,1.0,0.9,5.1,6.5,7.8,3.2,4,4,↑↑,2032-2038,6.47,巴西计算机视觉工程师：人才需求旺盛，远程友好度高，近年增长迅猛,"Brazil Computer Vision Engineer: strong talent demand, highly remote-friendly, rapid recent growth",AI综合评估 + O*NET/ILO/OECD锚点校准,2026-04-13,2026-04-13,2000-2026
TECH-0206-AR-general,信息技术与数字化,TECH,人工智能与数据,计算机视觉工程师,Computer Vision Engineer,2511,15-2051.00,南美,阿根廷,AR,country,general,硕士/博士,24-30,global,7.8,7.0,6.8,6.4,6.8,4.3,7.4,8.2,6.7,5.4,4.8,9.5,6.0,5.2,4.5,6.3,5.1,1.7,6.0,7.4,8.9,7.4,5.7,6.8,6.9,4.5,5.4,5.1,0.5,0.5,4.7,6.5,7.4,3.8,4,4,↑↑,2032-2038,6.26,阿根廷计算机视觉工程师：远程友好度高，近年增长迅猛,"Argentina Computer Vision Engineer: highly remote-friendly, rapid recent growth",AI综合评估 + O*NET/ILO/OECD锚点校准,2026-04-13,2026-04-13,2000-2026
TECH-0206-CL-general,信息技术与数字化,TECH,人工智能与数据,计算机视觉工程师,Computer Vision Engineer,2511,15-2051.00,南美,智利,CL,country,general,硕士/博士,24-30,global,7.2,7.9,7.0,6.8,7.0,3.7,7.2,8.4,8.2,6.9,6.3,9.5,6.0,5.4,4.7,7.1,5.5,1.4,6.4,6.6,7.1,7.4,6.0,7.6,6.9,4.2,5.6,4.7,1.1,0.3,4.9,6.9,7.8,4.2,4,4,↑↑,2032-2038,6.51,智利计算机视觉工程师：薪资回报高，近年增长迅猛,"Chile Computer Vision Engineer: high compensation, rapid recent growth",AI综合评估 + O*NET/ILO/OECD锚点校准,2026-04-13,2026-04-13,2000-2026
TECH-0206-CO-general,信息技术与数字化,TECH,人工智能与数据,计算机视觉工程师,Computer Vision Engineer,2511,15-2051.00,南美,哥伦比亚,CO,country,general,硕士/博士,24-30,global,7.6,7.2,7.0,7.0,7.2,3.9,7.6,7.6,5.2,5.7,5.1,9.5,7.0,3.9,5.0,6.5,5.1,1.8,6.2,6.4,8.0,6.4,4.2,7.2,6.5,3.0,4.8,5.1,1.1,0.2,4.3,6.3,7.4,3.4,4,4,↑↑,2032-2038,6.08,哥伦比亚计算机视觉工程师：人才需求旺盛，近年增长迅猛,"Colombia Computer Vision Engineer: strong talent demand, rapid recent growth",AI综合评估 + O*NET/ILO/OECD锚点校准,2026-04-13,2026-04-13,2000-2026
TECH-0206-AU-general,信息技术与数字化,TECH,人工智能与数据,计算机视觉工程师,Computer Vision Engineer,2511,15-2051.00,大洋洲,澳大利亚,AU,country,general,硕士/博士,24-30,global,8.1,7.9,8.8,8.0,7.8,5.7,8.0,9.6,10.0,8.4,6.8,9.5,8.0,6.9,6.7,6.9,6.1,1.2,6.4,8.0,9.2,7.7,7.7,7.8,7.1,7.8,6.2,4.8,1.3,0.3,4.1,6.7,9.6,3.4,4,4,↑↑,2032-2038,7.41,澳大利亚计算机视觉工程师：薪资回报高，人才需求旺盛，远程友好度高,"Australia Computer Vision Engineer: high compensation, strong talent demand, highly remote-friendly",AI综合评估 + O*NET/ILO/OECD锚点校准,2026-04-13,2026-04-13,2000-2026
TECH-0206-NZ-general,信息技术与数字化,TECH,人工智能与数据,计算机视觉工程师,Computer Vision Engineer,2511,15-2051.00,大洋洲,新西兰,NZ,country,general,硕士/博士,24-30,global,7.5,7.6,7.2,7.9,7.6,3.5,7.6,7.2,8.8,8.2,8.1,9.7,8.0,7.4,7.0,7.5,5.9,1.4,6.6,8.4,9.2,7.7,7.2,7.8,7.3,7.2,5.8,5.3,1.1,0.5,4.5,7.1,9.6,4.2,4,4,↑↑,2032-2038,7.21,新西兰计算机视觉工程师：薪资回报高，人才需求旺盛，远程友好度高,"New Zealand Computer Vision Engineer: high compensation, strong talent demand, highly remote-friendly",AI综合评估 + O*NET/ILO/OECD锚点校准,2026-04-13,2026-04-13,2000-2026
TECH-0206-ZA-general,信息技术与数字化,TECH,人工智能与数据,计算机视觉工程师,Computer Vision Engineer,2511,15-2051.00,非洲,南非,ZA,country,general,硕士/博士,24-30,global,7.6,7.6,6.8,7.0,6.6,4.5,7.8,7.8,6.4,5.4,5.1,9.5,6.7,5.2,5.2,6.5,4.9,1.5,6.4,7.2,7.7,6.7,5.5,7.4,6.9,3.9,4.6,4.7,1.4,0.5,5.1,6.1,8.2,4.4,4,4,↑↑,2032-2038,6.24,南非计算机视觉工程师：人才需求旺盛，近年增长迅猛,"South Africa Computer Vision Engineer: strong talent demand, rapid recent growth",AI综合评估 + O*NET/ILO/OECD锚点校准,2026-04-13,2026-04-13,2000-2026
TECH-0206-NG-general,信息技术与数字化,TECH,人工智能与数据,计算机视觉工程师,Computer Vision Engineer,2511,15-2051.00,非洲,尼日利亚,NG,country,general,硕士/博士,24-30,global,7.5,7.0,6.2,6.8,6.4,3.9,6.6,5.8,4.6,4.9,4.1,9.0,5.7,4.7,3.7,6.3,5.9,1.8,6.5,5.6,7.4,6.9,3.7,6.4,6.5,1.5,5.2,4.8,0.7,0.0,5.3,6.1,7.0,3.6,3,3,↑,2032-2038,5.66,尼日利亚计算机视觉工程师：发展平稳,Nigeria Computer Vision Engineer: steady development,AI综合评估 + O*NET/ILO/OECD锚点校准,2026-04-13,2026-04-13,2000-2026
TECH-0206-KE-general,信息技术与数字化,TECH,人工智能与数据,计算机视觉工程师,Computer Vision Engineer,2511,15-2051.00,非洲,肯尼亚,KE,country,general,硕士/博士,24-30,global,6.9,7.8,6.0,6.1,5.6,3.7,7.2,6.4,4.3,3.9,4.3,9.5,6.2,4.4,4.2,6.9,4.9,2.0,6.4,6.4,7.1,6.9,4.7,7.2,6.7,2.4,4.8,4.5,0.8,0.0,5.3,5.7,7.8,4.4,3,3,↑,2032-2038,5.68,肯尼亚计算机视觉工程师：薪资水平偏低,Kenya Computer Vision Engineer: relatively low pay,AI综合评估 + O*NET/ILO/OECD锚点校准,2026-04-13,2026-04-13,2000-2026
TECH-0206-EG-general,信息技术与数字化,TECH,人工智能与数据,计算机视觉工程师,Computer Vision Engineer,2511,15-2051.00,非洲,埃及,EG,country,general,硕士/博士,24-30,global,7.3,7.0,6.2,6.2,7.0,4.5,7.2,5.8,5.5,4.2,4.6,9.0,6.2,3.9,4.0,6.3,5.3,2.1,6.4,6.0,5.6,5.9,5.2,7.4,6.5,2.1,5.4,4.8,1.3,0.3,4.5,5.9,7.0,3.6,3,3,↑,2032-2038,5.72,埃及计算机视觉工程师：发展平稳,Egypt Computer Vision Engineer: steady development,AI综合评估 + O*NET/ILO/OECD锚点校准,2026-04-13,2026-04-13,2000-2026
TECH-0207-CN-general,信息技术与数字化,TECH,人工智能与数据,AI研究科学家,AI Research Scientist,2120,15-2051.00,东亚,中国,CN,country,general,博士,27-35,global,9.0,9.8,9.6,8.3,9.4,5.1,9.6,10.0,10.0,8.6,5.6,9.7,5.7,1.1,2.5,8.4,7.4,0.9,8.1,10.0,5.3,8.1,3.4,9.5,8.3,5.0,4.1,5.3,0.2,0.5,3.5,5.0,8.8,3.9,5,5,↑↑,2035+,7.07,中国AI研究科学家：薪资回报高，人才需求旺盛，AI替代抗性强,"China AI Research Scientist: high compensation, strong talent demand, strong AI resistance",AI综合评估 + O*NET/ILO/OECD锚点校准,2026-04-13,2026-04-13,2000-2026
TECH-0207-JP-general,信息技术与数字化,TECH,人工智能与数据,AI研究科学家,AI Research Scientist,2120,15-2051.00,东亚,日本,JP,country,general,博士,27-35,global,9.3,10.0,9.8,8.7,8.4,4.1,9.4,10.0,10.0,8.4,8.3,10.0,7.2,2.6,2.8,8.2,7.6,0.7,8.3,10.0,7.4,7.9,4.9,9.3,8.1,4.7,4.5,5.6,0.2,1.4,2.7,6.0,9.2,3.5,5,5,↑↑,2035+,7.37,日本AI研究科学家：薪资回报高，人才需求旺盛，AI替代抗性强,"Japan AI Research Scientist: high compensation, strong talent demand, strong AI resistance",AI综合评估 + O*NET/ILO/OECD锚点校准,2026-04-13,2026-04-13,2000-2026
TECH-0207-KR-general,信息技术与数字化,TECH,人工智能与数据,AI研究科学家,AI Research Scientist,2120,15-2051.00,东亚,韩国,KR,country,general,博士,27-35,global,9.6,9.6,10.0,8.4,8.6,4.3,9.4,10.0,10.0,7.4,6.3,9.7,7.0,2.4,2.5,8.2,7.0,0.9,8.0,10.0,7.4,7.6,4.6,9.7,7.9,3.8,5.3,5.9,0.3,0.8,3.1,5.6,9.0,3.7,5,5,↑↑,2035+,7.17,韩国AI研究科学家：薪资回报高，人才需求旺盛，AI替代抗性强,"South Korea AI Research Scientist: high compensation, strong talent demand, strong AI resistance",AI综合评估 + O*NET/ILO/OECD锚点校准,2026-04-13,2026-04-13,2000-2026
TECH-0207-TW-general,信息技术与数字化,TECH,人工智能与数据,AI研究科学家,AI Research Scientist,2120,15-2051.00,东亚,中国台湾地区,TW,region,general,博士,27-35,global,9.0,9.9,8.8,8.6,8.4,3.5,9.8,10.0,9.9,7.6,6.8,9.5,6.7,3.4,3.5,8.0,6.8,0.9,8.1,10.0,7.1,7.6,4.4,8.9,6.7,4.7,4.9,5.8,0.3,1.3,3.9,6.2,10.0,4.3,5,5,↑↑,2035+,7.14,中国台湾地区AI研究科学家：薪资回报高，人才需求旺盛，AI替代抗性强,"Taiwan (China) AI Research Scientist: high compensation, strong talent demand, strong AI resistance",AI综合评估 + O*NET/ILO/OECD锚点校准,2026-04-13,2026-04-13,2000-2026
TECH-0207-HK-general,信息技术与数字化,TECH,人工智能与数据,AI研究科学家,AI Research Scientist,2120,15-2051.00,东亚,中国香港地区,HK,region,general,博士,27-35,global,9.0,10.0,9.0,8.4,7.6,2.9,9.8,9.4,10.0,8.6,7.8,9.5,6.0,2.9,4.0,7.4,6.4,1.2,7.9,9.7,7.1,8.1,4.1,8.9,6.7,5.6,4.7,5.5,0.6,1.3,3.5,5.8,10.0,3.9,5,5,↑↑,2035+,7.1,中国香港地区AI研究科学家：薪资回报高，人才需求旺盛，AI替代抗性强,"Hong Kong (China) AI Research Scientist: high compensation, strong talent demand, strong AI resistance",AI综合评估 + O*NET/ILO/OECD锚点校准,2026-04-13,2026-04-13,2000-2026
TECH-0207-SG-general,信息技术与数字化,TECH,人工智能与数据,AI研究科学家,AI Research Scientist,2120,15-2051.00,东南亚,新加坡,SG,country,general,博士,27-35,global,8.8,9.6,10.0,8.4,7.8,2.9,9.6,10.0,10.0,9.1,8.1,10.0,6.0,3.9,5.0,7.8,6.8,0.7,8.3,10.0,8.0,8.6,5.1,9.1,7.3,6.5,5.5,5.9,0.9,1.1,2.5,6.2,10.0,3.9,5,5,↑↑,2035+,7.54,新加坡AI研究科学家：薪资回报高，人才需求旺盛，AI替代抗性强,"Singapore AI Research Scientist: high compensation, strong talent demand, strong AI resistance",AI综合评估 + O*NET/ILO/OECD锚点校准,2026-04-13,2026-04-13,2000-2026
TECH-0207-TH-general,信息技术与数字化,TECH,人工智能与数据,AI研究科学家,AI Research Scientist,2120,15-2051.00,东南亚,泰国,TH,country,general,博士,27-35,global,9.1,9.5,8.2,8.4,6.6,2.9,8.6,9.0,7.8,4.6,6.1,9.5,6.5,4.9,5.8,7.6,6.2,1.0,7.5,7.5,7.1,7.9,5.1,8.1,7.3,4.7,5.1,5.5,0.3,1.0,3.3,6.2,8.8,3.9,5,5,↑↑,2035+,6.68,泰国AI研究科学家：人才需求旺盛，AI替代抗性强，近年增长迅猛,"Thailand AI Research Scientist: strong talent demand, strong AI resistance, rapid recent growth",AI综合评估 + O*NET/ILO/OECD锚点校准,2026-04-13,2026-04-13,2000-2026
TECH-0207-VN-general,信息技术与数字化,TECH,人工智能与数据,AI研究科学家,AI Research Scientist,2120,15-2051.00,东南亚,越南,VN,country,general,博士,27-35,global,8.5,9.8,8.0,8.1,7.0,2.5,8.8,9.0,8.1,5.6,5.6,9.5,7.0,2.9,4.0,7.4,7.0,1.2,7.7,7.9,7.1,8.4,4.4,9.3,7.3,5.3,4.9,5.2,0.3,1.0,3.5,6.4,8.4,4.5,5,5,↑↑,2035+,6.66,越南AI研究科学家：薪资回报高，人才需求旺盛，AI替代抗性强,"Vietnam AI Research Scientist: high compensation, strong talent demand, strong AI resistance",AI综合评估 + O*NET/ILO/OECD锚点校准,2026-04-13,2026-04-13,2000-2026
TECH-0207-ID-general,信息技术与数字化,TECH,人工智能与数据,AI研究科学家,AI Research Scientist,2120,15-2051.00,东南亚,印度尼西亚,ID,country,general,博士,27-35,global,8.7,9.0,8.0,8.1,7.6,3.7,8.4,9.2,6.3,4.9,5.3,9.5,6.2,4.4,5.0,7.4,6.4,1.2,7.9,8.3,5.9,8.9,5.1,8.5,7.5,4.1,5.1,5.6,0.8,0.7,3.9,6.0,8.6,3.9,5,5,↑↑,2035+,6.62,印度尼西亚AI研究科学家：人才需求旺盛，AI替代抗性强，近年增长迅猛,"Indonesia AI Research Scientist: strong talent demand, strong AI resistance, rapid recent growth",AI综合评估 + O*NET/ILO/OECD锚点校准,2026-04-13,2026-04-13,2000-2026
TECH-0207-MY-general,信息技术与数字化,TECH,人工智能与数据,AI研究科学家,AI Research Scientist,2120,15-2051.00,东南亚,马来西亚,MY,country,general,博士,27-35,global,8.7,9.2,7.6,8.3,6.2,1.7,9.0,9.8,8.1,6.1,6.6,9.5,6.2,4.4,5.3,7.8,5.6,0.7,7.7,8.7,7.1,8.9,4.4,9.1,6.3,4.4,4.7,5.8,0.6,0.5,3.5,5.8,9.4,3.9,5,5,↑↑,2035+,6.83,马来西亚AI研究科学家：薪资回报高，人才需求旺盛，AI替代抗性强,"Malaysia AI Research Scientist: high compensation, strong talent demand, strong AI resistance",AI综合评估 + O*NET/ILO/OECD锚点校准,2026-04-13,2026-04-13,2000-2026
TECH-0207-PH-general,信息技术与数字化,TECH,人工智能与数据,AI研究科学家,AI Research Scientist,2120,15-2051.00,东南亚,菲律宾,PH,country,general,博士,27-35,global,8.8,9.9,7.6,7.8,6.4,3.1,8.8,9.0,7.2,5.6,5.1,9.5,5.7,3.6,3.8,7.8,6.6,1.3,7.9,8.3,7.7,8.4,4.4,9.1,6.9,5.9,4.7,5.2,0.8,0.5,3.3,6.2,9.4,4.1,5,5,↑↑,2035+,6.61,菲律宾AI研究科学家：人才需求旺盛，AI替代抗性强，近年增长迅猛,"Philippines AI Research Scientist: strong talent demand, strong AI resistance, rapid recent growth",AI综合评估 + O*NET/ILO/OECD锚点校准,2026-04-13,2026-04-13,2000-2026
TECH-0207-IN-general,信息技术与数字化,TECH,人工智能与数据,AI研究科学家,AI Research Scientist,2120,15-2051.00,南亚,印度,IN,country,general,博士,27-35,global,8.8,9.3,9.2,7.7,9.4,5.1,9.6,10.0,9.9,7.6,6.6,9.2,6.2,3.6,4.5,7.2,7.6,0.6,7.9,9.1,8.3,8.6,3.4,9.7,7.7,3.5,4.7,5.9,0.6,0.8,4.1,6.4,10.0,3.5,5,5,↑↑,2035+,7.28,印度AI研究科学家：薪资回报高，人才需求旺盛，AI替代抗性强,"India AI Research Scientist: high compensation, strong talent demand, strong AI resistance",AI综合评估 + O*NET/ILO/OECD锚点校准,2026-04-13,2026-04-13,2000-2026
TECH-0207-PK-general,信息技术与数字化,TECH,人工智能与数据,AI研究科学家,AI Research Scientist,2120,15-2051.00,南亚,巴基斯坦,PK,country,general,博士,27-35,global,9.0,9.2,7.4,7.1,7.0,1.9,7.4,7.8,6.6,4.1,5.3,9.0,6.2,3.1,4.8,6.8,6.2,1.8,8.0,7.3,7.7,7.4,4.6,8.1,6.7,1.1,4.1,5.3,0.6,0.8,3.9,5.8,8.2,4.9,4,4,↑↑,2035+,6.08,巴基斯坦AI研究科学家：AI替代抗性强，加班文化严重，近年增长迅猛,"Pakistan AI Research Scientist: strong AI resistance, heavy overtime culture, rapid recent growth",AI综合评估 + O*NET/ILO/OECD锚点校准,2026-04-13,2026-04-13,2000-2026
TECH-0207-BD-general,信息技术与数字化,TECH,人工智能与数据,AI研究科学家,AI Research Scientist,2120,15-2051.00,南亚,孟加拉国,BD,country,general,博士,27-35,global,8.8,9.0,7.6,7.4,6.4,1.3,7.0,8.2,4.8,4.1,4.6,9.5,5.5,4.1,4.8,7.4,5.4,1.3,8.0,6.9,8.3,8.6,3.9,7.9,5.7,1.7,3.9,5.3,0.6,0.4,4.3,5.4,8.6,5.1,4,4,↑↑,2035+,6.02,孟加拉国AI研究科学家：AI替代抗性强，近年增长迅猛,"Bangladesh AI Research Scientist: strong AI resistance, rapid recent growth",AI综合评估 + O*NET/ILO/OECD锚点校准,2026-04-13,2026-04-13,2000-2026
TECH-0207-AE-general,信息技术与数字化,TECH,人工智能与数据,AI研究科学家,AI Research Scientist,2120,15-2051.00,中亚/西亚,阿联酋,AE,country,general,博士,27-35,global,8.8,9.8,9.2,8.1,7.6,2.7,9.2,10.0,10.0,7.9,7.1,9.7,7.5,4.4,5.0,8.0,6.8,0.6,8.4,10.0,8.0,7.4,4.6,9.7,7.1,4.4,5.1,5.3,0.5,0.8,3.1,6.2,10.0,3.5,5,5,↑↑,2035+,7.34,阿联酋AI研究科学家：薪资回报高，人才需求旺盛，AI替代抗性强,"United Arab Emirates AI Research Scientist: high compensation, strong talent demand, strong AI resistance",AI综合评估 + O*NET/ILO/OECD锚点校准,2026-04-13,2026-04-13,2000-2026
TECH-0207-IL-general,信息技术与数字化,TECH,人工智能与数据,AI研究科学家,AI Research Scientist,2120,15-2051.00,中亚/西亚,以色列,IL,country,general,博士,27-35,global,9.1,10.0,9.8,8.4,8.6,3.5,10.0,10.0,10.0,9.9,6.3,9.5,7.5,4.4,5.0,7.6,6.6,0.6,8.1,10.0,10.0,8.9,5.1,10.0,7.5,6.8,5.3,5.6,0.9,0.7,3.7,6.0,10.0,4.1,5,5,↑↑,2035+,7.61,以色列AI研究科学家：薪资回报高，人才需求旺盛，AI替代抗性强,"Israel AI Research Scientist: high compensation, strong talent demand, strong AI resistance",AI综合评估 + O*NET/ILO/OECD锚点校准,2026-04-13,2026-04-13,2000-2026
TECH-0207-SA-general,信息技术与数字化,TECH,人工智能与数据,AI研究科学家,AI Research Scientist,2120,15-2051.00,中亚/西亚,沙特阿拉伯,SA,country,general,博士,27-35,global,9.1,9.8,7.6,8.1,7.0,2.5,8.8,9.2,10.0,7.4,7.1,9.7,6.2,3.6,5.3,6.8,6.4,1.2,8.3,8.9,5.3,7.1,4.4,8.9,6.1,3.2,5.3,5.8,0.0,1.3,3.5,6.2,9.0,3.9,5,5,↑↑,2035+,6.81,沙特阿拉伯AI研究科学家：薪资回报高，人才需求旺盛，AI替代抗性强,"Saudi Arabia AI Research Scientist: high compensation, strong talent demand, strong AI resistance",AI综合评估 + O*NET/ILO/OECD锚点校准,2026-04-13,2026-04-13,2000-2026
TECH-0207-TR-general,信息技术与数字化,TECH,人工智能与数据,AI研究科学家,AI Research Scientist,2120,15-2051.00,中亚/西亚,土耳其,TR,country,general,博士,27-35,global,9.1,9.9,8.8,7.8,8.0,3.1,8.6,9.8,7.2,6.4,5.3,9.2,7.2,3.6,4.3,7.4,6.6,1.2,8.1,8.3,7.1,8.1,4.9,9.1,6.5,2.9,4.5,5.5,0.6,0.5,4.1,5.2,8.8,4.5,5,5,↑↑,2035+,6.67,土耳其AI研究科学家：人才需求旺盛，AI替代抗性强，近年增长迅猛,"Turkey AI Research Scientist: strong talent demand, strong AI resistance, rapid recent growth",AI综合评估 + O*NET/ILO/OECD锚点校准,2026-04-13,2026-04-13,2000-2026
TECH-0207-GB-general,信息技术与数字化,TECH,人工智能与数据,AI研究科学家,AI Research Scientist,2120,15-2051.00,西欧,英国,GB,country,general,博士,27-35,global,9.0,9.9,9.8,8.3,9.0,4.3,10.0,10.0,10.0,8.9,6.8,9.5,6.7,5.4,5.8,7.4,7.2,0.9,8.3,10.0,10.0,9.1,6.9,9.3,7.9,7.1,5.9,5.8,0.6,1.0,3.7,6.6,10.0,3.3,5,5,↑↑,2035+,7.75,英国AI研究科学家：薪资回报高，人才需求旺盛，AI替代抗性强,"United Kingdom AI Research Scientist: high compensation, strong talent demand, strong AI resistance",AI综合评估 + O*NET/ILO/OECD锚点校准,2026-04-13,2026-04-13,2000-2026
TECH-0207-FR-general,信息技术与数字化,TECH,人工智能与数据,AI研究科学家,AI Research Scientist,2120,15-2051.00,西欧,法国,FR,country,general,博士,27-35,global,9.4,9.8,9.2,8.6,8.2,4.5,9.8,10.0,10.0,7.9,7.8,9.7,7.5,6.4,6.5,7.4,7.4,0.9,8.0,9.7,8.0,9.6,6.9,9.7,7.7,6.8,5.7,5.5,0.3,1.4,3.5,5.8,10.0,3.3,5,5,↑↑,2035+,7.68,法国AI研究科学家：薪资回报高，人才需求旺盛，AI替代抗性强,"France AI Research Scientist: high compensation, strong talent demand, strong AI resistance",AI综合评估 + O*NET/ILO/OECD锚点校准,2026-04-13,2026-04-13,2000-2026
TECH-0207-DE-general,信息技术与数字化,TECH,人工智能与数据,AI研究科学家,AI Research Scientist,2120,15-2051.00,西欧,德国,DE,country,general,博士,27-35,global,9.1,9.8,10.0,8.3,8.2,4.3,9.8,10.0,10.0,8.9,7.8,10.0,8.0,7.6,7.0,8.2,7.6,0.3,8.3,10.0,7.7,9.4,7.9,8.7,7.7,6.2,5.5,5.5,0.5,1.6,2.7,6.6,10.0,4.1,5,5,↑↑,2035+,7.89,德国AI研究科学家：薪资回报高，人才需求旺盛，AI替代抗性强,"Germany AI Research Scientist: high compensation, strong talent demand, strong AI resistance",AI综合评估 + O*NET/ILO/OECD锚点校准,2026-04-13,2026-04-13,2000-2026
TECH-0207-NL-general,信息技术与数字化,TECH,人工智能与数据,AI研究科学家,AI Research Scientist,2120,15-2051.00,西欧,荷兰,NL,country,general,博士,27-35,global,9.4,9.9,9.8,8.3,8.6,3.5,9.8,10.0,10.0,8.9,8.1,9.7,8.0,8.4,7.3,7.8,6.4,0.4,8.3,9.9,10.0,9.4,8.4,8.9,7.1,9.2,5.7,5.6,0.2,1.6,2.9,6.6,10.0,3.9,5,5,↑↑,2035+,8.0,荷兰AI研究科学家：薪资回报高，人才需求旺盛，AI替代抗性强,"Netherlands AI Research Scientist: high compensation, strong talent demand, strong AI resistance",AI综合评估 + O*NET/ILO/OECD锚点校准,2026-04-13,2026-04-13,2000-2026
TECH-0207-CH-general,信息技术与数字化,TECH,人工智能与数据,AI研究科学家,AI Research Scientist,2120,15-2051.00,西欧,瑞士,CH,country,general,博士,27-35,global,9.0,9.5,9.8,9.0,8.2,2.9,9.6,10.0,10.0,9.1,9.1,9.7,9.0,6.1,5.8,7.6,7.0,0.4,7.7,10.0,8.3,9.9,8.1,9.1,7.1,6.5,6.3,5.2,0.6,1.4,2.9,5.8,10.0,3.5,5,5,↑↑,2035+,7.84,瑞士AI研究科学家：薪资回报高，人才需求旺盛，AI替代抗性强,"Switzerland AI Research Scientist: high compensation, strong talent demand, strong AI resistance",AI综合评估 + O*NET/ILO/OECD锚点校准,2026-04-13,2026-04-13,2000-2026
TECH-0207-SE-general,信息技术与数字化,TECH,人工智能与数据,AI研究科学家,AI Research Scientist,2120,15-2051.00,北欧,瑞典,SE,country,general,博士,27-35,global,9.4,9.5,9.2,8.4,7.6,2.5,10.0,10.0,10.0,8.9,8.6,9.7,9.2,8.6,7.0,8.0,7.0,0.7,7.7,9.9,10.0,9.4,8.6,9.7,7.1,8.9,5.9,5.8,0.6,1.7,2.7,6.4,10.0,4.5,5,5,↑↑,2035+,7.97,瑞典AI研究科学家：薪资回报高，人才需求旺盛，AI替代抗性强,"Sweden AI Research Scientist: high compensation, strong talent demand, strong AI resistance",AI综合评估 + O*NET/ILO/OECD锚点校准,2026-04-13,2026-04-13,2000-2026
TECH-0207-DK-general,信息技术与数字化,TECH,人工智能与数据,AI研究科学家,AI Research Scientist,2120,15-2051.00,北欧,丹麦,DK,country,general,博士,27-35,global,9.0,9.3,8.4,8.6,7.4,2.3,9.8,10.0,10.0,7.9,8.6,9.7,9.2,8.9,7.8,8.0,5.8,0.6,8.5,10.0,10.0,9.4,8.4,9.5,6.7,8.3,6.3,5.2,0.6,1.1,3.5,6.8,10.0,4.7,5,5,↑↑,2035+,7.92,丹麦AI研究科学家：薪资回报高，人才需求旺盛，AI替代抗性强,"Denmark AI Research Scientist: high compensation, strong talent demand, strong AI resistance",AI综合评估 + O*NET/ILO/OECD锚点校准,2026-04-13,2026-04-13,2000-2026
TECH-0207-FI-general,信息技术与数字化,TECH,人工智能与数据,AI研究科学家,AI Research Scientist,2120,15-2051.00,北欧,芬兰,FI,country,general,博士,27-35,global,8.8,9.6,8.6,9.0,7.8,2.1,10.0,10.0,10.0,8.1,8.8,9.5,8.0,8.1,7.5,8.0,6.0,0.4,8.5,10.0,10.0,9.6,8.6,9.5,7.5,9.5,5.7,5.5,0.8,1.6,2.7,6.2,10.0,3.7,5,5,↑↑,2035+,7.98,芬兰AI研究科学家：薪资回报高，人才需求旺盛，AI替代抗性强,"Finland AI Research Scientist: high compensation, strong talent demand, strong AI resistance",AI综合评估 + O*NET/ILO/OECD锚点校准,2026-04-13,2026-04-13,2000-2026
TECH-0207-IT-general,信息技术与数字化,TECH,人工智能与数据,AI研究科学家,AI Research Scientist,2120,15-2051.00,南欧,意大利,IT,country,general,博士,27-35,global,8.7,9.8,9.0,8.0,8.0,3.5,9.2,9.8,9.0,6.6,6.6,9.5,7.2,5.1,5.8,7.0,6.6,0.9,8.1,8.3,6.8,7.6,6.4,9.1,7.3,3.5,5.7,5.3,0.3,1.4,3.1,5.6,9.8,3.7,5,5,↑↑,2035+,7.11,意大利AI研究科学家：薪资回报高，人才需求旺盛，AI替代抗性强,"Italy AI Research Scientist: high compensation, strong talent demand, strong AI resistance",AI综合评估 + O*NET/ILO/OECD锚点校准,2026-04-13,2026-04-13,2000-2026
TECH-0207-ES-general,信息技术与数字化,TECH,人工智能与数据,AI研究科学家,AI Research Scientist,2120,15-2051.00,南欧,西班牙,ES,country,general,博士,27-35,global,9.1,9.6,8.6,7.7,7.8,2.5,8.8,9.4,9.0,6.6,5.6,9.2,7.5,5.4,5.0,7.8,6.2,0.9,8.0,8.5,8.3,9.1,6.4,9.1,7.3,5.9,4.9,5.8,0.2,1.3,4.3,6.0,10.0,3.7,5,5,↑↑,2035+,7.1,西班牙AI研究科学家：薪资回报高，人才需求旺盛，AI替代抗性强,"Spain AI Research Scientist: high compensation, strong talent demand, strong AI resistance",AI综合评估 + O*NET/ILO/OECD锚点校准,2026-04-13,2026-04-13,2000-2026
TECH-0207-PT-general,信息技术与数字化,TECH,人工智能与数据,AI研究科学家,AI Research Scientist,2120,15-2051.00,南欧,葡萄牙,PT,country,general,博士,27-35,global,9.1,9.0,7.8,8.1,6.4,1.5,8.6,9.0,8.7,6.4,6.6,9.5,7.0,5.9,4.8,7.2,6.0,0.9,8.0,8.5,9.2,8.1,7.1,8.7,7.3,7.1,4.7,5.2,0.6,1.1,3.3,6.2,9.8,4.7,5,5,↑↑,2035+,7.03,葡萄牙AI研究科学家：薪资回报高，人才需求旺盛，AI替代抗性强,"Portugal AI Research Scientist: high compensation, strong talent demand, strong AI resistance",AI综合评估 + O*NET/ILO/OECD锚点校准,2026-04-13,2026-04-13,2000-2026
TECH-0207-PL-general,信息技术与数字化,TECH,人工智能与数据,AI研究科学家,AI Research Scientist,2120,15-2051.00,东欧,波兰,PL,country,general,博士,27-35,global,9.4,9.5,8.6,8.7,8.0,3.3,9.8,10.0,9.9,6.6,7.8,9.5,7.0,5.4,6.0,7.0,6.2,1.0,7.6,9.1,8.3,8.4,5.9,9.7,6.9,4.7,5.5,5.3,0.0,1.0,2.9,6.2,10.0,4.3,5,5,↑↑,2035+,7.32,波兰AI研究科学家：薪资回报高，人才需求旺盛，AI替代抗性强,"Poland AI Research Scientist: high compensation, strong talent demand, strong AI resistance",AI综合评估 + O*NET/ILO/OECD锚点校准,2026-04-13,2026-04-13,2000-2026
TECH-0207-CZ-general,信息技术与数字化,TECH,人工智能与数据,AI研究科学家,AI Research Scientist,2120,15-2051.00,东欧,捷克,CZ,country,general,博士,27-35,global,9.1,9.9,8.2,8.9,7.4,1.9,8.8,9.0,10.0,7.9,7.3,9.5,7.7,5.9,5.5,8.0,6.2,0.7,8.1,9.1,8.6,8.9,6.9,8.7,6.9,6.2,5.7,5.6,0.8,1.3,3.7,5.6,10.0,4.5,5,5,↑↑,2035+,7.32,捷克AI研究科学家：薪资回报高，人才需求旺盛，AI替代抗性强,"Czech Republic AI Research Scientist: high compensation, strong talent demand, strong AI resistance",AI综合评估 + O*NET/ILO/OECD锚点校准,2026-04-13,2026-04-13,2000-2026
TECH-0207-RU-general,信息技术与数字化,TECH,人工智能与数据,AI研究科学家,AI Research Scientist,2120,15-2051.00,东欧,俄罗斯,RU,country,general,博士,27-35,global,8.7,9.6,8.4,7.5,8.0,2.9,9.2,10.0,8.7,6.9,5.1,9.2,6.7,4.9,5.5,8.0,6.8,0.7,8.3,9.3,8.0,8.6,4.4,8.5,6.1,5.0,4.3,5.9,0.3,0.4,3.7,6.6,7.6,3.9,5,5,↑↑,2035+,7.0,俄罗斯AI研究科学家：薪资回报高，人才需求旺盛，AI替代抗性强,"Russia AI Research Scientist: high compensation, strong talent demand, strong AI resistance",AI综合评估 + O*NET/ILO/OECD锚点校准,2026-04-13,2026-04-13,2000-2026
TECH-0207-US-general,信息技术与数字化,TECH,人工智能与数据,AI研究科学家,AI Research Scientist,2120,15-2051.00,北美,美国,US,country,general,博士,27-35,global,9.6,9.5,10.0,7.7,10.0,5.9,10.0,10.0,10.0,10.0,6.3,9.5,6.2,2.6,4.8,8.6,8.4,0.7,8.5,10.0,10.0,8.9,5.4,10.0,8.3,7.4,5.7,5.5,0.6,1.1,3.7,7.4,10.0,3.9,5,5,↑↑,2035+,7.77,美国AI研究科学家：薪资回报高，人才需求旺盛，AI替代抗性强,"United States AI Research Scientist: high compensation, strong talent demand, strong AI resistance",AI综合评估 + O*NET/ILO/OECD锚点校准,2026-04-13,2026-04-13,2000-2026
TECH-0207-CA-general,信息技术与数字化,TECH,人工智能与数据,AI研究科学家,AI Research Scientist,2120,15-2051.00,北美,加拿大,CA,country,general,博士,27-35,global,9.1,10.0,9.2,8.4,8.6,4.3,10.0,10.0,10.0,8.1,7.6,10.0,8.0,6.4,5.8,7.6,6.6,0.9,8.1,10.0,10.0,8.6,7.4,9.5,7.9,7.4,5.3,5.2,0.5,1.1,2.7,6.8,10.0,3.3,5,5,↑↑,2035+,7.77,加拿大AI研究科学家：薪资回报高，人才需求旺盛，AI替代抗性强,"Canada AI Research Scientist: high compensation, strong talent demand, strong AI resistance",AI综合评估 + O*NET/ILO/OECD锚点校准,2026-04-13,2026-04-13,2000-2026
TECH-0207-MX-general,信息技术与数字化,TECH,人工智能与数据,AI研究科学家,AI Research Scientist,2120,15-2051.00,北美,墨西哥,MX,country,general,博士,27-35,global,8.8,9.8,8.8,7.2,7.4,3.3,8.2,9.8,7.2,6.1,6.1,9.5,6.5,3.6,4.8,7.6,6.8,0.9,8.1,8.9,7.1,8.1,4.9,8.1,6.3,2.9,4.7,5.3,0.9,1.3,4.3,5.6,8.8,4.1,5,5,↑↑,2035+,6.67,墨西哥AI研究科学家：人才需求旺盛，AI替代抗性强，近年增长迅猛,"Mexico AI Research Scientist: strong talent demand, strong AI resistance, rapid recent growth",AI综合评估 + O*NET/ILO/OECD锚点校准,2026-04-13,2026-04-13,2000-2026
TECH-0207-BR-general,信息技术与数字化,TECH,人工智能与数据,AI研究科学家,AI Research Scientist,2120,15-2051.00,南美,巴西,BR,country,general,博士,27-35,global,9.0,9.5,8.6,7.7,8.2,4.3,8.8,9.0,8.1,6.4,5.1,9.2,6.7,4.1,5.5,7.2,6.4,1.2,8.0,8.3,7.4,9.1,4.9,9.3,7.5,4.4,5.1,5.9,0.3,1.4,3.3,5.8,8.4,4.3,5,5,↑↑,2035+,6.86,巴西AI研究科学家：薪资回报高，人才需求旺盛，AI替代抗性强,"Brazil AI Research Scientist: high compensation, strong talent demand, strong AI resistance",AI综合评估 + O*NET/ILO/OECD锚点校准,2026-04-13,2026-04-13,2000-2026
TECH-0207-AR-general,信息技术与数字化,TECH,人工智能与数据,AI研究科学家,AI Research Scientist,2120,15-2051.00,南美,阿根廷,AR,country,general,博士,27-35,global,8.8,9.6,8.0,7.1,7.2,1.9,9.0,9.2,7.2,6.1,4.8,9.0,7.0,3.6,4.3,7.6,5.6,0.9,7.5,8.7,8.3,8.1,4.9,8.7,6.3,4.7,4.7,5.2,0.6,0.7,3.5,5.8,9.4,3.7,5,5,↑↑,2035+,6.61,阿根廷AI研究科学家：人才需求旺盛，AI替代抗性强，近年增长迅猛,"Argentina AI Research Scientist: strong talent demand, strong AI resistance, rapid recent growth",AI综合评估 + O*NET/ILO/OECD锚点校准,2026-04-13,2026-04-13,2000-2026
TECH-0207-CL-general,信息技术与数字化,TECH,人工智能与数据,AI研究科学家,AI Research Scientist,2120,15-2051.00,南美,智利,CL,country,general,博士,27-35,global,9.1,9.5,8.0,8.4,6.0,1.7,8.8,9.0,8.7,6.6,5.8,9.7,7.2,4.1,5.5,7.0,6.2,1.0,7.6,8.3,7.1,8.9,5.4,8.3,6.1,5.0,4.5,5.6,0.2,0.8,4.1,5.8,9.2,4.5,5,5,↑↑,2035+,6.75,智利AI研究科学家：薪资回报高，人才需求旺盛，AI替代抗性强,"Chile AI Research Scientist: high compensation, strong talent demand, strong AI resistance",AI综合评估 + O*NET/ILO/OECD锚点校准,2026-04-13,2026-04-13,2000-2026
TECH-0207-CO-general,信息技术与数字化,TECH,人工智能与数据,AI研究科学家,AI Research Scientist,2120,15-2051.00,南美,哥伦比亚,CO,country,general,博士,27-35,global,9.1,9.6,7.8,7.4,7.2,2.3,8.4,9.4,6.6,5.4,6.3,9.5,7.0,4.6,5.3,7.6,6.4,0.9,7.9,8.1,7.1,8.9,5.4,8.3,6.7,4.4,4.1,5.2,0.3,1.1,3.3,5.4,8.8,4.7,5,5,↑↑,2035+,6.64,哥伦比亚AI研究科学家：人才需求旺盛，AI替代抗性强，近年增长迅猛,"Colombia AI Research Scientist: strong talent demand, strong AI resistance, rapid recent growth",AI综合评估 + O*NET/ILO/OECD锚点校准,2026-04-13,2026-04-13,2000-2026
TECH-0207-AU-general,信息技术与数字化,TECH,人工智能与数据,AI研究科学家,AI Research Scientist,2120,15-2051.00,大洋洲,澳大利亚,AU,country,general,博士,27-35,global,9.1,10.0,9.4,8.9,8.6,3.3,9.6,10.0,10.0,8.6,7.6,9.5,7.7,6.4,5.8,8.2,7.4,0.4,8.5,9.5,8.6,9.9,7.4,9.1,7.1,6.8,5.7,5.8,0.6,1.6,2.5,6.8,9.8,4.1,5,5,↑↑,2035+,7.79,澳大利亚AI研究科学家：薪资回报高，人才需求旺盛，AI替代抗性强,"Australia AI Research Scientist: high compensation, strong talent demand, strong AI resistance",AI综合评估 + O*NET/ILO/OECD锚点校准,2026-04-13,2026-04-13,2000-2026
TECH-0207-NZ-general,信息技术与数字化,TECH,人工智能与数据,AI研究科学家,AI Research Scientist,2120,15-2051.00,大洋洲,新西兰,NZ,country,general,博士,27-35,global,9.4,9.5,8.8,8.4,7.6,2.1,9.2,9.8,10.0,7.1,7.8,10.0,8.7,7.4,7.3,7.2,6.8,0.9,8.3,9.3,9.8,9.4,7.4,9.1,6.5,8.3,6.1,5.3,0.5,1.6,3.7,6.4,10.0,4.7,5,5,↑↑,2035+,7.64,新西兰AI研究科学家：薪资回报高，人才需求旺盛，AI替代抗性强,"New Zealand AI Research Scientist: high compensation, strong talent demand, strong AI resistance",AI综合评估 + O*NET/ILO/OECD锚点校准,2026-04-13,2026-04-13,2000-2026
TECH-0207-ZA-general,信息技术与数字化,TECH,人工智能与数据,AI研究科学家,AI Research Scientist,2120,15-2051.00,非洲,南非,ZA,country,general,博士,27-35,global,8.8,9.9,7.8,7.5,7.2,2.1,7.8,9.8,8.4,5.1,6.1,9.2,7.0,4.9,4.8,6.6,6.4,1.2,8.1,7.5,7.4,8.6,4.4,9.1,6.9,4.1,4.7,5.6,0.3,1.3,3.3,6.2,9.0,4.3,5,5,↑↑,2035+,6.67,南非AI研究科学家：薪资回报高，人才需求旺盛，AI替代抗性强,"South Africa AI Research Scientist: high compensation, strong talent demand, strong AI resistance",AI综合评估 + O*NET/ILO/OECD锚点校准,2026-04-13,2026-04-13,2000-2026
TECH-0207-NG-general,信息技术与数字化,TECH,人工智能与数据,AI研究科学家,AI Research Scientist,2120,15-2051.00,非洲,尼日利亚,NG,country,general,博士,27-35,global,9.0,9.0,7.2,7.4,6.8,2.7,8.2,7.6,6.9,5.4,4.6,9.5,6.0,3.1,4.3,6.8,6.0,1.3,7.9,7.7,6.5,7.6,4.6,8.7,6.1,2.0,3.9,5.0,0.3,1.0,3.5,6.2,8.4,4.7,4,4,↑↑,2035+,6.19,尼日利亚AI研究科学家：人才需求旺盛，AI替代抗性强，加班文化严重,"Nigeria AI Research Scientist: strong talent demand, strong AI resistance, heavy overtime culture",AI综合评估 + O*NET/ILO/OECD锚点校准,2026-04-13,2026-04-13,2000-2026
TECH-0207-KE-general,信息技术与数字化,TECH,人工智能与数据,AI研究科学家,AI Research Scientist,2120,15-2051.00,非洲,肯尼亚,KE,country,general,博士,27-35,global,9.0,8.9,6.8,7.7,6.0,0.9,7.4,7.4,5.1,5.4,5.6,9.2,5.7,4.4,4.0,7.0,6.0,1.3,8.1,7.3,6.5,7.6,4.6,8.5,5.5,3.2,3.9,5.5,0.8,0.7,3.7,6.0,8.6,4.9,4,4,↑↑,2035+,6.07,肯尼亚AI研究科学家：AI替代抗性强，近年增长迅猛,"Kenya AI Research Scientist: strong AI resistance, rapid recent growth",AI综合评估 + O*NET/ILO/OECD锚点校准,2026-04-13,2026-04-13,2000-2026
TECH-0207-EG-general,信息技术与数字化,TECH,人工智能与数据,AI研究科学家,AI Research Scientist,2120,15-2051.00,非洲,埃及,EG,country,general,博士,27-35,global,9.3,9.6,8.2,7.8,6.2,2.5,7.6,7.8,5.4,4.6,4.8,9.5,6.2,3.9,4.5,7.2,6.6,1.5,7.5,7.9,7.1,7.9,3.9,8.7,6.7,2.6,4.9,5.5,0.3,1.1,4.3,5.8,9.2,4.3,4,4,↑↑,2035+,6.18,埃及AI研究科学家：人才需求旺盛，AI替代抗性强，近年增长迅猛,"Egypt AI Research Scientist: strong talent demand, strong AI resistance, rapid recent growth",AI综合评估 + O*NET/ILO/OECD锚点校准,2026-04-13,2026-04-13,2000-2026
TECH-0208-CN-general,信息技术与数字化,TECH,人工智能与数据,大数据架构师,Big Data Architect,2523,15-1243.00,东亚,中国,CN,country,general,本科/硕士,27-35,global,7.3,6.9,8.9,7.3,9.1,6.8,8.1,8.6,10.0,9.0,6.1,9.7,4.7,2.0,2.8,7.1,7.4,0.4,6.3,8.4,6.6,6.7,4.2,7.4,7.4,4.1,6.8,6.3,0.7,0.8,4.6,6.3,7.2,3.1,4,3,↑,2032-2038,6.9,中国大数据架构师：薪资回报高，人才需求旺盛，加班文化严重,"China Big Data Architect: high compensation, strong talent demand, heavy overtime culture",AI综合评估 + O*NET/ILO/OECD锚点校准,2026-04-13,2026-04-13,2000-2026
TECH-0208-JP-general,信息技术与数字化,TECH,人工智能与数据,大数据架构师,Big Data Architect,2523,15-1243.00,东亚,日本,JP,country,general,本科/硕士,27-35,global,7.6,6.6,8.7,7.9,8.7,6.4,8.3,8.8,10.0,9.0,7.8,9.7,6.5,2.5,3.3,6.7,6.6,0.6,5.9,8.6,7.8,7.9,5.7,8.4,7.2,4.4,6.8,6.5,0.7,0.3,4.0,6.5,6.6,3.3,4,2,↑,2028-2033,7.14,日本大数据架构师：薪资回报高，人才需求旺盛，加班文化严重,"Japan Big Data Architect: high compensation, strong talent demand, heavy overtime culture",AI综合评估 + O*NET/ILO/OECD锚点校准,2026-04-13,2026-04-13,2000-2026
TECH-0208-KR-general,信息技术与数字化,TECH,人工智能与数据,大数据架构师,Big Data Architect,2523,15-1243.00,东亚,韩国,KR,country,general,本科/硕士,27-35,global,7.0,6.8,8.9,7.2,7.7,5.4,8.3,9.2,8.8,9.3,7.3,9.7,5.2,1.5,3.6,7.5,6.6,0.7,6.4,8.2,6.9,6.7,4.2,7.6,6.4,3.8,7.0,6.3,0.6,0.5,4.0,6.9,8.2,2.3,4,2,↑,2032-2038,6.93,韩国大数据架构师：薪资回报高，人才需求旺盛，加班文化严重,"South Korea Big Data Architect: high compensation, strong talent demand, heavy overtime culture",AI综合评估 + O*NET/ILO/OECD锚点校准,2026-04-13,2026-04-13,2000-2026
TECH-0208-TW-general,信息技术与数字化,TECH,人工智能与数据,大数据架构师,Big Data Architect,2523,15-1243.00,东亚,中国台湾地区,TW,region,general,本科/硕士,27-35,global,7.3,7.1,8.5,7.5,7.9,4.6,8.9,8.8,9.1,8.0,6.6,9.5,6.0,2.8,3.6,7.7,6.6,0.6,6.4,8.4,5.7,7.2,4.2,8.4,7.0,5.0,7.4,5.9,1.0,0.9,3.6,6.5,8.2,2.7,4,2,↑,2032-2038,6.93,中国台湾地区大数据架构师：薪资回报高，人才需求旺盛，加班文化严重,"Taiwan (China) Big Data Architect: high compensation, strong talent demand, heavy overtime culture",AI综合评估 + O*NET/ILO/OECD锚点校准,2026-04-13,2026-04-13,2000-2026
TECH-0208-HK-general,信息技术与数字化,TECH,人工智能与数据,大数据架构师,Big Data Architect,2523,15-1243.00,东亚,中国香港地区,HK,region,general,本科/硕士,27-35,global,6.8,6.5,7.1,7.9,6.7,3.8,8.1,6.8,10.0,8.0,7.1,9.7,5.5,2.5,3.6,7.7,6.2,1.0,5.7,8.4,6.9,7.7,4.0,7.8,6.0,6.5,7.2,5.6,0.9,0.6,4.2,6.1,9.8,3.7,4,2,↑,2028-2033,6.77,中国香港地区大数据架构师：薪资回报高，人才需求旺盛，加班文化严重,"Hong Kong (China) Big Data Architect: high compensation, strong talent demand, heavy overtime culture",AI综合评估 + O*NET/ILO/OECD锚点校准,2026-04-13,2026-04-13,2000-2026
TECH-0208-SG-general,信息技术与数字化,TECH,人工智能与数据,大数据架构师,Big Data Architect,2523,15-1243.00,东南亚,新加坡,SG,country,general,本科/硕士,27-35,global,7.4,6.6,8.5,7.9,7.9,4.6,8.7,8.8,10.0,9.5,9.1,9.7,6.7,3.8,3.8,7.5,7.4,0.7,5.9,9.4,8.4,7.9,5.0,7.8,6.8,6.8,6.8,5.7,0.7,1.2,3.8,6.9,10.0,2.5,4,3,↑,2028-2033,7.4,新加坡大数据架构师：薪资回报高，人才需求旺盛，就业稳定,"Singapore Big Data Architect: high compensation, strong talent demand, stable employment",AI综合评估 + O*NET/ILO/OECD锚点校准,2026-04-13,2026-04-13,2000-2026
TECH-0208-TH-general,信息技术与数字化,TECH,人工智能与数据,大数据架构师,Big Data Architect,2523,15-1243.00,东南亚,泰国,TH,country,general,本科/硕士,27-35,global,7.1,6.6,6.9,7.3,6.3,3.6,6.7,7.4,5.5,6.3,6.8,9.5,5.5,4.5,5.1,6.3,6.4,1.0,5.9,6.2,7.2,6.9,4.7,7.8,6.8,5.0,7.0,5.6,1.3,0.0,4.0,6.7,7.2,2.9,4,2,↑,2028-2033,6.34,泰国大数据架构师：发展平稳,Thailand Big Data Architect: steady development,AI综合评估 + O*NET/ILO/OECD锚点校准,2026-04-13,2026-04-13,2000-2026
TECH-0208-VN-general,信息技术与数字化,TECH,人工智能与数据,大数据架构师,Big Data Architect,2523,15-1243.00,东南亚,越南,VN,country,general,本科/硕士,27-35,global,7.0,6.2,6.9,7.6,7.1,4.6,6.9,7.8,6.4,6.8,6.8,9.5,5.7,3.8,4.1,7.1,6.6,1.0,6.0,7.2,7.8,6.9,5.7,7.4,6.0,5.0,6.0,6.2,0.6,0.2,4.6,6.1,7.4,3.3,4,2,↑,2032-2038,6.5,越南大数据架构师：发展平稳,Vietnam Big Data Architect: steady development,AI综合评估 + O*NET/ILO/OECD锚点校准,2026-04-13,2026-04-13,2000-2026
TECH-0208-ID-general,信息技术与数字化,TECH,人工智能与数据,大数据架构师,Big Data Architect,2523,15-1243.00,东南亚,印度尼西亚,ID,country,general,本科/硕士,27-35,global,7.0,6.2,7.3,7.6,7.1,4.8,6.9,6.6,6.4,5.8,5.8,9.5,6.5,4.8,4.8,6.5,6.8,1.0,5.7,7.0,5.7,7.2,5.0,7.6,7.0,3.2,6.8,6.3,1.2,0.0,3.8,5.9,6.8,2.5,4,2,↑,2028-2033,6.37,印度尼西亚大数据架构师：发展平稳,Indonesia Big Data Architect: steady development,AI综合评估 + O*NET/ILO/OECD锚点校准,2026-04-13,2026-04-13,2000-2026
TECH-0208-MY-general,信息技术与数字化,TECH,人工智能与数据,大数据架构师,Big Data Architect,2523,15-1243.00,东南亚,马来西亚,MY,country,general,本科/硕士,27-35,global,7.3,6.3,6.5,7.9,6.1,4.0,7.7,6.6,7.0,7.0,7.6,9.5,6.5,4.0,4.1,7.5,6.2,1.2,5.9,7.0,6.9,7.2,5.0,6.8,5.8,3.8,6.2,5.7,1.0,0.8,4.0,6.9,8.4,2.7,4,2,↑,2028-2033,6.46,马来西亚大数据架构师：人才需求旺盛，就业稳定,"Malaysia Big Data Architect: strong talent demand, stable employment",AI综合评估 + O*NET/ILO/OECD锚点校准,2026-04-13,2026-04-13,2000-2026
TECH-0208-PH-general,信息技术与数字化,TECH,人工智能与数据,大数据架构师,Big Data Architect,2523,15-1243.00,东南亚,菲律宾,PH,country,general,本科/硕士,27-35,global,7.3,6.6,6.7,6.9,5.9,4.4,6.1,7.2,4.6,6.0,6.6,9.7,5.2,4.0,3.8,6.7,6.0,1.2,6.0,6.8,7.8,8.4,4.7,6.8,6.0,5.9,6.0,5.6,1.0,0.2,4.4,6.7,8.2,3.1,4,2,↑,2032-2038,6.21,菲律宾大数据架构师：发展平稳,Philippines Big Data Architect: steady development,AI综合评估 + O*NET/ILO/OECD锚点校准,2026-04-13,2026-04-13,2000-2026
TECH-0208-IN-general,信息技术与数字化,TECH,人工智能与数据,大数据架构师,Big Data Architect,2523,15-1243.00,南亚,印度,IN,country,general,本科/硕士,27-35,global,7.3,6.5,9.1,7.5,8.3,7.0,8.3,9.2,7.9,7.5,6.1,9.7,5.2,4.0,3.8,7.9,7.0,0.6,5.9,7.6,8.4,8.4,4.5,7.6,7.2,2.9,6.6,6.0,1.3,0.2,4.0,6.3,8.8,2.3,4,2,↑,2028-2033,6.99,印度大数据架构师：人才需求旺盛,India Big Data Architect: strong talent demand,AI综合评估 + O*NET/ILO/OECD锚点校准,2026-04-13,2026-04-13,2000-2026
TECH-0208-PK-general,信息技术与数字化,TECH,人工智能与数据,大数据架构师,Big Data Architect,2523,15-1243.00,南亚,巴基斯坦,PK,country,general,本科/硕士,27-35,global,6.7,6.0,6.7,6.7,5.3,3.4,6.7,5.8,4.6,5.5,5.3,9.5,5.2,4.3,4.3,6.9,5.6,1.3,5.6,6.4,7.5,6.7,4.0,6.2,6.2,0.8,6.2,6.5,0.9,0.2,4.2,6.7,7.0,3.5,3,1,→,2028-2033,5.85,巴基斯坦大数据架构师：发展平稳,Pakistan Big Data Architect: steady development,AI综合评估 + O*NET/ILO/OECD锚点校准,2026-04-13,2026-04-13,2000-2026
TECH-0208-BD-general,信息技术与数字化,TECH,人工智能与数据,大数据架构师,Big Data Architect,2523,15-1243.00,南亚,孟加拉国,BD,country,general,本科/硕士,27-35,global,6.5,6.0,5.5,6.7,5.3,2.6,6.1,5.2,3.1,4.8,5.3,9.0,6.0,3.8,4.1,6.9,6.0,1.3,5.6,5.2,8.4,8.2,5.0,7.0,6.2,2.6,6.0,5.9,0.7,0.0,4.8,6.5,6.4,3.9,3,1,→,2028-2033,5.71,孟加拉国大数据架构师：薪资水平偏低,Bangladesh Big Data Architect: relatively low pay,AI综合评估 + O*NET/ILO/OECD锚点校准,2026-04-13,2026-04-13,2000-2026
TECH-0208-AE-general,信息技术与数字化,TECH,人工智能与数据,大数据架构师,Big Data Architect,2523,15-1243.00,中亚/西亚,阿联酋,AE,country,general,本科/硕士,27-35,global,7.4,6.5,7.9,7.9,6.5,3.4,8.5,8.4,10.0,9.3,7.8,9.7,7.0,5.3,4.6,7.1,6.0,0.7,5.9,9.0,7.2,6.9,6.0,7.4,6.6,5.0,7.4,5.9,1.2,0.5,4.0,6.9,9.6,2.7,4,2,↑,2028-2033,7.16,阿联酋大数据架构师：薪资回报高，人才需求旺盛，就业稳定,"United Arab Emirates Big Data Architect: high compensation, strong talent demand, stable employment",AI综合评估 + O*NET/ILO/OECD锚点校准,2026-04-13,2026-04-13,2000-2026
TECH-0208-IL-general,信息技术与数字化,TECH,人工智能与数据,大数据架构师,Big Data Architect,2523,15-1243.00,中亚/西亚,以色列,IL,country,general,本科/硕士,27-35,global,7.1,6.6,8.7,7.5,8.3,5.2,8.3,8.8,10.0,9.8,7.1,9.5,6.7,5.3,4.8,8.3,7.4,0.7,6.5,9.8,9.3,7.4,6.0,7.8,6.8,6.8,7.4,5.9,1.3,0.3,4.0,6.5,9.4,2.9,4,3,↑,2032-2038,7.52,以色列大数据架构师：薪资回报高，人才需求旺盛，远程友好度高,"Israel Big Data Architect: high compensation, strong talent demand, highly remote-friendly",AI综合评估 + O*NET/ILO/OECD锚点校准,2026-04-13,2026-04-13,2000-2026
TECH-0208-SA-general,信息技术与数字化,TECH,人工智能与数据,大数据架构师,Big Data Architect,2523,15-1243.00,中亚/西亚,沙特阿拉伯,SA,country,general,本科/硕士,27-35,global,6.8,6.3,7.1,7.2,6.7,3.4,7.5,6.6,9.1,7.8,7.3,9.7,7.0,4.8,5.1,6.3,6.4,1.0,5.6,7.2,6.3,7.9,4.7,7.6,6.8,2.6,6.4,6.3,0.9,0.8,3.2,5.9,7.6,3.3,4,2,↑,2028-2033,6.63,沙特阿拉伯大数据架构师：薪资回报高，人才需求旺盛,"Saudi Arabia Big Data Architect: high compensation, strong talent demand",AI综合评估 + O*NET/ILO/OECD锚点校准,2026-04-13,2026-04-13,2000-2026
TECH-0208-TR-general,信息技术与数字化,TECH,人工智能与数据,大数据架构师,Big Data Architect,2523,15-1243.00,中亚/西亚,土耳其,TR,country,general,本科/硕士,27-35,global,7.0,6.2,7.1,7.5,7.5,4.6,6.9,7.2,6.4,6.0,5.1,9.0,6.5,4.0,4.6,6.7,7.0,1.2,6.0,6.8,6.6,7.9,5.5,7.8,6.6,3.5,7.0,5.7,1.3,0.2,4.0,6.9,7.8,2.5,4,2,↑,2032-2038,6.43,土耳其大数据架构师：发展平稳,Turkey Big Data Architect: steady development,AI综合评估 + O*NET/ILO/OECD锚点校准,2026-04-13,2026-04-13,2000-2026
TECH-0208-GB-general,信息技术与数字化,TECH,人工智能与数据,大数据架构师,Big Data Architect,2523,15-1243.00,西欧,英国,GB,country,general,本科/硕士,27-35,global,6.8,6.5,8.9,7.5,8.7,6.4,8.9,8.2,10.0,10.0,7.1,9.2,7.0,5.5,6.3,7.5,7.6,0.7,6.1,9.2,10.0,8.4,7.7,8.0,7.0,8.0,7.4,5.7,1.2,0.9,4.2,7.3,9.6,3.1,4,3,↑,2032-2038,7.7,英国大数据架构师：薪资回报高，人才需求旺盛，远程友好度高,"United Kingdom Big Data Architect: high compensation, strong talent demand, highly remote-friendly",AI综合评估 + O*NET/ILO/OECD锚点校准,2026-04-13,2026-04-13,2000-2026
TECH-0208-FR-general,信息技术与数字化,TECH,人工智能与数据,大数据架构师,Big Data Architect,2523,15-1243.00,西欧,法国,FR,country,general,本科/硕士,27-35,global,7.0,7.1,8.3,7.6,7.5,6.2,7.9,9.2,9.7,9.0,8.6,9.7,7.5,7.5,6.3,6.9,6.4,0.9,6.3,7.6,8.1,8.4,8.0,7.8,6.8,6.8,8.2,6.0,1.0,0.9,3.2,6.1,8.6,3.5,4,2,↑,2032-2038,7.51,法国大数据架构师：薪资回报高，人才需求旺盛，工作时间规律,"France Big Data Architect: high compensation, strong talent demand, regular working hours",AI综合评估 + O*NET/ILO/OECD锚点校准,2026-04-13,2026-04-13,2000-2026
TECH-0208-DE-general,信息技术与数字化,TECH,人工智能与数据,大数据架构师,Big Data Architect,2523,15-1243.00,西欧,德国,DE,country,general,本科/硕士,27-35,global,7.6,7.1,9.3,8.1,8.9,6.2,7.9,8.6,10.0,9.0,9.6,9.7,7.7,7.5,7.3,7.5,7.0,0.6,6.0,8.6,7.8,9.2,8.0,7.6,6.8,6.5,7.2,5.9,0.7,1.1,3.2,6.9,8.8,2.3,4,2,↑,2032-2038,7.74,德国大数据架构师：薪资回报高，人才需求旺盛，工作时间规律,"Germany Big Data Architect: high compensation, strong talent demand, regular working hours",AI综合评估 + O*NET/ILO/OECD锚点校准,2026-04-13,2026-04-13,2000-2026
TECH-0208-NL-general,信息技术与数字化,TECH,人工智能与数据,大数据架构师,Big Data Architect,2523,15-1243.00,西欧,荷兰,NL,country,general,本科/硕士,27-35,global,7.0,7.1,8.5,8.2,8.1,5.2,8.1,9.0,10.0,8.5,8.8,10.0,8.0,8.3,7.6,7.7,6.4,0.7,6.1,8.4,10.0,9.7,8.2,7.8,7.2,8.0,8.4,5.9,1.0,0.8,3.4,6.9,9.6,2.9,4,2,↑,2032-2038,7.86,荷兰大数据架构师：薪资回报高，人才需求旺盛，远程友好度高,"Netherlands Big Data Architect: high compensation, strong talent demand, highly remote-friendly",AI综合评估 + O*NET/ILO/OECD锚点校准,2026-04-13,2026-04-13,2000-2026
TECH-0208-CH-general,信息技术与数字化,TECH,人工智能与数据,大数据架构师,Big Data Architect,2523,15-1243.00,西欧,瑞士,CH,country,general,本科/硕士,27-35,global,7.6,6.8,8.1,8.7,7.7,3.8,8.3,9.4,10.0,9.5,9.6,9.7,8.2,7.5,6.8,7.5,6.4,0.9,6.4,9.0,7.8,8.2,8.7,8.0,6.6,6.5,8.4,6.3,1.0,1.1,3.4,6.5,9.4,2.9,4,2,↑,2032-2038,7.72,瑞士大数据架构师：薪资回报高，人才需求旺盛，工作时间规律,"Switzerland Big Data Architect: high compensation, strong talent demand, regular working hours",AI综合评估 + O*NET/ILO/OECD锚点校准,2026-04-13,2026-04-13,2000-2026
TECH-0208-SE-general,信息技术与数字化,TECH,人工智能与数据,大数据架构师,Big Data Architect,2523,15-1243.00,北欧,瑞典,SE,country,general,本科/硕士,27-35,global,7.1,6.3,7.7,8.1,6.7,4.2,8.7,9.0,10.0,8.3,8.6,9.7,7.7,10.0,6.8,6.9,6.8,0.6,6.1,8.2,9.9,8.9,9.5,7.8,6.6,9.5,7.8,6.2,1.0,0.8,3.6,7.5,9.2,2.9,4,2,↑,2032-2038,7.81,瑞典大数据架构师：薪资回报高，人才需求旺盛，远程友好度高,"Sweden Big Data Architect: high compensation, strong talent demand, highly remote-friendly",AI综合评估 + O*NET/ILO/OECD锚点校准,2026-04-13,2026-04-13,2000-2026
TECH-0208-DK-general,信息技术与数字化,TECH,人工智能与数据,大数据架构师,Big Data Architect,2523,15-1243.00,北欧,丹麦,DK,country,general,本科/硕士,27-35,global,6.8,6.6,7.3,7.6,7.1,3.8,7.5,9.2,10.0,8.3,9.1,9.7,8.7,9.8,8.1,6.9,6.6,0.4,6.1,8.0,9.0,8.9,8.7,7.2,6.6,9.8,7.6,5.7,1.2,0.6,4.0,6.5,9.0,3.3,4,2,↑,2032-2038,7.7,丹麦大数据架构师：薪资回报高，人才需求旺盛，远程友好度高,"Denmark Big Data Architect: high compensation, strong talent demand, highly remote-friendly",AI综合评估 + O*NET/ILO/OECD锚点校准,2026-04-13,2026-04-13,2000-2026
TECH-0208-FI-general,信息技术与数字化,TECH,人工智能与数据,大数据架构师,Big Data Architect,2523,15-1243.00,北欧,芬兰,FI,country,general,本科/硕士,27-35,global,7.3,7.1,7.7,8.5,7.1,3.8,8.9,9.2,10.0,8.3,9.1,9.7,8.0,9.0,7.8,7.5,6.0,0.7,5.9,8.4,9.9,9.7,8.5,8.2,7.2,9.5,8.2,6.2,0.9,0.8,3.8,6.5,9.4,3.1,4,2,↑,2028-2033,7.82,芬兰大数据架构师：薪资回报高，人才需求旺盛，远程友好度高,"Finland Big Data Architect: high compensation, strong talent demand, highly remote-friendly",AI综合评估 + O*NET/ILO/OECD锚点校准,2026-04-13,2026-04-13,2000-2026
TECH-0208-IT-general,信息技术与数字化,TECH,人工智能与数据,大数据架构师,Big Data Architect,2523,15-1243.00,南欧,意大利,IT,country,general,本科/硕士,27-35,global,7.3,6.5,7.3,7.0,7.5,4.8,6.7,6.8,8.2,8.0,6.3,9.7,6.5,5.0,5.1,6.5,7.2,1.2,6.0,7.6,6.6,8.7,7.0,7.6,6.4,5.0,6.8,5.7,1.3,0.8,4.2,6.9,8.0,3.5,4,2,↑,2032-2038,6.75,意大利大数据架构师：薪资回报高,Italy Big Data Architect: high compensation,AI综合评估 + O*NET/ILO/OECD锚点校准,2026-04-13,2026-04-13,2000-2026
TECH-0208-ES-general,信息技术与数字化,TECH,人工智能与数据,大数据架构师,Big Data Architect,2523,15-1243.00,南欧,西班牙,ES,country,general,本科/硕士,27-35,global,7.3,6.2,7.5,7.2,6.7,4.8,7.9,7.2,7.6,7.3,6.1,9.7,7.5,4.8,5.6,6.5,7.0,1.0,6.1,6.8,7.5,8.9,7.2,7.4,6.8,5.9,7.4,6.2,0.6,0.9,4.6,6.7,8.4,3.1,4,2,↑,2032-2038,6.86,西班牙大数据架构师：人才需求旺盛,Spain Big Data Architect: strong talent demand,AI综合评估 + O*NET/ILO/OECD锚点校准,2026-04-13,2026-04-13,2000-2026
TECH-0208-PT-general,信息技术与数字化,TECH,人工智能与数据,大数据架构师,Big Data Architect,2523,15-1243.00,南欧,葡萄牙,PT,country,general,本科/硕士,27-35,global,7.0,6.6,7.1,7.8,6.1,3.6,7.5,7.2,7.9,7.0,7.3,9.2,6.5,5.3,5.1,7.5,6.4,0.9,5.6,7.4,9.6,7.9,6.2,7.4,6.4,7.4,7.2,5.7,0.7,0.3,4.0,6.5,8.4,3.1,4,2,↑,2028-2033,6.85,葡萄牙大数据架构师：人才需求旺盛，远程友好度高,"Portugal Big Data Architect: strong talent demand, highly remote-friendly",AI综合评估 + O*NET/ILO/OECD锚点校准,2026-04-13,2026-04-13,2000-2026
TECH-0208-PL-general,信息技术与数字化,TECH,人工智能与数据,大数据架构师,Big Data Architect,2523,15-1243.00,东欧,波兰,PL,country,general,本科/硕士,27-35,global,7.4,6.6,8.1,7.6,7.3,4.8,8.5,7.6,9.1,7.8,7.8,9.5,6.5,6.0,6.1,7.5,7.2,1.0,5.9,8.4,9.3,7.7,6.5,7.6,7.0,5.9,7.8,5.7,0.7,0.2,3.4,6.7,8.6,2.9,4,2,↑,2028-2033,7.25,波兰大数据架构师：薪资回报高，人才需求旺盛，远程友好度高,"Poland Big Data Architect: high compensation, strong talent demand, highly remote-friendly",AI综合评估 + O*NET/ILO/OECD锚点校准,2026-04-13,2026-04-13,2000-2026
TECH-0208-CZ-general,信息技术与数字化,TECH,人工智能与数据,大数据架构师,Big Data Architect,2523,15-1243.00,东欧,捷克,CZ,country,general,本科/硕士,27-35,global,7.1,6.3,6.9,8.2,7.1,3.8,7.7,6.6,8.8,7.5,8.6,9.5,7.5,7.0,6.6,7.5,6.2,1.3,6.3,7.4,9.3,8.9,7.2,8.0,6.4,5.3,7.4,6.2,1.2,0.6,3.2,6.5,9.2,3.7,4,2,↑,2032-2038,7.19,捷克大数据架构师：薪资回报高，人才需求旺盛，远程友好度高,"Czech Republic Big Data Architect: high compensation, strong talent demand, highly remote-friendly",AI综合评估 + O*NET/ILO/OECD锚点校准,2026-04-13,2026-04-13,2000-2026
TECH-0208-RU-general,信息技术与数字化,TECH,人工智能与数据,大数据架构师,Big Data Architect,2523,15-1243.00,东欧,俄罗斯,RU,country,general,本科/硕士,27-35,global,6.7,6.8,7.9,6.6,6.7,5.2,7.7,7.4,8.2,7.8,6.3,9.2,6.5,6.0,4.6,7.5,7.0,1.2,6.3,8.2,9.0,8.7,5.5,8.0,6.6,5.0,6.6,5.7,0.9,0.2,4.2,6.7,6.2,3.7,4,2,↑,2032-2038,6.87,俄罗斯大数据架构师：薪资回报高，人才需求旺盛，远程友好度高,"Russia Big Data Architect: high compensation, strong talent demand, highly remote-friendly",AI综合评估 + O*NET/ILO/OECD锚点校准,2026-04-13,2026-04-13,2000-2026
TECH-0208-US-general,信息技术与数字化,TECH,人工智能与数据,大数据架构师,Big Data Architect,2523,15-1243.00,北美,美国,US,country,general,本科/硕士,27-35,global,6.8,6.5,9.3,7.5,9.1,7.0,9.3,9.0,10.0,10.0,7.1,9.5,5.5,3.8,4.6,7.5,8.4,0.4,6.4,9.6,10.0,8.9,4.7,8.2,6.8,6.5,7.0,6.3,0.9,0.9,3.4,7.3,9.6,3.1,4,3,↑,2032-2038,7.66,美国大数据架构师：薪资回报高，人才需求旺盛，远程友好度高,"United States Big Data Architect: high compensation, strong talent demand, highly remote-friendly",AI综合评估 + O*NET/ILO/OECD锚点校准,2026-04-13,2026-04-13,2000-2026
TECH-0208-CA-general,信息技术与数字化,TECH,人工智能与数据,大数据架构师,Big Data Architect,2523,15-1243.00,北美,加拿大,CA,country,general,本科/硕士,27-35,global,7.3,6.9,9.1,8.1,8.3,5.6,8.1,9.4,10.0,8.3,8.6,9.5,7.2,6.0,6.1,7.3,7.2,0.4,6.1,8.4,10.0,8.4,7.2,7.6,7.6,7.1,7.8,6.0,0.9,0.8,3.8,7.3,10.0,2.3,4,3,↑,2032-2038,7.7,加拿大大数据架构师：薪资回报高，人才需求旺盛，远程友好度高,"Canada Big Data Architect: high compensation, strong talent demand, highly remote-friendly",AI综合评估 + O*NET/ILO/OECD锚点校准,2026-04-13,2026-04-13,2000-2026
TECH-0208-MX-general,信息技术与数字化,TECH,人工智能与数据,大数据架构师,Big Data Architect,2523,15-1243.00,北美,墨西哥,MX,country,general,本科/硕士,27-35,global,7.0,6.0,7.5,7.5,7.5,5.0,7.3,6.8,6.1,6.5,6.6,9.7,6.5,3.8,3.8,6.7,6.6,0.9,6.0,6.2,8.7,8.2,5.2,7.6,6.0,3.2,6.4,6.5,1.0,0.6,4.0,5.9,7.8,2.7,4,2,↑,2032-2038,6.52,墨西哥大数据架构师：远程友好度高,Mexico Big Data Architect: highly remote-friendly,AI综合评估 + O*NET/ILO/OECD锚点校准,2026-04-13,2026-04-13,2000-2026
TECH-0208-BR-general,信息技术与数字化,TECH,人工智能与数据,大数据架构师,Big Data Architect,2523,15-1243.00,南美,巴西,BR,country,general,本科/硕士,27-35,global,7.0,6.6,7.7,7.0,7.7,5.2,7.3,7.6,7.0,7.0,6.1,9.5,6.0,4.8,4.8,6.3,7.2,1.2,6.0,7.0,8.7,8.4,6.0,7.8,7.2,3.8,6.8,5.7,1.0,0.6,4.2,6.5,7.0,2.5,4,2,↑,2032-2038,6.69,巴西大数据架构师：远程友好度高,Brazil Big Data Architect: highly remote-friendly,AI综合评估 + O*NET/ILO/OECD锚点校准,2026-04-13,2026-04-13,2000-2026
TECH-0208-AR-general,信息技术与数字化,TECH,人工智能与数据,大数据架构师,Big Data Architect,2523,15-1243.00,南美,阿根廷,AR,country,general,本科/硕士,27-35,global,7.1,6.6,6.9,6.4,6.1,3.8,7.3,7.8,5.8,6.3,4.8,9.5,6.2,4.8,5.3,6.9,6.0,1.3,6.1,6.4,7.5,7.9,6.2,7.0,5.8,4.7,7.4,6.3,1.2,0.2,3.8,6.5,6.8,2.9,4,2,↑,2032-2038,6.36,阿根廷大数据架构师：发展平稳,Argentina Big Data Architect: steady development,AI综合评估 + O*NET/ILO/OECD锚点校准,2026-04-13,2026-04-13,2000-2026
TECH-0208-CL-general,信息技术与数字化,TECH,人工智能与数据,大数据架构师,Big Data Architect,2523,15-1243.00,南美,智利,CL,country,general,本科/硕士,27-35,global,7.1,6.3,7.3,7.8,6.1,3.4,7.5,7.2,7.9,7.0,7.3,9.5,7.0,6.0,4.6,6.9,6.4,0.7,6.1,6.8,8.7,7.4,6.0,7.2,6.0,4.1,6.4,6.5,0.9,0.6,4.0,6.3,7.4,3.3,4,2,↑,2032-2038,6.72,智利大数据架构师：人才需求旺盛，远程友好度高,"Chile Big Data Architect: strong talent demand, highly remote-friendly",AI综合评估 + O*NET/ILO/OECD锚点校准,2026-04-13,2026-04-13,2000-2026
TECH-0208-CO-general,信息技术与数字化,TECH,人工智能与数据,大数据架构师,Big Data Architect,2523,15-1243.00,南美,哥伦比亚,CO,country,general,本科/硕士,27-35,global,7.1,6.0,7.1,7.0,6.7,3.0,6.1,7.4,6.1,6.3,6.3,9.2,6.5,4.3,5.3,7.3,5.8,0.9,5.6,6.6,8.4,6.9,6.0,7.2,6.4,3.5,6.6,6.3,0.7,0.2,3.8,6.9,6.8,3.5,4,2,↑,2028-2033,6.37,哥伦比亚大数据架构师：发展平稳,Colombia Big Data Architect: steady development,AI综合评估 + O*NET/ILO/OECD锚点校准,2026-04-13,2026-04-13,2000-2026
TECH-0208-AU-general,信息技术与数字化,TECH,人工智能与数据,大数据架构师,Big Data Architect,2523,15-1243.00,大洋洲,澳大利亚,AU,country,general,本科/硕士,27-35,global,7.1,6.8,8.3,8.1,7.7,4.6,8.5,9.0,10.0,9.5,8.3,9.5,8.0,7.8,6.6,7.1,6.6,0.4,5.7,8.0,9.0,9.7,7.2,7.6,7.2,7.1,7.4,6.0,0.7,0.8,4.2,6.5,9.0,2.5,4,2,↑,2028-2033,7.64,澳大利亚大数据架构师：薪资回报高，人才需求旺盛，远程友好度高,"Australia Big Data Architect: high compensation, strong talent demand, highly remote-friendly",AI综合评估 + O*NET/ILO/OECD锚点校准,2026-04-13,2026-04-13,2000-2026
TECH-0208-NZ-general,信息技术与数字化,TECH,人工智能与数据,大数据架构师,Big Data Architect,2523,15-1243.00,大洋洲,新西兰,NZ,country,general,本科/硕士,27-35,global,6.7,7.1,7.1,7.8,7.3,3.0,7.9,7.2,9.1,8.5,8.6,9.5,7.7,7.3,6.3,7.1,5.8,0.9,5.7,8.2,8.7,9.4,7.5,7.6,6.6,8.6,7.2,6.3,0.7,0.9,4.0,7.5,9.0,3.3,4,2,↑,2028-2033,7.31,新西兰大数据架构师：薪资回报高，人才需求旺盛，远程友好度高,"New Zealand Big Data Architect: high compensation, strong talent demand, highly remote-friendly",AI综合评估 + O*NET/ILO/OECD锚点校准,2026-04-13,2026-04-13,2000-2026
TECH-0208-ZA-general,信息技术与数字化,TECH,人工智能与数据,大数据架构师,Big Data Architect,2523,15-1243.00,非洲,南非,ZA,country,general,本科/硕士,27-35,global,7.3,6.8,6.5,7.2,5.5,3.6,6.7,7.8,6.7,6.8,6.8,9.5,5.5,4.8,4.6,6.7,6.6,0.9,5.9,6.2,7.5,8.4,4.7,7.4,5.6,5.3,6.8,5.9,0.9,0.5,4.2,5.9,8.0,3.3,4,2,↑,2028-2033,6.41,南非大数据架构师：发展平稳,South Africa Big Data Architect: steady development,AI综合评估 + O*NET/ILO/OECD锚点校准,2026-04-13,2026-04-13,2000-2026
TECH-0208-NG-general,信息技术与数字化,TECH,人工智能与数据,大数据架构师,Big Data Architect,2523,15-1243.00,非洲,尼日利亚,NG,country,general,本科/硕士,27-35,global,7.0,6.3,6.7,7.0,6.3,3.0,5.9,5.8,4.3,5.5,4.6,9.5,5.0,4.0,4.1,6.9,6.2,1.3,5.6,6.4,7.5,6.9,4.5,6.6,5.4,2.6,6.4,6.3,1.3,0.5,4.6,6.5,6.6,3.7,3,1,→,2028-2033,5.8,尼日利亚大数据架构师：薪资水平偏低,Nigeria Big Data Architect: relatively low pay,AI综合评估 + O*NET/ILO/OECD锚点校准,2026-04-13,2026-04-13,2000-2026
TECH-0208-KE-general,信息技术与数字化,TECH,人工智能与数据,大数据架构师,Big Data Architect,2523,15-1243.00,非洲,肯尼亚,KE,country,general,本科/硕士,27-35,global,7.0,6.5,5.9,6.7,5.5,2.6,6.1,6.2,5.2,5.5,6.1,9.5,5.5,5.0,5.1,6.3,5.4,1.3,5.9,6.4,6.3,7.7,5.0,6.6,5.6,3.2,7.0,5.6,1.0,0.5,3.8,6.1,8.0,3.7,3,1,→,2028-2033,5.97,肯尼亚大数据架构师：发展平稳,Kenya Big Data Architect: steady development,AI综合评估 + O*NET/ILO/OECD锚点校准,2026-04-13,2026-04-13,2000-2026
TECH-0208-EG-general,信息技术与数字化,TECH,人工智能与数据,大数据架构师,Big Data Architect,2523,15-1243.00,非洲,埃及,EG,country,general,本科/硕士,27-35,global,6.5,6.8,5.9,7.0,5.7,4.4,7.1,5.2,4.9,4.8,5.3,9.2,6.2,3.8,4.3,5.9,6.0,1.5,5.7,5.8,7.5,7.9,5.2,7.0,6.2,1.1,6.8,6.2,1.3,0.3,4.2,6.1,6.8,3.1,3,1,→,2028-2033,5.87,埃及大数据架构师：发展平稳,Egypt Big Data Architect: steady development,AI综合评估 + O*NET/ILO/OECD锚点校准,2026-04-13,2026-04-13,2000-2026
TECH-0301-CN-general,信息技术与数字化,TECH,网络与安全,网络工程师,Network Engineer,2523,15-1241.00,东亚,中国,CN,country,general,本科/大专,22-28,global,5.5,5.0,7.0,6.8,8.0,9.9,6.4,6.1,7.6,6.9,5.9,9.2,4.5,1.1,4.0,6.3,5.9,1.3,4.9,6.4,3.7,5.0,3.0,6.6,6.2,3.4,5.7,4.8,2.0,2.4,4.0,4.7,5.3,3.4,2,1,→,2028-2033,5.88,中国网络工程师：加班文化严重,China Network Engineer: heavy overtime culture,AI综合评估 + O*NET/ILO/OECD锚点校准,2026-04-13,2026-04-13,2000-2026
TECH-0301-JP-general,信息技术与数字化,TECH,网络与安全,网络工程师,Network Engineer,2523,15-1241.00,东亚,日本,JP,country,general,本科/大专,22-28,global,5.8,5.4,7.4,7.9,7.6,9.1,6.0,6.5,7.3,7.2,7.4,9.9,5.3,2.1,4.5,5.9,5.9,0.8,4.9,7.0,6.4,5.2,5.0,5.8,5.4,3.7,6.3,5.1,2.0,2.8,3.4,5.9,5.1,4.0,2,0,→,2028-2033,6.2,日本网络工程师：加班文化严重,Japan Network Engineer: heavy overtime culture,AI综合评估 + O*NET/ILO/OECD锚点校准,2026-04-13,2026-04-13,2000-2026
TECH-0301-KR-general,信息技术与数字化,TECH,网络与安全,网络工程师,Network Engineer,2523,15-1241.00,东亚,韩国,KR,country,general,本科/大专,22-28,global,5.6,5.4,6.8,6.8,7.4,8.3,6.8,6.3,7.9,6.4,6.4,9.4,5.0,2.6,3.3,6.5,5.3,1.0,5.5,6.2,4.0,5.2,4.2,6.4,5.0,3.7,6.1,4.8,2.0,3.6,4.4,5.1,6.1,3.8,2,0,→,2028-2033,5.95,韩国网络工程师：加班文化严重,South Korea Network Engineer: heavy overtime culture,AI综合评估 + O*NET/ILO/OECD锚点校准,2026-04-13,2026-04-13,2000-2026
TECH-0301-TW-general,信息技术与数字化,TECH,网络与安全,网络工程师,Network Engineer,2523,15-1241.00,东亚,中国台湾地区,TW,region,general,本科/大专,22-28,global,5.9,5.0,6.6,7.1,7.0,6.9,6.6,6.7,5.5,6.9,7.4,9.7,6.5,3.8,5.0,6.1,5.5,1.3,5.2,6.2,5.8,5.5,5.0,5.8,4.8,4.3,6.1,5.0,1.5,3.4,4.2,4.9,6.7,3.6,2,0,→,2028-2033,6.06,中国台湾地区网络工程师：发展平稳,Taiwan (China) Network Engineer: steady development,AI综合评估 + O*NET/ILO/OECD锚点校准,2026-04-13,2026-04-13,2000-2026
TECH-0301-HK-general,信息技术与数字化,TECH,网络与安全,网络工程师,Network Engineer,2523,15-1241.00,东亚,中国香港地区,HK,region,general,本科/大专,22-28,global,5.6,5.1,6.0,7.4,6.0,6.3,6.4,5.1,7.9,6.4,6.9,9.4,5.8,3.1,3.8,5.5,4.7,1.3,5.2,6.2,5.5,5.7,4.0,5.8,5.2,5.2,5.5,5.3,2.0,3.0,3.4,5.5,8.1,3.6,2,0,→,2028-2033,5.95,中国香港地区网络工程师：加班文化严重,Hong Kong (China) Network Engineer: heavy overtime culture,AI综合评估 + O*NET/ILO/OECD锚点校准,2026-04-13,2026-04-13,2000-2026
TECH-0301-SG-general,信息技术与数字化,TECH,网络与安全,网络工程师,Network Engineer,2523,15-1241.00,东南亚,新加坡,SG,country,general,本科/大专,22-28,global,5.8,5.4,7.2,7.9,6.8,7.9,6.2,6.5,9.4,8.2,7.6,9.9,5.5,3.6,5.3,5.9,5.5,0.8,5.0,7.6,7.6,5.7,5.5,5.8,5.2,6.4,6.5,5.1,2.0,3.2,3.2,6.3,8.5,4.0,2,1,→,2028-2033,6.61,新加坡网络工程师：薪资回报高，就业稳定,"Singapore Network Engineer: high compensation, stable employment",AI综合评估 + O*NET/ILO/OECD锚点校准,2026-04-13,2026-04-13,2000-2026
TECH-0301-TH-general,信息技术与数字化,TECH,网络与安全,网络工程师,Network Engineer,2523,15-1241.00,东南亚,泰国,TH,country,general,本科/大专,22-28,global,5.6,4.5,5.4,7.4,5.0,6.9,5.2,5.3,2.8,4.7,6.4,9.7,6.8,5.8,5.5,5.1,4.5,1.7,4.6,4.4,4.6,5.7,5.2,4.6,4.2,4.6,5.7,4.7,1.8,3.0,4.6,5.9,5.9,4.2,2,0,→,2028-2033,5.41,泰国网络工程师：薪资水平偏低,Thailand Network Engineer: relatively low pay,AI综合评估 + O*NET/ILO/OECD锚点校准,2026-04-13,2026-04-13,2000-2026
TECH-0301-VN-general,信息技术与数字化,TECH,网络与安全,网络工程师,Network Engineer,2523,15-1241.00,东南亚,越南,VN,country,general,本科/大专,22-28,global,5.8,5.3,5.0,6.8,5.6,6.9,5.0,5.1,4.0,4.7,5.1,9.4,6.8,4.6,4.5,5.1,5.1,1.4,4.6,4.8,6.1,6.2,4.2,5.4,5.2,3.7,5.1,4.8,2.3,2.6,4.6,4.9,5.9,3.4,2,0,→,2028-2033,5.38,越南网络工程师：薪资水平偏低,Vietnam Network Engineer: relatively low pay,AI综合评估 + O*NET/ILO/OECD锚点校准,2026-04-13,2026-04-13,2000-2026
TECH-0301-ID-general,信息技术与数字化,TECH,网络与安全,网络工程师,Network Engineer,2523,15-1241.00,东南亚,印度尼西亚,ID,country,general,本科/大专,22-28,global,5.5,4.8,5.6,7.1,5.6,7.1,4.6,4.1,4.0,4.9,6.1,9.2,6.8,5.1,5.8,5.7,4.5,1.4,4.6,4.4,4.9,6.2,4.5,5.6,5.2,3.4,5.9,5.3,2.0,3.2,4.2,5.5,5.1,3.8,2,0,→,2028-2033,5.45,印度尼西亚网络工程师：薪资水平偏低,Indonesia Network Engineer: relatively low pay,AI综合评估 + O*NET/ILO/OECD锚点校准,2026-04-13,2026-04-13,2000-2026
TECH-0301-MY-general,信息技术与数字化,TECH,网络与安全,网络工程师,Network Engineer,2523,15-1241.00,东南亚,马来西亚,MY,country,general,本科/大专,22-28,global,5.6,4.5,5.0,6.8,6.0,6.1,5.6,4.9,5.2,4.9,7.1,9.7,5.5,5.1,5.0,5.3,4.7,1.7,5.2,4.8,5.2,5.5,4.7,5.2,4.6,3.4,5.5,5.0,1.8,2.8,4.2,5.1,6.3,3.4,2,0,→,2028-2033,5.57,马来西亚网络工程师：发展平稳,Malaysia Network Engineer: steady development,AI综合评估 + O*NET/ILO/OECD锚点校准,2026-04-13,2026-04-13,2000-2026
TECH-0301-PH-general,信息技术与数字化,TECH,网络与安全,网络工程师,Network Engineer,2523,15-1241.00,东南亚,菲律宾,PH,country,general,本科/大专,22-28,global,5.3,4.7,4.8,6.4,4.8,6.1,5.4,4.7,2.5,3.7,6.1,9.4,6.5,3.3,5.0,4.7,5.1,1.7,4.6,4.2,7.0,5.2,4.5,5.6,4.6,5.5,6.1,5.1,1.5,3.3,4.6,5.9,6.3,4.2,2,0,→,2028-2033,5.27,菲律宾网络工程师：薪资水平偏低，加班文化严重,"Philippines Network Engineer: relatively low pay, heavy overtime culture",AI综合评估 + O*NET/ILO/OECD锚点校准,2026-04-13,2026-04-13,2000-2026
TECH-0301-IN-general,信息技术与数字化,TECH,网络与安全,网络工程师,Network Engineer,2523,15-1241.00,南亚,印度,IN,country,general,本科/大专,22-28,global,5.6,5.1,6.6,6.8,7.6,9.1,6.6,6.5,4.6,6.7,6.6,9.4,6.3,3.3,5.0,5.9,6.1,1.3,5.1,6.2,7.0,6.2,4.2,5.6,5.2,3.4,6.1,5.0,1.7,2.8,4.0,5.5,7.7,3.4,2,0,→,2028-2033,6.08,印度网络工程师：加班文化严重,India Network Engineer: heavy overtime culture,AI综合评估 + O*NET/ILO/OECD锚点校准,2026-04-13,2026-04-13,2000-2026
TECH-0301-PK-general,信息技术与数字化,TECH,网络与安全,网络工程师,Network Engineer,2523,15-1241.00,南亚,巴基斯坦,PK,country,general,本科/大专,22-28,global,5.8,4.7,5.0,6.4,4.4,6.1,4.2,3.1,1.9,4.2,4.6,8.9,5.5,3.8,5.5,4.9,4.5,2.3,4.6,4.2,5.5,5.7,3.7,5.0,4.4,1.3,5.9,5.0,2.1,2.4,4.8,5.7,5.9,4.2,1,-1,→,2028-2033,4.84,巴基斯坦网络工程师：薪资水平偏低,Pakistan Network Engineer: relatively low pay,AI综合评估 + O*NET/ILO/OECD锚点校准,2026-04-13,2026-04-13,2000-2026
TECH-0301-BD-general,信息技术与数字化,TECH,网络与安全,网络工程师,Network Engineer,2523,15-1241.00,南亚,孟加拉国,BD,country,general,本科/大专,22-28,global,5.2,4.5,4.4,6.1,4.6,6.3,3.8,2.7,1.0,2.9,4.9,8.9,6.0,3.8,4.0,5.1,3.9,1.9,5.0,3.2,6.4,5.7,4.7,5.4,4.4,2.2,5.1,5.3,2.1,2.7,4.4,5.3,5.5,4.4,1,-1,→,2028-2033,4.75,孟加拉国网络工程师：薪资水平偏低，供过于求,"Bangladesh Network Engineer: relatively low pay, oversupply of talent",AI综合评估 + O*NET/ILO/OECD锚点校准,2026-04-13,2026-04-13,2000-2026
TECH-0301-AE-general,信息技术与数字化,TECH,网络与安全,网络工程师,Network Engineer,2523,15-1241.00,中亚/西亚,阿联酋,AE,country,general,本科/大专,22-28,global,5.8,5.6,5.8,7.7,6.2,7.1,5.8,5.7,9.1,7.7,8.1,9.7,6.3,4.8,5.5,5.5,5.3,1.0,5.4,6.8,5.2,5.5,4.7,5.6,5.6,4.6,6.3,5.0,2.3,3.0,3.2,5.7,7.9,3.8,2,0,→,2028-2033,6.3,阿联酋网络工程师：薪资回报高，就业稳定,"United Arab Emirates Network Engineer: high compensation, stable employment",AI综合评估 + O*NET/ILO/OECD锚点校准,2026-04-13,2026-04-13,2000-2026
TECH-0301-IL-general,信息技术与数字化,TECH,网络与安全,网络工程师,Network Engineer,2523,15-1241.00,中亚/西亚,以色列,IL,country,general,本科/大专,22-28,global,5.5,5.7,6.4,7.3,7.2,7.5,6.6,5.7,10.0,7.4,5.9,9.7,7.0,4.8,5.3,6.1,5.7,1.0,5.4,7.0,7.3,5.5,5.0,5.6,4.6,6.7,6.1,5.3,1.8,3.4,4.6,6.1,8.3,3.4,2,1,→,2028-2033,6.47,以色列网络工程师：薪资回报高,Israel Network Engineer: high compensation,AI综合评估 + O*NET/ILO/OECD锚点校准,2026-04-13,2026-04-13,2000-2026
TECH-0301-SA-general,信息技术与数字化,TECH,网络与安全,网络工程师,Network Engineer,2523,15-1241.00,中亚/西亚,沙特阿拉伯,SA,country,general,本科/大专,22-28,global,5.2,4.7,4.8,6.7,5.2,6.5,5.0,4.3,7.3,5.7,6.4,9.7,6.8,4.8,4.8,4.9,4.3,1.6,4.7,5.4,4.6,4.7,4.5,5.4,4.8,2.5,5.9,5.0,1.7,2.7,4.2,5.3,6.1,4.2,2,0,→,2028-2033,5.53,沙特阿拉伯网络工程师：发展平稳,Saudi Arabia Network Engineer: steady development,AI综合评估 + O*NET/ILO/OECD锚点校准,2026-04-13,2026-04-13,2000-2026
TECH-0301-TR-general,信息技术与数字化,TECH,网络与安全,网络工程师,Network Engineer,2523,15-1241.00,中亚/西亚,土耳其,TR,country,general,本科/大专,22-28,global,5.5,5.4,5.8,6.4,6.0,7.1,5.6,4.7,3.7,4.4,5.1,9.2,5.5,4.6,5.0,5.1,4.5,1.9,5.1,4.4,4.9,5.5,3.7,5.2,4.8,2.8,6.1,4.5,2.3,2.6,4.8,4.7,5.7,3.4,2,0,→,2028-2033,5.25,土耳其网络工程师：薪资水平偏低,Turkey Network Engineer: relatively low pay,AI综合评估 + O*NET/ILO/OECD锚点校准,2026-04-13,2026-04-13,2000-2026
TECH-0301-GB-general,信息技术与数字化,TECH,网络与安全,网络工程师,Network Engineer,2523,15-1241.00,西欧,英国,GB,country,general,本科/大专,22-28,global,5.8,5.1,6.8,7.1,7.8,8.9,6.0,6.5,9.7,8.7,7.6,9.4,6.5,5.3,6.5,6.3,5.3,0.8,5.4,7.0,9.7,6.5,6.0,5.6,6.2,6.7,6.9,5.1,2.1,2.8,3.4,5.7,8.7,3.0,2,1,→,2028-2033,6.91,英国网络工程师：薪资回报高，远程友好度高，就业稳定,"United Kingdom Network Engineer: high compensation, highly remote-friendly, stable employment",AI综合评估 + O*NET/ILO/OECD锚点校准,2026-04-13,2026-04-13,2000-2026
TECH-0301-FR-general,信息技术与数字化,TECH,网络与安全,网络工程师,Network Engineer,2523,15-1241.00,西欧,法国,FR,country,general,本科/大专,22-28,global,5.5,5.4,6.8,7.6,7.4,7.5,6.4,5.9,7.3,6.2,7.6,9.7,8.3,6.8,6.5,5.9,5.7,1.0,5.4,6.4,7.0,7.2,7.5,6.0,6.0,7.0,6.7,4.8,1.8,3.2,3.4,5.1,7.7,3.6,2,0,→,2028-2033,6.65,法国网络工程师：就业稳定,France Network Engineer: stable employment,AI综合评估 + O*NET/ILO/OECD锚点校准,2026-04-13,2026-04-13,2000-2026
TECH-0301-DE-general,信息技术与数字化,TECH,网络与安全,网络工程师,Network Engineer,2523,15-1241.00,西欧,德国,DE,country,general,本科/大专,22-28,global,5.6,5.3,7.2,8.0,7.6,9.1,6.0,6.1,8.2,7.7,8.1,9.7,7.0,8.1,7.3,5.7,6.1,1.0,5.5,6.6,6.1,6.2,6.5,6.4,6.6,6.4,7.1,4.8,2.0,3.2,3.8,5.3,8.1,3.0,2,0,→,2028-2033,6.84,德国网络工程师：薪资回报高，工作时间规律，就业稳定,"Germany Network Engineer: high compensation, regular working hours, stable employment",AI综合评估 + O*NET/ILO/OECD锚点校准,2026-04-13,2026-04-13,2000-2026
TECH-0301-NL-general,信息技术与数字化,TECH,网络与安全,网络工程师,Network Engineer,2523,15-1241.00,西欧,荷兰,NL,country,general,本科/大专,22-28,global,5.3,5.1,6.0,7.6,7.0,7.7,5.8,6.5,8.8,8.2,8.1,9.9,7.5,7.8,7.5,5.9,5.3,1.0,5.0,6.8,9.1,7.2,8.7,6.4,5.4,7.9,6.3,5.4,2.3,3.0,3.4,6.1,7.9,3.8,2,0,→,2028-2033,6.96,荷兰网络工程师：薪资回报高，远程友好度高，工作时间规律,"Netherlands Network Engineer: high compensation, highly remote-friendly, regular working hours",AI综合评估 + O*NET/ILO/OECD锚点校准,2026-04-13,2026-04-13,2000-2026
TECH-0301-CH-general,信息技术与数字化,TECH,网络与安全,网络工程师,Network Engineer,2523,15-1241.00,西欧,瑞士,CH,country,general,本科/大专,22-28,global,6.1,5.6,6.2,8.0,6.6,6.3,7.0,6.5,10.0,8.2,9.4,9.9,7.0,7.6,6.8,6.5,4.9,1.0,5.2,7.4,7.3,7.5,7.5,6.2,5.0,5.5,7.3,4.8,1.7,3.8,3.4,5.3,8.3,3.6,2,0,→,2028-2033,6.92,瑞士网络工程师：薪资回报高，工作时间规律，就业稳定,"Switzerland Network Engineer: high compensation, regular working hours, stable employment",AI综合评估 + O*NET/ILO/OECD锚点校准,2026-04-13,2026-04-13,2000-2026
TECH-0301-SE-general,信息技术与数字化,TECH,网络与安全,网络工程师,Network Engineer,2523,15-1241.00,北欧,瑞典,SE,country,general,本科/大专,22-28,global,6.1,5.0,6.2,7.4,6.4,7.1,6.4,6.5,7.6,6.9,7.9,9.9,7.5,9.8,8.5,5.5,5.3,1.1,5.0,6.8,9.4,6.5,7.7,6.0,5.4,8.5,7.1,5.1,2.3,3.0,3.0,5.7,8.3,3.6,2,0,→,2028-2033,6.87,瑞典网络工程师：远程友好度高，工作时间规律，就业稳定,"Sweden Network Engineer: highly remote-friendly, regular working hours, stable employment",AI综合评估 + O*NET/ILO/OECD锚点校准,2026-04-13,2026-04-13,2000-2026
TECH-0301-DK-general,信息技术与数字化,TECH,网络与安全,网络工程师,Network Engineer,2523,15-1241.00,北欧,丹麦,DK,country,general,本科/大专,22-28,global,5.9,5.0,5.2,7.7,6.2,6.3,6.2,6.1,7.6,6.7,8.6,9.7,7.3,9.6,7.3,6.1,4.5,1.1,5.4,5.8,8.5,7.5,9.0,5.4,4.8,8.5,7.1,4.8,2.4,3.4,3.8,5.5,8.1,3.8,2,0,→,2028-2033,6.73,丹麦网络工程师：远程友好度高，工作时间规律，就业稳定,"Denmark Network Engineer: highly remote-friendly, regular working hours, stable employment",AI综合评估 + O*NET/ILO/OECD锚点校准,2026-04-13,2026-04-13,2000-2026
TECH-0301-FI-general,信息技术与数字化,TECH,网络与安全,网络工程师,Network Engineer,2523,15-1241.00,北欧,芬兰,FI,country,general,本科/大专,22-28,global,5.9,5.4,5.4,7.6,6.6,6.7,6.6,6.9,7.6,6.7,8.4,9.9,7.5,9.6,8.5,6.7,5.1,0.8,5.2,6.8,9.4,8.0,8.2,6.0,4.8,9.1,6.7,5.1,2.0,2.8,3.4,6.3,7.9,3.4,2,0,→,2028-2033,6.99,芬兰网络工程师：远程友好度高，工作时间规律，就业稳定,"Finland Network Engineer: highly remote-friendly, regular working hours, stable employment",AI综合评估 + O*NET/ILO/OECD锚点校准,2026-04-13,2026-04-13,2000-2026
TECH-0301-IT-general,信息技术与数字化,TECH,网络与安全,网络工程师,Network Engineer,2523,15-1241.00,南欧,意大利,IT,country,general,本科/大专,22-28,global,5.6,5.3,5.2,7.3,5.4,6.9,5.2,4.7,6.1,5.4,6.9,9.7,6.5,4.6,5.8,5.3,5.7,1.7,5.0,5.6,5.8,6.2,6.7,5.0,5.4,3.7,6.1,4.8,2.3,3.0,3.6,5.1,6.1,3.6,2,0,→,2028-2033,5.79,意大利网络工程师：发展平稳,Italy Network Engineer: steady development,AI综合评估 + O*NET/ILO/OECD锚点校准,2026-04-13,2026-04-13,2000-2026
TECH-0301-ES-general,信息技术与数字化,TECH,网络与安全,网络工程师,Network Engineer,2523,15-1241.00,南欧,西班牙,ES,country,general,本科/大专,22-28,global,5.8,5.0,5.4,7.3,6.2,7.3,5.2,4.7,4.9,6.2,5.1,9.4,7.3,5.6,6.0,5.3,5.5,1.4,4.9,4.8,6.7,6.7,6.0,5.6,5.6,5.2,6.3,5.1,2.0,3.3,4.2,6.1,7.1,3.6,2,0,→,2028-2033,5.88,西班牙网络工程师：发展平稳,Spain Network Engineer: steady development,AI综合评估 + O*NET/ILO/OECD锚点校准,2026-04-13,2026-04-13,2000-2026
TECH-0301-PT-general,信息技术与数字化,TECH,网络与安全,网络工程师,Network Engineer,2523,15-1241.00,南欧,葡萄牙,PT,country,general,本科/大专,22-28,global,5.3,5.3,5.0,7.1,5.0,6.3,5.0,4.9,5.8,4.9,7.1,9.4,6.5,5.6,6.5,5.7,4.3,1.4,5.1,5.4,7.6,5.7,6.0,5.4,4.2,6.7,5.7,4.7,2.3,2.8,4.0,5.5,7.7,3.8,2,0,→,2028-2033,5.87,葡萄牙网络工程师：发展平稳,Portugal Network Engineer: steady development,AI综合评估 + O*NET/ILO/OECD锚点校准,2026-04-13,2026-04-13,2000-2026
TECH-0301-PL-general,信息技术与数字化,TECH,网络与安全,网络工程师,Network Engineer,2523,15-1241.00,东欧,波兰,PL,country,general,本科/大专,22-28,global,6.1,4.8,5.8,7.3,6.0,6.3,5.6,5.1,5.2,5.7,6.6,9.2,6.3,5.8,6.3,5.1,5.5,1.6,5.4,5.4,8.2,6.7,5.7,5.2,4.6,5.2,5.9,5.3,1.8,3.3,3.6,5.9,7.1,3.2,2,0,→,2028-2033,5.99,波兰网络工程师：发展平稳,Poland Network Engineer: steady development,AI综合评估 + O*NET/ILO/OECD锚点校准,2026-04-13,2026-04-13,2000-2026
TECH-0301-CZ-general,信息技术与数字化,TECH,网络与安全,网络工程师,Network Engineer,2523,15-1241.00,东欧,捷克,CZ,country,general,本科/大专,22-28,global,5.6,5.3,5.8,7.6,5.6,6.7,6.2,4.7,5.8,6.4,8.1,9.7,7.3,7.3,6.0,5.7,4.3,1.7,4.7,5.4,6.7,7.2,6.7,5.4,5.2,5.2,6.5,5.0,1.8,2.8,3.8,5.3,7.3,3.4,2,0,→,2028-2033,6.14,捷克网络工程师：就业稳定,Czech Republic Network Engineer: stable employment,AI综合评估 + O*NET/ILO/OECD锚点校准,2026-04-13,2026-04-13,2000-2026
TECH-0301-RU-general,信息技术与数字化,TECH,网络与安全,网络工程师,Network Engineer,2523,15-1241.00,东欧,俄罗斯,RU,country,general,本科/大专,22-28,global,5.6,4.8,5.4,6.4,6.4,7.5,5.8,4.3,5.5,5.4,4.9,8.9,6.5,5.3,6.0,6.1,4.5,1.7,5.2,5.0,7.0,5.2,5.2,5.6,5.0,5.2,5.5,5.0,1.7,3.2,4.8,5.9,4.1,4.0,2,0,→,2028-2033,5.63,俄罗斯网络工程师：发展平稳,Russia Network Engineer: steady development,AI综合评估 + O*NET/ILO/OECD锚点校准,2026-04-13,2026-04-13,2000-2026
TECH-0301-US-general,信息技术与数字化,TECH,网络与安全,网络工程师,Network Engineer,2523,15-1241.00,北美,美国,US,country,general,本科/大专,22-28,global,5.6,5.0,7.4,7.0,8.4,9.5,7.6,6.3,10.0,8.7,5.9,9.4,6.3,4.8,4.8,6.9,6.7,1.1,5.6,7.6,10.0,6.0,4.5,6.8,5.8,6.1,5.7,5.1,2.4,2.8,3.6,5.7,7.5,3.4,2,1,→,2028-2033,6.86,美国网络工程师：薪资回报高，人才需求旺盛，远程友好度高,"United States Network Engineer: high compensation, strong talent demand, highly remote-friendly",AI综合评估 + O*NET/ILO/OECD锚点校准,2026-04-13,2026-04-13,2000-2026
TECH-0301-CA-general,信息技术与数字化,TECH,网络与安全,网络工程师,Network Engineer,2523,15-1241.00,北美,加拿大,CA,country,general,本科/大专,22-28,global,5.9,5.6,6.2,7.9,6.6,8.3,6.0,6.7,8.2,7.9,7.9,9.9,7.3,7.1,7.3,5.7,5.5,1.4,5.4,6.6,8.5,7.7,6.5,6.4,6.2,6.7,6.3,4.8,2.0,3.2,4.0,6.7,8.3,3.8,2,1,→,2028-2033,6.8,加拿大网络工程师：薪资回报高，远程友好度高，就业稳定,"Canada Network Engineer: high compensation, highly remote-friendly, stable employment",AI综合评估 + O*NET/ILO/OECD锚点校准,2026-04-13,2026-04-13,2000-2026
TECH-0301-MX-general,信息技术与数字化,TECH,网络与安全,网络工程师,Network Engineer,2523,15-1241.00,北美,墨西哥,MX,country,general,本科/大专,22-28,global,5.3,4.7,5.6,6.5,6.4,7.3,5.8,4.7,4.6,5.4,5.4,9.4,6.0,3.6,4.5,5.1,5.1,1.4,5.2,4.2,5.5,5.2,5.0,4.8,4.6,2.5,5.3,5.1,2.3,2.7,4.4,5.1,5.7,3.2,2,0,→,2028-2033,5.45,墨西哥网络工程师：发展平稳,Mexico Network Engineer: steady development,AI综合评估 + O*NET/ILO/OECD锚点校准,2026-04-13,2026-04-13,2000-2026
TECH-0301-BR-general,信息技术与数字化,TECH,网络与安全,网络工程师,Network Engineer,2523,15-1241.00,南美,巴西,BR,country,general,本科/大专,22-28,global,5.0,5.0,6.2,6.2,6.8,8.3,5.8,5.1,4.9,5.2,5.9,9.7,6.3,4.8,5.0,5.1,4.9,1.4,4.9,5.2,6.4,6.0,4.7,5.2,5.0,4.3,6.1,5.3,1.5,3.3,4.2,5.7,5.7,3.4,2,0,→,2028-2033,5.74,巴西网络工程师：发展平稳,Brazil Network Engineer: steady development,AI综合评估 + O*NET/ILO/OECD锚点校准,2026-04-13,2026-04-13,2000-2026
TECH-0301-AR-general,信息技术与数字化,TECH,网络与安全,网络工程师,Network Engineer,2523,15-1241.00,南美,阿根廷,AR,country,general,本科/大专,22-28,global,5.2,5.3,5.2,6.7,4.8,5.5,5.2,4.5,3.1,4.7,4.1,9.4,5.8,5.1,5.3,5.1,5.1,1.6,5.1,4.6,7.0,6.0,5.2,5.6,4.4,4.3,5.9,5.1,2.0,2.8,4.0,5.3,5.9,3.4,2,0,→,2028-2033,5.37,阿根廷网络工程师：薪资水平偏低,Argentina Network Engineer: relatively low pay,AI综合评估 + O*NET/ILO/OECD锚点校准,2026-04-13,2026-04-13,2000-2026
TECH-0301-CL-general,信息技术与数字化,TECH,网络与安全,网络工程师,Network Engineer,2523,15-1241.00,南美,智利,CL,country,general,本科/大专,22-28,global,5.5,4.7,4.2,6.5,4.8,5.3,5.0,4.3,5.2,5.4,6.1,9.4,7.0,4.6,5.0,5.5,4.1,1.4,4.6,4.6,6.4,5.7,5.2,5.2,4.8,3.7,6.3,5.0,1.7,2.7,3.6,5.5,5.9,4.4,2,0,→,2028-2033,5.45,智利网络工程师：发展平稳,Chile Network Engineer: steady development,AI综合评估 + O*NET/ILO/OECD锚点校准,2026-04-13,2026-04-13,2000-2026
TECH-0301-CO-general,信息技术与数字化,TECH,网络与安全,网络工程师,Network Engineer,2523,15-1241.00,南美,哥伦比亚,CO,country,general,本科/大专,22-28,global,5.0,4.7,4.8,6.8,4.6,6.5,5.0,5.3,2.5,5.2,5.6,9.7,6.5,4.1,4.8,5.3,4.1,1.6,4.9,4.2,6.4,5.7,5.5,4.8,4.6,3.4,5.9,5.4,1.7,3.0,3.8,5.1,4.9,4.0,2,0,→,2028-2033,5.31,哥伦比亚网络工程师：薪资水平偏低,Colombia Network Engineer: relatively low pay,AI综合评估 + O*NET/ILO/OECD锚点校准,2026-04-13,2026-04-13,2000-2026
TECH-0301-AU-general,信息技术与数字化,TECH,网络与安全,网络工程师,Network Engineer,2523,15-1241.00,大洋洲,澳大利亚,AU,country,general,本科/大专,22-28,global,5.8,5.1,6.0,7.6,6.6,7.7,6.6,6.1,9.4,7.7,8.1,9.9,7.0,6.8,6.8,5.9,5.1,1.3,5.0,6.0,8.5,7.2,7.5,5.8,5.6,7.9,6.9,5.4,1.8,3.8,3.8,6.5,7.5,3.2,2,0,→,2028-2033,6.79,澳大利亚网络工程师：薪资回报高，远程友好度高，就业稳定,"Australia Network Engineer: high compensation, highly remote-friendly, stable employment",AI综合评估 + O*NET/ILO/OECD锚点校准,2026-04-13,2026-04-13,2000-2026
TECH-0301-NZ-general,信息技术与数字化,TECH,网络与安全,网络工程师,Network Engineer,2523,15-1241.00,大洋洲,新西兰,NZ,country,general,本科/大专,22-28,global,5.5,5.4,5.4,7.9,5.0,5.9,5.8,5.1,6.7,6.9,7.9,9.7,7.3,7.1,7.8,5.5,5.3,1.7,4.6,5.4,8.5,6.5,8.0,6.2,5.0,7.3,6.7,4.7,2.3,3.0,3.6,6.3,7.1,3.6,2,0,→,2028-2033,6.36,新西兰网络工程师：远程友好度高，就业稳定,"New Zealand Network Engineer: highly remote-friendly, stable employment",AI综合评估 + O*NET/ILO/OECD锚点校准,2026-04-13,2026-04-13,2000-2026
TECH-0301-ZA-general,信息技术与数字化,TECH,网络与安全,网络工程师,Network Engineer,2523,15-1241.00,非洲,南非,ZA,country,general,本科/大专,22-28,global,5.9,5.1,4.6,6.4,5.2,6.1,4.2,5.1,4.0,5.2,6.1,9.4,6.5,5.6,6.3,4.9,4.5,1.7,5.0,4.2,5.8,5.5,4.5,5.2,4.6,3.4,5.9,4.7,2.4,3.3,4.0,5.3,5.5,4.0,2,0,→,2028-2033,5.35,南非网络工程师：薪资水平偏低,South Africa Network Engineer: relatively low pay,AI综合评估 + O*NET/ILO/OECD锚点校准,2026-04-13,2026-04-13,2000-2026
TECH-0301-NG-general,信息技术与数字化,TECH,网络与安全,网络工程师,Network Engineer,2523,15-1241.00,非洲,尼日利亚,NG,country,general,本科/大专,22-28,global,4.9,4.4,4.0,6.1,5.2,6.7,4.0,2.9,1.9,3.7,4.9,9.4,6.3,4.6,4.8,4.7,4.5,2.2,4.7,3.8,6.4,5.2,3.5,5.2,4.6,1.0,5.5,5.3,2.4,2.6,4.8,5.5,5.3,3.6,1,-1,→,2028-2033,4.86,尼日利亚网络工程师：薪资水平偏低，供过于求,"Nigeria Network Engineer: relatively low pay, oversupply of talent",AI综合评估 + O*NET/ILO/OECD锚点校准,2026-04-13,2026-04-13,2000-2026
TECH-0301-KE-general,信息技术与数字化,TECH,网络与安全,网络工程师,Network Engineer,2523,15-1241.00,非洲,肯尼亚,KE,country,general,本科/大专,22-28,global,5.2,4.8,3.8,6.7,4.6,4.9,4.8,2.5,1.3,3.7,4.6,8.9,5.8,5.3,5.8,5.3,3.7,2.2,4.9,4.4,5.2,6.0,4.0,5.2,4.4,2.2,5.9,4.7,2.3,2.4,4.0,4.9,6.5,4.0,1,-1,→,2028-2033,4.88,肯尼亚网络工程师：薪资水平偏低,Kenya Network Engineer: relatively low pay,AI综合评估 + O*NET/ILO/OECD锚点校准,2026-04-13,2026-04-13,2000-2026
TECH-0301-EG-general,信息技术与数字化,TECH,网络与安全,网络工程师,Network Engineer,2523,15-1241.00,非洲,埃及,EG,country,general,本科/大专,22-28,global,5.6,5.1,4.2,6.4,5.0,7.1,4.8,2.7,1.6,3.7,5.4,9.4,6.5,4.6,5.0,5.5,4.7,1.9,4.7,4.0,5.5,5.0,5.0,5.4,4.0,1.9,5.9,4.8,2.0,2.8,5.0,5.3,5.9,3.6,1,-1,→,2028-2033,4.96,埃及网络工程师：薪资水平偏低,Egypt Network Engineer: relatively low pay,AI综合评估 + O*NET/ILO/OECD锚点校准,2026-04-13,2026-04-13,2000-2026
TECH-0302-CN-general,信息技术与数字化,TECH,网络与安全,信息安全工程师,Cybersecurity Engineer,2529,15-1212.00,东亚,中国,CN,country,general,本科/硕士,23-30,global,6.3,5.8,9.5,8.3,10.0,8.4,9.8,9.9,10.0,9.4,7.1,8.7,4.5,0.7,2.0,7.3,7.5,0.4,7.8,9.1,6.0,6.3,3.3,8.2,7.6,4.6,6.6,5.8,1.0,3.1,3.2,6.3,7.5,2.7,5,5,↑↑,2035+,7.24,中国信息安全工程师：薪资回报高，人才需求旺盛，AI替代抗性强,"China Cybersecurity Engineer: high compensation, strong talent demand, strong AI resistance",AI综合评估 + O*NET/ILO/OECD锚点校准,2026-04-13,2026-04-13,2000-2026
TECH-0302-JP-general,信息技术与数字化,TECH,网络与安全,信息安全工程师,Cybersecurity Engineer,2529,15-1212.00,东亚,日本,JP,country,general,本科/硕士,23-30,global,6.3,5.3,8.7,8.6,9.7,7.6,9.0,9.3,10.0,9.1,9.1,9.2,6.2,2.2,3.8,7.3,6.1,0.3,7.4,8.1,6.0,6.8,5.0,7.6,8.2,4.0,5.8,5.5,1.0,3.4,2.8,6.1,7.1,3.3,5,4,↑↑,2032-2038,7.28,日本信息安全工程师：薪资回报高，人才需求旺盛，加班文化严重,"Japan Cybersecurity Engineer: high compensation, strong talent demand, heavy overtime culture",AI综合评估 + O*NET/ILO/OECD锚点校准,2026-04-13,2026-04-13,2000-2026
TECH-0302-KR-general,信息技术与数字化,TECH,网络与安全,信息安全工程师,Cybersecurity Engineer,2529,15-1212.00,东亚,韩国,KR,country,general,本科/硕士,23-30,global,6.6,5.8,9.3,8.1,9.1,7.0,9.6,9.9,8.3,8.6,7.9,9.2,6.2,1.9,3.5,7.5,6.5,0.6,7.9,8.1,6.6,5.8,4.3,7.4,7.2,2.2,7.0,5.8,1.3,3.5,3.2,6.5,8.1,2.3,5,4,↑↑,2035+,7.12,韩国信息安全工程师：薪资回报高，人才需求旺盛，AI替代抗性强,"South Korea Cybersecurity Engineer: high compensation, strong talent demand, strong AI resistance",AI综合评估 + O*NET/ILO/OECD锚点校准,2026-04-13,2026-04-13,2000-2026
TECH-0302-TW-general,信息技术与数字化,TECH,网络与安全,信息安全工程师,Cybersecurity Engineer,2529,15-1212.00,东亚,中国台湾地区,TW,region,general,本科/硕士,23-30,global,6.6,5.6,8.5,7.7,8.5,6.4,9.0,10.0,7.7,8.1,7.9,9.0,5.5,3.4,4.0,7.5,6.9,0.4,7.8,8.7,6.6,6.3,4.3,8.0,7.4,4.6,6.2,5.4,1.1,3.7,3.0,7.1,8.5,3.5,5,4,↑↑,2035+,7.12,中国台湾地区信息安全工程师：人才需求旺盛，AI替代抗性强，加班文化严重,"Taiwan (China) Cybersecurity Engineer: strong talent demand, strong AI resistance, heavy overtime culture",AI综合评估 + O*NET/ILO/OECD锚点校准,2026-04-13,2026-04-13,2000-2026
TECH-0302-HK-general,信息技术与数字化,TECH,网络与安全,信息安全工程师,Cybersecurity Engineer,2529,15-1212.00,东亚,中国香港地区,HK,region,general,本科/硕士,23-30,global,6.9,5.6,7.5,8.1,8.3,5.2,9.2,8.7,10.0,8.9,8.6,9.0,6.5,2.2,3.3,7.5,5.9,1.0,7.8,8.7,8.1,6.3,3.5,7.6,6.4,5.8,6.4,5.7,1.3,4.0,3.0,7.5,9.9,2.7,5,4,↑↑,2035+,7.16,中国香港地区信息安全工程师：薪资回报高，人才需求旺盛，AI替代抗性强,"Hong Kong (China) Cybersecurity Engineer: high compensation, strong talent demand, strong AI resistance",AI综合评估 + O*NET/ILO/OECD锚点校准,2026-04-13,2026-04-13,2000-2026
TECH-0302-SG-general,信息技术与数字化,TECH,网络与安全,信息安全工程师,Cybersecurity Engineer,2529,15-1212.00,东南亚,新加坡,SG,country,general,本科/硕士,23-30,global,6.6,5.8,9.5,8.4,8.9,6.2,9.2,10.0,10.0,9.6,9.9,9.0,6.7,3.4,4.3,6.9,6.1,0.4,7.6,8.7,6.9,6.8,5.3,8.0,7.4,6.7,6.6,5.7,1.1,3.8,2.6,6.7,10.0,2.7,5,5,↑↑,2035+,7.6,新加坡信息安全工程师：薪资回报高，人才需求旺盛，AI替代抗性强,"Singapore Cybersecurity Engineer: high compensation, strong talent demand, strong AI resistance",AI综合评估 + O*NET/ILO/OECD锚点校准,2026-04-13,2026-04-13,2000-2026
TECH-0302-TH-general,信息技术与数字化,TECH,网络与安全,信息安全工程师,Cybersecurity Engineer,2529,15-1212.00,东南亚,泰国,TH,country,general,本科/硕士,23-30,global,6.3,5.6,7.1,7.8,7.1,5.8,7.8,8.7,4.7,5.9,6.6,8.7,6.5,5.4,5.3,6.5,6.1,1.0,7.1,6.3,6.6,6.8,4.8,7.2,6.4,5.5,6.2,5.8,1.1,3.1,2.4,6.5,7.5,2.9,5,4,↑↑,2032-2038,6.55,泰国信息安全工程师：人才需求旺盛，近年增长迅猛,"Thailand Cybersecurity Engineer: strong talent demand, rapid recent growth",AI综合评估 + O*NET/ILO/OECD锚点校准,2026-04-13,2026-04-13,2000-2026
TECH-0302-VN-general,信息技术与数字化,TECH,网络与安全,信息安全工程师,Cybersecurity Engineer,2529,15-1212.00,东南亚,越南,VN,country,general,本科/硕士,23-30,global,6.5,5.6,7.5,8.0,7.7,6.4,8.0,8.7,4.7,6.1,6.8,9.0,6.2,2.9,4.5,6.5,5.3,1.2,7.5,6.9,7.5,6.8,3.8,6.6,6.2,4.9,5.6,5.5,0.5,3.4,3.6,6.5,6.9,3.5,5,4,↑↑,2035+,6.42,越南信息安全工程师：人才需求旺盛，AI替代抗性强，加班文化严重,"Vietnam Cybersecurity Engineer: strong talent demand, strong AI resistance, heavy overtime culture",AI综合评估 + O*NET/ILO/OECD锚点校准,2026-04-13,2026-04-13,2000-2026
TECH-0302-ID-general,信息技术与数字化,TECH,网络与安全,信息安全工程师,Cybersecurity Engineer,2529,15-1212.00,东南亚,印度尼西亚,ID,country,general,本科/硕士,23-30,global,6.2,4.9,7.7,7.8,8.1,6.2,8.0,7.7,5.3,6.1,7.1,9.0,6.0,4.7,5.3,7.1,5.7,1.3,7.4,6.3,6.0,6.8,5.0,7.2,6.4,2.5,6.8,5.5,1.4,3.7,3.4,6.5,6.9,3.3,5,4,↑↑,2032-2038,6.52,印度尼西亚信息安全工程师：人才需求旺盛，近年增长迅猛,"Indonesia Cybersecurity Engineer: strong talent demand, rapid recent growth",AI综合评估 + O*NET/ILO/OECD锚点校准,2026-04-13,2026-04-13,2000-2026
TECH-0302-MY-general,信息技术与数字化,TECH,网络与安全,信息安全工程师,Cybersecurity Engineer,2529,15-1212.00,东南亚,马来西亚,MY,country,general,本科/硕士,23-30,global,6.0,5.8,7.7,8.0,7.7,5.4,8.2,8.1,7.4,7.1,8.4,9.0,6.5,3.4,5.0,7.3,6.3,1.3,7.2,6.9,6.0,6.8,5.3,7.8,6.6,4.0,6.2,5.5,1.1,3.2,2.6,6.3,8.7,3.3,5,4,↑↑,2032-2038,6.81,马来西亚信息安全工程师：人才需求旺盛，加班文化严重，就业稳定,"Malaysia Cybersecurity Engineer: strong talent demand, heavy overtime culture, stable employment",AI综合评估 + O*NET/ILO/OECD锚点校准,2026-04-13,2026-04-13,2000-2026
TECH-0302-PH-general,信息技术与数字化,TECH,网络与安全,信息安全工程师,Cybersecurity Engineer,2529,15-1212.00,东南亚,菲律宾,PH,country,general,本科/硕士,23-30,global,6.0,5.8,7.3,7.5,6.9,5.4,7.8,8.3,5.0,5.9,6.6,9.2,5.7,3.7,4.8,7.1,5.9,1.3,7.1,6.9,8.4,7.3,4.3,7.6,6.8,5.5,5.6,5.2,0.5,3.5,3.2,7.3,8.5,3.9,5,4,↑↑,2032-2038,6.54,菲律宾信息安全工程师：人才需求旺盛，近年增长迅猛,"Philippines Cybersecurity Engineer: strong talent demand, rapid recent growth",AI综合评估 + O*NET/ILO/OECD锚点校准,2026-04-13,2026-04-13,2000-2026
TECH-0302-IN-general,信息技术与数字化,TECH,网络与安全,信息安全工程师,Cybersecurity Engineer,2529,15-1212.00,南亚,印度,IN,country,general,本科/硕士,23-30,global,6.8,5.8,8.7,8.1,10.0,8.0,9.6,9.5,6.8,7.4,6.8,8.7,5.7,2.4,4.3,6.7,6.5,0.7,7.4,8.1,8.4,6.5,4.5,7.6,7.2,1.9,5.6,5.2,1.0,3.7,3.6,7.5,9.1,2.5,5,4,↑↑,2032-2038,6.99,印度信息安全工程师：人才需求旺盛，加班文化严重，近年增长迅猛,"India Cybersecurity Engineer: strong talent demand, heavy overtime culture, rapid recent growth",AI综合评估 + O*NET/ILO/OECD锚点校准,2026-04-13,2026-04-13,2000-2026
TECH-0302-PK-general,信息技术与数字化,TECH,网络与安全,信息安全工程师,Cybersecurity Engineer,2529,15-1212.00,南亚,巴基斯坦,PK,country,general,本科/硕士,23-30,global,6.6,5.2,6.7,7.7,6.7,5.2,7.4,7.3,3.5,5.9,5.9,8.7,6.2,3.9,4.5,6.9,5.3,1.3,7.1,6.1,7.5,6.0,3.5,7.2,6.6,1.3,5.8,5.5,0.7,3.4,3.0,7.5,6.7,3.3,4,3,↑,2032-2038,6.08,巴基斯坦信息安全工程师：薪资水平偏低,Pakistan Cybersecurity Engineer: relatively low pay,AI综合评估 + O*NET/ILO/OECD锚点校准,2026-04-13,2026-04-13,2000-2026
TECH-0302-BD-general,信息技术与数字化,TECH,网络与安全,信息安全工程师,Cybersecurity Engineer,2529,15-1212.00,南亚,孟加拉国,BD,country,general,本科/硕士,23-30,global,6.5,5.5,5.9,6.9,5.9,4.2,7.0,6.5,2.6,4.1,4.9,8.7,5.7,3.4,4.5,6.9,5.1,1.3,7.0,6.1,6.6,7.0,3.8,6.4,6.6,1.0,5.6,5.4,1.1,2.9,3.2,6.7,6.5,3.7,4,3,↑,2032-2038,5.68,孟加拉国信息安全工程师：薪资水平偏低，加班文化严重,"Bangladesh Cybersecurity Engineer: relatively low pay, heavy overtime culture",AI综合评估 + O*NET/ILO/OECD锚点校准,2026-04-13,2026-04-13,2000-2026
TECH-0302-AE-general,信息技术与数字化,TECH,网络与安全,信息安全工程师,Cybersecurity Engineer,2529,15-1212.00,中亚/西亚,阿联酋,AE,country,general,本科/硕士,23-30,global,6.3,5.6,8.5,8.3,8.3,5.0,8.6,9.7,10.0,9.6,8.1,9.2,6.5,3.4,4.3,7.9,5.7,0.7,7.9,8.3,7.2,6.5,4.8,8.0,6.6,3.7,6.4,5.2,1.3,3.2,3.2,7.3,9.3,3.1,5,4,↑↑,2035+,7.3,阿联酋信息安全工程师：薪资回报高，人才需求旺盛，AI替代抗性强,"United Arab Emirates Cybersecurity Engineer: high compensation, strong talent demand, strong AI resistance",AI综合评估 + O*NET/ILO/OECD锚点校准,2026-04-13,2026-04-13,2000-2026
TECH-0302-IL-general,信息技术与数字化,TECH,网络与安全,信息安全工程师,Cybersecurity Engineer,2529,15-1212.00,中亚/西亚,以色列,IL,country,general,本科/硕士,23-30,global,7.2,5.8,9.5,7.8,8.9,7.0,9.8,10.0,10.0,8.9,6.8,8.7,6.2,4.2,4.5,7.5,7.1,0.4,7.5,9.5,9.0,6.8,5.8,8.2,7.4,6.4,7.0,5.8,0.7,3.8,3.6,7.1,9.7,3.3,5,5,↑↑,2035+,7.58,以色列信息安全工程师：薪资回报高，人才需求旺盛，AI替代抗性强,"Israel Cybersecurity Engineer: high compensation, strong talent demand, strong AI resistance",AI综合评估 + O*NET/ILO/OECD锚点校准,2026-04-13,2026-04-13,2000-2026
TECH-0302-SA-general,信息技术与数字化,TECH,网络与安全,信息安全工程师,Cybersecurity Engineer,2529,15-1212.00,中亚/西亚,沙特阿拉伯,SA,country,general,本科/硕士,23-30,global,6.3,5.5,7.9,8.6,7.5,5.6,8.2,8.3,9.8,8.6,8.6,9.2,5.5,3.7,5.5,6.9,5.3,1.0,7.9,7.1,5.1,6.0,5.8,7.0,6.6,1.0,5.8,5.1,0.5,3.5,2.6,6.3,7.3,3.1,5,4,↑↑,2035+,6.89,沙特阿拉伯信息安全工程师：薪资回报高，人才需求旺盛，AI替代抗性强,"Saudi Arabia Cybersecurity Engineer: high compensation, strong talent demand, strong AI resistance",AI综合评估 + O*NET/ILO/OECD锚点校准,2026-04-13,2026-04-13,2000-2026
TECH-0302-TR-general,信息技术与数字化,TECH,网络与安全,信息安全工程师,Cybersecurity Engineer,2529,15-1212.00,中亚/西亚,土耳其,TR,country,general,本科/硕士,23-30,global,6.8,5.2,8.7,7.8,8.5,6.6,8.0,7.9,5.6,6.6,6.1,8.7,6.0,3.4,4.0,7.3,6.5,0.7,7.8,6.7,7.2,6.5,4.5,7.8,6.6,2.2,5.8,5.1,1.3,3.2,3.6,6.7,6.9,3.1,5,4,↑↑,2035+,6.58,土耳其信息安全工程师：人才需求旺盛，AI替代抗性强，加班文化严重,"Turkey Cybersecurity Engineer: strong talent demand, strong AI resistance, heavy overtime culture",AI综合评估 + O*NET/ILO/OECD锚点校准,2026-04-13,2026-04-13,2000-2026
TECH-0302-GB-general,信息技术与数字化,TECH,网络与安全,信息安全工程师,Cybersecurity Engineer,2529,15-1212.00,西欧,英国,GB,country,general,本科/硕士,23-30,global,7.2,5.5,9.7,7.8,8.9,7.2,9.6,10.0,10.0,9.1,7.6,9.0,6.5,4.7,6.0,7.9,7.1,0.3,8.0,9.5,9.9,7.3,6.5,7.8,7.4,7.0,7.2,5.1,1.3,4.0,3.4,7.9,10.0,2.1,5,5,↑↑,2035+,7.86,英国信息安全工程师：薪资回报高，人才需求旺盛，AI替代抗性强,"United Kingdom Cybersecurity Engineer: high compensation, strong talent demand, strong AI resistance",AI综合评估 + O*NET/ILO/OECD锚点校准,2026-04-13,2026-04-13,2000-2026
TECH-0302-FR-general,信息技术与数字化,TECH,网络与安全,信息安全工程师,Cybersecurity Engineer,2529,15-1212.00,西欧,法国,FR,country,general,本科/硕士,23-30,global,7.1,5.8,8.3,8.3,8.7,6.8,9.6,9.7,9.5,8.1,8.6,9.2,7.7,6.9,6.5,7.5,5.9,0.7,7.4,8.1,6.9,7.8,7.0,7.6,8.0,5.2,7.4,5.8,0.5,3.5,2.2,7.1,8.5,2.9,5,4,↑↑,2032-2038,7.61,法国信息安全工程师：薪资回报高，人才需求旺盛，就业稳定,"France Cybersecurity Engineer: high compensation, strong talent demand, stable employment",AI综合评估 + O*NET/ILO/OECD锚点校准,2026-04-13,2026-04-13,2000-2026
TECH-0302-DE-general,信息技术与数字化,TECH,网络与安全,信息安全工程师,Cybersecurity Engineer,2529,15-1212.00,西欧,德国,DE,country,general,本科/硕士,23-30,global,7.1,6.2,8.9,8.7,9.3,7.8,9.8,10.0,10.0,8.6,9.9,9.0,7.0,7.9,7.3,7.7,6.3,0.6,7.6,8.5,7.5,7.5,7.0,7.4,7.8,6.1,6.8,5.1,1.4,3.7,2.0,6.9,9.1,3.3,5,4,↑↑,2035+,7.86,德国信息安全工程师：薪资回报高，人才需求旺盛，AI替代抗性强,"Germany Cybersecurity Engineer: high compensation, strong talent demand, strong AI resistance",AI综合评估 + O*NET/ILO/OECD锚点校准,2026-04-13,2026-04-13,2000-2026
TECH-0302-NL-general,信息技术与数字化,TECH,网络与安全,信息安全工程师,Cybersecurity Engineer,2529,15-1212.00,西欧,荷兰,NL,country,general,本科/硕士,23-30,global,7.2,5.8,8.5,8.9,8.7,6.4,9.2,10.0,10.0,9.6,8.8,9.2,7.2,8.7,7.8,6.7,6.7,0.9,7.8,7.9,9.3,7.8,9.0,8.2,8.0,7.6,7.4,6.0,0.8,3.4,2.0,7.7,10.0,3.1,5,4,↑↑,2035+,8.06,荷兰信息安全工程师：薪资回报高，人才需求旺盛，AI替代抗性强,"Netherlands Cybersecurity Engineer: high compensation, strong talent demand, strong AI resistance",AI综合评估 + O*NET/ILO/OECD锚点校准,2026-04-13,2026-04-13,2000-2026
TECH-0302-CH-general,信息技术与数字化,TECH,网络与安全,信息安全工程师,Cybersecurity Engineer,2529,15-1212.00,西欧,瑞士,CH,country,general,本科/硕士,23-30,global,6.5,5.6,8.3,9.0,8.9,5.6,9.6,9.5,10.0,9.9,10.0,9.7,7.5,6.9,6.8,7.1,6.3,0.4,7.2,8.7,6.9,8.0,8.2,8.4,7.2,5.5,7.8,5.4,1.4,3.8,2.4,6.7,8.9,2.7,5,4,↑↑,2032-2038,7.87,瑞士信息安全工程师：薪资回报高，人才需求旺盛，就业稳定,"Switzerland Cybersecurity Engineer: high compensation, strong talent demand, stable employment",AI综合评估 + O*NET/ILO/OECD锚点校准,2026-04-13,2026-04-13,2000-2026
TECH-0302-SE-general,信息技术与数字化,TECH,网络与安全,信息安全工程师,Cybersecurity Engineer,2529,15-1212.00,北欧,瑞典,SE,country,general,本科/硕士,23-30,global,6.3,5.6,8.3,8.9,8.7,5.8,9.4,10.0,10.0,9.4,9.9,9.2,8.0,7.9,7.3,7.1,5.9,0.6,7.9,8.3,9.9,7.8,7.8,7.6,7.6,8.2,7.0,5.7,0.5,3.4,2.0,7.7,9.7,3.7,5,4,↑↑,2035+,8.06,瑞典信息安全工程师：薪资回报高，人才需求旺盛，AI替代抗性强,"Sweden Cybersecurity Engineer: high compensation, strong talent demand, strong AI resistance",AI综合评估 + O*NET/ILO/OECD锚点校准,2026-04-13,2026-04-13,2000-2026
TECH-0302-DK-general,信息技术与数字化,TECH,网络与安全,信息安全工程师,Cybersecurity Engineer,2529,15-1212.00,北欧,丹麦,DK,country,general,本科/硕士,23-30,global,6.6,5.6,8.3,8.6,8.3,5.6,8.8,9.9,10.0,8.9,9.6,9.2,8.2,8.9,7.3,7.9,6.3,0.7,7.9,8.9,8.7,7.5,8.2,7.4,7.4,9.1,7.4,5.4,1.3,3.7,2.4,6.9,9.5,2.9,5,4,↑↑,2035+,7.99,丹麦信息安全工程师：薪资回报高，人才需求旺盛，AI替代抗性强,"Denmark Cybersecurity Engineer: high compensation, strong talent demand, strong AI resistance",AI综合评估 + O*NET/ILO/OECD锚点校准,2026-04-13,2026-04-13,2000-2026
TECH-0302-FI-general,信息技术与数字化,TECH,网络与安全,信息安全工程师,Cybersecurity Engineer,2529,15-1212.00,北欧,芬兰,FI,country,general,本科/硕士,23-30,global,7.1,5.8,8.9,8.9,7.7,5.2,9.4,10.0,8.3,8.9,9.6,9.2,7.5,7.9,7.8,7.1,5.7,0.7,7.8,8.7,10.0,8.5,8.2,7.6,6.6,8.5,7.2,5.7,1.3,4.3,2.2,7.3,9.5,3.1,5,4,↑↑,2035+,7.88,芬兰信息安全工程师：薪资回报高，人才需求旺盛，AI替代抗性强,"Finland Cybersecurity Engineer: high compensation, strong talent demand, strong AI resistance",AI综合评估 + O*NET/ILO/OECD锚点校准,2026-04-13,2026-04-13,2000-2026
TECH-0302-IT-general,信息技术与数字化,TECH,网络与安全,信息安全工程师,Cybersecurity Engineer,2529,15-1212.00,南欧,意大利,IT,country,general,本科/硕士,23-30,global,6.3,5.3,8.1,8.0,8.5,6.2,8.8,8.9,8.0,7.1,6.6,9.2,6.7,4.4,5.5,6.7,6.7,1.2,7.2,7.1,7.2,6.8,5.3,6.8,7.6,4.6,6.2,5.2,1.1,3.2,2.4,7.3,8.5,2.7,5,4,↑↑,2032-2038,7.01,意大利信息安全工程师：薪资回报高，人才需求旺盛，近年增长迅猛,"Italy Cybersecurity Engineer: high compensation, strong talent demand, rapid recent growth",AI综合评估 + O*NET/ILO/OECD锚点校准,2026-04-13,2026-04-13,2000-2026
TECH-0302-ES-general,信息技术与数字化,TECH,网络与安全,信息安全工程师,Cybersecurity Engineer,2529,15-1212.00,南欧,西班牙,ES,country,general,本科/硕士,23-30,global,7.1,5.8,7.9,7.8,7.5,5.6,8.2,8.3,8.3,7.1,7.4,9.0,6.7,5.4,5.3,6.5,5.5,1.3,7.6,6.9,8.4,8.0,6.5,7.6,6.8,5.2,6.8,5.4,1.1,4.0,3.4,7.1,8.5,3.7,5,4,↑↑,2035+,6.99,西班牙信息安全工程师：薪资回报高，人才需求旺盛，AI替代抗性强,"Spain Cybersecurity Engineer: high compensation, strong talent demand, strong AI resistance",AI综合评估 + O*NET/ILO/OECD锚点校准,2026-04-13,2026-04-13,2000-2026
TECH-0302-PT-general,信息技术与数字化,TECH,网络与安全,信息安全工程师,Cybersecurity Engineer,2529,15-1212.00,南欧,葡萄牙,PT,country,general,本科/硕士,23-30,global,6.3,5.6,7.3,7.7,7.5,4.8,7.8,7.9,6.5,6.9,7.4,9.2,7.2,4.9,5.0,6.9,6.1,0.9,7.4,6.9,8.7,7.3,5.8,7.8,6.6,6.7,6.6,5.7,0.5,3.2,3.2,7.7,8.9,3.3,5,4,↑↑,2032-2038,6.94,葡萄牙信息安全工程师：人才需求旺盛，远程友好度高，近年增长迅猛,"Portugal Cybersecurity Engineer: strong talent demand, highly remote-friendly, rapid recent growth",AI综合评估 + O*NET/ILO/OECD锚点校准,2026-04-13,2026-04-13,2000-2026
TECH-0302-PL-general,信息技术与数字化,TECH,网络与安全,信息安全工程师,Cybersecurity Engineer,2529,15-1212.00,东欧,波兰,PL,country,general,本科/硕士,23-30,global,6.2,5.8,7.9,8.1,7.5,6.0,8.6,8.3,7.4,7.1,8.1,9.0,7.7,4.7,5.8,6.9,6.5,0.9,7.8,7.5,9.3,8.0,6.0,8.2,7.0,5.2,6.8,5.8,0.8,3.8,2.4,7.5,9.3,3.5,5,4,↑↑,2035+,7.25,波兰信息安全工程师：人才需求旺盛，AI替代抗性强，远程友好度高,"Poland Cybersecurity Engineer: strong talent demand, strong AI resistance, highly remote-friendly",AI综合评估 + O*NET/ILO/OECD锚点校准,2026-04-13,2026-04-13,2000-2026
TECH-0302-CZ-general,信息技术与数字化,TECH,网络与安全,信息安全工程师,Cybersecurity Engineer,2529,15-1212.00,东欧,捷克,CZ,country,general,本科/硕士,23-30,global,6.8,5.3,8.5,8.3,8.1,5.8,9.0,8.3,7.4,7.4,8.1,9.2,6.5,6.7,6.0,6.9,5.7,1.0,7.1,8.3,7.2,7.5,6.3,7.2,7.4,4.6,6.6,6.0,0.5,4.1,2.6,6.7,8.7,3.5,5,4,↑↑,2032-2038,7.17,捷克信息安全工程师：人才需求旺盛，就业稳定，近年增长迅猛,"Czech Republic Cybersecurity Engineer: strong talent demand, stable employment, rapid recent growth",AI综合评估 + O*NET/ILO/OECD锚点校准,2026-04-13,2026-04-13,2000-2026
TECH-0302-RU-general,信息技术与数字化,TECH,网络与安全,信息安全工程师,Cybersecurity Engineer,2529,15-1212.00,东欧,俄罗斯,RU,country,general,本科/硕士,23-30,global,6.8,5.5,8.9,7.7,7.9,5.8,8.8,8.7,6.8,7.6,5.4,8.5,7.0,5.4,5.8,7.5,5.5,0.9,7.8,7.3,6.9,6.3,4.5,7.2,7.0,5.5,6.8,5.7,0.8,3.2,3.4,6.5,5.9,3.3,5,4,↑↑,2035+,6.83,俄罗斯信息安全工程师：人才需求旺盛，AI替代抗性强，近年增长迅猛,"Russia Cybersecurity Engineer: strong talent demand, strong AI resistance, rapid recent growth",AI综合评估 + O*NET/ILO/OECD锚点校准,2026-04-13,2026-04-13,2000-2026
TECH-0302-US-general,信息技术与数字化,TECH,网络与安全,信息安全工程师,Cybersecurity Engineer,2529,15-1212.00,北美,美国,US,country,general,本科/硕士,23-30,global,7.1,5.9,9.9,7.8,10.0,8.4,10.0,10.0,10.0,10.0,6.8,9.0,6.5,4.2,3.5,8.1,6.9,0.6,7.9,9.3,10.0,7.5,5.3,8.6,7.8,6.7,7.0,5.2,0.7,3.4,3.0,7.5,9.3,2.9,5,5,↑↑,2035+,7.79,美国信息安全工程师：薪资回报高，人才需求旺盛，AI替代抗性强,"United States Cybersecurity Engineer: high compensation, strong talent demand, strong AI resistance",AI综合评估 + O*NET/ILO/OECD锚点校准,2026-04-13,2026-04-13,2000-2026
TECH-0302-CA-general,信息技术与数字化,TECH,网络与安全,信息安全工程师,Cybersecurity Engineer,2529,15-1212.00,北美,加拿大,CA,country,general,本科/硕士,23-30,global,6.6,6.1,8.5,8.6,9.3,7.2,9.0,9.3,10.0,9.9,8.8,9.0,6.5,5.7,5.8,7.3,6.1,0.4,7.4,8.9,10.0,7.8,7.5,7.6,8.0,8.2,7.4,5.7,1.3,4.0,2.2,8.1,10.0,3.3,5,5,↑↑,2032-2038,7.89,加拿大信息安全工程师：薪资回报高，人才需求旺盛，远程友好度高,"Canada Cybersecurity Engineer: high compensation, strong talent demand, highly remote-friendly",AI综合评估 + O*NET/ILO/OECD锚点校准,2026-04-13,2026-04-13,2000-2026
TECH-0302-MX-general,信息技术与数字化,TECH,网络与安全,信息安全工程师,Cybersecurity Engineer,2529,15-1212.00,北美,墨西哥,MX,country,general,本科/硕士,23-30,global,6.6,5.3,7.9,8.0,7.7,7.0,8.6,7.7,5.3,6.9,7.4,9.0,6.2,2.9,5.0,6.9,5.5,1.2,7.4,7.1,6.9,6.5,4.5,6.8,7.6,3.1,6.2,5.4,1.3,3.1,3.6,7.3,7.5,2.9,5,4,↑↑,2032-2038,6.6,墨西哥信息安全工程师：人才需求旺盛，加班文化严重，近年增长迅猛,"Mexico Cybersecurity Engineer: strong talent demand, heavy overtime culture, rapid recent growth",AI综合评估 + O*NET/ILO/OECD锚点校准,2026-04-13,2026-04-13,2000-2026
TECH-0302-BR-general,信息技术与数字化,TECH,网络与安全,信息安全工程师,Cybersecurity Engineer,2529,15-1212.00,南美,巴西,BR,country,general,本科/硕士,23-30,global,6.6,5.5,7.7,8.1,8.3,6.8,7.8,8.1,6.2,7.4,6.4,9.2,6.0,4.4,4.3,7.5,6.1,1.0,7.5,7.5,7.2,6.3,5.3,8.0,7.2,3.4,6.6,5.5,0.8,3.7,3.4,6.7,6.9,3.1,5,4,↑↑,2035+,6.74,巴西信息安全工程师：人才需求旺盛，AI替代抗性强，近年增长迅猛,"Brazil Cybersecurity Engineer: strong talent demand, strong AI resistance, rapid recent growth",AI综合评估 + O*NET/ILO/OECD锚点校准,2026-04-13,2026-04-13,2000-2026
TECH-0302-AR-general,信息技术与数字化,TECH,网络与安全,信息安全工程师,Cybersecurity Engineer,2529,15-1212.00,南美,阿根廷,AR,country,general,本科/硕士,23-30,global,6.6,5.2,7.5,7.5,6.7,5.4,8.2,8.3,5.6,6.6,6.4,8.7,7.0,4.7,5.0,6.5,5.1,0.9,7.6,6.3,6.9,6.5,4.8,7.4,6.2,3.4,6.8,5.7,1.4,3.5,3.8,7.7,7.3,3.1,5,4,↑↑,2035+,6.53,阿根廷信息安全工程师：人才需求旺盛，AI替代抗性强，近年增长迅猛,"Argentina Cybersecurity Engineer: strong talent demand, strong AI resistance, rapid recent growth",AI综合评估 + O*NET/ILO/OECD锚点校准,2026-04-13,2026-04-13,2000-2026
TECH-0302-CL-general,信息技术与数字化,TECH,网络与安全,信息安全工程师,Cybersecurity Engineer,2529,15-1212.00,南美,智利,CL,country,general,本科/硕士,23-30,global,6.3,5.5,6.9,7.8,7.1,4.6,8.6,8.1,6.5,6.9,7.6,9.2,7.0,4.7,4.8,6.7,5.7,1.0,7.5,6.9,7.2,7.5,5.0,7.4,6.8,4.0,6.4,6.0,0.8,3.8,2.8,6.9,8.1,2.9,5,4,↑↑,2035+,6.76,智利信息安全工程师：人才需求旺盛，AI替代抗性强，就业稳定,"Chile Cybersecurity Engineer: strong talent demand, strong AI resistance, stable employment",AI综合评估 + O*NET/ILO/OECD锚点校准,2026-04-13,2026-04-13,2000-2026
TECH-0302-CO-general,信息技术与数字化,TECH,网络与安全,信息安全工程师,Cybersecurity Engineer,2529,15-1212.00,南美,哥伦比亚,CO,country,general,本科/硕士,23-30,global,6.9,5.9,7.1,7.4,7.1,5.2,8.2,7.9,4.7,6.1,6.8,9.0,6.5,4.4,5.0,7.3,6.1,0.7,7.1,6.1,6.6,7.0,5.8,7.0,6.2,4.3,5.6,5.1,1.1,3.4,2.6,7.5,7.1,3.7,5,4,↑↑,2032-2038,6.46,哥伦比亚信息安全工程师：人才需求旺盛，近年增长迅猛,"Colombia Cybersecurity Engineer: strong talent demand, rapid recent growth",AI综合评估 + O*NET/ILO/OECD锚点校准,2026-04-13,2026-04-13,2000-2026
TECH-0302-AU-general,信息技术与数字化,TECH,网络与安全,信息安全工程师,Cybersecurity Engineer,2529,15-1212.00,大洋洲,澳大利亚,AU,country,general,本科/硕士,23-30,global,6.5,5.3,8.7,8.1,9.1,7.0,9.0,9.5,10.0,8.4,8.8,9.5,8.0,6.4,5.8,7.7,5.9,0.6,7.8,8.5,9.6,7.5,7.3,8.4,7.8,7.3,7.6,6.0,1.3,4.0,3.0,7.3,9.5,2.9,5,4,↑↑,2035+,7.86,澳大利亚信息安全工程师：薪资回报高，人才需求旺盛，AI替代抗性强,"Australia Cybersecurity Engineer: high compensation, strong talent demand, strong AI resistance",AI综合评估 + O*NET/ILO/OECD锚点校准,2026-04-13,2026-04-13,2000-2026
TECH-0302-NZ-general,信息技术与数字化,TECH,网络与安全,信息安全工程师,Cybersecurity Engineer,2529,15-1212.00,大洋洲,新西兰,NZ,country,general,本科/硕士,23-30,global,6.3,5.5,7.5,8.3,8.3,4.8,8.6,8.1,9.8,7.6,8.4,9.2,7.7,8.2,7.3,7.3,6.1,1.0,7.6,7.9,8.4,7.8,7.8,7.6,7.6,7.9,7.2,5.2,0.8,3.4,2.6,7.3,9.3,2.9,5,4,↑↑,2035+,7.61,新西兰信息安全工程师：薪资回报高，人才需求旺盛，AI替代抗性强,"New Zealand Cybersecurity Engineer: high compensation, strong talent demand, strong AI resistance",AI综合评估 + O*NET/ILO/OECD锚点校准,2026-04-13,2026-04-13,2000-2026
TECH-0302-ZA-general,信息技术与数字化,TECH,网络与安全,信息安全工程师,Cybersecurity Engineer,2529,15-1212.00,非洲,南非,ZA,country,general,本科/硕士,23-30,global,6.6,5.3,6.9,7.8,6.7,4.6,7.8,7.9,6.2,6.1,6.6,8.7,6.0,4.4,5.5,6.9,5.9,0.9,7.8,6.9,7.5,6.8,4.5,7.6,6.4,3.4,6.0,5.7,0.5,3.2,3.4,6.3,6.7,3.5,5,4,↑↑,2035+,6.52,南非信息安全工程师：人才需求旺盛，AI替代抗性强，近年增长迅猛,"South Africa Cybersecurity Engineer: strong talent demand, strong AI resistance, rapid recent growth",AI综合评估 + O*NET/ILO/OECD锚点校准,2026-04-13,2026-04-13,2000-2026
TECH-0302-NG-general,信息技术与数字化,TECH,网络与安全,信息安全工程师,Cybersecurity Engineer,2529,15-1212.00,非洲,尼日利亚,NG,country,general,本科/硕士,23-30,global,5.9,5.0,6.5,7.7,7.1,5.8,7.6,6.9,4.4,5.4,5.4,8.7,5.5,3.2,4.3,6.7,5.5,1.6,7.4,5.5,7.2,6.5,3.5,6.8,7.0,2.5,5.8,5.2,1.3,3.7,3.2,6.3,6.9,4.1,4,3,↑,2032-2038,6.03,尼日利亚信息安全工程师：薪资水平偏低，人才需求旺盛，加班文化严重,"Nigeria Cybersecurity Engineer: relatively low pay, strong talent demand, heavy overtime culture",AI综合评估 + O*NET/ILO/OECD锚点校准,2026-04-13,2026-04-13,2000-2026
TECH-0302-KE-general,信息技术与数字化,TECH,网络与安全,信息安全工程师,Cybersecurity Engineer,2529,15-1212.00,非洲,肯尼亚,KE,country,general,本科/硕士,23-30,global,6.5,5.2,7.5,7.5,6.9,4.0,7.0,7.1,3.8,5.1,6.1,9.0,5.2,4.9,5.3,7.1,4.9,1.3,7.5,5.9,7.2,7.3,4.5,6.6,5.8,2.8,5.8,5.4,1.1,2.9,3.8,6.1,7.3,4.1,4,3,↑,2035+,6.13,肯尼亚信息安全工程师：薪资水平偏低，AI替代抗性强,"Kenya Cybersecurity Engineer: relatively low pay, strong AI resistance",AI综合评估 + O*NET/ILO/OECD锚点校准,2026-04-13,2026-04-13,2000-2026
TECH-0302-EG-general,信息技术与数字化,TECH,网络与安全,信息安全工程师,Cybersecurity Engineer,2529,15-1212.00,非洲,埃及,EG,country,general,本科/硕士,23-30,global,5.9,5.0,7.3,7.7,7.5,5.0,8.2,6.3,4.7,4.6,6.1,8.5,5.5,3.2,4.3,6.5,5.5,1.6,6.8,6.5,6.6,6.3,4.8,7.0,7.0,1.0,6.4,5.2,0.8,2.8,3.4,7.1,7.5,3.9,4,3,↑,2032-2038,6.11,埃及信息安全工程师：人才需求旺盛，加班文化严重,"Egypt Cybersecurity Engineer: strong talent demand, heavy overtime culture",AI综合评估 + O*NET/ILO/OECD锚点校准,2026-04-13,2026-04-13,2000-2026
TECH-0303-CN-general,信息技术与数字化,TECH,网络与安全,渗透测试工程师,Penetration Tester,2529,15-1212.00,东亚,中国,CN,country,general,本科/自学,22-30,global,6.4,5.3,9.5,7.1,10.0,6.1,9.0,10.0,10.0,8.3,6.9,8.7,5.4,1.4,2.4,7.2,6.7,0.8,8.0,7.9,5.8,5.7,3.7,7.8,7.6,3.4,5.7,5.5,0.8,2.7,3.6,7.4,6.9,2.2,4,5,↑↑,2035+,7.01,中国渗透测试工程师：薪资回报高，人才需求旺盛，AI替代抗性强,"China Penetration Tester: high compensation, strong talent demand, strong AI resistance",AI综合评估 + O*NET/ILO/OECD锚点校准,2026-04-13,2026-04-13,2000-2026
TECH-0303-JP-general,信息技术与数字化,TECH,网络与安全,渗透测试工程师,Penetration Tester,2529,15-1212.00,东亚,日本,JP,country,general,本科/自学,22-30,global,6.1,5.3,9.1,7.7,8.8,5.3,9.6,9.9,8.5,8.8,8.4,8.7,6.4,3.1,4.4,7.2,6.1,0.8,7.9,7.3,7.3,7.2,4.7,8.2,8.2,3.4,5.9,5.3,1.3,3.3,3.2,7.0,6.7,2.6,4,4,↑↑,2035+,7.2,日本渗透测试工程师：薪资回报高，人才需求旺盛，AI替代抗性强,"Japan Penetration Tester: high compensation, strong talent demand, strong AI resistance",AI综合评估 + O*NET/ILO/OECD锚点校准,2026-04-13,2026-04-13,2000-2026
TECH-0303-KR-general,信息技术与数字化,TECH,网络与安全,渗透测试工程师,Penetration Tester,2529,15-1212.00,东亚,韩国,KR,country,general,本科/自学,22-30,global,6.4,5.6,8.1,7.6,8.2,5.3,9.0,10.0,8.8,8.8,7.6,8.7,5.7,2.6,4.1,6.6,6.1,1.4,7.8,7.9,5.8,7.4,3.5,8.4,8.2,1.6,5.7,4.9,1.0,3.0,3.2,7.8,7.5,2.8,4,4,↑↑,2035+,6.93,韩国渗透测试工程师：薪资回报高，人才需求旺盛，AI替代抗性强,"South Korea Penetration Tester: high compensation, strong talent demand, strong AI resistance",AI综合评估 + O*NET/ILO/OECD锚点校准,2026-04-13,2026-04-13,2000-2026
TECH-0303-TW-general,信息技术与数字化,TECH,网络与安全,渗透测试工程师,Penetration Tester,2529,15-1212.00,东亚,中国台湾地区,TW,region,general,本科/自学,22-30,global,6.0,5.1,8.3,6.8,8.2,4.9,9.4,9.9,8.8,8.1,7.1,8.7,5.4,3.9,4.6,7.0,5.9,0.8,7.4,8.1,6.4,7.2,4.0,8.2,8.2,4.6,6.1,5.0,1.0,2.8,2.2,7.8,7.9,2.4,4,4,↑↑,2032-2038,7.1,中国台湾地区渗透测试工程师：薪资回报高，人才需求旺盛，近年增长迅猛,"Taiwan (China) Penetration Tester: high compensation, strong talent demand, rapid recent growth",AI综合评估 + O*NET/ILO/OECD锚点校准,2026-04-13,2026-04-13,2000-2026
TECH-0303-HK-general,信息技术与数字化,TECH,网络与安全,渗透测试工程师,Penetration Tester,2529,15-1212.00,东亚,中国香港地区,HK,region,general,本科/自学,22-30,global,5.7,5.3,7.5,7.1,7.6,3.3,8.6,8.3,10.0,9.1,7.9,8.2,6.4,2.1,3.1,7.0,5.7,1.7,7.4,8.1,7.9,7.2,4.2,7.8,8.0,3.7,5.3,5.2,0.7,2.7,2.8,6.8,10.0,2.8,4,4,↑↑,2032-2038,6.95,中国香港地区渗透测试工程师：薪资回报高，人才需求旺盛，加班文化严重,"Hong Kong (China) Penetration Tester: high compensation, strong talent demand, heavy overtime culture",AI综合评估 + O*NET/ILO/OECD锚点校准,2026-04-13,2026-04-13,2000-2026
TECH-0303-SG-general,信息技术与数字化,TECH,网络与安全,渗透测试工程师,Penetration Tester,2529,15-1212.00,东南亚,新加坡,SG,country,general,本科/自学,22-30,global,6.0,5.6,8.1,7.6,8.0,4.7,10.0,9.5,10.0,9.4,8.9,9.0,6.2,4.9,4.4,7.0,5.7,1.4,7.5,8.7,8.5,7.2,5.5,7.6,7.6,5.8,6.3,5.3,1.4,3.3,2.6,7.6,9.9,2.6,4,5,↑↑,2035+,7.46,新加坡渗透测试工程师：薪资回报高，人才需求旺盛，AI替代抗性强,"Singapore Penetration Tester: high compensation, strong talent demand, strong AI resistance",AI综合评估 + O*NET/ILO/OECD锚点校准,2026-04-13,2026-04-13,2000-2026
TECH-0303-TH-general,信息技术与数字化,TECH,网络与安全,渗透测试工程师,Penetration Tester,2529,15-1212.00,东南亚,泰国,TH,country,general,本科/自学,22-30,global,6.3,5.1,6.5,7.0,6.4,3.7,7.4,7.9,5.5,6.6,7.1,8.7,5.7,5.9,5.6,6.4,5.5,1.6,7.5,6.1,5.5,6.7,5.2,7.6,7.6,3.7,6.3,5.2,0.8,2.4,3.6,7.8,7.3,2.2,4,4,↑↑,2035+,6.45,泰国渗透测试工程师：AI替代抗性强，近年增长迅猛,"Thailand Penetration Tester: strong AI resistance, rapid recent growth",AI综合评估 + O*NET/ILO/OECD锚点校准,2026-04-13,2026-04-13,2000-2026
TECH-0303-VN-general,信息技术与数字化,TECH,网络与安全,渗透测试工程师,Penetration Tester,2529,15-1212.00,东南亚,越南,VN,country,general,本科/自学,22-30,global,6.3,4.7,6.9,7.1,7.0,3.7,8.6,8.5,4.6,5.3,6.4,8.2,5.9,4.6,4.6,6.6,4.9,1.6,7.5,5.7,7.3,7.2,3.7,7.4,7.6,2.8,5.1,4.9,0.5,3.1,2.6,6.6,7.5,2.4,4,4,↑↑,2035+,6.3,越南渗透测试工程师：人才需求旺盛，AI替代抗性强，近年增长迅猛,"Vietnam Penetration Tester: strong talent demand, strong AI resistance, rapid recent growth",AI综合评估 + O*NET/ILO/OECD锚点校准,2026-04-13,2026-04-13,2000-2026
TECH-0303-ID-general,信息技术与数字化,TECH,网络与安全,渗透测试工程师,Penetration Tester,2529,15-1212.00,东南亚,印度尼西亚,ID,country,general,本科/自学,22-30,global,5.8,4.7,7.5,6.4,8.0,3.7,7.4,8.9,4.6,5.3,5.9,8.5,5.7,4.1,5.4,6.4,6.1,1.6,6.8,6.3,5.5,7.4,5.0,7.4,6.8,3.1,6.1,5.2,1.1,2.5,3.4,7.6,6.9,2.4,4,4,↑↑,2032-2038,6.32,印度尼西亚渗透测试工程师：近年增长迅猛,Indonesia Penetration Tester: rapid recent growth,AI综合评估 + O*NET/ILO/OECD锚点校准,2026-04-13,2026-04-13,2000-2026
TECH-0303-MY-general,信息技术与数字化,TECH,网络与安全,渗透测试工程师,Penetration Tester,2529,15-1212.00,东南亚,马来西亚,MY,country,general,本科/自学,22-30,global,5.7,5.1,7.1,7.3,7.4,2.5,8.2,8.1,7.9,7.1,6.9,8.5,6.7,4.9,5.4,6.4,5.1,1.3,7.0,6.3,6.1,7.2,5.0,7.0,7.2,3.7,5.5,4.6,0.7,2.8,3.2,7.4,8.7,2.8,4,4,↑↑,2032-2038,6.64,马来西亚渗透测试工程师：人才需求旺盛，近年增长迅猛,"Malaysia Penetration Tester: strong talent demand, rapid recent growth",AI综合评估 + O*NET/ILO/OECD锚点校准,2026-04-13,2026-04-13,2000-2026
TECH-0303-PH-general,信息技术与数字化,TECH,网络与安全,渗透测试工程师,Penetration Tester,2529,15-1212.00,东南亚,菲律宾,PH,country,general,本科/自学,22-30,global,5.5,5.3,6.9,6.5,6.4,3.7,8.2,8.1,4.3,5.6,6.1,8.5,5.4,4.9,3.8,6.4,5.5,1.4,7.1,5.3,7.9,7.4,4.0,7.6,7.0,4.0,5.1,4.7,1.3,2.7,2.8,7.4,7.7,2.4,4,4,↑↑,2032-2038,6.26,菲律宾渗透测试工程师：薪资水平偏低，人才需求旺盛，近年增长迅猛,"Philippines Penetration Tester: relatively low pay, strong talent demand, rapid recent growth",AI综合评估 + O*NET/ILO/OECD锚点校准,2026-04-13,2026-04-13,2000-2026
TECH-0303-IN-general,信息技术与数字化,TECH,网络与安全,渗透测试工程师,Penetration Tester,2529,15-1212.00,南亚,印度,IN,country,general,本科/自学,22-30,global,6.6,5.6,8.7,7.1,9.0,5.7,9.4,10.0,7.9,7.8,6.6,8.7,6.4,3.4,3.6,7.2,6.7,1.1,7.9,7.5,7.9,7.9,3.5,7.6,7.6,2.5,6.1,4.6,1.3,2.7,3.6,8.0,8.7,2.6,4,4,↑↑,2035+,7.03,印度渗透测试工程师：人才需求旺盛，AI替代抗性强，加班文化严重,"India Penetration Tester: strong talent demand, strong AI resistance, heavy overtime culture",AI综合评估 + O*NET/ILO/OECD锚点校准,2026-04-13,2026-04-13,2000-2026
TECH-0303-PK-general,信息技术与数字化,TECH,网络与安全,渗透测试工程师,Penetration Tester,2529,15-1212.00,南亚,巴基斯坦,PK,country,general,本科/自学,22-30,global,6.0,5.0,6.1,6.1,5.8,3.3,7.4,6.3,5.2,5.8,5.6,8.2,4.9,3.9,4.4,6.2,4.7,1.9,7.2,5.7,6.7,6.7,4.2,7.0,6.4,0.0,5.1,5.0,0.7,3.0,3.4,7.8,7.1,2.8,3,3,↑,2032-2038,5.86,巴基斯坦渗透测试工程师：发展平稳,Pakistan Penetration Tester: steady development,AI综合评估 + O*NET/ILO/OECD锚点校准,2026-04-13,2026-04-13,2000-2026
TECH-0303-BD-general,信息技术与数字化,TECH,网络与安全,渗透测试工程师,Penetration Tester,2529,15-1212.00,南亚,孟加拉国,BD,country,general,本科/自学,22-30,global,5.7,4.4,5.9,6.1,5.4,2.5,7.8,7.1,4.0,5.1,5.9,8.2,4.9,4.4,4.6,5.8,4.5,2.0,7.6,5.3,7.6,6.2,3.7,6.2,6.8,0.4,4.5,4.7,0.7,2.4,3.6,7.0,6.5,2.4,3,3,↑,2035+,5.78,孟加拉国渗透测试工程师：薪资水平偏低，人才需求旺盛，AI替代抗性强,"Bangladesh Penetration Tester: relatively low pay, strong talent demand, strong AI resistance",AI综合评估 + O*NET/ILO/OECD锚点校准,2026-04-13,2026-04-13,2000-2026
TECH-0303-AE-general,信息技术与数字化,TECH,网络与安全,渗透测试工程师,Penetration Tester,2529,15-1212.00,中亚/西亚,阿联酋,AE,country,general,本科/自学,22-30,global,6.0,5.4,8.1,7.4,7.6,4.1,9.6,9.5,10.0,9.1,8.1,9.0,6.4,4.9,5.1,7.4,4.9,1.1,7.5,8.3,5.8,6.9,5.5,8.2,7.4,3.7,6.3,4.6,1.0,3.6,2.4,7.4,8.9,2.4,4,4,↑↑,2035+,7.24,阿联酋渗透测试工程师：薪资回报高，人才需求旺盛，AI替代抗性强,"United Arab Emirates Penetration Tester: high compensation, strong talent demand, strong AI resistance",AI综合评估 + O*NET/ILO/OECD锚点校准,2026-04-13,2026-04-13,2000-2026
TECH-0303-IL-general,信息技术与数字化,TECH,网络与安全,渗透测试工程师,Penetration Tester,2529,15-1212.00,中亚/西亚,以色列,IL,country,general,本科/自学,22-30,global,6.0,5.3,8.5,7.3,8.0,4.3,9.4,10.0,10.0,9.4,7.1,8.5,6.7,5.1,5.6,7.0,6.1,1.0,7.9,8.7,8.2,7.7,5.0,7.8,8.0,5.8,6.3,5.2,1.3,2.7,2.8,8.4,9.1,2.8,4,5,↑↑,2035+,7.49,以色列渗透测试工程师：薪资回报高，人才需求旺盛，AI替代抗性强,"Israel Penetration Tester: high compensation, strong talent demand, strong AI resistance",AI综合评估 + O*NET/ILO/OECD锚点校准,2026-04-13,2026-04-13,2000-2026
TECH-0303-SA-general,信息技术与数字化,TECH,网络与安全,渗透测试工程师,Penetration Tester,2529,15-1212.00,中亚/西亚,沙特阿拉伯,SA,country,general,本科/自学,22-30,global,6.0,5.0,7.7,7.3,7.2,2.9,8.6,8.7,8.5,7.1,7.6,8.7,6.4,4.1,4.4,6.2,5.5,1.4,7.6,7.1,5.8,7.2,4.2,7.8,6.8,2.2,5.5,5.3,0.5,2.7,2.4,7.2,7.5,3.2,4,4,↑↑,2035+,6.7,沙特阿拉伯渗透测试工程师：薪资回报高，人才需求旺盛，AI替代抗性强,"Saudi Arabia Penetration Tester: high compensation, strong talent demand, strong AI resistance",AI综合评估 + O*NET/ILO/OECD锚点校准,2026-04-13,2026-04-13,2000-2026
TECH-0303-TR-general,信息技术与数字化,TECH,网络与安全,渗透测试工程师,Penetration Tester,2529,15-1212.00,中亚/西亚,土耳其,TR,country,general,本科/自学,22-30,global,6.1,4.7,8.1,6.7,7.4,4.3,8.0,8.1,5.8,7.1,5.4,8.5,6.7,3.6,4.4,5.8,5.7,1.4,7.2,6.3,6.1,6.4,4.7,7.4,7.8,2.8,5.5,4.7,1.3,3.1,3.0,7.0,7.7,3.2,4,4,↑↑,2032-2038,6.38,土耳其渗透测试工程师：人才需求旺盛，近年增长迅猛,"Turkey Penetration Tester: strong talent demand, rapid recent growth",AI综合评估 + O*NET/ILO/OECD锚点校准,2026-04-13,2026-04-13,2000-2026
TECH-0303-GB-general,信息技术与数字化,TECH,网络与安全,渗透测试工程师,Penetration Tester,2529,15-1212.00,西欧,英国,GB,country,general,本科/自学,22-30,global,6.4,5.0,8.9,7.4,8.6,5.5,9.6,9.5,10.0,9.4,7.6,8.5,6.9,6.6,4.9,7.4,6.5,1.3,7.5,8.7,10.0,8.7,5.7,8.6,8.6,5.5,6.5,5.5,0.8,3.6,2.4,8.2,9.9,2.4,4,5,↑↑,2035+,7.73,英国渗透测试工程师：薪资回报高，人才需求旺盛，AI替代抗性强,"United Kingdom Penetration Tester: high compensation, strong talent demand, strong AI resistance",AI综合评估 + O*NET/ILO/OECD锚点校准,2026-04-13,2026-04-13,2000-2026
TECH-0303-FR-general,信息技术与数字化,TECH,网络与安全,渗透测试工程师,Penetration Tester,2529,15-1212.00,西欧,法国,FR,country,general,本科/自学,22-30,global,6.3,5.3,8.3,7.4,8.2,5.1,9.0,9.7,9.4,8.8,8.6,8.7,7.9,7.4,5.6,7.2,6.3,1.1,7.4,7.3,7.6,8.2,7.0,7.4,7.6,5.8,6.5,5.2,1.3,3.1,2.6,7.0,8.5,2.0,4,4,↑↑,2032-2038,7.51,法国渗透测试工程师：薪资回报高，人才需求旺盛，就业稳定,"France Penetration Tester: high compensation, strong talent demand, stable employment",AI综合评估 + O*NET/ILO/OECD锚点校准,2026-04-13,2026-04-13,2000-2026
TECH-0303-DE-general,信息技术与数字化,TECH,网络与安全,渗透测试工程师,Penetration Tester,2529,15-1212.00,西欧,德国,DE,country,general,本科/自学,22-30,global,6.6,5.0,9.1,7.4,9.0,5.3,9.6,10.0,10.0,9.4,8.4,8.7,7.9,7.9,7.4,6.8,6.3,1.0,7.6,7.7,8.8,7.9,7.5,8.0,8.4,6.1,6.9,5.3,0.7,3.0,1.8,8.0,9.5,1.8,4,4,↑↑,2035+,7.91,德国渗透测试工程师：薪资回报高，人才需求旺盛，AI替代抗性强,"Germany Penetration Tester: high compensation, strong talent demand, strong AI resistance",AI综合评估 + O*NET/ILO/OECD锚点校准,2026-04-13,2026-04-13,2000-2026
TECH-0303-NL-general,信息技术与数字化,TECH,网络与安全,渗透测试工程师,Penetration Tester,2529,15-1212.00,西欧,荷兰,NL,country,general,本科/自学,22-30,global,6.6,5.0,8.3,7.3,8.4,4.3,10.0,10.0,10.0,9.6,8.4,8.5,7.9,8.9,7.1,6.4,5.3,1.1,7.8,8.3,10.0,7.9,7.7,7.8,8.0,7.0,6.5,5.2,1.3,3.4,2.4,8.2,9.5,2.8,4,4,↑↑,2035+,7.86,荷兰渗透测试工程师：薪资回报高，人才需求旺盛，AI替代抗性强,"Netherlands Penetration Tester: high compensation, strong talent demand, strong AI resistance",AI综合评估 + O*NET/ILO/OECD锚点校准,2026-04-13,2026-04-13,2000-2026
TECH-0303-CH-general,信息技术与数字化,TECH,网络与安全,渗透测试工程师,Penetration Tester,2529,15-1212.00,西欧,瑞士,CH,country,general,本科/自学,22-30,global,6.3,5.0,7.9,7.6,8.2,3.9,9.0,9.5,10.0,10.0,9.6,8.7,7.4,7.1,6.8,6.8,6.1,1.3,7.8,8.9,8.2,9.2,7.2,7.6,8.2,6.4,6.5,4.7,1.4,3.4,2.0,7.2,9.5,2.4,4,4,↑↑,2035+,7.76,瑞士渗透测试工程师：薪资回报高，人才需求旺盛，AI替代抗性强,"Switzerland Penetration Tester: high compensation, strong talent demand, strong AI resistance",AI综合评估 + O*NET/ILO/OECD锚点校准,2026-04-13,2026-04-13,2000-2026
TECH-0303-SE-general,信息技术与数字化,TECH,网络与安全,渗透测试工程师,Penetration Tester,2529,15-1212.00,北欧,瑞典,SE,country,general,本科/自学,22-30,global,6.0,5.6,7.7,7.4,7.6,4.3,10.0,10.0,10.0,9.6,8.9,8.7,8.7,8.9,7.1,7.2,5.5,1.1,7.9,7.9,10.0,8.4,7.7,8.2,8.2,7.3,7.1,4.9,1.0,3.1,1.8,7.6,9.1,2.2,4,4,↑↑,2035+,7.93,瑞典渗透测试工程师：薪资回报高，人才需求旺盛，AI替代抗性强,"Sweden Penetration Tester: high compensation, strong talent demand, strong AI resistance",AI综合评估 + O*NET/ILO/OECD锚点校准,2026-04-13,2026-04-13,2000-2026
TECH-0303-DK-general,信息技术与数字化,TECH,网络与安全,渗透测试工程师,Penetration Tester,2529,15-1212.00,北欧,丹麦,DK,country,general,本科/自学,22-30,global,6.1,5.0,7.9,8.0,7.4,3.9,9.6,9.7,10.0,8.3,8.4,9.0,7.4,8.9,6.8,7.2,5.1,1.3,7.8,7.5,9.4,8.4,8.7,8.2,7.6,8.5,6.7,4.9,1.4,3.1,2.0,8.4,9.1,2.6,4,4,↑↑,2035+,7.8,丹麦渗透测试工程师：薪资回报高，人才需求旺盛，AI替代抗性强,"Denmark Penetration Tester: high compensation, strong talent demand, strong AI resistance",AI综合评估 + O*NET/ILO/OECD锚点校准,2026-04-13,2026-04-13,2000-2026
TECH-0303-FI-general,信息技术与数字化,TECH,网络与安全,渗透测试工程师,Penetration Tester,2529,15-1212.00,北欧,芬兰,FI,country,general,本科/自学,22-30,global,6.3,5.1,8.1,8.0,7.4,3.1,9.0,9.7,8.8,8.1,9.4,8.5,7.2,8.6,7.9,7.2,5.3,1.3,7.9,7.7,9.7,9.2,9.0,7.8,7.6,8.2,6.7,5.2,1.3,3.4,2.2,8.4,9.7,2.2,4,4,↑↑,2035+,7.81,芬兰渗透测试工程师：薪资回报高，人才需求旺盛，AI替代抗性强,"Finland Penetration Tester: high compensation, strong talent demand, strong AI resistance",AI综合评估 + O*NET/ILO/OECD锚点校准,2026-04-13,2026-04-13,2000-2026
TECH-0303-IT-general,信息技术与数字化,TECH,网络与安全,渗透测试工程师,Penetration Tester,2529,15-1212.00,南欧,意大利,IT,country,general,本科/自学,22-30,global,6.1,4.7,7.7,7.1,7.6,4.7,8.0,7.9,8.5,7.1,7.1,8.2,6.7,4.6,4.6,6.4,5.3,1.6,7.4,6.9,6.4,7.2,5.7,6.8,8.2,2.8,5.7,5.0,0.7,3.4,3.4,7.6,7.7,2.2,4,4,↑↑,2032-2038,6.72,意大利渗透测试工程师：薪资回报高，人才需求旺盛，近年增长迅猛,"Italy Penetration Tester: high compensation, strong talent demand, rapid recent growth",AI综合评估 + O*NET/ILO/OECD锚点校准,2026-04-13,2026-04-13,2000-2026
TECH-0303-ES-general,信息技术与数字化,TECH,网络与安全,渗透测试工程师,Penetration Tester,2529,15-1212.00,南欧,西班牙,ES,country,general,本科/自学,22-30,global,6.4,5.3,7.1,6.8,7.6,3.5,9.0,8.9,7.0,7.1,5.9,8.5,7.4,4.6,4.6,6.4,5.9,1.3,7.4,6.5,7.6,8.7,7.0,7.8,7.6,5.2,6.1,4.7,1.0,3.6,3.2,8.2,9.1,2.4,4,4,↑↑,2032-2038,6.88,西班牙渗透测试工程师：人才需求旺盛，近年增长迅猛,"Spain Penetration Tester: strong talent demand, rapid recent growth",AI综合评估 + O*NET/ILO/OECD锚点校准,2026-04-13,2026-04-13,2000-2026
TECH-0303-PT-general,信息技术与数字化,TECH,网络与安全,渗透测试工程师,Penetration Tester,2529,15-1212.00,南欧,葡萄牙,PT,country,general,本科/自学,22-30,global,6.3,5.1,7.1,6.8,7.0,2.5,9.0,8.5,7.0,7.3,6.9,8.5,6.9,6.4,5.9,6.4,4.9,1.3,7.5,7.1,7.9,7.9,7.0,7.0,7.0,5.2,5.7,5.2,1.0,3.0,3.0,7.0,8.9,3.0,4,4,↑↑,2035+,6.88,葡萄牙渗透测试工程师：人才需求旺盛，AI替代抗性强，近年增长迅猛,"Portugal Penetration Tester: strong talent demand, strong AI resistance, rapid recent growth",AI综合评估 + O*NET/ILO/OECD锚点校准,2026-04-13,2026-04-13,2000-2026
TECH-0303-PL-general,信息技术与数字化,TECH,网络与安全,渗透测试工程师,Penetration Tester,2529,15-1212.00,东欧,波兰,PL,country,general,本科/自学,22-30,global,6.4,5.4,8.1,7.0,8.0,3.7,8.6,7.9,7.6,8.1,7.4,8.5,7.4,5.4,5.4,6.2,5.9,1.4,7.1,7.7,7.6,8.4,6.7,7.6,8.0,5.5,6.7,5.3,1.0,3.6,3.0,7.2,9.3,2.6,4,4,↑↑,2032-2038,7.06,波兰渗透测试工程师：人才需求旺盛，近年增长迅猛,"Poland Penetration Tester: strong talent demand, rapid recent growth",AI综合评估 + O*NET/ILO/OECD锚点校准,2026-04-13,2026-04-13,2000-2026
TECH-0303-CZ-general,信息技术与数字化,TECH,网络与安全,渗透测试工程师,Penetration Tester,2529,15-1212.00,东欧,捷克,CZ,country,general,本科/自学,22-30,global,6.1,5.6,7.7,7.1,8.0,3.9,8.4,7.7,7.6,8.3,7.9,8.5,6.9,6.9,5.6,6.6,5.1,1.3,7.9,7.1,7.3,7.2,7.5,7.2,7.8,4.9,6.3,4.7,1.0,3.0,2.2,7.8,8.7,2.0,4,4,↑↑,2035+,7.1,捷克渗透测试工程师：人才需求旺盛，AI替代抗性强，就业稳定,"Czech Republic Penetration Tester: strong talent demand, strong AI resistance, stable employment",AI综合评估 + O*NET/ILO/OECD锚点校准,2026-04-13,2026-04-13,2000-2026
TECH-0303-RU-general,信息技术与数字化,TECH,网络与安全,渗透测试工程师,Penetration Tester,2529,15-1212.00,东欧,俄罗斯,RU,country,general,本科/自学,22-30,global,6.6,4.8,7.5,6.7,7.8,4.3,8.6,8.5,6.4,7.1,5.9,8.2,6.9,4.4,4.9,6.2,5.3,1.7,7.6,7.5,8.5,8.2,5.2,7.4,7.2,3.7,5.7,4.9,1.1,2.4,3.4,7.6,6.1,2.4,4,4,↑↑,2035+,6.66,俄罗斯渗透测试工程师：人才需求旺盛，AI替代抗性强，远程友好度高,"Russia Penetration Tester: strong talent demand, strong AI resistance, highly remote-friendly",AI综合评估 + O*NET/ILO/OECD锚点校准,2026-04-13,2026-04-13,2000-2026
TECH-0303-US-general,信息技术与数字化,TECH,网络与安全,渗透测试工程师,Penetration Tester,2529,15-1212.00,北美,美国,US,country,general,本科/自学,22-30,global,6.0,5.4,9.5,6.7,9.6,6.7,10.0,10.0,10.0,10.0,6.6,8.2,6.9,3.9,4.6,7.6,6.5,1.3,7.9,9.1,10.0,7.9,5.0,8.8,8.4,6.7,6.5,4.7,0.8,2.8,3.4,8.4,9.1,2.0,4,5,↑↑,2035+,7.7,美国渗透测试工程师：薪资回报高，人才需求旺盛，AI替代抗性强,"United States Penetration Tester: high compensation, strong talent demand, strong AI resistance",AI综合评估 + O*NET/ILO/OECD锚点校准,2026-04-13,2026-04-13,2000-2026
TECH-0303-CA-general,信息技术与数字化,TECH,网络与安全,渗透测试工程师,Penetration Tester,2529,15-1212.00,北美,加拿大,CA,country,general,本科/自学,22-30,global,6.0,5.0,8.3,7.1,8.6,4.9,8.8,10.0,10.0,9.6,8.1,8.5,6.9,6.1,5.9,7.0,5.7,1.1,8.1,8.1,10.0,8.7,6.5,8.4,8.2,6.1,6.1,5.0,0.7,3.1,3.0,8.0,9.7,1.8,4,5,↑↑,2035+,7.73,加拿大渗透测试工程师：薪资回报高，人才需求旺盛，AI替代抗性强,"Canada Penetration Tester: high compensation, strong talent demand, strong AI resistance",AI综合评估 + O*NET/ILO/OECD锚点校准,2026-04-13,2026-04-13,2000-2026
TECH-0303-MX-general,信息技术与数字化,TECH,网络与安全,渗透测试工程师,Penetration Tester,2529,15-1212.00,北美,墨西哥,MX,country,general,本科/自学,22-30,global,6.0,4.7,6.7,6.8,7.2,4.1,8.2,7.7,5.8,5.8,6.6,8.5,5.7,3.9,3.8,6.6,5.7,1.6,7.4,6.7,7.6,6.7,4.2,7.0,7.6,3.4,6.1,4.7,1.1,3.3,3.4,7.8,7.5,2.8,4,4,↑↑,2032-2038,6.37,墨西哥渗透测试工程师：人才需求旺盛，近年增长迅猛,"Mexico Penetration Tester: strong talent demand, rapid recent growth",AI综合评估 + O*NET/ILO/OECD锚点校准,2026-04-13,2026-04-13,2000-2026
TECH-0303-BR-general,信息技术与数字化,TECH,网络与安全,渗透测试工程师,Penetration Tester,2529,15-1212.00,南美,巴西,BR,country,general,本科/自学,22-30,global,6.3,4.8,7.3,6.4,7.8,4.9,8.2,7.7,6.4,7.1,5.4,8.2,6.4,4.6,4.9,6.0,5.3,1.6,7.8,6.3,7.9,7.2,5.0,7.8,7.4,4.3,6.1,4.9,1.1,3.1,2.6,8.2,6.7,2.0,4,4,↑↑,2035+,6.59,巴西渗透测试工程师：人才需求旺盛，AI替代抗性强，近年增长迅猛,"Brazil Penetration Tester: strong talent demand, strong AI resistance, rapid recent growth",AI综合评估 + O*NET/ILO/OECD锚点校准,2026-04-13,2026-04-13,2000-2026
TECH-0303-AR-general,信息技术与数字化,TECH,网络与安全,渗透测试工程师,Penetration Tester,2529,15-1212.00,南美,阿根廷,AR,country,general,本科/自学,22-30,global,6.1,4.8,6.9,6.5,6.8,3.3,8.0,7.9,4.9,5.8,4.9,8.2,5.7,4.9,4.6,6.2,5.3,1.7,7.2,6.1,7.0,6.9,4.7,7.4,7.6,3.4,6.3,4.7,0.7,3.0,3.8,7.8,7.3,3.4,4,4,↑↑,2032-2038,6.21,阿根廷渗透测试工程师：人才需求旺盛，近年增长迅猛,"Argentina Penetration Tester: strong talent demand, rapid recent growth",AI综合评估 + O*NET/ILO/OECD锚点校准,2026-04-13,2026-04-13,2000-2026
TECH-0303-CL-general,信息技术与数字化,TECH,网络与安全,渗透测试工程师,Penetration Tester,2529,15-1212.00,南美,智利,CL,country,general,本科/自学,22-30,global,6.1,5.3,6.3,6.5,6.4,3.1,7.8,7.9,6.7,6.1,7.1,8.2,6.2,5.9,4.9,5.8,4.5,1.7,7.4,6.1,7.9,6.7,5.0,6.8,7.4,4.3,6.5,4.9,1.0,2.7,3.4,7.8,7.7,2.4,4,4,↑↑,2032-2038,6.44,智利渗透测试工程师：人才需求旺盛，近年增长迅猛,"Chile Penetration Tester: strong talent demand, rapid recent growth",AI综合评估 + O*NET/ILO/OECD锚点校准,2026-04-13,2026-04-13,2000-2026
TECH-0303-CO-general,信息技术与数字化,TECH,网络与安全,渗透测试工程师,Penetration Tester,2529,15-1212.00,南美,哥伦比亚,CO,country,general,本科/自学,22-30,global,6.1,5.1,7.3,7.0,6.4,3.3,7.8,8.5,5.2,6.3,5.9,8.7,6.7,4.9,4.6,6.2,4.7,1.7,7.5,6.7,7.0,7.4,4.7,7.8,6.4,2.2,6.3,4.9,1.3,3.0,3.2,7.4,6.5,3.2,4,4,↑↑,2035+,6.32,哥伦比亚渗透测试工程师：人才需求旺盛，AI替代抗性强，近年增长迅猛,"Colombia Penetration Tester: strong talent demand, strong AI resistance, rapid recent growth",AI综合评估 + O*NET/ILO/OECD锚点校准,2026-04-13,2026-04-13,2000-2026
TECH-0303-AU-general,信息技术与数字化,TECH,网络与安全,渗透测试工程师,Penetration Tester,2529,15-1212.00,大洋洲,澳大利亚,AU,country,general,本科/自学,22-30,global,6.1,5.0,7.7,7.9,8.0,4.7,8.8,9.5,10.0,8.3,8.9,8.7,7.7,6.9,5.9,7.2,5.5,1.4,7.6,7.9,9.4,8.7,6.7,7.8,8.0,6.7,6.5,4.6,1.4,3.3,2.2,7.4,10.0,2.6,4,4,↑↑,2035+,7.62,澳大利亚渗透测试工程师：薪资回报高，人才需求旺盛，AI替代抗性强,"Australia Penetration Tester: high compensation, strong talent demand, strong AI resistance",AI综合评估 + O*NET/ILO/OECD锚点校准,2026-04-13,2026-04-13,2000-2026
TECH-0303-NZ-general,信息技术与数字化,TECH,网络与安全,渗透测试工程师,Penetration Tester,2529,15-1212.00,大洋洲,新西兰,NZ,country,general,本科/自学,22-30,global,6.4,5.4,7.9,7.3,7.0,3.7,9.4,7.9,10.0,8.1,9.1,8.7,7.9,7.9,6.8,6.0,5.3,1.9,7.5,7.3,9.4,8.4,8.5,7.4,7.8,7.6,6.3,4.7,0.5,3.0,3.2,8.2,9.5,3.0,4,4,↑↑,2035+,7.5,新西兰渗透测试工程师：薪资回报高，人才需求旺盛，AI替代抗性强,"New Zealand Penetration Tester: high compensation, strong talent demand, strong AI resistance",AI综合评估 + O*NET/ILO/OECD锚点校准,2026-04-13,2026-04-13,2000-2026
TECH-0303-ZA-general,信息技术与数字化,TECH,网络与安全,渗透测试工程师,Penetration Tester,2529,15-1212.00,非洲,南非,ZA,country,general,本科/自学,22-30,global,5.8,5.0,7.1,7.0,7.0,2.5,7.6,8.9,5.8,6.3,5.6,8.5,6.7,5.1,5.9,5.8,4.9,1.3,7.1,6.3,7.3,6.7,5.2,6.6,7.0,4.0,6.1,4.9,0.7,2.7,2.8,7.6,7.9,2.6,4,4,↑↑,2032-2038,6.47,南非渗透测试工程师：人才需求旺盛，近年增长迅猛,"South Africa Penetration Tester: strong talent demand, rapid recent growth",AI综合评估 + O*NET/ILO/OECD锚点校准,2026-04-13,2026-04-13,2000-2026
TECH-0303-NG-general,信息技术与数字化,TECH,网络与安全,渗透测试工程师,Penetration Tester,2529,15-1212.00,非洲,尼日利亚,NG,country,general,本科/自学,22-30,global,5.2,4.2,6.9,6.1,7.0,2.9,7.2,6.3,3.4,4.6,4.4,8.2,6.2,4.6,4.1,5.8,4.7,2.2,7.5,5.9,7.0,6.7,4.0,6.4,7.4,0.7,4.7,4.6,0.7,2.5,3.8,7.0,6.5,3.4,3,3,↑,2035+,5.76,尼日利亚渗透测试工程师：薪资水平偏低，AI替代抗性强,"Nigeria Penetration Tester: relatively low pay, strong AI resistance",AI综合评估 + O*NET/ILO/OECD锚点校准,2026-04-13,2026-04-13,2000-2026
TECH-0303-KE-general,信息技术与数字化,TECH,网络与安全,渗透测试工程师,Penetration Tester,2529,15-1212.00,非洲,肯尼亚,KE,country,general,本科/自学,22-30,global,6.3,4.4,5.9,6.4,6.4,2.1,7.8,6.9,4.3,4.8,5.6,8.5,5.7,4.6,5.1,6.0,5.1,1.7,7.4,5.7,5.8,7.2,4.0,7.2,6.4,2.2,5.5,4.7,1.1,2.7,3.8,7.0,7.3,3.6,3,3,↑,2032-2038,5.91,肯尼亚渗透测试工程师：薪资水平偏低，人才需求旺盛,"Kenya Penetration Tester: relatively low pay, strong talent demand",AI综合评估 + O*NET/ILO/OECD锚点校准,2026-04-13,2026-04-13,2000-2026
TECH-0303-EG-general,信息技术与数字化,TECH,网络与安全,渗透测试工程师,Penetration Tester,2529,15-1212.00,非洲,埃及,EG,country,general,本科/自学,22-30,global,6.1,4.8,6.1,6.1,6.4,3.3,8.0,6.7,4.0,5.1,5.9,8.2,5.7,4.1,4.6,6.4,5.1,2.2,7.2,5.1,5.2,7.7,5.0,7.2,7.4,1.3,5.9,5.5,1.0,3.0,3.6,7.2,6.3,2.6,3,3,↑,2032-2038,5.9,埃及渗透测试工程师：薪资水平偏低，人才需求旺盛,"Egypt Penetration Tester: relatively low pay, strong talent demand",AI综合评估 + O*NET/ILO/OECD锚点校准,2026-04-13,2026-04-13,2000-2026
TECH-0304-CN-general,信息技术与数字化,TECH,网络与安全,安全运维工程师,Security Operations Engineer,2529,15-1212.00,东亚,中国,CN,country,general,本科,22-28,global,5.8,5.2,8.5,7.3,8.7,8.0,8.5,8.0,9.5,8.2,6.3,9.0,4.2,1.4,2.6,6.8,6.0,1.1,6.5,7.5,5.5,5.5,3.1,6.9,6.1,4.9,5.3,5.9,1.5,2.6,3.6,5.7,5.7,3.1,3,4,↑↑,2032-2038,6.53,中国安全运维工程师：薪资回报高，人才需求旺盛，加班文化严重,"China Security Operations Engineer: high compensation, strong talent demand, heavy overtime culture",AI综合评估 + O*NET/ILO/OECD锚点校准,2026-04-13,2026-04-13,2000-2026
TECH-0304-JP-general,信息技术与数字化,TECH,网络与安全,安全运维工程师,Security Operations Engineer,2529,15-1212.00,东亚,日本,JP,country,general,本科,22-28,global,6.1,5.1,7.3,7.6,8.3,7.0,7.9,8.2,8.0,8.2,9.1,9.5,6.2,2.4,2.8,6.2,6.4,1.0,6.3,6.9,6.7,5.7,3.9,6.9,6.1,2.8,5.5,5.3,1.0,2.5,2.2,5.5,5.7,2.5,3,3,↑,2032-2038,6.59,日本安全运维工程师：薪资回报高，人才需求旺盛，加班文化严重,"Japan Security Operations Engineer: high compensation, strong talent demand, heavy overtime culture",AI综合评估 + O*NET/ILO/OECD锚点校准,2026-04-13,2026-04-13,2000-2026
TECH-0304-KR-general,信息技术与数字化,TECH,网络与安全,安全运维工程师,Security Operations Engineer,2529,15-1212.00,东亚,韩国,KR,country,general,本科,22-28,global,5.5,5.5,7.3,7.0,8.1,7.2,7.7,8.4,8.0,7.7,7.8,9.0,5.2,1.6,3.1,6.0,6.6,1.1,5.9,7.3,6.4,4.5,3.6,6.1,4.9,3.1,5.9,5.6,0.9,2.3,2.4,4.7,6.3,3.5,3,3,↑,2028-2033,6.34,韩国安全运维工程师：薪资回报高，人才需求旺盛，加班文化严重,"South Korea Security Operations Engineer: high compensation, strong talent demand, heavy overtime culture",AI综合评估 + O*NET/ILO/OECD锚点校准,2026-04-13,2026-04-13,2000-2026
TECH-0304-TW-general,信息技术与数字化,TECH,网络与安全,安全运维工程师,Security Operations Engineer,2529,15-1212.00,东亚,中国台湾地区,TW,region,general,本科,22-28,global,5.5,4.8,7.7,7.0,6.7,6.2,7.7,8.8,6.5,7.4,6.8,9.2,6.0,2.9,3.3,6.2,6.0,1.4,6.1,6.5,4.9,5.0,3.9,6.5,4.7,4.9,5.7,5.8,1.0,2.8,2.4,5.5,6.7,2.7,3,3,↑,2032-2038,6.29,中国台湾地区安全运维工程师：人才需求旺盛，加班文化严重,"Taiwan (China) Security Operations Engineer: strong talent demand, heavy overtime culture",AI综合评估 + O*NET/ILO/OECD锚点校准,2026-04-13,2026-04-13,2000-2026
TECH-0304-HK-general,信息技术与数字化,TECH,网络与安全,安全运维工程师,Security Operations Engineer,2529,15-1212.00,东亚,中国香港地区,HK,region,general,本科,22-28,global,5.6,5.4,6.5,7.3,6.5,5.2,7.1,7.2,8.3,7.9,7.6,8.7,5.5,1.6,3.1,5.8,5.6,1.4,5.7,7.1,6.7,5.5,3.6,5.9,5.5,4.9,5.9,5.8,1.2,2.3,2.8,5.3,9.1,3.1,3,3,↑,2028-2033,6.28,中国香港地区安全运维工程师：薪资回报高，加班文化严重，就业稳定,"Hong Kong (China) Security Operations Engineer: high compensation, heavy overtime culture, stable employment",AI综合评估 + O*NET/ILO/OECD锚点校准,2026-04-13,2026-04-13,2000-2026
TECH-0304-SG-general,信息技术与数字化,TECH,网络与安全,安全运维工程师,Security Operations Engineer,2529,15-1212.00,东南亚,新加坡,SG,country,general,本科,22-28,global,5.9,5.7,7.3,7.6,7.5,5.6,7.7,7.8,10.0,8.7,8.6,9.2,6.5,3.9,4.6,6.8,6.4,1.1,6.5,7.1,7.3,5.7,4.1,5.9,5.9,6.1,6.1,5.6,0.7,3.2,1.8,5.9,8.9,3.3,3,4,↑↑,2032-2038,6.89,新加坡安全运维工程师：薪资回报高，人才需求旺盛，就业稳定,"Singapore Security Operations Engineer: high compensation, strong talent demand, stable employment",AI综合评估 + O*NET/ILO/OECD锚点校准,2026-04-13,2026-04-13,2000-2026
TECH-0304-TH-general,信息技术与数字化,TECH,网络与安全,安全运维工程师,Security Operations Engineer,2529,15-1212.00,东南亚,泰国,TH,country,general,本科,22-28,global,5.8,5.4,5.1,7.1,6.3,4.6,6.7,6.4,3.5,5.4,6.8,8.7,5.8,4.9,4.6,5.4,5.0,1.7,5.7,4.7,5.8,5.0,3.6,6.3,4.1,3.7,6.3,5.3,1.3,1.9,3.0,4.9,5.7,3.3,3,3,↑,2028-2033,5.6,泰国安全运维工程师：薪资水平偏低,Thailand Security Operations Engineer: relatively low pay,AI综合评估 + O*NET/ILO/OECD锚点校准,2026-04-13,2026-04-13,2000-2026
TECH-0304-VN-general,信息技术与数字化,TECH,网络与安全,安全运维工程师,Security Operations Engineer,2529,15-1212.00,东南亚,越南,VN,country,general,本科,22-28,global,5.8,4.8,6.1,6.7,6.1,6.0,7.3,7.0,4.4,4.4,6.1,9.0,4.8,2.9,4.6,6.0,5.2,1.7,5.9,4.7,5.8,5.7,3.6,5.7,4.3,3.4,4.9,5.8,0.7,2.6,3.4,5.5,6.1,3.1,3,3,↑,2028-2033,5.66,越南安全运维工程师：薪资水平偏低，加班文化严重,"Vietnam Security Operations Engineer: relatively low pay, heavy overtime culture",AI综合评估 + O*NET/ILO/OECD锚点校准,2026-04-13,2026-04-13,2000-2026
TECH-0304-ID-general,信息技术与数字化,TECH,网络与安全,安全运维工程师,Security Operations Engineer,2529,15-1212.00,东南亚,印度尼西亚,ID,country,general,本科,22-28,global,5.0,4.5,6.7,7.1,6.7,5.6,6.9,6.8,3.8,4.7,6.1,9.0,5.5,4.9,4.8,6.0,5.2,1.9,6.0,4.9,6.1,5.2,4.9,5.3,5.3,2.8,5.9,5.9,1.3,2.5,3.2,4.9,5.5,2.7,3,3,↑,2032-2038,5.8,印度尼西亚安全运维工程师：薪资水平偏低,Indonesia Security Operations Engineer: relatively low pay,AI综合评估 + O*NET/ILO/OECD锚点校准,2026-04-13,2026-04-13,2000-2026
TECH-0304-MY-general,信息技术与数字化,TECH,网络与安全,安全运维工程师,Security Operations Engineer,2529,15-1212.00,东南亚,马来西亚,MY,country,general,本科,22-28,global,5.2,5.2,5.5,7.3,5.7,4.6,7.3,6.6,5.9,6.2,7.1,9.2,5.0,3.6,4.6,6.2,5.8,1.4,5.5,5.7,7.0,5.7,4.9,6.1,4.7,3.7,6.1,5.3,1.3,2.2,3.0,5.5,7.3,2.9,3,3,↑,2028-2033,6.03,马来西亚安全运维工程师：发展平稳,Malaysia Security Operations Engineer: steady development,AI综合评估 + O*NET/ILO/OECD锚点校准,2026-04-13,2026-04-13,2000-2026
TECH-0304-PH-general,信息技术与数字化,TECH,网络与安全,安全运维工程师,Security Operations Engineer,2529,15-1212.00,东南亚,菲律宾,PH,country,general,本科,22-28,global,5.9,4.8,6.1,7.0,6.1,5.0,7.1,7.2,3.2,4.2,6.3,9.0,4.8,3.9,3.8,6.0,5.4,1.3,5.9,4.3,7.6,5.2,3.4,5.7,4.5,5.5,6.1,5.8,1.3,2.6,3.2,5.3,7.3,2.9,3,3,↑,2028-2033,5.74,菲律宾安全运维工程师：薪资水平偏低,Philippines Security Operations Engineer: relatively low pay,AI综合评估 + O*NET/ILO/OECD锚点校准,2026-04-13,2026-04-13,2000-2026
TECH-0304-IN-general,信息技术与数字化,TECH,网络与安全,安全运维工程师,Security Operations Engineer,2529,15-1212.00,南亚,印度,IN,country,general,本科,22-28,global,6.1,4.8,7.5,6.5,7.9,7.4,7.3,8.4,6.2,6.7,6.3,9.0,4.5,3.4,4.6,6.4,6.2,1.0,6.3,5.7,8.2,5.7,4.1,6.7,5.1,1.9,5.1,5.8,1.2,2.0,2.6,5.5,7.5,2.7,3,3,↑,2032-2038,6.35,印度安全运维工程师：加班文化严重,India Security Operations Engineer: heavy overtime culture,AI综合评估 + O*NET/ILO/OECD锚点校准,2026-04-13,2026-04-13,2000-2026
TECH-0304-PK-general,信息技术与数字化,TECH,网络与安全,安全运维工程师,Security Operations Engineer,2529,15-1212.00,南亚,巴基斯坦,PK,country,general,本科,22-28,global,5.2,4.5,4.7,6.2,5.1,4.0,5.7,5.4,3.2,3.9,4.8,8.7,4.8,3.4,4.3,5.8,5.2,2.2,6.1,4.9,5.8,5.7,3.9,5.5,4.7,1.0,4.9,5.8,0.6,1.9,3.8,5.3,6.1,3.1,2,2,↑,2032-2038,5.23,巴基斯坦安全运维工程师：薪资水平偏低，加班文化严重,"Pakistan Security Operations Engineer: relatively low pay, heavy overtime culture",AI综合评估 + O*NET/ILO/OECD锚点校准,2026-04-13,2026-04-13,2000-2026
TECH-0304-BD-general,信息技术与数字化,TECH,网络与安全,安全运维工程师,Security Operations Engineer,2529,15-1212.00,南亚,孟加拉国,BD,country,general,本科,22-28,global,5.2,4.6,4.9,6.5,5.5,4.8,5.7,5.4,1.4,3.2,4.8,8.5,5.8,3.9,4.8,5.0,4.6,2.0,5.7,3.5,5.8,5.7,3.1,4.9,4.3,1.9,4.9,5.5,0.7,2.2,3.2,5.9,6.3,2.9,2,2,↑,2028-2033,5.09,孟加拉国安全运维工程师：薪资水平偏低,Bangladesh Security Operations Engineer: relatively low pay,AI综合评估 + O*NET/ILO/OECD锚点校准,2026-04-13,2026-04-13,2000-2026
TECH-0304-AE-general,信息技术与数字化,TECH,网络与安全,安全运维工程师,Security Operations Engineer,2529,15-1212.00,中亚/西亚,阿联酋,AE,country,general,本科,22-28,global,5.8,5.1,6.7,7.7,6.7,4.4,7.5,7.8,10.0,7.7,8.6,9.2,5.2,4.4,4.3,6.8,5.0,1.4,5.9,6.7,5.2,5.5,4.9,6.1,4.9,4.3,6.3,5.5,1.3,2.8,2.6,5.1,9.1,2.9,3,3,↑,2028-2033,6.56,阿联酋安全运维工程师：薪资回报高，人才需求旺盛，就业稳定,"United Arab Emirates Security Operations Engineer: high compensation, strong talent demand, stable employment",AI综合评估 + O*NET/ILO/OECD锚点校准,2026-04-13,2026-04-13,2000-2026
TECH-0304-IL-general,信息技术与数字化,TECH,网络与安全,安全运维工程师,Security Operations Engineer,2529,15-1212.00,中亚/西亚,以色列,IL,country,general,本科,22-28,global,5.5,5.4,8.1,7.1,7.1,6.2,8.5,8.4,10.0,9.2,7.3,9.2,5.5,3.9,4.8,6.4,5.6,1.0,6.5,7.1,8.2,6.5,4.9,6.7,4.7,5.2,6.1,5.2,1.0,2.3,3.6,5.5,8.1,2.9,3,4,↑↑,2032-2038,6.91,以色列安全运维工程师：薪资回报高，人才需求旺盛，近年增长迅猛,"Israel Security Operations Engineer: high compensation, strong talent demand, rapid recent growth",AI综合评估 + O*NET/ILO/OECD锚点校准,2026-04-13,2026-04-13,2000-2026
TECH-0304-SA-general,信息技术与数字化,TECH,网络与安全,安全运维工程师,Security Operations Engineer,2529,15-1212.00,中亚/西亚,沙特阿拉伯,SA,country,general,本科,22-28,global,5.2,4.5,6.7,7.4,5.9,5.6,6.3,7.2,8.0,6.4,7.8,9.0,6.5,3.9,4.6,6.0,5.6,1.4,5.9,5.7,4.9,6.2,4.1,6.1,5.1,2.5,5.5,5.5,0.7,2.5,3.0,4.9,6.9,2.9,3,3,↑,2028-2033,6.18,沙特阿拉伯安全运维工程师：薪资回报高，就业稳定,"Saudi Arabia Security Operations Engineer: high compensation, stable employment",AI综合评估 + O*NET/ILO/OECD锚点校准,2026-04-13,2026-04-13,2000-2026
TECH-0304-TR-general,信息技术与数字化,TECH,网络与安全,安全运维工程师,Security Operations Engineer,2529,15-1212.00,中亚/西亚,土耳其,TR,country,general,本科,22-28,global,5.3,4.6,6.5,6.1,6.1,5.8,7.3,6.6,4.1,5.2,6.3,9.0,4.8,2.6,4.3,6.4,5.6,1.6,5.6,4.9,6.1,6.0,4.4,6.3,4.7,2.5,5.5,5.5,0.7,2.3,3.4,5.9,6.3,3.3,3,3,↑,2028-2033,5.75,土耳其安全运维工程师：薪资水平偏低，加班文化严重,"Turkey Security Operations Engineer: relatively low pay, heavy overtime culture",AI综合评估 + O*NET/ILO/OECD锚点校准,2026-04-13,2026-04-13,2000-2026
TECH-0304-GB-general,信息技术与数字化,TECH,网络与安全,安全运维工程师,Security Operations Engineer,2529,15-1212.00,西欧,英国,GB,country,general,本科,22-28,global,6.1,5.1,7.7,7.3,7.5,6.6,8.1,9.0,10.0,8.2,7.6,9.0,7.2,5.4,5.3,6.2,6.6,0.8,6.1,7.1,9.1,6.0,6.1,6.7,5.1,6.4,5.9,5.8,1.2,2.8,3.4,5.9,8.7,2.9,3,4,↑↑,2032-2038,7.1,英国安全运维工程师：薪资回报高，人才需求旺盛，远程友好度高,"United Kingdom Security Operations Engineer: high compensation, strong talent demand, highly remote-friendly",AI综合评估 + O*NET/ILO/OECD锚点校准,2026-04-13,2026-04-13,2000-2026
TECH-0304-FR-general,信息技术与数字化,TECH,网络与安全,安全运维工程师,Security Operations Engineer,2529,15-1212.00,西欧,法国,FR,country,general,本科,22-28,global,6.1,5.4,7.1,7.7,6.9,6.2,7.9,8.6,9.2,6.9,8.6,9.2,7.5,7.4,7.1,7.0,6.4,1.1,6.0,6.9,7.9,7.0,7.4,6.1,5.9,6.7,6.5,5.9,1.2,2.6,3.0,5.9,8.1,3.3,3,3,↑,2032-2038,7.13,法国安全运维工程师：薪资回报高，人才需求旺盛，就业稳定,"France Security Operations Engineer: high compensation, strong talent demand, stable employment",AI综合评估 + O*NET/ILO/OECD锚点校准,2026-04-13,2026-04-13,2000-2026
TECH-0304-DE-general,信息技术与数字化,TECH,网络与安全,安全运维工程师,Security Operations Engineer,2529,15-1212.00,西欧,德国,DE,country,general,本科,22-28,global,5.9,5.4,7.5,7.6,7.9,6.4,8.3,8.8,10.0,8.2,9.6,9.2,7.2,7.4,6.6,6.2,5.8,1.0,6.3,6.5,7.6,7.2,6.4,6.1,5.7,5.8,7.1,5.2,0.9,2.6,1.8,6.1,7.9,2.5,3,3,↑,2032-2038,7.27,德国安全运维工程师：薪资回报高，人才需求旺盛，就业稳定,"Germany Security Operations Engineer: high compensation, strong talent demand, stable employment",AI综合评估 + O*NET/ILO/OECD锚点校准,2026-04-13,2026-04-13,2000-2026
TECH-0304-NL-general,信息技术与数字化,TECH,网络与安全,安全运维工程师,Security Operations Engineer,2529,15-1212.00,西欧,荷兰,NL,country,general,本科,22-28,global,5.8,5.5,6.7,7.7,7.5,5.6,8.3,8.4,10.0,8.2,8.6,9.5,7.0,7.9,7.1,6.0,6.2,1.0,6.3,6.7,9.7,6.7,7.4,6.9,5.9,8.5,7.1,5.3,0.7,2.8,2.8,6.5,9.3,2.7,3,3,↑,2032-2038,7.39,荷兰安全运维工程师：薪资回报高，人才需求旺盛，远程友好度高,"Netherlands Security Operations Engineer: high compensation, strong talent demand, highly remote-friendly",AI综合评估 + O*NET/ILO/OECD锚点校准,2026-04-13,2026-04-13,2000-2026
TECH-0304-CH-general,信息技术与数字化,TECH,网络与安全,安全运维工程师,Security Operations Engineer,2529,15-1212.00,西欧,瑞士,CH,country,general,本科,22-28,global,6.2,5.7,6.7,7.7,7.3,5.0,8.3,7.8,10.0,8.9,9.6,9.5,7.0,7.1,6.1,6.8,5.8,0.8,6.3,7.7,7.9,6.2,7.6,6.5,5.1,7.0,7.5,5.9,0.6,2.5,1.8,5.5,8.3,3.7,3,3,↑,2032-2038,7.25,瑞士安全运维工程师：薪资回报高，人才需求旺盛，就业稳定,"Switzerland Security Operations Engineer: high compensation, strong talent demand, stable employment",AI综合评估 + O*NET/ILO/OECD锚点校准,2026-04-13,2026-04-13,2000-2026
TECH-0304-SE-general,信息技术与数字化,TECH,网络与安全,安全运维工程师,Security Operations Engineer,2529,15-1212.00,北欧,瑞典,SE,country,general,本科,22-28,global,5.5,5.2,7.5,7.1,6.7,6.0,7.3,8.2,8.9,7.4,8.6,9.2,7.2,8.9,7.6,6.0,5.2,1.0,6.4,7.1,9.7,7.5,6.9,6.1,4.9,7.9,7.5,5.3,0.9,2.5,2.8,6.1,8.9,3.3,3,3,↑,2032-2038,7.23,瑞典安全运维工程师：薪资回报高，远程友好度高，工作时间规律,"Sweden Security Operations Engineer: high compensation, highly remote-friendly, regular working hours",AI综合评估 + O*NET/ILO/OECD锚点校准,2026-04-13,2026-04-13,2000-2026
TECH-0304-DK-general,信息技术与数字化,TECH,网络与安全,安全运维工程师,Security Operations Engineer,2529,15-1212.00,北欧,丹麦,DK,country,general,本科,22-28,global,5.9,5.2,6.9,7.1,6.7,4.8,7.9,8.0,8.9,7.4,8.6,9.2,7.5,9.1,7.3,6.0,5.6,1.1,5.9,6.9,7.6,7.0,7.6,6.5,5.7,9.1,6.3,5.5,0.9,2.9,2.8,5.5,8.9,2.9,3,3,↑,2028-2033,7.12,丹麦安全运维工程师：薪资回报高，人才需求旺盛，工作时间规律,"Denmark Security Operations Engineer: high compensation, strong talent demand, regular working hours",AI综合评估 + O*NET/ILO/OECD锚点校准,2026-04-13,2026-04-13,2000-2026
TECH-0304-FI-general,信息技术与数字化,TECH,网络与安全,安全运维工程师,Security Operations Engineer,2529,15-1212.00,北欧,芬兰,FI,country,general,本科,22-28,global,5.8,5.7,6.9,7.3,6.7,5.2,7.9,8.4,7.7,7.4,8.3,9.2,7.2,8.1,7.6,6.6,5.6,1.3,6.3,7.1,9.4,7.0,7.9,6.3,5.5,8.8,7.5,5.6,0.9,2.9,2.2,6.1,8.3,3.3,3,3,↑,2032-2038,7.15,芬兰安全运维工程师：人才需求旺盛，远程友好度高，工作时间规律,"Finland Security Operations Engineer: strong talent demand, highly remote-friendly, regular working hours",AI综合评估 + O*NET/ILO/OECD锚点校准,2026-04-13,2026-04-13,2000-2026
TECH-0304-IT-general,信息技术与数字化,TECH,网络与安全,安全运维工程师,Security Operations Engineer,2529,15-1212.00,南欧,意大利,IT,country,general,本科,22-28,global,5.6,5.2,6.5,7.1,6.3,6.4,6.7,6.2,6.2,6.7,6.8,9.0,5.8,4.6,6.1,6.2,5.8,1.4,5.7,5.3,5.5,5.7,5.6,5.5,4.9,4.0,5.7,5.9,1.0,2.2,3.2,5.5,7.3,3.3,3,3,↑,2028-2033,6.14,意大利安全运维工程师：发展平稳,Italy Security Operations Engineer: steady development,AI综合评估 + O*NET/ILO/OECD锚点校准,2026-04-13,2026-04-13,2000-2026
TECH-0304-ES-general,信息技术与数字化,TECH,网络与安全,安全运维工程师,Security Operations Engineer,2529,15-1212.00,南欧,西班牙,ES,country,general,本科,22-28,global,5.6,4.8,6.3,6.4,6.9,5.0,6.9,6.2,6.8,6.9,6.6,8.7,6.2,5.4,5.6,6.0,5.0,1.9,6.4,5.3,7.3,5.7,5.9,6.3,5.7,5.5,5.9,5.5,0.9,2.6,3.4,5.7,7.3,3.1,3,3,↑,2032-2038,6.27,西班牙安全运维工程师：发展平稳,Spain Security Operations Engineer: steady development,AI综合评估 + O*NET/ILO/OECD锚点校准,2026-04-13,2026-04-13,2000-2026
TECH-0304-PT-general,信息技术与数字化,TECH,网络与安全,安全运维工程师,Security Operations Engineer,2529,15-1212.00,南欧,葡萄牙,PT,country,general,本科,22-28,global,5.6,4.9,6.5,7.0,5.7,4.4,7.3,6.6,5.3,6.4,6.6,9.0,6.0,6.1,5.1,5.8,5.6,1.6,5.7,6.1,7.9,5.7,5.4,5.9,5.1,5.8,6.1,5.0,0.7,2.3,2.8,5.5,7.5,2.9,3,3,↑,2028-2033,6.21,葡萄牙安全运维工程师：发展平稳,Portugal Security Operations Engineer: steady development,AI综合评估 + O*NET/ILO/OECD锚点校准,2026-04-13,2026-04-13,2000-2026
TECH-0304-PL-general,信息技术与数字化,TECH,网络与安全,安全运维工程师,Security Operations Engineer,2529,15-1212.00,东欧,波兰,PL,country,general,本科,22-28,global,5.6,5.4,6.5,7.3,6.5,5.6,7.1,7.4,6.2,6.4,7.6,8.7,5.8,5.1,6.3,5.8,5.8,1.4,6.1,6.9,7.6,6.5,6.1,6.7,5.3,4.6,6.1,5.5,0.6,3.1,3.0,5.3,8.1,3.5,3,3,↑,2032-2038,6.45,波兰安全运维工程师：就业稳定,Poland Security Operations Engineer: stable employment,AI综合评估 + O*NET/ILO/OECD锚点校准,2026-04-13,2026-04-13,2000-2026
TECH-0304-CZ-general,信息技术与数字化,TECH,网络与安全,安全运维工程师,Security Operations Engineer,2529,15-1212.00,东欧,捷克,CZ,country,general,本科,22-28,global,5.8,4.9,6.7,7.4,6.5,5.4,7.3,7.0,7.1,6.4,7.6,9.2,7.2,5.1,5.6,6.4,6.0,1.4,6.0,6.7,7.9,7.2,6.9,6.7,4.7,5.8,6.9,5.3,1.2,2.8,3.0,5.3,7.9,3.1,3,3,↑,2032-2038,6.62,捷克安全运维工程师：就业稳定,Czech Republic Security Operations Engineer: stable employment,AI综合评估 + O*NET/ILO/OECD锚点校准,2026-04-13,2026-04-13,2000-2026
TECH-0304-RU-general,信息技术与数字化,TECH,网络与安全,安全运维工程师,Security Operations Engineer,2529,15-1212.00,东欧,俄罗斯,RU,country,general,本科,22-28,global,5.9,4.8,7.3,6.1,6.9,5.8,6.7,7.2,6.8,5.7,5.6,8.7,5.8,5.1,4.8,6.6,5.8,1.6,5.7,5.7,7.0,6.5,4.9,5.7,4.9,3.7,6.1,5.5,0.6,2.5,2.8,5.7,5.3,3.7,3,3,↑,2028-2033,6.1,俄罗斯安全运维工程师：发展平稳,Russia Security Operations Engineer: steady development,AI综合评估 + O*NET/ILO/OECD锚点校准,2026-04-13,2026-04-13,2000-2026
TECH-0304-US-general,信息技术与数字化,TECH,网络与安全,安全运维工程师,Security Operations Engineer,2529,15-1212.00,北美,美国,US,country,general,本科,22-28,global,5.6,5.5,8.5,6.5,8.9,8.6,8.3,7.8,10.0,9.9,6.8,9.0,5.8,3.6,3.8,6.4,7.0,1.1,6.4,7.9,10.0,6.7,4.1,6.9,6.3,7.3,6.5,5.3,1.0,2.6,2.8,6.1,8.3,2.9,3,4,↑↑,2032-2038,7.15,美国安全运维工程师：薪资回报高，人才需求旺盛，远程友好度高,"United States Security Operations Engineer: high compensation, strong talent demand, highly remote-friendly",AI综合评估 + O*NET/ILO/OECD锚点校准,2026-04-13,2026-04-13,2000-2026
TECH-0304-CA-general,信息技术与数字化,TECH,网络与安全,安全运维工程师,Security Operations Engineer,2529,15-1212.00,北美,加拿大,CA,country,general,本科,22-28,global,5.9,5.7,7.9,7.7,7.7,6.4,8.3,8.6,8.9,7.4,7.6,9.2,6.8,5.9,6.6,6.2,6.4,1.4,6.1,7.3,10.0,6.7,6.6,6.5,5.7,7.6,6.3,5.6,0.7,2.9,3.0,6.3,8.5,2.7,3,4,↑↑,2032-2038,7.14,加拿大安全运维工程师：薪资回报高，人才需求旺盛，远程友好度高,"Canada Security Operations Engineer: high compensation, strong talent demand, highly remote-friendly",AI综合评估 + O*NET/ILO/OECD锚点校准,2026-04-13,2026-04-13,2000-2026
TECH-0304-MX-general,信息技术与数字化,TECH,网络与安全,安全运维工程师,Security Operations Engineer,2529,15-1212.00,北美,墨西哥,MX,country,general,本科,22-28,global,5.0,5.4,5.7,6.5,6.9,6.2,6.3,6.8,4.1,5.4,6.1,9.2,6.0,2.9,4.8,5.4,5.2,1.9,5.9,5.5,7.0,5.7,4.4,5.9,4.3,2.8,5.7,5.3,0.9,2.3,3.6,5.5,6.5,3.3,3,3,↑,2028-2033,5.75,墨西哥安全运维工程师：薪资水平偏低，加班文化严重,"Mexico Security Operations Engineer: relatively low pay, heavy overtime culture",AI综合评估 + O*NET/ILO/OECD锚点校准,2026-04-13,2026-04-13,2000-2026
TECH-0304-BR-general,信息技术与数字化,TECH,网络与安全,安全运维工程师,Security Operations Engineer,2529,15-1212.00,南美,巴西,BR,country,general,本科,22-28,global,5.5,5.1,7.1,7.0,7.3,6.4,6.5,6.8,6.2,6.4,6.8,8.7,5.2,4.6,4.6,5.8,5.4,1.4,6.0,5.9,7.0,6.7,5.6,5.3,5.5,4.3,5.5,5.5,1.3,2.5,3.2,5.1,5.9,2.3,3,3,↑,2032-2038,6.18,巴西安全运维工程师：发展平稳,Brazil Security Operations Engineer: steady development,AI综合评估 + O*NET/ILO/OECD锚点校准,2026-04-13,2026-04-13,2000-2026
TECH-0304-AR-general,信息技术与数字化,TECH,网络与安全,安全运维工程师,Security Operations Engineer,2529,15-1212.00,南美,阿根廷,AR,country,general,本科,22-28,global,5.3,4.9,5.9,6.4,5.9,4.4,7.1,6.4,4.1,5.7,5.6,8.7,6.0,4.4,4.8,6.4,5.6,1.4,5.5,5.1,7.3,6.2,3.6,5.5,4.5,3.7,6.1,5.8,0.6,2.5,3.8,5.1,6.5,3.3,3,3,↑,2028-2033,5.78,阿根廷安全运维工程师：薪资水平偏低,Argentina Security Operations Engineer: relatively low pay,AI综合评估 + O*NET/ILO/OECD锚点校准,2026-04-13,2026-04-13,2000-2026
TECH-0304-CL-general,信息技术与数字化,TECH,网络与安全,安全运维工程师,Security Operations Engineer,2529,15-1212.00,南美,智利,CL,country,general,本科,22-28,global,5.2,4.8,5.9,7.3,4.9,4.2,6.1,7.2,5.3,4.9,6.6,9.0,6.5,4.9,5.1,6.0,5.4,1.3,5.5,4.9,7.3,5.7,4.4,6.1,4.3,4.3,6.1,5.3,1.0,2.2,2.6,5.5,7.3,3.9,3,3,↑,2028-2033,5.93,智利安全运维工程师：发展平稳,Chile Security Operations Engineer: steady development,AI综合评估 + O*NET/ILO/OECD锚点校准,2026-04-13,2026-04-13,2000-2026
TECH-0304-CO-general,信息技术与数字化,TECH,网络与安全,安全运维工程师,Security Operations Engineer,2529,15-1212.00,南美,哥伦比亚,CO,country,general,本科,22-28,global,5.6,5.2,6.1,6.5,5.9,4.4,5.9,7.0,3.5,5.4,5.3,9.0,5.2,4.6,5.3,6.0,4.4,1.4,5.5,5.5,7.3,5.5,3.9,5.7,4.1,2.8,5.5,5.8,1.2,2.3,3.0,5.9,6.3,3.1,3,3,↑,2028-2033,5.66,哥伦比亚安全运维工程师：薪资水平偏低,Colombia Security Operations Engineer: relatively low pay,AI综合评估 + O*NET/ILO/OECD锚点校准,2026-04-13,2026-04-13,2000-2026
TECH-0304-AU-general,信息技术与数字化,TECH,网络与安全,安全运维工程师,Security Operations Engineer,2529,15-1212.00,大洋洲,澳大利亚,AU,country,general,本科,22-28,global,5.6,5.2,7.3,7.3,6.9,6.6,7.5,8.6,10.0,8.7,8.8,9.2,7.5,6.1,5.8,5.8,6.2,1.1,6.0,6.3,8.8,6.5,7.1,6.1,4.9,6.7,6.1,5.3,0.9,3.1,2.0,6.3,8.5,2.5,3,3,↑,2032-2038,7.13,澳大利亚安全运维工程师：薪资回报高，人才需求旺盛，远程友好度高,"Australia Security Operations Engineer: high compensation, strong talent demand, highly remote-friendly",AI综合评估 + O*NET/ILO/OECD锚点校准,2026-04-13,2026-04-13,2000-2026
TECH-0304-NZ-general,信息技术与数字化,TECH,网络与安全,安全运维工程师,Security Operations Engineer,2529,15-1212.00,大洋洲,新西兰,NZ,country,general,本科,22-28,global,5.6,5.5,6.7,7.7,5.9,5.2,6.7,6.6,8.9,7.2,8.3,9.2,7.5,7.6,7.3,5.8,5.4,1.4,6.0,6.1,8.8,7.0,7.1,5.9,5.1,7.9,6.5,5.8,0.9,2.9,3.0,6.3,8.9,2.7,3,3,↑,2032-2038,6.89,新西兰安全运维工程师：薪资回报高，远程友好度高，工作时间规律,"New Zealand Security Operations Engineer: high compensation, highly remote-friendly, regular working hours",AI综合评估 + O*NET/ILO/OECD锚点校准,2026-04-13,2026-04-13,2000-2026
TECH-0304-ZA-general,信息技术与数字化,TECH,网络与安全,安全运维工程师,Security Operations Engineer,2529,15-1212.00,非洲,南非,ZA,country,general,本科,22-28,global,5.6,5.2,5.5,6.8,5.7,4.2,6.7,6.8,4.4,4.9,5.8,9.0,5.2,5.4,4.8,6.4,5.2,1.6,5.9,5.1,6.1,5.2,3.6,6.3,4.7,4.6,5.9,5.2,0.7,2.5,3.0,5.5,5.7,2.7,3,3,↑,2028-2033,5.74,南非安全运维工程师：薪资水平偏低,South Africa Security Operations Engineer: relatively low pay,AI综合评估 + O*NET/ILO/OECD锚点校准,2026-04-13,2026-04-13,2000-2026
TECH-0304-NG-general,信息技术与数字化,TECH,网络与安全,安全运维工程师,Security Operations Engineer,2529,15-1212.00,非洲,尼日利亚,NG,country,general,本科,22-28,global,4.9,4.9,5.5,6.5,5.5,4.4,5.9,5.8,3.2,4.4,5.1,8.5,5.2,2.9,4.6,5.2,4.4,2.0,5.9,4.7,5.8,5.7,3.9,5.9,4.7,1.6,5.7,5.0,1.2,2.0,3.4,4.7,5.7,3.3,2,2,↑,2028-2033,5.29,尼日利亚安全运维工程师：薪资水平偏低，加班文化严重,"Nigeria Security Operations Engineer: relatively low pay, heavy overtime culture",AI综合评估 + O*NET/ILO/OECD锚点校准,2026-04-13,2026-04-13,2000-2026
TECH-0304-KE-general,信息技术与数字化,TECH,网络与安全,安全运维工程师,Security Operations Engineer,2529,15-1212.00,非洲,肯尼亚,KE,country,general,本科,22-28,global,5.2,4.9,5.5,6.7,4.7,4.6,6.5,5.0,3.8,3.4,5.6,8.5,6.0,4.6,5.3,6.0,4.8,2.0,5.7,4.1,6.1,4.7,4.4,5.3,4.1,3.4,5.7,5.2,0.9,2.5,3.4,5.1,6.1,3.7,2,2,↑,2028-2033,5.37,肯尼亚安全运维工程师：薪资水平偏低,Kenya Security Operations Engineer: relatively low pay,AI综合评估 + O*NET/ILO/OECD锚点校准,2026-04-13,2026-04-13,2000-2026
TECH-0304-EG-general,信息技术与数字化,TECH,网络与安全,安全运维工程师,Security Operations Engineer,2529,15-1212.00,非洲,埃及,EG,country,general,本科,22-28,global,5.6,4.9,5.1,6.4,5.3,5.2,5.9,4.8,3.5,4.4,6.1,8.5,5.8,3.1,4.8,5.2,5.4,2.0,5.9,5.3,4.9,5.0,4.6,5.7,4.9,1.3,5.7,5.6,1.0,1.9,3.2,5.5,6.3,3.5,2,2,↑,2028-2033,5.36,埃及安全运维工程师：薪资水平偏低，加班文化严重,"Egypt Security Operations Engineer: relatively low pay, heavy overtime culture",AI综合评估 + O*NET/ILO/OECD锚点校准,2026-04-13,2026-04-13,2000-2026
TECH-0305-CN-general,信息技术与数字化,TECH,网络与安全,云计算工程师,Cloud Engineer,2523,15-1244.00,东亚,中国,CN,country,general,本科,22-30,global,6.4,4.8,9.8,7.3,10.0,9.2,8.7,9.2,9.6,8.6,5.8,9.7,5.7,1.1,2.9,8.9,7.9,1.4,5.9,8.9,6.4,5.5,2.7,7.5,7.3,3.9,5.9,5.8,1.3,1.6,3.8,6.6,8.0,3.3,5,5,↑↑,2028-2033,7.0,中国云计算工程师：薪资回报高，人才需求旺盛，加班文化严重,"China Cloud Engineer: high compensation, strong talent demand, heavy overtime culture",AI综合评估 + O*NET/ILO/OECD锚点校准,2026-04-13,2026-04-13,2000-2026
TECH-0305-JP-general,信息技术与数字化,TECH,网络与安全,云计算工程师,Cloud Engineer,2523,15-1244.00,东亚,日本,JP,country,general,本科,22-30,global,6.0,5.6,9.4,7.4,9.1,8.8,8.9,9.2,9.6,8.9,8.3,9.7,5.2,1.9,2.9,8.5,8.3,1.2,5.8,7.5,8.5,5.7,3.9,7.1,6.9,4.5,6.1,5.9,0.7,1.8,3.6,6.6,7.4,3.9,5,4,↑↑,2028-2033,7.12,日本云计算工程师：薪资回报高，人才需求旺盛，远程友好度高,"Japan Cloud Engineer: high compensation, strong talent demand, highly remote-friendly",AI综合评估 + O*NET/ILO/OECD锚点校准,2026-04-13,2026-04-13,2000-2026
TECH-0305-KR-general,信息技术与数字化,TECH,网络与安全,云计算工程师,Cloud Engineer,2523,15-1244.00,东亚,韩国,KR,country,general,本科,22-30,global,5.8,5.7,9.0,7.3,9.3,8.2,8.7,8.8,9.6,9.1,7.0,9.5,6.2,1.4,2.9,7.7,7.9,0.8,5.2,8.3,7.0,6.7,4.2,7.3,6.9,3.3,5.7,5.8,0.7,1.9,4.2,7.2,8.8,3.9,5,4,↑↑,2028-2033,7.01,韩国云计算工程师：薪资回报高，人才需求旺盛，加班文化严重,"South Korea Cloud Engineer: high compensation, strong talent demand, heavy overtime culture",AI综合评估 + O*NET/ILO/OECD锚点校准,2026-04-13,2026-04-13,2000-2026
TECH-0305-TW-general,信息技术与数字化,TECH,网络与安全,云计算工程师,Cloud Engineer,2523,15-1244.00,东亚,中国台湾地区,TW,region,general,本科,22-30,global,6.4,5.0,9.2,7.3,8.7,7.0,8.7,9.2,7.8,8.4,7.0,9.5,5.5,3.4,3.6,8.5,7.7,1.4,5.9,7.7,7.9,6.0,4.2,7.5,6.3,6.0,6.3,5.8,0.8,1.6,3.4,6.4,8.2,4.1,5,4,↑↑,2028-2033,7.0,中国台湾地区云计算工程师：人才需求旺盛，加班文化严重，近年增长迅猛,"Taiwan (China) Cloud Engineer: strong talent demand, heavy overtime culture, rapid recent growth",AI综合评估 + O*NET/ILO/OECD锚点校准,2026-04-13,2026-04-13,2000-2026
TECH-0305-HK-general,信息技术与数字化,TECH,网络与安全,云计算工程师,Cloud Engineer,2523,15-1244.00,东亚,中国香港地区,HK,region,general,本科,22-30,global,6.0,5.4,7.4,7.0,7.5,6.2,8.3,6.8,10.0,9.1,7.3,9.5,5.0,2.4,3.9,8.7,7.3,1.5,5.8,7.7,9.1,6.5,4.2,7.3,6.3,4.8,5.9,5.6,1.0,1.6,4.2,7.2,10.0,3.7,5,4,↑↑,2028-2033,6.93,中国香港地区云计算工程师：薪资回报高，人才需求旺盛，远程友好度高,"Hong Kong (China) Cloud Engineer: high compensation, strong talent demand, highly remote-friendly",AI综合评估 + O*NET/ILO/OECD锚点校准,2026-04-13,2026-04-13,2000-2026
TECH-0305-SG-general,信息技术与数字化,TECH,网络与安全,云计算工程师,Cloud Engineer,2523,15-1244.00,东南亚,新加坡,SG,country,general,本科,22-30,global,5.8,5.1,8.8,7.7,8.3,7.0,9.3,9.2,10.0,9.9,8.3,9.5,6.5,2.9,4.1,8.5,7.5,0.9,5.6,8.7,9.7,6.2,5.2,7.1,7.3,6.9,6.5,5.8,1.1,1.9,3.6,7.0,10.0,4.3,5,5,↑↑,2028-2033,7.47,新加坡云计算工程师：薪资回报高，人才需求旺盛，远程友好度高,"Singapore Cloud Engineer: high compensation, strong talent demand, highly remote-friendly",AI综合评估 + O*NET/ILO/OECD锚点校准,2026-04-13,2026-04-13,2000-2026
TECH-0305-TH-general,信息技术与数字化,TECH,网络与安全,云计算工程师,Cloud Engineer,2523,15-1244.00,东南亚,泰国,TH,country,general,本科,22-30,global,5.7,5.1,7.2,7.3,7.9,6.4,7.1,6.8,5.4,6.1,6.0,9.5,5.7,5.1,5.1,7.5,6.1,1.7,5.2,5.5,7.9,6.7,5.2,6.7,5.7,4.5,5.3,5.9,1.0,1.0,4.4,7.2,7.0,3.9,5,4,↑↑,2028-2033,6.33,泰国云计算工程师：近年增长迅猛,Thailand Cloud Engineer: rapid recent growth,AI综合评估 + O*NET/ILO/OECD锚点校准,2026-04-13,2026-04-13,2000-2026
TECH-0305-VN-general,信息技术与数字化,TECH,网络与安全,云计算工程师,Cloud Engineer,2523,15-1244.00,东南亚,越南,VN,country,general,本科,22-30,global,5.5,5.1,7.2,7.0,7.9,7.4,8.1,7.4,5.7,6.9,5.5,9.2,5.5,3.6,4.1,7.7,7.3,1.7,5.6,6.3,7.3,6.0,4.9,6.9,6.7,4.8,4.9,5.8,1.0,1.0,3.8,6.4,7.4,3.7,5,4,↑↑,2028-2033,6.42,越南云计算工程师：人才需求旺盛，近年增长迅猛,"Vietnam Cloud Engineer: strong talent demand, rapid recent growth",AI综合评估 + O*NET/ILO/OECD锚点校准,2026-04-13,2026-04-13,2000-2026
TECH-0305-ID-general,信息技术与数字化,TECH,网络与安全,云计算工程师,Cloud Engineer,2523,15-1244.00,东南亚,印度尼西亚,ID,country,general,本科,22-30,global,6.0,4.5,7.6,6.5,7.3,7.4,7.3,7.4,4.8,5.4,6.0,9.5,5.7,4.1,4.4,8.3,6.5,1.2,5.5,5.5,7.6,6.0,4.2,7.1,6.5,4.5,5.3,5.6,1.4,1.6,3.8,6.2,6.6,3.9,5,4,↑↑,2028-2033,6.26,印度尼西亚云计算工程师：近年增长迅猛,Indonesia Cloud Engineer: rapid recent growth,AI综合评估 + O*NET/ILO/OECD锚点校准,2026-04-13,2026-04-13,2000-2026
TECH-0305-MY-general,信息技术与数字化,TECH,网络与安全,云计算工程师,Cloud Engineer,2523,15-1244.00,东南亚,马来西亚,MY,country,general,本科,22-30,global,6.3,5.3,7.2,6.8,6.9,6.8,7.9,7.2,7.5,6.6,7.3,9.5,7.0,3.9,5.1,7.9,7.1,1.4,5.5,6.7,8.8,7.0,4.2,6.7,6.5,5.4,5.7,5.2,1.0,1.9,4.2,6.8,8.4,4.1,5,4,↑↑,2028-2033,6.64,马来西亚云计算工程师：人才需求旺盛，远程友好度高，近年增长迅猛,"Malaysia Cloud Engineer: strong talent demand, highly remote-friendly, rapid recent growth",AI综合评估 + O*NET/ILO/OECD锚点校准,2026-04-13,2026-04-13,2000-2026
TECH-0305-PH-general,信息技术与数字化,TECH,网络与安全,云计算工程师,Cloud Engineer,2523,15-1244.00,东南亚,菲律宾,PH,country,general,本科,22-30,global,5.7,5.1,7.2,6.2,7.1,6.4,6.9,7.8,5.7,5.9,5.5,9.5,6.5,4.1,4.9,7.9,6.9,1.4,5.2,5.9,9.4,7.5,4.7,7.1,5.5,6.3,5.9,5.3,1.0,1.0,4.0,6.6,8.0,4.5,5,4,↑↑,2028-2033,6.45,菲律宾云计算工程师：远程友好度高，近年增长迅猛,"Philippines Cloud Engineer: highly remote-friendly, rapid recent growth",AI综合评估 + O*NET/ILO/OECD锚点校准,2026-04-13,2026-04-13,2000-2026
TECH-0305-IN-general,信息技术与数字化,TECH,网络与安全,云计算工程师,Cloud Engineer,2523,15-1244.00,南亚,印度,IN,country,general,本科,22-30,global,6.3,4.8,9.2,6.7,10.0,9.4,8.9,8.6,7.8,7.9,5.5,9.5,5.2,2.4,3.6,8.9,8.1,1.1,6.0,7.5,10.0,6.5,3.4,6.9,7.5,3.0,5.5,5.3,1.4,1.5,4.4,6.6,9.8,3.5,5,4,↑↑,2028-2033,7.0,印度云计算工程师：人才需求旺盛，远程友好度高，加班文化严重,"India Cloud Engineer: strong talent demand, highly remote-friendly, heavy overtime culture",AI综合评估 + O*NET/ILO/OECD锚点校准,2026-04-13,2026-04-13,2000-2026
TECH-0305-PK-general,信息技术与数字化,TECH,网络与安全,云计算工程师,Cloud Engineer,2523,15-1244.00,南亚,巴基斯坦,PK,country,general,本科,22-30,global,6.0,5.0,6.6,6.1,6.3,5.6,7.5,5.0,3.9,5.1,4.0,9.2,6.2,3.1,4.9,7.3,5.9,2.1,5.6,5.3,8.2,6.2,4.2,5.9,5.3,1.2,5.9,5.5,1.0,1.3,4.8,6.6,7.6,5.1,4,3,↑,2028-2033,5.7,巴基斯坦云计算工程师：薪资水平偏低，人才需求旺盛，加班文化严重,"Pakistan Cloud Engineer: relatively low pay, strong talent demand, heavy overtime culture",AI综合评估 + O*NET/ILO/OECD锚点校准,2026-04-13,2026-04-13,2000-2026
TECH-0305-BD-general,信息技术与数字化,TECH,网络与安全,云计算工程师,Cloud Engineer,2523,15-1244.00,南亚,孟加拉国,BD,country,general,本科,22-30,global,6.0,4.5,6.8,6.4,6.9,5.8,6.7,5.2,3.0,3.9,5.0,9.0,5.7,3.9,3.9,6.9,6.1,2.0,5.4,5.1,8.2,6.0,3.7,6.7,5.7,0.9,4.9,5.9,1.4,1.5,3.8,7.0,7.8,3.9,4,3,↑,2028-2033,5.68,孟加拉国云计算工程师：薪资水平偏低,Bangladesh Cloud Engineer: relatively low pay,AI综合评估 + O*NET/ILO/OECD锚点校准,2026-04-13,2026-04-13,2000-2026
TECH-0305-AE-general,信息技术与数字化,TECH,网络与安全,云计算工程师,Cloud Engineer,2523,15-1244.00,中亚/西亚,阿联酋,AE,country,general,本科,22-30,global,6.0,5.0,7.6,7.1,8.3,6.4,8.3,8.6,10.0,9.6,7.5,9.5,6.0,4.1,5.6,8.9,7.3,0.9,6.0,7.5,8.2,6.5,5.2,7.5,6.5,4.8,6.3,5.8,1.3,1.8,4.0,7.4,10.0,3.7,5,4,↑↑,2028-2033,7.27,阿联酋云计算工程师：薪资回报高，人才需求旺盛，就业稳定,"United Arab Emirates Cloud Engineer: high compensation, strong talent demand, stable employment",AI综合评估 + O*NET/ILO/OECD锚点校准,2026-04-13,2026-04-13,2000-2026
TECH-0305-IL-general,信息技术与数字化,TECH,网络与安全,云计算工程师,Cloud Engineer,2523,15-1244.00,中亚/西亚,以色列,IL,country,general,本科,22-30,global,6.0,5.6,9.4,7.0,8.9,7.2,9.9,9.2,10.0,10.0,6.0,9.7,7.0,3.6,5.4,8.5,7.7,0.8,5.9,8.3,10.0,7.2,5.9,7.7,6.5,6.0,6.7,5.9,1.4,1.5,4.4,8.0,9.6,4.3,5,5,↑↑,2028-2033,7.55,以色列云计算工程师：薪资回报高，人才需求旺盛，远程友好度高,"Israel Cloud Engineer: high compensation, strong talent demand, highly remote-friendly",AI综合评估 + O*NET/ILO/OECD锚点校准,2026-04-13,2026-04-13,2000-2026
TECH-0305-SA-general,信息技术与数字化,TECH,网络与安全,云计算工程师,Cloud Engineer,2523,15-1244.00,中亚/西亚,沙特阿拉伯,SA,country,general,本科,22-30,global,5.5,4.8,8.2,6.8,8.1,6.8,7.7,7.0,9.3,7.6,7.3,9.5,6.0,4.4,4.1,7.7,6.1,1.7,5.4,7.3,7.3,6.0,4.2,7.1,5.7,1.5,5.5,5.3,1.4,1.5,3.6,6.0,7.8,4.7,5,4,↑↑,2028-2033,6.61,沙特阿拉伯云计算工程师：薪资回报高，人才需求旺盛，近年增长迅猛,"Saudi Arabia Cloud Engineer: high compensation, strong talent demand, rapid recent growth",AI综合评估 + O*NET/ILO/OECD锚点校准,2026-04-13,2026-04-13,2000-2026
TECH-0305-TR-general,信息技术与数字化,TECH,网络与安全,云计算工程师,Cloud Engineer,2523,15-1244.00,中亚/西亚,土耳其,TR,country,general,本科,22-30,global,6.0,5.0,8.0,6.2,7.7,6.8,7.9,7.6,6.6,7.1,5.0,9.2,5.5,4.1,5.1,8.3,7.1,1.4,5.4,6.1,7.9,6.5,4.4,7.1,6.3,4.2,5.5,5.3,0.8,1.0,4.0,6.4,7.8,3.7,5,4,↑↑,2028-2033,6.51,土耳其云计算工程师：人才需求旺盛，近年增长迅猛,"Turkey Cloud Engineer: strong talent demand, rapid recent growth",AI综合评估 + O*NET/ILO/OECD锚点校准,2026-04-13,2026-04-13,2000-2026
TECH-0305-GB-general,信息技术与数字化,TECH,网络与安全,云计算工程师,Cloud Engineer,2523,15-1244.00,西欧,英国,GB,country,general,本科,22-30,global,6.0,5.4,9.6,7.1,9.1,8.2,9.5,9.2,10.0,9.1,7.0,9.2,7.0,5.6,6.1,8.1,7.1,0.8,5.6,8.5,10.0,8.2,5.9,7.9,6.9,8.1,6.5,5.2,1.0,1.9,3.8,8.2,10.0,4.1,5,5,↑↑,2028-2033,7.7,英国云计算工程师：薪资回报高，人才需求旺盛，远程友好度高,"United Kingdom Cloud Engineer: high compensation, strong talent demand, highly remote-friendly",AI综合评估 + O*NET/ILO/OECD锚点校准,2026-04-13,2026-04-13,2000-2026
TECH-0305-FR-general,信息技术与数字化,TECH,网络与安全,云计算工程师,Cloud Engineer,2523,15-1244.00,西欧,法国,FR,country,general,本科,22-30,global,6.1,5.0,9.0,7.3,8.9,8.6,8.7,9.2,9.3,7.9,7.5,10.0,7.7,7.1,5.6,8.5,7.1,1.2,5.8,7.7,9.1,7.2,6.9,6.7,6.7,6.6,6.7,5.9,1.1,1.3,3.8,6.8,9.8,3.7,5,4,↑↑,2028-2033,7.55,法国云计算工程师：薪资回报高，人才需求旺盛，远程友好度高,"France Cloud Engineer: high compensation, strong talent demand, highly remote-friendly",AI综合评估 + O*NET/ILO/OECD锚点校准,2026-04-13,2026-04-13,2000-2026
TECH-0305-DE-general,信息技术与数字化,TECH,网络与安全,云计算工程师,Cloud Engineer,2523,15-1244.00,西欧,德国,DE,country,general,本科,22-30,global,6.4,5.3,9.6,7.3,9.1,8.4,9.3,8.8,10.0,9.1,9.0,9.7,7.5,7.6,6.9,8.3,7.7,0.9,5.6,7.7,10.0,8.0,7.7,7.9,7.7,6.6,6.9,5.3,0.8,1.8,3.8,7.2,9.6,3.7,5,4,↑↑,2028-2033,7.89,德国云计算工程师：薪资回报高，人才需求旺盛，远程友好度高,"Germany Cloud Engineer: high compensation, strong talent demand, highly remote-friendly",AI综合评估 + O*NET/ILO/OECD锚点校准,2026-04-13,2026-04-13,2000-2026
TECH-0305-NL-general,信息技术与数字化,TECH,网络与安全,云计算工程师,Cloud Engineer,2523,15-1244.00,西欧,荷兰,NL,country,general,本科,22-30,global,6.4,5.4,8.4,7.4,8.7,7.6,9.5,8.4,10.0,8.9,8.5,9.7,8.5,7.6,6.9,8.3,6.9,1.4,6.0,7.7,10.0,8.5,7.4,6.7,6.5,8.4,6.5,5.3,1.0,1.5,4.0,8.2,9.8,4.3,5,4,↑↑,2028-2033,7.75,荷兰云计算工程师：薪资回报高，人才需求旺盛，远程友好度高,"Netherlands Cloud Engineer: high compensation, strong talent demand, highly remote-friendly",AI综合评估 + O*NET/ILO/OECD锚点校准,2026-04-13,2026-04-13,2000-2026
TECH-0305-CH-general,信息技术与数字化,TECH,网络与安全,云计算工程师,Cloud Engineer,2523,15-1244.00,西欧,瑞士,CH,country,general,本科,22-30,global,6.6,5.3,9.0,7.7,8.5,7.4,9.5,9.2,10.0,10.0,9.5,10.0,7.2,6.6,6.9,8.7,7.9,1.1,5.5,9.1,9.7,7.2,7.2,7.3,7.3,6.9,7.3,5.2,0.7,1.3,2.8,7.2,9.6,3.9,5,4,↑↑,2028-2033,7.89,瑞士云计算工程师：薪资回报高，人才需求旺盛，远程友好度高,"Switzerland Cloud Engineer: high compensation, strong talent demand, highly remote-friendly",AI综合评估 + O*NET/ILO/OECD锚点校准,2026-04-13,2026-04-13,2000-2026
TECH-0305-SE-general,信息技术与数字化,TECH,网络与安全,云计算工程师,Cloud Engineer,2523,15-1244.00,北欧,瑞典,SE,country,general,本科,22-30,global,6.1,5.6,8.0,7.7,7.9,7.2,8.5,8.8,9.6,8.4,7.5,9.7,7.7,7.9,7.4,8.5,7.1,1.1,5.5,8.3,10.0,8.0,8.9,7.7,6.7,9.9,7.1,5.3,1.4,1.5,3.2,8.0,10.0,4.7,5,4,↑↑,2028-2033,7.75,瑞典云计算工程师：薪资回报高，人才需求旺盛，远程友好度高,"Sweden Cloud Engineer: high compensation, strong talent demand, highly remote-friendly",AI综合评估 + O*NET/ILO/OECD锚点校准,2026-04-13,2026-04-13,2000-2026
TECH-0305-DK-general,信息技术与数字化,TECH,网络与安全,云计算工程师,Cloud Engineer,2523,15-1244.00,北欧,丹麦,DK,country,general,本科,22-30,global,5.8,5.7,8.4,7.9,8.7,6.2,8.7,9.2,10.0,8.6,9.0,9.5,8.2,8.6,7.4,8.1,6.7,0.8,5.2,7.7,10.0,7.7,8.9,6.9,7.1,9.9,7.3,5.0,1.4,2.2,4.0,6.8,10.0,3.9,5,4,↑↑,2028-2033,7.81,丹麦云计算工程师：薪资回报高，人才需求旺盛，远程友好度高,"Denmark Cloud Engineer: high compensation, strong talent demand, highly remote-friendly",AI综合评估 + O*NET/ILO/OECD锚点校准,2026-04-13,2026-04-13,2000-2026
TECH-0305-FI-general,信息技术与数字化,TECH,网络与安全,云计算工程师,Cloud Engineer,2523,15-1244.00,北欧,芬兰,FI,country,general,本科,22-30,global,6.4,5.3,8.0,7.6,7.5,7.0,8.7,8.4,9.6,8.4,8.5,10.0,8.7,8.6,7.6,7.9,7.1,1.4,5.4,8.5,10.0,8.7,8.4,6.9,6.3,9.0,7.1,5.0,0.7,1.9,3.6,7.2,9.4,3.9,5,4,↑↑,2028-2033,7.71,芬兰云计算工程师：薪资回报高，人才需求旺盛，远程友好度高,"Finland Cloud Engineer: high compensation, strong talent demand, highly remote-friendly",AI综合评估 + O*NET/ILO/OECD锚点校准,2026-04-13,2026-04-13,2000-2026
TECH-0305-IT-general,信息技术与数字化,TECH,网络与安全,云计算工程师,Cloud Engineer,2523,15-1244.00,南欧,意大利,IT,country,general,本科,22-30,global,6.1,5.3,8.6,7.1,8.7,7.6,7.7,7.8,7.5,7.6,5.5,9.5,6.5,5.6,5.6,7.7,6.5,1.7,5.8,7.5,7.9,7.0,6.2,6.5,6.7,3.9,6.5,5.9,0.8,1.3,3.8,6.6,9.2,4.1,5,4,↑↑,2028-2033,6.9,意大利云计算工程师：人才需求旺盛，近年增长迅猛,"Italy Cloud Engineer: strong talent demand, rapid recent growth",AI综合评估 + O*NET/ILO/OECD锚点校准,2026-04-13,2026-04-13,2000-2026
TECH-0305-ES-general,信息技术与数字化,TECH,网络与安全,云计算工程师,Cloud Engineer,2523,15-1244.00,南欧,西班牙,ES,country,general,本科,22-30,global,6.0,5.4,8.4,7.1,7.5,6.8,8.5,7.2,6.9,7.4,6.0,9.7,7.0,5.4,5.1,8.3,6.7,1.5,5.1,6.7,9.4,8.2,6.7,7.1,6.1,5.1,6.5,5.5,1.0,1.8,4.0,6.8,9.0,4.3,5,4,↑↑,2028-2033,6.89,西班牙云计算工程师：人才需求旺盛，远程友好度高，近年增长迅猛,"Spain Cloud Engineer: strong talent demand, highly remote-friendly, rapid recent growth",AI综合评估 + O*NET/ILO/OECD锚点校准,2026-04-13,2026-04-13,2000-2026
TECH-0305-PT-general,信息技术与数字化,TECH,网络与安全,云计算工程师,Cloud Engineer,2523,15-1244.00,南欧,葡萄牙,PT,country,general,本科,22-30,global,6.4,4.8,7.4,7.1,8.1,6.6,8.1,6.8,7.5,6.1,6.3,9.2,6.2,6.1,5.4,8.1,6.9,1.7,5.1,6.5,9.7,7.2,6.9,7.5,5.7,7.5,5.7,5.3,0.7,1.6,3.8,7.4,9.0,4.9,5,4,↑↑,2028-2033,6.84,葡萄牙云计算工程师：人才需求旺盛，远程友好度高，近年增长迅猛,"Portugal Cloud Engineer: strong talent demand, highly remote-friendly, rapid recent growth",AI综合评估 + O*NET/ILO/OECD锚点校准,2026-04-13,2026-04-13,2000-2026
TECH-0305-PL-general,信息技术与数字化,TECH,网络与安全,云计算工程师,Cloud Engineer,2523,15-1244.00,东欧,波兰,PL,country,general,本科,22-30,global,5.8,5.3,8.4,7.0,8.3,7.0,7.7,7.4,8.1,7.4,7.5,9.5,6.2,6.1,5.6,8.5,7.1,1.2,5.2,7.5,10.0,8.0,6.7,7.3,7.3,6.6,5.7,5.6,0.5,2.1,3.8,7.6,9.2,4.5,5,4,↑↑,2028-2033,7.18,波兰云计算工程师：薪资回报高，人才需求旺盛，远程友好度高,"Poland Cloud Engineer: high compensation, strong talent demand, highly remote-friendly",AI综合评估 + O*NET/ILO/OECD锚点校准,2026-04-13,2026-04-13,2000-2026
TECH-0305-CZ-general,信息技术与数字化,TECH,网络与安全,云计算工程师,Cloud Engineer,2523,15-1244.00,东欧,捷克,CZ,country,general,本科,22-30,global,6.0,5.0,8.0,7.7,8.1,6.2,7.9,7.4,7.2,8.1,7.8,9.5,7.0,6.1,5.6,7.9,7.5,1.7,5.2,7.7,9.7,7.5,6.4,7.1,6.1,4.8,6.5,5.5,1.3,1.6,4.2,7.2,9.8,3.9,5,4,↑↑,2028-2033,7.08,捷克云计算工程师：人才需求旺盛，远程友好度高，就业稳定,"Czech Republic Cloud Engineer: strong talent demand, highly remote-friendly, stable employment",AI综合评估 + O*NET/ILO/OECD锚点校准,2026-04-13,2026-04-13,2000-2026
TECH-0305-RU-general,信息技术与数字化,TECH,网络与安全,云计算工程师,Cloud Engineer,2523,15-1244.00,东欧,俄罗斯,RU,country,general,本科,22-30,global,5.8,5.0,8.6,6.8,7.7,7.2,8.1,7.2,7.5,7.6,5.3,9.0,6.7,5.6,4.9,7.7,7.7,1.2,5.4,6.9,9.7,6.2,5.4,6.5,6.3,4.8,5.9,5.8,0.8,1.2,5.0,7.0,6.4,4.7,5,4,↑↑,2028-2033,6.74,俄罗斯云计算工程师：人才需求旺盛，远程友好度高，近年增长迅猛,"Russia Cloud Engineer: strong talent demand, highly remote-friendly, rapid recent growth",AI综合评估 + O*NET/ILO/OECD锚点校准,2026-04-13,2026-04-13,2000-2026
TECH-0305-US-general,信息技术与数字化,TECH,网络与安全,云计算工程师,Cloud Engineer,2523,15-1244.00,北美,美国,US,country,general,本科,22-30,global,6.3,5.6,10.0,6.5,10.0,9.8,9.5,8.2,10.0,10.0,6.8,9.5,5.7,2.9,4.4,8.7,8.3,1.4,6.0,9.3,10.0,7.5,4.7,8.3,7.9,6.6,6.1,5.0,1.0,1.6,4.4,7.2,9.6,4.1,5,5,↑↑,2028-2033,7.54,美国云计算工程师：薪资回报高，人才需求旺盛，远程友好度高,"United States Cloud Engineer: high compensation, strong talent demand, highly remote-friendly",AI综合评估 + O*NET/ILO/OECD锚点校准,2026-04-13,2026-04-13,2000-2026
TECH-0305-CA-general,信息技术与数字化,TECH,网络与安全,云计算工程师,Cloud Engineer,2523,15-1244.00,北美,加拿大,CA,country,general,本科,22-30,global,6.6,5.6,8.6,7.4,8.7,7.6,8.3,8.8,9.9,9.1,7.5,9.7,6.7,5.6,5.4,7.9,7.5,1.2,5.6,8.1,10.0,7.5,6.7,7.1,7.3,7.2,6.9,5.2,1.0,2.1,3.6,7.8,10.0,3.7,5,5,↑↑,2028-2033,7.51,加拿大云计算工程师：薪资回报高，人才需求旺盛，远程友好度高,"Canada Cloud Engineer: high compensation, strong talent demand, highly remote-friendly",AI综合评估 + O*NET/ILO/OECD锚点校准,2026-04-13,2026-04-13,2000-2026
TECH-0305-MX-general,信息技术与数字化,TECH,网络与安全,云计算工程师,Cloud Engineer,2523,15-1244.00,北美,墨西哥,MX,country,general,本科,22-30,global,6.0,4.8,8.2,6.7,8.3,7.4,7.7,6.8,6.0,6.1,5.8,9.5,7.0,3.9,4.4,8.1,6.5,1.7,5.6,6.7,7.9,7.2,4.2,6.1,6.5,3.0,6.1,5.5,1.4,1.3,4.2,7.0,8.2,3.7,5,4,↑↑,2028-2033,6.48,墨西哥云计算工程师：人才需求旺盛，近年增长迅猛,"Mexico Cloud Engineer: strong talent demand, rapid recent growth",AI综合评估 + O*NET/ILO/OECD锚点校准,2026-04-13,2026-04-13,2000-2026
TECH-0305-BR-general,信息技术与数字化,TECH,网络与安全,云计算工程师,Cloud Engineer,2523,15-1244.00,南美,巴西,BR,country,general,本科,22-30,global,6.0,4.8,8.0,6.4,9.3,8.0,8.3,7.2,6.6,6.1,6.0,9.7,6.0,4.6,4.4,8.5,7.1,1.4,5.5,6.7,8.8,7.7,5.7,6.9,6.7,4.8,5.5,5.0,1.3,1.3,4.2,6.8,7.0,3.7,5,4,↑↑,2028-2033,6.72,巴西云计算工程师：人才需求旺盛，远程友好度高，近年增长迅猛,"Brazil Cloud Engineer: strong talent demand, highly remote-friendly, rapid recent growth",AI综合评估 + O*NET/ILO/OECD锚点校准,2026-04-13,2026-04-13,2000-2026
TECH-0305-AR-general,信息技术与数字化,TECH,网络与安全,云计算工程师,Cloud Engineer,2523,15-1244.00,南美,阿根廷,AR,country,general,本科,22-30,global,5.7,5.0,7.2,5.9,7.3,6.2,8.1,7.6,6.0,5.6,5.3,9.0,7.0,3.6,5.4,7.5,5.9,1.8,5.0,6.5,8.5,7.7,4.9,7.1,6.3,5.1,6.3,5.6,1.1,1.0,4.8,7.0,8.4,4.5,5,4,↑↑,2028-2033,6.41,阿根廷云计算工程师：人才需求旺盛，远程友好度高，近年增长迅猛,"Argentina Cloud Engineer: strong talent demand, highly remote-friendly, rapid recent growth",AI综合评估 + O*NET/ILO/OECD锚点校准,2026-04-13,2026-04-13,2000-2026
TECH-0305-CL-general,信息技术与数字化,TECH,网络与安全,云计算工程师,Cloud Engineer,2523,15-1244.00,南美,智利,CL,country,general,本科,22-30,global,5.5,4.8,7.2,6.5,7.1,6.0,7.5,6.8,7.5,7.1,6.3,9.2,6.2,4.4,5.9,7.5,5.9,1.8,5.5,6.3,9.4,6.5,6.2,6.7,6.1,4.8,6.1,5.0,0.7,1.2,3.6,6.4,7.6,3.7,5,4,↑↑,2028-2033,6.6,智利云计算工程师：人才需求旺盛，远程友好度高，近年增长迅猛,"Chile Cloud Engineer: strong talent demand, highly remote-friendly, rapid recent growth",AI综合评估 + O*NET/ILO/OECD锚点校准,2026-04-13,2026-04-13,2000-2026
TECH-0305-CO-general,信息技术与数字化,TECH,网络与安全,云计算工程师,Cloud Engineer,2523,15-1244.00,南美,哥伦比亚,CO,country,general,本科,22-30,global,5.5,4.8,7.0,7.0,7.3,6.0,7.3,6.6,4.5,6.1,6.0,9.5,6.7,4.4,5.6,7.5,6.7,1.4,5.5,6.1,9.7,7.0,5.7,7.1,6.3,4.5,5.7,5.6,0.5,1.3,4.6,7.0,7.8,4.3,5,4,↑↑,2028-2033,6.45,哥伦比亚云计算工程师：薪资水平偏低，远程友好度高，近年增长迅猛,"Colombia Cloud Engineer: relatively low pay, highly remote-friendly, rapid recent growth",AI综合评估 + O*NET/ILO/OECD锚点校准,2026-04-13,2026-04-13,2000-2026
TECH-0305-AU-general,信息技术与数字化,TECH,网络与安全,云计算工程师,Cloud Engineer,2523,15-1244.00,大洋洲,澳大利亚,AU,country,general,本科,22-30,global,6.0,5.4,8.4,7.4,8.9,8.2,8.7,9.2,10.0,8.4,8.3,10.0,8.0,6.6,5.9,8.5,6.7,1.2,5.5,7.9,10.0,8.0,7.7,7.5,7.1,7.2,7.1,5.6,1.0,1.5,3.6,8.0,10.0,3.5,5,4,↑↑,2028-2033,7.73,澳大利亚云计算工程师：薪资回报高，人才需求旺盛，远程友好度高,"Australia Cloud Engineer: high compensation, strong talent demand, highly remote-friendly",AI综合评估 + O*NET/ILO/OECD锚点校准,2026-04-13,2026-04-13,2000-2026
TECH-0305-NZ-general,信息技术与数字化,TECH,网络与安全,云计算工程师,Cloud Engineer,2523,15-1244.00,大洋洲,新西兰,NZ,country,general,本科,22-30,global,6.3,4.7,7.6,7.7,7.7,5.8,7.7,6.8,8.4,8.9,8.5,9.7,7.0,7.6,6.1,8.1,7.3,1.4,5.9,7.1,10.0,7.7,7.9,7.1,5.9,8.4,6.1,5.5,1.3,1.8,3.4,7.6,9.2,4.7,5,4,↑↑,2028-2033,7.35,新西兰云计算工程师：薪资回报高，人才需求旺盛，远程友好度高,"New Zealand Cloud Engineer: high compensation, strong talent demand, highly remote-friendly",AI综合评估 + O*NET/ILO/OECD锚点校准,2026-04-13,2026-04-13,2000-2026
TECH-0305-ZA-general,信息技术与数字化,TECH,网络与安全,云计算工程师,Cloud Engineer,2523,15-1244.00,非洲,南非,ZA,country,general,本科,22-30,global,5.8,4.5,7.4,6.8,7.5,5.6,7.5,6.6,6.0,6.1,5.8,9.2,6.7,4.4,4.9,7.5,6.9,1.7,5.1,6.3,8.8,7.2,5.4,6.1,5.5,5.1,5.7,5.6,0.7,1.6,4.2,7.4,7.8,3.9,5,4,↑↑,2028-2033,6.43,南非云计算工程师：人才需求旺盛，远程友好度高，近年增长迅猛,"South Africa Cloud Engineer: strong talent demand, highly remote-friendly, rapid recent growth",AI综合评估 + O*NET/ILO/OECD锚点校准,2026-04-13,2026-04-13,2000-2026
TECH-0305-NG-general,信息技术与数字化,TECH,网络与安全,云计算工程师,Cloud Engineer,2523,15-1244.00,非洲,尼日利亚,NG,country,general,本科,22-30,global,6.0,5.1,7.2,5.9,6.5,6.0,7.1,6.2,3.9,5.6,4.5,9.2,5.7,3.4,5.1,7.9,6.5,2.1,5.5,5.1,7.6,6.2,3.7,6.3,6.3,2.1,4.9,5.9,1.0,1.0,4.2,6.4,7.6,4.5,4,3,↑,2028-2033,5.86,尼日利亚云计算工程师：薪资水平偏低，加班文化严重,"Nigeria Cloud Engineer: relatively low pay, heavy overtime culture",AI综合评估 + O*NET/ILO/OECD锚点校准,2026-04-13,2026-04-13,2000-2026
TECH-0305-KE-general,信息技术与数字化,TECH,网络与安全,云计算工程师,Cloud Engineer,2523,15-1244.00,非洲,肯尼亚,KE,country,general,本科,22-30,global,5.7,4.8,7.2,6.5,6.3,5.8,6.9,6.0,4.5,5.6,4.3,9.0,6.5,3.9,4.6,8.1,5.9,1.8,4.8,6.1,8.5,6.7,4.4,6.1,5.7,4.2,5.1,5.3,1.3,0.9,5.0,7.2,7.4,4.1,4,3,↑,2028-2033,5.98,肯尼亚云计算工程师：薪资水平偏低，远程友好度高,"Kenya Cloud Engineer: relatively low pay, highly remote-friendly",AI综合评估 + O*NET/ILO/OECD锚点校准,2026-04-13,2026-04-13,2000-2026
TECH-0305-EG-general,信息技术与数字化,TECH,网络与安全,云计算工程师,Cloud Engineer,2523,15-1244.00,非洲,埃及,EG,country,general,本科,22-30,global,5.8,5.0,7.4,6.7,7.1,6.2,6.9,5.6,3.6,5.6,4.3,9.2,6.0,3.4,4.6,8.1,6.3,1.8,5.1,5.3,7.0,6.2,5.2,6.3,6.5,1.8,6.1,5.8,0.5,0.7,4.6,6.8,7.8,4.3,4,3,↑,2028-2033,5.93,埃及云计算工程师：薪资水平偏低，加班文化严重,"Egypt Cloud Engineer: relatively low pay, heavy overtime culture",AI综合评估 + O*NET/ILO/OECD锚点校准,2026-04-13,2026-04-13,2000-2026
TECH-0306-CN-general,信息技术与数字化,TECH,网络与安全,系统管理员,System Administrator,2522,15-1244.00,东亚,中国,CN,country,general,大专/本科,22-28,global,4.7,3.9,6.5,6.8,7.8,10.0,5.3,5.5,7.2,7.1,4.9,9.7,5.2,0.9,4.3,5.4,6.6,1.3,5.0,6.7,4.1,5.2,3.7,5.5,5.8,4.6,5.4,4.8,1.9,2.0,4.2,5.0,5.3,2.6,0,-1,→,2028-2033,5.88,中国系统管理员：加班文化严重,China System Administrator: heavy overtime culture,AI综合评估 + O*NET/ILO/OECD锚点校准,2026-04-13,2026-04-13,2000-2026
TECH-0306-JP-general,信息技术与数字化,TECH,网络与安全,系统管理员,System Administrator,2522,15-1244.00,东亚,日本,JP,country,general,大专/本科,22-28,global,4.7,4.7,5.7,7.1,6.8,8.3,5.3,5.1,5.7,6.6,7.9,10.0,6.2,2.4,4.6,6.2,5.6,1.8,4.2,5.5,5.9,4.7,4.9,5.3,5.6,3.1,5.6,4.7,2.0,1.7,2.6,5.4,4.9,2.0,0,-2,↓,2026-2030,5.82,日本系统管理员：加班文化严重，就业稳定，近年需求下降,"Japan System Administrator: heavy overtime culture, stable employment, declining demand",AI综合评估 + O*NET/ILO/OECD锚点校准,2026-04-13,2026-04-13,2000-2026
TECH-0306-KR-general,信息技术与数字化,TECH,网络与安全,系统管理员,System Administrator,2522,15-1244.00,东亚,韩国,KR,country,general,大专/本科,22-28,global,4.9,4.5,5.5,6.6,6.8,8.9,4.9,5.3,5.7,6.3,6.4,9.5,6.2,2.7,3.3,5.4,5.0,1.5,4.8,6.5,4.4,5.0,4.4,5.3,4.2,3.1,5.6,4.7,2.2,2.1,2.8,5.8,5.5,1.8,0,-2,↓,2028-2033,5.66,韩国系统管理员：加班文化严重，近年需求下降,"South Korea System Administrator: heavy overtime culture, declining demand",AI综合评估 + O*NET/ILO/OECD锚点校准,2026-04-13,2026-04-13,2000-2026
TECH-0306-TW-general,信息技术与数字化,TECH,网络与安全,系统管理员,System Administrator,2522,15-1244.00,东亚,中国台湾地区,TW,region,general,大专/本科,22-28,global,4.9,4.1,5.3,6.6,5.6,8.1,5.9,5.7,5.4,6.1,5.9,9.2,5.9,3.7,5.3,6.0,5.0,1.8,4.6,5.3,4.4,5.2,4.2,5.9,4.0,5.2,6.0,5.3,2.3,2.1,3.6,5.4,6.1,2.4,0,-2,↓,2028-2033,5.71,中国台湾地区系统管理员：近年需求下降,Taiwan (China) System Administrator: declining demand,AI综合评估 + O*NET/ILO/OECD锚点校准,2026-04-13,2026-04-13,2000-2026
TECH-0306-HK-general,信息技术与数字化,TECH,网络与安全,系统管理员,System Administrator,2522,15-1244.00,东亚,中国香港地区,HK,region,general,大专/本科,22-28,global,4.7,3.8,4.5,6.8,5.6,6.9,4.7,3.7,6.9,7.1,6.2,9.7,6.2,2.2,3.6,5.2,5.4,1.8,4.8,5.9,7.1,5.5,4.2,5.3,4.4,4.3,6.4,5.3,2.2,2.3,3.4,5.6,7.7,3.0,0,-2,↓,2028-2033,5.73,中国香港地区系统管理员：加班文化严重，近年需求下降,"Hong Kong (China) System Administrator: heavy overtime culture, declining demand",AI综合评估 + O*NET/ILO/OECD锚点校准,2026-04-13,2026-04-13,2000-2026
TECH-0306-SG-general,信息技术与数字化,TECH,网络与安全,系统管理员,System Administrator,2522,15-1244.00,东南亚,新加坡,SG,country,general,大专/本科,22-28,global,5.0,4.2,6.1,6.8,6.8,7.7,4.9,5.1,8.7,7.8,8.4,9.7,6.4,4.7,4.6,6.6,5.4,1.6,4.8,6.5,6.8,5.7,4.4,5.5,5.2,6.4,6.6,5.3,1.6,2.4,3.4,6.2,8.1,2.8,0,-1,→,2028-2033,6.38,新加坡系统管理员：薪资回报高，就业稳定,"Singapore System Administrator: high compensation, stable employment",AI综合评估 + O*NET/ILO/OECD锚点校准,2026-04-13,2026-04-13,2000-2026
TECH-0306-TH-general,信息技术与数字化,TECH,网络与安全,系统管理员,System Administrator,2522,15-1244.00,东南亚,泰国,TH,country,general,大专/本科,22-28,global,4.9,3.8,3.7,6.5,4.4,6.7,3.7,3.5,1.8,4.6,5.4,9.5,5.9,5.4,6.3,5.4,4.2,2.1,4.0,4.5,4.7,6.5,4.7,4.7,4.8,5.2,5.4,5.3,1.7,1.5,3.6,4.6,5.3,3.0,0,-2,↓,2026-2030,5.12,泰国系统管理员：薪资水平偏低，供过于求，AI替代风险较高,"Thailand System Administrator: relatively low pay, oversupply of talent, high AI displacement risk",AI综合评估 + O*NET/ILO/OECD锚点校准,2026-04-13,2026-04-13,2000-2026
TECH-0306-VN-general,信息技术与数字化,TECH,网络与安全,系统管理员,System Administrator,2522,15-1244.00,东南亚,越南,VN,country,general,大专/本科,22-28,global,4.6,4.4,3.7,6.0,5.8,7.5,4.5,3.3,2.7,4.8,5.9,9.7,5.2,4.9,4.8,4.8,4.8,1.9,4.2,4.3,5.0,5.5,3.9,5.1,4.2,3.4,5.8,5.0,2.3,1.5,3.6,5.4,5.1,2.6,0,-2,↓,2026-2030,5.13,越南系统管理员：薪资水平偏低，近年需求下降,"Vietnam System Administrator: relatively low pay, declining demand",AI综合评估 + O*NET/ILO/OECD锚点校准,2026-04-13,2026-04-13,2000-2026
TECH-0306-ID-general,信息技术与数字化,TECH,网络与安全,系统管理员,System Administrator,2522,15-1244.00,东南亚,印度尼西亚,ID,country,general,大专/本科,22-28,global,4.6,4.1,4.3,6.3,5.4,8.5,3.9,4.1,2.4,4.1,5.4,9.5,6.7,4.7,5.1,5.4,5.2,2.1,4.4,3.9,4.1,5.2,4.4,5.1,4.6,4.0,6.2,5.3,2.3,1.7,3.6,5.2,3.9,2.6,0,-2,↓,2026-2030,5.14,印度尼西亚系统管理员：薪资水平偏低，供过于求，近年需求下降,"Indonesia System Administrator: relatively low pay, oversupply of talent, declining demand",AI综合评估 + O*NET/ILO/OECD锚点校准,2026-04-13,2026-04-13,2000-2026
TECH-0306-MY-general,信息技术与数字化,TECH,网络与安全,系统管理员,System Administrator,2522,15-1244.00,东南亚,马来西亚,MY,country,general,大专/本科,22-28,global,4.1,4.1,4.1,6.8,4.8,7.1,4.9,4.1,3.9,5.1,6.4,9.7,6.2,4.9,5.8,5.0,4.2,2.2,4.0,4.9,5.6,5.2,4.4,4.9,4.2,3.1,6.4,5.1,1.7,2.4,3.4,4.6,5.9,3.2,0,-2,↓,2026-2030,5.34,马来西亚系统管理员：薪资水平偏低，AI替代风险较高，近年需求下降,"Malaysia System Administrator: relatively low pay, high AI displacement risk, declining demand",AI综合评估 + O*NET/ILO/OECD锚点校准,2026-04-13,2026-04-13,2000-2026
TECH-0306-PH-general,信息技术与数字化,TECH,网络与安全,系统管理员,System Administrator,2522,15-1244.00,东南亚,菲律宾,PH,country,general,大专/本科,22-28,global,4.9,4.2,3.3,5.7,4.6,6.5,3.7,4.1,2.4,3.6,5.7,9.2,5.7,3.9,4.8,5.2,4.4,1.9,4.4,3.9,6.2,5.2,3.7,4.9,3.8,5.5,5.0,4.5,1.9,1.5,4.4,6.0,5.9,2.8,0,-2,↓,2026-2030,4.99,菲律宾系统管理员：薪资水平偏低，供过于求，近年需求下降,"Philippines System Administrator: relatively low pay, oversupply of talent, declining demand",AI综合评估 + O*NET/ILO/OECD锚点校准,2026-04-13,2026-04-13,2000-2026
TECH-0306-IN-general,信息技术与数字化,TECH,网络与安全,系统管理员,System Administrator,2522,15-1244.00,南亚,印度,IN,country,general,大专/本科,22-28,global,5.0,4.1,5.3,6.0,7.2,10.0,5.3,5.9,4.8,5.6,4.7,9.7,5.9,3.9,4.8,5.4,5.4,1.5,4.5,4.9,8.3,5.0,4.2,4.9,5.4,3.4,5.6,5.0,1.7,1.5,3.6,6.0,7.1,1.6,0,-2,↓,2028-2033,5.8,印度系统管理员：近年需求下降,India System Administrator: declining demand,AI综合评估 + O*NET/ILO/OECD锚点校准,2026-04-13,2026-04-13,2000-2026
TECH-0306-PK-general,信息技术与数字化,TECH,网络与安全,系统管理员,System Administrator,2522,15-1244.00,南亚,巴基斯坦,PK,country,general,大专/本科,22-28,global,4.1,3.3,3.3,5.9,4.6,6.5,3.5,1.5,1.2,3.3,4.4,9.2,5.4,4.7,5.3,5.2,4.2,2.8,4.4,3.3,6.2,5.5,3.9,4.5,3.2,0.0,6.0,5.0,2.5,2.0,4.2,5.2,5.3,3.2,-1,-3,↓,2026-2030,4.62,巴基斯坦系统管理员：薪资水平偏低，供过于求，近年需求下降,"Pakistan System Administrator: relatively low pay, oversupply of talent, declining demand",AI综合评估 + O*NET/ILO/OECD锚点校准,2026-04-13,2026-04-13,2000-2026
TECH-0306-BD-general,信息技术与数字化,TECH,网络与安全,系统管理员,System Administrator,2522,15-1244.00,南亚,孟加拉国,BD,country,general,大专/本科,22-28,global,4.3,3.9,2.3,5.7,4.0,6.1,2.9,2.5,0.0,2.6,4.9,9.2,5.7,3.7,4.3,5.0,4.0,2.7,4.2,3.3,5.9,4.7,3.7,4.3,3.2,1.0,4.8,4.7,1.9,1.4,4.4,5.4,4.5,3.4,-1,-3,↓,2026-2030,4.34,孟加拉国系统管理员：薪资水平偏低，供过于求，近年需求下降,"Bangladesh System Administrator: relatively low pay, oversupply of talent, declining demand",AI综合评估 + O*NET/ILO/OECD锚点校准,2026-04-13,2026-04-13,2000-2026
TECH-0306-AE-general,信息技术与数字化,TECH,网络与安全,系统管理员,System Administrator,2522,15-1244.00,中亚/西亚,阿联酋,AE,country,general,大专/本科,22-28,global,4.1,3.9,5.3,7.4,5.4,6.7,5.3,5.1,7.5,7.3,7.2,9.5,5.7,4.2,5.1,6.4,4.4,1.8,4.8,6.5,6.5,5.0,4.9,4.9,3.8,3.1,6.2,5.1,2.0,2.0,2.8,5.0,7.3,2.8,0,-2,↓,2028-2033,5.99,阿联酋系统管理员：近年需求下降,United Arab Emirates System Administrator: declining demand,AI综合评估 + O*NET/ILO/OECD锚点校准,2026-04-13,2026-04-13,2000-2026
TECH-0306-IL-general,信息技术与数字化,TECH,网络与安全,系统管理员,System Administrator,2522,15-1244.00,中亚/西亚,以色列,IL,country,general,大专/本科,22-28,global,4.7,3.8,6.3,6.3,6.8,7.9,5.5,5.5,9.3,7.3,5.4,9.2,6.4,4.4,4.6,5.8,5.6,1.8,4.9,6.9,7.7,5.7,5.7,5.9,4.8,5.2,6.0,5.3,1.7,1.8,3.8,5.8,7.5,2.0,0,-1,→,2028-2033,6.32,以色列系统管理员：薪资回报高,Israel System Administrator: high compensation,AI综合评估 + O*NET/ILO/OECD锚点校准,2026-04-13,2026-04-13,2000-2026
TECH-0306-SA-general,信息技术与数字化,TECH,网络与安全,系统管理员,System Administrator,2522,15-1244.00,中亚/西亚,沙特阿拉伯,SA,country,general,大专/本科,22-28,global,4.6,4.2,4.7,6.9,4.6,6.7,4.5,4.3,6.3,5.8,5.7,9.5,6.9,4.9,5.1,5.4,4.4,2.1,4.9,4.7,4.7,6.0,5.2,4.7,3.8,1.3,6.2,5.0,1.7,2.3,3.0,5.4,5.3,2.6,0,-2,↓,2028-2033,5.49,沙特阿拉伯系统管理员：近年需求下降,Saudi Arabia System Administrator: declining demand,AI综合评估 + O*NET/ILO/OECD锚点校准,2026-04-13,2026-04-13,2000-2026
TECH-0306-TR-general,信息技术与数字化,TECH,网络与安全,系统管理员,System Administrator,2522,15-1244.00,中亚/西亚,土耳其,TR,country,general,大专/本科,22-28,global,4.4,3.6,5.1,5.9,5.4,8.3,4.1,3.9,3.0,5.3,4.2,9.0,6.4,3.4,5.1,5.0,5.2,2.2,4.1,4.1,5.9,6.0,4.9,4.5,4.4,2.2,5.8,5.1,2.2,1.5,3.8,5.6,5.9,2.6,0,-2,↓,2026-2030,5.21,土耳其系统管理员：薪资水平偏低，加班文化严重，近年需求下降,"Turkey System Administrator: relatively low pay, heavy overtime culture, declining demand",AI综合评估 + O*NET/ILO/OECD锚点校准,2026-04-13,2026-04-13,2000-2026
TECH-0306-GB-general,信息技术与数字化,TECH,网络与安全,系统管理员,System Administrator,2522,15-1244.00,西欧,英国,GB,country,general,大专/本科,22-28,global,4.6,4.4,5.9,6.8,7.6,8.5,5.3,5.3,7.8,7.6,7.2,9.2,6.2,6.4,5.3,5.6,6.4,1.5,4.6,6.5,8.0,7.0,7.2,4.9,5.4,7.3,6.8,5.0,2.0,2.7,3.8,6.4,7.9,1.6,0,-1,→,2028-2033,6.55,英国系统管理员：发展平稳,United Kingdom System Administrator: steady development,AI综合评估 + O*NET/ILO/OECD锚点校准,2026-04-13,2026-04-13,2000-2026
TECH-0306-FR-general,信息技术与数字化,TECH,网络与安全,系统管理员,System Administrator,2522,15-1244.00,西欧,法国,FR,country,general,大专/本科,22-28,global,4.7,3.8,5.9,6.8,6.0,8.3,4.5,5.1,7.2,6.8,7.2,9.5,7.7,7.4,6.3,5.6,5.8,1.6,4.4,5.3,6.5,7.5,7.7,5.9,5.0,6.4,6.6,5.3,2.0,2.3,3.8,5.0,7.1,2.2,0,-2,↓,2026-2030,6.37,法国系统管理员：近年需求下降,France System Administrator: declining demand,AI综合评估 + O*NET/ILO/OECD锚点校准,2026-04-13,2026-04-13,2000-2026
TECH-0306-DE-general,信息技术与数字化,TECH,网络与安全,系统管理员,System Administrator,2522,15-1244.00,西欧,德国,DE,country,general,大专/本科,22-28,global,4.4,3.9,5.1,7.4,6.4,9.1,5.9,5.7,7.2,7.8,8.2,9.5,8.2,7.7,6.6,6.0,5.6,1.3,4.2,5.7,7.7,7.0,7.2,5.7,5.6,6.4,6.6,5.4,2.2,2.4,2.8,5.2,7.7,2.6,0,-2,↓,2026-2030,6.65,德国系统管理员：工作时间规律，就业稳定，近年需求下降,"Germany System Administrator: regular working hours, stable employment, declining demand",AI综合评估 + O*NET/ILO/OECD锚点校准,2026-04-13,2026-04-13,2000-2026
TECH-0306-NL-general,信息技术与数字化,TECH,网络与安全,系统管理员,System Administrator,2522,15-1244.00,西欧,荷兰,NL,country,general,大专/本科,22-28,global,4.4,4.1,5.1,6.8,6.6,7.7,4.9,5.1,8.1,6.6,8.2,10.0,8.2,7.7,7.8,5.6,6.0,1.3,4.8,6.1,9.8,7.0,7.7,5.1,5.4,7.9,7.4,5.0,1.9,2.3,2.8,6.4,8.3,2.6,0,-2,↓,2028-2033,6.78,荷兰系统管理员：薪资回报高，远程友好度高，工作时间规律,"Netherlands System Administrator: high compensation, highly remote-friendly, regular working hours",AI综合评估 + O*NET/ILO/OECD锚点校准,2026-04-13,2026-04-13,2000-2026
TECH-0306-CH-general,信息技术与数字化,TECH,网络与安全,系统管理员,System Administrator,2522,15-1244.00,西欧,瑞士,CH,country,general,大专/本科,22-28,global,4.4,4.5,5.3,7.4,6.6,8.1,5.3,5.7,9.3,8.3,9.2,10.0,8.2,6.9,6.8,6.2,5.2,1.6,4.4,6.5,7.4,7.5,7.4,4.7,4.6,5.8,7.0,5.1,2.0,2.4,2.4,5.0,7.7,2.0,0,-2,↓,2026-2030,6.75,瑞士系统管理员：薪资回报高，就业稳定，近年需求下降,"Switzerland System Administrator: high compensation, stable employment, declining demand",AI综合评估 + O*NET/ILO/OECD锚点校准,2026-04-13,2026-04-13,2000-2026
TECH-0306-SE-general,信息技术与数字化,TECH,网络与安全,系统管理员,System Administrator,2522,15-1244.00,北欧,瑞典,SE,country,general,大专/本科,22-28,global,4.6,3.9,4.7,7.1,6.4,7.1,5.7,5.1,7.2,7.6,7.4,9.7,7.7,9.7,8.3,6.2,6.0,1.6,4.9,5.9,9.5,7.5,8.4,5.7,4.6,8.5,6.8,4.8,2.3,2.3,2.6,6.0,7.7,2.2,0,-2,↓,2028-2033,6.81,瑞典系统管理员：远程友好度高，工作时间规律，近年需求下降,"Sweden System Administrator: highly remote-friendly, regular working hours, declining demand",AI综合评估 + O*NET/ILO/OECD锚点校准,2026-04-13,2026-04-13,2000-2026
TECH-0306-DK-general,信息技术与数字化,TECH,网络与安全,系统管理员,System Administrator,2522,15-1244.00,北欧,丹麦,DK,country,general,大专/本科,22-28,global,5.0,4.7,4.3,7.1,5.6,6.5,5.5,5.9,7.5,7.1,7.4,9.7,8.4,9.7,8.6,6.2,4.6,1.8,4.9,6.3,7.1,7.0,7.9,5.9,4.6,8.2,6.6,5.1,2.5,2.7,2.8,6.2,7.9,2.4,0,-2,↓,2028-2033,6.61,丹麦系统管理员：工作时间规律，近年需求下降,"Denmark System Administrator: regular working hours, declining demand",AI综合评估 + O*NET/ILO/OECD锚点校准,2026-04-13,2026-04-13,2000-2026
TECH-0306-FI-general,信息技术与数字化,TECH,网络与安全,系统管理员,System Administrator,2522,15-1244.00,北欧,芬兰,FI,country,general,大专/本科,22-28,global,5.0,4.4,4.7,6.8,5.6,6.5,5.3,5.9,6.6,6.3,7.4,9.7,8.7,9.2,8.6,5.8,5.2,1.6,4.2,6.3,8.3,8.0,8.2,5.9,5.0,8.8,6.4,4.8,2.5,1.8,3.4,6.4,7.1,3.2,0,-2,↓,2026-2030,6.57,芬兰系统管理员：工作时间规律，近年需求下降,"Finland System Administrator: regular working hours, declining demand",AI综合评估 + O*NET/ILO/OECD锚点校准,2026-04-13,2026-04-13,2000-2026
TECH-0306-IT-general,信息技术与数字化,TECH,网络与安全,系统管理员,System Administrator,2522,15-1244.00,南欧,意大利,IT,country,general,大专/本科,22-28,global,4.3,3.9,5.1,6.2,6.2,7.5,4.5,3.5,4.5,5.8,5.7,9.5,6.7,5.2,6.6,5.4,5.6,2.2,4.8,4.5,5.3,6.5,5.7,4.3,5.2,4.6,6.2,5.3,2.0,2.3,3.6,5.2,6.5,3.0,0,-2,↓,2028-2033,5.66,意大利系统管理员：薪资水平偏低，近年需求下降,"Italy System Administrator: relatively low pay, declining demand",AI综合评估 + O*NET/ILO/OECD锚点校准,2026-04-13,2026-04-13,2000-2026
TECH-0306-ES-general,信息技术与数字化,TECH,网络与安全,系统管理员,System Administrator,2522,15-1244.00,南欧,西班牙,ES,country,general,大专/本科,22-28,global,4.3,4.5,3.9,6.6,5.6,7.3,4.1,3.1,5.4,4.3,4.9,9.7,7.4,5.4,5.8,5.2,5.2,1.9,4.6,4.5,6.2,5.7,5.9,4.3,4.0,5.8,6.0,5.3,1.9,2.6,4.4,5.8,7.1,2.4,0,-2,↓,2028-2033,5.52,西班牙系统管理员：近年需求下降,Spain System Administrator: declining demand,AI综合评估 + O*NET/ILO/OECD锚点校准,2026-04-13,2026-04-13,2000-2026
TECH-0306-PT-general,信息技术与数字化,TECH,网络与安全,系统管理员,System Administrator,2522,15-1244.00,南欧,葡萄牙,PT,country,general,大专/本科,22-28,global,4.6,4.1,4.3,6.6,4.4,6.9,4.3,3.3,3.3,5.3,6.2,9.5,6.7,6.4,5.3,5.4,4.6,1.8,4.2,5.1,7.7,6.5,6.7,4.5,4.4,5.8,6.6,4.5,2.0,2.0,4.0,5.2,6.3,3.2,0,-2,↓,2026-2030,5.55,葡萄牙系统管理员：薪资水平偏低，近年需求下降,"Portugal System Administrator: relatively low pay, declining demand",AI综合评估 + O*NET/ILO/OECD锚点校准,2026-04-13,2026-04-13,2000-2026
TECH-0306-PL-general,信息技术与数字化,TECH,网络与安全,系统管理员,System Administrator,2522,15-1244.00,东欧,波兰,PL,country,general,大专/本科,22-28,global,5.0,4.2,5.3,7.1,5.0,7.5,5.3,3.5,4.5,4.8,6.2,9.5,6.4,5.4,5.8,5.8,5.6,2.1,4.8,5.5,7.7,7.0,6.9,5.1,4.2,5.2,6.0,5.3,2.2,2.0,3.6,5.8,7.5,2.4,0,-2,↓,2028-2033,5.86,波兰系统管理员：薪资水平偏低，近年需求下降,"Poland System Administrator: relatively low pay, declining demand",AI综合评估 + O*NET/ILO/OECD锚点校准,2026-04-13,2026-04-13,2000-2026
TECH-0306-CZ-general,信息技术与数字化,TECH,网络与安全,系统管理员,System Administrator,2522,15-1244.00,东欧,捷克,CZ,country,general,大专/本科,22-28,global,4.1,3.8,4.3,6.8,5.2,6.9,4.5,3.7,5.7,5.3,6.9,9.7,6.7,6.9,6.6,5.8,4.4,2.1,4.2,5.3,7.1,6.0,6.4,5.5,4.2,5.2,6.6,5.4,2.0,1.8,3.4,6.0,6.3,2.6,0,-2,↓,2026-2030,5.87,捷克系统管理员：近年需求下降,Czech Republic System Administrator: declining demand,AI综合评估 + O*NET/ILO/OECD锚点校准,2026-04-13,2026-04-13,2000-2026
TECH-0306-RU-general,信息技术与数字化,TECH,网络与安全,系统管理员,System Administrator,2522,15-1244.00,东欧,俄罗斯,RU,country,general,大专/本科,22-28,global,4.9,4.2,5.5,6.3,6.0,7.5,5.3,3.9,4.2,5.3,4.7,9.2,6.7,4.7,5.6,6.2,5.2,1.9,4.2,5.1,7.4,6.0,4.9,5.5,4.6,4.3,5.6,4.8,2.2,1.7,3.6,6.0,4.5,2.8,0,-2,↓,2026-2030,5.57,俄罗斯系统管理员：薪资水平偏低，近年需求下降,"Russia System Administrator: relatively low pay, declining demand",AI综合评估 + O*NET/ILO/OECD锚点校准,2026-04-13,2026-04-13,2000-2026
TECH-0306-US-general,信息技术与数字化,TECH,网络与安全,系统管理员,System Administrator,2522,15-1244.00,北美,美国,US,country,general,大专/本科,22-28,global,5.0,3.9,7.1,6.6,7.6,9.9,5.9,4.9,9.6,8.6,5.9,9.2,6.7,4.2,4.1,6.2,6.2,1.5,4.8,6.5,9.8,6.0,5.4,5.5,5.2,6.7,5.8,4.8,2.5,1.8,3.4,6.6,6.9,1.6,0,-1,→,2028-2033,6.59,美国系统管理员：薪资回报高，远程友好度高,"United States System Administrator: high compensation, highly remote-friendly",AI综合评估 + O*NET/ILO/OECD锚点校准,2026-04-13,2026-04-13,2000-2026
TECH-0306-CA-general,信息技术与数字化,TECH,网络与安全,系统管理员,System Administrator,2522,15-1244.00,北美,加拿大,CA,country,general,大专/本科,22-28,global,4.4,4.2,5.3,7.1,7.0,8.1,4.9,4.7,7.8,7.6,6.9,9.5,6.7,6.4,6.6,6.0,6.2,1.8,4.8,5.7,9.5,6.7,6.9,5.7,5.6,7.9,6.2,5.1,1.6,2.3,2.8,6.4,7.7,2.4,0,-1,→,2028-2033,6.57,加拿大系统管理员：远程友好度高,Canada System Administrator: highly remote-friendly,AI综合评估 + O*NET/ILO/OECD锚点校准,2026-04-13,2026-04-13,2000-2026
TECH-0306-MX-general,信息技术与数字化,TECH,网络与安全,系统管理员,System Administrator,2522,15-1244.00,北美,墨西哥,MX,country,general,大专/本科,22-28,global,4.4,4.4,4.9,6.3,5.8,7.9,4.5,3.9,3.9,3.8,4.7,9.2,5.7,3.7,4.6,5.4,4.6,2.1,4.0,3.7,6.2,6.2,5.4,4.5,5.0,3.1,5.8,4.7,1.7,2.1,4.2,5.2,5.7,2.4,0,-2,↓,2026-2030,5.21,墨西哥系统管理员：薪资水平偏低，AI替代风险较高，近年需求下降,"Mexico System Administrator: relatively low pay, high AI displacement risk, declining demand",AI综合评估 + O*NET/ILO/OECD锚点校准,2026-04-13,2026-04-13,2000-2026
TECH-0306-BR-general,信息技术与数字化,TECH,网络与安全,系统管理员,System Administrator,2522,15-1244.00,南美,巴西,BR,country,general,大专/本科,22-28,global,4.3,4.1,4.9,6.5,6.2,8.3,4.1,4.3,3.6,4.3,5.7,9.2,6.2,5.2,6.1,5.8,5.6,2.1,4.4,4.7,5.9,6.0,5.4,4.9,5.2,4.6,5.6,4.8,1.7,2.1,3.8,5.2,5.3,2.2,0,-2,↓,2026-2030,5.52,巴西系统管理员：薪资水平偏低，近年需求下降,"Brazil System Administrator: relatively low pay, declining demand",AI综合评估 + O*NET/ILO/OECD锚点校准,2026-04-13,2026-04-13,2000-2026
TECH-0306-AR-general,信息技术与数字化,TECH,网络与安全,系统管理员,System Administrator,2522,15-1244.00,南美,阿根廷,AR,country,general,大专/本科,22-28,global,4.7,4.2,3.5,5.9,5.2,6.3,4.7,3.1,2.7,3.3,4.4,9.2,5.7,5.4,5.3,5.0,4.6,2.2,4.2,4.7,7.1,6.7,4.9,4.5,3.6,4.6,5.8,4.8,1.6,2.1,4.2,5.2,5.3,3.4,0,-2,↓,2026-2030,5.07,阿根廷系统管理员：薪资水平偏低，近年需求下降,"Argentina System Administrator: relatively low pay, declining demand",AI综合评估 + O*NET/ILO/OECD锚点校准,2026-04-13,2026-04-13,2000-2026
TECH-0306-CL-general,信息技术与数字化,TECH,网络与安全,系统管理员,System Administrator,2522,15-1244.00,南美,智利,CL,country,general,大专/本科,22-28,global,4.7,4.2,3.3,6.3,5.0,6.7,4.3,4.1,3.0,4.1,6.4,9.2,5.7,5.7,5.8,5.4,4.2,1.9,4.2,4.3,7.1,6.2,5.7,4.7,4.2,3.1,6.0,5.1,1.9,1.7,3.2,5.4,6.3,3.2,0,-2,↓,2026-2030,5.33,智利系统管理员：薪资水平偏低，近年需求下降,"Chile System Administrator: relatively low pay, declining demand",AI综合评估 + O*NET/ILO/OECD锚点校准,2026-04-13,2026-04-13,2000-2026
TECH-0306-CO-general,信息技术与数字化,TECH,网络与安全,系统管理员,System Administrator,2522,15-1244.00,南美,哥伦比亚,CO,country,general,大专/本科,22-28,global,4.9,4.1,3.3,6.2,5.0,6.3,4.3,3.3,1.8,4.1,5.2,9.7,6.4,4.4,5.3,4.8,4.0,2.4,4.1,4.1,6.8,5.5,4.4,4.7,4.4,4.0,5.6,5.3,2.2,2.1,3.4,4.8,4.9,3.0,0,-2,↓,2026-2030,4.97,哥伦比亚系统管理员：薪资水平偏低，近年需求下降,"Colombia System Administrator: relatively low pay, declining demand",AI综合评估 + O*NET/ILO/OECD锚点校准,2026-04-13,2026-04-13,2000-2026
TECH-0306-AU-general,信息技术与数字化,TECH,网络与安全,系统管理员,System Administrator,2522,15-1244.00,大洋洲,澳大利亚,AU,country,general,大专/本科,22-28,global,4.9,4.5,4.9,6.8,5.6,8.5,5.1,5.7,7.5,6.8,8.2,9.7,7.7,7.4,7.6,5.8,5.8,1.5,4.5,6.1,8.0,7.2,6.9,4.7,5.0,7.0,6.6,5.4,1.7,2.1,2.6,5.6,7.1,2.2,0,-2,↓,2028-2033,6.52,澳大利亚系统管理员：就业稳定，近年需求下降,"Australia System Administrator: stable employment, declining demand",AI综合评估 + O*NET/ILO/OECD锚点校准,2026-04-13,2026-04-13,2000-2026
TECH-0306-NZ-general,信息技术与数字化,TECH,网络与安全,系统管理员,System Administrator,2522,15-1244.00,大洋洲,新西兰,NZ,country,general,大专/本科,22-28,global,4.9,4.2,4.5,6.8,4.8,6.9,5.1,3.3,6.6,5.8,7.7,10.0,7.2,7.9,6.8,5.0,4.6,1.9,4.6,5.1,7.4,6.5,7.7,4.7,4.6,7.3,7.2,4.7,1.7,2.6,2.8,6.2,6.9,2.4,0,-2,↓,2028-2033,6.11,新西兰系统管理员：工作时间规律，就业稳定，近年需求下降,"New Zealand System Administrator: regular working hours, stable employment, declining demand",AI综合评估 + O*NET/ILO/OECD锚点校准,2026-04-13,2026-04-13,2000-2026
TECH-0306-ZA-general,信息技术与数字化,TECH,网络与安全,系统管理员,System Administrator,2522,15-1244.00,非洲,南非,ZA,country,general,大专/本科,22-28,global,4.6,3.8,3.5,6.3,4.4,7.3,3.1,3.3,3.6,4.6,4.7,9.5,6.2,4.7,6.3,5.6,4.8,2.2,4.8,4.3,6.2,5.2,5.4,4.7,4.4,4.3,5.4,5.4,2.0,1.5,3.8,5.6,5.9,3.0,0,-2,↓,2028-2033,5.24,南非系统管理员：薪资水平偏低，供过于求，近年需求下降,"South Africa System Administrator: relatively low pay, oversupply of talent, declining demand",AI综合评估 + O*NET/ILO/OECD锚点校准,2026-04-13,2026-04-13,2000-2026
TECH-0306-NG-general,信息技术与数字化,TECH,网络与安全,系统管理员,System Administrator,2522,15-1244.00,非洲,尼日利亚,NG,country,general,大专/本科,22-28,global,4.1,3.5,3.9,6.3,4.4,6.9,2.9,1.7,0.9,3.3,3.7,9.5,4.9,3.7,4.3,5.2,4.2,2.5,4.1,3.7,5.3,5.0,3.9,4.3,3.4,2.5,5.6,5.1,2.3,1.5,3.8,5.2,4.7,3.2,-1,-3,↓,2026-2030,4.55,尼日利亚系统管理员：薪资水平偏低，供过于求，就业波动大,"Nigeria System Administrator: relatively low pay, oversupply of talent, volatile employment",AI综合评估 + O*NET/ILO/OECD锚点校准,2026-04-13,2026-04-13,2000-2026
TECH-0306-KE-general,信息技术与数字化,TECH,网络与安全,系统管理员,System Administrator,2522,15-1244.00,非洲,肯尼亚,KE,country,general,大专/本科,22-28,global,4.1,4.1,3.3,6.3,3.8,5.9,2.9,1.9,1.5,3.1,4.4,9.0,6.4,5.2,4.8,5.0,4.4,2.5,4.4,3.7,5.6,5.2,4.4,4.5,3.2,3.4,5.4,4.5,2.2,1.7,3.4,5.0,4.9,3.4,-1,-3,↓,2026-2030,4.66,肯尼亚系统管理员：薪资水平偏低，供过于求，近年需求下降,"Kenya System Administrator: relatively low pay, oversupply of talent, declining demand",AI综合评估 + O*NET/ILO/OECD锚点校准,2026-04-13,2026-04-13,2000-2026
TECH-0306-EG-general,信息技术与数字化,TECH,网络与安全,系统管理员,System Administrator,2522,15-1244.00,非洲,埃及,EG,country,general,大专/本科,22-28,global,4.3,3.8,2.9,6.5,5.0,7.7,3.7,1.9,0.6,3.1,4.4,9.2,6.4,3.7,5.1,5.2,4.8,2.5,4.1,3.9,5.6,6.2,5.2,4.3,3.6,1.6,5.4,4.5,2.3,1.7,3.6,5.6,4.3,2.6,-1,-3,↓,2026-2030,4.71,埃及系统管理员：薪资水平偏低，供过于求，近年需求下降,"Egypt System Administrator: relatively low pay, oversupply of talent, declining demand",AI综合评估 + O*NET/ILO/OECD锚点校准,2026-04-13,2026-04-13,2000-2026
TECH-0401-CN-general,信息技术与数字化,TECH,产品与设计,产品经理,Product Manager,2511,15-1299.09,东亚,中国,CN,country,general,本科/硕士,24-30,global,5.8,5.3,10.0,7.1,10.0,8.8,6.6,7.2,9.1,7.9,4.4,9.7,5.4,0.2,3.0,8.9,8.0,2.4,6.6,8.2,5.0,6.5,3.1,7.6,9.7,4.7,6.4,8.1,0.8,0.3,6.3,5.8,6.1,1.3,4,3,↑,2032-2038,6.73,中国产品经理：薪资回报高，加班文化严重,"China Product Manager: high compensation, heavy overtime culture",AI综合评估 + O*NET/ILO/OECD锚点校准,2026-04-13,2026-04-13,2000-2026
TECH-0401-JP-general,信息技术与数字化,TECH,产品与设计,产品经理,Product Manager,2511,15-1299.09,东亚,日本,JP,country,general,本科/硕士,24-30,global,5.9,5.5,9.5,8.1,10.0,7.8,6.4,6.6,8.2,8.6,7.2,9.7,6.9,3.2,2.8,8.7,8.6,2.0,6.4,8.0,6.5,6.5,4.9,7.6,9.7,5.3,6.0,8.4,0.3,0.5,5.3,6.4,6.5,1.9,4,2,↑,2032-2038,7.05,日本产品经理：薪资回报高，加班文化严重,"Japan Product Manager: high compensation, heavy overtime culture",AI综合评估 + O*NET/ILO/OECD锚点校准,2026-04-13,2026-04-13,2000-2026
TECH-0401-KR-general,信息技术与数字化,TECH,产品与设计,产品经理,Product Manager,2511,15-1299.09,东亚,韩国,KR,country,general,本科/硕士,24-30,global,5.8,5.9,9.5,8.0,9.2,7.4,6.8,7.0,9.4,7.9,5.2,9.2,5.9,1.2,3.0,8.5,7.8,1.8,6.4,7.6,6.8,7.2,4.4,8.4,9.5,5.3,6.6,8.1,0.5,0.8,5.5,6.2,6.1,1.9,4,2,↑,2032-2038,6.88,韩国产品经理：薪资回报高，加班文化严重,"South Korea Product Manager: high compensation, heavy overtime culture",AI综合评估 + O*NET/ILO/OECD锚点校准,2026-04-13,2026-04-13,2000-2026
TECH-0401-TW-general,信息技术与数字化,TECH,产品与设计,产品经理,Product Manager,2511,15-1299.09,东亚,中国台湾地区,TW,region,general,本科/硕士,24-30,global,5.2,5.5,8.5,7.8,8.2,6.6,7.2,7.2,6.7,6.9,5.4,9.5,5.7,2.9,2.8,7.9,8.4,2.4,6.6,7.4,7.1,7.7,4.6,8.6,9.1,6.8,7.0,8.4,0.2,0.8,5.7,6.8,7.5,2.1,4,2,↑,2032-2038,6.82,中国台湾地区产品经理：加班文化严重,Taiwan (China) Product Manager: heavy overtime culture,AI综合评估 + O*NET/ILO/OECD锚点校准,2026-04-13,2026-04-13,2000-2026
TECH-0401-HK-general,信息技术与数字化,TECH,产品与设计,产品经理,Product Manager,2511,15-1299.09,东亚,中国香港地区,HK,region,general,本科/硕士,24-30,global,5.5,5.9,7.5,7.8,8.2,6.2,6.8,4.6,9.7,8.1,5.7,9.7,5.7,2.7,3.8,7.7,7.6,2.4,6.9,7.4,7.1,7.2,3.6,7.2,8.1,6.8,6.2,8.4,0.3,1.1,5.3,6.0,9.3,2.3,4,2,↑,2032-2038,6.77,中国香港地区产品经理：薪资回报高，加班文化严重,"Hong Kong (China) Product Manager: high compensation, heavy overtime culture",AI综合评估 + O*NET/ILO/OECD锚点校准,2026-04-13,2026-04-13,2000-2026
TECH-0401-SG-general,信息技术与数字化,TECH,产品与设计,产品经理,Product Manager,2511,15-1299.09,东南亚,新加坡,SG,country,general,本科/硕士,24-30,global,5.3,5.9,8.9,8.1,8.6,6.8,7.0,6.6,10.0,9.4,7.7,10.0,7.2,3.7,3.0,8.7,8.6,2.3,7.0,8.0,8.0,7.0,5.6,8.6,9.3,7.1,6.8,8.2,0.6,0.6,5.1,7.2,9.7,1.9,4,3,↑,2032-2038,7.45,新加坡产品经理：薪资回报高，就业稳定,"Singapore Product Manager: high compensation, stable employment",AI综合评估 + O*NET/ILO/OECD锚点校准,2026-04-13,2026-04-13,2000-2026
TECH-0401-TH-general,信息技术与数字化,TECH,产品与设计,产品经理,Product Manager,2511,15-1299.09,东南亚,泰国,TH,country,general,本科/硕士,24-30,global,5.9,5.6,7.5,7.5,7.0,6.4,5.8,5.2,4.9,5.9,4.9,9.5,6.7,4.7,5.3,7.9,7.8,2.6,6.2,6.0,7.4,6.7,4.6,6.6,7.7,6.2,5.8,8.5,0.6,0.6,5.1,6.2,5.7,1.7,4,2,↑,2032-2038,6.28,泰国产品经理：发展平稳,Thailand Product Manager: steady development,AI综合评估 + O*NET/ILO/OECD锚点校准,2026-04-13,2026-04-13,2000-2026
TECH-0401-VN-general,信息技术与数字化,TECH,产品与设计,产品经理,Product Manager,2511,15-1299.09,东南亚,越南,VN,country,general,本科/硕士,24-30,global,5.3,5.8,7.3,7.4,8.0,5.8,5.2,5.4,4.9,5.9,4.2,9.2,5.7,3.4,3.3,7.9,7.2,2.6,6.1,6.8,6.8,6.7,4.9,7.8,8.1,5.6,6.4,8.5,0.6,0.0,5.1,6.2,5.7,2.1,4,2,↑,2032-2038,6.17,越南产品经理：加班文化严重,Vietnam Product Manager: heavy overtime culture,AI综合评估 + O*NET/ILO/OECD锚点校准,2026-04-13,2026-04-13,2000-2026
TECH-0401-ID-general,信息技术与数字化,TECH,产品与设计,产品经理,Product Manager,2511,15-1299.09,东南亚,印度尼西亚,ID,country,general,本科/硕士,24-30,global,5.6,5.3,7.5,7.2,8.2,7.2,4.8,5.6,4.9,5.6,5.4,9.5,6.7,3.7,4.0,7.5,7.8,2.6,6.0,5.8,5.6,8.0,5.2,7.4,8.3,4.7,5.8,8.2,0.5,0.5,6.1,5.6,5.7,1.7,4,2,↑,2032-2038,6.21,印度尼西亚产品经理：发展平稳,Indonesia Product Manager: steady development,AI综合评估 + O*NET/ILO/OECD锚点校准,2026-04-13,2026-04-13,2000-2026
TECH-0401-MY-general,信息技术与数字化,TECH,产品与设计,产品经理,Product Manager,2511,15-1299.09,东南亚,马来西亚,MY,country,general,本科/硕士,24-30,global,5.2,5.2,7.9,7.8,8.0,5.6,6.4,5.2,5.8,6.1,5.7,9.7,5.9,4.9,5.0,7.9,7.0,2.4,6.4,6.4,6.8,6.7,5.6,7.6,8.7,5.3,6.0,8.7,0.3,0.9,5.7,6.2,7.5,2.3,4,2,↑,2032-2038,6.54,马来西亚产品经理：发展平稳,Malaysia Product Manager: steady development,AI综合评估 + O*NET/ILO/OECD锚点校准,2026-04-13,2026-04-13,2000-2026
TECH-0401-PH-general,信息技术与数字化,TECH,产品与设计,产品经理,Product Manager,2511,15-1299.09,东南亚,菲律宾,PH,country,general,本科/硕士,24-30,global,5.9,5.3,7.1,7.4,8.0,6.4,5.8,5.2,4.6,4.4,4.9,9.7,6.4,3.7,3.5,7.7,7.4,2.3,6.6,5.4,8.9,7.2,4.2,7.2,7.9,7.1,5.6,8.7,0.8,0.0,6.1,6.8,6.7,1.9,4,2,↑,2032-2038,6.27,菲律宾产品经理：远程友好度高,Philippines Product Manager: highly remote-friendly,AI综合评估 + O*NET/ILO/OECD锚点校准,2026-04-13,2026-04-13,2000-2026
TECH-0401-IN-general,信息技术与数字化,TECH,产品与设计,产品经理,Product Manager,2511,15-1299.09,南亚,印度,IN,country,general,本科/硕士,24-30,global,5.8,5.2,9.1,6.9,9.2,8.6,6.6,6.4,6.1,7.1,5.2,9.5,6.7,3.4,3.3,7.9,8.0,2.1,6.8,7.6,8.3,7.2,4.6,7.4,8.7,4.7,5.8,8.2,0.3,0.2,5.7,6.8,7.7,2.1,4,2,↑,2032-2038,6.79,印度产品经理：加班文化严重,India Product Manager: heavy overtime culture,AI综合评估 + O*NET/ILO/OECD锚点校准,2026-04-13,2026-04-13,2000-2026
TECH-0401-PK-general,信息技术与数字化,TECH,产品与设计,产品经理,Product Manager,2511,15-1299.09,南亚,巴基斯坦,PK,country,general,本科/硕士,24-30,global,5.3,5.5,7.5,6.6,6.8,5.8,5.0,3.4,2.8,3.9,2.9,9.5,5.9,3.7,4.0,7.3,6.8,3.2,6.2,5.2,8.3,7.0,4.4,7.4,7.5,1.4,5.8,8.5,0.8,0.2,6.1,6.4,5.9,2.1,3,1,→,2032-2038,5.64,巴基斯坦产品经理：薪资水平偏低，就业波动大,"Pakistan Product Manager: relatively low pay, volatile employment",AI综合评估 + O*NET/ILO/OECD锚点校准,2026-04-13,2026-04-13,2000-2026
TECH-0401-BD-general,信息技术与数字化,TECH,产品与设计,产品经理,Product Manager,2511,15-1299.09,南亚,孟加拉国,BD,country,general,本科/硕士,24-30,global,5.5,5.2,6.1,6.8,6.6,5.8,4.6,3.8,2.5,4.4,3.7,9.5,5.7,4.0,4.0,7.1,6.2,2.7,6.0,5.4,8.3,7.0,4.4,7.0,8.1,2.6,5.4,8.4,0.5,0.0,6.3,6.6,5.7,2.3,3,1,→,2032-2038,5.64,孟加拉国产品经理：薪资水平偏低，就业波动大,"Bangladesh Product Manager: relatively low pay, volatile employment",AI综合评估 + O*NET/ILO/OECD锚点校准,2026-04-13,2026-04-13,2000-2026
TECH-0401-AE-general,信息技术与数字化,TECH,产品与设计,产品经理,Product Manager,2511,15-1299.09,中亚/西亚,阿联酋,AE,country,general,本科/硕士,24-30,global,5.8,5.6,7.7,7.7,7.8,6.2,6.8,6.8,10.0,8.6,6.4,9.5,7.4,4.7,4.3,8.1,7.0,2.3,6.6,8.2,6.5,8.0,4.6,8.2,8.3,5.3,6.4,8.5,0.9,0.9,4.7,6.8,9.1,2.7,4,2,↑,2032-2038,7.08,阿联酋产品经理：薪资回报高,United Arab Emirates Product Manager: high compensation,AI综合评估 + O*NET/ILO/OECD锚点校准,2026-04-13,2026-04-13,2000-2026
TECH-0401-IL-general,信息技术与数字化,TECH,产品与设计,产品经理,Product Manager,2511,15-1299.09,中亚/西亚,以色列,IL,country,general,本科/硕士,24-30,global,5.9,5.3,8.9,7.1,8.4,6.8,7.6,6.8,10.0,8.9,5.7,9.7,6.4,4.2,4.8,8.7,8.4,2.0,6.5,9.2,9.8,8.0,5.6,8.6,8.1,7.7,7.0,8.2,0.5,0.8,5.7,7.0,7.9,2.1,4,3,↑,2032-2038,7.41,以色列产品经理：薪资回报高，人才需求旺盛，远程友好度高,"Israel Product Manager: high compensation, strong talent demand, highly remote-friendly",AI综合评估 + O*NET/ILO/OECD锚点校准,2026-04-13,2026-04-13,2000-2026
TECH-0401-SA-general,信息技术与数字化,TECH,产品与设计,产品经理,Product Manager,2511,15-1299.09,中亚/西亚,沙特阿拉伯,SA,country,general,本科/硕士,24-30,global,5.8,5.2,7.9,7.5,7.6,5.8,6.0,5.4,9.4,7.4,6.2,9.5,6.7,4.2,5.0,8.1,6.6,2.4,6.2,7.6,5.9,7.5,4.9,7.8,8.3,3.8,5.8,9.0,0.2,0.8,4.9,6.6,6.9,2.1,4,2,↑,2032-2038,6.72,沙特阿拉伯产品经理：薪资回报高,Saudi Arabia Product Manager: high compensation,AI综合评估 + O*NET/ILO/OECD锚点校准,2026-04-13,2026-04-13,2000-2026
TECH-0401-TR-general,信息技术与数字化,TECH,产品与设计,产品经理,Product Manager,2511,15-1299.09,中亚/西亚,土耳其,TR,country,general,本科/硕士,24-30,global,5.3,5.8,8.3,6.6,8.6,6.8,6.2,5.6,6.4,6.4,4.7,9.5,5.9,3.2,4.3,8.1,7.4,2.6,6.5,6.4,6.5,6.5,4.2,7.2,8.7,4.7,6.0,8.4,0.9,0.3,5.5,5.8,6.7,1.9,4,2,↑,2032-2038,6.39,土耳其产品经理：加班文化严重,Turkey Product Manager: heavy overtime culture,AI综合评估 + O*NET/ILO/OECD锚点校准,2026-04-13,2026-04-13,2000-2026
TECH-0401-GB-general,信息技术与数字化,TECH,产品与设计,产品经理,Product Manager,2511,15-1299.09,西欧,英国,GB,country,general,本科/硕士,24-30,global,5.8,5.6,9.7,7.8,9.6,8.2,6.4,6.6,10.0,9.4,5.7,9.2,7.9,5.7,5.5,8.9,8.0,1.8,7.1,8.8,10.0,9.0,6.2,8.4,8.9,8.3,7.4,8.4,0.0,0.6,5.3,6.8,8.3,2.1,4,3,↑,2032-2038,7.71,英国产品经理：薪资回报高，远程友好度高,"United Kingdom Product Manager: high compensation, highly remote-friendly",AI综合评估 + O*NET/ILO/OECD锚点校准,2026-04-13,2026-04-13,2000-2026
TECH-0401-FR-general,信息技术与数字化,TECH,产品与设计,产品经理,Product Manager,2511,15-1299.09,西欧,法国,FR,country,general,本科/硕士,24-30,global,6.2,5.9,8.5,8.1,8.8,7.6,6.2,7.4,7.9,8.6,6.4,9.5,8.7,6.7,5.3,8.1,8.2,2.1,6.6,7.4,8.0,7.5,7.9,7.6,9.7,8.3,7.4,9.0,0.5,0.6,4.9,7.0,8.3,1.3,4,2,↑,2032-2038,7.44,法国产品经理：发展平稳,France Product Manager: steady development,AI综合评估 + O*NET/ILO/OECD锚点校准,2026-04-13,2026-04-13,2000-2026
TECH-0401-DE-general,信息技术与数字化,TECH,产品与设计,产品经理,Product Manager,2511,15-1299.09,西欧,德国,DE,country,general,本科/硕士,24-30,global,5.5,5.9,8.9,7.7,9.8,8.4,7.4,7.0,9.7,8.6,7.9,9.7,8.4,7.0,5.3,8.7,7.8,1.8,6.6,8.0,8.0,8.5,6.6,7.8,9.1,8.0,7.2,8.4,0.8,1.1,5.1,7.2,7.9,1.3,4,2,↑,2032-2038,7.68,德国产品经理：薪资回报高，就业稳定,"Germany Product Manager: high compensation, stable employment",AI综合评估 + O*NET/ILO/OECD锚点校准,2026-04-13,2026-04-13,2000-2026
TECH-0401-NL-general,信息技术与数字化,TECH,产品与设计,产品经理,Product Manager,2511,15-1299.09,西欧,荷兰,NL,country,general,本科/硕士,24-30,global,5.9,5.5,9.3,8.4,8.2,7.4,6.6,6.8,9.7,8.9,7.7,9.7,7.9,8.0,5.8,8.7,7.6,2.1,6.9,8.0,10.0,9.2,8.4,8.6,8.3,8.6,8.0,8.7,0.3,0.9,4.9,7.6,8.9,1.7,4,2,↑,2032-2038,7.87,荷兰产品经理：薪资回报高，远程友好度高，工作时间规律,"Netherlands Product Manager: high compensation, highly remote-friendly, regular working hours",AI综合评估 + O*NET/ILO/OECD锚点校准,2026-04-13,2026-04-13,2000-2026
TECH-0401-CH-general,信息技术与数字化,TECH,产品与设计,产品经理,Product Manager,2511,15-1299.09,西欧,瑞士,CH,country,general,本科/硕士,24-30,global,5.5,5.9,8.1,8.0,8.6,6.0,6.4,6.4,10.0,9.6,8.9,9.7,8.9,6.2,6.0,8.9,7.6,2.3,6.8,8.0,8.0,7.7,7.9,8.2,8.9,7.1,7.4,8.5,0.5,0.9,5.3,6.2,8.7,2.1,4,2,↑,2032-2038,7.6,瑞士产品经理：薪资回报高，就业稳定,"Switzerland Product Manager: high compensation, stable employment",AI综合评估 + O*NET/ILO/OECD锚点校准,2026-04-13,2026-04-13,2000-2026
TECH-0401-SE-general,信息技术与数字化,TECH,产品与设计,产品经理,Product Manager,2511,15-1299.09,北欧,瑞典,SE,country,general,本科/硕士,24-30,global,6.2,5.6,8.7,8.0,7.8,6.6,6.4,7.4,9.7,7.9,8.2,10.0,8.7,8.4,6.5,8.9,7.2,2.4,6.9,8.0,10.0,9.2,7.4,7.6,9.3,10.0,7.8,8.5,0.6,1.1,5.5,6.4,8.7,2.3,4,2,↑,2032-2038,7.74,瑞典产品经理：薪资回报高，远程友好度高，工作时间规律,"Sweden Product Manager: high compensation, highly remote-friendly, regular working hours",AI综合评估 + O*NET/ILO/OECD锚点校准,2026-04-13,2026-04-13,2000-2026
TECH-0401-DK-general,信息技术与数字化,TECH,产品与设计,产品经理,Product Manager,2511,15-1299.09,北欧,丹麦,DK,country,general,本科/硕士,24-30,global,5.9,6.2,8.7,8.0,7.6,5.8,6.4,6.8,8.8,8.6,6.7,9.7,8.7,8.2,6.5,8.5,7.6,2.0,6.8,8.2,10.0,8.5,7.4,7.4,8.5,10.0,7.0,8.8,0.5,1.2,4.5,7.2,8.1,1.5,4,2,↑,2032-2038,7.6,丹麦产品经理：薪资回报高，远程友好度高，工作时间规律,"Denmark Product Manager: high compensation, highly remote-friendly, regular working hours",AI综合评估 + O*NET/ILO/OECD锚点校准,2026-04-13,2026-04-13,2000-2026
TECH-0401-FI-general,信息技术与数字化,TECH,产品与设计,产品经理,Product Manager,2511,15-1299.09,北欧,芬兰,FI,country,general,本科/硕士,24-30,global,5.5,5.9,8.3,8.0,8.4,6.4,6.6,7.0,9.4,8.6,6.7,9.7,8.9,8.7,7.0,8.1,7.2,2.0,7.0,8.2,9.8,8.5,8.6,8.2,8.9,10.0,7.4,8.2,0.8,0.9,5.5,7.4,8.1,1.7,4,2,↑,2032-2038,7.74,芬兰产品经理：薪资回报高，远程友好度高，工作时间规律,"Finland Product Manager: high compensation, highly remote-friendly, regular working hours",AI综合评估 + O*NET/ILO/OECD锚点校准,2026-04-13,2026-04-13,2000-2026
TECH-0401-IT-general,信息技术与数字化,TECH,产品与设计,产品经理,Product Manager,2511,15-1299.09,南欧,意大利,IT,country,general,本科/硕士,24-30,global,5.8,5.5,7.7,7.2,8.4,7.0,5.8,5.4,7.6,7.4,5.4,9.5,7.2,5.4,4.3,7.7,7.8,2.9,6.4,6.8,7.4,6.7,5.4,7.2,8.3,5.0,6.0,8.4,0.6,1.1,6.1,6.0,6.9,2.5,4,2,↑,2032-2038,6.6,意大利产品经理：发展平稳,Italy Product Manager: steady development,AI综合评估 + O*NET/ILO/OECD锚点校准,2026-04-13,2026-04-13,2000-2026
TECH-0401-ES-general,信息技术与数字化,TECH,产品与设计,产品经理,Product Manager,2511,15-1299.09,南欧,西班牙,ES,country,general,本科/硕士,24-30,global,5.8,6.1,8.3,6.9,7.2,6.6,6.2,5.4,6.7,6.9,4.4,9.5,8.2,5.2,4.3,7.3,7.0,2.3,6.1,6.8,8.9,8.0,6.6,7.0,8.1,6.2,6.0,8.4,0.3,0.3,6.1,6.4,7.7,2.1,4,2,↑,2032-2038,6.65,西班牙产品经理：远程友好度高,Spain Product Manager: highly remote-friendly,AI综合评估 + O*NET/ILO/OECD锚点校准,2026-04-13,2026-04-13,2000-2026
TECH-0401-PT-general,信息技术与数字化,TECH,产品与设计,产品经理,Product Manager,2511,15-1299.09,南欧,葡萄牙,PT,country,general,本科/硕士,24-30,global,5.5,5.6,7.5,7.7,7.0,6.0,5.2,5.6,7.0,6.9,5.4,9.5,7.4,4.9,5.3,7.7,7.4,2.6,6.5,6.6,8.9,7.2,6.2,7.4,7.9,6.8,6.6,8.4,0.5,0.8,5.9,6.0,7.5,2.3,4,2,↑,2032-2038,6.67,葡萄牙产品经理：远程友好度高,Portugal Product Manager: highly remote-friendly,AI综合评估 + O*NET/ILO/OECD锚点校准,2026-04-13,2026-04-13,2000-2026
TECH-0401-PL-general,信息技术与数字化,TECH,产品与设计,产品经理,Product Manager,2511,15-1299.09,东欧,波兰,PL,country,general,本科/硕士,24-30,global,5.6,5.3,7.7,8.1,8.4,7.0,6.8,5.6,7.0,7.6,5.9,9.5,7.4,4.9,5.8,7.7,8.0,2.4,6.6,7.4,8.6,7.5,6.6,7.2,8.7,6.8,7.0,8.1,0.8,0.5,5.3,7.0,7.7,2.5,4,2,↑,2032-2038,7.01,波兰产品经理：远程友好度高,Poland Product Manager: highly remote-friendly,AI综合评估 + O*NET/ILO/OECD锚点校准,2026-04-13,2026-04-13,2000-2026
TECH-0401-CZ-general,信息技术与数字化,TECH,产品与设计,产品经理,Product Manager,2511,15-1299.09,东欧,捷克,CZ,country,general,本科/硕士,24-30,global,5.6,5.8,8.7,7.5,7.2,6.0,6.8,5.4,7.6,7.4,6.4,9.5,7.7,5.2,4.8,8.3,7.6,2.9,6.6,7.2,8.9,8.2,7.7,7.2,8.7,6.2,7.2,9.0,0.3,1.1,5.1,6.4,7.9,2.5,4,2,↑,2032-2038,7.01,捷克产品经理：远程友好度高,Czech Republic Product Manager: highly remote-friendly,AI综合评估 + O*NET/ILO/OECD锚点校准,2026-04-13,2026-04-13,2000-2026
TECH-0401-RU-general,信息技术与数字化,TECH,产品与设计,产品经理,Product Manager,2511,15-1299.09,东欧,俄罗斯,RU,country,general,本科/硕士,24-30,global,6.1,5.3,8.1,6.8,8.2,7.2,6.6,5.4,5.8,7.1,3.9,9.0,6.4,4.4,5.3,8.5,7.6,2.3,6.4,7.4,8.0,7.2,5.2,7.2,7.9,5.9,6.2,8.5,0.2,0.2,5.5,6.2,5.1,2.5,4,2,↑,2032-2038,6.54,俄罗斯产品经理：就业波动大,Russia Product Manager: volatile employment,AI综合评估 + O*NET/ILO/OECD锚点校准,2026-04-13,2026-04-13,2000-2026
TECH-0401-US-general,信息技术与数字化,TECH,产品与设计,产品经理,Product Manager,2511,15-1299.09,北美,美国,US,country,general,本科/硕士,24-30,global,5.5,5.5,9.7,8.0,10.0,8.6,8.0,6.4,10.0,9.4,5.9,9.5,6.2,3.7,3.0,8.5,9.2,2.1,6.8,9.4,10.0,8.2,4.6,8.6,8.9,8.6,6.4,8.4,0.2,0.8,5.7,7.2,7.9,1.7,4,3,↑,2032-2038,7.57,美国产品经理：薪资回报高，人才需求旺盛，远程友好度高,"United States Product Manager: high compensation, strong talent demand, highly remote-friendly",AI综合评估 + O*NET/ILO/OECD锚点校准,2026-04-13,2026-04-13,2000-2026
TECH-0401-CA-general,信息技术与数字化,TECH,产品与设计,产品经理,Product Manager,2511,15-1299.09,北美,加拿大,CA,country,general,本科/硕士,24-30,global,5.6,5.9,8.7,8.1,9.0,7.0,6.6,7.0,10.0,8.4,6.9,9.7,7.7,6.2,6.3,8.3,7.8,2.3,7.1,8.6,9.8,7.7,6.9,8.0,8.9,8.3,6.8,8.5,0.6,0.6,4.5,6.4,9.5,1.5,4,3,↑,2032-2038,7.66,加拿大产品经理：薪资回报高，远程友好度高,"Canada Product Manager: high compensation, highly remote-friendly",AI综合评估 + O*NET/ILO/OECD锚点校准,2026-04-13,2026-04-13,2000-2026
TECH-0401-MX-general,信息技术与数字化,TECH,产品与设计,产品经理,Product Manager,2511,15-1299.09,北美,墨西哥,MX,country,general,本科/硕士,24-30,global,5.3,5.5,7.3,6.8,7.4,7.2,5.0,4.6,6.1,5.4,4.2,9.7,6.4,4.0,4.0,8.1,7.6,2.3,6.6,6.2,8.3,7.2,5.4,7.2,7.9,4.4,6.6,8.4,0.3,0.2,5.5,6.0,5.7,1.5,4,2,↑,2032-2038,6.32,墨西哥产品经理：发展平稳,Mexico Product Manager: steady development,AI综合评估 + O*NET/ILO/OECD锚点校准,2026-04-13,2026-04-13,2000-2026
TECH-0401-BR-general,信息技术与数字化,TECH,产品与设计,产品经理,Product Manager,2511,15-1299.09,南美,巴西,BR,country,general,本科/硕士,24-30,global,5.2,5.8,8.7,7.2,8.6,8.0,5.6,5.2,5.8,5.9,4.9,9.5,7.7,4.7,4.3,8.5,7.6,2.7,6.6,7.0,8.9,8.0,4.6,7.0,9.1,5.0,6.6,8.1,0.0,0.6,5.5,7.0,6.3,1.7,4,2,↑,2032-2038,6.65,巴西产品经理：远程友好度高,Brazil Product Manager: highly remote-friendly,AI综合评估 + O*NET/ILO/OECD锚点校准,2026-04-13,2026-04-13,2000-2026
TECH-0401-AR-general,信息技术与数字化,TECH,产品与设计,产品经理,Product Manager,2511,15-1299.09,南美,阿根廷,AR,country,general,本科/硕士,24-30,global,5.3,5.5,7.7,6.9,6.8,5.6,5.2,5.4,5.8,5.1,3.2,9.5,6.9,4.7,4.5,7.9,7.2,2.4,6.6,6.4,8.6,7.0,5.2,7.4,8.1,5.6,6.0,8.1,0.5,0.2,5.7,6.4,6.5,1.9,4,2,↑,2032-2038,6.31,阿根廷产品经理：远程友好度高，就业波动大,"Argentina Product Manager: highly remote-friendly, volatile employment",AI综合评估 + O*NET/ILO/OECD锚点校准,2026-04-13,2026-04-13,2000-2026
TECH-0401-CL-general,信息技术与数字化,TECH,产品与设计,产品经理,Product Manager,2511,15-1299.09,南美,智利,CL,country,general,本科/硕士,24-30,global,5.6,5.0,7.3,7.7,7.2,5.6,6.0,4.8,7.3,6.6,4.7,9.2,7.4,4.9,4.8,8.3,6.8,2.4,6.6,6.4,6.8,6.7,4.9,6.8,8.7,5.0,6.6,8.7,0.6,0.2,5.1,6.8,6.5,2.7,4,2,↑,2032-2038,6.5,智利产品经理：发展平稳,Chile Product Manager: steady development,AI综合评估 + O*NET/ILO/OECD锚点校准,2026-04-13,2026-04-13,2000-2026
TECH-0401-CO-general,信息技术与数字化,TECH,产品与设计,产品经理,Product Manager,2511,15-1299.09,南美,哥伦比亚,CO,country,general,本科/硕士,24-30,global,5.5,5.3,7.5,7.7,7.4,6.0,5.6,5.6,4.6,5.1,4.9,9.2,6.9,3.7,4.5,8.3,7.2,2.6,6.0,5.4,8.0,7.0,4.6,7.6,7.7,4.7,6.2,8.7,0.8,0.0,5.9,5.8,6.1,2.3,4,2,↑,2032-2038,6.21,哥伦比亚产品经理：发展平稳,Colombia Product Manager: steady development,AI综合评估 + O*NET/ILO/OECD锚点校准,2026-04-13,2026-04-13,2000-2026
TECH-0401-AU-general,信息技术与数字化,TECH,产品与设计,产品经理,Product Manager,2511,15-1299.09,大洋洲,澳大利亚,AU,country,general,本科/硕士,24-30,global,5.8,5.6,8.9,8.0,9.0,7.0,6.8,7.4,10.0,8.6,6.9,9.7,8.2,6.7,6.0,8.3,7.4,2.1,6.4,7.6,8.9,7.7,7.7,7.8,9.1,8.6,7.4,8.5,0.9,0.6,5.5,6.2,8.7,2.1,4,2,↑,2032-2038,7.59,澳大利亚产品经理：薪资回报高，远程友好度高,"Australia Product Manager: high compensation, highly remote-friendly",AI综合评估 + O*NET/ILO/OECD锚点校准,2026-04-13,2026-04-13,2000-2026
TECH-0401-NZ-general,信息技术与数字化,TECH,产品与设计,产品经理,Product Manager,2511,15-1299.09,大洋洲,新西兰,NZ,country,general,本科/硕士,24-30,global,5.9,5.6,7.7,8.0,7.2,5.8,5.6,5.8,9.4,7.4,7.7,9.7,8.2,7.4,6.3,8.5,7.8,2.9,6.8,7.8,8.9,8.7,7.7,7.8,7.9,10.0,7.2,8.7,0.6,0.9,4.9,7.2,8.9,2.5,4,2,↑,2032-2038,7.4,新西兰产品经理：薪资回报高，远程友好度高，就业稳定,"New Zealand Product Manager: high compensation, highly remote-friendly, stable employment",AI综合评估 + O*NET/ILO/OECD锚点校准,2026-04-13,2026-04-13,2000-2026
TECH-0401-ZA-general,信息技术与数字化,TECH,产品与设计,产品经理,Product Manager,2511,15-1299.09,非洲,南非,ZA,country,general,本科/硕士,24-30,global,5.2,5.9,6.9,7.5,7.2,5.4,5.2,4.6,6.4,4.9,4.2,9.7,7.2,5.2,4.8,7.5,7.2,2.4,6.5,5.8,6.5,6.5,4.4,6.6,7.5,6.2,6.0,8.8,0.3,0.8,6.3,6.4,6.9,2.1,4,2,↑,2032-2038,6.2,南非产品经理：发展平稳,South Africa Product Manager: steady development,AI综合评估 + O*NET/ILO/OECD锚点校准,2026-04-13,2026-04-13,2000-2026
TECH-0401-NG-general,信息技术与数字化,TECH,产品与设计,产品经理,Product Manager,2511,15-1299.09,非洲,尼日利亚,NG,country,general,本科/硕士,24-30,global,5.6,5.5,6.3,6.8,7.2,5.2,4.8,3.2,4.3,4.6,3.4,9.2,6.7,2.9,4.3,8.1,6.8,3.3,6.2,4.8,8.0,7.0,3.4,7.2,7.5,4.4,5.4,8.2,0.5,0.0,6.1,6.0,5.9,2.9,3,1,→,2032-2038,5.68,尼日利亚产品经理：薪资水平偏低，加班文化严重，就业波动大,"Nigeria Product Manager: relatively low pay, heavy overtime culture, volatile employment",AI综合评估 + O*NET/ILO/OECD锚点校准,2026-04-13,2026-04-13,2000-2026
TECH-0401-KE-general,信息技术与数字化,TECH,产品与设计,产品经理,Product Manager,2511,15-1299.09,非洲,肯尼亚,KE,country,general,本科/硕士,24-30,global,5.5,5.8,7.1,6.9,6.8,4.6,4.8,3.8,2.8,5.4,3.7,9.0,5.7,3.4,4.8,7.9,6.6,3.3,5.8,5.2,6.8,7.0,4.2,7.2,7.3,3.8,6.0,8.2,0.3,0.0,6.5,5.8,6.9,1.9,3,1,→,2032-2038,5.68,肯尼亚产品经理：薪资水平偏低，加班文化严重，就业波动大,"Kenya Product Manager: relatively low pay, heavy overtime culture, volatile employment",AI综合评估 + O*NET/ILO/OECD锚点校准,2026-04-13,2026-04-13,2000-2026
TECH-0401-EG-general,信息技术与数字化,TECH,产品与设计,产品经理,Product Manager,2511,15-1299.09,非洲,埃及,EG,country,general,本科/硕士,24-30,global,5.3,5.2,6.9,6.9,7.2,5.6,5.2,3.8,4.3,4.6,3.7,9.5,6.9,2.9,3.5,7.5,6.4,3.0,6.6,6.0,6.2,6.5,5.2,6.6,7.7,3.5,6.4,8.4,0.5,0.2,6.3,6.4,5.3,2.5,3,1,→,2032-2038,5.79,埃及产品经理：薪资水平偏低，加班文化严重，就业波动大,"Egypt Product Manager: relatively low pay, heavy overtime culture, volatile employment",AI综合评估 + O*NET/ILO/OECD锚点校准,2026-04-13,2026-04-13,2000-2026
TECH-0402-CN-general,信息技术与数字化,TECH,产品与设计,UI设计师,UI Designer,2166,15-1255.00,东亚,中国,CN,country,general,本科/专科,20-26,global,4.8,4.6,7.1,6.3,8.7,8.0,5.6,4.7,7.2,7.9,3.8,9.5,6.0,1.9,2.6,6.9,7.3,1.6,4.1,6.7,7.0,6.7,2.9,6.8,7.5,6.4,5.6,5.7,0.7,0.0,6.0,7.6,5.9,1.7,3,1,→,2026-2030,6.14,中国UI设计师：加班文化严重，就业波动大,"China UI Designer: heavy overtime culture, volatile employment",AI综合评估 + O*NET/ILO/OECD锚点校准,2026-04-13,2026-04-13,2000-2026
TECH-0402-JP-general,信息技术与数字化,TECH,产品与设计,UI设计师,UI Designer,2166,15-1255.00,东亚,日本,JP,country,general,本科/专科,20-26,global,5.1,4.3,7.1,6.7,7.5,8.0,5.0,5.9,6.0,7.4,6.8,9.5,6.7,2.2,4.3,6.7,7.1,1.8,4.4,6.5,7.3,6.7,5.1,7.2,7.3,5.2,5.2,5.7,0.8,0.5,5.6,8.0,5.7,2.5,3,0,→,2026-2030,6.28,日本UI设计师：加班文化严重,Japan UI Designer: heavy overtime culture,AI综合评估 + O*NET/ILO/OECD锚点校准,2026-04-13,2026-04-13,2000-2026
TECH-0402-KR-general,信息技术与数字化,TECH,产品与设计,UI设计师,UI Designer,2166,15-1255.00,东亚,韩国,KR,country,general,本科/专科,20-26,global,4.5,4.0,6.9,6.1,7.3,7.0,4.8,5.7,6.6,7.6,5.3,9.3,6.7,2.4,2.8,7.1,7.1,1.5,4.4,6.5,7.0,6.4,3.9,6.8,6.9,5.2,6.0,5.7,0.8,0.2,5.4,8.4,6.3,1.5,3,0,→,2026-2030,6.2,韩国UI设计师：加班文化严重,South Korea UI Designer: heavy overtime culture,AI综合评估 + O*NET/ILO/OECD锚点校准,2026-04-13,2026-04-13,2000-2026
TECH-0402-TW-general,信息技术与数字化,TECH,产品与设计,UI设计师,UI Designer,2166,15-1255.00,东亚,中国台湾地区,TW,region,general,本科/专科,20-26,global,4.5,4.3,6.9,6.6,6.5,7.0,5.0,5.9,4.8,6.6,4.8,9.5,7.0,3.7,3.6,7.1,6.1,1.9,4.3,5.7,7.6,6.9,5.4,6.6,7.5,7.0,5.0,6.3,0.4,0.9,6.0,7.6,7.1,1.5,3,0,→,2026-2030,6.14,中国台湾地区UI设计师：发展平稳,Taiwan (China) UI Designer: steady development,AI综合评估 + O*NET/ILO/OECD锚点校准,2026-04-13,2026-04-13,2000-2026
TECH-0402-HK-general,信息技术与数字化,TECH,产品与设计,UI设计师,UI Designer,2166,15-1255.00,东亚,中国香港地区,HK,region,general,本科/专科,20-26,global,4.3,4.4,4.9,6.4,6.1,5.2,5.4,4.1,7.8,6.9,5.5,9.8,5.7,2.9,3.8,6.5,5.7,1.8,4.1,6.7,8.2,6.7,5.1,7.0,6.9,7.3,5.6,6.0,0.4,0.5,5.8,7.6,9.3,2.3,3,0,→,2026-2030,6.17,中国香港地区UI设计师：加班文化严重,Hong Kong (China) UI Designer: heavy overtime culture,AI综合评估 + O*NET/ILO/OECD锚点校准,2026-04-13,2026-04-13,2000-2026
TECH-0402-SG-general,信息技术与数字化,TECH,产品与设计,UI设计师,UI Designer,2166,15-1255.00,东南亚,新加坡,SG,country,general,本科/专科,20-26,global,4.6,4.4,7.1,6.3,6.7,6.0,5.8,4.9,8.4,8.4,7.3,9.8,6.2,3.4,5.1,6.9,6.1,1.8,4.5,7.5,8.2,7.2,5.1,6.8,7.9,9.4,5.4,6.1,0.7,0.6,5.0,8.6,9.7,1.9,3,1,→,2026-2030,6.75,新加坡UI设计师：薪资回报高，加班文化严重,"Singapore UI Designer: high compensation, heavy overtime culture",AI综合评估 + O*NET/ILO/OECD锚点校准,2026-04-13,2026-04-13,2000-2026
TECH-0402-TH-general,信息技术与数字化,TECH,产品与设计,UI设计师,UI Designer,2166,15-1255.00,东南亚,泰国,TH,country,general,本科/专科,20-26,global,4.2,3.5,4.3,6.0,5.5,6.2,4.0,3.7,2.4,4.6,5.5,9.3,6.0,4.9,4.8,6.1,6.1,1.9,3.7,4.3,6.4,6.9,5.1,6.4,6.9,7.0,5.6,5.5,0.5,0.6,6.0,8.4,5.7,1.7,3,0,→,2026-2030,5.55,泰国UI设计师：薪资水平偏低，供过于求，AI替代风险较高,"Thailand UI Designer: relatively low pay, oversupply of talent, high AI displacement risk",AI综合评估 + O*NET/ILO/OECD锚点校准,2026-04-13,2026-04-13,2000-2026
TECH-0402-VN-general,信息技术与数字化,TECH,产品与设计,UI设计师,UI Designer,2166,15-1255.00,东南亚,越南,VN,country,general,本科/专科,20-26,global,4.5,3.7,5.5,6.1,6.3,6.0,4.4,3.5,3.3,5.1,3.8,9.3,5.7,3.7,3.8,6.1,6.3,1.9,4.3,4.5,8.2,6.4,5.1,5.8,6.9,7.0,5.6,6.1,0.2,0.3,6.2,7.8,6.1,2.5,3,0,→,2026-2030,5.61,越南UI设计师：薪资水平偏低，就业波动大,"Vietnam UI Designer: relatively low pay, volatile employment",AI综合评估 + O*NET/ILO/OECD锚点校准,2026-04-13,2026-04-13,2000-2026
TECH-0402-ID-general,信息技术与数字化,TECH,产品与设计,UI设计师,UI Designer,2166,15-1255.00,东南亚,印度尼西亚,ID,country,general,本科/专科,20-26,global,4.5,3.5,4.9,5.7,6.1,6.4,4.0,3.3,3.6,4.4,4.3,9.5,7.2,4.7,4.3,6.1,6.3,1.8,4.0,4.3,7.9,7.2,4.6,6.6,6.9,5.5,4.8,6.3,0.4,0.0,6.8,7.4,6.1,2.1,3,0,→,2026-2030,5.6,印度尼西亚UI设计师：薪资水平偏低，供过于求，AI替代风险较高,"Indonesia UI Designer: relatively low pay, oversupply of talent, high AI displacement risk",AI综合评估 + O*NET/ILO/OECD锚点校准,2026-04-13,2026-04-13,2000-2026
TECH-0402-MY-general,信息技术与数字化,TECH,产品与设计,UI设计师,UI Designer,2166,15-1255.00,东南亚,马来西亚,MY,country,general,本科/专科,20-26,global,4.8,4.1,5.5,6.1,6.1,5.8,4.2,4.3,5.1,5.6,6.0,9.5,7.5,4.4,5.1,6.1,5.9,1.9,4.0,5.7,8.2,6.9,4.9,6.4,7.1,6.4,5.4,5.5,0.2,0.6,6.2,8.0,6.9,2.3,3,0,→,2026-2030,5.93,马来西亚UI设计师：AI替代风险较高,Malaysia UI Designer: high AI displacement risk,AI综合评估 + O*NET/ILO/OECD锚点校准,2026-04-13,2026-04-13,2000-2026
TECH-0402-PH-general,信息技术与数字化,TECH,产品与设计,UI设计师,UI Designer,2166,15-1255.00,东南亚,菲律宾,PH,country,general,本科/专科,20-26,global,4.8,3.8,4.9,5.4,5.3,5.0,3.6,3.9,1.8,3.4,4.5,9.8,6.0,4.7,4.3,6.1,6.1,2.1,3.6,4.7,9.7,6.2,4.4,5.8,6.9,7.3,4.8,5.8,0.5,0.2,6.6,8.0,6.5,2.7,3,0,→,2026-2030,5.38,菲律宾UI设计师：薪资水平偏低，供过于求，AI替代风险较高,"Philippines UI Designer: relatively low pay, oversupply of talent, high AI displacement risk",AI综合评估 + O*NET/ILO/OECD锚点校准,2026-04-13,2026-04-13,2000-2026
TECH-0402-IN-general,信息技术与数字化,TECH,产品与设计,UI设计师,UI Designer,2166,15-1255.00,南亚,印度,IN,country,general,本科/专科,20-26,global,4.3,4.6,6.7,5.7,7.5,8.4,5.4,5.1,5.4,5.6,4.5,9.8,6.2,3.7,3.6,6.9,6.3,1.5,4.0,5.7,8.5,6.7,4.4,6.6,7.5,6.1,5.6,6.3,0.8,0.2,5.8,8.4,8.3,2.1,3,0,→,2026-2030,6.16,印度UI设计师：AI替代风险较高，远程友好度高,"India UI Designer: high AI displacement risk, highly remote-friendly",AI综合评估 + O*NET/ILO/OECD锚点校准,2026-04-13,2026-04-13,2000-2026
TECH-0402-PK-general,信息技术与数字化,TECH,产品与设计,UI设计师,UI Designer,2166,15-1255.00,南亚,巴基斯坦,PK,country,general,本科/专科,20-26,global,4.0,4.0,4.5,5.7,4.9,5.2,3.2,2.7,2.4,3.6,3.0,9.3,5.7,3.9,4.1,5.5,5.3,2.7,3.5,3.9,8.2,5.7,4.4,6.0,6.7,2.8,5.4,6.3,0.4,0.5,6.4,7.6,6.3,2.5,2,-1,→,2026-2030,5.01,巴基斯坦UI设计师：薪资水平偏低，供过于求，AI替代风险较高,"Pakistan UI Designer: relatively low pay, oversupply of talent, high AI displacement risk",AI综合评估 + O*NET/ILO/OECD锚点校准,2026-04-13,2026-04-13,2000-2026
TECH-0402-BD-general,信息技术与数字化,TECH,产品与设计,UI设计师,UI Designer,2166,15-1255.00,南亚,孟加拉国,BD,country,general,本科/专科,20-26,global,4.6,3.7,3.5,5.2,5.1,5.0,2.6,2.1,0.0,3.1,3.5,9.0,6.7,3.4,4.3,5.5,5.5,2.7,3.9,4.1,8.2,5.9,4.9,5.4,6.5,3.7,4.6,6.1,0.4,0.0,6.6,8.4,6.3,2.5,2,-1,→,2026-2030,4.83,孟加拉国UI设计师：薪资水平偏低，供过于求，AI替代风险较高,"Bangladesh UI Designer: relatively low pay, oversupply of talent, high AI displacement risk",AI综合评估 + O*NET/ILO/OECD锚点校准,2026-04-13,2026-04-13,2000-2026
TECH-0402-AE-general,信息技术与数字化,TECH,产品与设计,UI设计师,UI Designer,2166,15-1255.00,中亚/西亚,阿联酋,AE,country,general,本科/专科,20-26,global,4.9,4.4,5.5,6.1,5.5,5.0,5.6,4.9,8.7,8.1,6.5,9.8,6.7,5.2,4.3,7.3,5.5,1.8,4.4,6.3,6.7,6.4,4.9,7.2,6.7,6.1,5.0,6.0,0.1,0.5,5.8,7.4,8.9,2.3,3,0,→,2026-2030,6.34,阿联酋UI设计师：薪资回报高,United Arab Emirates UI Designer: high compensation,AI综合评估 + O*NET/ILO/OECD锚点校准,2026-04-13,2026-04-13,2000-2026
TECH-0402-IL-general,信息技术与数字化,TECH,产品与设计,UI设计师,UI Designer,2166,15-1255.00,中亚/西亚,以色列,IL,country,general,本科/专科,20-26,global,5.1,4.1,7.3,5.7,6.7,6.4,6.4,5.7,8.1,7.4,4.8,9.3,7.7,5.2,4.8,6.9,6.9,1.6,4.1,7.1,10.0,7.7,6.6,6.6,6.7,8.2,6.4,6.0,0.8,0.9,6.2,9.0,8.3,1.5,3,1,→,2026-2030,6.72,以色列UI设计师：薪资回报高，远程友好度高,"Israel UI Designer: high compensation, highly remote-friendly",AI综合评估 + O*NET/ILO/OECD锚点校准,2026-04-13,2026-04-13,2000-2026
TECH-0402-SA-general,信息技术与数字化,TECH,产品与设计,UI设计师,UI Designer,2166,15-1255.00,中亚/西亚,沙特阿拉伯,SA,country,general,本科/专科,20-26,global,4.5,4.4,5.5,6.4,5.3,6.0,3.8,3.9,5.7,6.6,5.3,9.5,7.0,4.7,5.3,6.1,5.3,2.4,3.6,5.3,6.7,6.9,5.6,6.4,6.5,4.6,5.2,6.3,0.2,0.9,5.4,8.2,5.9,2.1,3,0,→,2026-2030,5.78,沙特阿拉伯UI设计师：供过于求，AI替代风险较高,"Saudi Arabia UI Designer: oversupply of talent, high AI displacement risk",AI综合评估 + O*NET/ILO/OECD锚点校准,2026-04-13,2026-04-13,2000-2026
TECH-0402-TR-general,信息技术与数字化,TECH,产品与设计,UI设计师,UI Designer,2166,15-1255.00,中亚/西亚,土耳其,TR,country,general,本科/专科,20-26,global,4.5,4.3,5.3,5.7,6.7,6.0,4.4,3.9,3.3,5.4,3.5,9.0,6.2,3.7,4.8,6.5,6.3,2.1,4.3,5.5,7.3,6.4,4.9,6.2,6.5,4.6,5.0,6.1,0.5,0.2,6.2,7.2,6.1,2.7,3,0,→,2026-2030,5.55,土耳其UI设计师：薪资水平偏低，就业波动大,"Turkey UI Designer: relatively low pay, volatile employment",AI综合评估 + O*NET/ILO/OECD锚点校准,2026-04-13,2026-04-13,2000-2026
TECH-0402-GB-general,信息技术与数字化,TECH,产品与设计,UI设计师,UI Designer,2166,15-1255.00,西欧,英国,GB,country,general,本科/专科,20-26,global,5.1,4.0,6.1,5.8,7.3,7.8,5.4,5.3,9.6,8.1,6.0,9.5,7.5,6.4,5.6,7.3,7.3,1.3,4.3,6.9,10.0,7.4,6.6,7.4,8.1,8.8,6.6,5.8,0.1,0.5,5.8,8.0,9.5,1.5,3,1,→,2026-2030,7.03,英国UI设计师：薪资回报高，远程友好度高,"United Kingdom UI Designer: high compensation, highly remote-friendly",AI综合评估 + O*NET/ILO/OECD锚点校准,2026-04-13,2026-04-13,2000-2026
TECH-0402-FR-general,信息技术与数字化,TECH,产品与设计,UI设计师,UI Designer,2166,15-1255.00,西欧,法国,FR,country,general,本科/专科,20-26,global,4.5,4.1,6.7,6.3,7.5,7.0,5.2,5.5,6.6,6.6,5.8,9.8,8.5,7.2,5.8,6.9,6.3,1.5,3.9,5.9,9.7,6.9,8.6,6.8,8.1,7.9,6.8,6.3,0.2,0.5,5.2,8.2,7.9,2.1,3,0,→,2026-2030,6.77,法国UI设计师：AI替代风险较高，远程友好度高,"France UI Designer: high AI displacement risk, highly remote-friendly",AI综合评估 + O*NET/ILO/OECD锚点校准,2026-04-13,2026-04-13,2000-2026
TECH-0402-DE-general,信息技术与数字化,TECH,产品与设计,UI设计师,UI Designer,2166,15-1255.00,西欧,德国,DE,country,general,本科/专科,20-26,global,4.8,4.0,7.3,6.3,7.5,7.8,4.8,5.1,7.5,7.6,7.3,9.5,7.2,6.9,7.1,7.7,6.7,1.5,4.1,6.7,9.7,7.9,8.6,6.4,8.5,8.8,6.6,6.3,1.0,0.5,5.8,8.4,8.3,1.5,3,0,→,2026-2030,7.04,德国UI设计师：远程友好度高,Germany UI Designer: highly remote-friendly,AI综合评估 + O*NET/ILO/OECD锚点校准,2026-04-13,2026-04-13,2000-2026
TECH-0402-NL-general,信息技术与数字化,TECH,产品与设计,UI设计师,UI Designer,2166,15-1255.00,西欧,荷兰,NL,country,general,本科/专科,20-26,global,4.5,4.1,6.3,6.4,6.5,6.2,5.6,5.3,7.8,7.6,6.5,10.0,8.7,8.4,7.6,6.7,6.5,1.6,3.9,6.7,10.0,7.9,8.9,7.4,7.3,10.0,6.8,6.3,0.1,0.9,5.6,8.2,8.3,2.7,3,0,→,2026-2030,7.05,荷兰UI设计师：AI替代风险较高，远程友好度高，工作时间规律,"Netherlands UI Designer: high AI displacement risk, highly remote-friendly, regular working hours",AI综合评估 + O*NET/ILO/OECD锚点校准,2026-04-13,2026-04-13,2000-2026
TECH-0402-CH-general,信息技术与数字化,TECH,产品与设计,UI设计师,UI Designer,2166,15-1255.00,西欧,瑞士,CH,country,general,本科/专科,20-26,global,4.3,4.4,6.7,7.2,6.1,5.8,5.0,5.7,10.0,8.6,7.8,10.0,7.5,7.2,7.1,7.7,6.1,1.5,3.9,6.7,8.5,8.4,7.6,6.6,6.7,7.9,5.8,5.8,0.4,0.6,5.0,8.0,8.7,1.5,3,0,→,2026-2030,7.08,瑞士UI设计师：薪资回报高，AI替代风险较高，远程友好度高,"Switzerland UI Designer: high compensation, high AI displacement risk, highly remote-friendly",AI综合评估 + O*NET/ILO/OECD锚点校准,2026-04-13,2026-04-13,2000-2026
TECH-0402-SE-general,信息技术与数字化,TECH,产品与设计,UI设计师,UI Designer,2166,15-1255.00,北欧,瑞典,SE,country,general,本科/专科,20-26,global,4.6,3.8,5.9,6.4,6.1,6.2,5.0,4.9,7.8,7.1,7.3,9.8,8.2,8.7,6.8,7.5,6.1,1.5,3.7,6.7,10.0,8.7,9.1,7.4,7.1,10.0,6.0,6.1,0.8,0.6,5.6,9.0,7.9,2.1,3,0,→,2026-2030,6.99,瑞典UI设计师：AI替代风险较高，远程友好度高，工作时间规律,"Sweden UI Designer: high AI displacement risk, highly remote-friendly, regular working hours",AI综合评估 + O*NET/ILO/OECD锚点校准,2026-04-13,2026-04-13,2000-2026
TECH-0402-DK-general,信息技术与数字化,TECH,产品与设计,UI设计师,UI Designer,2166,15-1255.00,北欧,丹麦,DK,country,general,本科/专科,20-26,global,5.2,4.6,5.7,6.3,6.3,5.0,5.4,5.3,8.4,6.6,7.3,9.8,9.0,8.7,6.6,6.7,5.7,1.8,4.0,6.7,10.0,8.2,9.4,7.2,6.9,10.0,6.2,6.4,0.1,0.9,5.2,7.8,8.5,1.9,3,0,→,2026-2030,6.94,丹麦UI设计师：薪资回报高，AI替代风险较高，远程友好度高,"Denmark UI Designer: high compensation, high AI displacement risk, highly remote-friendly",AI综合评估 + O*NET/ILO/OECD锚点校准,2026-04-13,2026-04-13,2000-2026
TECH-0402-FI-general,信息技术与数字化,TECH,产品与设计,UI设计师,UI Designer,2166,15-1255.00,北欧,芬兰,FI,country,general,本科/专科,20-26,global,4.9,4.1,6.3,6.9,5.9,5.6,4.8,5.5,6.9,7.6,7.0,9.8,8.2,9.9,7.6,7.1,6.3,1.8,4.5,5.9,10.0,7.7,8.9,7.2,7.1,10.0,6.6,5.7,0.4,1.2,5.2,8.8,7.9,2.7,3,0,→,2026-2030,6.97,芬兰UI设计师：远程友好度高，工作时间规律,"Finland UI Designer: highly remote-friendly, regular working hours",AI综合评估 + O*NET/ILO/OECD锚点校准,2026-04-13,2026-04-13,2000-2026
TECH-0402-IT-general,信息技术与数字化,TECH,产品与设计,UI设计师,UI Designer,2166,15-1255.00,南欧,意大利,IT,country,general,本科/专科,20-26,global,4.8,4.1,6.1,5.7,6.5,6.0,5.0,3.5,6.3,6.1,4.8,9.5,8.0,5.7,5.3,5.9,6.1,1.9,4.1,5.3,7.3,6.4,6.1,6.0,7.1,7.0,5.2,6.0,1.0,0.8,6.0,7.6,7.7,2.5,3,0,→,2026-2030,6.05,意大利UI设计师：发展平稳,Italy UI Designer: steady development,AI综合评估 + O*NET/ILO/OECD锚点校准,2026-04-13,2026-04-13,2000-2026
TECH-0402-ES-general,信息技术与数字化,TECH,产品与设计,UI设计师,UI Designer,2166,15-1255.00,南欧,西班牙,ES,country,general,本科/专科,20-26,global,4.8,3.7,5.3,6.1,6.5,5.4,4.0,3.1,5.1,5.9,3.5,9.8,8.0,4.4,5.3,6.5,5.7,1.9,4.3,4.9,9.1,7.7,6.9,7.0,7.5,6.7,5.2,6.4,0.5,0.6,6.4,8.4,7.7,1.7,3,0,→,2026-2030,6.02,西班牙UI设计师：供过于求，远程友好度高，就业波动大,"Spain UI Designer: oversupply of talent, highly remote-friendly, volatile employment",AI综合评估 + O*NET/ILO/OECD锚点校准,2026-04-13,2026-04-13,2000-2026
TECH-0402-PT-general,信息技术与数字化,TECH,产品与设计,UI设计师,UI Designer,2166,15-1255.00,南欧,葡萄牙,PT,country,general,本科/专科,20-26,global,4.2,4.0,4.7,6.4,4.9,5.4,4.8,4.1,4.8,6.1,4.8,9.5,7.2,5.7,6.1,5.9,5.9,1.9,4.3,5.3,9.4,7.2,7.1,6.6,7.1,8.8,5.6,6.0,0.1,0.6,6.2,8.2,8.1,2.9,3,0,→,2026-2030,6.13,葡萄牙UI设计师：远程友好度高,Portugal UI Designer: highly remote-friendly,AI综合评估 + O*NET/ILO/OECD锚点校准,2026-04-13,2026-04-13,2000-2026
TECH-0402-PL-general,信息技术与数字化,TECH,产品与设计,UI设计师,UI Designer,2166,15-1255.00,东欧,波兰,PL,country,general,本科/专科,20-26,global,4.9,4.6,5.3,5.8,6.1,6.2,5.6,3.1,4.5,5.4,5.5,9.3,7.5,5.9,5.6,7.3,6.3,1.9,4.1,5.9,9.4,6.9,7.6,6.0,6.7,7.0,6.0,5.7,0.2,0.5,6.2,8.6,8.1,1.7,3,0,→,2026-2030,6.16,波兰UI设计师：薪资水平偏低，远程友好度高,"Poland UI Designer: relatively low pay, highly remote-friendly",AI综合评估 + O*NET/ILO/OECD锚点校准,2026-04-13,2026-04-13,2000-2026
TECH-0402-CZ-general,信息技术与数字化,TECH,产品与设计,UI设计师,UI Designer,2166,15-1255.00,东欧,捷克,CZ,country,general,本科/专科,20-26,global,5.1,4.4,5.5,6.7,5.3,5.4,4.6,3.7,6.0,6.1,6.5,9.5,7.5,6.9,6.3,6.3,5.5,1.8,4.4,5.3,8.2,7.7,8.1,6.8,6.7,8.2,6.4,6.1,0.7,0.5,5.0,8.6,8.3,2.5,3,0,→,2026-2030,6.36,捷克UI设计师：发展平稳,Czech Republic UI Designer: steady development,AI综合评估 + O*NET/ILO/OECD锚点校准,2026-04-13,2026-04-13,2000-2026
TECH-0402-RU-general,信息技术与数字化,TECH,产品与设计,UI设计师,UI Designer,2166,15-1255.00,东欧,俄罗斯,RU,country,general,本科/专科,20-26,global,5.1,4.4,6.3,5.7,6.1,6.4,5.2,3.7,3.6,4.9,3.0,9.0,7.2,4.9,4.8,6.9,5.7,2.4,3.6,5.3,7.9,7.7,6.1,6.8,6.7,6.7,6.0,6.3,0.5,0.2,6.8,8.0,5.3,2.5,3,0,→,2026-2030,5.71,俄罗斯UI设计师：薪资水平偏低，AI替代风险较高，就业波动大,"Russia UI Designer: relatively low pay, high AI displacement risk, volatile employment",AI综合评估 + O*NET/ILO/OECD锚点校准,2026-04-13,2026-04-13,2000-2026
TECH-0402-US-general,信息技术与数字化,TECH,产品与设计,UI设计师,UI Designer,2166,15-1255.00,北美,美国,US,country,general,本科/专科,20-26,global,5.1,4.0,6.9,6.4,7.9,8.2,5.6,5.5,10.0,8.9,5.3,9.8,6.2,4.2,4.8,7.3,7.7,1.6,4.4,7.5,10.0,6.7,5.9,7.8,7.9,9.7,5.6,5.7,0.1,0.2,6.0,9.0,8.1,2.1,3,1,→,2026-2030,6.98,美国UI设计师：薪资回报高，远程友好度高,"United States UI Designer: high compensation, highly remote-friendly",AI综合评估 + O*NET/ILO/OECD锚点校准,2026-04-13,2026-04-13,2000-2026
TECH-0402-CA-general,信息技术与数字化,TECH,产品与设计,UI设计师,UI Designer,2166,15-1255.00,北美,加拿大,CA,country,general,本科/专科,20-26,global,5.1,4.4,6.7,6.0,6.9,6.8,5.8,5.7,7.8,8.4,6.5,9.5,8.2,5.9,6.1,7.3,6.7,1.5,4.0,6.9,10.0,7.4,7.4,7.4,7.9,10.0,6.4,5.8,0.7,1.1,5.2,8.4,8.5,1.7,3,1,→,2026-2030,6.96,加拿大UI设计师：AI替代风险较高，远程友好度高,"Canada UI Designer: high AI displacement risk, highly remote-friendly",AI综合评估 + O*NET/ILO/OECD锚点校准,2026-04-13,2026-04-13,2000-2026
TECH-0402-MX-general,信息技术与数字化,TECH,产品与设计,UI设计师,UI Designer,2166,15-1255.00,北美,墨西哥,MX,country,general,本科/专科,20-26,global,4.5,3.7,4.7,5.7,5.7,6.2,4.0,3.3,3.3,4.6,4.0,9.5,6.2,4.2,4.6,5.9,6.1,1.9,3.9,4.3,7.3,7.4,5.6,6.6,6.7,6.1,4.6,6.1,0.7,0.2,6.4,7.6,5.9,1.7,3,0,→,2026-2030,5.52,墨西哥UI设计师：薪资水平偏低，供过于求，AI替代风险较高,"Mexico UI Designer: relatively low pay, oversupply of talent, high AI displacement risk",AI综合评估 + O*NET/ILO/OECD锚点校准,2026-04-13,2026-04-13,2000-2026
TECH-0402-BR-general,信息技术与数字化,TECH,产品与设计,UI设计师,UI Designer,2166,15-1255.00,南美,巴西,BR,country,general,本科/专科,20-26,global,4.3,4.3,5.3,5.7,7.1,6.6,4.0,3.9,4.2,5.6,3.3,9.3,6.2,4.7,4.3,6.7,6.1,2.1,3.6,5.7,8.5,6.7,6.4,7.0,7.1,6.4,5.8,6.0,0.7,0.0,5.6,8.2,5.3,1.9,3,0,→,2026-2030,5.8,巴西UI设计师：薪资水平偏低，供过于求，AI替代风险较高,"Brazil UI Designer: relatively low pay, oversupply of talent, high AI displacement risk",AI综合评估 + O*NET/ILO/OECD锚点校准,2026-04-13,2026-04-13,2000-2026
TECH-0402-AR-general,信息技术与数字化,TECH,产品与设计,UI设计师,UI Designer,2166,15-1255.00,南美,阿根廷,AR,country,general,本科/专科,20-26,global,4.3,3.8,5.1,5.8,5.1,5.6,4.8,3.5,3.3,5.4,2.8,9.3,7.0,4.7,4.3,6.5,5.7,2.2,4.1,4.1,8.5,6.4,5.4,6.6,6.1,5.8,5.2,6.1,0.8,0.5,6.2,8.0,6.1,2.3,3,0,→,2026-2030,5.54,阿根廷UI设计师：薪资水平偏低，远程友好度高，就业波动大,"Argentina UI Designer: relatively low pay, highly remote-friendly, volatile employment",AI综合评估 + O*NET/ILO/OECD锚点校准,2026-04-13,2026-04-13,2000-2026
TECH-0402-CL-general,信息技术与数字化,TECH,产品与设计,UI设计师,UI Designer,2166,15-1255.00,南美,智利,CL,country,general,本科/专科,20-26,global,4.8,4.3,5.1,5.5,4.5,4.6,4.6,3.9,5.1,5.6,4.8,9.5,6.5,5.7,4.6,6.1,5.5,2.1,3.7,4.7,7.6,6.7,5.9,5.6,6.9,7.0,6.0,6.0,0.2,0.5,6.2,8.0,6.7,2.1,3,0,→,2026-2030,5.72,智利UI设计师：AI替代风险较高,Chile UI Designer: high AI displacement risk,AI综合评估 + O*NET/ILO/OECD锚点校准,2026-04-13,2026-04-13,2000-2026
TECH-0402-CO-general,信息技术与数字化,TECH,产品与设计,UI设计师,UI Designer,2166,15-1255.00,南美,哥伦比亚,CO,country,general,本科/专科,20-26,global,4.9,3.8,4.7,5.4,4.9,5.2,4.2,4.1,3.0,4.4,3.5,9.3,6.5,5.2,5.3,6.7,5.7,1.8,4.1,3.9,8.2,6.9,5.9,6.8,7.1,6.1,4.6,5.8,0.8,0.6,6.0,7.6,5.9,2.3,3,0,→,2026-2030,5.54,哥伦比亚UI设计师：薪资水平偏低，就业波动大,"Colombia UI Designer: relatively low pay, volatile employment",AI综合评估 + O*NET/ILO/OECD锚点校准,2026-04-13,2026-04-13,2000-2026
TECH-0402-AU-general,信息技术与数字化,TECH,产品与设计,UI设计师,UI Designer,2166,15-1255.00,大洋洲,澳大利亚,AU,country,general,本科/专科,20-26,global,5.1,3.8,6.7,6.6,6.5,7.2,5.0,5.1,8.7,7.4,6.0,9.8,7.5,6.7,6.6,6.5,6.5,1.5,3.9,6.7,9.7,7.2,8.6,7.4,7.3,10.0,6.6,6.3,0.2,0.9,6.0,8.2,8.3,2.1,3,0,→,2026-2030,6.91,澳大利亚UI设计师：薪资回报高，AI替代风险较高，远程友好度高,"Australia UI Designer: high compensation, high AI displacement risk, highly remote-friendly",AI综合评估 + O*NET/ILO/OECD锚点校准,2026-04-13,2026-04-13,2000-2026
TECH-0402-NZ-general,信息技术与数字化,TECH,产品与设计,UI设计师,UI Designer,2166,15-1255.00,大洋洲,新西兰,NZ,country,general,本科/专科,20-26,global,4.5,4.4,5.7,6.4,6.1,4.6,5.4,3.9,6.9,6.6,7.0,9.8,8.7,6.9,6.3,7.1,5.5,2.4,4.3,6.5,10.0,8.4,8.1,6.4,6.7,10.0,6.6,6.3,0.8,1.1,6.0,8.2,8.1,1.7,3,0,→,2026-2030,6.64,新西兰UI设计师：远程友好度高,New Zealand UI Designer: highly remote-friendly,AI综合评估 + O*NET/ILO/OECD锚点校准,2026-04-13,2026-04-13,2000-2026
TECH-0402-ZA-general,信息技术与数字化,TECH,产品与设计,UI设计师,UI Designer,2166,15-1255.00,非洲,南非,ZA,country,general,本科/专科,20-26,global,4.2,3.8,4.1,5.8,5.1,5.4,4.0,4.1,3.6,4.6,4.3,9.5,7.0,5.9,4.8,5.7,5.3,2.1,4.1,4.7,8.5,5.9,5.1,5.8,6.7,6.7,4.8,6.3,0.4,0.6,6.6,8.4,5.9,2.7,3,0,→,2026-2030,5.55,南非UI设计师：薪资水平偏低，供过于求，远程友好度高,"South Africa UI Designer: relatively low pay, oversupply of talent, highly remote-friendly",AI综合评估 + O*NET/ILO/OECD锚点校准,2026-04-13,2026-04-13,2000-2026
TECH-0402-NG-general,信息技术与数字化,TECH,产品与设计,UI设计师,UI Designer,2166,15-1255.00,非洲,尼日利亚,NG,country,general,本科/专科,20-26,global,3.9,3.8,4.1,5.7,4.3,4.8,3.0,2.3,0.9,3.4,3.3,9.3,6.5,4.7,5.1,5.7,5.3,2.4,3.9,3.9,6.7,6.4,3.9,5.4,6.7,4.6,4.8,6.1,0.8,0.0,6.2,8.4,5.7,2.7,2,-1,→,2026-2030,4.96,尼日利亚UI设计师：薪资水平偏低，供过于求，AI替代风险较高,"Nigeria UI Designer: relatively low pay, oversupply of talent, high AI displacement risk",AI综合评估 + O*NET/ILO/OECD锚点校准,2026-04-13,2026-04-13,2000-2026
TECH-0402-KE-general,信息技术与数字化,TECH,产品与设计,UI设计师,UI Designer,2166,15-1255.00,非洲,肯尼亚,KE,country,general,本科/专科,20-26,global,4.0,3.7,4.7,5.5,4.3,4.4,3.6,2.3,2.4,3.9,4.3,9.3,6.0,4.9,4.8,6.1,5.5,2.4,3.9,4.7,7.6,5.9,5.4,5.4,6.1,5.5,4.6,6.4,0.2,0.0,6.8,7.2,6.9,3.1,2,-1,→,2026-2030,5.22,肯尼亚UI设计师：薪资水平偏低，供过于求，AI替代风险较高,"Kenya UI Designer: relatively low pay, oversupply of talent, high AI displacement risk",AI综合评估 + O*NET/ILO/OECD锚点校准,2026-04-13,2026-04-13,2000-2026
TECH-0402-EG-general,信息技术与数字化,TECH,产品与设计,UI设计师,UI Designer,2166,15-1255.00,非洲,埃及,EG,country,general,本科/专科,20-26,global,4.2,4.3,4.9,5.8,5.3,5.4,3.2,1.7,1.8,3.9,4.3,9.0,7.2,4.9,4.3,6.5,6.1,2.2,3.6,4.1,7.3,6.9,4.9,5.8,6.1,4.3,5.2,6.0,0.4,0.6,5.8,7.6,6.3,2.7,2,-1,→,2026-2030,5.2,埃及UI设计师：薪资水平偏低，供过于求，AI替代风险较高,"Egypt UI Designer: relatively low pay, oversupply of talent, high AI displacement risk",AI综合评估 + O*NET/ILO/OECD锚点校准,2026-04-13,2026-04-13,2000-2026
TECH-0403-CN-general,信息技术与数字化,TECH,产品与设计,UX设计师,UX Designer,2166,15-1255.00,东亚,中国,CN,country,general,本科/硕士,22-28,global,5.4,5.3,7.9,6.5,9.4,8.2,6.2,6.5,8.6,7.5,5.4,9.5,6.0,2.2,2.8,7.6,7.2,1.4,6.1,7.3,6.8,5.7,4.4,7.7,8.3,6.1,5.9,6.8,0.4,0.5,5.7,7.3,6.0,1.5,4,3,↑,2032-2038,6.64,中国UX设计师：薪资回报高，加班文化严重,"China UX Designer: high compensation, heavy overtime culture",AI综合评估 + O*NET/ILO/OECD锚点校准,2026-04-13,2026-04-13,2000-2026
TECH-0403-JP-general,信息技术与数字化,TECH,产品与设计,UX设计师,UX Designer,2166,15-1255.00,东亚,日本,JP,country,general,本科/硕士,22-28,global,5.4,5.4,8.1,7.9,8.6,7.2,6.2,7.5,8.0,7.2,6.9,9.7,7.0,3.5,3.8,7.6,7.6,1.7,6.0,7.1,7.7,6.4,4.9,7.9,7.3,5.8,5.9,7.3,0.2,0.3,4.9,6.9,6.2,1.9,4,2,↑,2032-2038,6.84,日本UX设计师：薪资回报高，加班文化严重,"Japan UX Designer: high compensation, heavy overtime culture",AI综合评估 + O*NET/ILO/OECD锚点校准,2026-04-13,2026-04-13,2000-2026
TECH-0403-KR-general,信息技术与数字化,TECH,产品与设计,UX设计师,UX Designer,2166,15-1255.00,东亚,韩国,KR,country,general,本科/硕士,22-28,global,5.1,5.1,7.7,7.4,7.8,6.4,5.8,6.9,8.3,7.7,5.1,9.5,7.0,3.2,3.1,7.4,6.8,1.4,5.7,7.3,7.4,6.4,4.9,7.9,7.7,5.8,6.1,7.1,0.7,0.9,5.1,7.5,7.4,1.9,4,2,↑,2028-2033,6.68,韩国UX设计师：薪资回报高，加班文化严重,"South Korea UX Designer: high compensation, heavy overtime culture",AI综合评估 + O*NET/ILO/OECD锚点校准,2026-04-13,2026-04-13,2000-2026
TECH-0403-TW-general,信息技术与数字化,TECH,产品与设计,UX设计师,UX Designer,2166,15-1255.00,东亚,中国台湾地区,TW,region,general,本科/硕士,22-28,global,5.6,4.8,7.7,7.4,7.4,6.0,6.0,6.3,6.5,6.7,5.6,9.5,7.0,3.7,4.6,7.4,6.6,1.6,6.3,6.9,6.5,6.2,5.9,7.9,7.3,8.2,5.3,6.5,0.2,0.9,5.7,7.1,7.2,2.1,4,2,↑,2032-2038,6.58,中国台湾地区UX设计师：发展平稳,Taiwan (China) UX Designer: steady development,AI综合评估 + O*NET/ILO/OECD锚点校准,2026-04-13,2026-04-13,2000-2026
TECH-0403-HK-general,信息技术与数字化,TECH,产品与设计,UX设计师,UX Designer,2166,15-1255.00,东亚,中国香港地区,HK,region,general,本科/硕士,22-28,global,5.4,5.3,6.7,7.6,6.2,5.4,5.6,5.3,9.2,7.2,5.9,9.2,6.5,4.0,3.8,7.2,6.2,2.0,6.3,6.3,8.6,7.2,4.4,7.5,6.7,7.6,5.3,7.4,0.1,0.8,5.3,8.1,9.8,2.3,4,2,↑,2032-2038,6.64,中国香港地区UX设计师：薪资回报高，远程友好度高,"Hong Kong (China) UX Designer: high compensation, highly remote-friendly",AI综合评估 + O*NET/ILO/OECD锚点校准,2026-04-13,2026-04-13,2000-2026
TECH-0403-SG-general,信息技术与数字化,TECH,产品与设计,UX设计师,UX Designer,2166,15-1255.00,东南亚,新加坡,SG,country,general,本科/硕士,22-28,global,4.8,5.6,7.9,7.4,7.6,6.0,6.0,6.5,9.2,9.2,7.6,9.7,6.7,4.0,4.1,8.2,7.2,1.9,6.0,7.7,8.6,7.2,5.9,7.5,7.3,9.1,6.1,7.0,0.7,0.8,4.9,7.3,9.8,1.5,4,3,↑,2032-2038,7.17,新加坡UX设计师：薪资回报高，远程友好度高，就业稳定,"Singapore UX Designer: high compensation, highly remote-friendly, stable employment",AI综合评估 + O*NET/ILO/OECD锚点校准,2026-04-13,2026-04-13,2000-2026
TECH-0403-TH-general,信息技术与数字化,TECH,产品与设计,UX设计师,UX Designer,2166,15-1255.00,东南亚,泰国,TH,country,general,本科/硕士,22-28,global,5.1,4.7,5.9,7.3,6.8,4.8,4.4,5.7,3.5,5.2,5.1,9.5,6.7,5.7,5.3,7.2,6.6,2.2,5.6,4.7,8.0,7.2,5.4,6.3,6.1,7.9,5.5,7.1,0.2,0.3,5.5,7.7,6.4,2.1,4,2,↑,2028-2033,6.09,泰国UX设计师：薪资水平偏低,Thailand UX Designer: relatively low pay,AI综合评估 + O*NET/ILO/OECD锚点校准,2026-04-13,2026-04-13,2000-2026
TECH-0403-VN-general,信息技术与数字化,TECH,产品与设计,UX设计师,UX Designer,2166,15-1255.00,东南亚,越南,VN,country,general,本科/硕士,22-28,global,5.3,5.3,5.7,6.7,6.4,6.0,5.4,4.9,3.2,4.5,4.1,9.5,6.5,5.0,3.8,7.0,6.6,2.2,6.3,5.3,7.4,5.9,4.9,6.9,7.1,7.0,5.5,6.8,0.2,0.6,5.1,6.9,6.6,1.5,4,2,↑,2032-2038,5.9,越南UX设计师：薪资水平偏低,Vietnam UX Designer: relatively low pay,AI综合评估 + O*NET/ILO/OECD锚点校准,2026-04-13,2026-04-13,2000-2026
TECH-0403-ID-general,信息技术与数字化,TECH,产品与设计,UX设计师,UX Designer,2166,15-1255.00,东南亚,印度尼西亚,ID,country,general,本科/硕士,22-28,global,5.0,5.1,6.5,6.5,7.2,5.6,5.2,5.9,4.1,5.5,5.1,9.5,7.2,4.5,4.3,6.4,6.0,2.2,6.0,5.3,6.8,6.9,5.9,7.3,7.5,6.1,6.3,6.7,0.1,0.6,5.5,7.3,6.2,2.5,4,2,↑,2032-2038,6.1,印度尼西亚UX设计师：薪资水平偏低,Indonesia UX Designer: relatively low pay,AI综合评估 + O*NET/ILO/OECD锚点校准,2026-04-13,2026-04-13,2000-2026
TECH-0403-MY-general,信息技术与数字化,TECH,产品与设计,UX设计师,UX Designer,2166,15-1255.00,东南亚,马来西亚,MY,country,general,本科/硕士,22-28,global,4.8,5.1,5.7,7.6,6.6,4.4,5.8,4.7,5.6,6.2,5.4,9.5,6.5,5.0,4.8,6.6,6.8,2.2,5.7,6.1,8.3,6.7,6.4,6.3,6.7,7.0,6.1,7.0,0.4,0.3,5.7,7.7,7.4,2.1,4,2,↑,2028-2033,6.29,马来西亚UX设计师：发展平稳,Malaysia UX Designer: steady development,AI综合评估 + O*NET/ILO/OECD锚点校准,2026-04-13,2026-04-13,2000-2026
TECH-0403-PH-general,信息技术与数字化,TECH,产品与设计,UX设计师,UX Designer,2166,15-1255.00,东南亚,菲律宾,PH,country,general,本科/硕士,22-28,global,4.8,4.8,5.1,7.0,6.6,5.2,5.2,5.3,2.6,4.2,4.6,9.5,6.0,5.0,4.8,6.2,6.6,2.0,5.4,4.5,9.5,6.7,4.9,6.3,6.3,7.6,5.1,7.1,0.2,0.0,5.3,7.3,7.8,2.1,4,2,↑,2028-2033,5.93,菲律宾UX设计师：薪资水平偏低，远程友好度高,"Philippines UX Designer: relatively low pay, highly remote-friendly",AI综合评估 + O*NET/ILO/OECD锚点校准,2026-04-13,2026-04-13,2000-2026
TECH-0403-IN-general,信息技术与数字化,TECH,产品与设计,UX设计师,UX Designer,2166,15-1255.00,南亚,印度,IN,country,general,本科/硕士,22-28,global,5.0,5.4,7.9,6.5,8.0,7.4,6.6,6.9,6.2,6.0,4.9,9.5,5.7,3.5,3.6,7.2,7.8,1.9,5.9,5.9,9.5,6.2,4.9,7.7,7.9,5.8,6.3,6.7,0.4,0.6,5.7,7.3,8.2,2.1,4,2,↑,2028-2033,6.56,印度UX设计师：远程友好度高，加班文化严重,"India UX Designer: highly remote-friendly, heavy overtime culture",AI综合评估 + O*NET/ILO/OECD锚点校准,2026-04-13,2026-04-13,2000-2026
TECH-0403-PK-general,信息技术与数字化,TECH,产品与设计,UX设计师,UX Designer,2166,15-1255.00,南亚,巴基斯坦,PK,country,general,本科/硕士,22-28,global,4.8,5.1,5.5,6.7,6.4,5.0,4.2,3.1,2.6,4.2,4.1,9.0,6.5,4.7,5.1,6.4,6.2,2.6,5.7,4.5,7.4,6.4,5.4,7.1,6.5,4.3,5.7,7.1,0.8,0.0,5.3,7.5,6.4,1.9,3,1,→,2028-2033,5.61,巴基斯坦UX设计师：薪资水平偏低,Pakistan UX Designer: relatively low pay,AI综合评估 + O*NET/ILO/OECD锚点校准,2026-04-13,2026-04-13,2000-2026
TECH-0403-BD-general,信息技术与数字化,TECH,产品与设计,UX设计师,UX Designer,2166,15-1255.00,南亚,孟加拉国,BD,country,general,本科/硕士,22-28,global,4.4,4.4,4.5,6.8,5.0,3.8,4.6,3.3,1.7,3.0,4.1,9.2,5.7,4.7,3.6,6.2,6.0,2.5,5.6,4.5,8.9,6.7,4.7,6.7,5.5,4.6,4.7,6.8,0.2,0.3,6.1,7.5,5.8,2.5,3,1,→,2028-2033,5.34,孟加拉国UX设计师：薪资水平偏低，远程友好度高,"Bangladesh UX Designer: relatively low pay, highly remote-friendly",AI综合评估 + O*NET/ILO/OECD锚点校准,2026-04-13,2026-04-13,2000-2026
TECH-0403-AE-general,信息技术与数字化,TECH,产品与设计,UX设计师,UX Designer,2166,15-1255.00,中亚/西亚,阿联酋,AE,country,general,本科/硕士,22-28,global,4.7,4.8,6.7,7.4,7.4,5.4,5.6,7.3,9.2,8.2,7.1,9.7,6.5,5.0,4.3,7.6,5.8,1.3,6.4,6.7,7.1,7.2,6.2,7.3,7.3,7.0,5.9,7.4,0.7,0.2,4.9,6.9,8.4,2.5,4,2,↑,2032-2038,6.95,阿联酋UX设计师：薪资回报高,United Arab Emirates UX Designer: high compensation,AI综合评估 + O*NET/ILO/OECD锚点校准,2026-04-13,2026-04-13,2000-2026
TECH-0403-IL-general,信息技术与数字化,TECH,产品与设计,UX设计师,UX Designer,2166,15-1255.00,中亚/西亚,以色列,IL,country,general,本科/硕士,22-28,global,5.1,5.3,7.9,7.1,8.4,6.4,6.6,7.3,8.9,9.2,5.6,9.2,6.5,5.5,5.3,8.2,7.6,1.7,6.4,7.9,10.0,7.2,6.4,8.3,7.7,8.5,5.9,7.0,0.7,0.6,5.3,7.5,8.8,2.7,4,3,↑,2032-2038,7.29,以色列UX设计师：薪资回报高，远程友好度高,"Israel UX Designer: high compensation, highly remote-friendly",AI综合评估 + O*NET/ILO/OECD锚点校准,2026-04-13,2026-04-13,2000-2026
TECH-0403-SA-general,信息技术与数字化,TECH,产品与设计,UX设计师,UX Designer,2166,15-1255.00,中亚/西亚,沙特阿拉伯,SA,country,general,本科/硕士,22-28,global,5.3,5.0,6.5,7.1,6.2,4.6,5.8,5.7,8.6,7.5,5.6,9.5,7.0,5.0,4.6,6.6,6.2,2.3,6.0,5.9,6.2,7.2,5.9,6.7,6.7,4.6,5.7,7.0,0.2,0.8,5.3,7.5,6.6,2.1,4,2,↑,2032-2038,6.39,沙特阿拉伯UX设计师：薪资回报高,Saudi Arabia UX Designer: high compensation,AI综合评估 + O*NET/ILO/OECD锚点校准,2026-04-13,2026-04-13,2000-2026
TECH-0403-TR-general,信息技术与数字化,TECH,产品与设计,UX设计师,UX Designer,2166,15-1255.00,中亚/西亚,土耳其,TR,country,general,本科/硕士,22-28,global,5.3,5.4,6.1,6.4,6.4,5.4,5.2,5.7,4.7,5.2,3.6,9.2,7.0,4.2,4.8,7.2,6.4,1.9,6.0,5.5,7.1,7.2,4.7,7.5,7.3,6.1,5.5,6.7,0.7,0.6,6.3,7.5,6.8,2.5,4,2,↑,2032-2038,6.01,土耳其UX设计师：就业波动大,Turkey UX Designer: volatile employment,AI综合评估 + O*NET/ILO/OECD锚点校准,2026-04-13,2026-04-13,2000-2026
TECH-0403-GB-general,信息技术与数字化,TECH,产品与设计,UX设计师,UX Designer,2166,15-1255.00,西欧,英国,GB,country,general,本科/硕士,22-28,global,5.0,5.7,7.1,7.1,9.0,7.0,6.6,6.5,9.2,8.0,6.6,9.7,7.7,6.0,5.1,7.6,7.2,1.7,6.7,7.9,10.0,6.9,8.2,7.1,7.5,10.0,6.5,6.7,1.0,0.6,5.7,8.1,9.4,1.5,4,3,↑,2032-2038,7.37,英国UX设计师：薪资回报高，远程友好度高,"United Kingdom UX Designer: high compensation, highly remote-friendly",AI综合评估 + O*NET/ILO/OECD锚点校准,2026-04-13,2026-04-13,2000-2026
TECH-0403-FR-general,信息技术与数字化,TECH,产品与设计,UX设计师,UX Designer,2166,15-1255.00,西欧,法国,FR,country,general,本科/硕士,22-28,global,5.4,5.4,7.7,7.7,8.0,6.8,5.8,7.5,8.3,8.2,7.1,9.5,8.0,7.2,6.8,7.2,7.4,1.4,5.9,7.1,8.6,7.9,8.4,7.9,8.1,8.8,6.9,7.1,0.2,1.2,4.5,7.9,8.0,1.9,4,2,↑,2028-2033,7.38,法国UX设计师：薪资回报高，远程友好度高,"France UX Designer: high compensation, highly remote-friendly",AI综合评估 + O*NET/ILO/OECD锚点校准,2026-04-13,2026-04-13,2000-2026
TECH-0403-DE-general,信息技术与数字化,TECH,产品与设计,UX设计师,UX Designer,2166,15-1255.00,西欧,德国,DE,country,general,本科/硕士,22-28,global,5.0,5.3,7.3,7.7,8.2,7.0,6.6,7.1,8.9,8.0,7.6,9.5,7.7,8.5,6.6,7.0,7.6,1.4,6.1,7.3,8.9,7.2,8.4,7.5,8.3,9.7,6.7,7.3,0.5,0.9,5.3,7.3,8.4,1.5,4,2,↑,2032-2038,7.49,德国UX设计师：薪资回报高，远程友好度高，工作时间规律,"Germany UX Designer: high compensation, highly remote-friendly, regular working hours",AI综合评估 + O*NET/ILO/OECD锚点校准,2026-04-13,2026-04-13,2000-2026
TECH-0403-NL-general,信息技术与数字化,TECH,产品与设计,UX设计师,UX Designer,2166,15-1255.00,西欧,荷兰,NL,country,general,本科/硕士,22-28,global,5.4,5.4,7.3,7.3,7.4,6.0,6.6,6.7,9.5,8.0,7.4,9.5,8.0,9.2,7.8,7.0,6.8,1.7,6.1,7.1,10.0,8.4,9.4,7.7,6.7,10.0,6.7,7.0,0.4,0.5,5.5,7.7,9.8,2.3,4,2,↑,2032-2038,7.55,荷兰UX设计师：薪资回报高，远程友好度高，工作时间规律,"Netherlands UX Designer: high compensation, highly remote-friendly, regular working hours",AI综合评估 + O*NET/ILO/OECD锚点校准,2026-04-13,2026-04-13,2000-2026
TECH-0403-CH-general,信息技术与数字化,TECH,产品与设计,UX设计师,UX Designer,2166,15-1255.00,西欧,瑞士,CH,country,general,本科/硕士,22-28,global,5.6,5.1,6.9,8.2,6.8,6.0,6.0,6.3,10.0,8.2,9.1,10.0,8.7,8.0,6.6,7.2,7.2,1.9,6.4,7.3,9.5,7.2,8.4,7.7,7.5,9.7,7.1,6.7,0.8,1.1,4.9,7.3,9.4,1.7,4,2,↑,2032-2038,7.51,瑞士UX设计师：薪资回报高，远程友好度高，工作时间规律,"Switzerland UX Designer: high compensation, highly remote-friendly, regular working hours",AI综合评估 + O*NET/ILO/OECD锚点校准,2026-04-13,2026-04-13,2000-2026
TECH-0403-SE-general,信息技术与数字化,TECH,产品与设计,UX设计师,UX Designer,2166,15-1255.00,北欧,瑞典,SE,country,general,本科/硕士,22-28,global,5.6,5.1,6.7,7.7,7.2,5.4,6.6,6.3,8.6,8.0,6.9,9.5,8.5,8.7,6.8,7.6,7.0,1.9,6.3,7.1,10.0,7.7,9.4,7.9,7.1,10.0,6.3,6.8,0.1,0.8,5.1,8.3,9.4,2.3,4,2,↑,2032-2038,7.42,瑞典UX设计师：薪资回报高，远程友好度高，工作时间规律,"Sweden UX Designer: high compensation, highly remote-friendly, regular working hours",AI综合评估 + O*NET/ILO/OECD锚点校准,2026-04-13,2026-04-13,2000-2026
TECH-0403-DK-general,信息技术与数字化,TECH,产品与设计,UX设计师,UX Designer,2166,15-1255.00,北欧,丹麦,DK,country,general,本科/硕士,22-28,global,5.1,5.0,7.1,7.7,7.4,4.6,6.4,6.5,9.5,8.5,6.9,9.7,8.0,9.5,7.8,7.4,6.2,1.3,6.3,6.9,10.0,7.7,9.2,7.3,7.5,10.0,6.3,6.8,0.2,0.5,5.5,7.9,9.0,1.9,4,2,↑,2032-2038,7.52,丹麦UX设计师：薪资回报高，远程友好度高，工作时间规律,"Denmark UX Designer: high compensation, highly remote-friendly, regular working hours",AI综合评估 + O*NET/ILO/OECD锚点校准,2026-04-13,2026-04-13,2000-2026
TECH-0403-FI-general,信息技术与数字化,TECH,产品与设计,UX设计师,UX Designer,2166,15-1255.00,北欧,芬兰,FI,country,general,本科/硕士,22-28,global,5.1,4.8,7.3,7.7,7.0,5.4,6.6,6.5,8.0,7.0,6.6,9.7,8.5,9.7,7.3,7.4,6.6,1.4,6.1,6.5,10.0,8.7,8.9,6.7,7.3,10.0,7.3,7.0,0.1,0.6,4.9,8.1,8.0,1.9,4,2,↑,2032-2038,7.39,芬兰UX设计师：薪资回报高，远程友好度高，工作时间规律,"Finland UX Designer: high compensation, highly remote-friendly, regular working hours",AI综合评估 + O*NET/ILO/OECD锚点校准,2026-04-13,2026-04-13,2000-2026
TECH-0403-IT-general,信息技术与数字化,TECH,产品与设计,UX设计师,UX Designer,2166,15-1255.00,南欧,意大利,IT,country,general,本科/硕士,22-28,global,5.3,4.7,6.9,7.3,7.6,6.0,5.2,5.5,6.8,7.0,5.6,9.5,8.0,6.0,5.3,7.4,6.8,2.2,6.4,5.9,8.3,7.4,7.7,7.1,6.7,6.4,5.7,7.3,0.7,0.3,5.7,7.7,8.2,2.1,4,2,↑,2032-2038,6.72,意大利UX设计师：发展平稳,Italy UX Designer: steady development,AI综合评估 + O*NET/ILO/OECD锚点校准,2026-04-13,2026-04-13,2000-2026
TECH-0403-ES-general,信息技术与数字化,TECH,产品与设计,UX设计师,UX Designer,2166,15-1255.00,南欧,西班牙,ES,country,general,本科/硕士,22-28,global,5.0,5.0,6.1,7.1,7.0,5.4,5.4,5.7,5.3,6.0,5.4,9.7,7.0,6.5,6.1,7.0,6.0,1.9,5.6,6.1,8.0,7.9,8.2,6.5,6.7,7.6,6.3,7.1,0.5,0.9,5.9,8.3,8.0,1.9,4,2,↑,2028-2033,6.54,西班牙UX设计师：发展平稳,Spain UX Designer: steady development,AI综合评估 + O*NET/ILO/OECD锚点校准,2026-04-13,2026-04-13,2000-2026
TECH-0403-PT-general,信息技术与数字化,TECH,产品与设计,UX设计师,UX Designer,2166,15-1255.00,南欧,葡萄牙,PT,country,general,本科/硕士,22-28,global,5.0,5.3,5.9,7.4,7.0,4.0,5.8,5.1,5.9,5.5,4.9,9.5,7.0,6.2,5.1,6.4,6.8,2.0,6.3,5.3,8.6,7.4,6.7,7.1,6.9,8.5,6.3,7.1,0.1,0.6,5.5,7.9,8.8,2.3,4,2,↑,2032-2038,6.49,葡萄牙UX设计师：远程友好度高,Portugal UX Designer: highly remote-friendly,AI综合评估 + O*NET/ILO/OECD锚点校准,2026-04-13,2026-04-13,2000-2026
TECH-0403-PL-general,信息技术与数字化,TECH,产品与设计,UX设计师,UX Designer,2166,15-1255.00,东欧,波兰,PL,country,general,本科/硕士,22-28,global,5.4,5.4,6.5,7.6,6.6,5.6,5.8,5.1,7.4,6.2,6.1,9.2,7.2,6.5,6.1,6.8,6.4,1.9,5.6,6.3,10.0,6.7,6.9,7.3,6.7,8.2,5.7,7.3,0.5,0.8,4.9,7.7,8.0,1.7,4,2,↑,2028-2033,6.7,波兰UX设计师：远程友好度高,Poland UX Designer: highly remote-friendly,AI综合评估 + O*NET/ILO/OECD锚点校准,2026-04-13,2026-04-13,2000-2026
TECH-0403-CZ-general,信息技术与数字化,TECH,产品与设计,UX设计师,UX Designer,2166,15-1255.00,东欧,捷克,CZ,country,general,本科/硕士,22-28,global,4.8,4.8,6.3,7.9,7.2,4.8,6.2,5.1,7.1,6.5,6.6,9.7,7.7,6.2,6.6,6.8,6.2,2.2,6.4,5.7,8.6,7.7,7.4,7.3,6.9,7.3,6.1,6.7,0.8,0.6,5.5,7.7,8.6,1.7,4,2,↑,2032-2038,6.8,捷克UX设计师：远程友好度高,Czech Republic UX Designer: highly remote-friendly,AI综合评估 + O*NET/ILO/OECD锚点校准,2026-04-13,2026-04-13,2000-2026
TECH-0403-RU-general,信息技术与数字化,TECH,产品与设计,UX设计师,UX Designer,2166,15-1255.00,东欧,俄罗斯,RU,country,general,本科/硕士,22-28,global,5.0,5.4,6.9,6.8,7.0,6.2,6.2,5.1,4.7,5.5,4.4,9.0,6.0,5.5,4.8,7.0,6.4,2.3,5.7,5.7,8.9,6.9,6.2,7.5,6.7,7.0,6.1,6.8,0.8,0.0,5.3,8.1,5.4,2.3,4,2,↑,2028-2033,6.24,俄罗斯UX设计师：远程友好度高,Russia UX Designer: highly remote-friendly,AI综合评估 + O*NET/ILO/OECD锚点校准,2026-04-13,2026-04-13,2000-2026
TECH-0403-US-general,信息技术与数字化,TECH,产品与设计,UX设计师,UX Designer,2166,15-1255.00,北美,美国,US,country,general,本科/硕士,22-28,global,5.1,5.6,8.1,6.7,9.8,8.2,7.2,7.1,10.0,9.2,5.6,9.5,6.5,5.0,5.1,7.8,7.6,1.6,6.0,7.5,10.0,7.2,5.7,7.3,7.7,10.0,6.7,7.3,0.7,0.6,4.9,8.3,8.8,1.7,4,3,↑,2032-2038,7.41,美国UX设计师：薪资回报高，远程友好度高,"United States UX Designer: high compensation, highly remote-friendly",AI综合评估 + O*NET/ILO/OECD锚点校准,2026-04-13,2026-04-13,2000-2026
TECH-0403-CA-general,信息技术与数字化,TECH,产品与设计,UX设计师,UX Designer,2166,15-1255.00,北美,加拿大,CA,country,general,本科/硕士,22-28,global,5.4,4.8,7.7,7.4,8.6,6.2,6.0,7.3,8.6,8.7,6.4,9.7,8.5,7.2,5.6,7.4,6.4,1.4,5.9,6.9,10.0,7.4,8.2,7.5,7.7,10.0,6.5,7.1,0.4,0.5,5.5,7.9,9.6,2.3,4,3,↑,2028-2033,7.4,加拿大UX设计师：薪资回报高，远程友好度高,"Canada UX Designer: high compensation, highly remote-friendly",AI综合评估 + O*NET/ILO/OECD锚点校准,2026-04-13,2026-04-13,2000-2026
TECH-0403-MX-general,信息技术与数字化,TECH,产品与设计,UX设计师,UX Designer,2166,15-1255.00,北美,墨西哥,MX,country,general,本科/硕士,22-28,global,5.1,5.1,5.9,6.5,6.8,6.4,5.0,5.3,5.0,5.5,4.9,9.5,7.2,4.5,3.6,7.0,6.2,2.3,6.0,4.9,8.9,6.4,6.4,6.1,7.3,5.8,6.1,7.1,0.5,0.8,6.1,7.5,7.2,2.5,4,2,↑,2032-2038,6.1,墨西哥UX设计师：远程友好度高,Mexico UX Designer: highly remote-friendly,AI综合评估 + O*NET/ILO/OECD锚点校准,2026-04-13,2026-04-13,2000-2026
TECH-0403-BR-general,信息技术与数字化,TECH,产品与设计,UX设计师,UX Designer,2166,15-1255.00,南美,巴西,BR,country,general,本科/硕士,22-28,global,5.1,4.8,6.9,6.4,7.6,6.8,6.0,5.5,5.0,6.7,4.6,9.2,7.0,4.7,4.3,7.4,7.2,1.7,5.9,5.1,9.5,6.9,5.9,6.5,7.7,7.3,6.1,6.5,0.4,0.2,5.9,7.7,5.8,1.5,4,2,↑,2028-2033,6.41,巴西UX设计师：远程友好度高,Brazil UX Designer: highly remote-friendly,AI综合评估 + O*NET/ILO/OECD锚点校准,2026-04-13,2026-04-13,2000-2026
TECH-0403-AR-general,信息技术与数字化,TECH,产品与设计,UX设计师,UX Designer,2166,15-1255.00,南美,阿根廷,AR,country,general,本科/硕士,22-28,global,4.5,5.1,5.9,6.4,6.0,4.8,4.6,4.7,4.4,5.0,3.1,9.2,7.0,4.7,4.6,6.4,5.4,2.0,6.1,4.9,8.3,6.2,5.9,6.9,6.9,6.1,5.5,7.3,0.4,0.5,5.9,8.3,7.2,1.7,4,2,↑,2032-2038,5.93,阿根廷UX设计师：薪资水平偏低，就业波动大,"Argentina UX Designer: relatively low pay, volatile employment",AI综合评估 + O*NET/ILO/OECD锚点校准,2026-04-13,2026-04-13,2000-2026
TECH-0403-CL-general,信息技术与数字化,TECH,产品与设计,UX设计师,UX Designer,2166,15-1255.00,南美,智利,CL,country,general,本科/硕士,22-28,global,4.8,4.7,5.7,7.3,6.6,3.6,5.2,5.7,5.9,5.2,5.6,9.5,7.0,6.0,5.6,6.8,6.0,1.7,6.1,5.7,7.7,7.2,6.4,6.5,6.3,7.0,6.1,7.0,0.2,0.3,5.3,7.3,7.8,2.3,4,2,↑,2032-2038,6.37,智利UX设计师：发展平稳,Chile UX Designer: steady development,AI综合评估 + O*NET/ILO/OECD锚点校准,2026-04-13,2026-04-13,2000-2026
TECH-0403-CO-general,信息技术与数字化,TECH,产品与设计,UX设计师,UX Designer,2166,15-1255.00,南美,哥伦比亚,CO,country,general,本科/硕士,22-28,global,5.4,4.7,5.3,6.5,6.4,4.6,4.8,5.7,4.7,5.2,4.6,9.5,7.0,6.0,4.8,7.0,5.6,1.9,5.9,5.5,7.7,6.7,5.4,7.1,6.3,6.7,5.5,7.1,0.4,0.5,5.7,7.3,6.8,2.5,4,2,↑,2028-2033,6.06,哥伦比亚UX设计师：发展平稳,Colombia UX Designer: steady development,AI综合评估 + O*NET/ILO/OECD锚点校准,2026-04-13,2026-04-13,2000-2026
TECH-0403-AU-general,信息技术与数字化,TECH,产品与设计,UX设计师,UX Designer,2166,15-1255.00,大洋洲,澳大利亚,AU,country,general,本科/硕士,22-28,global,5.0,5.7,6.7,7.3,7.8,5.8,5.8,6.7,9.5,8.0,7.1,9.7,7.2,7.0,6.3,7.6,6.4,1.3,6.4,7.1,9.5,7.9,7.9,7.7,6.9,10.0,6.3,7.1,1.0,0.9,5.1,7.7,8.6,1.5,4,2,↑,2032-2038,7.32,澳大利亚UX设计师：薪资回报高，远程友好度高,"Australia UX Designer: high compensation, highly remote-friendly",AI综合评估 + O*NET/ILO/OECD锚点校准,2026-04-13,2026-04-13,2000-2026
TECH-0403-NZ-general,信息技术与数字化,TECH,产品与设计,UX设计师,UX Designer,2166,15-1255.00,大洋洲,新西兰,NZ,country,general,本科/硕士,22-28,global,5.1,5.0,6.5,7.4,7.0,5.0,5.4,5.5,8.0,7.7,7.6,9.7,7.7,8.0,7.3,7.4,6.0,1.7,6.1,6.5,10.0,7.7,8.2,6.7,7.3,10.0,7.1,7.1,0.7,0.3,4.7,7.5,8.8,2.1,4,2,↑,2032-2038,7.18,新西兰UX设计师：薪资回报高，远程友好度高，工作时间规律,"New Zealand UX Designer: high compensation, highly remote-friendly, regular working hours",AI综合评估 + O*NET/ILO/OECD锚点校准,2026-04-13,2026-04-13,2000-2026
TECH-0403-ZA-general,信息技术与数字化,TECH,产品与设计,UX设计师,UX Designer,2166,15-1255.00,非洲,南非,ZA,country,general,本科/硕士,22-28,global,5.0,4.8,5.9,6.5,6.4,4.6,5.2,4.9,4.1,5.0,4.4,9.2,6.5,6.0,5.1,6.8,6.2,1.7,5.6,5.1,7.1,7.4,6.2,7.1,6.1,6.1,5.7,7.3,0.7,0.6,5.5,7.7,7.0,2.7,4,2,↑,2028-2033,6.04,南非UX设计师：薪资水平偏低,South Africa UX Designer: relatively low pay,AI综合评估 + O*NET/ILO/OECD锚点校准,2026-04-13,2026-04-13,2000-2026
TECH-0403-NG-general,信息技术与数字化,TECH,产品与设计,UX设计师,UX Designer,2166,15-1255.00,非洲,尼日利亚,NG,country,general,本科/硕士,22-28,global,4.8,4.7,5.9,6.5,6.4,5.0,4.4,3.7,2.3,5.0,3.6,9.5,6.7,4.2,4.3,6.2,6.0,2.5,5.5,4.1,6.8,5.9,5.7,6.5,6.5,4.6,5.1,7.1,0.8,0.5,5.7,6.7,7.0,2.1,3,1,→,2028-2033,5.55,尼日利亚UX设计师：薪资水平偏低，就业波动大,"Nigeria UX Designer: relatively low pay, volatile employment",AI综合评估 + O*NET/ILO/OECD锚点校准,2026-04-13,2026-04-13,2000-2026
TECH-0403-KE-general,信息技术与数字化,TECH,产品与设计,UX设计师,UX Designer,2166,15-1255.00,非洲,肯尼亚,KE,country,general,本科/硕士,22-28,global,4.7,5.0,5.1,6.2,5.0,3.8,5.0,3.3,2.6,4.2,4.4,9.2,6.7,5.2,4.3,6.8,6.0,2.3,5.6,5.1,7.1,6.2,6.2,6.3,6.1,6.4,5.9,6.7,0.5,0.0,5.7,7.9,7.0,2.1,3,1,→,2028-2033,5.64,肯尼亚UX设计师：薪资水平偏低,Kenya UX Designer: relatively low pay,AI综合评估 + O*NET/ILO/OECD锚点校准,2026-04-13,2026-04-13,2000-2026
TECH-0403-EG-general,信息技术与数字化,TECH,产品与设计,UX设计师,UX Designer,2166,15-1255.00,非洲,埃及,EG,country,general,本科/硕士,22-28,global,5.0,5.0,5.9,6.5,6.6,4.6,5.0,3.1,3.2,4.2,3.6,9.5,6.0,5.2,4.1,6.8,5.8,2.8,5.4,4.5,7.7,6.9,5.2,6.7,6.9,4.6,4.9,6.7,1.0,0.0,5.7,6.9,6.4,2.5,3,1,→,2028-2033,5.58,埃及UX设计师：薪资水平偏低，就业波动大,"Egypt UX Designer: relatively low pay, volatile employment",AI综合评估 + O*NET/ILO/OECD锚点校准,2026-04-13,2026-04-13,2000-2026
TECH-0404-CN-general,信息技术与数字化,TECH,产品与设计,交互设计师,Interaction Designer,2166,15-1255.00,东亚,中国,CN,country,general,本科,22-28,global,5.1,5.2,7.0,6.5,9.3,7.0,5.6,6.8,8.1,7.2,4.6,9.7,5.5,1.7,3.6,7.2,6.8,2.4,5.6,7.0,5.0,5.4,3.8,6.6,7.0,6.3,5.0,6.2,0.6,0.6,5.7,7.0,5.9,1.1,3,2,↑,2028-2033,6.22,中国交互设计师：薪资回报高，加班文化严重,"China Interaction Designer: high compensation, heavy overtime culture",AI综合评估 + O*NET/ILO/OECD锚点校准,2026-04-13,2026-04-13,2000-2026
TECH-0404-JP-general,信息技术与数字化,TECH,产品与设计,交互设计师,Interaction Designer,2166,15-1255.00,东亚,日本,JP,country,general,本科,22-28,global,5.0,5.1,7.4,6.8,7.9,5.4,6.2,6.6,7.8,6.9,6.8,9.7,6.5,3.7,3.6,6.4,7.2,2.1,5.9,6.8,6.2,5.6,5.6,7.2,7.2,5.4,5.6,6.8,0.9,0.9,4.7,6.2,6.5,2.1,3,1,→,2028-2033,6.47,日本交互设计师：发展平稳,Japan Interaction Designer: steady development,AI综合评估 + O*NET/ILO/OECD锚点校准,2026-04-13,2026-04-13,2000-2026
TECH-0404-KR-general,信息技术与数字化,TECH,产品与设计,交互设计师,Interaction Designer,2166,15-1255.00,东亚,韩国,KR,country,general,本科,22-28,global,4.8,5.5,6.8,7.1,8.1,5.2,6.4,6.2,7.2,7.4,5.4,9.2,5.5,3.0,2.6,7.0,6.8,1.9,5.8,6.4,6.8,6.4,4.8,7.2,7.2,6.3,5.0,6.6,0.5,0.3,5.7,6.4,6.9,1.3,3,1,→,2028-2033,6.34,韩国交互设计师：加班文化严重,South Korea Interaction Designer: heavy overtime culture,AI综合评估 + O*NET/ILO/OECD锚点校准,2026-04-13,2026-04-13,2000-2026
TECH-0404-TW-general,信息技术与数字化,TECH,产品与设计,交互设计师,Interaction Designer,2166,15-1255.00,东亚,中国台湾地区,TW,region,general,本科,22-28,global,5.1,5.1,6.2,6.9,6.7,4.2,5.6,7.0,6.6,6.4,6.1,9.7,6.5,3.5,4.1,7.2,6.0,2.4,5.9,6.4,7.4,6.4,5.1,6.6,7.0,6.3,5.6,6.2,0.5,0.9,5.5,6.6,6.7,2.7,3,1,→,2028-2033,6.23,中国台湾地区交互设计师：加班文化严重,Taiwan (China) Interaction Designer: heavy overtime culture,AI综合评估 + O*NET/ILO/OECD锚点校准,2026-04-13,2026-04-13,2000-2026
TECH-0404-HK-general,信息技术与数字化,TECH,产品与设计,交互设计师,Interaction Designer,2166,15-1255.00,东亚,中国香港地区,HK,region,general,本科,22-28,global,4.7,5.4,5.6,7.1,6.3,4.0,5.2,4.2,7.5,6.4,6.4,9.5,6.7,4.0,3.6,6.6,5.6,2.2,5.4,5.8,7.7,5.9,4.6,6.8,6.4,7.2,5.8,6.2,0.3,0.3,4.9,6.4,8.9,2.3,3,1,→,2028-2033,6.15,中国香港地区交互设计师：发展平稳,Hong Kong (China) Interaction Designer: steady development,AI综合评估 + O*NET/ILO/OECD锚点校准,2026-04-13,2026-04-13,2000-2026
TECH-0404-SG-general,信息技术与数字化,TECH,产品与设计,交互设计师,Interaction Designer,2166,15-1255.00,东南亚,新加坡,SG,country,general,本科,22-28,global,5.0,5.1,7.2,7.4,7.3,5.0,6.0,6.6,8.4,8.6,6.6,10.0,7.5,5.0,4.9,7.2,6.4,1.8,5.8,7.4,8.3,7.6,6.1,7.4,6.6,7.8,5.6,6.3,0.0,0.6,4.3,7.2,9.3,1.7,3,2,↑,2028-2033,6.97,新加坡交互设计师：薪资回报高,Singapore Interaction Designer: high compensation,AI综合评估 + O*NET/ILO/OECD锚点校准,2026-04-13,2026-04-13,2000-2026
TECH-0404-TH-general,信息技术与数字化,TECH,产品与设计,交互设计师,Interaction Designer,2166,15-1255.00,东南亚,泰国,TH,country,general,本科,22-28,global,5.1,4.6,5.6,6.2,5.9,4.2,4.2,4.2,2.7,4.7,4.9,9.2,6.7,5.7,5.6,5.8,5.4,2.4,5.6,4.6,6.2,7.4,5.8,6.2,6.2,7.8,5.6,6.2,0.2,0.8,5.3,6.8,5.7,2.7,3,1,→,2028-2033,5.66,泰国交互设计师：薪资水平偏低,Thailand Interaction Designer: relatively low pay,AI综合评估 + O*NET/ILO/OECD锚点校准,2026-04-13,2026-04-13,2000-2026
TECH-0404-VN-general,信息技术与数字化,TECH,产品与设计,交互设计师,Interaction Designer,2166,15-1255.00,东南亚,越南,VN,country,general,本科,22-28,global,4.8,5.4,5.4,6.3,5.7,4.2,4.8,4.6,3.9,4.4,4.6,9.2,6.5,5.0,4.4,6.2,5.6,2.7,5.6,5.2,8.0,5.9,4.3,6.2,6.2,7.2,5.4,6.3,0.8,0.6,5.5,6.4,6.3,2.7,3,1,→,2028-2033,5.62,越南交互设计师：薪资水平偏低,Vietnam Interaction Designer: relatively low pay,AI综合评估 + O*NET/ILO/OECD锚点校准,2026-04-13,2026-04-13,2000-2026
TECH-0404-ID-general,信息技术与数字化,TECH,产品与设计,交互设计师,Interaction Designer,2166,15-1255.00,东南亚,印度尼西亚,ID,country,general,本科,22-28,global,5.0,4.6,5.6,6.8,6.7,5.2,4.2,4.8,2.7,4.9,3.6,9.5,7.0,5.7,5.1,6.0,6.6,2.4,5.1,4.2,6.5,6.9,4.8,6.4,6.8,6.0,5.4,6.6,0.5,0.5,5.7,7.2,5.5,2.1,3,1,→,2028-2033,5.67,印度尼西亚交互设计师：薪资水平偏低，就业波动大,"Indonesia Interaction Designer: relatively low pay, volatile employment",AI综合评估 + O*NET/ILO/OECD锚点校准,2026-04-13,2026-04-13,2000-2026
TECH-0404-MY-general,信息技术与数字化,TECH,产品与设计,交互设计师,Interaction Designer,2166,15-1255.00,东南亚,马来西亚,MY,country,general,本科,22-28,global,5.1,5.2,5.2,6.5,5.1,4.2,5.2,5.2,4.8,5.7,5.6,9.7,6.5,4.7,4.4,6.6,6.4,2.5,5.4,5.6,7.1,7.1,5.6,6.8,6.2,6.0,5.0,6.0,0.3,0.6,5.5,7.0,7.5,2.1,3,1,→,2028-2033,5.92,马来西亚交互设计师：发展平稳,Malaysia Interaction Designer: steady development,AI综合评估 + O*NET/ILO/OECD锚点校准,2026-04-13,2026-04-13,2000-2026
TECH-0404-PH-general,信息技术与数字化,TECH,产品与设计,交互设计师,Interaction Designer,2166,15-1255.00,东南亚,菲律宾,PH,country,general,本科,22-28,global,4.8,4.9,5.6,6.3,6.3,4.2,4.0,4.6,3.0,4.9,4.9,9.7,7.2,4.0,3.6,6.6,5.6,2.7,5.6,4.2,8.3,6.4,5.1,5.8,5.4,8.1,5.6,6.5,0.8,0.5,6.1,6.8,7.7,2.1,3,1,→,2028-2033,5.68,菲律宾交互设计师：薪资水平偏低，供过于求,"Philippines Interaction Designer: relatively low pay, oversupply of talent",AI综合评估 + O*NET/ILO/OECD锚点校准,2026-04-13,2026-04-13,2000-2026
TECH-0404-IN-general,信息技术与数字化,TECH,产品与设计,交互设计师,Interaction Designer,2166,15-1255.00,南亚,印度,IN,country,general,本科,22-28,global,5.3,5.4,7.6,6.8,7.7,6.2,5.8,6.8,6.0,6.2,3.6,9.5,6.2,4.5,3.4,6.8,6.6,2.1,6.0,6.2,8.3,6.6,5.1,6.8,7.0,4.8,4.8,6.8,0.3,0.8,5.5,7.6,7.7,2.1,3,1,→,2028-2033,6.29,印度交互设计师：就业波动大,India Interaction Designer: volatile employment,AI综合评估 + O*NET/ILO/OECD锚点校准,2026-04-13,2026-04-13,2000-2026
TECH-0404-PK-general,信息技术与数字化,TECH,产品与设计,交互设计师,Interaction Designer,2166,15-1255.00,南亚,巴基斯坦,PK,country,general,本科,22-28,global,4.8,4.9,5.2,6.2,5.7,3.4,4.4,3.2,1.8,3.2,3.1,9.0,6.0,4.7,4.9,6.2,5.0,2.7,5.1,4.0,8.3,6.9,5.1,6.0,6.0,3.0,4.6,6.2,0.5,0.3,5.9,6.8,5.9,2.1,2,0,→,2028-2033,5.19,巴基斯坦交互设计师：薪资水平偏低，就业波动大,"Pakistan Interaction Designer: relatively low pay, volatile employment",AI综合评估 + O*NET/ILO/OECD锚点校准,2026-04-13,2026-04-13,2000-2026
TECH-0404-BD-general,信息技术与数字化,TECH,产品与设计,交互设计师,Interaction Designer,2166,15-1255.00,南亚,孟加拉国,BD,country,general,本科,22-28,global,4.4,5.1,4.8,6.2,4.9,3.0,3.8,3.6,0.6,3.4,3.1,9.0,6.7,4.7,3.6,5.4,4.8,3.1,5.1,4.2,8.0,6.9,4.6,6.2,5.8,3.0,4.4,6.2,0.5,0.3,5.3,6.8,5.5,2.3,2,0,→,2028-2033,4.99,孟加拉国交互设计师：薪资水平偏低，供过于求，就业波动大,"Bangladesh Interaction Designer: relatively low pay, oversupply of talent, volatile employment",AI综合评估 + O*NET/ILO/OECD锚点校准,2026-04-13,2026-04-13,2000-2026
TECH-0404-AE-general,信息技术与数字化,TECH,产品与设计,交互设计师,Interaction Designer,2166,15-1255.00,中亚/西亚,阿联酋,AE,country,general,本科,22-28,global,5.4,5.4,6.4,7.4,6.9,4.4,5.4,6.2,9.3,6.9,5.6,9.7,7.2,4.5,5.1,6.4,5.4,1.8,5.4,7.0,7.1,6.1,6.1,7.0,6.6,6.9,5.0,6.3,0.3,0.6,4.9,6.6,8.5,1.7,3,1,→,2028-2033,6.51,阿联酋交互设计师：薪资回报高,United Arab Emirates Interaction Designer: high compensation,AI综合评估 + O*NET/ILO/OECD锚点校准,2026-04-13,2026-04-13,2000-2026
TECH-0404-IL-general,信息技术与数字化,TECH,产品与设计,交互设计师,Interaction Designer,2166,15-1255.00,中亚/西亚,以色列,IL,country,general,本科,22-28,global,5.0,5.1,7.4,6.2,7.7,4.8,6.8,7.0,9.3,8.2,4.1,9.2,6.5,5.2,4.6,7.8,6.8,2.4,5.9,7.2,9.8,7.1,6.1,7.4,6.8,9.6,5.6,6.8,0.8,0.6,6.1,7.0,8.5,1.7,3,2,↑,2028-2033,6.89,以色列交互设计师：薪资回报高，远程友好度高,"Israel Interaction Designer: high compensation, highly remote-friendly",AI综合评估 + O*NET/ILO/OECD锚点校准,2026-04-13,2026-04-13,2000-2026
TECH-0404-SA-general,信息技术与数字化,TECH,产品与设计,交互设计师,Interaction Designer,2166,15-1255.00,中亚/西亚,沙特阿拉伯,SA,country,general,本科,22-28,global,4.8,4.9,5.8,6.3,5.7,4.4,4.8,4.8,7.5,5.7,5.1,9.5,6.5,5.2,5.6,6.0,6.0,2.5,5.2,5.8,5.6,6.6,5.1,7.0,6.6,3.6,4.8,6.2,0.6,0.2,4.9,6.4,6.7,2.7,3,1,→,2028-2033,5.94,沙特阿拉伯交互设计师：发展平稳,Saudi Arabia Interaction Designer: steady development,AI综合评估 + O*NET/ILO/OECD锚点校准,2026-04-13,2026-04-13,2000-2026
TECH-0404-TR-general,信息技术与数字化,TECH,产品与设计,交互设计师,Interaction Designer,2166,15-1255.00,中亚/西亚,土耳其,TR,country,general,本科,22-28,global,5.3,4.8,6.4,5.9,6.9,5.0,5.0,4.8,4.5,4.9,3.6,9.5,6.0,3.7,3.9,6.6,6.2,2.8,5.0,5.0,7.7,6.9,5.3,6.4,6.8,5.7,5.0,6.5,0.5,0.5,5.9,6.6,6.3,2.7,3,1,→,2028-2033,5.7,土耳其交互设计师：薪资水平偏低，就业波动大,"Turkey Interaction Designer: relatively low pay, volatile employment",AI综合评估 + O*NET/ILO/OECD锚点校准,2026-04-13,2026-04-13,2000-2026
TECH-0404-GB-general,信息技术与数字化,TECH,产品与设计,交互设计师,Interaction Designer,2166,15-1255.00,西欧,英国,GB,country,general,本科,22-28,global,4.8,5.5,7.4,6.5,7.9,5.8,6.2,7.0,10.0,8.6,5.6,9.5,7.5,6.5,6.4,6.8,6.6,2.1,5.5,6.6,10.0,7.1,6.8,6.8,7.4,9.9,5.8,6.9,0.3,0.8,5.5,7.6,9.1,1.9,3,2,↑,2028-2033,7.14,英国交互设计师：薪资回报高，远程友好度高,"United Kingdom Interaction Designer: high compensation, highly remote-friendly",AI综合评估 + O*NET/ILO/OECD锚点校准,2026-04-13,2026-04-13,2000-2026
TECH-0404-FR-general,信息技术与数字化,TECH,产品与设计,交互设计师,Interaction Designer,2166,15-1255.00,西欧,法国,FR,country,general,本科,22-28,global,5.7,5.4,7.0,6.9,8.1,5.0,5.4,5.8,7.5,6.4,5.6,9.5,7.5,7.5,5.6,7.0,6.8,1.8,5.6,6.0,8.6,8.4,8.1,7.2,7.8,9.3,6.0,6.3,0.9,0.8,5.1,7.4,7.5,2.1,3,1,→,2028-2033,6.81,法国交互设计师：远程友好度高，工作时间规律,"France Interaction Designer: highly remote-friendly, regular working hours",AI综合评估 + O*NET/ILO/OECD锚点校准,2026-04-13,2026-04-13,2000-2026
TECH-0404-DE-general,信息技术与数字化,TECH,产品与设计,交互设计师,Interaction Designer,2166,15-1255.00,西欧,德国,DE,country,general,本科,22-28,global,5.6,5.2,7.0,6.9,7.5,5.2,5.4,6.2,8.4,7.9,7.6,9.7,7.2,9.2,6.9,6.6,7.2,2.4,6.0,7.2,8.6,7.1,8.3,7.0,7.2,9.0,5.8,6.2,0.0,0.8,4.9,7.2,7.7,2.3,3,1,→,2028-2033,7.07,德国交互设计师：薪资回报高，远程友好度高，工作时间规律,"Germany Interaction Designer: high compensation, highly remote-friendly, regular working hours",AI综合评估 + O*NET/ILO/OECD锚点校准,2026-04-13,2026-04-13,2000-2026
TECH-0404-NL-general,信息技术与数字化,TECH,产品与设计,交互设计师,Interaction Designer,2166,15-1255.00,西欧,荷兰,NL,country,general,本科,22-28,global,5.1,5.7,6.4,7.4,6.9,5.4,5.6,7.0,8.4,7.2,6.1,9.7,8.0,8.5,6.9,6.8,6.4,2.2,5.4,6.4,9.8,7.6,9.1,7.4,7.2,9.6,7.0,6.2,0.6,0.5,4.5,7.2,8.3,2.3,3,1,→,2028-2033,7.08,荷兰交互设计师：薪资回报高，远程友好度高，工作时间规律,"Netherlands Interaction Designer: high compensation, highly remote-friendly, regular working hours",AI综合评估 + O*NET/ILO/OECD锚点校准,2026-04-13,2026-04-13,2000-2026
TECH-0404-CH-general,信息技术与数字化,TECH,产品与设计,交互设计师,Interaction Designer,2166,15-1255.00,西欧,瑞士,CH,country,general,本科,22-28,global,5.3,5.4,6.4,7.8,6.7,4.4,5.8,6.0,10.0,8.6,7.4,10.0,8.0,8.2,5.6,7.0,6.6,2.4,5.5,6.6,7.7,7.6,7.6,7.0,6.4,9.0,6.0,6.2,0.6,0.9,5.3,7.8,8.1,1.9,3,1,→,2028-2033,7.02,瑞士交互设计师：薪资回报高，工作时间规律,"Switzerland Interaction Designer: high compensation, regular working hours",AI综合评估 + O*NET/ILO/OECD锚点校准,2026-04-13,2026-04-13,2000-2026
TECH-0404-SE-general,信息技术与数字化,TECH,产品与设计,交互设计师,Interaction Designer,2166,15-1255.00,北欧,瑞典,SE,country,general,本科,22-28,global,5.6,5.1,6.8,7.4,6.7,4.0,6.0,5.8,7.5,7.2,7.4,9.7,8.7,8.7,7.6,7.6,5.8,2.1,5.8,6.4,10.0,8.6,8.3,7.0,7.0,10.0,5.8,6.8,0.6,0.6,5.3,7.2,7.9,2.5,3,1,→,2028-2033,7.07,瑞典交互设计师：远程友好度高，工作时间规律,"Sweden Interaction Designer: highly remote-friendly, regular working hours",AI综合评估 + O*NET/ILO/OECD锚点校准,2026-04-13,2026-04-13,2000-2026
TECH-0404-DK-general,信息技术与数字化,TECH,产品与设计,交互设计师,Interaction Designer,2166,15-1255.00,北欧,丹麦,DK,country,general,本科,22-28,global,5.0,4.9,6.4,7.1,7.1,3.8,5.2,5.8,8.4,6.7,6.1,10.0,9.2,9.2,7.6,6.2,5.8,2.2,5.9,6.0,9.5,8.9,8.8,6.8,6.0,10.0,6.2,6.5,0.5,0.6,4.5,6.8,8.7,2.1,3,1,→,2028-2033,7.02,丹麦交互设计师：薪资回报高，远程友好度高，工作时间规律,"Denmark Interaction Designer: high compensation, highly remote-friendly, regular working hours",AI综合评估 + O*NET/ILO/OECD锚点校准,2026-04-13,2026-04-13,2000-2026
TECH-0404-FI-general,信息技术与数字化,TECH,产品与设计,交互设计师,Interaction Designer,2166,15-1255.00,北欧,芬兰,FI,country,general,本科,22-28,global,5.1,5.4,6.0,6.9,6.3,4.6,5.2,6.8,7.8,6.7,6.8,9.7,7.7,9.7,6.9,7.0,6.6,2.4,5.5,5.8,10.0,8.4,9.3,6.8,6.0,10.0,6.0,6.6,0.3,1.1,4.5,8.2,8.5,2.3,3,1,→,2028-2033,7.0,芬兰交互设计师：远程友好度高，工作时间规律,"Finland Interaction Designer: highly remote-friendly, regular working hours",AI综合评估 + O*NET/ILO/OECD锚点校准,2026-04-13,2026-04-13,2000-2026
TECH-0404-IT-general,信息技术与数字化,TECH,产品与设计,交互设计师,Interaction Designer,2166,15-1255.00,南欧,意大利,IT,country,general,本科,22-28,global,5.3,5.1,6.4,6.5,6.9,5.0,4.6,4.2,6.6,6.2,4.9,9.5,7.0,6.2,4.9,6.2,5.8,2.5,5.4,6.0,7.7,7.1,6.8,6.6,7.2,6.3,5.4,6.2,0.8,0.6,5.5,6.4,7.5,2.5,3,1,→,2028-2033,6.16,意大利交互设计师：发展平稳,Italy Interaction Designer: steady development,AI综合评估 + O*NET/ILO/OECD锚点校准,2026-04-13,2026-04-13,2000-2026
TECH-0404-ES-general,信息技术与数字化,TECH,产品与设计,交互设计师,Interaction Designer,2166,15-1255.00,南欧,西班牙,ES,country,general,本科,22-28,global,5.0,5.5,6.4,6.2,6.1,4.8,5.0,4.4,6.0,5.4,4.9,9.5,7.2,5.2,5.6,7.0,6.2,2.7,5.1,5.0,7.7,7.4,7.6,7.0,6.8,7.5,6.2,6.5,0.6,0.6,5.5,7.2,7.5,2.5,3,1,→,2028-2033,6.16,西班牙交互设计师：发展平稳,Spain Interaction Designer: steady development,AI综合评估 + O*NET/ILO/OECD锚点校准,2026-04-13,2026-04-13,2000-2026
TECH-0404-PT-general,信息技术与数字化,TECH,产品与设计,交互设计师,Interaction Designer,2166,15-1255.00,南欧,葡萄牙,PT,country,general,本科,22-28,global,4.8,5.2,5.2,6.0,5.9,3.8,5.0,4.2,4.5,5.9,5.6,9.2,7.2,7.2,5.1,6.2,5.4,2.7,5.4,5.6,9.5,7.1,6.8,6.2,5.8,8.1,5.4,6.5,0.5,0.6,5.5,7.0,7.3,1.9,3,1,→,2028-2033,6.06,葡萄牙交互设计师：薪资水平偏低，远程友好度高,"Portugal Interaction Designer: relatively low pay, highly remote-friendly",AI综合评估 + O*NET/ILO/OECD锚点校准,2026-04-13,2026-04-13,2000-2026
TECH-0404-PL-general,信息技术与数字化,TECH,产品与设计,交互设计师,Interaction Designer,2166,15-1255.00,东欧,波兰,PL,country,general,本科,22-28,global,4.7,5.1,6.8,6.8,6.1,4.2,5.4,4.6,6.9,6.4,6.1,9.5,7.2,6.5,5.9,6.2,5.8,2.8,5.8,5.8,8.6,7.9,6.3,6.2,7.2,7.2,6.4,6.5,0.3,0.5,5.5,7.4,8.5,2.5,3,1,→,2028-2033,6.46,波兰交互设计师：远程友好度高,Poland Interaction Designer: highly remote-friendly,AI综合评估 + O*NET/ILO/OECD锚点校准,2026-04-13,2026-04-13,2000-2026
TECH-0404-CZ-general,信息技术与数字化,TECH,产品与设计,交互设计师,Interaction Designer,2166,15-1255.00,东欧,捷克,CZ,country,general,本科,22-28,global,5.0,4.9,6.4,6.8,5.7,4.2,5.4,4.6,5.7,6.2,6.4,9.7,8.0,6.2,5.6,6.2,5.8,2.5,5.9,5.2,9.2,7.1,7.6,7.0,6.6,6.9,6.4,6.6,0.3,0.8,5.7,7.8,7.7,2.1,3,1,→,2028-2033,6.4,捷克交互设计师：远程友好度高,Czech Republic Interaction Designer: highly remote-friendly,AI综合评估 + O*NET/ILO/OECD锚点校准,2026-04-13,2026-04-13,2000-2026
TECH-0404-RU-general,信息技术与数字化,TECH,产品与设计,交互设计师,Interaction Designer,2166,15-1255.00,东欧,俄罗斯,RU,country,general,本科,22-28,global,5.1,4.8,6.4,6.0,7.5,5.0,4.8,4.8,5.4,5.9,3.4,9.0,7.0,6.0,5.9,6.4,6.0,2.5,5.2,5.4,7.7,7.6,5.1,6.4,6.0,6.6,5.8,6.5,0.5,0.0,6.1,7.0,5.3,1.9,3,1,→,2028-2033,5.99,俄罗斯交互设计师：就业波动大,Russia Interaction Designer: volatile employment,AI综合评估 + O*NET/ILO/OECD锚点校准,2026-04-13,2026-04-13,2000-2026
TECH-0404-US-general,信息技术与数字化,TECH,产品与设计,交互设计师,Interaction Designer,2166,15-1255.00,北美,美国,US,country,general,本科,22-28,global,4.8,5.1,8.0,6.0,8.5,6.8,6.4,5.8,10.0,9.4,4.4,9.7,6.7,4.7,3.9,7.6,7.0,2.2,5.9,8.0,10.0,7.4,5.1,7.0,7.8,9.0,5.4,6.6,0.8,0.3,6.1,7.6,8.9,1.5,3,2,↑,2028-2033,7.03,美国交互设计师：薪资回报高，远程友好度高,"United States Interaction Designer: high compensation, highly remote-friendly",AI综合评估 + O*NET/ILO/OECD锚点校准,2026-04-13,2026-04-13,2000-2026
TECH-0404-CA-general,信息技术与数字化,TECH,产品与设计,交互设计师,Interaction Designer,2166,15-1255.00,北美,加拿大,CA,country,general,本科,22-28,global,5.4,5.4,7.0,7.1,7.5,5.0,5.6,7.0,9.3,8.2,6.1,9.7,7.5,7.2,6.1,6.6,6.0,2.1,6.2,6.6,10.0,7.4,6.6,6.4,7.2,9.6,6.2,6.2,0.2,0.9,4.9,7.2,9.3,1.7,3,2,↑,2032-2038,7.06,加拿大交互设计师：薪资回报高，远程友好度高,"Canada Interaction Designer: high compensation, highly remote-friendly",AI综合评估 + O*NET/ILO/OECD锚点校准,2026-04-13,2026-04-13,2000-2026
TECH-0404-MX-general,信息技术与数字化,TECH,产品与设计,交互设计师,Interaction Designer,2166,15-1255.00,北美,墨西哥,MX,country,general,本科,22-28,global,5.3,5.1,6.4,6.6,6.5,4.2,4.2,5.4,4.2,4.7,3.4,9.2,6.7,4.5,4.1,6.4,5.6,2.7,5.2,5.0,8.0,5.9,4.8,5.8,6.2,5.7,5.0,6.8,0.8,0.3,5.5,6.6,6.5,1.7,3,1,→,2028-2033,5.64,墨西哥交互设计师：薪资水平偏低，就业波动大,"Mexico Interaction Designer: relatively low pay, volatile employment",AI综合评估 + O*NET/ILO/OECD锚点校准,2026-04-13,2026-04-13,2000-2026
TECH-0404-BR-general,信息技术与数字化,TECH,产品与设计,交互设计师,Interaction Designer,2166,15-1255.00,南美,巴西,BR,country,general,本科,22-28,global,5.3,4.5,6.2,6.3,7.5,5.8,5.0,4.2,4.8,5.9,4.4,9.5,7.0,4.5,4.9,6.6,6.2,2.7,5.1,4.8,8.6,7.6,6.3,6.4,7.0,6.6,5.2,6.9,0.8,0.3,5.9,7.6,5.3,1.9,3,1,→,2028-2033,6.0,巴西交互设计师：远程友好度高,Brazil Interaction Designer: highly remote-friendly,AI综合评估 + O*NET/ILO/OECD锚点校准,2026-04-13,2026-04-13,2000-2026
TECH-0404-AR-general,信息技术与数字化,TECH,产品与设计,交互设计师,Interaction Designer,2166,15-1255.00,南美,阿根廷,AR,country,general,本科,22-28,global,4.7,5.4,5.2,5.7,5.7,4.2,4.6,4.8,3.9,4.7,3.4,9.2,7.0,5.5,5.6,6.0,5.0,2.2,5.1,5.0,8.3,7.4,5.6,6.0,5.6,6.3,5.8,6.6,0.3,0.0,5.5,7.6,5.7,2.1,3,1,→,2028-2033,5.7,阿根廷交互设计师：薪资水平偏低，就业波动大,"Argentina Interaction Designer: relatively low pay, volatile employment",AI综合评估 + O*NET/ILO/OECD锚点校准,2026-04-13,2026-04-13,2000-2026
TECH-0404-CL-general,信息技术与数字化,TECH,产品与设计,交互设计师,Interaction Designer,2166,15-1255.00,南美,智利,CL,country,general,本科,22-28,global,5.0,4.6,5.0,6.2,4.9,3.4,4.2,4.4,4.8,5.4,4.6,9.2,7.0,6.2,4.9,6.8,5.4,2.4,5.0,4.4,7.1,7.1,5.8,6.6,5.8,7.5,5.8,6.9,0.8,0.8,6.1,7.4,6.7,1.7,3,1,→,2028-2033,5.79,智利交互设计师：发展平稳,Chile Interaction Designer: steady development,AI综合评估 + O*NET/ILO/OECD锚点校准,2026-04-13,2026-04-13,2000-2026
TECH-0404-CO-general,信息技术与数字化,TECH,产品与设计,交互设计师,Interaction Designer,2166,15-1255.00,南美,哥伦比亚,CO,country,general,本科,22-28,global,4.7,4.8,5.2,6.5,5.5,3.2,4.2,4.2,3.9,4.9,4.6,9.5,6.7,5.0,5.1,5.8,5.0,2.4,5.1,5.0,7.4,6.1,6.1,6.2,5.8,5.1,5.0,6.2,0.3,0.2,5.5,7.0,5.9,2.9,3,1,→,2028-2033,5.57,哥伦比亚交互设计师：薪资水平偏低,Colombia Interaction Designer: relatively low pay,AI综合评估 + O*NET/ILO/OECD锚点校准,2026-04-13,2026-04-13,2000-2026
TECH-0404-AU-general,信息技术与数字化,TECH,产品与设计,交互设计师,Interaction Designer,2166,15-1255.00,大洋洲,澳大利亚,AU,country,general,本科,22-28,global,5.0,5.5,7.0,7.4,7.1,5.6,5.8,7.0,7.8,7.2,7.1,9.5,8.7,7.2,5.6,6.4,6.0,2.1,5.9,6.8,10.0,7.6,7.6,6.4,7.4,9.3,6.4,6.6,0.5,0.5,5.5,7.0,8.3,1.7,3,1,→,2028-2033,7.0,澳大利亚交互设计师：远程友好度高,Australia Interaction Designer: highly remote-friendly,AI综合评估 + O*NET/ILO/OECD锚点校准,2026-04-13,2026-04-13,2000-2026
TECH-0404-NZ-general,信息技术与数字化,TECH,产品与设计,交互设计师,Interaction Designer,2166,15-1255.00,大洋洲,新西兰,NZ,country,general,本科,22-28,global,5.1,5.5,6.0,6.8,6.5,3.8,4.8,4.4,7.8,6.4,7.1,9.7,8.5,8.2,6.4,6.8,6.4,2.7,5.4,5.6,10.0,8.6,7.8,6.4,6.8,10.0,6.6,6.9,0.5,0.3,4.9,7.0,8.3,2.3,3,1,→,2028-2033,6.74,新西兰交互设计师：远程友好度高，工作时间规律,"New Zealand Interaction Designer: highly remote-friendly, regular working hours",AI综合评估 + O*NET/ILO/OECD锚点校准,2026-04-13,2026-04-13,2000-2026
TECH-0404-ZA-general,信息技术与数字化,TECH,产品与设计,交互设计师,Interaction Designer,2166,15-1255.00,非洲,南非,ZA,country,general,本科,22-28,global,4.8,5.2,5.2,6.2,5.3,3.2,4.6,5.0,3.3,4.4,3.8,9.5,7.2,5.7,5.1,6.4,6.2,2.7,5.5,4.6,7.7,7.4,6.1,6.8,6.6,7.5,5.6,6.2,0.3,0.3,6.3,7.2,6.7,2.9,3,1,→,2028-2033,5.74,南非交互设计师：薪资水平偏低，就业波动大,"South Africa Interaction Designer: relatively low pay, volatile employment",AI综合评估 + O*NET/ILO/OECD锚点校准,2026-04-13,2026-04-13,2000-2026
TECH-0404-NG-general,信息技术与数字化,TECH,产品与设计,交互设计师,Interaction Designer,2166,15-1255.00,非洲,尼日利亚,NG,country,general,本科,22-28,global,5.1,4.3,5.0,6.2,5.7,3.4,3.6,2.6,2.7,3.9,2.4,9.0,6.0,5.0,4.6,5.8,5.6,3.3,5.2,4.0,7.4,5.9,4.8,6.4,6.0,3.9,4.8,6.9,0.2,0.0,6.3,6.4,5.5,2.9,2,0,→,2028-2033,5.11,尼日利亚交互设计师：薪资水平偏低，供过于求，就业波动大,"Nigeria Interaction Designer: relatively low pay, oversupply of talent, volatile employment",AI综合评估 + O*NET/ILO/OECD锚点校准,2026-04-13,2026-04-13,2000-2026
TECH-0404-KE-general,信息技术与数字化,TECH,产品与设计,交互设计师,Interaction Designer,2166,15-1255.00,非洲,肯尼亚,KE,country,general,本科,22-28,global,4.5,4.8,4.8,6.3,4.7,3.4,4.4,3.4,1.2,3.4,4.1,9.2,6.5,4.5,4.6,6.4,4.6,3.1,4.9,4.6,7.4,6.1,5.1,5.6,6.0,4.8,4.8,6.8,0.2,0.6,5.5,6.6,6.9,2.3,2,0,→,2028-2033,5.18,肯尼亚交互设计师：薪资水平偏低,Kenya Interaction Designer: relatively low pay,AI综合评估 + O*NET/ILO/OECD锚点校准,2026-04-13,2026-04-13,2000-2026
TECH-0404-EG-general,信息技术与数字化,TECH,产品与设计,交互设计师,Interaction Designer,2166,15-1255.00,非洲,埃及,EG,country,general,本科,22-28,global,4.4,5.2,4.6,5.9,5.7,4.6,4.4,3.4,2.7,3.9,3.1,9.5,7.0,5.0,4.1,6.2,6.0,2.8,5.5,4.4,6.5,6.6,4.3,6.0,5.6,3.3,5.4,6.8,0.6,0.0,6.5,6.8,6.1,2.9,2,0,→,2028-2033,5.27,埃及交互设计师：薪资水平偏低，就业波动大,"Egypt Interaction Designer: relatively low pay, volatile employment",AI综合评估 + O*NET/ILO/OECD锚点校准,2026-04-13,2026-04-13,2000-2026
TECH-0405-CN-general,信息技术与数字化,TECH,产品与设计,技术项目经理,Technical Project Manager,1330,15-1299.09,东亚,中国,CN,country,general,本科/硕士,26-35,global,5.9,5.3,8.5,7.5,9.6,9.0,6.5,6.7,9.9,7.3,5.1,9.5,5.2,0.9,3.1,8.6,8.6,1.7,6.6,8.4,5.6,5.2,3.7,6.6,7.8,5.5,6.8,8.1,0.8,1.8,5.4,5.1,6.6,1.3,3,2,↑,2032-2038,6.71,中国技术项目经理：薪资回报高，加班文化严重,"China Technical Project Manager: high compensation, heavy overtime culture",AI综合评估 + O*NET/ILO/OECD锚点校准,2026-04-13,2026-04-13,2000-2026
TECH-0405-JP-general,信息技术与数字化,TECH,产品与设计,技术项目经理,Technical Project Manager,1330,15-1299.09,东亚,日本,JP,country,general,本科/硕士,26-35,global,5.5,6.1,7.9,8.9,9.0,8.0,6.1,6.7,8.7,7.8,7.9,10.0,6.7,2.2,3.6,8.2,7.8,1.7,6.9,7.2,6.8,6.2,5.2,7.0,7.6,4.6,7.6,7.5,0.0,1.2,4.4,5.3,6.6,2.5,3,1,→,2032-2038,6.9,日本技术项目经理：薪资回报高，加班文化严重，就业稳定,"Japan Technical Project Manager: high compensation, heavy overtime culture, stable employment",AI综合评估 + O*NET/ILO/OECD锚点校准,2026-04-13,2026-04-13,2000-2026
TECH-0405-KR-general,信息技术与数字化,TECH,产品与设计,技术项目经理,Technical Project Manager,1330,15-1299.09,东亚,韩国,KR,country,general,本科/硕士,26-35,global,5.8,5.9,7.9,8.1,8.6,7.8,6.1,7.3,8.1,8.1,6.4,9.5,6.5,2.2,2.8,7.8,7.4,1.6,7.0,7.6,6.5,5.5,4.4,6.4,7.2,4.6,7.6,8.0,0.8,1.2,4.4,5.3,6.8,1.9,3,1,→,2032-2038,6.7,韩国技术项目经理：薪资回报高，加班文化严重,"South Korea Technical Project Manager: high compensation, heavy overtime culture",AI综合评估 + O*NET/ILO/OECD锚点校准,2026-04-13,2026-04-13,2000-2026
TECH-0405-TW-general,信息技术与数字化,TECH,产品与设计,技术项目经理,Technical Project Manager,1330,15-1299.09,东亚,中国台湾地区,TW,region,general,本科/硕士,26-35,global,5.8,5.8,7.3,8.4,8.2,7.4,6.1,6.3,6.6,7.3,6.9,9.2,6.0,2.4,4.1,7.8,7.8,1.6,6.9,8.0,7.1,6.5,4.2,6.6,6.8,6.1,7.0,8.1,0.6,1.8,5.0,5.9,7.2,2.1,3,1,→,2032-2038,6.64,中国台湾地区技术项目经理：加班文化严重,Taiwan (China) Technical Project Manager: heavy overtime culture,AI综合评估 + O*NET/ILO/OECD锚点校准,2026-04-13,2026-04-13,2000-2026
TECH-0405-HK-general,信息技术与数字化,TECH,产品与设计,技术项目经理,Technical Project Manager,1330,15-1299.09,东亚,中国香港地区,HK,region,general,本科/硕士,26-35,global,5.9,5.9,6.9,7.8,7.2,6.4,6.3,4.9,9.9,7.6,6.6,9.2,6.0,1.7,3.6,8.2,7.2,1.9,6.8,8.2,8.0,6.7,3.2,6.8,7.6,7.3,6.2,8.0,0.3,2.1,5.2,5.9,9.8,1.7,3,1,→,2032-2038,6.72,中国香港地区技术项目经理：薪资回报高，加班文化严重,"Hong Kong (China) Technical Project Manager: high compensation, heavy overtime culture",AI综合评估 + O*NET/ILO/OECD锚点校准,2026-04-13,2026-04-13,2000-2026
TECH-0405-SG-general,信息技术与数字化,TECH,产品与设计,技术项目经理,Technical Project Manager,1330,15-1299.09,东南亚,新加坡,SG,country,general,本科/硕士,26-35,global,5.3,5.9,8.5,8.9,8.6,7.2,6.1,6.9,10.0,8.8,7.4,9.7,6.5,4.2,4.1,7.6,7.4,1.7,7.2,9.0,9.2,7.5,5.2,6.8,7.6,7.3,7.0,7.8,0.6,2.1,4.8,5.5,10.0,1.9,3,2,↑,2032-2038,7.34,新加坡技术项目经理：薪资回报高，远程友好度高,"Singapore Technical Project Manager: high compensation, highly remote-friendly",AI综合评估 + O*NET/ILO/OECD锚点校准,2026-04-13,2026-04-13,2000-2026
TECH-0405-TH-general,信息技术与数字化,TECH,产品与设计,技术项目经理,Technical Project Manager,1330,15-1299.09,东南亚,泰国,TH,country,general,本科/硕士,26-35,global,5.5,5.9,6.1,8.0,6.2,6.2,4.5,5.3,4.2,5.1,5.4,9.2,6.2,4.7,5.3,7.2,6.2,1.9,6.2,6.0,6.2,6.7,5.7,6.8,6.8,6.1,6.2,7.7,0.0,1.3,5.6,6.1,6.6,1.9,3,1,→,2032-2038,6.06,泰国技术项目经理：薪资水平偏低,Thailand Technical Project Manager: relatively low pay,AI综合评估 + O*NET/ILO/OECD锚点校准,2026-04-13,2026-04-13,2000-2026
TECH-0405-VN-general,信息技术与数字化,TECH,产品与设计,技术项目经理,Technical Project Manager,1330,15-1299.09,东南亚,越南,VN,country,general,本科/硕士,26-35,global,5.3,5.0,7.1,7.8,7.6,6.6,5.5,5.9,3.6,5.3,5.6,9.5,5.7,3.7,3.8,7.0,7.4,1.9,6.1,5.8,7.7,6.0,4.9,6.0,6.8,6.4,6.2,7.8,0.8,1.3,4.8,5.9,6.6,2.5,3,1,→,2032-2038,6.14,越南技术项目经理：薪资水平偏低,Vietnam Technical Project Manager: relatively low pay,AI综合评估 + O*NET/ILO/OECD锚点校准,2026-04-13,2026-04-13,2000-2026
TECH-0405-ID-general,信息技术与数字化,TECH,产品与设计,技术项目经理,Technical Project Manager,1330,15-1299.09,东南亚,印度尼西亚,ID,country,general,本科/硕士,26-35,global,5.5,5.6,6.7,7.7,7.2,7.2,4.7,4.7,3.6,4.6,6.1,9.2,6.2,4.7,5.1,7.6,7.4,2.0,6.2,6.6,5.9,6.2,5.2,6.6,7.0,4.9,6.4,8.0,0.5,1.5,4.8,6.3,5.8,2.3,3,1,→,2032-2038,6.07,印度尼西亚技术项目经理：薪资水平偏低,Indonesia Technical Project Manager: relatively low pay,AI综合评估 + O*NET/ILO/OECD锚点校准,2026-04-13,2026-04-13,2000-2026
TECH-0405-MY-general,信息技术与数字化,TECH,产品与设计,技术项目经理,Technical Project Manager,1330,15-1299.09,东南亚,马来西亚,MY,country,general,本科/硕士,26-35,global,5.0,5.8,6.3,8.0,7.2,5.8,4.7,5.1,5.1,6.1,6.4,9.5,7.5,3.9,4.3,7.6,6.8,2.0,6.8,7.0,8.0,6.2,4.9,6.4,6.2,6.4,7.0,8.0,0.5,1.8,5.2,5.7,7.4,2.3,3,1,→,2032-2038,6.32,马来西亚技术项目经理：发展平稳,Malaysia Technical Project Manager: steady development,AI综合评估 + O*NET/ILO/OECD锚点校准,2026-04-13,2026-04-13,2000-2026
TECH-0405-PH-general,信息技术与数字化,TECH,产品与设计,技术项目经理,Technical Project Manager,1330,15-1299.09,东南亚,菲律宾,PH,country,general,本科/硕士,26-35,global,5.5,5.0,6.5,7.8,6.8,6.4,4.3,4.9,3.9,4.3,5.4,9.2,6.5,2.9,3.6,7.2,6.4,2.0,6.1,5.8,8.0,6.5,4.2,5.6,7.2,6.1,6.2,8.0,0.2,1.6,5.6,6.5,7.2,1.9,3,1,→,2032-2038,5.93,菲律宾技术项目经理：薪资水平偏低，加班文化严重,"Philippines Technical Project Manager: relatively low pay, heavy overtime culture",AI综合评估 + O*NET/ILO/OECD锚点校准,2026-04-13,2026-04-13,2000-2026
TECH-0405-IN-general,信息技术与数字化,TECH,产品与设计,技术项目经理,Technical Project Manager,1330,15-1299.09,南亚,印度,IN,country,general,本科/硕士,26-35,global,5.9,5.9,8.1,7.8,9.0,8.2,5.7,7.5,7.2,6.6,5.6,9.5,6.7,2.7,3.8,8.0,8.0,1.9,7.0,7.4,8.3,6.5,3.9,7.0,7.4,3.7,6.2,8.1,0.9,1.6,5.0,6.3,8.4,1.9,3,1,→,2032-2038,6.71,印度技术项目经理：加班文化严重,India Technical Project Manager: heavy overtime culture,AI综合评估 + O*NET/ILO/OECD锚点校准,2026-04-13,2026-04-13,2000-2026
TECH-0405-PK-general,信息技术与数字化,TECH,产品与设计,技术项目经理,Technical Project Manager,1330,15-1299.09,南亚,巴基斯坦,PK,country,general,本科/硕士,26-35,global,4.9,5.5,6.1,7.1,7.0,5.2,4.3,3.9,3.6,4.3,3.4,9.2,6.7,4.2,4.6,6.6,6.8,2.6,6.2,5.8,7.1,5.7,3.9,6.2,6.4,2.8,6.6,7.8,0.2,1.2,5.8,5.9,6.6,2.5,2,0,→,2032-2038,5.62,巴基斯坦技术项目经理：薪资水平偏低，就业波动大,"Pakistan Technical Project Manager: relatively low pay, volatile employment",AI综合评估 + O*NET/ILO/OECD锚点校准,2026-04-13,2026-04-13,2000-2026
TECH-0405-BD-general,信息技术与数字化,TECH,产品与设计,技术项目经理,Technical Project Manager,1330,15-1299.09,南亚,孟加拉国,BD,country,general,本科/硕士,26-35,global,5.0,5.5,5.5,7.8,5.8,5.6,4.3,3.5,1.5,3.8,3.6,9.0,6.2,3.2,4.3,7.2,6.2,2.3,5.9,4.6,7.4,6.7,3.4,5.4,6.2,3.1,6.2,7.8,0.0,1.0,5.0,5.7,6.0,2.9,2,0,→,2032-2038,5.35,孟加拉国技术项目经理：薪资水平偏低，加班文化严重，就业波动大,"Bangladesh Technical Project Manager: relatively low pay, heavy overtime culture, volatile employment",AI综合评估 + O*NET/ILO/OECD锚点校准,2026-04-13,2026-04-13,2000-2026
TECH-0405-AE-general,信息技术与数字化,TECH,产品与设计,技术项目经理,Technical Project Manager,1330,15-1299.09,中亚/西亚,阿联酋,AE,country,general,本科/硕士,26-35,global,5.5,5.8,7.7,8.7,7.2,5.8,6.7,7.5,10.0,8.6,7.6,9.7,7.5,3.9,5.3,7.4,7.4,1.9,6.5,7.8,8.0,7.2,4.7,6.6,7.2,4.6,7.0,8.3,0.8,1.6,4.8,6.1,8.8,2.1,3,1,→,2032-2038,7.09,阿联酋技术项目经理：薪资回报高，就业稳定,"United Arab Emirates Technical Project Manager: high compensation, stable employment",AI综合评估 + O*NET/ILO/OECD锚点校准,2026-04-13,2026-04-13,2000-2026
TECH-0405-IL-general,信息技术与数字化,TECH,产品与设计,技术项目经理,Technical Project Manager,1330,15-1299.09,中亚/西亚,以色列,IL,country,general,本科/硕士,26-35,global,5.9,5.9,8.1,7.7,8.0,7.4,6.7,6.5,10.0,9.3,6.4,9.5,6.2,3.9,4.8,8.6,7.4,1.4,6.8,8.8,8.9,7.0,5.7,7.4,6.8,7.3,7.2,8.0,0.2,1.8,5.0,6.7,8.8,1.9,3,2,↑,2032-2038,7.26,以色列技术项目经理：薪资回报高，远程友好度高,"Israel Technical Project Manager: high compensation, highly remote-friendly",AI综合评估 + O*NET/ILO/OECD锚点校准,2026-04-13,2026-04-13,2000-2026
TECH-0405-SA-general,信息技术与数字化,TECH,产品与设计,技术项目经理,Technical Project Manager,1330,15-1299.09,中亚/西亚,沙特阿拉伯,SA,country,general,本科/硕士,26-35,global,5.6,5.3,6.5,8.3,7.2,5.6,5.5,5.9,8.7,6.8,6.4,9.7,6.7,3.7,5.3,6.8,6.4,2.2,6.8,7.2,5.3,6.2,5.4,6.4,6.2,2.8,6.6,8.1,0.3,1.5,5.2,5.9,6.8,2.3,3,1,→,2032-2038,6.42,沙特阿拉伯技术项目经理：薪资回报高,Saudi Arabia Technical Project Manager: high compensation,AI综合评估 + O*NET/ILO/OECD锚点校准,2026-04-13,2026-04-13,2000-2026
TECH-0405-TR-general,信息技术与数字化,TECH,产品与设计,技术项目经理,Technical Project Manager,1330,15-1299.09,中亚/西亚,土耳其,TR,country,general,本科/硕士,26-35,global,5.6,5.8,7.5,7.4,8.0,6.6,5.7,5.7,4.2,5.6,4.9,9.2,6.2,2.9,4.3,6.8,7.4,1.7,6.4,6.8,7.7,5.7,4.7,6.4,6.4,4.6,6.2,8.3,0.6,1.2,5.8,6.3,6.6,1.5,3,1,→,2032-2038,6.16,土耳其技术项目经理：薪资水平偏低，加班文化严重,"Turkey Technical Project Manager: relatively low pay, heavy overtime culture",AI综合评估 + O*NET/ILO/OECD锚点校准,2026-04-13,2026-04-13,2000-2026
TECH-0405-GB-general,信息技术与数字化,TECH,产品与设计,技术项目经理,Technical Project Manager,1330,15-1299.09,西欧,英国,GB,country,general,本科/硕士,26-35,global,6.1,5.6,8.3,8.4,9.4,8.0,6.7,7.3,10.0,8.8,6.6,9.5,7.5,4.9,5.3,7.6,7.2,1.9,6.4,8.6,9.8,8.2,6.4,6.6,8.0,7.6,7.8,7.7,0.8,1.9,5.0,6.9,9.4,1.9,3,2,↑,2032-2038,7.45,英国技术项目经理：薪资回报高，远程友好度高,"United Kingdom Technical Project Manager: high compensation, highly remote-friendly",AI综合评估 + O*NET/ILO/OECD锚点校准,2026-04-13,2026-04-13,2000-2026
TECH-0405-FR-general,信息技术与数字化,TECH,产品与设计,技术项目经理,Technical Project Manager,1330,15-1299.09,西欧,法国,FR,country,general,本科/硕士,26-35,global,5.9,5.3,8.1,8.7,8.4,8.0,6.5,6.3,8.1,7.8,6.9,9.7,7.5,6.4,5.8,8.0,7.0,1.7,6.4,7.4,8.3,8.0,6.7,7.0,7.4,8.5,7.6,8.1,0.6,2.1,4.8,6.1,9.0,2.3,3,1,→,2032-2038,7.26,法国技术项目经理：薪资回报高,France Technical Project Manager: high compensation,AI综合评估 + O*NET/ILO/OECD锚点校准,2026-04-13,2026-04-13,2000-2026
TECH-0405-DE-general,信息技术与数字化,TECH,产品与设计,技术项目经理,Technical Project Manager,1330,15-1299.09,西欧,德国,DE,country,general,本科/硕士,26-35,global,5.9,5.5,7.7,8.4,8.4,8.2,5.9,6.5,9.0,7.6,8.1,10.0,7.7,7.2,6.6,8.2,7.4,1.6,6.4,8.4,8.6,8.0,6.9,6.8,8.6,7.6,8.0,7.7,0.8,2.1,4.8,6.5,8.4,2.1,3,1,→,2032-2038,7.42,德国技术项目经理：薪资回报高，远程友好度高，就业稳定,"Germany Technical Project Manager: high compensation, highly remote-friendly, stable employment",AI综合评估 + O*NET/ILO/OECD锚点校准,2026-04-13,2026-04-13,2000-2026
TECH-0405-NL-general,信息技术与数字化,TECH,产品与设计,技术项目经理,Technical Project Manager,1330,15-1299.09,西欧,荷兰,NL,country,general,本科/硕士,26-35,global,5.5,5.3,7.5,8.3,8.4,6.8,6.3,6.3,9.0,8.8,7.1,9.5,8.2,8.4,7.3,8.6,6.8,1.4,6.8,8.0,10.0,8.5,8.7,6.8,7.6,9.1,7.4,7.7,0.2,1.3,4.8,6.1,9.4,2.7,3,1,→,2032-2038,7.63,荷兰技术项目经理：薪资回报高，远程友好度高，工作时间规律,"Netherlands Technical Project Manager: high compensation, highly remote-friendly, regular working hours",AI综合评估 + O*NET/ILO/OECD锚点校准,2026-04-13,2026-04-13,2000-2026
TECH-0405-CH-general,信息技术与数字化,TECH,产品与设计,技术项目经理,Technical Project Manager,1330,15-1299.09,西欧,瑞士,CH,country,general,本科/硕士,26-35,global,5.5,5.5,8.1,8.9,7.8,6.4,6.7,6.9,10.0,8.6,8.6,9.7,8.5,6.9,5.8,7.8,7.0,1.4,6.5,8.8,8.6,8.5,6.9,7.0,7.6,7.9,8.2,8.3,0.6,1.8,4.4,6.3,9.6,1.7,3,1,→,2032-2038,7.63,瑞士技术项目经理：薪资回报高，远程友好度高，就业稳定,"Switzerland Technical Project Manager: high compensation, highly remote-friendly, stable employment",AI综合评估 + O*NET/ILO/OECD锚点校准,2026-04-13,2026-04-13,2000-2026
TECH-0405-SE-general,信息技术与数字化,TECH,产品与设计,技术项目经理,Technical Project Manager,1330,15-1299.09,北欧,瑞典,SE,country,general,本科/硕士,26-35,global,5.6,6.1,7.5,8.1,8.4,6.2,6.1,7.5,9.0,7.8,7.1,10.0,9.0,8.4,7.1,7.6,7.4,1.7,6.5,8.4,10.0,8.0,8.4,7.6,7.8,10.0,8.2,8.0,0.5,1.9,4.4,6.7,9.4,1.7,3,1,→,2032-2038,7.64,瑞典技术项目经理：薪资回报高，远程友好度高，工作时间规律,"Sweden Technical Project Manager: high compensation, highly remote-friendly, regular working hours",AI综合评估 + O*NET/ILO/OECD锚点校准,2026-04-13,2026-04-13,2000-2026
TECH-0405-DK-general,信息技术与数字化,TECH,产品与设计,技术项目经理,Technical Project Manager,1330,15-1299.09,北欧,丹麦,DK,country,general,本科/硕士,26-35,global,6.1,5.8,7.9,8.9,8.2,5.8,6.1,6.7,9.3,7.1,7.4,9.7,8.2,8.7,7.3,7.8,7.0,1.6,6.6,8.0,8.9,8.5,8.2,6.8,7.4,10.0,8.4,7.8,0.6,1.3,4.8,5.9,9.4,2.5,3,1,→,2032-2038,7.53,丹麦技术项目经理：薪资回报高，远程友好度高，工作时间规律,"Denmark Technical Project Manager: high compensation, highly remote-friendly, regular working hours",AI综合评估 + O*NET/ILO/OECD锚点校准,2026-04-13,2026-04-13,2000-2026
TECH-0405-FI-general,信息技术与数字化,TECH,产品与设计,技术项目经理,Technical Project Manager,1330,15-1299.09,北欧,芬兰,FI,country,general,本科/硕士,26-35,global,6.1,5.5,7.7,8.7,7.6,5.6,6.3,7.1,7.8,8.1,7.9,9.7,8.7,8.7,8.1,8.0,7.0,1.4,6.5,7.6,10.0,8.7,8.4,6.6,7.0,9.4,7.6,8.4,0.8,1.5,4.6,5.9,9.0,1.7,3,1,→,2032-2038,7.56,芬兰技术项目经理：远程友好度高，工作时间规律，就业稳定,"Finland Technical Project Manager: highly remote-friendly, regular working hours, stable employment",AI综合评估 + O*NET/ILO/OECD锚点校准,2026-04-13,2026-04-13,2000-2026
TECH-0405-IT-general,信息技术与数字化,TECH,产品与设计,技术项目经理,Technical Project Manager,1330,15-1299.09,南欧,意大利,IT,country,general,本科/硕士,26-35,global,5.9,5.8,6.9,7.7,7.6,6.4,5.7,5.7,6.3,7.1,5.9,9.5,6.5,5.7,6.1,7.8,7.6,1.9,6.6,6.8,6.5,7.2,5.4,6.6,7.2,6.4,6.6,7.8,0.8,1.8,5.2,6.3,8.0,1.7,3,1,→,2032-2038,6.64,意大利技术项目经理：发展平稳,Italy Technical Project Manager: steady development,AI综合评估 + O*NET/ILO/OECD锚点校准,2026-04-13,2026-04-13,2000-2026
TECH-0405-ES-general,信息技术与数字化,TECH,产品与设计,技术项目经理,Technical Project Manager,1330,15-1299.09,南欧,西班牙,ES,country,general,本科/硕士,26-35,global,5.5,5.5,6.7,7.8,8.0,6.0,5.9,4.9,7.2,5.8,5.4,9.5,7.2,5.4,4.8,7.2,6.6,2.2,6.2,6.0,8.3,7.7,5.9,6.6,7.2,5.8,7.2,7.7,0.2,1.2,4.8,6.1,8.4,1.7,3,1,→,2032-2038,6.57,西班牙技术项目经理：发展平稳,Spain Technical Project Manager: steady development,AI综合评估 + O*NET/ILO/OECD锚点校准,2026-04-13,2026-04-13,2000-2026
TECH-0405-PT-general,信息技术与数字化,TECH,产品与设计,技术项目经理,Technical Project Manager,1330,15-1299.09,南欧,葡萄牙,PT,country,general,本科/硕士,26-35,global,5.2,5.5,6.7,7.7,7.0,5.2,5.5,5.5,6.0,6.1,5.6,9.7,6.7,5.7,5.3,8.0,6.4,2.0,6.1,6.4,8.0,7.5,5.9,6.4,7.4,7.0,7.0,8.3,0.8,1.5,5.4,5.9,9.0,2.5,3,1,→,2032-2038,6.54,葡萄牙技术项目经理：发展平稳,Portugal Technical Project Manager: steady development,AI综合评估 + O*NET/ILO/OECD锚点校准,2026-04-13,2026-04-13,2000-2026
TECH-0405-PL-general,信息技术与数字化,TECH,产品与设计,技术项目经理,Technical Project Manager,1330,15-1299.09,东欧,波兰,PL,country,general,本科/硕士,26-35,global,5.3,5.3,6.7,7.8,8.0,6.2,6.3,4.7,7.2,7.1,7.1,9.7,8.2,5.7,5.8,7.6,7.4,2.2,6.6,7.8,9.2,8.0,6.2,6.2,7.6,7.6,7.0,8.1,0.2,1.2,5.4,6.1,7.8,2.1,3,1,→,2032-2038,6.94,波兰技术项目经理：远程友好度高,Poland Technical Project Manager: highly remote-friendly,AI综合评估 + O*NET/ILO/OECD锚点校准,2026-04-13,2026-04-13,2000-2026
TECH-0405-CZ-general,信息技术与数字化,TECH,产品与设计,技术项目经理,Technical Project Manager,1330,15-1299.09,东欧,捷克,CZ,country,general,本科/硕士,26-35,global,5.5,5.8,7.3,8.1,7.8,6.2,6.3,5.3,7.5,5.8,6.6,9.7,7.0,6.4,5.6,8.0,6.8,1.9,6.9,7.0,7.4,7.5,7.2,7.0,6.6,7.6,7.8,7.8,0.5,2.1,5.2,5.9,8.2,2.5,3,1,→,2032-2038,6.87,捷克技术项目经理：发展平稳,Czech Republic Technical Project Manager: steady development,AI综合评估 + O*NET/ILO/OECD锚点校准,2026-04-13,2026-04-13,2000-2026
TECH-0405-RU-general,信息技术与数字化,TECH,产品与设计,技术项目经理,Technical Project Manager,1330,15-1299.09,东欧,俄罗斯,RU,country,general,本科/硕士,26-35,global,5.6,5.6,7.7,7.5,8.0,7.2,5.7,4.9,5.4,6.6,4.1,9.5,6.0,5.7,5.6,7.2,7.2,2.0,6.1,7.0,9.2,6.7,4.7,6.0,7.0,5.8,6.6,8.3,0.9,1.2,5.2,5.5,5.0,1.7,3,1,→,2032-2038,6.38,俄罗斯技术项目经理：远程友好度高,Russia Technical Project Manager: highly remote-friendly,AI综合评估 + O*NET/ILO/OECD锚点校准,2026-04-13,2026-04-13,2000-2026
TECH-0405-US-general,信息技术与数字化,TECH,产品与设计,技术项目经理,Technical Project Manager,1330,15-1299.09,北美,美国,US,country,general,本科/硕士,26-35,global,5.3,5.8,8.9,7.7,9.4,8.6,6.9,7.5,10.0,9.1,5.4,9.5,7.2,3.9,4.3,7.8,9.0,1.7,6.9,9.4,10.0,7.0,4.4,7.0,7.8,7.9,7.6,7.7,0.6,1.8,5.2,7.1,8.8,1.7,3,2,↑,2032-2038,7.44,美国技术项目经理：薪资回报高，远程友好度高,"United States Technical Project Manager: high compensation, highly remote-friendly",AI综合评估 + O*NET/ILO/OECD锚点校准,2026-04-13,2026-04-13,2000-2026
TECH-0405-CA-general,信息技术与数字化,TECH,产品与设计,技术项目经理,Technical Project Manager,1330,15-1299.09,北美,加拿大,CA,country,general,本科/硕士,26-35,global,5.3,5.6,7.7,8.3,9.0,7.2,5.7,7.1,9.9,7.8,7.6,9.5,8.5,5.4,6.1,8.2,7.0,1.4,6.6,8.6,10.0,8.0,6.7,7.2,7.8,8.2,7.0,8.3,0.9,2.2,4.8,6.3,9.8,1.5,3,2,↑,2032-2038,7.52,加拿大技术项目经理：薪资回报高，远程友好度高，就业稳定,"Canada Technical Project Manager: high compensation, highly remote-friendly, stable employment",AI综合评估 + O*NET/ILO/OECD锚点校准,2026-04-13,2026-04-13,2000-2026
TECH-0405-MX-general,信息技术与数字化,TECH,产品与设计,技术项目经理,Technical Project Manager,1330,15-1299.09,北美,墨西哥,MX,country,general,本科/硕士,26-35,global,5.5,5.8,7.1,7.8,7.4,7.2,4.9,5.1,5.4,4.6,5.1,9.7,6.2,4.2,3.8,6.8,7.2,2.3,6.5,6.4,8.3,7.5,4.4,5.8,6.8,5.5,7.0,7.7,0.3,0.9,5.4,6.3,6.4,1.7,3,1,→,2032-2038,6.2,墨西哥技术项目经理：发展平稳,Mexico Technical Project Manager: steady development,AI综合评估 + O*NET/ILO/OECD锚点校准,2026-04-13,2026-04-13,2000-2026
TECH-0405-BR-general,信息技术与数字化,TECH,产品与设计,技术项目经理,Technical Project Manager,1330,15-1299.09,南美,巴西,BR,country,general,本科/硕士,26-35,global,5.2,5.3,7.1,7.7,8.4,8.0,5.3,5.7,5.1,6.3,4.9,9.7,7.2,3.4,4.1,7.2,7.8,1.9,6.1,6.4,7.7,7.0,6.2,6.6,7.2,6.1,7.2,8.3,0.3,1.8,5.6,6.5,6.6,1.9,3,1,→,2032-2038,6.45,巴西技术项目经理：加班文化严重,Brazil Technical Project Manager: heavy overtime culture,AI综合评估 + O*NET/ILO/OECD锚点校准,2026-04-13,2026-04-13,2000-2026
TECH-0405-AR-general,信息技术与数字化,TECH,产品与设计,技术项目经理,Technical Project Manager,1330,15-1299.09,南美,阿根廷,AR,country,general,本科/硕士,26-35,global,5.6,5.5,6.3,7.1,7.2,5.2,5.3,5.9,4.5,5.6,4.4,9.2,6.7,4.7,4.8,7.2,6.2,1.7,6.4,5.8,8.3,6.5,5.4,6.6,6.8,6.4,6.2,8.3,0.8,1.2,5.4,5.5,6.2,2.3,3,1,→,2032-2038,6.15,阿根廷技术项目经理：薪资水平偏低,Argentina Technical Project Manager: relatively low pay,AI综合评估 + O*NET/ILO/OECD锚点校准,2026-04-13,2026-04-13,2000-2026
TECH-0405-CL-general,信息技术与数字化,TECH,产品与设计,技术项目经理,Technical Project Manager,1330,15-1299.09,南美,智利,CL,country,general,本科/硕士,26-35,global,5.2,5.5,5.9,7.7,6.0,5.2,5.7,5.1,6.3,4.8,6.1,9.5,6.7,4.7,5.6,7.0,7.0,1.9,6.4,6.0,7.4,6.5,5.9,6.0,6.6,5.8,6.8,8.3,0.6,1.6,5.4,5.9,7.4,2.5,3,1,→,2032-2038,6.28,智利技术项目经理：发展平稳,Chile Technical Project Manager: steady development,AI综合评估 + O*NET/ILO/OECD锚点校准,2026-04-13,2026-04-13,2000-2026
TECH-0405-CO-general,信息技术与数字化,TECH,产品与设计,技术项目经理,Technical Project Manager,1330,15-1299.09,南美,哥伦比亚,CO,country,general,本科/硕士,26-35,global,5.9,5.8,6.1,8.0,6.2,5.2,5.3,4.9,3.9,5.6,5.4,9.5,7.5,4.2,5.1,7.0,6.8,2.2,6.1,6.0,7.7,7.0,5.2,6.0,7.0,4.9,6.8,8.3,0.3,1.8,5.0,5.9,6.0,2.3,3,1,→,2032-2038,6.04,哥伦比亚技术项目经理：薪资水平偏低,Colombia Technical Project Manager: relatively low pay,AI综合评估 + O*NET/ILO/OECD锚点校准,2026-04-13,2026-04-13,2000-2026
TECH-0405-AU-general,信息技术与数字化,TECH,产品与设计,技术项目经理,Technical Project Manager,1330,15-1299.09,大洋洲,澳大利亚,AU,country,general,本科/硕士,26-35,global,5.8,5.5,7.3,8.6,8.0,7.6,5.7,6.3,10.0,8.3,7.1,10.0,7.5,6.9,6.8,8.2,7.4,1.6,6.5,8.4,10.0,8.5,7.9,6.4,7.4,8.5,7.6,7.7,0.3,2.1,4.2,5.7,9.4,1.9,3,1,→,2032-2038,7.51,澳大利亚技术项目经理：薪资回报高，远程友好度高,"Australia Technical Project Manager: high compensation, highly remote-friendly",AI综合评估 + O*NET/ILO/OECD锚点校准,2026-04-13,2026-04-13,2000-2026
TECH-0405-NZ-general,信息技术与数字化,TECH,产品与设计,技术项目经理,Technical Project Manager,1330,15-1299.09,大洋洲,新西兰,NZ,country,general,本科/硕士,26-35,global,5.8,5.9,7.7,8.9,7.4,6.0,5.7,5.7,8.4,7.3,7.9,9.7,8.5,7.7,7.3,7.4,6.8,2.2,6.2,8.0,10.0,8.0,8.2,7.0,6.8,10.0,7.6,8.4,0.8,1.8,4.4,6.1,9.2,2.7,3,1,→,2032-2038,7.33,新西兰技术项目经理：薪资回报高，远程友好度高，工作时间规律,"New Zealand Technical Project Manager: high compensation, highly remote-friendly, regular working hours",AI综合评估 + O*NET/ILO/OECD锚点校准,2026-04-13,2026-04-13,2000-2026
TECH-0405-ZA-general,信息技术与数字化,TECH,产品与设计,技术项目经理,Technical Project Manager,1330,15-1299.09,非洲,南非,ZA,country,general,本科/硕士,26-35,global,5.8,5.5,5.9,7.4,6.6,5.6,4.9,5.1,5.7,5.6,4.6,9.5,6.7,5.2,5.6,7.4,6.6,2.2,6.4,6.2,7.7,6.7,4.7,6.6,6.8,5.5,7.0,8.1,0.8,1.0,4.8,5.5,7.0,2.7,3,1,→,2032-2038,6.18,南非技术项目经理：发展平稳,South Africa Technical Project Manager: steady development,AI综合评估 + O*NET/ILO/OECD锚点校准,2026-04-13,2026-04-13,2000-2026
TECH-0405-NG-general,信息技术与数字化,TECH,产品与设计,技术项目经理,Technical Project Manager,1330,15-1299.09,非洲,尼日利亚,NG,country,general,本科/硕士,26-35,global,4.9,5.5,6.3,7.2,6.0,5.2,4.5,3.5,3.9,3.3,4.4,9.5,6.2,3.4,4.3,7.0,5.8,2.6,5.9,5.2,7.7,6.7,4.4,5.2,5.8,2.8,6.4,8.3,0.3,1.5,5.6,5.5,6.8,2.7,2,0,→,2032-2038,5.54,尼日利亚技术项目经理：薪资水平偏低，加班文化严重,"Nigeria Technical Project Manager: relatively low pay, heavy overtime culture",AI综合评估 + O*NET/ILO/OECD锚点校准,2026-04-13,2026-04-13,2000-2026
TECH-0405-KE-general,信息技术与数字化,TECH,产品与设计,技术项目经理,Technical Project Manager,1330,15-1299.09,非洲,肯尼亚,KE,country,general,本科/硕士,26-35,global,5.6,5.8,5.3,7.7,6.6,4.6,4.7,3.3,2.1,4.6,4.6,9.0,6.5,4.2,4.1,6.6,6.0,2.6,6.2,5.2,7.4,5.7,3.7,6.6,5.6,3.4,7.2,7.8,0.8,0.7,5.4,5.3,6.6,2.5,2,0,→,2032-2038,5.49,肯尼亚技术项目经理：薪资水平偏低,Kenya Technical Project Manager: relatively low pay,AI综合评估 + O*NET/ILO/OECD锚点校准,2026-04-13,2026-04-13,2000-2026
TECH-0405-EG-general,信息技术与数字化,TECH,产品与设计,技术项目经理,Technical Project Manager,1330,15-1299.09,非洲,埃及,EG,country,general,本科/硕士,26-35,global,5.8,5.5,6.5,7.7,6.6,6.0,4.9,4.3,3.3,3.6,5.1,9.0,6.5,2.9,4.6,7.6,6.4,2.5,6.0,5.4,6.5,6.5,4.7,6.4,6.6,1.9,7.0,7.8,0.5,0.9,5.8,6.1,6.2,1.9,2,0,→,2032-2038,5.69,埃及技术项目经理：薪资水平偏低，加班文化严重,"Egypt Technical Project Manager: relatively low pay, heavy overtime culture",AI综合评估 + O*NET/ILO/OECD锚点校准,2026-04-13,2026-04-13,2000-2026
TECH-0501-CN-general,信息技术与数字化,TECH,新兴数字职业,区块链开发工程师,Blockchain Developer,2514,15-1252.00,东亚,中国,CN,country,general,本科/自学,22-30,global,6.8,5.3,7.7,4.7,8.6,6.2,7.5,7.4,9.3,8.6,2.0,9.5,5.8,2.4,3.3,5.6,5.9,3.6,5.5,6.9,6.3,6.7,3.5,6.8,9.6,4.1,5.1,5.8,0.8,0.2,7.9,7.1,6.6,1.3,3,1,→,2028-2033,6.13,中国区块链开发工程师：薪资回报高，人才需求旺盛，加班文化严重,"China Blockchain Developer: high compensation, strong talent demand, heavy overtime culture",AI综合评估 + O*NET/ILO/OECD锚点校准,2026-04-13,2026-04-13,2000-2026
TECH-0501-JP-general,信息技术与数字化,TECH,新兴数字职业,区块链开发工程师,Blockchain Developer,2514,15-1252.00,东亚,日本,JP,country,general,本科/自学,22-30,global,6.8,6.2,8.1,5.6,8.0,5.2,7.7,7.8,8.4,7.6,5.0,9.5,6.8,3.4,2.8,5.6,5.9,3.8,5.4,6.5,7.8,6.7,4.2,7.4,10.0,3.5,5.1,5.5,0.4,0.7,8.1,6.9,7.0,1.3,3,0,→,2028-2033,6.24,日本区块链开发工程师：薪资回报高，人才需求旺盛，加班文化严重,"Japan Blockchain Developer: high compensation, strong talent demand, heavy overtime culture",AI综合评估 + O*NET/ILO/OECD锚点校准,2026-04-13,2026-04-13,2000-2026
TECH-0501-KR-general,信息技术与数字化,TECH,新兴数字职业,区块链开发工程师,Blockchain Developer,2514,15-1252.00,东亚,韩国,KR,country,general,本科/自学,22-30,global,6.5,5.7,7.7,4.8,8.0,4.2,7.5,7.8,8.4,7.9,4.5,9.7,6.5,2.2,3.8,6.0,5.1,3.5,5.9,6.3,7.8,6.5,3.5,6.6,9.2,3.2,5.1,5.9,0.4,0.7,8.1,7.3,8.0,2.3,3,0,→,2028-2033,6.17,韩国区块链开发工程师：薪资回报高，人才需求旺盛，加班文化严重,"South Korea Blockchain Developer: high compensation, strong talent demand, heavy overtime culture",AI综合评估 + O*NET/ILO/OECD锚点校准,2026-04-13,2026-04-13,2000-2026
TECH-0501-TW-general,信息技术与数字化,TECH,新兴数字职业,区块链开发工程师,Blockchain Developer,2514,15-1252.00,东亚,中国台湾地区,TW,region,general,本科/自学,22-30,global,6.9,5.6,6.7,5.0,6.8,3.8,7.7,8.2,7.2,7.9,3.8,9.2,5.8,3.4,3.6,6.2,5.5,3.3,5.9,6.5,6.9,6.5,4.5,6.8,8.8,5.0,6.1,5.0,0.5,0.4,7.9,7.1,8.2,1.5,3,0,→,2028-2033,6.12,中国台湾地区区块链开发工程师：人才需求旺盛，加班文化严重，就业波动大,"Taiwan (China) Blockchain Developer: strong talent demand, heavy overtime culture, volatile employment",AI综合评估 + O*NET/ILO/OECD锚点校准,2026-04-13,2026-04-13,2000-2026
TECH-0501-HK-general,信息技术与数字化,TECH,新兴数字职业,区块链开发工程师,Blockchain Developer,2514,15-1252.00,东亚,中国香港地区,HK,region,general,本科/自学,22-30,global,6.3,5.9,6.9,5.4,7.0,2.6,6.7,6.0,9.9,7.6,3.5,9.7,5.8,2.4,3.8,6.2,4.5,3.9,5.9,6.5,9.3,6.2,4.2,7.0,8.4,6.2,5.7,5.2,0.4,1.0,8.3,7.7,9.8,1.7,3,0,→,2028-2033,6.14,中国香港地区区块链开发工程师：薪资回报高，远程友好度高，加班文化严重,"Hong Kong (China) Blockchain Developer: high compensation, highly remote-friendly, heavy overtime culture",AI综合评估 + O*NET/ILO/OECD锚点校准,2026-04-13,2026-04-13,2000-2026
TECH-0501-SG-general,信息技术与数字化,TECH,新兴数字职业,区块链开发工程师,Blockchain Developer,2514,15-1252.00,东南亚,新加坡,SG,country,general,本科/自学,22-30,global,6.5,5.6,8.1,5.4,7.4,3.6,7.7,7.4,10.0,8.9,5.8,10.0,7.2,3.7,5.1,5.4,5.5,3.9,5.6,7.9,9.0,6.7,5.0,7.6,9.2,6.2,5.3,5.2,0.2,0.7,7.9,7.5,10.0,1.5,3,1,→,2028-2033,6.7,新加坡区块链开发工程师：薪资回报高，人才需求旺盛，远程友好度高,"Singapore Blockchain Developer: high compensation, strong talent demand, highly remote-friendly",AI综合评估 + O*NET/ILO/OECD锚点校准,2026-04-13,2026-04-13,2000-2026
TECH-0501-TH-general,信息技术与数字化,TECH,新兴数字职业,区块链开发工程师,Blockchain Developer,2514,15-1252.00,东南亚,泰国,TH,country,general,本科/自学,22-30,global,6.9,5.1,5.7,5.0,6.2,3.4,6.9,6.2,5.1,5.6,2.8,9.5,7.0,4.7,4.6,4.6,4.9,3.8,5.5,4.9,8.4,7.0,4.2,6.4,9.4,4.7,5.7,5.2,0.2,0.5,8.3,6.9,7.2,1.9,3,0,→,2028-2033,5.64,泰国区块链开发工程师：就业波动大,Thailand Blockchain Developer: volatile employment,AI综合评估 + O*NET/ILO/OECD锚点校准,2026-04-13,2026-04-13,2000-2026
TECH-0501-VN-general,信息技术与数字化,TECH,新兴数字职业,区块链开发工程师,Blockchain Developer,2514,15-1252.00,东南亚,越南,VN,country,general,本科/自学,22-30,global,6.8,5.9,6.1,4.5,6.8,3.6,6.1,6.2,4.5,5.4,3.5,9.5,5.8,3.9,3.8,4.6,5.5,3.9,5.2,4.9,7.5,7.5,4.2,6.6,9.0,4.4,4.7,5.3,1.0,0.8,7.7,6.9,8.0,1.5,3,0,→,2028-2033,5.52,越南区块链开发工程师：薪资水平偏低，就业波动大,"Vietnam Blockchain Developer: relatively low pay, volatile employment",AI综合评估 + O*NET/ILO/OECD锚点校准,2026-04-13,2026-04-13,2000-2026
TECH-0501-ID-general,信息技术与数字化,TECH,新兴数字职业,区块链开发工程师,Blockchain Developer,2514,15-1252.00,东南亚,印度尼西亚,ID,country,general,本科/自学,22-30,global,6.0,4.8,6.1,4.8,6.2,4.0,6.1,6.0,5.4,4.1,3.5,9.5,6.5,3.9,4.8,4.8,4.7,4.4,5.5,4.5,6.9,7.5,5.0,5.8,8.4,3.8,5.3,5.2,0.1,0.7,8.3,7.3,6.4,2.7,3,0,→,2028-2033,5.46,印度尼西亚区块链开发工程师：就业波动大,Indonesia Blockchain Developer: volatile employment,AI综合评估 + O*NET/ILO/OECD锚点校准,2026-04-13,2026-04-13,2000-2026
TECH-0501-MY-general,信息技术与数字化,TECH,新兴数字职业,区块链开发工程师,Blockchain Developer,2514,15-1252.00,东南亚,马来西亚,MY,country,general,本科/自学,22-30,global,6.5,5.7,5.5,5.3,5.6,2.0,6.7,6.6,6.6,5.4,3.8,9.2,7.5,4.7,4.3,4.8,4.3,4.2,5.4,6.1,8.1,7.2,5.2,6.0,8.2,5.0,4.9,5.3,0.2,0.4,8.3,7.3,8.2,2.7,3,0,→,2028-2033,5.7,马来西亚区块链开发工程师：就业波动大,Malaysia Blockchain Developer: volatile employment,AI综合评估 + O*NET/ILO/OECD锚点校准,2026-04-13,2026-04-13,2000-2026
TECH-0501-PH-general,信息技术与数字化,TECH,新兴数字职业,区块链开发工程师,Blockchain Developer,2514,15-1252.00,东南亚,菲律宾,PH,country,general,本科/自学,22-30,global,6.3,5.1,6.3,5.1,5.8,2.4,6.1,6.0,3.9,3.9,1.8,9.5,6.0,4.7,4.6,5.4,4.3,4.2,5.0,5.5,9.0,6.7,3.7,6.2,8.8,5.6,5.5,5.3,0.5,0.2,8.3,7.9,7.8,2.5,3,0,→,2028-2033,5.42,菲律宾区块链开发工程师：薪资水平偏低，远程友好度高，就业波动大,"Philippines Blockchain Developer: relatively low pay, highly remote-friendly, volatile employment",AI综合评估 + O*NET/ILO/OECD锚点校准,2026-04-13,2026-04-13,2000-2026
TECH-0501-IN-general,信息技术与数字化,TECH,新兴数字职业,区块链开发工程师,Blockchain Developer,2514,15-1252.00,南亚,印度,IN,country,general,本科/自学,22-30,global,6.2,5.6,7.3,5.1,8.8,5.8,8.1,7.2,7.2,7.1,3.0,9.2,6.8,3.2,3.8,6.4,6.3,3.6,5.9,5.9,9.6,7.7,3.7,7.2,9.2,2.9,5.1,5.3,0.5,0.2,8.1,7.7,9.6,1.5,3,0,→,2028-2033,6.3,印度区块链开发工程师：人才需求旺盛，远程友好度高，加班文化严重,"India Blockchain Developer: strong talent demand, highly remote-friendly, heavy overtime culture",AI综合评估 + O*NET/ILO/OECD锚点校准,2026-04-13,2026-04-13,2000-2026
TECH-0501-PK-general,信息技术与数字化,TECH,新兴数字职业,区块链开发工程师,Blockchain Developer,2514,15-1252.00,南亚,巴基斯坦,PK,country,general,本科/自学,22-30,global,6.8,5.1,5.5,4.2,5.0,3.2,5.3,4.6,3.0,3.6,1.5,9.5,6.0,4.7,5.1,4.6,4.1,4.4,5.5,3.9,8.1,6.5,4.5,5.2,8.0,0.5,4.3,5.9,0.8,0.4,9.1,7.9,7.6,2.1,2,-1,→,2028-2033,4.94,巴基斯坦区块链开发工程师：薪资水平偏低，就业波动大,"Pakistan Blockchain Developer: relatively low pay, volatile employment",AI综合评估 + O*NET/ILO/OECD锚点校准,2026-04-13,2026-04-13,2000-2026
TECH-0501-BD-general,信息技术与数字化,TECH,新兴数字职业,区块链开发工程师,Blockchain Developer,2514,15-1252.00,南亚,孟加拉国,BD,country,general,本科/自学,22-30,global,5.9,5.0,5.3,4.4,4.8,2.6,5.9,4.4,2.1,3.6,1.5,9.2,6.0,4.4,4.1,4.6,4.1,4.4,5.4,3.7,8.7,7.5,3.2,5.4,7.8,2.0,5.1,5.9,0.2,0.1,8.7,7.3,6.8,2.7,2,-1,→,2028-2033,4.89,孟加拉国区块链开发工程师：薪资水平偏低，远程友好度高，就业波动大,"Bangladesh Blockchain Developer: relatively low pay, highly remote-friendly, volatile employment",AI综合评估 + O*NET/ILO/OECD锚点校准,2026-04-13,2026-04-13,2000-2026
TECH-0501-AE-general,信息技术与数字化,TECH,新兴数字职业,区块链开发工程师,Blockchain Developer,2514,15-1252.00,中亚/西亚,阿联酋,AE,country,general,本科/自学,22-30,global,7.1,5.6,6.7,5.4,6.4,3.2,7.3,7.6,10.0,8.6,4.0,9.5,6.5,4.4,4.8,6.0,4.5,3.5,5.9,7.5,8.1,7.7,5.0,6.6,8.4,4.7,6.1,5.3,1.0,1.0,7.5,7.3,9.8,2.7,3,0,→,2028-2033,6.4,阿联酋区块链开发工程师：薪资回报高，就业波动大,"United Arab Emirates Blockchain Developer: high compensation, volatile employment",AI综合评估 + O*NET/ILO/OECD锚点校准,2026-04-13,2026-04-13,2000-2026
TECH-0501-IL-general,信息技术与数字化,TECH,新兴数字职业,区块链开发工程师,Blockchain Developer,2514,15-1252.00,中亚/西亚,以色列,IL,country,general,本科/自学,22-30,global,6.8,6.0,7.7,5.1,7.6,3.8,8.5,8.4,10.0,9.1,3.8,9.5,7.5,4.9,5.6,5.8,5.9,3.3,5.9,7.3,10.0,7.7,5.7,7.4,9.0,7.4,5.9,5.2,0.8,0.8,7.9,7.9,9.6,1.9,3,1,→,2028-2033,6.85,以色列区块链开发工程师：薪资回报高，人才需求旺盛，远程友好度高,"Israel Blockchain Developer: high compensation, strong talent demand, highly remote-friendly",AI综合评估 + O*NET/ILO/OECD锚点校准,2026-04-13,2026-04-13,2000-2026
TECH-0501-SA-general,信息技术与数字化,TECH,新兴数字职业,区块链开发工程师,Blockchain Developer,2514,15-1252.00,中亚/西亚,沙特阿拉伯,SA,country,general,本科/自学,22-30,global,6.0,5.4,6.7,5.4,5.8,3.0,7.5,5.8,9.0,6.4,4.0,9.2,6.8,4.2,5.3,5.4,4.3,3.9,5.4,6.5,6.0,7.0,5.7,6.6,8.8,2.9,5.7,5.8,0.8,0.1,8.3,6.5,7.0,2.7,3,0,→,2028-2033,5.93,沙特阿拉伯区块链开发工程师：薪资回报高，人才需求旺盛，就业波动大,"Saudi Arabia Blockchain Developer: high compensation, strong talent demand, volatile employment",AI综合评估 + O*NET/ILO/OECD锚点校准,2026-04-13,2026-04-13,2000-2026
TECH-0501-TR-general,信息技术与数字化,TECH,新兴数字职业,区块链开发工程师,Blockchain Developer,2514,15-1252.00,中亚/西亚,土耳其,TR,country,general,本科/自学,22-30,global,6.6,5.9,6.7,5.0,6.6,3.6,6.7,6.6,5.4,4.9,1.5,9.0,6.0,4.9,3.6,5.8,5.3,4.2,5.2,5.3,8.7,6.7,5.2,6.2,9.4,2.3,4.7,5.6,0.8,0.1,9.1,7.5,7.4,1.5,3,0,→,2028-2033,5.56,土耳其区块链开发工程师：远程友好度高，就业波动大,"Turkey Blockchain Developer: highly remote-friendly, volatile employment",AI综合评估 + O*NET/ILO/OECD锚点校准,2026-04-13,2026-04-13,2000-2026
TECH-0501-GB-general,信息技术与数字化,TECH,新兴数字职业,区块链开发工程师,Blockchain Developer,2514,15-1252.00,西欧,英国,GB,country,general,本科/自学,22-30,global,6.5,6.0,8.1,5.7,7.8,4.6,8.5,7.4,10.0,9.1,4.8,9.5,8.0,5.9,5.8,6.4,5.9,3.3,5.5,7.1,10.0,8.2,7.0,7.0,9.6,7.7,6.1,5.2,0.7,1.1,7.9,8.5,9.6,2.3,3,1,→,2028-2033,7.01,英国区块链开发工程师：薪资回报高，人才需求旺盛，远程友好度高,"United Kingdom Blockchain Developer: high compensation, strong talent demand, highly remote-friendly",AI综合评估 + O*NET/ILO/OECD锚点校准,2026-04-13,2026-04-13,2000-2026
TECH-0501-FR-general,信息技术与数字化,TECH,新兴数字职业,区块链开发工程师,Blockchain Developer,2514,15-1252.00,西欧,法国,FR,country,general,本科/自学,22-30,global,6.9,5.6,7.7,5.9,8.0,4.2,7.9,7.8,9.3,7.1,4.8,9.5,8.2,7.7,7.1,6.0,6.1,3.9,5.8,6.7,9.6,7.5,7.2,6.8,9.4,7.4,6.3,5.2,0.1,0.4,7.3,7.9,9.2,2.1,3,0,→,2028-2033,6.91,法国区块链开发工程师：薪资回报高，人才需求旺盛，远程友好度高,"France Blockchain Developer: high compensation, strong talent demand, highly remote-friendly",AI综合评估 + O*NET/ILO/OECD锚点校准,2026-04-13,2026-04-13,2000-2026
TECH-0501-DE-general,信息技术与数字化,TECH,新兴数字职业,区块链开发工程师,Blockchain Developer,2514,15-1252.00,西欧,德国,DE,country,general,本科/自学,22-30,global,6.3,5.9,8.1,5.4,7.6,4.8,8.1,8.2,9.9,8.4,6.0,10.0,7.8,6.9,6.8,6.2,5.5,3.5,5.5,6.7,9.6,8.7,8.0,6.8,10.0,7.1,6.5,5.2,0.7,1.0,7.9,8.3,9.4,1.1,3,0,→,2028-2033,7.12,德国区块链开发工程师：薪资回报高，人才需求旺盛，远程友好度高,"Germany Blockchain Developer: high compensation, strong talent demand, highly remote-friendly",AI综合评估 + O*NET/ILO/OECD锚点校准,2026-04-13,2026-04-13,2000-2026
TECH-0501-NL-general,信息技术与数字化,TECH,新兴数字职业,区块链开发工程师,Blockchain Developer,2514,15-1252.00,西欧,荷兰,NL,country,general,本科/自学,22-30,global,6.3,6.0,7.5,5.7,7.2,3.6,7.9,7.2,9.6,7.4,5.5,9.7,9.0,8.7,7.6,6.6,5.7,3.5,5.9,6.5,10.0,8.2,7.5,7.2,9.2,8.6,6.1,5.8,0.7,1.1,7.3,8.3,10.0,2.3,3,0,→,2028-2033,7.08,荷兰区块链开发工程师：薪资回报高，人才需求旺盛，远程友好度高,"Netherlands Blockchain Developer: high compensation, strong talent demand, highly remote-friendly",AI综合评估 + O*NET/ILO/OECD锚点校准,2026-04-13,2026-04-13,2000-2026
TECH-0501-CH-general,信息技术与数字化,TECH,新兴数字职业,区块链开发工程师,Blockchain Developer,2514,15-1252.00,西欧,瑞士,CH,country,general,本科/自学,22-30,global,6.8,5.7,7.5,5.4,7.6,4.0,7.9,8.2,10.0,9.6,6.0,9.7,8.5,7.9,5.8,5.6,5.1,3.5,5.8,7.9,10.0,8.0,7.5,7.2,9.8,5.9,6.3,5.8,1.0,1.1,7.3,7.9,9.6,1.9,3,0,→,2028-2033,7.1,瑞士区块链开发工程师：薪资回报高，人才需求旺盛，远程友好度高,"Switzerland Blockchain Developer: high compensation, strong talent demand, highly remote-friendly",AI综合评估 + O*NET/ILO/OECD锚点校准,2026-04-13,2026-04-13,2000-2026
TECH-0501-SE-general,信息技术与数字化,TECH,新兴数字职业,区块链开发工程师,Blockchain Developer,2514,15-1252.00,北欧,瑞典,SE,country,general,本科/自学,22-30,global,7.1,5.9,7.5,6.0,6.6,2.8,8.3,7.4,8.7,8.1,5.5,10.0,8.2,8.7,7.6,6.6,4.9,3.8,5.9,6.7,10.0,8.2,8.7,7.2,9.2,9.5,6.1,5.8,0.2,0.5,6.9,8.3,10.0,2.7,3,0,→,2028-2033,7.07,瑞典区块链开发工程师：薪资回报高，人才需求旺盛，远程友好度高,"Sweden Blockchain Developer: high compensation, strong talent demand, highly remote-friendly",AI综合评估 + O*NET/ILO/OECD锚点校准,2026-04-13,2026-04-13,2000-2026
TECH-0501-DK-general,信息技术与数字化,TECH,新兴数字职业,区块链开发工程师,Blockchain Developer,2514,15-1252.00,北欧,丹麦,DK,country,general,本科/自学,22-30,global,6.3,5.6,6.5,5.9,7.0,3.2,7.5,8.2,9.0,7.1,5.8,9.7,8.5,9.7,8.1,6.0,4.7,3.8,5.4,6.3,10.0,9.5,7.7,6.6,8.8,10.0,6.1,5.5,0.2,0.5,7.5,7.3,9.2,2.1,3,0,→,2028-2033,6.99,丹麦区块链开发工程师：薪资回报高，人才需求旺盛，远程友好度高,"Denmark Blockchain Developer: high compensation, strong talent demand, highly remote-friendly",AI综合评估 + O*NET/ILO/OECD锚点校准,2026-04-13,2026-04-13,2000-2026
TECH-0501-FI-general,信息技术与数字化,TECH,新兴数字职业,区块链开发工程师,Blockchain Developer,2514,15-1252.00,北欧,芬兰,FI,country,general,本科/自学,22-30,global,6.8,5.9,6.5,6.0,6.4,2.8,8.5,8.2,9.3,7.4,4.8,10.0,7.8,9.2,7.8,6.2,5.3,3.6,5.9,7.3,10.0,8.5,9.0,6.4,9.8,9.5,6.7,5.5,0.5,0.7,7.1,7.5,9.6,2.5,3,0,→,2028-2033,7.07,芬兰区块链开发工程师：薪资回报高，人才需求旺盛，远程友好度高,"Finland Blockchain Developer: high compensation, strong talent demand, highly remote-friendly",AI综合评估 + O*NET/ILO/OECD锚点校准,2026-04-13,2026-04-13,2000-2026
TECH-0501-IT-general,信息技术与数字化,TECH,新兴数字职业,区块链开发工程师,Blockchain Developer,2514,15-1252.00,南欧,意大利,IT,country,general,本科/自学,22-30,global,6.3,5.6,6.1,4.8,6.8,4.2,6.5,6.6,6.9,6.9,3.3,9.5,8.0,5.7,5.6,5.4,4.9,4.4,5.9,6.1,9.0,8.2,5.2,6.4,9.6,4.4,5.5,5.9,0.2,0.4,8.3,7.7,8.4,2.5,3,0,→,2028-2033,6.11,意大利区块链开发工程师：远程友好度高，就业波动大,"Italy Blockchain Developer: highly remote-friendly, volatile employment",AI综合评估 + O*NET/ILO/OECD锚点校准,2026-04-13,2026-04-13,2000-2026
TECH-0501-ES-general,信息技术与数字化,TECH,新兴数字职业,区块链开发工程师,Blockchain Developer,2514,15-1252.00,南欧,西班牙,ES,country,general,本科/自学,22-30,global,6.3,5.9,6.1,4.7,7.0,4.0,6.7,6.2,6.6,6.1,3.3,9.5,7.5,5.2,5.1,5.0,5.5,4.1,5.2,6.1,10.0,7.2,6.7,6.2,8.8,5.9,5.7,5.6,0.4,0.4,7.9,7.1,8.2,2.7,3,0,→,2028-2033,6.03,西班牙区块链开发工程师：远程友好度高，就业波动大,"Spain Blockchain Developer: highly remote-friendly, volatile employment",AI综合评估 + O*NET/ILO/OECD锚点校准,2026-04-13,2026-04-13,2000-2026
TECH-0501-PT-general,信息技术与数字化,TECH,新兴数字职业,区块链开发工程师,Blockchain Developer,2514,15-1252.00,南欧,葡萄牙,PT,country,general,本科/自学,22-30,global,6.2,5.3,5.7,5.1,5.4,2.8,6.3,6.0,7.2,6.4,3.8,9.5,7.2,5.9,5.3,5.6,5.1,3.9,5.4,5.3,9.0,8.0,6.7,6.0,8.2,6.5,5.5,5.5,0.7,0.5,7.7,7.7,8.4,2.1,3,0,→,2028-2033,6.05,葡萄牙区块链开发工程师：远程友好度高，就业波动大,"Portugal Blockchain Developer: highly remote-friendly, volatile employment",AI综合评估 + O*NET/ILO/OECD锚点校准,2026-04-13,2026-04-13,2000-2026
TECH-0501-PL-general,信息技术与数字化,TECH,新兴数字职业,区块链开发工程师,Blockchain Developer,2514,15-1252.00,东欧,波兰,PL,country,general,本科/自学,22-30,global,6.6,5.6,6.1,5.6,6.0,4.0,7.5,6.0,7.2,7.4,4.3,9.5,7.0,5.4,6.1,5.4,5.5,3.9,5.8,6.7,10.0,8.2,6.0,7.0,8.8,6.2,6.5,5.9,0.7,0.7,7.3,7.5,9.0,2.5,3,0,→,2028-2033,6.37,波兰区块链开发工程师：人才需求旺盛，远程友好度高,"Poland Blockchain Developer: strong talent demand, highly remote-friendly",AI综合评估 + O*NET/ILO/OECD锚点校准,2026-04-13,2026-04-13,2000-2026
TECH-0501-CZ-general,信息技术与数字化,TECH,新兴数字职业,区块链开发工程师,Blockchain Developer,2514,15-1252.00,东欧,捷克,CZ,country,general,本科/自学,22-30,global,6.6,5.9,5.9,5.3,6.8,2.6,6.9,6.4,8.4,7.1,5.3,9.7,8.2,6.4,6.1,5.6,5.3,3.9,5.1,6.9,9.0,7.5,7.5,6.6,9.0,5.0,6.3,5.2,0.2,0.2,7.1,7.3,8.6,1.9,3,0,→,2028-2033,6.41,捷克区块链开发工程师：薪资回报高，远程友好度高,"Czech Republic Blockchain Developer: high compensation, highly remote-friendly",AI综合评估 + O*NET/ILO/OECD锚点校准,2026-04-13,2026-04-13,2000-2026
TECH-0501-RU-general,信息技术与数字化,TECH,新兴数字职业,区块链开发工程师,Blockchain Developer,2514,15-1252.00,东欧,俄罗斯,RU,country,general,本科/自学,22-30,global,6.6,5.9,6.5,4.4,6.6,3.4,7.9,5.8,6.3,5.9,2.8,9.0,6.2,5.2,4.6,5.4,5.5,3.8,5.5,6.3,8.7,8.0,4.2,7.0,8.4,5.6,5.9,5.3,0.1,0.0,8.1,8.1,5.8,1.7,3,0,→,2028-2033,5.88,俄罗斯区块链开发工程师：人才需求旺盛，远程友好度高，就业波动大,"Russia Blockchain Developer: strong talent demand, highly remote-friendly, volatile employment",AI综合评估 + O*NET/ILO/OECD锚点校准,2026-04-13,2026-04-13,2000-2026
TECH-0501-US-general,信息技术与数字化,TECH,新兴数字职业,区块链开发工程师,Blockchain Developer,2514,15-1252.00,北美,美国,US,country,general,本科/自学,22-30,global,6.9,5.6,8.3,5.3,8.8,6.2,8.3,7.8,10.0,9.6,2.8,9.2,7.0,3.4,3.8,5.6,6.7,3.8,5.5,8.7,10.0,8.7,5.5,7.6,10.0,7.7,5.7,5.6,0.4,0.5,8.5,8.3,10.0,1.7,3,1,→,2028-2033,6.89,美国区块链开发工程师：薪资回报高，人才需求旺盛，远程友好度高,"United States Blockchain Developer: high compensation, strong talent demand, highly remote-friendly",AI综合评估 + O*NET/ILO/OECD锚点校准,2026-04-13,2026-04-13,2000-2026
TECH-0501-CA-general,信息技术与数字化,TECH,新兴数字职业,区块链开发工程师,Blockchain Developer,2514,15-1252.00,北美,加拿大,CA,country,general,本科/自学,22-30,global,6.3,5.3,7.1,5.9,8.2,5.0,7.5,8.0,10.0,7.6,4.8,9.7,7.2,6.2,5.6,6.4,5.3,3.6,5.6,6.7,10.0,9.0,7.5,7.2,9.6,8.0,5.7,5.0,0.1,1.1,8.1,7.5,10.0,1.3,3,1,→,2028-2033,6.95,加拿大区块链开发工程师：薪资回报高，人才需求旺盛，远程友好度高,"Canada Blockchain Developer: high compensation, strong talent demand, highly remote-friendly",AI综合评估 + O*NET/ILO/OECD锚点校准,2026-04-13,2026-04-13,2000-2026
TECH-0501-MX-general,信息技术与数字化,TECH,新兴数字职业,区块链开发工程师,Blockchain Developer,2514,15-1252.00,北美,墨西哥,MX,country,general,本科/自学,22-30,global,6.8,5.6,6.3,4.4,6.0,4.2,6.1,6.2,4.8,5.9,3.0,9.7,6.0,3.9,3.8,5.2,4.7,4.2,5.6,5.7,8.1,8.0,4.7,5.8,9.0,4.1,4.7,5.0,0.5,0.2,8.5,7.5,7.4,1.9,3,0,→,2028-2033,5.57,墨西哥区块链开发工程师：就业波动大,Mexico Blockchain Developer: volatile employment,AI综合评估 + O*NET/ILO/OECD锚点校准,2026-04-13,2026-04-13,2000-2026
TECH-0501-BR-general,信息技术与数字化,TECH,新兴数字职业,区块链开发工程师,Blockchain Developer,2514,15-1252.00,南美,巴西,BR,country,general,本科/自学,22-30,global,6.5,5.6,7.3,4.4,7.4,5.0,6.5,6.0,6.9,5.1,3.3,9.2,7.5,4.4,4.6,5.4,4.9,3.9,5.4,5.9,9.3,7.0,6.0,5.8,9.8,4.4,5.9,5.9,0.2,0.5,8.3,7.9,6.8,1.9,3,0,→,2028-2033,5.94,巴西区块链开发工程师：远程友好度高，就业波动大,"Brazil Blockchain Developer: highly remote-friendly, volatile employment",AI综合评估 + O*NET/ILO/OECD锚点校准,2026-04-13,2026-04-13,2000-2026
TECH-0501-AR-general,信息技术与数字化,TECH,新兴数字职业,区块链开发工程师,Blockchain Developer,2514,15-1252.00,南美,阿根廷,AR,country,general,本科/自学,22-30,global,6.8,5.3,5.9,4.1,5.8,3.0,6.5,5.8,5.4,5.6,1.8,9.2,6.0,5.2,5.1,5.4,4.1,4.2,5.6,5.3,9.3,7.2,5.5,6.2,8.4,4.7,4.7,5.2,0.2,0.4,8.1,7.9,7.2,1.9,3,0,→,2028-2033,5.59,阿根廷区块链开发工程师：远程友好度高，就业波动大,"Argentina Blockchain Developer: highly remote-friendly, volatile employment",AI综合评估 + O*NET/ILO/OECD锚点校准,2026-04-13,2026-04-13,2000-2026
TECH-0501-CL-general,信息技术与数字化,TECH,新兴数字职业,区块链开发工程师,Blockchain Developer,2514,15-1252.00,南美,智利,CL,country,general,本科/自学,22-30,global,6.2,5.1,6.1,4.5,5.2,2.2,6.9,6.8,6.0,5.4,3.8,9.7,6.5,5.2,5.3,5.4,5.1,3.8,5.8,5.3,8.4,7.7,4.7,6.4,8.6,3.8,5.5,5.9,0.5,0.2,7.5,7.1,7.6,2.5,3,0,→,2028-2033,5.84,智利区块链开发工程师：就业波动大,Chile Blockchain Developer: volatile employment,AI综合评估 + O*NET/ILO/OECD锚点校准,2026-04-13,2026-04-13,2000-2026
TECH-0501-CO-general,信息技术与数字化,TECH,新兴数字职业,区块链开发工程师,Blockchain Developer,2514,15-1252.00,南美,哥伦比亚,CO,country,general,本科/自学,22-30,global,6.5,5.7,6.3,4.5,6.2,2.6,6.3,6.4,5.7,4.6,2.0,9.5,6.8,4.2,4.6,5.0,4.9,4.2,5.0,5.7,8.4,6.7,5.7,6.6,8.8,4.4,4.7,5.2,0.2,0.1,7.9,7.3,6.4,2.5,3,0,→,2028-2033,5.53,哥伦比亚区块链开发工程师：就业波动大,Colombia Blockchain Developer: volatile employment,AI综合评估 + O*NET/ILO/OECD锚点校准,2026-04-13,2026-04-13,2000-2026
TECH-0501-AU-general,信息技术与数字化,TECH,新兴数字职业,区块链开发工程师,Blockchain Developer,2514,15-1252.00,大洋洲,澳大利亚,AU,country,general,本科/自学,22-30,global,6.5,5.4,7.1,5.3,7.6,4.8,8.3,8.0,10.0,7.1,5.3,9.7,8.2,7.2,6.1,5.8,5.1,3.3,5.5,7.5,10.0,9.2,6.7,6.8,9.4,7.7,6.5,5.5,0.2,0.7,7.5,7.5,9.6,1.7,3,0,→,2028-2033,7.0,澳大利亚区块链开发工程师：薪资回报高，人才需求旺盛，远程友好度高,"Australia Blockchain Developer: high compensation, strong talent demand, highly remote-friendly",AI综合评估 + O*NET/ILO/OECD锚点校准,2026-04-13,2026-04-13,2000-2026
TECH-0501-NZ-general,信息技术与数字化,TECH,新兴数字职业,区块链开发工程师,Blockchain Developer,2514,15-1252.00,大洋洲,新西兰,NZ,country,general,本科/自学,22-30,global,6.5,5.9,6.7,5.6,6.0,3.2,7.5,6.2,9.0,6.6,5.3,9.7,8.0,7.4,7.3,5.2,4.9,3.9,5.6,6.3,10.0,8.5,7.0,6.8,9.6,7.7,6.7,5.0,0.7,0.7,7.9,7.5,9.0,2.9,3,0,→,2028-2033,6.6,新西兰区块链开发工程师：薪资回报高，人才需求旺盛，远程友好度高,"New Zealand Blockchain Developer: high compensation, strong talent demand, highly remote-friendly",AI综合评估 + O*NET/ILO/OECD锚点校准,2026-04-13,2026-04-13,2000-2026
TECH-0501-ZA-general,信息技术与数字化,TECH,新兴数字职业,区块链开发工程师,Blockchain Developer,2514,15-1252.00,非洲,南非,ZA,country,general,本科/自学,22-30,global,6.3,5.7,6.3,4.7,5.2,2.8,6.3,6.6,4.5,5.6,2.3,9.7,6.8,5.2,4.8,5.0,4.1,4.1,5.4,5.5,8.1,6.5,5.2,6.2,8.2,5.3,5.5,5.5,0.5,0.0,8.5,7.1,7.0,2.5,3,0,→,2028-2033,5.54,南非区块链开发工程师：薪资水平偏低，就业波动大,"South Africa Blockchain Developer: relatively low pay, volatile employment",AI综合评估 + O*NET/ILO/OECD锚点校准,2026-04-13,2026-04-13,2000-2026
TECH-0501-NG-general,信息技术与数字化,TECH,新兴数字职业,区块链开发工程师,Blockchain Developer,2514,15-1252.00,非洲,尼日利亚,NG,country,general,本科/自学,22-30,global,6.5,5.3,5.7,4.8,5.6,2.6,5.5,5.2,3.6,3.6,1.5,9.2,6.0,3.9,4.1,4.4,4.1,4.5,5.1,4.9,8.1,6.2,4.0,6.0,8.2,1.7,4.5,5.9,0.1,0.2,8.7,7.3,7.0,2.1,2,-1,→,2028-2033,4.99,尼日利亚区块链开发工程师：薪资水平偏低，就业波动大,"Nigeria Blockchain Developer: relatively low pay, volatile employment",AI综合评估 + O*NET/ILO/OECD锚点校准,2026-04-13,2026-04-13,2000-2026
TECH-0501-KE-general,信息技术与数字化,TECH,新兴数字职业,区块链开发工程师,Blockchain Developer,2514,15-1252.00,非洲,肯尼亚,KE,country,general,本科/自学,22-30,global,6.2,5.6,5.3,5.0,5.0,1.8,6.5,5.2,3.0,4.9,2.0,9.2,7.0,4.9,5.1,4.4,3.7,4.5,5.1,4.3,9.0,7.2,4.2,6.4,8.6,3.5,5.1,5.6,1.0,0.0,8.7,6.9,7.4,2.5,2,-1,→,2028-2033,5.2,肯尼亚区块链开发工程师：薪资水平偏低，远程友好度高，就业波动大,"Kenya Blockchain Developer: relatively low pay, highly remote-friendly, volatile employment",AI综合评估 + O*NET/ILO/OECD锚点校准,2026-04-13,2026-04-13,2000-2026
TECH-0501-EG-general,信息技术与数字化,TECH,新兴数字职业,区块链开发工程师,Blockchain Developer,2514,15-1252.00,非洲,埃及,EG,country,general,本科/自学,22-30,global,6.2,5.4,4.9,4.2,5.8,3.4,5.7,4.4,3.6,4.9,1.3,9.5,5.8,4.7,4.1,4.8,4.5,4.4,5.1,4.1,8.1,6.7,4.0,6.0,8.6,2.3,4.7,5.9,0.8,0.2,8.1,7.3,7.2,2.9,2,-1,→,2028-2033,5.06,埃及区块链开发工程师：薪资水平偏低，就业波动大,"Egypt Blockchain Developer: relatively low pay, volatile employment",AI综合评估 + O*NET/ILO/OECD锚点校准,2026-04-13,2026-04-13,2000-2026
TECH-0502-CN-general,信息技术与数字化,TECH,新兴数字职业,物联网工程师,IoT Engineer,2514,15-1252.00,东亚,中国,CN,country,general,本科/硕士,22-28,global,6.5,5.4,9.0,6.8,9.3,8.4,8.2,7.8,8.6,7.2,5.9,9.2,5.6,2.1,2.1,6.9,6.0,1.2,6.5,7.4,4.0,5.6,3.2,7.0,8.1,3.7,5.5,5.8,2.8,0.9,4.8,5.1,5.9,3.3,4,4,↑↑,2032-2038,6.42,中国物联网工程师：薪资回报高，人才需求旺盛，加班文化严重,"China IoT Engineer: high compensation, strong talent demand, heavy overtime culture",AI综合评估 + O*NET/ILO/OECD锚点校准,2026-04-13,2026-04-13,2000-2026
TECH-0502-JP-general,信息技术与数字化,TECH,新兴数字职业,物联网工程师,IoT Engineer,2514,15-1252.00,东亚,日本,JP,country,general,本科/硕士,22-28,global,6.1,5.9,8.2,7.6,8.3,7.0,8.0,8.0,8.3,8.4,8.1,9.0,6.1,3.1,3.1,7.3,6.4,0.8,6.4,7.4,4.3,5.6,4.7,7.4,7.7,3.7,6.1,5.8,2.8,1.5,4.6,4.7,5.5,3.5,4,3,↑,2032-2038,6.61,日本物联网工程师：薪资回报高，人才需求旺盛，加班文化严重,"Japan IoT Engineer: high compensation, strong talent demand, heavy overtime culture",AI综合评估 + O*NET/ILO/OECD锚点校准,2026-04-13,2026-04-13,2000-2026
TECH-0502-KR-general,信息技术与数字化,TECH,新兴数字职业,物联网工程师,IoT Engineer,2514,15-1252.00,东亚,韩国,KR,country,general,本科/硕士,22-28,global,6.2,5.9,8.6,7.3,8.7,6.8,7.6,8.4,7.7,7.9,5.6,9.0,5.9,3.3,3.6,6.9,5.4,1.2,6.9,8.0,3.7,5.6,4.7,7.0,7.3,2.2,6.3,5.9,2.3,0.9,4.2,5.1,7.3,2.9,4,3,↑,2032-2038,6.51,韩国物联网工程师：人才需求旺盛，加班文化严重,"South Korea IoT Engineer: strong talent demand, heavy overtime culture",AI综合评估 + O*NET/ILO/OECD锚点校准,2026-04-13,2026-04-13,2000-2026
TECH-0502-TW-general,信息技术与数字化,TECH,新兴数字职业,物联网工程师,IoT Engineer,2514,15-1252.00,东亚,中国台湾地区,TW,region,general,本科/硕士,22-28,global,6.4,5.6,7.6,7.3,7.3,6.0,8.2,7.6,6.5,6.4,6.1,9.0,6.1,4.3,4.8,6.7,6.0,1.0,6.9,7.0,4.0,5.4,4.9,7.2,6.7,4.3,5.9,5.2,2.5,1.5,4.6,5.1,7.7,2.9,4,3,↑,2032-2038,6.38,中国台湾地区物联网工程师：人才需求旺盛,Taiwan (China) IoT Engineer: strong talent demand,AI综合评估 + O*NET/ILO/OECD锚点校准,2026-04-13,2026-04-13,2000-2026
TECH-0502-HK-general,信息技术与数字化,TECH,新兴数字职业,物联网工程师,IoT Engineer,2514,15-1252.00,东亚,中国香港地区,HK,region,general,本科/硕士,22-28,global,6.4,5.4,7.2,7.4,6.7,5.0,7.6,6.4,10.0,7.2,6.9,9.2,6.9,3.8,3.8,6.9,5.6,1.6,6.6,6.6,4.3,6.1,5.2,7.2,7.1,4.6,5.7,5.6,2.8,0.9,4.4,5.3,8.9,2.9,4,3,↑,2032-2038,6.52,中国香港地区物联网工程师：薪资回报高，人才需求旺盛,"Hong Kong (China) IoT Engineer: high compensation, strong talent demand",AI综合评估 + O*NET/ILO/OECD锚点校准,2026-04-13,2026-04-13,2000-2026
TECH-0502-SG-general,信息技术与数字化,TECH,新兴数字职业,物联网工程师,IoT Engineer,2514,15-1252.00,东南亚,新加坡,SG,country,general,本科/硕士,22-28,global,6.1,6.2,8.4,7.9,7.7,5.6,7.6,7.4,10.0,8.9,8.6,9.0,7.4,5.1,4.3,7.5,6.6,0.8,6.6,8.0,6.1,6.9,5.4,7.4,7.1,6.7,6.3,5.5,2.3,1.9,3.4,5.5,9.7,3.3,4,4,↑↑,2032-2038,7.15,新加坡物联网工程师：薪资回报高，人才需求旺盛，就业稳定,"Singapore IoT Engineer: high compensation, strong talent demand, stable employment",AI综合评估 + O*NET/ILO/OECD锚点校准,2026-04-13,2026-04-13,2000-2026
TECH-0502-TH-general,信息技术与数字化,TECH,新兴数字职业,物联网工程师,IoT Engineer,2514,15-1252.00,东南亚,泰国,TH,country,general,本科/硕士,22-28,global,6.2,5.2,6.0,6.7,6.7,4.4,6.8,6.8,3.5,5.4,6.4,9.0,7.4,5.6,5.3,5.9,5.4,1.2,6.5,5.2,4.0,6.9,5.7,6.6,7.1,4.3,5.1,5.8,2.5,0.9,4.2,4.9,5.5,2.9,4,3,↑,2032-2038,5.96,泰国物联网工程师：薪资水平偏低,Thailand IoT Engineer: relatively low pay,AI综合评估 + O*NET/ILO/OECD锚点校准,2026-04-13,2026-04-13,2000-2026
TECH-0502-VN-general,信息技术与数字化,TECH,新兴数字职业,物联网工程师,IoT Engineer,2514,15-1252.00,东南亚,越南,VN,country,general,本科/硕士,22-28,global,5.8,5.8,6.8,6.4,7.1,5.6,6.4,6.6,4.1,5.4,4.6,8.7,6.9,4.6,3.6,6.7,5.2,1.6,6.1,6.2,4.9,5.4,4.2,6.8,6.1,4.3,5.1,5.0,2.9,0.9,4.4,5.5,5.9,3.5,4,3,↑,2032-2038,5.76,越南物联网工程师：薪资水平偏低,Vietnam IoT Engineer: relatively low pay,AI综合评估 + O*NET/ILO/OECD锚点校准,2026-04-13,2026-04-13,2000-2026
TECH-0502-ID-general,信息技术与数字化,TECH,新兴数字职业,物联网工程师,IoT Engineer,2514,15-1252.00,东南亚,印度尼西亚,ID,country,general,本科/硕士,22-28,global,5.6,5.0,7.2,6.7,6.3,6.0,6.4,6.4,3.8,4.9,5.4,9.2,7.4,5.3,4.8,6.5,5.6,1.7,6.1,5.6,3.4,6.9,5.4,6.4,7.5,4.0,6.3,5.3,2.0,1.0,5.2,4.9,5.9,3.1,4,3,↑,2032-2038,5.91,印度尼西亚物联网工程师：薪资水平偏低,Indonesia IoT Engineer: relatively low pay,AI综合评估 + O*NET/ILO/OECD锚点校准,2026-04-13,2026-04-13,2000-2026
TECH-0502-MY-general,信息技术与数字化,TECH,新兴数字职业,物联网工程师,IoT Engineer,2514,15-1252.00,东南亚,马来西亚,MY,country,general,本科/硕士,22-28,global,6.4,5.8,6.8,7.4,5.9,4.2,6.4,5.6,6.2,5.4,5.9,8.7,7.4,5.1,5.1,6.1,5.2,1.2,6.4,5.8,4.0,6.4,4.7,7.2,6.7,4.9,5.3,5.9,2.0,0.7,4.6,5.9,7.5,3.1,4,3,↑,2032-2038,6.05,马来西亚物联网工程师：发展平稳,Malaysia IoT Engineer: steady development,AI综合评估 + O*NET/ILO/OECD锚点校准,2026-04-13,2026-04-13,2000-2026
TECH-0502-PH-general,信息技术与数字化,TECH,新兴数字职业,物联网工程师,IoT Engineer,2514,15-1252.00,东南亚,菲律宾,PH,country,general,本科/硕士,22-28,global,6.1,5.4,5.8,6.2,6.1,4.8,5.8,6.2,4.4,5.2,5.6,9.2,6.4,4.6,3.8,6.3,5.2,1.7,6.6,4.8,5.5,6.1,5.4,6.6,6.5,4.9,5.1,5.3,2.8,0.6,4.2,5.7,7.3,2.7,4,3,↑,2032-2038,5.82,菲律宾物联网工程师：薪资水平偏低,Philippines IoT Engineer: relatively low pay,AI综合评估 + O*NET/ILO/OECD锚点校准,2026-04-13,2026-04-13,2000-2026
TECH-0502-IN-general,信息技术与数字化,TECH,新兴数字职业,物联网工程师,IoT Engineer,2514,15-1252.00,南亚,印度,IN,country,general,本科/硕士,22-28,global,6.4,6.1,8.6,7.0,9.1,7.0,7.6,7.4,7.1,6.9,5.9,9.0,5.9,4.1,4.3,7.5,6.4,1.0,6.9,7.0,6.4,6.6,3.7,7.0,7.1,1.9,5.3,5.5,2.9,0.4,4.6,5.3,8.3,2.9,4,3,↑,2032-2038,6.56,印度物联网工程师：人才需求旺盛,India IoT Engineer: strong talent demand,AI综合评估 + O*NET/ILO/OECD锚点校准,2026-04-13,2026-04-13,2000-2026
TECH-0502-PK-general,信息技术与数字化,TECH,新兴数字职业,物联网工程师,IoT Engineer,2514,15-1252.00,南亚,巴基斯坦,PK,country,general,本科/硕士,22-28,global,6.2,5.3,6.0,6.2,5.5,4.8,5.8,4.8,2.3,4.4,4.4,8.5,6.9,5.1,4.6,6.3,5.0,2.2,6.2,5.0,5.5,6.1,4.2,6.8,6.5,0.7,5.9,5.2,2.5,0.4,4.6,6.1,5.9,2.9,3,2,↑,2032-2038,5.41,巴基斯坦物联网工程师：薪资水平偏低,Pakistan IoT Engineer: relatively low pay,AI综合评估 + O*NET/ILO/OECD锚点校准,2026-04-13,2026-04-13,2000-2026
TECH-0502-BD-general,信息技术与数字化,TECH,新兴数字职业,物联网工程师,IoT Engineer,2514,15-1252.00,南亚,孟加拉国,BD,country,general,本科/硕士,22-28,global,6.1,5.4,4.8,6.1,5.9,3.6,5.0,4.8,2.9,3.9,3.9,9.0,5.4,4.1,3.6,5.7,4.0,1.8,6.4,4.2,4.9,6.4,4.4,7.0,6.3,0.7,5.7,5.8,2.0,1.2,4.4,5.3,6.5,2.9,3,2,↑,2032-2038,5.19,孟加拉国物联网工程师：薪资水平偏低，就业波动大,"Bangladesh IoT Engineer: relatively low pay, volatile employment",AI综合评估 + O*NET/ILO/OECD锚点校准,2026-04-13,2026-04-13,2000-2026
TECH-0502-AE-general,信息技术与数字化,TECH,新兴数字职业,物联网工程师,IoT Engineer,2514,15-1252.00,中亚/西亚,阿联酋,AE,country,general,本科/硕士,22-28,global,5.9,5.6,7.6,7.9,7.3,5.6,7.2,7.6,9.8,8.2,6.9,9.2,6.1,5.6,5.1,6.5,5.8,1.0,7.0,7.6,4.0,5.6,4.7,7.8,7.5,4.3,6.3,5.3,2.5,1.0,4.6,4.9,8.9,2.9,4,3,↑,2032-2038,6.79,阿联酋物联网工程师：薪资回报高,United Arab Emirates IoT Engineer: high compensation,AI综合评估 + O*NET/ILO/OECD锚点校准,2026-04-13,2026-04-13,2000-2026
TECH-0502-IL-general,信息技术与数字化,TECH,新兴数字职业,物联网工程师,IoT Engineer,2514,15-1252.00,中亚/西亚,以色列,IL,country,general,本科/硕士,22-28,global,6.7,5.4,8.4,7.0,7.9,5.8,8.0,8.0,10.0,8.9,6.1,8.7,6.9,5.3,5.1,7.1,6.2,1.2,6.8,7.8,7.9,6.9,6.7,7.4,7.7,6.4,6.5,5.8,2.6,0.6,4.2,5.9,8.5,3.5,4,4,↑↑,2032-2038,7.13,以色列物联网工程师：薪资回报高，人才需求旺盛，近年增长迅猛,"Israel IoT Engineer: high compensation, strong talent demand, rapid recent growth",AI综合评估 + O*NET/ILO/OECD锚点校准,2026-04-13,2026-04-13,2000-2026
TECH-0502-SA-general,信息技术与数字化,TECH,新兴数字职业,物联网工程师,IoT Engineer,2514,15-1252.00,中亚/西亚,沙特阿拉伯,SA,country,general,本科/硕士,22-28,global,5.6,5.4,6.6,6.8,6.9,4.6,7.0,6.4,8.6,7.2,6.1,9.2,5.9,5.3,4.6,7.1,4.8,1.6,6.2,6.4,2.5,5.9,4.9,7.0,7.3,1.3,5.5,5.8,2.8,0.9,4.8,4.9,6.9,3.5,4,3,↑,2032-2038,6.15,沙特阿拉伯物联网工程师：薪资回报高,Saudi Arabia IoT Engineer: high compensation,AI综合评估 + O*NET/ILO/OECD锚点校准,2026-04-13,2026-04-13,2000-2026
TECH-0502-TR-general,信息技术与数字化,TECH,新兴数字职业,物联网工程师,IoT Engineer,2514,15-1252.00,中亚/西亚,土耳其,TR,country,general,本科/硕士,22-28,global,5.6,5.8,7.4,6.4,6.9,5.4,7.2,5.8,5.6,5.4,4.6,8.5,5.9,4.6,4.3,6.1,5.6,1.4,6.1,6.4,5.5,6.4,5.2,7.2,7.3,3.7,5.7,5.8,2.6,0.6,5.4,5.5,6.7,3.7,4,3,↑,2032-2038,6.0,土耳其物联网工程师：发展平稳,Turkey IoT Engineer: steady development,AI综合评估 + O*NET/ILO/OECD锚点校准,2026-04-13,2026-04-13,2000-2026
TECH-0502-GB-general,信息技术与数字化,TECH,新兴数字职业,物联网工程师,IoT Engineer,2514,15-1252.00,西欧,英国,GB,country,general,本科/硕士,22-28,global,6.1,6.1,8.6,7.6,8.9,6.8,7.8,7.4,10.0,8.4,6.6,9.0,7.6,6.3,5.1,6.9,6.4,1.4,6.4,7.6,8.5,7.9,7.2,8.0,8.1,6.7,6.5,5.5,2.5,1.3,4.0,5.9,8.7,2.9,4,4,↑↑,2032-2038,7.28,英国物联网工程师：薪资回报高，人才需求旺盛，远程友好度高,"United Kingdom IoT Engineer: high compensation, strong talent demand, highly remote-friendly",AI综合评估 + O*NET/ILO/OECD锚点校准,2026-04-13,2026-04-13,2000-2026
TECH-0502-FR-general,信息技术与数字化,TECH,新兴数字职业,物联网工程师,IoT Engineer,2514,15-1252.00,西欧,法国,FR,country,general,本科/硕士,22-28,global,5.9,5.8,7.8,7.3,7.7,6.8,7.8,7.6,7.4,7.2,6.6,9.2,8.6,7.8,6.6,7.1,6.6,1.0,6.5,7.0,5.5,7.9,7.4,6.8,7.3,5.5,6.9,5.8,2.5,1.3,3.8,5.7,7.7,2.5,4,3,↑,2032-2038,7.02,法国物联网工程师：人才需求旺盛，工作时间规律,"France IoT Engineer: strong talent demand, regular working hours",AI综合评估 + O*NET/ILO/OECD锚点校准,2026-04-13,2026-04-13,2000-2026
TECH-0502-DE-general,信息技术与数字化,TECH,新兴数字职业,物联网工程师,IoT Engineer,2514,15-1252.00,西欧,德国,DE,country,general,本科/硕士,22-28,global,6.2,6.1,8.2,7.6,8.1,6.6,8.0,8.0,9.2,7.7,7.6,9.5,8.6,8.1,6.8,7.3,6.0,1.4,6.8,7.4,5.2,7.1,7.4,6.8,8.5,5.2,6.7,5.3,2.5,1.3,3.8,5.3,8.1,2.5,4,3,↑,2032-2038,7.2,德国物联网工程师：薪资回报高，人才需求旺盛，工作时间规律,"Germany IoT Engineer: high compensation, strong talent demand, regular working hours",AI综合评估 + O*NET/ILO/OECD锚点校准,2026-04-13,2026-04-13,2000-2026
TECH-0502-NL-general,信息技术与数字化,TECH,新兴数字职业,物联网工程师,IoT Engineer,2514,15-1252.00,西欧,荷兰,NL,country,general,本科/硕士,22-28,global,6.5,5.8,7.8,7.6,8.3,5.4,8.4,8.4,9.8,8.4,7.6,9.2,8.4,9.3,7.6,7.1,5.6,1.0,6.6,7.6,8.5,8.1,8.4,7.0,6.9,8.8,7.1,5.2,2.2,1.0,3.8,6.3,8.3,2.5,4,3,↑,2032-2038,7.55,荷兰物联网工程师：薪资回报高，人才需求旺盛，远程友好度高,"Netherlands IoT Engineer: high compensation, strong talent demand, highly remote-friendly",AI综合评估 + O*NET/ILO/OECD锚点校准,2026-04-13,2026-04-13,2000-2026
TECH-0502-CH-general,信息技术与数字化,TECH,新兴数字职业,物联网工程师,IoT Engineer,2514,15-1252.00,西欧,瑞士,CH,country,general,本科/硕士,22-28,global,6.4,6.1,7.6,7.7,7.7,6.0,8.2,7.6,10.0,9.2,9.4,9.5,7.9,6.8,6.8,7.3,5.4,1.0,6.5,7.4,5.5,7.1,8.7,7.0,7.7,5.8,6.3,5.8,2.5,1.2,3.4,5.9,8.9,3.7,4,3,↑,2032-2038,7.33,瑞士物联网工程师：薪资回报高，人才需求旺盛，就业稳定,"Switzerland IoT Engineer: high compensation, strong talent demand, stable employment",AI综合评估 + O*NET/ILO/OECD锚点校准,2026-04-13,2026-04-13,2000-2026
TECH-0502-SE-general,信息技术与数字化,TECH,新兴数字职业,物联网工程师,IoT Engineer,2514,15-1252.00,北欧,瑞典,SE,country,general,本科/硕士,22-28,global,6.2,5.6,7.4,7.6,7.3,5.0,7.6,7.8,8.6,7.4,8.4,9.2,8.6,9.8,7.6,6.5,5.6,1.0,6.5,8.2,7.6,6.9,9.2,7.0,6.9,8.8,6.9,5.6,2.3,1.5,3.4,5.5,8.5,3.1,4,3,↑,2032-2038,7.34,瑞典物联网工程师：薪资回报高，人才需求旺盛，工作时间规律,"Sweden IoT Engineer: high compensation, strong talent demand, regular working hours",AI综合评估 + O*NET/ILO/OECD锚点校准,2026-04-13,2026-04-13,2000-2026
TECH-0502-DK-general,信息技术与数字化,TECH,新兴数字职业,物联网工程师,IoT Engineer,2514,15-1252.00,北欧,丹麦,DK,country,general,本科/硕士,22-28,global,6.1,5.6,7.2,7.7,6.7,5.0,7.4,8.0,8.3,7.9,8.1,9.2,9.1,9.6,7.6,6.5,5.6,1.2,6.8,7.0,6.7,7.4,8.2,6.8,7.1,9.1,6.7,5.6,2.5,1.0,4.0,5.7,8.9,2.5,4,3,↑,2032-2038,7.27,丹麦物联网工程师：薪资回报高，工作时间规律，就业稳定,"Denmark IoT Engineer: high compensation, regular working hours, stable employment",AI综合评估 + O*NET/ILO/OECD锚点校准,2026-04-13,2026-04-13,2000-2026
TECH-0502-FI-general,信息技术与数字化,TECH,新兴数字职业,物联网工程师,IoT Engineer,2514,15-1252.00,北欧,芬兰,FI,country,general,本科/硕士,22-28,global,6.4,6.2,8.0,7.3,7.1,5.4,7.6,8.0,8.6,6.9,7.1,9.2,7.6,8.6,7.6,7.3,5.6,0.8,6.8,6.8,8.2,7.1,8.4,7.8,6.7,9.4,6.3,5.9,2.2,1.5,4.6,6.5,8.5,3.1,4,3,↑,2032-2038,7.25,芬兰物联网工程师：薪资回报高，人才需求旺盛，工作时间规律,"Finland IoT Engineer: high compensation, strong talent demand, regular working hours",AI综合评估 + O*NET/ILO/OECD锚点校准,2026-04-13,2026-04-13,2000-2026
TECH-0502-IT-general,信息技术与数字化,TECH,新兴数字职业,物联网工程师,IoT Engineer,2514,15-1252.00,南欧,意大利,IT,country,general,本科/硕士,22-28,global,5.9,5.4,6.4,7.3,7.1,5.6,6.6,6.6,7.7,5.9,5.4,8.7,6.9,5.6,5.3,5.9,5.4,1.7,6.5,5.8,4.6,6.6,6.4,7.2,6.9,4.6,6.1,5.5,2.2,1.3,4.8,5.7,6.7,3.5,4,3,↑,2032-2038,6.26,意大利物联网工程师：发展平稳,Italy IoT Engineer: steady development,AI综合评估 + O*NET/ILO/OECD锚点校准,2026-04-13,2026-04-13,2000-2026
TECH-0502-ES-general,信息技术与数字化,TECH,新兴数字职业,物联网工程师,IoT Engineer,2514,15-1252.00,南欧,西班牙,ES,country,general,本科/硕士,22-28,global,6.2,5.6,7.0,6.5,6.9,5.4,7.0,5.8,7.1,6.4,4.9,9.0,7.6,5.6,5.8,7.1,4.8,1.8,6.9,5.6,5.2,7.6,7.4,6.6,7.5,5.2,5.9,5.8,2.8,1.2,4.8,6.3,7.5,2.5,4,3,↑,2032-2038,6.4,西班牙物联网工程师：发展平稳,Spain IoT Engineer: steady development,AI综合评估 + O*NET/ILO/OECD锚点校准,2026-04-13,2026-04-13,2000-2026
TECH-0502-PT-general,信息技术与数字化,TECH,新兴数字职业,物联网工程师,IoT Engineer,2514,15-1252.00,南欧,葡萄牙,PT,country,general,本科/硕士,22-28,global,5.6,5.3,6.2,6.8,6.7,4.6,6.8,6.6,6.2,6.4,5.6,9.0,7.6,6.6,5.3,5.9,5.0,1.2,6.0,5.8,5.8,6.4,6.9,6.8,6.9,6.4,6.3,5.3,2.3,0.9,5.0,6.1,7.7,3.5,4,3,↑,2032-2038,6.33,葡萄牙物联网工程师：发展平稳,Portugal IoT Engineer: steady development,AI综合评估 + O*NET/ILO/OECD锚点校准,2026-04-13,2026-04-13,2000-2026
TECH-0502-PL-general,信息技术与数字化,TECH,新兴数字职业,物联网工程师,IoT Engineer,2514,15-1252.00,东欧,波兰,PL,country,general,本科/硕士,22-28,global,6.1,5.3,7.2,7.6,7.1,5.8,7.8,6.0,6.5,7.2,7.1,8.7,6.9,6.3,5.8,6.1,5.0,1.7,6.2,7.0,5.8,6.9,7.7,7.4,7.7,4.9,6.3,5.6,2.9,0.7,4.8,5.1,8.1,2.9,4,3,↑,2032-2038,6.6,波兰物联网工程师：人才需求旺盛,Poland IoT Engineer: strong talent demand,AI综合评估 + O*NET/ILO/OECD锚点校准,2026-04-13,2026-04-13,2000-2026
TECH-0502-CZ-general,信息技术与数字化,TECH,新兴数字职业,物联网工程师,IoT Engineer,2514,15-1252.00,东欧,捷克,CZ,country,general,本科/硕士,22-28,global,6.1,5.6,7.4,7.1,6.9,5.4,6.8,6.8,6.2,6.9,7.1,9.0,7.6,7.6,6.6,6.5,5.0,1.4,6.2,6.4,6.7,6.9,8.2,7.4,7.3,5.2,6.3,5.5,2.2,1.2,4.0,5.3,8.3,3.3,4,3,↑,2032-2038,6.69,捷克物联网工程师：工作时间规律,Czech Republic IoT Engineer: regular working hours,AI综合评估 + O*NET/ILO/OECD锚点校准,2026-04-13,2026-04-13,2000-2026
TECH-0502-RU-general,信息技术与数字化,TECH,新兴数字职业,物联网工程师,IoT Engineer,2514,15-1252.00,东欧,俄罗斯,RU,country,general,本科/硕士,22-28,global,6.2,5.9,7.2,6.8,7.1,6.4,7.2,6.6,5.6,5.4,3.9,8.5,6.4,5.8,4.6,6.1,6.2,1.6,6.6,6.6,5.8,6.9,5.9,7.2,6.9,5.2,6.1,5.5,2.8,0.9,5.6,5.1,4.5,3.1,4,3,↑,2032-2038,6.1,俄罗斯物联网工程师：就业波动大,Russia IoT Engineer: volatile employment,AI综合评估 + O*NET/ILO/OECD锚点校准,2026-04-13,2026-04-13,2000-2026
TECH-0502-US-general,信息技术与数字化,TECH,新兴数字职业,物联网工程师,IoT Engineer,2514,15-1252.00,北美,美国,US,country,general,本科/硕士,22-28,global,5.8,6.1,8.8,7.3,9.3,7.6,8.8,7.4,10.0,9.7,5.6,9.0,7.1,3.8,4.1,7.5,7.4,1.2,6.8,8.2,8.5,7.4,5.4,8.4,8.5,7.6,6.7,5.2,2.3,1.3,4.4,6.9,7.9,2.9,4,4,↑↑,2032-2038,7.31,美国物联网工程师：薪资回报高，人才需求旺盛，远程友好度高,"United States IoT Engineer: high compensation, strong talent demand, highly remote-friendly",AI综合评估 + O*NET/ILO/OECD锚点校准,2026-04-13,2026-04-13,2000-2026
TECH-0502-CA-general,信息技术与数字化,TECH,新兴数字职业,物联网工程师,IoT Engineer,2514,15-1252.00,北美,加拿大,CA,country,general,本科/硕士,22-28,global,6.5,5.8,7.4,7.3,7.7,7.0,8.4,8.2,9.5,8.7,7.9,9.5,8.1,7.6,5.6,6.9,6.6,0.8,7.0,8.2,8.2,6.9,7.2,7.0,7.3,7.0,6.7,5.5,2.2,1.3,4.0,6.1,9.3,3.3,4,4,↑↑,2032-2038,7.4,加拿大物联网工程师：薪资回报高，人才需求旺盛，工作时间规律,"Canada IoT Engineer: high compensation, strong talent demand, regular working hours",AI综合评估 + O*NET/ILO/OECD锚点校准,2026-04-13,2026-04-13,2000-2026
TECH-0502-MX-general,信息技术与数字化,TECH,新兴数字职业,物联网工程师,IoT Engineer,2514,15-1252.00,北美,墨西哥,MX,country,general,本科/硕士,22-28,global,6.2,5.9,7.4,6.8,6.9,5.4,6.8,6.6,5.0,6.2,4.6,9.2,6.6,3.8,4.1,6.1,5.4,1.6,6.5,6.4,5.5,6.9,5.2,6.8,7.1,3.1,5.9,5.8,2.9,1.0,4.8,6.1,6.9,2.7,4,3,↑,2032-2038,6.05,墨西哥物联网工程师：发展平稳,Mexico IoT Engineer: steady development,AI综合评估 + O*NET/ILO/OECD锚点校准,2026-04-13,2026-04-13,2000-2026
TECH-0502-BR-general,信息技术与数字化,TECH,新兴数字职业,物联网工程师,IoT Engineer,2514,15-1252.00,南美,巴西,BR,country,general,本科/硕士,22-28,global,5.9,5.2,7.2,7.0,8.1,6.8,6.8,6.2,6.5,6.2,5.6,9.0,7.4,5.8,4.8,6.3,5.8,1.8,6.6,6.4,6.7,6.4,6.4,6.6,6.9,3.4,5.7,5.9,2.6,1.0,5.2,5.9,5.5,2.9,4,3,↑,2032-2038,6.34,巴西物联网工程师：发展平稳,Brazil IoT Engineer: steady development,AI综合评估 + O*NET/ILO/OECD锚点校准,2026-04-13,2026-04-13,2000-2026
TECH-0502-AR-general,信息技术与数字化,TECH,新兴数字职业,物联网工程师,IoT Engineer,2514,15-1252.00,南美,阿根廷,AR,country,general,本科/硕士,22-28,global,5.9,5.8,6.0,6.4,6.5,4.8,7.0,6.8,3.5,4.9,4.6,8.5,7.4,5.1,4.6,5.9,5.4,1.6,6.2,6.2,6.7,6.6,4.9,6.6,6.5,3.7,5.7,5.0,2.8,1.3,4.6,6.3,5.9,2.9,4,3,↑,2032-2038,5.84,阿根廷物联网工程师：薪资水平偏低,Argentina IoT Engineer: relatively low pay,AI综合评估 + O*NET/ILO/OECD锚点校准,2026-04-13,2026-04-13,2000-2026
TECH-0502-CL-general,信息技术与数字化,TECH,新兴数字职业,物联网工程师,IoT Engineer,2514,15-1252.00,南美,智利,CL,country,general,本科/硕士,22-28,global,6.2,5.4,6.4,7.3,6.3,4.2,6.8,6.6,5.3,6.2,5.9,9.2,6.6,6.1,4.6,6.7,5.6,1.6,6.6,5.6,5.8,5.6,6.2,6.6,6.7,3.4,5.9,5.2,2.9,0.6,4.2,5.9,7.3,3.3,4,3,↑,2032-2038,6.15,智利物联网工程师：发展平稳,Chile IoT Engineer: steady development,AI综合评估 + O*NET/ILO/OECD锚点校准,2026-04-13,2026-04-13,2000-2026
TECH-0502-CO-general,信息技术与数字化,TECH,新兴数字职业,物联网工程师,IoT Engineer,2514,15-1252.00,南美,哥伦比亚,CO,country,general,本科/硕士,22-28,global,5.6,5.3,6.4,6.4,5.7,4.4,6.6,6.4,5.3,5.2,5.9,9.2,6.9,5.1,5.6,5.9,4.8,1.4,6.1,6.0,6.1,6.6,5.4,6.8,7.1,4.0,6.1,5.2,2.6,0.6,5.2,5.1,5.9,3.7,4,3,↑,2032-2038,5.98,哥伦比亚物联网工程师：发展平稳,Colombia IoT Engineer: steady development,AI综合评估 + O*NET/ILO/OECD锚点校准,2026-04-13,2026-04-13,2000-2026
TECH-0502-AU-general,信息技术与数字化,TECH,新兴数字职业,物联网工程师,IoT Engineer,2514,15-1252.00,大洋洲,澳大利亚,AU,country,general,本科/硕士,22-28,global,6.4,5.8,8.0,7.6,7.5,6.4,7.4,7.8,9.2,8.2,7.9,9.5,7.4,7.8,6.6,6.9,5.2,1.2,6.9,7.4,7.6,7.4,8.2,7.0,7.1,7.0,7.1,5.6,2.6,0.9,3.6,5.5,9.1,2.3,4,3,↑,2032-2038,7.3,澳大利亚物联网工程师：薪资回报高，工作时间规律，就业稳定,"Australia IoT Engineer: high compensation, regular working hours, stable employment",AI综合评估 + O*NET/ILO/OECD锚点校准,2026-04-13,2026-04-13,2000-2026
TECH-0502-NZ-general,信息技术与数字化,TECH,新兴数字职业,物联网工程师,IoT Engineer,2514,15-1252.00,大洋洲,新西兰,NZ,country,general,本科/硕士,22-28,global,6.4,5.3,7.6,8.0,6.7,4.2,7.4,6.6,7.7,6.4,8.4,9.0,7.9,8.8,7.3,6.3,4.8,1.6,6.4,6.6,6.7,7.6,7.7,6.8,6.5,8.2,6.9,5.6,2.3,1.6,3.8,6.1,8.1,3.9,4,3,↑,2032-2038,6.91,新西兰物联网工程师：工作时间规律，就业稳定,"New Zealand IoT Engineer: regular working hours, stable employment",AI综合评估 + O*NET/ILO/OECD锚点校准,2026-04-13,2026-04-13,2000-2026
TECH-0502-ZA-general,信息技术与数字化,TECH,新兴数字职业,物联网工程师,IoT Engineer,2514,15-1252.00,非洲,南非,ZA,country,general,本科/硕士,22-28,global,6.1,5.3,6.4,6.4,5.9,4.8,6.4,6.8,4.4,4.9,4.4,9.0,6.4,5.8,5.3,6.1,5.6,1.8,6.6,5.2,4.3,5.9,4.9,6.4,6.5,4.3,5.7,5.8,2.5,1.2,5.2,5.5,6.7,3.5,4,3,↑,2032-2038,5.8,南非物联网工程师：薪资水平偏低,South Africa IoT Engineer: relatively low pay,AI综合评估 + O*NET/ILO/OECD锚点校准,2026-04-13,2026-04-13,2000-2026
TECH-0502-NG-general,信息技术与数字化,TECH,新兴数字职业,物联网工程师,IoT Engineer,2514,15-1252.00,非洲,尼日利亚,NG,country,general,本科/硕士,22-28,global,5.5,5.3,5.4,6.8,5.5,5.2,5.8,5.2,2.9,3.7,3.6,8.7,6.6,4.6,4.6,5.5,5.0,2.3,5.9,4.8,5.5,6.1,4.4,6.6,6.3,1.0,5.7,5.3,2.5,0.4,5.4,5.3,6.3,3.9,3,2,↑,2032-2038,5.31,尼日利亚物联网工程师：薪资水平偏低，就业波动大,"Nigeria IoT Engineer: relatively low pay, volatile employment",AI综合评估 + O*NET/ILO/OECD锚点校准,2026-04-13,2026-04-13,2000-2026
TECH-0502-KE-general,信息技术与数字化,TECH,新兴数字职业,物联网工程师,IoT Engineer,2514,15-1252.00,非洲,肯尼亚,KE,country,general,本科/硕士,22-28,global,5.8,5.2,5.6,6.8,5.7,4.4,5.6,4.0,3.2,3.9,3.9,8.7,6.4,4.8,4.6,5.7,4.8,1.8,6.0,5.0,4.0,6.1,5.2,6.4,6.1,2.5,6.1,5.2,2.8,0.6,4.4,5.3,6.9,4.1,3,2,↑,2032-2038,5.35,肯尼亚物联网工程师：薪资水平偏低，就业波动大,"Kenya IoT Engineer: relatively low pay, volatile employment",AI综合评估 + O*NET/ILO/OECD锚点校准,2026-04-13,2026-04-13,2000-2026
TECH-0502-EG-general,信息技术与数字化,TECH,新兴数字职业,物联网工程师,IoT Engineer,2514,15-1252.00,非洲,埃及,EG,country,general,本科/硕士,22-28,global,5.5,5.0,5.8,6.5,6.5,5.2,6.0,4.4,4.1,3.7,4.6,9.0,6.6,4.8,3.6,6.7,5.0,2.0,6.0,4.8,3.1,6.1,5.7,6.8,6.7,1.0,5.1,5.9,2.5,0.6,5.4,5.7,5.5,3.7,3,2,↑,2032-2038,5.44,埃及物联网工程师：薪资水平偏低,Egypt IoT Engineer: relatively low pay,AI综合评估 + O*NET/ILO/OECD锚点校准,2026-04-13,2026-04-13,2000-2026
TECH-0503-CN-general,信息技术与数字化,TECH,新兴数字职业,机器人流程自动化工程师,RPA Developer,2514,15-1252.00,东亚,中国,CN,country,general,本科/大专,22-30,global,4.8,4.2,7.0,5.0,7.7,6.9,7.6,6.2,7.9,7.9,4.4,9.5,6.3,1.6,4.1,6.3,6.2,1.7,4.1,6.6,5.3,5.2,4.0,5.5,6.7,5.4,6.8,5.5,0.5,0.5,5.6,6.2,5.7,3.7,3,2,↑,2026-2030,6.05,中国机器人流程自动化工程师：人才需求旺盛，加班文化严重,"China RPA Developer: strong talent demand, heavy overtime culture",AI综合评估 + O*NET/ILO/OECD锚点校准,2026-04-13,2026-04-13,2000-2026
TECH-0503-JP-general,信息技术与数字化,TECH,新兴数字职业,机器人流程自动化工程师,RPA Developer,2514,15-1252.00,东亚,日本,JP,country,general,本科/大专,22-30,global,5.1,4.0,6.8,6.2,7.7,6.9,7.2,6.4,6.7,6.9,7.1,9.5,6.0,3.4,3.3,6.7,5.8,1.9,4.0,6.2,7.7,5.7,5.7,5.7,7.5,4.2,6.6,5.5,0.5,0.2,4.8,7.2,5.7,3.3,3,1,→,2026-2030,6.25,日本机器人流程自动化工程师：AI替代风险较高，加班文化严重,"Japan RPA Developer: high AI displacement risk, heavy overtime culture",AI综合评估 + O*NET/ILO/OECD锚点校准,2026-04-13,2026-04-13,2000-2026
TECH-0503-KR-general,信息技术与数字化,TECH,新兴数字职业,机器人流程自动化工程师,RPA Developer,2514,15-1252.00,东亚,韩国,KR,country,general,本科/大专,22-30,global,4.6,4.6,6.4,5.5,7.3,6.1,6.4,7.0,7.6,7.4,5.4,9.2,5.8,3.4,3.3,6.5,6.0,1.3,3.9,6.6,5.9,5.2,3.7,5.7,6.5,3.6,6.4,5.2,1.0,0.9,5.2,6.2,6.3,3.9,3,1,→,2026-2030,5.99,韩国机器人流程自动化工程师：AI替代风险较高，加班文化严重,"South Korea RPA Developer: high AI displacement risk, heavy overtime culture",AI综合评估 + O*NET/ILO/OECD锚点校准,2026-04-13,2026-04-13,2000-2026
TECH-0503-TW-general,信息技术与数字化,TECH,新兴数字职业,机器人流程自动化工程师,RPA Developer,2514,15-1252.00,东亚,中国台湾地区,TW,region,general,本科/大专,22-30,global,4.6,4.2,7.0,5.5,7.1,5.9,7.2,6.8,5.2,7.2,5.1,9.7,6.0,3.1,4.8,5.7,5.8,1.6,3.6,6.4,6.8,5.2,4.7,5.7,7.3,6.6,7.0,5.4,0.7,0.9,4.8,7.0,7.1,3.9,3,1,→,2026-2030,6.08,中国台湾地区机器人流程自动化工程师：AI替代风险较高，加班文化严重,"Taiwan (China) RPA Developer: high AI displacement risk, heavy overtime culture",AI综合评估 + O*NET/ILO/OECD锚点校准,2026-04-13,2026-04-13,2000-2026
TECH-0503-HK-general,信息技术与数字化,TECH,新兴数字职业,机器人流程自动化工程师,RPA Developer,2514,15-1252.00,东亚,中国香港地区,HK,region,general,本科/大专,22-30,global,4.2,4.2,5.2,5.8,6.1,4.3,5.8,5.6,7.6,7.7,5.4,9.7,5.8,3.1,3.6,5.7,5.0,1.7,3.4,6.0,8.6,6.4,4.2,5.5,6.9,6.0,6.6,5.1,0.4,0.8,4.4,7.4,8.5,3.3,3,1,→,2026-2030,6.03,中国香港地区机器人流程自动化工程师：AI替代风险较高，远程友好度高，加班文化严重,"Hong Kong (China) RPA Developer: high AI displacement risk, highly remote-friendly, heavy overtime culture",AI综合评估 + O*NET/ILO/OECD锚点校准,2026-04-13,2026-04-13,2000-2026
TECH-0503-SG-general,信息技术与数字化,TECH,新兴数字职业,机器人流程自动化工程师,RPA Developer,2514,15-1252.00,东南亚,新加坡,SG,country,general,本科/大专,22-30,global,5.2,4.7,6.2,5.6,6.5,5.7,6.4,6.2,8.5,9.2,7.1,10.0,7.0,4.6,4.3,6.5,6.0,1.7,3.9,6.8,8.0,6.9,6.0,5.7,6.5,8.4,6.0,5.5,1.0,0.9,4.0,7.2,8.5,3.1,3,2,↑,2026-2030,6.58,新加坡机器人流程自动化工程师：薪资回报高，AI替代风险较高,"Singapore RPA Developer: high compensation, high AI displacement risk",AI综合评估 + O*NET/ILO/OECD锚点校准,2026-04-13,2026-04-13,2000-2026
TECH-0503-TH-general,信息技术与数字化,TECH,新兴数字职业,机器人流程自动化工程师,RPA Developer,2514,15-1252.00,东南亚,泰国,TH,country,general,本科/大专,22-30,global,4.2,4.2,5.2,5.6,5.5,4.9,5.0,4.8,3.4,4.7,5.9,9.7,7.0,6.4,5.3,5.3,5.4,2.2,3.4,4.6,7.1,5.7,5.0,4.7,6.3,6.0,5.6,5.1,0.1,0.8,5.4,6.6,4.9,4.3,3,1,→,2026-2030,5.49,泰国机器人流程自动化工程师：薪资水平偏低，AI替代风险较高,"Thailand RPA Developer: relatively low pay, high AI displacement risk",AI综合评估 + O*NET/ILO/OECD锚点校准,2026-04-13,2026-04-13,2000-2026
TECH-0503-VN-general,信息技术与数字化,TECH,新兴数字职业,机器人流程自动化工程师,RPA Developer,2514,15-1252.00,东南亚,越南,VN,country,general,本科/大专,22-30,global,4.9,3.6,5.4,5.0,5.5,4.5,6.2,5.8,3.4,5.2,4.9,9.5,5.8,4.4,5.1,6.3,5.4,1.9,3.6,5.0,6.2,5.7,5.7,4.7,6.5,5.4,5.6,5.2,0.4,0.3,5.4,6.8,5.3,3.1,3,1,→,2026-2030,5.55,越南机器人流程自动化工程师：薪资水平偏低，AI替代风险较高,"Vietnam RPA Developer: relatively low pay, high AI displacement risk",AI综合评估 + O*NET/ILO/OECD锚点校准,2026-04-13,2026-04-13,2000-2026
TECH-0503-ID-general,信息技术与数字化,TECH,新兴数字职业,机器人流程自动化工程师,RPA Developer,2514,15-1252.00,东南亚,印度尼西亚,ID,country,general,本科/大专,22-30,global,4.5,3.6,5.6,5.5,5.5,5.3,5.0,4.6,2.5,4.4,4.4,9.7,7.0,4.6,5.3,5.7,5.2,1.9,3.1,5.0,7.4,6.7,5.2,5.3,6.7,4.8,6.6,5.4,0.4,0.5,4.8,6.2,4.7,3.7,3,1,→,2026-2030,5.44,印度尼西亚机器人流程自动化工程师：薪资水平偏低，AI替代风险较高,"Indonesia RPA Developer: relatively low pay, high AI displacement risk",AI综合评估 + O*NET/ILO/OECD锚点校准,2026-04-13,2026-04-13,2000-2026
TECH-0503-MY-general,信息技术与数字化,TECH,新兴数字职业,机器人流程自动化工程师,RPA Developer,2514,15-1252.00,东南亚,马来西亚,MY,country,general,本科/大专,22-30,global,4.8,4.2,5.2,5.5,4.9,4.5,5.6,5.6,4.3,6.2,5.6,9.2,7.3,4.6,5.3,6.1,4.8,2.2,3.8,5.2,6.5,5.9,5.7,6.1,6.3,5.1,6.6,5.7,0.2,0.2,5.4,7.4,6.3,4.1,3,1,→,2026-2030,5.71,马来西亚机器人流程自动化工程师：薪资水平偏低，AI替代风险较高,"Malaysia RPA Developer: relatively low pay, high AI displacement risk",AI综合评估 + O*NET/ILO/OECD锚点校准,2026-04-13,2026-04-13,2000-2026
TECH-0503-PH-general,信息技术与数字化,TECH,新兴数字职业,机器人流程自动化工程师,RPA Developer,2514,15-1252.00,东南亚,菲律宾,PH,country,general,本科/大专,22-30,global,4.3,4.4,4.2,5.5,5.3,3.9,5.2,5.2,3.1,4.9,4.9,9.2,5.8,4.4,5.6,6.1,5.6,2.0,3.1,4.8,8.0,5.7,5.0,5.3,6.1,5.7,5.6,5.5,0.1,0.3,5.0,7.2,6.5,4.1,3,1,→,2026-2030,5.45,菲律宾机器人流程自动化工程师：薪资水平偏低，AI替代风险较高,"Philippines RPA Developer: relatively low pay, high AI displacement risk",AI综合评估 + O*NET/ILO/OECD锚点校准,2026-04-13,2026-04-13,2000-2026
TECH-0503-IN-general,信息技术与数字化,TECH,新兴数字职业,机器人流程自动化工程师,RPA Developer,2514,15-1252.00,南亚,印度,IN,country,general,本科/大专,22-30,global,4.8,4.1,7.4,5.6,7.9,7.3,6.6,6.4,4.6,6.9,5.6,9.2,6.0,3.6,4.3,6.3,6.2,1.9,3.8,6.0,8.0,6.4,5.0,6.1,7.5,3.9,6.0,5.7,0.5,0.0,5.2,6.8,7.5,2.7,3,1,→,2026-2030,6.16,印度机器人流程自动化工程师：AI替代风险较高,India RPA Developer: high AI displacement risk,AI综合评估 + O*NET/ILO/OECD锚点校准,2026-04-13,2026-04-13,2000-2026
TECH-0503-PK-general,信息技术与数字化,TECH,新兴数字职业,机器人流程自动化工程师,RPA Developer,2514,15-1252.00,南亚,巴基斯坦,PK,country,general,本科/大专,22-30,global,4.6,4.2,3.8,4.6,4.9,4.3,4.6,4.0,1.3,4.7,3.6,9.2,6.8,4.1,4.6,5.3,5.2,2.5,3.0,3.6,7.7,6.4,4.5,4.9,5.9,2.7,6.0,5.2,1.0,0.0,5.8,7.0,5.7,3.5,2,0,→,2026-2030,4.94,巴基斯坦机器人流程自动化工程师：薪资水平偏低，AI替代风险较高，就业波动大,"Pakistan RPA Developer: relatively low pay, high AI displacement risk, volatile employment",AI综合评估 + O*NET/ILO/OECD锚点校准,2026-04-13,2026-04-13,2000-2026
TECH-0503-BD-general,信息技术与数字化,TECH,新兴数字职业,机器人流程自动化工程师,RPA Developer,2514,15-1252.00,南亚,孟加拉国,BD,country,general,本科/大专,22-30,global,4.3,3.5,4.2,4.6,4.9,3.5,4.2,3.4,1.6,4.2,4.4,9.2,5.8,4.1,4.1,5.3,4.4,2.8,3.4,3.8,7.7,5.7,3.7,5.5,5.5,2.7,5.8,5.4,0.2,0.5,5.6,7.4,5.5,3.9,2,0,→,2026-2030,4.87,孟加拉国机器人流程自动化工程师：薪资水平偏低，AI替代风险较高,"Bangladesh RPA Developer: relatively low pay, high AI displacement risk",AI综合评估 + O*NET/ILO/OECD锚点校准,2026-04-13,2026-04-13,2000-2026
TECH-0503-AE-general,信息技术与数字化,TECH,新兴数字职业,机器人流程自动化工程师,RPA Developer,2514,15-1252.00,中亚/西亚,阿联酋,AE,country,general,本科/大专,22-30,global,4.3,4.0,5.4,5.8,5.7,5.1,6.4,7.0,9.7,8.4,6.4,10.0,7.3,5.9,5.3,5.9,5.6,1.4,3.6,6.6,7.1,5.7,5.5,5.3,6.5,4.8,6.6,5.1,0.4,0.8,4.6,6.8,7.7,3.3,3,1,→,2026-2030,6.44,阿联酋机器人流程自动化工程师：薪资回报高，AI替代风险较高,"United Arab Emirates RPA Developer: high compensation, high AI displacement risk",AI综合评估 + O*NET/ILO/OECD锚点校准,2026-04-13,2026-04-13,2000-2026
TECH-0503-IL-general,信息技术与数字化,TECH,新兴数字职业,机器人流程自动化工程师,RPA Developer,2514,15-1252.00,中亚/西亚,以色列,IL,country,general,本科/大专,22-30,global,4.8,4.2,7.2,5.0,7.3,5.5,7.8,6.2,8.8,9.2,5.4,9.5,6.8,5.1,5.3,6.9,6.2,1.7,3.5,7.4,9.5,7.4,6.2,5.7,6.1,7.2,7.2,5.5,0.4,0.9,5.0,7.2,7.5,3.7,3,2,↑,2026-2030,6.69,以色列机器人流程自动化工程师：薪资回报高，人才需求旺盛，AI替代风险较高,"Israel RPA Developer: high compensation, strong talent demand, high AI displacement risk",AI综合评估 + O*NET/ILO/OECD锚点校准,2026-04-13,2026-04-13,2000-2026
TECH-0503-SA-general,信息技术与数字化,TECH,新兴数字职业,机器人流程自动化工程师,RPA Developer,2514,15-1252.00,中亚/西亚,沙特阿拉伯,SA,country,general,本科/大专,22-30,global,4.0,4.1,4.8,5.3,5.7,4.3,5.6,4.6,7.3,7.7,6.4,9.7,7.5,5.1,5.3,6.3,5.4,2.2,3.8,5.4,5.9,5.9,5.2,5.1,6.7,3.6,6.0,5.1,0.5,0.5,5.2,6.2,5.3,3.9,3,1,→,2026-2030,5.84,沙特阿拉伯机器人流程自动化工程师：AI替代风险较高,Saudi Arabia RPA Developer: high AI displacement risk,AI综合评估 + O*NET/ILO/OECD锚点校准,2026-04-13,2026-04-13,2000-2026
TECH-0503-TR-general,信息技术与数字化,TECH,新兴数字职业,机器人流程自动化工程师,RPA Developer,2514,15-1252.00,中亚/西亚,土耳其,TR,country,general,本科/大专,22-30,global,4.3,4.2,5.6,4.7,5.7,5.5,5.2,5.2,4.0,5.4,4.1,9.2,6.0,4.6,5.1,6.1,6.2,1.7,3.6,5.2,7.7,6.2,5.5,5.3,6.1,3.9,6.4,5.2,0.4,0.3,6.0,6.4,6.3,3.3,3,1,→,2026-2030,5.61,土耳其机器人流程自动化工程师：薪资水平偏低，AI替代风险较高,"Turkey RPA Developer: relatively low pay, high AI displacement risk",AI综合评估 + O*NET/ILO/OECD锚点校准,2026-04-13,2026-04-13,2000-2026
TECH-0503-GB-general,信息技术与数字化,TECH,新兴数字职业,机器人流程自动化工程师,RPA Developer,2514,15-1252.00,西欧,英国,GB,country,general,本科/大专,22-30,global,4.6,4.0,7.4,5.8,7.9,6.5,7.2,7.2,9.1,8.7,6.6,9.7,8.0,6.1,6.1,6.5,6.2,1.6,3.9,6.4,10.0,6.9,6.7,6.3,7.9,7.8,7.4,5.5,0.7,0.6,5.4,7.8,8.1,2.7,3,2,↑,2026-2030,7.04,英国机器人流程自动化工程师：薪资回报高，AI替代风险较高，远程友好度高,"United Kingdom RPA Developer: high compensation, high AI displacement risk, highly remote-friendly",AI综合评估 + O*NET/ILO/OECD锚点校准,2026-04-13,2026-04-13,2000-2026
TECH-0503-FR-general,信息技术与数字化,TECH,新兴数字职业,机器人流程自动化工程师,RPA Developer,2514,15-1252.00,西欧,法国,FR,country,general,本科/大专,22-30,global,4.8,4.4,6.2,6.1,7.1,6.5,6.4,7.2,6.7,7.4,6.6,9.7,8.3,7.1,7.1,6.1,5.4,1.7,3.8,6.4,9.2,7.4,7.2,5.3,6.7,8.4,6.8,5.5,0.1,0.8,5.0,7.0,7.1,3.7,3,1,→,2026-2030,6.67,法国机器人流程自动化工程师：AI替代风险较高，远程友好度高,"France RPA Developer: high AI displacement risk, highly remote-friendly",AI综合评估 + O*NET/ILO/OECD锚点校准,2026-04-13,2026-04-13,2000-2026
TECH-0503-DE-general,信息技术与数字化,TECH,新兴数字职业,机器人流程自动化工程师,RPA Developer,2514,15-1252.00,西欧,德国,DE,country,general,本科/大专,22-30,global,4.6,4.0,6.8,6.1,7.5,7.1,6.8,7.2,8.8,7.4,8.1,10.0,7.8,9.1,7.6,6.7,6.8,1.9,3.2,7.0,8.3,7.7,8.5,6.1,7.5,7.2,6.8,5.2,0.4,0.8,4.4,7.4,7.5,2.5,3,1,→,2026-2030,7.1,德国机器人流程自动化工程师：薪资回报高，AI替代风险较高，工作时间规律,"Germany RPA Developer: high compensation, high AI displacement risk, regular working hours",AI综合评估 + O*NET/ILO/OECD锚点校准,2026-04-13,2026-04-13,2000-2026
TECH-0503-NL-general,信息技术与数字化,TECH,新兴数字职业,机器人流程自动化工程师,RPA Developer,2514,15-1252.00,西欧,荷兰,NL,country,general,本科/大专,22-30,global,4.6,4.6,5.8,6.2,6.3,5.5,6.4,6.8,8.2,7.7,6.4,9.7,8.3,8.4,7.6,6.5,5.6,1.6,3.5,6.8,10.0,7.4,9.5,6.5,6.7,9.9,7.6,5.4,1.0,0.5,4.4,8.0,8.5,4.1,3,1,→,2026-2030,6.98,荷兰机器人流程自动化工程师：薪资回报高，AI替代风险较高，远程友好度高,"Netherlands RPA Developer: high compensation, high AI displacement risk, highly remote-friendly",AI综合评估 + O*NET/ILO/OECD锚点校准,2026-04-13,2026-04-13,2000-2026
TECH-0503-CH-general,信息技术与数字化,TECH,新兴数字职业,机器人流程自动化工程师,RPA Developer,2514,15-1252.00,西欧,瑞士,CH,country,general,本科/大专,22-30,global,4.3,4.1,6.6,5.9,5.7,4.9,7.0,7.4,10.0,9.2,8.6,10.0,8.3,8.1,7.1,5.9,6.0,1.7,3.2,7.0,7.7,6.9,7.7,5.5,7.3,8.4,8.0,5.7,0.4,0.9,4.8,7.6,7.7,4.1,3,1,→,2026-2030,7.03,瑞士机器人流程自动化工程师：薪资回报高，AI替代风险较高，工作时间规律,"Switzerland RPA Developer: high compensation, high AI displacement risk, regular working hours",AI综合评估 + O*NET/ILO/OECD锚点校准,2026-04-13,2026-04-13,2000-2026
TECH-0503-SE-general,信息技术与数字化,TECH,新兴数字职业,机器人流程自动化工程师,RPA Developer,2514,15-1252.00,北欧,瑞典,SE,country,general,本科/大专,22-30,global,5.1,4.6,6.0,6.1,5.7,4.9,6.8,7.4,8.5,8.7,8.1,9.7,7.8,8.9,7.1,6.3,6.4,1.4,3.6,6.2,10.0,8.4,8.0,6.3,6.5,10.0,7.4,5.4,0.4,0.9,4.4,7.2,8.7,3.5,3,1,→,2026-2030,7.08,瑞典机器人流程自动化工程师：薪资回报高，AI替代风险较高，远程友好度高,"Sweden RPA Developer: high compensation, high AI displacement risk, highly remote-friendly",AI综合评估 + O*NET/ILO/OECD锚点校准,2026-04-13,2026-04-13,2000-2026
TECH-0503-DK-general,信息技术与数字化,TECH,新兴数字职业,机器人流程自动化工程师,RPA Developer,2514,15-1252.00,北欧,丹麦,DK,country,general,本科/大专,22-30,global,4.9,4.0,6.0,5.8,5.7,4.7,6.4,7.2,8.5,7.2,7.1,10.0,8.0,8.9,8.3,6.5,5.6,1.4,3.6,6.6,9.5,8.4,8.0,6.5,6.7,10.0,6.8,5.7,0.2,0.6,3.8,7.6,8.5,4.1,3,1,→,2026-2030,7.01,丹麦机器人流程自动化工程师：薪资回报高，AI替代风险较高，远程友好度高,"Denmark RPA Developer: high compensation, high AI displacement risk, highly remote-friendly",AI综合评估 + O*NET/ILO/OECD锚点校准,2026-04-13,2026-04-13,2000-2026
TECH-0503-FI-general,信息技术与数字化,TECH,新兴数字职业,机器人流程自动化工程师,RPA Developer,2514,15-1252.00,北欧,芬兰,FI,country,general,本科/大专,22-30,global,4.6,4.4,5.8,5.8,6.3,5.1,7.0,7.0,7.9,7.7,7.4,9.7,8.3,9.9,7.3,6.9,5.4,1.6,3.5,6.0,9.8,7.7,9.2,6.3,6.3,10.0,7.4,5.7,0.8,1.1,4.6,7.4,7.9,3.7,3,1,→,2026-2030,6.99,芬兰机器人流程自动化工程师：AI替代风险较高，远程友好度高，工作时间规律,"Finland RPA Developer: high AI displacement risk, highly remote-friendly, regular working hours",AI综合评估 + O*NET/ILO/OECD锚点校准,2026-04-13,2026-04-13,2000-2026
TECH-0503-IT-general,信息技术与数字化,TECH,新兴数字职业,机器人流程自动化工程师,RPA Developer,2514,15-1252.00,南欧,意大利,IT,country,general,本科/大专,22-30,global,4.3,4.1,5.6,5.2,5.9,4.9,6.2,4.8,6.1,5.7,5.1,9.2,7.0,6.1,5.3,5.3,5.8,2.0,3.8,5.0,7.4,7.2,6.2,5.9,6.3,4.5,6.8,5.5,0.2,0.8,5.4,6.6,6.5,3.1,3,1,→,2026-2030,5.93,意大利机器人流程自动化工程师：AI替代风险较高,Italy RPA Developer: high AI displacement risk,AI综合评估 + O*NET/ILO/OECD锚点校准,2026-04-13,2026-04-13,2000-2026
TECH-0503-ES-general,信息技术与数字化,TECH,新兴数字职业,机器人流程自动化工程师,RPA Developer,2514,15-1252.00,南欧,西班牙,ES,country,general,本科/大专,22-30,global,4.5,4.1,5.0,5.6,6.5,4.9,6.0,5.8,4.9,6.4,4.9,9.5,8.0,5.4,6.3,5.7,5.0,2.2,3.8,5.0,8.0,7.2,6.5,5.1,7.1,6.3,6.6,5.7,0.8,0.3,5.4,6.8,6.7,3.3,3,1,→,2026-2030,6.0,西班牙机器人流程自动化工程师：AI替代风险较高,Spain RPA Developer: high AI displacement risk,AI综合评估 + O*NET/ILO/OECD锚点校准,2026-04-13,2026-04-13,2000-2026
TECH-0503-PT-general,信息技术与数字化,TECH,新兴数字职业,机器人流程自动化工程师,RPA Developer,2514,15-1252.00,南欧,葡萄牙,PT,country,general,本科/大专,22-30,global,4.3,3.5,5.4,5.5,5.7,4.5,6.4,5.2,5.8,5.4,4.9,9.2,8.0,6.6,6.8,5.7,5.2,2.2,3.8,5.0,9.5,6.7,6.7,5.7,6.1,6.9,7.0,5.7,0.5,1.1,4.8,7.4,7.1,4.3,3,1,→,2026-2030,6.11,葡萄牙机器人流程自动化工程师：AI替代风险较高，远程友好度高,"Portugal RPA Developer: high AI displacement risk, highly remote-friendly",AI综合评估 + O*NET/ILO/OECD锚点校准,2026-04-13,2026-04-13,2000-2026
TECH-0503-PL-general,信息技术与数字化,TECH,新兴数字职业,机器人流程自动化工程师,RPA Developer,2514,15-1252.00,东欧,波兰,PL,country,general,本科/大专,22-30,global,4.9,4.2,5.4,6.2,5.7,5.1,6.8,4.8,5.5,6.2,5.9,9.7,7.0,6.9,6.6,6.3,6.0,2.2,3.2,6.0,8.3,6.4,7.2,5.1,6.3,6.9,6.8,5.5,0.4,0.8,4.2,7.6,7.5,3.7,3,1,→,2026-2030,6.19,波兰机器人流程自动化工程师：AI替代风险较高,Poland RPA Developer: high AI displacement risk,AI综合评估 + O*NET/ILO/OECD锚点校准,2026-04-13,2026-04-13,2000-2026
TECH-0503-CZ-general,信息技术与数字化,TECH,新兴数字职业,机器人流程自动化工程师,RPA Developer,2514,15-1252.00,东欧,捷克,CZ,country,general,本科/大专,22-30,global,4.5,4.1,5.8,5.9,5.7,4.1,6.2,5.2,5.2,6.7,6.1,9.7,7.3,7.4,6.6,6.7,5.0,2.0,3.5,5.6,8.9,7.7,7.7,6.1,6.9,6.0,6.6,5.7,0.2,0.5,4.0,7.4,7.9,3.9,3,1,→,2026-2030,6.33,捷克机器人流程自动化工程师：AI替代风险较高，远程友好度高,"Czech Republic RPA Developer: high AI displacement risk, highly remote-friendly",AI综合评估 + O*NET/ILO/OECD锚点校准,2026-04-13,2026-04-13,2000-2026
TECH-0503-RU-general,信息技术与数字化,TECH,新兴数字职业,机器人流程自动化工程师,RPA Developer,2514,15-1252.00,东欧,俄罗斯,RU,country,general,本科/大专,22-30,global,4.2,4.4,6.4,5.2,5.9,5.7,6.4,5.8,5.5,5.9,3.4,9.0,6.5,6.4,5.3,5.7,6.0,2.2,3.6,5.8,7.7,6.4,4.7,5.1,5.7,6.9,6.8,5.8,0.2,0.0,5.0,6.6,3.9,3.9,3,1,→,2026-2030,5.83,俄罗斯机器人流程自动化工程师：AI替代风险较高，就业波动大,"Russia RPA Developer: high AI displacement risk, volatile employment",AI综合评估 + O*NET/ILO/OECD锚点校准,2026-04-13,2026-04-13,2000-2026
TECH-0503-US-general,信息技术与数字化,TECH,新兴数字职业,机器人流程自动化工程师,RPA Developer,2514,15-1252.00,北美,美国,US,country,general,本科/大专,22-30,global,4.5,4.1,7.4,5.6,8.3,7.5,8.2,6.8,10.0,9.4,4.9,9.5,6.5,4.6,5.1,7.1,6.8,1.9,3.9,7.4,10.0,7.2,5.2,5.9,7.1,7.5,6.6,5.4,0.7,0.5,4.6,8.2,8.1,2.9,3,2,↑,2026-2030,6.96,美国机器人流程自动化工程师：薪资回报高，人才需求旺盛，AI替代风险较高,"United States RPA Developer: high compensation, strong talent demand, high AI displacement risk",AI综合评估 + O*NET/ILO/OECD锚点校准,2026-04-13,2026-04-13,2000-2026
TECH-0503-CA-general,信息技术与数字化,TECH,新兴数字职业,机器人流程自动化工程师,RPA Developer,2514,15-1252.00,北美,加拿大,CA,country,general,本科/大专,22-30,global,4.5,4.2,6.8,5.8,7.5,6.3,6.8,7.2,8.2,8.2,6.9,10.0,7.5,7.4,6.8,6.3,5.8,1.6,3.8,7.0,10.0,7.2,7.7,6.1,6.7,9.0,7.6,5.1,0.8,0.6,4.4,7.0,8.5,2.9,3,2,↑,2026-2030,7.02,加拿大机器人流程自动化工程师：薪资回报高，AI替代风险较高，远程友好度高,"Canada RPA Developer: high compensation, high AI displacement risk, highly remote-friendly",AI综合评估 + O*NET/ILO/OECD锚点校准,2026-04-13,2026-04-13,2000-2026
TECH-0503-MX-general,信息技术与数字化,TECH,新兴数字职业,机器人流程自动化工程师,RPA Developer,2514,15-1252.00,北美,墨西哥,MX,country,general,本科/大专,22-30,global,4.6,4.2,5.0,5.5,5.9,5.1,5.8,4.8,4.9,6.2,4.9,9.7,6.5,4.9,5.1,5.7,5.2,2.0,3.2,5.0,7.1,5.9,5.2,5.9,6.5,4.8,5.8,5.7,0.5,0.2,5.4,7.2,5.7,4.1,3,1,→,2026-2030,5.66,墨西哥机器人流程自动化工程师：AI替代风险较高,Mexico RPA Developer: high AI displacement risk,AI综合评估 + O*NET/ILO/OECD锚点校准,2026-04-13,2026-04-13,2000-2026
TECH-0503-BR-general,信息技术与数字化,TECH,新兴数字职业,机器人流程自动化工程师,RPA Developer,2514,15-1252.00,南美,巴西,BR,country,general,本科/大专,22-30,global,4.2,4.0,5.6,4.9,7.3,5.7,6.0,4.8,4.0,5.2,4.1,9.2,6.3,5.6,5.6,5.5,5.8,2.2,3.6,5.6,8.3,5.9,6.0,5.9,6.7,6.3,6.2,5.1,0.2,0.5,5.2,7.0,5.7,2.9,3,1,→,2026-2030,5.8,巴西机器人流程自动化工程师：薪资水平偏低，AI替代风险较高,"Brazil RPA Developer: relatively low pay, high AI displacement risk",AI综合评估 + O*NET/ILO/OECD锚点校准,2026-04-13,2026-04-13,2000-2026
TECH-0503-AR-general,信息技术与数字化,TECH,新兴数字职业,机器人流程自动化工程师,RPA Developer,2514,15-1252.00,南美,阿根廷,AR,country,general,本科/大专,22-30,global,4.2,3.8,5.4,4.6,5.5,4.3,5.4,5.6,3.7,4.4,4.1,9.2,7.0,5.9,5.3,5.9,5.0,2.3,3.1,4.4,8.9,6.2,5.7,4.9,6.5,6.0,6.4,5.1,1.0,0.5,4.8,7.4,6.5,3.7,3,1,→,2026-2030,5.59,阿根廷机器人流程自动化工程师：薪资水平偏低，AI替代风险较高，远程友好度高,"Argentina RPA Developer: relatively low pay, high AI displacement risk, highly remote-friendly",AI综合评估 + O*NET/ILO/OECD锚点校准,2026-04-13,2026-04-13,2000-2026
TECH-0503-CL-general,信息技术与数字化,TECH,新兴数字职业,机器人流程自动化工程师,RPA Developer,2514,15-1252.00,南美,智利,CL,country,general,本科/大专,22-30,global,4.2,4.4,4.6,5.8,5.1,3.1,5.6,5.6,4.9,5.9,5.4,9.2,7.5,5.9,6.3,5.1,4.8,2.0,3.5,5.0,8.0,6.2,5.7,5.7,5.9,5.7,6.0,5.5,0.5,0.0,5.0,7.4,6.7,3.1,3,1,→,2026-2030,5.8,智利机器人流程自动化工程师：AI替代风险较高,Chile RPA Developer: high AI displacement risk,AI综合评估 + O*NET/ILO/OECD锚点校准,2026-04-13,2026-04-13,2000-2026
TECH-0503-CO-general,信息技术与数字化,TECH,新兴数字职业,机器人流程自动化工程师,RPA Developer,2514,15-1252.00,南美,哥伦比亚,CO,country,general,本科/大专,22-30,global,4.3,3.8,4.8,5.3,4.7,4.1,5.2,5.4,2.5,5.2,4.9,9.5,7.5,5.4,5.6,5.3,5.2,2.2,3.5,4.2,7.4,5.9,5.0,4.7,6.1,5.1,6.0,5.7,0.5,0.0,5.2,6.8,5.9,3.1,3,1,→,2026-2030,5.46,哥伦比亚机器人流程自动化工程师：薪资水平偏低，AI替代风险较高,"Colombia RPA Developer: relatively low pay, high AI displacement risk",AI综合评估 + O*NET/ILO/OECD锚点校准,2026-04-13,2026-04-13,2000-2026
TECH-0503-AU-general,信息技术与数字化,TECH,新兴数字职业,机器人流程自动化工程师,RPA Developer,2514,15-1252.00,大洋洲,澳大利亚,AU,country,general,本科/大专,22-30,global,4.6,4.4,6.4,5.9,6.7,6.3,6.4,7.2,9.4,7.9,7.9,9.5,8.5,8.1,6.3,6.5,6.0,1.6,3.5,6.4,9.2,7.9,8.7,6.1,7.3,9.3,7.4,5.4,0.2,0.8,4.6,7.8,8.1,3.1,3,1,→,2026-2030,7.08,澳大利亚机器人流程自动化工程师：薪资回报高，AI替代风险较高，远程友好度高,"Australia RPA Developer: high compensation, high AI displacement risk, highly remote-friendly",AI综合评估 + O*NET/ILO/OECD锚点校准,2026-04-13,2026-04-13,2000-2026
TECH-0503-NZ-general,信息技术与数字化,TECH,新兴数字职业,机器人流程自动化工程师,RPA Developer,2514,15-1252.00,大洋洲,新西兰,NZ,country,general,本科/大专,22-30,global,4.6,3.8,6.2,5.9,5.7,4.1,6.6,5.2,6.7,7.2,7.6,9.5,7.8,7.9,7.8,6.5,5.8,2.3,3.1,6.6,9.8,7.7,7.5,5.3,6.3,9.3,7.0,5.8,0.2,0.8,4.0,7.8,8.3,4.3,3,1,→,2026-2030,6.65,新西兰机器人流程自动化工程师：AI替代风险较高，远程友好度高，工作时间规律,"New Zealand RPA Developer: high AI displacement risk, highly remote-friendly, regular working hours",AI综合评估 + O*NET/ILO/OECD锚点校准,2026-04-13,2026-04-13,2000-2026
TECH-0503-ZA-general,信息技术与数字化,TECH,新兴数字职业,机器人流程自动化工程师,RPA Developer,2514,15-1252.00,非洲,南非,ZA,country,general,本科/大专,22-30,global,4.8,4.0,4.2,5.0,5.3,3.9,5.0,5.2,4.3,4.9,4.6,9.5,7.0,6.1,5.6,6.3,4.8,2.3,3.5,5.0,6.8,6.4,5.0,5.1,6.3,6.0,6.0,5.5,0.7,0.2,5.6,6.4,6.1,4.1,3,1,→,2026-2030,5.51,南非机器人流程自动化工程师：薪资水平偏低，AI替代风险较高,"South Africa RPA Developer: relatively low pay, high AI displacement risk",AI综合评估 + O*NET/ILO/OECD锚点校准,2026-04-13,2026-04-13,2000-2026
TECH-0503-NG-general,信息技术与数字化,TECH,新兴数字职业,机器人流程自动化工程师,RPA Developer,2514,15-1252.00,非洲,尼日利亚,NG,country,general,本科/大专,22-30,global,4.2,3.5,3.8,5.2,5.1,3.9,4.6,3.0,2.5,4.2,4.1,9.0,6.5,4.6,5.3,5.9,4.6,2.8,3.5,3.6,8.0,6.4,4.2,5.3,5.9,3.0,5.6,5.7,0.7,0.2,5.0,6.6,5.7,4.5,2,0,→,2026-2030,5.05,尼日利亚机器人流程自动化工程师：薪资水平偏低，AI替代风险较高,"Nigeria RPA Developer: relatively low pay, high AI displacement risk",AI综合评估 + O*NET/ILO/OECD锚点校准,2026-04-13,2026-04-13,2000-2026
TECH-0503-KE-general,信息技术与数字化,TECH,新兴数字职业,机器人流程自动化工程师,RPA Developer,2514,15-1252.00,非洲,肯尼亚,KE,country,general,本科/大专,22-30,global,4.5,3.6,4.6,5.2,4.5,3.7,5.2,3.0,2.8,4.4,3.6,9.2,6.0,4.9,4.8,6.1,5.2,2.8,3.0,4.4,8.0,6.2,5.7,4.9,5.7,5.1,6.0,5.2,1.0,0.5,5.0,6.6,5.7,4.3,2,0,→,2026-2030,5.14,肯尼亚机器人流程自动化工程师：薪资水平偏低，AI替代风险较高，就业波动大,"Kenya RPA Developer: relatively low pay, high AI displacement risk, volatile employment",AI综合评估 + O*NET/ILO/OECD锚点校准,2026-04-13,2026-04-13,2000-2026
TECH-0503-EG-general,信息技术与数字化,TECH,新兴数字职业,机器人流程自动化工程师,RPA Developer,2514,15-1252.00,非洲,埃及,EG,country,general,本科/大专,22-30,global,4.6,3.8,4.8,5.3,5.5,4.5,5.2,4.0,1.6,4.7,4.1,9.5,6.3,4.6,4.1,5.9,5.6,2.5,3.5,3.8,7.1,5.2,5.2,4.9,6.3,2.1,6.0,5.2,1.0,0.0,5.0,7.2,6.1,3.7,2,0,→,2026-2030,5.15,埃及机器人流程自动化工程师：薪资水平偏低，AI替代风险较高,"Egypt RPA Developer: relatively low pay, high AI displacement risk",AI综合评估 + O*NET/ILO/OECD锚点校准,2026-04-13,2026-04-13,2000-2026
TECH-0504-CN-general,信息技术与数字化,TECH,新兴数字职业,增强现实/虚拟现实开发工程师,AR/VR Developer,2514,15-1252.00,东亚,中国,CN,country,general,本科/硕士,22-28,global,7.1,5.3,8.7,5.8,9.9,6.2,7.8,8.3,8.4,7.4,3.4,9.5,5.5,0.7,2.9,6.5,6.5,2.8,6.0,8.2,5.2,6.2,3.1,8.2,8.5,4.4,4.8,5.3,1.5,0.2,7.0,6.4,5.9,3.9,3,3,↑,2032-2038,6.21,中国增强现实/虚拟现实开发工程师：薪资回报高，人才需求旺盛，加班文化严重,"China AR/VR Developer: high compensation, strong talent demand, heavy overtime culture",AI综合评估 + O*NET/ILO/OECD锚点校准,2026-04-13,2026-04-13,2000-2026
TECH-0504-JP-general,信息技术与数字化,TECH,新兴数字职业,增强现实/虚拟现实开发工程师,AR/VR Developer,2514,15-1252.00,东亚,日本,JP,country,general,本科/硕士,22-28,global,6.8,5.9,8.7,6.7,9.1,5.2,8.4,7.3,8.4,6.7,6.4,9.5,5.5,2.0,3.8,5.9,6.3,2.6,6.5,7.0,6.1,7.2,4.6,7.8,8.9,3.5,6.0,5.2,1.3,0.9,6.6,6.0,7.1,3.1,3,2,↑,2032-2038,6.45,日本增强现实/虚拟现实开发工程师：薪资回报高，人才需求旺盛，加班文化严重,"Japan AR/VR Developer: high compensation, strong talent demand, heavy overtime culture",AI综合评估 + O*NET/ILO/OECD锚点校准,2026-04-13,2026-04-13,2000-2026
TECH-0504-KR-general,信息技术与数字化,TECH,新兴数字职业,增强现实/虚拟现实开发工程师,AR/VR Developer,2514,15-1252.00,东亚,韩国,KR,country,general,本科/硕士,22-28,global,6.8,6.1,7.5,6.1,7.7,4.4,8.0,7.3,7.8,7.4,5.4,9.5,5.3,2.0,2.9,6.9,5.1,2.6,6.0,7.8,5.5,6.4,4.6,8.6,7.7,2.6,5.8,5.8,1.5,0.3,7.0,6.6,6.9,3.5,3,2,↑,2032-2038,6.16,韩国增强现实/虚拟现实开发工程师：人才需求旺盛，加班文化严重,"South Korea AR/VR Developer: strong talent demand, heavy overtime culture",AI综合评估 + O*NET/ILO/OECD锚点校准,2026-04-13,2026-04-13,2000-2026
TECH-0504-TW-general,信息技术与数字化,TECH,新兴数字职业,增强现实/虚拟现实开发工程师,AR/VR Developer,2514,15-1252.00,东亚,中国台湾地区,TW,region,general,本科/硕士,22-28,global,6.8,5.3,7.3,6.1,8.1,4.2,7.8,8.1,7.2,6.7,4.6,9.5,5.3,2.5,4.1,5.7,5.1,2.6,6.1,7.6,4.6,6.7,5.1,8.4,7.3,5.3,5.2,5.6,1.9,0.9,6.2,6.6,7.3,3.3,3,2,↑,2032-2038,6.17,中国台湾地区增强现实/虚拟现实开发工程师：人才需求旺盛，加班文化严重,"Taiwan (China) AR/VR Developer: strong talent demand, heavy overtime culture",AI综合评估 + O*NET/ILO/OECD锚点校准,2026-04-13,2026-04-13,2000-2026
TECH-0504-HK-general,信息技术与数字化,TECH,新兴数字职业,增强现实/虚拟现实开发工程师,AR/VR Developer,2514,15-1252.00,东亚,中国香港地区,HK,region,general,本科/硕士,22-28,global,6.6,5.9,7.1,6.0,6.3,2.6,7.6,6.1,9.3,6.7,5.1,9.7,5.0,2.0,3.6,6.3,5.5,3.4,6.1,7.2,6.7,6.7,3.6,7.6,7.1,6.2,5.0,5.2,1.8,1.1,7.2,6.6,9.1,3.9,3,2,↑,2032-2038,6.06,中国香港地区增强现实/虚拟现实开发工程师：薪资回报高，人才需求旺盛，加班文化严重,"Hong Kong (China) AR/VR Developer: high compensation, strong talent demand, heavy overtime culture",AI综合评估 + O*NET/ILO/OECD锚点校准,2026-04-13,2026-04-13,2000-2026
TECH-0504-SG-general,信息技术与数字化,TECH,新兴数字职业,增强现实/虚拟现实开发工程师,AR/VR Developer,2514,15-1252.00,东南亚,新加坡,SG,country,general,本科/硕士,22-28,global,6.6,5.5,8.5,6.9,8.1,3.2,7.8,7.5,10.0,8.2,5.8,10.0,6.0,3.2,5.1,6.7,5.7,2.8,6.0,8.0,7.9,6.9,5.4,8.2,8.1,7.4,5.8,5.3,1.3,0.8,6.0,6.2,9.5,3.9,3,3,↑,2032-2038,6.8,新加坡增强现实/虚拟现实开发工程师：薪资回报高，人才需求旺盛，加班文化严重,"Singapore AR/VR Developer: high compensation, strong talent demand, heavy overtime culture",AI综合评估 + O*NET/ILO/OECD锚点校准,2026-04-13,2026-04-13,2000-2026
TECH-0504-TH-general,信息技术与数字化,TECH,新兴数字职业,增强现实/虚拟现实开发工程师,AR/VR Developer,2514,15-1252.00,东南亚,泰国,TH,country,general,本科/硕士,22-28,global,6.5,5.3,5.7,5.7,6.3,2.6,6.4,6.9,3.3,3.9,4.6,9.2,6.5,4.5,5.9,5.9,4.9,3.2,5.5,5.6,4.9,6.9,4.4,7.0,7.7,5.3,5.2,5.6,1.9,0.5,7.6,6.8,6.7,3.3,3,2,↑,2028-2033,5.53,泰国增强现实/虚拟现实开发工程师：薪资水平偏低,Thailand AR/VR Developer: relatively low pay,AI综合评估 + O*NET/ILO/OECD锚点校准,2026-04-13,2026-04-13,2000-2026
TECH-0504-VN-general,信息技术与数字化,TECH,新兴数字职业,增强现实/虚拟现实开发工程师,AR/VR Developer,2514,15-1252.00,东南亚,越南,VN,country,general,本科/硕士,22-28,global,6.9,5.8,6.7,5.8,6.9,3.6,6.6,6.7,4.2,4.2,3.1,9.7,5.5,3.7,4.6,6.1,5.1,2.9,6.0,6.2,7.0,6.2,5.1,7.8,7.5,4.1,5.4,5.6,1.6,0.6,6.6,6.0,6.3,3.5,3,2,↑,2032-2038,5.65,越南增强现实/虚拟现实开发工程师：薪资水平偏低，就业波动大,"Vietnam AR/VR Developer: relatively low pay, volatile employment",AI综合评估 + O*NET/ILO/OECD锚点校准,2026-04-13,2026-04-13,2000-2026
TECH-0504-ID-general,信息技术与数字化,TECH,新兴数字职业,增强现实/虚拟现实开发工程师,AR/VR Developer,2514,15-1252.00,东南亚,印度尼西亚,ID,country,general,本科/硕士,22-28,global,5.9,4.9,6.5,6.1,6.5,4.4,6.6,6.3,5.1,3.9,3.6,9.5,6.0,5.0,5.4,5.3,4.9,3.0,5.3,5.4,4.9,7.4,4.6,7.0,7.9,3.2,5.0,5.3,1.5,0.2,7.2,6.0,6.1,3.3,3,2,↑,2028-2033,5.61,印度尼西亚增强现实/虚拟现实开发工程师：就业波动大,Indonesia AR/VR Developer: volatile employment,AI综合评估 + O*NET/ILO/OECD锚点校准,2026-04-13,2026-04-13,2000-2026
TECH-0504-MY-general,信息技术与数字化,TECH,新兴数字职业,增强现实/虚拟现实开发工程师,AR/VR Developer,2514,15-1252.00,东南亚,马来西亚,MY,country,general,本科/硕士,22-28,global,6.3,5.8,6.1,5.8,6.3,3.0,6.8,5.9,5.1,6.2,5.1,9.5,5.8,4.2,4.1,6.5,4.3,2.9,6.3,6.8,5.8,7.2,4.1,7.4,6.7,5.0,5.4,5.9,1.3,0.3,6.8,5.8,8.1,4.5,3,2,↑,2032-2038,5.81,马来西亚增强现实/虚拟现实开发工程师：发展平稳,Malaysia AR/VR Developer: steady development,AI综合评估 + O*NET/ILO/OECD锚点校准,2026-04-13,2026-04-13,2000-2026
TECH-0504-PH-general,信息技术与数字化,TECH,新兴数字职业,增强现实/虚拟现实开发工程师,AR/VR Developer,2514,15-1252.00,东南亚,菲律宾,PH,country,general,本科/硕士,22-28,global,6.9,5.2,6.5,6.0,6.9,3.4,5.8,6.1,3.6,3.9,3.8,9.5,6.8,3.0,3.8,6.1,4.1,2.9,6.0,6.0,6.7,6.2,4.6,7.6,6.9,5.6,5.4,5.5,1.0,0.3,7.6,6.4,8.3,3.5,3,2,↑,2032-2038,5.57,菲律宾增强现实/虚拟现实开发工程师：薪资水平偏低，加班文化严重，就业波动大,"Philippines AR/VR Developer: relatively low pay, heavy overtime culture, volatile employment",AI综合评估 + O*NET/ILO/OECD锚点校准,2026-04-13,2026-04-13,2000-2026
TECH-0504-IN-general,信息技术与数字化,TECH,新兴数字职业,增强现实/虚拟现实开发工程师,AR/VR Developer,2514,15-1252.00,南亚,印度,IN,country,general,本科/硕士,22-28,global,6.5,5.8,7.7,6.3,8.9,5.6,7.2,7.3,7.2,6.7,3.6,9.5,6.5,3.5,3.8,5.9,5.7,2.8,6.1,6.8,7.3,6.4,3.9,8.0,7.7,2.6,5.4,5.2,1.8,0.3,7.6,6.6,8.3,2.9,3,2,↑,2032-2038,6.18,印度增强现实/虚拟现实开发工程师：加班文化严重，就业波动大,"India AR/VR Developer: heavy overtime culture, volatile employment",AI综合评估 + O*NET/ILO/OECD锚点校准,2026-04-13,2026-04-13,2000-2026
TECH-0504-PK-general,信息技术与数字化,TECH,新兴数字职业,增强现实/虚拟现实开发工程师,AR/VR Developer,2514,15-1252.00,南亚,巴基斯坦,PK,country,general,本科/硕士,22-28,global,6.5,5.2,5.3,5.1,5.9,2.6,5.4,5.1,3.6,3.4,3.4,9.2,6.5,3.7,3.8,5.1,3.9,3.5,5.5,5.0,7.6,6.2,4.6,6.6,6.9,1.7,5.4,5.5,1.2,0.3,7.2,6.8,6.1,3.5,2,1,→,2028-2033,5.11,巴基斯坦增强现实/虚拟现实开发工程师：薪资水平偏低，就业波动大,"Pakistan AR/VR Developer: relatively low pay, volatile employment",AI综合评估 + O*NET/ILO/OECD锚点校准,2026-04-13,2026-04-13,2000-2026
TECH-0504-BD-general,信息技术与数字化,TECH,新兴数字职业,增强现实/虚拟现实开发工程师,AR/VR Developer,2514,15-1252.00,南亚,孟加拉国,BD,country,general,本科/硕士,22-28,global,6.2,4.9,5.1,5.7,5.5,2.6,6.0,4.9,2.4,2.7,2.4,9.2,6.0,3.7,4.6,5.1,3.5,3.5,6.0,4.8,6.7,6.4,3.1,6.8,6.5,2.6,4.0,5.8,1.9,0.0,8.0,6.6,6.9,4.3,2,1,→,2032-2038,4.96,孟加拉国增强现实/虚拟现实开发工程师：薪资水平偏低，就业波动大,"Bangladesh AR/VR Developer: relatively low pay, volatile employment",AI综合评估 + O*NET/ILO/OECD锚点校准,2026-04-13,2026-04-13,2000-2026
TECH-0504-AE-general,信息技术与数字化,TECH,新兴数字职业,增强现实/虚拟现实开发工程师,AR/VR Developer,2514,15-1252.00,中亚/西亚,阿联酋,AE,country,general,本科/硕士,22-28,global,6.5,5.5,7.5,6.4,7.1,2.4,7.2,7.3,10.0,7.2,5.4,9.7,6.8,4.7,4.1,6.1,5.3,2.4,6.1,7.0,5.8,6.2,4.4,8.2,7.7,5.0,4.8,5.2,1.5,0.8,6.4,6.6,8.7,3.1,3,2,↑,2032-2038,6.41,阿联酋增强现实/虚拟现实开发工程师：薪资回报高,United Arab Emirates AR/VR Developer: high compensation,AI综合评估 + O*NET/ILO/OECD锚点校准,2026-04-13,2026-04-13,2000-2026
TECH-0504-IL-general,信息技术与数字化,TECH,新兴数字职业,增强现实/虚拟现实开发工程师,AR/VR Developer,2514,15-1252.00,中亚/西亚,以色列,IL,country,general,本科/硕士,22-28,global,6.5,5.3,8.1,5.7,8.1,3.6,8.4,8.1,10.0,7.7,4.9,9.7,6.3,4.2,4.1,7.1,5.1,2.3,6.0,7.8,8.5,7.9,5.9,8.2,7.3,6.8,5.4,5.8,1.5,0.6,6.6,7.0,8.1,4.1,3,3,↑,2032-2038,6.77,以色列增强现实/虚拟现实开发工程师：薪资回报高，人才需求旺盛，远程友好度高,"Israel AR/VR Developer: high compensation, strong talent demand, highly remote-friendly",AI综合评估 + O*NET/ILO/OECD锚点校准,2026-04-13,2026-04-13,2000-2026
TECH-0504-SA-general,信息技术与数字化,TECH,新兴数字职业,增强现实/虚拟现实开发工程师,AR/VR Developer,2514,15-1252.00,中亚/西亚,沙特阿拉伯,SA,country,general,本科/硕士,22-28,global,6.6,5.6,6.7,6.0,6.7,2.4,7.2,6.3,7.2,6.4,5.4,9.5,5.8,4.7,4.4,5.3,4.3,3.2,5.7,6.6,4.6,5.7,5.1,6.8,7.1,2.9,5.6,5.8,1.5,0.8,6.8,5.6,7.1,4.5,3,2,↑,2028-2033,5.78,沙特阿拉伯增强现实/虚拟现实开发工程师：发展平稳,Saudi Arabia AR/VR Developer: steady development,AI综合评估 + O*NET/ILO/OECD锚点校准,2026-04-13,2026-04-13,2000-2026
TECH-0504-TR-general,信息技术与数字化,TECH,新兴数字职业,增强现实/虚拟现实开发工程师,AR/VR Developer,2514,15-1252.00,中亚/西亚,土耳其,TR,country,general,本科/硕士,22-28,global,6.2,5.3,7.5,6.0,6.5,4.0,7.0,5.7,4.8,4.7,3.6,9.2,6.3,3.7,3.8,6.3,5.3,2.8,5.5,6.2,6.1,6.7,4.4,8.0,7.3,3.5,4.8,5.6,1.9,0.3,8.0,6.6,7.1,4.1,3,2,↑,2028-2033,5.67,土耳其增强现实/虚拟现实开发工程师：就业波动大,Turkey AR/VR Developer: volatile employment,AI综合评估 + O*NET/ILO/OECD锚点校准,2026-04-13,2026-04-13,2000-2026
TECH-0504-GB-general,信息技术与数字化,TECH,新兴数字职业,增强现实/虚拟现实开发工程师,AR/VR Developer,2514,15-1252.00,西欧,英国,GB,country,general,本科/硕士,22-28,global,6.5,6.1,8.9,6.7,8.3,5.2,8.4,8.1,10.0,8.9,4.4,9.5,6.5,5.7,6.1,6.3,5.7,2.6,5.9,7.4,10.0,7.9,7.1,7.6,8.1,6.5,5.6,5.8,1.2,1.2,6.8,6.6,10.0,2.7,3,3,↑,2028-2033,7.08,英国增强现实/虚拟现实开发工程师：薪资回报高，人才需求旺盛，远程友好度高,"United Kingdom AR/VR Developer: high compensation, strong talent demand, highly remote-friendly",AI综合评估 + O*NET/ILO/OECD锚点校准,2026-04-13,2026-04-13,2000-2026
TECH-0504-FR-general,信息技术与数字化,TECH,新兴数字职业,增强现实/虚拟现实开发工程师,AR/VR Developer,2514,15-1252.00,西欧,法国,FR,country,general,本科/硕士,22-28,global,6.8,6.1,7.3,6.1,7.7,5.0,7.6,8.1,7.5,7.7,6.4,10.0,7.5,6.2,6.1,6.1,5.1,2.6,6.5,7.4,6.4,8.4,6.6,8.2,7.7,5.9,5.6,5.5,1.5,0.6,6.8,6.6,8.5,3.5,3,2,↑,2032-2038,6.73,法国增强现实/虚拟现实开发工程师：人才需求旺盛,France AR/VR Developer: strong talent demand,AI综合评估 + O*NET/ILO/OECD锚点校准,2026-04-13,2026-04-13,2000-2026
TECH-0504-DE-general,信息技术与数字化,TECH,新兴数字职业,增强现实/虚拟现实开发工程师,AR/VR Developer,2514,15-1252.00,西欧,德国,DE,country,general,本科/硕士,22-28,global,6.8,6.1,8.5,6.1,8.7,4.6,7.4,7.5,10.0,7.9,6.6,9.5,7.0,7.2,7.1,6.1,6.1,2.6,6.5,7.4,7.9,7.9,6.9,8.0,8.5,6.2,6.4,5.5,1.8,0.9,6.4,7.0,8.9,2.9,3,2,↑,2032-2038,7.08,德国增强现实/虚拟现实开发工程师：薪资回报高,Germany AR/VR Developer: high compensation,AI综合评估 + O*NET/ILO/OECD锚点校准,2026-04-13,2026-04-13,2000-2026
TECH-0504-NL-general,信息技术与数字化,TECH,新兴数字职业,增强现实/虚拟现实开发工程师,AR/VR Developer,2514,15-1252.00,西欧,荷兰,NL,country,general,本科/硕士,22-28,global,6.5,6.1,7.3,6.7,7.9,3.4,8.2,8.3,9.9,7.4,6.1,10.0,7.5,8.2,7.4,6.1,5.1,2.3,6.1,8.2,9.4,8.4,8.9,8.4,7.9,8.0,6.8,5.5,1.3,0.6,6.6,6.6,9.9,3.9,3,2,↑,2032-2038,7.25,荷兰增强现实/虚拟现实开发工程师：薪资回报高，人才需求旺盛，远程友好度高,"Netherlands AR/VR Developer: high compensation, strong talent demand, highly remote-friendly",AI综合评估 + O*NET/ILO/OECD锚点校准,2026-04-13,2026-04-13,2000-2026
TECH-0504-CH-general,信息技术与数字化,TECH,新兴数字职业,增强现实/虚拟现实开发工程师,AR/VR Developer,2514,15-1252.00,西欧,瑞士,CH,country,general,本科/硕士,22-28,global,7.1,5.9,7.7,7.0,7.7,3.6,8.0,7.9,10.0,7.9,7.6,10.0,8.3,6.2,6.8,6.7,5.3,2.9,6.0,8.0,7.0,7.9,8.4,7.6,8.3,6.5,6.6,5.5,1.3,0.5,5.8,6.4,8.7,3.1,3,2,↑,2032-2038,7.08,瑞士增强现实/虚拟现实开发工程师：薪资回报高，人才需求旺盛，就业稳定,"Switzerland AR/VR Developer: high compensation, strong talent demand, stable employment",AI综合评估 + O*NET/ILO/OECD锚点校准,2026-04-13,2026-04-13,2000-2026
TECH-0504-SE-general,信息技术与数字化,TECH,新兴数字职业,增强现实/虚拟现实开发工程师,AR/VR Developer,2514,15-1252.00,北欧,瑞典,SE,country,general,本科/硕士,22-28,global,7.1,5.6,7.9,6.4,7.7,3.0,8.0,7.7,9.6,7.9,6.6,10.0,8.0,8.7,6.6,5.7,5.5,2.6,5.9,7.8,9.4,8.4,8.6,8.6,7.7,9.2,6.6,5.2,1.8,0.8,6.8,7.4,9.5,3.1,3,2,↑,2028-2033,7.22,瑞典增强现实/虚拟现实开发工程师：薪资回报高，人才需求旺盛，远程友好度高,"Sweden AR/VR Developer: high compensation, strong talent demand, highly remote-friendly",AI综合评估 + O*NET/ILO/OECD锚点校准,2026-04-13,2026-04-13,2000-2026
TECH-0504-DK-general,信息技术与数字化,TECH,新兴数字职业,增强现实/虚拟现实开发工程师,AR/VR Developer,2514,15-1252.00,北欧,丹麦,DK,country,general,本科/硕士,22-28,global,6.8,5.5,7.5,6.1,6.9,2.4,7.0,7.7,9.6,7.7,6.1,10.0,7.5,8.0,6.6,6.3,4.5,2.3,6.4,7.6,9.1,7.9,8.1,8.2,7.7,9.2,6.8,5.6,1.5,1.1,6.6,7.4,9.1,3.7,3,2,↑,2032-2038,7.04,丹麦增强现实/虚拟现实开发工程师：薪资回报高，远程友好度高，工作时间规律,"Denmark AR/VR Developer: high compensation, highly remote-friendly, regular working hours",AI综合评估 + O*NET/ILO/OECD锚点校准,2026-04-13,2026-04-13,2000-2026
TECH-0504-FI-general,信息技术与数字化,TECH,新兴数字职业,增强现实/虚拟现实开发工程师,AR/VR Developer,2514,15-1252.00,北欧,芬兰,FI,country,general,本科/硕士,22-28,global,6.5,5.3,7.5,6.3,6.5,2.6,7.8,7.5,8.7,7.9,5.6,9.7,8.8,8.5,7.9,6.1,4.7,2.3,5.9,7.4,9.7,8.7,8.9,8.2,8.3,9.8,6.8,5.6,1.8,0.8,6.2,6.6,8.1,3.1,3,2,↑,2028-2033,7.12,芬兰增强现实/虚拟现实开发工程师：薪资回报高，人才需求旺盛，远程友好度高,"Finland AR/VR Developer: high compensation, strong talent demand, highly remote-friendly",AI综合评估 + O*NET/ILO/OECD锚点校准,2026-04-13,2026-04-13,2000-2026
TECH-0504-IT-general,信息技术与数字化,TECH,新兴数字职业,增强现实/虚拟现实开发工程师,AR/VR Developer,2514,15-1252.00,南欧,意大利,IT,country,general,本科/硕士,22-28,global,6.5,5.9,6.5,6.1,7.3,4.2,7.2,6.1,6.3,5.7,4.9,9.7,6.0,4.5,4.6,5.5,5.1,2.8,6.3,7.0,6.7,7.4,6.1,7.4,7.3,4.7,5.4,5.8,1.3,0.5,7.0,6.8,7.5,3.5,3,2,↑,2032-2038,6.09,意大利增强现实/虚拟现实开发工程师：发展平稳,Italy AR/VR Developer: steady development,AI综合评估 + O*NET/ILO/OECD锚点校准,2026-04-13,2026-04-13,2000-2026
TECH-0504-ES-general,信息技术与数字化,TECH,新兴数字职业,增强现实/虚拟现实开发工程师,AR/VR Developer,2514,15-1252.00,南欧,西班牙,ES,country,general,本科/硕士,22-28,global,6.8,5.3,6.9,5.4,7.1,3.0,6.6,6.5,6.6,5.2,3.4,9.7,6.8,4.5,5.1,5.3,4.9,3.2,5.7,5.6,7.0,6.7,6.9,7.6,7.3,5.9,5.8,5.5,1.0,0.9,7.2,6.4,8.3,3.5,3,2,↑,2028-2033,5.96,西班牙增强现实/虚拟现实开发工程师：就业波动大,Spain AR/VR Developer: volatile employment,AI综合评估 + O*NET/ILO/OECD锚点校准,2026-04-13,2026-04-13,2000-2026
TECH-0504-PT-general,信息技术与数字化,TECH,新兴数字职业,增强现实/虚拟现实开发工程师,AR/VR Developer,2514,15-1252.00,南欧,葡萄牙,PT,country,general,本科/硕士,22-28,global,6.2,5.5,6.3,6.4,5.9,2.8,7.2,6.7,6.3,6.2,4.4,9.5,6.8,5.2,6.1,5.3,4.9,2.9,6.3,6.4,7.9,7.2,6.6,7.6,7.7,6.8,5.6,5.5,1.0,0.6,7.2,6.6,8.7,4.5,3,2,↑,2032-2038,6.21,葡萄牙增强现实/虚拟现实开发工程师：发展平稳,Portugal AR/VR Developer: steady development,AI综合评估 + O*NET/ILO/OECD锚点校准,2026-04-13,2026-04-13,2000-2026
TECH-0504-PL-general,信息技术与数字化,TECH,新兴数字职业,增强现实/虚拟现实开发工程师,AR/VR Developer,2514,15-1252.00,东欧,波兰,PL,country,general,本科/硕士,22-28,global,6.6,5.9,7.5,6.4,6.9,3.8,7.0,6.1,7.5,5.4,5.1,9.7,6.5,6.2,5.1,5.7,5.3,3.4,6.1,7.0,8.5,8.2,5.9,7.2,7.5,6.2,6.0,5.2,1.3,0.2,7.0,7.0,8.1,3.3,3,2,↑,2032-2038,6.33,波兰增强现实/虚拟现实开发工程师：远程友好度高,Poland AR/VR Developer: highly remote-friendly,AI综合评估 + O*NET/ILO/OECD锚点校准,2026-04-13,2026-04-13,2000-2026
TECH-0504-CZ-general,信息技术与数字化,TECH,新兴数字职业,增强现实/虚拟现实开发工程师,AR/VR Developer,2514,15-1252.00,东欧,捷克,CZ,country,general,本科/硕士,22-28,global,6.5,5.8,6.9,6.3,7.1,2.6,6.8,6.1,7.2,5.7,5.1,9.7,7.5,6.0,6.8,6.3,4.3,3.2,6.1,7.0,7.6,6.9,7.1,7.8,7.5,5.9,5.8,5.5,1.8,0.2,6.4,6.8,8.9,3.9,3,2,↑,2032-2038,6.35,捷克增强现实/虚拟现实开发工程师：发展平稳,Czech Republic AR/VR Developer: steady development,AI综合评估 + O*NET/ILO/OECD锚点校准,2026-04-13,2026-04-13,2000-2026
TECH-0504-RU-general,信息技术与数字化,TECH,新兴数字职业,增强现实/虚拟现实开发工程师,AR/VR Developer,2514,15-1252.00,东欧,俄罗斯,RU,country,general,本科/硕士,22-28,global,6.2,5.9,7.5,5.1,7.7,4.4,7.2,6.1,6.3,5.7,3.6,9.0,6.5,4.7,5.6,5.7,5.1,3.0,6.3,6.6,6.7,6.9,4.6,7.6,7.9,4.7,5.2,5.8,1.6,0.2,8.0,6.4,5.3,3.1,3,2,↑,2032-2038,5.95,俄罗斯增强现实/虚拟现实开发工程师：就业波动大,Russia AR/VR Developer: volatile employment,AI综合评估 + O*NET/ILO/OECD锚点校准,2026-04-13,2026-04-13,2000-2026
TECH-0504-US-general,信息技术与数字化,TECH,新兴数字职业,增强现实/虚拟现实开发工程师,AR/VR Developer,2514,15-1252.00,北美,美国,US,country,general,本科/硕士,22-28,global,6.5,6.2,9.5,5.7,9.7,5.6,8.4,8.1,10.0,9.7,4.1,9.5,5.5,3.5,4.4,6.3,6.5,2.6,6.8,8.6,10.0,7.4,4.6,8.2,8.5,6.8,6.4,5.2,1.2,0.6,6.6,6.8,8.5,3.3,3,3,↑,2032-2038,7.02,美国增强现实/虚拟现实开发工程师：薪资回报高，人才需求旺盛，远程友好度高,"United States AR/VR Developer: high compensation, strong talent demand, highly remote-friendly",AI综合评估 + O*NET/ILO/OECD锚点校准,2026-04-13,2026-04-13,2000-2026
TECH-0504-CA-general,信息技术与数字化,TECH,新兴数字职业,增强现实/虚拟现实开发工程师,AR/VR Developer,2514,15-1252.00,北美,加拿大,CA,country,general,本科/硕士,22-28,global,6.6,5.6,8.3,6.9,7.9,5.0,8.4,7.7,10.0,8.4,5.4,9.7,7.5,6.0,5.6,6.5,5.7,2.8,6.5,7.0,9.1,7.4,6.9,8.4,7.9,7.1,6.0,5.6,1.8,0.9,6.4,6.8,9.3,3.5,3,3,↑,2032-2038,7.06,加拿大增强现实/虚拟现实开发工程师：薪资回报高，人才需求旺盛，远程友好度高,"Canada AR/VR Developer: high compensation, strong talent demand, highly remote-friendly",AI综合评估 + O*NET/ILO/OECD锚点校准,2026-04-13,2026-04-13,2000-2026
TECH-0504-MX-general,信息技术与数字化,TECH,新兴数字职业,增强现实/虚拟现实开发工程师,AR/VR Developer,2514,15-1252.00,北美,墨西哥,MX,country,general,本科/硕士,22-28,global,6.5,5.2,6.7,6.1,6.9,3.6,6.4,6.1,4.5,5.4,3.4,9.5,5.8,4.2,4.6,5.9,4.7,3.0,6.1,5.2,7.0,6.2,5.4,6.6,7.1,3.5,5.2,5.6,1.6,0.2,6.8,5.8,6.3,3.3,3,2,↑,2032-2038,5.65,墨西哥增强现实/虚拟现实开发工程师：薪资水平偏低，就业波动大,"Mexico AR/VR Developer: relatively low pay, volatile employment",AI综合评估 + O*NET/ILO/OECD锚点校准,2026-04-13,2026-04-13,2000-2026
TECH-0504-BR-general,信息技术与数字化,TECH,新兴数字职业,增强现实/虚拟现实开发工程师,AR/VR Developer,2514,15-1252.00,南美,巴西,BR,country,general,本科/硕士,22-28,global,6.0,5.8,7.1,5.4,7.9,4.8,6.2,6.1,6.6,4.7,4.1,9.2,6.3,4.2,4.4,6.5,5.1,2.9,5.6,6.0,6.7,7.2,4.9,6.8,8.5,5.0,6.0,5.5,1.6,0.6,7.6,7.2,6.5,3.5,3,2,↑,2028-2033,5.91,巴西增强现实/虚拟现实开发工程师：发展平稳,Brazil AR/VR Developer: steady development,AI综合评估 + O*NET/ILO/OECD锚点校准,2026-04-13,2026-04-13,2000-2026
TECH-0504-AR-general,信息技术与数字化,TECH,新兴数字职业,增强现实/虚拟现实开发工程师,AR/VR Developer,2514,15-1252.00,南美,阿根廷,AR,country,general,本科/硕士,22-28,global,6.6,5.0,5.9,5.1,5.9,2.4,6.6,6.3,3.3,4.7,3.1,9.0,5.5,5.0,5.1,6.1,4.7,2.9,5.6,5.6,8.2,6.4,5.4,7.2,7.5,5.0,5.4,5.3,1.5,0.5,7.8,6.4,6.9,4.1,3,2,↑,2028-2033,5.55,阿根廷增强现实/虚拟现实开发工程师：薪资水平偏低，就业波动大,"Argentina AR/VR Developer: relatively low pay, volatile employment",AI综合评估 + O*NET/ILO/OECD锚点校准,2026-04-13,2026-04-13,2000-2026
TECH-0504-CL-general,信息技术与数字化,TECH,新兴数字职业,增强现实/虚拟现实开发工程师,AR/VR Developer,2514,15-1252.00,南美,智利,CL,country,general,本科/硕士,22-28,global,6.5,5.0,6.5,5.7,6.5,1.6,7.0,6.3,6.6,5.7,3.8,9.2,7.0,4.5,5.9,5.9,5.1,3.4,5.6,6.2,6.4,6.2,5.1,7.2,7.1,5.3,5.8,5.5,1.5,0.3,6.6,6.6,7.7,3.3,3,2,↑,2028-2033,5.9,智利增强现实/虚拟现实开发工程师：就业波动大,Chile AR/VR Developer: volatile employment,AI综合评估 + O*NET/ILO/OECD锚点校准,2026-04-13,2026-04-13,2000-2026
TECH-0504-CO-general,信息技术与数字化,TECH,新兴数字职业,增强现实/虚拟现实开发工程师,AR/VR Developer,2514,15-1252.00,南美,哥伦比亚,CO,country,general,本科/硕士,22-28,global,6.5,5.5,6.5,5.5,6.5,2.4,7.0,6.1,3.9,4.9,4.1,9.5,5.5,4.2,5.1,6.1,4.3,2.9,6.0,5.2,7.0,6.9,5.1,7.6,7.3,4.1,5.2,5.5,1.5,0.0,7.6,6.2,6.5,3.7,3,2,↑,2032-2038,5.63,哥伦比亚增强现实/虚拟现实开发工程师：薪资水平偏低,Colombia AR/VR Developer: relatively low pay,AI综合评估 + O*NET/ILO/OECD锚点校准,2026-04-13,2026-04-13,2000-2026
TECH-0504-AU-general,信息技术与数字化,TECH,新兴数字职业,增强现实/虚拟现实开发工程师,AR/VR Developer,2514,15-1252.00,大洋洲,澳大利亚,AU,country,general,本科/硕士,22-28,global,7.1,5.8,7.5,6.9,7.7,3.8,8.0,7.3,9.9,6.9,5.4,10.0,7.8,6.2,6.1,6.1,5.5,2.4,6.4,7.4,8.5,7.7,7.4,7.4,7.7,7.7,5.6,5.3,1.5,1.2,6.4,7.0,9.5,3.7,3,2,↑,2032-2038,6.9,澳大利亚增强现实/虚拟现实开发工程师：薪资回报高，人才需求旺盛，远程友好度高,"Australia AR/VR Developer: high compensation, strong talent demand, highly remote-friendly",AI综合评估 + O*NET/ILO/OECD锚点校准,2026-04-13,2026-04-13,2000-2026
TECH-0504-NZ-general,信息技术与数字化,TECH,新兴数字职业,增强现实/虚拟现实开发工程师,AR/VR Developer,2514,15-1252.00,大洋洲,新西兰,NZ,country,general,本科/硕士,22-28,global,6.9,5.8,6.7,6.4,6.9,2.2,7.6,6.3,8.4,5.9,6.4,9.7,7.8,7.5,6.4,6.3,4.7,2.9,6.4,7.4,9.4,7.7,7.1,7.4,7.3,7.7,6.0,5.8,1.5,1.1,6.6,7.2,8.3,3.3,3,2,↑,2032-2038,6.67,新西兰增强现实/虚拟现实开发工程师：薪资回报高，人才需求旺盛，远程友好度高,"New Zealand AR/VR Developer: high compensation, strong talent demand, highly remote-friendly",AI综合评估 + O*NET/ILO/OECD锚点校准,2026-04-13,2026-04-13,2000-2026
TECH-0504-ZA-general,信息技术与数字化,TECH,新兴数字职业,增强现实/虚拟现实开发工程师,AR/VR Developer,2514,15-1252.00,非洲,南非,ZA,country,general,本科/硕士,22-28,global,6.3,5.6,6.1,6.0,5.9,3.0,6.4,6.7,5.7,4.9,3.8,9.5,6.0,4.7,5.6,6.3,4.7,3.2,5.9,5.2,6.1,7.2,4.6,7.8,7.3,5.0,5.0,5.9,1.2,0.6,7.4,6.4,6.7,3.5,3,2,↑,2028-2033,5.74,南非增强现实/虚拟现实开发工程师：就业波动大,South Africa AR/VR Developer: volatile employment,AI综合评估 + O*NET/ILO/OECD锚点校准,2026-04-13,2026-04-13,2000-2026
TECH-0504-NG-general,信息技术与数字化,TECH,新兴数字职业,增强现实/虚拟现实开发工程师,AR/VR Developer,2514,15-1252.00,非洲,尼日利亚,NG,country,general,本科/硕士,22-28,global,6.2,5.3,5.7,5.4,5.5,2.8,5.8,4.9,3.6,3.7,2.4,9.2,5.5,3.5,4.9,5.3,4.5,3.6,6.0,5.0,6.1,6.2,4.1,6.4,7.3,2.9,4.6,5.8,1.9,0.6,7.8,6.0,7.1,4.5,2,1,→,2032-2038,5.1,尼日利亚增强现实/虚拟现实开发工程师：薪资水平偏低，加班文化严重，就业波动大,"Nigeria AR/VR Developer: relatively low pay, heavy overtime culture, volatile employment",AI综合评估 + O*NET/ILO/OECD锚点校准,2026-04-13,2026-04-13,2000-2026
TECH-0504-KE-general,信息技术与数字化,TECH,新兴数字职业,增强现实/虚拟现实开发工程师,AR/VR Developer,2514,15-1252.00,非洲,肯尼亚,KE,country,general,本科/硕士,22-28,global,5.9,5.5,5.3,5.2,5.5,2.2,6.6,4.3,3.6,4.2,2.6,9.5,5.8,3.5,4.9,5.5,4.1,3.4,5.6,5.6,5.5,6.2,4.6,7.6,6.3,2.9,4.4,5.6,1.3,0.5,7.2,5.6,7.5,3.7,2,1,→,2028-2033,5.16,肯尼亚增强现实/虚拟现实开发工程师：薪资水平偏低，加班文化严重，就业波动大,"Kenya AR/VR Developer: relatively low pay, heavy overtime culture, volatile employment",AI综合评估 + O*NET/ILO/OECD锚点校准,2026-04-13,2026-04-13,2000-2026
TECH-0504-EG-general,信息技术与数字化,TECH,新兴数字职业,增强现实/虚拟现实开发工程师,AR/VR Developer,2514,15-1252.00,非洲,埃及,EG,country,general,本科/硕士,22-28,global,6.2,5.0,5.9,5.5,6.9,2.8,6.4,4.3,2.4,3.2,3.6,9.2,6.5,3.7,4.1,5.3,4.3,3.8,5.6,5.6,5.8,6.7,4.1,7.0,7.5,2.6,4.6,5.9,1.0,0.2,7.0,5.8,6.9,3.5,2,1,→,2028-2033,5.17,埃及增强现实/虚拟现实开发工程师：薪资水平偏低，就业波动大,"Egypt AR/VR Developer: relatively low pay, volatile employment",AI综合评估 + O*NET/ILO/OECD锚点校准,2026-04-13,2026-04-13,2000-2026
TECH-0505-CN-general,信息技术与数字化,TECH,新兴数字职业,量子计算研究员,Quantum Computing Researcher,2120,15-2051.00,东亚,中国,CN,country,general,博士,27-35,global,9.5,9.3,8.2,7.8,7.5,4.0,9.4,10.0,10.0,6.2,6.3,9.5,6.7,2.1,2.8,5.0,5.2,0.3,9.2,10.0,5.8,6.9,3.7,9.0,5.4,4.3,4.5,5.1,0.7,1.1,4.2,3.3,8.0,5.1,3,5,↑↑,2035+,6.62,中国量子计算研究员：薪资回报高，人才需求旺盛，AI替代抗性强,"China Quantum Computing Researcher: high compensation, strong talent demand, strong AI resistance",AI综合评估 + O*NET/ILO/OECD锚点校准,2026-04-13,2026-04-13,2000-2026
TECH-0505-JP-general,信息技术与数字化,TECH,新兴数字职业,量子计算研究员,Quantum Computing Researcher,2120,15-2051.00,东亚,日本,JP,country,general,博士,27-35,global,9.5,9.4,8.0,8.4,5.9,2.4,10.0,10.0,9.7,6.5,8.3,9.7,6.7,2.1,3.6,5.2,5.2,0.7,8.5,9.5,6.7,7.7,3.9,9.0,5.8,3.1,4.9,4.7,1.0,1.3,2.8,4.1,7.8,4.9,3,4,↑↑,2035+,6.68,日本量子计算研究员：薪资回报高，人才需求旺盛，AI替代抗性强,"Japan Quantum Computing Researcher: high compensation, strong talent demand, strong AI resistance",AI综合评估 + O*NET/ILO/OECD锚点校准,2026-04-13,2026-04-13,2000-2026
TECH-0505-KR-general,信息技术与数字化,TECH,新兴数字职业,量子计算研究员,Quantum Computing Researcher,2120,15-2051.00,东亚,韩国,KR,country,general,博士,27-35,global,10.0,10.0,7.8,8.4,5.7,2.8,9.6,10.0,10.0,6.2,6.8,9.2,6.5,2.1,4.3,5.0,4.8,0.4,8.2,9.9,6.1,6.9,3.4,9.6,5.0,2.8,3.9,5.3,0.5,1.3,3.0,3.7,8.4,4.5,3,4,↑↑,2035+,6.52,韩国量子计算研究员：薪资回报高，人才需求旺盛，AI替代抗性强,"South Korea Quantum Computing Researcher: high compensation, strong talent demand, strong AI resistance",AI综合评估 + O*NET/ILO/OECD锚点校准,2026-04-13,2026-04-13,2000-2026
TECH-0505-TW-general,信息技术与数字化,TECH,新兴数字职业,量子计算研究员,Quantum Computing Researcher,2120,15-2051.00,东亚,中国台湾地区,TW,region,general,博士,27-35,global,9.9,10.0,8.0,8.4,6.1,1.2,9.4,10.0,8.5,5.5,6.1,9.5,7.5,2.9,3.8,5.0,4.8,0.7,8.5,10.0,6.1,7.2,4.2,9.8,4.8,5.2,4.5,5.4,0.2,1.6,3.6,3.7,8.8,5.3,3,4,↑↑,2035+,6.49,中国台湾地区量子计算研究员：薪资回报高，人才需求旺盛，AI替代抗性强,"Taiwan (China) Quantum Computing Researcher: high compensation, strong talent demand, strong AI resistance",AI综合评估 + O*NET/ILO/OECD锚点校准,2026-04-13,2026-04-13,2000-2026
TECH-0505-HK-general,信息技术与数字化,TECH,新兴数字职业,量子计算研究员,Quantum Computing Researcher,2120,15-2051.00,东亚,中国香港地区,HK,region,general,博士,27-35,global,9.5,9.3,7.6,8.3,4.5,1.6,9.6,9.0,10.0,6.0,6.6,9.2,7.2,3.4,3.6,5.2,4.0,1.3,8.6,10.0,6.7,7.2,3.7,9.6,4.6,4.3,3.9,5.1,0.2,1.3,3.2,4.3,10.0,4.5,3,4,↑↑,2035+,6.53,中国香港地区量子计算研究员：薪资回报高，人才需求旺盛，AI替代抗性强,"Hong Kong (China) Quantum Computing Researcher: high compensation, strong talent demand, strong AI resistance",AI综合评估 + O*NET/ILO/OECD锚点校准,2026-04-13,2026-04-13,2000-2026
TECH-0505-SG-general,信息技术与数字化,TECH,新兴数字职业,量子计算研究员,Quantum Computing Researcher,2120,15-2051.00,东南亚,新加坡,SG,country,general,博士,27-35,global,10.0,10.0,8.2,8.4,5.5,2.0,10.0,10.0,10.0,7.2,8.8,9.7,8.0,4.1,4.3,5.6,5.0,0.4,8.6,10.0,6.7,9.2,4.9,9.0,5.0,6.1,5.3,4.7,0.8,1.3,2.8,4.1,10.0,5.3,3,5,↑↑,2035+,7.04,新加坡量子计算研究员：薪资回报高，人才需求旺盛，AI替代抗性强,"Singapore Quantum Computing Researcher: high compensation, strong talent demand, strong AI resistance",AI综合评估 + O*NET/ILO/OECD锚点校准,2026-04-13,2026-04-13,2000-2026
TECH-0505-TH-general,信息技术与数字化,TECH,新兴数字职业,量子计算研究员,Quantum Computing Researcher,2120,15-2051.00,东南亚,泰国,TH,country,general,博士,27-35,global,9.2,9.4,6.2,8.4,4.7,0.6,7.8,10.0,7.0,4.2,6.8,9.5,7.2,5.1,6.1,4.2,4.2,1.0,7.9,8.7,5.8,8.9,4.4,8.4,4.8,4.0,3.9,5.4,0.5,0.4,3.6,3.7,8.4,5.5,3,4,↑↑,2035+,6.21,泰国量子计算研究员：人才需求旺盛，AI替代抗性强，近年增长迅猛,"Thailand Quantum Computing Researcher: strong talent demand, strong AI resistance, rapid recent growth",AI综合评估 + O*NET/ILO/OECD锚点校准,2026-04-13,2026-04-13,2000-2026
TECH-0505-VN-general,信息技术与数字化,TECH,新兴数字职业,量子计算研究员,Quantum Computing Researcher,2120,15-2051.00,东南亚,越南,VN,country,general,博士,27-35,global,9.2,9.6,6.4,7.4,4.7,1.4,8.2,10.0,6.1,4.5,6.1,9.5,7.5,4.6,5.3,4.6,5.0,0.9,8.6,8.1,5.2,7.9,3.7,8.6,5.4,3.1,4.3,5.1,1.0,0.5,3.2,3.7,8.6,5.9,3,4,↑↑,2035+,6.11,越南量子计算研究员：人才需求旺盛，AI替代抗性强，近年增长迅猛,"Vietnam Quantum Computing Researcher: strong talent demand, strong AI resistance, rapid recent growth",AI综合评估 + O*NET/ILO/OECD锚点校准,2026-04-13,2026-04-13,2000-2026
TECH-0505-ID-general,信息技术与数字化,TECH,新兴数字职业,量子计算研究员,Quantum Computing Researcher,2120,15-2051.00,东南亚,印度尼西亚,ID,country,general,博士,27-35,global,9.3,9.1,6.8,7.7,4.5,2.2,8.8,9.2,6.7,3.7,6.3,9.7,7.5,4.9,6.1,5.0,4.8,1.0,8.0,8.5,4.6,8.7,4.2,8.4,4.4,3.1,4.7,4.7,0.8,0.7,4.0,3.7,7.4,5.3,3,4,↑↑,2035+,6.13,印度尼西亚量子计算研究员：人才需求旺盛，AI替代抗性强，近年增长迅猛,"Indonesia Quantum Computing Researcher: strong talent demand, strong AI resistance, rapid recent growth",AI综合评估 + O*NET/ILO/OECD锚点校准,2026-04-13,2026-04-13,2000-2026
TECH-0505-MY-general,信息技术与数字化,TECH,新兴数字职业,量子计算研究员,Quantum Computing Researcher,2120,15-2051.00,东南亚,马来西亚,MY,country,general,博士,27-35,global,9.6,9.7,6.4,8.4,4.1,0.2,8.4,9.0,7.9,5.0,7.1,9.5,7.5,4.9,5.8,4.8,4.6,1.0,8.1,8.3,6.7,8.7,5.4,8.8,5.0,4.9,3.7,5.1,0.1,1.3,3.4,3.9,9.6,5.5,3,4,↑↑,2035+,6.37,马来西亚量子计算研究员：人才需求旺盛，AI替代抗性强，近年增长迅猛,"Malaysia Quantum Computing Researcher: strong talent demand, strong AI resistance, rapid recent growth",AI综合评估 + O*NET/ILO/OECD锚点校准,2026-04-13,2026-04-13,2000-2026
TECH-0505-PH-general,信息技术与数字化,TECH,新兴数字职业,量子计算研究员,Quantum Computing Researcher,2120,15-2051.00,东南亚,菲律宾,PH,country,general,博士,27-35,global,9.9,9.7,6.0,7.8,4.7,1.6,9.0,9.0,6.1,4.0,5.1,9.5,7.0,4.4,4.3,4.8,4.0,1.0,8.2,7.9,7.9,8.7,4.7,9.2,5.0,5.5,4.1,4.8,1.0,1.1,3.4,4.3,8.6,5.3,3,4,↑↑,2035+,6.11,菲律宾量子计算研究员：人才需求旺盛，AI替代抗性强，近年增长迅猛,"Philippines Quantum Computing Researcher: strong talent demand, strong AI resistance, rapid recent growth",AI综合评估 + O*NET/ILO/OECD锚点校准,2026-04-13,2026-04-13,2000-2026
TECH-0505-IN-general,信息技术与数字化,TECH,新兴数字职业,量子计算研究员,Quantum Computing Researcher,2120,15-2051.00,南亚,印度,IN,country,general,博士,27-35,global,9.6,9.6,8.2,7.5,6.3,3.0,9.6,10.0,9.1,6.2,5.8,9.5,6.2,4.1,5.3,5.8,5.4,0.4,8.6,8.9,7.6,8.2,3.9,9.6,5.4,3.7,4.1,4.8,0.4,0.5,3.4,3.7,10.0,4.3,3,4,↑↑,2035+,6.78,印度量子计算研究员：薪资回报高，人才需求旺盛，AI替代抗性强,"India Quantum Computing Researcher: high compensation, strong talent demand, strong AI resistance",AI综合评估 + O*NET/ILO/OECD锚点校准,2026-04-13,2026-04-13,2000-2026
TECH-0505-PK-general,信息技术与数字化,TECH,新兴数字职业,量子计算研究员,Quantum Computing Researcher,2120,15-2051.00,南亚,巴基斯坦,PK,country,general,博士,27-35,global,9.8,9.4,6.4,7.8,3.7,0.2,7.4,8.0,5.5,3.5,5.1,9.5,6.2,3.9,4.6,4.6,4.0,1.6,7.9,6.9,6.4,8.4,3.7,9.0,4.8,0.4,3.7,4.8,0.4,0.5,4.4,4.3,7.6,5.3,2,3,↑,2035+,5.58,巴基斯坦量子计算研究员：AI替代抗性强,Pakistan Quantum Computing Researcher: strong AI resistance,AI综合评估 + O*NET/ILO/OECD锚点校准,2026-04-13,2026-04-13,2000-2026
TECH-0505-BD-general,信息技术与数字化,TECH,新兴数字职业,量子计算研究员,Quantum Computing Researcher,2120,15-2051.00,南亚,孟加拉国,BD,country,general,博士,27-35,global,9.2,8.8,4.8,7.8,3.9,0.8,8.2,8.0,4.0,2.7,4.6,9.2,7.2,4.1,4.3,4.0,3.6,1.5,8.4,6.7,7.0,8.7,3.2,8.0,3.8,0.7,3.7,4.5,0.5,0.2,4.2,4.3,7.8,4.9,2,3,↑,2035+,5.46,孟加拉国量子计算研究员：薪资水平偏低，人才需求旺盛，AI替代抗性强,"Bangladesh Quantum Computing Researcher: relatively low pay, strong talent demand, strong AI resistance",AI综合评估 + O*NET/ILO/OECD锚点校准,2026-04-13,2026-04-13,2000-2026
TECH-0505-AE-general,信息技术与数字化,TECH,新兴数字职业,量子计算研究员,Quantum Computing Researcher,2120,15-2051.00,中亚/西亚,阿联酋,AE,country,general,博士,27-35,global,9.5,9.7,7.4,8.7,5.1,0.6,9.4,10.0,10.0,6.7,8.1,9.5,7.0,5.1,6.1,5.8,4.6,0.6,8.6,10.0,5.2,8.2,4.9,9.4,5.4,4.6,4.1,4.8,0.2,1.3,3.2,3.3,10.0,4.9,3,4,↑↑,2035+,6.85,阿联酋量子计算研究员：薪资回报高，人才需求旺盛，AI替代抗性强,"United Arab Emirates Quantum Computing Researcher: high compensation, strong talent demand, strong AI resistance",AI综合评估 + O*NET/ILO/OECD锚点校准,2026-04-13,2026-04-13,2000-2026
TECH-0505-IL-general,信息技术与数字化,TECH,新兴数字职业,量子计算研究员,Quantum Computing Researcher,2120,15-2051.00,中亚/西亚,以色列,IL,country,general,博士,27-35,global,9.6,9.4,7.6,7.5,6.5,2.0,9.8,10.0,10.0,7.2,6.8,9.7,7.5,5.1,5.1,6.2,5.4,0.9,8.9,10.0,9.4,8.2,5.9,9.4,4.8,5.5,4.5,4.7,0.7,1.0,3.0,3.7,10.0,5.7,3,5,↑↑,2035+,7.07,以色列量子计算研究员：薪资回报高，人才需求旺盛，AI替代抗性强,"Israel Quantum Computing Researcher: high compensation, strong talent demand, strong AI resistance",AI综合评估 + O*NET/ILO/OECD锚点校准,2026-04-13,2026-04-13,2000-2026
TECH-0505-SA-general,信息技术与数字化,TECH,新兴数字职业,量子计算研究员,Quantum Computing Researcher,2120,15-2051.00,中亚/西亚,沙特阿拉伯,SA,country,general,博士,27-35,global,9.2,9.7,6.6,8.4,4.3,1.2,8.4,9.8,10.0,6.0,7.1,9.7,7.5,4.1,5.6,5.4,4.2,0.9,8.6,9.3,5.8,7.4,5.2,9.2,4.6,1.9,4.1,5.3,0.7,0.5,3.4,3.9,7.8,5.3,3,4,↑↑,2035+,6.48,沙特阿拉伯量子计算研究员：薪资回报高，人才需求旺盛，AI替代抗性强,"Saudi Arabia Quantum Computing Researcher: high compensation, strong talent demand, strong AI resistance",AI综合评估 + O*NET/ILO/OECD锚点校准,2026-04-13,2026-04-13,2000-2026
TECH-0505-TR-general,信息技术与数字化,TECH,新兴数字职业,量子计算研究员,Quantum Computing Researcher,2120,15-2051.00,中亚/西亚,土耳其,TR,country,general,博士,27-35,global,9.2,9.6,7.4,7.7,4.7,2.4,8.8,9.6,6.1,5.2,5.3,9.0,6.5,4.1,4.3,4.6,5.2,0.9,8.4,8.3,7.0,7.9,5.2,8.8,4.6,2.2,4.1,5.1,0.5,0.7,3.4,4.3,8.4,4.5,3,4,↑↑,2035+,6.21,土耳其量子计算研究员：人才需求旺盛，AI替代抗性强，近年增长迅猛,"Turkey Quantum Computing Researcher: strong talent demand, strong AI resistance, rapid recent growth",AI综合评估 + O*NET/ILO/OECD锚点校准,2026-04-13,2026-04-13,2000-2026
TECH-0505-GB-general,信息技术与数字化,TECH,新兴数字职业,量子计算研究员,Quantum Computing Researcher,2120,15-2051.00,西欧,英国,GB,country,general,博士,27-35,global,10.0,10.0,8.0,8.0,6.3,3.4,10.0,10.0,10.0,8.0,7.1,9.7,7.5,6.6,5.8,5.0,4.8,0.4,9.2,10.0,10.0,9.7,6.9,9.2,5.8,7.0,4.7,5.1,0.5,0.8,4.0,3.9,10.0,4.5,3,5,↑↑,2035+,7.37,英国量子计算研究员：薪资回报高，人才需求旺盛，AI替代抗性强,"United Kingdom Quantum Computing Researcher: high compensation, strong talent demand, strong AI resistance",AI综合评估 + O*NET/ILO/OECD锚点校准,2026-04-13,2026-04-13,2000-2026
TECH-0505-FR-general,信息技术与数字化,TECH,新兴数字职业,量子计算研究员,Quantum Computing Researcher,2120,15-2051.00,西欧,法国,FR,country,general,博士,27-35,global,9.5,9.4,7.6,8.1,5.9,2.2,9.6,10.0,10.0,7.0,6.8,10.0,8.5,6.6,6.6,5.4,4.4,0.7,8.8,9.9,7.6,9.7,7.2,9.4,6.4,6.7,4.9,4.7,0.8,1.4,2.6,3.7,9.8,4.7,3,4,↑↑,2035+,7.24,法国量子计算研究员：薪资回报高，人才需求旺盛，AI替代抗性强,"France Quantum Computing Researcher: high compensation, strong talent demand, strong AI resistance",AI综合评估 + O*NET/ILO/OECD锚点校准,2026-04-13,2026-04-13,2000-2026
TECH-0505-DE-general,信息技术与数字化,TECH,新兴数字职业,量子计算研究员,Quantum Computing Researcher,2120,15-2051.00,西欧,德国,DE,country,general,博士,27-35,global,10.0,9.7,8.4,8.3,6.1,3.0,9.6,10.0,10.0,7.0,7.8,10.0,7.7,8.4,7.1,5.2,4.8,0.7,8.5,10.0,7.3,9.7,6.9,9.6,6.2,6.7,5.5,5.1,0.1,1.0,3.0,3.9,10.0,4.5,3,4,↑↑,2035+,7.38,德国量子计算研究员：薪资回报高，人才需求旺盛，AI替代抗性强,"Germany Quantum Computing Researcher: high compensation, strong talent demand, strong AI resistance",AI综合评估 + O*NET/ILO/OECD锚点校准,2026-04-13,2026-04-13,2000-2026
TECH-0505-NL-general,信息技术与数字化,TECH,新兴数字职业,量子计算研究员,Quantum Computing Researcher,2120,15-2051.00,西欧,荷兰,NL,country,general,博士,27-35,global,9.3,10.0,7.2,8.9,5.3,1.8,10.0,10.0,10.0,7.7,8.3,10.0,8.5,7.6,7.1,6.0,4.2,0.3,8.8,10.0,9.4,9.2,8.4,9.2,5.4,7.9,4.9,5.1,0.7,1.4,3.4,4.9,10.0,5.1,3,4,↑↑,2035+,7.48,荷兰量子计算研究员：薪资回报高，人才需求旺盛，AI替代抗性强,"Netherlands Quantum Computing Researcher: high compensation, strong talent demand, strong AI resistance",AI综合评估 + O*NET/ILO/OECD锚点校准,2026-04-13,2026-04-13,2000-2026
TECH-0505-CH-general,信息技术与数字化,TECH,新兴数字职业,量子计算研究员,Quantum Computing Researcher,2120,15-2051.00,西欧,瑞士,CH,country,general,博士,27-35,global,9.3,9.9,7.2,9.0,5.3,1.4,10.0,9.8,10.0,8.0,9.6,9.7,8.5,7.1,6.6,5.2,5.0,0.7,8.5,10.0,6.7,9.9,7.4,9.0,5.8,6.7,6.1,5.3,0.5,1.4,2.4,4.1,10.0,5.3,3,4,↑↑,2035+,7.37,瑞士量子计算研究员：薪资回报高，人才需求旺盛，AI替代抗性强,"Switzerland Quantum Computing Researcher: high compensation, strong talent demand, strong AI resistance",AI综合评估 + O*NET/ILO/OECD锚点校准,2026-04-13,2026-04-13,2000-2026
TECH-0505-SE-general,信息技术与数字化,TECH,新兴数字职业,量子计算研究员,Quantum Computing Researcher,2120,15-2051.00,北欧,瑞典,SE,country,general,博士,27-35,global,9.8,9.4,8.0,8.9,5.3,1.2,10.0,10.0,10.0,7.2,8.1,10.0,9.0,9.4,8.1,5.6,5.0,0.4,8.4,9.9,9.1,10.0,8.4,9.6,5.0,8.2,5.5,5.1,0.4,1.6,3.0,4.9,10.0,5.1,3,4,↑↑,2035+,7.59,瑞典量子计算研究员：薪资回报高，人才需求旺盛，AI替代抗性强,"Sweden Quantum Computing Researcher: high compensation, strong talent demand, strong AI resistance",AI综合评估 + O*NET/ILO/OECD锚点校准,2026-04-13,2026-04-13,2000-2026
TECH-0505-DK-general,信息技术与数字化,TECH,新兴数字职业,量子计算研究员,Quantum Computing Researcher,2120,15-2051.00,北欧,丹麦,DK,country,general,博士,27-35,global,9.8,9.7,6.6,8.6,4.7,0.8,10.0,10.0,10.0,6.0,8.3,9.7,9.5,8.9,8.3,5.6,4.0,0.3,8.4,9.5,7.6,8.9,8.2,9.8,4.6,9.1,5.1,5.1,0.5,1.6,3.0,4.5,10.0,4.9,3,4,↑↑,2035+,7.33,丹麦量子计算研究员：薪资回报高，人才需求旺盛，AI替代抗性强,"Denmark Quantum Computing Researcher: high compensation, strong talent demand, strong AI resistance",AI综合评估 + O*NET/ILO/OECD锚点校准,2026-04-13,2026-04-13,2000-2026
TECH-0505-FI-general,信息技术与数字化,TECH,新兴数字职业,量子计算研究员,Quantum Computing Researcher,2120,15-2051.00,北欧,芬兰,FI,country,general,博士,27-35,global,10.0,10.0,7.8,8.6,4.9,1.4,9.8,10.0,10.0,7.5,7.3,9.7,9.2,9.9,7.3,5.2,4.8,0.6,8.6,10.0,8.8,9.7,7.4,9.4,4.8,9.4,5.3,4.5,0.2,1.0,2.8,4.3,10.0,4.7,3,4,↑↑,2035+,7.45,芬兰量子计算研究员：薪资回报高，人才需求旺盛，AI替代抗性强,"Finland Quantum Computing Researcher: high compensation, strong talent demand, strong AI resistance",AI综合评估 + O*NET/ILO/OECD锚点校准,2026-04-13,2026-04-13,2000-2026
TECH-0505-IT-general,信息技术与数字化,TECH,新兴数字职业,量子计算研究员,Quantum Computing Researcher,2120,15-2051.00,南欧,意大利,IT,country,general,博士,27-35,global,9.5,9.9,7.2,8.3,5.5,1.8,8.6,9.0,8.8,5.2,6.3,9.5,8.0,5.1,5.3,4.8,4.8,1.3,8.1,8.5,6.7,9.2,6.2,9.4,5.6,4.0,4.7,5.0,0.5,1.1,3.2,3.5,9.0,5.3,3,4,↑↑,2035+,6.54,意大利量子计算研究员：薪资回报高，人才需求旺盛，AI替代抗性强,"Italy Quantum Computing Researcher: high compensation, strong talent demand, strong AI resistance",AI综合评估 + O*NET/ILO/OECD锚点校准,2026-04-13,2026-04-13,2000-2026
TECH-0505-ES-general,信息技术与数字化,TECH,新兴数字职业,量子计算研究员,Quantum Computing Researcher,2120,15-2051.00,南欧,西班牙,ES,country,general,博士,27-35,global,9.9,9.9,7.2,7.8,4.5,1.4,9.4,9.2,7.6,5.0,6.1,9.2,8.7,4.6,5.3,5.0,4.6,0.7,8.2,8.7,7.6,8.4,6.4,9.0,4.8,4.6,4.5,5.4,0.2,1.1,3.8,4.3,9.6,5.5,3,4,↑↑,2035+,6.5,西班牙量子计算研究员：人才需求旺盛，AI替代抗性强，近年增长迅猛,"Spain Quantum Computing Researcher: strong talent demand, strong AI resistance, rapid recent growth",AI综合评估 + O*NET/ILO/OECD锚点校准,2026-04-13,2026-04-13,2000-2026
TECH-0505-PT-general,信息技术与数字化,TECH,新兴数字职业,量子计算研究员,Quantum Computing Researcher,2120,15-2051.00,南欧,葡萄牙,PT,country,general,博士,27-35,global,9.6,9.7,7.0,7.8,4.5,0.8,9.2,9.0,8.2,4.2,6.1,9.5,7.7,5.4,6.1,4.8,4.6,1.0,8.4,8.9,7.3,8.7,6.2,9.0,4.8,6.7,4.9,4.7,0.1,1.3,3.6,4.3,10.0,5.1,3,4,↑↑,2035+,6.56,葡萄牙量子计算研究员：薪资回报高，人才需求旺盛，AI替代抗性强,"Portugal Quantum Computing Researcher: high compensation, strong talent demand, strong AI resistance",AI综合评估 + O*NET/ILO/OECD锚点校准,2026-04-13,2026-04-13,2000-2026
TECH-0505-PL-general,信息技术与数字化,TECH,新兴数字职业,量子计算研究员,Quantum Computing Researcher,2120,15-2051.00,东欧,波兰,PL,country,general,博士,27-35,global,9.9,9.6,7.4,8.6,5.7,1.0,9.6,9.2,8.8,5.5,6.3,9.7,7.7,5.9,6.3,4.8,4.8,1.0,8.4,8.7,7.3,9.4,6.9,8.8,5.0,4.6,4.7,4.5,0.4,1.4,3.2,4.3,10.0,4.7,3,4,↑↑,2035+,6.77,波兰量子计算研究员：薪资回报高，人才需求旺盛，AI替代抗性强,"Poland Quantum Computing Researcher: high compensation, strong talent demand, strong AI resistance",AI综合评估 + O*NET/ILO/OECD锚点校准,2026-04-13,2026-04-13,2000-2026
TECH-0505-CZ-general,信息技术与数字化,TECH,新兴数字职业,量子计算研究员,Quantum Computing Researcher,2120,15-2051.00,东欧,捷克,CZ,country,general,博士,27-35,global,9.9,9.6,6.4,8.9,4.5,1.2,9.4,9.2,10.0,5.5,7.3,10.0,8.5,6.6,7.1,5.4,4.4,1.3,8.2,9.3,6.7,8.9,6.9,9.8,4.8,4.9,4.5,5.0,0.5,1.6,3.4,4.1,10.0,5.1,3,4,↑↑,2035+,6.85,捷克量子计算研究员：薪资回报高，人才需求旺盛，AI替代抗性强,"Czech Republic Quantum Computing Researcher: high compensation, strong talent demand, strong AI resistance",AI综合评估 + O*NET/ILO/OECD锚点校准,2026-04-13,2026-04-13,2000-2026
TECH-0505-RU-general,信息技术与数字化,TECH,新兴数字职业,量子计算研究员,Quantum Computing Researcher,2120,15-2051.00,东欧,俄罗斯,RU,country,general,博士,27-35,global,9.5,9.7,7.8,7.1,4.9,1.8,9.0,9.4,8.5,5.2,5.8,9.2,8.0,5.6,6.1,5.4,4.2,0.7,8.2,9.5,6.7,8.7,5.4,8.6,4.4,5.5,4.5,5.3,0.5,0.7,4.2,4.7,7.0,4.7,3,4,↑↑,2035+,6.53,俄罗斯量子计算研究员：薪资回报高，人才需求旺盛，AI替代抗性强,"Russia Quantum Computing Researcher: high compensation, strong talent demand, strong AI resistance",AI综合评估 + O*NET/ILO/OECD锚点校准,2026-04-13,2026-04-13,2000-2026
TECH-0505-US-general,信息技术与数字化,TECH,新兴数字职业,量子计算研究员,Quantum Computing Researcher,2120,15-2051.00,北美,美国,US,country,general,博士,27-35,global,10.0,9.7,8.6,7.8,7.9,3.4,10.0,10.0,10.0,8.5,6.3,9.5,6.7,3.4,5.6,5.2,5.6,0.4,8.9,10.0,9.1,9.2,4.7,9.8,5.8,7.6,5.1,4.8,0.5,0.8,3.4,4.7,10.0,4.5,3,5,↑↑,2035+,7.27,美国量子计算研究员：薪资回报高，人才需求旺盛，AI替代抗性强,"United States Quantum Computing Researcher: high compensation, strong talent demand, strong AI resistance",AI综合评估 + O*NET/ILO/OECD锚点校准,2026-04-13,2026-04-13,2000-2026
TECH-0505-CA-general,信息技术与数字化,TECH,新兴数字职业,量子计算研究员,Quantum Computing Researcher,2120,15-2051.00,北美,加拿大,CA,country,general,博士,27-35,global,9.9,10.0,7.8,8.1,6.5,2.4,9.4,10.0,10.0,6.5,8.1,10.0,8.0,6.1,6.6,4.8,5.4,0.3,8.6,10.0,8.5,8.7,6.4,9.2,5.4,6.7,4.7,5.1,0.4,1.3,3.2,4.9,10.0,5.3,3,5,↑↑,2035+,7.23,加拿大量子计算研究员：薪资回报高，人才需求旺盛，AI替代抗性强,"Canada Quantum Computing Researcher: high compensation, strong talent demand, strong AI resistance",AI综合评估 + O*NET/ILO/OECD锚点校准,2026-04-13,2026-04-13,2000-2026
TECH-0505-MX-general,信息技术与数字化,TECH,新兴数字职业,量子计算研究员,Quantum Computing Researcher,2120,15-2051.00,北美,墨西哥,MX,country,general,博士,27-35,global,9.6,9.6,6.4,7.8,5.1,1.4,8.6,9.8,6.7,4.2,6.1,9.5,6.5,4.4,5.3,4.4,4.2,1.2,8.0,8.9,6.1,7.9,5.7,8.4,4.4,2.5,4.1,4.8,0.2,1.3,3.8,3.9,8.6,5.5,3,4,↑↑,2035+,6.1,墨西哥量子计算研究员：人才需求旺盛，AI替代抗性强，近年增长迅猛,"Mexico Quantum Computing Researcher: strong talent demand, strong AI resistance, rapid recent growth",AI综合评估 + O*NET/ILO/OECD锚点校准,2026-04-13,2026-04-13,2000-2026
TECH-0505-BR-general,信息技术与数字化,TECH,新兴数字职业,量子计算研究员,Quantum Computing Researcher,2120,15-2051.00,南美,巴西,BR,country,general,博士,27-35,global,9.6,9.4,7.2,8.1,5.3,2.6,8.2,9.0,8.5,4.2,5.6,9.5,7.2,4.9,5.1,5.0,4.6,1.0,8.2,9.1,7.0,8.2,5.2,9.2,5.8,4.6,4.9,4.7,0.2,0.7,3.8,3.7,8.6,5.1,3,4,↑↑,2035+,6.42,巴西量子计算研究员：薪资回报高，人才需求旺盛，AI替代抗性强,"Brazil Quantum Computing Researcher: high compensation, strong talent demand, strong AI resistance",AI综合评估 + O*NET/ILO/OECD锚点校准,2026-04-13,2026-04-13,2000-2026
TECH-0505-AR-general,信息技术与数字化,TECH,新兴数字职业,量子计算研究员,Quantum Computing Researcher,2120,15-2051.00,南美,阿根廷,AR,country,general,博士,27-35,global,9.6,9.3,6.8,6.9,4.5,0.4,9.2,9.0,5.8,3.7,4.1,9.2,6.7,4.9,5.3,5.2,4.4,1.2,8.4,8.7,6.4,8.2,4.2,8.2,4.6,3.4,3.9,5.0,1.0,0.8,4.2,3.9,8.2,5.9,3,4,↑↑,2035+,5.93,阿根廷量子计算研究员：人才需求旺盛，AI替代抗性强，近年增长迅猛,"Argentina Quantum Computing Researcher: strong talent demand, strong AI resistance, rapid recent growth",AI综合评估 + O*NET/ILO/OECD锚点校准,2026-04-13,2026-04-13,2000-2026
TECH-0505-CL-general,信息技术与数字化,TECH,新兴数字职业,量子计算研究员,Quantum Computing Researcher,2120,15-2051.00,南美,智利,CL,country,general,博士,27-35,global,9.3,9.7,6.4,8.0,4.3,0.0,8.6,10.0,7.9,4.7,6.8,9.5,7.5,4.9,6.1,4.4,4.6,0.7,8.6,8.3,6.4,9.2,6.2,8.6,4.2,3.4,4.3,5.3,0.2,1.1,3.0,4.3,8.4,5.7,3,4,↑↑,2035+,6.41,智利量子计算研究员：人才需求旺盛，AI替代抗性强，近年增长迅猛,"Chile Quantum Computing Researcher: strong talent demand, strong AI resistance, rapid recent growth",AI综合评估 + O*NET/ILO/OECD锚点校准,2026-04-13,2026-04-13,2000-2026
TECH-0505-CO-general,信息技术与数字化,TECH,新兴数字职业,量子计算研究员,Quantum Computing Researcher,2120,15-2051.00,南美,哥伦比亚,CO,country,general,博士,27-35,global,9.2,9.7,6.2,7.8,3.7,1.2,8.8,9.8,6.7,3.7,5.1,9.7,8.0,4.4,5.1,5.2,3.6,1.3,8.6,8.1,6.7,8.2,5.2,9.4,4.2,2.8,4.5,4.8,0.2,0.8,3.6,4.3,8.0,5.3,3,4,↑↑,2035+,6.1,哥伦比亚量子计算研究员：人才需求旺盛，AI替代抗性强，近年增长迅猛,"Colombia Quantum Computing Researcher: strong talent demand, strong AI resistance, rapid recent growth",AI综合评估 + O*NET/ILO/OECD锚点校准,2026-04-13,2026-04-13,2000-2026
TECH-0505-AU-general,信息技术与数字化,TECH,新兴数字职业,量子计算研究员,Quantum Computing Researcher,2120,15-2051.00,大洋洲,澳大利亚,AU,country,general,博士,27-35,global,9.8,9.9,7.2,8.6,5.9,1.8,10.0,10.0,10.0,7.0,8.3,9.7,8.7,6.4,6.6,5.4,5.0,0.9,8.4,9.7,9.4,9.2,7.4,9.0,5.0,8.2,5.9,5.4,0.7,1.3,3.4,4.5,10.0,4.5,3,4,↑↑,2035+,7.33,澳大利亚量子计算研究员：薪资回报高，人才需求旺盛，AI替代抗性强,"Australia Quantum Computing Researcher: high compensation, strong talent demand, strong AI resistance",AI综合评估 + O*NET/ILO/OECD锚点校准,2026-04-13,2026-04-13,2000-2026
TECH-0505-NZ-general,信息技术与数字化,TECH,新兴数字职业,量子计算研究员,Quantum Computing Researcher,2120,15-2051.00,大洋洲,新西兰,NZ,country,general,博士,27-35,global,9.8,9.7,7.4,9.0,4.7,0.4,9.6,9.2,10.0,5.7,8.1,9.5,8.7,7.9,7.1,5.4,4.0,1.3,8.5,8.9,8.8,8.7,7.9,8.8,4.6,7.9,4.7,5.1,1.0,1.1,2.6,3.7,10.0,4.9,3,4,↑↑,2035+,7.09,新西兰量子计算研究员：薪资回报高，人才需求旺盛，AI替代抗性强,"New Zealand Quantum Computing Researcher: high compensation, strong talent demand, strong AI resistance",AI综合评估 + O*NET/ILO/OECD锚点校准,2026-04-13,2026-04-13,2000-2026
TECH-0505-ZA-general,信息技术与数字化,TECH,新兴数字职业,量子计算研究员,Quantum Computing Researcher,2120,15-2051.00,非洲,南非,ZA,country,general,博士,27-35,global,9.5,9.0,6.2,7.4,3.9,0.4,9.0,8.8,6.7,4.5,6.1,9.2,7.5,5.9,6.1,4.4,3.8,1.2,8.6,8.5,6.4,8.2,5.4,9.0,4.4,4.3,3.7,4.8,0.2,1.0,3.6,3.3,7.8,4.7,3,4,↑↑,2035+,6.17,南非量子计算研究员：人才需求旺盛，AI替代抗性强，近年增长迅猛,"South Africa Quantum Computing Researcher: strong talent demand, strong AI resistance, rapid recent growth",AI综合评估 + O*NET/ILO/OECD锚点校准,2026-04-13,2026-04-13,2000-2026
TECH-0505-NG-general,信息技术与数字化,TECH,新兴数字职业,量子计算研究员,Quantum Computing Researcher,2120,15-2051.00,非洲,尼日利亚,NG,country,general,博士,27-35,global,9.5,9.1,6.2,7.4,3.9,0.2,7.8,7.8,5.5,3.7,4.1,9.2,6.2,3.6,4.3,4.2,4.2,1.5,8.6,6.9,6.4,8.2,3.7,8.4,4.0,1.6,3.3,5.0,0.7,1.1,3.8,3.3,8.2,6.1,2,3,↑,2035+,5.53,尼日利亚量子计算研究员：人才需求旺盛，AI替代抗性强,"Nigeria Quantum Computing Researcher: strong talent demand, strong AI resistance",AI综合评估 + O*NET/ILO/OECD锚点校准,2026-04-13,2026-04-13,2000-2026
TECH-0505-KE-general,信息技术与数字化,TECH,新兴数字职业,量子计算研究员,Quantum Computing Researcher,2120,15-2051.00,非洲,肯尼亚,KE,country,general,博士,27-35,global,9.6,9.3,6.2,7.7,3.1,0.0,8.2,8.0,5.2,2.7,4.8,9.5,6.2,5.4,6.1,4.8,3.8,1.3,8.4,7.5,6.7,7.4,4.9,8.2,4.4,3.7,4.1,5.1,0.2,0.7,3.6,3.5,8.8,5.7,2,3,↑,2035+,5.77,肯尼亚量子计算研究员：人才需求旺盛，AI替代抗性强,"Kenya Quantum Computing Researcher: strong talent demand, strong AI resistance",AI综合评估 + O*NET/ILO/OECD锚点校准,2026-04-13,2026-04-13,2000-2026
TECH-0505-EG-general,信息技术与数字化,TECH,新兴数字职业,量子计算研究员,Quantum Computing Researcher,2120,15-2051.00,非洲,埃及,EG,country,general,博士,27-35,global,9.3,9.1,5.6,7.7,4.5,0.8,8.4,7.6,6.1,3.2,5.3,9.5,6.7,3.6,5.1,5.0,4.4,1.5,8.2,8.1,6.1,8.4,4.9,9.0,4.4,1.9,3.7,4.7,0.4,1.0,4.0,4.3,8.6,5.3,2,3,↑,2035+,5.83,埃及量子计算研究员：人才需求旺盛，AI替代抗性强,"Egypt Quantum Computing Researcher: strong talent demand, strong AI resistance",AI综合评估 + O*NET/ILO/OECD锚点校准,2026-04-13,2026-04-13,2000-2026
TECH-0506-CN-general,信息技术与数字化,TECH,新兴数字职业,AI提示工程师,AI Prompt Engineer,2511,15-1299.09,东亚,中国,CN,country,general,本科/自学,20-35,global,3.6,3.3,6.4,3.5,9.2,6.1,6.9,6.4,8.4,8.2,2.3,9.5,5.5,3.1,3.8,6.8,6.9,3.0,3.0,6.1,7.3,6.2,4.0,5.6,8.3,5.6,6.6,5.9,1.0,0.0,6.5,7.4,5.4,2.5,2,5,↑↑,2026-2030,6.06,中国AI提示工程师：薪资回报高，AI替代风险较高，加班文化严重,"China AI Prompt Engineer: high compensation, high AI displacement risk, heavy overtime culture",AI综合评估 + O*NET/ILO/OECD锚点校准,2026-04-13,2026-04-13,2000-2026
TECH-0506-JP-general,信息技术与数字化,TECH,新兴数字职业,AI提示工程师,AI Prompt Engineer,2511,15-1299.09,东亚,日本,JP,country,general,本科/自学,20-35,global,2.8,4.1,6.6,3.6,8.6,5.3,6.7,6.8,7.5,8.9,4.6,10.0,6.7,4.1,3.6,7.4,6.5,3.3,3.3,5.9,8.2,6.7,6.0,6.0,8.9,5.3,7.0,5.6,0.4,0.2,6.7,8.6,5.8,2.9,2,4,↑↑,2026-2030,6.33,日本AI提示工程师：AI替代风险较高，近年增长迅猛,"Japan AI Prompt Engineer: high AI displacement risk, rapid recent growth",AI综合评估 + O*NET/ILO/OECD锚点校准,2026-04-13,2026-04-13,2000-2026
TECH-0506-KR-general,信息技术与数字化,TECH,新兴数字职业,AI提示工程师,AI Prompt Engineer,2511,15-1299.09,东亚,韩国,KR,country,general,本科/自学,20-35,global,3.4,3.3,5.8,3.5,7.4,4.5,6.5,6.2,7.8,8.4,3.8,9.5,6.7,2.8,3.8,6.8,6.5,3.0,2.7,5.5,7.6,5.4,5.5,6.0,8.1,5.3,7.0,5.3,0.2,0.2,6.7,8.0,6.4,3.1,2,4,↑↑,2025-2028,6.0,韩国AI提示工程师：AI替代风险较高，加班文化严重，就业波动大,"South Korea AI Prompt Engineer: high AI displacement risk, heavy overtime culture, volatile employment",AI综合评估 + O*NET/ILO/OECD锚点校准,2026-04-13,2026-04-13,2000-2026
TECH-0506-TW-general,信息技术与数字化,TECH,新兴数字职业,AI提示工程师,AI Prompt Engineer,2511,15-1299.09,东亚,中国台湾地区,TW,region,general,本科/自学,20-35,global,3.4,3.9,6.2,4.1,7.6,4.7,6.5,6.4,5.7,7.7,3.1,9.7,7.0,4.3,5.1,7.6,6.1,3.0,2.9,5.3,8.8,6.9,6.2,5.8,7.5,7.4,6.8,5.5,0.5,0.1,5.9,8.0,6.6,3.3,2,4,↑↑,2025-2028,6.13,中国台湾地区AI提示工程师：AI替代风险较高，远程友好度高，就业波动大,"Taiwan (China) AI Prompt Engineer: high AI displacement risk, highly remote-friendly, volatile employment",AI综合评估 + O*NET/ILO/OECD锚点校准,2026-04-13,2026-04-13,2000-2026
TECH-0506-HK-general,信息技术与数字化,TECH,新兴数字职业,AI提示工程师,AI Prompt Engineer,2511,15-1299.09,东亚,中国香港地区,HK,region,general,本科/自学,20-35,global,3.0,3.5,5.0,4.1,6.6,3.3,5.9,5.0,7.5,8.4,4.8,9.7,6.2,4.1,3.6,6.6,6.5,3.6,3.3,5.9,9.1,6.7,4.7,5.0,7.9,8.0,7.2,5.2,1.0,0.1,6.7,9.0,9.2,3.3,2,4,↑↑,2026-2030,6.1,中国香港地区AI提示工程师：AI替代风险较高，远程友好度高，近年增长迅猛,"Hong Kong (China) AI Prompt Engineer: high AI displacement risk, highly remote-friendly, rapid recent growth",AI综合评估 + O*NET/ILO/OECD锚点校准,2026-04-13,2026-04-13,2000-2026
TECH-0506-SG-general,信息技术与数字化,TECH,新兴数字职业,AI提示工程师,AI Prompt Engineer,2511,15-1299.09,东南亚,新加坡,SG,country,general,本科/自学,20-35,global,3.3,3.9,6.2,3.9,7.2,4.1,7.5,6.4,9.9,9.7,5.1,9.7,7.0,5.6,5.6,7.4,6.7,3.1,3.5,6.7,10.0,6.7,6.0,6.0,7.7,9.5,7.6,5.9,0.1,0.8,5.3,9.0,9.2,2.3,2,5,↑↑,2026-2030,6.87,新加坡AI提示工程师：薪资回报高，人才需求旺盛，AI替代风险较高,"Singapore AI Prompt Engineer: high compensation, strong talent demand, high AI displacement risk",AI综合评估 + O*NET/ILO/OECD锚点校准,2026-04-13,2026-04-13,2000-2026
TECH-0506-TH-general,信息技术与数字化,TECH,新兴数字职业,AI提示工程师,AI Prompt Engineer,2511,15-1299.09,东南亚,泰国,TH,country,general,本科/自学,20-35,global,3.3,3.0,4.0,3.0,6.2,3.7,5.9,4.6,3.6,5.7,3.6,9.5,7.7,6.8,5.6,6.0,5.7,3.9,2.9,4.7,8.5,6.9,5.5,5.6,7.1,6.5,7.4,5.0,0.5,0.2,6.9,8.6,6.2,3.7,2,4,↑↑,2025-2028,5.59,泰国AI提示工程师：薪资水平偏低，AI替代风险较高，远程友好度高,"Thailand AI Prompt Engineer: relatively low pay, high AI displacement risk, highly remote-friendly",AI综合评估 + O*NET/ILO/OECD锚点校准,2026-04-13,2026-04-13,2000-2026
TECH-0506-VN-general,信息技术与数字化,TECH,新兴数字职业,AI提示工程师,AI Prompt Engineer,2511,15-1299.09,东南亚,越南,VN,country,general,本科/自学,20-35,global,3.3,3.2,5.2,3.6,7.2,4.3,6.3,5.2,3.0,6.7,2.8,9.5,7.0,5.1,4.8,6.6,5.9,3.4,2.9,3.7,9.4,7.2,5.5,5.4,6.7,7.1,6.4,5.5,0.7,0.1,7.3,8.2,6.0,3.1,2,4,↑↑,2025-2028,5.66,越南AI提示工程师：薪资水平偏低，AI替代风险较高，远程友好度高,"Vietnam AI Prompt Engineer: relatively low pay, high AI displacement risk, highly remote-friendly",AI综合评估 + O*NET/ILO/OECD锚点校准,2026-04-13,2026-04-13,2000-2026
TECH-0506-ID-general,信息技术与数字化,TECH,新兴数字职业,AI提示工程师,AI Prompt Engineer,2511,15-1299.09,东南亚,印度尼西亚,ID,country,general,本科/自学,20-35,global,3.1,3.6,4.8,3.2,7.4,4.3,4.9,5.0,4.2,5.2,2.8,9.5,7.5,6.1,5.6,6.8,5.5,3.7,2.6,4.1,7.6,6.2,5.7,5.8,7.3,6.8,7.4,5.2,0.7,0.0,7.1,7.8,6.0,3.1,2,4,↑↑,2025-2028,5.55,印度尼西亚AI提示工程师：薪资水平偏低，AI替代风险较高，就业波动大,"Indonesia AI Prompt Engineer: relatively low pay, high AI displacement risk, volatile employment",AI综合评估 + O*NET/ILO/OECD锚点校准,2026-04-13,2026-04-13,2000-2026
TECH-0506-MY-general,信息技术与数字化,TECH,新兴数字职业,AI提示工程师,AI Prompt Engineer,2511,15-1299.09,东南亚,马来西亚,MY,country,general,本科/自学,20-35,global,3.0,3.5,5.0,3.8,6.6,2.7,5.7,5.4,4.2,6.2,4.6,9.7,7.0,5.1,6.1,6.2,6.3,3.9,2.7,5.1,7.9,5.9,6.2,5.6,6.7,6.5,7.2,5.5,0.4,0.0,6.5,8.4,7.2,3.7,2,4,↑↑,2025-2028,5.74,马来西亚AI提示工程师：薪资水平偏低，AI替代风险较高，近年增长迅猛,"Malaysia AI Prompt Engineer: relatively low pay, high AI displacement risk, rapid recent growth",AI综合评估 + O*NET/ILO/OECD锚点校准,2026-04-13,2026-04-13,2000-2026
TECH-0506-PH-general,信息技术与数字化,TECH,新兴数字职业,AI提示工程师,AI Prompt Engineer,2511,15-1299.09,东南亚,菲律宾,PH,country,general,本科/自学,20-35,global,2.7,3.2,4.0,2.9,6.4,3.3,4.9,5.4,2.4,6.2,2.6,9.2,6.7,4.6,4.6,6.2,5.3,3.6,3.3,3.9,10.0,6.9,5.0,5.6,7.1,7.1,6.6,5.5,0.2,0.0,7.1,8.6,7.0,2.7,2,4,↑↑,2026-2030,5.48,菲律宾AI提示工程师：薪资水平偏低，AI替代风险较高，远程友好度高,"Philippines AI Prompt Engineer: relatively low pay, high AI displacement risk, highly remote-friendly",AI综合评估 + O*NET/ILO/OECD锚点校准,2026-04-13,2026-04-13,2000-2026
TECH-0506-IN-general,信息技术与数字化,TECH,新兴数字职业,AI提示工程师,AI Prompt Engineer,2511,15-1299.09,南亚,印度,IN,country,general,本科/自学,20-35,global,3.0,4.1,6.0,3.5,8.8,6.5,7.1,6.4,6.0,7.9,3.1,9.2,7.0,4.1,4.1,7.2,6.9,3.3,3.5,5.1,10.0,6.4,4.5,6.2,8.3,5.3,7.0,5.0,0.4,0.1,7.1,9.2,7.6,3.3,2,4,↑↑,2026-2030,6.18,印度AI提示工程师：AI替代风险较高，远程友好度高，就业波动大,"India AI Prompt Engineer: high AI displacement risk, highly remote-friendly, volatile employment",AI综合评估 + O*NET/ILO/OECD锚点校准,2026-04-13,2026-04-13,2000-2026
TECH-0506-PK-general,信息技术与数字化,TECH,新兴数字职业,AI提示工程师,AI Prompt Engineer,2511,15-1299.09,南亚,巴基斯坦,PK,country,general,本科/自学,20-35,global,2.8,3.3,3.4,3.0,6.0,3.1,4.5,3.6,3.0,5.2,1.8,9.5,7.5,5.3,4.8,6.0,5.3,4.0,2.7,3.7,10.0,6.9,5.5,4.8,6.9,2.6,6.8,5.9,0.4,0.4,6.3,8.4,6.2,4.1,1,3,↑,2025-2028,5.14,巴基斯坦AI提示工程师：薪资水平偏低，AI替代风险较高，远程友好度高,"Pakistan AI Prompt Engineer: relatively low pay, high AI displacement risk, highly remote-friendly",AI综合评估 + O*NET/ILO/OECD锚点校准,2026-04-13,2026-04-13,2000-2026
TECH-0506-BD-general,信息技术与数字化,TECH,新兴数字职业,AI提示工程师,AI Prompt Engineer,2511,15-1299.09,南亚,孟加拉国,BD,country,general,本科/自学,20-35,global,2.5,3.2,3.6,2.9,5.4,3.1,4.5,3.2,1.8,4.9,1.3,9.5,6.2,5.6,5.3,5.6,5.1,4.0,2.5,3.1,9.4,5.6,4.7,5.2,7.1,2.9,7.2,5.0,1.0,0.2,6.3,8.4,5.6,3.3,1,3,↑,2025-2028,4.91,孟加拉国AI提示工程师：薪资水平偏低，AI替代风险较高，远程友好度高,"Bangladesh AI Prompt Engineer: relatively low pay, high AI displacement risk, highly remote-friendly",AI综合评估 + O*NET/ILO/OECD锚点校准,2026-04-13,2026-04-13,2000-2026
TECH-0506-AE-general,信息技术与数字化,TECH,新兴数字职业,AI提示工程师,AI Prompt Engineer,2511,15-1299.09,中亚/西亚,阿联酋,AE,country,general,本科/自学,20-35,global,3.3,3.6,5.4,3.5,6.8,3.7,7.1,6.2,9.0,9.7,4.1,9.7,6.7,5.8,4.8,6.4,6.1,3.0,2.7,6.1,8.8,6.7,6.0,5.4,7.3,6.2,7.0,5.3,0.7,0.4,5.5,8.0,9.0,2.7,2,4,↑↑,2025-2028,6.38,阿联酋AI提示工程师：薪资回报高，AI替代风险较高，远程友好度高,"United Arab Emirates AI Prompt Engineer: high compensation, high AI displacement risk, highly remote-friendly",AI综合评估 + O*NET/ILO/OECD锚点校准,2026-04-13,2026-04-13,2000-2026
TECH-0506-IL-general,信息技术与数字化,TECH,新兴数字职业,AI提示工程师,AI Prompt Engineer,2511,15-1299.09,中亚/西亚,以色列,IL,country,general,本科/自学,20-35,global,3.1,3.6,6.0,3.8,8.2,4.7,7.5,6.8,8.7,9.4,3.8,9.7,7.0,6.1,6.1,7.2,6.1,3.0,2.9,7.1,10.0,7.6,7.2,5.8,7.3,8.0,8.0,5.6,0.5,0.2,6.7,9.4,8.4,2.9,2,5,↑↑,2025-2028,6.77,以色列AI提示工程师：薪资回报高，人才需求旺盛，AI替代风险较高,"Israel AI Prompt Engineer: high compensation, strong talent demand, high AI displacement risk",AI综合评估 + O*NET/ILO/OECD锚点校准,2026-04-13,2026-04-13,2000-2026
TECH-0506-SA-general,信息技术与数字化,TECH,新兴数字职业,AI提示工程师,AI Prompt Engineer,2511,15-1299.09,中亚/西亚,沙特阿拉伯,SA,country,general,本科/自学,20-35,global,2.7,3.8,5.0,3.5,6.4,3.1,6.3,4.4,7.8,7.7,3.8,9.2,6.7,5.8,5.3,6.0,5.7,3.4,2.7,5.5,8.5,6.9,6.2,5.6,7.7,5.3,7.2,5.8,0.7,0.0,6.7,8.2,6.8,3.9,2,4,↑↑,2025-2028,5.94,沙特阿拉伯AI提示工程师：AI替代风险较高，远程友好度高，就业波动大,"Saudi Arabia AI Prompt Engineer: high AI displacement risk, highly remote-friendly, volatile employment",AI综合评估 + O*NET/ILO/OECD锚点校准,2026-04-13,2026-04-13,2000-2026
TECH-0506-TR-general,信息技术与数字化,TECH,新兴数字职业,AI提示工程师,AI Prompt Engineer,2511,15-1299.09,中亚/西亚,土耳其,TR,country,general,本科/自学,20-35,global,3.1,3.6,4.6,2.9,6.8,4.9,5.7,4.8,4.5,6.7,2.3,9.2,7.5,5.1,4.1,6.6,5.9,3.9,3.0,4.1,9.4,6.2,6.0,4.8,7.9,4.7,7.6,5.6,0.5,0.4,7.3,8.2,6.8,3.5,2,4,↑↑,2026-2030,5.57,土耳其AI提示工程师：薪资水平偏低，AI替代风险较高，远程友好度高,"Turkey AI Prompt Engineer: relatively low pay, high AI displacement risk, highly remote-friendly",AI综合评估 + O*NET/ILO/OECD锚点校准,2026-04-13,2026-04-13,2000-2026
TECH-0506-GB-general,信息技术与数字化,TECH,新兴数字职业,AI提示工程师,AI Prompt Engineer,2511,15-1299.09,西欧,英国,GB,country,general,本科/自学,20-35,global,3.4,3.3,6.4,3.9,8.2,5.3,7.5,6.4,9.0,9.7,4.6,9.5,7.5,7.6,6.6,7.2,6.9,3.0,2.9,6.1,10.0,8.4,7.0,6.4,8.1,9.2,7.4,5.2,0.5,0.0,5.9,8.8,9.2,2.7,2,5,↑↑,2025-2028,6.99,英国AI提示工程师：薪资回报高，人才需求旺盛，AI替代风险较高,"United Kingdom AI Prompt Engineer: high compensation, strong talent demand, high AI displacement risk",AI综合评估 + O*NET/ILO/OECD锚点校准,2026-04-13,2026-04-13,2000-2026
TECH-0506-FR-general,信息技术与数字化,TECH,新兴数字职业,AI提示工程师,AI Prompt Engineer,2511,15-1299.09,西欧,法国,FR,country,general,本科/自学,20-35,global,3.1,3.5,6.2,3.9,8.4,4.9,6.5,5.8,7.5,8.2,5.1,9.7,9.2,8.8,7.3,7.4,6.1,3.1,3.3,6.1,9.7,8.2,8.2,5.8,8.3,8.9,8.0,5.2,0.5,0.2,5.5,9.0,8.2,2.5,2,4,↑↑,2026-2030,6.9,法国AI提示工程师：AI替代风险较高，远程友好度高，工作时间规律,"France AI Prompt Engineer: high AI displacement risk, highly remote-friendly, regular working hours",AI综合评估 + O*NET/ILO/OECD锚点校准,2026-04-13,2026-04-13,2000-2026
TECH-0506-DE-general,信息技术与数字化,TECH,新兴数字职业,AI提示工程师,AI Prompt Engineer,2511,15-1299.09,西欧,德国,DE,country,general,本科/自学,20-35,global,2.7,3.6,6.4,3.9,8.4,5.7,7.1,6.6,8.1,8.7,5.1,9.5,8.5,8.8,6.6,7.0,6.5,2.8,2.9,6.5,9.7,8.2,8.2,6.2,8.7,8.9,7.8,5.5,0.5,0.5,5.5,8.8,8.6,2.5,2,4,↑↑,2025-2028,7.02,德国AI提示工程师：薪资回报高，AI替代风险较高，远程友好度高,"Germany AI Prompt Engineer: high compensation, high AI displacement risk, highly remote-friendly",AI综合评估 + O*NET/ILO/OECD锚点校准,2026-04-13,2026-04-13,2000-2026
TECH-0506-NL-general,信息技术与数字化,TECH,新兴数字职业,AI提示工程师,AI Prompt Engineer,2511,15-1299.09,西欧,荷兰,NL,country,general,本科/自学,20-35,global,2.7,3.9,5.4,3.9,8.0,4.5,6.3,6.2,8.1,9.4,5.1,9.7,9.7,9.1,7.1,7.2,6.3,3.1,3.5,6.5,10.0,7.6,9.2,6.0,7.3,10.0,8.6,5.5,0.5,0.5,6.5,9.0,8.8,3.1,2,4,↑↑,2026-2030,6.99,荷兰AI提示工程师：薪资回报高，AI替代风险较高，远程友好度高,"Netherlands AI Prompt Engineer: high compensation, high AI displacement risk, highly remote-friendly",AI综合评估 + O*NET/ILO/OECD锚点校准,2026-04-13,2026-04-13,2000-2026
TECH-0506-CH-general,信息技术与数字化,TECH,新兴数字职业,AI提示工程师,AI Prompt Engineer,2511,15-1299.09,西欧,瑞士,CH,country,general,本科/自学,20-35,global,3.6,3.8,5.6,4.1,7.8,4.3,7.1,6.0,10.0,9.7,6.3,10.0,9.0,7.8,6.8,6.6,6.7,3.1,3.0,6.3,10.0,8.2,8.7,6.0,7.9,8.6,8.2,5.8,0.2,0.1,5.7,9.0,8.8,3.5,2,4,↑↑,2026-2030,7.06,瑞士AI提示工程师：薪资回报高，AI替代风险较高，远程友好度高,"Switzerland AI Prompt Engineer: high compensation, high AI displacement risk, highly remote-friendly",AI综合评估 + O*NET/ILO/OECD锚点校准,2026-04-13,2026-04-13,2000-2026
TECH-0506-SE-general,信息技术与数字化,TECH,新兴数字职业,AI提示工程师,AI Prompt Engineer,2511,15-1299.09,北欧,瑞典,SE,country,general,本科/自学,20-35,global,3.7,3.9,5.2,3.8,6.8,3.9,6.5,6.6,8.1,8.9,4.8,9.7,9.5,9.6,7.6,6.8,5.7,3.3,3.1,5.9,10.0,8.2,9.0,5.8,7.9,10.0,8.6,5.9,0.5,0.1,6.3,9.4,8.6,3.7,2,4,↑↑,2026-2030,6.87,瑞典AI提示工程师：薪资回报高，AI替代风险较高，远程友好度高,"Sweden AI Prompt Engineer: high compensation, high AI displacement risk, highly remote-friendly",AI综合评估 + O*NET/ILO/OECD锚点校准,2026-04-13,2026-04-13,2000-2026
TECH-0506-DK-general,信息技术与数字化,TECH,新兴数字职业,AI提示工程师,AI Prompt Engineer,2511,15-1299.09,北欧,丹麦,DK,country,general,本科/自学,20-35,global,3.4,4.2,5.0,3.9,6.6,2.9,6.7,6.4,8.7,7.9,5.6,9.7,9.5,10.0,7.8,6.8,6.1,2.8,3.3,5.7,10.0,7.6,8.7,6.4,8.3,10.0,8.2,5.6,0.1,0.2,6.1,9.4,9.0,2.9,2,4,↑↑,2026-2030,6.94,丹麦AI提示工程师：薪资回报高，AI替代风险较高，远程友好度高,"Denmark AI Prompt Engineer: high compensation, high AI displacement risk, highly remote-friendly",AI综合评估 + O*NET/ILO/OECD锚点校准,2026-04-13,2026-04-13,2000-2026
TECH-0506-FI-general,信息技术与数字化,TECH,新兴数字职业,AI提示工程师,AI Prompt Engineer,2511,15-1299.09,北欧,芬兰,FI,country,general,本科/自学,20-35,global,3.4,3.3,5.8,4.1,7.4,3.5,6.9,6.8,7.2,8.7,4.6,9.7,8.7,10.0,8.6,7.6,5.9,3.0,3.0,6.3,10.0,8.2,8.5,6.2,7.7,10.0,8.4,5.8,0.4,0.2,6.3,9.0,8.8,2.7,2,4,↑↑,2026-2030,6.98,芬兰AI提示工程师：AI替代风险较高，远程友好度高，工作时间规律,"Finland AI Prompt Engineer: high AI displacement risk, highly remote-friendly, regular working hours",AI综合评估 + O*NET/ILO/OECD锚点校准,2026-04-13,2026-04-13,2000-2026
TECH-0506-IT-general,信息技术与数字化,TECH,新兴数字职业,AI提示工程师,AI Prompt Engineer,2511,15-1299.09,南欧,意大利,IT,country,general,本科/自学,20-35,global,3.3,4.1,5.0,3.5,6.8,4.5,5.7,5.0,5.4,7.2,3.8,9.5,7.0,6.6,5.6,6.8,6.7,3.4,3.3,4.5,8.5,7.4,7.5,5.6,8.1,6.8,7.8,5.8,0.7,0.1,6.7,8.0,6.8,2.9,2,4,↑↑,2026-2030,6.04,意大利AI提示工程师：AI替代风险较高，远程友好度高，就业波动大,"Italy AI Prompt Engineer: high AI displacement risk, highly remote-friendly, volatile employment",AI综合评估 + O*NET/ILO/OECD锚点校准,2026-04-13,2026-04-13,2000-2026
TECH-0506-ES-general,信息技术与数字化,TECH,新兴数字职业,AI提示工程师,AI Prompt Engineer,2511,15-1299.09,南欧,西班牙,ES,country,general,本科/自学,20-35,global,3.1,3.6,5.0,3.0,7.2,3.5,5.5,4.4,4.8,7.2,2.8,9.2,7.5,5.8,5.3,6.8,5.5,3.7,3.1,4.7,9.1,7.4,7.0,5.4,7.3,7.7,7.2,5.8,0.2,0.4,6.5,8.4,7.0,2.7,2,4,↑↑,2026-2030,5.86,西班牙AI提示工程师：AI替代风险较高，远程友好度高，就业波动大,"Spain AI Prompt Engineer: high AI displacement risk, highly remote-friendly, volatile employment",AI综合评估 + O*NET/ILO/OECD锚点校准,2026-04-13,2026-04-13,2000-2026
TECH-0506-PT-general,信息技术与数字化,TECH,新兴数字职业,AI提示工程师,AI Prompt Engineer,2511,15-1299.09,南欧,葡萄牙,PT,country,general,本科/自学,20-35,global,3.1,3.8,5.0,3.6,6.4,2.9,5.3,4.4,4.8,7.7,3.6,9.7,8.0,7.1,6.1,7.0,6.1,3.9,2.5,4.7,10.0,7.4,7.0,5.6,6.7,8.6,7.2,5.9,0.7,0.2,7.1,8.6,7.6,3.9,2,4,↑↑,2025-2028,5.96,葡萄牙AI提示工程师：AI替代风险较高，远程友好度高，就业波动大,"Portugal AI Prompt Engineer: high AI displacement risk, highly remote-friendly, volatile employment",AI综合评估 + O*NET/ILO/OECD锚点校准,2026-04-13,2026-04-13,2000-2026
TECH-0506-PL-general,信息技术与数字化,TECH,新兴数字职业,AI提示工程师,AI Prompt Engineer,2511,15-1299.09,东欧,波兰,PL,country,general,本科/自学,20-35,global,2.7,3.3,5.0,3.5,7.0,3.5,6.3,4.8,5.4,8.2,3.3,9.7,7.7,6.6,6.1,7.0,5.7,3.4,3.1,5.5,10.0,6.7,7.7,5.2,7.3,8.3,8.2,5.5,0.8,0.1,6.3,8.4,7.8,2.7,2,4,↑↑,2026-2030,6.22,波兰AI提示工程师：AI替代风险较高，远程友好度高，就业波动大,"Poland AI Prompt Engineer: high AI displacement risk, highly remote-friendly, volatile employment",AI综合评估 + O*NET/ILO/OECD锚点校准,2026-04-13,2026-04-13,2000-2026
TECH-0506-CZ-general,信息技术与数字化,TECH,新兴数字职业,AI提示工程师,AI Prompt Engineer,2511,15-1299.09,东欧,捷克,CZ,country,general,本科/自学,20-35,global,3.6,3.5,4.8,3.6,7.2,3.7,6.3,4.2,5.4,7.4,3.8,9.5,7.7,8.1,7.3,6.6,6.5,3.3,3.1,5.3,9.7,7.6,8.7,5.6,7.3,7.1,8.2,5.3,0.5,0.2,6.1,8.8,7.8,2.9,2,4,↑↑,2026-2030,6.28,捷克AI提示工程师：AI替代风险较高，远程友好度高，工作时间规律,"Czech Republic AI Prompt Engineer: high AI displacement risk, highly remote-friendly, regular working hours",AI综合评估 + O*NET/ILO/OECD锚点校准,2026-04-13,2026-04-13,2000-2026
TECH-0506-RU-general,信息技术与数字化,TECH,新兴数字职业,AI提示工程师,AI Prompt Engineer,2511,15-1299.09,东欧,俄罗斯,RU,country,general,本科/自学,20-35,global,3.0,3.8,5.0,2.9,7.0,3.9,6.3,4.6,4.5,6.7,1.6,9.5,7.2,6.1,5.6,6.2,6.3,3.6,3.3,5.3,10.0,6.7,5.5,6.0,6.9,6.5,7.6,5.9,0.7,0.0,7.1,9.2,4.8,3.5,2,4,↑↑,2026-2030,5.75,俄罗斯AI提示工程师：薪资水平偏低，AI替代风险较高，远程友好度高,"Russia AI Prompt Engineer: relatively low pay, high AI displacement risk, highly remote-friendly",AI综合评估 + O*NET/ILO/OECD锚点校准,2026-04-13,2026-04-13,2000-2026
TECH-0506-US-general,信息技术与数字化,TECH,新兴数字职业,AI提示工程师,AI Prompt Engineer,2511,15-1299.09,北美,美国,US,country,general,本科/自学,20-35,global,3.6,4.1,6.6,3.3,9.4,6.9,8.1,6.8,10.0,10.0,4.1,9.2,7.7,4.8,4.6,6.8,7.1,3.1,3.4,7.7,10.0,7.4,5.5,6.2,8.7,8.3,7.6,5.2,0.4,0.4,6.7,9.4,9.2,2.1,2,5,↑↑,2026-2030,6.94,美国AI提示工程师：薪资回报高，人才需求旺盛，AI替代风险较高,"United States AI Prompt Engineer: high compensation, strong talent demand, high AI displacement risk",AI综合评估 + O*NET/ILO/OECD锚点校准,2026-04-13,2026-04-13,2000-2026
TECH-0506-CA-general,信息技术与数字化,TECH,新兴数字职业,AI提示工程师,AI Prompt Engineer,2511,15-1299.09,北美,加拿大,CA,country,general,本科/自学,20-35,global,3.1,4.1,5.4,4.1,8.4,4.9,7.1,6.6,9.0,9.4,5.3,9.7,9.0,7.8,7.1,6.6,6.5,3.3,3.1,5.9,10.0,8.2,8.2,6.2,8.5,9.8,8.0,5.3,0.8,0.5,5.7,9.0,8.8,3.1,2,5,↑↑,2026-2030,6.99,加拿大AI提示工程师：薪资回报高，AI替代风险较高，远程友好度高,"Canada AI Prompt Engineer: high compensation, high AI displacement risk, highly remote-friendly",AI综合评估 + O*NET/ILO/OECD锚点校准,2026-04-13,2026-04-13,2000-2026
TECH-0506-MX-general,信息技术与数字化,TECH,新兴数字职业,AI提示工程师,AI Prompt Engineer,2511,15-1299.09,北美,墨西哥,MX,country,general,本科/自学,20-35,global,3.1,3.8,5.4,3.5,7.2,4.3,6.1,4.4,3.6,7.2,3.1,9.2,7.0,5.3,5.1,6.2,6.5,3.3,2.9,3.9,10.0,5.9,5.7,5.4,7.9,6.5,7.4,5.6,0.4,0.1,6.5,8.8,6.2,3.3,2,4,↑↑,2025-2028,5.75,墨西哥AI提示工程师：薪资水平偏低，AI替代风险较高，远程友好度高,"Mexico AI Prompt Engineer: relatively low pay, high AI displacement risk, highly remote-friendly",AI综合评估 + O*NET/ILO/OECD锚点校准,2026-04-13,2026-04-13,2000-2026
TECH-0506-BR-general,信息技术与数字化,TECH,新兴数字职业,AI提示工程师,AI Prompt Engineer,2511,15-1299.09,南美,巴西,BR,country,general,本科/自学,20-35,global,3.0,3.5,5.6,2.7,7.8,4.9,6.3,4.2,4.2,7.4,2.6,9.5,7.2,5.6,5.3,6.6,6.5,3.7,2.6,4.9,10.0,7.6,6.7,4.8,7.3,6.2,7.8,5.5,0.4,0.4,6.7,8.4,5.8,3.1,2,4,↑↑,2025-2028,5.84,巴西AI提示工程师：薪资水平偏低，AI替代风险较高，远程友好度高,"Brazil AI Prompt Engineer: relatively low pay, high AI displacement risk, highly remote-friendly",AI综合评估 + O*NET/ILO/OECD锚点校准,2026-04-13,2026-04-13,2000-2026
TECH-0506-AR-general,信息技术与数字化,TECH,新兴数字职业,AI提示工程师,AI Prompt Engineer,2511,15-1299.09,南美,阿根廷,AR,country,general,本科/自学,20-35,global,3.3,3.8,4.8,3.2,5.6,3.1,5.1,5.4,3.3,5.7,2.1,9.2,7.2,6.1,5.8,5.8,5.1,3.4,3.3,4.7,9.4,7.2,6.0,4.6,7.1,6.5,7.8,5.3,0.2,0.0,7.1,9.0,5.8,3.7,2,4,↑↑,2026-2030,5.53,阿根廷AI提示工程师：薪资水平偏低，AI替代风险较高，远程友好度高,"Argentina AI Prompt Engineer: relatively low pay, high AI displacement risk, highly remote-friendly",AI综合评估 + O*NET/ILO/OECD锚点校准,2026-04-13,2026-04-13,2000-2026
TECH-0506-CL-general,信息技术与数字化,TECH,新兴数字职业,AI提示工程师,AI Prompt Engineer,2511,15-1299.09,南美,智利,CL,country,general,本科/自学,20-35,global,3.0,3.8,3.6,3.2,5.4,2.7,5.1,4.6,4.2,6.9,3.1,9.7,8.2,6.3,5.1,6.4,5.3,3.3,3.3,4.5,8.8,6.7,6.0,4.8,7.7,5.6,7.4,5.8,0.7,0.0,7.1,7.8,7.0,3.7,2,4,↑↑,2026-2030,5.6,智利AI提示工程师：薪资水平偏低，AI替代风险较高，远程友好度高,"Chile AI Prompt Engineer: relatively low pay, high AI displacement risk, highly remote-friendly",AI综合评估 + O*NET/ILO/OECD锚点校准,2026-04-13,2026-04-13,2000-2026
TECH-0506-CO-general,信息技术与数字化,TECH,新兴数字职业,AI提示工程师,AI Prompt Engineer,2511,15-1299.09,南美,哥伦比亚,CO,country,general,本科/自学,20-35,global,2.8,3.2,4.0,3.6,6.2,3.7,5.5,4.8,4.2,5.9,3.3,9.7,6.7,5.8,5.1,6.4,5.5,3.7,2.7,4.5,10.0,6.9,6.5,5.8,6.9,5.9,7.2,5.8,0.4,0.0,6.7,8.4,6.4,3.7,2,4,↑↑,2025-2028,5.66,哥伦比亚AI提示工程师：薪资水平偏低，AI替代风险较高，远程友好度高,"Colombia AI Prompt Engineer: relatively low pay, high AI displacement risk, highly remote-friendly",AI综合评估 + O*NET/ILO/OECD锚点校准,2026-04-13,2026-04-13,2000-2026
TECH-0506-AU-general,信息技术与数字化,TECH,新兴数字职业,AI提示工程师,AI Prompt Engineer,2511,15-1299.09,大洋洲,澳大利亚,AU,country,general,本科/自学,20-35,global,3.0,4.1,5.2,3.8,7.6,5.1,7.1,6.0,7.8,8.7,5.1,10.0,9.2,8.1,7.6,7.2,6.3,2.8,3.5,5.7,10.0,8.2,7.7,5.8,8.3,9.8,8.4,5.6,0.5,0.1,6.3,8.4,9.0,2.5,2,4,↑↑,2026-2030,6.93,澳大利亚AI提示工程师：AI替代风险较高，远程友好度高，工作时间规律,"Australia AI Prompt Engineer: high AI displacement risk, highly remote-friendly, regular working hours",AI综合评估 + O*NET/ILO/OECD锚点校准,2026-04-13,2026-04-13,2000-2026
TECH-0506-NZ-general,信息技术与数字化,TECH,新兴数字职业,AI提示工程师,AI Prompt Engineer,2511,15-1299.09,大洋洲,新西兰,NZ,country,general,本科/自学,20-35,global,2.8,3.6,5.0,3.9,6.2,3.3,6.5,4.6,6.3,7.9,4.6,9.7,9.5,8.8,7.3,6.8,6.5,3.4,2.9,5.3,10.0,8.6,8.2,5.0,7.1,9.8,8.4,5.8,0.5,0.2,5.7,8.8,8.2,2.9,2,4,↑↑,2025-2028,6.54,新西兰AI提示工程师：AI替代风险较高，远程友好度高，工作时间规律,"New Zealand AI Prompt Engineer: high AI displacement risk, highly remote-friendly, regular working hours",AI综合评估 + O*NET/ILO/OECD锚点校准,2026-04-13,2026-04-13,2000-2026
TECH-0506-ZA-general,信息技术与数字化,TECH,新兴数字职业,AI提示工程师,AI Prompt Engineer,2511,15-1299.09,非洲,南非,ZA,country,general,本科/自学,20-35,global,3.1,3.3,4.6,3.3,6.4,2.7,5.5,4.6,3.9,5.7,3.1,9.5,7.5,6.3,5.1,6.8,5.7,3.9,3.0,4.5,8.5,7.2,5.5,4.6,6.5,7.4,7.4,5.0,0.7,0.0,7.3,8.0,6.2,3.9,2,4,↑↑,2026-2030,5.54,南非AI提示工程师：薪资水平偏低，AI替代风险较高，远程友好度高,"South Africa AI Prompt Engineer: relatively low pay, high AI displacement risk, highly remote-friendly",AI综合评估 + O*NET/ILO/OECD锚点校准,2026-04-13,2026-04-13,2000-2026
TECH-0506-NG-general,信息技术与数字化,TECH,新兴数字职业,AI提示工程师,AI Prompt Engineer,2511,15-1299.09,非洲,尼日利亚,NG,country,general,本科/自学,20-35,global,3.1,3.2,3.2,2.6,6.4,2.9,4.7,2.8,2.1,4.9,1.1,9.0,6.0,5.6,5.1,5.6,5.7,4.0,3.0,3.1,8.5,5.9,4.5,4.2,6.7,5.0,6.8,5.2,0.7,0.0,7.1,7.8,6.2,3.7,1,3,↑,2026-2030,4.88,尼日利亚AI提示工程师：薪资水平偏低，AI替代风险较高，远程友好度高,"Nigeria AI Prompt Engineer: relatively low pay, high AI displacement risk, highly remote-friendly",AI综合评估 + O*NET/ILO/OECD锚点校准,2026-04-13,2026-04-13,2000-2026
TECH-0506-KE-general,信息技术与数字化,TECH,新兴数字职业,AI提示工程师,AI Prompt Engineer,2511,15-1299.09,非洲,肯尼亚,KE,country,general,本科/自学,20-35,global,2.4,3.5,3.6,3.5,4.8,2.7,5.3,3.2,2.7,4.4,2.1,9.5,7.2,5.8,5.8,6.6,4.7,3.7,2.5,4.1,9.7,6.7,5.2,5.4,7.1,5.3,6.8,5.9,0.8,0.0,6.7,8.6,6.6,3.1,1,3,↑,2025-2028,5.25,肯尼亚AI提示工程师：薪资水平偏低，AI替代风险较高，远程友好度高,"Kenya AI Prompt Engineer: relatively low pay, high AI displacement risk, highly remote-friendly",AI综合评估 + O*NET/ILO/OECD锚点校准,2026-04-13,2026-04-13,2000-2026
TECH-0506-EG-general,信息技术与数字化,TECH,新兴数字职业,AI提示工程师,AI Prompt Engineer,2511,15-1299.09,非洲,埃及,EG,country,general,本科/自学,20-35,global,3.1,2.9,4.4,2.9,6.2,3.3,4.9,3.2,2.4,5.4,1.6,9.2,6.7,5.6,4.6,5.6,4.9,3.9,2.7,3.5,8.5,6.4,6.0,5.4,7.5,4.4,7.2,5.2,0.4,0.4,6.5,8.2,5.6,2.7,1,3,↑,2025-2028,5.13,埃及AI提示工程师：薪资水平偏低，AI替代风险较高，远程友好度高,"Egypt AI Prompt Engineer: relatively low pay, high AI displacement risk, highly remote-friendly",AI综合评估 + O*NET/ILO/OECD锚点校准,2026-04-13,2026-04-13,2000-2026
TECH-0507-CN-general,信息技术与数字化,TECH,新兴数字职业,数据标注师,Data Annotator,4132,43-9021.00,东亚,中国,CN,country,general,高中/大专,18-40,global,2.1,1.2,4.0,3.6,6.6,8.0,5.2,3.8,5.4,5.9,3.3,9.5,4.5,2.0,2.3,4.4,5.5,2.8,2.3,4.5,6.3,2.7,3.5,3.1,3.5,7.1,7.5,3.4,1.5,0.0,5.9,7.3,3.0,2.7,2,2,↑,2025-2028,4.98,中国数据标注师：AI替代风险较高，加班文化严重，就业波动大,"China Data Annotator: high AI displacement risk, heavy overtime culture, volatile employment",AI综合评估 + O*NET/ILO/OECD锚点校准,2026-04-13,2026-04-13,2000-2026
TECH-0507-JP-general,信息技术与数字化,TECH,新兴数字职业,数据标注师,Data Annotator,4132,43-9021.00,东亚,日本,JP,country,general,高中/大专,18-40,global,1.3,2.1,3.2,3.8,5.4,6.6,5.0,3.4,3.3,5.7,5.3,9.5,4.7,3.0,2.5,4.4,4.7,2.5,2.1,4.3,8.4,3.5,5.0,3.3,4.3,6.5,8.5,3.7,0.6,0.1,5.3,6.9,4.0,2.7,2,1,→,2025-2028,5.05,日本数据标注师：薪资水平偏低，AI替代风险较高，加班文化严重,"Japan Data Annotator: relatively low pay, high AI displacement risk, heavy overtime culture",AI综合评估 + O*NET/ILO/OECD锚点校准,2026-04-13,2026-04-13,2000-2026
TECH-0507-KR-general,信息技术与数字化,TECH,新兴数字职业,数据标注师,Data Annotator,4132,43-9021.00,东亚,韩国,KR,country,general,高中/大专,18-40,global,1.6,1.3,4.0,3.3,5.4,7.0,4.6,3.4,3.0,4.4,3.8,9.3,5.7,2.3,1.8,4.0,4.5,2.8,2.5,3.5,6.9,2.2,4.0,3.3,3.5,5.6,8.1,3.7,1.2,0.6,5.1,7.1,3.8,3.3,2,1,→,2025-2028,4.7,韩国数据标注师：薪资水平偏低，AI替代风险较高，加班文化严重,"South Korea Data Annotator: relatively low pay, high AI displacement risk, heavy overtime culture",AI综合评估 + O*NET/ILO/OECD锚点校准,2026-04-13,2026-04-13,2000-2026
TECH-0507-TW-general,信息技术与数字化,TECH,新兴数字职业,数据标注师,Data Annotator,4132,43-9021.00,东亚,中国台湾地区,TW,region,general,高中/大专,18-40,global,1.5,1.5,3.2,3.5,5.0,5.6,5.4,3.4,1.5,3.9,3.1,9.5,4.7,3.5,3.0,3.6,4.5,2.8,2.3,3.3,6.9,2.7,4.8,3.5,2.9,7.4,7.3,3.1,0.6,0.0,4.9,7.1,5.0,3.3,2,1,→,2025-2028,4.67,中国台湾地区数据标注师：薪资水平偏低，AI替代风险较高，加班文化严重,"Taiwan (China) Data Annotator: relatively low pay, high AI displacement risk, heavy overtime culture",AI综合评估 + O*NET/ILO/OECD锚点校准,2026-04-13,2026-04-13,2000-2026
TECH-0507-HK-general,信息技术与数字化,TECH,新兴数字职业,数据标注师,Data Annotator,4132,43-9021.00,东亚,中国香港地区,HK,region,general,高中/大专,18-40,global,1.9,1.8,2.6,3.9,4.4,5.4,3.6,2.2,5.1,5.4,3.6,9.5,4.7,2.5,2.0,4.2,3.9,3.1,2.3,3.7,9.0,3.7,4.0,3.3,3.1,6.8,7.9,3.8,1.5,0.1,4.9,7.3,6.2,3.1,2,1,→,2025-2028,4.8,中国香港地区数据标注师：供过于求，AI替代风险较高，远程友好度高,"Hong Kong (China) Data Annotator: oversupply of talent, high AI displacement risk, highly remote-friendly",AI综合评估 + O*NET/ILO/OECD锚点校准,2026-04-13,2026-04-13,2000-2026
TECH-0507-SG-general,信息技术与数字化,TECH,新兴数字职业,数据标注师,Data Annotator,4132,43-9021.00,东南亚,新加坡,SG,country,general,高中/大专,18-40,global,1.9,1.5,3.4,3.8,4.0,6.2,5.6,3.8,6.0,5.4,5.6,10.0,5.5,3.8,3.3,4.0,4.1,2.9,2.5,4.9,9.0,3.0,5.8,3.9,3.9,9.2,8.7,3.1,0.7,0.2,4.7,7.5,7.0,2.9,2,2,↑,2025-2028,5.44,新加坡数据标注师：AI替代风险较高，远程友好度高,"Singapore Data Annotator: high AI displacement risk, highly remote-friendly",AI综合评估 + O*NET/ILO/OECD锚点校准,2026-04-13,2026-04-13,2000-2026
TECH-0507-TH-general,信息技术与数字化,TECH,新兴数字职业,数据标注师,Data Annotator,4132,43-9021.00,东南亚,泰国,TH,country,general,高中/大专,18-40,global,1.8,1.9,2.0,3.8,3.8,4.4,3.0,1.4,0.0,1.7,2.6,9.5,6.2,4.8,3.5,2.8,3.7,3.2,1.7,2.5,7.5,2.5,5.3,3.1,2.3,7.7,7.7,4.0,0.7,0.4,5.7,7.3,3.0,3.5,2,1,→,2025-2028,4.09,泰国数据标注师：薪资水平偏低，供过于求，AI替代风险较高,"Thailand Data Annotator: relatively low pay, oversupply of talent, high AI displacement risk",AI综合评估 + O*NET/ILO/OECD锚点校准,2026-04-13,2026-04-13,2000-2026
TECH-0507-VN-general,信息技术与数字化,TECH,新兴数字职业,数据标注师,Data Annotator,4132,43-9021.00,东南亚,越南,VN,country,general,高中/大专,18-40,global,1.6,1.2,1.8,3.5,3.6,5.2,3.2,1.4,0.0,2.9,2.6,9.5,5.7,3.8,3.3,2.8,3.3,2.8,2.1,2.7,7.5,3.0,5.0,2.9,2.5,7.4,7.5,3.2,0.7,0.0,5.3,7.7,3.2,3.7,2,1,→,2025-2028,4.17,越南数据标注师：薪资水平偏低，供过于求，AI替代风险较高,"Vietnam Data Annotator: relatively low pay, oversupply of talent, high AI displacement risk",AI综合评估 + O*NET/ILO/OECD锚点校准,2026-04-13,2026-04-13,2000-2026
TECH-0507-ID-general,信息技术与数字化,TECH,新兴数字职业,数据标注师,Data Annotator,4132,43-9021.00,东南亚,印度尼西亚,ID,country,general,高中/大专,18-40,global,1.6,1.8,2.2,3.0,3.8,5.2,3.0,1.4,0.0,2.9,3.6,9.5,5.2,4.5,3.0,3.2,3.5,2.8,2.1,2.1,7.5,3.2,6.0,2.7,3.3,5.6,8.1,3.2,0.9,0.0,6.1,7.1,2.8,3.7,2,1,→,2025-2028,4.17,印度尼西亚数据标注师：薪资水平偏低，供过于求，AI替代风险较高,"Indonesia Data Annotator: relatively low pay, oversupply of talent, high AI displacement risk",AI综合评估 + O*NET/ILO/OECD锚点校准,2026-04-13,2026-04-13,2000-2026
TECH-0507-MY-general,信息技术与数字化,TECH,新兴数字职业,数据标注师,Data Annotator,4132,43-9021.00,东南亚,马来西亚,MY,country,general,高中/大专,18-40,global,1.6,1.6,2.6,3.3,4.0,5.0,4.0,1.4,2.1,2.7,3.1,9.5,6.0,4.3,3.3,3.8,4.1,3.1,2.0,2.9,8.4,2.7,5.8,3.1,2.1,7.1,7.7,3.7,1.2,0.1,5.5,7.5,4.2,3.5,2,1,→,2025-2028,4.46,马来西亚数据标注师：薪资水平偏低，供过于求，AI替代风险较高,"Malaysia Data Annotator: relatively low pay, oversupply of talent, high AI displacement risk",AI综合评估 + O*NET/ILO/OECD锚点校准,2026-04-13,2026-04-13,2000-2026
TECH-0507-PH-general,信息技术与数字化,TECH,新兴数字职业,数据标注师,Data Annotator,4132,43-9021.00,东南亚,菲律宾,PH,country,general,高中/大专,18-40,global,1.8,1.5,1.6,2.9,3.6,5.6,3.2,1.2,0.0,1.7,3.3,9.5,5.2,4.5,3.8,3.8,4.3,3.2,1.7,1.5,8.4,3.2,5.5,3.3,1.9,7.4,7.1,3.2,1.5,0.1,6.3,7.3,4.8,3.1,2,1,→,2025-2028,4.17,菲律宾数据标注师：薪资水平偏低，供过于求，AI替代风险较高,"Philippines Data Annotator: relatively low pay, oversupply of talent, high AI displacement risk",AI综合评估 + O*NET/ILO/OECD锚点校准,2026-04-13,2026-04-13,2000-2026
TECH-0507-IN-general,信息技术与数字化,TECH,新兴数字职业,数据标注师,Data Annotator,4132,43-9021.00,南亚,印度,IN,country,general,高中/大专,18-40,global,1.8,1.5,4.0,3.0,6.0,7.8,4.4,4.0,1.5,3.7,3.3,9.3,5.2,3.0,3.5,3.4,4.5,2.5,1.9,3.1,8.7,2.7,4.0,3.3,4.1,4.7,7.5,3.7,0.7,0.0,6.1,7.1,5.2,2.1,2,1,→,2025-2028,4.74,印度数据标注师：薪资水平偏低，AI替代风险较高，远程友好度高,"India Data Annotator: relatively low pay, high AI displacement risk, highly remote-friendly",AI综合评估 + O*NET/ILO/OECD锚点校准,2026-04-13,2026-04-13,2000-2026
TECH-0507-PK-general,信息技术与数字化,TECH,新兴数字职业,数据标注师,Data Annotator,4132,43-9021.00,南亚,巴基斯坦,PK,country,general,高中/大专,18-40,global,1.5,1.6,1.0,3.0,2.6,4.0,2.6,0.0,0.0,1.9,2.1,9.0,4.7,4.5,3.3,3.0,3.7,3.8,1.5,1.3,8.7,3.2,4.5,2.5,2.5,2.6,7.1,3.2,0.9,0.2,5.9,7.1,2.8,3.7,1,0,→,2025-2028,3.66,巴基斯坦数据标注师：薪资水平偏低，供过于求，AI替代风险较高,"Pakistan Data Annotator: relatively low pay, oversupply of talent, high AI displacement risk",AI综合评估 + O*NET/ILO/OECD锚点校准,2026-04-13,2026-04-13,2000-2026
TECH-0507-BD-general,信息技术与数字化,TECH,新兴数字职业,数据标注师,Data Annotator,4132,43-9021.00,南亚,孟加拉国,BD,country,general,高中/大专,18-40,global,1.2,1.6,0.4,2.6,2.6,4.2,2.4,0.4,0.0,1.9,0.8,9.3,5.2,3.8,4.0,3.4,3.3,3.5,1.3,1.3,7.8,3.5,5.0,2.9,1.7,4.1,7.3,3.5,1.0,0.2,6.1,7.3,3.0,3.9,1,0,→,2025-2028,3.65,孟加拉国数据标注师：薪资水平偏低，供过于求，AI替代风险较高,"Bangladesh Data Annotator: relatively low pay, oversupply of talent, high AI displacement risk",AI综合评估 + O*NET/ILO/OECD锚点校准,2026-04-13,2026-04-13,2000-2026
TECH-0507-AE-general,信息技术与数字化,TECH,新兴数字职业,数据标注师,Data Annotator,4132,43-9021.00,中亚/西亚,阿联酋,AE,country,general,高中/大专,18-40,global,1.3,1.6,2.4,4.4,3.4,5.2,5.0,3.8,6.3,6.4,4.6,9.8,5.5,4.5,4.3,3.2,4.1,2.5,2.5,4.3,7.5,3.0,5.8,3.5,3.3,6.8,8.1,3.5,0.6,0.1,5.3,7.3,6.2,3.7,2,1,→,2025-2028,5.24,阿联酋数据标注师：AI替代风险较高,United Arab Emirates Data Annotator: high AI displacement risk,AI综合评估 + O*NET/ILO/OECD锚点校准,2026-04-13,2026-04-13,2000-2026
TECH-0507-IL-general,信息技术与数字化,TECH,新兴数字职业,数据标注师,Data Annotator,4132,43-9021.00,中亚/西亚,以色列,IL,country,general,高中/大专,18-40,global,1.8,1.8,4.2,3.8,4.8,6.8,5.2,3.0,6.6,6.7,3.8,9.3,6.2,4.5,3.5,4.0,4.3,2.3,2.3,4.9,10.0,4.0,5.3,3.5,2.7,7.7,7.9,3.2,0.6,0.0,5.1,8.1,5.8,2.7,2,2,↑,2025-2028,5.46,以色列数据标注师：AI替代风险较高，远程友好度高，就业波动大,"Israel Data Annotator: high AI displacement risk, highly remote-friendly, volatile employment",AI综合评估 + O*NET/ILO/OECD锚点校准,2026-04-13,2026-04-13,2000-2026
TECH-0507-SA-general,信息技术与数字化,TECH,新兴数字职业,数据标注师,Data Annotator,4132,43-9021.00,中亚/西亚,沙特阿拉伯,SA,country,general,高中/大专,18-40,global,1.0,1.5,1.8,3.9,3.2,5.2,3.4,1.8,4.2,3.9,3.6,9.8,5.2,4.0,3.5,2.8,4.1,3.2,1.9,2.7,6.6,3.0,5.3,2.7,3.1,4.7,8.1,3.7,1.0,0.0,5.9,7.3,4.0,3.7,2,1,→,2025-2028,4.45,沙特阿拉伯数据标注师：薪资水平偏低，供过于求，AI替代风险较高,"Saudi Arabia Data Annotator: relatively low pay, oversupply of talent, high AI displacement risk",AI综合评估 + O*NET/ILO/OECD锚点校准,2026-04-13,2026-04-13,2000-2026
TECH-0507-TR-general,信息技术与数字化,TECH,新兴数字职业,数据标注师,Data Annotator,4132,43-9021.00,中亚/西亚,土耳其,TR,country,general,高中/大专,18-40,global,1.6,1.2,3.0,2.9,3.8,6.0,4.2,1.8,1.2,2.9,2.6,9.0,5.5,4.3,3.5,3.0,4.3,3.2,1.9,2.1,6.9,3.0,4.5,2.7,3.3,5.0,7.7,3.2,0.9,0.1,5.7,7.5,3.4,2.7,2,1,→,2025-2028,4.27,土耳其数据标注师：薪资水平偏低，AI替代风险较高，就业波动大,"Turkey Data Annotator: relatively low pay, high AI displacement risk, volatile employment",AI综合评估 + O*NET/ILO/OECD锚点校准,2026-04-13,2026-04-13,2000-2026
TECH-0507-GB-general,信息技术与数字化,TECH,新兴数字职业,数据标注师,Data Annotator,4132,43-9021.00,西欧,英国,GB,country,general,高中/大专,18-40,global,1.5,1.5,4.4,3.5,5.8,6.4,4.8,3.0,6.6,5.7,4.3,9.5,7.0,6.3,4.3,4.4,4.3,2.6,2.4,4.1,10.0,4.2,6.5,3.3,3.5,9.5,8.1,3.5,0.9,0.6,5.7,7.5,6.4,2.3,2,2,↑,2025-2028,5.62,英国数据标注师：AI替代风险较高，远程友好度高,"United Kingdom Data Annotator: high AI displacement risk, highly remote-friendly",AI综合评估 + O*NET/ILO/OECD锚点校准,2026-04-13,2026-04-13,2000-2026
TECH-0507-FR-general,信息技术与数字化,TECH,新兴数字职业,数据标注师,Data Annotator,4132,43-9021.00,西欧,法国,FR,country,general,高中/大专,18-40,global,1.5,1.9,4.0,4.4,4.8,6.2,5.2,3.4,4.2,4.4,4.8,9.8,7.2,6.5,4.5,3.6,4.1,2.5,1.9,4.1,9.3,3.5,7.5,3.3,3.1,8.6,8.3,3.5,0.9,0.1,5.5,7.9,6.0,2.3,2,1,→,2025-2028,5.42,法国数据标注师：薪资水平偏低，AI替代风险较高，远程友好度高,"France Data Annotator: relatively low pay, high AI displacement risk, highly remote-friendly",AI综合评估 + O*NET/ILO/OECD锚点校准,2026-04-13,2026-04-13,2000-2026
TECH-0507-DE-general,信息技术与数字化,TECH,新兴数字职业,数据标注师,Data Annotator,4132,43-9021.00,西欧,德国,DE,country,general,高中/大专,18-40,global,1.6,1.5,4.2,3.9,5.4,6.8,4.8,4.0,4.8,5.4,5.8,9.5,6.7,8.3,6.5,4.2,4.5,2.5,2.3,4.5,9.0,3.5,7.5,3.7,4.3,8.0,8.9,3.2,1.2,0.0,5.5,7.5,6.0,2.7,2,1,→,2025-2028,5.73,德国数据标注师：AI替代风险较高，远程友好度高，工作时间规律,"Germany Data Annotator: high AI displacement risk, highly remote-friendly, regular working hours",AI综合评估 + O*NET/ILO/OECD锚点校准,2026-04-13,2026-04-13,2000-2026
TECH-0507-NL-general,信息技术与数字化,TECH,新兴数字职业,数据标注师,Data Annotator,4132,43-9021.00,西欧,荷兰,NL,country,general,高中/大专,18-40,global,1.2,1.8,3.4,3.8,4.2,5.4,4.8,3.0,4.8,5.4,5.6,9.8,7.2,7.8,6.0,4.4,4.9,2.5,1.7,4.7,10.0,4.7,8.3,3.7,3.7,9.8,9.5,4.0,0.7,0.6,4.7,7.7,6.4,3.3,2,1,→,2025-2028,5.72,荷兰数据标注师：AI替代风险较高，远程友好度高，工作时间规律,"Netherlands Data Annotator: high AI displacement risk, highly remote-friendly, regular working hours",AI综合评估 + O*NET/ILO/OECD锚点校准,2026-04-13,2026-04-13,2000-2026
TECH-0507-CH-general,信息技术与数字化,TECH,新兴数字职业,数据标注师,Data Annotator,4132,43-9021.00,西欧,瑞士,CH,country,general,高中/大专,18-40,global,1.5,1.9,2.8,4.5,4.4,5.2,5.0,3.4,6.3,6.4,6.6,10.0,7.7,7.5,5.0,3.6,3.9,2.8,2.3,4.7,8.7,4.5,7.8,3.3,2.9,8.9,9.1,3.7,0.7,0.0,4.5,7.9,6.0,3.3,2,1,→,2025-2028,5.71,瑞士数据标注师：AI替代风险较高，远程友好度高，工作时间规律,"Switzerland Data Annotator: high AI displacement risk, highly remote-friendly, regular working hours",AI综合评估 + O*NET/ILO/OECD锚点校准,2026-04-13,2026-04-13,2000-2026
TECH-0507-SE-general,信息技术与数字化,TECH,新兴数字职业,数据标注师,Data Annotator,4132,43-9021.00,北欧,瑞典,SE,country,general,高中/大专,18-40,global,2.1,1.3,3.4,4.1,4.6,5.2,4.8,3.2,5.1,5.7,6.1,9.8,7.7,9.8,6.8,4.2,3.7,2.5,2.4,4.3,10.0,4.2,9.0,3.1,2.7,10.0,8.5,3.4,0.6,0.0,4.3,7.7,6.6,3.3,2,1,→,2025-2028,5.83,瑞典数据标注师：AI替代风险较高，远程友好度高，工作时间规律,"Sweden Data Annotator: high AI displacement risk, highly remote-friendly, regular working hours",AI综合评估 + O*NET/ILO/OECD锚点校准,2026-04-13,2026-04-13,2000-2026
TECH-0507-DK-general,信息技术与数字化,TECH,新兴数字职业,数据标注师,Data Annotator,4132,43-9021.00,北欧,丹麦,DK,country,general,高中/大专,18-40,global,1.8,1.8,2.6,3.6,4.4,5.6,4.4,3.6,5.1,5.7,5.8,9.8,7.7,9.3,6.3,3.2,4.1,2.5,2.4,4.3,9.6,4.5,8.0,3.3,3.1,10.0,8.5,3.5,0.6,0.0,4.5,7.7,6.6,2.9,2,1,→,2025-2028,5.7,丹麦数据标注师：AI替代风险较高，远程友好度高，工作时间规律,"Denmark Data Annotator: high AI displacement risk, highly remote-friendly, regular working hours",AI综合评估 + O*NET/ILO/OECD锚点校准,2026-04-13,2026-04-13,2000-2026
TECH-0507-FI-general,信息技术与数字化,TECH,新兴数字职业,数据标注师,Data Annotator,4132,43-9021.00,北欧,芬兰,FI,country,general,高中/大专,18-40,global,1.5,1.3,2.6,3.8,4.0,5.0,5.2,3.0,4.2,4.9,5.6,9.8,7.7,9.0,7.0,3.4,3.7,2.3,2.4,3.3,10.0,4.5,9.3,3.5,3.7,10.0,9.1,3.8,1.3,0.4,5.1,8.5,5.4,2.9,2,1,→,2025-2028,5.66,芬兰数据标注师：薪资水平偏低，AI替代风险较高，远程友好度高,"Finland Data Annotator: relatively low pay, high AI displacement risk, highly remote-friendly",AI综合评估 + O*NET/ILO/OECD锚点校准,2026-04-13,2026-04-13,2000-2026
TECH-0507-IT-general,信息技术与数字化,TECH,新兴数字职业,数据标注师,Data Annotator,4132,43-9021.00,南欧,意大利,IT,country,general,高中/大专,18-40,global,1.6,1.6,2.2,3.8,3.8,6.0,3.4,2.2,1.8,3.9,3.1,9.5,5.7,4.8,4.0,4.0,4.1,2.9,1.9,2.5,7.5,4.0,6.0,2.5,2.5,7.4,7.7,3.2,1.0,0.0,5.7,7.9,4.6,3.7,2,1,→,2025-2028,4.57,意大利数据标注师：薪资水平偏低，供过于求，AI替代风险较高,"Italy Data Annotator: relatively low pay, oversupply of talent, high AI displacement risk",AI综合评估 + O*NET/ILO/OECD锚点校准,2026-04-13,2026-04-13,2000-2026
TECH-0507-ES-general,信息技术与数字化,TECH,新兴数字职业,数据标注师,Data Annotator,4132,43-9021.00,南欧,西班牙,ES,country,general,高中/大专,18-40,global,1.2,1.2,1.8,3.3,3.6,5.8,4.2,2.0,2.7,4.2,3.3,9.5,6.0,4.8,4.3,3.2,4.1,2.8,2.0,2.5,9.3,3.7,6.3,2.9,2.9,8.0,8.5,3.7,0.9,0.0,5.3,7.3,4.8,3.3,2,1,→,2025-2028,4.77,西班牙数据标注师：薪资水平偏低，AI替代风险较高，远程友好度高,"Spain Data Annotator: relatively low pay, high AI displacement risk, highly remote-friendly",AI综合评估 + O*NET/ILO/OECD锚点校准,2026-04-13,2026-04-13,2000-2026
TECH-0507-PT-general,信息技术与数字化,TECH,新兴数字职业,数据标注师,Data Annotator,4132,43-9021.00,南欧,葡萄牙,PT,country,general,高中/大专,18-40,global,1.8,1.3,1.8,3.6,3.6,4.6,4.2,2.2,0.6,3.4,3.3,9.5,6.0,6.8,4.5,3.6,3.7,2.8,1.6,3.1,8.7,3.5,7.3,3.3,2.7,9.2,8.1,3.2,0.7,0.4,5.9,7.3,5.6,2.9,2,1,→,2025-2028,4.7,葡萄牙数据标注师：薪资水平偏低，AI替代风险较高，远程友好度高,"Portugal Data Annotator: relatively low pay, high AI displacement risk, highly remote-friendly",AI综合评估 + O*NET/ILO/OECD锚点校准,2026-04-13,2026-04-13,2000-2026
TECH-0507-PL-general,信息技术与数字化,TECH,新兴数字职业,数据标注师,Data Annotator,4132,43-9021.00,东欧,波兰,PL,country,general,高中/大专,18-40,global,1.5,1.5,2.8,3.3,4.0,4.8,4.4,1.2,1.8,4.2,4.1,9.8,7.2,6.0,4.8,3.0,4.3,3.1,1.6,2.9,9.6,4.5,6.3,3.3,3.7,8.0,7.9,3.8,0.9,0.4,4.7,7.5,5.6,3.1,2,1,→,2025-2028,4.89,波兰数据标注师：薪资水平偏低，AI替代风险较高，远程友好度高,"Poland Data Annotator: relatively low pay, high AI displacement risk, highly remote-friendly",AI综合评估 + O*NET/ILO/OECD锚点校准,2026-04-13,2026-04-13,2000-2026
TECH-0507-CZ-general,信息技术与数字化,TECH,新兴数字职业,数据标注师,Data Annotator,4132,43-9021.00,东欧,捷克,CZ,country,general,高中/大专,18-40,global,1.3,1.8,2.0,3.6,3.6,5.4,4.0,1.6,2.4,3.7,4.3,9.5,7.5,7.5,5.5,3.0,4.3,2.9,2.1,3.3,9.6,4.0,8.0,2.9,2.5,6.8,8.5,3.2,1.3,0.0,4.7,7.7,5.6,3.1,2,1,→,2025-2028,4.98,捷克数据标注师：薪资水平偏低，供过于求，AI替代风险较高,"Czech Republic Data Annotator: relatively low pay, oversupply of talent, high AI displacement risk",AI综合评估 + O*NET/ILO/OECD锚点校准,2026-04-13,2026-04-13,2000-2026
TECH-0507-RU-general,信息技术与数字化,TECH,新兴数字职业,数据标注师,Data Annotator,4132,43-9021.00,东欧,俄罗斯,RU,country,general,高中/大专,18-40,global,1.8,1.3,3.2,3.0,3.6,5.8,4.6,2.2,0.6,4.2,2.6,9.3,5.7,5.0,3.5,3.0,4.3,3.2,2.1,2.7,8.1,3.7,5.5,3.3,2.7,7.4,7.7,3.2,0.7,0.0,5.5,7.9,2.8,3.3,2,1,→,2025-2028,4.5,俄罗斯数据标注师：薪资水平偏低，AI替代风险较高，就业波动大,"Russia Data Annotator: relatively low pay, high AI displacement risk, volatile employment",AI综合评估 + O*NET/ILO/OECD锚点校准,2026-04-13,2026-04-13,2000-2026
TECH-0507-US-general,信息技术与数字化,TECH,新兴数字职业,数据标注师,Data Annotator,4132,43-9021.00,北美,美国,US,country,general,高中/大专,18-40,global,1.5,1.9,4.4,3.8,6.4,7.6,6.0,3.8,8.1,7.2,3.6,9.3,5.5,4.0,4.3,4.0,5.3,2.6,2.4,5.5,10.0,4.2,5.8,3.3,4.3,9.8,7.9,3.5,1.0,0.0,5.5,7.9,5.8,2.9,2,2,↑,2025-2028,5.79,美国数据标注师：薪资回报高，AI替代风险较高，远程友好度高,"United States Data Annotator: high compensation, high AI displacement risk, highly remote-friendly",AI综合评估 + O*NET/ILO/OECD锚点校准,2026-04-13,2026-04-13,2000-2026
TECH-0507-CA-general,信息技术与数字化,TECH,新兴数字职业,数据标注师,Data Annotator,4132,43-9021.00,北美,加拿大,CA,country,general,高中/大专,18-40,global,2.1,1.8,3.4,3.9,5.0,7.0,4.4,4.0,5.4,5.4,5.3,9.8,7.5,7.0,5.8,4.4,4.5,2.3,2.3,4.7,10.0,4.7,7.5,2.9,4.1,10.0,8.1,3.2,1.2,0.1,5.7,7.9,6.2,3.3,2,2,↑,2025-2028,5.71,加拿大数据标注师：AI替代风险较高，远程友好度高,"Canada Data Annotator: high AI displacement risk, highly remote-friendly",AI综合评估 + O*NET/ILO/OECD锚点校准,2026-04-13,2026-04-13,2000-2026
TECH-0507-MX-general,信息技术与数字化,TECH,新兴数字职业,数据标注师,Data Annotator,4132,43-9021.00,北美,墨西哥,MX,country,general,高中/大专,18-40,global,1.0,1.3,2.4,2.7,4.0,6.0,3.4,1.4,0.9,3.4,2.6,9.3,5.5,3.8,4.0,3.0,3.3,3.4,2.0,2.1,8.7,2.7,6.3,2.7,2.9,6.2,7.9,3.1,0.7,0.0,5.3,6.9,3.2,2.5,2,1,→,2025-2028,4.3,墨西哥数据标注师：薪资水平偏低，供过于求，AI替代风险较高,"Mexico Data Annotator: relatively low pay, oversupply of talent, high AI displacement risk",AI综合评估 + O*NET/ILO/OECD锚点校准,2026-04-13,2026-04-13,2000-2026
TECH-0507-BR-general,信息技术与数字化,TECH,新兴数字职业,数据标注师,Data Annotator,4132,43-9021.00,南美,巴西,BR,country,general,高中/大专,18-40,global,1.2,1.2,2.4,2.9,4.8,6.6,3.2,2.0,1.5,3.4,2.3,9.8,5.5,4.0,3.5,3.6,4.1,2.9,1.6,2.9,9.0,3.7,5.8,2.5,3.3,6.5,8.1,3.4,1.0,0.4,6.1,8.3,3.8,3.3,2,1,→,2025-2028,4.5,巴西数据标注师：薪资水平偏低，供过于求，AI替代风险较高,"Brazil Data Annotator: relatively low pay, oversupply of talent, high AI displacement risk",AI综合评估 + O*NET/ILO/OECD锚点校准,2026-04-13,2026-04-13,2000-2026
TECH-0507-AR-general,信息技术与数字化,TECH,新兴数字职业,数据标注师,Data Annotator,4132,43-9021.00,南美,阿根廷,AR,country,general,高中/大专,18-40,global,1.0,1.5,2.6,2.9,2.8,4.4,3.8,1.6,0.6,2.9,2.1,9.3,5.5,4.8,4.0,2.8,3.1,3.4,2.1,2.3,8.4,4.0,5.0,2.3,3.1,5.9,8.3,3.5,0.9,0.0,6.1,7.9,4.4,3.7,2,1,→,2025-2028,4.25,阿根廷数据标注师：薪资水平偏低，供过于求，AI替代风险较高,"Argentina Data Annotator: relatively low pay, oversupply of talent, high AI displacement risk",AI综合评估 + O*NET/ILO/OECD锚点校准,2026-04-13,2026-04-13,2000-2026
TECH-0507-CL-general,信息技术与数字化,TECH,新兴数字职业,数据标注师,Data Annotator,4132,43-9021.00,南美,智利,CL,country,general,高中/大专,18-40,global,1.5,1.8,1.4,3.8,3.6,3.8,3.4,2.2,0.6,3.7,3.3,9.5,6.0,4.5,4.3,2.8,3.3,3.4,2.3,2.3,9.0,4.0,5.5,2.9,2.9,5.6,8.5,3.4,1.3,0.0,5.3,7.5,4.6,2.9,2,1,→,2025-2028,4.41,智利数据标注师：薪资水平偏低，供过于求，AI替代风险较高,"Chile Data Annotator: relatively low pay, oversupply of talent, high AI displacement risk",AI综合评估 + O*NET/ILO/OECD锚点校准,2026-04-13,2026-04-13,2000-2026
TECH-0507-CO-general,信息技术与数字化,TECH,新兴数字职业,数据标注师,Data Annotator,4132,43-9021.00,南美,哥伦比亚,CO,country,general,高中/大专,18-40,global,1.5,1.2,1.8,3.0,2.8,4.4,3.6,2.4,0.0,2.2,1.8,9.3,5.5,4.5,3.8,3.4,2.9,3.1,2.0,1.9,9.0,3.2,5.5,2.1,2.3,5.9,7.5,4.0,0.9,0.0,5.3,7.1,3.8,3.7,2,1,→,2025-2028,4.13,哥伦比亚数据标注师：薪资水平偏低，供过于求，AI替代风险较高,"Colombia Data Annotator: relatively low pay, oversupply of talent, high AI displacement risk",AI综合评估 + O*NET/ILO/OECD锚点校准,2026-04-13,2026-04-13,2000-2026
TECH-0507-AU-general,信息技术与数字化,TECH,新兴数字职业,数据标注师,Data Annotator,4132,43-9021.00,大洋洲,澳大利亚,AU,country,general,高中/大专,18-40,global,1.3,1.5,2.8,3.8,4.8,6.8,4.4,3.4,5.4,5.2,4.3,10.0,6.2,7.8,4.8,4.2,3.9,2.8,2.4,3.5,10.0,5.0,8.3,3.5,3.1,9.5,8.7,3.5,1.2,0.2,5.7,8.3,6.6,2.7,2,1,→,2025-2028,5.59,澳大利亚数据标注师：AI替代风险较高，远程友好度高，工作时间规律,"Australia Data Annotator: high AI displacement risk, highly remote-friendly, regular working hours",AI综合评估 + O*NET/ILO/OECD锚点校准,2026-04-13,2026-04-13,2000-2026
TECH-0507-NZ-general,信息技术与数字化,TECH,新兴数字职业,数据标注师,Data Annotator,4132,43-9021.00,大洋洲,新西兰,NZ,country,general,高中/大专,18-40,global,1.6,1.3,2.4,4.1,3.8,4.2,4.0,2.0,4.2,4.9,4.6,10.0,7.5,7.3,6.3,3.6,3.9,2.9,1.9,3.3,9.9,4.2,8.3,2.9,2.9,9.5,8.9,3.8,1.2,0.0,5.3,7.7,5.4,2.9,2,1,→,2025-2028,5.28,新西兰数据标注师：薪资水平偏低，供过于求，AI替代风险较高,"New Zealand Data Annotator: relatively low pay, oversupply of talent, high AI displacement risk",AI综合评估 + O*NET/ILO/OECD锚点校准,2026-04-13,2026-04-13,2000-2026
TECH-0507-ZA-general,信息技术与数字化,TECH,新兴数字职业,数据标注师,Data Annotator,4132,43-9021.00,非洲,南非,ZA,country,general,高中/大专,18-40,global,1.2,1.5,1.6,2.9,3.4,4.2,3.2,1.4,0.6,3.2,2.8,9.5,6.0,5.0,4.3,3.4,3.5,3.1,1.7,2.5,6.6,2.7,6.0,3.1,2.5,5.9,7.1,3.5,0.7,0.0,5.9,7.5,4.0,2.9,2,1,→,2025-2028,4.21,南非数据标注师：薪资水平偏低，供过于求，AI替代风险较高,"South Africa Data Annotator: relatively low pay, oversupply of talent, high AI displacement risk",AI综合评估 + O*NET/ILO/OECD锚点校准,2026-04-13,2026-04-13,2000-2026
TECH-0507-NG-general,信息技术与数字化,TECH,新兴数字职业,数据标注师,Data Annotator,4132,43-9021.00,非洲,尼日利亚,NG,country,general,高中/大专,18-40,global,1.6,1.0,1.4,3.3,3.2,4.8,2.6,0.0,0.0,0.9,1.1,9.0,5.2,4.0,3.3,2.4,3.9,3.5,1.3,1.3,7.2,2.7,4.3,2.5,1.7,4.4,7.9,3.7,1.0,0.0,6.1,7.3,4.0,3.7,1,0,→,2025-2028,3.66,尼日利亚数据标注师：薪资水平偏低，供过于求，AI替代风险较高,"Nigeria Data Annotator: relatively low pay, oversupply of talent, high AI displacement risk",AI综合评估 + O*NET/ILO/OECD锚点校准,2026-04-13,2026-04-13,2000-2026
TECH-0507-KE-general,信息技术与数字化,TECH,新兴数字职业,数据标注师,Data Annotator,4132,43-9021.00,非洲,肯尼亚,KE,country,general,高中/大专,18-40,global,1.5,1.2,1.0,3.0,2.4,3.6,3.6,0.0,0.0,1.4,2.1,9.0,6.0,4.3,4.3,2.8,2.9,3.4,1.3,1.5,7.8,3.2,5.0,3.1,2.5,5.0,7.9,3.2,1.0,0.1,5.9,7.5,4.4,4.1,1,0,→,2025-2028,3.83,肯尼亚数据标注师：薪资水平偏低，供过于求，AI替代风险较高,"Kenya Data Annotator: relatively low pay, oversupply of talent, high AI displacement risk",AI综合评估 + O*NET/ILO/OECD锚点校准,2026-04-13,2026-04-13,2000-2026
TECH-0507-EG-general,信息技术与数字化,TECH,新兴数字职业,数据标注师,Data Annotator,4132,43-9021.00,非洲,埃及,EG,country,general,高中/大专,18-40,global,1.3,1.6,1.6,2.7,3.6,4.6,2.6,0.6,0.0,1.7,2.1,9.3,5.0,3.8,3.3,2.6,3.9,3.8,1.9,1.3,7.2,2.5,4.8,2.9,2.9,3.2,8.1,3.8,1.0,0.1,6.3,7.1,3.6,3.1,1,0,→,2025-2028,3.78,埃及数据标注师：薪资水平偏低，供过于求，AI替代风险较高,"Egypt Data Annotator: relatively low pay, oversupply of talent, high AI displacement risk",AI综合评估 + O*NET/ILO/OECD锚点校准,2026-04-13,2026-04-13,2000-2026
TECH-0508-CN-general,信息技术与数字化,TECH,新兴数字职业,数字孪生工程师,Digital Twin Engineer,2514,15-1252.00,东亚,中国,CN,country,general,本科/硕士,24-30,global,6.7,6.5,8.3,6.8,9.7,5.9,8.5,8.4,9.3,8.3,4.6,9.5,5.2,1.9,2.8,6.3,6.5,1.2,6.6,8.0,4.7,5.4,4.1,8.1,6.5,3.7,5.5,5.0,1.5,1.3,4.9,4.4,6.2,2.8,3,5,↑↑,2032-2038,6.45,中国数字孪生工程师：薪资回报高，人才需求旺盛，加班文化严重,"China Digital Twin Engineer: high compensation, strong talent demand, heavy overtime culture",AI综合评估 + O*NET/ILO/OECD锚点校准,2026-04-13,2026-04-13,2000-2026
TECH-0508-JP-general,信息技术与数字化,TECH,新兴数字职业,数字孪生工程师,Digital Twin Engineer,2514,15-1252.00,东亚,日本,JP,country,general,本科/硕士,24-30,global,7.0,7.2,8.7,7.4,9.1,4.5,8.1,9.0,7.8,7.8,7.9,10.0,7.2,2.9,3.8,6.3,6.1,1.2,6.8,7.4,5.6,5.9,4.4,6.9,6.7,3.4,5.3,5.3,1.6,0.8,4.5,5.0,6.2,3.2,3,4,↑↑,2032-2038,6.58,日本数字孪生工程师：人才需求旺盛，加班文化严重，就业稳定,"Japan Digital Twin Engineer: strong talent demand, heavy overtime culture, stable employment",AI综合评估 + O*NET/ILO/OECD锚点校准,2026-04-13,2026-04-13,2000-2026
TECH-0508-KR-general,信息技术与数字化,TECH,新兴数字职业,数字孪生工程师,Digital Twin Engineer,2514,15-1252.00,东亚,韩国,KR,country,general,本科/硕士,24-30,global,7.4,6.5,7.7,7.3,7.5,4.5,8.7,8.2,9.0,7.6,6.6,9.7,7.0,1.9,3.8,6.7,6.1,0.8,7.0,7.0,4.4,5.9,4.9,7.9,6.1,3.4,4.9,5.9,1.3,1.1,3.9,4.2,6.6,3.6,3,4,↑↑,2032-2038,6.48,韩国数字孪生工程师：薪资回报高，人才需求旺盛，加班文化严重,"South Korea Digital Twin Engineer: high compensation, strong talent demand, heavy overtime culture",AI综合评估 + O*NET/ILO/OECD锚点校准,2026-04-13,2026-04-13,2000-2026
TECH-0508-TW-general,信息技术与数字化,TECH,新兴数字职业,数字孪生工程师,Digital Twin Engineer,2514,15-1252.00,东亚,中国台湾地区,TW,region,general,本科/硕士,24-30,global,7.3,6.9,8.1,6.8,7.3,3.1,8.1,8.2,7.8,6.6,6.4,9.5,6.0,2.7,3.6,6.9,5.1,0.8,6.5,6.8,5.0,6.4,5.1,6.7,5.5,4.0,5.5,5.2,1.9,1.3,4.3,4.8,7.4,3.8,3,4,↑↑,2032-2038,6.26,中国台湾地区数字孪生工程师：人才需求旺盛，加班文化严重，近年增长迅猛,"Taiwan (China) Digital Twin Engineer: strong talent demand, heavy overtime culture, rapid recent growth",AI综合评估 + O*NET/ILO/OECD锚点校准,2026-04-13,2026-04-13,2000-2026
TECH-0508-HK-general,信息技术与数字化,TECH,新兴数字职业,数字孪生工程师,Digital Twin Engineer,2514,15-1252.00,东亚,中国香港地区,HK,region,general,本科/硕士,24-30,global,7.3,6.6,6.5,7.1,7.1,2.3,7.7,7.6,9.6,8.1,6.9,9.7,6.5,3.4,3.1,6.7,5.5,1.4,6.6,7.0,5.6,6.7,3.9,6.9,6.5,4.9,5.7,5.2,1.5,0.8,3.9,5.0,9.4,3.4,3,4,↑↑,2032-2038,6.45,中国香港地区数字孪生工程师：薪资回报高，人才需求旺盛，加班文化严重,"Hong Kong (China) Digital Twin Engineer: high compensation, strong talent demand, heavy overtime culture",AI综合评估 + O*NET/ILO/OECD锚点校准,2026-04-13,2026-04-13,2000-2026
TECH-0508-SG-general,信息技术与数字化,TECH,新兴数字职业,数字孪生工程师,Digital Twin Engineer,2514,15-1252.00,东南亚,新加坡,SG,country,general,本科/硕士,24-30,global,7.0,6.5,7.9,7.3,7.1,3.1,9.1,9.2,10.0,8.1,7.9,9.7,6.2,3.7,3.8,7.1,5.7,1.2,7.0,7.6,6.5,6.7,5.6,7.9,6.9,5.5,5.9,5.6,1.5,1.1,3.9,4.8,10.0,3.8,3,5,↑↑,2032-2038,6.96,新加坡数字孪生工程师：薪资回报高，人才需求旺盛，就业稳定,"Singapore Digital Twin Engineer: high compensation, strong talent demand, stable employment",AI综合评估 + O*NET/ILO/OECD锚点校准,2026-04-13,2026-04-13,2000-2026
TECH-0508-TH-general,信息技术与数字化,TECH,新兴数字职业,数字孪生工程师,Digital Twin Engineer,2514,15-1252.00,东南亚,泰国,TH,country,general,本科/硕士,24-30,global,7.0,6.6,6.3,7.0,6.3,2.9,6.5,6.8,4.2,4.8,6.4,9.5,6.0,4.7,4.8,5.5,4.5,1.8,6.2,6.0,5.6,5.7,4.9,7.3,5.1,4.6,5.7,5.2,1.8,1.1,4.9,4.6,6.2,3.6,3,4,↑↑,2032-2038,5.71,泰国数字孪生工程师：薪资水平偏低，近年增长迅猛,"Thailand Digital Twin Engineer: relatively low pay, rapid recent growth",AI综合评估 + O*NET/ILO/OECD锚点校准,2026-04-13,2026-04-13,2000-2026
TECH-0508-VN-general,信息技术与数字化,TECH,新兴数字职业,数字孪生工程师,Digital Twin Engineer,2514,15-1252.00,东南亚,越南,VN,country,general,本科/硕士,24-30,global,6.7,6.5,6.7,7.3,7.1,3.3,7.3,6.8,5.4,5.1,5.4,9.2,6.2,4.7,3.8,5.3,4.7,1.4,6.4,5.8,5.0,5.2,4.6,6.5,5.7,4.0,5.3,5.5,1.3,1.0,5.1,5.0,6.2,3.4,3,4,↑↑,2032-2038,5.78,越南数字孪生工程师：近年增长迅猛,Vietnam Digital Twin Engineer: rapid recent growth,AI综合评估 + O*NET/ILO/OECD锚点校准,2026-04-13,2026-04-13,2000-2026
TECH-0508-ID-general,信息技术与数字化,TECH,新兴数字职业,数字孪生工程师,Digital Twin Engineer,2514,15-1252.00,东南亚,印度尼西亚,ID,country,general,本科/硕士,24-30,global,7.1,6.5,7.1,7.1,6.7,3.5,7.1,7.6,4.8,4.3,5.1,9.7,6.2,4.4,5.6,5.7,4.5,1.4,6.5,5.4,5.0,6.4,5.9,6.7,5.3,3.4,4.7,5.2,1.2,1.0,4.5,5.0,5.6,3.2,3,4,↑↑,2032-2038,5.83,印度尼西亚数字孪生工程师：近年增长迅猛,Indonesia Digital Twin Engineer: rapid recent growth,AI综合评估 + O*NET/ILO/OECD锚点校准,2026-04-13,2026-04-13,2000-2026
TECH-0508-MY-general,信息技术与数字化,TECH,新兴数字职业,数字孪生工程师,Digital Twin Engineer,2514,15-1252.00,东南亚,马来西亚,MY,country,general,本科/硕士,24-30,global,6.8,6.3,6.3,7.1,6.1,1.5,6.9,7.0,5.7,6.3,5.9,9.2,7.0,4.4,4.8,6.1,5.3,1.8,6.0,6.4,6.5,6.7,5.9,7.1,5.9,4.3,5.1,5.2,1.3,1.0,4.5,4.6,7.6,3.4,3,4,↑↑,2032-2038,6.02,马来西亚数字孪生工程师：近年增长迅猛,Malaysia Digital Twin Engineer: rapid recent growth,AI综合评估 + O*NET/ILO/OECD锚点校准,2026-04-13,2026-04-13,2000-2026
TECH-0508-PH-general,信息技术与数字化,TECH,新兴数字职业,数字孪生工程师,Digital Twin Engineer,2514,15-1252.00,东南亚,菲律宾,PH,country,general,本科/硕士,24-30,global,6.8,6.5,6.5,6.2,6.9,2.1,6.1,7.6,5.1,4.8,4.6,9.7,7.0,4.4,4.6,5.1,4.1,1.7,6.2,5.0,7.1,6.2,5.4,7.3,6.1,4.6,4.5,5.2,1.6,1.3,4.5,4.8,7.0,3.6,3,4,↑↑,2032-2038,5.76,菲律宾数字孪生工程师：近年增长迅猛,Philippines Digital Twin Engineer: rapid recent growth,AI综合评估 + O*NET/ILO/OECD锚点校准,2026-04-13,2026-04-13,2000-2026
TECH-0508-IN-general,信息技术与数字化,TECH,新兴数字职业,数字孪生工程师,Digital Twin Engineer,2514,15-1252.00,南亚,印度,IN,country,general,本科/硕士,24-30,global,7.3,6.6,8.9,7.0,8.7,5.1,7.9,9.2,7.8,6.8,5.1,9.5,7.0,3.9,3.8,6.7,6.1,1.2,6.5,7.0,7.1,6.7,5.1,7.5,6.3,3.4,4.9,5.2,1.6,1.1,4.9,5.0,9.0,3.0,3,4,↑↑,2032-2038,6.59,印度数字孪生工程师：人才需求旺盛，近年增长迅猛,"India Digital Twin Engineer: strong talent demand, rapid recent growth",AI综合评估 + O*NET/ILO/OECD锚点校准,2026-04-13,2026-04-13,2000-2026
TECH-0508-PK-general,信息技术与数字化,TECH,新兴数字职业,数字孪生工程师,Digital Twin Engineer,2514,15-1252.00,南亚,巴基斯坦,PK,country,general,本科/硕士,24-30,global,7.1,6.2,6.3,6.7,6.1,2.5,6.5,6.2,3.9,3.6,3.6,9.0,7.0,4.7,4.6,5.3,4.3,1.8,6.0,4.4,5.9,5.9,4.1,6.9,5.7,0.4,5.1,5.9,1.5,0.4,4.3,4.6,6.6,4.2,2,3,↑,2032-2038,5.36,巴基斯坦数字孪生工程师：薪资水平偏低，就业波动大,"Pakistan Digital Twin Engineer: relatively low pay, volatile employment",AI综合评估 + O*NET/ILO/OECD锚点校准,2026-04-13,2026-04-13,2000-2026
TECH-0508-BD-general,信息技术与数字化,TECH,新兴数字职业,数字孪生工程师,Digital Twin Engineer,2514,15-1252.00,南亚,孟加拉国,BD,country,general,本科/硕士,24-30,global,7.0,6.5,5.5,5.9,5.3,2.3,5.7,5.2,2.7,4.1,3.6,9.0,5.7,4.7,4.1,5.7,4.1,2.1,6.5,5.0,6.2,6.4,4.1,6.7,5.5,1.9,5.1,5.8,1.9,1.0,5.1,4.6,6.0,4.2,2,3,↑,2032-2038,5.15,孟加拉国数字孪生工程师：薪资水平偏低，就业波动大,"Bangladesh Digital Twin Engineer: relatively low pay, volatile employment",AI综合评估 + O*NET/ILO/OECD锚点校准,2026-04-13,2026-04-13,2000-2026
TECH-0508-AE-general,信息技术与数字化,TECH,新兴数字职业,数字孪生工程师,Digital Twin Engineer,2514,15-1252.00,中亚/西亚,阿联酋,AE,country,general,本科/硕士,24-30,global,7.4,6.8,7.7,7.3,6.9,2.7,8.5,9.4,10.0,7.8,7.6,9.7,6.2,5.2,5.1,6.1,4.9,1.2,7.0,7.2,5.9,6.7,5.9,7.5,6.3,3.7,5.9,5.8,1.9,1.1,3.7,5.2,9.0,3.8,3,4,↑↑,2032-2038,6.81,阿联酋数字孪生工程师：薪资回报高，人才需求旺盛，就业稳定,"United Arab Emirates Digital Twin Engineer: high compensation, strong talent demand, stable employment",AI综合评估 + O*NET/ILO/OECD锚点校准,2026-04-13,2026-04-13,2000-2026
TECH-0508-IL-general,信息技术与数字化,TECH,新兴数字职业,数字孪生工程师,Digital Twin Engineer,2514,15-1252.00,中亚/西亚,以色列,IL,country,general,本科/硕士,24-30,global,7.3,7.2,8.5,7.3,8.1,3.9,9.1,8.8,10.0,8.8,5.4,9.7,6.2,4.9,4.6,6.3,5.1,1.4,7.2,7.8,7.4,7.2,5.6,7.7,5.5,6.4,5.9,5.6,1.3,1.3,4.7,6.0,8.8,3.8,3,5,↑↑,2032-2038,6.93,以色列数字孪生工程师：薪资回报高，人才需求旺盛，近年增长迅猛,"Israel Digital Twin Engineer: high compensation, strong talent demand, rapid recent growth",AI综合评估 + O*NET/ILO/OECD锚点校准,2026-04-13,2026-04-13,2000-2026
TECH-0508-SA-general,信息技术与数字化,TECH,新兴数字职业,数字孪生工程师,Digital Twin Engineer,2514,15-1252.00,中亚/西亚,沙特阿拉伯,SA,country,general,本科/硕士,24-30,global,7.1,6.5,6.9,6.8,6.3,1.9,7.1,7.4,9.3,7.1,6.9,9.5,6.0,4.7,5.6,6.1,4.5,1.5,6.8,6.8,5.0,5.4,6.1,6.9,6.1,2.8,5.5,5.3,1.9,1.3,4.5,4.6,7.4,3.8,3,4,↑↑,2032-2038,6.26,沙特阿拉伯数字孪生工程师：薪资回报高，近年增长迅猛,"Saudi Arabia Digital Twin Engineer: high compensation, rapid recent growth",AI综合评估 + O*NET/ILO/OECD锚点校准,2026-04-13,2026-04-13,2000-2026
TECH-0508-TR-general,信息技术与数字化,TECH,新兴数字职业,数字孪生工程师,Digital Twin Engineer,2514,15-1252.00,中亚/西亚,土耳其,TR,country,general,本科/硕士,24-30,global,7.4,6.6,6.7,6.2,7.1,3.1,6.9,7.0,5.7,6.3,4.4,9.2,7.0,4.2,4.1,5.5,4.7,1.4,6.2,6.4,5.9,5.2,4.4,7.5,5.7,3.4,5.5,5.8,1.5,0.5,5.1,4.8,6.6,3.2,3,4,↑↑,2032-2038,5.83,土耳其数字孪生工程师：近年增长迅猛,Turkey Digital Twin Engineer: rapid recent growth,AI综合评估 + O*NET/ILO/OECD锚点校准,2026-04-13,2026-04-13,2000-2026
TECH-0508-GB-general,信息技术与数字化,TECH,新兴数字职业,数字孪生工程师,Digital Twin Engineer,2514,15-1252.00,西欧,英国,GB,country,general,本科/硕士,24-30,global,7.1,6.8,8.3,7.6,7.9,4.5,8.5,8.4,10.0,9.1,5.9,9.2,7.7,5.4,5.6,6.5,5.9,1.2,6.4,8.0,8.6,6.4,7.1,6.9,6.5,6.1,6.5,5.6,1.3,1.3,4.1,6.2,9.4,3.4,3,5,↑↑,2032-2038,7.11,英国数字孪生工程师：薪资回报高，人才需求旺盛，远程友好度高,"United Kingdom Digital Twin Engineer: high compensation, strong talent demand, highly remote-friendly",AI综合评估 + O*NET/ILO/OECD锚点校准,2026-04-13,2026-04-13,2000-2026
TECH-0508-FR-general,信息技术与数字化,TECH,新兴数字职业,数字孪生工程师,Digital Twin Engineer,2514,15-1252.00,西欧,法国,FR,country,general,本科/硕士,24-30,global,7.6,6.8,8.1,7.1,8.1,4.7,8.5,8.8,8.7,6.8,7.1,9.7,8.0,7.0,6.1,6.7,5.9,1.4,7.0,7.0,6.8,7.2,8.1,7.9,6.5,5.5,5.7,5.9,1.0,1.3,4.1,4.6,8.0,3.2,3,4,↑↑,2032-2038,7.02,法国数字孪生工程师：薪资回报高，人才需求旺盛，近年增长迅猛,"France Digital Twin Engineer: high compensation, strong talent demand, rapid recent growth",AI综合评估 + O*NET/ILO/OECD锚点校准,2026-04-13,2026-04-13,2000-2026
TECH-0508-DE-general,信息技术与数字化,TECH,新兴数字职业,数字孪生工程师,Digital Twin Engineer,2514,15-1252.00,西欧,德国,DE,country,general,本科/硕士,24-30,global,7.1,6.8,8.7,7.3,8.1,3.9,7.9,8.2,9.6,8.1,8.6,9.7,7.7,7.4,7.1,6.1,5.1,1.2,6.8,7.2,5.9,6.7,8.6,6.9,7.1,7.0,5.7,5.3,1.5,1.7,3.5,5.0,8.2,2.6,3,4,↑↑,2032-2038,7.15,德国数字孪生工程师：薪资回报高，人才需求旺盛，就业稳定,"Germany Digital Twin Engineer: high compensation, strong talent demand, stable employment",AI综合评估 + O*NET/ILO/OECD锚点校准,2026-04-13,2026-04-13,2000-2026
TECH-0508-NL-general,信息技术与数字化,TECH,新兴数字职业,数字孪生工程师,Digital Twin Engineer,2514,15-1252.00,西欧,荷兰,NL,country,general,本科/硕士,24-30,global,7.0,6.3,7.9,7.3,7.1,2.9,7.7,9.0,9.6,8.3,7.6,9.7,8.2,8.4,7.1,6.3,5.5,0.8,6.4,8.2,9.8,7.9,8.4,7.7,6.1,8.2,7.1,5.3,1.8,1.7,4.1,5.2,9.2,3.6,3,4,↑↑,2032-2038,7.37,荷兰数字孪生工程师：薪资回报高，人才需求旺盛，远程友好度高,"Netherlands Digital Twin Engineer: high compensation, strong talent demand, highly remote-friendly",AI综合评估 + O*NET/ILO/OECD锚点校准,2026-04-13,2026-04-13,2000-2026
TECH-0508-CH-general,信息技术与数字化,TECH,新兴数字职业,数字孪生工程师,Digital Twin Engineer,2514,15-1252.00,西欧,瑞士,CH,country,general,本科/硕士,24-30,global,7.4,6.8,7.5,7.7,7.3,2.5,8.9,9.2,10.0,9.3,8.6,10.0,7.7,7.2,6.1,6.1,5.3,1.2,6.5,8.4,7.1,6.7,8.9,7.9,6.1,7.0,6.7,5.8,1.2,1.0,4.3,5.4,8.8,3.2,3,4,↑↑,2032-2038,7.3,瑞士数字孪生工程师：薪资回报高，人才需求旺盛，就业稳定,"Switzerland Digital Twin Engineer: high compensation, strong talent demand, stable employment",AI综合评估 + O*NET/ILO/OECD锚点校准,2026-04-13,2026-04-13,2000-2026
TECH-0508-SE-general,信息技术与数字化,TECH,新兴数字职业,数字孪生工程师,Digital Twin Engineer,2514,15-1252.00,北欧,瑞典,SE,country,general,本科/硕士,24-30,global,7.7,6.6,7.5,7.7,7.9,2.7,8.7,9.0,9.3,7.3,8.4,10.0,8.2,8.4,8.1,6.1,5.1,1.4,6.2,7.8,8.6,7.4,8.9,7.3,5.7,8.5,6.3,5.3,1.6,1.0,3.7,5.6,9.4,3.2,3,4,↑↑,2032-2038,7.31,瑞典数字孪生工程师：薪资回报高，人才需求旺盛，远程友好度高,"Sweden Digital Twin Engineer: high compensation, strong talent demand, highly remote-friendly",AI综合评估 + O*NET/ILO/OECD锚点校准,2026-04-13,2026-04-13,2000-2026
TECH-0508-DK-general,信息技术与数字化,TECH,新兴数字职业,数字孪生工程师,Digital Twin Engineer,2514,15-1252.00,北欧,丹麦,DK,country,general,本科/硕士,24-30,global,7.6,6.6,7.9,7.7,6.7,1.9,8.5,8.8,9.0,8.3,7.9,9.7,7.7,8.7,6.8,6.3,5.3,0.9,6.9,7.0,8.6,6.9,9.1,7.5,5.5,8.8,5.9,5.2,1.8,0.8,4.3,5.2,9.4,3.0,3,4,↑↑,2032-2038,7.25,丹麦数字孪生工程师：薪资回报高，人才需求旺盛，远程友好度高,"Denmark Digital Twin Engineer: high compensation, strong talent demand, highly remote-friendly",AI综合评估 + O*NET/ILO/OECD锚点校准,2026-04-13,2026-04-13,2000-2026
TECH-0508-FI-general,信息技术与数字化,TECH,新兴数字职业,数字孪生工程师,Digital Twin Engineer,2514,15-1252.00,北欧,芬兰,FI,country,general,本科/硕士,24-30,global,6.8,6.9,7.1,7.7,7.5,2.7,8.5,8.6,8.4,8.1,7.6,9.7,9.2,9.0,7.6,5.9,4.7,1.1,6.8,7.2,8.6,8.2,8.9,7.1,6.3,8.8,6.1,5.9,1.8,1.0,3.7,5.2,8.8,3.8,3,4,↑↑,2032-2038,7.27,芬兰数字孪生工程师：薪资回报高，人才需求旺盛，远程友好度高,"Finland Digital Twin Engineer: high compensation, strong talent demand, highly remote-friendly",AI综合评估 + O*NET/ILO/OECD锚点校准,2026-04-13,2026-04-13,2000-2026
TECH-0508-IT-general,信息技术与数字化,TECH,新兴数字职业,数字孪生工程师,Digital Twin Engineer,2514,15-1252.00,南欧,意大利,IT,country,general,本科/硕士,24-30,global,7.4,6.2,7.1,7.3,6.5,3.3,7.1,7.8,7.8,7.1,5.9,9.5,7.2,4.7,4.8,5.5,4.7,1.7,6.5,6.0,5.3,5.9,6.4,6.9,5.9,3.4,5.1,5.6,1.5,1.1,4.5,4.2,8.0,4.0,3,4,↑↑,2032-2038,6.2,意大利数字孪生工程师：近年增长迅猛,Italy Digital Twin Engineer: rapid recent growth,AI综合评估 + O*NET/ILO/OECD锚点校准,2026-04-13,2026-04-13,2000-2026
TECH-0508-ES-general,信息技术与数字化,TECH,新兴数字职业,数字孪生工程师,Digital Twin Engineer,2514,15-1252.00,南欧,西班牙,ES,country,general,本科/硕士,24-30,global,7.3,6.3,6.3,7.3,6.9,3.3,7.5,7.0,6.6,6.3,5.1,9.5,7.2,4.9,5.8,5.9,5.3,1.4,6.1,6.4,7.7,7.7,7.1,7.3,6.5,4.9,5.9,5.8,1.6,0.8,4.3,4.6,7.8,3.4,3,4,↑↑,2032-2038,6.36,西班牙数字孪生工程师：人才需求旺盛，近年增长迅猛,"Spain Digital Twin Engineer: strong talent demand, rapid recent growth",AI综合评估 + O*NET/ILO/OECD锚点校准,2026-04-13,2026-04-13,2000-2026
TECH-0508-PT-general,信息技术与数字化,TECH,新兴数字职业,数字孪生工程师,Digital Twin Engineer,2514,15-1252.00,南欧,葡萄牙,PT,country,general,本科/硕士,24-30,global,6.7,6.0,6.7,6.5,6.5,2.3,6.7,7.4,6.6,6.6,5.6,9.7,7.0,5.4,5.8,5.9,5.1,1.8,6.1,5.8,6.8,7.4,7.1,6.9,6.3,5.5,5.7,5.3,1.2,1.4,4.7,4.8,8.4,3.8,3,4,↑↑,2032-2038,6.27,葡萄牙数字孪生工程师：近年增长迅猛,Portugal Digital Twin Engineer: rapid recent growth,AI综合评估 + O*NET/ILO/OECD锚点校准,2026-04-13,2026-04-13,2000-2026
TECH-0508-PL-general,信息技术与数字化,TECH,新兴数字职业,数字孪生工程师,Digital Twin Engineer,2514,15-1252.00,东欧,波兰,PL,country,general,本科/硕士,24-30,global,7.3,6.9,7.7,7.6,6.9,2.5,7.9,7.6,7.2,6.8,6.6,9.2,8.2,5.7,5.8,5.9,5.5,1.7,6.2,6.4,7.4,7.4,7.1,7.1,6.3,4.6,5.9,5.5,1.0,0.8,4.9,5.0,8.8,3.4,3,4,↑↑,2032-2038,6.56,波兰数字孪生工程师：人才需求旺盛，近年增长迅猛,"Poland Digital Twin Engineer: strong talent demand, rapid recent growth",AI综合评估 + O*NET/ILO/OECD锚点校准,2026-04-13,2026-04-13,2000-2026
TECH-0508-CZ-general,信息技术与数字化,TECH,新兴数字职业,数字孪生工程师,Digital Twin Engineer,2514,15-1252.00,东欧,捷克,CZ,country,general,本科/硕士,24-30,global,7.4,6.2,7.3,7.7,7.3,2.9,8.1,7.0,6.9,6.1,6.9,9.7,7.0,5.9,6.6,6.3,5.5,1.8,6.6,6.6,7.4,7.7,7.4,6.9,5.9,4.6,6.1,5.8,1.9,1.4,4.5,5.0,8.6,3.6,3,4,↑↑,2032-2038,6.59,捷克数字孪生工程师：人才需求旺盛，近年增长迅猛,"Czech Republic Digital Twin Engineer: strong talent demand, rapid recent growth",AI综合评估 + O*NET/ILO/OECD锚点校准,2026-04-13,2026-04-13,2000-2026
TECH-0508-RU-general,信息技术与数字化,TECH,新兴数字职业,数字孪生工程师,Digital Twin Engineer,2514,15-1252.00,东欧,俄罗斯,RU,country,general,本科/硕士,24-30,global,6.8,6.2,7.5,6.1,6.7,3.1,8.1,6.6,6.0,5.6,5.4,9.0,6.7,4.7,5.8,6.5,5.7,1.7,6.2,6.4,6.5,6.7,5.1,6.9,6.1,4.9,5.3,5.8,1.5,0.5,5.1,5.2,5.6,4.0,3,4,↑↑,2032-2038,6.09,俄罗斯数字孪生工程师：人才需求旺盛，近年增长迅猛,"Russia Digital Twin Engineer: strong talent demand, rapid recent growth",AI综合评估 + O*NET/ILO/OECD锚点校准,2026-04-13,2026-04-13,2000-2026
TECH-0508-US-general,信息技术与数字化,TECH,新兴数字职业,数字孪生工程师,Digital Twin Engineer,2514,15-1252.00,北美,美国,US,country,general,本科/硕士,24-30,global,7.3,6.8,8.7,6.7,10.0,5.1,9.3,9.0,10.0,9.1,6.1,9.7,6.5,3.9,4.3,7.1,6.9,0.9,7.0,8.6,9.5,6.2,4.9,8.1,7.1,7.0,6.5,5.8,1.2,1.4,5.1,5.4,8.8,3.4,3,5,↑↑,2032-2038,7.23,美国数字孪生工程师：薪资回报高，人才需求旺盛，远程友好度高,"United States Digital Twin Engineer: high compensation, strong talent demand, highly remote-friendly",AI综合评估 + O*NET/ILO/OECD锚点校准,2026-04-13,2026-04-13,2000-2026
TECH-0508-CA-general,信息技术与数字化,TECH,新兴数字职业,数字孪生工程师,Digital Twin Engineer,2514,15-1252.00,北美,加拿大,CA,country,general,本科/硕士,24-30,global,7.3,6.5,7.7,7.3,7.5,4.5,8.3,8.6,10.0,8.1,7.4,9.7,7.0,6.2,5.6,5.9,5.7,0.9,6.8,7.2,8.6,7.4,7.9,6.9,6.7,6.7,5.9,5.8,1.6,1.1,4.5,6.2,9.8,3.8,3,5,↑↑,2032-2038,7.17,加拿大数字孪生工程师：薪资回报高，人才需求旺盛，远程友好度高,"Canada Digital Twin Engineer: high compensation, strong talent demand, highly remote-friendly",AI综合评估 + O*NET/ILO/OECD锚点校准,2026-04-13,2026-04-13,2000-2026
TECH-0508-MX-general,信息技术与数字化,TECH,新兴数字职业,数字孪生工程师,Digital Twin Engineer,2514,15-1252.00,北美,墨西哥,MX,country,general,本科/硕士,24-30,global,7.1,6.6,6.7,6.7,6.9,3.3,7.7,7.0,5.7,4.8,5.6,9.5,7.0,4.4,4.3,5.7,5.5,1.8,6.1,6.0,5.9,5.7,4.6,7.1,6.1,4.0,5.1,5.9,1.9,0.5,5.3,5.2,7.4,3.6,3,4,↑↑,2032-2038,5.92,墨西哥数字孪生工程师：人才需求旺盛，近年增长迅猛,"Mexico Digital Twin Engineer: strong talent demand, rapid recent growth",AI综合评估 + O*NET/ILO/OECD锚点校准,2026-04-13,2026-04-13,2000-2026
TECH-0508-BR-general,信息技术与数字化,TECH,新兴数字职业,数字孪生工程师,Digital Twin Engineer,2514,15-1252.00,南美,巴西,BR,country,general,本科/硕士,24-30,global,7.1,6.6,6.9,7.0,7.5,3.9,7.5,7.0,7.2,5.8,4.9,9.2,7.5,4.2,4.8,6.1,5.3,1.8,6.2,6.0,6.2,5.7,5.4,6.9,5.9,4.0,5.1,5.8,1.0,1.3,5.3,5.8,6.4,3.8,3,4,↑↑,2032-2038,6.06,巴西数字孪生工程师：人才需求旺盛，近年增长迅猛,"Brazil Digital Twin Engineer: strong talent demand, rapid recent growth",AI综合评估 + O*NET/ILO/OECD锚点校准,2026-04-13,2026-04-13,2000-2026
TECH-0508-AR-general,信息技术与数字化,TECH,新兴数字职业,数字孪生工程师,Digital Twin Engineer,2514,15-1252.00,南美,阿根廷,AR,country,general,本科/硕士,24-30,global,6.7,6.9,5.9,6.7,6.5,1.9,7.5,7.8,4.2,5.3,3.6,9.5,6.5,5.4,5.6,5.9,4.5,1.7,6.8,5.6,6.5,6.4,4.6,6.5,5.7,4.0,4.9,5.2,1.2,0.8,4.3,4.6,7.2,3.4,3,4,↑↑,2032-2038,5.81,阿根廷数字孪生工程师：薪资水平偏低，人才需求旺盛，就业波动大,"Argentina Digital Twin Engineer: relatively low pay, strong talent demand, volatile employment",AI综合评估 + O*NET/ILO/OECD锚点校准,2026-04-13,2026-04-13,2000-2026
TECH-0508-CL-general,信息技术与数字化,TECH,新兴数字职业,数字孪生工程师,Digital Twin Engineer,2514,15-1252.00,南美,智利,CL,country,general,本科/硕士,24-30,global,6.5,6.8,5.7,6.7,6.3,1.7,7.1,7.6,7.2,5.8,5.1,9.5,7.5,5.7,5.3,5.3,4.5,1.2,6.5,5.8,6.8,5.7,5.9,6.5,5.5,4.3,5.7,5.0,1.5,1.3,3.9,5.4,6.8,4.0,3,4,↑↑,2032-2038,6.06,智利数字孪生工程师：近年增长迅猛,Chile Digital Twin Engineer: rapid recent growth,AI综合评估 + O*NET/ILO/OECD锚点校准,2026-04-13,2026-04-13,2000-2026
TECH-0508-CO-general,信息技术与数字化,TECH,新兴数字职业,数字孪生工程师,Digital Twin Engineer,2514,15-1252.00,南美,哥伦比亚,CO,country,general,本科/硕士,24-30,global,7.0,6.6,6.7,6.4,5.7,2.3,6.5,7.4,5.4,4.1,4.9,9.2,6.5,5.4,4.3,5.5,4.1,1.4,6.0,5.0,6.8,6.4,5.1,7.1,6.1,3.1,5.5,5.2,1.3,0.7,4.7,5.2,6.2,3.6,3,4,↑↑,2032-2038,5.72,哥伦比亚数字孪生工程师：近年增长迅猛,Colombia Digital Twin Engineer: rapid recent growth,AI综合评估 + O*NET/ILO/OECD锚点校准,2026-04-13,2026-04-13,2000-2026
TECH-0508-AU-general,信息技术与数字化,TECH,新兴数字职业,数字孪生工程师,Digital Twin Engineer,2514,15-1252.00,大洋洲,澳大利亚,AU,country,general,本科/硕士,24-30,global,7.4,6.5,7.3,7.6,7.5,4.1,7.5,8.6,10.0,7.8,7.4,9.7,8.0,7.0,6.6,6.3,5.5,1.1,6.5,7.6,7.7,6.9,7.4,7.1,6.5,7.0,6.1,5.9,1.6,1.7,4.1,5.6,9.6,3.6,3,4,↑↑,2032-2038,7.11,澳大利亚数字孪生工程师：薪资回报高，人才需求旺盛，近年增长迅猛,"Australia Digital Twin Engineer: high compensation, strong talent demand, rapid recent growth",AI综合评估 + O*NET/ILO/OECD锚点校准,2026-04-13,2026-04-13,2000-2026
TECH-0508-NZ-general,信息技术与数字化,TECH,新兴数字职业,数字孪生工程师,Digital Twin Engineer,2514,15-1252.00,大洋洲,新西兰,NZ,country,general,本科/硕士,24-30,global,7.3,6.9,6.5,8.0,7.1,1.5,8.3,7.6,8.1,7.8,7.4,9.7,8.5,7.9,7.1,5.9,4.9,1.4,6.4,7.0,7.1,7.2,8.6,6.7,5.9,7.0,6.5,5.2,1.2,1.4,4.1,5.4,8.8,3.8,3,4,↑↑,2032-2038,6.86,新西兰数字孪生工程师：薪资回报高，人才需求旺盛，工作时间规律,"New Zealand Digital Twin Engineer: high compensation, strong talent demand, regular working hours",AI综合评估 + O*NET/ILO/OECD锚点校准,2026-04-13,2026-04-13,2000-2026
TECH-0508-ZA-general,信息技术与数字化,TECH,新兴数字职业,数字孪生工程师,Digital Twin Engineer,2514,15-1252.00,非洲,南非,ZA,country,general,本科/硕士,24-30,global,7.3,6.2,5.9,6.2,6.3,2.3,7.1,6.8,5.1,4.8,5.4,9.5,6.2,5.4,4.8,5.5,4.7,1.5,6.4,5.4,6.2,6.9,5.6,6.1,5.1,3.4,4.9,5.8,1.2,0.7,5.1,4.4,7.4,3.6,3,4,↑↑,2032-2038,5.79,南非数字孪生工程师：近年增长迅猛,South Africa Digital Twin Engineer: rapid recent growth,AI综合评估 + O*NET/ILO/OECD锚点校准,2026-04-13,2026-04-13,2000-2026
TECH-0508-NG-general,信息技术与数字化,TECH,新兴数字职业,数字孪生工程师,Digital Twin Engineer,2514,15-1252.00,非洲,尼日利亚,NG,country,general,本科/硕士,24-30,global,6.5,6.2,5.9,6.2,6.3,1.9,6.3,5.2,3.3,4.6,3.9,9.2,7.0,4.2,3.8,5.1,4.1,2.0,6.1,5.6,4.7,6.4,4.6,6.5,5.5,2.2,5.1,5.3,1.9,0.4,4.5,4.6,6.0,4.0,2,3,↑,2032-2038,5.28,尼日利亚数字孪生工程师：薪资水平偏低，就业波动大,"Nigeria Digital Twin Engineer: relatively low pay, volatile employment",AI综合评估 + O*NET/ILO/OECD锚点校准,2026-04-13,2026-04-13,2000-2026
TECH-0508-KE-general,信息技术与数字化,TECH,新兴数字职业,数字孪生工程师,Digital Twin Engineer,2514,15-1252.00,非洲,肯尼亚,KE,country,general,本科/硕士,24-30,global,7.0,6.5,6.1,7.0,5.9,1.5,6.1,5.6,3.9,4.1,4.6,9.0,6.2,4.4,4.3,5.5,3.7,1.7,6.6,4.8,5.3,5.4,4.4,6.3,5.7,2.2,5.5,5.9,1.6,0.5,5.3,5.0,7.0,4.6,2,3,↑,2032-2038,5.35,肯尼亚数字孪生工程师：薪资水平偏低,Kenya Digital Twin Engineer: relatively low pay,AI综合评估 + O*NET/ILO/OECD锚点校准,2026-04-13,2026-04-13,2000-2026
TECH-0508-EG-general,信息技术与数字化,TECH,新兴数字职业,数字孪生工程师,Digital Twin Engineer,2514,15-1252.00,非洲,埃及,EG,country,general,本科/硕士,24-30,global,7.1,6.3,5.9,6.7,6.1,2.1,6.9,5.4,3.6,4.1,5.1,9.0,6.5,4.7,4.6,5.9,4.1,2.3,6.4,5.4,5.6,6.4,5.4,6.5,5.3,1.6,5.1,5.3,1.6,0.2,5.1,4.6,6.6,3.4,2,3,↑,2032-2038,5.45,埃及数字孪生工程师：薪资水平偏低,Egypt Digital Twin Engineer: relatively low pay,AI综合评估 + O*NET/ILO/OECD锚点校准,2026-04-13,2026-04-13,2000-2026
TECH-0509-CN-general,信息技术与数字化,TECH,新兴数字职业,边缘计算工程师,Edge Computing Engineer,2514,15-1252.00,东亚,中国,CN,country,general,本科/硕士,23-30,global,6.3,6.1,9.1,6.2,8.7,6.2,8.7,8.5,8.8,7.4,5.9,9.7,6.4,1.2,2.6,6.1,5.9,1.1,7.0,7.8,4.0,5.9,3.6,7.6,7.1,3.1,5.6,5.0,1.7,1.3,4.5,4.9,6.0,2.8,3,5,↑↑,2032-2038,6.44,中国边缘计算工程师：薪资回报高，人才需求旺盛，加班文化严重,"China Edge Computing Engineer: high compensation, strong talent demand, heavy overtime culture",AI综合评估 + O*NET/ILO/OECD锚点校准,2026-04-13,2026-04-13,2000-2026
TECH-0509-JP-general,信息技术与数字化,TECH,新兴数字职业,边缘计算工程师,Edge Computing Engineer,2514,15-1252.00,东亚,日本,JP,country,general,本科/硕士,23-30,global,6.8,6.4,8.1,7.1,7.9,5.0,8.1,8.5,9.1,7.1,6.9,9.7,6.9,2.0,3.6,5.7,6.1,1.1,6.2,7.6,5.8,5.2,5.4,7.2,6.3,2.5,5.6,5.1,2.0,1.3,3.5,4.1,6.6,3.6,3,4,↑↑,2032-2038,6.43,日本边缘计算工程师：薪资回报高，人才需求旺盛，加班文化严重,"Japan Edge Computing Engineer: high compensation, strong talent demand, heavy overtime culture",AI综合评估 + O*NET/ILO/OECD锚点校准,2026-04-13,2026-04-13,2000-2026
TECH-0509-KR-general,信息技术与数字化,TECH,新兴数字职业,边缘计算工程师,Edge Computing Engineer,2514,15-1252.00,东亚,韩国,KR,country,general,本科/硕士,23-30,global,6.9,6.4,8.3,6.8,7.9,4.6,8.5,8.5,8.2,7.6,6.1,9.2,6.4,2.2,2.6,6.1,5.7,1.2,6.5,7.4,4.3,6.2,4.9,6.6,6.1,2.2,5.8,5.0,2.0,1.6,4.9,4.9,7.0,3.6,3,4,↑↑,2032-2038,6.27,韩国边缘计算工程师：薪资回报高，人才需求旺盛，加班文化严重,"South Korea Edge Computing Engineer: high compensation, strong talent demand, heavy overtime culture",AI综合评估 + O*NET/ILO/OECD锚点校准,2026-04-13,2026-04-13,2000-2026
TECH-0509-TW-general,信息技术与数字化,TECH,新兴数字职业,边缘计算工程师,Edge Computing Engineer,2514,15-1252.00,东亚,中国台湾地区,TW,region,general,本科/硕士,23-30,global,6.2,5.8,8.5,6.3,6.5,3.4,8.3,8.1,7.9,6.9,5.9,9.7,5.9,3.5,4.6,5.9,4.9,1.1,6.4,7.4,4.6,6.4,4.1,7.0,5.7,5.5,5.6,4.8,2.2,1.1,4.1,4.5,7.2,4.2,3,4,↑↑,2032-2038,6.3,中国台湾地区边缘计算工程师：人才需求旺盛，加班文化严重，近年增长迅猛,"Taiwan (China) Edge Computing Engineer: strong talent demand, heavy overtime culture, rapid recent growth",AI综合评估 + O*NET/ILO/OECD锚点校准,2026-04-13,2026-04-13,2000-2026
TECH-0509-HK-general,信息技术与数字化,TECH,新兴数字职业,边缘计算工程师,Edge Computing Engineer,2514,15-1252.00,东亚,中国香港地区,HK,region,general,本科/硕士,23-30,global,6.3,6.6,7.5,6.5,6.9,3.6,8.1,7.3,10.0,7.1,6.9,9.5,5.7,2.5,3.8,5.9,5.3,1.2,6.5,6.8,5.2,6.2,4.4,6.8,6.1,4.6,5.6,4.7,1.7,1.1,4.7,5.1,9.6,3.6,3,4,↑↑,2032-2038,6.39,中国香港地区边缘计算工程师：薪资回报高，人才需求旺盛，加班文化严重,"Hong Kong (China) Edge Computing Engineer: high compensation, strong talent demand, heavy overtime culture",AI综合评估 + O*NET/ILO/OECD锚点校准,2026-04-13,2026-04-13,2000-2026
TECH-0509-SG-general,信息技术与数字化,TECH,新兴数字职业,边缘计算工程师,Edge Computing Engineer,2514,15-1252.00,东南亚,新加坡,SG,country,general,本科/硕士,23-30,global,6.3,6.3,8.3,7.2,7.7,3.4,8.9,7.9,10.0,8.1,8.4,9.7,6.7,4.2,4.8,6.5,5.1,1.2,6.9,8.6,5.8,5.9,5.1,7.2,5.9,5.2,5.8,5.3,1.6,1.7,3.9,4.9,10.0,3.8,3,5,↑↑,2032-2038,6.9,新加坡边缘计算工程师：薪资回报高，人才需求旺盛，就业稳定,"Singapore Edge Computing Engineer: high compensation, strong talent demand, stable employment",AI综合评估 + O*NET/ILO/OECD锚点校准,2026-04-13,2026-04-13,2000-2026
TECH-0509-TH-general,信息技术与数字化,TECH,新兴数字职业,边缘计算工程师,Edge Computing Engineer,2514,15-1252.00,东南亚,泰国,TH,country,general,本科/硕士,23-30,global,6.8,6.0,6.7,6.0,6.1,2.4,6.3,6.7,4.3,5.4,6.1,9.7,6.4,4.7,5.8,6.3,4.7,1.7,6.1,5.0,5.5,6.7,4.6,6.8,6.3,5.2,5.2,4.7,2.3,0.5,5.1,4.7,6.0,3.2,3,4,↑↑,2032-2038,5.78,泰国边缘计算工程师：薪资水平偏低，近年增长迅猛,"Thailand Edge Computing Engineer: relatively low pay, rapid recent growth",AI综合评估 + O*NET/ILO/OECD锚点校准,2026-04-13,2026-04-13,2000-2026
TECH-0509-VN-general,信息技术与数字化,TECH,新兴数字职业,边缘计算工程师,Edge Computing Engineer,2514,15-1252.00,东南亚,越南,VN,country,general,本科/硕士,23-30,global,6.2,6.0,6.7,6.5,6.3,3.2,7.1,6.5,4.9,5.4,5.4,9.5,6.4,3.7,4.1,5.5,5.3,1.8,6.5,6.2,5.8,6.7,5.1,6.0,5.9,3.7,5.2,5.1,1.7,1.0,4.5,4.5,7.2,3.2,3,4,↑↑,2032-2038,5.83,越南边缘计算工程师：近年增长迅猛,Vietnam Edge Computing Engineer: rapid recent growth,AI综合评估 + O*NET/ILO/OECD锚点校准,2026-04-13,2026-04-13,2000-2026
TECH-0509-ID-general,信息技术与数字化,TECH,新兴数字职业,边缘计算工程师,Edge Computing Engineer,2514,15-1252.00,东南亚,印度尼西亚,ID,country,general,本科/硕士,23-30,global,6.5,5.8,6.5,6.0,5.7,4.2,6.5,6.9,4.6,5.4,5.4,9.2,6.7,4.7,5.3,6.1,4.9,1.8,6.6,5.2,5.2,6.9,5.6,5.6,5.5,3.4,5.6,5.3,2.2,0.4,4.9,4.5,5.6,3.4,3,4,↑↑,2032-2038,5.76,印度尼西亚边缘计算工程师：近年增长迅猛,Indonesia Edge Computing Engineer: rapid recent growth,AI综合评估 + O*NET/ILO/OECD锚点校准,2026-04-13,2026-04-13,2000-2026
TECH-0509-MY-general,信息技术与数字化,TECH,新兴数字职业,边缘计算工程师,Edge Computing Engineer,2514,15-1252.00,东南亚,马来西亚,MY,country,general,本科/硕士,23-30,global,6.9,6.3,7.1,6.6,5.5,2.8,7.9,6.5,6.4,6.1,6.4,9.7,6.7,5.2,4.3,5.5,4.5,1.5,6.5,6.0,4.6,5.7,5.6,6.8,5.7,4.6,4.8,5.4,1.7,1.1,4.3,4.7,7.4,4.2,3,4,↑↑,2032-2038,5.99,马来西亚边缘计算工程师：人才需求旺盛，近年增长迅猛,"Malaysia Edge Computing Engineer: strong talent demand, rapid recent growth",AI综合评估 + O*NET/ILO/OECD锚点校准,2026-04-13,2026-04-13,2000-2026
TECH-0509-PH-general,信息技术与数字化,TECH,新兴数字职业,边缘计算工程师,Edge Computing Engineer,2514,15-1252.00,东南亚,菲律宾,PH,country,general,本科/硕士,23-30,global,6.5,6.3,5.9,6.3,5.3,3.6,6.7,6.9,3.7,5.1,4.9,9.5,7.2,4.2,5.1,5.7,5.1,1.7,6.2,5.6,6.4,5.4,5.4,6.8,5.9,4.9,4.8,4.7,2.2,1.1,4.3,4.7,7.8,3.4,3,4,↑↑,2032-2038,5.73,菲律宾边缘计算工程师：薪资水平偏低，近年增长迅猛,"Philippines Edge Computing Engineer: relatively low pay, rapid recent growth",AI综合评估 + O*NET/ILO/OECD锚点校准,2026-04-13,2026-04-13,2000-2026
TECH-0509-IN-general,信息技术与数字化,TECH,新兴数字职业,边缘计算工程师,Edge Computing Engineer,2514,15-1252.00,南亚,印度,IN,country,general,本科/硕士,23-30,global,6.9,5.7,8.5,6.2,8.1,6.0,8.3,8.5,7.0,6.9,4.6,9.5,5.7,3.7,4.1,6.9,5.7,1.1,6.8,6.2,7.3,5.9,4.6,6.6,5.9,3.1,4.8,4.6,1.6,0.5,4.5,5.5,8.4,3.2,3,4,↑↑,2032-2038,6.41,印度边缘计算工程师：人才需求旺盛，近年增长迅猛,"India Edge Computing Engineer: strong talent demand, rapid recent growth",AI综合评估 + O*NET/ILO/OECD锚点校准,2026-04-13,2026-04-13,2000-2026
TECH-0509-PK-general,信息技术与数字化,TECH,新兴数字职业,边缘计算工程师,Edge Computing Engineer,2514,15-1252.00,南亚,巴基斯坦,PK,country,general,本科/硕士,23-30,global,6.6,5.4,5.7,5.6,5.1,2.6,6.5,4.7,3.4,3.9,4.6,9.5,6.7,4.0,4.3,5.9,4.3,1.8,6.2,5.6,6.4,6.4,4.1,5.8,5.7,0.7,5.2,4.8,1.7,0.8,5.5,4.7,6.8,4.4,2,3,↑,2032-2038,5.28,巴基斯坦边缘计算工程师：薪资水平偏低,Pakistan Edge Computing Engineer: relatively low pay,AI综合评估 + O*NET/ILO/OECD锚点校准,2026-04-13,2026-04-13,2000-2026
TECH-0509-BD-general,信息技术与数字化,TECH,新兴数字职业,边缘计算工程师,Edge Computing Engineer,2514,15-1252.00,南亚,孟加拉国,BD,country,general,本科/硕士,23-30,global,6.5,5.2,5.3,5.7,4.7,2.0,6.1,4.5,3.7,3.1,3.9,9.5,6.7,4.5,4.3,4.7,4.7,2.0,6.6,4.0,5.5,5.9,4.1,6.2,5.5,1.0,4.8,4.7,2.2,0.8,5.1,4.5,6.6,3.4,2,3,↑,2032-2038,5.11,孟加拉国边缘计算工程师：薪资水平偏低，就业波动大,"Bangladesh Edge Computing Engineer: relatively low pay, volatile employment",AI综合评估 + O*NET/ILO/OECD锚点校准,2026-04-13,2026-04-13,2000-2026
TECH-0509-AE-general,信息技术与数字化,TECH,新兴数字职业,边缘计算工程师,Edge Computing Engineer,2514,15-1252.00,中亚/西亚,阿联酋,AE,country,general,本科/硕士,23-30,global,6.2,6.0,6.9,7.4,6.9,3.4,8.1,8.5,10.0,7.9,7.1,10.0,5.9,5.2,5.1,5.9,4.3,1.2,6.6,7.8,4.6,6.7,5.9,7.2,5.5,3.4,5.4,5.0,1.7,1.3,3.9,4.3,9.4,3.8,3,4,↑↑,2032-2038,6.65,阿联酋边缘计算工程师：薪资回报高，人才需求旺盛，近年增长迅猛,"United Arab Emirates Edge Computing Engineer: high compensation, strong talent demand, rapid recent growth",AI综合评估 + O*NET/ILO/OECD锚点校准,2026-04-13,2026-04-13,2000-2026
TECH-0509-IL-general,信息技术与数字化,TECH,新兴数字职业,边缘计算工程师,Edge Computing Engineer,2514,15-1252.00,中亚/西亚,以色列,IL,country,general,本科/硕士,23-30,global,6.6,6.6,7.7,6.2,7.7,4.2,8.5,8.5,10.0,9.4,5.1,9.5,6.9,4.2,5.3,7.3,5.7,1.1,6.4,8.4,7.3,7.2,6.4,7.8,5.7,6.4,6.0,5.0,2.0,1.3,4.7,5.1,8.2,4.0,3,5,↑↑,2032-2038,6.89,以色列边缘计算工程师：薪资回报高，人才需求旺盛，近年增长迅猛,"Israel Edge Computing Engineer: high compensation, strong talent demand, rapid recent growth",AI综合评估 + O*NET/ILO/OECD锚点校准,2026-04-13,2026-04-13,2000-2026
TECH-0509-SA-general,信息技术与数字化,TECH,新兴数字职业,边缘计算工程师,Edge Computing Engineer,2514,15-1252.00,中亚/西亚,沙特阿拉伯,SA,country,general,本科/硕士,23-30,global,6.2,5.7,6.9,6.6,5.9,3.4,7.3,6.3,9.1,7.6,5.9,9.5,7.2,4.5,4.1,6.1,5.3,1.7,6.6,6.4,4.3,6.4,5.9,6.2,5.3,2.5,4.6,5.3,1.7,1.3,4.3,4.1,6.6,4.2,3,4,↑↑,2032-2038,6.12,沙特阿拉伯边缘计算工程师：薪资回报高，近年增长迅猛,"Saudi Arabia Edge Computing Engineer: high compensation, rapid recent growth",AI综合评估 + O*NET/ILO/OECD锚点校准,2026-04-13,2026-04-13,2000-2026
TECH-0509-TR-general,信息技术与数字化,TECH,新兴数字职业,边缘计算工程师,Edge Computing Engineer,2514,15-1252.00,中亚/西亚,土耳其,TR,country,general,本科/硕士,23-30,global,6.9,6.0,7.1,5.7,7.1,3.8,6.9,7.3,5.8,6.1,5.1,9.0,7.2,3.7,3.6,5.5,5.7,1.4,6.0,6.4,4.9,6.7,4.6,6.6,6.3,2.8,5.0,5.3,2.0,0.8,4.7,4.5,6.2,4.2,3,4,↑↑,2032-2038,5.83,土耳其边缘计算工程师：近年增长迅猛,Turkey Edge Computing Engineer: rapid recent growth,AI综合评估 + O*NET/ILO/OECD锚点校准,2026-04-13,2026-04-13,2000-2026
TECH-0509-GB-general,信息技术与数字化,TECH,新兴数字职业,边缘计算工程师,Edge Computing Engineer,2514,15-1252.00,西欧,英国,GB,country,general,本科/硕士,23-30,global,6.6,6.4,7.9,7.1,7.9,4.2,8.9,8.3,10.0,8.4,6.1,9.2,7.4,6.2,5.3,6.9,5.3,1.1,6.4,7.8,8.8,7.7,7.4,6.6,6.5,7.0,6.4,4.8,2.2,1.4,4.1,5.1,9.8,3.0,3,5,↑↑,2032-2038,7.13,英国边缘计算工程师：薪资回报高，人才需求旺盛，远程友好度高,"United Kingdom Edge Computing Engineer: high compensation, strong talent demand, highly remote-friendly",AI综合评估 + O*NET/ILO/OECD锚点校准,2026-04-13,2026-04-13,2000-2026
TECH-0509-FR-general,信息技术与数字化,TECH,新兴数字职业,边缘计算工程师,Edge Computing Engineer,2514,15-1252.00,西欧,法国,FR,country,general,本科/硕士,23-30,global,6.6,6.6,7.7,6.8,7.5,4.6,8.1,8.5,8.5,6.6,6.4,9.7,7.7,7.5,7.1,6.3,5.3,1.2,6.6,7.2,6.7,7.7,8.4,7.2,6.9,5.5,6.6,5.1,1.7,1.7,4.3,4.7,9.0,3.8,3,4,↑↑,2032-2038,6.95,法国边缘计算工程师：薪资回报高，人才需求旺盛，工作时间规律,"France Edge Computing Engineer: high compensation, strong talent demand, regular working hours",AI综合评估 + O*NET/ILO/OECD锚点校准,2026-04-13,2026-04-13,2000-2026
TECH-0509-DE-general,信息技术与数字化,TECH,新兴数字职业,边缘计算工程师,Edge Computing Engineer,2514,15-1252.00,西欧,德国,DE,country,general,本科/硕士,23-30,global,6.5,6.1,7.9,6.6,8.1,4.8,8.5,8.1,9.4,8.6,8.4,9.7,7.7,7.7,6.1,6.7,6.1,0.9,6.6,7.2,5.5,6.9,8.4,7.4,7.1,5.8,5.8,5.4,1.9,1.3,4.1,5.5,8.0,3.8,3,4,↑↑,2032-2038,7.16,德国边缘计算工程师：薪资回报高，人才需求旺盛，工作时间规律,"Germany Edge Computing Engineer: high compensation, strong talent demand, regular working hours",AI综合评估 + O*NET/ILO/OECD锚点校准,2026-04-13,2026-04-13,2000-2026
TECH-0509-NL-general,信息技术与数字化,TECH,新兴数字职业,边缘计算工程师,Edge Computing Engineer,2514,15-1252.00,西欧,荷兰,NL,country,general,本科/硕士,23-30,global,7.1,6.0,7.7,7.4,6.9,3.4,8.5,7.9,9.4,8.6,7.9,9.5,7.9,8.2,6.6,6.7,5.3,0.9,6.4,8.0,7.6,7.7,8.1,7.4,6.5,7.9,7.0,5.4,1.9,1.3,4.1,5.7,9.2,3.6,3,4,↑↑,2032-2038,7.27,荷兰边缘计算工程师：薪资回报高，人才需求旺盛，工作时间规律,"Netherlands Edge Computing Engineer: high compensation, strong talent demand, regular working hours",AI综合评估 + O*NET/ILO/OECD锚点校准,2026-04-13,2026-04-13,2000-2026
TECH-0509-CH-general,信息技术与数字化,TECH,新兴数字职业,边缘计算工程师,Edge Computing Engineer,2514,15-1252.00,西欧,瑞士,CH,country,general,本科/硕士,23-30,global,6.9,6.4,7.1,7.5,7.1,3.4,7.9,8.5,10.0,8.9,8.4,9.7,7.7,7.0,5.6,5.9,5.5,0.8,6.6,8.6,5.8,6.9,7.6,6.8,6.1,6.7,6.4,5.0,1.7,1.1,4.1,5.7,9.2,3.6,3,4,↑↑,2032-2038,7.1,瑞士边缘计算工程师：薪资回报高，人才需求旺盛，就业稳定,"Switzerland Edge Computing Engineer: high compensation, strong talent demand, stable employment",AI综合评估 + O*NET/ILO/OECD锚点校准,2026-04-13,2026-04-13,2000-2026
TECH-0509-SE-general,信息技术与数字化,TECH,新兴数字职业,边缘计算工程师,Edge Computing Engineer,2514,15-1252.00,北欧,瑞典,SE,country,general,本科/硕士,23-30,global,6.8,6.0,7.9,6.8,7.5,3.2,8.9,8.5,9.1,7.9,7.6,9.7,7.9,9.7,7.3,6.1,5.1,1.1,6.4,7.8,7.6,7.4,9.4,7.6,5.7,8.8,5.8,4.7,2.2,1.4,3.3,5.9,9.2,3.4,3,4,↑↑,2032-2038,7.31,瑞典边缘计算工程师：薪资回报高，人才需求旺盛，工作时间规律,"Sweden Edge Computing Engineer: high compensation, strong talent demand, regular working hours",AI综合评估 + O*NET/ILO/OECD锚点校准,2026-04-13,2026-04-13,2000-2026
TECH-0509-DK-general,信息技术与数字化,TECH,新兴数字职业,边缘计算工程师,Edge Computing Engineer,2514,15-1252.00,北欧,丹麦,DK,country,general,本科/硕士,23-30,global,7.1,6.0,7.3,7.2,7.1,2.8,7.7,7.7,10.0,7.6,7.6,9.7,8.2,9.5,7.1,6.7,5.3,0.8,7.0,7.4,7.9,7.7,8.9,6.2,6.1,9.4,6.6,4.8,1.9,1.0,3.7,4.9,9.4,3.2,3,4,↑↑,2032-2038,7.28,丹麦边缘计算工程师：薪资回报高，人才需求旺盛，工作时间规律,"Denmark Edge Computing Engineer: high compensation, strong talent demand, regular working hours",AI综合评估 + O*NET/ILO/OECD锚点校准,2026-04-13,2026-04-13,2000-2026
TECH-0509-FI-general,信息技术与数字化,TECH,新兴数字职业,边缘计算工程师,Edge Computing Engineer,2514,15-1252.00,北欧,芬兰,FI,country,general,本科/硕士,23-30,global,6.9,5.8,7.3,7.1,6.1,2.8,8.5,8.7,9.4,7.1,7.6,9.7,8.7,8.5,6.8,6.7,4.7,1.4,6.6,7.0,8.8,7.9,9.1,6.4,5.9,9.4,7.0,4.6,1.9,1.0,4.5,5.5,8.6,3.8,3,4,↑↑,2032-2038,7.16,芬兰边缘计算工程师：薪资回报高，人才需求旺盛，远程友好度高,"Finland Edge Computing Engineer: high compensation, strong talent demand, highly remote-friendly",AI综合评估 + O*NET/ILO/OECD锚点校准,2026-04-13,2026-04-13,2000-2026
TECH-0509-IT-general,信息技术与数字化,TECH,新兴数字职业,边缘计算工程师,Edge Computing Engineer,2514,15-1252.00,南欧,意大利,IT,country,general,本科/硕士,23-30,global,6.6,5.8,6.7,6.6,6.3,4.2,7.7,6.7,8.2,6.1,5.4,9.7,6.7,6.0,5.3,5.7,5.3,1.7,6.9,6.0,5.2,5.9,6.4,6.6,5.7,4.0,5.4,4.8,2.0,1.1,4.7,4.9,7.0,3.2,3,4,↑↑,2032-2038,6.23,意大利边缘计算工程师：薪资回报高，人才需求旺盛，近年增长迅猛,"Italy Edge Computing Engineer: high compensation, strong talent demand, rapid recent growth",AI综合评估 + O*NET/ILO/OECD锚点校准,2026-04-13,2026-04-13,2000-2026
TECH-0509-ES-general,信息技术与数字化,TECH,新兴数字职业,边缘计算工程师,Edge Computing Engineer,2514,15-1252.00,南欧,西班牙,ES,country,general,本科/硕士,23-30,global,6.9,6.3,6.5,6.5,6.7,2.8,7.5,6.9,7.0,6.4,5.1,9.5,7.9,5.5,5.6,5.9,4.9,1.2,6.5,6.4,6.1,6.2,6.9,6.2,6.3,4.9,6.2,4.7,2.5,1.6,4.5,5.5,8.2,3.8,3,4,↑↑,2032-2038,6.25,西班牙边缘计算工程师：人才需求旺盛，近年增长迅猛,"Spain Edge Computing Engineer: strong talent demand, rapid recent growth",AI综合评估 + O*NET/ILO/OECD锚点校准,2026-04-13,2026-04-13,2000-2026
TECH-0509-PT-general,信息技术与数字化,TECH,新兴数字职业,边缘计算工程师,Edge Computing Engineer,2514,15-1252.00,南欧,葡萄牙,PT,country,general,本科/硕士,23-30,global,6.2,5.8,6.5,6.5,6.1,2.2,7.5,7.1,6.4,5.9,6.6,9.2,8.2,5.5,6.3,6.1,4.9,1.4,6.8,6.6,7.6,7.4,7.6,6.0,5.7,6.7,5.4,5.1,1.7,1.0,4.9,4.7,7.8,3.2,3,4,↑↑,2032-2038,6.42,葡萄牙边缘计算工程师：人才需求旺盛，近年增长迅猛,"Portugal Edge Computing Engineer: strong talent demand, rapid recent growth",AI综合评估 + O*NET/ILO/OECD锚点校准,2026-04-13,2026-04-13,2000-2026
TECH-0509-PL-general,信息技术与数字化,TECH,新兴数字职业,边缘计算工程师,Edge Computing Engineer,2514,15-1252.00,东欧,波兰,PL,country,general,本科/硕士,23-30,global,6.8,5.7,7.9,6.5,6.9,3.8,8.3,6.9,7.9,7.1,7.4,9.5,6.9,5.5,6.3,6.5,4.7,1.8,6.2,7.4,7.9,7.7,6.4,6.6,6.7,4.6,5.8,5.3,1.9,1.4,3.9,5.3,8.8,3.4,3,4,↑↑,2032-2038,6.68,波兰边缘计算工程师：人才需求旺盛，近年增长迅猛,"Poland Edge Computing Engineer: strong talent demand, rapid recent growth",AI综合评估 + O*NET/ILO/OECD锚点校准,2026-04-13,2026-04-13,2000-2026
TECH-0509-CZ-general,信息技术与数字化,TECH,新兴数字职业,边缘计算工程师,Edge Computing Engineer,2514,15-1252.00,东欧,捷克,CZ,country,general,本科/硕士,23-30,global,6.5,6.0,6.9,6.8,6.3,2.8,7.9,6.7,7.3,7.1,6.4,10.0,8.2,7.5,6.6,5.9,5.3,1.4,6.8,6.6,6.1,7.7,7.6,6.6,5.5,4.6,5.6,5.1,1.7,1.0,3.9,5.5,8.4,3.2,3,4,↑↑,2032-2038,6.62,捷克边缘计算工程师：人才需求旺盛，工作时间规律，近年增长迅猛,"Czech Republic Edge Computing Engineer: strong talent demand, regular working hours, rapid recent growth",AI综合评估 + O*NET/ILO/OECD锚点校准,2026-04-13,2026-04-13,2000-2026
TECH-0509-RU-general,信息技术与数字化,TECH,新兴数字职业,边缘计算工程师,Edge Computing Engineer,2514,15-1252.00,东欧,俄罗斯,RU,country,general,本科/硕士,23-30,global,6.8,6.3,7.9,6.0,6.9,4.0,8.3,6.7,5.8,6.1,4.6,9.5,6.2,4.7,5.8,6.5,5.5,1.2,6.6,7.2,6.7,6.2,5.1,6.2,5.3,5.2,5.4,5.0,2.5,0.5,5.5,5.5,5.6,4.2,3,4,↑↑,2032-2038,6.12,俄罗斯边缘计算工程师：人才需求旺盛，近年增长迅猛,"Russia Edge Computing Engineer: strong talent demand, rapid recent growth",AI综合评估 + O*NET/ILO/OECD锚点校准,2026-04-13,2026-04-13,2000-2026
TECH-0509-US-general,信息技术与数字化,TECH,新兴数字职业,边缘计算工程师,Edge Computing Engineer,2514,15-1252.00,北美,美国,US,country,general,本科/硕士,23-30,global,6.6,6.6,8.5,6.5,9.1,5.6,9.5,7.7,10.0,9.4,5.1,9.7,6.9,5.0,4.8,6.9,6.3,1.2,7.1,8.2,9.1,7.2,5.6,7.0,7.3,6.7,5.6,5.0,2.0,0.8,4.9,5.7,9.6,2.8,3,5,↑↑,2032-2038,7.18,美国边缘计算工程师：薪资回报高，人才需求旺盛，远程友好度高,"United States Edge Computing Engineer: high compensation, strong talent demand, highly remote-friendly",AI综合评估 + O*NET/ILO/OECD锚点校准,2026-04-13,2026-04-13,2000-2026
TECH-0509-CA-general,信息技术与数字化,TECH,新兴数字职业,边缘计算工程师,Edge Computing Engineer,2514,15-1252.00,北美,加拿大,CA,country,general,本科/硕士,23-30,global,7.2,6.0,7.9,7.1,7.7,4.4,8.3,8.9,10.0,8.4,6.9,9.5,8.2,6.7,6.1,6.3,5.9,0.9,6.9,8.0,7.6,6.7,7.9,7.4,6.5,8.2,6.6,4.7,1.9,1.4,4.5,5.9,9.2,4.0,3,5,↑↑,2032-2038,7.24,加拿大边缘计算工程师：薪资回报高，人才需求旺盛，近年增长迅猛,"Canada Edge Computing Engineer: high compensation, strong talent demand, rapid recent growth",AI综合评估 + O*NET/ILO/OECD锚点校准,2026-04-13,2026-04-13,2000-2026
TECH-0509-MX-general,信息技术与数字化,TECH,新兴数字职业,边缘计算工程师,Edge Computing Engineer,2514,15-1252.00,北美,墨西哥,MX,country,general,本科/硕士,23-30,global,6.8,5.5,6.3,5.7,6.9,4.0,6.7,6.5,6.1,5.9,4.9,9.5,6.9,3.7,3.6,5.9,4.5,1.8,6.5,5.6,4.9,6.7,5.1,6.6,6.3,2.8,5.4,4.8,2.3,0.7,5.3,5.5,6.6,4.0,3,4,↑↑,2032-2038,5.78,墨西哥边缘计算工程师：近年增长迅猛,Mexico Edge Computing Engineer: rapid recent growth,AI综合评估 + O*NET/ILO/OECD锚点校准,2026-04-13,2026-04-13,2000-2026
TECH-0509-BR-general,信息技术与数字化,TECH,新兴数字职业,边缘计算工程师,Edge Computing Engineer,2514,15-1252.00,南美,巴西,BR,country,general,本科/硕士,23-30,global,6.9,5.7,6.9,6.3,7.1,5.0,7.7,6.3,7.0,5.9,4.6,9.5,6.2,5.5,4.8,6.3,4.9,1.7,6.1,6.8,7.0,6.7,6.6,6.8,5.9,3.7,5.2,4.7,2.5,1.0,4.3,4.9,6.0,3.6,3,4,↑↑,2032-2038,6.13,巴西边缘计算工程师：人才需求旺盛，近年增长迅猛,"Brazil Edge Computing Engineer: strong talent demand, rapid recent growth",AI综合评估 + O*NET/ILO/OECD锚点校准,2026-04-13,2026-04-13,2000-2026
TECH-0509-AR-general,信息技术与数字化,TECH,新兴数字职业,边缘计算工程师,Edge Computing Engineer,2514,15-1252.00,南美,阿根廷,AR,country,general,本科/硕士,23-30,global,6.3,6.3,6.3,6.0,5.7,2.8,7.7,6.5,4.3,5.6,4.9,9.0,6.4,4.2,5.6,5.5,4.3,1.4,6.2,6.2,7.3,6.7,5.4,6.4,5.7,4.0,4.6,5.3,1.9,1.0,4.9,5.3,7.0,3.4,3,4,↑↑,2032-2038,5.82,阿根廷边缘计算工程师：薪资水平偏低，人才需求旺盛，近年增长迅猛,"Argentina Edge Computing Engineer: relatively low pay, strong talent demand, rapid recent growth",AI综合评估 + O*NET/ILO/OECD锚点校准,2026-04-13,2026-04-13,2000-2026
TECH-0509-CL-general,信息技术与数字化,TECH,新兴数字职业,边缘计算工程师,Edge Computing Engineer,2514,15-1252.00,南美,智利,CL,country,general,本科/硕士,23-30,global,6.3,5.7,5.9,6.6,5.1,2.6,6.5,6.5,7.0,5.9,5.6,9.7,7.2,5.2,4.6,5.3,4.9,1.8,6.0,6.2,4.9,5.9,5.4,6.6,6.1,4.3,5.0,4.7,2.2,1.0,5.1,5.5,6.6,3.4,3,4,↑↑,2032-2038,5.86,智利边缘计算工程师：近年增长迅猛,Chile Edge Computing Engineer: rapid recent growth,AI综合评估 + O*NET/ILO/OECD锚点校准,2026-04-13,2026-04-13,2000-2026
TECH-0509-CO-general,信息技术与数字化,TECH,新兴数字职业,边缘计算工程师,Edge Computing Engineer,2514,15-1252.00,南美,哥伦比亚,CO,country,general,本科/硕士,23-30,global,6.8,5.7,6.3,6.6,5.3,2.4,7.1,6.9,4.3,4.9,5.9,9.5,6.9,4.2,5.1,5.9,4.5,1.2,6.5,5.4,5.5,5.9,4.9,5.6,5.5,4.0,5.2,5.1,1.9,0.4,4.9,4.7,5.8,4.2,3,4,↑↑,2032-2038,5.7,哥伦比亚边缘计算工程师：薪资水平偏低，近年增长迅猛,"Colombia Edge Computing Engineer: relatively low pay, rapid recent growth",AI综合评估 + O*NET/ILO/OECD锚点校准,2026-04-13,2026-04-13,2000-2026
TECH-0509-AU-general,信息技术与数字化,TECH,新兴数字职业,边缘计算工程师,Edge Computing Engineer,2514,15-1252.00,大洋洲,澳大利亚,AU,country,general,本科/硕士,23-30,global,6.6,6.4,7.3,7.2,7.5,4.6,7.9,8.5,10.0,7.4,8.4,10.0,8.4,7.0,6.6,6.3,5.9,1.1,6.8,7.2,7.0,6.7,7.6,6.8,6.5,6.7,6.0,5.0,1.6,1.1,3.7,5.7,9.4,2.8,3,4,↑↑,2032-2038,7.18,澳大利亚边缘计算工程师：薪资回报高，人才需求旺盛，就业稳定,"Australia Edge Computing Engineer: high compensation, strong talent demand, stable employment",AI综合评估 + O*NET/ILO/OECD锚点校准,2026-04-13,2026-04-13,2000-2026
TECH-0509-NZ-general,信息技术与数字化,TECH,新兴数字职业,边缘计算工程师,Edge Computing Engineer,2514,15-1252.00,大洋洲,新西兰,NZ,country,general,本科/硕士,23-30,global,6.6,6.1,7.1,7.2,6.5,3.2,8.1,7.1,8.8,7.1,8.1,10.0,8.2,8.0,6.1,6.5,5.1,1.7,6.2,7.0,7.9,6.9,7.9,6.8,6.3,8.2,6.4,5.4,2.3,0.8,3.9,4.7,9.0,4.0,3,4,↑↑,2032-2038,6.93,新西兰边缘计算工程师：薪资回报高，人才需求旺盛，工作时间规律,"New Zealand Edge Computing Engineer: high compensation, strong talent demand, regular working hours",AI综合评估 + O*NET/ILO/OECD锚点校准,2026-04-13,2026-04-13,2000-2026
TECH-0509-ZA-general,信息技术与数字化,TECH,新兴数字职业,边缘计算工程师,Edge Computing Engineer,2514,15-1252.00,非洲,南非,ZA,country,general,本科/硕士,23-30,global,6.6,6.3,5.9,6.3,5.7,2.0,6.9,6.3,4.9,5.9,4.6,9.7,7.2,5.0,4.8,6.1,4.1,1.5,6.6,5.6,4.6,6.7,6.1,5.6,5.9,3.4,5.8,5.4,2.0,0.4,5.1,5.1,6.6,3.8,3,4,↑↑,2032-2038,5.74,南非边缘计算工程师：近年增长迅猛,South Africa Edge Computing Engineer: rapid recent growth,AI综合评估 + O*NET/ILO/OECD锚点校准,2026-04-13,2026-04-13,2000-2026
TECH-0509-NG-general,信息技术与数字化,TECH,新兴数字职业,边缘计算工程师,Edge Computing Engineer,2514,15-1252.00,非洲,尼日利亚,NG,country,general,本科/硕士,23-30,global,6.3,5.8,6.1,5.6,4.9,3.2,5.9,5.1,3.1,4.6,3.9,9.0,6.4,4.5,3.8,5.7,4.3,1.8,6.0,4.6,5.5,6.2,3.9,5.4,4.9,2.5,4.6,4.7,1.9,0.4,5.3,4.3,7.0,3.6,2,3,↑,2032-2038,5.19,尼日利亚边缘计算工程师：薪资水平偏低，就业波动大,"Nigeria Edge Computing Engineer: relatively low pay, volatile employment",AI综合评估 + O*NET/ILO/OECD锚点校准,2026-04-13,2026-04-13,2000-2026
TECH-0509-KE-general,信息技术与数字化,TECH,新兴数字职业,边缘计算工程师,Edge Computing Engineer,2514,15-1252.00,非洲,肯尼亚,KE,country,general,本科/硕士,23-30,global,6.2,6.0,6.5,5.6,5.5,1.6,6.3,5.1,2.8,3.6,4.9,9.2,5.9,4.5,4.6,5.3,4.3,1.8,6.2,5.2,4.6,5.4,4.9,5.6,5.5,2.5,4.6,4.7,2.3,0.8,4.5,5.3,7.0,4.0,2,3,↑,2032-2038,5.24,肯尼亚边缘计算工程师：薪资水平偏低,Kenya Edge Computing Engineer: relatively low pay,AI综合评估 + O*NET/ILO/OECD锚点校准,2026-04-13,2026-04-13,2000-2026
TECH-0509-EG-general,信息技术与数字化,TECH,新兴数字职业,边缘计算工程师,Edge Computing Engineer,2514,15-1252.00,非洲,埃及,EG,country,general,本科/硕士,23-30,global,6.8,5.5,6.3,6.2,6.3,3.4,6.3,5.5,3.7,4.4,4.9,9.2,7.2,4.0,4.1,5.7,4.5,1.8,6.2,4.8,4.9,5.4,5.4,6.0,5.5,0.4,4.6,5.1,2.0,0.5,4.7,4.9,6.0,3.6,2,3,↑,2032-2038,5.38,埃及边缘计算工程师：薪资水平偏低,Egypt Edge Computing Engineer: relatively low pay,AI综合评估 + O*NET/ILO/OECD锚点校准,2026-04-13,2026-04-13,2000-2026
TECH-0510-CN-general,信息技术与数字化,TECH,新兴数字职业,Web3开发工程师,Web3 Developer,2514,15-1252.00,东亚,中国,CN,country,general,本科/自学,22-30,global,6.3,5.0,7.4,4.2,9.2,5.5,8.1,7.0,9.6,6.9,2.1,9.7,6.4,1.0,2.3,6.6,6.3,3.9,5.5,6.4,7.6,6.5,3.9,6.6,9.6,4.0,6.0,5.4,0.8,0.4,8.6,7.2,6.8,1.9,2,0,→,2028-2033,6.07,中国Web3开发工程师：薪资回报高，人才需求旺盛，加班文化严重,"China Web3 Developer: high compensation, strong talent demand, heavy overtime culture",AI综合评估 + O*NET/ILO/OECD锚点校准,2026-04-13,2026-04-13,2000-2026
TECH-0510-JP-general,信息技术与数字化,TECH,新兴数字职业,Web3开发工程师,Web3 Developer,2514,15-1252.00,东亚,日本,JP,country,general,本科/自学,22-30,global,6.3,5.1,7.0,4.9,7.8,4.1,6.7,7.0,8.1,6.7,4.4,9.5,7.1,2.2,3.0,6.2,5.5,4.2,5.0,6.4,8.5,7.7,3.7,5.8,10.0,3.4,6.4,5.7,0.8,1.1,8.4,6.8,6.6,1.9,2,-1,→,2028-2033,5.95,日本Web3开发工程师：薪资回报高，远程友好度高，加班文化严重,"Japan Web3 Developer: high compensation, highly remote-friendly, heavy overtime culture",AI综合评估 + O*NET/ILO/OECD锚点校准,2026-04-13,2026-04-13,2000-2026
TECH-0510-KR-general,信息技术与数字化,TECH,新兴数字职业,Web3开发工程师,Web3 Developer,2514,15-1252.00,东亚,韩国,KR,country,general,本科/自学,22-30,global,6.6,5.4,6.8,4.3,7.6,3.5,7.3,8.0,8.4,6.9,3.1,9.5,6.9,2.2,4.0,5.8,5.5,4.1,4.7,6.8,7.6,8.0,3.9,7.0,9.8,3.4,5.4,5.4,0.9,0.2,8.6,7.6,7.6,2.5,2,-1,→,2028-2033,5.98,韩国Web3开发工程师：薪资回报高，加班文化严重，就业波动大,"South Korea Web3 Developer: high compensation, heavy overtime culture, volatile employment",AI综合评估 + O*NET/ILO/OECD锚点校准,2026-04-13,2026-04-13,2000-2026
TECH-0510-TW-general,信息技术与数字化,TECH,新兴数字职业,Web3开发工程师,Web3 Developer,2514,15-1252.00,东亚,中国台湾地区,TW,region,general,本科/自学,22-30,global,5.7,4.8,6.6,5.1,7.6,3.7,6.9,7.6,7.2,6.9,2.6,9.7,5.6,3.2,4.8,6.2,5.1,4.4,5.4,6.2,8.8,7.5,4.4,6.2,9.6,4.3,5.8,5.2,0.3,0.7,8.2,7.8,7.8,1.7,2,-1,→,2028-2033,6.03,中国台湾地区Web3开发工程师：远程友好度高，加班文化严重，就业波动大,"Taiwan (China) Web3 Developer: highly remote-friendly, heavy overtime culture, volatile employment",AI综合评估 + O*NET/ILO/OECD锚点校准,2026-04-13,2026-04-13,2000-2026
TECH-0510-HK-general,信息技术与数字化,TECH,新兴数字职业,Web3开发工程师,Web3 Developer,2514,15-1252.00,东亚,中国香港地区,HK,region,general,本科/自学,22-30,global,5.7,4.7,5.8,4.8,6.4,3.1,6.9,5.2,8.4,6.4,3.1,9.2,5.9,2.5,4.3,6.2,4.7,4.2,4.9,6.2,10.0,7.0,3.7,6.4,8.4,6.1,5.8,5.2,0.8,1.0,8.2,7.4,10.0,2.1,2,-1,→,2028-2033,5.89,中国香港地区Web3开发工程师：薪资回报高，远程友好度高，加班文化严重,"Hong Kong (China) Web3 Developer: high compensation, highly remote-friendly, heavy overtime culture",AI综合评估 + O*NET/ILO/OECD锚点校准,2026-04-13,2026-04-13,2000-2026
TECH-0510-SG-general,信息技术与数字化,TECH,新兴数字职业,Web3开发工程师,Web3 Developer,2514,15-1252.00,东南亚,新加坡,SG,country,general,本科/自学,22-30,global,6.4,5.6,7.6,5.2,6.6,3.1,8.1,7.0,10.0,7.9,5.1,10.0,6.4,4.7,4.5,6.4,5.5,3.8,5.4,7.2,10.0,7.7,4.9,6.2,10.0,5.8,6.4,5.5,0.5,0.5,7.6,7.8,10.0,1.5,2,0,→,2028-2033,6.63,新加坡Web3开发工程师：薪资回报高，人才需求旺盛，远程友好度高,"Singapore Web3 Developer: high compensation, strong talent demand, highly remote-friendly",AI综合评估 + O*NET/ILO/OECD锚点校准,2026-04-13,2026-04-13,2000-2026
TECH-0510-TH-general,信息技术与数字化,TECH,新兴数字职业,Web3开发工程师,Web3 Developer,2514,15-1252.00,东南亚,泰国,TH,country,general,本科/自学,22-30,global,6.3,5.0,5.2,4.5,5.8,2.7,5.7,5.8,4.5,4.7,2.9,9.5,7.1,5.5,5.3,4.8,5.1,4.4,4.5,5.0,7.9,7.0,4.4,5.8,8.8,5.2,5.4,5.8,0.8,0.5,9.0,7.2,6.6,2.1,2,-1,→,2028-2033,5.38,泰国Web3开发工程师：薪资水平偏低，就业波动大,"Thailand Web3 Developer: relatively low pay, volatile employment",AI综合评估 + O*NET/ILO/OECD锚点校准,2026-04-13,2026-04-13,2000-2026
TECH-0510-VN-general,信息技术与数字化,TECH,新兴数字职业,Web3开发工程师,Web3 Developer,2514,15-1252.00,东南亚,越南,VN,country,general,本科/自学,22-30,global,6.0,4.8,5.2,4.0,6.2,3.3,5.5,6.0,4.2,5.4,1.6,9.7,6.9,3.5,5.0,5.0,4.3,4.5,5.1,4.2,9.1,7.7,4.2,5.4,8.2,4.0,5.2,5.2,0.5,0.1,9.0,6.6,7.8,2.5,2,-1,→,2028-2033,5.3,越南Web3开发工程师：薪资水平偏低，远程友好度高，加班文化严重,"Vietnam Web3 Developer: relatively low pay, highly remote-friendly, heavy overtime culture",AI综合评估 + O*NET/ILO/OECD锚点校准,2026-04-13,2026-04-13,2000-2026
TECH-0510-ID-general,信息技术与数字化,TECH,新兴数字职业,Web3开发工程师,Web3 Developer,2514,15-1252.00,东南亚,印度尼西亚,ID,country,general,本科/自学,22-30,global,5.8,5.0,5.2,4.6,6.4,3.1,6.1,5.6,4.5,5.2,2.6,9.2,6.9,4.5,5.0,5.6,5.1,4.5,4.4,4.6,8.8,8.0,5.4,6.0,8.8,3.4,6.2,5.2,0.5,0.2,8.8,6.8,7.0,2.3,2,-1,→,2028-2033,5.47,印度尼西亚Web3开发工程师：薪资水平偏低，远程友好度高，就业波动大,"Indonesia Web3 Developer: relatively low pay, highly remote-friendly, volatile employment",AI综合评估 + O*NET/ILO/OECD锚点校准,2026-04-13,2026-04-13,2000-2026
TECH-0510-MY-general,信息技术与数字化,TECH,新兴数字职业,Web3开发工程师,Web3 Developer,2514,15-1252.00,东南亚,马来西亚,MY,country,general,本科/自学,22-30,global,6.1,4.7,5.8,4.5,5.6,1.9,6.5,5.2,5.7,6.2,3.6,9.7,7.1,4.7,5.3,5.0,4.5,4.8,5.0,5.8,9.4,7.2,4.4,5.6,8.6,4.3,5.4,5.5,0.5,0.1,8.0,7.6,7.8,2.9,2,-1,→,2028-2033,5.63,马来西亚Web3开发工程师：远程友好度高，就业波动大,"Malaysia Web3 Developer: highly remote-friendly, volatile employment",AI综合评估 + O*NET/ILO/OECD锚点校准,2026-04-13,2026-04-13,2000-2026
TECH-0510-PH-general,信息技术与数字化,TECH,新兴数字职业,Web3开发工程师,Web3 Developer,2514,15-1252.00,东南亚,菲律宾,PH,country,general,本科/自学,22-30,global,5.7,4.7,4.8,4.2,5.8,2.7,6.1,5.8,3.6,3.4,2.4,9.2,6.9,4.5,4.3,5.8,4.9,4.8,4.6,4.0,10.0,7.2,4.7,5.6,8.6,5.5,5.2,5.8,0.2,0.1,9.2,7.6,8.2,2.9,2,-1,→,2028-2033,5.31,菲律宾Web3开发工程师：薪资水平偏低，远程友好度高，就业波动大,"Philippines Web3 Developer: relatively low pay, highly remote-friendly, volatile employment",AI综合评估 + O*NET/ILO/OECD锚点校准,2026-04-13,2026-04-13,2000-2026
TECH-0510-IN-general,信息技术与数字化,TECH,新兴数字职业,Web3开发工程师,Web3 Developer,2514,15-1252.00,南亚,印度,IN,country,general,本科/自学,22-30,global,6.3,4.7,6.8,4.3,8.8,5.7,6.7,7.4,6.3,6.4,2.9,9.7,6.4,3.7,4.8,5.2,6.1,4.1,4.7,5.6,10.0,7.2,4.4,6.0,9.2,3.7,5.4,5.5,0.6,0.1,8.4,7.6,9.4,1.9,2,-1,→,2028-2033,6.04,印度Web3开发工程师：远程友好度高，就业波动大,"India Web3 Developer: highly remote-friendly, volatile employment",AI综合评估 + O*NET/ILO/OECD锚点校准,2026-04-13,2026-04-13,2000-2026
TECH-0510-PK-general,信息技术与数字化,TECH,新兴数字职业,Web3开发工程师,Web3 Developer,2514,15-1252.00,南亚,巴基斯坦,PK,country,general,本科/自学,22-30,global,6.1,5.0,4.8,3.6,5.0,2.7,5.7,4.4,3.6,3.2,1.1,9.5,6.6,5.0,3.5,5.2,4.5,4.8,4.7,4.0,9.4,6.7,3.4,5.6,8.6,1.9,5.6,5.2,0.8,0.4,8.8,7.8,6.8,2.9,1,-2,↓,2028-2033,4.89,巴基斯坦Web3开发工程师：薪资水平偏低，远程友好度高，就业波动大,"Pakistan Web3 Developer: relatively low pay, highly remote-friendly, volatile employment",AI综合评估 + O*NET/ILO/OECD锚点校准,2026-04-13,2026-04-13,2000-2026
TECH-0510-BD-general,信息技术与数字化,TECH,新兴数字职业,Web3开发工程师,Web3 Developer,2514,15-1252.00,南亚,孟加拉国,BD,country,general,本科/自学,22-30,global,5.8,4.5,5.0,3.4,5.0,2.1,4.7,4.0,2.4,2.9,0.9,9.0,6.6,4.0,4.8,5.0,4.7,4.8,4.4,3.6,9.4,6.7,4.2,5.4,8.0,2.2,4.6,5.5,0.2,0.0,9.2,7.8,7.2,2.5,1,-2,↓,2028-2033,4.76,孟加拉国Web3开发工程师：薪资水平偏低，远程友好度高，就业波动大,"Bangladesh Web3 Developer: relatively low pay, highly remote-friendly, volatile employment",AI综合评估 + O*NET/ILO/OECD锚点校准,2026-04-13,2026-04-13,2000-2026
TECH-0510-AE-general,信息技术与数字化,TECH,新兴数字职业,Web3开发工程师,Web3 Developer,2514,15-1252.00,中亚/西亚,阿联酋,AE,country,general,本科/自学,22-30,global,5.7,5.3,6.6,4.6,6.8,2.3,7.3,7.4,10.0,7.7,4.1,10.0,6.6,4.0,5.3,5.4,5.3,3.8,5.0,6.8,9.1,8.2,5.2,6.4,8.8,4.3,6.2,5.4,0.2,1.0,8.0,7.2,9.2,2.1,2,-1,→,2028-2033,6.35,阿联酋Web3开发工程师：薪资回报高，远程友好度高,"United Arab Emirates Web3 Developer: high compensation, highly remote-friendly",AI综合评估 + O*NET/ILO/OECD锚点校准,2026-04-13,2026-04-13,2000-2026
TECH-0510-IL-general,信息技术与数字化,TECH,新兴数字职业,Web3开发工程师,Web3 Developer,2514,15-1252.00,中亚/西亚,以色列,IL,country,general,本科/自学,22-30,global,5.8,5.1,7.6,4.2,7.2,3.7,8.1,7.8,10.0,8.7,2.6,9.7,6.9,4.2,4.5,6.2,5.7,4.2,5.0,7.6,10.0,8.7,5.7,6.4,9.2,6.7,6.6,5.1,0.3,0.2,9.0,8.2,9.4,2.7,2,0,→,2028-2033,6.58,以色列Web3开发工程师：薪资回报高，人才需求旺盛，远程友好度高,"Israel Web3 Developer: high compensation, strong talent demand, highly remote-friendly",AI综合评估 + O*NET/ILO/OECD锚点校准,2026-04-13,2026-04-13,2000-2026
TECH-0510-SA-general,信息技术与数字化,TECH,新兴数字职业,Web3开发工程师,Web3 Developer,2514,15-1252.00,中亚/西亚,沙特阿拉伯,SA,country,general,本科/自学,22-30,global,6.3,5.0,5.6,4.6,5.8,2.1,5.9,5.8,9.0,6.7,3.9,9.2,7.1,4.2,4.8,6.0,4.3,4.7,5.4,5.2,7.3,6.7,5.2,5.6,8.4,2.5,5.4,5.7,0.3,1.0,8.4,6.8,6.8,1.7,2,-1,→,2028-2033,5.67,沙特阿拉伯Web3开发工程师：薪资回报高，就业波动大,"Saudi Arabia Web3 Developer: high compensation, volatile employment",AI综合评估 + O*NET/ILO/OECD锚点校准,2026-04-13,2026-04-13,2000-2026
TECH-0510-TR-general,信息技术与数字化,TECH,新兴数字职业,Web3开发工程师,Web3 Developer,2514,15-1252.00,中亚/西亚,土耳其,TR,country,general,本科/自学,22-30,global,6.4,5.1,5.6,3.6,6.2,2.7,6.7,6.0,5.4,4.4,1.9,9.2,6.1,3.7,4.0,5.8,5.5,4.7,5.1,5.0,7.9,7.5,4.9,5.8,9.6,2.8,5.4,5.7,0.3,0.1,9.6,6.8,7.6,1.5,2,-1,→,2028-2033,5.39,土耳其Web3开发工程师：就业波动大,Turkey Web3 Developer: volatile employment,AI综合评估 + O*NET/ILO/OECD锚点校准,2026-04-13,2026-04-13,2000-2026
TECH-0510-GB-general,信息技术与数字化,TECH,新兴数字职业,Web3开发工程师,Web3 Developer,2514,15-1252.00,西欧,英国,GB,country,general,本科/自学,22-30,global,5.8,5.4,7.0,4.8,7.6,4.7,7.5,7.6,10.0,8.2,3.4,9.5,6.9,5.5,5.0,5.6,5.7,4.4,5.4,6.8,10.0,8.0,7.2,6.2,10.0,7.9,7.2,5.7,0.8,0.5,8.0,7.6,10.0,1.9,2,0,→,2028-2033,6.71,英国Web3开发工程师：薪资回报高，人才需求旺盛，远程友好度高,"United Kingdom Web3 Developer: high compensation, strong talent demand, highly remote-friendly",AI综合评估 + O*NET/ILO/OECD锚点校准,2026-04-13,2026-04-13,2000-2026
TECH-0510-FR-general,信息技术与数字化,TECH,新兴数字职业,Web3开发工程师,Web3 Developer,2514,15-1252.00,西欧,法国,FR,country,general,本科/自学,22-30,global,6.0,5.3,6.4,4.8,8.0,4.1,6.9,7.0,9.0,6.2,4.4,9.5,7.4,7.0,6.3,5.2,5.9,4.4,5.4,6.2,10.0,8.5,7.2,6.6,9.8,7.3,7.0,5.5,0.9,0.7,7.6,7.4,8.4,1.3,2,-1,→,2028-2033,6.58,法国Web3开发工程师：薪资回报高，远程友好度高,"France Web3 Developer: high compensation, highly remote-friendly",AI综合评估 + O*NET/ILO/OECD锚点校准,2026-04-13,2026-04-13,2000-2026
TECH-0510-DE-general,信息技术与数字化,TECH,新兴数字职业,Web3开发工程师,Web3 Developer,2514,15-1252.00,西欧,德国,DE,country,general,本科/自学,22-30,global,6.7,5.6,7.0,4.9,7.2,4.1,7.7,7.4,9.3,7.2,4.6,9.5,8.4,7.2,7.0,6.4,5.7,3.8,5.3,6.2,10.0,8.5,7.4,6.8,9.4,7.6,6.8,5.4,0.5,0.7,7.6,7.2,9.8,1.3,2,-1,→,2028-2033,6.82,德国Web3开发工程师：薪资回报高，人才需求旺盛，远程友好度高,"Germany Web3 Developer: high compensation, strong talent demand, highly remote-friendly",AI综合评估 + O*NET/ILO/OECD锚点校准,2026-04-13,2026-04-13,2000-2026
TECH-0510-NL-general,信息技术与数字化,TECH,新兴数字职业,Web3开发工程师,Web3 Developer,2514,15-1252.00,西欧,荷兰,NL,country,general,本科/自学,22-30,global,6.1,5.4,7.2,5.5,7.4,2.9,7.3,6.8,10.0,6.9,4.6,9.7,9.1,8.2,6.8,5.6,5.3,4.1,5.3,6.2,10.0,9.2,7.7,5.8,8.8,8.5,7.4,5.5,0.5,0.5,7.8,7.6,10.0,2.5,2,-1,→,2028-2033,6.84,荷兰Web3开发工程师：薪资回报高，远程友好度高，工作时间规律,"Netherlands Web3 Developer: high compensation, highly remote-friendly, regular working hours",AI综合评估 + O*NET/ILO/OECD锚点校准,2026-04-13,2026-04-13,2000-2026
TECH-0510-CH-general,信息技术与数字化,TECH,新兴数字职业,Web3开发工程师,Web3 Developer,2514,15-1252.00,西欧,瑞士,CH,country,general,本科/自学,22-30,global,6.4,5.0,6.2,5.2,6.8,2.9,7.5,7.0,10.0,8.2,5.6,9.7,8.4,7.5,5.8,6.2,5.3,3.9,5.0,6.6,10.0,9.7,7.9,6.0,9.2,7.0,6.4,5.7,0.6,0.8,7.4,7.2,9.0,2.5,2,-1,→,2028-2033,6.79,瑞士Web3开发工程师：薪资回报高，人才需求旺盛，远程友好度高,"Switzerland Web3 Developer: high compensation, strong talent demand, highly remote-friendly",AI综合评估 + O*NET/ILO/OECD锚点校准,2026-04-13,2026-04-13,2000-2026
TECH-0510-SE-general,信息技术与数字化,TECH,新兴数字职业,Web3开发工程师,Web3 Developer,2514,15-1252.00,北欧,瑞典,SE,country,general,本科/自学,22-30,global,6.0,5.7,7.0,5.4,6.6,3.3,7.7,7.6,9.3,6.7,4.1,9.5,7.9,9.7,7.8,6.0,5.3,3.8,4.9,6.4,10.0,9.2,8.2,7.0,9.6,9.4,7.2,5.5,0.8,1.0,8.2,8.4,9.4,2.5,2,-1,→,2028-2033,6.9,瑞典Web3开发工程师：薪资回报高，人才需求旺盛，远程友好度高,"Sweden Web3 Developer: high compensation, strong talent demand, highly remote-friendly",AI综合评估 + O*NET/ILO/OECD锚点校准,2026-04-13,2026-04-13,2000-2026
TECH-0510-DK-general,信息技术与数字化,TECH,新兴数字职业,Web3开发工程师,Web3 Developer,2514,15-1252.00,北欧,丹麦,DK,country,general,本科/自学,22-30,global,6.3,5.4,5.6,5.2,7.2,2.5,6.7,7.8,9.0,6.9,5.1,10.0,8.1,9.0,8.0,6.0,4.5,4.4,5.0,6.6,10.0,8.7,8.4,6.0,9.0,9.1,6.8,5.2,0.6,1.1,8.0,8.2,9.6,1.5,2,-1,→,2028-2033,6.76,丹麦Web3开发工程师：薪资回报高，远程友好度高，工作时间规律,"Denmark Web3 Developer: high compensation, highly remote-friendly, regular working hours",AI综合评估 + O*NET/ILO/OECD锚点校准,2026-04-13,2026-04-13,2000-2026
TECH-0510-FI-general,信息技术与数字化,TECH,新兴数字职业,Web3开发工程师,Web3 Developer,2514,15-1252.00,北欧,芬兰,FI,country,general,本科/自学,22-30,global,6.3,5.1,6.8,4.9,6.4,2.5,7.1,7.2,7.2,6.7,4.1,9.7,9.1,10.0,7.3,6.0,5.1,4.4,5.0,6.0,10.0,8.7,7.9,6.8,9.0,9.4,6.8,5.8,0.5,1.1,7.8,8.0,9.2,2.3,2,-1,→,2028-2033,6.65,芬兰Web3开发工程师：远程友好度高，工作时间规律,"Finland Web3 Developer: highly remote-friendly, regular working hours",AI综合评估 + O*NET/ILO/OECD锚点校准,2026-04-13,2026-04-13,2000-2026
TECH-0510-IT-general,信息技术与数字化,TECH,新兴数字职业,Web3开发工程师,Web3 Developer,2514,15-1252.00,南欧,意大利,IT,country,general,本科/自学,22-30,global,6.4,4.7,6.2,4.9,6.2,3.5,6.5,5.4,7.2,6.4,2.1,9.5,6.4,5.2,4.8,4.8,5.1,4.7,5.4,5.8,8.5,8.0,5.4,6.0,8.8,5.2,5.8,5.5,0.6,0.4,8.8,7.2,7.8,2.5,2,-1,→,2028-2033,5.8,意大利Web3开发工程师：远程友好度高，就业波动大,"Italy Web3 Developer: highly remote-friendly, volatile employment",AI综合评估 + O*NET/ILO/OECD锚点校准,2026-04-13,2026-04-13,2000-2026
TECH-0510-ES-general,信息技术与数字化,TECH,新兴数字职业,Web3开发工程师,Web3 Developer,2514,15-1252.00,南欧,西班牙,ES,country,general,本科/自学,22-30,global,6.4,5.4,5.8,4.2,5.8,3.1,6.3,5.8,5.7,5.9,3.1,9.7,7.1,5.7,5.3,5.6,5.3,4.4,5.1,5.0,10.0,9.0,6.7,5.6,9.0,5.8,6.8,5.2,0.0,0.5,9.4,8.0,8.4,1.7,2,-1,→,2028-2033,5.91,西班牙Web3开发工程师：远程友好度高，就业波动大,"Spain Web3 Developer: highly remote-friendly, volatile employment",AI综合评估 + O*NET/ILO/OECD锚点校准,2026-04-13,2026-04-13,2000-2026
TECH-0510-PT-general,信息技术与数字化,TECH,新兴数字职业,Web3开发工程师,Web3 Developer,2514,15-1252.00,南欧,葡萄牙,PT,country,general,本科/自学,22-30,global,6.0,5.0,5.6,4.8,6.2,1.9,6.5,5.4,5.1,6.2,2.6,9.5,7.6,6.7,5.5,4.8,4.7,4.5,4.7,5.0,10.0,8.2,6.7,5.4,8.6,6.1,6.0,5.2,0.3,0.2,8.0,7.6,8.4,1.9,2,-1,→,2028-2033,5.82,葡萄牙Web3开发工程师：远程友好度高，就业波动大,"Portugal Web3 Developer: highly remote-friendly, volatile employment",AI综合评估 + O*NET/ILO/OECD锚点校准,2026-04-13,2026-04-13,2000-2026
TECH-0510-PL-general,信息技术与数字化,TECH,新兴数字职业,Web3开发工程师,Web3 Developer,2514,15-1252.00,东欧,波兰,PL,country,general,本科/自学,22-30,global,6.4,5.3,6.2,4.9,7.0,3.1,7.1,5.8,7.8,5.7,3.9,9.5,7.9,5.5,6.0,6.0,5.1,4.8,4.9,5.8,10.0,8.5,7.2,5.8,9.6,5.8,6.6,5.5,0.3,0.4,8.0,7.4,8.6,1.5,2,-1,→,2028-2033,6.21,波兰Web3开发工程师：远程友好度高，就业波动大,"Poland Web3 Developer: highly remote-friendly, volatile employment",AI综合评估 + O*NET/ILO/OECD锚点校准,2026-04-13,2026-04-13,2000-2026
TECH-0510-CZ-general,信息技术与数字化,TECH,新兴数字职业,Web3开发工程师,Web3 Developer,2514,15-1252.00,东欧,捷克,CZ,country,general,本科/自学,22-30,global,6.1,5.0,6.4,4.9,6.8,2.3,6.7,5.2,7.2,5.9,4.6,9.7,8.4,7.5,6.5,6.2,4.5,4.5,5.1,6.2,9.7,9.0,6.9,6.2,9.0,6.1,6.4,5.2,0.5,0.7,7.6,8.0,9.2,1.7,2,-1,→,2028-2033,6.32,捷克Web3开发工程师：远程友好度高，工作时间规律,"Czech Republic Web3 Developer: highly remote-friendly, regular working hours",AI综合评估 + O*NET/ILO/OECD锚点校准,2026-04-13,2026-04-13,2000-2026
TECH-0510-RU-general,信息技术与数字化,TECH,新兴数字职业,Web3开发工程师,Web3 Developer,2514,15-1252.00,东欧,俄罗斯,RU,country,general,本科/自学,22-30,global,5.8,5.3,6.6,4.0,6.8,3.3,7.1,5.4,5.1,5.4,1.4,9.0,7.1,5.7,4.5,6.0,5.1,4.4,4.7,5.0,9.1,7.7,5.4,6.0,8.6,4.9,5.4,6.0,0.6,0.2,9.0,7.2,5.8,2.5,2,-1,→,2028-2033,5.59,俄罗斯Web3开发工程师：远程友好度高，就业波动大,"Russia Web3 Developer: highly remote-friendly, volatile employment",AI综合评估 + O*NET/ILO/OECD锚点校准,2026-04-13,2026-04-13,2000-2026
TECH-0510-US-general,信息技术与数字化,TECH,新兴数字职业,Web3开发工程师,Web3 Developer,2514,15-1252.00,北美,美国,US,country,general,本科/自学,22-30,global,6.1,5.1,8.6,4.8,8.6,5.9,8.7,7.2,10.0,9.7,2.6,9.5,7.1,4.2,3.8,6.2,6.1,3.9,5.0,7.8,10.0,8.5,4.2,6.6,9.6,6.7,6.4,5.4,0.3,0.5,9.2,8.4,9.6,2.1,2,0,→,2028-2033,6.75,美国Web3开发工程师：薪资回报高，人才需求旺盛，远程友好度高,"United States Web3 Developer: high compensation, strong talent demand, highly remote-friendly",AI综合评估 + O*NET/ILO/OECD锚点校准,2026-04-13,2026-04-13,2000-2026
TECH-0510-CA-general,信息技术与数字化,TECH,新兴数字职业,Web3开发工程师,Web3 Developer,2514,15-1252.00,北美,加拿大,CA,country,general,本科/自学,22-30,global,6.6,5.3,6.6,5.2,7.0,4.1,6.7,7.2,10.0,6.9,4.6,10.0,8.1,6.7,6.0,6.6,4.9,4.1,5.4,7.0,10.0,9.2,7.4,6.2,9.4,7.0,6.6,5.4,0.9,0.7,7.6,8.2,9.6,1.5,2,0,→,2028-2033,6.75,加拿大Web3开发工程师：薪资回报高，远程友好度高,"Canada Web3 Developer: high compensation, highly remote-friendly",AI综合评估 + O*NET/ILO/OECD锚点校准,2026-04-13,2026-04-13,2000-2026
TECH-0510-MX-general,信息技术与数字化,TECH,新兴数字职业,Web3开发工程师,Web3 Developer,2514,15-1252.00,北美,墨西哥,MX,country,general,本科/自学,22-30,global,6.4,4.7,5.8,4.3,6.6,3.9,5.7,5.8,3.9,4.7,2.6,9.5,6.9,4.0,5.0,5.6,5.5,4.4,4.9,4.4,8.5,8.2,4.7,6.2,9.2,4.0,5.4,5.1,0.3,0.1,8.6,7.2,8.0,2.1,2,-1,→,2028-2033,5.51,墨西哥Web3开发工程师：薪资水平偏低，远程友好度高，就业波动大,"Mexico Web3 Developer: relatively low pay, highly remote-friendly, volatile employment",AI综合评估 + O*NET/ILO/OECD锚点校准,2026-04-13,2026-04-13,2000-2026
TECH-0510-BR-general,信息技术与数字化,TECH,新兴数字职业,Web3开发工程师,Web3 Developer,2514,15-1252.00,南美,巴西,BR,country,general,本科/自学,22-30,global,6.1,4.5,5.8,3.7,7.2,3.5,5.7,5.8,5.7,5.9,1.4,9.7,6.4,4.0,5.3,5.8,5.9,4.5,4.9,5.0,9.4,8.7,5.2,6.4,9.0,4.0,6.0,5.1,0.6,0.8,8.8,8.0,7.4,2.1,2,-1,→,2028-2033,5.69,巴西Web3开发工程师：远程友好度高，就业波动大,"Brazil Web3 Developer: highly remote-friendly, volatile employment",AI综合评估 + O*NET/ILO/OECD锚点校准,2026-04-13,2026-04-13,2000-2026
TECH-0510-AR-general,信息技术与数字化,TECH,新兴数字职业,Web3开发工程师,Web3 Developer,2514,15-1252.00,南美,阿根廷,AR,country,general,本科/自学,22-30,global,6.1,4.5,5.6,3.9,6.2,1.7,6.3,6.0,4.2,4.4,1.1,9.2,7.4,4.5,5.0,5.0,3.9,4.5,4.5,4.6,10.0,8.5,4.4,6.0,9.2,4.3,5.4,5.2,0.6,0.1,8.4,7.8,7.6,1.7,2,-1,→,2028-2033,5.4,阿根廷Web3开发工程师：薪资水平偏低，远程友好度高，就业波动大,"Argentina Web3 Developer: relatively low pay, highly remote-friendly, volatile employment",AI综合评估 + O*NET/ILO/OECD锚点校准,2026-04-13,2026-04-13,2000-2026
TECH-0510-CL-general,信息技术与数字化,TECH,新兴数字职业,Web3开发工程师,Web3 Developer,2514,15-1252.00,南美,智利,CL,country,general,本科/自学,22-30,global,6.0,5.3,5.4,4.8,6.2,1.3,6.3,6.0,5.7,5.2,3.6,9.7,7.4,4.5,5.0,5.6,4.9,4.8,4.6,4.8,8.5,8.2,6.2,6.2,8.6,4.6,5.6,5.8,0.6,0.8,9.2,7.8,7.6,2.1,2,-1,→,2028-2033,5.63,智利Web3开发工程师：远程友好度高，就业波动大,"Chile Web3 Developer: highly remote-friendly, volatile employment",AI综合评估 + O*NET/ILO/OECD锚点校准,2026-04-13,2026-04-13,2000-2026
TECH-0510-CO-general,信息技术与数字化,TECH,新兴数字职业,Web3开发工程师,Web3 Developer,2514,15-1252.00,南美,哥伦比亚,CO,country,general,本科/自学,22-30,global,5.7,5.1,5.2,4.3,5.2,1.7,5.9,5.6,4.2,4.2,2.4,9.5,6.4,4.2,4.8,5.2,4.7,4.7,5.0,4.2,9.7,7.5,5.4,6.4,8.4,3.4,6.0,5.8,0.6,0.4,9.2,7.6,7.6,2.7,2,-1,→,2028-2033,5.33,哥伦比亚Web3开发工程师：薪资水平偏低，远程友好度高，就业波动大,"Colombia Web3 Developer: relatively low pay, highly remote-friendly, volatile employment",AI综合评估 + O*NET/ILO/OECD锚点校准,2026-04-13,2026-04-13,2000-2026
TECH-0510-AU-general,信息技术与数字化,TECH,新兴数字职业,Web3开发工程师,Web3 Developer,2514,15-1252.00,大洋洲,澳大利亚,AU,country,general,本科/自学,22-30,global,6.7,5.3,7.2,4.8,7.0,4.1,6.7,7.6,9.3,7.9,5.1,9.7,7.6,7.7,6.5,6.0,5.7,3.9,5.4,7.0,10.0,8.7,7.2,6.2,9.2,7.6,7.0,5.7,0.3,0.4,7.6,7.4,9.8,1.3,2,-1,→,2028-2033,6.85,澳大利亚Web3开发工程师：薪资回报高，远程友好度高，工作时间规律,"Australia Web3 Developer: high compensation, highly remote-friendly, regular working hours",AI综合评估 + O*NET/ILO/OECD锚点校准,2026-04-13,2026-04-13,2000-2026
TECH-0510-NZ-general,信息技术与数字化,TECH,新兴数字职业,Web3开发工程师,Web3 Developer,2514,15-1252.00,大洋洲,新西兰,NZ,country,general,本科/自学,22-30,global,6.1,5.4,6.4,4.8,5.8,2.1,6.5,6.2,8.4,7.2,4.6,10.0,7.6,7.2,7.0,5.4,4.5,4.4,4.7,6.4,10.0,8.7,7.9,6.2,8.4,8.2,6.8,5.2,0.8,0.7,8.2,7.8,9.2,2.7,2,-1,→,2028-2033,6.4,新西兰Web3开发工程师：薪资回报高，远程友好度高,"New Zealand Web3 Developer: high compensation, highly remote-friendly",AI综合评估 + O*NET/ILO/OECD锚点校准,2026-04-13,2026-04-13,2000-2026
TECH-0510-ZA-general,信息技术与数字化,TECH,新兴数字职业,Web3开发工程师,Web3 Developer,2514,15-1252.00,非洲,南非,ZA,country,general,本科/自学,22-30,global,5.7,4.8,5.4,3.9,6.2,1.9,5.9,6.4,5.1,4.2,1.6,9.2,6.9,5.2,4.8,5.0,4.3,4.7,5.3,4.2,8.8,8.0,5.4,6.0,8.8,4.9,5.8,5.5,0.8,0.4,8.4,7.6,7.6,2.5,2,-1,→,2028-2033,5.47,南非Web3开发工程师：远程友好度高，就业波动大,"South Africa Web3 Developer: highly remote-friendly, volatile employment",AI综合评估 + O*NET/ILO/OECD锚点校准,2026-04-13,2026-04-13,2000-2026
TECH-0510-NG-general,信息技术与数字化,TECH,新兴数字职业,Web3开发工程师,Web3 Developer,2514,15-1252.00,非洲,尼日利亚,NG,country,general,本科/自学,22-30,global,5.7,4.4,4.6,4.2,5.8,2.3,4.9,4.0,3.0,3.9,1.6,9.0,6.6,4.5,4.3,4.6,4.7,4.7,5.1,4.2,9.1,7.5,3.4,5.2,8.2,2.5,5.8,5.7,0.5,0.0,8.4,6.8,7.4,2.9,1,-2,↓,2028-2033,4.98,尼日利亚Web3开发工程师：薪资水平偏低，远程友好度高，就业波动大,"Nigeria Web3 Developer: relatively low pay, highly remote-friendly, volatile employment",AI综合评估 + O*NET/ILO/OECD锚点校准,2026-04-13,2026-04-13,2000-2026
TECH-0510-KE-general,信息技术与数字化,TECH,新兴数字职业,Web3开发工程师,Web3 Developer,2514,15-1252.00,非洲,肯尼亚,KE,country,general,本科/自学,22-30,global,6.1,4.8,4.2,3.9,5.2,1.1,5.1,4.2,3.3,3.4,1.6,9.2,6.6,5.0,4.5,5.6,3.9,5.0,4.9,4.6,8.5,7.7,3.9,5.4,8.4,4.0,5.4,5.5,0.6,0.1,9.4,6.8,7.6,2.9,1,-2,↓,2028-2033,4.92,肯尼亚Web3开发工程师：薪资水平偏低，远程友好度高，就业波动大,"Kenya Web3 Developer: relatively low pay, highly remote-friendly, volatile employment",AI综合评估 + O*NET/ILO/OECD锚点校准,2026-04-13,2026-04-13,2000-2026
TECH-0510-EG-general,信息技术与数字化,TECH,新兴数字职业,Web3开发工程师,Web3 Developer,2514,15-1252.00,非洲,埃及,EG,country,general,本科/自学,22-30,global,5.7,4.5,4.6,3.6,5.4,2.9,5.5,4.2,2.1,3.9,1.4,9.2,6.1,3.7,3.8,4.6,3.9,5.0,4.6,4.6,8.8,7.7,4.7,5.6,8.4,2.2,5.2,5.7,0.8,0.1,9.6,7.6,6.6,2.3,1,-2,↓,2028-2033,4.84,埃及Web3开发工程师：薪资水平偏低，远程友好度高，就业波动大,"Egypt Web3 Developer: relatively low pay, highly remote-friendly, volatile employment",AI综合评估 + O*NET/ILO/OECD锚点校准,2026-04-13,2026-04-13,2000-2026
TECH-0511-CN-general,信息技术与数字化,TECH,新兴数字职业,AI安全研究员,AI Safety Researcher,2511,15-2051.00,东亚,中国,CN,country,general,博士,27-35,global,8.3,9.1,9.8,8.1,9.0,4.7,10.0,10.0,10.0,8.6,5.3,9.5,5.7,1.7,2.9,7.2,6.6,1.4,8.6,10.0,6.6,6.9,2.7,9.6,6.6,5.1,5.3,5.1,0.6,0.5,3.3,5.1,7.7,3.3,3,5,↑↑,2035+,7.02,中国AI安全研究员：薪资回报高，人才需求旺盛，AI替代抗性强,"China AI Safety Researcher: high compensation, strong talent demand, strong AI resistance",AI综合评估 + O*NET/ILO/OECD锚点校准,2026-04-13,2026-04-13,2000-2026
TECH-0511-JP-general,信息技术与数字化,TECH,新兴数字职业,AI安全研究员,AI Safety Researcher,2511,15-2051.00,东亚,日本,JP,country,general,博士,27-35,global,8.6,9.6,9.4,8.4,7.8,3.3,9.3,10.0,9.9,7.4,7.8,9.7,7.2,2.9,3.9,7.6,6.4,0.8,8.2,9.0,6.9,7.7,4.7,9.4,5.8,3.0,4.5,5.2,0.5,0.7,3.5,4.7,7.7,3.3,3,5,↑↑,2035+,7.03,日本AI安全研究员：薪资回报高，人才需求旺盛，AI替代抗性强,"Japan AI Safety Researcher: high compensation, strong talent demand, strong AI resistance",AI综合评估 + O*NET/ILO/OECD锚点校准,2026-04-13,2026-04-13,2000-2026
TECH-0511-KR-general,信息技术与数字化,TECH,新兴数字职业,AI安全研究员,AI Safety Researcher,2511,15-2051.00,东亚,韩国,KR,country,general,博士,27-35,global,8.8,9.4,8.8,8.6,7.8,3.1,9.9,10.0,9.6,8.4,5.8,9.5,6.5,3.2,3.1,7.0,6.2,1.4,8.5,9.0,6.0,7.4,3.4,9.4,5.4,3.6,4.5,5.2,0.6,1.3,3.9,5.9,8.3,3.7,3,5,↑↑,2035+,6.84,韩国AI安全研究员：薪资回报高，人才需求旺盛，AI替代抗性强,"South Korea AI Safety Researcher: high compensation, strong talent demand, strong AI resistance",AI综合评估 + O*NET/ILO/OECD锚点校准,2026-04-13,2026-04-13,2000-2026
TECH-0511-TW-general,信息技术与数字化,TECH,新兴数字职业,AI安全研究员,AI Safety Researcher,2511,15-2051.00,东亚,中国台湾地区,TW,region,general,博士,27-35,global,8.8,8.8,9.2,7.8,8.0,2.1,9.5,10.0,8.4,6.9,5.8,9.7,6.7,3.2,5.1,7.4,5.2,1.4,8.5,9.2,5.7,7.9,4.4,9.0,6.0,4.2,5.1,5.1,0.8,1.1,3.9,5.1,9.3,3.7,3,5,↑↑,2035+,6.84,中国台湾地区AI安全研究员：薪资回报高，人才需求旺盛，AI替代抗性强,"Taiwan (China) AI Safety Researcher: high compensation, strong talent demand, strong AI resistance",AI综合评估 + O*NET/ILO/OECD锚点校准,2026-04-13,2026-04-13,2000-2026
TECH-0511-HK-general,信息技术与数字化,TECH,新兴数字职业,AI安全研究员,AI Safety Researcher,2511,15-2051.00,东亚,中国香港地区,HK,region,general,博士,27-35,global,8.6,9.1,8.4,7.8,7.4,2.1,9.3,9.8,10.0,8.9,6.3,9.2,7.0,4.2,3.6,6.2,5.2,1.4,8.8,9.6,8.7,7.4,3.7,9.4,5.8,5.1,4.5,5.8,0.9,1.4,3.3,5.7,10.0,3.9,3,5,↑↑,2035+,7.03,中国香港地区AI安全研究员：薪资回报高，人才需求旺盛，AI替代抗性强,"Hong Kong (China) AI Safety Researcher: high compensation, strong talent demand, strong AI resistance",AI综合评估 + O*NET/ILO/OECD锚点校准,2026-04-13,2026-04-13,2000-2026
TECH-0511-SG-general,信息技术与数字化,TECH,新兴数字职业,AI安全研究员,AI Safety Researcher,2511,15-2051.00,东南亚,新加坡,SG,country,general,博士,27-35,global,9.1,9.0,9.4,8.7,8.2,2.3,10.0,10.0,10.0,9.1,8.1,9.7,6.7,4.4,5.1,6.6,6.6,0.9,8.5,10.0,8.4,7.9,4.2,10.0,6.2,5.7,5.5,5.2,0.6,1.3,2.5,5.3,10.0,3.3,3,5,↑↑,2035+,7.46,新加坡AI安全研究员：薪资回报高，人才需求旺盛，AI替代抗性强,"Singapore AI Safety Researcher: high compensation, strong talent demand, strong AI resistance",AI综合评估 + O*NET/ILO/OECD锚点校准,2026-04-13,2026-04-13,2000-2026
TECH-0511-TH-general,信息技术与数字化,TECH,新兴数字职业,AI安全研究员,AI Safety Researcher,2511,15-2051.00,东南亚,泰国,TH,country,general,博士,27-35,global,8.6,9.4,6.6,7.8,6.6,1.7,8.5,9.6,7.2,5.9,6.1,9.2,7.7,5.4,6.6,6.2,5.8,1.7,8.5,7.8,6.3,8.4,5.4,8.6,5.2,5.7,5.3,5.7,0.3,0.7,3.5,5.7,8.5,3.7,3,5,↑↑,2035+,6.65,泰国AI安全研究员：人才需求旺盛，AI替代抗性强，近年增长迅猛,"Thailand AI Safety Researcher: strong talent demand, strong AI resistance, rapid recent growth",AI综合评估 + O*NET/ILO/OECD锚点校准,2026-04-13,2026-04-13,2000-2026
TECH-0511-VN-general,信息技术与数字化,TECH,新兴数字职业,AI安全研究员,AI Safety Researcher,2511,15-2051.00,东南亚,越南,VN,country,general,博士,27-35,global,8.6,9.3,7.6,8.1,6.8,2.1,9.1,9.8,5.7,5.4,6.1,9.7,7.5,4.7,4.6,5.8,5.8,1.4,8.1,7.8,7.5,7.4,4.9,8.4,4.8,4.8,3.9,6.0,0.3,1.1,3.9,5.1,8.5,4.7,3,5,↑↑,2035+,6.46,越南AI安全研究员：人才需求旺盛，AI替代抗性强，近年增长迅猛,"Vietnam AI Safety Researcher: strong talent demand, strong AI resistance, rapid recent growth",AI综合评估 + O*NET/ILO/OECD锚点校准,2026-04-13,2026-04-13,2000-2026
TECH-0511-ID-general,信息技术与数字化,TECH,新兴数字职业,AI安全研究员,AI Safety Researcher,2511,15-2051.00,东南亚,印度尼西亚,ID,country,general,博士,27-35,global,8.2,8.8,7.2,7.5,7.4,2.1,8.5,9.8,6.6,5.1,5.6,9.5,7.7,5.0,5.4,6.0,5.8,1.7,8.5,8.0,6.0,7.7,4.2,9.0,5.4,4.2,4.9,5.2,0.6,0.8,4.3,5.3,7.1,3.5,3,5,↑↑,2035+,6.45,印度尼西亚AI安全研究员：人才需求旺盛，AI替代抗性强，近年增长迅猛,"Indonesia AI Safety Researcher: strong talent demand, strong AI resistance, rapid recent growth",AI综合评估 + O*NET/ILO/OECD锚点校准,2026-04-13,2026-04-13,2000-2026
TECH-0511-MY-general,信息技术与数字化,TECH,新兴数字职业,AI安全研究员,AI Safety Researcher,2511,15-2051.00,东南亚,马来西亚,MY,country,general,博士,27-35,global,8.0,8.5,7.4,7.7,6.2,0.7,8.3,9.2,8.7,5.9,6.3,9.2,7.7,5.0,4.9,6.8,5.4,1.7,8.0,8.8,7.5,8.4,4.9,9.2,4.6,4.8,4.9,5.8,0.9,1.3,3.3,5.3,9.3,4.3,3,5,↑↑,2035+,6.69,马来西亚AI安全研究员：薪资回报高，人才需求旺盛，AI替代抗性强,"Malaysia AI Safety Researcher: high compensation, strong talent demand, strong AI resistance",AI综合评估 + O*NET/ILO/OECD锚点校准,2026-04-13,2026-04-13,2000-2026
TECH-0511-PH-general,信息技术与数字化,TECH,新兴数字职业,AI安全研究员,AI Safety Researcher,2511,15-2051.00,东南亚,菲律宾,PH,country,general,博士,27-35,global,8.5,9.1,7.6,7.8,7.0,1.9,9.1,8.8,6.0,4.6,5.3,9.2,6.5,4.0,5.1,5.8,5.8,1.5,8.6,7.0,8.4,8.9,4.7,8.6,5.6,5.4,5.1,5.2,0.3,1.1,3.7,5.5,9.7,3.9,3,5,↑↑,2035+,6.5,菲律宾AI安全研究员：人才需求旺盛，AI替代抗性强，近年增长迅猛,"Philippines AI Safety Researcher: strong talent demand, strong AI resistance, rapid recent growth",AI综合评估 + O*NET/ILO/OECD锚点校准,2026-04-13,2026-04-13,2000-2026
TECH-0511-IN-general,信息技术与数字化,TECH,新兴数字职业,AI安全研究员,AI Safety Researcher,2511,15-2051.00,南亚,印度,IN,country,general,博士,27-35,global,8.2,9.0,9.2,8.1,9.2,3.9,9.5,9.8,9.0,7.9,5.6,9.5,6.5,3.7,5.1,7.2,6.6,1.2,8.5,8.4,8.4,8.4,3.9,9.2,6.0,4.2,4.5,5.7,0.5,0.5,3.5,5.7,9.5,3.3,3,5,↑↑,2035+,7.15,印度AI安全研究员：薪资回报高，人才需求旺盛，AI替代抗性强,"India AI Safety Researcher: high compensation, strong talent demand, strong AI resistance",AI综合评估 + O*NET/ILO/OECD锚点校准,2026-04-13,2026-04-13,2000-2026
TECH-0511-PK-general,信息技术与数字化,TECH,新兴数字职业,AI安全研究员,AI Safety Researcher,2511,15-2051.00,南亚,巴基斯坦,PK,country,general,博士,27-35,global,8.8,8.8,6.6,7.8,6.2,0.7,7.5,8.4,5.4,4.6,4.6,9.5,6.7,4.7,5.6,5.6,5.0,2.0,8.1,7.4,7.2,8.2,3.7,8.6,5.0,1.5,4.3,5.1,0.2,1.0,3.7,5.7,8.1,4.7,2,4,↑↑,2035+,5.99,巴基斯坦AI安全研究员：人才需求旺盛，AI替代抗性强，近年增长迅猛,"Pakistan AI Safety Researcher: strong talent demand, strong AI resistance, rapid recent growth",AI综合评估 + O*NET/ILO/OECD锚点校准,2026-04-13,2026-04-13,2000-2026
TECH-0511-BD-general,信息技术与数字化,TECH,新兴数字职业,AI安全研究员,AI Safety Researcher,2511,15-2051.00,南亚,孟加拉国,BD,country,general,博士,27-35,global,8.0,8.4,6.6,7.2,5.6,0.7,8.1,8.2,4.5,4.4,4.1,9.2,6.5,4.0,4.6,5.8,5.0,2.1,8.5,6.2,8.4,7.7,3.9,8.0,4.4,2.1,3.5,5.5,0.8,0.2,4.5,4.9,7.7,4.9,2,4,↑↑,2035+,5.82,孟加拉国AI安全研究员：薪资水平偏低，人才需求旺盛，AI替代抗性强,"Bangladesh AI Safety Researcher: relatively low pay, strong talent demand, strong AI resistance",AI综合评估 + O*NET/ILO/OECD锚点校准,2026-04-13,2026-04-13,2000-2026
TECH-0511-AE-general,信息技术与数字化,TECH,新兴数字职业,AI安全研究员,AI Safety Researcher,2511,15-2051.00,中亚/西亚,阿联酋,AE,country,general,博士,27-35,global,8.3,9.3,8.4,8.6,7.4,1.3,9.7,10.0,10.0,8.9,7.3,10.0,7.2,5.2,5.4,7.0,6.0,0.9,8.2,9.6,6.6,8.7,5.2,10.0,5.4,3.9,4.3,5.4,0.5,1.4,3.5,4.9,10.0,3.5,3,5,↑↑,2035+,7.25,阿联酋AI安全研究员：薪资回报高，人才需求旺盛，AI替代抗性强,"United Arab Emirates AI Safety Researcher: high compensation, strong talent demand, strong AI resistance",AI综合评估 + O*NET/ILO/OECD锚点校准,2026-04-13,2026-04-13,2000-2026
TECH-0511-IL-general,信息技术与数字化,TECH,新兴数字职业,AI安全研究员,AI Safety Researcher,2511,15-2051.00,中亚/西亚,以色列,IL,country,general,博士,27-35,global,8.8,9.4,9.8,7.5,7.8,2.3,10.0,10.0,10.0,9.1,6.1,9.5,7.2,5.2,5.4,7.6,6.6,0.9,9.0,10.0,9.6,8.9,5.4,10.0,6.2,6.9,5.1,5.1,0.5,0.7,3.9,5.9,10.0,4.3,3,5,↑↑,2035+,7.54,以色列AI安全研究员：薪资回报高，人才需求旺盛，AI替代抗性强,"Israel AI Safety Researcher: high compensation, strong talent demand, strong AI resistance",AI综合评估 + O*NET/ILO/OECD锚点校准,2026-04-13,2026-04-13,2000-2026
TECH-0511-SA-general,信息技术与数字化,TECH,新兴数字职业,AI安全研究员,AI Safety Researcher,2511,15-2051.00,中亚/西亚,沙特阿拉伯,SA,country,general,博士,27-35,global,8.5,9.3,7.0,7.7,7.0,1.7,8.7,9.8,10.0,7.6,6.8,9.7,7.0,5.0,4.9,5.8,5.6,1.2,8.8,8.4,6.0,8.4,4.2,9.0,5.4,2.4,5.3,5.7,0.9,1.1,3.1,5.1,8.7,4.1,3,5,↑↑,2035+,6.81,沙特阿拉伯AI安全研究员：薪资回报高，人才需求旺盛，AI替代抗性强,"Saudi Arabia AI Safety Researcher: high compensation, strong talent demand, strong AI resistance",AI综合评估 + O*NET/ILO/OECD锚点校准,2026-04-13,2026-04-13,2000-2026
TECH-0511-TR-general,信息技术与数字化,TECH,新兴数字职业,AI安全研究员,AI Safety Researcher,2511,15-2051.00,中亚/西亚,土耳其,TR,country,general,博士,27-35,global,8.8,8.8,7.6,8.0,7.4,2.3,9.5,10.0,7.8,5.6,4.6,9.2,6.7,5.0,5.6,7.0,5.6,1.4,8.6,7.6,7.8,7.7,4.4,8.6,6.0,3.9,4.1,5.5,0.8,1.3,3.5,5.5,8.1,3.7,3,5,↑↑,2035+,6.65,土耳其AI安全研究员：人才需求旺盛，AI替代抗性强，近年增长迅猛,"Turkey AI Safety Researcher: strong talent demand, strong AI resistance, rapid recent growth",AI综合评估 + O*NET/ILO/OECD锚点校准,2026-04-13,2026-04-13,2000-2026
TECH-0511-GB-general,信息技术与数字化,TECH,新兴数字职业,AI安全研究员,AI Safety Researcher,2511,15-2051.00,西欧,英国,GB,country,general,博士,27-35,global,9.1,9.6,8.8,7.8,8.8,3.3,10.0,10.0,10.0,8.9,6.8,9.2,7.7,5.9,6.1,6.6,6.2,0.8,8.6,10.0,10.0,9.2,6.9,9.4,6.0,7.2,5.3,5.7,0.8,1.4,3.1,6.5,10.0,3.3,3,5,↑↑,2035+,7.64,英国AI安全研究员：薪资回报高，人才需求旺盛，AI替代抗性强,"United Kingdom AI Safety Researcher: high compensation, strong talent demand, strong AI resistance",AI综合评估 + O*NET/ILO/OECD锚点校准,2026-04-13,2026-04-13,2000-2026
TECH-0511-FR-general,信息技术与数字化,TECH,新兴数字职业,AI安全研究员,AI Safety Researcher,2511,15-2051.00,西欧,法国,FR,country,general,博士,27-35,global,8.5,9.1,9.2,8.7,8.6,3.3,9.7,10.0,10.0,8.4,7.3,10.0,8.2,8.0,7.6,7.0,6.4,1.4,8.4,8.8,9.0,9.9,7.4,9.8,6.4,6.6,6.1,5.8,0.9,1.4,2.5,5.9,10.0,4.1,3,5,↑↑,2035+,7.79,法国AI安全研究员：薪资回报高，人才需求旺盛，AI替代抗性强,"France AI Safety Researcher: high compensation, strong talent demand, strong AI resistance",AI综合评估 + O*NET/ILO/OECD锚点校准,2026-04-13,2026-04-13,2000-2026
TECH-0511-DE-general,信息技术与数字化,TECH,新兴数字职业,AI安全研究员,AI Safety Researcher,2511,15-2051.00,西欧,德国,DE,country,general,博士,27-35,global,9.1,9.0,9.8,8.9,8.4,3.1,9.9,10.0,10.0,8.9,7.6,9.5,8.2,9.2,6.4,6.6,6.2,1.2,8.9,10.0,8.4,8.9,7.7,9.0,6.2,7.2,6.1,5.2,0.5,0.8,2.9,5.9,10.0,3.7,3,5,↑↑,2035+,7.83,德国AI安全研究员：薪资回报高，人才需求旺盛，AI替代抗性强,"Germany AI Safety Researcher: high compensation, strong talent demand, strong AI resistance",AI综合评估 + O*NET/ILO/OECD锚点校准,2026-04-13,2026-04-13,2000-2026
TECH-0511-NL-general,信息技术与数字化,TECH,新兴数字职业,AI安全研究员,AI Safety Researcher,2511,15-2051.00,西欧,荷兰,NL,country,general,博士,27-35,global,8.6,9.6,9.0,8.9,7.8,1.9,9.3,9.8,10.0,8.6,8.1,9.7,9.2,9.0,8.1,7.2,6.0,0.9,8.6,9.0,10.0,10.0,8.2,9.4,6.0,7.8,5.7,5.2,0.2,1.6,2.9,5.7,10.0,4.5,3,5,↑↑,2035+,7.85,荷兰AI安全研究员：薪资回报高，人才需求旺盛，AI替代抗性强,"Netherlands AI Safety Researcher: high compensation, strong talent demand, strong AI resistance",AI综合评估 + O*NET/ILO/OECD锚点校准,2026-04-13,2026-04-13,2000-2026
TECH-0511-CH-general,信息技术与数字化,TECH,新兴数字职业,AI安全研究员,AI Safety Researcher,2511,15-2051.00,西欧,瑞士,CH,country,general,博士,27-35,global,8.8,9.6,8.4,9.2,7.8,1.9,10.0,10.0,10.0,9.9,8.8,10.0,9.2,7.7,6.4,7.4,5.4,1.4,8.8,9.6,8.1,9.7,7.7,9.6,5.4,6.0,6.3,6.0,0.3,1.4,3.3,5.7,10.0,3.5,3,5,↑↑,2035+,7.78,瑞士AI安全研究员：薪资回报高，人才需求旺盛，AI替代抗性强,"Switzerland AI Safety Researcher: high compensation, strong talent demand, strong AI resistance",AI综合评估 + O*NET/ILO/OECD锚点校准,2026-04-13,2026-04-13,2000-2026
TECH-0511-SE-general,信息技术与数字化,TECH,新兴数字职业,AI安全研究员,AI Safety Researcher,2511,15-2051.00,北欧,瑞典,SE,country,general,博士,27-35,global,8.3,9.1,8.8,8.4,6.6,2.3,9.3,10.0,10.0,8.9,8.1,10.0,9.7,9.7,8.4,7.2,6.2,0.8,8.9,9.6,9.9,10.0,7.7,9.0,6.0,9.6,5.7,5.8,0.0,1.6,3.3,5.9,10.0,3.7,3,5,↑↑,2035+,7.98,瑞典AI安全研究员：薪资回报高，人才需求旺盛，AI替代抗性强,"Sweden AI Safety Researcher: high compensation, strong talent demand, strong AI resistance",AI综合评估 + O*NET/ILO/OECD锚点校准,2026-04-13,2026-04-13,2000-2026
TECH-0511-DK-general,信息技术与数字化,TECH,新兴数字职业,AI安全研究员,AI Safety Researcher,2511,15-2051.00,北欧,丹麦,DK,country,general,博士,27-35,global,8.9,9.3,8.4,9.0,6.4,1.5,9.9,10.0,10.0,8.6,7.3,10.0,9.2,8.7,8.1,6.6,5.6,1.1,8.4,9.2,9.0,10.0,8.2,9.0,5.2,9.9,5.5,5.7,0.2,1.1,3.5,5.7,10.0,4.3,3,5,↑↑,2035+,7.73,丹麦AI安全研究员：薪资回报高，人才需求旺盛，AI替代抗性强,"Denmark AI Safety Researcher: high compensation, strong talent demand, strong AI resistance",AI综合评估 + O*NET/ILO/OECD锚点校准,2026-04-13,2026-04-13,2000-2026
TECH-0511-FI-general,信息技术与数字化,TECH,新兴数字职业,AI安全研究员,AI Safety Researcher,2511,15-2051.00,北欧,芬兰,FI,country,general,博士,27-35,global,8.8,9.4,8.2,8.6,7.6,1.1,10.0,10.0,9.9,7.9,6.8,9.7,9.0,9.4,8.4,6.8,6.0,1.2,8.8,9.2,10.0,10.0,8.7,9.6,6.0,9.9,6.5,5.8,0.0,1.6,2.9,6.1,10.0,4.1,3,5,↑↑,2035+,7.86,芬兰AI安全研究员：薪资回报高，人才需求旺盛，AI替代抗性强,"Finland AI Safety Researcher: high compensation, strong talent demand, strong AI resistance",AI综合评估 + O*NET/ILO/OECD锚点校准,2026-04-13,2026-04-13,2000-2026
TECH-0511-IT-general,信息技术与数字化,TECH,新兴数字职业,AI安全研究员,AI Safety Researcher,2511,15-2051.00,南欧,意大利,IT,country,general,博士,27-35,global,8.8,8.7,7.8,8.3,7.0,2.7,8.9,8.8,9.0,6.6,5.8,9.5,7.2,5.9,6.6,6.4,6.0,1.7,8.1,8.8,6.6,8.7,5.7,9.4,6.2,3.9,5.5,5.4,0.8,1.0,3.7,4.7,8.9,4.5,3,5,↑↑,2035+,6.88,意大利AI安全研究员：薪资回报高，人才需求旺盛，AI替代抗性强,"Italy AI Safety Researcher: high compensation, strong talent demand, strong AI resistance",AI综合评估 + O*NET/ILO/OECD锚点校准,2026-04-13,2026-04-13,2000-2026
TECH-0511-ES-general,信息技术与数字化,TECH,新兴数字职业,AI安全研究员,AI Safety Researcher,2511,15-2051.00,南欧,西班牙,ES,country,general,博士,27-35,global,8.3,9.1,7.8,7.4,7.2,1.3,8.7,9.2,7.8,7.1,5.1,9.2,7.2,6.2,5.4,6.4,5.8,1.2,8.8,7.6,8.4,8.9,6.7,8.8,5.6,5.7,4.7,5.8,0.8,1.3,3.9,6.1,9.1,3.7,3,5,↑↑,2035+,6.89,西班牙AI安全研究员：人才需求旺盛，AI替代抗性强，近年增长迅猛,"Spain AI Safety Researcher: strong talent demand, strong AI resistance, rapid recent growth",AI综合评估 + O*NET/ILO/OECD锚点校准,2026-04-13,2026-04-13,2000-2026
TECH-0511-PT-general,信息技术与数字化,TECH,新兴数字职业,AI安全研究员,AI Safety Researcher,2511,15-2051.00,南欧,葡萄牙,PT,country,general,博士,27-35,global,8.6,9.1,7.2,8.1,6.4,0.7,8.9,9.8,7.5,6.1,6.3,9.5,7.2,6.7,6.6,6.0,5.0,1.7,8.0,8.8,8.4,8.7,7.2,8.6,4.6,5.7,4.9,5.4,0.2,1.6,3.5,5.7,10.0,4.7,3,5,↑↑,2035+,6.84,葡萄牙AI安全研究员：人才需求旺盛，AI替代抗性强，近年增长迅猛,"Portugal AI Safety Researcher: strong talent demand, strong AI resistance, rapid recent growth",AI综合评估 + O*NET/ILO/OECD锚点校准,2026-04-13,2026-04-13,2000-2026
TECH-0511-PL-general,信息技术与数字化,TECH,新兴数字职业,AI安全研究员,AI Safety Researcher,2511,15-2051.00,东欧,波兰,PL,country,general,博士,27-35,global,8.9,8.7,8.4,8.7,6.8,2.3,9.7,10.0,9.0,6.4,5.8,9.5,8.2,6.7,5.9,7.0,5.2,1.8,8.4,9.2,8.7,8.4,6.4,9.6,5.2,5.7,5.3,5.4,0.9,0.8,3.3,5.5,9.7,4.7,3,5,↑↑,2035+,7.15,波兰AI安全研究员：薪资回报高，人才需求旺盛，AI替代抗性强,"Poland AI Safety Researcher: high compensation, strong talent demand, strong AI resistance",AI综合评估 + O*NET/ILO/OECD锚点校准,2026-04-13,2026-04-13,2000-2026
TECH-0511-CZ-general,信息技术与数字化,TECH,新兴数字职业,AI安全研究员,AI Safety Researcher,2511,15-2051.00,东欧,捷克,CZ,country,general,博士,27-35,global,8.8,8.8,8.4,8.3,7.4,1.9,9.3,9.2,9.0,7.6,6.6,9.5,8.0,7.2,6.6,6.4,5.0,1.4,8.6,9.2,9.0,9.4,6.9,8.6,5.8,5.7,5.7,5.7,0.8,1.0,2.5,5.7,10.0,3.7,3,5,↑↑,2035+,7.32,捷克AI安全研究员：薪资回报高，人才需求旺盛，AI替代抗性强,"Czech Republic AI Safety Researcher: high compensation, strong talent demand, strong AI resistance",AI综合评估 + O*NET/ILO/OECD锚点校准,2026-04-13,2026-04-13,2000-2026
TECH-0511-RU-general,信息技术与数字化,TECH,新兴数字职业,AI安全研究员,AI Safety Researcher,2511,15-2051.00,东欧,俄罗斯,RU,country,general,博士,27-35,global,8.2,9.0,9.0,7.4,6.8,1.7,9.1,9.2,8.1,6.1,5.3,9.0,7.2,5.4,5.4,6.0,6.0,1.2,8.9,8.8,7.8,7.9,4.2,8.8,5.0,4.8,4.9,5.4,0.6,0.8,3.7,5.3,7.3,3.7,3,5,↑↑,2035+,6.74,俄罗斯AI安全研究员：薪资回报高，人才需求旺盛，AI替代抗性强,"Russia AI Safety Researcher: high compensation, strong talent demand, strong AI resistance",AI综合评估 + O*NET/ILO/OECD锚点校准,2026-04-13,2026-04-13,2000-2026
TECH-0511-US-general,信息技术与数字化,TECH,新兴数字职业,AI安全研究员,AI Safety Researcher,2511,15-2051.00,北美,美国,US,country,general,博士,27-35,global,8.9,9.1,10.0,7.8,9.2,3.9,10.0,9.8,10.0,9.4,5.3,9.5,7.5,4.7,4.4,7.0,6.8,0.9,8.5,10.0,10.0,8.4,5.4,10.0,6.0,7.2,5.9,5.8,0.6,0.7,3.5,6.1,10.0,3.7,3,5,↑↑,2035+,7.58,美国AI安全研究员：薪资回报高，人才需求旺盛，AI替代抗性强,"United States AI Safety Researcher: high compensation, strong talent demand, strong AI resistance",AI综合评估 + O*NET/ILO/OECD锚点校准,2026-04-13,2026-04-13,2000-2026
TECH-0511-CA-general,信息技术与数字化,TECH,新兴数字职业,AI安全研究员,AI Safety Researcher,2511,15-2051.00,北美,加拿大,CA,country,general,博士,27-35,global,8.6,9.3,8.6,8.3,8.2,3.3,9.9,10.0,10.0,8.1,7.8,9.7,8.0,7.5,6.1,7.4,6.2,1.4,8.6,10.0,10.0,9.9,7.7,9.2,6.0,7.8,5.5,5.8,0.3,1.0,3.3,5.5,10.0,4.1,3,5,↑↑,2035+,7.74,加拿大AI安全研究员：薪资回报高，人才需求旺盛，AI替代抗性强,"Canada AI Safety Researcher: high compensation, strong talent demand, strong AI resistance",AI综合评估 + O*NET/ILO/OECD锚点校准,2026-04-13,2026-04-13,2000-2026
TECH-0511-MX-general,信息技术与数字化,TECH,新兴数字职业,AI安全研究员,AI Safety Researcher,2511,15-2051.00,北美,墨西哥,MX,country,general,博士,27-35,global,8.5,8.7,7.6,8.0,7.4,1.9,8.5,9.0,7.5,5.4,4.8,9.5,6.7,5.0,4.6,6.4,5.8,1.8,8.6,7.6,8.4,7.9,4.7,9.4,5.8,4.2,4.3,5.1,0.2,0.7,3.5,5.5,8.7,3.5,3,5,↑↑,2035+,6.6,墨西哥AI安全研究员：人才需求旺盛，AI替代抗性强，近年增长迅猛,"Mexico AI Safety Researcher: strong talent demand, strong AI resistance, rapid recent growth",AI综合评估 + O*NET/ILO/OECD锚点校准,2026-04-13,2026-04-13,2000-2026
TECH-0511-BR-general,信息技术与数字化,TECH,新兴数字职业,AI安全研究员,AI Safety Researcher,2511,15-2051.00,南美,巴西,BR,country,general,博士,27-35,global,8.9,8.7,8.4,8.0,8.0,3.5,8.3,9.2,7.8,6.1,5.3,9.5,8.2,4.7,4.9,6.8,5.2,1.4,8.6,8.8,7.8,7.9,5.7,9.4,5.6,4.5,5.3,5.5,0.0,1.0,4.1,5.5,8.5,3.5,3,5,↑↑,2035+,6.83,巴西AI安全研究员：人才需求旺盛，AI替代抗性强，近年增长迅猛,"Brazil AI Safety Researcher: strong talent demand, strong AI resistance, rapid recent growth",AI综合评估 + O*NET/ILO/OECD锚点校准,2026-04-13,2026-04-13,2000-2026
TECH-0511-AR-general,信息技术与数字化,TECH,新兴数字职业,AI安全研究员,AI Safety Researcher,2511,15-2051.00,南美,阿根廷,AR,country,general,博士,27-35,global,8.8,8.5,8.0,7.1,5.8,1.1,8.9,9.0,6.9,6.1,3.8,9.0,6.5,4.7,5.1,6.2,4.8,1.4,8.5,7.2,8.7,9.2,4.4,8.2,4.8,4.8,5.1,5.8,0.8,0.7,3.7,5.7,8.9,4.9,3,5,↑↑,2035+,6.44,阿根廷AI安全研究员：人才需求旺盛，AI替代抗性强，远程友好度高,"Argentina AI Safety Researcher: strong talent demand, strong AI resistance, highly remote-friendly",AI综合评估 + O*NET/ILO/OECD锚点校准,2026-04-13,2026-04-13,2000-2026
TECH-0511-CL-general,信息技术与数字化,TECH,新兴数字职业,AI安全研究员,AI Safety Researcher,2511,15-2051.00,南美,智利,CL,country,general,博士,27-35,global,8.5,9.1,7.6,7.8,6.0,0.9,8.1,9.2,8.4,6.6,5.8,9.7,7.5,5.4,5.1,5.6,5.4,1.4,8.2,8.6,7.5,8.2,6.2,8.2,4.6,5.1,5.1,5.2,0.8,0.7,3.7,5.7,9.3,3.9,3,5,↑↑,2035+,6.69,智利AI安全研究员：薪资回报高，人才需求旺盛，AI替代抗性强,"Chile AI Safety Researcher: high compensation, strong talent demand, strong AI resistance",AI综合评估 + O*NET/ILO/OECD锚点校准,2026-04-13,2026-04-13,2000-2026
TECH-0511-CO-general,信息技术与数字化,TECH,新兴数字职业,AI安全研究员,AI Safety Researcher,2511,15-2051.00,南美,哥伦比亚,CO,country,general,博士,27-35,global,8.9,9.1,7.4,7.4,6.6,0.9,8.3,9.6,6.0,5.9,5.6,9.5,6.5,5.7,5.9,6.2,4.8,1.4,8.2,7.0,8.4,8.7,4.7,9.2,5.0,4.5,5.1,5.8,0.2,0.7,4.1,5.1,7.9,4.3,3,5,↑↑,2035+,6.47,哥伦比亚AI安全研究员：人才需求旺盛，AI替代抗性强，近年增长迅猛,"Colombia AI Safety Researcher: strong talent demand, strong AI resistance, rapid recent growth",AI综合评估 + O*NET/ILO/OECD锚点校准,2026-04-13,2026-04-13,2000-2026
TECH-0511-AU-general,信息技术与数字化,TECH,新兴数字职业,AI安全研究员,AI Safety Researcher,2511,15-2051.00,大洋洲,澳大利亚,AU,country,general,博士,27-35,global,8.8,8.8,8.2,8.4,7.0,2.7,9.5,10.0,10.0,7.9,7.1,9.7,8.5,8.2,6.9,7.2,6.4,1.1,8.9,10.0,8.7,9.7,6.9,8.8,6.2,7.8,5.3,5.4,0.3,1.4,3.3,5.9,10.0,3.5,3,5,↑↑,2035+,7.65,澳大利亚AI安全研究员：薪资回报高，人才需求旺盛，AI替代抗性强,"Australia AI Safety Researcher: high compensation, strong talent demand, strong AI resistance",AI综合评估 + O*NET/ILO/OECD锚点校准,2026-04-13,2026-04-13,2000-2026
TECH-0511-NZ-general,信息技术与数字化,TECH,新兴数字职业,AI安全研究员,AI Safety Researcher,2511,15-2051.00,大洋洲,新西兰,NZ,country,general,博士,27-35,global,8.2,9.1,7.6,8.4,6.8,0.5,8.9,9.0,10.0,8.1,7.8,10.0,8.7,8.7,7.4,6.2,5.2,1.8,8.6,8.8,9.6,10.0,7.4,8.6,5.4,9.3,5.5,5.8,0.6,1.0,3.3,6.3,10.0,4.5,3,5,↑↑,2035+,7.51,新西兰AI安全研究员：薪资回报高，人才需求旺盛，AI替代抗性强,"New Zealand AI Safety Researcher: high compensation, strong talent demand, strong AI resistance",AI综合评估 + O*NET/ILO/OECD锚点校准,2026-04-13,2026-04-13,2000-2026
TECH-0511-ZA-general,信息技术与数字化,TECH,新兴数字职业,AI安全研究员,AI Safety Researcher,2511,15-2051.00,非洲,南非,ZA,country,general,博士,27-35,global,8.9,8.7,7.0,7.8,6.2,0.9,8.5,10.0,7.2,5.9,4.8,9.2,7.7,5.9,5.9,6.2,5.4,1.4,8.5,8.0,6.3,7.4,5.4,9.2,4.8,5.4,5.3,5.2,0.3,1.0,4.1,5.7,8.1,4.9,3,5,↑↑,2035+,6.53,南非AI安全研究员：人才需求旺盛，AI替代抗性强，近年增长迅猛,"South Africa AI Safety Researcher: strong talent demand, strong AI resistance, rapid recent growth",AI综合评估 + O*NET/ILO/OECD锚点校准,2026-04-13,2026-04-13,2000-2026
TECH-0511-NG-general,信息技术与数字化,TECH,新兴数字职业,AI安全研究员,AI Safety Researcher,2511,15-2051.00,非洲,尼日利亚,NG,country,general,博士,27-35,global,7.9,8.8,7.4,7.8,5.2,1.3,8.1,8.2,6.0,5.1,3.6,9.5,7.2,5.0,4.1,6.0,4.8,1.8,8.6,7.0,7.2,8.7,3.4,8.2,4.4,1.8,4.5,5.1,0.5,0.4,4.1,4.7,7.7,4.5,2,4,↑↑,2035+,6.04,尼日利亚AI安全研究员：人才需求旺盛，AI替代抗性强，就业波动大,"Nigeria AI Safety Researcher: strong talent demand, strong AI resistance, volatile employment",AI综合评估 + O*NET/ILO/OECD锚点校准,2026-04-13,2026-04-13,2000-2026
TECH-0511-KE-general,信息技术与数字化,TECH,新兴数字职业,AI安全研究员,AI Safety Researcher,2511,15-2051.00,非洲,肯尼亚,KE,country,general,博士,27-35,global,8.8,8.7,6.4,7.2,5.0,0.5,8.1,7.2,5.4,4.4,5.3,9.2,6.5,5.2,4.9,5.6,4.4,2.0,8.0,7.8,7.5,7.4,5.2,8.4,5.0,3.0,4.9,5.5,0.8,0.7,3.9,5.5,7.9,4.3,2,4,↑↑,2035+,5.96,肯尼亚AI安全研究员：人才需求旺盛，AI替代抗性强，近年增长迅猛,"Kenya AI Safety Researcher: strong talent demand, strong AI resistance, rapid recent growth",AI综合评估 + O*NET/ILO/OECD锚点校准,2026-04-13,2026-04-13,2000-2026
TECH-0511-EG-general,信息技术与数字化,TECH,新兴数字职业,AI安全研究员,AI Safety Researcher,2511,15-2051.00,非洲,埃及,EG,country,general,博士,27-35,global,8.0,9.3,6.8,7.8,6.6,1.7,7.7,8.4,5.1,5.1,5.3,9.0,7.0,3.7,4.4,6.4,4.8,2.1,8.5,7.2,6.0,7.2,4.7,9.0,4.6,1.8,4.7,5.2,0.8,0.5,3.9,5.3,8.3,4.9,2,4,↑↑,2035+,6.02,埃及AI安全研究员：人才需求旺盛，AI替代抗性强，近年增长迅猛,"Egypt AI Safety Researcher: strong talent demand, strong AI resistance, rapid recent growth",AI综合评估 + O*NET/ILO/OECD锚点校准,2026-04-13,2026-04-13,2000-2026
TECH-0512-CN-general,信息技术与数字化,TECH,新兴数字职业,MLOps工程师,MLOps Engineer,2522,15-1244.00,东亚,中国,CN,country,general,本科/硕士,23-30,global,6.3,5.6,10.0,6.8,9.8,7.6,9.0,8.9,10.0,8.6,4.6,9.5,5.7,1.4,3.3,8.0,7.2,1.0,6.4,8.2,5.6,5.4,2.9,7.7,7.0,3.9,5.4,5.6,0.6,0.2,4.2,6.0,7.1,2.4,4,5,↑↑,2032-2038,6.88,中国MLOps工程师：薪资回报高，人才需求旺盛，加班文化严重,"China MLOps Engineer: high compensation, strong talent demand, heavy overtime culture",AI综合评估 + O*NET/ILO/OECD锚点校准,2026-04-13,2026-04-13,2000-2026
TECH-0512-JP-general,信息技术与数字化,TECH,新兴数字职业,MLOps工程师,MLOps Engineer,2522,15-1244.00,东亚,日本,JP,country,general,本科/硕士,23-30,global,6.9,5.6,8.8,7.5,8.8,6.4,9.2,8.9,8.7,8.6,7.6,10.0,5.7,1.9,3.1,7.8,7.2,1.3,5.7,8.4,7.7,6.9,3.7,6.9,6.8,3.3,6.0,5.2,0.6,0.9,3.2,6.6,7.1,3.0,4,5,↑↑,2028-2033,6.91,日本MLOps工程师：薪资回报高，人才需求旺盛，加班文化严重,"Japan MLOps Engineer: high compensation, strong talent demand, heavy overtime culture",AI综合评估 + O*NET/ILO/OECD锚点校准,2026-04-13,2026-04-13,2000-2026
TECH-0512-KR-general,信息技术与数字化,TECH,新兴数字职业,MLOps工程师,MLOps Engineer,2522,15-1244.00,东亚,韩国,KR,country,general,本科/硕士,23-30,global,6.9,6.1,8.6,6.3,9.2,6.0,9.6,9.3,8.4,9.1,6.1,9.7,6.0,2.4,3.3,8.2,7.2,1.4,5.7,8.2,7.4,5.7,3.7,7.5,6.6,3.3,5.0,5.2,1.0,0.3,4.2,6.2,8.5,2.6,4,5,↑↑,2028-2033,6.83,韩国MLOps工程师：薪资回报高，人才需求旺盛，加班文化严重,"South Korea MLOps Engineer: high compensation, strong talent demand, heavy overtime culture",AI综合评估 + O*NET/ILO/OECD锚点校准,2026-04-13,2026-04-13,2000-2026
TECH-0512-TW-general,信息技术与数字化,TECH,新兴数字职业,MLOps工程师,MLOps Engineer,2522,15-1244.00,东亚,中国台湾地区,TW,region,general,本科/硕士,23-30,global,6.5,5.9,9.0,6.6,7.8,5.2,9.4,8.9,8.4,7.6,6.4,9.2,6.5,3.2,4.1,8.2,6.8,1.1,6.3,7.4,7.1,6.7,3.9,7.5,7.0,5.7,5.2,5.6,1.0,0.5,4.0,6.0,9.1,3.2,4,5,↑↑,2032-2038,6.9,中国台湾地区MLOps工程师：薪资回报高，人才需求旺盛，加班文化严重,"Taiwan (China) MLOps Engineer: high compensation, strong talent demand, heavy overtime culture",AI综合评估 + O*NET/ILO/OECD锚点校准,2026-04-13,2026-04-13,2000-2026
TECH-0512-HK-general,信息技术与数字化,TECH,新兴数字职业,MLOps工程师,MLOps Engineer,2522,15-1244.00,东亚,中国香港地区,HK,region,general,本科/硕士,23-30,global,6.2,5.3,7.6,7.1,7.4,4.4,9.2,8.3,9.6,8.4,6.4,9.7,5.0,2.4,3.8,7.4,7.0,1.7,6.5,7.8,8.0,6.7,4.4,7.1,5.8,5.7,5.4,5.6,1.2,0.9,4.2,6.4,10.0,3.4,4,5,↑↑,2032-2038,6.87,中国香港地区MLOps工程师：薪资回报高，人才需求旺盛，加班文化严重,"Hong Kong (China) MLOps Engineer: high compensation, strong talent demand, heavy overtime culture",AI综合评估 + O*NET/ILO/OECD锚点校准,2026-04-13,2026-04-13,2000-2026
TECH-0512-SG-general,信息技术与数字化,TECH,新兴数字职业,MLOps工程师,MLOps Engineer,2522,15-1244.00,东南亚,新加坡,SG,country,general,本科/硕士,23-30,global,7.1,6.2,8.6,7.4,7.8,4.6,9.6,9.5,10.0,9.6,8.4,9.7,5.5,4.2,4.8,8.0,6.4,1.0,6.3,8.0,8.3,7.2,4.4,7.9,7.2,6.6,5.4,5.6,0.7,0.5,4.0,6.6,10.0,2.2,4,5,↑↑,2032-2038,7.36,新加坡MLOps工程师：薪资回报高，人才需求旺盛，就业稳定,"Singapore MLOps Engineer: high compensation, strong talent demand, stable employment",AI综合评估 + O*NET/ILO/OECD锚点校准,2026-04-13,2026-04-13,2000-2026
TECH-0512-TH-general,信息技术与数字化,TECH,新兴数字职业,MLOps工程师,MLOps Engineer,2522,15-1244.00,东南亚,泰国,TH,country,general,本科/硕士,23-30,global,6.6,5.8,7.0,6.5,6.8,3.4,8.2,7.9,6.0,5.6,5.4,9.2,6.0,4.4,4.8,7.8,5.8,1.4,5.7,6.4,7.7,6.9,5.4,7.1,6.8,4.5,5.6,5.0,1.3,0.8,3.6,6.2,7.3,3.2,4,5,↑↑,2028-2033,6.32,泰国MLOps工程师：人才需求旺盛，近年增长迅猛,"Thailand MLOps Engineer: strong talent demand, rapid recent growth",AI综合评估 + O*NET/ILO/OECD锚点校准,2026-04-13,2026-04-13,2000-2026
TECH-0512-VN-general,信息技术与数字化,TECH,新兴数字职业,MLOps工程师,MLOps Engineer,2522,15-1244.00,东南亚,越南,VN,country,general,本科/硕士,23-30,global,6.6,5.3,7.4,6.5,6.8,3.8,7.6,7.3,5.7,6.4,5.6,9.5,6.2,3.9,4.3,7.6,6.6,1.4,5.9,6.6,8.3,6.7,4.7,6.7,6.2,4.2,4.4,5.3,1.2,0.5,4.6,6.2,8.1,3.2,4,5,↑↑,2028-2033,6.31,越南MLOps工程师：人才需求旺盛，近年增长迅猛,"Vietnam MLOps Engineer: strong talent demand, rapid recent growth",AI综合评估 + O*NET/ILO/OECD锚点校准,2026-04-13,2026-04-13,2000-2026
TECH-0512-ID-general,信息技术与数字化,TECH,新兴数字职业,MLOps工程师,MLOps Engineer,2522,15-1244.00,东南亚,印度尼西亚,ID,country,general,本科/硕士,23-30,global,6.0,5.3,8.2,5.9,8.0,5.0,7.6,8.1,5.1,6.4,5.9,9.5,5.7,4.4,4.8,6.8,6.8,1.4,5.9,6.2,6.2,6.7,4.9,6.5,6.6,4.2,4.8,5.2,0.7,0.2,3.8,5.8,7.1,3.4,4,5,↑↑,2028-2033,6.34,印度尼西亚MLOps工程师：人才需求旺盛，近年增长迅猛,"Indonesia MLOps Engineer: strong talent demand, rapid recent growth",AI综合评估 + O*NET/ILO/OECD锚点校准,2026-04-13,2026-04-13,2000-2026
TECH-0512-MY-general,信息技术与数字化,TECH,新兴数字职业,MLOps工程师,MLOps Engineer,2522,15-1244.00,东南亚,马来西亚,MY,country,general,本科/硕士,23-30,global,6.2,5.6,8.0,6.5,6.4,3.2,8.0,7.5,7.5,6.9,6.1,9.2,5.7,4.9,5.3,7.4,5.8,1.6,5.7,6.4,8.6,7.2,5.7,7.5,6.8,5.1,5.6,5.2,1.3,0.3,3.6,6.4,9.1,3.8,4,5,↑↑,2028-2033,6.62,马来西亚MLOps工程师：人才需求旺盛，远程友好度高，近年增长迅猛,"Malaysia MLOps Engineer: strong talent demand, highly remote-friendly, rapid recent growth",AI综合评估 + O*NET/ILO/OECD锚点校准,2026-04-13,2026-04-13,2000-2026
TECH-0512-PH-general,信息技术与数字化,TECH,新兴数字职业,MLOps工程师,MLOps Engineer,2522,15-1244.00,东南亚,菲律宾,PH,country,general,本科/硕士,23-30,global,6.0,5.9,6.8,5.9,7.0,4.2,8.2,7.1,4.5,6.4,4.9,9.5,5.7,3.4,3.8,7.6,6.6,1.3,5.5,6.0,8.9,6.7,4.9,7.1,6.2,5.4,4.6,5.6,0.7,0.3,3.8,6.2,8.7,3.4,4,5,↑↑,2028-2033,6.24,菲律宾MLOps工程师：薪资水平偏低，人才需求旺盛，远程友好度高,"Philippines MLOps Engineer: relatively low pay, strong talent demand, highly remote-friendly",AI综合评估 + O*NET/ILO/OECD锚点校准,2026-04-13,2026-04-13,2000-2026
TECH-0512-IN-general,信息技术与数字化,TECH,新兴数字职业,MLOps工程师,MLOps Engineer,2522,15-1244.00,南亚,印度,IN,country,general,本科/硕士,23-30,global,6.9,5.8,9.6,6.5,9.6,6.8,9.0,9.3,6.6,8.1,5.6,9.7,5.2,2.4,3.3,8.0,7.0,1.0,6.1,7.4,8.9,6.2,4.7,6.7,6.6,3.0,5.2,5.2,1.3,0.3,3.8,6.6,9.1,2.0,4,5,↑↑,2032-2038,6.84,印度MLOps工程师：人才需求旺盛，远程友好度高，加班文化严重,"India MLOps Engineer: strong talent demand, highly remote-friendly, heavy overtime culture",AI综合评估 + O*NET/ILO/OECD锚点校准,2026-04-13,2026-04-13,2000-2026
TECH-0512-PK-general,信息技术与数字化,TECH,新兴数字职业,MLOps工程师,MLOps Engineer,2522,15-1244.00,南亚,巴基斯坦,PK,country,general,本科/硕士,23-30,global,6.3,5.6,6.8,6.2,6.2,3.6,7.8,6.1,3.6,5.6,4.4,9.5,6.5,2.7,3.8,6.4,6.0,1.7,6.0,5.2,8.6,6.4,3.9,6.7,5.8,1.8,5.2,5.6,1.5,0.3,4.4,5.8,7.1,3.8,3,4,↑↑,2032-2038,5.77,巴基斯坦MLOps工程师：薪资水平偏低，人才需求旺盛，远程友好度高,"Pakistan MLOps Engineer: relatively low pay, strong talent demand, highly remote-friendly",AI综合评估 + O*NET/ILO/OECD锚点校准,2026-04-13,2026-04-13,2000-2026
TECH-0512-BD-general,信息技术与数字化,TECH,新兴数字职业,MLOps工程师,MLOps Engineer,2522,15-1244.00,南亚,孟加拉国,BD,country,general,本科/硕士,23-30,global,5.9,5.2,6.0,5.7,6.0,2.8,7.0,6.5,2.4,5.1,4.4,9.2,5.0,3.2,4.6,7.0,6.0,2.2,5.6,5.6,8.6,6.7,3.9,5.9,5.8,1.8,4.8,5.6,0.9,0.5,4.2,6.8,7.9,3.0,3,4,↑↑,2028-2033,5.65,孟加拉国MLOps工程师：薪资水平偏低，远程友好度高，加班文化严重,"Bangladesh MLOps Engineer: relatively low pay, highly remote-friendly, heavy overtime culture",AI综合评估 + O*NET/ILO/OECD锚点校准,2026-04-13,2026-04-13,2000-2026
TECH-0512-AE-general,信息技术与数字化,TECH,新兴数字职业,MLOps工程师,MLOps Engineer,2522,15-1244.00,中亚/西亚,阿联酋,AE,country,general,本科/硕士,23-30,global,6.6,5.3,8.4,7.4,7.4,3.8,9.8,8.9,10.0,8.9,7.1,10.0,6.5,4.4,4.3,8.0,6.0,1.3,5.7,8.0,8.3,6.7,4.9,7.1,7.0,5.1,6.0,5.5,1.2,0.9,3.6,6.0,9.9,3.2,4,5,↑↑,2028-2033,7.14,阿联酋MLOps工程师：薪资回报高，人才需求旺盛，近年增长迅猛,"United Arab Emirates MLOps Engineer: high compensation, strong talent demand, rapid recent growth",AI综合评估 + O*NET/ILO/OECD锚点校准,2026-04-13,2026-04-13,2000-2026
TECH-0512-IL-general,信息技术与数字化,TECH,新兴数字职业,MLOps工程师,MLOps Engineer,2522,15-1244.00,中亚/西亚,以色列,IL,country,general,本科/硕士,23-30,global,6.6,5.8,8.6,6.5,8.0,4.8,10.0,9.7,10.0,9.4,5.4,9.7,6.0,3.7,5.3,8.0,7.0,1.0,6.4,8.8,9.2,7.7,5.4,7.1,7.2,6.9,6.2,5.3,0.9,0.2,4.2,6.8,9.3,3.4,4,5,↑↑,2032-2038,7.35,以色列MLOps工程师：薪资回报高，人才需求旺盛，远程友好度高,"Israel MLOps Engineer: high compensation, strong talent demand, highly remote-friendly",AI综合评估 + O*NET/ILO/OECD锚点校准,2026-04-13,2026-04-13,2000-2026
TECH-0512-SA-general,信息技术与数字化,TECH,新兴数字职业,MLOps工程师,MLOps Engineer,2522,15-1244.00,中亚/西亚,沙特阿拉伯,SA,country,general,本科/硕士,23-30,global,6.0,5.3,7.2,6.6,7.6,4.4,7.8,7.9,9.3,8.4,6.4,9.7,5.7,3.7,4.8,7.2,6.2,1.4,5.9,7.2,6.8,6.4,5.4,7.3,6.2,2.4,4.6,5.9,1.3,0.2,3.6,6.0,7.3,3.4,4,5,↑↑,2028-2033,6.64,沙特阿拉伯MLOps工程师：薪资回报高，人才需求旺盛，近年增长迅猛,"Saudi Arabia MLOps Engineer: high compensation, strong talent demand, rapid recent growth",AI综合评估 + O*NET/ILO/OECD锚点校准,2026-04-13,2026-04-13,2000-2026
TECH-0512-TR-general,信息技术与数字化,TECH,新兴数字职业,MLOps工程师,MLOps Engineer,2522,15-1244.00,中亚/西亚,土耳其,TR,country,general,本科/硕士,23-30,global,6.2,5.9,8.6,5.9,8.2,4.4,8.0,7.3,5.7,7.1,5.1,9.0,6.2,3.4,4.6,7.0,6.8,1.7,6.1,6.4,8.3,6.2,4.9,7.5,6.4,2.7,5.2,5.2,1.2,0.8,3.8,5.8,8.3,3.6,4,5,↑↑,2032-2038,6.37,土耳其MLOps工程师：人才需求旺盛，加班文化严重，近年增长迅猛,"Turkey MLOps Engineer: strong talent demand, heavy overtime culture, rapid recent growth",AI综合评估 + O*NET/ILO/OECD锚点校准,2026-04-13,2026-04-13,2000-2026
TECH-0512-GB-general,信息技术与数字化,TECH,新兴数字职业,MLOps工程师,MLOps Engineer,2522,15-1244.00,西欧,英国,GB,country,general,本科/硕士,23-30,global,7.2,5.8,9.6,7.1,8.8,5.8,9.6,9.7,10.0,10.0,6.1,9.2,6.7,5.7,6.3,8.2,7.2,1.0,6.4,8.6,10.0,6.9,5.9,7.5,7.4,7.5,5.6,5.6,0.6,0.9,4.0,7.4,10.0,3.0,4,5,↑↑,2032-2038,7.63,英国MLOps工程师：薪资回报高，人才需求旺盛，远程友好度高,"United Kingdom MLOps Engineer: high compensation, strong talent demand, highly remote-friendly",AI综合评估 + O*NET/ILO/OECD锚点校准,2026-04-13,2026-04-13,2000-2026
TECH-0512-FR-general,信息技术与数字化,TECH,新兴数字职业,MLOps工程师,MLOps Engineer,2522,15-1244.00,西欧,法国,FR,country,general,本科/硕士,23-30,global,7.1,5.9,9.2,6.8,8.8,5.8,9.6,9.7,9.6,8.6,7.1,9.5,8.0,5.9,5.8,7.2,6.8,1.3,6.1,7.2,8.9,8.2,6.7,7.5,6.8,6.3,6.2,5.3,1.2,0.8,3.4,6.4,9.3,3.2,4,5,↑↑,2032-2038,7.44,法国MLOps工程师：薪资回报高，人才需求旺盛，远程友好度高,"France MLOps Engineer: high compensation, strong talent demand, highly remote-friendly",AI综合评估 + O*NET/ILO/OECD锚点校准,2026-04-13,2026-04-13,2000-2026
TECH-0512-DE-general,信息技术与数字化,TECH,新兴数字职业,MLOps工程师,MLOps Engineer,2522,15-1244.00,西欧,德国,DE,country,general,本科/硕士,23-30,global,7.1,6.2,8.6,7.5,8.4,6.0,9.8,9.5,10.0,9.9,7.9,9.5,6.7,7.9,6.6,8.0,7.8,1.4,6.0,8.0,8.6,7.7,7.4,7.3,7.8,7.5,6.8,5.2,1.2,0.5,4.0,7.2,9.5,3.0,4,5,↑↑,2032-2038,7.71,德国MLOps工程师：薪资回报高，人才需求旺盛，远程友好度高,"Germany MLOps Engineer: high compensation, strong talent demand, highly remote-friendly",AI综合评估 + O*NET/ILO/OECD锚点校准,2026-04-13,2026-04-13,2000-2026
TECH-0512-NL-general,信息技术与数字化,TECH,新兴数字职业,MLOps工程师,MLOps Engineer,2522,15-1244.00,西欧,荷兰,NL,country,general,本科/硕士,23-30,global,6.8,5.5,9.0,7.4,7.8,5.0,9.0,9.5,10.0,8.9,8.1,9.5,8.5,8.4,6.6,8.0,6.8,0.8,6.0,7.6,10.0,8.2,7.9,6.9,7.2,8.7,7.0,5.8,1.3,1.1,3.2,7.0,10.0,3.4,4,5,↑↑,2032-2038,7.79,荷兰MLOps工程师：薪资回报高，人才需求旺盛，远程友好度高,"Netherlands MLOps Engineer: high compensation, strong talent demand, highly remote-friendly",AI综合评估 + O*NET/ILO/OECD锚点校准,2026-04-13,2026-04-13,2000-2026
TECH-0512-CH-general,信息技术与数字化,TECH,新兴数字职业,MLOps工程师,MLOps Engineer,2522,15-1244.00,西欧,瑞士,CH,country,general,本科/硕士,23-30,global,6.5,5.9,8.8,7.4,7.6,4.2,8.8,9.5,10.0,9.4,9.4,9.7,8.2,7.2,5.8,7.6,7.0,1.0,6.0,9.0,9.5,7.2,6.9,7.5,6.2,7.2,6.4,5.2,0.9,1.1,3.6,6.4,9.9,2.4,4,5,↑↑,2032-2038,7.66,瑞士MLOps工程师：薪资回报高，人才需求旺盛，远程友好度高,"Switzerland MLOps Engineer: high compensation, strong talent demand, highly remote-friendly",AI综合评估 + O*NET/ILO/OECD锚点校准,2026-04-13,2026-04-13,2000-2026
TECH-0512-SE-general,信息技术与数字化,TECH,新兴数字职业,MLOps工程师,MLOps Engineer,2522,15-1244.00,北欧,瑞典,SE,country,general,本科/硕士,23-30,global,6.9,5.5,8.2,6.8,8.0,4.0,9.0,8.9,9.6,8.6,7.4,9.7,7.5,7.7,7.6,7.4,6.6,0.8,6.3,8.2,10.0,7.7,8.9,7.5,7.4,8.7,7.0,5.8,1.2,0.5,3.8,6.8,10.0,3.6,4,5,↑↑,2032-2038,7.68,瑞典MLOps工程师：薪资回报高，人才需求旺盛，远程友好度高,"Sweden MLOps Engineer: high compensation, strong talent demand, highly remote-friendly",AI综合评估 + O*NET/ILO/OECD锚点校准,2026-04-13,2026-04-13,2000-2026
TECH-0512-DK-general,信息技术与数字化,TECH,新兴数字职业,MLOps工程师,MLOps Engineer,2522,15-1244.00,北欧,丹麦,DK,country,general,本科/硕士,23-30,global,6.6,5.6,8.2,7.5,7.4,4.0,9.4,9.1,10.0,9.4,7.4,9.5,8.0,8.9,7.8,7.6,6.2,1.3,6.3,8.2,9.5,8.9,8.7,6.9,6.2,8.7,6.2,5.2,0.9,0.9,3.6,7.0,9.5,3.2,4,5,↑↑,2032-2038,7.72,丹麦MLOps工程师：薪资回报高，人才需求旺盛，远程友好度高,"Denmark MLOps Engineer: high compensation, strong talent demand, highly remote-friendly",AI综合评估 + O*NET/ILO/OECD锚点校准,2026-04-13,2026-04-13,2000-2026
TECH-0512-FI-general,信息技术与数字化,TECH,新兴数字职业,MLOps工程师,MLOps Engineer,2522,15-1244.00,北欧,芬兰,FI,country,general,本科/硕士,23-30,global,7.2,6.1,8.2,7.4,7.4,3.8,9.8,9.5,9.9,9.1,7.6,9.7,8.7,8.7,7.1,8.0,6.2,1.4,6.4,7.8,10.0,7.7,8.2,6.9,6.0,10.0,6.4,5.3,0.7,1.2,3.0,7.0,9.9,3.6,4,5,↑↑,2032-2038,7.69,芬兰MLOps工程师：薪资回报高，人才需求旺盛，远程友好度高,"Finland MLOps Engineer: high compensation, strong talent demand, highly remote-friendly",AI综合评估 + O*NET/ILO/OECD锚点校准,2026-04-13,2026-04-13,2000-2026
TECH-0512-IT-general,信息技术与数字化,TECH,新兴数字职业,MLOps工程师,MLOps Engineer,2522,15-1244.00,南欧,意大利,IT,country,general,本科/硕士,23-30,global,6.3,5.5,7.4,6.3,8.0,5.4,8.6,7.7,7.5,6.9,5.4,9.7,7.2,5.7,5.1,6.8,6.8,1.4,6.4,7.2,8.3,6.9,5.2,7.3,7.0,5.1,6.0,5.9,0.6,0.2,3.6,6.4,8.3,3.2,4,5,↑↑,2032-2038,6.82,意大利MLOps工程师：人才需求旺盛，近年增长迅猛,"Italy MLOps Engineer: strong talent demand, rapid recent growth",AI综合评估 + O*NET/ILO/OECD锚点校准,2026-04-13,2026-04-13,2000-2026
TECH-0512-ES-general,信息技术与数字化,TECH,新兴数字职业,MLOps工程师,MLOps Engineer,2522,15-1244.00,南欧,西班牙,ES,country,general,本科/硕士,23-30,global,6.9,5.8,8.4,6.3,7.0,4.2,8.8,7.1,8.1,6.9,5.6,9.2,6.5,5.2,4.8,7.2,5.8,1.7,5.7,7.2,9.2,6.9,6.4,6.7,6.6,5.4,5.6,5.6,1.3,0.3,4.2,6.8,9.5,2.8,4,5,↑↑,2028-2033,6.73,西班牙MLOps工程师：薪资回报高，人才需求旺盛，远程友好度高,"Spain MLOps Engineer: high compensation, strong talent demand, highly remote-friendly",AI综合评估 + O*NET/ILO/OECD锚点校准,2026-04-13,2026-04-13,2000-2026
TECH-0512-PT-general,信息技术与数字化,TECH,新兴数字职业,MLOps工程师,MLOps Engineer,2522,15-1244.00,南欧,葡萄牙,PT,country,general,本科/硕士,23-30,global,6.8,5.5,7.8,6.8,7.4,3.2,8.8,7.5,6.6,6.6,5.1,9.7,6.7,5.4,5.8,7.0,6.4,1.6,5.7,6.0,8.9,7.9,6.9,6.5,6.0,6.0,5.4,5.0,0.9,0.9,3.8,6.8,9.5,2.8,4,5,↑↑,2028-2033,6.69,葡萄牙MLOps工程师：人才需求旺盛，远程友好度高，近年增长迅猛,"Portugal MLOps Engineer: strong talent demand, highly remote-friendly, rapid recent growth",AI综合评估 + O*NET/ILO/OECD锚点校准,2026-04-13,2026-04-13,2000-2026
TECH-0512-PL-general,信息技术与数字化,TECH,新兴数字职业,MLOps工程师,MLOps Engineer,2522,15-1244.00,东欧,波兰,PL,country,general,本科/硕士,23-30,global,6.6,5.9,8.4,6.3,8.0,4.2,8.4,8.3,7.8,7.9,7.4,9.2,6.7,5.7,5.1,7.6,7.0,1.6,6.1,7.6,8.9,7.4,6.2,7.3,6.4,4.8,6.0,5.5,1.3,0.8,3.6,7.0,9.7,3.2,4,5,↑↑,2032-2038,7.03,波兰MLOps工程师：人才需求旺盛，远程友好度高，近年增长迅猛,"Poland MLOps Engineer: strong talent demand, highly remote-friendly, rapid recent growth",AI综合评估 + O*NET/ILO/OECD锚点校准,2026-04-13,2026-04-13,2000-2026
TECH-0512-CZ-general,信息技术与数字化,TECH,新兴数字职业,MLOps工程师,MLOps Engineer,2522,15-1244.00,东欧,捷克,CZ,country,general,本科/硕士,23-30,global,7.1,5.3,8.0,6.9,8.0,4.2,8.8,8.1,7.5,7.6,6.6,9.7,7.5,5.7,6.1,7.6,6.8,1.7,5.7,7.6,9.2,7.7,6.9,7.3,6.6,5.7,5.6,5.3,1.0,0.5,3.4,7.0,8.9,3.6,4,5,↑↑,2028-2033,7.04,捷克MLOps工程师：人才需求旺盛，远程友好度高，近年增长迅猛,"Czech Republic MLOps Engineer: strong talent demand, highly remote-friendly, rapid recent growth",AI综合评估 + O*NET/ILO/OECD锚点校准,2026-04-13,2026-04-13,2000-2026
TECH-0512-RU-general,信息技术与数字化,TECH,新兴数字职业,MLOps工程师,MLOps Engineer,2522,15-1244.00,东欧,俄罗斯,RU,country,general,本科/硕士,23-30,global,6.8,5.9,9.0,6.2,7.8,5.2,9.4,7.5,6.9,6.6,3.9,9.2,6.5,4.9,5.3,7.2,7.0,1.6,6.3,6.4,8.3,7.4,5.4,6.7,6.6,4.5,5.8,5.8,0.9,0.0,4.8,6.2,6.9,3.6,4,5,↑↑,2032-2038,6.6,俄罗斯MLOps工程师：人才需求旺盛，就业波动大，近年增长迅猛,"Russia MLOps Engineer: strong talent demand, volatile employment, rapid recent growth",AI综合评估 + O*NET/ILO/OECD锚点校准,2026-04-13,2026-04-13,2000-2026
TECH-0512-US-general,信息技术与数字化,TECH,新兴数字职业,MLOps工程师,MLOps Engineer,2522,15-1244.00,北美,美国,US,country,general,本科/硕士,23-30,global,6.5,5.5,9.4,6.3,9.4,6.8,10.0,9.5,10.0,10.0,6.1,9.5,6.0,2.7,4.3,8.4,7.6,0.8,6.4,9.6,10.0,7.9,4.4,8.1,7.4,6.6,6.4,5.8,1.0,0.5,4.4,7.4,9.9,2.2,4,5,↑↑,2032-2038,7.59,美国MLOps工程师：薪资回报高，人才需求旺盛，远程友好度高,"United States MLOps Engineer: high compensation, strong talent demand, highly remote-friendly",AI综合评估 + O*NET/ILO/OECD锚点校准,2026-04-13,2026-04-13,2000-2026
TECH-0512-CA-general,信息技术与数字化,TECH,新兴数字职业,MLOps工程师,MLOps Engineer,2522,15-1244.00,北美,加拿大,CA,country,general,本科/硕士,23-30,global,6.8,5.8,9.4,6.6,9.0,6.0,9.8,9.7,10.0,9.1,7.1,10.0,7.7,5.7,5.6,7.8,7.4,1.0,5.9,7.6,10.0,7.9,7.2,7.5,6.6,8.1,5.8,5.9,0.9,0.9,3.4,6.8,9.9,3.2,4,5,↑↑,2028-2033,7.66,加拿大MLOps工程师：薪资回报高，人才需求旺盛，远程友好度高,"Canada MLOps Engineer: high compensation, strong talent demand, highly remote-friendly",AI综合评估 + O*NET/ILO/OECD锚点校准,2026-04-13,2026-04-13,2000-2026
TECH-0512-MX-general,信息技术与数字化,TECH,新兴数字职业,MLOps工程师,MLOps Engineer,2522,15-1244.00,北美,墨西哥,MX,country,general,本科/硕士,23-30,global,6.5,5.0,7.4,6.3,8.2,5.2,8.2,7.3,5.4,5.9,5.1,9.2,6.5,3.2,4.6,7.4,6.8,1.6,5.9,6.0,8.3,7.2,4.4,6.1,6.0,4.8,5.6,5.6,1.0,0.5,3.8,7.0,7.5,3.0,4,5,↑↑,2028-2033,6.35,墨西哥MLOps工程师：人才需求旺盛，加班文化严重，近年增长迅猛,"Mexico MLOps Engineer: strong talent demand, heavy overtime culture, rapid recent growth",AI综合评估 + O*NET/ILO/OECD锚点校准,2026-04-13,2026-04-13,2000-2026
TECH-0512-BR-general,信息技术与数字化,TECH,新兴数字职业,MLOps工程师,MLOps Engineer,2522,15-1244.00,南美,巴西,BR,country,general,本科/硕士,23-30,global,6.0,5.6,8.4,6.2,8.6,6.0,8.4,7.5,6.6,7.4,4.6,9.7,7.0,3.9,5.3,8.0,6.8,1.9,5.5,7.0,8.6,7.2,4.9,7.1,7.2,4.2,6.0,5.5,0.7,0.9,4.0,6.2,7.3,2.2,4,5,↑↑,2028-2033,6.66,巴西MLOps工程师：人才需求旺盛，远程友好度高，近年增长迅猛,"Brazil MLOps Engineer: strong talent demand, highly remote-friendly, rapid recent growth",AI综合评估 + O*NET/ILO/OECD锚点校准,2026-04-13,2026-04-13,2000-2026
TECH-0512-AR-general,信息技术与数字化,TECH,新兴数字职业,MLOps工程师,MLOps Engineer,2522,15-1244.00,南美,阿根廷,AR,country,general,本科/硕士,23-30,global,6.3,5.6,7.8,6.0,6.6,3.6,8.0,7.1,4.8,5.9,4.1,9.2,6.5,4.7,4.6,7.6,5.8,1.4,6.1,6.2,8.6,7.7,5.2,6.9,6.4,4.8,5.2,5.8,1.5,0.0,4.8,6.6,7.5,3.6,4,5,↑↑,2032-2038,6.27,阿根廷MLOps工程师：人才需求旺盛，远程友好度高，近年增长迅猛,"Argentina MLOps Engineer: strong talent demand, highly remote-friendly, rapid recent growth",AI综合评估 + O*NET/ILO/OECD锚点校准,2026-04-13,2026-04-13,2000-2026
TECH-0512-CL-general,信息技术与数字化,TECH,新兴数字职业,MLOps工程师,MLOps Engineer,2522,15-1244.00,南美,智利,CL,country,general,本科/硕士,23-30,global,6.5,5.6,6.8,6.8,6.2,2.8,7.8,7.9,6.3,6.1,5.6,9.5,6.2,5.7,5.8,7.8,6.0,1.3,5.9,6.6,8.0,6.4,6.2,7.1,5.6,3.6,5.2,5.8,1.2,0.0,4.0,6.6,7.9,3.4,4,5,↑↑,2028-2033,6.45,智利MLOps工程师：人才需求旺盛，近年增长迅猛,"Chile MLOps Engineer: strong talent demand, rapid recent growth",AI综合评估 + O*NET/ILO/OECD锚点校准,2026-04-13,2026-04-13,2000-2026
TECH-0512-CO-general,信息技术与数字化,TECH,新兴数字职业,MLOps工程师,MLOps Engineer,2522,15-1244.00,南美,哥伦比亚,CO,country,general,本科/硕士,23-30,global,6.3,5.3,7.0,6.5,7.0,3.8,7.6,7.7,6.3,5.6,5.1,9.7,6.2,4.7,5.6,7.4,6.2,1.6,6.0,6.2,7.7,6.9,4.4,6.9,5.8,3.9,5.6,5.2,1.2,0.5,4.4,6.0,7.5,3.0,4,5,↑↑,2032-2038,6.31,哥伦比亚MLOps工程师：人才需求旺盛，近年增长迅猛,"Colombia MLOps Engineer: strong talent demand, rapid recent growth",AI综合评估 + O*NET/ILO/OECD锚点校准,2026-04-13,2026-04-13,2000-2026
TECH-0512-AU-general,信息技术与数字化,TECH,新兴数字职业,MLOps工程师,MLOps Engineer,2522,15-1244.00,大洋洲,澳大利亚,AU,country,general,本科/硕士,23-30,global,7.1,5.5,8.6,7.4,8.6,5.6,8.8,9.1,9.9,9.4,6.9,9.7,7.0,6.2,6.6,8.0,6.8,1.0,6.1,7.4,9.5,8.7,7.7,7.1,6.6,8.7,6.6,5.3,0.7,0.8,4.2,6.8,9.9,3.2,4,5,↑↑,2032-2038,7.6,澳大利亚MLOps工程师：薪资回报高，人才需求旺盛，远程友好度高,"Australia MLOps Engineer: high compensation, strong talent demand, highly remote-friendly",AI综合评估 + O*NET/ILO/OECD锚点校准,2026-04-13,2026-04-13,2000-2026
TECH-0512-NZ-general,信息技术与数字化,TECH,新兴数字职业,MLOps工程师,MLOps Engineer,2522,15-1244.00,大洋洲,新西兰,NZ,country,general,本科/硕士,23-30,global,6.9,5.8,8.4,6.8,7.0,3.0,9.4,8.3,9.6,8.6,8.4,9.7,8.0,7.9,6.1,7.2,6.2,1.9,6.1,7.8,9.8,7.9,7.2,6.9,6.2,9.0,6.4,5.2,0.7,0.8,3.8,7.4,9.3,2.6,4,5,↑↑,2032-2038,7.42,新西兰MLOps工程师：薪资回报高，人才需求旺盛，远程友好度高,"New Zealand MLOps Engineer: high compensation, strong talent demand, highly remote-friendly",AI综合评估 + O*NET/ILO/OECD锚点校准,2026-04-13,2026-04-13,2000-2026
TECH-0512-ZA-general,信息技术与数字化,TECH,新兴数字职业,MLOps工程师,MLOps Engineer,2522,15-1244.00,非洲,南非,ZA,country,general,本科/硕士,23-30,global,6.6,5.6,7.6,6.6,6.8,4.2,7.2,7.7,6.9,6.4,5.6,9.2,6.2,4.4,5.3,7.2,5.4,1.4,5.7,6.4,8.3,6.2,5.4,6.3,6.2,3.9,4.6,5.8,0.7,0.0,4.8,6.6,7.7,3.8,4,5,↑↑,2028-2033,6.34,南非MLOps工程师：近年增长迅猛,South Africa MLOps Engineer: rapid recent growth,AI综合评估 + O*NET/ILO/OECD锚点校准,2026-04-13,2026-04-13,2000-2026
TECH-0512-NG-general,信息技术与数字化,TECH,新兴数字职业,MLOps工程师,MLOps Engineer,2522,15-1244.00,非洲,尼日利亚,NG,country,general,本科/硕士,23-30,global,6.2,4.7,7.4,6.0,6.0,3.2,7.4,6.5,5.1,5.1,3.9,9.0,5.2,3.7,3.8,6.2,6.0,1.9,6.1,5.2,8.3,6.4,4.7,5.9,5.6,2.4,5.2,5.8,1.0,0.5,4.4,5.6,7.1,3.8,3,4,↑↑,2032-2038,5.82,尼日利亚MLOps工程师：就业波动大，近年增长迅猛,"Nigeria MLOps Engineer: volatile employment, rapid recent growth",AI综合评估 + O*NET/ILO/OECD锚点校准,2026-04-13,2026-04-13,2000-2026
TECH-0512-KE-general,信息技术与数字化,TECH,新兴数字职业,MLOps工程师,MLOps Engineer,2522,15-1244.00,非洲,肯尼亚,KE,country,general,本科/硕士,23-30,global,6.0,5.5,6.4,6.0,6.0,3.0,7.4,5.7,4.2,4.6,5.1,9.5,5.5,3.7,5.1,7.2,6.0,2.2,6.1,5.4,6.8,6.9,5.2,6.7,5.2,2.4,4.8,5.9,0.7,0.6,4.8,6.6,7.5,3.4,3,4,↑↑,2032-2038,5.81,肯尼亚MLOps工程师：薪资水平偏低，近年增长迅猛,"Kenya MLOps Engineer: relatively low pay, rapid recent growth",AI综合评估 + O*NET/ILO/OECD锚点校准,2026-04-13,2026-04-13,2000-2026
TECH-0512-EG-general,信息技术与数字化,TECH,新兴数字职业,MLOps工程师,MLOps Engineer,2522,15-1244.00,非洲,埃及,EG,country,general,本科/硕士,23-30,global,6.8,5.2,7.2,5.9,6.4,4.6,7.0,6.1,3.6,4.6,4.6,9.5,5.7,3.9,5.1,6.8,5.8,1.9,6.0,5.0,6.5,5.9,4.9,5.9,5.6,1.2,4.4,5.9,1.3,0.3,5.0,6.6,8.1,2.8,3,4,↑↑,2032-2038,5.74,埃及MLOps工程师：薪资水平偏低，近年增长迅猛,"Egypt MLOps Engineer: relatively low pay, rapid recent growth",AI综合评估 + O*NET/ILO/OECD锚点校准,2026-04-13,2026-04-13,2000-2026
TECH-0513-CN-general,信息技术与数字化,TECH,新兴数字职业,合成数据工程师,Synthetic Data Engineer,2511,15-2051.00,东亚,中国,CN,country,general,硕士/博士,24-30,global,7.1,6.3,8.3,5.5,9.0,5.4,9.0,8.4,10.0,7.4,4.3,9.5,6.4,1.9,3.0,7.1,6.4,1.3,5.9,7.8,5.8,5.4,3.4,7.2,7.0,4.7,5.0,4.3,0.8,0.8,4.1,5.9,6.4,3.0,2,5,↑↑,2028-2033,6.43,中国合成数据工程师：薪资回报高，人才需求旺盛，加班文化严重,"China Synthetic Data Engineer: high compensation, strong talent demand, heavy overtime culture",AI综合评估 + O*NET/ILO/OECD锚点校准,2026-04-13,2026-04-13,2000-2026
TECH-0513-JP-general,信息技术与数字化,TECH,新兴数字职业,合成数据工程师,Synthetic Data Engineer,2511,15-2051.00,东亚,日本,JP,country,general,硕士/博士,24-30,global,7.4,6.9,7.9,6.4,8.0,3.8,8.4,9.2,8.8,6.9,6.3,9.7,6.9,3.2,3.3,5.9,6.6,1.6,5.2,8.0,7.3,6.9,4.9,6.8,6.6,4.4,5.6,4.5,0.5,0.3,4.1,5.9,6.8,3.6,2,4,↑↑,2028-2033,6.48,日本合成数据工程师：薪资回报高，人才需求旺盛，加班文化严重,"Japan Synthetic Data Engineer: high compensation, strong talent demand, heavy overtime culture",AI综合评估 + O*NET/ILO/OECD锚点校准,2026-04-13,2026-04-13,2000-2026
TECH-0513-KR-general,信息技术与数字化,TECH,新兴数字职业,合成数据工程师,Synthetic Data Engineer,2511,15-2051.00,东亚,韩国,KR,country,general,硕士/博士,24-30,global,7.3,6.6,8.5,6.0,7.6,4.2,8.4,9.0,8.2,8.4,5.6,9.5,6.4,2.2,3.3,6.3,6.4,1.4,5.4,7.8,6.7,5.7,4.9,6.4,6.8,3.8,5.4,4.5,0.0,0.5,3.9,6.1,7.8,4.0,2,4,↑↑,2028-2033,6.42,韩国合成数据工程师：薪资回报高，人才需求旺盛，加班文化严重,"South Korea Synthetic Data Engineer: high compensation, strong talent demand, heavy overtime culture",AI综合评估 + O*NET/ILO/OECD锚点校准,2026-04-13,2026-04-13,2000-2026
TECH-0513-TW-general,信息技术与数字化,TECH,新兴数字职业,合成数据工程师,Synthetic Data Engineer,2511,15-2051.00,东亚,中国台湾地区,TW,region,general,硕士/博士,24-30,global,7.0,6.5,8.3,6.3,7.2,3.0,8.6,8.2,6.7,7.2,5.3,9.7,6.4,3.4,4.5,6.1,5.4,1.6,5.4,6.8,7.3,6.2,4.7,7.4,7.0,5.9,5.2,4.8,0.8,0.3,4.9,6.1,7.6,3.4,2,4,↑↑,2028-2033,6.33,中国台湾地区合成数据工程师：人才需求旺盛，加班文化严重，近年增长迅猛,"Taiwan (China) Synthetic Data Engineer: strong talent demand, heavy overtime culture, rapid recent growth",AI综合评估 + O*NET/ILO/OECD锚点校准,2026-04-13,2026-04-13,2000-2026
TECH-0513-HK-general,信息技术与数字化,TECH,新兴数字职业,合成数据工程师,Synthetic Data Engineer,2511,15-2051.00,东亚,中国香港地区,HK,region,general,硕士/博士,24-30,global,6.7,7.1,7.3,6.6,6.8,2.2,8.2,6.8,9.4,7.9,5.1,9.2,5.9,2.7,3.5,6.1,5.2,1.9,5.9,7.4,7.9,6.4,4.4,6.6,7.0,5.3,5.4,4.6,0.5,0.8,4.3,6.1,9.6,4.0,2,4,↑↑,2028-2033,6.32,中国香港地区合成数据工程师：薪资回报高，人才需求旺盛，加班文化严重,"Hong Kong (China) Synthetic Data Engineer: high compensation, strong talent demand, heavy overtime culture",AI综合评估 + O*NET/ILO/OECD锚点校准,2026-04-13,2026-04-13,2000-2026
TECH-0513-SG-general,信息技术与数字化,TECH,新兴数字职业,合成数据工程师,Synthetic Data Engineer,2511,15-2051.00,东南亚,新加坡,SG,country,general,硕士/博士,24-30,global,7.1,7.1,7.7,6.3,7.6,3.2,8.4,8.4,10.0,8.9,7.1,9.7,6.9,4.2,4.8,7.1,6.4,1.9,5.5,7.6,8.2,6.4,5.4,7.4,7.6,7.1,6.0,4.9,0.5,1.2,3.9,5.9,10.0,3.2,2,5,↑↑,2028-2033,6.9,新加坡合成数据工程师：薪资回报高，人才需求旺盛，近年增长迅猛,"Singapore Synthetic Data Engineer: high compensation, strong talent demand, rapid recent growth",AI综合评估 + O*NET/ILO/OECD锚点校准,2026-04-13,2026-04-13,2000-2026
TECH-0513-TH-general,信息技术与数字化,TECH,新兴数字职业,合成数据工程师,Synthetic Data Engineer,2511,15-2051.00,东南亚,泰国,TH,country,general,硕士/博士,24-30,global,6.7,6.2,6.1,6.1,6.4,2.2,6.4,7.8,4.9,5.4,5.3,9.2,6.1,6.4,5.0,5.7,4.8,2.2,5.2,5.6,7.9,6.9,5.9,6.0,6.6,5.3,4.8,4.8,0.3,0.5,4.3,5.9,7.4,4.2,2,4,↑↑,2028-2033,5.91,泰国合成数据工程师：近年增长迅猛,Thailand Synthetic Data Engineer: rapid recent growth,AI综合评估 + O*NET/ILO/OECD锚点校准,2026-04-13,2026-04-13,2000-2026
TECH-0513-VN-general,信息技术与数字化,TECH,新兴数字职业,合成数据工程师,Synthetic Data Engineer,2511,15-2051.00,东南亚,越南,VN,country,general,硕士/博士,24-30,global,7.3,6.3,6.3,6.1,6.2,3.0,7.2,7.6,5.5,5.4,3.8,9.5,6.1,4.4,4.8,5.5,5.8,1.9,5.5,5.6,8.2,5.9,5.4,6.6,6.8,5.0,4.6,4.5,0.6,0.2,5.3,5.3,7.2,3.4,2,4,↑↑,2028-2033,5.85,越南合成数据工程师：就业波动大，近年增长迅猛,"Vietnam Synthetic Data Engineer: volatile employment, rapid recent growth",AI综合评估 + O*NET/ILO/OECD锚点校准,2026-04-13,2026-04-13,2000-2026
TECH-0513-ID-general,信息技术与数字化,TECH,新兴数字职业,合成数据工程师,Synthetic Data Engineer,2511,15-2051.00,东南亚,印度尼西亚,ID,country,general,硕士/博士,24-30,global,7.3,6.5,6.9,5.7,6.4,3.0,6.6,7.4,5.5,5.2,4.1,9.5,6.6,4.9,5.0,5.5,5.6,2.0,5.2,6.2,7.0,7.2,4.9,6.6,6.4,4.4,5.4,4.3,0.5,0.2,5.3,5.3,6.8,3.4,2,4,↑↑,2028-2033,5.82,印度尼西亚合成数据工程师：近年增长迅猛,Indonesia Synthetic Data Engineer: rapid recent growth,AI综合评估 + O*NET/ILO/OECD锚点校准,2026-04-13,2026-04-13,2000-2026
TECH-0513-MY-general,信息技术与数字化,TECH,新兴数字职业,合成数据工程师,Synthetic Data Engineer,2511,15-2051.00,东南亚,马来西亚,MY,country,general,硕士/博士,24-30,global,6.5,6.8,6.5,6.1,6.2,1.8,7.8,7.8,6.4,6.4,5.6,9.2,6.4,4.9,5.5,5.9,5.4,2.2,5.1,6.6,7.0,6.7,5.4,6.4,6.2,4.1,5.2,4.3,0.5,0.2,4.5,6.1,7.6,3.2,2,4,↑↑,2028-2033,6.06,马来西亚合成数据工程师：人才需求旺盛，近年增长迅猛,"Malaysia Synthetic Data Engineer: strong talent demand, rapid recent growth",AI综合评估 + O*NET/ILO/OECD锚点校准,2026-04-13,2026-04-13,2000-2026
TECH-0513-PH-general,信息技术与数字化,TECH,新兴数字职业,合成数据工程师,Synthetic Data Engineer,2511,15-2051.00,东南亚,菲律宾,PH,country,general,硕士/博士,24-30,global,6.7,6.9,5.7,5.7,5.2,2.4,7.4,6.8,4.6,4.4,3.8,9.5,6.6,3.9,4.3,5.1,5.2,2.0,5.2,5.0,9.7,7.2,5.2,6.2,6.2,5.0,5.2,4.6,0.8,0.5,4.5,5.9,8.0,3.6,2,4,↑↑,2028-2033,5.68,菲律宾合成数据工程师：远程友好度高，就业波动大，近年增长迅猛,"Philippines Synthetic Data Engineer: highly remote-friendly, volatile employment, rapid recent growth",AI综合评估 + O*NET/ILO/OECD锚点校准,2026-04-13,2026-04-13,2000-2026
TECH-0513-IN-general,信息技术与数字化,TECH,新兴数字职业,合成数据工程师,Synthetic Data Engineer,2511,15-2051.00,南亚,印度,IN,country,general,硕士/博士,24-30,global,7.1,6.6,8.5,5.7,8.4,4.6,7.8,9.0,7.6,6.4,4.8,9.5,6.1,3.9,4.3,6.3,5.8,1.8,5.9,6.4,9.4,7.4,3.9,6.8,7.6,2.9,5.4,4.3,0.6,0.2,4.9,6.5,8.4,3.6,2,4,↑↑,2028-2033,6.43,印度合成数据工程师：人才需求旺盛，远程友好度高，近年增长迅猛,"India Synthetic Data Engineer: strong talent demand, highly remote-friendly, rapid recent growth",AI综合评估 + O*NET/ILO/OECD锚点校准,2026-04-13,2026-04-13,2000-2026
TECH-0513-PK-general,信息技术与数字化,TECH,新兴数字职业,合成数据工程师,Synthetic Data Engineer,2511,15-2051.00,南亚,巴基斯坦,PK,country,general,硕士/博士,24-30,global,7.1,6.0,5.5,5.7,5.0,1.2,6.8,6.0,3.1,3.9,3.1,9.5,6.4,3.9,3.8,5.9,4.8,2.4,5.0,5.2,8.5,6.7,3.9,6.2,5.6,2.0,5.0,4.9,0.9,0.3,5.3,6.1,6.8,4.0,1,3,↑,2028-2033,5.23,巴基斯坦合成数据工程师：薪资水平偏低，远程友好度高，就业波动大,"Pakistan Synthetic Data Engineer: relatively low pay, highly remote-friendly, volatile employment",AI综合评估 + O*NET/ILO/OECD锚点校准,2026-04-13,2026-04-13,2000-2026
TECH-0513-BD-general,信息技术与数字化,TECH,新兴数字职业,合成数据工程师,Synthetic Data Engineer,2511,15-2051.00,南亚,孟加拉国,BD,country,general,硕士/博士,24-30,global,6.7,6.2,5.5,5.2,4.6,0.6,6.0,5.6,3.4,4.4,2.6,9.2,6.6,4.9,3.8,5.1,4.6,2.4,5.0,4.6,8.2,6.2,3.9,5.8,5.6,2.3,4.2,4.8,0.2,0.3,5.1,6.3,7.2,4.2,1,3,↑,2028-2033,5.12,孟加拉国合成数据工程师：薪资水平偏低，就业波动大,"Bangladesh Synthetic Data Engineer: relatively low pay, volatile employment",AI综合评估 + O*NET/ILO/OECD锚点校准,2026-04-13,2026-04-13,2000-2026
TECH-0513-AE-general,信息技术与数字化,TECH,新兴数字职业,合成数据工程师,Synthetic Data Engineer,2511,15-2051.00,中亚/西亚,阿联酋,AE,country,general,硕士/博士,24-30,global,7.4,6.5,7.5,6.4,6.4,1.6,7.8,8.4,10.0,8.7,6.8,10.0,6.1,5.2,5.5,6.1,5.6,1.4,5.8,7.6,7.0,7.4,5.4,6.4,6.0,4.1,6.0,4.6,0.6,0.3,4.7,5.5,9.2,4.2,2,4,↑↑,2028-2033,6.65,阿联酋合成数据工程师：薪资回报高，人才需求旺盛，近年增长迅猛,"United Arab Emirates Synthetic Data Engineer: high compensation, strong talent demand, rapid recent growth",AI综合评估 + O*NET/ILO/OECD锚点校准,2026-04-13,2026-04-13,2000-2026
TECH-0513-IL-general,信息技术与数字化,TECH,新兴数字职业,合成数据工程师,Synthetic Data Engineer,2511,15-2051.00,中亚/西亚,以色列,IL,country,general,硕士/博士,24-30,global,7.6,6.8,8.7,6.0,7.2,3.4,9.0,9.2,10.0,8.2,5.3,9.5,7.1,5.4,5.3,7.1,6.4,1.8,5.9,8.4,10.0,6.4,5.9,7.8,6.6,5.6,6.4,4.2,0.5,0.3,4.9,5.9,9.2,3.4,2,5,↑↑,2028-2033,6.97,以色列合成数据工程师：薪资回报高，人才需求旺盛，远程友好度高,"Israel Synthetic Data Engineer: high compensation, strong talent demand, highly remote-friendly",AI综合评估 + O*NET/ILO/OECD锚点校准,2026-04-13,2026-04-13,2000-2026
TECH-0513-SA-general,信息技术与数字化,TECH,新兴数字职业,合成数据工程师,Synthetic Data Engineer,2511,15-2051.00,中亚/西亚,沙特阿拉伯,SA,country,general,硕士/博士,24-30,global,7.4,6.2,6.9,5.8,6.2,2.0,7.6,7.6,9.1,6.7,5.6,9.5,7.1,4.9,4.8,6.3,5.2,2.0,5.6,7.2,7.0,6.2,5.4,7.0,6.2,2.6,5.0,4.3,0.8,0.2,3.7,5.1,7.2,3.4,2,4,↑↑,2028-2033,6.21,沙特阿拉伯合成数据工程师：薪资回报高，人才需求旺盛，近年增长迅猛,"Saudi Arabia Synthetic Data Engineer: high compensation, strong talent demand, rapid recent growth",AI综合评估 + O*NET/ILO/OECD锚点校准,2026-04-13,2026-04-13,2000-2026
TECH-0513-TR-general,信息技术与数字化,TECH,新兴数字职业,合成数据工程师,Synthetic Data Engineer,2511,15-2051.00,中亚/西亚,土耳其,TR,country,general,硕士/博士,24-30,global,6.7,6.9,6.7,5.5,7.0,2.6,7.4,7.0,5.5,4.9,4.1,9.2,6.1,4.9,4.0,6.1,6.0,1.8,5.5,5.6,8.2,6.9,5.4,6.0,6.4,3.8,5.4,4.6,0.6,0.2,5.1,5.9,7.0,3.8,2,4,↑↑,2028-2033,5.85,土耳其合成数据工程师：近年增长迅猛,Turkey Synthetic Data Engineer: rapid recent growth,AI综合评估 + O*NET/ILO/OECD锚点校准,2026-04-13,2026-04-13,2000-2026
TECH-0513-GB-general,信息技术与数字化,TECH,新兴数字职业,合成数据工程师,Synthetic Data Engineer,2511,15-2051.00,西欧,英国,GB,country,general,硕士/博士,24-30,global,7.1,7.2,8.5,5.8,7.4,3.4,8.2,8.6,10.0,9.4,5.6,9.5,7.1,6.9,6.0,6.1,6.6,1.6,5.5,8.0,10.0,7.7,7.4,7.0,7.2,7.4,5.8,4.5,0.3,0.5,4.9,6.5,10.0,3.4,2,5,↑↑,2028-2033,7.13,英国合成数据工程师：薪资回报高，人才需求旺盛，远程友好度高,"United Kingdom Synthetic Data Engineer: high compensation, strong talent demand, highly remote-friendly",AI综合评估 + O*NET/ILO/OECD锚点校准,2026-04-13,2026-04-13,2000-2026
TECH-0513-FR-general,信息技术与数字化,TECH,新兴数字职业,合成数据工程师,Synthetic Data Engineer,2511,15-2051.00,西欧,法国,FR,country,general,硕士/博士,24-30,global,7.0,7.2,7.7,6.3,8.0,3.4,7.6,9.0,8.8,7.4,5.6,9.7,8.4,8.4,6.0,6.5,6.2,1.6,5.4,6.6,8.8,7.4,8.4,7.0,6.8,6.5,6.2,4.8,0.0,0.3,3.9,6.3,9.6,4.0,2,4,↑↑,2028-2033,6.99,法国合成数据工程师：薪资回报高，人才需求旺盛，远程友好度高,"France Synthetic Data Engineer: high compensation, strong talent demand, highly remote-friendly",AI综合评估 + O*NET/ILO/OECD锚点校准,2026-04-13,2026-04-13,2000-2026
TECH-0513-DE-general,信息技术与数字化,TECH,新兴数字职业,合成数据工程师,Synthetic Data Engineer,2511,15-2051.00,西欧,德国,DE,country,general,硕士/博士,24-30,global,7.6,7.2,8.3,6.9,8.0,4.0,8.0,8.6,10.0,8.2,6.1,9.5,8.4,8.9,7.5,5.9,6.2,1.4,5.5,7.6,7.9,7.7,8.4,7.2,7.0,6.2,6.2,4.8,0.9,1.1,3.3,6.1,9.6,3.0,2,4,↑↑,2028-2033,7.21,德国合成数据工程师：薪资回报高，人才需求旺盛，工作时间规律,"Germany Synthetic Data Engineer: high compensation, strong talent demand, regular working hours",AI综合评估 + O*NET/ILO/OECD锚点校准,2026-04-13,2026-04-13,2000-2026
TECH-0513-NL-general,信息技术与数字化,TECH,新兴数字职业,合成数据工程师,Synthetic Data Engineer,2511,15-2051.00,西欧,荷兰,NL,country,general,硕士/博士,24-30,global,7.4,6.6,7.3,6.6,7.8,3.0,8.0,8.8,10.0,8.2,7.1,10.0,8.9,9.7,7.0,6.5,5.2,1.8,5.2,7.8,10.0,7.4,8.4,7.0,6.4,8.6,6.2,4.2,0.2,0.5,4.3,6.7,9.4,3.2,2,4,↑↑,2028-2033,7.26,荷兰合成数据工程师：薪资回报高，人才需求旺盛，远程友好度高,"Netherlands Synthetic Data Engineer: high compensation, strong talent demand, highly remote-friendly",AI综合评估 + O*NET/ILO/OECD锚点校准,2026-04-13,2026-04-13,2000-2026
TECH-0513-CH-general,信息技术与数字化,TECH,新兴数字职业,合成数据工程师,Synthetic Data Engineer,2511,15-2051.00,西欧,瑞士,CH,country,general,硕士/博士,24-30,global,7.7,6.8,7.7,6.9,6.8,3.0,7.8,9.4,10.0,9.2,8.3,10.0,8.4,7.7,6.3,6.5,5.4,1.6,5.2,7.8,8.8,8.4,8.4,6.8,6.8,6.5,6.0,4.2,0.2,0.6,3.3,6.5,9.4,3.4,2,4,↑↑,2028-2033,7.23,瑞士合成数据工程师：薪资回报高，人才需求旺盛，远程友好度高,"Switzerland Synthetic Data Engineer: high compensation, strong talent demand, highly remote-friendly",AI综合评估 + O*NET/ILO/OECD锚点校准,2026-04-13,2026-04-13,2000-2026
TECH-0513-SE-general,信息技术与数字化,TECH,新兴数字职业,合成数据工程师,Synthetic Data Engineer,2511,15-2051.00,北欧,瑞典,SE,country,general,硕士/博士,24-30,global,7.1,6.9,7.9,6.7,6.6,2.2,8.6,8.8,9.7,7.7,6.3,9.7,8.6,10.0,7.8,6.3,6.0,1.9,5.8,7.8,10.0,7.9,8.7,7.4,6.4,9.8,6.0,4.8,0.6,1.2,3.5,6.7,9.6,3.4,2,4,↑↑,2028-2033,7.33,瑞典合成数据工程师：薪资回报高，人才需求旺盛，远程友好度高,"Sweden Synthetic Data Engineer: high compensation, strong talent demand, highly remote-friendly",AI综合评估 + O*NET/ILO/OECD锚点校准,2026-04-13,2026-04-13,2000-2026
TECH-0513-DK-general,信息技术与数字化,TECH,新兴数字职业,合成数据工程师,Synthetic Data Engineer,2511,15-2051.00,北欧,丹麦,DK,country,general,硕士/博士,24-30,global,7.6,6.3,6.9,6.4,6.2,2.4,7.8,8.2,9.4,7.7,7.1,9.5,9.1,9.7,7.0,6.5,5.6,1.6,5.6,7.0,10.0,8.4,8.2,6.2,7.2,8.9,6.8,4.8,0.6,0.6,4.1,6.9,9.2,3.8,2,4,↑↑,2028-2033,7.14,丹麦合成数据工程师：薪资回报高，人才需求旺盛，远程友好度高,"Denmark Synthetic Data Engineer: high compensation, strong talent demand, highly remote-friendly",AI综合评估 + O*NET/ILO/OECD锚点校准,2026-04-13,2026-04-13,2000-2026
TECH-0513-FI-general,信息技术与数字化,TECH,新兴数字职业,合成数据工程师,Synthetic Data Engineer,2511,15-2051.00,北欧,芬兰,FI,country,general,硕士/博士,24-30,global,6.8,6.5,7.9,6.4,6.8,2.2,8.0,8.6,8.2,7.4,7.1,9.5,9.1,9.7,7.0,6.7,5.4,1.8,5.5,7.4,10.0,8.7,8.9,7.6,7.0,9.8,6.4,4.3,0.2,0.8,4.3,6.7,9.0,3.6,2,4,↑↑,2028-2033,7.22,芬兰合成数据工程师：薪资回报高，人才需求旺盛，远程友好度高,"Finland Synthetic Data Engineer: high compensation, strong talent demand, highly remote-friendly",AI综合评估 + O*NET/ILO/OECD锚点校准,2026-04-13,2026-04-13,2000-2026
TECH-0513-IT-general,信息技术与数字化,TECH,新兴数字职业,合成数据工程师,Synthetic Data Engineer,2511,15-2051.00,南欧,意大利,IT,country,general,硕士/博士,24-30,global,7.1,6.3,6.9,5.8,6.2,2.6,7.2,7.2,7.9,5.9,4.3,9.2,7.9,6.4,5.0,5.7,6.2,2.0,5.4,6.6,7.3,6.4,5.7,6.8,6.8,4.7,5.4,4.2,0.5,1.1,4.1,5.3,8.8,4.0,2,4,↑↑,2028-2033,6.19,意大利合成数据工程师：近年增长迅猛,Italy Synthetic Data Engineer: rapid recent growth,AI综合评估 + O*NET/ILO/OECD锚点校准,2026-04-13,2026-04-13,2000-2026
TECH-0513-ES-general,信息技术与数字化,TECH,新兴数字职业,合成数据工程师,Synthetic Data Engineer,2511,15-2051.00,南欧,西班牙,ES,country,general,硕士/博士,24-30,global,7.3,6.9,6.9,5.8,6.4,2.0,7.2,7.6,6.1,5.7,4.6,9.5,7.1,6.7,5.5,6.1,5.0,1.9,5.8,5.8,9.7,7.2,6.4,6.4,6.2,4.7,5.8,4.8,0.6,0.6,4.7,6.3,8.0,3.2,2,4,↑↑,2028-2033,6.21,西班牙合成数据工程师：远程友好度高，近年增长迅猛,"Spain Synthetic Data Engineer: highly remote-friendly, rapid recent growth",AI综合评估 + O*NET/ILO/OECD锚点校准,2026-04-13,2026-04-13,2000-2026
TECH-0513-PT-general,信息技术与数字化,TECH,新兴数字职业,合成数据工程师,Synthetic Data Engineer,2511,15-2051.00,南欧,葡萄牙,PT,country,general,硕士/博士,24-30,global,6.7,6.2,6.5,6.3,5.8,1.6,7.0,7.6,6.1,5.9,5.1,9.7,7.6,6.9,5.8,6.3,5.4,2.4,5.0,5.6,9.4,6.9,6.7,6.6,6.2,6.5,5.6,4.3,0.3,0.3,4.3,6.3,9.0,4.0,2,4,↑↑,2028-2033,6.26,葡萄牙合成数据工程师：远程友好度高，近年增长迅猛,"Portugal Synthetic Data Engineer: highly remote-friendly, rapid recent growth",AI综合评估 + O*NET/ILO/OECD锚点校准,2026-04-13,2026-04-13,2000-2026
TECH-0513-PL-general,信息技术与数字化,TECH,新兴数字职业,合成数据工程师,Synthetic Data Engineer,2511,15-2051.00,东欧,波兰,PL,country,general,硕士/博士,24-30,global,7.1,6.8,7.9,6.1,7.0,3.0,8.4,7.2,6.7,6.7,4.8,9.7,6.9,5.7,5.8,5.5,5.6,2.0,5.5,7.0,9.7,6.7,6.7,6.2,7.2,6.2,6.4,4.3,0.6,0.9,4.3,6.3,9.4,4.0,2,4,↑↑,2028-2033,6.48,波兰合成数据工程师：人才需求旺盛，远程友好度高，近年增长迅猛,"Poland Synthetic Data Engineer: strong talent demand, highly remote-friendly, rapid recent growth",AI综合评估 + O*NET/ILO/OECD锚点校准,2026-04-13,2026-04-13,2000-2026
TECH-0513-CZ-general,信息技术与数字化,TECH,新兴数字职业,合成数据工程师,Synthetic Data Engineer,2511,15-2051.00,东欧,捷克,CZ,country,general,硕士/博士,24-30,global,6.8,6.5,6.9,6.0,7.0,1.6,8.6,6.8,8.2,6.9,6.3,9.5,7.4,7.4,6.0,6.3,6.0,1.9,5.6,6.2,8.2,7.4,6.9,6.4,6.2,6.2,6.6,4.3,0.5,0.9,4.5,6.5,8.4,3.6,2,4,↑↑,2028-2033,6.6,捷克合成数据工程师：薪资回报高，人才需求旺盛，近年增长迅猛,"Czech Republic Synthetic Data Engineer: high compensation, strong talent demand, rapid recent growth",AI综合评估 + O*NET/ILO/OECD锚点校准,2026-04-13,2026-04-13,2000-2026
TECH-0513-RU-general,信息技术与数字化,TECH,新兴数字职业,合成数据工程师,Synthetic Data Engineer,2511,15-2051.00,东欧,俄罗斯,RU,country,general,硕士/博士,24-30,global,7.1,6.6,7.3,6.0,6.6,2.2,7.4,7.6,5.8,6.7,4.1,9.2,6.4,5.4,4.5,5.7,6.0,2.0,5.4,7.0,8.8,7.4,5.4,7.2,5.8,5.0,5.2,4.5,0.9,0.6,4.9,5.9,6.4,3.0,2,4,↑↑,2028-2033,6.1,俄罗斯合成数据工程师：远程友好度高，近年增长迅猛,"Russia Synthetic Data Engineer: highly remote-friendly, rapid recent growth",AI综合评估 + O*NET/ILO/OECD锚点校准,2026-04-13,2026-04-13,2000-2026
TECH-0513-US-general,信息技术与数字化,TECH,新兴数字职业,合成数据工程师,Synthetic Data Engineer,2511,15-2051.00,北美,美国,US,country,general,硕士/博士,24-30,global,7.6,7.1,9.3,6.3,9.2,5.4,8.6,8.8,10.0,9.4,5.1,9.7,6.6,4.2,5.0,6.7,7.0,1.8,6.2,8.8,10.0,7.9,5.2,7.2,7.2,7.7,6.4,4.3,0.9,0.9,4.5,6.3,9.2,3.2,2,5,↑↑,2032-2038,7.16,美国合成数据工程师：薪资回报高，人才需求旺盛，远程友好度高,"United States Synthetic Data Engineer: high compensation, strong talent demand, highly remote-friendly",AI综合评估 + O*NET/ILO/OECD锚点校准,2026-04-13,2026-04-13,2000-2026
TECH-0513-CA-general,信息技术与数字化,TECH,新兴数字职业,合成数据工程师,Synthetic Data Engineer,2511,15-2051.00,北美,加拿大,CA,country,general,硕士/博士,24-30,global,7.6,6.5,7.7,6.4,8.2,3.8,8.0,9.0,10.0,8.4,6.3,9.7,7.1,7.2,5.5,6.1,6.0,1.8,5.4,8.0,10.0,8.4,7.9,6.8,7.6,8.6,6.2,4.0,0.3,0.8,4.7,6.9,9.6,3.2,2,5,↑↑,2028-2033,7.17,加拿大合成数据工程师：薪资回报高，人才需求旺盛，远程友好度高,"Canada Synthetic Data Engineer: high compensation, strong talent demand, highly remote-friendly",AI综合评估 + O*NET/ILO/OECD锚点校准,2026-04-13,2026-04-13,2000-2026
TECH-0513-MX-general,信息技术与数字化,TECH,新兴数字职业,合成数据工程师,Synthetic Data Engineer,2511,15-2051.00,北美,墨西哥,MX,country,general,硕士/博士,24-30,global,7.0,6.8,6.3,5.8,7.2,3.0,7.6,7.0,5.8,5.9,3.6,9.7,6.4,4.2,4.0,5.7,5.0,1.8,5.5,5.8,7.6,7.2,4.9,6.0,6.4,3.8,5.8,4.5,0.3,0.6,4.9,6.5,7.4,3.8,2,4,↑↑,2028-2033,5.87,墨西哥合成数据工程师：人才需求旺盛，就业波动大，近年增长迅猛,"Mexico Synthetic Data Engineer: strong talent demand, volatile employment, rapid recent growth",AI综合评估 + O*NET/ILO/OECD锚点校准,2026-04-13,2026-04-13,2000-2026
TECH-0513-BR-general,信息技术与数字化,TECH,新兴数字职业,合成数据工程师,Synthetic Data Engineer,2511,15-2051.00,南美,巴西,BR,country,general,硕士/博士,24-30,global,7.3,6.6,7.5,5.4,6.6,4.0,7.6,7.4,6.4,5.7,4.3,9.5,6.9,4.7,4.8,5.5,6.4,1.8,5.1,6.0,9.4,7.4,5.9,6.4,7.4,3.5,5.0,4.8,0.8,0.2,4.1,6.5,6.8,3.2,2,4,↑↑,2028-2033,6.15,巴西合成数据工程师：人才需求旺盛，远程友好度高，近年增长迅猛,"Brazil Synthetic Data Engineer: strong talent demand, highly remote-friendly, rapid recent growth",AI综合评估 + O*NET/ILO/OECD锚点校准,2026-04-13,2026-04-13,2000-2026
TECH-0513-AR-general,信息技术与数字化,TECH,新兴数字职业,合成数据工程师,Synthetic Data Engineer,2511,15-2051.00,南美,阿根廷,AR,country,general,硕士/博士,24-30,global,6.7,6.6,6.5,5.2,5.4,1.6,7.6,7.0,4.9,5.2,2.6,9.2,7.4,4.7,5.5,6.3,4.4,2.2,5.4,5.6,9.7,7.4,5.7,6.6,5.4,4.7,4.8,4.0,0.0,0.0,4.5,6.3,8.0,3.8,2,4,↑↑,2028-2033,5.82,阿根廷合成数据工程师：人才需求旺盛，远程友好度高，就业波动大,"Argentina Synthetic Data Engineer: strong talent demand, highly remote-friendly, volatile employment",AI综合评估 + O*NET/ILO/OECD锚点校准,2026-04-13,2026-04-13,2000-2026
TECH-0513-CL-general,信息技术与数字化,TECH,新兴数字职业,合成数据工程师,Synthetic Data Engineer,2511,15-2051.00,南美,智利,CL,country,general,硕士/博士,24-30,global,6.8,6.8,6.5,5.8,6.0,0.6,7.6,7.4,6.7,5.7,5.3,9.5,7.4,5.2,4.8,6.1,4.6,2.4,5.6,6.6,8.2,7.4,5.9,6.0,5.8,5.3,5.8,4.8,0.8,0.8,4.9,5.7,7.6,3.2,2,4,↑↑,2028-2033,6.05,智利合成数据工程师：人才需求旺盛，近年增长迅猛,"Chile Synthetic Data Engineer: strong talent demand, rapid recent growth",AI综合评估 + O*NET/ILO/OECD锚点校准,2026-04-13,2026-04-13,2000-2026
TECH-0513-CO-general,信息技术与数字化,TECH,新兴数字职业,合成数据工程师,Synthetic Data Engineer,2511,15-2051.00,南美,哥伦比亚,CO,country,general,硕士/博士,24-30,global,7.4,6.0,6.7,5.7,5.2,1.0,7.0,7.4,4.0,4.4,4.6,9.2,6.9,5.7,5.0,5.5,4.8,1.8,5.1,5.4,7.6,6.4,5.4,6.0,5.8,3.5,5.2,4.5,0.6,0.0,5.1,6.5,6.4,3.6,2,4,↑↑,2028-2033,5.64,哥伦比亚合成数据工程师：薪资水平偏低，近年增长迅猛,"Colombia Synthetic Data Engineer: relatively low pay, rapid recent growth",AI综合评估 + O*NET/ILO/OECD锚点校准,2026-04-13,2026-04-13,2000-2026
TECH-0513-AU-general,信息技术与数字化,TECH,新兴数字职业,合成数据工程师,Synthetic Data Engineer,2511,15-2051.00,大洋洲,澳大利亚,AU,country,general,硕士/博士,24-30,global,7.0,7.2,7.5,6.6,7.0,2.8,7.8,8.6,10.0,7.4,6.1,9.7,7.4,7.9,6.0,6.1,5.6,1.8,5.8,7.6,9.7,7.7,8.2,7.0,6.4,7.7,6.0,4.9,0.5,1.1,3.5,6.7,9.6,3.4,2,4,↑↑,2028-2033,7.04,澳大利亚合成数据工程师：薪资回报高，人才需求旺盛，远程友好度高,"Australia Synthetic Data Engineer: high compensation, strong talent demand, highly remote-friendly",AI综合评估 + O*NET/ILO/OECD锚点校准,2026-04-13,2026-04-13,2000-2026
TECH-0513-NZ-general,信息技术与数字化,TECH,新兴数字职业,合成数据工程师,Synthetic Data Engineer,2511,15-2051.00,大洋洲,新西兰,NZ,country,general,硕士/博士,24-30,global,7.0,6.8,7.5,6.3,6.6,1.0,7.6,7.4,9.1,7.2,7.1,10.0,8.1,9.2,7.3,6.3,5.0,1.9,5.8,7.2,9.7,8.2,8.2,6.2,6.0,7.4,6.2,4.6,0.5,0.6,3.7,6.3,8.8,3.6,2,4,↑↑,2028-2033,6.95,新西兰合成数据工程师：薪资回报高，人才需求旺盛，远程友好度高,"New Zealand Synthetic Data Engineer: high compensation, strong talent demand, highly remote-friendly",AI综合评估 + O*NET/ILO/OECD锚点校准,2026-04-13,2026-04-13,2000-2026
TECH-0513-ZA-general,信息技术与数字化,TECH,新兴数字职业,合成数据工程师,Synthetic Data Engineer,2511,15-2051.00,非洲,南非,ZA,country,general,硕士/博士,24-30,global,7.1,6.2,6.5,5.4,5.8,2.0,6.2,7.4,5.5,4.7,4.1,9.5,7.1,6.7,4.8,5.3,4.8,2.2,5.6,5.6,7.6,6.7,4.9,6.2,6.0,5.0,5.2,4.2,0.8,0.3,5.1,5.5,7.4,3.2,2,4,↑↑,2028-2033,5.78,南非合成数据工程师：近年增长迅猛,South Africa Synthetic Data Engineer: rapid recent growth,AI综合评估 + O*NET/ILO/OECD锚点校准,2026-04-13,2026-04-13,2000-2026
TECH-0513-NG-general,信息技术与数字化,TECH,新兴数字职业,合成数据工程师,Synthetic Data Engineer,2511,15-2051.00,非洲,尼日利亚,NG,country,general,硕士/博士,24-30,global,6.4,6.5,5.7,5.4,5.0,1.2,6.4,5.8,3.4,4.4,2.6,9.2,5.9,3.7,4.5,5.3,4.8,2.6,5.4,5.0,7.0,6.9,5.2,5.2,5.8,2.3,5.0,4.3,0.3,0.6,4.5,6.1,6.8,4.6,1,3,↑,2028-2033,5.18,尼日利亚合成数据工程师：薪资水平偏低，就业波动大,"Nigeria Synthetic Data Engineer: relatively low pay, volatile employment",AI综合评估 + O*NET/ILO/OECD锚点校准,2026-04-13,2026-04-13,2000-2026
TECH-0513-KE-general,信息技术与数字化,TECH,新兴数字职业,合成数据工程师,Synthetic Data Engineer,2511,15-2051.00,非洲,肯尼亚,KE,country,general,硕士/博士,24-30,global,6.5,6.0,5.5,5.1,4.4,0.8,6.4,5.2,2.8,3.4,3.6,9.5,6.4,5.7,4.8,5.3,4.0,2.4,5.4,4.6,8.2,5.7,5.2,5.8,6.0,3.2,5.0,4.8,0.3,0.0,5.1,5.7,7.2,4.2,1,3,↑,2028-2033,5.22,肯尼亚合成数据工程师：薪资水平偏低，就业波动大,"Kenya Synthetic Data Engineer: relatively low pay, volatile employment",AI综合评估 + O*NET/ILO/OECD锚点校准,2026-04-13,2026-04-13,2000-2026
TECH-0513-EG-general,信息技术与数字化,TECH,新兴数字职业,合成数据工程师,Synthetic Data Engineer,2511,15-2051.00,非洲,埃及,EG,country,general,硕士/博士,24-30,global,7.1,6.0,6.1,5.7,6.4,1.8,6.2,5.0,4.0,4.2,3.3,9.2,6.1,4.7,4.0,5.9,5.4,2.2,5.6,5.2,7.3,6.4,5.2,5.4,6.0,2.3,5.2,4.3,0.3,0.0,4.7,5.3,7.4,3.4,1,3,↑,2028-2033,5.4,埃及合成数据工程师：薪资水平偏低，就业波动大,"Egypt Synthetic Data Engineer: relatively low pay, volatile employment",AI综合评估 + O*NET/ILO/OECD锚点校准,2026-04-13,2026-04-13,2000-2026
TECH-0514-CN-general,信息技术与数字化,TECH,新兴数字职业,数字无障碍专家,Digital Accessibility Specialist,2514,15-1255.00,东亚,中国,CN,country,general,本科,22-30,global,4.6,3.7,7.7,6.5,8.8,6.1,7.5,7.5,7.6,6.7,5.3,9.2,6.0,3.2,3.9,6.2,6.3,1.4,6.1,6.5,7.2,5.0,4.4,7.8,6.1,7.0,6.7,6.3,0.2,0.5,3.2,5.9,5.6,1.0,3,4,↑↑,2032-2038,6.61,中国数字无障碍专家：人才需求旺盛，加班文化严重，近年增长迅猛,"China Digital Accessibility Specialist: strong talent demand, heavy overtime culture, rapid recent growth",AI综合评估 + O*NET/ILO/OECD锚点校准,2026-04-13,2026-04-13,2000-2026
TECH-0514-JP-general,信息技术与数字化,TECH,新兴数字职业,数字无障碍专家,Digital Accessibility Specialist,2514,15-1255.00,东亚,日本,JP,country,general,本科,22-30,global,4.7,4.7,6.5,7.3,7.2,4.7,7.3,7.5,7.0,7.5,8.1,9.5,6.0,5.0,5.1,6.6,6.3,0.8,6.1,6.7,7.2,5.5,6.2,8.0,5.7,6.7,7.3,5.7,0.7,1.0,3.6,6.7,6.2,2.4,3,3,↑,2032-2038,6.78,日本数字无障碍专家：就业稳定,Japan Digital Accessibility Specialist: stable employment,AI综合评估 + O*NET/ILO/OECD锚点校准,2026-04-13,2026-04-13,2000-2026
TECH-0514-KR-general,信息技术与数字化,TECH,新兴数字职业,数字无障碍专家,Digital Accessibility Specialist,2514,15-1255.00,东亚,韩国,KR,country,general,本科,22-30,global,4.3,4.7,6.7,7.0,7.2,4.1,7.5,8.5,6.7,6.7,6.6,9.7,6.0,3.2,4.1,6.2,5.7,1.2,5.8,6.5,7.2,5.5,4.9,8.2,6.3,5.5,7.1,6.0,0.2,1.0,3.4,6.7,7.2,1.8,3,3,↑,2028-2033,6.57,韩国数字无障碍专家：人才需求旺盛，加班文化严重,"South Korea Digital Accessibility Specialist: strong talent demand, heavy overtime culture",AI综合评估 + O*NET/ILO/OECD锚点校准,2026-04-13,2026-04-13,2000-2026
TECH-0514-TW-general,信息技术与数字化,TECH,新兴数字职业,数字无障碍专家,Digital Accessibility Specialist,2514,15-1255.00,东亚,中国台湾地区,TW,region,general,本科,22-30,global,4.0,4.0,6.1,7.0,6.8,3.3,6.7,7.5,5.5,6.5,6.8,9.5,6.2,5.2,4.9,5.6,5.3,0.9,5.9,5.9,6.3,6.3,6.2,8.2,6.1,7.0,6.5,5.7,0.4,1.3,3.8,6.3,7.4,2.0,3,3,↑,2028-2033,6.49,中国台湾地区数字无障碍专家：发展平稳,Taiwan (China) Digital Accessibility Specialist: steady development,AI综合评估 + O*NET/ILO/OECD锚点校准,2026-04-13,2026-04-13,2000-2026
TECH-0514-HK-general,信息技术与数字化,TECH,新兴数字职业,数字无障碍专家,Digital Accessibility Specialist,2514,15-1255.00,东亚,中国香港地区,HK,region,general,本科,22-30,global,4.1,3.8,6.1,7.6,6.2,3.1,6.7,6.5,8.5,6.7,6.1,9.5,6.0,4.0,4.9,6.0,5.7,1.4,6.3,6.1,8.4,6.3,5.4,7.4,4.9,8.2,7.1,5.6,0.7,1.0,2.8,7.1,9.4,2.6,3,3,↑,2032-2038,6.68,中国香港地区数字无障碍专家：薪资回报高,Hong Kong (China) Digital Accessibility Specialist: high compensation,AI综合评估 + O*NET/ILO/OECD锚点校准,2026-04-13,2026-04-13,2000-2026
TECH-0514-SG-general,信息技术与数字化,TECH,新兴数字职业,数字无障碍专家,Digital Accessibility Specialist,2514,15-1255.00,东南亚,新加坡,SG,country,general,本科,22-30,global,4.0,4.4,6.5,7.3,7.2,3.9,8.1,8.1,9.1,7.7,8.3,9.7,6.7,4.7,5.1,6.0,6.3,0.8,6.0,6.7,9.0,6.5,5.9,8.6,6.1,8.8,6.7,5.9,0.5,1.3,3.2,6.7,9.4,2.2,3,4,↑↑,2032-2038,7.19,新加坡数字无障碍专家：薪资回报高，人才需求旺盛，远程友好度高,"Singapore Digital Accessibility Specialist: high compensation, strong talent demand, highly remote-friendly",AI综合评估 + O*NET/ILO/OECD锚点校准,2026-04-13,2026-04-13,2000-2026
TECH-0514-TH-general,信息技术与数字化,TECH,新兴数字职业,数字无障碍专家,Digital Accessibility Specialist,2514,15-1255.00,东南亚,泰国,TH,country,general,本科,22-30,global,4.0,3.8,5.1,6.8,6.0,3.5,5.9,6.1,2.5,4.0,5.6,9.2,6.5,7.0,6.1,5.0,5.7,1.5,5.5,4.7,6.3,6.3,5.9,6.8,5.1,6.7,6.9,6.5,0.7,1.0,3.0,7.3,6.4,2.6,3,3,↑,2028-2033,5.98,泰国数字无障碍专家：薪资水平偏低,Thailand Digital Accessibility Specialist: relatively low pay,AI综合评估 + O*NET/ILO/OECD锚点校准,2026-04-13,2026-04-13,2000-2026
TECH-0514-VN-general,信息技术与数字化,TECH,新兴数字职业,数字无障碍专家,Digital Accessibility Specialist,2514,15-1255.00,东南亚,越南,VN,country,general,本科,22-30,global,4.0,4.3,5.3,7.3,5.2,3.3,6.1,5.7,3.1,5.2,5.3,9.5,7.0,6.2,4.9,4.6,4.9,1.5,6.1,4.5,7.8,5.3,6.4,7.2,5.9,6.1,6.1,5.9,0.8,1.1,4.2,7.1,6.0,1.8,3,3,↑,2032-2038,5.96,越南数字无障碍专家：薪资水平偏低,Vietnam Digital Accessibility Specialist: relatively low pay,AI综合评估 + O*NET/ILO/OECD锚点校准,2026-04-13,2026-04-13,2000-2026
TECH-0514-ID-general,信息技术与数字化,TECH,新兴数字职业,数字无障碍专家,Digital Accessibility Specialist,2514,15-1255.00,东南亚,印度尼西亚,ID,country,general,本科,22-30,global,4.3,3.8,5.3,6.5,5.8,3.5,6.1,5.9,3.1,4.5,4.6,9.5,6.5,6.2,6.1,5.4,5.7,1.7,5.6,4.7,7.5,5.8,6.2,7.0,5.1,6.4,6.9,5.7,0.8,0.7,3.4,7.1,5.4,2.2,3,3,↑,2028-2033,5.95,印度尼西亚数字无障碍专家：薪资水平偏低,Indonesia Digital Accessibility Specialist: relatively low pay,AI综合评估 + O*NET/ILO/OECD锚点校准,2026-04-13,2026-04-13,2000-2026
TECH-0514-MY-general,信息技术与数字化,TECH,新兴数字职业,数字无障碍专家,Digital Accessibility Specialist,2514,15-1255.00,东南亚,马来西亚,MY,country,general,本科,22-30,global,4.0,3.7,4.7,6.8,5.6,2.1,6.3,5.9,5.2,5.0,6.1,9.5,6.5,7.0,5.4,5.6,5.5,1.7,5.8,4.7,7.8,5.8,6.4,7.8,4.7,7.9,6.9,6.5,0.8,0.5,3.0,6.7,7.4,2.4,3,3,↑,2028-2033,6.25,马来西亚数字无障碍专家：发展平稳,Malaysia Digital Accessibility Specialist: steady development,AI综合评估 + O*NET/ILO/OECD锚点校准,2026-04-13,2026-04-13,2000-2026
TECH-0514-PH-general,信息技术与数字化,TECH,新兴数字职业,数字无障碍专家,Digital Accessibility Specialist,2514,15-1255.00,东南亚,菲律宾,PH,country,general,本科,22-30,global,4.3,4.0,4.5,6.8,5.6,3.3,5.3,6.5,3.1,3.7,4.6,9.5,6.7,4.7,5.9,5.8,4.9,1.4,5.9,4.3,9.6,6.0,5.7,7.8,4.5,7.3,6.9,5.7,0.1,0.8,4.0,6.7,6.8,2.6,3,3,↑,2028-2033,5.94,菲律宾数字无障碍专家：薪资水平偏低，远程友好度高,"Philippines Digital Accessibility Specialist: relatively low pay, highly remote-friendly",AI综合评估 + O*NET/ILO/OECD锚点校准,2026-04-13,2026-04-13,2000-2026
TECH-0514-IN-general,信息技术与数字化,TECH,新兴数字职业,数字无障碍专家,Digital Accessibility Specialist,2514,15-1255.00,南亚,印度,IN,country,general,本科,22-30,global,3.8,4.3,6.7,7.0,7.6,6.1,7.7,8.3,4.9,6.5,5.3,9.7,6.2,5.2,5.6,5.4,5.9,1.2,5.8,5.9,9.3,5.8,4.9,7.8,6.1,4.9,7.3,6.2,0.2,1.3,3.8,6.5,7.8,2.0,3,3,↑,2028-2033,6.62,印度数字无障碍专家：人才需求旺盛，远程友好度高,"India Digital Accessibility Specialist: strong talent demand, highly remote-friendly",AI综合评估 + O*NET/ILO/OECD锚点校准,2026-04-13,2026-04-13,2000-2026
TECH-0514-PK-general,信息技术与数字化,TECH,新兴数字职业,数字无障碍专家,Digital Accessibility Specialist,2514,15-1255.00,南亚,巴基斯坦,PK,country,general,本科,22-30,global,3.7,4.0,3.9,6.4,4.2,2.5,5.9,4.9,1.6,3.2,3.6,9.2,5.7,6.0,5.4,5.0,5.1,2.0,6.1,4.3,8.1,5.3,5.7,6.4,4.3,3.7,6.3,6.5,1.0,0.4,4.2,7.3,5.4,2.0,2,2,↑,2032-2038,5.43,巴基斯坦数字无障碍专家：薪资水平偏低，就业波动大,"Pakistan Digital Accessibility Specialist: relatively low pay, volatile employment",AI综合评估 + O*NET/ILO/OECD锚点校准,2026-04-13,2026-04-13,2000-2026
TECH-0514-BD-general,信息技术与数字化,TECH,新兴数字职业,数字无障碍专家,Digital Accessibility Specialist,2514,15-1255.00,南亚,孟加拉国,BD,country,general,本科,22-30,global,3.7,4.1,4.1,6.2,4.6,2.9,4.7,4.3,1.3,3.5,4.8,9.2,6.7,6.2,5.9,5.4,5.3,2.1,5.5,2.9,8.7,6.5,5.9,6.6,5.3,3.7,5.7,6.0,0.8,0.4,3.8,7.3,6.0,2.0,2,2,↑,2028-2033,5.49,孟加拉国数字无障碍专家：薪资水平偏低，远程友好度高,"Bangladesh Digital Accessibility Specialist: relatively low pay, highly remote-friendly",AI综合评估 + O*NET/ILO/OECD锚点校准,2026-04-13,2026-04-13,2000-2026
TECH-0514-AE-general,信息技术与数字化,TECH,新兴数字职业,数字无障碍专家,Digital Accessibility Specialist,2514,15-1255.00,中亚/西亚,阿联酋,AE,country,general,本科,22-30,global,4.0,4.4,5.7,7.1,6.2,3.7,7.1,7.7,7.9,8.2,7.6,9.5,7.0,7.0,5.9,5.4,5.1,1.1,6.4,6.1,8.1,5.8,6.4,8.2,5.1,6.7,7.1,5.9,0.2,1.6,3.0,6.9,8.4,2.4,3,3,↑,2032-2038,6.9,阿联酋数字无障碍专家：就业稳定,United Arab Emirates Digital Accessibility Specialist: stable employment,AI综合评估 + O*NET/ILO/OECD锚点校准,2026-04-13,2026-04-13,2000-2026
TECH-0514-IL-general,信息技术与数字化,TECH,新兴数字职业,数字无障碍专家,Digital Accessibility Specialist,2514,15-1255.00,中亚/西亚,以色列,IL,country,general,本科,22-30,global,4.3,3.8,6.7,7.4,7.6,4.1,8.1,8.5,8.5,7.5,5.8,9.7,6.5,5.7,6.6,5.6,6.1,0.9,6.0,7.5,10.0,7.0,7.7,8.2,5.9,9.1,7.7,5.9,0.7,0.7,4.0,7.1,8.0,2.6,3,4,↑↑,2032-2038,7.24,以色列数字无障碍专家：薪资回报高，人才需求旺盛，远程友好度高,"Israel Digital Accessibility Specialist: high compensation, strong talent demand, highly remote-friendly",AI综合评估 + O*NET/ILO/OECD锚点校准,2026-04-13,2026-04-13,2000-2026
TECH-0514-SA-general,信息技术与数字化,TECH,新兴数字职业,数字无障碍专家,Digital Accessibility Specialist,2514,15-1255.00,中亚/西亚,沙特阿拉伯,SA,country,general,本科,22-30,global,3.7,3.5,5.1,7.1,5.4,2.9,5.9,5.7,6.7,6.0,7.1,9.5,7.5,6.5,5.1,5.2,5.5,1.2,5.8,5.3,6.9,6.8,6.9,7.6,5.5,5.5,6.9,5.9,0.4,0.7,3.8,7.1,6.8,2.8,3,3,↑,2028-2033,6.4,沙特阿拉伯数字无障碍专家：发展平稳,Saudi Arabia Digital Accessibility Specialist: steady development,AI综合评估 + O*NET/ILO/OECD锚点校准,2026-04-13,2026-04-13,2000-2026
TECH-0514-TR-general,信息技术与数字化,TECH,新兴数字职业,数字无障碍专家,Digital Accessibility Specialist,2514,15-1255.00,中亚/西亚,土耳其,TR,country,general,本科,22-30,global,3.7,4.1,5.7,6.8,6.2,3.7,6.1,6.1,2.8,4.7,5.3,9.5,6.0,5.2,5.4,5.4,5.3,1.5,5.9,4.9,8.4,6.0,5.9,6.8,5.7,5.8,6.3,6.3,0.4,0.8,3.8,7.3,6.2,1.6,3,3,↑,2028-2033,6.04,土耳其数字无障碍专家：薪资水平偏低,Turkey Digital Accessibility Specialist: relatively low pay,AI综合评估 + O*NET/ILO/OECD锚点校准,2026-04-13,2026-04-13,2000-2026
TECH-0514-GB-general,信息技术与数字化,TECH,新兴数字职业,数字无障碍专家,Digital Accessibility Specialist,2514,15-1255.00,西欧,英国,GB,country,general,本科,22-30,global,4.6,3.8,6.5,6.8,7.2,5.1,7.9,7.7,9.1,8.0,6.8,9.5,8.0,8.2,6.4,5.8,6.3,1.4,6.3,7.5,10.0,7.5,7.4,8.4,6.1,9.1,7.7,5.6,0.5,1.6,3.8,7.9,9.2,2.0,3,4,↑↑,2032-2038,7.42,英国数字无障碍专家：薪资回报高，人才需求旺盛，远程友好度高,"United Kingdom Digital Accessibility Specialist: high compensation, strong talent demand, highly remote-friendly",AI综合评估 + O*NET/ILO/OECD锚点校准,2026-04-13,2026-04-13,2000-2026
TECH-0514-FR-general,信息技术与数字化,TECH,新兴数字职业,数字无障碍专家,Digital Accessibility Specialist,2514,15-1255.00,西欧,法国,FR,country,general,本科,22-30,global,4.0,4.1,5.7,7.6,7.2,5.1,7.7,7.5,5.8,6.5,7.6,10.0,8.2,8.0,7.1,5.8,5.9,1.4,6.3,6.3,8.7,7.0,9.2,7.4,6.3,9.1,7.7,5.7,0.2,1.3,3.2,6.9,8.6,1.4,3,3,↑,2032-2038,7.17,法国数字无障碍专家：人才需求旺盛，远程友好度高，工作时间规律,"France Digital Accessibility Specialist: strong talent demand, highly remote-friendly, regular working hours",AI综合评估 + O*NET/ILO/OECD锚点校准,2026-04-13,2026-04-13,2000-2026
TECH-0514-DE-general,信息技术与数字化,TECH,新兴数字职业,数字无障碍专家,Digital Accessibility Specialist,2514,15-1255.00,西欧,德国,DE,country,general,本科,22-30,global,3.8,4.6,6.7,7.7,7.6,4.3,7.7,7.3,9.1,7.0,7.3,10.0,7.2,9.7,7.1,6.6,6.1,1.2,6.0,6.7,8.4,7.5,9.2,8.0,6.9,10.0,7.7,6.3,0.5,1.1,3.4,7.5,8.6,1.4,3,3,↑,2032-2038,7.5,德国数字无障碍专家：薪资回报高，人才需求旺盛，工作时间规律,"Germany Digital Accessibility Specialist: high compensation, strong talent demand, regular working hours",AI综合评估 + O*NET/ILO/OECD锚点校准,2026-04-13,2026-04-13,2000-2026
TECH-0514-NL-general,信息技术与数字化,TECH,新兴数字职业,数字无障碍专家,Digital Accessibility Specialist,2514,15-1255.00,西欧,荷兰,NL,country,general,本科,22-30,global,4.4,4.0,6.3,7.9,6.2,3.9,7.3,8.5,8.5,7.5,7.8,9.7,8.2,9.5,7.6,5.8,6.3,1.1,6.0,6.5,10.0,7.8,9.9,7.6,5.5,10.0,7.9,5.9,0.8,1.4,3.2,7.1,8.6,2.4,3,3,↑,2032-2038,7.49,荷兰数字无障碍专家：薪资回报高，远程友好度高，工作时间规律,"Netherlands Digital Accessibility Specialist: high compensation, highly remote-friendly, regular working hours",AI综合评估 + O*NET/ILO/OECD锚点校准,2026-04-13,2026-04-13,2000-2026
TECH-0514-CH-general,信息技术与数字化,TECH,新兴数字职业,数字无障碍专家,Digital Accessibility Specialist,2514,15-1255.00,西欧,瑞士,CH,country,general,本科,22-30,global,4.1,4.1,6.1,7.9,6.2,3.5,7.7,8.1,10.0,8.0,9.6,9.7,8.2,8.7,7.9,5.8,6.5,1.1,6.0,7.3,8.4,7.0,8.7,8.6,6.1,9.1,7.7,6.2,0.8,1.4,3.2,7.1,8.4,2.4,3,3,↑,2032-2038,7.57,瑞士数字无障碍专家：薪资回报高，人才需求旺盛，工作时间规律,"Switzerland Digital Accessibility Specialist: high compensation, strong talent demand, regular working hours",AI综合评估 + O*NET/ILO/OECD锚点校准,2026-04-13,2026-04-13,2000-2026
TECH-0514-SE-general,信息技术与数字化,TECH,新兴数字职业,数字无障碍专家,Digital Accessibility Specialist,2514,15-1255.00,北欧,瑞典,SE,country,general,本科,22-30,global,4.4,4.1,5.9,7.9,6.0,3.7,7.7,8.3,7.0,7.2,7.6,9.7,9.2,10.0,8.6,6.0,6.3,1.1,6.0,7.1,10.0,7.3,10.0,7.4,6.1,10.0,8.1,5.9,0.1,1.1,3.2,6.9,9.0,1.6,3,3,↑,2032-2038,7.5,瑞典数字无障碍专家：人才需求旺盛，远程友好度高，工作时间规律,"Sweden Digital Accessibility Specialist: strong talent demand, highly remote-friendly, regular working hours",AI综合评估 + O*NET/ILO/OECD锚点校准,2026-04-13,2026-04-13,2000-2026
TECH-0514-DK-general,信息技术与数字化,TECH,新兴数字职业,数字无障碍专家,Digital Accessibility Specialist,2514,15-1255.00,北欧,丹麦,DK,country,general,本科,22-30,global,4.3,4.3,5.9,7.3,5.8,2.9,6.9,8.1,8.2,6.7,8.3,9.7,7.7,10.0,7.6,6.0,4.9,1.1,5.8,6.3,9.6,7.3,10.0,7.4,5.3,10.0,8.1,6.3,0.5,1.6,3.2,7.9,8.6,1.4,3,3,↑,2028-2033,7.32,丹麦数字无障碍专家：薪资回报高，远程友好度高，工作时间规律,"Denmark Digital Accessibility Specialist: high compensation, highly remote-friendly, regular working hours",AI综合评估 + O*NET/ILO/OECD锚点校准,2026-04-13,2026-04-13,2000-2026
TECH-0514-FI-general,信息技术与数字化,TECH,新兴数字职业,数字无障碍专家,Digital Accessibility Specialist,2514,15-1255.00,北欧,芬兰,FI,country,general,本科,22-30,global,4.6,4.3,5.7,7.9,5.6,3.1,7.7,7.5,7.3,7.2,7.8,9.5,9.2,9.7,8.1,5.8,5.3,1.1,6.1,6.3,10.0,8.5,10.0,8.2,5.1,10.0,8.3,6.2,0.7,0.8,2.6,7.1,8.4,1.8,3,3,↑,2032-2038,7.4,芬兰数字无障碍专家：人才需求旺盛，远程友好度高，工作时间规律,"Finland Digital Accessibility Specialist: strong talent demand, highly remote-friendly, regular working hours",AI综合评估 + O*NET/ILO/OECD锚点校准,2026-04-13,2026-04-13,2000-2026
TECH-0514-IT-general,信息技术与数字化,TECH,新兴数字职业,数字无障碍专家,Digital Accessibility Specialist,2514,15-1255.00,南欧,意大利,IT,country,general,本科,22-30,global,4.4,4.4,5.7,6.8,5.6,3.7,5.9,6.7,4.6,6.5,5.6,9.5,7.2,7.0,5.6,5.8,5.7,1.4,6.0,4.9,6.9,5.8,7.4,6.8,5.7,7.0,7.1,5.9,0.1,1.1,3.0,6.5,6.6,1.8,3,3,↑,2032-2038,6.33,意大利数字无障碍专家：发展平稳,Italy Digital Accessibility Specialist: steady development,AI综合评估 + O*NET/ILO/OECD锚点校准,2026-04-13,2026-04-13,2000-2026
TECH-0514-ES-general,信息技术与数字化,TECH,新兴数字职业,数字无障碍专家,Digital Accessibility Specialist,2514,15-1255.00,南欧,西班牙,ES,country,general,本科,22-30,global,3.7,3.8,5.3,7.0,5.4,3.9,6.5,6.9,4.0,6.5,5.3,9.7,7.7,6.5,5.9,5.4,5.1,1.5,6.1,4.7,9.0,7.0,8.4,7.0,5.7,8.2,7.3,6.5,0.2,1.3,3.4,6.7,7.0,2.2,3,3,↑,2032-2038,6.49,西班牙数字无障碍专家：薪资水平偏低，远程友好度高,"Spain Digital Accessibility Specialist: relatively low pay, highly remote-friendly",AI综合评估 + O*NET/ILO/OECD锚点校准,2026-04-13,2026-04-13,2000-2026
TECH-0514-PT-general,信息技术与数字化,TECH,新兴数字职业,数字无障碍专家,Digital Accessibility Specialist,2514,15-1255.00,南欧,葡萄牙,PT,country,general,本科,22-30,global,3.5,4.4,4.9,7.4,5.8,2.3,5.9,5.7,4.3,5.5,6.6,9.5,7.5,7.5,5.9,5.2,5.7,1.4,5.5,5.1,9.3,7.0,7.4,7.4,5.1,9.7,6.9,6.3,0.8,1.3,3.6,6.7,7.6,2.6,3,3,↑,2028-2033,6.42,葡萄牙数字无障碍专家：薪资水平偏低，远程友好度高，工作时间规律,"Portugal Digital Accessibility Specialist: relatively low pay, highly remote-friendly, regular working hours",AI综合评估 + O*NET/ILO/OECD锚点校准,2026-04-13,2026-04-13,2000-2026
TECH-0514-PL-general,信息技术与数字化,TECH,新兴数字职业,数字无障碍专家,Digital Accessibility Specialist,2514,15-1255.00,东欧,波兰,PL,country,general,本科,22-30,global,4.4,3.7,5.9,7.7,5.6,3.1,6.7,6.3,4.9,5.7,6.8,9.5,7.5,7.7,6.9,5.6,5.5,1.8,5.8,5.9,9.0,7.0,7.7,7.6,5.5,8.5,7.1,6.2,0.8,1.6,3.8,6.7,7.8,2.0,3,3,↑,2028-2033,6.64,波兰数字无障碍专家：远程友好度高，工作时间规律,"Poland Digital Accessibility Specialist: highly remote-friendly, regular working hours",AI综合评估 + O*NET/ILO/OECD锚点校准,2026-04-13,2026-04-13,2000-2026
TECH-0514-CZ-general,信息技术与数字化,TECH,新兴数字职业,数字无障碍专家,Digital Accessibility Specialist,2514,15-1255.00,东欧,捷克,CZ,country,general,本科,22-30,global,4.0,3.7,4.9,7.7,6.2,2.7,7.1,6.5,5.5,6.7,7.6,9.7,7.5,7.5,7.6,5.0,5.1,1.4,6.4,5.5,9.0,7.0,8.9,7.0,5.9,9.1,7.1,6.2,0.4,1.4,2.6,6.5,7.8,2.4,3,3,↑,2032-2038,6.84,捷克数字无障碍专家：远程友好度高，工作时间规律，就业稳定,"Czech Republic Digital Accessibility Specialist: highly remote-friendly, regular working hours, stable employment",AI综合评估 + O*NET/ILO/OECD锚点校准,2026-04-13,2026-04-13,2000-2026
TECH-0514-RU-general,信息技术与数字化,TECH,新兴数字职业,数字无障碍专家,Digital Accessibility Specialist,2514,15-1255.00,东欧,俄罗斯,RU,country,general,本科,22-30,global,4.4,3.8,6.1,6.4,6.2,3.7,7.1,6.5,4.9,5.7,4.8,9.2,6.7,7.0,7.1,5.8,5.1,1.4,5.8,6.1,8.7,7.0,6.4,8.0,5.3,7.9,6.5,6.5,0.2,1.0,3.6,7.7,5.6,1.8,3,3,↑,2028-2033,6.48,俄罗斯数字无障碍专家：远程友好度高,Russia Digital Accessibility Specialist: highly remote-friendly,AI综合评估 + O*NET/ILO/OECD锚点校准,2026-04-13,2026-04-13,2000-2026
TECH-0514-US-general,信息技术与数字化,TECH,新兴数字职业,数字无障碍专家,Digital Accessibility Specialist,2514,15-1255.00,北美,美国,US,country,general,本科,22-30,global,4.1,4.4,6.9,6.8,8.4,5.7,8.7,7.3,10.0,9.0,5.6,9.5,6.2,5.0,6.1,5.8,6.9,0.8,6.3,7.1,10.0,6.3,5.7,7.8,6.7,10.0,6.9,5.6,0.7,1.0,3.2,7.5,8.4,1.4,3,4,↑↑,2032-2038,7.34,美国数字无障碍专家：薪资回报高，人才需求旺盛，远程友好度高,"United States Digital Accessibility Specialist: high compensation, strong talent demand, highly remote-friendly",AI综合评估 + O*NET/ILO/OECD锚点校准,2026-04-13,2026-04-13,2000-2026
TECH-0514-CA-general,信息技术与数字化,TECH,新兴数字职业,数字无障碍专家,Digital Accessibility Specialist,2514,15-1255.00,北美,加拿大,CA,country,general,本科,22-30,global,4.0,4.1,6.5,7.6,7.2,4.3,6.9,8.1,8.2,8.5,6.6,10.0,8.5,7.5,7.4,6.2,6.1,0.8,6.4,5.9,10.0,7.0,8.4,8.4,6.1,9.4,8.1,6.0,0.5,1.0,3.2,7.1,9.2,1.2,3,4,↑↑,2032-2038,7.47,加拿大数字无障碍专家：薪资回报高，远程友好度高，工作时间规律,"Canada Digital Accessibility Specialist: high compensation, highly remote-friendly, regular working hours",AI综合评估 + O*NET/ILO/OECD锚点校准,2026-04-13,2026-04-13,2000-2026
TECH-0514-MX-general,信息技术与数字化,TECH,新兴数字职业,数字无障碍专家,Digital Accessibility Specialist,2514,15-1255.00,北美,墨西哥,MX,country,general,本科,22-30,global,3.7,4.0,4.9,6.5,6.2,4.3,5.7,6.7,2.8,5.5,5.1,9.5,7.5,6.0,5.6,5.2,5.3,1.8,6.3,4.9,9.0,7.0,5.7,7.2,5.9,6.4,6.5,6.5,0.2,0.5,4.0,7.3,6.6,2.4,3,3,↑,2032-2038,6.18,墨西哥数字无障碍专家：薪资水平偏低，远程友好度高,"Mexico Digital Accessibility Specialist: relatively low pay, highly remote-friendly",AI综合评估 + O*NET/ILO/OECD锚点校准,2026-04-13,2026-04-13,2000-2026
TECH-0514-BR-general,信息技术与数字化,TECH,新兴数字职业,数字无障碍专家,Digital Accessibility Specialist,2514,15-1255.00,南美,巴西,BR,country,general,本科,22-30,global,3.8,4.1,6.3,6.7,6.6,4.3,6.1,5.9,4.3,5.7,5.3,9.2,6.7,6.7,5.9,5.2,6.3,1.7,5.6,5.3,9.0,7.0,6.9,7.8,5.7,7.3,6.9,5.9,1.0,0.7,3.6,7.1,6.0,1.8,3,3,↑,2028-2033,6.39,巴西数字无障碍专家：薪资水平偏低，远程友好度高,"Brazil Digital Accessibility Specialist: relatively low pay, highly remote-friendly",AI综合评估 + O*NET/ILO/OECD锚点校准,2026-04-13,2026-04-13,2000-2026
TECH-0514-AR-general,信息技术与数字化,TECH,新兴数字职业,数字无障碍专家,Digital Accessibility Specialist,2514,15-1255.00,南美,阿根廷,AR,country,general,本科,22-30,global,4.3,4.1,4.9,6.5,5.0,2.1,6.3,5.9,2.5,4.7,3.6,9.5,6.5,6.2,5.1,5.4,4.5,1.5,6.1,4.5,9.0,6.0,6.9,7.8,4.7,6.4,7.3,6.3,0.5,0.7,3.8,7.5,6.8,2.4,3,3,↑,2032-2038,5.93,阿根廷数字无障碍专家：薪资水平偏低，远程友好度高，就业波动大,"Argentina Digital Accessibility Specialist: relatively low pay, highly remote-friendly, volatile employment",AI综合评估 + O*NET/ILO/OECD锚点校准,2026-04-13,2026-04-13,2000-2026
TECH-0514-CL-general,信息技术与数字化,TECH,新兴数字职业,数字无障碍专家,Digital Accessibility Specialist,2514,15-1255.00,南美,智利,CL,country,general,本科,22-30,global,3.8,3.8,4.1,7.0,5.0,1.9,6.1,5.9,4.6,5.5,5.3,9.5,7.2,6.2,5.9,4.6,4.7,1.7,6.1,5.3,8.7,5.8,6.9,6.6,5.3,6.1,7.1,5.7,0.4,0.5,4.0,7.5,6.4,2.8,3,3,↑,2032-2038,6.09,智利数字无障碍专家：远程友好度高,Chile Digital Accessibility Specialist: highly remote-friendly,AI综合评估 + O*NET/ILO/OECD锚点校准,2026-04-13,2026-04-13,2000-2026
TECH-0514-CO-general,信息技术与数字化,TECH,新兴数字职业,数字无障碍专家,Digital Accessibility Specialist,2514,15-1255.00,南美,哥伦比亚,CO,country,general,本科,22-30,global,4.3,3.7,4.7,6.2,4.6,2.3,5.3,6.7,3.1,5.2,5.3,9.7,6.7,6.0,5.1,4.8,5.1,1.5,6.0,4.1,7.5,6.5,7.2,7.4,5.1,6.4,7.1,6.0,0.4,0.7,4.0,6.3,5.6,2.6,3,3,↑,2032-2038,5.92,哥伦比亚数字无障碍专家：薪资水平偏低,Colombia Digital Accessibility Specialist: relatively low pay,AI综合评估 + O*NET/ILO/OECD锚点校准,2026-04-13,2026-04-13,2000-2026
TECH-0514-AU-general,信息技术与数字化,TECH,新兴数字职业,数字无障碍专家,Digital Accessibility Specialist,2514,15-1255.00,大洋洲,澳大利亚,AU,country,general,本科,22-30,global,4.6,4.0,5.9,8.0,6.8,3.7,7.1,8.1,7.9,7.7,7.1,10.0,8.2,9.2,7.9,6.2,5.9,1.2,6.4,6.9,10.0,7.8,8.4,7.8,6.5,9.7,7.3,5.7,0.2,1.6,3.8,7.7,8.2,2.2,3,3,↑,2032-2038,7.4,澳大利亚数字无障碍专家：远程友好度高，工作时间规律,"Australia Digital Accessibility Specialist: highly remote-friendly, regular working hours",AI综合评估 + O*NET/ILO/OECD锚点校准,2026-04-13,2026-04-13,2000-2026
TECH-0514-NZ-general,信息技术与数字化,TECH,新兴数字职业,数字无障碍专家,Digital Accessibility Specialist,2514,15-1255.00,大洋洲,新西兰,NZ,country,general,本科,22-30,global,3.7,4.1,5.5,7.3,5.4,2.3,6.7,6.1,6.7,6.7,7.3,10.0,8.5,9.0,7.4,5.4,5.3,1.4,6.3,6.5,9.3,6.8,9.7,7.0,5.9,10.0,7.5,5.9,0.4,1.4,2.8,7.3,8.0,1.6,3,3,↑,2032-2038,7.03,新西兰数字无障碍专家：远程友好度高，工作时间规律,"New Zealand Digital Accessibility Specialist: highly remote-friendly, regular working hours",AI综合评估 + O*NET/ILO/OECD锚点校准,2026-04-13,2026-04-13,2000-2026
TECH-0514-ZA-general,信息技术与数字化,TECH,新兴数字职业,数字无障碍专家,Digital Accessibility Specialist,2514,15-1255.00,非洲,南非,ZA,country,general,本科,22-30,global,3.5,3.7,4.9,6.8,5.2,2.1,6.3,5.9,4.0,4.2,5.1,9.2,6.2,6.7,6.4,5.2,5.1,1.7,5.5,4.9,8.1,6.0,6.7,7.2,5.5,6.7,7.1,5.7,0.4,0.4,3.8,7.1,7.0,2.8,3,3,↑,2028-2033,6.07,南非数字无障碍专家：薪资水平偏低,South Africa Digital Accessibility Specialist: relatively low pay,AI综合评估 + O*NET/ILO/OECD锚点校准,2026-04-13,2026-04-13,2000-2026
TECH-0514-NG-general,信息技术与数字化,TECH,新兴数字职业,数字无障碍专家,Digital Accessibility Specialist,2514,15-1255.00,非洲,尼日利亚,NG,country,general,本科,22-30,global,4.1,3.7,4.3,6.1,5.4,2.3,5.5,4.9,1.9,3.5,3.8,9.2,5.5,5.2,5.1,5.2,4.9,1.7,5.4,3.7,8.4,5.3,5.4,7.2,4.5,5.5,6.7,6.3,0.2,1.1,3.6,7.1,6.4,2.4,2,2,↑,2028-2033,5.5,尼日利亚数字无障碍专家：薪资水平偏低，就业波动大,"Nigeria Digital Accessibility Specialist: relatively low pay, volatile employment",AI综合评估 + O*NET/ILO/OECD锚点校准,2026-04-13,2026-04-13,2000-2026
TECH-0514-KE-general,信息技术与数字化,TECH,新兴数字职业,数字无障碍专家,Digital Accessibility Specialist,2514,15-1255.00,非洲,肯尼亚,KE,country,general,本科,22-30,global,3.8,4.1,4.7,7.0,4.2,2.7,6.1,4.1,1.6,3.0,4.8,9.0,6.7,5.5,5.9,5.6,5.1,2.0,5.6,4.3,7.8,6.0,5.7,7.0,4.5,6.1,7.1,5.7,0.7,0.8,3.8,6.7,6.2,2.4,2,2,↑,2028-2033,5.59,肯尼亚数字无障碍专家：薪资水平偏低,Kenya Digital Accessibility Specialist: relatively low pay,AI综合评估 + O*NET/ILO/OECD锚点校准,2026-04-13,2026-04-13,2000-2026
TECH-0514-EG-general,信息技术与数字化,TECH,新兴数字职业,数字无障碍专家,Digital Accessibility Specialist,2514,15-1255.00,非洲,埃及,EG,country,general,本科,22-30,global,3.5,4.1,4.7,6.4,5.4,2.7,4.9,4.1,2.2,3.0,5.1,9.2,6.5,6.0,5.1,5.2,4.9,2.1,5.4,4.3,7.8,5.8,6.4,7.6,5.3,4.6,6.7,5.7,0.5,1.0,3.6,6.5,5.8,2.8,2,2,↑,2028-2033,5.56,埃及数字无障碍专家：薪资水平偏低,Egypt Digital Accessibility Specialist: relatively low pay,AI综合评估 + O*NET/ILO/OECD锚点校准,2026-04-13,2026-04-13,2000-2026
